time,technology,generationMW,source
2016-10-31T23:30:00Z,Coal,2272.000,Elexon BMRS FUELHH
2016-10-31T23:30:00Z,Gas,13404.000,Elexon BMRS FUELHH
2016-10-31T23:30:00Z,Hydro,122.000,Elexon BMRS FUELHH
2016-10-31T23:30:00Z,Imports & Exports,2452.000,Elexon BMRS FUELHH
2016-10-31T23:30:00Z,Nuclear,7885.000,Elexon BMRS FUELHH
2016-10-31T23:30:00Z,Other,772.000,Elexon BMRS FUELHH
2016-10-31T23:30:00Z,Pumped Storage,-1148.000,Elexon BMRS FUELHH
2016-10-31T23:30:00Z,Wind,1195.000,Elexon BMRS FUELHH
2016-11-01T00:00:00Z,Coal,2271.000,Elexon BMRS FUELHH
2016-11-01T00:00:00Z,Gas,12225.000,Elexon BMRS FUELHH
2016-11-01T00:00:00Z,Hydro,119.000,Elexon BMRS FUELHH
2016-11-01T00:00:00Z,Imports & Exports,2968.000,Elexon BMRS FUELHH
2016-11-01T00:00:00Z,Nuclear,7878.000,Elexon BMRS FUELHH
2016-11-01T00:00:00Z,Other,823.000,Elexon BMRS FUELHH
2016-11-01T00:00:00Z,Pumped Storage,-1140.000,Elexon BMRS FUELHH
2016-11-01T00:00:00Z,Wind,1272.000,Elexon BMRS FUELHH
2016-11-01T00:30:00Z,Coal,2271.000,Elexon BMRS FUELHH
2016-11-01T00:30:00Z,Gas,12129.000,Elexon BMRS FUELHH
2016-11-01T00:30:00Z,Hydro,116.000,Elexon BMRS FUELHH
2016-11-01T00:30:00Z,Imports & Exports,2972.000,Elexon BMRS FUELHH
2016-11-01T00:30:00Z,Nuclear,7871.000,Elexon BMRS FUELHH
2016-11-01T00:30:00Z,Other,834.000,Elexon BMRS FUELHH
2016-11-01T00:30:00Z,Pumped Storage,-1138.000,Elexon BMRS FUELHH
2016-11-01T00:30:00Z,Wind,1352.000,Elexon BMRS FUELHH
2016-11-01T01:00:00Z,Coal,2268.000,Elexon BMRS FUELHH
2016-11-01T01:00:00Z,Gas,12028.000,Elexon BMRS FUELHH
2016-11-01T01:00:00Z,Hydro,92.000,Elexon BMRS FUELHH
2016-11-01T01:00:00Z,Imports & Exports,2832.000,Elexon BMRS FUELHH
2016-11-01T01:00:00Z,Nuclear,7872.000,Elexon BMRS FUELHH
2016-11-01T01:00:00Z,Other,812.000,Elexon BMRS FUELHH
2016-11-01T01:00:00Z,Pumped Storage,-1384.000,Elexon BMRS FUELHH
2016-11-01T01:00:00Z,Wind,1463.000,Elexon BMRS FUELHH
2016-11-01T01:30:00Z,Coal,2213.000,Elexon BMRS FUELHH
2016-11-01T01:30:00Z,Gas,11451.000,Elexon BMRS FUELHH
2016-11-01T01:30:00Z,Hydro,81.000,Elexon BMRS FUELHH
2016-11-01T01:30:00Z,Imports & Exports,2822.000,Elexon BMRS FUELHH
2016-11-01T01:30:00Z,Nuclear,7870.000,Elexon BMRS FUELHH
2016-11-01T01:30:00Z,Other,761.000,Elexon BMRS FUELHH
2016-11-01T01:30:00Z,Pumped Storage,-1550.000,Elexon BMRS FUELHH
2016-11-01T01:30:00Z,Wind,1554.000,Elexon BMRS FUELHH
2016-11-01T02:00:00Z,Coal,2160.000,Elexon BMRS FUELHH
2016-11-01T02:00:00Z,Gas,10485.000,Elexon BMRS FUELHH
2016-11-01T02:00:00Z,Hydro,80.000,Elexon BMRS FUELHH
2016-11-01T02:00:00Z,Imports & Exports,3292.000,Elexon BMRS FUELHH
2016-11-01T02:00:00Z,Nuclear,7872.000,Elexon BMRS FUELHH
2016-11-01T02:00:00Z,Other,761.000,Elexon BMRS FUELHH
2016-11-01T02:00:00Z,Pumped Storage,-1550.000,Elexon BMRS FUELHH
2016-11-01T02:00:00Z,Wind,1568.000,Elexon BMRS FUELHH
2016-11-01T02:30:00Z,Coal,2206.000,Elexon BMRS FUELHH
2016-11-01T02:30:00Z,Gas,10052.000,Elexon BMRS FUELHH
2016-11-01T02:30:00Z,Hydro,80.000,Elexon BMRS FUELHH
2016-11-01T02:30:00Z,Imports & Exports,3296.000,Elexon BMRS FUELHH
2016-11-01T02:30:00Z,Nuclear,7871.000,Elexon BMRS FUELHH
2016-11-01T02:30:00Z,Other,761.000,Elexon BMRS FUELHH
2016-11-01T02:30:00Z,Pumped Storage,-1652.000,Elexon BMRS FUELHH
2016-11-01T02:30:00Z,Wind,1635.000,Elexon BMRS FUELHH
2016-11-01T03:00:00Z,Coal,2221.000,Elexon BMRS FUELHH
2016-11-01T03:00:00Z,Gas,10096.000,Elexon BMRS FUELHH
2016-11-01T03:00:00Z,Hydro,79.000,Elexon BMRS FUELHH
2016-11-01T03:00:00Z,Imports & Exports,2904.000,Elexon BMRS FUELHH
2016-11-01T03:00:00Z,Nuclear,7868.000,Elexon BMRS FUELHH
2016-11-01T03:00:00Z,Other,766.000,Elexon BMRS FUELHH
2016-11-01T03:00:00Z,Pumped Storage,-1764.000,Elexon BMRS FUELHH
2016-11-01T03:00:00Z,Wind,1626.000,Elexon BMRS FUELHH
2016-11-01T03:30:00Z,Coal,2193.000,Elexon BMRS FUELHH
2016-11-01T03:30:00Z,Gas,9762.000,Elexon BMRS FUELHH
2016-11-01T03:30:00Z,Hydro,96.000,Elexon BMRS FUELHH
2016-11-01T03:30:00Z,Imports & Exports,2898.000,Elexon BMRS FUELHH
2016-11-01T03:30:00Z,Nuclear,7874.000,Elexon BMRS FUELHH
2016-11-01T03:30:00Z,Other,822.000,Elexon BMRS FUELHH
2016-11-01T03:30:00Z,Pumped Storage,-1762.000,Elexon BMRS FUELHH
2016-11-01T03:30:00Z,Wind,1604.000,Elexon BMRS FUELHH
2016-11-01T04:00:00Z,Coal,2103.000,Elexon BMRS FUELHH
2016-11-01T04:00:00Z,Gas,9634.000,Elexon BMRS FUELHH
2016-11-01T04:00:00Z,Hydro,116.000,Elexon BMRS FUELHH
2016-11-01T04:00:00Z,Imports & Exports,2900.000,Elexon BMRS FUELHH
2016-11-01T04:00:00Z,Nuclear,7872.000,Elexon BMRS FUELHH
2016-11-01T04:00:00Z,Other,822.000,Elexon BMRS FUELHH
2016-11-01T04:00:00Z,Pumped Storage,-1762.000,Elexon BMRS FUELHH
2016-11-01T04:00:00Z,Wind,1762.000,Elexon BMRS FUELHH
2016-11-01T04:30:00Z,Coal,2157.000,Elexon BMRS FUELHH
2016-11-01T04:30:00Z,Gas,9894.000,Elexon BMRS FUELHH
2016-11-01T04:30:00Z,Hydro,117.000,Elexon BMRS FUELHH
2016-11-01T04:30:00Z,Imports & Exports,2890.000,Elexon BMRS FUELHH
2016-11-01T04:30:00Z,Nuclear,7868.000,Elexon BMRS FUELHH
2016-11-01T04:30:00Z,Other,816.000,Elexon BMRS FUELHH
2016-11-01T04:30:00Z,Pumped Storage,-1740.000,Elexon BMRS FUELHH
2016-11-01T04:30:00Z,Wind,1733.000,Elexon BMRS FUELHH
2016-11-01T05:00:00Z,Coal,2163.000,Elexon BMRS FUELHH
2016-11-01T05:00:00Z,Gas,10513.000,Elexon BMRS FUELHH
2016-11-01T05:00:00Z,Hydro,115.000,Elexon BMRS FUELHH
2016-11-01T05:00:00Z,Imports & Exports,2952.000,Elexon BMRS FUELHH
2016-11-01T05:00:00Z,Nuclear,7870.000,Elexon BMRS FUELHH
2016-11-01T05:00:00Z,Other,816.000,Elexon BMRS FUELHH
2016-11-01T05:00:00Z,Pumped Storage,-1480.000,Elexon BMRS FUELHH
2016-11-01T05:00:00Z,Wind,1662.000,Elexon BMRS FUELHH
2016-11-01T05:30:00Z,Coal,2223.000,Elexon BMRS FUELHH
2016-11-01T05:30:00Z,Gas,11945.000,Elexon BMRS FUELHH
2016-11-01T05:30:00Z,Hydro,114.000,Elexon BMRS FUELHH
2016-11-01T05:30:00Z,Imports & Exports,2958.000,Elexon BMRS FUELHH
2016-11-01T05:30:00Z,Nuclear,7873.000,Elexon BMRS FUELHH
2016-11-01T05:30:00Z,Other,821.000,Elexon BMRS FUELHH
2016-11-01T05:30:00Z,Pumped Storage,-1322.000,Elexon BMRS FUELHH
2016-11-01T05:30:00Z,Wind,1609.000,Elexon BMRS FUELHH
2016-11-01T06:00:00Z,Coal,2226.000,Elexon BMRS FUELHH
2016-11-01T06:00:00Z,Gas,14571.000,Elexon BMRS FUELHH
2016-11-01T06:00:00Z,Hydro,106.000,Elexon BMRS FUELHH
2016-11-01T06:00:00Z,Imports & Exports,3270.000,Elexon BMRS FUELHH
2016-11-01T06:00:00Z,Nuclear,7869.000,Elexon BMRS FUELHH
2016-11-01T06:00:00Z,Other,824.000,Elexon BMRS FUELHH
2016-11-01T06:00:00Z,Pumped Storage,-814.000,Elexon BMRS FUELHH
2016-11-01T06:00:00Z,Wind,1644.000,Elexon BMRS FUELHH
2016-11-01T06:30:00Z,Coal,2278.000,Elexon BMRS FUELHH
2016-11-01T06:30:00Z,Gas,17004.000,Elexon BMRS FUELHH
2016-11-01T06:30:00Z,Hydro,114.000,Elexon BMRS FUELHH
2016-11-01T06:30:00Z,Imports & Exports,3266.000,Elexon BMRS FUELHH
2016-11-01T06:30:00Z,Nuclear,7871.000,Elexon BMRS FUELHH
2016-11-01T06:30:00Z,Other,825.000,Elexon BMRS FUELHH
2016-11-01T06:30:00Z,Pumped Storage,108.000,Elexon BMRS FUELHH
2016-11-01T06:30:00Z,Wind,1594.000,Elexon BMRS FUELHH
2016-11-01T07:00:00Z,Coal,2579.000,Elexon BMRS FUELHH
2016-11-01T07:00:00Z,Gas,19345.000,Elexon BMRS FUELHH
2016-11-01T07:00:00Z,Hydro,194.000,Elexon BMRS FUELHH
2016-11-01T07:00:00Z,Imports & Exports,3296.000,Elexon BMRS FUELHH
2016-11-01T07:00:00Z,Nuclear,7870.000,Elexon BMRS FUELHH
2016-11-01T07:00:00Z,Other,826.000,Elexon BMRS FUELHH
2016-11-01T07:00:00Z,Pumped Storage,382.000,Elexon BMRS FUELHH
2016-11-01T07:00:00Z,Wind,1647.000,Elexon BMRS FUELHH
2016-11-01T07:30:00Z,Coal,2848.000,Elexon BMRS FUELHH
2016-11-01T07:30:00Z,Gas,20268.000,Elexon BMRS FUELHH
2016-11-01T07:30:00Z,Hydro,198.000,Elexon BMRS FUELHH
2016-11-01T07:30:00Z,Imports & Exports,3260.000,Elexon BMRS FUELHH
2016-11-01T07:30:00Z,Nuclear,7881.000,Elexon BMRS FUELHH
2016-11-01T07:30:00Z,Other,825.000,Elexon BMRS FUELHH
2016-11-01T07:30:00Z,Pumped Storage,396.000,Elexon BMRS FUELHH
2016-11-01T07:30:00Z,Wind,1810.000,Elexon BMRS FUELHH
2016-11-01T08:00:00Z,Coal,3169.000,Elexon BMRS FUELHH
2016-11-01T08:00:00Z,Gas,20611.000,Elexon BMRS FUELHH
2016-11-01T08:00:00Z,Hydro,197.000,Elexon BMRS FUELHH
2016-11-01T08:00:00Z,Imports & Exports,3264.000,Elexon BMRS FUELHH
2016-11-01T08:00:00Z,Nuclear,7874.000,Elexon BMRS FUELHH
2016-11-01T08:00:00Z,Other,822.000,Elexon BMRS FUELHH
2016-11-01T08:00:00Z,Pumped Storage,372.000,Elexon BMRS FUELHH
2016-11-01T08:00:00Z,Wind,1933.000,Elexon BMRS FUELHH
2016-11-01T08:30:00Z,Coal,3152.000,Elexon BMRS FUELHH
2016-11-01T08:30:00Z,Gas,20729.000,Elexon BMRS FUELHH
2016-11-01T08:30:00Z,Hydro,194.000,Elexon BMRS FUELHH
2016-11-01T08:30:00Z,Imports & Exports,2772.000,Elexon BMRS FUELHH
2016-11-01T08:30:00Z,Nuclear,7874.000,Elexon BMRS FUELHH
2016-11-01T08:30:00Z,Other,820.000,Elexon BMRS FUELHH
2016-11-01T08:30:00Z,Pumped Storage,614.000,Elexon BMRS FUELHH
2016-11-01T08:30:00Z,Wind,2007.000,Elexon BMRS FUELHH
2016-11-01T09:00:00Z,Coal,3221.000,Elexon BMRS FUELHH
2016-11-01T09:00:00Z,Gas,21657.000,Elexon BMRS FUELHH
2016-11-01T09:00:00Z,Hydro,151.000,Elexon BMRS FUELHH
2016-11-01T09:00:00Z,Imports & Exports,2268.000,Elexon BMRS FUELHH
2016-11-01T09:00:00Z,Nuclear,7873.000,Elexon BMRS FUELHH
2016-11-01T09:00:00Z,Other,822.000,Elexon BMRS FUELHH
2016-11-01T09:00:00Z,Pumped Storage,504.000,Elexon BMRS FUELHH
2016-11-01T09:00:00Z,Wind,1990.000,Elexon BMRS FUELHH
2016-11-01T09:30:00Z,Coal,3306.000,Elexon BMRS FUELHH
2016-11-01T09:30:00Z,Gas,21226.000,Elexon BMRS FUELHH
2016-11-01T09:30:00Z,Hydro,151.000,Elexon BMRS FUELHH
2016-11-01T09:30:00Z,Imports & Exports,2634.000,Elexon BMRS FUELHH
2016-11-01T09:30:00Z,Nuclear,7877.000,Elexon BMRS FUELHH
2016-11-01T09:30:00Z,Other,810.000,Elexon BMRS FUELHH
2016-11-01T09:30:00Z,Pumped Storage,476.000,Elexon BMRS FUELHH
2016-11-01T09:30:00Z,Wind,1933.000,Elexon BMRS FUELHH
2016-11-01T10:00:00Z,Coal,3339.000,Elexon BMRS FUELHH
2016-11-01T10:00:00Z,Gas,21109.000,Elexon BMRS FUELHH
2016-11-01T10:00:00Z,Hydro,152.000,Elexon BMRS FUELHH
2016-11-01T10:00:00Z,Imports & Exports,2694.000,Elexon BMRS FUELHH
2016-11-01T10:00:00Z,Nuclear,7881.000,Elexon BMRS FUELHH
2016-11-01T10:00:00Z,Other,811.000,Elexon BMRS FUELHH
2016-11-01T10:00:00Z,Pumped Storage,346.000,Elexon BMRS FUELHH
2016-11-01T10:00:00Z,Wind,2037.000,Elexon BMRS FUELHH
2016-11-01T10:30:00Z,Coal,3272.000,Elexon BMRS FUELHH
2016-11-01T10:30:00Z,Gas,21162.000,Elexon BMRS FUELHH
2016-11-01T10:30:00Z,Hydro,161.000,Elexon BMRS FUELHH
2016-11-01T10:30:00Z,Imports & Exports,2588.000,Elexon BMRS FUELHH
2016-11-01T10:30:00Z,Nuclear,7879.000,Elexon BMRS FUELHH
2016-11-01T10:30:00Z,Other,816.000,Elexon BMRS FUELHH
2016-11-01T10:30:00Z,Pumped Storage,338.000,Elexon BMRS FUELHH
2016-11-01T10:30:00Z,Wind,2153.000,Elexon BMRS FUELHH
2016-11-01T11:00:00Z,Coal,3305.000,Elexon BMRS FUELHH
2016-11-01T11:00:00Z,Gas,21170.000,Elexon BMRS FUELHH
2016-11-01T11:00:00Z,Hydro,152.000,Elexon BMRS FUELHH
2016-11-01T11:00:00Z,Imports & Exports,2572.000,Elexon BMRS FUELHH
2016-11-01T11:00:00Z,Nuclear,7877.000,Elexon BMRS FUELHH
2016-11-01T11:00:00Z,Other,819.000,Elexon BMRS FUELHH
2016-11-01T11:00:00Z,Pumped Storage,420.000,Elexon BMRS FUELHH
2016-11-01T11:00:00Z,Wind,2178.000,Elexon BMRS FUELHH
2016-11-01T11:30:00Z,Coal,3412.000,Elexon BMRS FUELHH
2016-11-01T11:30:00Z,Gas,21295.000,Elexon BMRS FUELHH
2016-11-01T11:30:00Z,Hydro,150.000,Elexon BMRS FUELHH
2016-11-01T11:30:00Z,Imports & Exports,2554.000,Elexon BMRS FUELHH
2016-11-01T11:30:00Z,Nuclear,7868.000,Elexon BMRS FUELHH
2016-11-01T11:30:00Z,Other,821.000,Elexon BMRS FUELHH
2016-11-01T11:30:00Z,Pumped Storage,388.000,Elexon BMRS FUELHH
2016-11-01T11:30:00Z,Wind,2115.000,Elexon BMRS FUELHH
2016-11-01T12:00:00Z,Coal,3667.000,Elexon BMRS FUELHH
2016-11-01T12:00:00Z,Gas,21104.000,Elexon BMRS FUELHH
2016-11-01T12:00:00Z,Hydro,152.000,Elexon BMRS FUELHH
2016-11-01T12:00:00Z,Imports & Exports,2564.000,Elexon BMRS FUELHH
2016-11-01T12:00:00Z,Nuclear,7870.000,Elexon BMRS FUELHH
2016-11-01T12:00:00Z,Other,821.000,Elexon BMRS FUELHH
2016-11-01T12:00:00Z,Pumped Storage,364.000,Elexon BMRS FUELHH
2016-11-01T12:00:00Z,Wind,2213.000,Elexon BMRS FUELHH
2016-11-01T12:30:00Z,Coal,3728.000,Elexon BMRS FUELHH
2016-11-01T12:30:00Z,Gas,20781.000,Elexon BMRS FUELHH
2016-11-01T12:30:00Z,Hydro,161.000,Elexon BMRS FUELHH
2016-11-01T12:30:00Z,Imports & Exports,2538.000,Elexon BMRS FUELHH
2016-11-01T12:30:00Z,Nuclear,7870.000,Elexon BMRS FUELHH
2016-11-01T12:30:00Z,Other,821.000,Elexon BMRS FUELHH
2016-11-01T12:30:00Z,Pumped Storage,342.000,Elexon BMRS FUELHH
2016-11-01T12:30:00Z,Wind,2360.000,Elexon BMRS FUELHH
2016-11-01T13:00:00Z,Coal,3572.000,Elexon BMRS FUELHH
2016-11-01T13:00:00Z,Gas,20546.000,Elexon BMRS FUELHH
2016-11-01T13:00:00Z,Hydro,203.000,Elexon BMRS FUELHH
2016-11-01T13:00:00Z,Imports & Exports,2526.000,Elexon BMRS FUELHH
2016-11-01T13:00:00Z,Nuclear,7875.000,Elexon BMRS FUELHH
2016-11-01T13:00:00Z,Other,822.000,Elexon BMRS FUELHH
2016-11-01T13:00:00Z,Pumped Storage,332.000,Elexon BMRS FUELHH
2016-11-01T13:00:00Z,Wind,2624.000,Elexon BMRS FUELHH
2016-11-01T13:30:00Z,Coal,3554.000,Elexon BMRS FUELHH
2016-11-01T13:30:00Z,Gas,20275.000,Elexon BMRS FUELHH
2016-11-01T13:30:00Z,Hydro,205.000,Elexon BMRS FUELHH
2016-11-01T13:30:00Z,Imports & Exports,2584.000,Elexon BMRS FUELHH
2016-11-01T13:30:00Z,Nuclear,7875.000,Elexon BMRS FUELHH
2016-11-01T13:30:00Z,Other,814.000,Elexon BMRS FUELHH
2016-11-01T13:30:00Z,Pumped Storage,372.000,Elexon BMRS FUELHH
2016-11-01T13:30:00Z,Wind,2813.000,Elexon BMRS FUELHH
2016-11-01T14:00:00Z,Coal,3601.000,Elexon BMRS FUELHH
2016-11-01T14:00:00Z,Gas,20397.000,Elexon BMRS FUELHH
2016-11-01T14:00:00Z,Hydro,206.000,Elexon BMRS FUELHH
2016-11-01T14:00:00Z,Imports & Exports,2586.000,Elexon BMRS FUELHH
2016-11-01T14:00:00Z,Nuclear,7874.000,Elexon BMRS FUELHH
2016-11-01T14:00:00Z,Other,817.000,Elexon BMRS FUELHH
2016-11-01T14:00:00Z,Pumped Storage,440.000,Elexon BMRS FUELHH
2016-11-01T14:00:00Z,Wind,2831.000,Elexon BMRS FUELHH
2016-11-01T14:30:00Z,Coal,3780.000,Elexon BMRS FUELHH
2016-11-01T14:30:00Z,Gas,20314.000,Elexon BMRS FUELHH
2016-11-01T14:30:00Z,Hydro,211.000,Elexon BMRS FUELHH
2016-11-01T14:30:00Z,Imports & Exports,2592.000,Elexon BMRS FUELHH
2016-11-01T14:30:00Z,Nuclear,7870.000,Elexon BMRS FUELHH
2016-11-01T14:30:00Z,Other,819.000,Elexon BMRS FUELHH
2016-11-01T14:30:00Z,Pumped Storage,354.000,Elexon BMRS FUELHH
2016-11-01T14:30:00Z,Wind,2909.000,Elexon BMRS FUELHH
2016-11-01T15:00:00Z,Coal,4007.000,Elexon BMRS FUELHH
2016-11-01T15:00:00Z,Gas,19985.000,Elexon BMRS FUELHH
2016-11-01T15:00:00Z,Hydro,256.000,Elexon BMRS FUELHH
2016-11-01T15:00:00Z,Imports & Exports,2686.000,Elexon BMRS FUELHH
2016-11-01T15:00:00Z,Nuclear,7874.000,Elexon BMRS FUELHH
2016-11-01T15:00:00Z,Other,819.000,Elexon BMRS FUELHH
2016-11-01T15:00:00Z,Pumped Storage,372.000,Elexon BMRS FUELHH
2016-11-01T15:00:00Z,Wind,3014.000,Elexon BMRS FUELHH
2016-11-01T15:30:00Z,Coal,4369.000,Elexon BMRS FUELHH
2016-11-01T15:30:00Z,Gas,20646.000,Elexon BMRS FUELHH
2016-11-01T15:30:00Z,Hydro,256.000,Elexon BMRS FUELHH
2016-11-01T15:30:00Z,Imports & Exports,2698.000,Elexon BMRS FUELHH
2016-11-01T15:30:00Z,Nuclear,7875.000,Elexon BMRS FUELHH
2016-11-01T15:30:00Z,Other,799.000,Elexon BMRS FUELHH
2016-11-01T15:30:00Z,Pumped Storage,392.000,Elexon BMRS FUELHH
2016-11-01T15:30:00Z,Wind,2992.000,Elexon BMRS FUELHH
2016-11-01T16:00:00Z,Coal,5286.000,Elexon BMRS FUELHH
2016-11-01T16:00:00Z,Gas,21301.000,Elexon BMRS FUELHH
2016-11-01T16:00:00Z,Hydro,280.000,Elexon BMRS FUELHH
2016-11-01T16:00:00Z,Imports & Exports,2796.000,Elexon BMRS FUELHH
2016-11-01T16:00:00Z,Nuclear,7880.000,Elexon BMRS FUELHH
2016-11-01T16:00:00Z,Other,817.000,Elexon BMRS FUELHH
2016-11-01T16:00:00Z,Pumped Storage,330.000,Elexon BMRS FUELHH
2016-11-01T16:00:00Z,Wind,2955.000,Elexon BMRS FUELHH
2016-11-01T16:30:00Z,Coal,6032.000,Elexon BMRS FUELHH
2016-11-01T16:30:00Z,Gas,22470.000,Elexon BMRS FUELHH
2016-11-01T16:30:00Z,Hydro,397.000,Elexon BMRS FUELHH
2016-11-01T16:30:00Z,Imports & Exports,2916.000,Elexon BMRS FUELHH
2016-11-01T16:30:00Z,Nuclear,7878.000,Elexon BMRS FUELHH
2016-11-01T16:30:00Z,Other,819.000,Elexon BMRS FUELHH
2016-11-01T16:30:00Z,Pumped Storage,460.000,Elexon BMRS FUELHH
2016-11-01T16:30:00Z,Wind,3017.000,Elexon BMRS FUELHH
2016-11-01T17:00:00Z,Coal,6454.000,Elexon BMRS FUELHH
2016-11-01T17:00:00Z,Gas,23423.000,Elexon BMRS FUELHH
2016-11-01T17:00:00Z,Hydro,555.000,Elexon BMRS FUELHH
2016-11-01T17:00:00Z,Imports & Exports,3042.000,Elexon BMRS FUELHH
2016-11-01T17:00:00Z,Nuclear,7874.000,Elexon BMRS FUELHH
2016-11-01T17:00:00Z,Other,823.000,Elexon BMRS FUELHH
2016-11-01T17:00:00Z,Pumped Storage,676.000,Elexon BMRS FUELHH
2016-11-01T17:00:00Z,Wind,3144.000,Elexon BMRS FUELHH
2016-11-01T17:30:00Z,Coal,6666.000,Elexon BMRS FUELHH
2016-11-01T17:30:00Z,Gas,23379.000,Elexon BMRS FUELHH
2016-11-01T17:30:00Z,Hydro,571.000,Elexon BMRS FUELHH
2016-11-01T17:30:00Z,Imports & Exports,2864.000,Elexon BMRS FUELHH
2016-11-01T17:30:00Z,Nuclear,7889.000,Elexon BMRS FUELHH
2016-11-01T17:30:00Z,Other,816.000,Elexon BMRS FUELHH
2016-11-01T17:30:00Z,Pumped Storage,664.000,Elexon BMRS FUELHH
2016-11-01T17:30:00Z,Wind,3087.000,Elexon BMRS FUELHH
2016-11-01T18:00:00Z,Coal,6711.000,Elexon BMRS FUELHH
2016-11-01T18:00:00Z,Gas,23260.000,Elexon BMRS FUELHH
2016-11-01T18:00:00Z,Hydro,570.000,Elexon BMRS FUELHH
2016-11-01T18:00:00Z,Imports & Exports,2730.000,Elexon BMRS FUELHH
2016-11-01T18:00:00Z,Nuclear,7894.000,Elexon BMRS FUELHH
2016-11-01T18:00:00Z,Other,815.000,Elexon BMRS FUELHH
2016-11-01T18:00:00Z,Pumped Storage,562.000,Elexon BMRS FUELHH
2016-11-01T18:00:00Z,Wind,3007.000,Elexon BMRS FUELHH
2016-11-01T18:30:00Z,Coal,6449.000,Elexon BMRS FUELHH
2016-11-01T18:30:00Z,Gas,23069.000,Elexon BMRS FUELHH
2016-11-01T18:30:00Z,Hydro,546.000,Elexon BMRS FUELHH
2016-11-01T18:30:00Z,Imports & Exports,2678.000,Elexon BMRS FUELHH
2016-11-01T18:30:00Z,Nuclear,7896.000,Elexon BMRS FUELHH
2016-11-01T18:30:00Z,Other,824.000,Elexon BMRS FUELHH
2016-11-01T18:30:00Z,Pumped Storage,334.000,Elexon BMRS FUELHH
2016-11-01T18:30:00Z,Wind,2981.000,Elexon BMRS FUELHH
2016-11-01T19:00:00Z,Coal,5804.000,Elexon BMRS FUELHH
2016-11-01T19:00:00Z,Gas,22896.000,Elexon BMRS FUELHH
2016-11-01T19:00:00Z,Hydro,325.000,Elexon BMRS FUELHH
2016-11-01T19:00:00Z,Imports & Exports,2644.000,Elexon BMRS FUELHH
2016-11-01T19:00:00Z,Nuclear,7889.000,Elexon BMRS FUELHH
2016-11-01T19:00:00Z,Other,822.000,Elexon BMRS FUELHH
2016-11-01T19:00:00Z,Pumped Storage,374.000,Elexon BMRS FUELHH
2016-11-01T19:00:00Z,Wind,3029.000,Elexon BMRS FUELHH
2016-11-01T19:30:00Z,Coal,5321.000,Elexon BMRS FUELHH
2016-11-01T19:30:00Z,Gas,22338.000,Elexon BMRS FUELHH
2016-11-01T19:30:00Z,Hydro,306.000,Elexon BMRS FUELHH
2016-11-01T19:30:00Z,Imports & Exports,2496.000,Elexon BMRS FUELHH
2016-11-01T19:30:00Z,Nuclear,7887.000,Elexon BMRS FUELHH
2016-11-01T19:30:00Z,Other,819.000,Elexon BMRS FUELHH
2016-11-01T19:30:00Z,Pumped Storage,370.000,Elexon BMRS FUELHH
2016-11-01T19:30:00Z,Wind,2937.000,Elexon BMRS FUELHH
2016-11-01T20:00:00Z,Coal,5151.000,Elexon BMRS FUELHH
2016-11-01T20:00:00Z,Gas,22457.000,Elexon BMRS FUELHH
2016-11-01T20:00:00Z,Hydro,266.000,Elexon BMRS FUELHH
2016-11-01T20:00:00Z,Imports & Exports,914.000,Elexon BMRS FUELHH
2016-11-01T20:00:00Z,Nuclear,7886.000,Elexon BMRS FUELHH
2016-11-01T20:00:00Z,Other,826.000,Elexon BMRS FUELHH
2016-11-01T20:00:00Z,Pumped Storage,342.000,Elexon BMRS FUELHH
2016-11-01T20:00:00Z,Wind,2924.000,Elexon BMRS FUELHH
2016-11-01T20:30:00Z,Coal,4506.000,Elexon BMRS FUELHH
2016-11-01T20:30:00Z,Gas,21738.000,Elexon BMRS FUELHH
2016-11-01T20:30:00Z,Hydro,202.000,Elexon BMRS FUELHH
2016-11-01T20:30:00Z,Imports & Exports,740.000,Elexon BMRS FUELHH
2016-11-01T20:30:00Z,Nuclear,7883.000,Elexon BMRS FUELHH
2016-11-01T20:30:00Z,Other,827.000,Elexon BMRS FUELHH
2016-11-01T20:30:00Z,Pumped Storage,400.000,Elexon BMRS FUELHH
2016-11-01T20:30:00Z,Wind,2806.000,Elexon BMRS FUELHH
2016-11-01T21:00:00Z,Coal,3797.000,Elexon BMRS FUELHH
2016-11-01T21:00:00Z,Gas,21459.000,Elexon BMRS FUELHH
2016-11-01T21:00:00Z,Hydro,122.000,Elexon BMRS FUELHH
2016-11-01T21:00:00Z,Imports & Exports,-324.000,Elexon BMRS FUELHH
2016-11-01T21:00:00Z,Nuclear,7875.000,Elexon BMRS FUELHH
2016-11-01T21:00:00Z,Other,823.000,Elexon BMRS FUELHH
2016-11-01T21:00:00Z,Pumped Storage,334.000,Elexon BMRS FUELHH
2016-11-01T21:00:00Z,Wind,3018.000,Elexon BMRS FUELHH
2016-11-01T21:30:00Z,Coal,3314.000,Elexon BMRS FUELHH
2016-11-01T21:30:00Z,Gas,19585.000,Elexon BMRS FUELHH
2016-11-01T21:30:00Z,Hydro,114.000,Elexon BMRS FUELHH
2016-11-01T21:30:00Z,Imports & Exports,-288.000,Elexon BMRS FUELHH
2016-11-01T21:30:00Z,Nuclear,7867.000,Elexon BMRS FUELHH
2016-11-01T21:30:00Z,Other,826.000,Elexon BMRS FUELHH
2016-11-01T21:30:00Z,Pumped Storage,334.000,Elexon BMRS FUELHH
2016-11-01T21:30:00Z,Wind,3146.000,Elexon BMRS FUELHH
2016-11-01T22:00:00Z,Coal,2814.000,Elexon BMRS FUELHH
2016-11-01T22:00:00Z,Gas,18511.000,Elexon BMRS FUELHH
2016-11-01T22:00:00Z,Hydro,113.000,Elexon BMRS FUELHH
2016-11-01T22:00:00Z,Imports & Exports,-1108.000,Elexon BMRS FUELHH
2016-11-01T22:00:00Z,Nuclear,7874.000,Elexon BMRS FUELHH
2016-11-01T22:00:00Z,Other,827.000,Elexon BMRS FUELHH
2016-11-01T22:00:00Z,Pumped Storage,340.000,Elexon BMRS FUELHH
2016-11-01T22:00:00Z,Wind,3260.000,Elexon BMRS FUELHH
2016-11-01T22:30:00Z,Coal,2714.000,Elexon BMRS FUELHH
2016-11-01T22:30:00Z,Gas,16417.000,Elexon BMRS FUELHH
2016-11-01T22:30:00Z,Hydro,112.000,Elexon BMRS FUELHH
2016-11-01T22:30:00Z,Imports & Exports,-922.000,Elexon BMRS FUELHH
2016-11-01T22:30:00Z,Nuclear,7869.000,Elexon BMRS FUELHH
2016-11-01T22:30:00Z,Other,824.000,Elexon BMRS FUELHH
2016-11-01T22:30:00Z,Pumped Storage,328.000,Elexon BMRS FUELHH
2016-11-01T22:30:00Z,Wind,3368.000,Elexon BMRS FUELHH
2016-11-01T23:00:00Z,Coal,2443.000,Elexon BMRS FUELHH
2016-11-01T23:00:00Z,Gas,14364.000,Elexon BMRS FUELHH
2016-11-01T23:00:00Z,Hydro,105.000,Elexon BMRS FUELHH
2016-11-01T23:00:00Z,Imports & Exports,96.000,Elexon BMRS FUELHH
2016-11-01T23:00:00Z,Nuclear,7868.000,Elexon BMRS FUELHH
2016-11-01T23:00:00Z,Other,824.000,Elexon BMRS FUELHH
2016-11-01T23:00:00Z,Pumped Storage,-536.000,Elexon BMRS FUELHH
2016-11-01T23:00:00Z,Wind,3313.000,Elexon BMRS FUELHH
2016-11-01T23:30:00Z,Coal,2317.000,Elexon BMRS FUELHH
2016-11-01T23:30:00Z,Gas,13534.000,Elexon BMRS FUELHH
2016-11-01T23:30:00Z,Hydro,102.000,Elexon BMRS FUELHH
2016-11-01T23:30:00Z,Imports & Exports,144.000,Elexon BMRS FUELHH
2016-11-01T23:30:00Z,Nuclear,7860.000,Elexon BMRS FUELHH
2016-11-01T23:30:00Z,Other,821.000,Elexon BMRS FUELHH
2016-11-01T23:30:00Z,Pumped Storage,-1174.000,Elexon BMRS FUELHH
2016-11-01T23:30:00Z,Wind,3373.000,Elexon BMRS FUELHH
2016-11-02T00:00:00Z,Coal,2315.000,Elexon BMRS FUELHH
2016-11-02T00:00:00Z,Gas,13063.000,Elexon BMRS FUELHH
2016-11-02T00:00:00Z,Hydro,92.000,Elexon BMRS FUELHH
2016-11-02T00:00:00Z,Imports & Exports,30.000,Elexon BMRS FUELHH
2016-11-02T00:00:00Z,Nuclear,7858.000,Elexon BMRS FUELHH
2016-11-02T00:00:00Z,Other,820.000,Elexon BMRS FUELHH
2016-11-02T00:00:00Z,Pumped Storage,-1214.000,Elexon BMRS FUELHH
2016-11-02T00:00:00Z,Wind,3494.000,Elexon BMRS FUELHH
2016-11-02T00:30:00Z,Coal,2297.000,Elexon BMRS FUELHH
2016-11-02T00:30:00Z,Gas,12902.000,Elexon BMRS FUELHH
2016-11-02T00:30:00Z,Hydro,83.000,Elexon BMRS FUELHH
2016-11-02T00:30:00Z,Imports & Exports,0.000,Elexon BMRS FUELHH
2016-11-02T00:30:00Z,Nuclear,7862.000,Elexon BMRS FUELHH
2016-11-02T00:30:00Z,Other,821.000,Elexon BMRS FUELHH
2016-11-02T00:30:00Z,Pumped Storage,-1334.000,Elexon BMRS FUELHH
2016-11-02T00:30:00Z,Wind,3744.000,Elexon BMRS FUELHH
2016-11-02T01:00:00Z,Coal,2178.000,Elexon BMRS FUELHH
2016-11-02T01:00:00Z,Gas,12227.000,Elexon BMRS FUELHH
2016-11-02T01:00:00Z,Hydro,81.000,Elexon BMRS FUELHH
2016-11-02T01:00:00Z,Imports & Exports,190.000,Elexon BMRS FUELHH
2016-11-02T01:00:00Z,Nuclear,7858.000,Elexon BMRS FUELHH
2016-11-02T01:00:00Z,Other,823.000,Elexon BMRS FUELHH
2016-11-02T01:00:00Z,Pumped Storage,-1356.000,Elexon BMRS FUELHH
2016-11-02T01:00:00Z,Wind,3896.000,Elexon BMRS FUELHH
2016-11-02T01:30:00Z,Coal,2136.000,Elexon BMRS FUELHH
2016-11-02T01:30:00Z,Gas,11644.000,Elexon BMRS FUELHH
2016-11-02T01:30:00Z,Hydro,78.000,Elexon BMRS FUELHH
2016-11-02T01:30:00Z,Imports & Exports,190.000,Elexon BMRS FUELHH
2016-11-02T01:30:00Z,Nuclear,7861.000,Elexon BMRS FUELHH
2016-11-02T01:30:00Z,Other,822.000,Elexon BMRS FUELHH
2016-11-02T01:30:00Z,Pumped Storage,-1506.000,Elexon BMRS FUELHH
2016-11-02T01:30:00Z,Wind,3944.000,Elexon BMRS FUELHH
2016-11-02T02:00:00Z,Coal,2110.000,Elexon BMRS FUELHH
2016-11-02T02:00:00Z,Gas,11254.000,Elexon BMRS FUELHH
2016-11-02T02:00:00Z,Hydro,78.000,Elexon BMRS FUELHH
2016-11-02T02:00:00Z,Imports & Exports,114.000,Elexon BMRS FUELHH
2016-11-02T02:00:00Z,Nuclear,7864.000,Elexon BMRS FUELHH
2016-11-02T02:00:00Z,Other,818.000,Elexon BMRS FUELHH
2016-11-02T02:00:00Z,Pumped Storage,-1628.000,Elexon BMRS FUELHH
2016-11-02T02:00:00Z,Wind,4054.000,Elexon BMRS FUELHH
2016-11-02T02:30:00Z,Coal,1993.000,Elexon BMRS FUELHH
2016-11-02T02:30:00Z,Gas,11120.000,Elexon BMRS FUELHH
2016-11-02T02:30:00Z,Hydro,77.000,Elexon BMRS FUELHH
2016-11-02T02:30:00Z,Imports & Exports,176.000,Elexon BMRS FUELHH
2016-11-02T02:30:00Z,Nuclear,7865.000,Elexon BMRS FUELHH
2016-11-02T02:30:00Z,Other,816.000,Elexon BMRS FUELHH
2016-11-02T02:30:00Z,Pumped Storage,-1758.000,Elexon BMRS FUELHH
2016-11-02T02:30:00Z,Wind,4110.000,Elexon BMRS FUELHH
2016-11-02T03:00:00Z,Coal,2194.000,Elexon BMRS FUELHH
2016-11-02T03:00:00Z,Gas,11768.000,Elexon BMRS FUELHH
2016-11-02T03:00:00Z,Hydro,77.000,Elexon BMRS FUELHH
2016-11-02T03:00:00Z,Imports & Exports,-1098.000,Elexon BMRS FUELHH
2016-11-02T03:00:00Z,Nuclear,7866.000,Elexon BMRS FUELHH
2016-11-02T03:00:00Z,Other,811.000,Elexon BMRS FUELHH
2016-11-02T03:00:00Z,Pumped Storage,-1752.000,Elexon BMRS FUELHH
2016-11-02T03:00:00Z,Wind,4211.000,Elexon BMRS FUELHH
2016-11-02T03:30:00Z,Coal,2146.000,Elexon BMRS FUELHH
2016-11-02T03:30:00Z,Gas,11687.000,Elexon BMRS FUELHH
2016-11-02T03:30:00Z,Hydro,77.000,Elexon BMRS FUELHH
2016-11-02T03:30:00Z,Imports & Exports,-1274.000,Elexon BMRS FUELHH
2016-11-02T03:30:00Z,Nuclear,7866.000,Elexon BMRS FUELHH
2016-11-02T03:30:00Z,Other,799.000,Elexon BMRS FUELHH
2016-11-02T03:30:00Z,Pumped Storage,-1752.000,Elexon BMRS FUELHH
2016-11-02T03:30:00Z,Wind,4216.000,Elexon BMRS FUELHH
2016-11-02T04:00:00Z,Coal,2131.000,Elexon BMRS FUELHH
2016-11-02T04:00:00Z,Gas,12146.000,Elexon BMRS FUELHH
2016-11-02T04:00:00Z,Hydro,77.000,Elexon BMRS FUELHH
2016-11-02T04:00:00Z,Imports & Exports,-1540.000,Elexon BMRS FUELHH
2016-11-02T04:00:00Z,Nuclear,7863.000,Elexon BMRS FUELHH
2016-11-02T04:00:00Z,Other,789.000,Elexon BMRS FUELHH
2016-11-02T04:00:00Z,Pumped Storage,-1702.000,Elexon BMRS FUELHH
2016-11-02T04:00:00Z,Wind,3987.000,Elexon BMRS FUELHH
2016-11-02T04:30:00Z,Coal,2130.000,Elexon BMRS FUELHH
2016-11-02T04:30:00Z,Gas,12409.000,Elexon BMRS FUELHH
2016-11-02T04:30:00Z,Hydro,76.000,Elexon BMRS FUELHH
2016-11-02T04:30:00Z,Imports & Exports,-1428.000,Elexon BMRS FUELHH
2016-11-02T04:30:00Z,Nuclear,7870.000,Elexon BMRS FUELHH
2016-11-02T04:30:00Z,Other,793.000,Elexon BMRS FUELHH
2016-11-02T04:30:00Z,Pumped Storage,-1714.000,Elexon BMRS FUELHH
2016-11-02T04:30:00Z,Wind,3859.000,Elexon BMRS FUELHH
2016-11-02T05:00:00Z,Coal,2132.000,Elexon BMRS FUELHH
2016-11-02T05:00:00Z,Gas,13017.000,Elexon BMRS FUELHH
2016-11-02T05:00:00Z,Hydro,80.000,Elexon BMRS FUELHH
2016-11-02T05:00:00Z,Imports & Exports,-1218.000,Elexon BMRS FUELHH
2016-11-02T05:00:00Z,Nuclear,7860.000,Elexon BMRS FUELHH
2016-11-02T05:00:00Z,Other,791.000,Elexon BMRS FUELHH
2016-11-02T05:00:00Z,Pumped Storage,-1266.000,Elexon BMRS FUELHH
2016-11-02T05:00:00Z,Wind,3688.000,Elexon BMRS FUELHH
2016-11-02T05:30:00Z,Coal,2501.000,Elexon BMRS FUELHH
2016-11-02T05:30:00Z,Gas,13969.000,Elexon BMRS FUELHH
2016-11-02T05:30:00Z,Hydro,82.000,Elexon BMRS FUELHH
2016-11-02T05:30:00Z,Imports & Exports,-1134.000,Elexon BMRS FUELHH
2016-11-02T05:30:00Z,Nuclear,7857.000,Elexon BMRS FUELHH
2016-11-02T05:30:00Z,Other,786.000,Elexon BMRS FUELHH
2016-11-02T05:30:00Z,Pumped Storage,-1030.000,Elexon BMRS FUELHH
2016-11-02T05:30:00Z,Wind,3640.000,Elexon BMRS FUELHH
2016-11-02T06:00:00Z,Coal,2936.000,Elexon BMRS FUELHH
2016-11-02T06:00:00Z,Gas,15884.000,Elexon BMRS FUELHH
2016-11-02T06:00:00Z,Hydro,96.000,Elexon BMRS FUELHH
2016-11-02T06:00:00Z,Imports & Exports,-572.000,Elexon BMRS FUELHH
2016-11-02T06:00:00Z,Nuclear,7859.000,Elexon BMRS FUELHH
2016-11-02T06:00:00Z,Other,789.000,Elexon BMRS FUELHH
2016-11-02T06:00:00Z,Pumped Storage,-294.000,Elexon BMRS FUELHH
2016-11-02T06:00:00Z,Wind,3586.000,Elexon BMRS FUELHH
2016-11-02T06:30:00Z,Coal,3242.000,Elexon BMRS FUELHH
2016-11-02T06:30:00Z,Gas,18055.000,Elexon BMRS FUELHH
2016-11-02T06:30:00Z,Hydro,100.000,Elexon BMRS FUELHH
2016-11-02T06:30:00Z,Imports & Exports,-566.000,Elexon BMRS FUELHH
2016-11-02T06:30:00Z,Nuclear,7856.000,Elexon BMRS FUELHH
2016-11-02T06:30:00Z,Other,800.000,Elexon BMRS FUELHH
2016-11-02T06:30:00Z,Pumped Storage,254.000,Elexon BMRS FUELHH
2016-11-02T06:30:00Z,Wind,3679.000,Elexon BMRS FUELHH
2016-11-02T07:00:00Z,Coal,3836.000,Elexon BMRS FUELHH
2016-11-02T07:00:00Z,Gas,20974.000,Elexon BMRS FUELHH
2016-11-02T07:00:00Z,Hydro,263.000,Elexon BMRS FUELHH
2016-11-02T07:00:00Z,Imports & Exports,-746.000,Elexon BMRS FUELHH
2016-11-02T07:00:00Z,Nuclear,7855.000,Elexon BMRS FUELHH
2016-11-02T07:00:00Z,Other,840.000,Elexon BMRS FUELHH
2016-11-02T07:00:00Z,Pumped Storage,400.000,Elexon BMRS FUELHH
2016-11-02T07:00:00Z,Wind,3522.000,Elexon BMRS FUELHH
2016-11-02T07:30:00Z,Coal,4397.000,Elexon BMRS FUELHH
2016-11-02T07:30:00Z,Gas,21941.000,Elexon BMRS FUELHH
2016-11-02T07:30:00Z,Hydro,266.000,Elexon BMRS FUELHH
2016-11-02T07:30:00Z,Imports & Exports,-870.000,Elexon BMRS FUELHH
2016-11-02T07:30:00Z,Nuclear,7853.000,Elexon BMRS FUELHH
2016-11-02T07:30:00Z,Other,836.000,Elexon BMRS FUELHH
2016-11-02T07:30:00Z,Pumped Storage,382.000,Elexon BMRS FUELHH
2016-11-02T07:30:00Z,Wind,3314.000,Elexon BMRS FUELHH
2016-11-02T08:00:00Z,Coal,4714.000,Elexon BMRS FUELHH
2016-11-02T08:00:00Z,Gas,22097.000,Elexon BMRS FUELHH
2016-11-02T08:00:00Z,Hydro,265.000,Elexon BMRS FUELHH
2016-11-02T08:00:00Z,Imports & Exports,-1038.000,Elexon BMRS FUELHH
2016-11-02T08:00:00Z,Nuclear,7862.000,Elexon BMRS FUELHH
2016-11-02T08:00:00Z,Other,850.000,Elexon BMRS FUELHH
2016-11-02T08:00:00Z,Pumped Storage,342.000,Elexon BMRS FUELHH
2016-11-02T08:00:00Z,Wind,3150.000,Elexon BMRS FUELHH
2016-11-02T08:30:00Z,Coal,4678.000,Elexon BMRS FUELHH
2016-11-02T08:30:00Z,Gas,21750.000,Elexon BMRS FUELHH
2016-11-02T08:30:00Z,Hydro,265.000,Elexon BMRS FUELHH
2016-11-02T08:30:00Z,Imports & Exports,-1096.000,Elexon BMRS FUELHH
2016-11-02T08:30:00Z,Nuclear,7857.000,Elexon BMRS FUELHH
2016-11-02T08:30:00Z,Other,877.000,Elexon BMRS FUELHH
2016-11-02T08:30:00Z,Pumped Storage,330.000,Elexon BMRS FUELHH
2016-11-02T08:30:00Z,Wind,2918.000,Elexon BMRS FUELHH
2016-11-02T09:00:00Z,Coal,4530.000,Elexon BMRS FUELHH
2016-11-02T09:00:00Z,Gas,21978.000,Elexon BMRS FUELHH
2016-11-02T09:00:00Z,Hydro,236.000,Elexon BMRS FUELHH
2016-11-02T09:00:00Z,Imports & Exports,-1250.000,Elexon BMRS FUELHH
2016-11-02T09:00:00Z,Nuclear,7861.000,Elexon BMRS FUELHH
2016-11-02T09:00:00Z,Other,869.000,Elexon BMRS FUELHH
2016-11-02T09:00:00Z,Pumped Storage,394.000,Elexon BMRS FUELHH
2016-11-02T09:00:00Z,Wind,2749.000,Elexon BMRS FUELHH
2016-11-02T09:30:00Z,Coal,4648.000,Elexon BMRS FUELHH
2016-11-02T09:30:00Z,Gas,21898.000,Elexon BMRS FUELHH
2016-11-02T09:30:00Z,Hydro,232.000,Elexon BMRS FUELHH
2016-11-02T09:30:00Z,Imports & Exports,-1492.000,Elexon BMRS FUELHH
2016-11-02T09:30:00Z,Nuclear,7864.000,Elexon BMRS FUELHH
2016-11-02T09:30:00Z,Other,870.000,Elexon BMRS FUELHH
2016-11-02T09:30:00Z,Pumped Storage,342.000,Elexon BMRS FUELHH
2016-11-02T09:30:00Z,Wind,2458.000,Elexon BMRS FUELHH
2016-11-02T10:00:00Z,Coal,4526.000,Elexon BMRS FUELHH
2016-11-02T10:00:00Z,Gas,21590.000,Elexon BMRS FUELHH
2016-11-02T10:00:00Z,Hydro,217.000,Elexon BMRS FUELHH
2016-11-02T10:00:00Z,Imports & Exports,-1504.000,Elexon BMRS FUELHH
2016-11-02T10:00:00Z,Nuclear,7880.000,Elexon BMRS FUELHH
2016-11-02T10:00:00Z,Other,870.000,Elexon BMRS FUELHH
2016-11-02T10:00:00Z,Pumped Storage,340.000,Elexon BMRS FUELHH
2016-11-02T10:00:00Z,Wind,2319.000,Elexon BMRS FUELHH
2016-11-02T10:30:00Z,Coal,4361.000,Elexon BMRS FUELHH
2016-11-02T10:30:00Z,Gas,21494.000,Elexon BMRS FUELHH
2016-11-02T10:30:00Z,Hydro,212.000,Elexon BMRS FUELHH
2016-11-02T10:30:00Z,Imports & Exports,-1478.000,Elexon BMRS FUELHH
2016-11-02T10:30:00Z,Nuclear,7883.000,Elexon BMRS FUELHH
2016-11-02T10:30:00Z,Other,839.000,Elexon BMRS FUELHH
2016-11-02T10:30:00Z,Pumped Storage,378.000,Elexon BMRS FUELHH
2016-11-02T10:30:00Z,Wind,2240.000,Elexon BMRS FUELHH
2016-11-02T11:00:00Z,Coal,4606.000,Elexon BMRS FUELHH
2016-11-02T11:00:00Z,Gas,21439.000,Elexon BMRS FUELHH
2016-11-02T11:00:00Z,Hydro,120.000,Elexon BMRS FUELHH
2016-11-02T11:00:00Z,Imports & Exports,-1474.000,Elexon BMRS FUELHH
2016-11-02T11:00:00Z,Nuclear,7889.000,Elexon BMRS FUELHH
2016-11-02T11:00:00Z,Other,810.000,Elexon BMRS FUELHH
2016-11-02T11:00:00Z,Pumped Storage,414.000,Elexon BMRS FUELHH
2016-11-02T11:00:00Z,Wind,2138.000,Elexon BMRS FUELHH
2016-11-02T11:30:00Z,Coal,4684.000,Elexon BMRS FUELHH
2016-11-02T11:30:00Z,Gas,21426.000,Elexon BMRS FUELHH
2016-11-02T11:30:00Z,Hydro,118.000,Elexon BMRS FUELHH
2016-11-02T11:30:00Z,Imports & Exports,-1470.000,Elexon BMRS FUELHH
2016-11-02T11:30:00Z,Nuclear,7890.000,Elexon BMRS FUELHH
2016-11-02T11:30:00Z,Other,840.000,Elexon BMRS FUELHH
2016-11-02T11:30:00Z,Pumped Storage,424.000,Elexon BMRS FUELHH
2016-11-02T11:30:00Z,Wind,2054.000,Elexon BMRS FUELHH
2016-11-02T12:00:00Z,Coal,4885.000,Elexon BMRS FUELHH
2016-11-02T12:00:00Z,Gas,21570.000,Elexon BMRS FUELHH
2016-11-02T12:00:00Z,Hydro,117.000,Elexon BMRS FUELHH
2016-11-02T12:00:00Z,Imports & Exports,-736.000,Elexon BMRS FUELHH
2016-11-02T12:00:00Z,Nuclear,7879.000,Elexon BMRS FUELHH
2016-11-02T12:00:00Z,Other,869.000,Elexon BMRS FUELHH
2016-11-02T12:00:00Z,Pumped Storage,442.000,Elexon BMRS FUELHH
2016-11-02T12:00:00Z,Wind,1898.000,Elexon BMRS FUELHH
2016-11-02T12:30:00Z,Coal,5115.000,Elexon BMRS FUELHH
2016-11-02T12:30:00Z,Gas,21349.000,Elexon BMRS FUELHH
2016-11-02T12:30:00Z,Hydro,117.000,Elexon BMRS FUELHH
2016-11-02T12:30:00Z,Imports & Exports,-1472.000,Elexon BMRS FUELHH
2016-11-02T12:30:00Z,Nuclear,7878.000,Elexon BMRS FUELHH
2016-11-02T12:30:00Z,Other,865.000,Elexon BMRS FUELHH
2016-11-02T12:30:00Z,Pumped Storage,450.000,Elexon BMRS FUELHH
2016-11-02T12:30:00Z,Wind,1883.000,Elexon BMRS FUELHH
2016-11-02T13:00:00Z,Coal,5546.000,Elexon BMRS FUELHH
2016-11-02T13:00:00Z,Gas,21072.000,Elexon BMRS FUELHH
2016-11-02T13:00:00Z,Hydro,108.000,Elexon BMRS FUELHH
2016-11-02T13:00:00Z,Imports & Exports,-1422.000,Elexon BMRS FUELHH
2016-11-02T13:00:00Z,Nuclear,7881.000,Elexon BMRS FUELHH
2016-11-02T13:00:00Z,Other,844.000,Elexon BMRS FUELHH
2016-11-02T13:00:00Z,Pumped Storage,512.000,Elexon BMRS FUELHH
2016-11-02T13:00:00Z,Wind,1872.000,Elexon BMRS FUELHH
2016-11-02T13:30:00Z,Coal,5813.000,Elexon BMRS FUELHH
2016-11-02T13:30:00Z,Gas,21204.000,Elexon BMRS FUELHH
2016-11-02T13:30:00Z,Hydro,106.000,Elexon BMRS FUELHH
2016-11-02T13:30:00Z,Imports & Exports,-1436.000,Elexon BMRS FUELHH
2016-11-02T13:30:00Z,Nuclear,7882.000,Elexon BMRS FUELHH
2016-11-02T13:30:00Z,Other,855.000,Elexon BMRS FUELHH
2016-11-02T13:30:00Z,Pumped Storage,458.000,Elexon BMRS FUELHH
2016-11-02T13:30:00Z,Wind,1794.000,Elexon BMRS FUELHH
2016-11-02T14:00:00Z,Coal,6135.000,Elexon BMRS FUELHH
2016-11-02T14:00:00Z,Gas,21183.000,Elexon BMRS FUELHH
2016-11-02T14:00:00Z,Hydro,107.000,Elexon BMRS FUELHH
2016-11-02T14:00:00Z,Imports & Exports,-1074.000,Elexon BMRS FUELHH
2016-11-02T14:00:00Z,Nuclear,7889.000,Elexon BMRS FUELHH
2016-11-02T14:00:00Z,Other,861.000,Elexon BMRS FUELHH
2016-11-02T14:00:00Z,Pumped Storage,392.000,Elexon BMRS FUELHH
2016-11-02T14:00:00Z,Wind,1670.000,Elexon BMRS FUELHH
2016-11-02T14:30:00Z,Coal,6348.000,Elexon BMRS FUELHH
2016-11-02T14:30:00Z,Gas,21259.000,Elexon BMRS FUELHH
2016-11-02T14:30:00Z,Hydro,143.000,Elexon BMRS FUELHH
2016-11-02T14:30:00Z,Imports & Exports,-1064.000,Elexon BMRS FUELHH
2016-11-02T14:30:00Z,Nuclear,7888.000,Elexon BMRS FUELHH
2016-11-02T14:30:00Z,Other,874.000,Elexon BMRS FUELHH
2016-11-02T14:30:00Z,Pumped Storage,464.000,Elexon BMRS FUELHH
2016-11-02T14:30:00Z,Wind,1665.000,Elexon BMRS FUELHH
2016-11-02T15:00:00Z,Coal,6829.000,Elexon BMRS FUELHH
2016-11-02T15:00:00Z,Gas,20365.000,Elexon BMRS FUELHH
2016-11-02T15:00:00Z,Hydro,350.000,Elexon BMRS FUELHH
2016-11-02T15:00:00Z,Imports & Exports,-24.000,Elexon BMRS FUELHH
2016-11-02T15:00:00Z,Nuclear,7888.000,Elexon BMRS FUELHH
2016-11-02T15:00:00Z,Other,886.000,Elexon BMRS FUELHH
2016-11-02T15:00:00Z,Pumped Storage,436.000,Elexon BMRS FUELHH
2016-11-02T15:00:00Z,Wind,1421.000,Elexon BMRS FUELHH
2016-11-02T15:30:00Z,Coal,7647.000,Elexon BMRS FUELHH
2016-11-02T15:30:00Z,Gas,20863.000,Elexon BMRS FUELHH
2016-11-02T15:30:00Z,Hydro,401.000,Elexon BMRS FUELHH
2016-11-02T15:30:00Z,Imports & Exports,288.000,Elexon BMRS FUELHH
2016-11-02T15:30:00Z,Nuclear,7887.000,Elexon BMRS FUELHH
2016-11-02T15:30:00Z,Other,887.000,Elexon BMRS FUELHH
2016-11-02T15:30:00Z,Pumped Storage,354.000,Elexon BMRS FUELHH
2016-11-02T15:30:00Z,Wind,1315.000,Elexon BMRS FUELHH
2016-11-02T16:00:00Z,Coal,7647.000,Elexon BMRS FUELHH
2016-11-02T16:00:00Z,Gas,20454.000,Elexon BMRS FUELHH
2016-11-02T16:00:00Z,Hydro,412.000,Elexon BMRS FUELHH
2016-11-02T16:00:00Z,Imports & Exports,2418.000,Elexon BMRS FUELHH
2016-11-02T16:00:00Z,Nuclear,7882.000,Elexon BMRS FUELHH
2016-11-02T16:00:00Z,Other,892.000,Elexon BMRS FUELHH
2016-11-02T16:00:00Z,Pumped Storage,438.000,Elexon BMRS FUELHH
2016-11-02T16:00:00Z,Wind,1484.000,Elexon BMRS FUELHH
2016-11-02T16:30:00Z,Coal,8053.000,Elexon BMRS FUELHH
2016-11-02T16:30:00Z,Gas,22512.000,Elexon BMRS FUELHH
2016-11-02T16:30:00Z,Hydro,457.000,Elexon BMRS FUELHH
2016-11-02T16:30:00Z,Imports & Exports,2780.000,Elexon BMRS FUELHH
2016-11-02T16:30:00Z,Nuclear,7888.000,Elexon BMRS FUELHH
2016-11-02T16:30:00Z,Other,897.000,Elexon BMRS FUELHH
2016-11-02T16:30:00Z,Pumped Storage,622.000,Elexon BMRS FUELHH
2016-11-02T16:30:00Z,Wind,1550.000,Elexon BMRS FUELHH
2016-11-02T17:00:00Z,Coal,8236.000,Elexon BMRS FUELHH
2016-11-02T17:00:00Z,Gas,23515.000,Elexon BMRS FUELHH
2016-11-02T17:00:00Z,Hydro,881.000,Elexon BMRS FUELHH
2016-11-02T17:00:00Z,Imports & Exports,2864.000,Elexon BMRS FUELHH
2016-11-02T17:00:00Z,Nuclear,7895.000,Elexon BMRS FUELHH
2016-11-02T17:00:00Z,Other,898.000,Elexon BMRS FUELHH
2016-11-02T17:00:00Z,Pumped Storage,876.000,Elexon BMRS FUELHH
2016-11-02T17:00:00Z,Wind,1627.000,Elexon BMRS FUELHH
2016-11-02T17:30:00Z,Coal,8248.000,Elexon BMRS FUELHH
2016-11-02T17:30:00Z,Gas,23591.000,Elexon BMRS FUELHH
2016-11-02T17:30:00Z,Hydro,831.000,Elexon BMRS FUELHH
2016-11-02T17:30:00Z,Imports & Exports,2818.000,Elexon BMRS FUELHH
2016-11-02T17:30:00Z,Nuclear,7891.000,Elexon BMRS FUELHH
2016-11-02T17:30:00Z,Other,901.000,Elexon BMRS FUELHH
2016-11-02T17:30:00Z,Pumped Storage,764.000,Elexon BMRS FUELHH
2016-11-02T17:30:00Z,Wind,1757.000,Elexon BMRS FUELHH
2016-11-02T18:00:00Z,Coal,8020.000,Elexon BMRS FUELHH
2016-11-02T18:00:00Z,Gas,23402.000,Elexon BMRS FUELHH
2016-11-02T18:00:00Z,Hydro,806.000,Elexon BMRS FUELHH
2016-11-02T18:00:00Z,Imports & Exports,2842.000,Elexon BMRS FUELHH
2016-11-02T18:00:00Z,Nuclear,7892.000,Elexon BMRS FUELHH
2016-11-02T18:00:00Z,Other,897.000,Elexon BMRS FUELHH
2016-11-02T18:00:00Z,Pumped Storage,778.000,Elexon BMRS FUELHH
2016-11-02T18:00:00Z,Wind,1752.000,Elexon BMRS FUELHH
2016-11-02T18:30:00Z,Coal,7897.000,Elexon BMRS FUELHH
2016-11-02T18:30:00Z,Gas,23561.000,Elexon BMRS FUELHH
2016-11-02T18:30:00Z,Hydro,669.000,Elexon BMRS FUELHH
2016-11-02T18:30:00Z,Imports & Exports,2858.000,Elexon BMRS FUELHH
2016-11-02T18:30:00Z,Nuclear,7892.000,Elexon BMRS FUELHH
2016-11-02T18:30:00Z,Other,897.000,Elexon BMRS FUELHH
2016-11-02T18:30:00Z,Pumped Storage,534.000,Elexon BMRS FUELHH
2016-11-02T18:30:00Z,Wind,1661.000,Elexon BMRS FUELHH
2016-11-02T19:00:00Z,Coal,7724.000,Elexon BMRS FUELHH
2016-11-02T19:00:00Z,Gas,23685.000,Elexon BMRS FUELHH
2016-11-02T19:00:00Z,Hydro,276.000,Elexon BMRS FUELHH
2016-11-02T19:00:00Z,Imports & Exports,2666.000,Elexon BMRS FUELHH
2016-11-02T19:00:00Z,Nuclear,7891.000,Elexon BMRS FUELHH
2016-11-02T19:00:00Z,Other,898.000,Elexon BMRS FUELHH
2016-11-02T19:00:00Z,Pumped Storage,458.000,Elexon BMRS FUELHH
2016-11-02T19:00:00Z,Wind,1628.000,Elexon BMRS FUELHH
2016-11-02T19:30:00Z,Coal,7232.000,Elexon BMRS FUELHH
2016-11-02T19:30:00Z,Gas,23416.000,Elexon BMRS FUELHH
2016-11-02T19:30:00Z,Hydro,253.000,Elexon BMRS FUELHH
2016-11-02T19:30:00Z,Imports & Exports,2466.000,Elexon BMRS FUELHH
2016-11-02T19:30:00Z,Nuclear,7891.000,Elexon BMRS FUELHH
2016-11-02T19:30:00Z,Other,886.000,Elexon BMRS FUELHH
2016-11-02T19:30:00Z,Pumped Storage,526.000,Elexon BMRS FUELHH
2016-11-02T19:30:00Z,Wind,1505.000,Elexon BMRS FUELHH
2016-11-02T20:00:00Z,Coal,6801.000,Elexon BMRS FUELHH
2016-11-02T20:00:00Z,Gas,23268.000,Elexon BMRS FUELHH
2016-11-02T20:00:00Z,Hydro,252.000,Elexon BMRS FUELHH
2016-11-02T20:00:00Z,Imports & Exports,1764.000,Elexon BMRS FUELHH
2016-11-02T20:00:00Z,Nuclear,7889.000,Elexon BMRS FUELHH
2016-11-02T20:00:00Z,Other,880.000,Elexon BMRS FUELHH
2016-11-02T20:00:00Z,Pumped Storage,716.000,Elexon BMRS FUELHH
2016-11-02T20:00:00Z,Wind,1535.000,Elexon BMRS FUELHH
2016-11-02T20:30:00Z,Coal,6069.000,Elexon BMRS FUELHH
2016-11-02T20:30:00Z,Gas,22665.000,Elexon BMRS FUELHH
2016-11-02T20:30:00Z,Hydro,244.000,Elexon BMRS FUELHH
2016-11-02T20:30:00Z,Imports & Exports,1866.000,Elexon BMRS FUELHH
2016-11-02T20:30:00Z,Nuclear,7888.000,Elexon BMRS FUELHH
2016-11-02T20:30:00Z,Other,882.000,Elexon BMRS FUELHH
2016-11-02T20:30:00Z,Pumped Storage,374.000,Elexon BMRS FUELHH
2016-11-02T20:30:00Z,Wind,1489.000,Elexon BMRS FUELHH
2016-11-02T21:00:00Z,Coal,5412.000,Elexon BMRS FUELHH
2016-11-02T21:00:00Z,Gas,22524.000,Elexon BMRS FUELHH
2016-11-02T21:00:00Z,Hydro,120.000,Elexon BMRS FUELHH
2016-11-02T21:00:00Z,Imports & Exports,612.000,Elexon BMRS FUELHH
2016-11-02T21:00:00Z,Nuclear,7886.000,Elexon BMRS FUELHH
2016-11-02T21:00:00Z,Other,881.000,Elexon BMRS FUELHH
2016-11-02T21:00:00Z,Pumped Storage,566.000,Elexon BMRS FUELHH
2016-11-02T21:00:00Z,Wind,1349.000,Elexon BMRS FUELHH
2016-11-02T21:30:00Z,Coal,4703.000,Elexon BMRS FUELHH
2016-11-02T21:30:00Z,Gas,21576.000,Elexon BMRS FUELHH
2016-11-02T21:30:00Z,Hydro,77.000,Elexon BMRS FUELHH
2016-11-02T21:30:00Z,Imports & Exports,518.000,Elexon BMRS FUELHH
2016-11-02T21:30:00Z,Nuclear,7886.000,Elexon BMRS FUELHH
2016-11-02T21:30:00Z,Other,886.000,Elexon BMRS FUELHH
2016-11-02T21:30:00Z,Pumped Storage,352.000,Elexon BMRS FUELHH
2016-11-02T21:30:00Z,Wind,1242.000,Elexon BMRS FUELHH
2016-11-02T22:00:00Z,Coal,3960.000,Elexon BMRS FUELHH
2016-11-02T22:00:00Z,Gas,21406.000,Elexon BMRS FUELHH
2016-11-02T22:00:00Z,Hydro,77.000,Elexon BMRS FUELHH
2016-11-02T22:00:00Z,Imports & Exports,-1194.000,Elexon BMRS FUELHH
2016-11-02T22:00:00Z,Nuclear,7884.000,Elexon BMRS FUELHH
2016-11-02T22:00:00Z,Other,887.000,Elexon BMRS FUELHH
2016-11-02T22:00:00Z,Pumped Storage,476.000,Elexon BMRS FUELHH
2016-11-02T22:00:00Z,Wind,1254.000,Elexon BMRS FUELHH
2016-11-02T22:30:00Z,Coal,3227.000,Elexon BMRS FUELHH
2016-11-02T22:30:00Z,Gas,20197.000,Elexon BMRS FUELHH
2016-11-02T22:30:00Z,Hydro,77.000,Elexon BMRS FUELHH
2016-11-02T22:30:00Z,Imports & Exports,-970.000,Elexon BMRS FUELHH
2016-11-02T22:30:00Z,Nuclear,7890.000,Elexon BMRS FUELHH
2016-11-02T22:30:00Z,Other,899.000,Elexon BMRS FUELHH
2016-11-02T22:30:00Z,Pumped Storage,282.000,Elexon BMRS FUELHH
2016-11-02T22:30:00Z,Wind,1152.000,Elexon BMRS FUELHH
2016-11-02T23:00:00Z,Coal,2971.000,Elexon BMRS FUELHH
2016-11-02T23:00:00Z,Gas,17553.000,Elexon BMRS FUELHH
2016-11-02T23:00:00Z,Hydro,71.000,Elexon BMRS FUELHH
2016-11-02T23:00:00Z,Imports & Exports,908.000,Elexon BMRS FUELHH
2016-11-02T23:00:00Z,Nuclear,7891.000,Elexon BMRS FUELHH
2016-11-02T23:00:00Z,Other,889.000,Elexon BMRS FUELHH
2016-11-02T23:00:00Z,Pumped Storage,-528.000,Elexon BMRS FUELHH
2016-11-02T23:00:00Z,Wind,952.000,Elexon BMRS FUELHH
2016-11-02T23:30:00Z,Coal,2812.000,Elexon BMRS FUELHH
2016-11-02T23:30:00Z,Gas,16900.000,Elexon BMRS FUELHH
2016-11-02T23:30:00Z,Hydro,69.000,Elexon BMRS FUELHH
2016-11-02T23:30:00Z,Imports & Exports,946.000,Elexon BMRS FUELHH
2016-11-02T23:30:00Z,Nuclear,7892.000,Elexon BMRS FUELHH
2016-11-02T23:30:00Z,Other,882.000,Elexon BMRS FUELHH
2016-11-02T23:30:00Z,Pumped Storage,-1140.000,Elexon BMRS FUELHH
2016-11-02T23:30:00Z,Wind,867.000,Elexon BMRS FUELHH
2016-11-03T00:00:00Z,Coal,2787.000,Elexon BMRS FUELHH
2016-11-03T00:00:00Z,Gas,16172.000,Elexon BMRS FUELHH
2016-11-03T00:00:00Z,Hydro,69.000,Elexon BMRS FUELHH
2016-11-03T00:00:00Z,Imports & Exports,1298.000,Elexon BMRS FUELHH
2016-11-03T00:00:00Z,Nuclear,7887.000,Elexon BMRS FUELHH
2016-11-03T00:00:00Z,Other,830.000,Elexon BMRS FUELHH
2016-11-03T00:00:00Z,Pumped Storage,-1246.000,Elexon BMRS FUELHH
2016-11-03T00:00:00Z,Wind,845.000,Elexon BMRS FUELHH
2016-11-03T00:30:00Z,Coal,2835.000,Elexon BMRS FUELHH
2016-11-03T00:30:00Z,Gas,16114.000,Elexon BMRS FUELHH
2016-11-03T00:30:00Z,Hydro,65.000,Elexon BMRS FUELHH
2016-11-03T00:30:00Z,Imports & Exports,1314.000,Elexon BMRS FUELHH
2016-11-03T00:30:00Z,Nuclear,7888.000,Elexon BMRS FUELHH
2016-11-03T00:30:00Z,Other,815.000,Elexon BMRS FUELHH
2016-11-03T00:30:00Z,Pumped Storage,-1272.000,Elexon BMRS FUELHH
2016-11-03T00:30:00Z,Wind,777.000,Elexon BMRS FUELHH
2016-11-03T01:00:00Z,Coal,2948.000,Elexon BMRS FUELHH
2016-11-03T01:00:00Z,Gas,15159.000,Elexon BMRS FUELHH
2016-11-03T01:00:00Z,Hydro,42.000,Elexon BMRS FUELHH
2016-11-03T01:00:00Z,Imports & Exports,1864.000,Elexon BMRS FUELHH
2016-11-03T01:00:00Z,Nuclear,7889.000,Elexon BMRS FUELHH
2016-11-03T01:00:00Z,Other,800.000,Elexon BMRS FUELHH
2016-11-03T01:00:00Z,Pumped Storage,-1270.000,Elexon BMRS FUELHH
2016-11-03T01:00:00Z,Wind,756.000,Elexon BMRS FUELHH
2016-11-03T01:30:00Z,Coal,2940.000,Elexon BMRS FUELHH
2016-11-03T01:30:00Z,Gas,14487.000,Elexon BMRS FUELHH
2016-11-03T01:30:00Z,Hydro,41.000,Elexon BMRS FUELHH
2016-11-03T01:30:00Z,Imports & Exports,1880.000,Elexon BMRS FUELHH
2016-11-03T01:30:00Z,Nuclear,7893.000,Elexon BMRS FUELHH
2016-11-03T01:30:00Z,Other,809.000,Elexon BMRS FUELHH
2016-11-03T01:30:00Z,Pumped Storage,-1266.000,Elexon BMRS FUELHH
2016-11-03T01:30:00Z,Wind,634.000,Elexon BMRS FUELHH
2016-11-03T02:00:00Z,Coal,2963.000,Elexon BMRS FUELHH
2016-11-03T02:00:00Z,Gas,13555.000,Elexon BMRS FUELHH
2016-11-03T02:00:00Z,Hydro,40.000,Elexon BMRS FUELHH
2016-11-03T02:00:00Z,Imports & Exports,2252.000,Elexon BMRS FUELHH
2016-11-03T02:00:00Z,Nuclear,7931.000,Elexon BMRS FUELHH
2016-11-03T02:00:00Z,Other,791.000,Elexon BMRS FUELHH
2016-11-03T02:00:00Z,Pumped Storage,-1288.000,Elexon BMRS FUELHH
2016-11-03T02:00:00Z,Wind,545.000,Elexon BMRS FUELHH
2016-11-03T02:30:00Z,Coal,2961.000,Elexon BMRS FUELHH
2016-11-03T02:30:00Z,Gas,13259.000,Elexon BMRS FUELHH
2016-11-03T02:30:00Z,Hydro,40.000,Elexon BMRS FUELHH
2016-11-03T02:30:00Z,Imports & Exports,2246.000,Elexon BMRS FUELHH
2016-11-03T02:30:00Z,Nuclear,7955.000,Elexon BMRS FUELHH
2016-11-03T02:30:00Z,Other,828.000,Elexon BMRS FUELHH
2016-11-03T02:30:00Z,Pumped Storage,-1426.000,Elexon BMRS FUELHH
2016-11-03T02:30:00Z,Wind,615.000,Elexon BMRS FUELHH
2016-11-03T03:00:00Z,Coal,2949.000,Elexon BMRS FUELHH
2016-11-03T03:00:00Z,Gas,13363.000,Elexon BMRS FUELHH
2016-11-03T03:00:00Z,Hydro,40.000,Elexon BMRS FUELHH
2016-11-03T03:00:00Z,Imports & Exports,1934.000,Elexon BMRS FUELHH
2016-11-03T03:00:00Z,Nuclear,7959.000,Elexon BMRS FUELHH
2016-11-03T03:00:00Z,Other,828.000,Elexon BMRS FUELHH
2016-11-03T03:00:00Z,Pumped Storage,-1512.000,Elexon BMRS FUELHH
2016-11-03T03:00:00Z,Wind,572.000,Elexon BMRS FUELHH
2016-11-03T03:30:00Z,Coal,3000.000,Elexon BMRS FUELHH
2016-11-03T03:30:00Z,Gas,12819.000,Elexon BMRS FUELHH
2016-11-03T03:30:00Z,Hydro,39.000,Elexon BMRS FUELHH
2016-11-03T03:30:00Z,Imports & Exports,2044.000,Elexon BMRS FUELHH
2016-11-03T03:30:00Z,Nuclear,7956.000,Elexon BMRS FUELHH
2016-11-03T03:30:00Z,Other,833.000,Elexon BMRS FUELHH
2016-11-03T03:30:00Z,Pumped Storage,-1438.000,Elexon BMRS FUELHH
2016-11-03T03:30:00Z,Wind,535.000,Elexon BMRS FUELHH
2016-11-03T04:00:00Z,Coal,3080.000,Elexon BMRS FUELHH
2016-11-03T04:00:00Z,Gas,13809.000,Elexon BMRS FUELHH
2016-11-03T04:00:00Z,Hydro,39.000,Elexon BMRS FUELHH
2016-11-03T04:00:00Z,Imports & Exports,694.000,Elexon BMRS FUELHH
2016-11-03T04:00:00Z,Nuclear,7961.000,Elexon BMRS FUELHH
2016-11-03T04:00:00Z,Other,872.000,Elexon BMRS FUELHH
2016-11-03T04:00:00Z,Pumped Storage,-1490.000,Elexon BMRS FUELHH
2016-11-03T04:00:00Z,Wind,611.000,Elexon BMRS FUELHH
2016-11-03T04:30:00Z,Coal,2972.000,Elexon BMRS FUELHH
2016-11-03T04:30:00Z,Gas,14054.000,Elexon BMRS FUELHH
2016-11-03T04:30:00Z,Hydro,38.000,Elexon BMRS FUELHH
2016-11-03T04:30:00Z,Imports & Exports,620.000,Elexon BMRS FUELHH
2016-11-03T04:30:00Z,Nuclear,7936.000,Elexon BMRS FUELHH
2016-11-03T04:30:00Z,Other,875.000,Elexon BMRS FUELHH
2016-11-03T04:30:00Z,Pumped Storage,-1490.000,Elexon BMRS FUELHH
2016-11-03T04:30:00Z,Wind,714.000,Elexon BMRS FUELHH
2016-11-03T05:00:00Z,Coal,3047.000,Elexon BMRS FUELHH
2016-11-03T05:00:00Z,Gas,15383.000,Elexon BMRS FUELHH
2016-11-03T05:00:00Z,Hydro,39.000,Elexon BMRS FUELHH
2016-11-03T05:00:00Z,Imports & Exports,-186.000,Elexon BMRS FUELHH
2016-11-03T05:00:00Z,Nuclear,7898.000,Elexon BMRS FUELHH
2016-11-03T05:00:00Z,Other,875.000,Elexon BMRS FUELHH
2016-11-03T05:00:00Z,Pumped Storage,-1300.000,Elexon BMRS FUELHH
2016-11-03T05:00:00Z,Wind,766.000,Elexon BMRS FUELHH
2016-11-03T05:30:00Z,Coal,3229.000,Elexon BMRS FUELHH
2016-11-03T05:30:00Z,Gas,16380.000,Elexon BMRS FUELHH
2016-11-03T05:30:00Z,Hydro,39.000,Elexon BMRS FUELHH
2016-11-03T05:30:00Z,Imports & Exports,-252.000,Elexon BMRS FUELHH
2016-11-03T05:30:00Z,Nuclear,7874.000,Elexon BMRS FUELHH
2016-11-03T05:30:00Z,Other,880.000,Elexon BMRS FUELHH
2016-11-03T05:30:00Z,Pumped Storage,-990.000,Elexon BMRS FUELHH
2016-11-03T05:30:00Z,Wind,816.000,Elexon BMRS FUELHH
2016-11-03T06:00:00Z,Coal,3760.000,Elexon BMRS FUELHH
2016-11-03T06:00:00Z,Gas,18413.000,Elexon BMRS FUELHH
2016-11-03T06:00:00Z,Hydro,39.000,Elexon BMRS FUELHH
2016-11-03T06:00:00Z,Imports & Exports,-244.000,Elexon BMRS FUELHH
2016-11-03T06:00:00Z,Nuclear,7873.000,Elexon BMRS FUELHH
2016-11-03T06:00:00Z,Other,883.000,Elexon BMRS FUELHH
2016-11-03T06:00:00Z,Pumped Storage,-154.000,Elexon BMRS FUELHH
2016-11-03T06:00:00Z,Wind,814.000,Elexon BMRS FUELHH
2016-11-03T06:30:00Z,Coal,4120.000,Elexon BMRS FUELHH
2016-11-03T06:30:00Z,Gas,20817.000,Elexon BMRS FUELHH
2016-11-03T06:30:00Z,Hydro,55.000,Elexon BMRS FUELHH
2016-11-03T06:30:00Z,Imports & Exports,-126.000,Elexon BMRS FUELHH
2016-11-03T06:30:00Z,Nuclear,7867.000,Elexon BMRS FUELHH
2016-11-03T06:30:00Z,Other,883.000,Elexon BMRS FUELHH
2016-11-03T06:30:00Z,Pumped Storage,360.000,Elexon BMRS FUELHH
2016-11-03T06:30:00Z,Wind,843.000,Elexon BMRS FUELHH
2016-11-03T07:00:00Z,Coal,4607.000,Elexon BMRS FUELHH
2016-11-03T07:00:00Z,Gas,21993.000,Elexon BMRS FUELHH
2016-11-03T07:00:00Z,Hydro,160.000,Elexon BMRS FUELHH
2016-11-03T07:00:00Z,Imports & Exports,1294.000,Elexon BMRS FUELHH
2016-11-03T07:00:00Z,Nuclear,7873.000,Elexon BMRS FUELHH
2016-11-03T07:00:00Z,Other,884.000,Elexon BMRS FUELHH
2016-11-03T07:00:00Z,Pumped Storage,452.000,Elexon BMRS FUELHH
2016-11-03T07:00:00Z,Wind,925.000,Elexon BMRS FUELHH
2016-11-03T07:30:00Z,Coal,4817.000,Elexon BMRS FUELHH
2016-11-03T07:30:00Z,Gas,23168.000,Elexon BMRS FUELHH
2016-11-03T07:30:00Z,Hydro,164.000,Elexon BMRS FUELHH
2016-11-03T07:30:00Z,Imports & Exports,1300.000,Elexon BMRS FUELHH
2016-11-03T07:30:00Z,Nuclear,7873.000,Elexon BMRS FUELHH
2016-11-03T07:30:00Z,Other,883.000,Elexon BMRS FUELHH
2016-11-03T07:30:00Z,Pumped Storage,334.000,Elexon BMRS FUELHH
2016-11-03T07:30:00Z,Wind,1028.000,Elexon BMRS FUELHH
2016-11-03T08:00:00Z,Coal,5040.000,Elexon BMRS FUELHH
2016-11-03T08:00:00Z,Gas,23406.000,Elexon BMRS FUELHH
2016-11-03T08:00:00Z,Hydro,193.000,Elexon BMRS FUELHH
2016-11-03T08:00:00Z,Imports & Exports,1234.000,Elexon BMRS FUELHH
2016-11-03T08:00:00Z,Nuclear,7868.000,Elexon BMRS FUELHH
2016-11-03T08:00:00Z,Other,882.000,Elexon BMRS FUELHH
2016-11-03T08:00:00Z,Pumped Storage,390.000,Elexon BMRS FUELHH
2016-11-03T08:00:00Z,Wind,1177.000,Elexon BMRS FUELHH
2016-11-03T08:30:00Z,Coal,5298.000,Elexon BMRS FUELHH
2016-11-03T08:30:00Z,Gas,22747.000,Elexon BMRS FUELHH
2016-11-03T08:30:00Z,Hydro,203.000,Elexon BMRS FUELHH
2016-11-03T08:30:00Z,Imports & Exports,1206.000,Elexon BMRS FUELHH
2016-11-03T08:30:00Z,Nuclear,7878.000,Elexon BMRS FUELHH
2016-11-03T08:30:00Z,Other,880.000,Elexon BMRS FUELHH
2016-11-03T08:30:00Z,Pumped Storage,336.000,Elexon BMRS FUELHH
2016-11-03T08:30:00Z,Wind,1372.000,Elexon BMRS FUELHH
2016-11-03T09:00:00Z,Coal,5385.000,Elexon BMRS FUELHH
2016-11-03T09:00:00Z,Gas,22432.000,Elexon BMRS FUELHH
2016-11-03T09:00:00Z,Hydro,202.000,Elexon BMRS FUELHH
2016-11-03T09:00:00Z,Imports & Exports,1552.000,Elexon BMRS FUELHH
2016-11-03T09:00:00Z,Nuclear,7875.000,Elexon BMRS FUELHH
2016-11-03T09:00:00Z,Other,878.000,Elexon BMRS FUELHH
2016-11-03T09:00:00Z,Pumped Storage,332.000,Elexon BMRS FUELHH
2016-11-03T09:00:00Z,Wind,1414.000,Elexon BMRS FUELHH
2016-11-03T09:30:00Z,Coal,5305.000,Elexon BMRS FUELHH
2016-11-03T09:30:00Z,Gas,22459.000,Elexon BMRS FUELHH
2016-11-03T09:30:00Z,Hydro,199.000,Elexon BMRS FUELHH
2016-11-03T09:30:00Z,Imports & Exports,1368.000,Elexon BMRS FUELHH
2016-11-03T09:30:00Z,Nuclear,7878.000,Elexon BMRS FUELHH
2016-11-03T09:30:00Z,Other,881.000,Elexon BMRS FUELHH
2016-11-03T09:30:00Z,Pumped Storage,334.000,Elexon BMRS FUELHH
2016-11-03T09:30:00Z,Wind,1416.000,Elexon BMRS FUELHH
2016-11-03T10:00:00Z,Coal,5358.000,Elexon BMRS FUELHH
2016-11-03T10:00:00Z,Gas,22738.000,Elexon BMRS FUELHH
2016-11-03T10:00:00Z,Hydro,189.000,Elexon BMRS FUELHH
2016-11-03T10:00:00Z,Imports & Exports,526.000,Elexon BMRS FUELHH
2016-11-03T10:00:00Z,Nuclear,7882.000,Elexon BMRS FUELHH
2016-11-03T10:00:00Z,Other,883.000,Elexon BMRS FUELHH
2016-11-03T10:00:00Z,Pumped Storage,384.000,Elexon BMRS FUELHH
2016-11-03T10:00:00Z,Wind,1543.000,Elexon BMRS FUELHH
2016-11-03T10:30:00Z,Coal,5294.000,Elexon BMRS FUELHH
2016-11-03T10:30:00Z,Gas,22435.000,Elexon BMRS FUELHH
2016-11-03T10:30:00Z,Hydro,168.000,Elexon BMRS FUELHH
2016-11-03T10:30:00Z,Imports & Exports,492.000,Elexon BMRS FUELHH
2016-11-03T10:30:00Z,Nuclear,7883.000,Elexon BMRS FUELHH
2016-11-03T10:30:00Z,Other,884.000,Elexon BMRS FUELHH
2016-11-03T10:30:00Z,Pumped Storage,490.000,Elexon BMRS FUELHH
2016-11-03T10:30:00Z,Wind,1736.000,Elexon BMRS FUELHH
2016-11-03T11:00:00Z,Coal,5235.000,Elexon BMRS FUELHH
2016-11-03T11:00:00Z,Gas,22292.000,Elexon BMRS FUELHH
2016-11-03T11:00:00Z,Hydro,108.000,Elexon BMRS FUELHH
2016-11-03T11:00:00Z,Imports & Exports,496.000,Elexon BMRS FUELHH
2016-11-03T11:00:00Z,Nuclear,7887.000,Elexon BMRS FUELHH
2016-11-03T11:00:00Z,Other,883.000,Elexon BMRS FUELHH
2016-11-03T11:00:00Z,Pumped Storage,416.000,Elexon BMRS FUELHH
2016-11-03T11:00:00Z,Wind,1980.000,Elexon BMRS FUELHH
2016-11-03T11:30:00Z,Coal,5058.000,Elexon BMRS FUELHH
2016-11-03T11:30:00Z,Gas,22307.000,Elexon BMRS FUELHH
2016-11-03T11:30:00Z,Hydro,101.000,Elexon BMRS FUELHH
2016-11-03T11:30:00Z,Imports & Exports,494.000,Elexon BMRS FUELHH
2016-11-03T11:30:00Z,Nuclear,7887.000,Elexon BMRS FUELHH
2016-11-03T11:30:00Z,Other,883.000,Elexon BMRS FUELHH
2016-11-03T11:30:00Z,Pumped Storage,352.000,Elexon BMRS FUELHH
2016-11-03T11:30:00Z,Wind,2216.000,Elexon BMRS FUELHH
2016-11-03T12:00:00Z,Coal,5185.000,Elexon BMRS FUELHH
2016-11-03T12:00:00Z,Gas,22453.000,Elexon BMRS FUELHH
2016-11-03T12:00:00Z,Hydro,100.000,Elexon BMRS FUELHH
2016-11-03T12:00:00Z,Imports & Exports,298.000,Elexon BMRS FUELHH
2016-11-03T12:00:00Z,Nuclear,7881.000,Elexon BMRS FUELHH
2016-11-03T12:00:00Z,Other,883.000,Elexon BMRS FUELHH
2016-11-03T12:00:00Z,Pumped Storage,384.000,Elexon BMRS FUELHH
2016-11-03T12:00:00Z,Wind,2261.000,Elexon BMRS FUELHH
2016-11-03T12:30:00Z,Coal,5420.000,Elexon BMRS FUELHH
2016-11-03T12:30:00Z,Gas,22086.000,Elexon BMRS FUELHH
2016-11-03T12:30:00Z,Hydro,99.000,Elexon BMRS FUELHH
2016-11-03T12:30:00Z,Imports & Exports,314.000,Elexon BMRS FUELHH
2016-11-03T12:30:00Z,Nuclear,7880.000,Elexon BMRS FUELHH
2016-11-03T12:30:00Z,Other,881.000,Elexon BMRS FUELHH
2016-11-03T12:30:00Z,Pumped Storage,336.000,Elexon BMRS FUELHH
2016-11-03T12:30:00Z,Wind,2425.000,Elexon BMRS FUELHH
2016-11-03T13:00:00Z,Coal,5571.000,Elexon BMRS FUELHH
2016-11-03T13:00:00Z,Gas,22750.000,Elexon BMRS FUELHH
2016-11-03T13:00:00Z,Hydro,86.000,Elexon BMRS FUELHH
2016-11-03T13:00:00Z,Imports & Exports,-732.000,Elexon BMRS FUELHH
2016-11-03T13:00:00Z,Nuclear,7875.000,Elexon BMRS FUELHH
2016-11-03T13:00:00Z,Other,881.000,Elexon BMRS FUELHH
2016-11-03T13:00:00Z,Pumped Storage,464.000,Elexon BMRS FUELHH
2016-11-03T13:00:00Z,Wind,2508.000,Elexon BMRS FUELHH
2016-11-03T13:30:00Z,Coal,5752.000,Elexon BMRS FUELHH
2016-11-03T13:30:00Z,Gas,22460.000,Elexon BMRS FUELHH
2016-11-03T13:30:00Z,Hydro,83.000,Elexon BMRS FUELHH
2016-11-03T13:30:00Z,Imports & Exports,-718.000,Elexon BMRS FUELHH
2016-11-03T13:30:00Z,Nuclear,7876.000,Elexon BMRS FUELHH
2016-11-03T13:30:00Z,Other,881.000,Elexon BMRS FUELHH
2016-11-03T13:30:00Z,Pumped Storage,358.000,Elexon BMRS FUELHH
2016-11-03T13:30:00Z,Wind,2617.000,Elexon BMRS FUELHH
2016-11-03T14:00:00Z,Coal,5759.000,Elexon BMRS FUELHH
2016-11-03T14:00:00Z,Gas,22498.000,Elexon BMRS FUELHH
2016-11-03T14:00:00Z,Hydro,84.000,Elexon BMRS FUELHH
2016-11-03T14:00:00Z,Imports & Exports,-656.000,Elexon BMRS FUELHH
2016-11-03T14:00:00Z,Nuclear,7873.000,Elexon BMRS FUELHH
2016-11-03T14:00:00Z,Other,883.000,Elexon BMRS FUELHH
2016-11-03T14:00:00Z,Pumped Storage,414.000,Elexon BMRS FUELHH
2016-11-03T14:00:00Z,Wind,2715.000,Elexon BMRS FUELHH
2016-11-03T14:30:00Z,Coal,6014.000,Elexon BMRS FUELHH
2016-11-03T14:30:00Z,Gas,22515.000,Elexon BMRS FUELHH
2016-11-03T14:30:00Z,Hydro,109.000,Elexon BMRS FUELHH
2016-11-03T14:30:00Z,Imports & Exports,-650.000,Elexon BMRS FUELHH
2016-11-03T14:30:00Z,Nuclear,7878.000,Elexon BMRS FUELHH
2016-11-03T14:30:00Z,Other,882.000,Elexon BMRS FUELHH
2016-11-03T14:30:00Z,Pumped Storage,462.000,Elexon BMRS FUELHH
2016-11-03T14:30:00Z,Wind,2795.000,Elexon BMRS FUELHH
2016-11-03T15:00:00Z,Coal,6379.000,Elexon BMRS FUELHH
2016-11-03T15:00:00Z,Gas,22651.000,Elexon BMRS FUELHH
2016-11-03T15:00:00Z,Hydro,266.000,Elexon BMRS FUELHH
2016-11-03T15:00:00Z,Imports & Exports,-1082.000,Elexon BMRS FUELHH
2016-11-03T15:00:00Z,Nuclear,7875.000,Elexon BMRS FUELHH
2016-11-03T15:00:00Z,Other,885.000,Elexon BMRS FUELHH
2016-11-03T15:00:00Z,Pumped Storage,542.000,Elexon BMRS FUELHH
2016-11-03T15:00:00Z,Wind,2609.000,Elexon BMRS FUELHH
2016-11-03T15:30:00Z,Coal,6570.000,Elexon BMRS FUELHH
2016-11-03T15:30:00Z,Gas,22850.000,Elexon BMRS FUELHH
2016-11-03T15:30:00Z,Hydro,315.000,Elexon BMRS FUELHH
2016-11-03T15:30:00Z,Imports & Exports,-620.000,Elexon BMRS FUELHH
2016-11-03T15:30:00Z,Nuclear,7875.000,Elexon BMRS FUELHH
2016-11-03T15:30:00Z,Other,884.000,Elexon BMRS FUELHH
2016-11-03T15:30:00Z,Pumped Storage,870.000,Elexon BMRS FUELHH
2016-11-03T15:30:00Z,Wind,2651.000,Elexon BMRS FUELHH
2016-11-03T16:00:00Z,Coal,6759.000,Elexon BMRS FUELHH
2016-11-03T16:00:00Z,Gas,22229.000,Elexon BMRS FUELHH
2016-11-03T16:00:00Z,Hydro,339.000,Elexon BMRS FUELHH
2016-11-03T16:00:00Z,Imports & Exports,1942.000,Elexon BMRS FUELHH
2016-11-03T16:00:00Z,Nuclear,7882.000,Elexon BMRS FUELHH
2016-11-03T16:00:00Z,Other,884.000,Elexon BMRS FUELHH
2016-11-03T16:00:00Z,Pumped Storage,558.000,Elexon BMRS FUELHH
2016-11-03T16:00:00Z,Wind,2499.000,Elexon BMRS FUELHH
2016-11-03T16:30:00Z,Coal,7237.000,Elexon BMRS FUELHH
2016-11-03T16:30:00Z,Gas,23163.000,Elexon BMRS FUELHH
2016-11-03T16:30:00Z,Hydro,479.000,Elexon BMRS FUELHH
2016-11-03T16:30:00Z,Imports & Exports,2402.000,Elexon BMRS FUELHH
2016-11-03T16:30:00Z,Nuclear,7878.000,Elexon BMRS FUELHH
2016-11-03T16:30:00Z,Other,908.000,Elexon BMRS FUELHH
2016-11-03T16:30:00Z,Pumped Storage,888.000,Elexon BMRS FUELHH
2016-11-03T16:30:00Z,Wind,2545.000,Elexon BMRS FUELHH
2016-11-03T17:00:00Z,Coal,7655.000,Elexon BMRS FUELHH
2016-11-03T17:00:00Z,Gas,23025.000,Elexon BMRS FUELHH
2016-11-03T17:00:00Z,Hydro,763.000,Elexon BMRS FUELHH
2016-11-03T17:00:00Z,Imports & Exports,2954.000,Elexon BMRS FUELHH
2016-11-03T17:00:00Z,Nuclear,7890.000,Elexon BMRS FUELHH
2016-11-03T17:00:00Z,Other,909.000,Elexon BMRS FUELHH
2016-11-03T17:00:00Z,Pumped Storage,776.000,Elexon BMRS FUELHH
2016-11-03T17:00:00Z,Wind,2655.000,Elexon BMRS FUELHH
2016-11-03T17:30:00Z,Coal,7779.000,Elexon BMRS FUELHH
2016-11-03T17:30:00Z,Gas,22501.000,Elexon BMRS FUELHH
2016-11-03T17:30:00Z,Hydro,736.000,Elexon BMRS FUELHH
2016-11-03T17:30:00Z,Imports & Exports,2854.000,Elexon BMRS FUELHH
2016-11-03T17:30:00Z,Nuclear,7904.000,Elexon BMRS FUELHH
2016-11-03T17:30:00Z,Other,910.000,Elexon BMRS FUELHH
2016-11-03T17:30:00Z,Pumped Storage,798.000,Elexon BMRS FUELHH
2016-11-03T17:30:00Z,Wind,2734.000,Elexon BMRS FUELHH
2016-11-03T18:00:00Z,Coal,7854.000,Elexon BMRS FUELHH
2016-11-03T18:00:00Z,Gas,21969.000,Elexon BMRS FUELHH
2016-11-03T18:00:00Z,Hydro,606.000,Elexon BMRS FUELHH
2016-11-03T18:00:00Z,Imports & Exports,2678.000,Elexon BMRS FUELHH
2016-11-03T18:00:00Z,Nuclear,7920.000,Elexon BMRS FUELHH
2016-11-03T18:00:00Z,Other,911.000,Elexon BMRS FUELHH
2016-11-03T18:00:00Z,Pumped Storage,884.000,Elexon BMRS FUELHH
2016-11-03T18:00:00Z,Wind,2768.000,Elexon BMRS FUELHH
2016-11-03T18:30:00Z,Coal,7845.000,Elexon BMRS FUELHH
2016-11-03T18:30:00Z,Gas,21345.000,Elexon BMRS FUELHH
2016-11-03T18:30:00Z,Hydro,555.000,Elexon BMRS FUELHH
2016-11-03T18:30:00Z,Imports & Exports,2692.000,Elexon BMRS FUELHH
2016-11-03T18:30:00Z,Nuclear,7940.000,Elexon BMRS FUELHH
2016-11-03T18:30:00Z,Other,910.000,Elexon BMRS FUELHH
2016-11-03T18:30:00Z,Pumped Storage,810.000,Elexon BMRS FUELHH
2016-11-03T18:30:00Z,Wind,2743.000,Elexon BMRS FUELHH
2016-11-03T19:00:00Z,Coal,7838.000,Elexon BMRS FUELHH
2016-11-03T19:00:00Z,Gas,21418.000,Elexon BMRS FUELHH
2016-11-03T19:00:00Z,Hydro,370.000,Elexon BMRS FUELHH
2016-11-03T19:00:00Z,Imports & Exports,1796.000,Elexon BMRS FUELHH
2016-11-03T19:00:00Z,Nuclear,7939.000,Elexon BMRS FUELHH
2016-11-03T19:00:00Z,Other,882.000,Elexon BMRS FUELHH
2016-11-03T19:00:00Z,Pumped Storage,612.000,Elexon BMRS FUELHH
2016-11-03T19:00:00Z,Wind,2820.000,Elexon BMRS FUELHH
2016-11-03T19:30:00Z,Coal,7330.000,Elexon BMRS FUELHH
2016-11-03T19:30:00Z,Gas,20900.000,Elexon BMRS FUELHH
2016-11-03T19:30:00Z,Hydro,272.000,Elexon BMRS FUELHH
2016-11-03T19:30:00Z,Imports & Exports,1540.000,Elexon BMRS FUELHH
2016-11-03T19:30:00Z,Nuclear,7939.000,Elexon BMRS FUELHH
2016-11-03T19:30:00Z,Other,881.000,Elexon BMRS FUELHH
2016-11-03T19:30:00Z,Pumped Storage,348.000,Elexon BMRS FUELHH
2016-11-03T19:30:00Z,Wind,3168.000,Elexon BMRS FUELHH
2016-11-03T20:00:00Z,Coal,7080.000,Elexon BMRS FUELHH
2016-11-03T20:00:00Z,Gas,21123.000,Elexon BMRS FUELHH
2016-11-03T20:00:00Z,Hydro,270.000,Elexon BMRS FUELHH
2016-11-03T20:00:00Z,Imports & Exports,90.000,Elexon BMRS FUELHH
2016-11-03T20:00:00Z,Nuclear,7937.000,Elexon BMRS FUELHH
2016-11-03T20:00:00Z,Other,881.000,Elexon BMRS FUELHH
2016-11-03T20:00:00Z,Pumped Storage,440.000,Elexon BMRS FUELHH
2016-11-03T20:00:00Z,Wind,3326.000,Elexon BMRS FUELHH
2016-11-03T20:30:00Z,Coal,6602.000,Elexon BMRS FUELHH
2016-11-03T20:30:00Z,Gas,19885.000,Elexon BMRS FUELHH
2016-11-03T20:30:00Z,Hydro,202.000,Elexon BMRS FUELHH
2016-11-03T20:30:00Z,Imports & Exports,10.000,Elexon BMRS FUELHH
2016-11-03T20:30:00Z,Nuclear,7942.000,Elexon BMRS FUELHH
2016-11-03T20:30:00Z,Other,879.000,Elexon BMRS FUELHH
2016-11-03T20:30:00Z,Pumped Storage,332.000,Elexon BMRS FUELHH
2016-11-03T20:30:00Z,Wind,3424.000,Elexon BMRS FUELHH
2016-11-03T21:00:00Z,Coal,5997.000,Elexon BMRS FUELHH
2016-11-03T21:00:00Z,Gas,19063.000,Elexon BMRS FUELHH
2016-11-03T21:00:00Z,Hydro,114.000,Elexon BMRS FUELHH
2016-11-03T21:00:00Z,Imports & Exports,-554.000,Elexon BMRS FUELHH
2016-11-03T21:00:00Z,Nuclear,7941.000,Elexon BMRS FUELHH
2016-11-03T21:00:00Z,Other,879.000,Elexon BMRS FUELHH
2016-11-03T21:00:00Z,Pumped Storage,416.000,Elexon BMRS FUELHH
2016-11-03T21:00:00Z,Wind,3561.000,Elexon BMRS FUELHH
2016-11-03T21:30:00Z,Coal,4744.000,Elexon BMRS FUELHH
2016-11-03T21:30:00Z,Gas,17790.000,Elexon BMRS FUELHH
2016-11-03T21:30:00Z,Hydro,97.000,Elexon BMRS FUELHH
2016-11-03T21:30:00Z,Imports & Exports,-472.000,Elexon BMRS FUELHH
2016-11-03T21:30:00Z,Nuclear,7948.000,Elexon BMRS FUELHH
2016-11-03T21:30:00Z,Other,871.000,Elexon BMRS FUELHH
2016-11-03T21:30:00Z,Pumped Storage,344.000,Elexon BMRS FUELHH
2016-11-03T21:30:00Z,Wind,3973.000,Elexon BMRS FUELHH
2016-11-03T22:00:00Z,Coal,3993.000,Elexon BMRS FUELHH
2016-11-03T22:00:00Z,Gas,16553.000,Elexon BMRS FUELHH
2016-11-03T22:00:00Z,Hydro,97.000,Elexon BMRS FUELHH
2016-11-03T22:00:00Z,Imports & Exports,-836.000,Elexon BMRS FUELHH
2016-11-03T22:00:00Z,Nuclear,7949.000,Elexon BMRS FUELHH
2016-11-03T22:00:00Z,Other,862.000,Elexon BMRS FUELHH
2016-11-03T22:00:00Z,Pumped Storage,350.000,Elexon BMRS FUELHH
2016-11-03T22:00:00Z,Wind,4267.000,Elexon BMRS FUELHH
2016-11-03T22:30:00Z,Coal,3372.000,Elexon BMRS FUELHH
2016-11-03T22:30:00Z,Gas,15196.000,Elexon BMRS FUELHH
2016-11-03T22:30:00Z,Hydro,73.000,Elexon BMRS FUELHH
2016-11-03T22:30:00Z,Imports & Exports,-824.000,Elexon BMRS FUELHH
2016-11-03T22:30:00Z,Nuclear,7965.000,Elexon BMRS FUELHH
2016-11-03T22:30:00Z,Other,863.000,Elexon BMRS FUELHH
2016-11-03T22:30:00Z,Pumped Storage,266.000,Elexon BMRS FUELHH
2016-11-03T22:30:00Z,Wind,4423.000,Elexon BMRS FUELHH
2016-11-03T23:00:00Z,Coal,3568.000,Elexon BMRS FUELHH
2016-11-03T23:00:00Z,Gas,14143.000,Elexon BMRS FUELHH
2016-11-03T23:00:00Z,Hydro,42.000,Elexon BMRS FUELHH
2016-11-03T23:00:00Z,Imports & Exports,-766.000,Elexon BMRS FUELHH
2016-11-03T23:00:00Z,Nuclear,7982.000,Elexon BMRS FUELHH
2016-11-03T23:00:00Z,Other,854.000,Elexon BMRS FUELHH
2016-11-03T23:00:00Z,Pumped Storage,-536.000,Elexon BMRS FUELHH
2016-11-03T23:00:00Z,Wind,3836.000,Elexon BMRS FUELHH
2016-11-03T23:30:00Z,Coal,3639.000,Elexon BMRS FUELHH
2016-11-03T23:30:00Z,Gas,13743.000,Elexon BMRS FUELHH
2016-11-03T23:30:00Z,Hydro,42.000,Elexon BMRS FUELHH
2016-11-03T23:30:00Z,Imports & Exports,-748.000,Elexon BMRS FUELHH
2016-11-03T23:30:00Z,Nuclear,8002.000,Elexon BMRS FUELHH
2016-11-03T23:30:00Z,Other,861.000,Elexon BMRS FUELHH
2016-11-03T23:30:00Z,Pumped Storage,-1346.000,Elexon BMRS FUELHH
2016-11-03T23:30:00Z,Wind,3488.000,Elexon BMRS FUELHH
2016-11-04T00:00:00Z,Coal,3620.000,Elexon BMRS FUELHH
2016-11-04T00:00:00Z,Gas,13675.000,Elexon BMRS FUELHH
2016-11-04T00:00:00Z,Hydro,42.000,Elexon BMRS FUELHH
2016-11-04T00:00:00Z,Imports & Exports,-732.000,Elexon BMRS FUELHH
2016-11-04T00:00:00Z,Nuclear,8016.000,Elexon BMRS FUELHH
2016-11-04T00:00:00Z,Other,862.000,Elexon BMRS FUELHH
2016-11-04T00:00:00Z,Pumped Storage,-1588.000,Elexon BMRS FUELHH
2016-11-04T00:00:00Z,Wind,3324.000,Elexon BMRS FUELHH
2016-11-04T00:30:00Z,Coal,3537.000,Elexon BMRS FUELHH
2016-11-04T00:30:00Z,Gas,14043.000,Elexon BMRS FUELHH
2016-11-04T00:30:00Z,Hydro,42.000,Elexon BMRS FUELHH
2016-11-04T00:30:00Z,Imports & Exports,-730.000,Elexon BMRS FUELHH
2016-11-04T00:30:00Z,Nuclear,8028.000,Elexon BMRS FUELHH
2016-11-04T00:30:00Z,Other,862.000,Elexon BMRS FUELHH
2016-11-04T00:30:00Z,Pumped Storage,-1710.000,Elexon BMRS FUELHH
2016-11-04T00:30:00Z,Wind,3231.000,Elexon BMRS FUELHH
2016-11-04T01:00:00Z,Coal,3433.000,Elexon BMRS FUELHH
2016-11-04T01:00:00Z,Gas,13643.000,Elexon BMRS FUELHH
2016-11-04T01:00:00Z,Hydro,42.000,Elexon BMRS FUELHH
2016-11-04T01:00:00Z,Imports & Exports,-762.000,Elexon BMRS FUELHH
2016-11-04T01:00:00Z,Nuclear,8036.000,Elexon BMRS FUELHH
2016-11-04T01:00:00Z,Other,861.000,Elexon BMRS FUELHH
2016-11-04T01:00:00Z,Pumped Storage,-1786.000,Elexon BMRS FUELHH
2016-11-04T01:00:00Z,Wind,3434.000,Elexon BMRS FUELHH
2016-11-04T01:30:00Z,Coal,3411.000,Elexon BMRS FUELHH
2016-11-04T01:30:00Z,Gas,12993.000,Elexon BMRS FUELHH
2016-11-04T01:30:00Z,Hydro,41.000,Elexon BMRS FUELHH
2016-11-04T01:30:00Z,Imports & Exports,-746.000,Elexon BMRS FUELHH
2016-11-04T01:30:00Z,Nuclear,8039.000,Elexon BMRS FUELHH
2016-11-04T01:30:00Z,Other,860.000,Elexon BMRS FUELHH
2016-11-04T01:30:00Z,Pumped Storage,-1776.000,Elexon BMRS FUELHH
2016-11-04T01:30:00Z,Wind,3436.000,Elexon BMRS FUELHH
2016-11-04T02:00:00Z,Coal,3370.000,Elexon BMRS FUELHH
2016-11-04T02:00:00Z,Gas,12472.000,Elexon BMRS FUELHH
2016-11-04T02:00:00Z,Hydro,41.000,Elexon BMRS FUELHH
2016-11-04T02:00:00Z,Imports & Exports,-766.000,Elexon BMRS FUELHH
2016-11-04T02:00:00Z,Nuclear,8038.000,Elexon BMRS FUELHH
2016-11-04T02:00:00Z,Other,860.000,Elexon BMRS FUELHH
2016-11-04T02:00:00Z,Pumped Storage,-1776.000,Elexon BMRS FUELHH
2016-11-04T02:00:00Z,Wind,3539.000,Elexon BMRS FUELHH
2016-11-04T02:30:00Z,Coal,3411.000,Elexon BMRS FUELHH
2016-11-04T02:30:00Z,Gas,12197.000,Elexon BMRS FUELHH
2016-11-04T02:30:00Z,Hydro,41.000,Elexon BMRS FUELHH
2016-11-04T02:30:00Z,Imports & Exports,-724.000,Elexon BMRS FUELHH
2016-11-04T02:30:00Z,Nuclear,8035.000,Elexon BMRS FUELHH
2016-11-04T02:30:00Z,Other,862.000,Elexon BMRS FUELHH
2016-11-04T02:30:00Z,Pumped Storage,-1718.000,Elexon BMRS FUELHH
2016-11-04T02:30:00Z,Wind,3379.000,Elexon BMRS FUELHH
2016-11-04T03:00:00Z,Coal,3200.000,Elexon BMRS FUELHH
2016-11-04T03:00:00Z,Gas,11640.000,Elexon BMRS FUELHH
2016-11-04T03:00:00Z,Hydro,41.000,Elexon BMRS FUELHH
2016-11-04T03:00:00Z,Imports & Exports,-446.000,Elexon BMRS FUELHH
2016-11-04T03:00:00Z,Nuclear,8046.000,Elexon BMRS FUELHH
2016-11-04T03:00:00Z,Other,862.000,Elexon BMRS FUELHH
2016-11-04T03:00:00Z,Pumped Storage,-1672.000,Elexon BMRS FUELHH
2016-11-04T03:00:00Z,Wind,3323.000,Elexon BMRS FUELHH
2016-11-04T03:30:00Z,Coal,3156.000,Elexon BMRS FUELHH
2016-11-04T03:30:00Z,Gas,11320.000,Elexon BMRS FUELHH
2016-11-04T03:30:00Z,Hydro,41.000,Elexon BMRS FUELHH
2016-11-04T03:30:00Z,Imports & Exports,-438.000,Elexon BMRS FUELHH
2016-11-04T03:30:00Z,Nuclear,8042.000,Elexon BMRS FUELHH
2016-11-04T03:30:00Z,Other,862.000,Elexon BMRS FUELHH
2016-11-04T03:30:00Z,Pumped Storage,-1676.000,Elexon BMRS FUELHH
2016-11-04T03:30:00Z,Wind,3266.000,Elexon BMRS FUELHH
2016-11-04T04:00:00Z,Coal,3120.000,Elexon BMRS FUELHH
2016-11-04T04:00:00Z,Gas,11468.000,Elexon BMRS FUELHH
2016-11-04T04:00:00Z,Hydro,41.000,Elexon BMRS FUELHH
2016-11-04T04:00:00Z,Imports & Exports,-418.000,Elexon BMRS FUELHH
2016-11-04T04:00:00Z,Nuclear,8044.000,Elexon BMRS FUELHH
2016-11-04T04:00:00Z,Other,862.000,Elexon BMRS FUELHH
2016-11-04T04:00:00Z,Pumped Storage,-1658.000,Elexon BMRS FUELHH
2016-11-04T04:00:00Z,Wind,3061.000,Elexon BMRS FUELHH
2016-11-04T04:30:00Z,Coal,3229.000,Elexon BMRS FUELHH
2016-11-04T04:30:00Z,Gas,11831.000,Elexon BMRS FUELHH
2016-11-04T04:30:00Z,Hydro,41.000,Elexon BMRS FUELHH
2016-11-04T04:30:00Z,Imports & Exports,-386.000,Elexon BMRS FUELHH
2016-11-04T04:30:00Z,Nuclear,8054.000,Elexon BMRS FUELHH
2016-11-04T04:30:00Z,Other,861.000,Elexon BMRS FUELHH
2016-11-04T04:30:00Z,Pumped Storage,-1644.000,Elexon BMRS FUELHH
2016-11-04T04:30:00Z,Wind,2798.000,Elexon BMRS FUELHH
2016-11-04T05:00:00Z,Coal,3154.000,Elexon BMRS FUELHH
2016-11-04T05:00:00Z,Gas,12471.000,Elexon BMRS FUELHH
2016-11-04T05:00:00Z,Hydro,47.000,Elexon BMRS FUELHH
2016-11-04T05:00:00Z,Imports & Exports,-404.000,Elexon BMRS FUELHH
2016-11-04T05:00:00Z,Nuclear,8074.000,Elexon BMRS FUELHH
2016-11-04T05:00:00Z,Other,863.000,Elexon BMRS FUELHH
2016-11-04T05:00:00Z,Pumped Storage,-1386.000,Elexon BMRS FUELHH
2016-11-04T05:00:00Z,Wind,2678.000,Elexon BMRS FUELHH
2016-11-04T05:30:00Z,Coal,3356.000,Elexon BMRS FUELHH
2016-11-04T05:30:00Z,Gas,13562.000,Elexon BMRS FUELHH
2016-11-04T05:30:00Z,Hydro,50.000,Elexon BMRS FUELHH
2016-11-04T05:30:00Z,Imports & Exports,-408.000,Elexon BMRS FUELHH
2016-11-04T05:30:00Z,Nuclear,8083.000,Elexon BMRS FUELHH
2016-11-04T05:30:00Z,Other,863.000,Elexon BMRS FUELHH
2016-11-04T05:30:00Z,Pumped Storage,-1136.000,Elexon BMRS FUELHH
2016-11-04T05:30:00Z,Wind,2661.000,Elexon BMRS FUELHH
2016-11-04T06:00:00Z,Coal,3856.000,Elexon BMRS FUELHH
2016-11-04T06:00:00Z,Gas,15414.000,Elexon BMRS FUELHH
2016-11-04T06:00:00Z,Hydro,65.000,Elexon BMRS FUELHH
2016-11-04T06:00:00Z,Imports & Exports,-206.000,Elexon BMRS FUELHH
2016-11-04T06:00:00Z,Nuclear,8096.000,Elexon BMRS FUELHH
2016-11-04T06:00:00Z,Other,862.000,Elexon BMRS FUELHH
2016-11-04T06:00:00Z,Pumped Storage,-418.000,Elexon BMRS FUELHH
2016-11-04T06:00:00Z,Wind,2686.000,Elexon BMRS FUELHH
2016-11-04T06:30:00Z,Coal,4172.000,Elexon BMRS FUELHH
2016-11-04T06:30:00Z,Gas,18058.000,Elexon BMRS FUELHH
2016-11-04T06:30:00Z,Hydro,82.000,Elexon BMRS FUELHH
2016-11-04T06:30:00Z,Imports & Exports,-228.000,Elexon BMRS FUELHH
2016-11-04T06:30:00Z,Nuclear,8103.000,Elexon BMRS FUELHH
2016-11-04T06:30:00Z,Other,863.000,Elexon BMRS FUELHH
2016-11-04T06:30:00Z,Pumped Storage,116.000,Elexon BMRS FUELHH
2016-11-04T06:30:00Z,Wind,2677.000,Elexon BMRS FUELHH
2016-11-04T07:00:00Z,Coal,4578.000,Elexon BMRS FUELHH
2016-11-04T07:00:00Z,Gas,19808.000,Elexon BMRS FUELHH
2016-11-04T07:00:00Z,Hydro,183.000,Elexon BMRS FUELHH
2016-11-04T07:00:00Z,Imports & Exports,802.000,Elexon BMRS FUELHH
2016-11-04T07:00:00Z,Nuclear,8113.000,Elexon BMRS FUELHH
2016-11-04T07:00:00Z,Other,868.000,Elexon BMRS FUELHH
2016-11-04T07:00:00Z,Pumped Storage,334.000,Elexon BMRS FUELHH
2016-11-04T07:00:00Z,Wind,2613.000,Elexon BMRS FUELHH
2016-11-04T07:30:00Z,Coal,5375.000,Elexon BMRS FUELHH
2016-11-04T07:30:00Z,Gas,20443.000,Elexon BMRS FUELHH
2016-11-04T07:30:00Z,Hydro,185.000,Elexon BMRS FUELHH
2016-11-04T07:30:00Z,Imports & Exports,828.000,Elexon BMRS FUELHH
2016-11-04T07:30:00Z,Nuclear,8114.000,Elexon BMRS FUELHH
2016-11-04T07:30:00Z,Other,869.000,Elexon BMRS FUELHH
2016-11-04T07:30:00Z,Pumped Storage,470.000,Elexon BMRS FUELHH
2016-11-04T07:30:00Z,Wind,2532.000,Elexon BMRS FUELHH
2016-11-04T08:00:00Z,Coal,5937.000,Elexon BMRS FUELHH
2016-11-04T08:00:00Z,Gas,20544.000,Elexon BMRS FUELHH
2016-11-04T08:00:00Z,Hydro,198.000,Elexon BMRS FUELHH
2016-11-04T08:00:00Z,Imports & Exports,1322.000,Elexon BMRS FUELHH
2016-11-04T08:00:00Z,Nuclear,8113.000,Elexon BMRS FUELHH
2016-11-04T08:00:00Z,Other,869.000,Elexon BMRS FUELHH
2016-11-04T08:00:00Z,Pumped Storage,380.000,Elexon BMRS FUELHH
2016-11-04T08:00:00Z,Wind,2324.000,Elexon BMRS FUELHH
2016-11-04T08:30:00Z,Coal,6042.000,Elexon BMRS FUELHH
2016-11-04T08:30:00Z,Gas,20565.000,Elexon BMRS FUELHH
2016-11-04T08:30:00Z,Hydro,198.000,Elexon BMRS FUELHH
2016-11-04T08:30:00Z,Imports & Exports,1350.000,Elexon BMRS FUELHH
2016-11-04T08:30:00Z,Nuclear,8110.000,Elexon BMRS FUELHH
2016-11-04T08:30:00Z,Other,865.000,Elexon BMRS FUELHH
2016-11-04T08:30:00Z,Pumped Storage,420.000,Elexon BMRS FUELHH
2016-11-04T08:30:00Z,Wind,2134.000,Elexon BMRS FUELHH
2016-11-04T09:00:00Z,Coal,6127.000,Elexon BMRS FUELHH
2016-11-04T09:00:00Z,Gas,21096.000,Elexon BMRS FUELHH
2016-11-04T09:00:00Z,Hydro,219.000,Elexon BMRS FUELHH
2016-11-04T09:00:00Z,Imports & Exports,1338.000,Elexon BMRS FUELHH
2016-11-04T09:00:00Z,Nuclear,8115.000,Elexon BMRS FUELHH
2016-11-04T09:00:00Z,Other,869.000,Elexon BMRS FUELHH
2016-11-04T09:00:00Z,Pumped Storage,396.000,Elexon BMRS FUELHH
2016-11-04T09:00:00Z,Wind,2039.000,Elexon BMRS FUELHH
2016-11-04T09:30:00Z,Coal,6127.000,Elexon BMRS FUELHH
2016-11-04T09:30:00Z,Gas,20966.000,Elexon BMRS FUELHH
2016-11-04T09:30:00Z,Hydro,220.000,Elexon BMRS FUELHH
2016-11-04T09:30:00Z,Imports & Exports,1302.000,Elexon BMRS FUELHH
2016-11-04T09:30:00Z,Nuclear,8124.000,Elexon BMRS FUELHH
2016-11-04T09:30:00Z,Other,868.000,Elexon BMRS FUELHH
2016-11-04T09:30:00Z,Pumped Storage,350.000,Elexon BMRS FUELHH
2016-11-04T09:30:00Z,Wind,2075.000,Elexon BMRS FUELHH
2016-11-04T10:00:00Z,Coal,5938.000,Elexon BMRS FUELHH
2016-11-04T10:00:00Z,Gas,21200.000,Elexon BMRS FUELHH
2016-11-04T10:00:00Z,Hydro,206.000,Elexon BMRS FUELHH
2016-11-04T10:00:00Z,Imports & Exports,1228.000,Elexon BMRS FUELHH
2016-11-04T10:00:00Z,Nuclear,8126.000,Elexon BMRS FUELHH
2016-11-04T10:00:00Z,Other,868.000,Elexon BMRS FUELHH
2016-11-04T10:00:00Z,Pumped Storage,356.000,Elexon BMRS FUELHH
2016-11-04T10:00:00Z,Wind,1939.000,Elexon BMRS FUELHH
2016-11-04T10:30:00Z,Coal,5956.000,Elexon BMRS FUELHH
2016-11-04T10:30:00Z,Gas,21200.000,Elexon BMRS FUELHH
2016-11-04T10:30:00Z,Hydro,191.000,Elexon BMRS FUELHH
2016-11-04T10:30:00Z,Imports & Exports,1218.000,Elexon BMRS FUELHH
2016-11-04T10:30:00Z,Nuclear,8123.000,Elexon BMRS FUELHH
2016-11-04T10:30:00Z,Other,868.000,Elexon BMRS FUELHH
2016-11-04T10:30:00Z,Pumped Storage,334.000,Elexon BMRS FUELHH
2016-11-04T10:30:00Z,Wind,1835.000,Elexon BMRS FUELHH
2016-11-04T11:00:00Z,Coal,5931.000,Elexon BMRS FUELHH
2016-11-04T11:00:00Z,Gas,21338.000,Elexon BMRS FUELHH
2016-11-04T11:00:00Z,Hydro,102.000,Elexon BMRS FUELHH
2016-11-04T11:00:00Z,Imports & Exports,1238.000,Elexon BMRS FUELHH
2016-11-04T11:00:00Z,Nuclear,8132.000,Elexon BMRS FUELHH
2016-11-04T11:00:00Z,Other,865.000,Elexon BMRS FUELHH
2016-11-04T11:00:00Z,Pumped Storage,366.000,Elexon BMRS FUELHH
2016-11-04T11:00:00Z,Wind,1732.000,Elexon BMRS FUELHH
2016-11-04T11:30:00Z,Coal,5852.000,Elexon BMRS FUELHH
2016-11-04T11:30:00Z,Gas,21420.000,Elexon BMRS FUELHH
2016-11-04T11:30:00Z,Hydro,101.000,Elexon BMRS FUELHH
2016-11-04T11:30:00Z,Imports & Exports,1252.000,Elexon BMRS FUELHH
2016-11-04T11:30:00Z,Nuclear,8139.000,Elexon BMRS FUELHH
2016-11-04T11:30:00Z,Other,860.000,Elexon BMRS FUELHH
2016-11-04T11:30:00Z,Pumped Storage,336.000,Elexon BMRS FUELHH
2016-11-04T11:30:00Z,Wind,1756.000,Elexon BMRS FUELHH
2016-11-04T12:00:00Z,Coal,6010.000,Elexon BMRS FUELHH
2016-11-04T12:00:00Z,Gas,21410.000,Elexon BMRS FUELHH
2016-11-04T12:00:00Z,Hydro,100.000,Elexon BMRS FUELHH
2016-11-04T12:00:00Z,Imports & Exports,1218.000,Elexon BMRS FUELHH
2016-11-04T12:00:00Z,Nuclear,8131.000,Elexon BMRS FUELHH
2016-11-04T12:00:00Z,Other,859.000,Elexon BMRS FUELHH
2016-11-04T12:00:00Z,Pumped Storage,364.000,Elexon BMRS FUELHH
2016-11-04T12:00:00Z,Wind,1889.000,Elexon BMRS FUELHH
2016-11-04T12:30:00Z,Coal,6130.000,Elexon BMRS FUELHH
2016-11-04T12:30:00Z,Gas,21272.000,Elexon BMRS FUELHH
2016-11-04T12:30:00Z,Hydro,109.000,Elexon BMRS FUELHH
2016-11-04T12:30:00Z,Imports & Exports,1150.000,Elexon BMRS FUELHH
2016-11-04T12:30:00Z,Nuclear,8130.000,Elexon BMRS FUELHH
2016-11-04T12:30:00Z,Other,861.000,Elexon BMRS FUELHH
2016-11-04T12:30:00Z,Pumped Storage,360.000,Elexon BMRS FUELHH
2016-11-04T12:30:00Z,Wind,1906.000,Elexon BMRS FUELHH
2016-11-04T13:00:00Z,Coal,6208.000,Elexon BMRS FUELHH
2016-11-04T13:00:00Z,Gas,20887.000,Elexon BMRS FUELHH
2016-11-04T13:00:00Z,Hydro,156.000,Elexon BMRS FUELHH
2016-11-04T13:00:00Z,Imports & Exports,1168.000,Elexon BMRS FUELHH
2016-11-04T13:00:00Z,Nuclear,8134.000,Elexon BMRS FUELHH
2016-11-04T13:00:00Z,Other,865.000,Elexon BMRS FUELHH
2016-11-04T13:00:00Z,Pumped Storage,358.000,Elexon BMRS FUELHH
2016-11-04T13:00:00Z,Wind,1950.000,Elexon BMRS FUELHH
2016-11-04T13:30:00Z,Coal,6261.000,Elexon BMRS FUELHH
2016-11-04T13:30:00Z,Gas,20474.000,Elexon BMRS FUELHH
2016-11-04T13:30:00Z,Hydro,157.000,Elexon BMRS FUELHH
2016-11-04T13:30:00Z,Imports & Exports,1242.000,Elexon BMRS FUELHH
2016-11-04T13:30:00Z,Nuclear,8136.000,Elexon BMRS FUELHH
2016-11-04T13:30:00Z,Other,856.000,Elexon BMRS FUELHH
2016-11-04T13:30:00Z,Pumped Storage,338.000,Elexon BMRS FUELHH
2016-11-04T13:30:00Z,Wind,1957.000,Elexon BMRS FUELHH
2016-11-04T14:00:00Z,Coal,6494.000,Elexon BMRS FUELHH
2016-11-04T14:00:00Z,Gas,20527.000,Elexon BMRS FUELHH
2016-11-04T14:00:00Z,Hydro,157.000,Elexon BMRS FUELHH
2016-11-04T14:00:00Z,Imports & Exports,818.000,Elexon BMRS FUELHH
2016-11-04T14:00:00Z,Nuclear,8127.000,Elexon BMRS FUELHH
2016-11-04T14:00:00Z,Other,867.000,Elexon BMRS FUELHH
2016-11-04T14:00:00Z,Pumped Storage,396.000,Elexon BMRS FUELHH
2016-11-04T14:00:00Z,Wind,2098.000,Elexon BMRS FUELHH
2016-11-04T14:30:00Z,Coal,6817.000,Elexon BMRS FUELHH
2016-11-04T14:30:00Z,Gas,20092.000,Elexon BMRS FUELHH
2016-11-04T14:30:00Z,Hydro,162.000,Elexon BMRS FUELHH
2016-11-04T14:30:00Z,Imports & Exports,790.000,Elexon BMRS FUELHH
2016-11-04T14:30:00Z,Nuclear,8128.000,Elexon BMRS FUELHH
2016-11-04T14:30:00Z,Other,873.000,Elexon BMRS FUELHH
2016-11-04T14:30:00Z,Pumped Storage,404.000,Elexon BMRS FUELHH
2016-11-04T14:30:00Z,Wind,2243.000,Elexon BMRS FUELHH
2016-11-04T15:00:00Z,Coal,7028.000,Elexon BMRS FUELHH
2016-11-04T15:00:00Z,Gas,20275.000,Elexon BMRS FUELHH
2016-11-04T15:00:00Z,Hydro,203.000,Elexon BMRS FUELHH
2016-11-04T15:00:00Z,Imports & Exports,382.000,Elexon BMRS FUELHH
2016-11-04T15:00:00Z,Nuclear,8131.000,Elexon BMRS FUELHH
2016-11-04T15:00:00Z,Other,875.000,Elexon BMRS FUELHH
2016-11-04T15:00:00Z,Pumped Storage,492.000,Elexon BMRS FUELHH
2016-11-04T15:00:00Z,Wind,2249.000,Elexon BMRS FUELHH
2016-11-04T15:30:00Z,Coal,7304.000,Elexon BMRS FUELHH
2016-11-04T15:30:00Z,Gas,20664.000,Elexon BMRS FUELHH
2016-11-04T15:30:00Z,Hydro,232.000,Elexon BMRS FUELHH
2016-11-04T15:30:00Z,Imports & Exports,590.000,Elexon BMRS FUELHH
2016-11-04T15:30:00Z,Nuclear,8141.000,Elexon BMRS FUELHH
2016-11-04T15:30:00Z,Other,874.000,Elexon BMRS FUELHH
2016-11-04T15:30:00Z,Pumped Storage,536.000,Elexon BMRS FUELHH
2016-11-04T15:30:00Z,Wind,2389.000,Elexon BMRS FUELHH
2016-11-04T16:00:00Z,Coal,6941.000,Elexon BMRS FUELHH
2016-11-04T16:00:00Z,Gas,20251.000,Elexon BMRS FUELHH
2016-11-04T16:00:00Z,Hydro,266.000,Elexon BMRS FUELHH
2016-11-04T16:00:00Z,Imports & Exports,2858.000,Elexon BMRS FUELHH
2016-11-04T16:00:00Z,Nuclear,8154.000,Elexon BMRS FUELHH
2016-11-04T16:00:00Z,Other,873.000,Elexon BMRS FUELHH
2016-11-04T16:00:00Z,Pumped Storage,380.000,Elexon BMRS FUELHH
2016-11-04T16:00:00Z,Wind,2347.000,Elexon BMRS FUELHH
2016-11-04T16:30:00Z,Coal,7389.000,Elexon BMRS FUELHH
2016-11-04T16:30:00Z,Gas,21254.000,Elexon BMRS FUELHH
2016-11-04T16:30:00Z,Hydro,299.000,Elexon BMRS FUELHH
2016-11-04T16:30:00Z,Imports & Exports,3278.000,Elexon BMRS FUELHH
2016-11-04T16:30:00Z,Nuclear,8151.000,Elexon BMRS FUELHH
2016-11-04T16:30:00Z,Other,873.000,Elexon BMRS FUELHH
2016-11-04T16:30:00Z,Pumped Storage,472.000,Elexon BMRS FUELHH
2016-11-04T16:30:00Z,Wind,2429.000,Elexon BMRS FUELHH
2016-11-04T17:00:00Z,Coal,8101.000,Elexon BMRS FUELHH
2016-11-04T17:00:00Z,Gas,21759.000,Elexon BMRS FUELHH
2016-11-04T17:00:00Z,Hydro,514.000,Elexon BMRS FUELHH
2016-11-04T17:00:00Z,Imports & Exports,3174.000,Elexon BMRS FUELHH
2016-11-04T17:00:00Z,Nuclear,8151.000,Elexon BMRS FUELHH
2016-11-04T17:00:00Z,Other,871.000,Elexon BMRS FUELHH
2016-11-04T17:00:00Z,Pumped Storage,636.000,Elexon BMRS FUELHH
2016-11-04T17:00:00Z,Wind,2508.000,Elexon BMRS FUELHH
2016-11-04T17:30:00Z,Coal,8073.000,Elexon BMRS FUELHH
2016-11-04T17:30:00Z,Gas,21716.000,Elexon BMRS FUELHH
2016-11-04T17:30:00Z,Hydro,536.000,Elexon BMRS FUELHH
2016-11-04T17:30:00Z,Imports & Exports,3066.000,Elexon BMRS FUELHH
2016-11-04T17:30:00Z,Nuclear,8150.000,Elexon BMRS FUELHH
2016-11-04T17:30:00Z,Other,858.000,Elexon BMRS FUELHH
2016-11-04T17:30:00Z,Pumped Storage,620.000,Elexon BMRS FUELHH
2016-11-04T17:30:00Z,Wind,2462.000,Elexon BMRS FUELHH
2016-11-04T18:00:00Z,Coal,7763.000,Elexon BMRS FUELHH
2016-11-04T18:00:00Z,Gas,21651.000,Elexon BMRS FUELHH
2016-11-04T18:00:00Z,Hydro,553.000,Elexon BMRS FUELHH
2016-11-04T18:00:00Z,Imports & Exports,2658.000,Elexon BMRS FUELHH
2016-11-04T18:00:00Z,Nuclear,8150.000,Elexon BMRS FUELHH
2016-11-04T18:00:00Z,Other,864.000,Elexon BMRS FUELHH
2016-11-04T18:00:00Z,Pumped Storage,636.000,Elexon BMRS FUELHH
2016-11-04T18:00:00Z,Wind,2533.000,Elexon BMRS FUELHH
2016-11-04T18:30:00Z,Coal,7300.000,Elexon BMRS FUELHH
2016-11-04T18:30:00Z,Gas,21269.000,Elexon BMRS FUELHH
2016-11-04T18:30:00Z,Hydro,520.000,Elexon BMRS FUELHH
2016-11-04T18:30:00Z,Imports & Exports,2778.000,Elexon BMRS FUELHH
2016-11-04T18:30:00Z,Nuclear,8164.000,Elexon BMRS FUELHH
2016-11-04T18:30:00Z,Other,876.000,Elexon BMRS FUELHH
2016-11-04T18:30:00Z,Pumped Storage,358.000,Elexon BMRS FUELHH
2016-11-04T18:30:00Z,Wind,2548.000,Elexon BMRS FUELHH
2016-11-04T19:00:00Z,Coal,7078.000,Elexon BMRS FUELHH
2016-11-04T19:00:00Z,Gas,20964.000,Elexon BMRS FUELHH
2016-11-04T19:00:00Z,Hydro,271.000,Elexon BMRS FUELHH
2016-11-04T19:00:00Z,Imports & Exports,2090.000,Elexon BMRS FUELHH
2016-11-04T19:00:00Z,Nuclear,8165.000,Elexon BMRS FUELHH
2016-11-04T19:00:00Z,Other,877.000,Elexon BMRS FUELHH
2016-11-04T19:00:00Z,Pumped Storage,454.000,Elexon BMRS FUELHH
2016-11-04T19:00:00Z,Wind,2820.000,Elexon BMRS FUELHH
2016-11-04T19:30:00Z,Coal,6603.000,Elexon BMRS FUELHH
2016-11-04T19:30:00Z,Gas,20424.000,Elexon BMRS FUELHH
2016-11-04T19:30:00Z,Hydro,269.000,Elexon BMRS FUELHH
2016-11-04T19:30:00Z,Imports & Exports,2026.000,Elexon BMRS FUELHH
2016-11-04T19:30:00Z,Nuclear,8175.000,Elexon BMRS FUELHH
2016-11-04T19:30:00Z,Other,874.000,Elexon BMRS FUELHH
2016-11-04T19:30:00Z,Pumped Storage,378.000,Elexon BMRS FUELHH
2016-11-04T19:30:00Z,Wind,2665.000,Elexon BMRS FUELHH
2016-11-04T20:00:00Z,Coal,6028.000,Elexon BMRS FUELHH
2016-11-04T20:00:00Z,Gas,20941.000,Elexon BMRS FUELHH
2016-11-04T20:00:00Z,Hydro,243.000,Elexon BMRS FUELHH
2016-11-04T20:00:00Z,Imports & Exports,540.000,Elexon BMRS FUELHH
2016-11-04T20:00:00Z,Nuclear,8187.000,Elexon BMRS FUELHH
2016-11-04T20:00:00Z,Other,864.000,Elexon BMRS FUELHH
2016-11-04T20:00:00Z,Pumped Storage,656.000,Elexon BMRS FUELHH
2016-11-04T20:00:00Z,Wind,2560.000,Elexon BMRS FUELHH
2016-11-04T20:30:00Z,Coal,5276.000,Elexon BMRS FUELHH
2016-11-04T20:30:00Z,Gas,20271.000,Elexon BMRS FUELHH
2016-11-04T20:30:00Z,Hydro,139.000,Elexon BMRS FUELHH
2016-11-04T20:30:00Z,Imports & Exports,456.000,Elexon BMRS FUELHH
2016-11-04T20:30:00Z,Nuclear,8189.000,Elexon BMRS FUELHH
2016-11-04T20:30:00Z,Other,874.000,Elexon BMRS FUELHH
2016-11-04T20:30:00Z,Pumped Storage,336.000,Elexon BMRS FUELHH
2016-11-04T20:30:00Z,Wind,2904.000,Elexon BMRS FUELHH
2016-11-04T21:00:00Z,Coal,4418.000,Elexon BMRS FUELHH
2016-11-04T21:00:00Z,Gas,20125.000,Elexon BMRS FUELHH
2016-11-04T21:00:00Z,Hydro,97.000,Elexon BMRS FUELHH
2016-11-04T21:00:00Z,Imports & Exports,-492.000,Elexon BMRS FUELHH
2016-11-04T21:00:00Z,Nuclear,8193.000,Elexon BMRS FUELHH
2016-11-04T21:00:00Z,Other,892.000,Elexon BMRS FUELHH
2016-11-04T21:00:00Z,Pumped Storage,382.000,Elexon BMRS FUELHH
2016-11-04T21:00:00Z,Wind,3135.000,Elexon BMRS FUELHH
2016-11-04T21:30:00Z,Coal,3977.000,Elexon BMRS FUELHH
2016-11-04T21:30:00Z,Gas,18722.000,Elexon BMRS FUELHH
2016-11-04T21:30:00Z,Hydro,78.000,Elexon BMRS FUELHH
2016-11-04T21:30:00Z,Imports & Exports,-574.000,Elexon BMRS FUELHH
2016-11-04T21:30:00Z,Nuclear,8199.000,Elexon BMRS FUELHH
2016-11-04T21:30:00Z,Other,893.000,Elexon BMRS FUELHH
2016-11-04T21:30:00Z,Pumped Storage,332.000,Elexon BMRS FUELHH
2016-11-04T21:30:00Z,Wind,3225.000,Elexon BMRS FUELHH
2016-11-04T22:00:00Z,Coal,3958.000,Elexon BMRS FUELHH
2016-11-04T22:00:00Z,Gas,17011.000,Elexon BMRS FUELHH
2016-11-04T22:00:00Z,Hydro,75.000,Elexon BMRS FUELHH
2016-11-04T22:00:00Z,Imports & Exports,-968.000,Elexon BMRS FUELHH
2016-11-04T22:00:00Z,Nuclear,8198.000,Elexon BMRS FUELHH
2016-11-04T22:00:00Z,Other,893.000,Elexon BMRS FUELHH
2016-11-04T22:00:00Z,Pumped Storage,346.000,Elexon BMRS FUELHH
2016-11-04T22:00:00Z,Wind,3276.000,Elexon BMRS FUELHH
2016-11-04T22:30:00Z,Coal,3859.000,Elexon BMRS FUELHH
2016-11-04T22:30:00Z,Gas,14947.000,Elexon BMRS FUELHH
2016-11-04T22:30:00Z,Hydro,71.000,Elexon BMRS FUELHH
2016-11-04T22:30:00Z,Imports & Exports,-214.000,Elexon BMRS FUELHH
2016-11-04T22:30:00Z,Nuclear,8196.000,Elexon BMRS FUELHH
2016-11-04T22:30:00Z,Other,893.000,Elexon BMRS FUELHH
2016-11-04T22:30:00Z,Pumped Storage,328.000,Elexon BMRS FUELHH
2016-11-04T22:30:00Z,Wind,3137.000,Elexon BMRS FUELHH
2016-11-04T23:00:00Z,Coal,3602.000,Elexon BMRS FUELHH
2016-11-04T23:00:00Z,Gas,11588.000,Elexon BMRS FUELHH
2016-11-04T23:00:00Z,Hydro,49.000,Elexon BMRS FUELHH
2016-11-04T23:00:00Z,Imports & Exports,2484.000,Elexon BMRS FUELHH
2016-11-04T23:00:00Z,Nuclear,8209.000,Elexon BMRS FUELHH
2016-11-04T23:00:00Z,Other,850.000,Elexon BMRS FUELHH
2016-11-04T23:00:00Z,Pumped Storage,-574.000,Elexon BMRS FUELHH
2016-11-04T23:00:00Z,Wind,3138.000,Elexon BMRS FUELHH
2016-11-04T23:30:00Z,Coal,3580.000,Elexon BMRS FUELHH
2016-11-04T23:30:00Z,Gas,10140.000,Elexon BMRS FUELHH
2016-11-04T23:30:00Z,Hydro,44.000,Elexon BMRS FUELHH
2016-11-04T23:30:00Z,Imports & Exports,2970.000,Elexon BMRS FUELHH
2016-11-04T23:30:00Z,Nuclear,8214.000,Elexon BMRS FUELHH
2016-11-04T23:30:00Z,Other,894.000,Elexon BMRS FUELHH
2016-11-04T23:30:00Z,Pumped Storage,-1130.000,Elexon BMRS FUELHH
2016-11-04T23:30:00Z,Wind,3199.000,Elexon BMRS FUELHH
2016-11-05T00:00:00Z,Coal,3597.000,Elexon BMRS FUELHH
2016-11-05T00:00:00Z,Gas,9489.000,Elexon BMRS FUELHH
2016-11-05T00:00:00Z,Hydro,43.000,Elexon BMRS FUELHH
2016-11-05T00:00:00Z,Imports & Exports,3120.000,Elexon BMRS FUELHH
2016-11-05T00:00:00Z,Nuclear,8215.000,Elexon BMRS FUELHH
2016-11-05T00:00:00Z,Other,920.000,Elexon BMRS FUELHH
2016-11-05T00:00:00Z,Pumped Storage,-1450.000,Elexon BMRS FUELHH
2016-11-05T00:00:00Z,Wind,3381.000,Elexon BMRS FUELHH
2016-11-05T00:30:00Z,Coal,3615.000,Elexon BMRS FUELHH
2016-11-05T00:30:00Z,Gas,9414.000,Elexon BMRS FUELHH
2016-11-05T00:30:00Z,Hydro,41.000,Elexon BMRS FUELHH
2016-11-05T00:30:00Z,Imports & Exports,3160.000,Elexon BMRS FUELHH
2016-11-05T00:30:00Z,Nuclear,8206.000,Elexon BMRS FUELHH
2016-11-05T00:30:00Z,Other,919.000,Elexon BMRS FUELHH
2016-11-05T00:30:00Z,Pumped Storage,-1466.000,Elexon BMRS FUELHH
2016-11-05T00:30:00Z,Wind,3416.000,Elexon BMRS FUELHH
2016-11-05T01:00:00Z,Coal,3583.000,Elexon BMRS FUELHH
2016-11-05T01:00:00Z,Gas,9344.000,Elexon BMRS FUELHH
2016-11-05T01:00:00Z,Hydro,27.000,Elexon BMRS FUELHH
2016-11-05T01:00:00Z,Imports & Exports,2748.000,Elexon BMRS FUELHH
2016-11-05T01:00:00Z,Nuclear,8146.000,Elexon BMRS FUELHH
2016-11-05T01:00:00Z,Other,921.000,Elexon BMRS FUELHH
2016-11-05T01:00:00Z,Pumped Storage,-1610.000,Elexon BMRS FUELHH
2016-11-05T01:00:00Z,Wind,3560.000,Elexon BMRS FUELHH
2016-11-05T01:30:00Z,Coal,3536.000,Elexon BMRS FUELHH
2016-11-05T01:30:00Z,Gas,8675.000,Elexon BMRS FUELHH
2016-11-05T01:30:00Z,Hydro,26.000,Elexon BMRS FUELHH
2016-11-05T01:30:00Z,Imports & Exports,2716.000,Elexon BMRS FUELHH
2016-11-05T01:30:00Z,Nuclear,7926.000,Elexon BMRS FUELHH
2016-11-05T01:30:00Z,Other,921.000,Elexon BMRS FUELHH
2016-11-05T01:30:00Z,Pumped Storage,-1616.000,Elexon BMRS FUELHH
2016-11-05T01:30:00Z,Wind,3629.000,Elexon BMRS FUELHH
2016-11-05T02:00:00Z,Coal,3424.000,Elexon BMRS FUELHH
2016-11-05T02:00:00Z,Gas,8076.000,Elexon BMRS FUELHH
2016-11-05T02:00:00Z,Hydro,26.000,Elexon BMRS FUELHH
2016-11-05T02:00:00Z,Imports & Exports,2624.000,Elexon BMRS FUELHH
2016-11-05T02:00:00Z,Nuclear,7861.000,Elexon BMRS FUELHH
2016-11-05T02:00:00Z,Other,915.000,Elexon BMRS FUELHH
2016-11-05T02:00:00Z,Pumped Storage,-1610.000,Elexon BMRS FUELHH
2016-11-05T02:00:00Z,Wind,3718.000,Elexon BMRS FUELHH
2016-11-05T02:30:00Z,Coal,3481.000,Elexon BMRS FUELHH
2016-11-05T02:30:00Z,Gas,7324.000,Elexon BMRS FUELHH
2016-11-05T02:30:00Z,Hydro,26.000,Elexon BMRS FUELHH
2016-11-05T02:30:00Z,Imports & Exports,2622.000,Elexon BMRS FUELHH
2016-11-05T02:30:00Z,Nuclear,7843.000,Elexon BMRS FUELHH
2016-11-05T02:30:00Z,Other,893.000,Elexon BMRS FUELHH
2016-11-05T02:30:00Z,Pumped Storage,-1608.000,Elexon BMRS FUELHH
2016-11-05T02:30:00Z,Wind,3986.000,Elexon BMRS FUELHH
2016-11-05T03:00:00Z,Coal,3509.000,Elexon BMRS FUELHH
2016-11-05T03:00:00Z,Gas,7674.000,Elexon BMRS FUELHH
2016-11-05T03:00:00Z,Hydro,26.000,Elexon BMRS FUELHH
2016-11-05T03:00:00Z,Imports & Exports,1600.000,Elexon BMRS FUELHH
2016-11-05T03:00:00Z,Nuclear,7843.000,Elexon BMRS FUELHH
2016-11-05T03:00:00Z,Other,908.000,Elexon BMRS FUELHH
2016-11-05T03:00:00Z,Pumped Storage,-1518.000,Elexon BMRS FUELHH
2016-11-05T03:00:00Z,Wind,3891.000,Elexon BMRS FUELHH
2016-11-05T03:30:00Z,Coal,3449.000,Elexon BMRS FUELHH
2016-11-05T03:30:00Z,Gas,7298.000,Elexon BMRS FUELHH
2016-11-05T03:30:00Z,Hydro,26.000,Elexon BMRS FUELHH
2016-11-05T03:30:00Z,Imports & Exports,1556.000,Elexon BMRS FUELHH
2016-11-05T03:30:00Z,Nuclear,7847.000,Elexon BMRS FUELHH
2016-11-05T03:30:00Z,Other,917.000,Elexon BMRS FUELHH
2016-11-05T03:30:00Z,Pumped Storage,-1524.000,Elexon BMRS FUELHH
2016-11-05T03:30:00Z,Wind,3838.000,Elexon BMRS FUELHH
2016-11-05T04:00:00Z,Coal,3447.000,Elexon BMRS FUELHH
2016-11-05T04:00:00Z,Gas,7230.000,Elexon BMRS FUELHH
2016-11-05T04:00:00Z,Hydro,26.000,Elexon BMRS FUELHH
2016-11-05T04:00:00Z,Imports & Exports,870.000,Elexon BMRS FUELHH
2016-11-05T04:00:00Z,Nuclear,7850.000,Elexon BMRS FUELHH
2016-11-05T04:00:00Z,Other,938.000,Elexon BMRS FUELHH
2016-11-05T04:00:00Z,Pumped Storage,-1524.000,Elexon BMRS FUELHH
2016-11-05T04:00:00Z,Wind,4068.000,Elexon BMRS FUELHH
2016-11-05T04:30:00Z,Coal,3400.000,Elexon BMRS FUELHH
2016-11-05T04:30:00Z,Gas,6937.000,Elexon BMRS FUELHH
2016-11-05T04:30:00Z,Hydro,26.000,Elexon BMRS FUELHH
2016-11-05T04:30:00Z,Imports & Exports,846.000,Elexon BMRS FUELHH
2016-11-05T04:30:00Z,Nuclear,7847.000,Elexon BMRS FUELHH
2016-11-05T04:30:00Z,Other,951.000,Elexon BMRS FUELHH
2016-11-05T04:30:00Z,Pumped Storage,-1514.000,Elexon BMRS FUELHH
2016-11-05T04:30:00Z,Wind,4256.000,Elexon BMRS FUELHH
2016-11-05T05:00:00Z,Coal,3598.000,Elexon BMRS FUELHH
2016-11-05T05:00:00Z,Gas,6966.000,Elexon BMRS FUELHH
2016-11-05T05:00:00Z,Hydro,31.000,Elexon BMRS FUELHH
2016-11-05T05:00:00Z,Imports & Exports,708.000,Elexon BMRS FUELHH
2016-11-05T05:00:00Z,Nuclear,7849.000,Elexon BMRS FUELHH
2016-11-05T05:00:00Z,Other,957.000,Elexon BMRS FUELHH
2016-11-05T05:00:00Z,Pumped Storage,-1498.000,Elexon BMRS FUELHH
2016-11-05T05:00:00Z,Wind,4249.000,Elexon BMRS FUELHH
2016-11-05T05:30:00Z,Coal,3591.000,Elexon BMRS FUELHH
2016-11-05T05:30:00Z,Gas,7134.000,Elexon BMRS FUELHH
2016-11-05T05:30:00Z,Hydro,31.000,Elexon BMRS FUELHH
2016-11-05T05:30:00Z,Imports & Exports,700.000,Elexon BMRS FUELHH
2016-11-05T05:30:00Z,Nuclear,7844.000,Elexon BMRS FUELHH
2016-11-05T05:30:00Z,Other,963.000,Elexon BMRS FUELHH
2016-11-05T05:30:00Z,Pumped Storage,-1290.000,Elexon BMRS FUELHH
2016-11-05T05:30:00Z,Wind,4372.000,Elexon BMRS FUELHH
2016-11-05T06:00:00Z,Coal,3585.000,Elexon BMRS FUELHH
2016-11-05T06:00:00Z,Gas,7706.000,Elexon BMRS FUELHH
2016-11-05T06:00:00Z,Hydro,31.000,Elexon BMRS FUELHH
2016-11-05T06:00:00Z,Imports & Exports,700.000,Elexon BMRS FUELHH
2016-11-05T06:00:00Z,Nuclear,7847.000,Elexon BMRS FUELHH
2016-11-05T06:00:00Z,Other,965.000,Elexon BMRS FUELHH
2016-11-05T06:00:00Z,Pumped Storage,-376.000,Elexon BMRS FUELHH
2016-11-05T06:00:00Z,Wind,4364.000,Elexon BMRS FUELHH
2016-11-05T06:30:00Z,Coal,3498.000,Elexon BMRS FUELHH
2016-11-05T06:30:00Z,Gas,8525.000,Elexon BMRS FUELHH
2016-11-05T06:30:00Z,Hydro,44.000,Elexon BMRS FUELHH
2016-11-05T06:30:00Z,Imports & Exports,678.000,Elexon BMRS FUELHH
2016-11-05T06:30:00Z,Nuclear,7843.000,Elexon BMRS FUELHH
2016-11-05T06:30:00Z,Other,966.000,Elexon BMRS FUELHH
2016-11-05T06:30:00Z,Pumped Storage,28.000,Elexon BMRS FUELHH
2016-11-05T06:30:00Z,Wind,4490.000,Elexon BMRS FUELHH
2016-11-05T07:00:00Z,Coal,3411.000,Elexon BMRS FUELHH
2016-11-05T07:00:00Z,Gas,9723.000,Elexon BMRS FUELHH
2016-11-05T07:00:00Z,Hydro,140.000,Elexon BMRS FUELHH
2016-11-05T07:00:00Z,Imports & Exports,592.000,Elexon BMRS FUELHH
2016-11-05T07:00:00Z,Nuclear,7844.000,Elexon BMRS FUELHH
2016-11-05T07:00:00Z,Other,966.000,Elexon BMRS FUELHH
2016-11-05T07:00:00Z,Pumped Storage,264.000,Elexon BMRS FUELHH
2016-11-05T07:00:00Z,Wind,4601.000,Elexon BMRS FUELHH
2016-11-05T07:30:00Z,Coal,3509.000,Elexon BMRS FUELHH
2016-11-05T07:30:00Z,Gas,10863.000,Elexon BMRS FUELHH
2016-11-05T07:30:00Z,Hydro,150.000,Elexon BMRS FUELHH
2016-11-05T07:30:00Z,Imports & Exports,572.000,Elexon BMRS FUELHH
2016-11-05T07:30:00Z,Nuclear,7847.000,Elexon BMRS FUELHH
2016-11-05T07:30:00Z,Other,967.000,Elexon BMRS FUELHH
2016-11-05T07:30:00Z,Pumped Storage,350.000,Elexon BMRS FUELHH
2016-11-05T07:30:00Z,Wind,4590.000,Elexon BMRS FUELHH
2016-11-05T08:00:00Z,Coal,3608.000,Elexon BMRS FUELHH
2016-11-05T08:00:00Z,Gas,10958.000,Elexon BMRS FUELHH
2016-11-05T08:00:00Z,Hydro,152.000,Elexon BMRS FUELHH
2016-11-05T08:00:00Z,Imports & Exports,1762.000,Elexon BMRS FUELHH
2016-11-05T08:00:00Z,Nuclear,7849.000,Elexon BMRS FUELHH
2016-11-05T08:00:00Z,Other,968.000,Elexon BMRS FUELHH
2016-11-05T08:00:00Z,Pumped Storage,332.000,Elexon BMRS FUELHH
2016-11-05T08:00:00Z,Wind,4933.000,Elexon BMRS FUELHH
2016-11-05T08:30:00Z,Coal,3595.000,Elexon BMRS FUELHH
2016-11-05T08:30:00Z,Gas,11748.000,Elexon BMRS FUELHH
2016-11-05T08:30:00Z,Hydro,162.000,Elexon BMRS FUELHH
2016-11-05T08:30:00Z,Imports & Exports,1790.000,Elexon BMRS FUELHH
2016-11-05T08:30:00Z,Nuclear,7848.000,Elexon BMRS FUELHH
2016-11-05T08:30:00Z,Other,968.000,Elexon BMRS FUELHH
2016-11-05T08:30:00Z,Pumped Storage,330.000,Elexon BMRS FUELHH
2016-11-05T08:30:00Z,Wind,5329.000,Elexon BMRS FUELHH
2016-11-05T09:00:00Z,Coal,3525.000,Elexon BMRS FUELHH
2016-11-05T09:00:00Z,Gas,12073.000,Elexon BMRS FUELHH
2016-11-05T09:00:00Z,Hydro,223.000,Elexon BMRS FUELHH
2016-11-05T09:00:00Z,Imports & Exports,2062.000,Elexon BMRS FUELHH
2016-11-05T09:00:00Z,Nuclear,7845.000,Elexon BMRS FUELHH
2016-11-05T09:00:00Z,Other,969.000,Elexon BMRS FUELHH
2016-11-05T09:00:00Z,Pumped Storage,338.000,Elexon BMRS FUELHH
2016-11-05T09:00:00Z,Wind,5472.000,Elexon BMRS FUELHH
2016-11-05T09:30:00Z,Coal,3499.000,Elexon BMRS FUELHH
2016-11-05T09:30:00Z,Gas,11998.000,Elexon BMRS FUELHH
2016-11-05T09:30:00Z,Hydro,224.000,Elexon BMRS FUELHH
2016-11-05T09:30:00Z,Imports & Exports,1908.000,Elexon BMRS FUELHH
2016-11-05T09:30:00Z,Nuclear,7851.000,Elexon BMRS FUELHH
2016-11-05T09:30:00Z,Other,966.000,Elexon BMRS FUELHH
2016-11-05T09:30:00Z,Pumped Storage,330.000,Elexon BMRS FUELHH
2016-11-05T09:30:00Z,Wind,5617.000,Elexon BMRS FUELHH
2016-11-05T10:00:00Z,Coal,3312.000,Elexon BMRS FUELHH
2016-11-05T10:00:00Z,Gas,11636.000,Elexon BMRS FUELHH
2016-11-05T10:00:00Z,Hydro,196.000,Elexon BMRS FUELHH
2016-11-05T10:00:00Z,Imports & Exports,1994.000,Elexon BMRS FUELHH
2016-11-05T10:00:00Z,Nuclear,7838.000,Elexon BMRS FUELHH
2016-11-05T10:00:00Z,Other,966.000,Elexon BMRS FUELHH
2016-11-05T10:00:00Z,Pumped Storage,332.000,Elexon BMRS FUELHH
2016-11-05T10:00:00Z,Wind,5884.000,Elexon BMRS FUELHH
2016-11-05T10:30:00Z,Coal,3072.000,Elexon BMRS FUELHH
2016-11-05T10:30:00Z,Gas,11209.000,Elexon BMRS FUELHH
2016-11-05T10:30:00Z,Hydro,179.000,Elexon BMRS FUELHH
2016-11-05T10:30:00Z,Imports & Exports,1938.000,Elexon BMRS FUELHH
2016-11-05T10:30:00Z,Nuclear,7804.000,Elexon BMRS FUELHH
2016-11-05T10:30:00Z,Other,968.000,Elexon BMRS FUELHH
2016-11-05T10:30:00Z,Pumped Storage,336.000,Elexon BMRS FUELHH
2016-11-05T10:30:00Z,Wind,6200.000,Elexon BMRS FUELHH
2016-11-05T11:00:00Z,Coal,3059.000,Elexon BMRS FUELHH
2016-11-05T11:00:00Z,Gas,11143.000,Elexon BMRS FUELHH
2016-11-05T11:00:00Z,Hydro,91.000,Elexon BMRS FUELHH
2016-11-05T11:00:00Z,Imports & Exports,1614.000,Elexon BMRS FUELHH
2016-11-05T11:00:00Z,Nuclear,7807.000,Elexon BMRS FUELHH
2016-11-05T11:00:00Z,Other,967.000,Elexon BMRS FUELHH
2016-11-05T11:00:00Z,Pumped Storage,396.000,Elexon BMRS FUELHH
2016-11-05T11:00:00Z,Wind,6347.000,Elexon BMRS FUELHH
2016-11-05T11:30:00Z,Coal,3054.000,Elexon BMRS FUELHH
2016-11-05T11:30:00Z,Gas,11092.000,Elexon BMRS FUELHH
2016-11-05T11:30:00Z,Hydro,83.000,Elexon BMRS FUELHH
2016-11-05T11:30:00Z,Imports & Exports,1606.000,Elexon BMRS FUELHH
2016-11-05T11:30:00Z,Nuclear,7816.000,Elexon BMRS FUELHH
2016-11-05T11:30:00Z,Other,967.000,Elexon BMRS FUELHH
2016-11-05T11:30:00Z,Pumped Storage,384.000,Elexon BMRS FUELHH
2016-11-05T11:30:00Z,Wind,6388.000,Elexon BMRS FUELHH
2016-11-05T12:00:00Z,Coal,3262.000,Elexon BMRS FUELHH
2016-11-05T12:00:00Z,Gas,11001.000,Elexon BMRS FUELHH
2016-11-05T12:00:00Z,Hydro,80.000,Elexon BMRS FUELHH
2016-11-05T12:00:00Z,Imports & Exports,1630.000,Elexon BMRS FUELHH
2016-11-05T12:00:00Z,Nuclear,7819.000,Elexon BMRS FUELHH
2016-11-05T12:00:00Z,Other,966.000,Elexon BMRS FUELHH
2016-11-05T12:00:00Z,Pumped Storage,416.000,Elexon BMRS FUELHH
2016-11-05T12:00:00Z,Wind,6423.000,Elexon BMRS FUELHH
2016-11-05T12:30:00Z,Coal,3371.000,Elexon BMRS FUELHH
2016-11-05T12:30:00Z,Gas,10863.000,Elexon BMRS FUELHH
2016-11-05T12:30:00Z,Hydro,76.000,Elexon BMRS FUELHH
2016-11-05T12:30:00Z,Imports & Exports,1668.000,Elexon BMRS FUELHH
2016-11-05T12:30:00Z,Nuclear,7821.000,Elexon BMRS FUELHH
2016-11-05T12:30:00Z,Other,969.000,Elexon BMRS FUELHH
2016-11-05T12:30:00Z,Pumped Storage,442.000,Elexon BMRS FUELHH
2016-11-05T12:30:00Z,Wind,6373.000,Elexon BMRS FUELHH
2016-11-05T13:00:00Z,Coal,3401.000,Elexon BMRS FUELHH
2016-11-05T13:00:00Z,Gas,11745.000,Elexon BMRS FUELHH
2016-11-05T13:00:00Z,Hydro,45.000,Elexon BMRS FUELHH
2016-11-05T13:00:00Z,Imports & Exports,896.000,Elexon BMRS FUELHH
2016-11-05T13:00:00Z,Nuclear,7822.000,Elexon BMRS FUELHH
2016-11-05T13:00:00Z,Other,976.000,Elexon BMRS FUELHH
2016-11-05T13:00:00Z,Pumped Storage,440.000,Elexon BMRS FUELHH
2016-11-05T13:00:00Z,Wind,6413.000,Elexon BMRS FUELHH
2016-11-05T13:30:00Z,Coal,3282.000,Elexon BMRS FUELHH
2016-11-05T13:30:00Z,Gas,11700.000,Elexon BMRS FUELHH
2016-11-05T13:30:00Z,Hydro,42.000,Elexon BMRS FUELHH
2016-11-05T13:30:00Z,Imports & Exports,966.000,Elexon BMRS FUELHH
2016-11-05T13:30:00Z,Nuclear,7834.000,Elexon BMRS FUELHH
2016-11-05T13:30:00Z,Other,974.000,Elexon BMRS FUELHH
2016-11-05T13:30:00Z,Pumped Storage,434.000,Elexon BMRS FUELHH
2016-11-05T13:30:00Z,Wind,6417.000,Elexon BMRS FUELHH
2016-11-05T14:00:00Z,Coal,3401.000,Elexon BMRS FUELHH
2016-11-05T14:00:00Z,Gas,11209.000,Elexon BMRS FUELHH
2016-11-05T14:00:00Z,Hydro,42.000,Elexon BMRS FUELHH
2016-11-05T14:00:00Z,Imports & Exports,1524.000,Elexon BMRS FUELHH
2016-11-05T14:00:00Z,Nuclear,7853.000,Elexon BMRS FUELHH
2016-11-05T14:00:00Z,Other,968.000,Elexon BMRS FUELHH
2016-11-05T14:00:00Z,Pumped Storage,480.000,Elexon BMRS FUELHH
2016-11-05T14:00:00Z,Wind,6392.000,Elexon BMRS FUELHH
2016-11-05T14:30:00Z,Coal,3411.000,Elexon BMRS FUELHH
2016-11-05T14:30:00Z,Gas,11654.000,Elexon BMRS FUELHH
2016-11-05T14:30:00Z,Hydro,48.000,Elexon BMRS FUELHH
2016-11-05T14:30:00Z,Imports & Exports,1614.000,Elexon BMRS FUELHH
2016-11-05T14:30:00Z,Nuclear,7854.000,Elexon BMRS FUELHH
2016-11-05T14:30:00Z,Other,976.000,Elexon BMRS FUELHH
2016-11-05T14:30:00Z,Pumped Storage,562.000,Elexon BMRS FUELHH
2016-11-05T14:30:00Z,Wind,6223.000,Elexon BMRS FUELHH
2016-11-05T15:00:00Z,Coal,3494.000,Elexon BMRS FUELHH
2016-11-05T15:00:00Z,Gas,12620.000,Elexon BMRS FUELHH
2016-11-05T15:00:00Z,Hydro,116.000,Elexon BMRS FUELHH
2016-11-05T15:00:00Z,Imports & Exports,1458.000,Elexon BMRS FUELHH
2016-11-05T15:00:00Z,Nuclear,7856.000,Elexon BMRS FUELHH
2016-11-05T15:00:00Z,Other,977.000,Elexon BMRS FUELHH
2016-11-05T15:00:00Z,Pumped Storage,420.000,Elexon BMRS FUELHH
2016-11-05T15:00:00Z,Wind,6251.000,Elexon BMRS FUELHH
2016-11-05T15:30:00Z,Coal,3902.000,Elexon BMRS FUELHH
2016-11-05T15:30:00Z,Gas,13189.000,Elexon BMRS FUELHH
2016-11-05T15:30:00Z,Hydro,120.000,Elexon BMRS FUELHH
2016-11-05T15:30:00Z,Imports & Exports,1336.000,Elexon BMRS FUELHH
2016-11-05T15:30:00Z,Nuclear,7865.000,Elexon BMRS FUELHH
2016-11-05T15:30:00Z,Other,978.000,Elexon BMRS FUELHH
2016-11-05T15:30:00Z,Pumped Storage,422.000,Elexon BMRS FUELHH
2016-11-05T15:30:00Z,Wind,6200.000,Elexon BMRS FUELHH
2016-11-05T16:00:00Z,Coal,4364.000,Elexon BMRS FUELHH
2016-11-05T16:00:00Z,Gas,13136.000,Elexon BMRS FUELHH
2016-11-05T16:00:00Z,Hydro,151.000,Elexon BMRS FUELHH
2016-11-05T16:00:00Z,Imports & Exports,2636.000,Elexon BMRS FUELHH
2016-11-05T16:00:00Z,Nuclear,7875.000,Elexon BMRS FUELHH
2016-11-05T16:00:00Z,Other,1036.000,Elexon BMRS FUELHH
2016-11-05T16:00:00Z,Pumped Storage,344.000,Elexon BMRS FUELHH
2016-11-05T16:00:00Z,Wind,6134.000,Elexon BMRS FUELHH
2016-11-05T16:30:00Z,Coal,4813.000,Elexon BMRS FUELHH
2016-11-05T16:30:00Z,Gas,15074.000,Elexon BMRS FUELHH
2016-11-05T16:30:00Z,Hydro,242.000,Elexon BMRS FUELHH
2016-11-05T16:30:00Z,Imports & Exports,2784.000,Elexon BMRS FUELHH
2016-11-05T16:30:00Z,Nuclear,7886.000,Elexon BMRS FUELHH
2016-11-05T16:30:00Z,Other,1069.000,Elexon BMRS FUELHH
2016-11-05T16:30:00Z,Pumped Storage,728.000,Elexon BMRS FUELHH
2016-11-05T16:30:00Z,Wind,6105.000,Elexon BMRS FUELHH
2016-11-05T17:00:00Z,Coal,5004.000,Elexon BMRS FUELHH
2016-11-05T17:00:00Z,Gas,16431.000,Elexon BMRS FUELHH
2016-11-05T17:00:00Z,Hydro,408.000,Elexon BMRS FUELHH
2016-11-05T17:00:00Z,Imports & Exports,3102.000,Elexon BMRS FUELHH
2016-11-05T17:00:00Z,Nuclear,7908.000,Elexon BMRS FUELHH
2016-11-05T17:00:00Z,Other,1163.000,Elexon BMRS FUELHH
2016-11-05T17:00:00Z,Pumped Storage,856.000,Elexon BMRS FUELHH
2016-11-05T17:00:00Z,Wind,6066.000,Elexon BMRS FUELHH
2016-11-05T17:30:00Z,Coal,4662.000,Elexon BMRS FUELHH
2016-11-05T17:30:00Z,Gas,16834.000,Elexon BMRS FUELHH
2016-11-05T17:30:00Z,Hydro,409.000,Elexon BMRS FUELHH
2016-11-05T17:30:00Z,Imports & Exports,2924.000,Elexon BMRS FUELHH
2016-11-05T17:30:00Z,Nuclear,7906.000,Elexon BMRS FUELHH
2016-11-05T17:30:00Z,Other,1208.000,Elexon BMRS FUELHH
2016-11-05T17:30:00Z,Pumped Storage,1028.000,Elexon BMRS FUELHH
2016-11-05T17:30:00Z,Wind,5934.000,Elexon BMRS FUELHH
2016-11-05T18:00:00Z,Coal,4552.000,Elexon BMRS FUELHH
2016-11-05T18:00:00Z,Gas,16216.000,Elexon BMRS FUELHH
2016-11-05T18:00:00Z,Hydro,407.000,Elexon BMRS FUELHH
2016-11-05T18:00:00Z,Imports & Exports,2878.000,Elexon BMRS FUELHH
2016-11-05T18:00:00Z,Nuclear,7913.000,Elexon BMRS FUELHH
2016-11-05T18:00:00Z,Other,1121.000,Elexon BMRS FUELHH
2016-11-05T18:00:00Z,Pumped Storage,834.000,Elexon BMRS FUELHH
2016-11-05T18:00:00Z,Wind,5880.000,Elexon BMRS FUELHH
2016-11-05T18:30:00Z,Coal,4512.000,Elexon BMRS FUELHH
2016-11-05T18:30:00Z,Gas,15074.000,Elexon BMRS FUELHH
2016-11-05T18:30:00Z,Hydro,309.000,Elexon BMRS FUELHH
2016-11-05T18:30:00Z,Imports & Exports,2886.000,Elexon BMRS FUELHH
2016-11-05T18:30:00Z,Nuclear,7916.000,Elexon BMRS FUELHH
2016-11-05T18:30:00Z,Other,1139.000,Elexon BMRS FUELHH
2016-11-05T18:30:00Z,Pumped Storage,454.000,Elexon BMRS FUELHH
2016-11-05T18:30:00Z,Wind,5902.000,Elexon BMRS FUELHH
2016-11-05T19:00:00Z,Coal,4459.000,Elexon BMRS FUELHH
2016-11-05T19:00:00Z,Gas,14079.000,Elexon BMRS FUELHH
2016-11-05T19:00:00Z,Hydro,245.000,Elexon BMRS FUELHH
2016-11-05T19:00:00Z,Imports & Exports,2570.000,Elexon BMRS FUELHH
2016-11-05T19:00:00Z,Nuclear,7918.000,Elexon BMRS FUELHH
2016-11-05T19:00:00Z,Other,1171.000,Elexon BMRS FUELHH
2016-11-05T19:00:00Z,Pumped Storage,418.000,Elexon BMRS FUELHH
2016-11-05T19:00:00Z,Wind,5892.000,Elexon BMRS FUELHH
2016-11-05T19:30:00Z,Coal,3937.000,Elexon BMRS FUELHH
2016-11-05T19:30:00Z,Gas,13566.000,Elexon BMRS FUELHH
2016-11-05T19:30:00Z,Hydro,240.000,Elexon BMRS FUELHH
2016-11-05T19:30:00Z,Imports & Exports,2296.000,Elexon BMRS FUELHH
2016-11-05T19:30:00Z,Nuclear,7923.000,Elexon BMRS FUELHH
2016-11-05T19:30:00Z,Other,1184.000,Elexon BMRS FUELHH
2016-11-05T19:30:00Z,Pumped Storage,428.000,Elexon BMRS FUELHH
2016-11-05T19:30:00Z,Wind,5994.000,Elexon BMRS FUELHH
2016-11-05T20:00:00Z,Coal,3861.000,Elexon BMRS FUELHH
2016-11-05T20:00:00Z,Gas,13607.000,Elexon BMRS FUELHH
2016-11-05T20:00:00Z,Hydro,219.000,Elexon BMRS FUELHH
2016-11-05T20:00:00Z,Imports & Exports,1388.000,Elexon BMRS FUELHH
2016-11-05T20:00:00Z,Nuclear,7919.000,Elexon BMRS FUELHH
2016-11-05T20:00:00Z,Other,1251.000,Elexon BMRS FUELHH
2016-11-05T20:00:00Z,Pumped Storage,582.000,Elexon BMRS FUELHH
2016-11-05T20:00:00Z,Wind,6091.000,Elexon BMRS FUELHH
2016-11-05T20:30:00Z,Coal,3837.000,Elexon BMRS FUELHH
2016-11-05T20:30:00Z,Gas,12879.000,Elexon BMRS FUELHH
2016-11-05T20:30:00Z,Hydro,180.000,Elexon BMRS FUELHH
2016-11-05T20:30:00Z,Imports & Exports,1408.000,Elexon BMRS FUELHH
2016-11-05T20:30:00Z,Nuclear,7919.000,Elexon BMRS FUELHH
2016-11-05T20:30:00Z,Other,1298.000,Elexon BMRS FUELHH
2016-11-05T20:30:00Z,Pumped Storage,422.000,Elexon BMRS FUELHH
2016-11-05T20:30:00Z,Wind,6181.000,Elexon BMRS FUELHH
2016-11-05T21:00:00Z,Coal,3712.000,Elexon BMRS FUELHH
2016-11-05T21:00:00Z,Gas,12461.000,Elexon BMRS FUELHH
2016-11-05T21:00:00Z,Hydro,39.000,Elexon BMRS FUELHH
2016-11-05T21:00:00Z,Imports & Exports,858.000,Elexon BMRS FUELHH
2016-11-05T21:00:00Z,Nuclear,7921.000,Elexon BMRS FUELHH
2016-11-05T21:00:00Z,Other,1313.000,Elexon BMRS FUELHH
2016-11-05T21:00:00Z,Pumped Storage,560.000,Elexon BMRS FUELHH
2016-11-05T21:00:00Z,Wind,6175.000,Elexon BMRS FUELHH
2016-11-05T21:30:00Z,Coal,3468.000,Elexon BMRS FUELHH
2016-11-05T21:30:00Z,Gas,11644.000,Elexon BMRS FUELHH
2016-11-05T21:30:00Z,Hydro,38.000,Elexon BMRS FUELHH
2016-11-05T21:30:00Z,Imports & Exports,922.000,Elexon BMRS FUELHH
2016-11-05T21:30:00Z,Nuclear,7924.000,Elexon BMRS FUELHH
2016-11-05T21:30:00Z,Other,1368.000,Elexon BMRS FUELHH
2016-11-05T21:30:00Z,Pumped Storage,338.000,Elexon BMRS FUELHH
2016-11-05T21:30:00Z,Wind,6168.000,Elexon BMRS FUELHH
2016-11-05T22:00:00Z,Coal,3132.000,Elexon BMRS FUELHH
2016-11-05T22:00:00Z,Gas,10860.000,Elexon BMRS FUELHH
2016-11-05T22:00:00Z,Hydro,38.000,Elexon BMRS FUELHH
2016-11-05T22:00:00Z,Imports & Exports,752.000,Elexon BMRS FUELHH
2016-11-05T22:00:00Z,Nuclear,7927.000,Elexon BMRS FUELHH
2016-11-05T22:00:00Z,Other,1406.000,Elexon BMRS FUELHH
2016-11-05T22:00:00Z,Pumped Storage,334.000,Elexon BMRS FUELHH
2016-11-05T22:00:00Z,Wind,6097.000,Elexon BMRS FUELHH
2016-11-05T22:30:00Z,Coal,2876.000,Elexon BMRS FUELHH
2016-11-05T22:30:00Z,Gas,9884.000,Elexon BMRS FUELHH
2016-11-05T22:30:00Z,Hydro,38.000,Elexon BMRS FUELHH
2016-11-05T22:30:00Z,Imports & Exports,794.000,Elexon BMRS FUELHH
2016-11-05T22:30:00Z,Nuclear,7919.000,Elexon BMRS FUELHH
2016-11-05T22:30:00Z,Other,1453.000,Elexon BMRS FUELHH
2016-11-05T22:30:00Z,Pumped Storage,304.000,Elexon BMRS FUELHH
2016-11-05T22:30:00Z,Wind,6125.000,Elexon BMRS FUELHH
2016-11-05T23:00:00Z,Coal,2241.000,Elexon BMRS FUELHH
2016-11-05T23:00:00Z,Gas,8018.000,Elexon BMRS FUELHH
2016-11-05T23:00:00Z,Hydro,39.000,Elexon BMRS FUELHH
2016-11-05T23:00:00Z,Imports & Exports,2090.000,Elexon BMRS FUELHH
2016-11-05T23:00:00Z,Nuclear,7922.000,Elexon BMRS FUELHH
2016-11-05T23:00:00Z,Other,1456.000,Elexon BMRS FUELHH
2016-11-05T23:00:00Z,Pumped Storage,-58.000,Elexon BMRS FUELHH
2016-11-05T23:00:00Z,Wind,6234.000,Elexon BMRS FUELHH
2016-11-05T23:30:00Z,Coal,2087.000,Elexon BMRS FUELHH
2016-11-05T23:30:00Z,Gas,6949.000,Elexon BMRS FUELHH
2016-11-05T23:30:00Z,Hydro,39.000,Elexon BMRS FUELHH
2016-11-05T23:30:00Z,Imports & Exports,2288.000,Elexon BMRS FUELHH
2016-11-05T23:30:00Z,Nuclear,7913.000,Elexon BMRS FUELHH
2016-11-05T23:30:00Z,Other,1319.000,Elexon BMRS FUELHH
2016-11-05T23:30:00Z,Pumped Storage,-142.000,Elexon BMRS FUELHH
2016-11-05T23:30:00Z,Wind,6209.000,Elexon BMRS FUELHH
2016-11-06T00:00:00Z,Coal,2451.000,Elexon BMRS FUELHH
2016-11-06T00:00:00Z,Gas,7122.000,Elexon BMRS FUELHH
2016-11-06T00:00:00Z,Hydro,39.000,Elexon BMRS FUELHH
2016-11-06T00:00:00Z,Imports & Exports,1944.000,Elexon BMRS FUELHH
2016-11-06T00:00:00Z,Nuclear,7914.000,Elexon BMRS FUELHH
2016-11-06T00:00:00Z,Other,1199.000,Elexon BMRS FUELHH
2016-11-06T00:00:00Z,Pumped Storage,-698.000,Elexon BMRS FUELHH
2016-11-06T00:00:00Z,Wind,6281.000,Elexon BMRS FUELHH
2016-11-06T00:30:00Z,Coal,2481.000,Elexon BMRS FUELHH
2016-11-06T00:30:00Z,Gas,7465.000,Elexon BMRS FUELHH
2016-11-06T00:30:00Z,Hydro,39.000,Elexon BMRS FUELHH
2016-11-06T00:30:00Z,Imports & Exports,1922.000,Elexon BMRS FUELHH
2016-11-06T00:30:00Z,Nuclear,7914.000,Elexon BMRS FUELHH
2016-11-06T00:30:00Z,Other,1209.000,Elexon BMRS FUELHH
2016-11-06T00:30:00Z,Pumped Storage,-958.000,Elexon BMRS FUELHH
2016-11-06T00:30:00Z,Wind,6206.000,Elexon BMRS FUELHH
2016-11-06T01:00:00Z,Coal,2437.000,Elexon BMRS FUELHH
2016-11-06T01:00:00Z,Gas,7327.000,Elexon BMRS FUELHH
2016-11-06T01:00:00Z,Hydro,25.000,Elexon BMRS FUELHH
2016-11-06T01:00:00Z,Imports & Exports,1854.000,Elexon BMRS FUELHH
2016-11-06T01:00:00Z,Nuclear,7913.000,Elexon BMRS FUELHH
2016-11-06T01:00:00Z,Other,1209.000,Elexon BMRS FUELHH
2016-11-06T01:00:00Z,Pumped Storage,-1274.000,Elexon BMRS FUELHH
2016-11-06T01:00:00Z,Wind,6194.000,Elexon BMRS FUELHH
2016-11-06T01:30:00Z,Coal,2424.000,Elexon BMRS FUELHH
2016-11-06T01:30:00Z,Gas,6974.000,Elexon BMRS FUELHH
2016-11-06T01:30:00Z,Hydro,24.000,Elexon BMRS FUELHH
2016-11-06T01:30:00Z,Imports & Exports,1836.000,Elexon BMRS FUELHH
2016-11-06T01:30:00Z,Nuclear,7911.000,Elexon BMRS FUELHH
2016-11-06T01:30:00Z,Other,1210.000,Elexon BMRS FUELHH
2016-11-06T01:30:00Z,Pumped Storage,-1644.000,Elexon BMRS FUELHH
2016-11-06T01:30:00Z,Wind,6153.000,Elexon BMRS FUELHH
2016-11-06T02:00:00Z,Coal,2395.000,Elexon BMRS FUELHH
2016-11-06T02:00:00Z,Gas,6598.000,Elexon BMRS FUELHH
2016-11-06T02:00:00Z,Hydro,24.000,Elexon BMRS FUELHH
2016-11-06T02:00:00Z,Imports & Exports,1670.000,Elexon BMRS FUELHH
2016-11-06T02:00:00Z,Nuclear,7918.000,Elexon BMRS FUELHH
2016-11-06T02:00:00Z,Other,1207.000,Elexon BMRS FUELHH
2016-11-06T02:00:00Z,Pumped Storage,-1788.000,Elexon BMRS FUELHH
2016-11-06T02:00:00Z,Wind,6195.000,Elexon BMRS FUELHH
2016-11-06T02:30:00Z,Coal,2400.000,Elexon BMRS FUELHH
2016-11-06T02:30:00Z,Gas,6271.000,Elexon BMRS FUELHH
2016-11-06T02:30:00Z,Hydro,24.000,Elexon BMRS FUELHH
2016-11-06T02:30:00Z,Imports & Exports,1648.000,Elexon BMRS FUELHH
2016-11-06T02:30:00Z,Nuclear,7915.000,Elexon BMRS FUELHH
2016-11-06T02:30:00Z,Other,1209.000,Elexon BMRS FUELHH
2016-11-06T02:30:00Z,Pumped Storage,-1782.000,Elexon BMRS FUELHH
2016-11-06T02:30:00Z,Wind,6209.000,Elexon BMRS FUELHH
2016-11-06T03:00:00Z,Coal,2428.000,Elexon BMRS FUELHH
2016-11-06T03:00:00Z,Gas,6467.000,Elexon BMRS FUELHH
2016-11-06T03:00:00Z,Hydro,24.000,Elexon BMRS FUELHH
2016-11-06T03:00:00Z,Imports & Exports,870.000,Elexon BMRS FUELHH
2016-11-06T03:00:00Z,Nuclear,7911.000,Elexon BMRS FUELHH
2016-11-06T03:00:00Z,Other,1102.000,Elexon BMRS FUELHH
2016-11-06T03:00:00Z,Pumped Storage,-1608.000,Elexon BMRS FUELHH
2016-11-06T03:00:00Z,Wind,6096.000,Elexon BMRS FUELHH
2016-11-06T03:30:00Z,Coal,2289.000,Elexon BMRS FUELHH
2016-11-06T03:30:00Z,Gas,6133.000,Elexon BMRS FUELHH
2016-11-06T03:30:00Z,Hydro,24.000,Elexon BMRS FUELHH
2016-11-06T03:30:00Z,Imports & Exports,696.000,Elexon BMRS FUELHH
2016-11-06T03:30:00Z,Nuclear,7921.000,Elexon BMRS FUELHH
2016-11-06T03:30:00Z,Other,1125.000,Elexon BMRS FUELHH
2016-11-06T03:30:00Z,Pumped Storage,-1618.000,Elexon BMRS FUELHH
2016-11-06T03:30:00Z,Wind,6102.000,Elexon BMRS FUELHH
2016-11-06T04:00:00Z,Coal,2317.000,Elexon BMRS FUELHH
2016-11-06T04:00:00Z,Gas,6388.000,Elexon BMRS FUELHH
2016-11-06T04:00:00Z,Hydro,24.000,Elexon BMRS FUELHH
2016-11-06T04:00:00Z,Imports & Exports,30.000,Elexon BMRS FUELHH
2016-11-06T04:00:00Z,Nuclear,7915.000,Elexon BMRS FUELHH
2016-11-06T04:00:00Z,Other,1205.000,Elexon BMRS FUELHH
2016-11-06T04:00:00Z,Pumped Storage,-1606.000,Elexon BMRS FUELHH
2016-11-06T04:00:00Z,Wind,6017.000,Elexon BMRS FUELHH
2016-11-06T04:30:00Z,Coal,2178.000,Elexon BMRS FUELHH
2016-11-06T04:30:00Z,Gas,6425.000,Elexon BMRS FUELHH
2016-11-06T04:30:00Z,Hydro,24.000,Elexon BMRS FUELHH
2016-11-06T04:30:00Z,Imports & Exports,30.000,Elexon BMRS FUELHH
2016-11-06T04:30:00Z,Nuclear,7917.000,Elexon BMRS FUELHH
2016-11-06T04:30:00Z,Other,1168.000,Elexon BMRS FUELHH
2016-11-06T04:30:00Z,Pumped Storage,-1608.000,Elexon BMRS FUELHH
2016-11-06T04:30:00Z,Wind,6007.000,Elexon BMRS FUELHH
2016-11-06T05:00:00Z,Coal,2332.000,Elexon BMRS FUELHH
2016-11-06T05:00:00Z,Gas,6514.000,Elexon BMRS FUELHH
2016-11-06T05:00:00Z,Hydro,24.000,Elexon BMRS FUELHH
2016-11-06T05:00:00Z,Imports & Exports,112.000,Elexon BMRS FUELHH
2016-11-06T05:00:00Z,Nuclear,7913.000,Elexon BMRS FUELHH
2016-11-06T05:00:00Z,Other,1137.000,Elexon BMRS FUELHH
2016-11-06T05:00:00Z,Pumped Storage,-1746.000,Elexon BMRS FUELHH
2016-11-06T05:00:00Z,Wind,5958.000,Elexon BMRS FUELHH
2016-11-06T05:30:00Z,Coal,2260.000,Elexon BMRS FUELHH
2016-11-06T05:30:00Z,Gas,6626.000,Elexon BMRS FUELHH
2016-11-06T05:30:00Z,Hydro,24.000,Elexon BMRS FUELHH
2016-11-06T05:30:00Z,Imports & Exports,210.000,Elexon BMRS FUELHH
2016-11-06T05:30:00Z,Nuclear,7925.000,Elexon BMRS FUELHH
2016-11-06T05:30:00Z,Other,1108.000,Elexon BMRS FUELHH
2016-11-06T05:30:00Z,Pumped Storage,-1744.000,Elexon BMRS FUELHH
2016-11-06T05:30:00Z,Wind,6043.000,Elexon BMRS FUELHH
2016-11-06T06:00:00Z,Coal,2329.000,Elexon BMRS FUELHH
2016-11-06T06:00:00Z,Gas,6269.000,Elexon BMRS FUELHH
2016-11-06T06:00:00Z,Hydro,24.000,Elexon BMRS FUELHH
2016-11-06T06:00:00Z,Imports & Exports,1340.000,Elexon BMRS FUELHH
2016-11-06T06:00:00Z,Nuclear,7924.000,Elexon BMRS FUELHH
2016-11-06T06:00:00Z,Other,1095.000,Elexon BMRS FUELHH
2016-11-06T06:00:00Z,Pumped Storage,-1738.000,Elexon BMRS FUELHH
2016-11-06T06:00:00Z,Wind,6102.000,Elexon BMRS FUELHH
2016-11-06T06:30:00Z,Coal,2384.000,Elexon BMRS FUELHH
2016-11-06T06:30:00Z,Gas,6867.000,Elexon BMRS FUELHH
2016-11-06T06:30:00Z,Hydro,33.000,Elexon BMRS FUELHH
2016-11-06T06:30:00Z,Imports & Exports,1332.000,Elexon BMRS FUELHH
2016-11-06T06:30:00Z,Nuclear,7924.000,Elexon BMRS FUELHH
2016-11-06T06:30:00Z,Other,1104.000,Elexon BMRS FUELHH
2016-11-06T06:30:00Z,Pumped Storage,-1506.000,Elexon BMRS FUELHH
2016-11-06T06:30:00Z,Wind,5919.000,Elexon BMRS FUELHH
2016-11-06T07:00:00Z,Coal,2421.000,Elexon BMRS FUELHH
2016-11-06T07:00:00Z,Gas,7428.000,Elexon BMRS FUELHH
2016-11-06T07:00:00Z,Hydro,117.000,Elexon BMRS FUELHH
2016-11-06T07:00:00Z,Imports & Exports,1206.000,Elexon BMRS FUELHH
2016-11-06T07:00:00Z,Nuclear,7932.000,Elexon BMRS FUELHH
2016-11-06T07:00:00Z,Other,1105.000,Elexon BMRS FUELHH
2016-11-06T07:00:00Z,Pumped Storage,-1176.000,Elexon BMRS FUELHH
2016-11-06T07:00:00Z,Wind,5811.000,Elexon BMRS FUELHH
2016-11-06T07:30:00Z,Coal,2463.000,Elexon BMRS FUELHH
2016-11-06T07:30:00Z,Gas,7939.000,Elexon BMRS FUELHH
2016-11-06T07:30:00Z,Hydro,132.000,Elexon BMRS FUELHH
2016-11-06T07:30:00Z,Imports & Exports,1164.000,Elexon BMRS FUELHH
2016-11-06T07:30:00Z,Nuclear,7927.000,Elexon BMRS FUELHH
2016-11-06T07:30:00Z,Other,1107.000,Elexon BMRS FUELHH
2016-11-06T07:30:00Z,Pumped Storage,-702.000,Elexon BMRS FUELHH
2016-11-06T07:30:00Z,Wind,5658.000,Elexon BMRS FUELHH
2016-11-06T08:00:00Z,Coal,2370.000,Elexon BMRS FUELHH
2016-11-06T08:00:00Z,Gas,7543.000,Elexon BMRS FUELHH
2016-11-06T08:00:00Z,Hydro,151.000,Elexon BMRS FUELHH
2016-11-06T08:00:00Z,Imports & Exports,1994.000,Elexon BMRS FUELHH
2016-11-06T08:00:00Z,Nuclear,7930.000,Elexon BMRS FUELHH
2016-11-06T08:00:00Z,Other,1106.000,Elexon BMRS FUELHH
2016-11-06T08:00:00Z,Pumped Storage,224.000,Elexon BMRS FUELHH
2016-11-06T08:00:00Z,Wind,5570.000,Elexon BMRS FUELHH
2016-11-06T08:30:00Z,Coal,2751.000,Elexon BMRS FUELHH
2016-11-06T08:30:00Z,Gas,8330.000,Elexon BMRS FUELHH
2016-11-06T08:30:00Z,Hydro,157.000,Elexon BMRS FUELHH
2016-11-06T08:30:00Z,Imports & Exports,2048.000,Elexon BMRS FUELHH
2016-11-06T08:30:00Z,Nuclear,7927.000,Elexon BMRS FUELHH
2016-11-06T08:30:00Z,Other,1105.000,Elexon BMRS FUELHH
2016-11-06T08:30:00Z,Pumped Storage,334.000,Elexon BMRS FUELHH
2016-11-06T08:30:00Z,Wind,5585.000,Elexon BMRS FUELHH
2016-11-06T09:00:00Z,Coal,2768.000,Elexon BMRS FUELHH
2016-11-06T09:00:00Z,Gas,8238.000,Elexon BMRS FUELHH
2016-11-06T09:00:00Z,Hydro,190.000,Elexon BMRS FUELHH
2016-11-06T09:00:00Z,Imports & Exports,2972.000,Elexon BMRS FUELHH
2016-11-06T09:00:00Z,Nuclear,7926.000,Elexon BMRS FUELHH
2016-11-06T09:00:00Z,Other,1105.000,Elexon BMRS FUELHH
2016-11-06T09:00:00Z,Pumped Storage,334.000,Elexon BMRS FUELHH
2016-11-06T09:00:00Z,Wind,5854.000,Elexon BMRS FUELHH
2016-11-06T09:30:00Z,Coal,2941.000,Elexon BMRS FUELHH
2016-11-06T09:30:00Z,Gas,8678.000,Elexon BMRS FUELHH
2016-11-06T09:30:00Z,Hydro,190.000,Elexon BMRS FUELHH
2016-11-06T09:30:00Z,Imports & Exports,2870.000,Elexon BMRS FUELHH
2016-11-06T09:30:00Z,Nuclear,7928.000,Elexon BMRS FUELHH
2016-11-06T09:30:00Z,Other,1104.000,Elexon BMRS FUELHH
2016-11-06T09:30:00Z,Pumped Storage,334.000,Elexon BMRS FUELHH
2016-11-06T09:30:00Z,Wind,5980.000,Elexon BMRS FUELHH
2016-11-06T10:00:00Z,Coal,3061.000,Elexon BMRS FUELHH
2016-11-06T10:00:00Z,Gas,8956.000,Elexon BMRS FUELHH
2016-11-06T10:00:00Z,Hydro,189.000,Elexon BMRS FUELHH
2016-11-06T10:00:00Z,Imports & Exports,2950.000,Elexon BMRS FUELHH
2016-11-06T10:00:00Z,Nuclear,7928.000,Elexon BMRS FUELHH
2016-11-06T10:00:00Z,Other,1104.000,Elexon BMRS FUELHH
2016-11-06T10:00:00Z,Pumped Storage,336.000,Elexon BMRS FUELHH
2016-11-06T10:00:00Z,Wind,5994.000,Elexon BMRS FUELHH
2016-11-06T10:30:00Z,Coal,3150.000,Elexon BMRS FUELHH
2016-11-06T10:30:00Z,Gas,9116.000,Elexon BMRS FUELHH
2016-11-06T10:30:00Z,Hydro,189.000,Elexon BMRS FUELHH
2016-11-06T10:30:00Z,Imports & Exports,2942.000,Elexon BMRS FUELHH
2016-11-06T10:30:00Z,Nuclear,7928.000,Elexon BMRS FUELHH
2016-11-06T10:30:00Z,Other,1104.000,Elexon BMRS FUELHH
2016-11-06T10:30:00Z,Pumped Storage,360.000,Elexon BMRS FUELHH
2016-11-06T10:30:00Z,Wind,6123.000,Elexon BMRS FUELHH
2016-11-06T11:00:00Z,Coal,3142.000,Elexon BMRS FUELHH
2016-11-06T11:00:00Z,Gas,9588.000,Elexon BMRS FUELHH
2016-11-06T11:00:00Z,Hydro,154.000,Elexon BMRS FUELHH
2016-11-06T11:00:00Z,Imports & Exports,2884.000,Elexon BMRS FUELHH
2016-11-06T11:00:00Z,Nuclear,7925.000,Elexon BMRS FUELHH
2016-11-06T11:00:00Z,Other,1104.000,Elexon BMRS FUELHH
2016-11-06T11:00:00Z,Pumped Storage,398.000,Elexon BMRS FUELHH
2016-11-06T11:00:00Z,Wind,6431.000,Elexon BMRS FUELHH
2016-11-06T11:30:00Z,Coal,3176.000,Elexon BMRS FUELHH
2016-11-06T11:30:00Z,Gas,10179.000,Elexon BMRS FUELHH
2016-11-06T11:30:00Z,Hydro,152.000,Elexon BMRS FUELHH
2016-11-06T11:30:00Z,Imports & Exports,3024.000,Elexon BMRS FUELHH
2016-11-06T11:30:00Z,Nuclear,7927.000,Elexon BMRS FUELHH
2016-11-06T11:30:00Z,Other,1104.000,Elexon BMRS FUELHH
2016-11-06T11:30:00Z,Pumped Storage,384.000,Elexon BMRS FUELHH
2016-11-06T11:30:00Z,Wind,6590.000,Elexon BMRS FUELHH
2016-11-06T12:00:00Z,Coal,3300.000,Elexon BMRS FUELHH
2016-11-06T12:00:00Z,Gas,10901.000,Elexon BMRS FUELHH
2016-11-06T12:00:00Z,Hydro,131.000,Elexon BMRS FUELHH
2016-11-06T12:00:00Z,Imports & Exports,3208.000,Elexon BMRS FUELHH
2016-11-06T12:00:00Z,Nuclear,7933.000,Elexon BMRS FUELHH
2016-11-06T12:00:00Z,Other,1104.000,Elexon BMRS FUELHH
2016-11-06T12:00:00Z,Pumped Storage,416.000,Elexon BMRS FUELHH
2016-11-06T12:00:00Z,Wind,6451.000,Elexon BMRS FUELHH
2016-11-06T12:30:00Z,Coal,3434.000,Elexon BMRS FUELHH
2016-11-06T12:30:00Z,Gas,11577.000,Elexon BMRS FUELHH
2016-11-06T12:30:00Z,Hydro,124.000,Elexon BMRS FUELHH
2016-11-06T12:30:00Z,Imports & Exports,3130.000,Elexon BMRS FUELHH
2016-11-06T12:30:00Z,Nuclear,7930.000,Elexon BMRS FUELHH
2016-11-06T12:30:00Z,Other,1140.000,Elexon BMRS FUELHH
2016-11-06T12:30:00Z,Pumped Storage,592.000,Elexon BMRS FUELHH
2016-11-06T12:30:00Z,Wind,6249.000,Elexon BMRS FUELHH
2016-11-06T13:00:00Z,Coal,3442.000,Elexon BMRS FUELHH
2016-11-06T13:00:00Z,Gas,12504.000,Elexon BMRS FUELHH
2016-11-06T13:00:00Z,Hydro,62.000,Elexon BMRS FUELHH
2016-11-06T13:00:00Z,Imports & Exports,2992.000,Elexon BMRS FUELHH
2016-11-06T13:00:00Z,Nuclear,7933.000,Elexon BMRS FUELHH
2016-11-06T13:00:00Z,Other,1152.000,Elexon BMRS FUELHH
2016-11-06T13:00:00Z,Pumped Storage,440.000,Elexon BMRS FUELHH
2016-11-06T13:00:00Z,Wind,6155.000,Elexon BMRS FUELHH
2016-11-06T13:30:00Z,Coal,3448.000,Elexon BMRS FUELHH
2016-11-06T13:30:00Z,Gas,12662.000,Elexon BMRS FUELHH
2016-11-06T13:30:00Z,Hydro,61.000,Elexon BMRS FUELHH
2016-11-06T13:30:00Z,Imports & Exports,2996.000,Elexon BMRS FUELHH
2016-11-06T13:30:00Z,Nuclear,7929.000,Elexon BMRS FUELHH
2016-11-06T13:30:00Z,Other,1153.000,Elexon BMRS FUELHH
2016-11-06T13:30:00Z,Pumped Storage,374.000,Elexon BMRS FUELHH
2016-11-06T13:30:00Z,Wind,6188.000,Elexon BMRS FUELHH
2016-11-06T14:00:00Z,Coal,3382.000,Elexon BMRS FUELHH
2016-11-06T14:00:00Z,Gas,13228.000,Elexon BMRS FUELHH
2016-11-06T14:00:00Z,Hydro,61.000,Elexon BMRS FUELHH
2016-11-06T14:00:00Z,Imports & Exports,3016.000,Elexon BMRS FUELHH
2016-11-06T14:00:00Z,Nuclear,7929.000,Elexon BMRS FUELHH
2016-11-06T14:00:00Z,Other,1151.000,Elexon BMRS FUELHH
2016-11-06T14:00:00Z,Pumped Storage,504.000,Elexon BMRS FUELHH
2016-11-06T14:00:00Z,Wind,6059.000,Elexon BMRS FUELHH
2016-11-06T14:30:00Z,Coal,3573.000,Elexon BMRS FUELHH
2016-11-06T14:30:00Z,Gas,13636.000,Elexon BMRS FUELHH
2016-11-06T14:30:00Z,Hydro,61.000,Elexon BMRS FUELHH
2016-11-06T14:30:00Z,Imports & Exports,2974.000,Elexon BMRS FUELHH
2016-11-06T14:30:00Z,Nuclear,7923.000,Elexon BMRS FUELHH
2016-11-06T14:30:00Z,Other,1153.000,Elexon BMRS FUELHH
2016-11-06T14:30:00Z,Pumped Storage,348.000,Elexon BMRS FUELHH
2016-11-06T14:30:00Z,Wind,5937.000,Elexon BMRS FUELHH
2016-11-06T15:00:00Z,Coal,4016.000,Elexon BMRS FUELHH
2016-11-06T15:00:00Z,Gas,13789.000,Elexon BMRS FUELHH
2016-11-06T15:00:00Z,Hydro,66.000,Elexon BMRS FUELHH
2016-11-06T15:00:00Z,Imports & Exports,3100.000,Elexon BMRS FUELHH
2016-11-06T15:00:00Z,Nuclear,7924.000,Elexon BMRS FUELHH
2016-11-06T15:00:00Z,Other,1155.000,Elexon BMRS FUELHH
2016-11-06T15:00:00Z,Pumped Storage,396.000,Elexon BMRS FUELHH
2016-11-06T15:00:00Z,Wind,5839.000,Elexon BMRS FUELHH
2016-11-06T15:30:00Z,Coal,4283.000,Elexon BMRS FUELHH
2016-11-06T15:30:00Z,Gas,14697.000,Elexon BMRS FUELHH
2016-11-06T15:30:00Z,Hydro,94.000,Elexon BMRS FUELHH
2016-11-06T15:30:00Z,Imports & Exports,3176.000,Elexon BMRS FUELHH
2016-11-06T15:30:00Z,Nuclear,7922.000,Elexon BMRS FUELHH
2016-11-06T15:30:00Z,Other,1154.000,Elexon BMRS FUELHH
2016-11-06T15:30:00Z,Pumped Storage,388.000,Elexon BMRS FUELHH
2016-11-06T15:30:00Z,Wind,5706.000,Elexon BMRS FUELHH
2016-11-06T16:00:00Z,Coal,5014.000,Elexon BMRS FUELHH
2016-11-06T16:00:00Z,Gas,16147.000,Elexon BMRS FUELHH
2016-11-06T16:00:00Z,Hydro,132.000,Elexon BMRS FUELHH
2016-11-06T16:00:00Z,Imports & Exports,2994.000,Elexon BMRS FUELHH
2016-11-06T16:00:00Z,Nuclear,7920.000,Elexon BMRS FUELHH
2016-11-06T16:00:00Z,Other,1157.000,Elexon BMRS FUELHH
2016-11-06T16:00:00Z,Pumped Storage,358.000,Elexon BMRS FUELHH
2016-11-06T16:00:00Z,Wind,5558.000,Elexon BMRS FUELHH
2016-11-06T16:30:00Z,Coal,5658.000,Elexon BMRS FUELHH
2016-11-06T16:30:00Z,Gas,17916.000,Elexon BMRS FUELHH
2016-11-06T16:30:00Z,Hydro,162.000,Elexon BMRS FUELHH
2016-11-06T16:30:00Z,Imports & Exports,3008.000,Elexon BMRS FUELHH
2016-11-06T16:30:00Z,Nuclear,7921.000,Elexon BMRS FUELHH
2016-11-06T16:30:00Z,Other,1153.000,Elexon BMRS FUELHH
2016-11-06T16:30:00Z,Pumped Storage,352.000,Elexon BMRS FUELHH
2016-11-06T16:30:00Z,Wind,5461.000,Elexon BMRS FUELHH
2016-11-06T17:00:00Z,Coal,5737.000,Elexon BMRS FUELHH
2016-11-06T17:00:00Z,Gas,18853.000,Elexon BMRS FUELHH
2016-11-06T17:00:00Z,Hydro,292.000,Elexon BMRS FUELHH
2016-11-06T17:00:00Z,Imports & Exports,3252.000,Elexon BMRS FUELHH
2016-11-06T17:00:00Z,Nuclear,7918.000,Elexon BMRS FUELHH
2016-11-06T17:00:00Z,Other,1151.000,Elexon BMRS FUELHH
2016-11-06T17:00:00Z,Pumped Storage,336.000,Elexon BMRS FUELHH
2016-11-06T17:00:00Z,Wind,5417.000,Elexon BMRS FUELHH
2016-11-06T17:30:00Z,Coal,5714.000,Elexon BMRS FUELHH
2016-11-06T17:30:00Z,Gas,18685.000,Elexon BMRS FUELHH
2016-11-06T17:30:00Z,Hydro,300.000,Elexon BMRS FUELHH
2016-11-06T17:30:00Z,Imports & Exports,3216.000,Elexon BMRS FUELHH
2016-11-06T17:30:00Z,Nuclear,7925.000,Elexon BMRS FUELHH
2016-11-06T17:30:00Z,Other,1154.000,Elexon BMRS FUELHH
2016-11-06T17:30:00Z,Pumped Storage,338.000,Elexon BMRS FUELHH
2016-11-06T17:30:00Z,Wind,5344.000,Elexon BMRS FUELHH
2016-11-06T18:00:00Z,Coal,5624.000,Elexon BMRS FUELHH
2016-11-06T18:00:00Z,Gas,18085.000,Elexon BMRS FUELHH
2016-11-06T18:00:00Z,Hydro,278.000,Elexon BMRS FUELHH
2016-11-06T18:00:00Z,Imports & Exports,3090.000,Elexon BMRS FUELHH
2016-11-06T18:00:00Z,Nuclear,7928.000,Elexon BMRS FUELHH
2016-11-06T18:00:00Z,Other,1150.000,Elexon BMRS FUELHH
2016-11-06T18:00:00Z,Pumped Storage,334.000,Elexon BMRS FUELHH
2016-11-06T18:00:00Z,Wind,5353.000,Elexon BMRS FUELHH
2016-11-06T18:30:00Z,Coal,5358.000,Elexon BMRS FUELHH
2016-11-06T18:30:00Z,Gas,17364.000,Elexon BMRS FUELHH
2016-11-06T18:30:00Z,Hydro,273.000,Elexon BMRS FUELHH
2016-11-06T18:30:00Z,Imports & Exports,2990.000,Elexon BMRS FUELHH
2016-11-06T18:30:00Z,Nuclear,7925.000,Elexon BMRS FUELHH
2016-11-06T18:30:00Z,Other,1151.000,Elexon BMRS FUELHH
2016-11-06T18:30:00Z,Pumped Storage,374.000,Elexon BMRS FUELHH
2016-11-06T18:30:00Z,Wind,5373.000,Elexon BMRS FUELHH
2016-11-06T19:00:00Z,Coal,5581.000,Elexon BMRS FUELHH
2016-11-06T19:00:00Z,Gas,17862.000,Elexon BMRS FUELHH
2016-11-06T19:00:00Z,Hydro,232.000,Elexon BMRS FUELHH
2016-11-06T19:00:00Z,Imports & Exports,1292.000,Elexon BMRS FUELHH
2016-11-06T19:00:00Z,Nuclear,7928.000,Elexon BMRS FUELHH
2016-11-06T19:00:00Z,Other,1151.000,Elexon BMRS FUELHH
2016-11-06T19:00:00Z,Pumped Storage,368.000,Elexon BMRS FUELHH
2016-11-06T19:00:00Z,Wind,5266.000,Elexon BMRS FUELHH
2016-11-06T19:30:00Z,Coal,5058.000,Elexon BMRS FUELHH
2016-11-06T19:30:00Z,Gas,17300.000,Elexon BMRS FUELHH
2016-11-06T19:30:00Z,Hydro,229.000,Elexon BMRS FUELHH
2016-11-06T19:30:00Z,Imports & Exports,1236.000,Elexon BMRS FUELHH
2016-11-06T19:30:00Z,Nuclear,7927.000,Elexon BMRS FUELHH
2016-11-06T19:30:00Z,Other,1150.000,Elexon BMRS FUELHH
2016-11-06T19:30:00Z,Pumped Storage,372.000,Elexon BMRS FUELHH
2016-11-06T19:30:00Z,Wind,5079.000,Elexon BMRS FUELHH
2016-11-06T20:00:00Z,Coal,4797.000,Elexon BMRS FUELHH
2016-11-06T20:00:00Z,Gas,16815.000,Elexon BMRS FUELHH
2016-11-06T20:00:00Z,Hydro,204.000,Elexon BMRS FUELHH
2016-11-06T20:00:00Z,Imports & Exports,1180.000,Elexon BMRS FUELHH
2016-11-06T20:00:00Z,Nuclear,7925.000,Elexon BMRS FUELHH
2016-11-06T20:00:00Z,Other,1150.000,Elexon BMRS FUELHH
2016-11-06T20:00:00Z,Pumped Storage,528.000,Elexon BMRS FUELHH
2016-11-06T20:00:00Z,Wind,4789.000,Elexon BMRS FUELHH
2016-11-06T20:30:00Z,Coal,4647.000,Elexon BMRS FUELHH
2016-11-06T20:30:00Z,Gas,15572.000,Elexon BMRS FUELHH
2016-11-06T20:30:00Z,Hydro,190.000,Elexon BMRS FUELHH
2016-11-06T20:30:00Z,Imports & Exports,1228.000,Elexon BMRS FUELHH
2016-11-06T20:30:00Z,Nuclear,7931.000,Elexon BMRS FUELHH
2016-11-06T20:30:00Z,Other,1149.000,Elexon BMRS FUELHH
2016-11-06T20:30:00Z,Pumped Storage,402.000,Elexon BMRS FUELHH
2016-11-06T20:30:00Z,Wind,4711.000,Elexon BMRS FUELHH
2016-11-06T21:00:00Z,Coal,4648.000,Elexon BMRS FUELHH
2016-11-06T21:00:00Z,Gas,14782.000,Elexon BMRS FUELHH
2016-11-06T21:00:00Z,Hydro,120.000,Elexon BMRS FUELHH
2016-11-06T21:00:00Z,Imports & Exports,818.000,Elexon BMRS FUELHH
2016-11-06T21:00:00Z,Nuclear,7925.000,Elexon BMRS FUELHH
2016-11-06T21:00:00Z,Other,1199.000,Elexon BMRS FUELHH
2016-11-06T21:00:00Z,Pumped Storage,492.000,Elexon BMRS FUELHH
2016-11-06T21:00:00Z,Wind,4494.000,Elexon BMRS FUELHH
2016-11-06T21:30:00Z,Coal,4428.000,Elexon BMRS FUELHH
2016-11-06T21:30:00Z,Gas,13449.000,Elexon BMRS FUELHH
2016-11-06T21:30:00Z,Hydro,105.000,Elexon BMRS FUELHH
2016-11-06T21:30:00Z,Imports & Exports,830.000,Elexon BMRS FUELHH
2016-11-06T21:30:00Z,Nuclear,7933.000,Elexon BMRS FUELHH
2016-11-06T21:30:00Z,Other,1235.000,Elexon BMRS FUELHH
2016-11-06T21:30:00Z,Pumped Storage,248.000,Elexon BMRS FUELHH
2016-11-06T21:30:00Z,Wind,4412.000,Elexon BMRS FUELHH
2016-11-06T22:00:00Z,Coal,4174.000,Elexon BMRS FUELHH
2016-11-06T22:00:00Z,Gas,12717.000,Elexon BMRS FUELHH
2016-11-06T22:00:00Z,Hydro,87.000,Elexon BMRS FUELHH
2016-11-06T22:00:00Z,Imports & Exports,106.000,Elexon BMRS FUELHH
2016-11-06T22:00:00Z,Nuclear,7930.000,Elexon BMRS FUELHH
2016-11-06T22:00:00Z,Other,1274.000,Elexon BMRS FUELHH
2016-11-06T22:00:00Z,Pumped Storage,232.000,Elexon BMRS FUELHH
2016-11-06T22:00:00Z,Wind,4407.000,Elexon BMRS FUELHH
2016-11-06T22:30:00Z,Coal,3776.000,Elexon BMRS FUELHH
2016-11-06T22:30:00Z,Gas,11537.000,Elexon BMRS FUELHH
2016-11-06T22:30:00Z,Hydro,80.000,Elexon BMRS FUELHH
2016-11-06T22:30:00Z,Imports & Exports,66.000,Elexon BMRS FUELHH
2016-11-06T22:30:00Z,Nuclear,7935.000,Elexon BMRS FUELHH
2016-11-06T22:30:00Z,Other,1380.000,Elexon BMRS FUELHH
2016-11-06T22:30:00Z,Pumped Storage,138.000,Elexon BMRS FUELHH
2016-11-06T22:30:00Z,Wind,4474.000,Elexon BMRS FUELHH
2016-11-06T23:00:00Z,Coal,3154.000,Elexon BMRS FUELHH
2016-11-06T23:00:00Z,Gas,10720.000,Elexon BMRS FUELHH
2016-11-06T23:00:00Z,Hydro,52.000,Elexon BMRS FUELHH
2016-11-06T23:00:00Z,Imports & Exports,-174.000,Elexon BMRS FUELHH
2016-11-06T23:00:00Z,Nuclear,7927.000,Elexon BMRS FUELHH
2016-11-06T23:00:00Z,Other,1406.000,Elexon BMRS FUELHH
2016-11-06T23:00:00Z,Pumped Storage,-94.000,Elexon BMRS FUELHH
2016-11-06T23:00:00Z,Wind,4395.000,Elexon BMRS FUELHH
2016-11-06T23:30:00Z,Coal,3126.000,Elexon BMRS FUELHH
2016-11-06T23:30:00Z,Gas,9940.000,Elexon BMRS FUELHH
2016-11-06T23:30:00Z,Hydro,46.000,Elexon BMRS FUELHH
2016-11-06T23:30:00Z,Imports & Exports,-238.000,Elexon BMRS FUELHH
2016-11-06T23:30:00Z,Nuclear,7933.000,Elexon BMRS FUELHH
2016-11-06T23:30:00Z,Other,1387.000,Elexon BMRS FUELHH
2016-11-06T23:30:00Z,Pumped Storage,-508.000,Elexon BMRS FUELHH
2016-11-06T23:30:00Z,Wind,4387.000,Elexon BMRS FUELHH
2016-11-07T00:00:00Z,Coal,3130.000,Elexon BMRS FUELHH
2016-11-07T00:00:00Z,Gas,9632.000,Elexon BMRS FUELHH
2016-11-07T00:00:00Z,Hydro,44.000,Elexon BMRS FUELHH
2016-11-07T00:00:00Z,Imports & Exports,708.000,Elexon BMRS FUELHH
2016-11-07T00:00:00Z,Nuclear,7926.000,Elexon BMRS FUELHH
2016-11-07T00:00:00Z,Other,1380.000,Elexon BMRS FUELHH
2016-11-07T00:00:00Z,Pumped Storage,-1514.000,Elexon BMRS FUELHH
2016-11-07T00:00:00Z,Wind,4390.000,Elexon BMRS FUELHH
2016-11-07T00:30:00Z,Coal,3147.000,Elexon BMRS FUELHH
2016-11-07T00:30:00Z,Gas,9876.000,Elexon BMRS FUELHH
2016-11-07T00:30:00Z,Hydro,44.000,Elexon BMRS FUELHH
2016-11-07T00:30:00Z,Imports & Exports,774.000,Elexon BMRS FUELHH
2016-11-07T00:30:00Z,Nuclear,7926.000,Elexon BMRS FUELHH
2016-11-07T00:30:00Z,Other,1395.000,Elexon BMRS FUELHH
2016-11-07T00:30:00Z,Pumped Storage,-1494.000,Elexon BMRS FUELHH
2016-11-07T00:30:00Z,Wind,4362.000,Elexon BMRS FUELHH
2016-11-07T01:00:00Z,Coal,3137.000,Elexon BMRS FUELHH
2016-11-07T01:00:00Z,Gas,10225.000,Elexon BMRS FUELHH
2016-11-07T01:00:00Z,Hydro,44.000,Elexon BMRS FUELHH
2016-11-07T01:00:00Z,Imports & Exports,396.000,Elexon BMRS FUELHH
2016-11-07T01:00:00Z,Nuclear,7925.000,Elexon BMRS FUELHH
2016-11-07T01:00:00Z,Other,1398.000,Elexon BMRS FUELHH
2016-11-07T01:00:00Z,Pumped Storage,-1538.000,Elexon BMRS FUELHH
2016-11-07T01:00:00Z,Wind,4394.000,Elexon BMRS FUELHH
2016-11-07T01:30:00Z,Coal,3142.000,Elexon BMRS FUELHH
2016-11-07T01:30:00Z,Gas,9740.000,Elexon BMRS FUELHH
2016-11-07T01:30:00Z,Hydro,44.000,Elexon BMRS FUELHH
2016-11-07T01:30:00Z,Imports & Exports,390.000,Elexon BMRS FUELHH
2016-11-07T01:30:00Z,Nuclear,7924.000,Elexon BMRS FUELHH
2016-11-07T01:30:00Z,Other,1398.000,Elexon BMRS FUELHH
2016-11-07T01:30:00Z,Pumped Storage,-1536.000,Elexon BMRS FUELHH
2016-11-07T01:30:00Z,Wind,4293.000,Elexon BMRS FUELHH
2016-11-07T02:00:00Z,Coal,3153.000,Elexon BMRS FUELHH
2016-11-07T02:00:00Z,Gas,10019.000,Elexon BMRS FUELHH
2016-11-07T02:00:00Z,Hydro,44.000,Elexon BMRS FUELHH
2016-11-07T02:00:00Z,Imports & Exports,-260.000,Elexon BMRS FUELHH
2016-11-07T02:00:00Z,Nuclear,7924.000,Elexon BMRS FUELHH
2016-11-07T02:00:00Z,Other,1401.000,Elexon BMRS FUELHH
2016-11-07T02:00:00Z,Pumped Storage,-1526.000,Elexon BMRS FUELHH
2016-11-07T02:00:00Z,Wind,4231.000,Elexon BMRS FUELHH
2016-11-07T02:30:00Z,Coal,3147.000,Elexon BMRS FUELHH
2016-11-07T02:30:00Z,Gas,9926.000,Elexon BMRS FUELHH
2016-11-07T02:30:00Z,Hydro,45.000,Elexon BMRS FUELHH
2016-11-07T02:30:00Z,Imports & Exports,-272.000,Elexon BMRS FUELHH
2016-11-07T02:30:00Z,Nuclear,7924.000,Elexon BMRS FUELHH
2016-11-07T02:30:00Z,Other,1411.000,Elexon BMRS FUELHH
2016-11-07T02:30:00Z,Pumped Storage,-1524.000,Elexon BMRS FUELHH
2016-11-07T02:30:00Z,Wind,4233.000,Elexon BMRS FUELHH
2016-11-07T03:00:00Z,Coal,3150.000,Elexon BMRS FUELHH
2016-11-07T03:00:00Z,Gas,10037.000,Elexon BMRS FUELHH
2016-11-07T03:00:00Z,Hydro,45.000,Elexon BMRS FUELHH
2016-11-07T03:00:00Z,Imports & Exports,-660.000,Elexon BMRS FUELHH
2016-11-07T03:00:00Z,Nuclear,7933.000,Elexon BMRS FUELHH
2016-11-07T03:00:00Z,Other,1411.000,Elexon BMRS FUELHH
2016-11-07T03:00:00Z,Pumped Storage,-1586.000,Elexon BMRS FUELHH
2016-11-07T03:00:00Z,Wind,4209.000,Elexon BMRS FUELHH
2016-11-07T03:30:00Z,Coal,3003.000,Elexon BMRS FUELHH
2016-11-07T03:30:00Z,Gas,9868.000,Elexon BMRS FUELHH
2016-11-07T03:30:00Z,Hydro,45.000,Elexon BMRS FUELHH
2016-11-07T03:30:00Z,Imports & Exports,-666.000,Elexon BMRS FUELHH
2016-11-07T03:30:00Z,Nuclear,7933.000,Elexon BMRS FUELHH
2016-11-07T03:30:00Z,Other,1448.000,Elexon BMRS FUELHH
2016-11-07T03:30:00Z,Pumped Storage,-1582.000,Elexon BMRS FUELHH
2016-11-07T03:30:00Z,Wind,4071.000,Elexon BMRS FUELHH
2016-11-07T04:00:00Z,Coal,2881.000,Elexon BMRS FUELHH
2016-11-07T04:00:00Z,Gas,9633.000,Elexon BMRS FUELHH
2016-11-07T04:00:00Z,Hydro,47.000,Elexon BMRS FUELHH
2016-11-07T04:00:00Z,Imports & Exports,-450.000,Elexon BMRS FUELHH
2016-11-07T04:00:00Z,Nuclear,7937.000,Elexon BMRS FUELHH
2016-11-07T04:00:00Z,Other,1473.000,Elexon BMRS FUELHH
2016-11-07T04:00:00Z,Pumped Storage,-1460.000,Elexon BMRS FUELHH
2016-11-07T04:00:00Z,Wind,4041.000,Elexon BMRS FUELHH
2016-11-07T04:30:00Z,Coal,2820.000,Elexon BMRS FUELHH
2016-11-07T04:30:00Z,Gas,9767.000,Elexon BMRS FUELHH
2016-11-07T04:30:00Z,Hydro,54.000,Elexon BMRS FUELHH
2016-11-07T04:30:00Z,Imports & Exports,-424.000,Elexon BMRS FUELHH
2016-11-07T04:30:00Z,Nuclear,7942.000,Elexon BMRS FUELHH
2016-11-07T04:30:00Z,Other,1460.000,Elexon BMRS FUELHH
2016-11-07T04:30:00Z,Pumped Storage,-1364.000,Elexon BMRS FUELHH
2016-11-07T04:30:00Z,Wind,4111.000,Elexon BMRS FUELHH
2016-11-07T05:00:00Z,Coal,2831.000,Elexon BMRS FUELHH
2016-11-07T05:00:00Z,Gas,10311.000,Elexon BMRS FUELHH
2016-11-07T05:00:00Z,Hydro,68.000,Elexon BMRS FUELHH
2016-11-07T05:00:00Z,Imports & Exports,-388.000,Elexon BMRS FUELHH
2016-11-07T05:00:00Z,Nuclear,7937.000,Elexon BMRS FUELHH
2016-11-07T05:00:00Z,Other,1500.000,Elexon BMRS FUELHH
2016-11-07T05:00:00Z,Pumped Storage,-1090.000,Elexon BMRS FUELHH
2016-11-07T05:00:00Z,Wind,4080.000,Elexon BMRS FUELHH
2016-11-07T05:30:00Z,Coal,3083.000,Elexon BMRS FUELHH
2016-11-07T05:30:00Z,Gas,11425.000,Elexon BMRS FUELHH
2016-11-07T05:30:00Z,Hydro,65.000,Elexon BMRS FUELHH
2016-11-07T05:30:00Z,Imports & Exports,-334.000,Elexon BMRS FUELHH
2016-11-07T05:30:00Z,Nuclear,7939.000,Elexon BMRS FUELHH
2016-11-07T05:30:00Z,Other,1492.000,Elexon BMRS FUELHH
2016-11-07T05:30:00Z,Pumped Storage,-828.000,Elexon BMRS FUELHH
2016-11-07T05:30:00Z,Wind,4045.000,Elexon BMRS FUELHH
2016-11-07T06:00:00Z,Coal,3616.000,Elexon BMRS FUELHH
2016-11-07T06:00:00Z,Gas,13939.000,Elexon BMRS FUELHH
2016-11-07T06:00:00Z,Hydro,65.000,Elexon BMRS FUELHH
2016-11-07T06:00:00Z,Imports & Exports,-746.000,Elexon BMRS FUELHH
2016-11-07T06:00:00Z,Nuclear,7941.000,Elexon BMRS FUELHH
2016-11-07T06:00:00Z,Other,1513.000,Elexon BMRS FUELHH
2016-11-07T06:00:00Z,Pumped Storage,-32.000,Elexon BMRS FUELHH
2016-11-07T06:00:00Z,Wind,4054.000,Elexon BMRS FUELHH
2016-11-07T06:30:00Z,Coal,4548.000,Elexon BMRS FUELHH
2016-11-07T06:30:00Z,Gas,16613.000,Elexon BMRS FUELHH
2016-11-07T06:30:00Z,Hydro,65.000,Elexon BMRS FUELHH
2016-11-07T06:30:00Z,Imports & Exports,-748.000,Elexon BMRS FUELHH
2016-11-07T06:30:00Z,Nuclear,7938.000,Elexon BMRS FUELHH
2016-11-07T06:30:00Z,Other,1475.000,Elexon BMRS FUELHH
2016-11-07T06:30:00Z,Pumped Storage,228.000,Elexon BMRS FUELHH
2016-11-07T06:30:00Z,Wind,3959.000,Elexon BMRS FUELHH
2016-11-07T07:00:00Z,Coal,4915.000,Elexon BMRS FUELHH
2016-11-07T07:00:00Z,Gas,19864.000,Elexon BMRS FUELHH
2016-11-07T07:00:00Z,Hydro,95.000,Elexon BMRS FUELHH
2016-11-07T07:00:00Z,Imports & Exports,-816.000,Elexon BMRS FUELHH
2016-11-07T07:00:00Z,Nuclear,7940.000,Elexon BMRS FUELHH
2016-11-07T07:00:00Z,Other,1455.000,Elexon BMRS FUELHH
2016-11-07T07:00:00Z,Pumped Storage,438.000,Elexon BMRS FUELHH
2016-11-07T07:00:00Z,Wind,3950.000,Elexon BMRS FUELHH
2016-11-07T07:30:00Z,Coal,5599.000,Elexon BMRS FUELHH
2016-11-07T07:30:00Z,Gas,20998.000,Elexon BMRS FUELHH
2016-11-07T07:30:00Z,Hydro,115.000,Elexon BMRS FUELHH
2016-11-07T07:30:00Z,Imports & Exports,-834.000,Elexon BMRS FUELHH
2016-11-07T07:30:00Z,Nuclear,7938.000,Elexon BMRS FUELHH
2016-11-07T07:30:00Z,Other,1464.000,Elexon BMRS FUELHH
2016-11-07T07:30:00Z,Pumped Storage,362.000,Elexon BMRS FUELHH
2016-11-07T07:30:00Z,Wind,3924.000,Elexon BMRS FUELHH
2016-11-07T08:00:00Z,Coal,5840.000,Elexon BMRS FUELHH
2016-11-07T08:00:00Z,Gas,21120.000,Elexon BMRS FUELHH
2016-11-07T08:00:00Z,Hydro,118.000,Elexon BMRS FUELHH
2016-11-07T08:00:00Z,Imports & Exports,-780.000,Elexon BMRS FUELHH
2016-11-07T08:00:00Z,Nuclear,7936.000,Elexon BMRS FUELHH
2016-11-07T08:00:00Z,Other,1451.000,Elexon BMRS FUELHH
2016-11-07T08:00:00Z,Pumped Storage,336.000,Elexon BMRS FUELHH
2016-11-07T08:00:00Z,Wind,3987.000,Elexon BMRS FUELHH
2016-11-07T08:30:00Z,Coal,5801.000,Elexon BMRS FUELHH
2016-11-07T08:30:00Z,Gas,20702.000,Elexon BMRS FUELHH
2016-11-07T08:30:00Z,Hydro,131.000,Elexon BMRS FUELHH
2016-11-07T08:30:00Z,Imports & Exports,-786.000,Elexon BMRS FUELHH
2016-11-07T08:30:00Z,Nuclear,7935.000,Elexon BMRS FUELHH
2016-11-07T08:30:00Z,Other,1458.000,Elexon BMRS FUELHH
2016-11-07T08:30:00Z,Pumped Storage,336.000,Elexon BMRS FUELHH
2016-11-07T08:30:00Z,Wind,4069.000,Elexon BMRS FUELHH
2016-11-07T09:00:00Z,Coal,6076.000,Elexon BMRS FUELHH
2016-11-07T09:00:00Z,Gas,20513.000,Elexon BMRS FUELHH
2016-11-07T09:00:00Z,Hydro,181.000,Elexon BMRS FUELHH
2016-11-07T09:00:00Z,Imports & Exports,-890.000,Elexon BMRS FUELHH
2016-11-07T09:00:00Z,Nuclear,7932.000,Elexon BMRS FUELHH
2016-11-07T09:00:00Z,Other,1496.000,Elexon BMRS FUELHH
2016-11-07T09:00:00Z,Pumped Storage,354.000,Elexon BMRS FUELHH
2016-11-07T09:00:00Z,Wind,3878.000,Elexon BMRS FUELHH
2016-11-07T09:30:00Z,Coal,5933.000,Elexon BMRS FUELHH
2016-11-07T09:30:00Z,Gas,20423.000,Elexon BMRS FUELHH
2016-11-07T09:30:00Z,Hydro,199.000,Elexon BMRS FUELHH
2016-11-07T09:30:00Z,Imports & Exports,-856.000,Elexon BMRS FUELHH
2016-11-07T09:30:00Z,Nuclear,7932.000,Elexon BMRS FUELHH
2016-11-07T09:30:00Z,Other,1485.000,Elexon BMRS FUELHH
2016-11-07T09:30:00Z,Pumped Storage,306.000,Elexon BMRS FUELHH
2016-11-07T09:30:00Z,Wind,3732.000,Elexon BMRS FUELHH
2016-11-07T10:00:00Z,Coal,5887.000,Elexon BMRS FUELHH
2016-11-07T10:00:00Z,Gas,20075.000,Elexon BMRS FUELHH
2016-11-07T10:00:00Z,Hydro,172.000,Elexon BMRS FUELHH
2016-11-07T10:00:00Z,Imports & Exports,-788.000,Elexon BMRS FUELHH
2016-11-07T10:00:00Z,Nuclear,7935.000,Elexon BMRS FUELHH
2016-11-07T10:00:00Z,Other,1489.000,Elexon BMRS FUELHH
2016-11-07T10:00:00Z,Pumped Storage,336.000,Elexon BMRS FUELHH
2016-11-07T10:00:00Z,Wind,3639.000,Elexon BMRS FUELHH
2016-11-07T10:30:00Z,Coal,6075.000,Elexon BMRS FUELHH
2016-11-07T10:30:00Z,Gas,19654.000,Elexon BMRS FUELHH
2016-11-07T10:30:00Z,Hydro,169.000,Elexon BMRS FUELHH
2016-11-07T10:30:00Z,Imports & Exports,-776.000,Elexon BMRS FUELHH
2016-11-07T10:30:00Z,Nuclear,7951.000,Elexon BMRS FUELHH
2016-11-07T10:30:00Z,Other,1493.000,Elexon BMRS FUELHH
2016-11-07T10:30:00Z,Pumped Storage,336.000,Elexon BMRS FUELHH
2016-11-07T10:30:00Z,Wind,3563.000,Elexon BMRS FUELHH
2016-11-07T11:00:00Z,Coal,6380.000,Elexon BMRS FUELHH
2016-11-07T11:00:00Z,Gas,19434.000,Elexon BMRS FUELHH
2016-11-07T11:00:00Z,Hydro,168.000,Elexon BMRS FUELHH
2016-11-07T11:00:00Z,Imports & Exports,-806.000,Elexon BMRS FUELHH
2016-11-07T11:00:00Z,Nuclear,7985.000,Elexon BMRS FUELHH
2016-11-07T11:00:00Z,Other,1498.000,Elexon BMRS FUELHH
2016-11-07T11:00:00Z,Pumped Storage,454.000,Elexon BMRS FUELHH
2016-11-07T11:00:00Z,Wind,3266.000,Elexon BMRS FUELHH
2016-11-07T11:30:00Z,Coal,6272.000,Elexon BMRS FUELHH
2016-11-07T11:30:00Z,Gas,19862.000,Elexon BMRS FUELHH
2016-11-07T11:30:00Z,Hydro,159.000,Elexon BMRS FUELHH
2016-11-07T11:30:00Z,Imports & Exports,-808.000,Elexon BMRS FUELHH
2016-11-07T11:30:00Z,Nuclear,8010.000,Elexon BMRS FUELHH
2016-11-07T11:30:00Z,Other,1501.000,Elexon BMRS FUELHH
2016-11-07T11:30:00Z,Pumped Storage,524.000,Elexon BMRS FUELHH
2016-11-07T11:30:00Z,Wind,3085.000,Elexon BMRS FUELHH
2016-11-07T12:00:00Z,Coal,6616.000,Elexon BMRS FUELHH
2016-11-07T12:00:00Z,Gas,19961.000,Elexon BMRS FUELHH
2016-11-07T12:00:00Z,Hydro,180.000,Elexon BMRS FUELHH
2016-11-07T12:00:00Z,Imports & Exports,-826.000,Elexon BMRS FUELHH
2016-11-07T12:00:00Z,Nuclear,8028.000,Elexon BMRS FUELHH
2016-11-07T12:00:00Z,Other,1508.000,Elexon BMRS FUELHH
2016-11-07T12:00:00Z,Pumped Storage,438.000,Elexon BMRS FUELHH
2016-11-07T12:00:00Z,Wind,3138.000,Elexon BMRS FUELHH
2016-11-07T12:30:00Z,Coal,6732.000,Elexon BMRS FUELHH
2016-11-07T12:30:00Z,Gas,19929.000,Elexon BMRS FUELHH
2016-11-07T12:30:00Z,Hydro,191.000,Elexon BMRS FUELHH
2016-11-07T12:30:00Z,Imports & Exports,-840.000,Elexon BMRS FUELHH
2016-11-07T12:30:00Z,Nuclear,8075.000,Elexon BMRS FUELHH
2016-11-07T12:30:00Z,Other,1516.000,Elexon BMRS FUELHH
2016-11-07T12:30:00Z,Pumped Storage,350.000,Elexon BMRS FUELHH
2016-11-07T12:30:00Z,Wind,3213.000,Elexon BMRS FUELHH
2016-11-07T13:00:00Z,Coal,6859.000,Elexon BMRS FUELHH
2016-11-07T13:00:00Z,Gas,20242.000,Elexon BMRS FUELHH
2016-11-07T13:00:00Z,Hydro,178.000,Elexon BMRS FUELHH
2016-11-07T13:00:00Z,Imports & Exports,-808.000,Elexon BMRS FUELHH
2016-11-07T13:00:00Z,Nuclear,8121.000,Elexon BMRS FUELHH
2016-11-07T13:00:00Z,Other,1507.000,Elexon BMRS FUELHH
2016-11-07T13:00:00Z,Pumped Storage,408.000,Elexon BMRS FUELHH
2016-11-07T13:00:00Z,Wind,3019.000,Elexon BMRS FUELHH
2016-11-07T13:30:00Z,Coal,7029.000,Elexon BMRS FUELHH
2016-11-07T13:30:00Z,Gas,20339.000,Elexon BMRS FUELHH
2016-11-07T13:30:00Z,Hydro,177.000,Elexon BMRS FUELHH
2016-11-07T13:30:00Z,Imports & Exports,-738.000,Elexon BMRS FUELHH
2016-11-07T13:30:00Z,Nuclear,8169.000,Elexon BMRS FUELHH
2016-11-07T13:30:00Z,Other,1505.000,Elexon BMRS FUELHH
2016-11-07T13:30:00Z,Pumped Storage,470.000,Elexon BMRS FUELHH
2016-11-07T13:30:00Z,Wind,2900.000,Elexon BMRS FUELHH
2016-11-07T14:00:00Z,Coal,7435.000,Elexon BMRS FUELHH
2016-11-07T14:00:00Z,Gas,20447.000,Elexon BMRS FUELHH
2016-11-07T14:00:00Z,Hydro,186.000,Elexon BMRS FUELHH
2016-11-07T14:00:00Z,Imports & Exports,-672.000,Elexon BMRS FUELHH
2016-11-07T14:00:00Z,Nuclear,8210.000,Elexon BMRS FUELHH
2016-11-07T14:00:00Z,Other,1452.000,Elexon BMRS FUELHH
2016-11-07T14:00:00Z,Pumped Storage,436.000,Elexon BMRS FUELHH
2016-11-07T14:00:00Z,Wind,2995.000,Elexon BMRS FUELHH
2016-11-07T14:30:00Z,Coal,7713.000,Elexon BMRS FUELHH
2016-11-07T14:30:00Z,Gas,20581.000,Elexon BMRS FUELHH
2016-11-07T14:30:00Z,Hydro,229.000,Elexon BMRS FUELHH
2016-11-07T14:30:00Z,Imports & Exports,-698.000,Elexon BMRS FUELHH
2016-11-07T14:30:00Z,Nuclear,8254.000,Elexon BMRS FUELHH
2016-11-07T14:30:00Z,Other,1501.000,Elexon BMRS FUELHH
2016-11-07T14:30:00Z,Pumped Storage,374.000,Elexon BMRS FUELHH
2016-11-07T14:30:00Z,Wind,2850.000,Elexon BMRS FUELHH
2016-11-07T15:00:00Z,Coal,7468.000,Elexon BMRS FUELHH
2016-11-07T15:00:00Z,Gas,20006.000,Elexon BMRS FUELHH
2016-11-07T15:00:00Z,Hydro,407.000,Elexon BMRS FUELHH
2016-11-07T15:00:00Z,Imports & Exports,610.000,Elexon BMRS FUELHH
2016-11-07T15:00:00Z,Nuclear,8260.000,Elexon BMRS FUELHH
2016-11-07T15:00:00Z,Other,1510.000,Elexon BMRS FUELHH
2016-11-07T15:00:00Z,Pumped Storage,486.000,Elexon BMRS FUELHH
2016-11-07T15:00:00Z,Wind,2704.000,Elexon BMRS FUELHH
2016-11-07T15:30:00Z,Coal,7331.000,Elexon BMRS FUELHH
2016-11-07T15:30:00Z,Gas,20706.000,Elexon BMRS FUELHH
2016-11-07T15:30:00Z,Hydro,448.000,Elexon BMRS FUELHH
2016-11-07T15:30:00Z,Imports & Exports,922.000,Elexon BMRS FUELHH
2016-11-07T15:30:00Z,Nuclear,8260.000,Elexon BMRS FUELHH
2016-11-07T15:30:00Z,Other,1510.000,Elexon BMRS FUELHH
2016-11-07T15:30:00Z,Pumped Storage,894.000,Elexon BMRS FUELHH
2016-11-07T15:30:00Z,Wind,2720.000,Elexon BMRS FUELHH
2016-11-07T16:00:00Z,Coal,7360.000,Elexon BMRS FUELHH
2016-11-07T16:00:00Z,Gas,20438.000,Elexon BMRS FUELHH
2016-11-07T16:00:00Z,Hydro,475.000,Elexon BMRS FUELHH
2016-11-07T16:00:00Z,Imports & Exports,2982.000,Elexon BMRS FUELHH
2016-11-07T16:00:00Z,Nuclear,8258.000,Elexon BMRS FUELHH
2016-11-07T16:00:00Z,Other,1509.000,Elexon BMRS FUELHH
2016-11-07T16:00:00Z,Pumped Storage,418.000,Elexon BMRS FUELHH
2016-11-07T16:00:00Z,Wind,2821.000,Elexon BMRS FUELHH
2016-11-07T16:30:00Z,Coal,7757.000,Elexon BMRS FUELHH
2016-11-07T16:30:00Z,Gas,21583.000,Elexon BMRS FUELHH
2016-11-07T16:30:00Z,Hydro,615.000,Elexon BMRS FUELHH
2016-11-07T16:30:00Z,Imports & Exports,3250.000,Elexon BMRS FUELHH
2016-11-07T16:30:00Z,Nuclear,8253.000,Elexon BMRS FUELHH
2016-11-07T16:30:00Z,Other,1505.000,Elexon BMRS FUELHH
2016-11-07T16:30:00Z,Pumped Storage,1052.000,Elexon BMRS FUELHH
2016-11-07T16:30:00Z,Wind,2766.000,Elexon BMRS FUELHH
2016-11-07T17:00:00Z,Coal,8188.000,Elexon BMRS FUELHH
2016-11-07T17:00:00Z,Gas,22271.000,Elexon BMRS FUELHH
2016-11-07T17:00:00Z,Hydro,906.000,Elexon BMRS FUELHH
2016-11-07T17:00:00Z,Imports & Exports,2916.000,Elexon BMRS FUELHH
2016-11-07T17:00:00Z,Nuclear,8257.000,Elexon BMRS FUELHH
2016-11-07T17:00:00Z,Other,1551.000,Elexon BMRS FUELHH
2016-11-07T17:00:00Z,Pumped Storage,1284.000,Elexon BMRS FUELHH
2016-11-07T17:00:00Z,Wind,2753.000,Elexon BMRS FUELHH
2016-11-07T17:30:00Z,Coal,8229.000,Elexon BMRS FUELHH
2016-11-07T17:30:00Z,Gas,22137.000,Elexon BMRS FUELHH
2016-11-07T17:30:00Z,Hydro,912.000,Elexon BMRS FUELHH
2016-11-07T17:30:00Z,Imports & Exports,2908.000,Elexon BMRS FUELHH
2016-11-07T17:30:00Z,Nuclear,8252.000,Elexon BMRS FUELHH
2016-11-07T17:30:00Z,Other,1560.000,Elexon BMRS FUELHH
2016-11-07T17:30:00Z,Pumped Storage,1354.000,Elexon BMRS FUELHH
2016-11-07T17:30:00Z,Wind,2617.000,Elexon BMRS FUELHH
2016-11-07T18:00:00Z,Coal,8241.000,Elexon BMRS FUELHH
2016-11-07T18:00:00Z,Gas,22074.000,Elexon BMRS FUELHH
2016-11-07T18:00:00Z,Hydro,910.000,Elexon BMRS FUELHH
2016-11-07T18:00:00Z,Imports & Exports,2538.000,Elexon BMRS FUELHH
2016-11-07T18:00:00Z,Nuclear,8258.000,Elexon BMRS FUELHH
2016-11-07T18:00:00Z,Other,1532.000,Elexon BMRS FUELHH
2016-11-07T18:00:00Z,Pumped Storage,1058.000,Elexon BMRS FUELHH
2016-11-07T18:00:00Z,Wind,2841.000,Elexon BMRS FUELHH
2016-11-07T18:30:00Z,Coal,8125.000,Elexon BMRS FUELHH
2016-11-07T18:30:00Z,Gas,22093.000,Elexon BMRS FUELHH
2016-11-07T18:30:00Z,Hydro,805.000,Elexon BMRS FUELHH
2016-11-07T18:30:00Z,Imports & Exports,2590.000,Elexon BMRS FUELHH
2016-11-07T18:30:00Z,Nuclear,8257.000,Elexon BMRS FUELHH
2016-11-07T18:30:00Z,Other,1512.000,Elexon BMRS FUELHH
2016-11-07T18:30:00Z,Pumped Storage,626.000,Elexon BMRS FUELHH
2016-11-07T18:30:00Z,Wind,2916.000,Elexon BMRS FUELHH
2016-11-07T19:00:00Z,Coal,7867.000,Elexon BMRS FUELHH
2016-11-07T19:00:00Z,Gas,22310.000,Elexon BMRS FUELHH
2016-11-07T19:00:00Z,Hydro,377.000,Elexon BMRS FUELHH
2016-11-07T19:00:00Z,Imports & Exports,2802.000,Elexon BMRS FUELHH
2016-11-07T19:00:00Z,Nuclear,8256.000,Elexon BMRS FUELHH
2016-11-07T19:00:00Z,Other,1520.000,Elexon BMRS FUELHH
2016-11-07T19:00:00Z,Pumped Storage,552.000,Elexon BMRS FUELHH
2016-11-07T19:00:00Z,Wind,2856.000,Elexon BMRS FUELHH
2016-11-07T19:30:00Z,Coal,7413.000,Elexon BMRS FUELHH
2016-11-07T19:30:00Z,Gas,22082.000,Elexon BMRS FUELHH
2016-11-07T19:30:00Z,Hydro,371.000,Elexon BMRS FUELHH
2016-11-07T19:30:00Z,Imports & Exports,2854.000,Elexon BMRS FUELHH
2016-11-07T19:30:00Z,Nuclear,8257.000,Elexon BMRS FUELHH
2016-11-07T19:30:00Z,Other,1528.000,Elexon BMRS FUELHH
2016-11-07T19:30:00Z,Pumped Storage,368.000,Elexon BMRS FUELHH
2016-11-07T19:30:00Z,Wind,2595.000,Elexon BMRS FUELHH
2016-11-07T20:00:00Z,Coal,7251.000,Elexon BMRS FUELHH
2016-11-07T20:00:00Z,Gas,22460.000,Elexon BMRS FUELHH
2016-11-07T20:00:00Z,Hydro,362.000,Elexon BMRS FUELHH
2016-11-07T20:00:00Z,Imports & Exports,1430.000,Elexon BMRS FUELHH
2016-11-07T20:00:00Z,Nuclear,8261.000,Elexon BMRS FUELHH
2016-11-07T20:00:00Z,Other,1518.000,Elexon BMRS FUELHH
2016-11-07T20:00:00Z,Pumped Storage,386.000,Elexon BMRS FUELHH
2016-11-07T20:00:00Z,Wind,2412.000,Elexon BMRS FUELHH
2016-11-07T20:30:00Z,Coal,6604.000,Elexon BMRS FUELHH
2016-11-07T20:30:00Z,Gas,21700.000,Elexon BMRS FUELHH
2016-11-07T20:30:00Z,Hydro,349.000,Elexon BMRS FUELHH
2016-11-07T20:30:00Z,Imports & Exports,1204.000,Elexon BMRS FUELHH
2016-11-07T20:30:00Z,Nuclear,8263.000,Elexon BMRS FUELHH
2016-11-07T20:30:00Z,Other,1516.000,Elexon BMRS FUELHH
2016-11-07T20:30:00Z,Pumped Storage,332.000,Elexon BMRS FUELHH
2016-11-07T20:30:00Z,Wind,2444.000,Elexon BMRS FUELHH
2016-11-07T21:00:00Z,Coal,6019.000,Elexon BMRS FUELHH
2016-11-07T21:00:00Z,Gas,21791.000,Elexon BMRS FUELHH
2016-11-07T21:00:00Z,Hydro,168.000,Elexon BMRS FUELHH
2016-11-07T21:00:00Z,Imports & Exports,-362.000,Elexon BMRS FUELHH
2016-11-07T21:00:00Z,Nuclear,8277.000,Elexon BMRS FUELHH
2016-11-07T21:00:00Z,Other,1512.000,Elexon BMRS FUELHH
2016-11-07T21:00:00Z,Pumped Storage,474.000,Elexon BMRS FUELHH
2016-11-07T21:00:00Z,Wind,2418.000,Elexon BMRS FUELHH
2016-11-07T21:30:00Z,Coal,4918.000,Elexon BMRS FUELHH
2016-11-07T21:30:00Z,Gas,21211.000,Elexon BMRS FUELHH
2016-11-07T21:30:00Z,Hydro,122.000,Elexon BMRS FUELHH
2016-11-07T21:30:00Z,Imports & Exports,-388.000,Elexon BMRS FUELHH
2016-11-07T21:30:00Z,Nuclear,8285.000,Elexon BMRS FUELHH
2016-11-07T21:30:00Z,Other,1546.000,Elexon BMRS FUELHH
2016-11-07T21:30:00Z,Pumped Storage,370.000,Elexon BMRS FUELHH
2016-11-07T21:30:00Z,Wind,2224.000,Elexon BMRS FUELHH
2016-11-07T22:00:00Z,Coal,4044.000,Elexon BMRS FUELHH
2016-11-07T22:00:00Z,Gas,20102.000,Elexon BMRS FUELHH
2016-11-07T22:00:00Z,Hydro,91.000,Elexon BMRS FUELHH
2016-11-07T22:00:00Z,Imports & Exports,-846.000,Elexon BMRS FUELHH
2016-11-07T22:00:00Z,Nuclear,8284.000,Elexon BMRS FUELHH
2016-11-07T22:00:00Z,Other,1582.000,Elexon BMRS FUELHH
2016-11-07T22:00:00Z,Pumped Storage,382.000,Elexon BMRS FUELHH
2016-11-07T22:00:00Z,Wind,2105.000,Elexon BMRS FUELHH
2016-11-07T22:30:00Z,Coal,3959.000,Elexon BMRS FUELHH
2016-11-07T22:30:00Z,Gas,18824.000,Elexon BMRS FUELHH
2016-11-07T22:30:00Z,Hydro,77.000,Elexon BMRS FUELHH
2016-11-07T22:30:00Z,Imports & Exports,-940.000,Elexon BMRS FUELHH
2016-11-07T22:30:00Z,Nuclear,8285.000,Elexon BMRS FUELHH
2016-11-07T22:30:00Z,Other,1521.000,Elexon BMRS FUELHH
2016-11-07T22:30:00Z,Pumped Storage,358.000,Elexon BMRS FUELHH
2016-11-07T22:30:00Z,Wind,1788.000,Elexon BMRS FUELHH
2016-11-07T23:00:00Z,Coal,3891.000,Elexon BMRS FUELHH
2016-11-07T23:00:00Z,Gas,17951.000,Elexon BMRS FUELHH
2016-11-07T23:00:00Z,Hydro,53.000,Elexon BMRS FUELHH
2016-11-07T23:00:00Z,Imports & Exports,-964.000,Elexon BMRS FUELHH
2016-11-07T23:00:00Z,Nuclear,8282.000,Elexon BMRS FUELHH
2016-11-07T23:00:00Z,Other,1388.000,Elexon BMRS FUELHH
2016-11-07T23:00:00Z,Pumped Storage,-674.000,Elexon BMRS FUELHH
2016-11-07T23:00:00Z,Wind,1663.000,Elexon BMRS FUELHH
2016-11-07T23:30:00Z,Coal,3886.000,Elexon BMRS FUELHH
2016-11-07T23:30:00Z,Gas,17013.000,Elexon BMRS FUELHH
2016-11-07T23:30:00Z,Hydro,49.000,Elexon BMRS FUELHH
2016-11-07T23:30:00Z,Imports & Exports,-828.000,Elexon BMRS FUELHH
2016-11-07T23:30:00Z,Nuclear,8285.000,Elexon BMRS FUELHH
2016-11-07T23:30:00Z,Other,1377.000,Elexon BMRS FUELHH
2016-11-07T23:30:00Z,Pumped Storage,-1186.000,Elexon BMRS FUELHH
2016-11-07T23:30:00Z,Wind,1620.000,Elexon BMRS FUELHH
2016-11-08T00:00:00Z,Coal,3801.000,Elexon BMRS FUELHH
2016-11-08T00:00:00Z,Gas,15811.000,Elexon BMRS FUELHH
2016-11-08T00:00:00Z,Hydro,48.000,Elexon BMRS FUELHH
2016-11-08T00:00:00Z,Imports & Exports,236.000,Elexon BMRS FUELHH
2016-11-08T00:00:00Z,Nuclear,8280.000,Elexon BMRS FUELHH
2016-11-08T00:00:00Z,Other,1493.000,Elexon BMRS FUELHH
2016-11-08T00:00:00Z,Pumped Storage,-1088.000,Elexon BMRS FUELHH
2016-11-08T00:00:00Z,Wind,1374.000,Elexon BMRS FUELHH
2016-11-08T00:30:00Z,Coal,3845.000,Elexon BMRS FUELHH
2016-11-08T00:30:00Z,Gas,16248.000,Elexon BMRS FUELHH
2016-11-08T00:30:00Z,Hydro,47.000,Elexon BMRS FUELHH
2016-11-08T00:30:00Z,Imports & Exports,316.000,Elexon BMRS FUELHH
2016-11-08T00:30:00Z,Nuclear,8276.000,Elexon BMRS FUELHH
2016-11-08T00:30:00Z,Other,1512.000,Elexon BMRS FUELHH
2016-11-08T00:30:00Z,Pumped Storage,-1290.000,Elexon BMRS FUELHH
2016-11-08T00:30:00Z,Wind,1158.000,Elexon BMRS FUELHH
2016-11-08T01:00:00Z,Coal,3892.000,Elexon BMRS FUELHH
2016-11-08T01:00:00Z,Gas,15248.000,Elexon BMRS FUELHH
2016-11-08T01:00:00Z,Hydro,44.000,Elexon BMRS FUELHH
2016-11-08T01:00:00Z,Imports & Exports,1194.000,Elexon BMRS FUELHH
2016-11-08T01:00:00Z,Nuclear,8291.000,Elexon BMRS FUELHH
2016-11-08T01:00:00Z,Other,1528.000,Elexon BMRS FUELHH
2016-11-08T01:00:00Z,Pumped Storage,-1416.000,Elexon BMRS FUELHH
2016-11-08T01:00:00Z,Wind,1085.000,Elexon BMRS FUELHH
2016-11-08T01:30:00Z,Coal,3897.000,Elexon BMRS FUELHH
2016-11-08T01:30:00Z,Gas,14790.000,Elexon BMRS FUELHH
2016-11-08T01:30:00Z,Hydro,42.000,Elexon BMRS FUELHH
2016-11-08T01:30:00Z,Imports & Exports,1228.000,Elexon BMRS FUELHH
2016-11-08T01:30:00Z,Nuclear,8306.000,Elexon BMRS FUELHH
2016-11-08T01:30:00Z,Other,1529.000,Elexon BMRS FUELHH
2016-11-08T01:30:00Z,Pumped Storage,-1414.000,Elexon BMRS FUELHH
2016-11-08T01:30:00Z,Wind,920.000,Elexon BMRS FUELHH
2016-11-08T02:00:00Z,Coal,3884.000,Elexon BMRS FUELHH
2016-11-08T02:00:00Z,Gas,14429.000,Elexon BMRS FUELHH
2016-11-08T02:00:00Z,Hydro,42.000,Elexon BMRS FUELHH
2016-11-08T02:00:00Z,Imports & Exports,1296.000,Elexon BMRS FUELHH
2016-11-08T02:00:00Z,Nuclear,8306.000,Elexon BMRS FUELHH
2016-11-08T02:00:00Z,Other,1566.000,Elexon BMRS FUELHH
2016-11-08T02:00:00Z,Pumped Storage,-1488.000,Elexon BMRS FUELHH
2016-11-08T02:00:00Z,Wind,862.000,Elexon BMRS FUELHH
2016-11-08T02:30:00Z,Coal,3885.000,Elexon BMRS FUELHH
2016-11-08T02:30:00Z,Gas,14493.000,Elexon BMRS FUELHH
2016-11-08T02:30:00Z,Hydro,42.000,Elexon BMRS FUELHH
2016-11-08T02:30:00Z,Imports & Exports,1294.000,Elexon BMRS FUELHH
2016-11-08T02:30:00Z,Nuclear,8303.000,Elexon BMRS FUELHH
2016-11-08T02:30:00Z,Other,1576.000,Elexon BMRS FUELHH
2016-11-08T02:30:00Z,Pumped Storage,-1708.000,Elexon BMRS FUELHH
2016-11-08T02:30:00Z,Wind,844.000,Elexon BMRS FUELHH
2016-11-08T03:00:00Z,Coal,3836.000,Elexon BMRS FUELHH
2016-11-08T03:00:00Z,Gas,14058.000,Elexon BMRS FUELHH
2016-11-08T03:00:00Z,Hydro,42.000,Elexon BMRS FUELHH
2016-11-08T03:00:00Z,Imports & Exports,1294.000,Elexon BMRS FUELHH
2016-11-08T03:00:00Z,Nuclear,8305.000,Elexon BMRS FUELHH
2016-11-08T03:00:00Z,Other,1496.000,Elexon BMRS FUELHH
2016-11-08T03:00:00Z,Pumped Storage,-1600.000,Elexon BMRS FUELHH
2016-11-08T03:00:00Z,Wind,930.000,Elexon BMRS FUELHH
2016-11-08T03:30:00Z,Coal,3815.000,Elexon BMRS FUELHH
2016-11-08T03:30:00Z,Gas,13775.000,Elexon BMRS FUELHH
2016-11-08T03:30:00Z,Hydro,41.000,Elexon BMRS FUELHH
2016-11-08T03:30:00Z,Imports & Exports,1226.000,Elexon BMRS FUELHH
2016-11-08T03:30:00Z,Nuclear,8306.000,Elexon BMRS FUELHH
2016-11-08T03:30:00Z,Other,1499.000,Elexon BMRS FUELHH
2016-11-08T03:30:00Z,Pumped Storage,-1658.000,Elexon BMRS FUELHH
2016-11-08T03:30:00Z,Wind,940.000,Elexon BMRS FUELHH
2016-11-08T04:00:00Z,Coal,3941.000,Elexon BMRS FUELHH
2016-11-08T04:00:00Z,Gas,14412.000,Elexon BMRS FUELHH
2016-11-08T04:00:00Z,Hydro,41.000,Elexon BMRS FUELHH
2016-11-08T04:00:00Z,Imports & Exports,280.000,Elexon BMRS FUELHH
2016-11-08T04:00:00Z,Nuclear,8305.000,Elexon BMRS FUELHH
2016-11-08T04:00:00Z,Other,1538.000,Elexon BMRS FUELHH
2016-11-08T04:00:00Z,Pumped Storage,-1586.000,Elexon BMRS FUELHH
2016-11-08T04:00:00Z,Wind,902.000,Elexon BMRS FUELHH
2016-11-08T04:30:00Z,Coal,3875.000,Elexon BMRS FUELHH
2016-11-08T04:30:00Z,Gas,14752.000,Elexon BMRS FUELHH
2016-11-08T04:30:00Z,Hydro,43.000,Elexon BMRS FUELHH
2016-11-08T04:30:00Z,Imports & Exports,284.000,Elexon BMRS FUELHH
2016-11-08T04:30:00Z,Nuclear,8303.000,Elexon BMRS FUELHH
2016-11-08T04:30:00Z,Other,1535.000,Elexon BMRS FUELHH
2016-11-08T04:30:00Z,Pumped Storage,-1606.000,Elexon BMRS FUELHH
2016-11-08T04:30:00Z,Wind,926.000,Elexon BMRS FUELHH
2016-11-08T05:00:00Z,Coal,4179.000,Elexon BMRS FUELHH
2016-11-08T05:00:00Z,Gas,16072.000,Elexon BMRS FUELHH
2016-11-08T05:00:00Z,Hydro,58.000,Elexon BMRS FUELHH
2016-11-08T05:00:00Z,Imports & Exports,-740.000,Elexon BMRS FUELHH
2016-11-08T05:00:00Z,Nuclear,8306.000,Elexon BMRS FUELHH
2016-11-08T05:00:00Z,Other,1508.000,Elexon BMRS FUELHH
2016-11-08T05:00:00Z,Pumped Storage,-1390.000,Elexon BMRS FUELHH
2016-11-08T05:00:00Z,Wind,937.000,Elexon BMRS FUELHH
2016-11-08T05:30:00Z,Coal,4557.000,Elexon BMRS FUELHH
2016-11-08T05:30:00Z,Gas,16962.000,Elexon BMRS FUELHH
2016-11-08T05:30:00Z,Hydro,61.000,Elexon BMRS FUELHH
2016-11-08T05:30:00Z,Imports & Exports,-748.000,Elexon BMRS FUELHH
2016-11-08T05:30:00Z,Nuclear,8306.000,Elexon BMRS FUELHH
2016-11-08T05:30:00Z,Other,1500.000,Elexon BMRS FUELHH
2016-11-08T05:30:00Z,Pumped Storage,-956.000,Elexon BMRS FUELHH
2016-11-08T05:30:00Z,Wind,931.000,Elexon BMRS FUELHH
2016-11-08T06:00:00Z,Coal,5484.000,Elexon BMRS FUELHH
2016-11-08T06:00:00Z,Gas,18330.000,Elexon BMRS FUELHH
2016-11-08T06:00:00Z,Hydro,76.000,Elexon BMRS FUELHH
2016-11-08T06:00:00Z,Imports & Exports,-338.000,Elexon BMRS FUELHH
2016-11-08T06:00:00Z,Nuclear,8317.000,Elexon BMRS FUELHH
2016-11-08T06:00:00Z,Other,1526.000,Elexon BMRS FUELHH
2016-11-08T06:00:00Z,Pumped Storage,-280.000,Elexon BMRS FUELHH
2016-11-08T06:00:00Z,Wind,914.000,Elexon BMRS FUELHH
2016-11-08T06:30:00Z,Coal,6680.000,Elexon BMRS FUELHH
2016-11-08T06:30:00Z,Gas,20182.000,Elexon BMRS FUELHH
2016-11-08T06:30:00Z,Hydro,101.000,Elexon BMRS FUELHH
2016-11-08T06:30:00Z,Imports & Exports,-330.000,Elexon BMRS FUELHH
2016-11-08T06:30:00Z,Nuclear,8326.000,Elexon BMRS FUELHH
2016-11-08T06:30:00Z,Other,1550.000,Elexon BMRS FUELHH
2016-11-08T06:30:00Z,Pumped Storage,368.000,Elexon BMRS FUELHH
2016-11-08T06:30:00Z,Wind,836.000,Elexon BMRS FUELHH
2016-11-08T07:00:00Z,Coal,7458.000,Elexon BMRS FUELHH
2016-11-08T07:00:00Z,Gas,22391.000,Elexon BMRS FUELHH
2016-11-08T07:00:00Z,Hydro,222.000,Elexon BMRS FUELHH
2016-11-08T07:00:00Z,Imports & Exports,-284.000,Elexon BMRS FUELHH
2016-11-08T07:00:00Z,Nuclear,8325.000,Elexon BMRS FUELHH
2016-11-08T07:00:00Z,Other,1522.000,Elexon BMRS FUELHH
2016-11-08T07:00:00Z,Pumped Storage,618.000,Elexon BMRS FUELHH
2016-11-08T07:00:00Z,Wind,895.000,Elexon BMRS FUELHH
2016-11-08T07:30:00Z,Coal,8055.000,Elexon BMRS FUELHH
2016-11-08T07:30:00Z,Gas,22765.000,Elexon BMRS FUELHH
2016-11-08T07:30:00Z,Hydro,267.000,Elexon BMRS FUELHH
2016-11-08T07:30:00Z,Imports & Exports,-310.000,Elexon BMRS FUELHH
2016-11-08T07:30:00Z,Nuclear,8320.000,Elexon BMRS FUELHH
2016-11-08T07:30:00Z,Other,1518.000,Elexon BMRS FUELHH
2016-11-08T07:30:00Z,Pumped Storage,768.000,Elexon BMRS FUELHH
2016-11-08T07:30:00Z,Wind,1007.000,Elexon BMRS FUELHH
2016-11-08T08:00:00Z,Coal,7952.000,Elexon BMRS FUELHH
2016-11-08T08:00:00Z,Gas,22808.000,Elexon BMRS FUELHH
2016-11-08T08:00:00Z,Hydro,208.000,Elexon BMRS FUELHH
2016-11-08T08:00:00Z,Imports & Exports,244.000,Elexon BMRS FUELHH
2016-11-08T08:00:00Z,Nuclear,8322.000,Elexon BMRS FUELHH
2016-11-08T08:00:00Z,Other,1542.000,Elexon BMRS FUELHH
2016-11-08T08:00:00Z,Pumped Storage,732.000,Elexon BMRS FUELHH
2016-11-08T08:00:00Z,Wind,1078.000,Elexon BMRS FUELHH
2016-11-08T08:30:00Z,Coal,7770.000,Elexon BMRS FUELHH
2016-11-08T08:30:00Z,Gas,22819.000,Elexon BMRS FUELHH
2016-11-08T08:30:00Z,Hydro,168.000,Elexon BMRS FUELHH
2016-11-08T08:30:00Z,Imports & Exports,386.000,Elexon BMRS FUELHH
2016-11-08T08:30:00Z,Nuclear,8314.000,Elexon BMRS FUELHH
2016-11-08T08:30:00Z,Other,1557.000,Elexon BMRS FUELHH
2016-11-08T08:30:00Z,Pumped Storage,734.000,Elexon BMRS FUELHH
2016-11-08T08:30:00Z,Wind,1024.000,Elexon BMRS FUELHH
2016-11-08T09:00:00Z,Coal,7861.000,Elexon BMRS FUELHH
2016-11-08T09:00:00Z,Gas,22808.000,Elexon BMRS FUELHH
2016-11-08T09:00:00Z,Hydro,188.000,Elexon BMRS FUELHH
2016-11-08T09:00:00Z,Imports & Exports,576.000,Elexon BMRS FUELHH
2016-11-08T09:00:00Z,Nuclear,8313.000,Elexon BMRS FUELHH
2016-11-08T09:00:00Z,Other,1557.000,Elexon BMRS FUELHH
2016-11-08T09:00:00Z,Pumped Storage,1096.000,Elexon BMRS FUELHH
2016-11-08T09:00:00Z,Wind,1029.000,Elexon BMRS FUELHH
2016-11-08T09:30:00Z,Coal,8183.000,Elexon BMRS FUELHH
2016-11-08T09:30:00Z,Gas,22462.000,Elexon BMRS FUELHH
2016-11-08T09:30:00Z,Hydro,196.000,Elexon BMRS FUELHH
2016-11-08T09:30:00Z,Imports & Exports,644.000,Elexon BMRS FUELHH
2016-11-08T09:30:00Z,Nuclear,8320.000,Elexon BMRS FUELHH
2016-11-08T09:30:00Z,Other,1550.000,Elexon BMRS FUELHH
2016-11-08T09:30:00Z,Pumped Storage,930.000,Elexon BMRS FUELHH
2016-11-08T09:30:00Z,Wind,1118.000,Elexon BMRS FUELHH
2016-11-08T10:00:00Z,Coal,8252.000,Elexon BMRS FUELHH
2016-11-08T10:00:00Z,Gas,22709.000,Elexon BMRS FUELHH
2016-11-08T10:00:00Z,Hydro,274.000,Elexon BMRS FUELHH
2016-11-08T10:00:00Z,Imports & Exports,-192.000,Elexon BMRS FUELHH
2016-11-08T10:00:00Z,Nuclear,8325.000,Elexon BMRS FUELHH
2016-11-08T10:00:00Z,Other,1561.000,Elexon BMRS FUELHH
2016-11-08T10:00:00Z,Pumped Storage,878.000,Elexon BMRS FUELHH
2016-11-08T10:00:00Z,Wind,1303.000,Elexon BMRS FUELHH
2016-11-08T10:30:00Z,Coal,8153.000,Elexon BMRS FUELHH
2016-11-08T10:30:00Z,Gas,22579.000,Elexon BMRS FUELHH
2016-11-08T10:30:00Z,Hydro,153.000,Elexon BMRS FUELHH
2016-11-08T10:30:00Z,Imports & Exports,-200.000,Elexon BMRS FUELHH
2016-11-08T10:30:00Z,Nuclear,8334.000,Elexon BMRS FUELHH
2016-11-08T10:30:00Z,Other,1572.000,Elexon BMRS FUELHH
2016-11-08T10:30:00Z,Pumped Storage,714.000,Elexon BMRS FUELHH
2016-11-08T10:30:00Z,Wind,1450.000,Elexon BMRS FUELHH
2016-11-08T11:00:00Z,Coal,7815.000,Elexon BMRS FUELHH
2016-11-08T11:00:00Z,Gas,22206.000,Elexon BMRS FUELHH
2016-11-08T11:00:00Z,Hydro,152.000,Elexon BMRS FUELHH
2016-11-08T11:00:00Z,Imports & Exports,624.000,Elexon BMRS FUELHH
2016-11-08T11:00:00Z,Nuclear,8327.000,Elexon BMRS FUELHH
2016-11-08T11:00:00Z,Other,1579.000,Elexon BMRS FUELHH
2016-11-08T11:00:00Z,Pumped Storage,704.000,Elexon BMRS FUELHH
2016-11-08T11:00:00Z,Wind,1615.000,Elexon BMRS FUELHH
2016-11-08T11:30:00Z,Coal,7685.000,Elexon BMRS FUELHH
2016-11-08T11:30:00Z,Gas,22009.000,Elexon BMRS FUELHH
2016-11-08T11:30:00Z,Hydro,152.000,Elexon BMRS FUELHH
2016-11-08T11:30:00Z,Imports & Exports,620.000,Elexon BMRS FUELHH
2016-11-08T11:30:00Z,Nuclear,8333.000,Elexon BMRS FUELHH
2016-11-08T11:30:00Z,Other,1589.000,Elexon BMRS FUELHH
2016-11-08T11:30:00Z,Pumped Storage,924.000,Elexon BMRS FUELHH
2016-11-08T11:30:00Z,Wind,1804.000,Elexon BMRS FUELHH
2016-11-08T12:00:00Z,Coal,7845.000,Elexon BMRS FUELHH
2016-11-08T12:00:00Z,Gas,22127.000,Elexon BMRS FUELHH
2016-11-08T12:00:00Z,Hydro,168.000,Elexon BMRS FUELHH
2016-11-08T12:00:00Z,Imports & Exports,244.000,Elexon BMRS FUELHH
2016-11-08T12:00:00Z,Nuclear,8330.000,Elexon BMRS FUELHH
2016-11-08T12:00:00Z,Other,1598.000,Elexon BMRS FUELHH
2016-11-08T12:00:00Z,Pumped Storage,1064.000,Elexon BMRS FUELHH
2016-11-08T12:00:00Z,Wind,1871.000,Elexon BMRS FUELHH
2016-11-08T12:30:00Z,Coal,8191.000,Elexon BMRS FUELHH
2016-11-08T12:30:00Z,Gas,22011.000,Elexon BMRS FUELHH
2016-11-08T12:30:00Z,Hydro,176.000,Elexon BMRS FUELHH
2016-11-08T12:30:00Z,Imports & Exports,284.000,Elexon BMRS FUELHH
2016-11-08T12:30:00Z,Nuclear,8338.000,Elexon BMRS FUELHH
2016-11-08T12:30:00Z,Other,1605.000,Elexon BMRS FUELHH
2016-11-08T12:30:00Z,Pumped Storage,772.000,Elexon BMRS FUELHH
2016-11-08T12:30:00Z,Wind,1821.000,Elexon BMRS FUELHH
2016-11-08T13:00:00Z,Coal,7869.000,Elexon BMRS FUELHH
2016-11-08T13:00:00Z,Gas,21417.000,Elexon BMRS FUELHH
2016-11-08T13:00:00Z,Hydro,178.000,Elexon BMRS FUELHH
2016-11-08T13:00:00Z,Imports & Exports,1550.000,Elexon BMRS FUELHH
2016-11-08T13:00:00Z,Nuclear,8339.000,Elexon BMRS FUELHH
2016-11-08T13:00:00Z,Other,1605.000,Elexon BMRS FUELHH
2016-11-08T13:00:00Z,Pumped Storage,614.000,Elexon BMRS FUELHH
2016-11-08T13:00:00Z,Wind,1877.000,Elexon BMRS FUELHH
2016-11-08T13:30:00Z,Coal,7815.000,Elexon BMRS FUELHH
2016-11-08T13:30:00Z,Gas,21460.000,Elexon BMRS FUELHH
2016-11-08T13:30:00Z,Hydro,179.000,Elexon BMRS FUELHH
2016-11-08T13:30:00Z,Imports & Exports,1512.000,Elexon BMRS FUELHH
2016-11-08T13:30:00Z,Nuclear,8345.000,Elexon BMRS FUELHH
2016-11-08T13:30:00Z,Other,1612.000,Elexon BMRS FUELHH
2016-11-08T13:30:00Z,Pumped Storage,474.000,Elexon BMRS FUELHH
2016-11-08T13:30:00Z,Wind,1940.000,Elexon BMRS FUELHH
2016-11-08T14:00:00Z,Coal,7821.000,Elexon BMRS FUELHH
2016-11-08T14:00:00Z,Gas,21181.000,Elexon BMRS FUELHH
2016-11-08T14:00:00Z,Hydro,180.000,Elexon BMRS FUELHH
2016-11-08T14:00:00Z,Imports & Exports,1404.000,Elexon BMRS FUELHH
2016-11-08T14:00:00Z,Nuclear,8345.000,Elexon BMRS FUELHH
2016-11-08T14:00:00Z,Other,1672.000,Elexon BMRS FUELHH
2016-11-08T14:00:00Z,Pumped Storage,706.000,Elexon BMRS FUELHH
2016-11-08T14:00:00Z,Wind,2087.000,Elexon BMRS FUELHH
2016-11-08T14:30:00Z,Coal,7761.000,Elexon BMRS FUELHH
2016-11-08T14:30:00Z,Gas,21113.000,Elexon BMRS FUELHH
2016-11-08T14:30:00Z,Hydro,189.000,Elexon BMRS FUELHH
2016-11-08T14:30:00Z,Imports & Exports,1388.000,Elexon BMRS FUELHH
2016-11-08T14:30:00Z,Nuclear,8346.000,Elexon BMRS FUELHH
2016-11-08T14:30:00Z,Other,1687.000,Elexon BMRS FUELHH
2016-11-08T14:30:00Z,Pumped Storage,738.000,Elexon BMRS FUELHH
2016-11-08T14:30:00Z,Wind,2327.000,Elexon BMRS FUELHH
2016-11-08T15:00:00Z,Coal,7963.000,Elexon BMRS FUELHH
2016-11-08T15:00:00Z,Gas,20076.000,Elexon BMRS FUELHH
2016-11-08T15:00:00Z,Hydro,330.000,Elexon BMRS FUELHH
2016-11-08T15:00:00Z,Imports & Exports,2340.000,Elexon BMRS FUELHH
2016-11-08T15:00:00Z,Nuclear,8348.000,Elexon BMRS FUELHH
2016-11-08T15:00:00Z,Other,1663.000,Elexon BMRS FUELHH
2016-11-08T15:00:00Z,Pumped Storage,734.000,Elexon BMRS FUELHH
2016-11-08T15:00:00Z,Wind,2374.000,Elexon BMRS FUELHH
2016-11-08T15:30:00Z,Coal,8182.000,Elexon BMRS FUELHH
2016-11-08T15:30:00Z,Gas,20632.000,Elexon BMRS FUELHH
2016-11-08T15:30:00Z,Hydro,395.000,Elexon BMRS FUELHH
2016-11-08T15:30:00Z,Imports & Exports,2396.000,Elexon BMRS FUELHH
2016-11-08T15:30:00Z,Nuclear,8346.000,Elexon BMRS FUELHH
2016-11-08T15:30:00Z,Other,1603.000,Elexon BMRS FUELHH
2016-11-08T15:30:00Z,Pumped Storage,896.000,Elexon BMRS FUELHH
2016-11-08T15:30:00Z,Wind,2517.000,Elexon BMRS FUELHH
2016-11-08T16:00:00Z,Coal,8379.000,Elexon BMRS FUELHH
2016-11-08T16:00:00Z,Gas,21232.000,Elexon BMRS FUELHH
2016-11-08T16:00:00Z,Hydro,493.000,Elexon BMRS FUELHH
2016-11-08T16:00:00Z,Imports & Exports,3254.000,Elexon BMRS FUELHH
2016-11-08T16:00:00Z,Nuclear,8351.000,Elexon BMRS FUELHH
2016-11-08T16:00:00Z,Other,1526.000,Elexon BMRS FUELHH
2016-11-08T16:00:00Z,Pumped Storage,870.000,Elexon BMRS FUELHH
2016-11-08T16:00:00Z,Wind,2655.000,Elexon BMRS FUELHH
2016-11-08T16:30:00Z,Coal,8680.000,Elexon BMRS FUELHH
2016-11-08T16:30:00Z,Gas,22139.000,Elexon BMRS FUELHH
2016-11-08T16:30:00Z,Hydro,942.000,Elexon BMRS FUELHH
2016-11-08T16:30:00Z,Imports & Exports,3250.000,Elexon BMRS FUELHH
2016-11-08T16:30:00Z,Nuclear,8359.000,Elexon BMRS FUELHH
2016-11-08T16:30:00Z,Other,1502.000,Elexon BMRS FUELHH
2016-11-08T16:30:00Z,Pumped Storage,910.000,Elexon BMRS FUELHH
2016-11-08T16:30:00Z,Wind,2813.000,Elexon BMRS FUELHH
2016-11-08T17:00:00Z,Coal,8436.000,Elexon BMRS FUELHH
2016-11-08T17:00:00Z,Gas,22670.000,Elexon BMRS FUELHH
2016-11-08T17:00:00Z,Hydro,1015.000,Elexon BMRS FUELHH
2016-11-08T17:00:00Z,Imports & Exports,3246.000,Elexon BMRS FUELHH
2016-11-08T17:00:00Z,Nuclear,8357.000,Elexon BMRS FUELHH
2016-11-08T17:00:00Z,Other,1492.000,Elexon BMRS FUELHH
2016-11-08T17:00:00Z,Pumped Storage,798.000,Elexon BMRS FUELHH
2016-11-08T17:00:00Z,Wind,2967.000,Elexon BMRS FUELHH
2016-11-08T17:30:00Z,Coal,7852.000,Elexon BMRS FUELHH
2016-11-08T17:30:00Z,Gas,22493.000,Elexon BMRS FUELHH
2016-11-08T17:30:00Z,Hydro,1020.000,Elexon BMRS FUELHH
2016-11-08T17:30:00Z,Imports & Exports,3276.000,Elexon BMRS FUELHH
2016-11-08T17:30:00Z,Nuclear,8351.000,Elexon BMRS FUELHH
2016-11-08T17:30:00Z,Other,1479.000,Elexon BMRS FUELHH
2016-11-08T17:30:00Z,Pumped Storage,942.000,Elexon BMRS FUELHH
2016-11-08T17:30:00Z,Wind,3100.000,Elexon BMRS FUELHH
2016-11-08T18:00:00Z,Coal,7732.000,Elexon BMRS FUELHH
2016-11-08T18:00:00Z,Gas,22167.000,Elexon BMRS FUELHH
2016-11-08T18:00:00Z,Hydro,931.000,Elexon BMRS FUELHH
2016-11-08T18:00:00Z,Imports & Exports,3274.000,Elexon BMRS FUELHH
2016-11-08T18:00:00Z,Nuclear,8353.000,Elexon BMRS FUELHH
2016-11-08T18:00:00Z,Other,1544.000,Elexon BMRS FUELHH
2016-11-08T18:00:00Z,Pumped Storage,608.000,Elexon BMRS FUELHH
2016-11-08T18:00:00Z,Wind,3263.000,Elexon BMRS FUELHH
2016-11-08T18:30:00Z,Coal,7731.000,Elexon BMRS FUELHH
2016-11-08T18:30:00Z,Gas,22116.000,Elexon BMRS FUELHH
2016-11-08T18:30:00Z,Hydro,727.000,Elexon BMRS FUELHH
2016-11-08T18:30:00Z,Imports & Exports,3228.000,Elexon BMRS FUELHH
2016-11-08T18:30:00Z,Nuclear,8351.000,Elexon BMRS FUELHH
2016-11-08T18:30:00Z,Other,1576.000,Elexon BMRS FUELHH
2016-11-08T18:30:00Z,Pumped Storage,478.000,Elexon BMRS FUELHH
2016-11-08T18:30:00Z,Wind,3330.000,Elexon BMRS FUELHH
2016-11-08T19:00:00Z,Coal,7617.000,Elexon BMRS FUELHH
2016-11-08T19:00:00Z,Gas,22372.000,Elexon BMRS FUELHH
2016-11-08T19:00:00Z,Hydro,334.000,Elexon BMRS FUELHH
2016-11-08T19:00:00Z,Imports & Exports,2686.000,Elexon BMRS FUELHH
2016-11-08T19:00:00Z,Nuclear,8353.000,Elexon BMRS FUELHH
2016-11-08T19:00:00Z,Other,1578.000,Elexon BMRS FUELHH
2016-11-08T19:00:00Z,Pumped Storage,688.000,Elexon BMRS FUELHH
2016-11-08T19:00:00Z,Wind,3348.000,Elexon BMRS FUELHH
2016-11-08T19:30:00Z,Coal,7011.000,Elexon BMRS FUELHH
2016-11-08T19:30:00Z,Gas,22154.000,Elexon BMRS FUELHH
2016-11-08T19:30:00Z,Hydro,307.000,Elexon BMRS FUELHH
2016-11-08T19:30:00Z,Imports & Exports,2660.000,Elexon BMRS FUELHH
2016-11-08T19:30:00Z,Nuclear,8358.000,Elexon BMRS FUELHH
2016-11-08T19:30:00Z,Other,1571.000,Elexon BMRS FUELHH
2016-11-08T19:30:00Z,Pumped Storage,372.000,Elexon BMRS FUELHH
2016-11-08T19:30:00Z,Wind,3294.000,Elexon BMRS FUELHH
2016-11-08T20:00:00Z,Coal,6619.000,Elexon BMRS FUELHH
2016-11-08T20:00:00Z,Gas,21929.000,Elexon BMRS FUELHH
2016-11-08T20:00:00Z,Hydro,277.000,Elexon BMRS FUELHH
2016-11-08T20:00:00Z,Imports & Exports,1980.000,Elexon BMRS FUELHH
2016-11-08T20:00:00Z,Nuclear,8351.000,Elexon BMRS FUELHH
2016-11-08T20:00:00Z,Other,1554.000,Elexon BMRS FUELHH
2016-11-08T20:00:00Z,Pumped Storage,360.000,Elexon BMRS FUELHH
2016-11-08T20:00:00Z,Wind,3283.000,Elexon BMRS FUELHH
2016-11-08T20:30:00Z,Coal,6158.000,Elexon BMRS FUELHH
2016-11-08T20:30:00Z,Gas,20734.000,Elexon BMRS FUELHH
2016-11-08T20:30:00Z,Hydro,234.000,Elexon BMRS FUELHH
2016-11-08T20:30:00Z,Imports & Exports,1758.000,Elexon BMRS FUELHH
2016-11-08T20:30:00Z,Nuclear,8357.000,Elexon BMRS FUELHH
2016-11-08T20:30:00Z,Other,1542.000,Elexon BMRS FUELHH
2016-11-08T20:30:00Z,Pumped Storage,300.000,Elexon BMRS FUELHH
2016-11-08T20:30:00Z,Wind,3318.000,Elexon BMRS FUELHH
2016-11-08T21:00:00Z,Coal,6013.000,Elexon BMRS FUELHH
2016-11-08T21:00:00Z,Gas,20634.000,Elexon BMRS FUELHH
2016-11-08T21:00:00Z,Hydro,167.000,Elexon BMRS FUELHH
2016-11-08T21:00:00Z,Imports & Exports,200.000,Elexon BMRS FUELHH
2016-11-08T21:00:00Z,Nuclear,8358.000,Elexon BMRS FUELHH
2016-11-08T21:00:00Z,Other,1574.000,Elexon BMRS FUELHH
2016-11-08T21:00:00Z,Pumped Storage,336.000,Elexon BMRS FUELHH
2016-11-08T21:00:00Z,Wind,3280.000,Elexon BMRS FUELHH
2016-11-08T21:30:00Z,Coal,5505.000,Elexon BMRS FUELHH
2016-11-08T21:30:00Z,Gas,19802.000,Elexon BMRS FUELHH
2016-11-08T21:30:00Z,Hydro,160.000,Elexon BMRS FUELHH
2016-11-08T21:30:00Z,Imports & Exports,-660.000,Elexon BMRS FUELHH
2016-11-08T21:30:00Z,Nuclear,8357.000,Elexon BMRS FUELHH
2016-11-08T21:30:00Z,Other,1576.000,Elexon BMRS FUELHH
2016-11-08T21:30:00Z,Pumped Storage,372.000,Elexon BMRS FUELHH
2016-11-08T21:30:00Z,Wind,3193.000,Elexon BMRS FUELHH
2016-11-08T22:00:00Z,Coal,4393.000,Elexon BMRS FUELHH
2016-11-08T22:00:00Z,Gas,18439.000,Elexon BMRS FUELHH
2016-11-08T22:00:00Z,Hydro,160.000,Elexon BMRS FUELHH
2016-11-08T22:00:00Z,Imports & Exports,-752.000,Elexon BMRS FUELHH
2016-11-08T22:00:00Z,Nuclear,8361.000,Elexon BMRS FUELHH
2016-11-08T22:00:00Z,Other,1578.000,Elexon BMRS FUELHH
2016-11-08T22:00:00Z,Pumped Storage,356.000,Elexon BMRS FUELHH
2016-11-08T22:00:00Z,Wind,3190.000,Elexon BMRS FUELHH
2016-11-08T22:30:00Z,Coal,3788.000,Elexon BMRS FUELHH
2016-11-08T22:30:00Z,Gas,17060.000,Elexon BMRS FUELHH
2016-11-08T22:30:00Z,Hydro,141.000,Elexon BMRS FUELHH
2016-11-08T22:30:00Z,Imports & Exports,-752.000,Elexon BMRS FUELHH
2016-11-08T22:30:00Z,Nuclear,8365.000,Elexon BMRS FUELHH
2016-11-08T22:30:00Z,Other,1559.000,Elexon BMRS FUELHH
2016-11-08T22:30:00Z,Pumped Storage,254.000,Elexon BMRS FUELHH
2016-11-08T22:30:00Z,Wind,3255.000,Elexon BMRS FUELHH
2016-11-08T23:00:00Z,Coal,3911.000,Elexon BMRS FUELHH
2016-11-08T23:00:00Z,Gas,15602.000,Elexon BMRS FUELHH
2016-11-08T23:00:00Z,Hydro,85.000,Elexon BMRS FUELHH
2016-11-08T23:00:00Z,Imports & Exports,-758.000,Elexon BMRS FUELHH
2016-11-08T23:00:00Z,Nuclear,8366.000,Elexon BMRS FUELHH
2016-11-08T23:00:00Z,Other,1539.000,Elexon BMRS FUELHH
2016-11-08T23:00:00Z,Pumped Storage,-716.000,Elexon BMRS FUELHH
2016-11-08T23:00:00Z,Wind,3323.000,Elexon BMRS FUELHH
2016-11-08T23:30:00Z,Coal,3944.000,Elexon BMRS FUELHH
2016-11-08T23:30:00Z,Gas,15178.000,Elexon BMRS FUELHH
2016-11-08T23:30:00Z,Hydro,81.000,Elexon BMRS FUELHH
2016-11-08T23:30:00Z,Imports & Exports,-740.000,Elexon BMRS FUELHH
2016-11-08T23:30:00Z,Nuclear,8358.000,Elexon BMRS FUELHH
2016-11-08T23:30:00Z,Other,1552.000,Elexon BMRS FUELHH
2016-11-08T23:30:00Z,Pumped Storage,-1482.000,Elexon BMRS FUELHH
2016-11-08T23:30:00Z,Wind,3265.000,Elexon BMRS FUELHH
2016-11-09T00:00:00Z,Coal,3945.000,Elexon BMRS FUELHH
2016-11-09T00:00:00Z,Gas,15110.000,Elexon BMRS FUELHH
2016-11-09T00:00:00Z,Hydro,74.000,Elexon BMRS FUELHH
2016-11-09T00:00:00Z,Imports & Exports,-748.000,Elexon BMRS FUELHH
2016-11-09T00:00:00Z,Nuclear,8362.000,Elexon BMRS FUELHH
2016-11-09T00:00:00Z,Other,1582.000,Elexon BMRS FUELHH
2016-11-09T00:00:00Z,Pumped Storage,-1812.000,Elexon BMRS FUELHH
2016-11-09T00:00:00Z,Wind,3168.000,Elexon BMRS FUELHH
2016-11-09T00:30:00Z,Coal,3939.000,Elexon BMRS FUELHH
2016-11-09T00:30:00Z,Gas,15442.000,Elexon BMRS FUELHH
2016-11-09T00:30:00Z,Hydro,70.000,Elexon BMRS FUELHH
2016-11-09T00:30:00Z,Imports & Exports,-746.000,Elexon BMRS FUELHH
2016-11-09T00:30:00Z,Nuclear,8357.000,Elexon BMRS FUELHH
2016-11-09T00:30:00Z,Other,1577.000,Elexon BMRS FUELHH
2016-11-09T00:30:00Z,Pumped Storage,-1928.000,Elexon BMRS FUELHH
2016-11-09T00:30:00Z,Wind,3090.000,Elexon BMRS FUELHH
2016-11-09T01:00:00Z,Coal,3945.000,Elexon BMRS FUELHH
2016-11-09T01:00:00Z,Gas,15295.000,Elexon BMRS FUELHH
2016-11-09T01:00:00Z,Hydro,70.000,Elexon BMRS FUELHH
2016-11-09T01:00:00Z,Imports & Exports,-672.000,Elexon BMRS FUELHH
2016-11-09T01:00:00Z,Nuclear,8359.000,Elexon BMRS FUELHH
2016-11-09T01:00:00Z,Other,1577.000,Elexon BMRS FUELHH
2016-11-09T01:00:00Z,Pumped Storage,-2048.000,Elexon BMRS FUELHH
2016-11-09T01:00:00Z,Wind,2986.000,Elexon BMRS FUELHH
2016-11-09T01:30:00Z,Coal,3938.000,Elexon BMRS FUELHH
2016-11-09T01:30:00Z,Gas,14752.000,Elexon BMRS FUELHH
2016-11-09T01:30:00Z,Hydro,69.000,Elexon BMRS FUELHH
2016-11-09T01:30:00Z,Imports & Exports,-698.000,Elexon BMRS FUELHH
2016-11-09T01:30:00Z,Nuclear,8357.000,Elexon BMRS FUELHH
2016-11-09T01:30:00Z,Other,1575.000,Elexon BMRS FUELHH
2016-11-09T01:30:00Z,Pumped Storage,-2046.000,Elexon BMRS FUELHH
2016-11-09T01:30:00Z,Wind,2948.000,Elexon BMRS FUELHH
2016-11-09T02:00:00Z,Coal,3872.000,Elexon BMRS FUELHH
2016-11-09T02:00:00Z,Gas,12147.000,Elexon BMRS FUELHH
2016-11-09T02:00:00Z,Hydro,68.000,Elexon BMRS FUELHH
2016-11-09T02:00:00Z,Imports & Exports,1126.000,Elexon BMRS FUELHH
2016-11-09T02:00:00Z,Nuclear,8357.000,Elexon BMRS FUELHH
2016-11-09T02:00:00Z,Other,1577.000,Elexon BMRS FUELHH
2016-11-09T02:00:00Z,Pumped Storage,-2082.000,Elexon BMRS FUELHH
2016-11-09T02:00:00Z,Wind,3065.000,Elexon BMRS FUELHH
2016-11-09T02:30:00Z,Coal,3898.000,Elexon BMRS FUELHH
2016-11-09T02:30:00Z,Gas,11883.000,Elexon BMRS FUELHH
2016-11-09T02:30:00Z,Hydro,68.000,Elexon BMRS FUELHH
2016-11-09T02:30:00Z,Imports & Exports,1150.000,Elexon BMRS FUELHH
2016-11-09T02:30:00Z,Nuclear,8357.000,Elexon BMRS FUELHH
2016-11-09T02:30:00Z,Other,1567.000,Elexon BMRS FUELHH
2016-11-09T02:30:00Z,Pumped Storage,-2104.000,Elexon BMRS FUELHH
2016-11-09T02:30:00Z,Wind,3011.000,Elexon BMRS FUELHH
2016-11-09T03:00:00Z,Coal,3952.000,Elexon BMRS FUELHH
2016-11-09T03:00:00Z,Gas,12464.000,Elexon BMRS FUELHH
2016-11-09T03:00:00Z,Hydro,74.000,Elexon BMRS FUELHH
2016-11-09T03:00:00Z,Imports & Exports,238.000,Elexon BMRS FUELHH
2016-11-09T03:00:00Z,Nuclear,8185.000,Elexon BMRS FUELHH
2016-11-09T03:00:00Z,Other,1586.000,Elexon BMRS FUELHH
2016-11-09T03:00:00Z,Pumped Storage,-2036.000,Elexon BMRS FUELHH
2016-11-09T03:00:00Z,Wind,2884.000,Elexon BMRS FUELHH
2016-11-09T03:30:00Z,Coal,3927.000,Elexon BMRS FUELHH
2016-11-09T03:30:00Z,Gas,12120.000,Elexon BMRS FUELHH
2016-11-09T03:30:00Z,Hydro,77.000,Elexon BMRS FUELHH
2016-11-09T03:30:00Z,Imports & Exports,224.000,Elexon BMRS FUELHH
2016-11-09T03:30:00Z,Nuclear,8363.000,Elexon BMRS FUELHH
2016-11-09T03:30:00Z,Other,1584.000,Elexon BMRS FUELHH
2016-11-09T03:30:00Z,Pumped Storage,-2100.000,Elexon BMRS FUELHH
2016-11-09T03:30:00Z,Wind,2929.000,Elexon BMRS FUELHH
2016-11-09T04:00:00Z,Coal,3907.000,Elexon BMRS FUELHH
2016-11-09T04:00:00Z,Gas,11967.000,Elexon BMRS FUELHH
2016-11-09T04:00:00Z,Hydro,75.000,Elexon BMRS FUELHH
2016-11-09T04:00:00Z,Imports & Exports,22.000,Elexon BMRS FUELHH
2016-11-09T04:00:00Z,Nuclear,8360.000,Elexon BMRS FUELHH
2016-11-09T04:00:00Z,Other,1579.000,Elexon BMRS FUELHH
2016-11-09T04:00:00Z,Pumped Storage,-2080.000,Elexon BMRS FUELHH
2016-11-09T04:00:00Z,Wind,3130.000,Elexon BMRS FUELHH
2016-11-09T04:30:00Z,Coal,3814.000,Elexon BMRS FUELHH
2016-11-09T04:30:00Z,Gas,12059.000,Elexon BMRS FUELHH
2016-11-09T04:30:00Z,Hydro,88.000,Elexon BMRS FUELHH
2016-11-09T04:30:00Z,Imports & Exports,24.000,Elexon BMRS FUELHH
2016-11-09T04:30:00Z,Nuclear,8359.000,Elexon BMRS FUELHH
2016-11-09T04:30:00Z,Other,1578.000,Elexon BMRS FUELHH
2016-11-09T04:30:00Z,Pumped Storage,-1918.000,Elexon BMRS FUELHH
2016-11-09T04:30:00Z,Wind,3197.000,Elexon BMRS FUELHH
2016-11-09T05:00:00Z,Coal,4113.000,Elexon BMRS FUELHH
2016-11-09T05:00:00Z,Gas,13318.000,Elexon BMRS FUELHH
2016-11-09T05:00:00Z,Hydro,150.000,Elexon BMRS FUELHH
2016-11-09T05:00:00Z,Imports & Exports,-744.000,Elexon BMRS FUELHH
2016-11-09T05:00:00Z,Nuclear,8354.000,Elexon BMRS FUELHH
2016-11-09T05:00:00Z,Other,1579.000,Elexon BMRS FUELHH
2016-11-09T05:00:00Z,Pumped Storage,-1526.000,Elexon BMRS FUELHH
2016-11-09T05:00:00Z,Wind,2976.000,Elexon BMRS FUELHH
2016-11-09T05:30:00Z,Coal,4483.000,Elexon BMRS FUELHH
2016-11-09T05:30:00Z,Gas,14492.000,Elexon BMRS FUELHH
2016-11-09T05:30:00Z,Hydro,150.000,Elexon BMRS FUELHH
2016-11-09T05:30:00Z,Imports & Exports,-748.000,Elexon BMRS FUELHH
2016-11-09T05:30:00Z,Nuclear,8358.000,Elexon BMRS FUELHH
2016-11-09T05:30:00Z,Other,1550.000,Elexon BMRS FUELHH
2016-11-09T05:30:00Z,Pumped Storage,-1320.000,Elexon BMRS FUELHH
2016-11-09T05:30:00Z,Wind,2779.000,Elexon BMRS FUELHH
2016-11-09T06:00:00Z,Coal,5334.000,Elexon BMRS FUELHH
2016-11-09T06:00:00Z,Gas,16519.000,Elexon BMRS FUELHH
2016-11-09T06:00:00Z,Hydro,134.000,Elexon BMRS FUELHH
2016-11-09T06:00:00Z,Imports & Exports,-732.000,Elexon BMRS FUELHH
2016-11-09T06:00:00Z,Nuclear,8362.000,Elexon BMRS FUELHH
2016-11-09T06:00:00Z,Other,1537.000,Elexon BMRS FUELHH
2016-11-09T06:00:00Z,Pumped Storage,-552.000,Elexon BMRS FUELHH
2016-11-09T06:00:00Z,Wind,2598.000,Elexon BMRS FUELHH
2016-11-09T06:30:00Z,Coal,6744.000,Elexon BMRS FUELHH
2016-11-09T06:30:00Z,Gas,18569.000,Elexon BMRS FUELHH
2016-11-09T06:30:00Z,Hydro,119.000,Elexon BMRS FUELHH
2016-11-09T06:30:00Z,Imports & Exports,-720.000,Elexon BMRS FUELHH
2016-11-09T06:30:00Z,Nuclear,8365.000,Elexon BMRS FUELHH
2016-11-09T06:30:00Z,Other,1551.000,Elexon BMRS FUELHH
2016-11-09T06:30:00Z,Pumped Storage,40.000,Elexon BMRS FUELHH
2016-11-09T06:30:00Z,Wind,2380.000,Elexon BMRS FUELHH
2016-11-09T07:00:00Z,Coal,7910.000,Elexon BMRS FUELHH
2016-11-09T07:00:00Z,Gas,20977.000,Elexon BMRS FUELHH
2016-11-09T07:00:00Z,Hydro,174.000,Elexon BMRS FUELHH
2016-11-09T07:00:00Z,Imports & Exports,-720.000,Elexon BMRS FUELHH
2016-11-09T07:00:00Z,Nuclear,8366.000,Elexon BMRS FUELHH
2016-11-09T07:00:00Z,Other,1572.000,Elexon BMRS FUELHH
2016-11-09T07:00:00Z,Pumped Storage,500.000,Elexon BMRS FUELHH
2016-11-09T07:00:00Z,Wind,2102.000,Elexon BMRS FUELHH
2016-11-09T07:30:00Z,Coal,8118.000,Elexon BMRS FUELHH
2016-11-09T07:30:00Z,Gas,22197.000,Elexon BMRS FUELHH
2016-11-09T07:30:00Z,Hydro,269.000,Elexon BMRS FUELHH
2016-11-09T07:30:00Z,Imports & Exports,-728.000,Elexon BMRS FUELHH
2016-11-09T07:30:00Z,Nuclear,8368.000,Elexon BMRS FUELHH
2016-11-09T07:30:00Z,Other,1577.000,Elexon BMRS FUELHH
2016-11-09T07:30:00Z,Pumped Storage,566.000,Elexon BMRS FUELHH
2016-11-09T07:30:00Z,Wind,1595.000,Elexon BMRS FUELHH
2016-11-09T08:00:00Z,Coal,8255.000,Elexon BMRS FUELHH
2016-11-09T08:00:00Z,Gas,22136.000,Elexon BMRS FUELHH
2016-11-09T08:00:00Z,Hydro,202.000,Elexon BMRS FUELHH
2016-11-09T08:00:00Z,Imports & Exports,312.000,Elexon BMRS FUELHH
2016-11-09T08:00:00Z,Nuclear,8365.000,Elexon BMRS FUELHH
2016-11-09T08:00:00Z,Other,1578.000,Elexon BMRS FUELHH
2016-11-09T08:00:00Z,Pumped Storage,548.000,Elexon BMRS FUELHH
2016-11-09T08:00:00Z,Wind,1257.000,Elexon BMRS FUELHH
2016-11-09T08:30:00Z,Coal,8418.000,Elexon BMRS FUELHH
2016-11-09T08:30:00Z,Gas,22256.000,Elexon BMRS FUELHH
2016-11-09T08:30:00Z,Hydro,196.000,Elexon BMRS FUELHH
2016-11-09T08:30:00Z,Imports & Exports,304.000,Elexon BMRS FUELHH
2016-11-09T08:30:00Z,Nuclear,8363.000,Elexon BMRS FUELHH
2016-11-09T08:30:00Z,Other,1578.000,Elexon BMRS FUELHH
2016-11-09T08:30:00Z,Pumped Storage,540.000,Elexon BMRS FUELHH
2016-11-09T08:30:00Z,Wind,1072.000,Elexon BMRS FUELHH
2016-11-09T09:00:00Z,Coal,8550.000,Elexon BMRS FUELHH
2016-11-09T09:00:00Z,Gas,22400.000,Elexon BMRS FUELHH
2016-11-09T09:00:00Z,Hydro,251.000,Elexon BMRS FUELHH
2016-11-09T09:00:00Z,Imports & Exports,70.000,Elexon BMRS FUELHH
2016-11-09T09:00:00Z,Nuclear,8364.000,Elexon BMRS FUELHH
2016-11-09T09:00:00Z,Other,1577.000,Elexon BMRS FUELHH
2016-11-09T09:00:00Z,Pumped Storage,986.000,Elexon BMRS FUELHH
2016-11-09T09:00:00Z,Wind,973.000,Elexon BMRS FUELHH
2016-11-09T09:30:00Z,Coal,8598.000,Elexon BMRS FUELHH
2016-11-09T09:30:00Z,Gas,22615.000,Elexon BMRS FUELHH
2016-11-09T09:30:00Z,Hydro,268.000,Elexon BMRS FUELHH
2016-11-09T09:30:00Z,Imports & Exports,44.000,Elexon BMRS FUELHH
2016-11-09T09:30:00Z,Nuclear,8364.000,Elexon BMRS FUELHH
2016-11-09T09:30:00Z,Other,1573.000,Elexon BMRS FUELHH
2016-11-09T09:30:00Z,Pumped Storage,880.000,Elexon BMRS FUELHH
2016-11-09T09:30:00Z,Wind,903.000,Elexon BMRS FUELHH
2016-11-09T10:00:00Z,Coal,8510.000,Elexon BMRS FUELHH
2016-11-09T10:00:00Z,Gas,21974.000,Elexon BMRS FUELHH
2016-11-09T10:00:00Z,Hydro,270.000,Elexon BMRS FUELHH
2016-11-09T10:00:00Z,Imports & Exports,852.000,Elexon BMRS FUELHH
2016-11-09T10:00:00Z,Nuclear,8145.000,Elexon BMRS FUELHH
2016-11-09T10:00:00Z,Other,1554.000,Elexon BMRS FUELHH
2016-11-09T10:00:00Z,Pumped Storage,568.000,Elexon BMRS FUELHH
2016-11-09T10:00:00Z,Wind,757.000,Elexon BMRS FUELHH
2016-11-09T10:30:00Z,Coal,8539.000,Elexon BMRS FUELHH
2016-11-09T10:30:00Z,Gas,21992.000,Elexon BMRS FUELHH
2016-11-09T10:30:00Z,Hydro,280.000,Elexon BMRS FUELHH
2016-11-09T10:30:00Z,Imports & Exports,866.000,Elexon BMRS FUELHH
2016-11-09T10:30:00Z,Nuclear,8362.000,Elexon BMRS FUELHH
2016-11-09T10:30:00Z,Other,1526.000,Elexon BMRS FUELHH
2016-11-09T10:30:00Z,Pumped Storage,800.000,Elexon BMRS FUELHH
2016-11-09T10:30:00Z,Wind,695.000,Elexon BMRS FUELHH
2016-11-09T11:00:00Z,Coal,8581.000,Elexon BMRS FUELHH
2016-11-09T11:00:00Z,Gas,22002.000,Elexon BMRS FUELHH
2016-11-09T11:00:00Z,Hydro,246.000,Elexon BMRS FUELHH
2016-11-09T11:00:00Z,Imports & Exports,952.000,Elexon BMRS FUELHH
2016-11-09T11:00:00Z,Nuclear,8341.000,Elexon BMRS FUELHH
2016-11-09T11:00:00Z,Other,1494.000,Elexon BMRS FUELHH
2016-11-09T11:00:00Z,Pumped Storage,724.000,Elexon BMRS FUELHH
2016-11-09T11:00:00Z,Wind,613.000,Elexon BMRS FUELHH
2016-11-09T11:30:00Z,Coal,8521.000,Elexon BMRS FUELHH
2016-11-09T11:30:00Z,Gas,21940.000,Elexon BMRS FUELHH
2016-11-09T11:30:00Z,Hydro,230.000,Elexon BMRS FUELHH
2016-11-09T11:30:00Z,Imports & Exports,1158.000,Elexon BMRS FUELHH
2016-11-09T11:30:00Z,Nuclear,8342.000,Elexon BMRS FUELHH
2016-11-09T11:30:00Z,Other,1508.000,Elexon BMRS FUELHH
2016-11-09T11:30:00Z,Pumped Storage,718.000,Elexon BMRS FUELHH
2016-11-09T11:30:00Z,Wind,697.000,Elexon BMRS FUELHH
2016-11-09T12:00:00Z,Coal,8509.000,Elexon BMRS FUELHH
2016-11-09T12:00:00Z,Gas,21595.000,Elexon BMRS FUELHH
2016-11-09T12:00:00Z,Hydro,210.000,Elexon BMRS FUELHH
2016-11-09T12:00:00Z,Imports & Exports,1294.000,Elexon BMRS FUELHH
2016-11-09T12:00:00Z,Nuclear,8355.000,Elexon BMRS FUELHH
2016-11-09T12:00:00Z,Other,1550.000,Elexon BMRS FUELHH
2016-11-09T12:00:00Z,Pumped Storage,698.000,Elexon BMRS FUELHH
2016-11-09T12:00:00Z,Wind,719.000,Elexon BMRS FUELHH
2016-11-09T12:30:00Z,Coal,8383.000,Elexon BMRS FUELHH
2016-11-09T12:30:00Z,Gas,21367.000,Elexon BMRS FUELHH
2016-11-09T12:30:00Z,Hydro,217.000,Elexon BMRS FUELHH
2016-11-09T12:30:00Z,Imports & Exports,1334.000,Elexon BMRS FUELHH
2016-11-09T12:30:00Z,Nuclear,8340.000,Elexon BMRS FUELHH
2016-11-09T12:30:00Z,Other,1584.000,Elexon BMRS FUELHH
2016-11-09T12:30:00Z,Pumped Storage,632.000,Elexon BMRS FUELHH
2016-11-09T12:30:00Z,Wind,726.000,Elexon BMRS FUELHH
2016-11-09T13:00:00Z,Coal,8343.000,Elexon BMRS FUELHH
2016-11-09T13:00:00Z,Gas,21025.000,Elexon BMRS FUELHH
2016-11-09T13:00:00Z,Hydro,222.000,Elexon BMRS FUELHH
2016-11-09T13:00:00Z,Imports & Exports,1514.000,Elexon BMRS FUELHH
2016-11-09T13:00:00Z,Nuclear,8363.000,Elexon BMRS FUELHH
2016-11-09T13:00:00Z,Other,1587.000,Elexon BMRS FUELHH
2016-11-09T13:00:00Z,Pumped Storage,302.000,Elexon BMRS FUELHH
2016-11-09T13:00:00Z,Wind,968.000,Elexon BMRS FUELHH
2016-11-09T13:30:00Z,Coal,8016.000,Elexon BMRS FUELHH
2016-11-09T13:30:00Z,Gas,20567.000,Elexon BMRS FUELHH
2016-11-09T13:30:00Z,Hydro,223.000,Elexon BMRS FUELHH
2016-11-09T13:30:00Z,Imports & Exports,1550.000,Elexon BMRS FUELHH
2016-11-09T13:30:00Z,Nuclear,8371.000,Elexon BMRS FUELHH
2016-11-09T13:30:00Z,Other,1592.000,Elexon BMRS FUELHH
2016-11-09T13:30:00Z,Pumped Storage,328.000,Elexon BMRS FUELHH
2016-11-09T13:30:00Z,Wind,1513.000,Elexon BMRS FUELHH
2016-11-09T14:00:00Z,Coal,7764.000,Elexon BMRS FUELHH
2016-11-09T14:00:00Z,Gas,20537.000,Elexon BMRS FUELHH
2016-11-09T14:00:00Z,Hydro,222.000,Elexon BMRS FUELHH
2016-11-09T14:00:00Z,Imports & Exports,1692.000,Elexon BMRS FUELHH
2016-11-09T14:00:00Z,Nuclear,8371.000,Elexon BMRS FUELHH
2016-11-09T14:00:00Z,Other,1618.000,Elexon BMRS FUELHH
2016-11-09T14:00:00Z,Pumped Storage,286.000,Elexon BMRS FUELHH
2016-11-09T14:00:00Z,Wind,1863.000,Elexon BMRS FUELHH
2016-11-09T14:30:00Z,Coal,7444.000,Elexon BMRS FUELHH
2016-11-09T14:30:00Z,Gas,20394.000,Elexon BMRS FUELHH
2016-11-09T14:30:00Z,Hydro,254.000,Elexon BMRS FUELHH
2016-11-09T14:30:00Z,Imports & Exports,1712.000,Elexon BMRS FUELHH
2016-11-09T14:30:00Z,Nuclear,8373.000,Elexon BMRS FUELHH
2016-11-09T14:30:00Z,Other,1643.000,Elexon BMRS FUELHH
2016-11-09T14:30:00Z,Pumped Storage,334.000,Elexon BMRS FUELHH
2016-11-09T14:30:00Z,Wind,2378.000,Elexon BMRS FUELHH
2016-11-09T15:00:00Z,Coal,7400.000,Elexon BMRS FUELHH
2016-11-09T15:00:00Z,Gas,20302.000,Elexon BMRS FUELHH
2016-11-09T15:00:00Z,Hydro,301.000,Elexon BMRS FUELHH
2016-11-09T15:00:00Z,Imports & Exports,1824.000,Elexon BMRS FUELHH
2016-11-09T15:00:00Z,Nuclear,8376.000,Elexon BMRS FUELHH
2016-11-09T15:00:00Z,Other,1551.000,Elexon BMRS FUELHH
2016-11-09T15:00:00Z,Pumped Storage,332.000,Elexon BMRS FUELHH
2016-11-09T15:00:00Z,Wind,2523.000,Elexon BMRS FUELHH
2016-11-09T15:30:00Z,Coal,7604.000,Elexon BMRS FUELHH
2016-11-09T15:30:00Z,Gas,20629.000,Elexon BMRS FUELHH
2016-11-09T15:30:00Z,Hydro,333.000,Elexon BMRS FUELHH
2016-11-09T15:30:00Z,Imports & Exports,1732.000,Elexon BMRS FUELHH
2016-11-09T15:30:00Z,Nuclear,8374.000,Elexon BMRS FUELHH
2016-11-09T15:30:00Z,Other,1554.000,Elexon BMRS FUELHH
2016-11-09T15:30:00Z,Pumped Storage,806.000,Elexon BMRS FUELHH
2016-11-09T15:30:00Z,Wind,2612.000,Elexon BMRS FUELHH
2016-11-09T16:00:00Z,Coal,7471.000,Elexon BMRS FUELHH
2016-11-09T16:00:00Z,Gas,20672.000,Elexon BMRS FUELHH
2016-11-09T16:00:00Z,Hydro,653.000,Elexon BMRS FUELHH
2016-11-09T16:00:00Z,Imports & Exports,3198.000,Elexon BMRS FUELHH
2016-11-09T16:00:00Z,Nuclear,8375.000,Elexon BMRS FUELHH
2016-11-09T16:00:00Z,Other,1594.000,Elexon BMRS FUELHH
2016-11-09T16:00:00Z,Pumped Storage,604.000,Elexon BMRS FUELHH
2016-11-09T16:00:00Z,Wind,2714.000,Elexon BMRS FUELHH
2016-11-09T16:30:00Z,Coal,7833.000,Elexon BMRS FUELHH
2016-11-09T16:30:00Z,Gas,21447.000,Elexon BMRS FUELHH
2016-11-09T16:30:00Z,Hydro,779.000,Elexon BMRS FUELHH
2016-11-09T16:30:00Z,Imports & Exports,3298.000,Elexon BMRS FUELHH
2016-11-09T16:30:00Z,Nuclear,8373.000,Elexon BMRS FUELHH
2016-11-09T16:30:00Z,Other,1568.000,Elexon BMRS FUELHH
2016-11-09T16:30:00Z,Pumped Storage,1038.000,Elexon BMRS FUELHH
2016-11-09T16:30:00Z,Wind,2845.000,Elexon BMRS FUELHH
2016-11-09T17:00:00Z,Coal,7875.000,Elexon BMRS FUELHH
2016-11-09T17:00:00Z,Gas,21899.000,Elexon BMRS FUELHH
2016-11-09T17:00:00Z,Hydro,880.000,Elexon BMRS FUELHH
2016-11-09T17:00:00Z,Imports & Exports,3298.000,Elexon BMRS FUELHH
2016-11-09T17:00:00Z,Nuclear,8369.000,Elexon BMRS FUELHH
2016-11-09T17:00:00Z,Other,1554.000,Elexon BMRS FUELHH
2016-11-09T17:00:00Z,Pumped Storage,1144.000,Elexon BMRS FUELHH
2016-11-09T17:00:00Z,Wind,2862.000,Elexon BMRS FUELHH
2016-11-09T17:30:00Z,Coal,7505.000,Elexon BMRS FUELHH
2016-11-09T17:30:00Z,Gas,22062.000,Elexon BMRS FUELHH
2016-11-09T17:30:00Z,Hydro,880.000,Elexon BMRS FUELHH
2016-11-09T17:30:00Z,Imports & Exports,3308.000,Elexon BMRS FUELHH
2016-11-09T17:30:00Z,Nuclear,8368.000,Elexon BMRS FUELHH
2016-11-09T17:30:00Z,Other,1554.000,Elexon BMRS FUELHH
2016-11-09T17:30:00Z,Pumped Storage,1162.000,Elexon BMRS FUELHH
2016-11-09T17:30:00Z,Wind,2719.000,Elexon BMRS FUELHH
2016-11-09T18:00:00Z,Coal,7682.000,Elexon BMRS FUELHH
2016-11-09T18:00:00Z,Gas,22035.000,Elexon BMRS FUELHH
2016-11-09T18:00:00Z,Hydro,633.000,Elexon BMRS FUELHH
2016-11-09T18:00:00Z,Imports & Exports,3320.000,Elexon BMRS FUELHH
2016-11-09T18:00:00Z,Nuclear,8368.000,Elexon BMRS FUELHH
2016-11-09T18:00:00Z,Other,1591.000,Elexon BMRS FUELHH
2016-11-09T18:00:00Z,Pumped Storage,1180.000,Elexon BMRS FUELHH
2016-11-09T18:00:00Z,Wind,2672.000,Elexon BMRS FUELHH
2016-11-09T18:30:00Z,Coal,8142.000,Elexon BMRS FUELHH
2016-11-09T18:30:00Z,Gas,22005.000,Elexon BMRS FUELHH
2016-11-09T18:30:00Z,Hydro,532.000,Elexon BMRS FUELHH
2016-11-09T18:30:00Z,Imports & Exports,3284.000,Elexon BMRS FUELHH
2016-11-09T18:30:00Z,Nuclear,8366.000,Elexon BMRS FUELHH
2016-11-09T18:30:00Z,Other,1587.000,Elexon BMRS FUELHH
2016-11-09T18:30:00Z,Pumped Storage,428.000,Elexon BMRS FUELHH
2016-11-09T18:30:00Z,Wind,2725.000,Elexon BMRS FUELHH
2016-11-09T19:00:00Z,Coal,7762.000,Elexon BMRS FUELHH
2016-11-09T19:00:00Z,Gas,21936.000,Elexon BMRS FUELHH
2016-11-09T19:00:00Z,Hydro,457.000,Elexon BMRS FUELHH
2016-11-09T19:00:00Z,Imports & Exports,3178.000,Elexon BMRS FUELHH
2016-11-09T19:00:00Z,Nuclear,8364.000,Elexon BMRS FUELHH
2016-11-09T19:00:00Z,Other,1554.000,Elexon BMRS FUELHH
2016-11-09T19:00:00Z,Pumped Storage,308.000,Elexon BMRS FUELHH
2016-11-09T19:00:00Z,Wind,2769.000,Elexon BMRS FUELHH
2016-11-09T19:30:00Z,Coal,7030.000,Elexon BMRS FUELHH
2016-11-09T19:30:00Z,Gas,21531.000,Elexon BMRS FUELHH
2016-11-09T19:30:00Z,Hydro,394.000,Elexon BMRS FUELHH
2016-11-09T19:30:00Z,Imports & Exports,3202.000,Elexon BMRS FUELHH
2016-11-09T19:30:00Z,Nuclear,8363.000,Elexon BMRS FUELHH
2016-11-09T19:30:00Z,Other,1554.000,Elexon BMRS FUELHH
2016-11-09T19:30:00Z,Pumped Storage,424.000,Elexon BMRS FUELHH
2016-11-09T19:30:00Z,Wind,2740.000,Elexon BMRS FUELHH
2016-11-09T20:00:00Z,Coal,6768.000,Elexon BMRS FUELHH
2016-11-09T20:00:00Z,Gas,21445.000,Elexon BMRS FUELHH
2016-11-09T20:00:00Z,Hydro,287.000,Elexon BMRS FUELHH
2016-11-09T20:00:00Z,Imports & Exports,2238.000,Elexon BMRS FUELHH
2016-11-09T20:00:00Z,Nuclear,8367.000,Elexon BMRS FUELHH
2016-11-09T20:00:00Z,Other,1560.000,Elexon BMRS FUELHH
2016-11-09T20:00:00Z,Pumped Storage,622.000,Elexon BMRS FUELHH
2016-11-09T20:00:00Z,Wind,2697.000,Elexon BMRS FUELHH
2016-11-09T20:30:00Z,Coal,6282.000,Elexon BMRS FUELHH
2016-11-09T20:30:00Z,Gas,20842.000,Elexon BMRS FUELHH
2016-11-09T20:30:00Z,Hydro,248.000,Elexon BMRS FUELHH
2016-11-09T20:30:00Z,Imports & Exports,1854.000,Elexon BMRS FUELHH
2016-11-09T20:30:00Z,Nuclear,8368.000,Elexon BMRS FUELHH
2016-11-09T20:30:00Z,Other,1573.000,Elexon BMRS FUELHH
2016-11-09T20:30:00Z,Pumped Storage,482.000,Elexon BMRS FUELHH
2016-11-09T20:30:00Z,Wind,2469.000,Elexon BMRS FUELHH
2016-11-09T21:00:00Z,Coal,6320.000,Elexon BMRS FUELHH
2016-11-09T21:00:00Z,Gas,21247.000,Elexon BMRS FUELHH
2016-11-09T21:00:00Z,Hydro,170.000,Elexon BMRS FUELHH
2016-11-09T21:00:00Z,Imports & Exports,-490.000,Elexon BMRS FUELHH
2016-11-09T21:00:00Z,Nuclear,8370.000,Elexon BMRS FUELHH
2016-11-09T21:00:00Z,Other,1554.000,Elexon BMRS FUELHH
2016-11-09T21:00:00Z,Pumped Storage,416.000,Elexon BMRS FUELHH
2016-11-09T21:00:00Z,Wind,2492.000,Elexon BMRS FUELHH
2016-11-09T21:30:00Z,Coal,5235.000,Elexon BMRS FUELHH
2016-11-09T21:30:00Z,Gas,20265.000,Elexon BMRS FUELHH
2016-11-09T21:30:00Z,Hydro,166.000,Elexon BMRS FUELHH
2016-11-09T21:30:00Z,Imports & Exports,-772.000,Elexon BMRS FUELHH
2016-11-09T21:30:00Z,Nuclear,8365.000,Elexon BMRS FUELHH
2016-11-09T21:30:00Z,Other,1554.000,Elexon BMRS FUELHH
2016-11-09T21:30:00Z,Pumped Storage,388.000,Elexon BMRS FUELHH
2016-11-09T21:30:00Z,Wind,2526.000,Elexon BMRS FUELHH
2016-11-09T22:00:00Z,Coal,4343.000,Elexon BMRS FUELHH
2016-11-09T22:00:00Z,Gas,19150.000,Elexon BMRS FUELHH
2016-11-09T22:00:00Z,Hydro,158.000,Elexon BMRS FUELHH
2016-11-09T22:00:00Z,Imports & Exports,-760.000,Elexon BMRS FUELHH
2016-11-09T22:00:00Z,Nuclear,8368.000,Elexon BMRS FUELHH
2016-11-09T22:00:00Z,Other,1555.000,Elexon BMRS FUELHH
2016-11-09T22:00:00Z,Pumped Storage,360.000,Elexon BMRS FUELHH
2016-11-09T22:00:00Z,Wind,2543.000,Elexon BMRS FUELHH
2016-11-09T22:30:00Z,Coal,3766.000,Elexon BMRS FUELHH
2016-11-09T22:30:00Z,Gas,17667.000,Elexon BMRS FUELHH
2016-11-09T22:30:00Z,Hydro,145.000,Elexon BMRS FUELHH
2016-11-09T22:30:00Z,Imports & Exports,-748.000,Elexon BMRS FUELHH
2016-11-09T22:30:00Z,Nuclear,8371.000,Elexon BMRS FUELHH
2016-11-09T22:30:00Z,Other,1552.000,Elexon BMRS FUELHH
2016-11-09T22:30:00Z,Pumped Storage,316.000,Elexon BMRS FUELHH
2016-11-09T22:30:00Z,Wind,2507.000,Elexon BMRS FUELHH
2016-11-09T23:00:00Z,Coal,3492.000,Elexon BMRS FUELHH
2016-11-09T23:00:00Z,Gas,16513.000,Elexon BMRS FUELHH
2016-11-09T23:00:00Z,Hydro,120.000,Elexon BMRS FUELHH
2016-11-09T23:00:00Z,Imports & Exports,-778.000,Elexon BMRS FUELHH
2016-11-09T23:00:00Z,Nuclear,8375.000,Elexon BMRS FUELHH
2016-11-09T23:00:00Z,Other,1518.000,Elexon BMRS FUELHH
2016-11-09T23:00:00Z,Pumped Storage,-818.000,Elexon BMRS FUELHH
2016-11-09T23:00:00Z,Wind,2682.000,Elexon BMRS FUELHH
2016-11-09T23:30:00Z,Coal,3364.000,Elexon BMRS FUELHH
2016-11-09T23:30:00Z,Gas,16002.000,Elexon BMRS FUELHH
2016-11-09T23:30:00Z,Hydro,117.000,Elexon BMRS FUELHH
2016-11-09T23:30:00Z,Imports & Exports,-752.000,Elexon BMRS FUELHH
2016-11-09T23:30:00Z,Nuclear,8372.000,Elexon BMRS FUELHH
2016-11-09T23:30:00Z,Other,1519.000,Elexon BMRS FUELHH
2016-11-09T23:30:00Z,Pumped Storage,-1532.000,Elexon BMRS FUELHH
2016-11-09T23:30:00Z,Wind,2810.000,Elexon BMRS FUELHH
2016-11-10T00:00:00Z,Coal,3196.000,Elexon BMRS FUELHH
2016-11-10T00:00:00Z,Gas,16214.000,Elexon BMRS FUELHH
2016-11-10T00:00:00Z,Hydro,115.000,Elexon BMRS FUELHH
2016-11-10T00:00:00Z,Imports & Exports,-730.000,Elexon BMRS FUELHH
2016-11-10T00:00:00Z,Nuclear,8371.000,Elexon BMRS FUELHH
2016-11-10T00:00:00Z,Other,1526.000,Elexon BMRS FUELHH
2016-11-10T00:00:00Z,Pumped Storage,-1980.000,Elexon BMRS FUELHH
2016-11-10T00:00:00Z,Wind,2680.000,Elexon BMRS FUELHH
2016-11-10T00:30:00Z,Coal,3013.000,Elexon BMRS FUELHH
2016-11-10T00:30:00Z,Gas,16657.000,Elexon BMRS FUELHH
2016-11-10T00:30:00Z,Hydro,115.000,Elexon BMRS FUELHH
2016-11-10T00:30:00Z,Imports & Exports,-748.000,Elexon BMRS FUELHH
2016-11-10T00:30:00Z,Nuclear,8376.000,Elexon BMRS FUELHH
2016-11-10T00:30:00Z,Other,1554.000,Elexon BMRS FUELHH
2016-11-10T00:30:00Z,Pumped Storage,-2028.000,Elexon BMRS FUELHH
2016-11-10T00:30:00Z,Wind,2683.000,Elexon BMRS FUELHH
2016-11-10T01:00:00Z,Coal,3058.000,Elexon BMRS FUELHH
2016-11-10T01:00:00Z,Gas,16348.000,Elexon BMRS FUELHH
2016-11-10T01:00:00Z,Hydro,78.000,Elexon BMRS FUELHH
2016-11-10T01:00:00Z,Imports & Exports,-758.000,Elexon BMRS FUELHH
2016-11-10T01:00:00Z,Nuclear,8378.000,Elexon BMRS FUELHH
2016-11-10T01:00:00Z,Other,1551.000,Elexon BMRS FUELHH
2016-11-10T01:00:00Z,Pumped Storage,-2256.000,Elexon BMRS FUELHH
2016-11-10T01:00:00Z,Wind,2867.000,Elexon BMRS FUELHH
2016-11-10T01:30:00Z,Coal,3010.000,Elexon BMRS FUELHH
2016-11-10T01:30:00Z,Gas,15178.000,Elexon BMRS FUELHH
2016-11-10T01:30:00Z,Hydro,78.000,Elexon BMRS FUELHH
2016-11-10T01:30:00Z,Imports & Exports,-626.000,Elexon BMRS FUELHH
2016-11-10T01:30:00Z,Nuclear,8382.000,Elexon BMRS FUELHH
2016-11-10T01:30:00Z,Other,1551.000,Elexon BMRS FUELHH
2016-11-10T01:30:00Z,Pumped Storage,-2248.000,Elexon BMRS FUELHH
2016-11-10T01:30:00Z,Wind,3141.000,Elexon BMRS FUELHH
2016-11-10T02:00:00Z,Coal,2925.000,Elexon BMRS FUELHH
2016-11-10T02:00:00Z,Gas,12847.000,Elexon BMRS FUELHH
2016-11-10T02:00:00Z,Hydro,76.000,Elexon BMRS FUELHH
2016-11-10T02:00:00Z,Imports & Exports,938.000,Elexon BMRS FUELHH
2016-11-10T02:00:00Z,Nuclear,8379.000,Elexon BMRS FUELHH
2016-11-10T02:00:00Z,Other,1552.000,Elexon BMRS FUELHH
2016-11-10T02:00:00Z,Pumped Storage,-2242.000,Elexon BMRS FUELHH
2016-11-10T02:00:00Z,Wind,3296.000,Elexon BMRS FUELHH
2016-11-10T02:30:00Z,Coal,2907.000,Elexon BMRS FUELHH
2016-11-10T02:30:00Z,Gas,12590.000,Elexon BMRS FUELHH
2016-11-10T02:30:00Z,Hydro,76.000,Elexon BMRS FUELHH
2016-11-10T02:30:00Z,Imports & Exports,924.000,Elexon BMRS FUELHH
2016-11-10T02:30:00Z,Nuclear,8377.000,Elexon BMRS FUELHH
2016-11-10T02:30:00Z,Other,1553.000,Elexon BMRS FUELHH
2016-11-10T02:30:00Z,Pumped Storage,-2226.000,Elexon BMRS FUELHH
2016-11-10T02:30:00Z,Wind,3392.000,Elexon BMRS FUELHH
2016-11-10T03:00:00Z,Coal,2926.000,Elexon BMRS FUELHH
2016-11-10T03:00:00Z,Gas,12915.000,Elexon BMRS FUELHH
2016-11-10T03:00:00Z,Hydro,75.000,Elexon BMRS FUELHH
2016-11-10T03:00:00Z,Imports & Exports,22.000,Elexon BMRS FUELHH
2016-11-10T03:00:00Z,Nuclear,8379.000,Elexon BMRS FUELHH
2016-11-10T03:00:00Z,Other,1543.000,Elexon BMRS FUELHH
2016-11-10T03:00:00Z,Pumped Storage,-2222.000,Elexon BMRS FUELHH
2016-11-10T03:00:00Z,Wind,3543.000,Elexon BMRS FUELHH
2016-11-10T03:30:00Z,Coal,2886.000,Elexon BMRS FUELHH
2016-11-10T03:30:00Z,Gas,12532.000,Elexon BMRS FUELHH
2016-11-10T03:30:00Z,Hydro,75.000,Elexon BMRS FUELHH
2016-11-10T03:30:00Z,Imports & Exports,48.000,Elexon BMRS FUELHH
2016-11-10T03:30:00Z,Nuclear,8372.000,Elexon BMRS FUELHH
2016-11-10T03:30:00Z,Other,1552.000,Elexon BMRS FUELHH
2016-11-10T03:30:00Z,Pumped Storage,-2200.000,Elexon BMRS FUELHH
2016-11-10T03:30:00Z,Wind,3425.000,Elexon BMRS FUELHH
2016-11-10T04:00:00Z,Coal,3003.000,Elexon BMRS FUELHH
2016-11-10T04:00:00Z,Gas,13119.000,Elexon BMRS FUELHH
2016-11-10T04:00:00Z,Hydro,75.000,Elexon BMRS FUELHH
2016-11-10T04:00:00Z,Imports & Exports,-736.000,Elexon BMRS FUELHH
2016-11-10T04:00:00Z,Nuclear,8375.000,Elexon BMRS FUELHH
2016-11-10T04:00:00Z,Other,1548.000,Elexon BMRS FUELHH
2016-11-10T04:00:00Z,Pumped Storage,-2190.000,Elexon BMRS FUELHH
2016-11-10T04:00:00Z,Wind,3153.000,Elexon BMRS FUELHH
2016-11-10T04:30:00Z,Coal,2959.000,Elexon BMRS FUELHH
2016-11-10T04:30:00Z,Gas,13431.000,Elexon BMRS FUELHH
2016-11-10T04:30:00Z,Hydro,75.000,Elexon BMRS FUELHH
2016-11-10T04:30:00Z,Imports & Exports,-728.000,Elexon BMRS FUELHH
2016-11-10T04:30:00Z,Nuclear,8375.000,Elexon BMRS FUELHH
2016-11-10T04:30:00Z,Other,1534.000,Elexon BMRS FUELHH
2016-11-10T04:30:00Z,Pumped Storage,-2172.000,Elexon BMRS FUELHH
2016-11-10T04:30:00Z,Wind,3017.000,Elexon BMRS FUELHH
2016-11-10T05:00:00Z,Coal,2965.000,Elexon BMRS FUELHH
2016-11-10T05:00:00Z,Gas,14445.000,Elexon BMRS FUELHH
2016-11-10T05:00:00Z,Hydro,74.000,Elexon BMRS FUELHH
2016-11-10T05:00:00Z,Imports & Exports,-1156.000,Elexon BMRS FUELHH
2016-11-10T05:00:00Z,Nuclear,8379.000,Elexon BMRS FUELHH
2016-11-10T05:00:00Z,Other,1536.000,Elexon BMRS FUELHH
2016-11-10T05:00:00Z,Pumped Storage,-1932.000,Elexon BMRS FUELHH
2016-11-10T05:00:00Z,Wind,2966.000,Elexon BMRS FUELHH
2016-11-10T05:30:00Z,Coal,3284.000,Elexon BMRS FUELHH
2016-11-10T05:30:00Z,Gas,15381.000,Elexon BMRS FUELHH
2016-11-10T05:30:00Z,Hydro,78.000,Elexon BMRS FUELHH
2016-11-10T05:30:00Z,Imports & Exports,-1248.000,Elexon BMRS FUELHH
2016-11-10T05:30:00Z,Nuclear,8378.000,Elexon BMRS FUELHH
2016-11-10T05:30:00Z,Other,1537.000,Elexon BMRS FUELHH
2016-11-10T05:30:00Z,Pumped Storage,-1462.000,Elexon BMRS FUELHH
2016-11-10T05:30:00Z,Wind,2752.000,Elexon BMRS FUELHH
2016-11-10T06:00:00Z,Coal,3806.000,Elexon BMRS FUELHH
2016-11-10T06:00:00Z,Gas,17870.000,Elexon BMRS FUELHH
2016-11-10T06:00:00Z,Hydro,111.000,Elexon BMRS FUELHH
2016-11-10T06:00:00Z,Imports & Exports,-1870.000,Elexon BMRS FUELHH
2016-11-10T06:00:00Z,Nuclear,8374.000,Elexon BMRS FUELHH
2016-11-10T06:00:00Z,Other,1511.000,Elexon BMRS FUELHH
2016-11-10T06:00:00Z,Pumped Storage,-262.000,Elexon BMRS FUELHH
2016-11-10T06:00:00Z,Wind,2661.000,Elexon BMRS FUELHH
2016-11-10T06:30:00Z,Coal,4801.000,Elexon BMRS FUELHH
2016-11-10T06:30:00Z,Gas,19936.000,Elexon BMRS FUELHH
2016-11-10T06:30:00Z,Hydro,123.000,Elexon BMRS FUELHH
2016-11-10T06:30:00Z,Imports & Exports,-1892.000,Elexon BMRS FUELHH
2016-11-10T06:30:00Z,Nuclear,8374.000,Elexon BMRS FUELHH
2016-11-10T06:30:00Z,Other,1501.000,Elexon BMRS FUELHH
2016-11-10T06:30:00Z,Pumped Storage,102.000,Elexon BMRS FUELHH
2016-11-10T06:30:00Z,Wind,2644.000,Elexon BMRS FUELHH
2016-11-10T07:00:00Z,Coal,5503.000,Elexon BMRS FUELHH
2016-11-10T07:00:00Z,Gas,21494.000,Elexon BMRS FUELHH
2016-11-10T07:00:00Z,Hydro,240.000,Elexon BMRS FUELHH
2016-11-10T07:00:00Z,Imports & Exports,-954.000,Elexon BMRS FUELHH
2016-11-10T07:00:00Z,Nuclear,8373.000,Elexon BMRS FUELHH
2016-11-10T07:00:00Z,Other,1502.000,Elexon BMRS FUELHH
2016-11-10T07:00:00Z,Pumped Storage,220.000,Elexon BMRS FUELHH
2016-11-10T07:00:00Z,Wind,2684.000,Elexon BMRS FUELHH
2016-11-10T07:30:00Z,Coal,6133.000,Elexon BMRS FUELHH
2016-11-10T07:30:00Z,Gas,22050.000,Elexon BMRS FUELHH
2016-11-10T07:30:00Z,Hydro,255.000,Elexon BMRS FUELHH
2016-11-10T07:30:00Z,Imports & Exports,-894.000,Elexon BMRS FUELHH
2016-11-10T07:30:00Z,Nuclear,8366.000,Elexon BMRS FUELHH
2016-11-10T07:30:00Z,Other,1487.000,Elexon BMRS FUELHH
2016-11-10T07:30:00Z,Pumped Storage,402.000,Elexon BMRS FUELHH
2016-11-10T07:30:00Z,Wind,2627.000,Elexon BMRS FUELHH
2016-11-10T08:00:00Z,Coal,6603.000,Elexon BMRS FUELHH
2016-11-10T08:00:00Z,Gas,22103.000,Elexon BMRS FUELHH
2016-11-10T08:00:00Z,Hydro,258.000,Elexon BMRS FUELHH
2016-11-10T08:00:00Z,Imports & Exports,-876.000,Elexon BMRS FUELHH
2016-11-10T08:00:00Z,Nuclear,8368.000,Elexon BMRS FUELHH
2016-11-10T08:00:00Z,Other,1466.000,Elexon BMRS FUELHH
2016-11-10T08:00:00Z,Pumped Storage,392.000,Elexon BMRS FUELHH
2016-11-10T08:00:00Z,Wind,2739.000,Elexon BMRS FUELHH
2016-11-10T08:30:00Z,Coal,6660.000,Elexon BMRS FUELHH
2016-11-10T08:30:00Z,Gas,21657.000,Elexon BMRS FUELHH
2016-11-10T08:30:00Z,Hydro,259.000,Elexon BMRS FUELHH
2016-11-10T08:30:00Z,Imports & Exports,-864.000,Elexon BMRS FUELHH
2016-11-10T08:30:00Z,Nuclear,8369.000,Elexon BMRS FUELHH
2016-11-10T08:30:00Z,Other,1465.000,Elexon BMRS FUELHH
2016-11-10T08:30:00Z,Pumped Storage,316.000,Elexon BMRS FUELHH
2016-11-10T08:30:00Z,Wind,2871.000,Elexon BMRS FUELHH
2016-11-10T09:00:00Z,Coal,6647.000,Elexon BMRS FUELHH
2016-11-10T09:00:00Z,Gas,21801.000,Elexon BMRS FUELHH
2016-11-10T09:00:00Z,Hydro,283.000,Elexon BMRS FUELHH
2016-11-10T09:00:00Z,Imports & Exports,-536.000,Elexon BMRS FUELHH
2016-11-10T09:00:00Z,Nuclear,8364.000,Elexon BMRS FUELHH
2016-11-10T09:00:00Z,Other,1445.000,Elexon BMRS FUELHH
2016-11-10T09:00:00Z,Pumped Storage,472.000,Elexon BMRS FUELHH
2016-11-10T09:00:00Z,Wind,2756.000,Elexon BMRS FUELHH
2016-11-10T09:30:00Z,Coal,6606.000,Elexon BMRS FUELHH
2016-11-10T09:30:00Z,Gas,21708.000,Elexon BMRS FUELHH
2016-11-10T09:30:00Z,Hydro,259.000,Elexon BMRS FUELHH
2016-11-10T09:30:00Z,Imports & Exports,-638.000,Elexon BMRS FUELHH
2016-11-10T09:30:00Z,Nuclear,8376.000,Elexon BMRS FUELHH
2016-11-10T09:30:00Z,Other,1465.000,Elexon BMRS FUELHH
2016-11-10T09:30:00Z,Pumped Storage,260.000,Elexon BMRS FUELHH
2016-11-10T09:30:00Z,Wind,2788.000,Elexon BMRS FUELHH
2016-11-10T10:00:00Z,Coal,6029.000,Elexon BMRS FUELHH
2016-11-10T10:00:00Z,Gas,21289.000,Elexon BMRS FUELHH
2016-11-10T10:00:00Z,Hydro,239.000,Elexon BMRS FUELHH
2016-11-10T10:00:00Z,Imports & Exports,-264.000,Elexon BMRS FUELHH
2016-11-10T10:00:00Z,Nuclear,8371.000,Elexon BMRS FUELHH
2016-11-10T10:00:00Z,Other,1488.000,Elexon BMRS FUELHH
2016-11-10T10:00:00Z,Pumped Storage,376.000,Elexon BMRS FUELHH
2016-11-10T10:00:00Z,Wind,2932.000,Elexon BMRS FUELHH
2016-11-10T10:30:00Z,Coal,5771.000,Elexon BMRS FUELHH
2016-11-10T10:30:00Z,Gas,20546.000,Elexon BMRS FUELHH
2016-11-10T10:30:00Z,Hydro,233.000,Elexon BMRS FUELHH
2016-11-10T10:30:00Z,Imports & Exports,6.000,Elexon BMRS FUELHH
2016-11-10T10:30:00Z,Nuclear,8373.000,Elexon BMRS FUELHH
2016-11-10T10:30:00Z,Other,1469.000,Elexon BMRS FUELHH
2016-11-10T10:30:00Z,Pumped Storage,334.000,Elexon BMRS FUELHH
2016-11-10T10:30:00Z,Wind,2979.000,Elexon BMRS FUELHH
2016-11-10T11:00:00Z,Coal,5877.000,Elexon BMRS FUELHH
2016-11-10T11:00:00Z,Gas,20451.000,Elexon BMRS FUELHH
2016-11-10T11:00:00Z,Hydro,176.000,Elexon BMRS FUELHH
2016-11-10T11:00:00Z,Imports & Exports,-448.000,Elexon BMRS FUELHH
2016-11-10T11:00:00Z,Nuclear,8363.000,Elexon BMRS FUELHH
2016-11-10T11:00:00Z,Other,1417.000,Elexon BMRS FUELHH
2016-11-10T11:00:00Z,Pumped Storage,358.000,Elexon BMRS FUELHH
2016-11-10T11:00:00Z,Wind,3150.000,Elexon BMRS FUELHH
2016-11-10T11:30:00Z,Coal,5965.000,Elexon BMRS FUELHH
2016-11-10T11:30:00Z,Gas,19966.000,Elexon BMRS FUELHH
2016-11-10T11:30:00Z,Hydro,160.000,Elexon BMRS FUELHH
2016-11-10T11:30:00Z,Imports & Exports,-448.000,Elexon BMRS FUELHH
2016-11-10T11:30:00Z,Nuclear,8369.000,Elexon BMRS FUELHH
2016-11-10T11:30:00Z,Other,1441.000,Elexon BMRS FUELHH
2016-11-10T11:30:00Z,Pumped Storage,336.000,Elexon BMRS FUELHH
2016-11-10T11:30:00Z,Wind,3357.000,Elexon BMRS FUELHH
2016-11-10T12:00:00Z,Coal,6003.000,Elexon BMRS FUELHH
2016-11-10T12:00:00Z,Gas,19738.000,Elexon BMRS FUELHH
2016-11-10T12:00:00Z,Hydro,160.000,Elexon BMRS FUELHH
2016-11-10T12:00:00Z,Imports & Exports,-612.000,Elexon BMRS FUELHH
2016-11-10T12:00:00Z,Nuclear,8336.000,Elexon BMRS FUELHH
2016-11-10T12:00:00Z,Other,1436.000,Elexon BMRS FUELHH
2016-11-10T12:00:00Z,Pumped Storage,352.000,Elexon BMRS FUELHH
2016-11-10T12:00:00Z,Wind,3593.000,Elexon BMRS FUELHH
2016-11-10T12:30:00Z,Coal,5994.000,Elexon BMRS FUELHH
2016-11-10T12:30:00Z,Gas,19419.000,Elexon BMRS FUELHH
2016-11-10T12:30:00Z,Hydro,174.000,Elexon BMRS FUELHH
2016-11-10T12:30:00Z,Imports & Exports,-614.000,Elexon BMRS FUELHH
2016-11-10T12:30:00Z,Nuclear,8216.000,Elexon BMRS FUELHH
2016-11-10T12:30:00Z,Other,1509.000,Elexon BMRS FUELHH
2016-11-10T12:30:00Z,Pumped Storage,338.000,Elexon BMRS FUELHH
2016-11-10T12:30:00Z,Wind,3806.000,Elexon BMRS FUELHH
2016-11-10T13:00:00Z,Coal,5864.000,Elexon BMRS FUELHH
2016-11-10T13:00:00Z,Gas,19462.000,Elexon BMRS FUELHH
2016-11-10T13:00:00Z,Hydro,197.000,Elexon BMRS FUELHH
2016-11-10T13:00:00Z,Imports & Exports,-492.000,Elexon BMRS FUELHH
2016-11-10T13:00:00Z,Nuclear,8093.000,Elexon BMRS FUELHH
2016-11-10T13:00:00Z,Other,1535.000,Elexon BMRS FUELHH
2016-11-10T13:00:00Z,Pumped Storage,364.000,Elexon BMRS FUELHH
2016-11-10T13:00:00Z,Wind,3997.000,Elexon BMRS FUELHH
2016-11-10T13:30:00Z,Coal,5718.000,Elexon BMRS FUELHH
2016-11-10T13:30:00Z,Gas,19703.000,Elexon BMRS FUELHH
2016-11-10T13:30:00Z,Hydro,203.000,Elexon BMRS FUELHH
2016-11-10T13:30:00Z,Imports & Exports,-486.000,Elexon BMRS FUELHH
2016-11-10T13:30:00Z,Nuclear,8002.000,Elexon BMRS FUELHH
2016-11-10T13:30:00Z,Other,1566.000,Elexon BMRS FUELHH
2016-11-10T13:30:00Z,Pumped Storage,486.000,Elexon BMRS FUELHH
2016-11-10T13:30:00Z,Wind,3889.000,Elexon BMRS FUELHH
2016-11-10T14:00:00Z,Coal,5739.000,Elexon BMRS FUELHH
2016-11-10T14:00:00Z,Gas,20000.000,Elexon BMRS FUELHH
2016-11-10T14:00:00Z,Hydro,203.000,Elexon BMRS FUELHH
2016-11-10T14:00:00Z,Imports & Exports,-324.000,Elexon BMRS FUELHH
2016-11-10T14:00:00Z,Nuclear,8006.000,Elexon BMRS FUELHH
2016-11-10T14:00:00Z,Other,1571.000,Elexon BMRS FUELHH
2016-11-10T14:00:00Z,Pumped Storage,350.000,Elexon BMRS FUELHH
2016-11-10T14:00:00Z,Wind,4000.000,Elexon BMRS FUELHH
2016-11-10T14:30:00Z,Coal,5767.000,Elexon BMRS FUELHH
2016-11-10T14:30:00Z,Gas,20164.000,Elexon BMRS FUELHH
2016-11-10T14:30:00Z,Hydro,230.000,Elexon BMRS FUELHH
2016-11-10T14:30:00Z,Imports & Exports,-322.000,Elexon BMRS FUELHH
2016-11-10T14:30:00Z,Nuclear,8005.000,Elexon BMRS FUELHH
2016-11-10T14:30:00Z,Other,1587.000,Elexon BMRS FUELHH
2016-11-10T14:30:00Z,Pumped Storage,338.000,Elexon BMRS FUELHH
2016-11-10T14:30:00Z,Wind,4042.000,Elexon BMRS FUELHH
2016-11-10T15:00:00Z,Coal,5693.000,Elexon BMRS FUELHH
2016-11-10T15:00:00Z,Gas,19974.000,Elexon BMRS FUELHH
2016-11-10T15:00:00Z,Hydro,378.000,Elexon BMRS FUELHH
2016-11-10T15:00:00Z,Imports & Exports,-246.000,Elexon BMRS FUELHH
2016-11-10T15:00:00Z,Nuclear,8005.000,Elexon BMRS FUELHH
2016-11-10T15:00:00Z,Other,1608.000,Elexon BMRS FUELHH
2016-11-10T15:00:00Z,Pumped Storage,722.000,Elexon BMRS FUELHH
2016-11-10T15:00:00Z,Wind,3998.000,Elexon BMRS FUELHH
2016-11-10T15:30:00Z,Coal,5952.000,Elexon BMRS FUELHH
2016-11-10T15:30:00Z,Gas,20477.000,Elexon BMRS FUELHH
2016-11-10T15:30:00Z,Hydro,407.000,Elexon BMRS FUELHH
2016-11-10T15:30:00Z,Imports & Exports,-12.000,Elexon BMRS FUELHH
2016-11-10T15:30:00Z,Nuclear,8006.000,Elexon BMRS FUELHH
2016-11-10T15:30:00Z,Other,1630.000,Elexon BMRS FUELHH
2016-11-10T15:30:00Z,Pumped Storage,866.000,Elexon BMRS FUELHH
2016-11-10T15:30:00Z,Wind,4067.000,Elexon BMRS FUELHH
2016-11-10T16:00:00Z,Coal,5854.000,Elexon BMRS FUELHH
2016-11-10T16:00:00Z,Gas,19989.000,Elexon BMRS FUELHH
2016-11-10T16:00:00Z,Hydro,446.000,Elexon BMRS FUELHH
2016-11-10T16:00:00Z,Imports & Exports,2212.000,Elexon BMRS FUELHH
2016-11-10T16:00:00Z,Nuclear,8002.000,Elexon BMRS FUELHH
2016-11-10T16:00:00Z,Other,1589.000,Elexon BMRS FUELHH
2016-11-10T16:00:00Z,Pumped Storage,688.000,Elexon BMRS FUELHH
2016-11-10T16:00:00Z,Wind,4103.000,Elexon BMRS FUELHH
2016-11-10T16:30:00Z,Coal,6398.000,Elexon BMRS FUELHH
2016-11-10T16:30:00Z,Gas,20524.000,Elexon BMRS FUELHH
2016-11-10T16:30:00Z,Hydro,699.000,Elexon BMRS FUELHH
2016-11-10T16:30:00Z,Imports & Exports,2706.000,Elexon BMRS FUELHH
2016-11-10T16:30:00Z,Nuclear,8018.000,Elexon BMRS FUELHH
2016-11-10T16:30:00Z,Other,1598.000,Elexon BMRS FUELHH
2016-11-10T16:30:00Z,Pumped Storage,1718.000,Elexon BMRS FUELHH
2016-11-10T16:30:00Z,Wind,4165.000,Elexon BMRS FUELHH
2016-11-10T17:00:00Z,Coal,6819.000,Elexon BMRS FUELHH
2016-11-10T17:00:00Z,Gas,21205.000,Elexon BMRS FUELHH
2016-11-10T17:00:00Z,Hydro,756.000,Elexon BMRS FUELHH
2016-11-10T17:00:00Z,Imports & Exports,3192.000,Elexon BMRS FUELHH
2016-11-10T17:00:00Z,Nuclear,8104.000,Elexon BMRS FUELHH
2016-11-10T17:00:00Z,Other,1598.000,Elexon BMRS FUELHH
2016-11-10T17:00:00Z,Pumped Storage,1232.000,Elexon BMRS FUELHH
2016-11-10T17:00:00Z,Wind,3988.000,Elexon BMRS FUELHH
2016-11-10T17:30:00Z,Coal,6934.000,Elexon BMRS FUELHH
2016-11-10T17:30:00Z,Gas,21434.000,Elexon BMRS FUELHH
2016-11-10T17:30:00Z,Hydro,770.000,Elexon BMRS FUELHH
2016-11-10T17:30:00Z,Imports & Exports,3038.000,Elexon BMRS FUELHH
2016-11-10T17:30:00Z,Nuclear,8129.000,Elexon BMRS FUELHH
2016-11-10T17:30:00Z,Other,1557.000,Elexon BMRS FUELHH
2016-11-10T17:30:00Z,Pumped Storage,1128.000,Elexon BMRS FUELHH
2016-11-10T17:30:00Z,Wind,3687.000,Elexon BMRS FUELHH
2016-11-10T18:00:00Z,Coal,7022.000,Elexon BMRS FUELHH
2016-11-10T18:00:00Z,Gas,21231.000,Elexon BMRS FUELHH
2016-11-10T18:00:00Z,Hydro,764.000,Elexon BMRS FUELHH
2016-11-10T18:00:00Z,Imports & Exports,2520.000,Elexon BMRS FUELHH
2016-11-10T18:00:00Z,Nuclear,8135.000,Elexon BMRS FUELHH
2016-11-10T18:00:00Z,Other,1539.000,Elexon BMRS FUELHH
2016-11-10T18:00:00Z,Pumped Storage,1534.000,Elexon BMRS FUELHH
2016-11-10T18:00:00Z,Wind,3542.000,Elexon BMRS FUELHH
2016-11-10T18:30:00Z,Coal,6959.000,Elexon BMRS FUELHH
2016-11-10T18:30:00Z,Gas,21181.000,Elexon BMRS FUELHH
2016-11-10T18:30:00Z,Hydro,715.000,Elexon BMRS FUELHH
2016-11-10T18:30:00Z,Imports & Exports,2432.000,Elexon BMRS FUELHH
2016-11-10T18:30:00Z,Nuclear,8139.000,Elexon BMRS FUELHH
2016-11-10T18:30:00Z,Other,1659.000,Elexon BMRS FUELHH
2016-11-10T18:30:00Z,Pumped Storage,1098.000,Elexon BMRS FUELHH
2016-11-10T18:30:00Z,Wind,3688.000,Elexon BMRS FUELHH
2016-11-10T19:00:00Z,Coal,6862.000,Elexon BMRS FUELHH
2016-11-10T19:00:00Z,Gas,20540.000,Elexon BMRS FUELHH
2016-11-10T19:00:00Z,Hydro,481.000,Elexon BMRS FUELHH
2016-11-10T19:00:00Z,Imports & Exports,2784.000,Elexon BMRS FUELHH
2016-11-10T19:00:00Z,Nuclear,8136.000,Elexon BMRS FUELHH
2016-11-10T19:00:00Z,Other,1678.000,Elexon BMRS FUELHH
2016-11-10T19:00:00Z,Pumped Storage,898.000,Elexon BMRS FUELHH
2016-11-10T19:00:00Z,Wind,3725.000,Elexon BMRS FUELHH
2016-11-10T19:30:00Z,Coal,6626.000,Elexon BMRS FUELHH
2016-11-10T19:30:00Z,Gas,20021.000,Elexon BMRS FUELHH
2016-11-10T19:30:00Z,Hydro,476.000,Elexon BMRS FUELHH
2016-11-10T19:30:00Z,Imports & Exports,2710.000,Elexon BMRS FUELHH
2016-11-10T19:30:00Z,Nuclear,8134.000,Elexon BMRS FUELHH
2016-11-10T19:30:00Z,Other,1680.000,Elexon BMRS FUELHH
2016-11-10T19:30:00Z,Pumped Storage,824.000,Elexon BMRS FUELHH
2016-11-10T19:30:00Z,Wind,3589.000,Elexon BMRS FUELHH
2016-11-10T20:00:00Z,Coal,6229.000,Elexon BMRS FUELHH
2016-11-10T20:00:00Z,Gas,20200.000,Elexon BMRS FUELHH
2016-11-10T20:00:00Z,Hydro,374.000,Elexon BMRS FUELHH
2016-11-10T20:00:00Z,Imports & Exports,1818.000,Elexon BMRS FUELHH
2016-11-10T20:00:00Z,Nuclear,8132.000,Elexon BMRS FUELHH
2016-11-10T20:00:00Z,Other,1655.000,Elexon BMRS FUELHH
2016-11-10T20:00:00Z,Pumped Storage,956.000,Elexon BMRS FUELHH
2016-11-10T20:00:00Z,Wind,3359.000,Elexon BMRS FUELHH
2016-11-10T20:30:00Z,Coal,5751.000,Elexon BMRS FUELHH
2016-11-10T20:30:00Z,Gas,19614.000,Elexon BMRS FUELHH
2016-11-10T20:30:00Z,Hydro,331.000,Elexon BMRS FUELHH
2016-11-10T20:30:00Z,Imports & Exports,1694.000,Elexon BMRS FUELHH
2016-11-10T20:30:00Z,Nuclear,8182.000,Elexon BMRS FUELHH
2016-11-10T20:30:00Z,Other,1627.000,Elexon BMRS FUELHH
2016-11-10T20:30:00Z,Pumped Storage,926.000,Elexon BMRS FUELHH
2016-11-10T20:30:00Z,Wind,3056.000,Elexon BMRS FUELHH
2016-11-10T21:00:00Z,Coal,5243.000,Elexon BMRS FUELHH
2016-11-10T21:00:00Z,Gas,20186.000,Elexon BMRS FUELHH
2016-11-10T21:00:00Z,Hydro,230.000,Elexon BMRS FUELHH
2016-11-10T21:00:00Z,Imports & Exports,24.000,Elexon BMRS FUELHH
2016-11-10T21:00:00Z,Nuclear,8240.000,Elexon BMRS FUELHH
2016-11-10T21:00:00Z,Other,1654.000,Elexon BMRS FUELHH
2016-11-10T21:00:00Z,Pumped Storage,1132.000,Elexon BMRS FUELHH
2016-11-10T21:00:00Z,Wind,2807.000,Elexon BMRS FUELHH
2016-11-10T21:30:00Z,Coal,4883.000,Elexon BMRS FUELHH
2016-11-10T21:30:00Z,Gas,19321.000,Elexon BMRS FUELHH
2016-11-10T21:30:00Z,Hydro,210.000,Elexon BMRS FUELHH
2016-11-10T21:30:00Z,Imports & Exports,-186.000,Elexon BMRS FUELHH
2016-11-10T21:30:00Z,Nuclear,8240.000,Elexon BMRS FUELHH
2016-11-10T21:30:00Z,Other,1524.000,Elexon BMRS FUELHH
2016-11-10T21:30:00Z,Pumped Storage,384.000,Elexon BMRS FUELHH
2016-11-10T21:30:00Z,Wind,2722.000,Elexon BMRS FUELHH
2016-11-10T22:00:00Z,Coal,4034.000,Elexon BMRS FUELHH
2016-11-10T22:00:00Z,Gas,19699.000,Elexon BMRS FUELHH
2016-11-10T22:00:00Z,Hydro,223.000,Elexon BMRS FUELHH
2016-11-10T22:00:00Z,Imports & Exports,-1426.000,Elexon BMRS FUELHH
2016-11-10T22:00:00Z,Nuclear,8241.000,Elexon BMRS FUELHH
2016-11-10T22:00:00Z,Other,1277.000,Elexon BMRS FUELHH
2016-11-10T22:00:00Z,Pumped Storage,618.000,Elexon BMRS FUELHH
2016-11-10T22:00:00Z,Wind,2576.000,Elexon BMRS FUELHH
2016-11-10T22:30:00Z,Coal,3546.000,Elexon BMRS FUELHH
2016-11-10T22:30:00Z,Gas,19037.000,Elexon BMRS FUELHH
2016-11-10T22:30:00Z,Hydro,217.000,Elexon BMRS FUELHH
2016-11-10T22:30:00Z,Imports & Exports,-1486.000,Elexon BMRS FUELHH
2016-11-10T22:30:00Z,Nuclear,8238.000,Elexon BMRS FUELHH
2016-11-10T22:30:00Z,Other,1271.000,Elexon BMRS FUELHH
2016-11-10T22:30:00Z,Pumped Storage,482.000,Elexon BMRS FUELHH
2016-11-10T22:30:00Z,Wind,2282.000,Elexon BMRS FUELHH
2016-11-10T23:00:00Z,Coal,3309.000,Elexon BMRS FUELHH
2016-11-10T23:00:00Z,Gas,17519.000,Elexon BMRS FUELHH
2016-11-10T23:00:00Z,Hydro,194.000,Elexon BMRS FUELHH
2016-11-10T23:00:00Z,Imports & Exports,-1348.000,Elexon BMRS FUELHH
2016-11-10T23:00:00Z,Nuclear,8133.000,Elexon BMRS FUELHH
2016-11-10T23:00:00Z,Other,1273.000,Elexon BMRS FUELHH
2016-11-10T23:00:00Z,Pumped Storage,122.000,Elexon BMRS FUELHH
2016-11-10T23:00:00Z,Wind,2145.000,Elexon BMRS FUELHH
2016-11-10T23:30:00Z,Coal,3319.000,Elexon BMRS FUELHH
2016-11-10T23:30:00Z,Gas,17459.000,Elexon BMRS FUELHH
2016-11-10T23:30:00Z,Hydro,189.000,Elexon BMRS FUELHH
2016-11-10T23:30:00Z,Imports & Exports,-1262.000,Elexon BMRS FUELHH
2016-11-10T23:30:00Z,Nuclear,8042.000,Elexon BMRS FUELHH
2016-11-10T23:30:00Z,Other,1275.000,Elexon BMRS FUELHH
2016-11-10T23:30:00Z,Pumped Storage,-954.000,Elexon BMRS FUELHH
2016-11-10T23:30:00Z,Wind,2027.000,Elexon BMRS FUELHH
2016-11-11T00:00:00Z,Coal,3303.000,Elexon BMRS FUELHH
2016-11-11T00:00:00Z,Gas,17753.000,Elexon BMRS FUELHH
2016-11-11T00:00:00Z,Hydro,188.000,Elexon BMRS FUELHH
2016-11-11T00:00:00Z,Imports & Exports,-1100.000,Elexon BMRS FUELHH
2016-11-11T00:00:00Z,Nuclear,8024.000,Elexon BMRS FUELHH
2016-11-11T00:00:00Z,Other,1277.000,Elexon BMRS FUELHH
2016-11-11T00:00:00Z,Pumped Storage,-1872.000,Elexon BMRS FUELHH
2016-11-11T00:00:00Z,Wind,2012.000,Elexon BMRS FUELHH
2016-11-11T00:30:00Z,Coal,3214.000,Elexon BMRS FUELHH
2016-11-11T00:30:00Z,Gas,17976.000,Elexon BMRS FUELHH
2016-11-11T00:30:00Z,Hydro,187.000,Elexon BMRS FUELHH
2016-11-11T00:30:00Z,Imports & Exports,-992.000,Elexon BMRS FUELHH
2016-11-11T00:30:00Z,Nuclear,8030.000,Elexon BMRS FUELHH
2016-11-11T00:30:00Z,Other,1278.000,Elexon BMRS FUELHH
2016-11-11T00:30:00Z,Pumped Storage,-1814.000,Elexon BMRS FUELHH
2016-11-11T00:30:00Z,Wind,2027.000,Elexon BMRS FUELHH
2016-11-11T01:00:00Z,Coal,2888.000,Elexon BMRS FUELHH
2016-11-11T01:00:00Z,Gas,17339.000,Elexon BMRS FUELHH
2016-11-11T01:00:00Z,Hydro,175.000,Elexon BMRS FUELHH
2016-11-11T01:00:00Z,Imports & Exports,-92.000,Elexon BMRS FUELHH
2016-11-11T01:00:00Z,Nuclear,8089.000,Elexon BMRS FUELHH
2016-11-11T01:00:00Z,Other,1274.000,Elexon BMRS FUELHH
2016-11-11T01:00:00Z,Pumped Storage,-1914.000,Elexon BMRS FUELHH
2016-11-11T01:00:00Z,Wind,1887.000,Elexon BMRS FUELHH
2016-11-11T01:30:00Z,Coal,2700.000,Elexon BMRS FUELHH
2016-11-11T01:30:00Z,Gas,16811.000,Elexon BMRS FUELHH
2016-11-11T01:30:00Z,Hydro,186.000,Elexon BMRS FUELHH
2016-11-11T01:30:00Z,Imports & Exports,22.000,Elexon BMRS FUELHH
2016-11-11T01:30:00Z,Nuclear,8146.000,Elexon BMRS FUELHH
2016-11-11T01:30:00Z,Other,1267.000,Elexon BMRS FUELHH
2016-11-11T01:30:00Z,Pumped Storage,-2002.000,Elexon BMRS FUELHH
2016-11-11T01:30:00Z,Wind,1897.000,Elexon BMRS FUELHH
2016-11-11T02:00:00Z,Coal,2692.000,Elexon BMRS FUELHH
2016-11-11T02:00:00Z,Gas,15725.000,Elexon BMRS FUELHH
2016-11-11T02:00:00Z,Hydro,176.000,Elexon BMRS FUELHH
2016-11-11T02:00:00Z,Imports & Exports,820.000,Elexon BMRS FUELHH
2016-11-11T02:00:00Z,Nuclear,8148.000,Elexon BMRS FUELHH
2016-11-11T02:00:00Z,Other,1280.000,Elexon BMRS FUELHH
2016-11-11T02:00:00Z,Pumped Storage,-1946.000,Elexon BMRS FUELHH
2016-11-11T02:00:00Z,Wind,1700.000,Elexon BMRS FUELHH
2016-11-11T02:30:00Z,Coal,2523.000,Elexon BMRS FUELHH
2016-11-11T02:30:00Z,Gas,15660.000,Elexon BMRS FUELHH
2016-11-11T02:30:00Z,Hydro,174.000,Elexon BMRS FUELHH
2016-11-11T02:30:00Z,Imports & Exports,1224.000,Elexon BMRS FUELHH
2016-11-11T02:30:00Z,Nuclear,8156.000,Elexon BMRS FUELHH
2016-11-11T02:30:00Z,Other,1275.000,Elexon BMRS FUELHH
2016-11-11T02:30:00Z,Pumped Storage,-2070.000,Elexon BMRS FUELHH
2016-11-11T02:30:00Z,Wind,1637.000,Elexon BMRS FUELHH
2016-11-11T03:00:00Z,Coal,2458.000,Elexon BMRS FUELHH
2016-11-11T03:00:00Z,Gas,14952.000,Elexon BMRS FUELHH
2016-11-11T03:00:00Z,Hydro,148.000,Elexon BMRS FUELHH
2016-11-11T03:00:00Z,Imports & Exports,1616.000,Elexon BMRS FUELHH
2016-11-11T03:00:00Z,Nuclear,8238.000,Elexon BMRS FUELHH
2016-11-11T03:00:00Z,Other,1280.000,Elexon BMRS FUELHH
2016-11-11T03:00:00Z,Pumped Storage,-2118.000,Elexon BMRS FUELHH
2016-11-11T03:00:00Z,Wind,1576.000,Elexon BMRS FUELHH
2016-11-11T03:30:00Z,Coal,2453.000,Elexon BMRS FUELHH
2016-11-11T03:30:00Z,Gas,14985.000,Elexon BMRS FUELHH
2016-11-11T03:30:00Z,Hydro,146.000,Elexon BMRS FUELHH
2016-11-11T03:30:00Z,Imports & Exports,1332.000,Elexon BMRS FUELHH
2016-11-11T03:30:00Z,Nuclear,8252.000,Elexon BMRS FUELHH
2016-11-11T03:30:00Z,Other,1284.000,Elexon BMRS FUELHH
2016-11-11T03:30:00Z,Pumped Storage,-2108.000,Elexon BMRS FUELHH
2016-11-11T03:30:00Z,Wind,1286.000,Elexon BMRS FUELHH
2016-11-11T04:00:00Z,Coal,2464.000,Elexon BMRS FUELHH
2016-11-11T04:00:00Z,Gas,15985.000,Elexon BMRS FUELHH
2016-11-11T04:00:00Z,Hydro,145.000,Elexon BMRS FUELHH
2016-11-11T04:00:00Z,Imports & Exports,276.000,Elexon BMRS FUELHH
2016-11-11T04:00:00Z,Nuclear,8251.000,Elexon BMRS FUELHH
2016-11-11T04:00:00Z,Other,1281.000,Elexon BMRS FUELHH
2016-11-11T04:00:00Z,Pumped Storage,-2108.000,Elexon BMRS FUELHH
2016-11-11T04:00:00Z,Wind,1281.000,Elexon BMRS FUELHH
2016-11-11T04:30:00Z,Coal,2491.000,Elexon BMRS FUELHH
2016-11-11T04:30:00Z,Gas,15858.000,Elexon BMRS FUELHH
2016-11-11T04:30:00Z,Hydro,146.000,Elexon BMRS FUELHH
2016-11-11T04:30:00Z,Imports & Exports,216.000,Elexon BMRS FUELHH
2016-11-11T04:30:00Z,Nuclear,8251.000,Elexon BMRS FUELHH
2016-11-11T04:30:00Z,Other,1282.000,Elexon BMRS FUELHH
2016-11-11T04:30:00Z,Pumped Storage,-1958.000,Elexon BMRS FUELHH
2016-11-11T04:30:00Z,Wind,1461.000,Elexon BMRS FUELHH
2016-11-11T05:00:00Z,Coal,2540.000,Elexon BMRS FUELHH
2016-11-11T05:00:00Z,Gas,17016.000,Elexon BMRS FUELHH
2016-11-11T05:00:00Z,Hydro,164.000,Elexon BMRS FUELHH
2016-11-11T05:00:00Z,Imports & Exports,-198.000,Elexon BMRS FUELHH
2016-11-11T05:00:00Z,Nuclear,8250.000,Elexon BMRS FUELHH
2016-11-11T05:00:00Z,Other,1278.000,Elexon BMRS FUELHH
2016-11-11T05:00:00Z,Pumped Storage,-1696.000,Elexon BMRS FUELHH
2016-11-11T05:00:00Z,Wind,1220.000,Elexon BMRS FUELHH
2016-11-11T05:30:00Z,Coal,3216.000,Elexon BMRS FUELHH
2016-11-11T05:30:00Z,Gas,17782.000,Elexon BMRS FUELHH
2016-11-11T05:30:00Z,Hydro,163.000,Elexon BMRS FUELHH
2016-11-11T05:30:00Z,Imports & Exports,-210.000,Elexon BMRS FUELHH
2016-11-11T05:30:00Z,Nuclear,8250.000,Elexon BMRS FUELHH
2016-11-11T05:30:00Z,Other,1279.000,Elexon BMRS FUELHH
2016-11-11T05:30:00Z,Pumped Storage,-1634.000,Elexon BMRS FUELHH
2016-11-11T05:30:00Z,Wind,970.000,Elexon BMRS FUELHH
2016-11-11T06:00:00Z,Coal,3905.000,Elexon BMRS FUELHH
2016-11-11T06:00:00Z,Gas,19374.000,Elexon BMRS FUELHH
2016-11-11T06:00:00Z,Hydro,168.000,Elexon BMRS FUELHH
2016-11-11T06:00:00Z,Imports & Exports,132.000,Elexon BMRS FUELHH
2016-11-11T06:00:00Z,Nuclear,8248.000,Elexon BMRS FUELHH
2016-11-11T06:00:00Z,Other,1318.000,Elexon BMRS FUELHH
2016-11-11T06:00:00Z,Pumped Storage,-794.000,Elexon BMRS FUELHH
2016-11-11T06:00:00Z,Wind,902.000,Elexon BMRS FUELHH
2016-11-11T06:30:00Z,Coal,5181.000,Elexon BMRS FUELHH
2016-11-11T06:30:00Z,Gas,20269.000,Elexon BMRS FUELHH
2016-11-11T06:30:00Z,Hydro,235.000,Elexon BMRS FUELHH
2016-11-11T06:30:00Z,Imports & Exports,232.000,Elexon BMRS FUELHH
2016-11-11T06:30:00Z,Nuclear,8246.000,Elexon BMRS FUELHH
2016-11-11T06:30:00Z,Other,1490.000,Elexon BMRS FUELHH
2016-11-11T06:30:00Z,Pumped Storage,274.000,Elexon BMRS FUELHH
2016-11-11T06:30:00Z,Wind,840.000,Elexon BMRS FUELHH
2016-11-11T07:00:00Z,Coal,6188.000,Elexon BMRS FUELHH
2016-11-11T07:00:00Z,Gas,21214.000,Elexon BMRS FUELHH
2016-11-11T07:00:00Z,Hydro,309.000,Elexon BMRS FUELHH
2016-11-11T07:00:00Z,Imports & Exports,1434.000,Elexon BMRS FUELHH
2016-11-11T07:00:00Z,Nuclear,8243.000,Elexon BMRS FUELHH
2016-11-11T07:00:00Z,Other,1585.000,Elexon BMRS FUELHH
2016-11-11T07:00:00Z,Pumped Storage,354.000,Elexon BMRS FUELHH
2016-11-11T07:00:00Z,Wind,890.000,Elexon BMRS FUELHH
2016-11-11T07:30:00Z,Coal,6576.000,Elexon BMRS FUELHH
2016-11-11T07:30:00Z,Gas,22019.000,Elexon BMRS FUELHH
2016-11-11T07:30:00Z,Hydro,299.000,Elexon BMRS FUELHH
2016-11-11T07:30:00Z,Imports & Exports,1464.000,Elexon BMRS FUELHH
2016-11-11T07:30:00Z,Nuclear,8244.000,Elexon BMRS FUELHH
2016-11-11T07:30:00Z,Other,1579.000,Elexon BMRS FUELHH
2016-11-11T07:30:00Z,Pumped Storage,360.000,Elexon BMRS FUELHH
2016-11-11T07:30:00Z,Wind,941.000,Elexon BMRS FUELHH
2016-11-11T08:00:00Z,Coal,6418.000,Elexon BMRS FUELHH
2016-11-11T08:00:00Z,Gas,21572.000,Elexon BMRS FUELHH
2016-11-11T08:00:00Z,Hydro,300.000,Elexon BMRS FUELHH
2016-11-11T08:00:00Z,Imports & Exports,2352.000,Elexon BMRS FUELHH
2016-11-11T08:00:00Z,Nuclear,8247.000,Elexon BMRS FUELHH
2016-11-11T08:00:00Z,Other,1577.000,Elexon BMRS FUELHH
2016-11-11T08:00:00Z,Pumped Storage,338.000,Elexon BMRS FUELHH
2016-11-11T08:00:00Z,Wind,1124.000,Elexon BMRS FUELHH
2016-11-11T08:30:00Z,Coal,6008.000,Elexon BMRS FUELHH
2016-11-11T08:30:00Z,Gas,21304.000,Elexon BMRS FUELHH
2016-11-11T08:30:00Z,Hydro,296.000,Elexon BMRS FUELHH
2016-11-11T08:30:00Z,Imports & Exports,2440.000,Elexon BMRS FUELHH
2016-11-11T08:30:00Z,Nuclear,8234.000,Elexon BMRS FUELHH
2016-11-11T08:30:00Z,Other,1578.000,Elexon BMRS FUELHH
2016-11-11T08:30:00Z,Pumped Storage,364.000,Elexon BMRS FUELHH
2016-11-11T08:30:00Z,Wind,1280.000,Elexon BMRS FUELHH
2016-11-11T09:00:00Z,Coal,5926.000,Elexon BMRS FUELHH
2016-11-11T09:00:00Z,Gas,21146.000,Elexon BMRS FUELHH
2016-11-11T09:00:00Z,Hydro,311.000,Elexon BMRS FUELHH
2016-11-11T09:00:00Z,Imports & Exports,2264.000,Elexon BMRS FUELHH
2016-11-11T09:00:00Z,Nuclear,8142.000,Elexon BMRS FUELHH
2016-11-11T09:00:00Z,Other,1571.000,Elexon BMRS FUELHH
2016-11-11T09:00:00Z,Pumped Storage,580.000,Elexon BMRS FUELHH
2016-11-11T09:00:00Z,Wind,1361.000,Elexon BMRS FUELHH
2016-11-11T09:30:00Z,Coal,5807.000,Elexon BMRS FUELHH
2016-11-11T09:30:00Z,Gas,20285.000,Elexon BMRS FUELHH
2016-11-11T09:30:00Z,Hydro,321.000,Elexon BMRS FUELHH
2016-11-11T09:30:00Z,Imports & Exports,2276.000,Elexon BMRS FUELHH
2016-11-11T09:30:00Z,Nuclear,8030.000,Elexon BMRS FUELHH
2016-11-11T09:30:00Z,Other,1577.000,Elexon BMRS FUELHH
2016-11-11T09:30:00Z,Pumped Storage,610.000,Elexon BMRS FUELHH
2016-11-11T09:30:00Z,Wind,1517.000,Elexon BMRS FUELHH
2016-11-11T10:00:00Z,Coal,5616.000,Elexon BMRS FUELHH
2016-11-11T10:00:00Z,Gas,20274.000,Elexon BMRS FUELHH
2016-11-11T10:00:00Z,Hydro,282.000,Elexon BMRS FUELHH
2016-11-11T10:00:00Z,Imports & Exports,1686.000,Elexon BMRS FUELHH
2016-11-11T10:00:00Z,Nuclear,8000.000,Elexon BMRS FUELHH
2016-11-11T10:00:00Z,Other,1577.000,Elexon BMRS FUELHH
2016-11-11T10:00:00Z,Pumped Storage,620.000,Elexon BMRS FUELHH
2016-11-11T10:00:00Z,Wind,1497.000,Elexon BMRS FUELHH
2016-11-11T10:30:00Z,Coal,5168.000,Elexon BMRS FUELHH
2016-11-11T10:30:00Z,Gas,19856.000,Elexon BMRS FUELHH
2016-11-11T10:30:00Z,Hydro,246.000,Elexon BMRS FUELHH
2016-11-11T10:30:00Z,Imports & Exports,1688.000,Elexon BMRS FUELHH
2016-11-11T10:30:00Z,Nuclear,7999.000,Elexon BMRS FUELHH
2016-11-11T10:30:00Z,Other,1588.000,Elexon BMRS FUELHH
2016-11-11T10:30:00Z,Pumped Storage,578.000,Elexon BMRS FUELHH
2016-11-11T10:30:00Z,Wind,1700.000,Elexon BMRS FUELHH
2016-11-11T11:00:00Z,Coal,4840.000,Elexon BMRS FUELHH
2016-11-11T11:00:00Z,Gas,19918.000,Elexon BMRS FUELHH
2016-11-11T11:00:00Z,Hydro,221.000,Elexon BMRS FUELHH
2016-11-11T11:00:00Z,Imports & Exports,1022.000,Elexon BMRS FUELHH
2016-11-11T11:00:00Z,Nuclear,8011.000,Elexon BMRS FUELHH
2016-11-11T11:00:00Z,Other,1588.000,Elexon BMRS FUELHH
2016-11-11T11:00:00Z,Pumped Storage,538.000,Elexon BMRS FUELHH
2016-11-11T11:00:00Z,Wind,1980.000,Elexon BMRS FUELHH
2016-11-11T11:30:00Z,Coal,4826.000,Elexon BMRS FUELHH
2016-11-11T11:30:00Z,Gas,19362.000,Elexon BMRS FUELHH
2016-11-11T11:30:00Z,Hydro,233.000,Elexon BMRS FUELHH
2016-11-11T11:30:00Z,Imports & Exports,1040.000,Elexon BMRS FUELHH
2016-11-11T11:30:00Z,Nuclear,8003.000,Elexon BMRS FUELHH
2016-11-11T11:30:00Z,Other,1591.000,Elexon BMRS FUELHH
2016-11-11T11:30:00Z,Pumped Storage,556.000,Elexon BMRS FUELHH
2016-11-11T11:30:00Z,Wind,2394.000,Elexon BMRS FUELHH
2016-11-11T12:00:00Z,Coal,4819.000,Elexon BMRS FUELHH
2016-11-11T12:00:00Z,Gas,19224.000,Elexon BMRS FUELHH
2016-11-11T12:00:00Z,Hydro,225.000,Elexon BMRS FUELHH
2016-11-11T12:00:00Z,Imports & Exports,686.000,Elexon BMRS FUELHH
2016-11-11T12:00:00Z,Nuclear,8003.000,Elexon BMRS FUELHH
2016-11-11T12:00:00Z,Other,1733.000,Elexon BMRS FUELHH
2016-11-11T12:00:00Z,Pumped Storage,576.000,Elexon BMRS FUELHH
2016-11-11T12:00:00Z,Wind,2455.000,Elexon BMRS FUELHH
2016-11-11T12:30:00Z,Coal,4823.000,Elexon BMRS FUELHH
2016-11-11T12:30:00Z,Gas,19195.000,Elexon BMRS FUELHH
2016-11-11T12:30:00Z,Hydro,234.000,Elexon BMRS FUELHH
2016-11-11T12:30:00Z,Imports & Exports,620.000,Elexon BMRS FUELHH
2016-11-11T12:30:00Z,Nuclear,8003.000,Elexon BMRS FUELHH
2016-11-11T12:30:00Z,Other,1801.000,Elexon BMRS FUELHH
2016-11-11T12:30:00Z,Pumped Storage,518.000,Elexon BMRS FUELHH
2016-11-11T12:30:00Z,Wind,2548.000,Elexon BMRS FUELHH
2016-11-11T13:00:00Z,Coal,4856.000,Elexon BMRS FUELHH
2016-11-11T13:00:00Z,Gas,19947.000,Elexon BMRS FUELHH
2016-11-11T13:00:00Z,Hydro,236.000,Elexon BMRS FUELHH
2016-11-11T13:00:00Z,Imports & Exports,-284.000,Elexon BMRS FUELHH
2016-11-11T13:00:00Z,Nuclear,8009.000,Elexon BMRS FUELHH
2016-11-11T13:00:00Z,Other,1813.000,Elexon BMRS FUELHH
2016-11-11T13:00:00Z,Pumped Storage,682.000,Elexon BMRS FUELHH
2016-11-11T13:00:00Z,Wind,2608.000,Elexon BMRS FUELHH
2016-11-11T13:30:00Z,Coal,4709.000,Elexon BMRS FUELHH
2016-11-11T13:30:00Z,Gas,20501.000,Elexon BMRS FUELHH
2016-11-11T13:30:00Z,Hydro,235.000,Elexon BMRS FUELHH
2016-11-11T13:30:00Z,Imports & Exports,-402.000,Elexon BMRS FUELHH
2016-11-11T13:30:00Z,Nuclear,8019.000,Elexon BMRS FUELHH
2016-11-11T13:30:00Z,Other,1821.000,Elexon BMRS FUELHH
2016-11-11T13:30:00Z,Pumped Storage,426.000,Elexon BMRS FUELHH
2016-11-11T13:30:00Z,Wind,2824.000,Elexon BMRS FUELHH
2016-11-11T14:00:00Z,Coal,4801.000,Elexon BMRS FUELHH
2016-11-11T14:00:00Z,Gas,20878.000,Elexon BMRS FUELHH
2016-11-11T14:00:00Z,Hydro,239.000,Elexon BMRS FUELHH
2016-11-11T14:00:00Z,Imports & Exports,-720.000,Elexon BMRS FUELHH
2016-11-11T14:00:00Z,Nuclear,8014.000,Elexon BMRS FUELHH
2016-11-11T14:00:00Z,Other,1822.000,Elexon BMRS FUELHH
2016-11-11T14:00:00Z,Pumped Storage,654.000,Elexon BMRS FUELHH
2016-11-11T14:00:00Z,Wind,3025.000,Elexon BMRS FUELHH
2016-11-11T14:30:00Z,Coal,5027.000,Elexon BMRS FUELHH
2016-11-11T14:30:00Z,Gas,20989.000,Elexon BMRS FUELHH
2016-11-11T14:30:00Z,Hydro,273.000,Elexon BMRS FUELHH
2016-11-11T14:30:00Z,Imports & Exports,-722.000,Elexon BMRS FUELHH
2016-11-11T14:30:00Z,Nuclear,8019.000,Elexon BMRS FUELHH
2016-11-11T14:30:00Z,Other,1834.000,Elexon BMRS FUELHH
2016-11-11T14:30:00Z,Pumped Storage,572.000,Elexon BMRS FUELHH
2016-11-11T14:30:00Z,Wind,3218.000,Elexon BMRS FUELHH
2016-11-11T15:00:00Z,Coal,5365.000,Elexon BMRS FUELHH
2016-11-11T15:00:00Z,Gas,20660.000,Elexon BMRS FUELHH
2016-11-11T15:00:00Z,Hydro,381.000,Elexon BMRS FUELHH
2016-11-11T15:00:00Z,Imports & Exports,-260.000,Elexon BMRS FUELHH
2016-11-11T15:00:00Z,Nuclear,8027.000,Elexon BMRS FUELHH
2016-11-11T15:00:00Z,Other,1774.000,Elexon BMRS FUELHH
2016-11-11T15:00:00Z,Pumped Storage,438.000,Elexon BMRS FUELHH
2016-11-11T15:00:00Z,Wind,3266.000,Elexon BMRS FUELHH
2016-11-11T15:30:00Z,Coal,6004.000,Elexon BMRS FUELHH
2016-11-11T15:30:00Z,Gas,20634.000,Elexon BMRS FUELHH
2016-11-11T15:30:00Z,Hydro,332.000,Elexon BMRS FUELHH
2016-11-11T15:30:00Z,Imports & Exports,354.000,Elexon BMRS FUELHH
2016-11-11T15:30:00Z,Nuclear,8024.000,Elexon BMRS FUELHH
2016-11-11T15:30:00Z,Other,1791.000,Elexon BMRS FUELHH
2016-11-11T15:30:00Z,Pumped Storage,432.000,Elexon BMRS FUELHH
2016-11-11T15:30:00Z,Wind,3338.000,Elexon BMRS FUELHH
2016-11-11T16:00:00Z,Coal,6383.000,Elexon BMRS FUELHH
2016-11-11T16:00:00Z,Gas,19709.000,Elexon BMRS FUELHH
2016-11-11T16:00:00Z,Hydro,347.000,Elexon BMRS FUELHH
2016-11-11T16:00:00Z,Imports & Exports,2446.000,Elexon BMRS FUELHH
2016-11-11T16:00:00Z,Nuclear,8025.000,Elexon BMRS FUELHH
2016-11-11T16:00:00Z,Other,1830.000,Elexon BMRS FUELHH
2016-11-11T16:00:00Z,Pumped Storage,408.000,Elexon BMRS FUELHH
2016-11-11T16:00:00Z,Wind,3455.000,Elexon BMRS FUELHH
2016-11-11T16:30:00Z,Coal,6608.000,Elexon BMRS FUELHH
2016-11-11T16:30:00Z,Gas,20615.000,Elexon BMRS FUELHH
2016-11-11T16:30:00Z,Hydro,354.000,Elexon BMRS FUELHH
2016-11-11T16:30:00Z,Imports & Exports,2926.000,Elexon BMRS FUELHH
2016-11-11T16:30:00Z,Nuclear,8025.000,Elexon BMRS FUELHH
2016-11-11T16:30:00Z,Other,1838.000,Elexon BMRS FUELHH
2016-11-11T16:30:00Z,Pumped Storage,886.000,Elexon BMRS FUELHH
2016-11-11T16:30:00Z,Wind,3699.000,Elexon BMRS FUELHH
2016-11-11T17:00:00Z,Coal,6747.000,Elexon BMRS FUELHH
2016-11-11T17:00:00Z,Gas,20971.000,Elexon BMRS FUELHH
2016-11-11T17:00:00Z,Hydro,379.000,Elexon BMRS FUELHH
2016-11-11T17:00:00Z,Imports & Exports,3268.000,Elexon BMRS FUELHH
2016-11-11T17:00:00Z,Nuclear,8032.000,Elexon BMRS FUELHH
2016-11-11T17:00:00Z,Other,1843.000,Elexon BMRS FUELHH
2016-11-11T17:00:00Z,Pumped Storage,768.000,Elexon BMRS FUELHH
2016-11-11T17:00:00Z,Wind,3877.000,Elexon BMRS FUELHH
2016-11-11T17:30:00Z,Coal,6322.000,Elexon BMRS FUELHH
2016-11-11T17:30:00Z,Gas,21098.000,Elexon BMRS FUELHH
2016-11-11T17:30:00Z,Hydro,398.000,Elexon BMRS FUELHH
2016-11-11T17:30:00Z,Imports & Exports,3270.000,Elexon BMRS FUELHH
2016-11-11T17:30:00Z,Nuclear,8087.000,Elexon BMRS FUELHH
2016-11-11T17:30:00Z,Other,1844.000,Elexon BMRS FUELHH
2016-11-11T17:30:00Z,Pumped Storage,594.000,Elexon BMRS FUELHH
2016-11-11T17:30:00Z,Wind,3910.000,Elexon BMRS FUELHH
2016-11-11T18:00:00Z,Coal,6251.000,Elexon BMRS FUELHH
2016-11-11T18:00:00Z,Gas,20625.000,Elexon BMRS FUELHH
2016-11-11T18:00:00Z,Hydro,411.000,Elexon BMRS FUELHH
2016-11-11T18:00:00Z,Imports & Exports,2910.000,Elexon BMRS FUELHH
2016-11-11T18:00:00Z,Nuclear,8161.000,Elexon BMRS FUELHH
2016-11-11T18:00:00Z,Other,1851.000,Elexon BMRS FUELHH
2016-11-11T18:00:00Z,Pumped Storage,526.000,Elexon BMRS FUELHH
2016-11-11T18:00:00Z,Wind,3975.000,Elexon BMRS FUELHH
2016-11-11T18:30:00Z,Coal,5966.000,Elexon BMRS FUELHH
2016-11-11T18:30:00Z,Gas,19998.000,Elexon BMRS FUELHH
2016-11-11T18:30:00Z,Hydro,383.000,Elexon BMRS FUELHH
2016-11-11T18:30:00Z,Imports & Exports,2934.000,Elexon BMRS FUELHH
2016-11-11T18:30:00Z,Nuclear,8168.000,Elexon BMRS FUELHH
2016-11-11T18:30:00Z,Other,1905.000,Elexon BMRS FUELHH
2016-11-11T18:30:00Z,Pumped Storage,314.000,Elexon BMRS FUELHH
2016-11-11T18:30:00Z,Wind,4048.000,Elexon BMRS FUELHH
2016-11-11T19:00:00Z,Coal,5419.000,Elexon BMRS FUELHH
2016-11-11T19:00:00Z,Gas,20089.000,Elexon BMRS FUELHH
2016-11-11T19:00:00Z,Hydro,334.000,Elexon BMRS FUELHH
2016-11-11T19:00:00Z,Imports & Exports,2138.000,Elexon BMRS FUELHH
2016-11-11T19:00:00Z,Nuclear,8160.000,Elexon BMRS FUELHH
2016-11-11T19:00:00Z,Other,1861.000,Elexon BMRS FUELHH
2016-11-11T19:00:00Z,Pumped Storage,428.000,Elexon BMRS FUELHH
2016-11-11T19:00:00Z,Wind,4170.000,Elexon BMRS FUELHH
2016-11-11T19:30:00Z,Coal,4884.000,Elexon BMRS FUELHH
2016-11-11T19:30:00Z,Gas,19093.000,Elexon BMRS FUELHH
2016-11-11T19:30:00Z,Hydro,334.000,Elexon BMRS FUELHH
2016-11-11T19:30:00Z,Imports & Exports,2228.000,Elexon BMRS FUELHH
2016-11-11T19:30:00Z,Nuclear,8165.000,Elexon BMRS FUELHH
2016-11-11T19:30:00Z,Other,1915.000,Elexon BMRS FUELHH
2016-11-11T19:30:00Z,Pumped Storage,368.000,Elexon BMRS FUELHH
2016-11-11T19:30:00Z,Wind,4147.000,Elexon BMRS FUELHH
2016-11-11T20:00:00Z,Coal,4499.000,Elexon BMRS FUELHH
2016-11-11T20:00:00Z,Gas,19637.000,Elexon BMRS FUELHH
2016-11-11T20:00:00Z,Hydro,334.000,Elexon BMRS FUELHH
2016-11-11T20:00:00Z,Imports & Exports,344.000,Elexon BMRS FUELHH
2016-11-11T20:00:00Z,Nuclear,8158.000,Elexon BMRS FUELHH
2016-11-11T20:00:00Z,Other,1913.000,Elexon BMRS FUELHH
2016-11-11T20:00:00Z,Pumped Storage,340.000,Elexon BMRS FUELHH
2016-11-11T20:00:00Z,Wind,4214.000,Elexon BMRS FUELHH
2016-11-11T20:30:00Z,Coal,4190.000,Elexon BMRS FUELHH
2016-11-11T20:30:00Z,Gas,18852.000,Elexon BMRS FUELHH
2016-11-11T20:30:00Z,Hydro,318.000,Elexon BMRS FUELHH
2016-11-11T20:30:00Z,Imports & Exports,-44.000,Elexon BMRS FUELHH
2016-11-11T20:30:00Z,Nuclear,8157.000,Elexon BMRS FUELHH
2016-11-11T20:30:00Z,Other,1910.000,Elexon BMRS FUELHH
2016-11-11T20:30:00Z,Pumped Storage,342.000,Elexon BMRS FUELHH
2016-11-11T20:30:00Z,Wind,4099.000,Elexon BMRS FUELHH
2016-11-11T21:00:00Z,Coal,3605.000,Elexon BMRS FUELHH
2016-11-11T21:00:00Z,Gas,18367.000,Elexon BMRS FUELHH
2016-11-11T21:00:00Z,Hydro,270.000,Elexon BMRS FUELHH
2016-11-11T21:00:00Z,Imports & Exports,-1166.000,Elexon BMRS FUELHH
2016-11-11T21:00:00Z,Nuclear,8160.000,Elexon BMRS FUELHH
2016-11-11T21:00:00Z,Other,1889.000,Elexon BMRS FUELHH
2016-11-11T21:00:00Z,Pumped Storage,298.000,Elexon BMRS FUELHH
2016-11-11T21:00:00Z,Wind,4316.000,Elexon BMRS FUELHH
2016-11-11T21:30:00Z,Coal,3077.000,Elexon BMRS FUELHH
2016-11-11T21:30:00Z,Gas,17052.000,Elexon BMRS FUELHH
2016-11-11T21:30:00Z,Hydro,265.000,Elexon BMRS FUELHH
2016-11-11T21:30:00Z,Imports & Exports,-1082.000,Elexon BMRS FUELHH
2016-11-11T21:30:00Z,Nuclear,8158.000,Elexon BMRS FUELHH
2016-11-11T21:30:00Z,Other,1906.000,Elexon BMRS FUELHH
2016-11-11T21:30:00Z,Pumped Storage,414.000,Elexon BMRS FUELHH
2016-11-11T21:30:00Z,Wind,4196.000,Elexon BMRS FUELHH
2016-11-11T22:00:00Z,Coal,2846.000,Elexon BMRS FUELHH
2016-11-11T22:00:00Z,Gas,15122.000,Elexon BMRS FUELHH
2016-11-11T22:00:00Z,Hydro,268.000,Elexon BMRS FUELHH
2016-11-11T22:00:00Z,Imports & Exports,-982.000,Elexon BMRS FUELHH
2016-11-11T22:00:00Z,Nuclear,8165.000,Elexon BMRS FUELHH
2016-11-11T22:00:00Z,Other,1908.000,Elexon BMRS FUELHH
2016-11-11T22:00:00Z,Pumped Storage,488.000,Elexon BMRS FUELHH
2016-11-11T22:00:00Z,Wind,3907.000,Elexon BMRS FUELHH
2016-11-11T22:30:00Z,Coal,2254.000,Elexon BMRS FUELHH
2016-11-11T22:30:00Z,Gas,14212.000,Elexon BMRS FUELHH
2016-11-11T22:30:00Z,Hydro,268.000,Elexon BMRS FUELHH
2016-11-11T22:30:00Z,Imports & Exports,-976.000,Elexon BMRS FUELHH
2016-11-11T22:30:00Z,Nuclear,8159.000,Elexon BMRS FUELHH
2016-11-11T22:30:00Z,Other,1918.000,Elexon BMRS FUELHH
2016-11-11T22:30:00Z,Pumped Storage,272.000,Elexon BMRS FUELHH
2016-11-11T22:30:00Z,Wind,3922.000,Elexon BMRS FUELHH
2016-11-11T23:00:00Z,Coal,1654.000,Elexon BMRS FUELHH
2016-11-11T23:00:00Z,Gas,12755.000,Elexon BMRS FUELHH
2016-11-11T23:00:00Z,Hydro,247.000,Elexon BMRS FUELHH
2016-11-11T23:00:00Z,Imports & Exports,-474.000,Elexon BMRS FUELHH
2016-11-11T23:00:00Z,Nuclear,8173.000,Elexon BMRS FUELHH
2016-11-11T23:00:00Z,Other,1914.000,Elexon BMRS FUELHH
2016-11-11T23:00:00Z,Pumped Storage,-80.000,Elexon BMRS FUELHH
2016-11-11T23:00:00Z,Wind,4077.000,Elexon BMRS FUELHH
2016-11-11T23:30:00Z,Coal,1368.000,Elexon BMRS FUELHH
2016-11-11T23:30:00Z,Gas,12427.000,Elexon BMRS FUELHH
2016-11-11T23:30:00Z,Hydro,240.000,Elexon BMRS FUELHH
2016-11-11T23:30:00Z,Imports & Exports,-408.000,Elexon BMRS FUELHH
2016-11-11T23:30:00Z,Nuclear,8252.000,Elexon BMRS FUELHH
2016-11-11T23:30:00Z,Other,1917.000,Elexon BMRS FUELHH
2016-11-11T23:30:00Z,Pumped Storage,-794.000,Elexon BMRS FUELHH
2016-11-11T23:30:00Z,Wind,4242.000,Elexon BMRS FUELHH
2016-11-12T00:00:00Z,Coal,1304.000,Elexon BMRS FUELHH
2016-11-12T00:00:00Z,Gas,12752.000,Elexon BMRS FUELHH
2016-11-12T00:00:00Z,Hydro,239.000,Elexon BMRS FUELHH
2016-11-12T00:00:00Z,Imports & Exports,-402.000,Elexon BMRS FUELHH
2016-11-12T00:00:00Z,Nuclear,8261.000,Elexon BMRS FUELHH
2016-11-12T00:00:00Z,Other,1914.000,Elexon BMRS FUELHH
2016-11-12T00:00:00Z,Pumped Storage,-1622.000,Elexon BMRS FUELHH
2016-11-12T00:00:00Z,Wind,4490.000,Elexon BMRS FUELHH
2016-11-12T00:30:00Z,Coal,1333.000,Elexon BMRS FUELHH
2016-11-12T00:30:00Z,Gas,12809.000,Elexon BMRS FUELHH
2016-11-12T00:30:00Z,Hydro,214.000,Elexon BMRS FUELHH
2016-11-12T00:30:00Z,Imports & Exports,-402.000,Elexon BMRS FUELHH
2016-11-12T00:30:00Z,Nuclear,8265.000,Elexon BMRS FUELHH
2016-11-12T00:30:00Z,Other,1917.000,Elexon BMRS FUELHH
2016-11-12T00:30:00Z,Pumped Storage,-1776.000,Elexon BMRS FUELHH
2016-11-12T00:30:00Z,Wind,4641.000,Elexon BMRS FUELHH
2016-11-12T01:00:00Z,Coal,1340.000,Elexon BMRS FUELHH
2016-11-12T01:00:00Z,Gas,12233.000,Elexon BMRS FUELHH
2016-11-12T01:00:00Z,Hydro,159.000,Elexon BMRS FUELHH
2016-11-12T01:00:00Z,Imports & Exports,-406.000,Elexon BMRS FUELHH
2016-11-12T01:00:00Z,Nuclear,8262.000,Elexon BMRS FUELHH
2016-11-12T01:00:00Z,Other,1917.000,Elexon BMRS FUELHH
2016-11-12T01:00:00Z,Pumped Storage,-1868.000,Elexon BMRS FUELHH
2016-11-12T01:00:00Z,Wind,4806.000,Elexon BMRS FUELHH
2016-11-12T01:30:00Z,Coal,1330.000,Elexon BMRS FUELHH
2016-11-12T01:30:00Z,Gas,11306.000,Elexon BMRS FUELHH
2016-11-12T01:30:00Z,Hydro,164.000,Elexon BMRS FUELHH
2016-11-12T01:30:00Z,Imports & Exports,-426.000,Elexon BMRS FUELHH
2016-11-12T01:30:00Z,Nuclear,8266.000,Elexon BMRS FUELHH
2016-11-12T01:30:00Z,Other,1915.000,Elexon BMRS FUELHH
2016-11-12T01:30:00Z,Pumped Storage,-1880.000,Elexon BMRS FUELHH
2016-11-12T01:30:00Z,Wind,4850.000,Elexon BMRS FUELHH
2016-11-12T02:00:00Z,Coal,1310.000,Elexon BMRS FUELHH
2016-11-12T02:00:00Z,Gas,11038.000,Elexon BMRS FUELHH
2016-11-12T02:00:00Z,Hydro,190.000,Elexon BMRS FUELHH
2016-11-12T02:00:00Z,Imports & Exports,-746.000,Elexon BMRS FUELHH
2016-11-12T02:00:00Z,Nuclear,8262.000,Elexon BMRS FUELHH
2016-11-12T02:00:00Z,Other,1926.000,Elexon BMRS FUELHH
2016-11-12T02:00:00Z,Pumped Storage,-1854.000,Elexon BMRS FUELHH
2016-11-12T02:00:00Z,Wind,4767.000,Elexon BMRS FUELHH
2016-11-12T02:30:00Z,Coal,1306.000,Elexon BMRS FUELHH
2016-11-12T02:30:00Z,Gas,10886.000,Elexon BMRS FUELHH
2016-11-12T02:30:00Z,Hydro,221.000,Elexon BMRS FUELHH
2016-11-12T02:30:00Z,Imports & Exports,-892.000,Elexon BMRS FUELHH
2016-11-12T02:30:00Z,Nuclear,8266.000,Elexon BMRS FUELHH
2016-11-12T02:30:00Z,Other,1913.000,Elexon BMRS FUELHH
2016-11-12T02:30:00Z,Pumped Storage,-1852.000,Elexon BMRS FUELHH
2016-11-12T02:30:00Z,Wind,4874.000,Elexon BMRS FUELHH
2016-11-12T03:00:00Z,Coal,1306.000,Elexon BMRS FUELHH
2016-11-12T03:00:00Z,Gas,10870.000,Elexon BMRS FUELHH
2016-11-12T03:00:00Z,Hydro,229.000,Elexon BMRS FUELHH
2016-11-12T03:00:00Z,Imports & Exports,-1286.000,Elexon BMRS FUELHH
2016-11-12T03:00:00Z,Nuclear,8271.000,Elexon BMRS FUELHH
2016-11-12T03:00:00Z,Other,1912.000,Elexon BMRS FUELHH
2016-11-12T03:00:00Z,Pumped Storage,-1992.000,Elexon BMRS FUELHH
2016-11-12T03:00:00Z,Wind,4874.000,Elexon BMRS FUELHH
2016-11-12T03:30:00Z,Coal,1298.000,Elexon BMRS FUELHH
2016-11-12T03:30:00Z,Gas,10261.000,Elexon BMRS FUELHH
2016-11-12T03:30:00Z,Hydro,233.000,Elexon BMRS FUELHH
2016-11-12T03:30:00Z,Imports & Exports,-1290.000,Elexon BMRS FUELHH
2016-11-12T03:30:00Z,Nuclear,8269.000,Elexon BMRS FUELHH
2016-11-12T03:30:00Z,Other,1955.000,Elexon BMRS FUELHH
2016-11-12T03:30:00Z,Pumped Storage,-1990.000,Elexon BMRS FUELHH
2016-11-12T03:30:00Z,Wind,4905.000,Elexon BMRS FUELHH
2016-11-12T04:00:00Z,Coal,1302.000,Elexon BMRS FUELHH
2016-11-12T04:00:00Z,Gas,9596.000,Elexon BMRS FUELHH
2016-11-12T04:00:00Z,Hydro,255.000,Elexon BMRS FUELHH
2016-11-12T04:00:00Z,Imports & Exports,-1280.000,Elexon BMRS FUELHH
2016-11-12T04:00:00Z,Nuclear,8208.000,Elexon BMRS FUELHH
2016-11-12T04:00:00Z,Other,1964.000,Elexon BMRS FUELHH
2016-11-12T04:00:00Z,Pumped Storage,-1720.000,Elexon BMRS FUELHH
2016-11-12T04:00:00Z,Wind,5073.000,Elexon BMRS FUELHH
2016-11-12T04:30:00Z,Coal,1310.000,Elexon BMRS FUELHH
2016-11-12T04:30:00Z,Gas,9682.000,Elexon BMRS FUELHH
2016-11-12T04:30:00Z,Hydro,277.000,Elexon BMRS FUELHH
2016-11-12T04:30:00Z,Imports & Exports,-1252.000,Elexon BMRS FUELHH
2016-11-12T04:30:00Z,Nuclear,8084.000,Elexon BMRS FUELHH
2016-11-12T04:30:00Z,Other,1961.000,Elexon BMRS FUELHH
2016-11-12T04:30:00Z,Pumped Storage,-1548.000,Elexon BMRS FUELHH
2016-11-12T04:30:00Z,Wind,4822.000,Elexon BMRS FUELHH
2016-11-12T05:00:00Z,Coal,1298.000,Elexon BMRS FUELHH
2016-11-12T05:00:00Z,Gas,10079.000,Elexon BMRS FUELHH
2016-11-12T05:00:00Z,Hydro,307.000,Elexon BMRS FUELHH
2016-11-12T05:00:00Z,Imports & Exports,-1016.000,Elexon BMRS FUELHH
2016-11-12T05:00:00Z,Nuclear,8032.000,Elexon BMRS FUELHH
2016-11-12T05:00:00Z,Other,1962.000,Elexon BMRS FUELHH
2016-11-12T05:00:00Z,Pumped Storage,-1502.000,Elexon BMRS FUELHH
2016-11-12T05:00:00Z,Wind,4690.000,Elexon BMRS FUELHH
2016-11-12T05:30:00Z,Coal,1310.000,Elexon BMRS FUELHH
2016-11-12T05:30:00Z,Gas,10837.000,Elexon BMRS FUELHH
2016-11-12T05:30:00Z,Hydro,302.000,Elexon BMRS FUELHH
2016-11-12T05:30:00Z,Imports & Exports,-956.000,Elexon BMRS FUELHH
2016-11-12T05:30:00Z,Nuclear,8027.000,Elexon BMRS FUELHH
2016-11-12T05:30:00Z,Other,1967.000,Elexon BMRS FUELHH
2016-11-12T05:30:00Z,Pumped Storage,-1150.000,Elexon BMRS FUELHH
2016-11-12T05:30:00Z,Wind,4278.000,Elexon BMRS FUELHH
2016-11-12T06:00:00Z,Coal,1311.000,Elexon BMRS FUELHH
2016-11-12T06:00:00Z,Gas,11557.000,Elexon BMRS FUELHH
2016-11-12T06:00:00Z,Hydro,337.000,Elexon BMRS FUELHH
2016-11-12T06:00:00Z,Imports & Exports,-390.000,Elexon BMRS FUELHH
2016-11-12T06:00:00Z,Nuclear,8034.000,Elexon BMRS FUELHH
2016-11-12T06:00:00Z,Other,1963.000,Elexon BMRS FUELHH
2016-11-12T06:00:00Z,Pumped Storage,-426.000,Elexon BMRS FUELHH
2016-11-12T06:00:00Z,Wind,3975.000,Elexon BMRS FUELHH
2016-11-12T06:30:00Z,Coal,1506.000,Elexon BMRS FUELHH
2016-11-12T06:30:00Z,Gas,12304.000,Elexon BMRS FUELHH
2016-11-12T06:30:00Z,Hydro,349.000,Elexon BMRS FUELHH
2016-11-12T06:30:00Z,Imports & Exports,-388.000,Elexon BMRS FUELHH
2016-11-12T06:30:00Z,Nuclear,8041.000,Elexon BMRS FUELHH
2016-11-12T06:30:00Z,Other,1966.000,Elexon BMRS FUELHH
2016-11-12T06:30:00Z,Pumped Storage,68.000,Elexon BMRS FUELHH
2016-11-12T06:30:00Z,Wind,3631.000,Elexon BMRS FUELHH
2016-11-12T07:00:00Z,Coal,1853.000,Elexon BMRS FUELHH
2016-11-12T07:00:00Z,Gas,13654.000,Elexon BMRS FUELHH
2016-11-12T07:00:00Z,Hydro,385.000,Elexon BMRS FUELHH
2016-11-12T07:00:00Z,Imports & Exports,-398.000,Elexon BMRS FUELHH
2016-11-12T07:00:00Z,Nuclear,8064.000,Elexon BMRS FUELHH
2016-11-12T07:00:00Z,Other,1967.000,Elexon BMRS FUELHH
2016-11-12T07:00:00Z,Pumped Storage,326.000,Elexon BMRS FUELHH
2016-11-12T07:00:00Z,Wind,3580.000,Elexon BMRS FUELHH
2016-11-12T07:30:00Z,Coal,1946.000,Elexon BMRS FUELHH
2016-11-12T07:30:00Z,Gas,14715.000,Elexon BMRS FUELHH
2016-11-12T07:30:00Z,Hydro,387.000,Elexon BMRS FUELHH
2016-11-12T07:30:00Z,Imports & Exports,-418.000,Elexon BMRS FUELHH
2016-11-12T07:30:00Z,Nuclear,8061.000,Elexon BMRS FUELHH
2016-11-12T07:30:00Z,Other,1967.000,Elexon BMRS FUELHH
2016-11-12T07:30:00Z,Pumped Storage,354.000,Elexon BMRS FUELHH
2016-11-12T07:30:00Z,Wind,3662.000,Elexon BMRS FUELHH
2016-11-12T08:00:00Z,Coal,1948.000,Elexon BMRS FUELHH
2016-11-12T08:00:00Z,Gas,16157.000,Elexon BMRS FUELHH
2016-11-12T08:00:00Z,Hydro,379.000,Elexon BMRS FUELHH
2016-11-12T08:00:00Z,Imports & Exports,226.000,Elexon BMRS FUELHH
2016-11-12T08:00:00Z,Nuclear,8062.000,Elexon BMRS FUELHH
2016-11-12T08:00:00Z,Other,1967.000,Elexon BMRS FUELHH
2016-11-12T08:00:00Z,Pumped Storage,366.000,Elexon BMRS FUELHH
2016-11-12T08:00:00Z,Wind,3649.000,Elexon BMRS FUELHH
2016-11-12T08:30:00Z,Coal,2104.000,Elexon BMRS FUELHH
2016-11-12T08:30:00Z,Gas,17704.000,Elexon BMRS FUELHH
2016-11-12T08:30:00Z,Hydro,381.000,Elexon BMRS FUELHH
2016-11-12T08:30:00Z,Imports & Exports,202.000,Elexon BMRS FUELHH
2016-11-12T08:30:00Z,Nuclear,8094.000,Elexon BMRS FUELHH
2016-11-12T08:30:00Z,Other,1967.000,Elexon BMRS FUELHH
2016-11-12T08:30:00Z,Pumped Storage,494.000,Elexon BMRS FUELHH
2016-11-12T08:30:00Z,Wind,3729.000,Elexon BMRS FUELHH
2016-11-12T09:00:00Z,Coal,1999.000,Elexon BMRS FUELHH
2016-11-12T09:00:00Z,Gas,18644.000,Elexon BMRS FUELHH
2016-11-12T09:00:00Z,Hydro,554.000,Elexon BMRS FUELHH
2016-11-12T09:00:00Z,Imports & Exports,1012.000,Elexon BMRS FUELHH
2016-11-12T09:00:00Z,Nuclear,8152.000,Elexon BMRS FUELHH
2016-11-12T09:00:00Z,Other,1967.000,Elexon BMRS FUELHH
2016-11-12T09:00:00Z,Pumped Storage,538.000,Elexon BMRS FUELHH
2016-11-12T09:00:00Z,Wind,3639.000,Elexon BMRS FUELHH
2016-11-12T09:30:00Z,Coal,1954.000,Elexon BMRS FUELHH
2016-11-12T09:30:00Z,Gas,19327.000,Elexon BMRS FUELHH
2016-11-12T09:30:00Z,Hydro,563.000,Elexon BMRS FUELHH
2016-11-12T09:30:00Z,Imports & Exports,954.000,Elexon BMRS FUELHH
2016-11-12T09:30:00Z,Nuclear,8166.000,Elexon BMRS FUELHH
2016-11-12T09:30:00Z,Other,1966.000,Elexon BMRS FUELHH
2016-11-12T09:30:00Z,Pumped Storage,460.000,Elexon BMRS FUELHH
2016-11-12T09:30:00Z,Wind,3758.000,Elexon BMRS FUELHH
2016-11-12T10:00:00Z,Coal,1951.000,Elexon BMRS FUELHH
2016-11-12T10:00:00Z,Gas,19642.000,Elexon BMRS FUELHH
2016-11-12T10:00:00Z,Hydro,485.000,Elexon BMRS FUELHH
2016-11-12T10:00:00Z,Imports & Exports,1340.000,Elexon BMRS FUELHH
2016-11-12T10:00:00Z,Nuclear,8168.000,Elexon BMRS FUELHH
2016-11-12T10:00:00Z,Other,1966.000,Elexon BMRS FUELHH
2016-11-12T10:00:00Z,Pumped Storage,518.000,Elexon BMRS FUELHH
2016-11-12T10:00:00Z,Wind,3621.000,Elexon BMRS FUELHH
2016-11-12T10:30:00Z,Coal,2010.000,Elexon BMRS FUELHH
2016-11-12T10:30:00Z,Gas,19852.000,Elexon BMRS FUELHH
2016-11-12T10:30:00Z,Hydro,470.000,Elexon BMRS FUELHH
2016-11-12T10:30:00Z,Imports & Exports,1290.000,Elexon BMRS FUELHH
2016-11-12T10:30:00Z,Nuclear,8178.000,Elexon BMRS FUELHH
2016-11-12T10:30:00Z,Other,1964.000,Elexon BMRS FUELHH
2016-11-12T10:30:00Z,Pumped Storage,472.000,Elexon BMRS FUELHH
2016-11-12T10:30:00Z,Wind,3531.000,Elexon BMRS FUELHH
2016-11-12T11:00:00Z,Coal,2087.000,Elexon BMRS FUELHH
2016-11-12T11:00:00Z,Gas,19741.000,Elexon BMRS FUELHH
2016-11-12T11:00:00Z,Hydro,409.000,Elexon BMRS FUELHH
2016-11-12T11:00:00Z,Imports & Exports,1480.000,Elexon BMRS FUELHH
2016-11-12T11:00:00Z,Nuclear,8197.000,Elexon BMRS FUELHH
2016-11-12T11:00:00Z,Other,1966.000,Elexon BMRS FUELHH
2016-11-12T11:00:00Z,Pumped Storage,448.000,Elexon BMRS FUELHH
2016-11-12T11:00:00Z,Wind,3600.000,Elexon BMRS FUELHH
2016-11-12T11:30:00Z,Coal,2128.000,Elexon BMRS FUELHH
2016-11-12T11:30:00Z,Gas,19674.000,Elexon BMRS FUELHH
2016-11-12T11:30:00Z,Hydro,408.000,Elexon BMRS FUELHH
2016-11-12T11:30:00Z,Imports & Exports,1472.000,Elexon BMRS FUELHH
2016-11-12T11:30:00Z,Nuclear,8219.000,Elexon BMRS FUELHH
2016-11-12T11:30:00Z,Other,1967.000,Elexon BMRS FUELHH
2016-11-12T11:30:00Z,Pumped Storage,460.000,Elexon BMRS FUELHH
2016-11-12T11:30:00Z,Wind,3540.000,Elexon BMRS FUELHH
2016-11-12T12:00:00Z,Coal,2100.000,Elexon BMRS FUELHH
2016-11-12T12:00:00Z,Gas,19249.000,Elexon BMRS FUELHH
2016-11-12T12:00:00Z,Hydro,437.000,Elexon BMRS FUELHH
2016-11-12T12:00:00Z,Imports & Exports,1646.000,Elexon BMRS FUELHH
2016-11-12T12:00:00Z,Nuclear,8225.000,Elexon BMRS FUELHH
2016-11-12T12:00:00Z,Other,1965.000,Elexon BMRS FUELHH
2016-11-12T12:00:00Z,Pumped Storage,456.000,Elexon BMRS FUELHH
2016-11-12T12:00:00Z,Wind,3670.000,Elexon BMRS FUELHH
2016-11-12T12:30:00Z,Coal,2090.000,Elexon BMRS FUELHH
2016-11-12T12:30:00Z,Gas,19154.000,Elexon BMRS FUELHH
2016-11-12T12:30:00Z,Hydro,431.000,Elexon BMRS FUELHH
2016-11-12T12:30:00Z,Imports & Exports,1552.000,Elexon BMRS FUELHH
2016-11-12T12:30:00Z,Nuclear,8223.000,Elexon BMRS FUELHH
2016-11-12T12:30:00Z,Other,1966.000,Elexon BMRS FUELHH
2016-11-12T12:30:00Z,Pumped Storage,454.000,Elexon BMRS FUELHH
2016-11-12T12:30:00Z,Wind,3662.000,Elexon BMRS FUELHH
2016-11-12T13:00:00Z,Coal,2160.000,Elexon BMRS FUELHH
2016-11-12T13:00:00Z,Gas,18971.000,Elexon BMRS FUELHH
2016-11-12T13:00:00Z,Hydro,352.000,Elexon BMRS FUELHH
2016-11-12T13:00:00Z,Imports & Exports,1530.000,Elexon BMRS FUELHH
2016-11-12T13:00:00Z,Nuclear,8220.000,Elexon BMRS FUELHH
2016-11-12T13:00:00Z,Other,1965.000,Elexon BMRS FUELHH
2016-11-12T13:00:00Z,Pumped Storage,460.000,Elexon BMRS FUELHH
2016-11-12T13:00:00Z,Wind,3632.000,Elexon BMRS FUELHH
2016-11-12T13:30:00Z,Coal,2176.000,Elexon BMRS FUELHH
2016-11-12T13:30:00Z,Gas,18803.000,Elexon BMRS FUELHH
2016-11-12T13:30:00Z,Hydro,353.000,Elexon BMRS FUELHH
2016-11-12T13:30:00Z,Imports & Exports,1614.000,Elexon BMRS FUELHH
2016-11-12T13:30:00Z,Nuclear,8169.000,Elexon BMRS FUELHH
2016-11-12T13:30:00Z,Other,1954.000,Elexon BMRS FUELHH
2016-11-12T13:30:00Z,Pumped Storage,492.000,Elexon BMRS FUELHH
2016-11-12T13:30:00Z,Wind,3459.000,Elexon BMRS FUELHH
2016-11-12T14:00:00Z,Coal,2349.000,Elexon BMRS FUELHH
2016-11-12T14:00:00Z,Gas,19008.000,Elexon BMRS FUELHH
2016-11-12T14:00:00Z,Hydro,353.000,Elexon BMRS FUELHH
2016-11-12T14:00:00Z,Imports & Exports,1470.000,Elexon BMRS FUELHH
2016-11-12T14:00:00Z,Nuclear,8062.000,Elexon BMRS FUELHH
2016-11-12T14:00:00Z,Other,1953.000,Elexon BMRS FUELHH
2016-11-12T14:00:00Z,Pumped Storage,414.000,Elexon BMRS FUELHH
2016-11-12T14:00:00Z,Wind,3314.000,Elexon BMRS FUELHH
2016-11-12T14:30:00Z,Coal,2396.000,Elexon BMRS FUELHH
2016-11-12T14:30:00Z,Gas,19127.000,Elexon BMRS FUELHH
2016-11-12T14:30:00Z,Hydro,356.000,Elexon BMRS FUELHH
2016-11-12T14:30:00Z,Imports & Exports,1460.000,Elexon BMRS FUELHH
2016-11-12T14:30:00Z,Nuclear,8043.000,Elexon BMRS FUELHH
2016-11-12T14:30:00Z,Other,1965.000,Elexon BMRS FUELHH
2016-11-12T14:30:00Z,Pumped Storage,386.000,Elexon BMRS FUELHH
2016-11-12T14:30:00Z,Wind,3113.000,Elexon BMRS FUELHH
2016-11-12T15:00:00Z,Coal,2519.000,Elexon BMRS FUELHH
2016-11-12T15:00:00Z,Gas,19305.000,Elexon BMRS FUELHH
2016-11-12T15:00:00Z,Hydro,382.000,Elexon BMRS FUELHH
2016-11-12T15:00:00Z,Imports & Exports,1444.000,Elexon BMRS FUELHH
2016-11-12T15:00:00Z,Nuclear,8044.000,Elexon BMRS FUELHH
2016-11-12T15:00:00Z,Other,1963.000,Elexon BMRS FUELHH
2016-11-12T15:00:00Z,Pumped Storage,332.000,Elexon BMRS FUELHH
2016-11-12T15:00:00Z,Wind,3064.000,Elexon BMRS FUELHH
2016-11-12T15:30:00Z,Coal,2803.000,Elexon BMRS FUELHH
2016-11-12T15:30:00Z,Gas,19539.000,Elexon BMRS FUELHH
2016-11-12T15:30:00Z,Hydro,381.000,Elexon BMRS FUELHH
2016-11-12T15:30:00Z,Imports & Exports,1526.000,Elexon BMRS FUELHH
2016-11-12T15:30:00Z,Nuclear,8042.000,Elexon BMRS FUELHH
2016-11-12T15:30:00Z,Other,1966.000,Elexon BMRS FUELHH
2016-11-12T15:30:00Z,Pumped Storage,354.000,Elexon BMRS FUELHH
2016-11-12T15:30:00Z,Wind,2985.000,Elexon BMRS FUELHH
2016-11-12T16:00:00Z,Coal,3270.000,Elexon BMRS FUELHH
2016-11-12T16:00:00Z,Gas,19187.000,Elexon BMRS FUELHH
2016-11-12T16:00:00Z,Hydro,380.000,Elexon BMRS FUELHH
2016-11-12T16:00:00Z,Imports & Exports,2996.000,Elexon BMRS FUELHH
2016-11-12T16:00:00Z,Nuclear,8043.000,Elexon BMRS FUELHH
2016-11-12T16:00:00Z,Other,1967.000,Elexon BMRS FUELHH
2016-11-12T16:00:00Z,Pumped Storage,334.000,Elexon BMRS FUELHH
2016-11-12T16:00:00Z,Wind,2797.000,Elexon BMRS FUELHH
2016-11-12T16:30:00Z,Coal,3830.000,Elexon BMRS FUELHH
2016-11-12T16:30:00Z,Gas,20652.000,Elexon BMRS FUELHH
2016-11-12T16:30:00Z,Hydro,659.000,Elexon BMRS FUELHH
2016-11-12T16:30:00Z,Imports & Exports,3120.000,Elexon BMRS FUELHH
2016-11-12T16:30:00Z,Nuclear,8039.000,Elexon BMRS FUELHH
2016-11-12T16:30:00Z,Other,1962.000,Elexon BMRS FUELHH
2016-11-12T16:30:00Z,Pumped Storage,882.000,Elexon BMRS FUELHH
2016-11-12T16:30:00Z,Wind,2709.000,Elexon BMRS FUELHH
2016-11-12T17:00:00Z,Coal,3947.000,Elexon BMRS FUELHH
2016-11-12T17:00:00Z,Gas,21025.000,Elexon BMRS FUELHH
2016-11-12T17:00:00Z,Hydro,846.000,Elexon BMRS FUELHH
2016-11-12T17:00:00Z,Imports & Exports,3134.000,Elexon BMRS FUELHH
2016-11-12T17:00:00Z,Nuclear,8073.000,Elexon BMRS FUELHH
2016-11-12T17:00:00Z,Other,1965.000,Elexon BMRS FUELHH
2016-11-12T17:00:00Z,Pumped Storage,1590.000,Elexon BMRS FUELHH
2016-11-12T17:00:00Z,Wind,2614.000,Elexon BMRS FUELHH
2016-11-12T17:30:00Z,Coal,3971.000,Elexon BMRS FUELHH
2016-11-12T17:30:00Z,Gas,21264.000,Elexon BMRS FUELHH
2016-11-12T17:30:00Z,Hydro,841.000,Elexon BMRS FUELHH
2016-11-12T17:30:00Z,Imports & Exports,2918.000,Elexon BMRS FUELHH
2016-11-12T17:30:00Z,Nuclear,8120.000,Elexon BMRS FUELHH
2016-11-12T17:30:00Z,Other,1941.000,Elexon BMRS FUELHH
2016-11-12T17:30:00Z,Pumped Storage,1474.000,Elexon BMRS FUELHH
2016-11-12T17:30:00Z,Wind,2562.000,Elexon BMRS FUELHH
2016-11-12T18:00:00Z,Coal,3987.000,Elexon BMRS FUELHH
2016-11-12T18:00:00Z,Gas,21356.000,Elexon BMRS FUELHH
2016-11-12T18:00:00Z,Hydro,821.000,Elexon BMRS FUELHH
2016-11-12T18:00:00Z,Imports & Exports,2744.000,Elexon BMRS FUELHH
2016-11-12T18:00:00Z,Nuclear,8164.000,Elexon BMRS FUELHH
2016-11-12T18:00:00Z,Other,1952.000,Elexon BMRS FUELHH
2016-11-12T18:00:00Z,Pumped Storage,1006.000,Elexon BMRS FUELHH
2016-11-12T18:00:00Z,Wind,2399.000,Elexon BMRS FUELHH
2016-11-12T18:30:00Z,Coal,3966.000,Elexon BMRS FUELHH
2016-11-12T18:30:00Z,Gas,20984.000,Elexon BMRS FUELHH
2016-11-12T18:30:00Z,Hydro,662.000,Elexon BMRS FUELHH
2016-11-12T18:30:00Z,Imports & Exports,2764.000,Elexon BMRS FUELHH
2016-11-12T18:30:00Z,Nuclear,8174.000,Elexon BMRS FUELHH
2016-11-12T18:30:00Z,Other,1820.000,Elexon BMRS FUELHH
2016-11-12T18:30:00Z,Pumped Storage,648.000,Elexon BMRS FUELHH
2016-11-12T18:30:00Z,Wind,2267.000,Elexon BMRS FUELHH
2016-11-12T19:00:00Z,Coal,3947.000,Elexon BMRS FUELHH
2016-11-12T19:00:00Z,Gas,20982.000,Elexon BMRS FUELHH
2016-11-12T19:00:00Z,Hydro,584.000,Elexon BMRS FUELHH
2016-11-12T19:00:00Z,Imports & Exports,1494.000,Elexon BMRS FUELHH
2016-11-12T19:00:00Z,Nuclear,8177.000,Elexon BMRS FUELHH
2016-11-12T19:00:00Z,Other,1959.000,Elexon BMRS FUELHH
2016-11-12T19:00:00Z,Pumped Storage,548.000,Elexon BMRS FUELHH
2016-11-12T19:00:00Z,Wind,2181.000,Elexon BMRS FUELHH
2016-11-12T19:30:00Z,Coal,3594.000,Elexon BMRS FUELHH
2016-11-12T19:30:00Z,Gas,20400.000,Elexon BMRS FUELHH
2016-11-12T19:30:00Z,Hydro,490.000,Elexon BMRS FUELHH
2016-11-12T19:30:00Z,Imports & Exports,1524.000,Elexon BMRS FUELHH
2016-11-12T19:30:00Z,Nuclear,8174.000,Elexon BMRS FUELHH
2016-11-12T19:30:00Z,Other,1967.000,Elexon BMRS FUELHH
2016-11-12T19:30:00Z,Pumped Storage,362.000,Elexon BMRS FUELHH
2016-11-12T19:30:00Z,Wind,2022.000,Elexon BMRS FUELHH
2016-11-12T20:00:00Z,Coal,3058.000,Elexon BMRS FUELHH
2016-11-12T20:00:00Z,Gas,20710.000,Elexon BMRS FUELHH
2016-11-12T20:00:00Z,Hydro,459.000,Elexon BMRS FUELHH
2016-11-12T20:00:00Z,Imports & Exports,658.000,Elexon BMRS FUELHH
2016-11-12T20:00:00Z,Nuclear,8172.000,Elexon BMRS FUELHH
2016-11-12T20:00:00Z,Other,1965.000,Elexon BMRS FUELHH
2016-11-12T20:00:00Z,Pumped Storage,416.000,Elexon BMRS FUELHH
2016-11-12T20:00:00Z,Wind,1997.000,Elexon BMRS FUELHH
2016-11-12T20:30:00Z,Coal,2496.000,Elexon BMRS FUELHH
2016-11-12T20:30:00Z,Gas,19935.000,Elexon BMRS FUELHH
2016-11-12T20:30:00Z,Hydro,455.000,Elexon BMRS FUELHH
2016-11-12T20:30:00Z,Imports & Exports,710.000,Elexon BMRS FUELHH
2016-11-12T20:30:00Z,Nuclear,8171.000,Elexon BMRS FUELHH
2016-11-12T20:30:00Z,Other,1966.000,Elexon BMRS FUELHH
2016-11-12T20:30:00Z,Pumped Storage,344.000,Elexon BMRS FUELHH
2016-11-12T20:30:00Z,Wind,1978.000,Elexon BMRS FUELHH
2016-11-12T21:00:00Z,Coal,2182.000,Elexon BMRS FUELHH
2016-11-12T21:00:00Z,Gas,19644.000,Elexon BMRS FUELHH
2016-11-12T21:00:00Z,Hydro,378.000,Elexon BMRS FUELHH
2016-11-12T21:00:00Z,Imports & Exports,90.000,Elexon BMRS FUELHH
2016-11-12T21:00:00Z,Nuclear,8166.000,Elexon BMRS FUELHH
2016-11-12T21:00:00Z,Other,1967.000,Elexon BMRS FUELHH
2016-11-12T21:00:00Z,Pumped Storage,380.000,Elexon BMRS FUELHH
2016-11-12T21:00:00Z,Wind,1866.000,Elexon BMRS FUELHH
2016-11-12T21:30:00Z,Coal,1875.000,Elexon BMRS FUELHH
2016-11-12T21:30:00Z,Gas,18854.000,Elexon BMRS FUELHH
2016-11-12T21:30:00Z,Hydro,361.000,Elexon BMRS FUELHH
2016-11-12T21:30:00Z,Imports & Exports,28.000,Elexon BMRS FUELHH
2016-11-12T21:30:00Z,Nuclear,8176.000,Elexon BMRS FUELHH
2016-11-12T21:30:00Z,Other,1967.000,Elexon BMRS FUELHH
2016-11-12T21:30:00Z,Pumped Storage,338.000,Elexon BMRS FUELHH
2016-11-12T21:30:00Z,Wind,1904.000,Elexon BMRS FUELHH
2016-11-12T22:00:00Z,Coal,1704.000,Elexon BMRS FUELHH
2016-11-12T22:00:00Z,Gas,18533.000,Elexon BMRS FUELHH
2016-11-12T22:00:00Z,Hydro,360.000,Elexon BMRS FUELHH
2016-11-12T22:00:00Z,Imports & Exports,-1086.000,Elexon BMRS FUELHH
2016-11-12T22:00:00Z,Nuclear,8248.000,Elexon BMRS FUELHH
2016-11-12T22:00:00Z,Other,1965.000,Elexon BMRS FUELHH
2016-11-12T22:00:00Z,Pumped Storage,368.000,Elexon BMRS FUELHH
2016-11-12T22:00:00Z,Wind,1817.000,Elexon BMRS FUELHH
2016-11-12T22:30:00Z,Coal,1532.000,Elexon BMRS FUELHH
2016-11-12T22:30:00Z,Gas,17755.000,Elexon BMRS FUELHH
2016-11-12T22:30:00Z,Hydro,349.000,Elexon BMRS FUELHH
2016-11-12T22:30:00Z,Imports & Exports,-936.000,Elexon BMRS FUELHH
2016-11-12T22:30:00Z,Nuclear,8193.000,Elexon BMRS FUELHH
2016-11-12T22:30:00Z,Other,1963.000,Elexon BMRS FUELHH
2016-11-12T22:30:00Z,Pumped Storage,386.000,Elexon BMRS FUELHH
2016-11-12T22:30:00Z,Wind,1723.000,Elexon BMRS FUELHH
2016-11-12T23:00:00Z,Coal,1318.000,Elexon BMRS FUELHH
2016-11-12T23:00:00Z,Gas,15355.000,Elexon BMRS FUELHH
2016-11-12T23:00:00Z,Hydro,290.000,Elexon BMRS FUELHH
2016-11-12T23:00:00Z,Imports & Exports,736.000,Elexon BMRS FUELHH
2016-11-12T23:00:00Z,Nuclear,8067.000,Elexon BMRS FUELHH
2016-11-12T23:00:00Z,Other,1959.000,Elexon BMRS FUELHH
2016-11-12T23:00:00Z,Pumped Storage,-8.000,Elexon BMRS FUELHH
2016-11-12T23:00:00Z,Wind,1680.000,Elexon BMRS FUELHH
2016-11-12T23:30:00Z,Coal,1318.000,Elexon BMRS FUELHH
2016-11-12T23:30:00Z,Gas,14719.000,Elexon BMRS FUELHH
2016-11-12T23:30:00Z,Hydro,288.000,Elexon BMRS FUELHH
2016-11-12T23:30:00Z,Imports & Exports,744.000,Elexon BMRS FUELHH
2016-11-12T23:30:00Z,Nuclear,8046.000,Elexon BMRS FUELHH
2016-11-12T23:30:00Z,Other,1923.000,Elexon BMRS FUELHH
2016-11-12T23:30:00Z,Pumped Storage,-402.000,Elexon BMRS FUELHH
2016-11-12T23:30:00Z,Wind,1645.000,Elexon BMRS FUELHH
2016-11-13T00:00:00Z,Coal,1313.000,Elexon BMRS FUELHH
2016-11-13T00:00:00Z,Gas,14434.000,Elexon BMRS FUELHH
2016-11-13T00:00:00Z,Hydro,287.000,Elexon BMRS FUELHH
2016-11-13T00:00:00Z,Imports & Exports,1268.000,Elexon BMRS FUELHH
2016-11-13T00:00:00Z,Nuclear,8035.000,Elexon BMRS FUELHH
2016-11-13T00:00:00Z,Other,1922.000,Elexon BMRS FUELHH
2016-11-13T00:00:00Z,Pumped Storage,-866.000,Elexon BMRS FUELHH
2016-11-13T00:00:00Z,Wind,1524.000,Elexon BMRS FUELHH
2016-11-13T00:30:00Z,Coal,1322.000,Elexon BMRS FUELHH
2016-11-13T00:30:00Z,Gas,14935.000,Elexon BMRS FUELHH
2016-11-13T00:30:00Z,Hydro,286.000,Elexon BMRS FUELHH
2016-11-13T00:30:00Z,Imports & Exports,1296.000,Elexon BMRS FUELHH
2016-11-13T00:30:00Z,Nuclear,8051.000,Elexon BMRS FUELHH
2016-11-13T00:30:00Z,Other,1947.000,Elexon BMRS FUELHH
2016-11-13T00:30:00Z,Pumped Storage,-1430.000,Elexon BMRS FUELHH
2016-11-13T00:30:00Z,Wind,1574.000,Elexon BMRS FUELHH
2016-11-13T01:00:00Z,Coal,1235.000,Elexon BMRS FUELHH
2016-11-13T01:00:00Z,Gas,14377.000,Elexon BMRS FUELHH
2016-11-13T01:00:00Z,Hydro,261.000,Elexon BMRS FUELHH
2016-11-13T01:00:00Z,Imports & Exports,1296.000,Elexon BMRS FUELHH
2016-11-13T01:00:00Z,Nuclear,8131.000,Elexon BMRS FUELHH
2016-11-13T01:00:00Z,Other,1965.000,Elexon BMRS FUELHH
2016-11-13T01:00:00Z,Pumped Storage,-1414.000,Elexon BMRS FUELHH
2016-11-13T01:00:00Z,Wind,1657.000,Elexon BMRS FUELHH
2016-11-13T01:30:00Z,Coal,1019.000,Elexon BMRS FUELHH
2016-11-13T01:30:00Z,Gas,13928.000,Elexon BMRS FUELHH
2016-11-13T01:30:00Z,Hydro,259.000,Elexon BMRS FUELHH
2016-11-13T01:30:00Z,Imports & Exports,1296.000,Elexon BMRS FUELHH
2016-11-13T01:30:00Z,Nuclear,8159.000,Elexon BMRS FUELHH
2016-11-13T01:30:00Z,Other,1966.000,Elexon BMRS FUELHH
2016-11-13T01:30:00Z,Pumped Storage,-1664.000,Elexon BMRS FUELHH
2016-11-13T01:30:00Z,Wind,1729.000,Elexon BMRS FUELHH
2016-11-13T02:00:00Z,Coal,1020.000,Elexon BMRS FUELHH
2016-11-13T02:00:00Z,Gas,13314.000,Elexon BMRS FUELHH
2016-11-13T02:00:00Z,Hydro,257.000,Elexon BMRS FUELHH
2016-11-13T02:00:00Z,Imports & Exports,1266.000,Elexon BMRS FUELHH
2016-11-13T02:00:00Z,Nuclear,8169.000,Elexon BMRS FUELHH
2016-11-13T02:00:00Z,Other,1965.000,Elexon BMRS FUELHH
2016-11-13T02:00:00Z,Pumped Storage,-1802.000,Elexon BMRS FUELHH
2016-11-13T02:00:00Z,Wind,1853.000,Elexon BMRS FUELHH
2016-11-13T02:30:00Z,Coal,1019.000,Elexon BMRS FUELHH
2016-11-13T02:30:00Z,Gas,12873.000,Elexon BMRS FUELHH
2016-11-13T02:30:00Z,Hydro,256.000,Elexon BMRS FUELHH
2016-11-13T02:30:00Z,Imports & Exports,1232.000,Elexon BMRS FUELHH
2016-11-13T02:30:00Z,Nuclear,8165.000,Elexon BMRS FUELHH
2016-11-13T02:30:00Z,Other,1966.000,Elexon BMRS FUELHH
2016-11-13T02:30:00Z,Pumped Storage,-1720.000,Elexon BMRS FUELHH
2016-11-13T02:30:00Z,Wind,1943.000,Elexon BMRS FUELHH
2016-11-13T03:00:00Z,Coal,1019.000,Elexon BMRS FUELHH
2016-11-13T03:00:00Z,Gas,12186.000,Elexon BMRS FUELHH
2016-11-13T03:00:00Z,Hydro,255.000,Elexon BMRS FUELHH
2016-11-13T03:00:00Z,Imports & Exports,1466.000,Elexon BMRS FUELHH
2016-11-13T03:00:00Z,Nuclear,8215.000,Elexon BMRS FUELHH
2016-11-13T03:00:00Z,Other,1966.000,Elexon BMRS FUELHH
2016-11-13T03:00:00Z,Pumped Storage,-1712.000,Elexon BMRS FUELHH
2016-11-13T03:00:00Z,Wind,1939.000,Elexon BMRS FUELHH
2016-11-13T03:30:00Z,Coal,1019.000,Elexon BMRS FUELHH
2016-11-13T03:30:00Z,Gas,11260.000,Elexon BMRS FUELHH
2016-11-13T03:30:00Z,Hydro,254.000,Elexon BMRS FUELHH
2016-11-13T03:30:00Z,Imports & Exports,1480.000,Elexon BMRS FUELHH
2016-11-13T03:30:00Z,Nuclear,8246.000,Elexon BMRS FUELHH
2016-11-13T03:30:00Z,Other,1967.000,Elexon BMRS FUELHH
2016-11-13T03:30:00Z,Pumped Storage,-1704.000,Elexon BMRS FUELHH
2016-11-13T03:30:00Z,Wind,1894.000,Elexon BMRS FUELHH
2016-11-13T04:00:00Z,Coal,1018.000,Elexon BMRS FUELHH
2016-11-13T04:00:00Z,Gas,11435.000,Elexon BMRS FUELHH
2016-11-13T04:00:00Z,Hydro,250.000,Elexon BMRS FUELHH
2016-11-13T04:00:00Z,Imports & Exports,1056.000,Elexon BMRS FUELHH
2016-11-13T04:00:00Z,Nuclear,8247.000,Elexon BMRS FUELHH
2016-11-13T04:00:00Z,Other,1967.000,Elexon BMRS FUELHH
2016-11-13T04:00:00Z,Pumped Storage,-1742.000,Elexon BMRS FUELHH
2016-11-13T04:00:00Z,Wind,1761.000,Elexon BMRS FUELHH
2016-11-13T04:30:00Z,Coal,1014.000,Elexon BMRS FUELHH
2016-11-13T04:30:00Z,Gas,11525.000,Elexon BMRS FUELHH
2016-11-13T04:30:00Z,Hydro,250.000,Elexon BMRS FUELHH
2016-11-13T04:30:00Z,Imports & Exports,1054.000,Elexon BMRS FUELHH
2016-11-13T04:30:00Z,Nuclear,8261.000,Elexon BMRS FUELHH
2016-11-13T04:30:00Z,Other,1968.000,Elexon BMRS FUELHH
2016-11-13T04:30:00Z,Pumped Storage,-1846.000,Elexon BMRS FUELHH
2016-11-13T04:30:00Z,Wind,1721.000,Elexon BMRS FUELHH
2016-11-13T05:00:00Z,Coal,1056.000,Elexon BMRS FUELHH
2016-11-13T05:00:00Z,Gas,11933.000,Elexon BMRS FUELHH
2016-11-13T05:00:00Z,Hydro,280.000,Elexon BMRS FUELHH
2016-11-13T05:00:00Z,Imports & Exports,494.000,Elexon BMRS FUELHH
2016-11-13T05:00:00Z,Nuclear,8263.000,Elexon BMRS FUELHH
2016-11-13T05:00:00Z,Other,1968.000,Elexon BMRS FUELHH
2016-11-13T05:00:00Z,Pumped Storage,-1802.000,Elexon BMRS FUELHH
2016-11-13T05:00:00Z,Wind,1827.000,Elexon BMRS FUELHH
2016-11-13T05:30:00Z,Coal,1096.000,Elexon BMRS FUELHH
2016-11-13T05:30:00Z,Gas,12256.000,Elexon BMRS FUELHH
2016-11-13T05:30:00Z,Hydro,273.000,Elexon BMRS FUELHH
2016-11-13T05:30:00Z,Imports & Exports,458.000,Elexon BMRS FUELHH
2016-11-13T05:30:00Z,Nuclear,8257.000,Elexon BMRS FUELHH
2016-11-13T05:30:00Z,Other,1966.000,Elexon BMRS FUELHH
2016-11-13T05:30:00Z,Pumped Storage,-1680.000,Elexon BMRS FUELHH
2016-11-13T05:30:00Z,Wind,1826.000,Elexon BMRS FUELHH
2016-11-13T06:00:00Z,Coal,1130.000,Elexon BMRS FUELHH
2016-11-13T06:00:00Z,Gas,12250.000,Elexon BMRS FUELHH
2016-11-13T06:00:00Z,Hydro,263.000,Elexon BMRS FUELHH
2016-11-13T06:00:00Z,Imports & Exports,1092.000,Elexon BMRS FUELHH
2016-11-13T06:00:00Z,Nuclear,8266.000,Elexon BMRS FUELHH
2016-11-13T06:00:00Z,Other,1975.000,Elexon BMRS FUELHH
2016-11-13T06:00:00Z,Pumped Storage,-1636.000,Elexon BMRS FUELHH
2016-11-13T06:00:00Z,Wind,2087.000,Elexon BMRS FUELHH
2016-11-13T06:30:00Z,Coal,1331.000,Elexon BMRS FUELHH
2016-11-13T06:30:00Z,Gas,12748.000,Elexon BMRS FUELHH
2016-11-13T06:30:00Z,Hydro,265.000,Elexon BMRS FUELHH
2016-11-13T06:30:00Z,Imports & Exports,1104.000,Elexon BMRS FUELHH
2016-11-13T06:30:00Z,Nuclear,8260.000,Elexon BMRS FUELHH
2016-11-13T06:30:00Z,Other,1961.000,Elexon BMRS FUELHH
2016-11-13T06:30:00Z,Pumped Storage,-1360.000,Elexon BMRS FUELHH
2016-11-13T06:30:00Z,Wind,2004.000,Elexon BMRS FUELHH
2016-11-13T07:00:00Z,Coal,1518.000,Elexon BMRS FUELHH
2016-11-13T07:00:00Z,Gas,13774.000,Elexon BMRS FUELHH
2016-11-13T07:00:00Z,Hydro,317.000,Elexon BMRS FUELHH
2016-11-13T07:00:00Z,Imports & Exports,294.000,Elexon BMRS FUELHH
2016-11-13T07:00:00Z,Nuclear,8262.000,Elexon BMRS FUELHH
2016-11-13T07:00:00Z,Other,1960.000,Elexon BMRS FUELHH
2016-11-13T07:00:00Z,Pumped Storage,-932.000,Elexon BMRS FUELHH
2016-11-13T07:00:00Z,Wind,2039.000,Elexon BMRS FUELHH
2016-11-13T07:30:00Z,Coal,1656.000,Elexon BMRS FUELHH
2016-11-13T07:30:00Z,Gas,13884.000,Elexon BMRS FUELHH
2016-11-13T07:30:00Z,Hydro,319.000,Elexon BMRS FUELHH
2016-11-13T07:30:00Z,Imports & Exports,286.000,Elexon BMRS FUELHH
2016-11-13T07:30:00Z,Nuclear,8267.000,Elexon BMRS FUELHH
2016-11-13T07:30:00Z,Other,1967.000,Elexon BMRS FUELHH
2016-11-13T07:30:00Z,Pumped Storage,-424.000,Elexon BMRS FUELHH
2016-11-13T07:30:00Z,Wind,1944.000,Elexon BMRS FUELHH
2016-11-13T08:00:00Z,Coal,1663.000,Elexon BMRS FUELHH
2016-11-13T08:00:00Z,Gas,15278.000,Elexon BMRS FUELHH
2016-11-13T08:00:00Z,Hydro,318.000,Elexon BMRS FUELHH
2016-11-13T08:00:00Z,Imports & Exports,-332.000,Elexon BMRS FUELHH
2016-11-13T08:00:00Z,Nuclear,8262.000,Elexon BMRS FUELHH
2016-11-13T08:00:00Z,Other,1967.000,Elexon BMRS FUELHH
2016-11-13T08:00:00Z,Pumped Storage,432.000,Elexon BMRS FUELHH
2016-11-13T08:00:00Z,Wind,1796.000,Elexon BMRS FUELHH
2016-11-13T08:30:00Z,Coal,1663.000,Elexon BMRS FUELHH
2016-11-13T08:30:00Z,Gas,16557.000,Elexon BMRS FUELHH
2016-11-13T08:30:00Z,Hydro,331.000,Elexon BMRS FUELHH
2016-11-13T08:30:00Z,Imports & Exports,-440.000,Elexon BMRS FUELHH
2016-11-13T08:30:00Z,Nuclear,8202.000,Elexon BMRS FUELHH
2016-11-13T08:30:00Z,Other,1975.000,Elexon BMRS FUELHH
2016-11-13T08:30:00Z,Pumped Storage,526.000,Elexon BMRS FUELHH
2016-11-13T08:30:00Z,Wind,1727.000,Elexon BMRS FUELHH
2016-11-13T09:00:00Z,Coal,1243.000,Elexon BMRS FUELHH
2016-11-13T09:00:00Z,Gas,17386.000,Elexon BMRS FUELHH
2016-11-13T09:00:00Z,Hydro,660.000,Elexon BMRS FUELHH
2016-11-13T09:00:00Z,Imports & Exports,328.000,Elexon BMRS FUELHH
2016-11-13T09:00:00Z,Nuclear,8079.000,Elexon BMRS FUELHH
2016-11-13T09:00:00Z,Other,1957.000,Elexon BMRS FUELHH
2016-11-13T09:00:00Z,Pumped Storage,518.000,Elexon BMRS FUELHH
2016-11-13T09:00:00Z,Wind,1761.000,Elexon BMRS FUELHH
2016-11-13T09:30:00Z,Coal,1117.000,Elexon BMRS FUELHH
2016-11-13T09:30:00Z,Gas,17972.000,Elexon BMRS FUELHH
2016-11-13T09:30:00Z,Hydro,673.000,Elexon BMRS FUELHH
2016-11-13T09:30:00Z,Imports & Exports,220.000,Elexon BMRS FUELHH
2016-11-13T09:30:00Z,Nuclear,8042.000,Elexon BMRS FUELHH
2016-11-13T09:30:00Z,Other,1993.000,Elexon BMRS FUELHH
2016-11-13T09:30:00Z,Pumped Storage,394.000,Elexon BMRS FUELHH
2016-11-13T09:30:00Z,Wind,1808.000,Elexon BMRS FUELHH
2016-11-13T10:00:00Z,Coal,1117.000,Elexon BMRS FUELHH
2016-11-13T10:00:00Z,Gas,18012.000,Elexon BMRS FUELHH
2016-11-13T10:00:00Z,Hydro,675.000,Elexon BMRS FUELHH
2016-11-13T10:00:00Z,Imports & Exports,404.000,Elexon BMRS FUELHH
2016-11-13T10:00:00Z,Nuclear,8041.000,Elexon BMRS FUELHH
2016-11-13T10:00:00Z,Other,2000.000,Elexon BMRS FUELHH
2016-11-13T10:00:00Z,Pumped Storage,330.000,Elexon BMRS FUELHH
2016-11-13T10:00:00Z,Wind,1846.000,Elexon BMRS FUELHH
2016-11-13T10:30:00Z,Coal,1122.000,Elexon BMRS FUELHH
2016-11-13T10:30:00Z,Gas,17961.000,Elexon BMRS FUELHH
2016-11-13T10:30:00Z,Hydro,668.000,Elexon BMRS FUELHH
2016-11-13T10:30:00Z,Imports & Exports,260.000,Elexon BMRS FUELHH
2016-11-13T10:30:00Z,Nuclear,8039.000,Elexon BMRS FUELHH
2016-11-13T10:30:00Z,Other,1974.000,Elexon BMRS FUELHH
2016-11-13T10:30:00Z,Pumped Storage,330.000,Elexon BMRS FUELHH
2016-11-13T10:30:00Z,Wind,1927.000,Elexon BMRS FUELHH
2016-11-13T11:00:00Z,Coal,1122.000,Elexon BMRS FUELHH
2016-11-13T11:00:00Z,Gas,17363.000,Elexon BMRS FUELHH
2016-11-13T11:00:00Z,Hydro,437.000,Elexon BMRS FUELHH
2016-11-13T11:00:00Z,Imports & Exports,802.000,Elexon BMRS FUELHH
2016-11-13T11:00:00Z,Nuclear,8085.000,Elexon BMRS FUELHH
2016-11-13T11:00:00Z,Other,1970.000,Elexon BMRS FUELHH
2016-11-13T11:00:00Z,Pumped Storage,346.000,Elexon BMRS FUELHH
2016-11-13T11:00:00Z,Wind,2103.000,Elexon BMRS FUELHH
2016-11-13T11:30:00Z,Coal,1127.000,Elexon BMRS FUELHH
2016-11-13T11:30:00Z,Gas,17583.000,Elexon BMRS FUELHH
2016-11-13T11:30:00Z,Hydro,439.000,Elexon BMRS FUELHH
2016-11-13T11:30:00Z,Imports & Exports,774.000,Elexon BMRS FUELHH
2016-11-13T11:30:00Z,Nuclear,8176.000,Elexon BMRS FUELHH
2016-11-13T11:30:00Z,Other,2008.000,Elexon BMRS FUELHH
2016-11-13T11:30:00Z,Pumped Storage,386.000,Elexon BMRS FUELHH
2016-11-13T11:30:00Z,Wind,2207.000,Elexon BMRS FUELHH
2016-11-13T12:00:00Z,Coal,1129.000,Elexon BMRS FUELHH
2016-11-13T12:00:00Z,Gas,17480.000,Elexon BMRS FUELHH
2016-11-13T12:00:00Z,Hydro,441.000,Elexon BMRS FUELHH
2016-11-13T12:00:00Z,Imports & Exports,1440.000,Elexon BMRS FUELHH
2016-11-13T12:00:00Z,Nuclear,8186.000,Elexon BMRS FUELHH
2016-11-13T12:00:00Z,Other,2005.000,Elexon BMRS FUELHH
2016-11-13T12:00:00Z,Pumped Storage,410.000,Elexon BMRS FUELHH
2016-11-13T12:00:00Z,Wind,2274.000,Elexon BMRS FUELHH
2016-11-13T12:30:00Z,Coal,1128.000,Elexon BMRS FUELHH
2016-11-13T12:30:00Z,Gas,17633.000,Elexon BMRS FUELHH
2016-11-13T12:30:00Z,Hydro,408.000,Elexon BMRS FUELHH
2016-11-13T12:30:00Z,Imports & Exports,1402.000,Elexon BMRS FUELHH
2016-11-13T12:30:00Z,Nuclear,8185.000,Elexon BMRS FUELHH
2016-11-13T12:30:00Z,Other,2007.000,Elexon BMRS FUELHH
2016-11-13T12:30:00Z,Pumped Storage,654.000,Elexon BMRS FUELHH
2016-11-13T12:30:00Z,Wind,2401.000,Elexon BMRS FUELHH
2016-11-13T13:00:00Z,Coal,1129.000,Elexon BMRS FUELHH
2016-11-13T13:00:00Z,Gas,17935.000,Elexon BMRS FUELHH
2016-11-13T13:00:00Z,Hydro,335.000,Elexon BMRS FUELHH
2016-11-13T13:00:00Z,Imports & Exports,1374.000,Elexon BMRS FUELHH
2016-11-13T13:00:00Z,Nuclear,8182.000,Elexon BMRS FUELHH
2016-11-13T13:00:00Z,Other,2005.000,Elexon BMRS FUELHH
2016-11-13T13:00:00Z,Pumped Storage,658.000,Elexon BMRS FUELHH
2016-11-13T13:00:00Z,Wind,2530.000,Elexon BMRS FUELHH
2016-11-13T13:30:00Z,Coal,1129.000,Elexon BMRS FUELHH
2016-11-13T13:30:00Z,Gas,18131.000,Elexon BMRS FUELHH
2016-11-13T13:30:00Z,Hydro,336.000,Elexon BMRS FUELHH
2016-11-13T13:30:00Z,Imports & Exports,1426.000,Elexon BMRS FUELHH
2016-11-13T13:30:00Z,Nuclear,8179.000,Elexon BMRS FUELHH
2016-11-13T13:30:00Z,Other,2004.000,Elexon BMRS FUELHH
2016-11-13T13:30:00Z,Pumped Storage,518.000,Elexon BMRS FUELHH
2016-11-13T13:30:00Z,Wind,2592.000,Elexon BMRS FUELHH
2016-11-13T14:00:00Z,Coal,1128.000,Elexon BMRS FUELHH
2016-11-13T14:00:00Z,Gas,18204.000,Elexon BMRS FUELHH
2016-11-13T14:00:00Z,Hydro,336.000,Elexon BMRS FUELHH
2016-11-13T14:00:00Z,Imports & Exports,1900.000,Elexon BMRS FUELHH
2016-11-13T14:00:00Z,Nuclear,8180.000,Elexon BMRS FUELHH
2016-11-13T14:00:00Z,Other,2003.000,Elexon BMRS FUELHH
2016-11-13T14:00:00Z,Pumped Storage,534.000,Elexon BMRS FUELHH
2016-11-13T14:00:00Z,Wind,2667.000,Elexon BMRS FUELHH
2016-11-13T14:30:00Z,Coal,1236.000,Elexon BMRS FUELHH
2016-11-13T14:30:00Z,Gas,18628.000,Elexon BMRS FUELHH
2016-11-13T14:30:00Z,Hydro,351.000,Elexon BMRS FUELHH
2016-11-13T14:30:00Z,Imports & Exports,1916.000,Elexon BMRS FUELHH
2016-11-13T14:30:00Z,Nuclear,8187.000,Elexon BMRS FUELHH
2016-11-13T14:30:00Z,Other,1999.000,Elexon BMRS FUELHH
2016-11-13T14:30:00Z,Pumped Storage,350.000,Elexon BMRS FUELHH
2016-11-13T14:30:00Z,Wind,2770.000,Elexon BMRS FUELHH
2016-11-13T15:00:00Z,Coal,1746.000,Elexon BMRS FUELHH
2016-11-13T15:00:00Z,Gas,19487.000,Elexon BMRS FUELHH
2016-11-13T15:00:00Z,Hydro,494.000,Elexon BMRS FUELHH
2016-11-13T15:00:00Z,Imports & Exports,1182.000,Elexon BMRS FUELHH
2016-11-13T15:00:00Z,Nuclear,8183.000,Elexon BMRS FUELHH
2016-11-13T15:00:00Z,Other,2004.000,Elexon BMRS FUELHH
2016-11-13T15:00:00Z,Pumped Storage,588.000,Elexon BMRS FUELHH
2016-11-13T15:00:00Z,Wind,2763.000,Elexon BMRS FUELHH
2016-11-13T15:30:00Z,Coal,2205.000,Elexon BMRS FUELHH
2016-11-13T15:30:00Z,Gas,20402.000,Elexon BMRS FUELHH
2016-11-13T15:30:00Z,Hydro,492.000,Elexon BMRS FUELHH
2016-11-13T15:30:00Z,Imports & Exports,1182.000,Elexon BMRS FUELHH
2016-11-13T15:30:00Z,Nuclear,8223.000,Elexon BMRS FUELHH
2016-11-13T15:30:00Z,Other,2004.000,Elexon BMRS FUELHH
2016-11-13T15:30:00Z,Pumped Storage,506.000,Elexon BMRS FUELHH
2016-11-13T15:30:00Z,Wind,2755.000,Elexon BMRS FUELHH
2016-11-13T16:00:00Z,Coal,2730.000,Elexon BMRS FUELHH
2016-11-13T16:00:00Z,Gas,20593.000,Elexon BMRS FUELHH
2016-11-13T16:00:00Z,Hydro,446.000,Elexon BMRS FUELHH
2016-11-13T16:00:00Z,Imports & Exports,2534.000,Elexon BMRS FUELHH
2016-11-13T16:00:00Z,Nuclear,8272.000,Elexon BMRS FUELHH
2016-11-13T16:00:00Z,Other,2004.000,Elexon BMRS FUELHH
2016-11-13T16:00:00Z,Pumped Storage,610.000,Elexon BMRS FUELHH
2016-11-13T16:00:00Z,Wind,2802.000,Elexon BMRS FUELHH
2016-11-13T16:30:00Z,Coal,3126.000,Elexon BMRS FUELHH
2016-11-13T16:30:00Z,Gas,22457.000,Elexon BMRS FUELHH
2016-11-13T16:30:00Z,Hydro,703.000,Elexon BMRS FUELHH
2016-11-13T16:30:00Z,Imports & Exports,2486.000,Elexon BMRS FUELHH
2016-11-13T16:30:00Z,Nuclear,8288.000,Elexon BMRS FUELHH
2016-11-13T16:30:00Z,Other,1988.000,Elexon BMRS FUELHH
2016-11-13T16:30:00Z,Pumped Storage,986.000,Elexon BMRS FUELHH
2016-11-13T16:30:00Z,Wind,2972.000,Elexon BMRS FUELHH
2016-11-13T17:00:00Z,Coal,3211.000,Elexon BMRS FUELHH
2016-11-13T17:00:00Z,Gas,22676.000,Elexon BMRS FUELHH
2016-11-13T17:00:00Z,Hydro,813.000,Elexon BMRS FUELHH
2016-11-13T17:00:00Z,Imports & Exports,2896.000,Elexon BMRS FUELHH
2016-11-13T17:00:00Z,Nuclear,8314.000,Elexon BMRS FUELHH
2016-11-13T17:00:00Z,Other,1963.000,Elexon BMRS FUELHH
2016-11-13T17:00:00Z,Pumped Storage,1324.000,Elexon BMRS FUELHH
2016-11-13T17:00:00Z,Wind,2859.000,Elexon BMRS FUELHH
2016-11-13T17:30:00Z,Coal,3197.000,Elexon BMRS FUELHH
2016-11-13T17:30:00Z,Gas,22551.000,Elexon BMRS FUELHH
2016-11-13T17:30:00Z,Hydro,829.000,Elexon BMRS FUELHH
2016-11-13T17:30:00Z,Imports & Exports,2782.000,Elexon BMRS FUELHH
2016-11-13T17:30:00Z,Nuclear,8331.000,Elexon BMRS FUELHH
2016-11-13T17:30:00Z,Other,1945.000,Elexon BMRS FUELHH
2016-11-13T17:30:00Z,Pumped Storage,1080.000,Elexon BMRS FUELHH
2016-11-13T17:30:00Z,Wind,2984.000,Elexon BMRS FUELHH
2016-11-13T18:00:00Z,Coal,3121.000,Elexon BMRS FUELHH
2016-11-13T18:00:00Z,Gas,22553.000,Elexon BMRS FUELHH
2016-11-13T18:00:00Z,Hydro,790.000,Elexon BMRS FUELHH
2016-11-13T18:00:00Z,Imports & Exports,2560.000,Elexon BMRS FUELHH
2016-11-13T18:00:00Z,Nuclear,8331.000,Elexon BMRS FUELHH
2016-11-13T18:00:00Z,Other,1945.000,Elexon BMRS FUELHH
2016-11-13T18:00:00Z,Pumped Storage,696.000,Elexon BMRS FUELHH
2016-11-13T18:00:00Z,Wind,3035.000,Elexon BMRS FUELHH
2016-11-13T18:30:00Z,Coal,2869.000,Elexon BMRS FUELHH
2016-11-13T18:30:00Z,Gas,21702.000,Elexon BMRS FUELHH
2016-11-13T18:30:00Z,Hydro,794.000,Elexon BMRS FUELHH
2016-11-13T18:30:00Z,Imports & Exports,2768.000,Elexon BMRS FUELHH
2016-11-13T18:30:00Z,Nuclear,8333.000,Elexon BMRS FUELHH
2016-11-13T18:30:00Z,Other,1944.000,Elexon BMRS FUELHH
2016-11-13T18:30:00Z,Pumped Storage,330.000,Elexon BMRS FUELHH
2016-11-13T18:30:00Z,Wind,3165.000,Elexon BMRS FUELHH
2016-11-13T19:00:00Z,Coal,2887.000,Elexon BMRS FUELHH
2016-11-13T19:00:00Z,Gas,22143.000,Elexon BMRS FUELHH
2016-11-13T19:00:00Z,Hydro,760.000,Elexon BMRS FUELHH
2016-11-13T19:00:00Z,Imports & Exports,1048.000,Elexon BMRS FUELHH
2016-11-13T19:00:00Z,Nuclear,8329.000,Elexon BMRS FUELHH
2016-11-13T19:00:00Z,Other,1937.000,Elexon BMRS FUELHH
2016-11-13T19:00:00Z,Pumped Storage,410.000,Elexon BMRS FUELHH
2016-11-13T19:00:00Z,Wind,3129.000,Elexon BMRS FUELHH
2016-11-13T19:30:00Z,Coal,2666.000,Elexon BMRS FUELHH
2016-11-13T19:30:00Z,Gas,21339.000,Elexon BMRS FUELHH
2016-11-13T19:30:00Z,Hydro,761.000,Elexon BMRS FUELHH
2016-11-13T19:30:00Z,Imports & Exports,744.000,Elexon BMRS FUELHH
2016-11-13T19:30:00Z,Nuclear,8333.000,Elexon BMRS FUELHH
2016-11-13T19:30:00Z,Other,1949.000,Elexon BMRS FUELHH
2016-11-13T19:30:00Z,Pumped Storage,342.000,Elexon BMRS FUELHH
2016-11-13T19:30:00Z,Wind,3266.000,Elexon BMRS FUELHH
2016-11-13T20:00:00Z,Coal,1988.000,Elexon BMRS FUELHH
2016-11-13T20:00:00Z,Gas,22225.000,Elexon BMRS FUELHH
2016-11-13T20:00:00Z,Hydro,744.000,Elexon BMRS FUELHH
2016-11-13T20:00:00Z,Imports & Exports,-908.000,Elexon BMRS FUELHH
2016-11-13T20:00:00Z,Nuclear,8327.000,Elexon BMRS FUELHH
2016-11-13T20:00:00Z,Other,1940.000,Elexon BMRS FUELHH
2016-11-13T20:00:00Z,Pumped Storage,560.000,Elexon BMRS FUELHH
2016-11-13T20:00:00Z,Wind,3358.000,Elexon BMRS FUELHH
2016-11-13T20:30:00Z,Coal,1732.000,Elexon BMRS FUELHH
2016-11-13T20:30:00Z,Gas,21236.000,Elexon BMRS FUELHH
2016-11-13T20:30:00Z,Hydro,689.000,Elexon BMRS FUELHH
2016-11-13T20:30:00Z,Imports & Exports,-952.000,Elexon BMRS FUELHH
2016-11-13T20:30:00Z,Nuclear,8336.000,Elexon BMRS FUELHH
2016-11-13T20:30:00Z,Other,1950.000,Elexon BMRS FUELHH
2016-11-13T20:30:00Z,Pumped Storage,390.000,Elexon BMRS FUELHH
2016-11-13T20:30:00Z,Wind,3321.000,Elexon BMRS FUELHH
2016-11-13T21:00:00Z,Coal,1477.000,Elexon BMRS FUELHH
2016-11-13T21:00:00Z,Gas,20135.000,Elexon BMRS FUELHH
2016-11-13T21:00:00Z,Hydro,528.000,Elexon BMRS FUELHH
2016-11-13T21:00:00Z,Imports & Exports,-1012.000,Elexon BMRS FUELHH
2016-11-13T21:00:00Z,Nuclear,8352.000,Elexon BMRS FUELHH
2016-11-13T21:00:00Z,Other,1949.000,Elexon BMRS FUELHH
2016-11-13T21:00:00Z,Pumped Storage,456.000,Elexon BMRS FUELHH
2016-11-13T21:00:00Z,Wind,3237.000,Elexon BMRS FUELHH
2016-11-13T21:30:00Z,Coal,1373.000,Elexon BMRS FUELHH
2016-11-13T21:30:00Z,Gas,18496.000,Elexon BMRS FUELHH
2016-11-13T21:30:00Z,Hydro,516.000,Elexon BMRS FUELHH
2016-11-13T21:30:00Z,Imports & Exports,-944.000,Elexon BMRS FUELHH
2016-11-13T21:30:00Z,Nuclear,8342.000,Elexon BMRS FUELHH
2016-11-13T21:30:00Z,Other,1945.000,Elexon BMRS FUELHH
2016-11-13T21:30:00Z,Pumped Storage,396.000,Elexon BMRS FUELHH
2016-11-13T21:30:00Z,Wind,3207.000,Elexon BMRS FUELHH
2016-11-13T22:00:00Z,Coal,1280.000,Elexon BMRS FUELHH
2016-11-13T22:00:00Z,Gas,16879.000,Elexon BMRS FUELHH
2016-11-13T22:00:00Z,Hydro,360.000,Elexon BMRS FUELHH
2016-11-13T22:00:00Z,Imports & Exports,-780.000,Elexon BMRS FUELHH
2016-11-13T22:00:00Z,Nuclear,8350.000,Elexon BMRS FUELHH
2016-11-13T22:00:00Z,Other,1949.000,Elexon BMRS FUELHH
2016-11-13T22:00:00Z,Pumped Storage,334.000,Elexon BMRS FUELHH
2016-11-13T22:00:00Z,Wind,3239.000,Elexon BMRS FUELHH
2016-11-13T22:30:00Z,Coal,1285.000,Elexon BMRS FUELHH
2016-11-13T22:30:00Z,Gas,15476.000,Elexon BMRS FUELHH
2016-11-13T22:30:00Z,Hydro,324.000,Elexon BMRS FUELHH
2016-11-13T22:30:00Z,Imports & Exports,-684.000,Elexon BMRS FUELHH
2016-11-13T22:30:00Z,Nuclear,8349.000,Elexon BMRS FUELHH
2016-11-13T22:30:00Z,Other,1946.000,Elexon BMRS FUELHH
2016-11-13T22:30:00Z,Pumped Storage,176.000,Elexon BMRS FUELHH
2016-11-13T22:30:00Z,Wind,3185.000,Elexon BMRS FUELHH
2016-11-13T23:00:00Z,Coal,1155.000,Elexon BMRS FUELHH
2016-11-13T23:00:00Z,Gas,12897.000,Elexon BMRS FUELHH
2016-11-13T23:00:00Z,Hydro,258.000,Elexon BMRS FUELHH
2016-11-13T23:00:00Z,Imports & Exports,742.000,Elexon BMRS FUELHH
2016-11-13T23:00:00Z,Nuclear,8348.000,Elexon BMRS FUELHH
2016-11-13T23:00:00Z,Other,1950.000,Elexon BMRS FUELHH
2016-11-13T23:00:00Z,Pumped Storage,-452.000,Elexon BMRS FUELHH
2016-11-13T23:00:00Z,Wind,3113.000,Elexon BMRS FUELHH
2016-11-13T23:30:00Z,Coal,1012.000,Elexon BMRS FUELHH
2016-11-13T23:30:00Z,Gas,12435.000,Elexon BMRS FUELHH
2016-11-13T23:30:00Z,Hydro,257.000,Elexon BMRS FUELHH
2016-11-13T23:30:00Z,Imports & Exports,756.000,Elexon BMRS FUELHH
2016-11-13T23:30:00Z,Nuclear,8350.000,Elexon BMRS FUELHH
2016-11-13T23:30:00Z,Other,1999.000,Elexon BMRS FUELHH
2016-11-13T23:30:00Z,Pumped Storage,-1048.000,Elexon BMRS FUELHH
2016-11-13T23:30:00Z,Wind,3087.000,Elexon BMRS FUELHH
2016-11-14T00:00:00Z,Coal,1010.000,Elexon BMRS FUELHH
2016-11-14T00:00:00Z,Gas,12653.000,Elexon BMRS FUELHH
2016-11-14T00:00:00Z,Hydro,259.000,Elexon BMRS FUELHH
2016-11-14T00:00:00Z,Imports & Exports,1062.000,Elexon BMRS FUELHH
2016-11-14T00:00:00Z,Nuclear,8356.000,Elexon BMRS FUELHH
2016-11-14T00:00:00Z,Other,1999.000,Elexon BMRS FUELHH
2016-11-14T00:00:00Z,Pumped Storage,-1818.000,Elexon BMRS FUELHH
2016-11-14T00:00:00Z,Wind,3040.000,Elexon BMRS FUELHH
2016-11-14T00:30:00Z,Coal,1011.000,Elexon BMRS FUELHH
2016-11-14T00:30:00Z,Gas,12953.000,Elexon BMRS FUELHH
2016-11-14T00:30:00Z,Hydro,257.000,Elexon BMRS FUELHH
2016-11-14T00:30:00Z,Imports & Exports,1066.000,Elexon BMRS FUELHH
2016-11-14T00:30:00Z,Nuclear,8357.000,Elexon BMRS FUELHH
2016-11-14T00:30:00Z,Other,2000.000,Elexon BMRS FUELHH
2016-11-14T00:30:00Z,Pumped Storage,-2010.000,Elexon BMRS FUELHH
2016-11-14T00:30:00Z,Wind,3083.000,Elexon BMRS FUELHH
2016-11-14T01:00:00Z,Coal,1007.000,Elexon BMRS FUELHH
2016-11-14T01:00:00Z,Gas,12793.000,Elexon BMRS FUELHH
2016-11-14T01:00:00Z,Hydro,249.000,Elexon BMRS FUELHH
2016-11-14T01:00:00Z,Imports & Exports,1144.000,Elexon BMRS FUELHH
2016-11-14T01:00:00Z,Nuclear,8356.000,Elexon BMRS FUELHH
2016-11-14T01:00:00Z,Other,2000.000,Elexon BMRS FUELHH
2016-11-14T01:00:00Z,Pumped Storage,-2126.000,Elexon BMRS FUELHH
2016-11-14T01:00:00Z,Wind,3103.000,Elexon BMRS FUELHH
2016-11-14T01:30:00Z,Coal,1014.000,Elexon BMRS FUELHH
2016-11-14T01:30:00Z,Gas,12299.000,Elexon BMRS FUELHH
2016-11-14T01:30:00Z,Hydro,253.000,Elexon BMRS FUELHH
2016-11-14T01:30:00Z,Imports & Exports,1146.000,Elexon BMRS FUELHH
2016-11-14T01:30:00Z,Nuclear,8350.000,Elexon BMRS FUELHH
2016-11-14T01:30:00Z,Other,2000.000,Elexon BMRS FUELHH
2016-11-14T01:30:00Z,Pumped Storage,-2268.000,Elexon BMRS FUELHH
2016-11-14T01:30:00Z,Wind,2952.000,Elexon BMRS FUELHH
2016-11-14T02:00:00Z,Coal,1010.000,Elexon BMRS FUELHH
2016-11-14T02:00:00Z,Gas,11826.000,Elexon BMRS FUELHH
2016-11-14T02:00:00Z,Hydro,253.000,Elexon BMRS FUELHH
2016-11-14T02:00:00Z,Imports & Exports,1136.000,Elexon BMRS FUELHH
2016-11-14T02:00:00Z,Nuclear,8339.000,Elexon BMRS FUELHH
2016-11-14T02:00:00Z,Other,2001.000,Elexon BMRS FUELHH
2016-11-14T02:00:00Z,Pumped Storage,-2268.000,Elexon BMRS FUELHH
2016-11-14T02:00:00Z,Wind,2825.000,Elexon BMRS FUELHH
2016-11-14T02:30:00Z,Coal,1010.000,Elexon BMRS FUELHH
2016-11-14T02:30:00Z,Gas,11368.000,Elexon BMRS FUELHH
2016-11-14T02:30:00Z,Hydro,254.000,Elexon BMRS FUELHH
2016-11-14T02:30:00Z,Imports & Exports,1254.000,Elexon BMRS FUELHH
2016-11-14T02:30:00Z,Nuclear,8350.000,Elexon BMRS FUELHH
2016-11-14T02:30:00Z,Other,2002.000,Elexon BMRS FUELHH
2016-11-14T02:30:00Z,Pumped Storage,-2260.000,Elexon BMRS FUELHH
2016-11-14T02:30:00Z,Wind,2895.000,Elexon BMRS FUELHH
2016-11-14T03:00:00Z,Coal,1007.000,Elexon BMRS FUELHH
2016-11-14T03:00:00Z,Gas,11503.000,Elexon BMRS FUELHH
2016-11-14T03:00:00Z,Hydro,253.000,Elexon BMRS FUELHH
2016-11-14T03:00:00Z,Imports & Exports,368.000,Elexon BMRS FUELHH
2016-11-14T03:00:00Z,Nuclear,8362.000,Elexon BMRS FUELHH
2016-11-14T03:00:00Z,Other,2004.000,Elexon BMRS FUELHH
2016-11-14T03:00:00Z,Pumped Storage,-2254.000,Elexon BMRS FUELHH
2016-11-14T03:00:00Z,Wind,3123.000,Elexon BMRS FUELHH
2016-11-14T03:30:00Z,Coal,1024.000,Elexon BMRS FUELHH
2016-11-14T03:30:00Z,Gas,11020.000,Elexon BMRS FUELHH
2016-11-14T03:30:00Z,Hydro,254.000,Elexon BMRS FUELHH
2016-11-14T03:30:00Z,Imports & Exports,378.000,Elexon BMRS FUELHH
2016-11-14T03:30:00Z,Nuclear,8368.000,Elexon BMRS FUELHH
2016-11-14T03:30:00Z,Other,2003.000,Elexon BMRS FUELHH
2016-11-14T03:30:00Z,Pumped Storage,-2234.000,Elexon BMRS FUELHH
2016-11-14T03:30:00Z,Wind,2977.000,Elexon BMRS FUELHH
2016-11-14T04:00:00Z,Coal,1116.000,Elexon BMRS FUELHH
2016-11-14T04:00:00Z,Gas,11524.000,Elexon BMRS FUELHH
2016-11-14T04:00:00Z,Hydro,275.000,Elexon BMRS FUELHH
2016-11-14T04:00:00Z,Imports & Exports,-334.000,Elexon BMRS FUELHH
2016-11-14T04:00:00Z,Nuclear,8371.000,Elexon BMRS FUELHH
2016-11-14T04:00:00Z,Other,2004.000,Elexon BMRS FUELHH
2016-11-14T04:00:00Z,Pumped Storage,-2222.000,Elexon BMRS FUELHH
2016-11-14T04:00:00Z,Wind,2867.000,Elexon BMRS FUELHH
2016-11-14T04:30:00Z,Coal,1139.000,Elexon BMRS FUELHH
2016-11-14T04:30:00Z,Gas,11458.000,Elexon BMRS FUELHH
2016-11-14T04:30:00Z,Hydro,282.000,Elexon BMRS FUELHH
2016-11-14T04:30:00Z,Imports & Exports,-332.000,Elexon BMRS FUELHH
2016-11-14T04:30:00Z,Nuclear,8382.000,Elexon BMRS FUELHH
2016-11-14T04:30:00Z,Other,2004.000,Elexon BMRS FUELHH
2016-11-14T04:30:00Z,Pumped Storage,-2214.000,Elexon BMRS FUELHH
2016-11-14T04:30:00Z,Wind,3113.000,Elexon BMRS FUELHH
2016-11-14T05:00:00Z,Coal,1278.000,Elexon BMRS FUELHH
2016-11-14T05:00:00Z,Gas,11987.000,Elexon BMRS FUELHH
2016-11-14T05:00:00Z,Hydro,296.000,Elexon BMRS FUELHH
2016-11-14T05:00:00Z,Imports & Exports,-420.000,Elexon BMRS FUELHH
2016-11-14T05:00:00Z,Nuclear,8379.000,Elexon BMRS FUELHH
2016-11-14T05:00:00Z,Other,2002.000,Elexon BMRS FUELHH
2016-11-14T05:00:00Z,Pumped Storage,-2072.000,Elexon BMRS FUELHH
2016-11-14T05:00:00Z,Wind,3190.000,Elexon BMRS FUELHH
2016-11-14T05:30:00Z,Coal,1399.000,Elexon BMRS FUELHH
2016-11-14T05:30:00Z,Gas,12840.000,Elexon BMRS FUELHH
2016-11-14T05:30:00Z,Hydro,300.000,Elexon BMRS FUELHH
2016-11-14T05:30:00Z,Imports & Exports,-564.000,Elexon BMRS FUELHH
2016-11-14T05:30:00Z,Nuclear,8381.000,Elexon BMRS FUELHH
2016-11-14T05:30:00Z,Other,2005.000,Elexon BMRS FUELHH
2016-11-14T05:30:00Z,Pumped Storage,-1322.000,Elexon BMRS FUELHH
2016-11-14T05:30:00Z,Wind,3067.000,Elexon BMRS FUELHH
2016-11-14T06:00:00Z,Coal,2065.000,Elexon BMRS FUELHH
2016-11-14T06:00:00Z,Gas,15457.000,Elexon BMRS FUELHH
2016-11-14T06:00:00Z,Hydro,318.000,Elexon BMRS FUELHH
2016-11-14T06:00:00Z,Imports & Exports,-1418.000,Elexon BMRS FUELHH
2016-11-14T06:00:00Z,Nuclear,8380.000,Elexon BMRS FUELHH
2016-11-14T06:00:00Z,Other,2012.000,Elexon BMRS FUELHH
2016-11-14T06:00:00Z,Pumped Storage,-192.000,Elexon BMRS FUELHH
2016-11-14T06:00:00Z,Wind,3065.000,Elexon BMRS FUELHH
2016-11-14T06:30:00Z,Coal,2493.000,Elexon BMRS FUELHH
2016-11-14T06:30:00Z,Gas,17687.000,Elexon BMRS FUELHH
2016-11-14T06:30:00Z,Hydro,327.000,Elexon BMRS FUELHH
2016-11-14T06:30:00Z,Imports & Exports,-1422.000,Elexon BMRS FUELHH
2016-11-14T06:30:00Z,Nuclear,8382.000,Elexon BMRS FUELHH
2016-11-14T06:30:00Z,Other,2016.000,Elexon BMRS FUELHH
2016-11-14T06:30:00Z,Pumped Storage,190.000,Elexon BMRS FUELHH
2016-11-14T06:30:00Z,Wind,3463.000,Elexon BMRS FUELHH
2016-11-14T07:00:00Z,Coal,2874.000,Elexon BMRS FUELHH
2016-11-14T07:00:00Z,Gas,20337.000,Elexon BMRS FUELHH
2016-11-14T07:00:00Z,Hydro,440.000,Elexon BMRS FUELHH
2016-11-14T07:00:00Z,Imports & Exports,-1138.000,Elexon BMRS FUELHH
2016-11-14T07:00:00Z,Nuclear,8380.000,Elexon BMRS FUELHH
2016-11-14T07:00:00Z,Other,2016.000,Elexon BMRS FUELHH
2016-11-14T07:00:00Z,Pumped Storage,582.000,Elexon BMRS FUELHH
2016-11-14T07:00:00Z,Wind,3499.000,Elexon BMRS FUELHH
2016-11-14T07:30:00Z,Coal,3681.000,Elexon BMRS FUELHH
2016-11-14T07:30:00Z,Gas,21214.000,Elexon BMRS FUELHH
2016-11-14T07:30:00Z,Hydro,390.000,Elexon BMRS FUELHH
2016-11-14T07:30:00Z,Imports & Exports,-1102.000,Elexon BMRS FUELHH
2016-11-14T07:30:00Z,Nuclear,8386.000,Elexon BMRS FUELHH
2016-11-14T07:30:00Z,Other,2015.000,Elexon BMRS FUELHH
2016-11-14T07:30:00Z,Pumped Storage,332.000,Elexon BMRS FUELHH
2016-11-14T07:30:00Z,Wind,3536.000,Elexon BMRS FUELHH
2016-11-14T08:00:00Z,Coal,4077.000,Elexon BMRS FUELHH
2016-11-14T08:00:00Z,Gas,21301.000,Elexon BMRS FUELHH
2016-11-14T08:00:00Z,Hydro,368.000,Elexon BMRS FUELHH
2016-11-14T08:00:00Z,Imports & Exports,-1134.000,Elexon BMRS FUELHH
2016-11-14T08:00:00Z,Nuclear,8380.000,Elexon BMRS FUELHH
2016-11-14T08:00:00Z,Other,2011.000,Elexon BMRS FUELHH
2016-11-14T08:00:00Z,Pumped Storage,386.000,Elexon BMRS FUELHH
2016-11-14T08:00:00Z,Wind,4001.000,Elexon BMRS FUELHH
2016-11-14T08:30:00Z,Coal,4176.000,Elexon BMRS FUELHH
2016-11-14T08:30:00Z,Gas,21277.000,Elexon BMRS FUELHH
2016-11-14T08:30:00Z,Hydro,349.000,Elexon BMRS FUELHH
2016-11-14T08:30:00Z,Imports & Exports,-1174.000,Elexon BMRS FUELHH
2016-11-14T08:30:00Z,Nuclear,8383.000,Elexon BMRS FUELHH
2016-11-14T08:30:00Z,Other,2013.000,Elexon BMRS FUELHH
2016-11-14T08:30:00Z,Pumped Storage,350.000,Elexon BMRS FUELHH
2016-11-14T08:30:00Z,Wind,4130.000,Elexon BMRS FUELHH
2016-11-14T09:00:00Z,Coal,4106.000,Elexon BMRS FUELHH
2016-11-14T09:00:00Z,Gas,21724.000,Elexon BMRS FUELHH
2016-11-14T09:00:00Z,Hydro,405.000,Elexon BMRS FUELHH
2016-11-14T09:00:00Z,Imports & Exports,-1368.000,Elexon BMRS FUELHH
2016-11-14T09:00:00Z,Nuclear,8376.000,Elexon BMRS FUELHH
2016-11-14T09:00:00Z,Other,2011.000,Elexon BMRS FUELHH
2016-11-14T09:00:00Z,Pumped Storage,386.000,Elexon BMRS FUELHH
2016-11-14T09:00:00Z,Wind,4344.000,Elexon BMRS FUELHH
2016-11-14T09:30:00Z,Coal,4159.000,Elexon BMRS FUELHH
2016-11-14T09:30:00Z,Gas,21810.000,Elexon BMRS FUELHH
2016-11-14T09:30:00Z,Hydro,448.000,Elexon BMRS FUELHH
2016-11-14T09:30:00Z,Imports & Exports,-1460.000,Elexon BMRS FUELHH
2016-11-14T09:30:00Z,Nuclear,8374.000,Elexon BMRS FUELHH
2016-11-14T09:30:00Z,Other,2001.000,Elexon BMRS FUELHH
2016-11-14T09:30:00Z,Pumped Storage,380.000,Elexon BMRS FUELHH
2016-11-14T09:30:00Z,Wind,4497.000,Elexon BMRS FUELHH
2016-11-14T10:00:00Z,Coal,4201.000,Elexon BMRS FUELHH
2016-11-14T10:00:00Z,Gas,21525.000,Elexon BMRS FUELHH
2016-11-14T10:00:00Z,Hydro,655.000,Elexon BMRS FUELHH
2016-11-14T10:00:00Z,Imports & Exports,-1834.000,Elexon BMRS FUELHH
2016-11-14T10:00:00Z,Nuclear,8370.000,Elexon BMRS FUELHH
2016-11-14T10:00:00Z,Other,2019.000,Elexon BMRS FUELHH
2016-11-14T10:00:00Z,Pumped Storage,446.000,Elexon BMRS FUELHH
2016-11-14T10:00:00Z,Wind,4568.000,Elexon BMRS FUELHH
2016-11-14T10:30:00Z,Coal,4218.000,Elexon BMRS FUELHH
2016-11-14T10:30:00Z,Gas,21559.000,Elexon BMRS FUELHH
2016-11-14T10:30:00Z,Hydro,652.000,Elexon BMRS FUELHH
2016-11-14T10:30:00Z,Imports & Exports,-1814.000,Elexon BMRS FUELHH
2016-11-14T10:30:00Z,Nuclear,8369.000,Elexon BMRS FUELHH
2016-11-14T10:30:00Z,Other,2013.000,Elexon BMRS FUELHH
2016-11-14T10:30:00Z,Pumped Storage,450.000,Elexon BMRS FUELHH
2016-11-14T10:30:00Z,Wind,4556.000,Elexon BMRS FUELHH
2016-11-14T11:00:00Z,Coal,4232.000,Elexon BMRS FUELHH
2016-11-14T11:00:00Z,Gas,21764.000,Elexon BMRS FUELHH
2016-11-14T11:00:00Z,Hydro,613.000,Elexon BMRS FUELHH
2016-11-14T11:00:00Z,Imports & Exports,-1560.000,Elexon BMRS FUELHH
2016-11-14T11:00:00Z,Nuclear,8373.000,Elexon BMRS FUELHH
2016-11-14T11:00:00Z,Other,1962.000,Elexon BMRS FUELHH
2016-11-14T11:00:00Z,Pumped Storage,434.000,Elexon BMRS FUELHH
2016-11-14T11:00:00Z,Wind,4461.000,Elexon BMRS FUELHH
2016-11-14T11:30:00Z,Coal,4211.000,Elexon BMRS FUELHH
2016-11-14T11:30:00Z,Gas,21972.000,Elexon BMRS FUELHH
2016-11-14T11:30:00Z,Hydro,609.000,Elexon BMRS FUELHH
2016-11-14T11:30:00Z,Imports & Exports,-1572.000,Elexon BMRS FUELHH
2016-11-14T11:30:00Z,Nuclear,8373.000,Elexon BMRS FUELHH
2016-11-14T11:30:00Z,Other,1962.000,Elexon BMRS FUELHH
2016-11-14T11:30:00Z,Pumped Storage,514.000,Elexon BMRS FUELHH
2016-11-14T11:30:00Z,Wind,4489.000,Elexon BMRS FUELHH
2016-11-14T12:00:00Z,Coal,4060.000,Elexon BMRS FUELHH
2016-11-14T12:00:00Z,Gas,22248.000,Elexon BMRS FUELHH
2016-11-14T12:00:00Z,Hydro,611.000,Elexon BMRS FUELHH
2016-11-14T12:00:00Z,Imports & Exports,-1420.000,Elexon BMRS FUELHH
2016-11-14T12:00:00Z,Nuclear,8376.000,Elexon BMRS FUELHH
2016-11-14T12:00:00Z,Other,1916.000,Elexon BMRS FUELHH
2016-11-14T12:00:00Z,Pumped Storage,420.000,Elexon BMRS FUELHH
2016-11-14T12:00:00Z,Wind,4463.000,Elexon BMRS FUELHH
2016-11-14T12:30:00Z,Coal,4148.000,Elexon BMRS FUELHH
2016-11-14T12:30:00Z,Gas,22100.000,Elexon BMRS FUELHH
2016-11-14T12:30:00Z,Hydro,610.000,Elexon BMRS FUELHH
2016-11-14T12:30:00Z,Imports & Exports,-1396.000,Elexon BMRS FUELHH
2016-11-14T12:30:00Z,Nuclear,8377.000,Elexon BMRS FUELHH
2016-11-14T12:30:00Z,Other,1926.000,Elexon BMRS FUELHH
2016-11-14T12:30:00Z,Pumped Storage,452.000,Elexon BMRS FUELHH
2016-11-14T12:30:00Z,Wind,4397.000,Elexon BMRS FUELHH
2016-11-14T13:00:00Z,Coal,4197.000,Elexon BMRS FUELHH
2016-11-14T13:00:00Z,Gas,21574.000,Elexon BMRS FUELHH
2016-11-14T13:00:00Z,Hydro,476.000,Elexon BMRS FUELHH
2016-11-14T13:00:00Z,Imports & Exports,-962.000,Elexon BMRS FUELHH
2016-11-14T13:00:00Z,Nuclear,8386.000,Elexon BMRS FUELHH
2016-11-14T13:00:00Z,Other,1963.000,Elexon BMRS FUELHH
2016-11-14T13:00:00Z,Pumped Storage,354.000,Elexon BMRS FUELHH
2016-11-14T13:00:00Z,Wind,4600.000,Elexon BMRS FUELHH
2016-11-14T13:30:00Z,Coal,4123.000,Elexon BMRS FUELHH
2016-11-14T13:30:00Z,Gas,21454.000,Elexon BMRS FUELHH
2016-11-14T13:30:00Z,Hydro,477.000,Elexon BMRS FUELHH
2016-11-14T13:30:00Z,Imports & Exports,-810.000,Elexon BMRS FUELHH
2016-11-14T13:30:00Z,Nuclear,8378.000,Elexon BMRS FUELHH
2016-11-14T13:30:00Z,Other,1960.000,Elexon BMRS FUELHH
2016-11-14T13:30:00Z,Pumped Storage,390.000,Elexon BMRS FUELHH
2016-11-14T13:30:00Z,Wind,4676.000,Elexon BMRS FUELHH
2016-11-14T14:00:00Z,Coal,4466.000,Elexon BMRS FUELHH
2016-11-14T14:00:00Z,Gas,21236.000,Elexon BMRS FUELHH
2016-11-14T14:00:00Z,Hydro,481.000,Elexon BMRS FUELHH
2016-11-14T14:00:00Z,Imports & Exports,-764.000,Elexon BMRS FUELHH
2016-11-14T14:00:00Z,Nuclear,8384.000,Elexon BMRS FUELHH
2016-11-14T14:00:00Z,Other,1971.000,Elexon BMRS FUELHH
2016-11-14T14:00:00Z,Pumped Storage,486.000,Elexon BMRS FUELHH
2016-11-14T14:00:00Z,Wind,4629.000,Elexon BMRS FUELHH
2016-11-14T14:30:00Z,Coal,4996.000,Elexon BMRS FUELHH
2016-11-14T14:30:00Z,Gas,20737.000,Elexon BMRS FUELHH
2016-11-14T14:30:00Z,Hydro,483.000,Elexon BMRS FUELHH
2016-11-14T14:30:00Z,Imports & Exports,-764.000,Elexon BMRS FUELHH
2016-11-14T14:30:00Z,Nuclear,8388.000,Elexon BMRS FUELHH
2016-11-14T14:30:00Z,Other,2019.000,Elexon BMRS FUELHH
2016-11-14T14:30:00Z,Pumped Storage,366.000,Elexon BMRS FUELHH
2016-11-14T14:30:00Z,Wind,4582.000,Elexon BMRS FUELHH
2016-11-14T15:00:00Z,Coal,5378.000,Elexon BMRS FUELHH
2016-11-14T15:00:00Z,Gas,19723.000,Elexon BMRS FUELHH
2016-11-14T15:00:00Z,Hydro,629.000,Elexon BMRS FUELHH
2016-11-14T15:00:00Z,Imports & Exports,-402.000,Elexon BMRS FUELHH
2016-11-14T15:00:00Z,Nuclear,8389.000,Elexon BMRS FUELHH
2016-11-14T15:00:00Z,Other,2027.000,Elexon BMRS FUELHH
2016-11-14T15:00:00Z,Pumped Storage,330.000,Elexon BMRS FUELHH
2016-11-14T15:00:00Z,Wind,4650.000,Elexon BMRS FUELHH
2016-11-14T15:30:00Z,Coal,5756.000,Elexon BMRS FUELHH
2016-11-14T15:30:00Z,Gas,20251.000,Elexon BMRS FUELHH
2016-11-14T15:30:00Z,Hydro,643.000,Elexon BMRS FUELHH
2016-11-14T15:30:00Z,Imports & Exports,-272.000,Elexon BMRS FUELHH
2016-11-14T15:30:00Z,Nuclear,8384.000,Elexon BMRS FUELHH
2016-11-14T15:30:00Z,Other,2043.000,Elexon BMRS FUELHH
2016-11-14T15:30:00Z,Pumped Storage,350.000,Elexon BMRS FUELHH
2016-11-14T15:30:00Z,Wind,4688.000,Elexon BMRS FUELHH
2016-11-14T16:00:00Z,Coal,6045.000,Elexon BMRS FUELHH
2016-11-14T16:00:00Z,Gas,20189.000,Elexon BMRS FUELHH
2016-11-14T16:00:00Z,Hydro,663.000,Elexon BMRS FUELHH
2016-11-14T16:00:00Z,Imports & Exports,1378.000,Elexon BMRS FUELHH
2016-11-14T16:00:00Z,Nuclear,8388.000,Elexon BMRS FUELHH
2016-11-14T16:00:00Z,Other,2040.000,Elexon BMRS FUELHH
2016-11-14T16:00:00Z,Pumped Storage,354.000,Elexon BMRS FUELHH
2016-11-14T16:00:00Z,Wind,4674.000,Elexon BMRS FUELHH
2016-11-14T16:30:00Z,Coal,6367.000,Elexon BMRS FUELHH
2016-11-14T16:30:00Z,Gas,21681.000,Elexon BMRS FUELHH
2016-11-14T16:30:00Z,Hydro,686.000,Elexon BMRS FUELHH
2016-11-14T16:30:00Z,Imports & Exports,1442.000,Elexon BMRS FUELHH
2016-11-14T16:30:00Z,Nuclear,8384.000,Elexon BMRS FUELHH
2016-11-14T16:30:00Z,Other,2036.000,Elexon BMRS FUELHH
2016-11-14T16:30:00Z,Pumped Storage,544.000,Elexon BMRS FUELHH
2016-11-14T16:30:00Z,Wind,4716.000,Elexon BMRS FUELHH
2016-11-14T17:00:00Z,Coal,7069.000,Elexon BMRS FUELHH
2016-11-14T17:00:00Z,Gas,22200.000,Elexon BMRS FUELHH
2016-11-14T17:00:00Z,Hydro,787.000,Elexon BMRS FUELHH
2016-11-14T17:00:00Z,Imports & Exports,152.000,Elexon BMRS FUELHH
2016-11-14T17:00:00Z,Nuclear,8385.000,Elexon BMRS FUELHH
2016-11-14T17:00:00Z,Other,2041.000,Elexon BMRS FUELHH
2016-11-14T17:00:00Z,Pumped Storage,948.000,Elexon BMRS FUELHH
2016-11-14T17:00:00Z,Wind,4818.000,Elexon BMRS FUELHH
2016-11-14T17:30:00Z,Coal,6991.000,Elexon BMRS FUELHH
2016-11-14T17:30:00Z,Gas,22170.000,Elexon BMRS FUELHH
2016-11-14T17:30:00Z,Hydro,800.000,Elexon BMRS FUELHH
2016-11-14T17:30:00Z,Imports & Exports,-74.000,Elexon BMRS FUELHH
2016-11-14T17:30:00Z,Nuclear,8389.000,Elexon BMRS FUELHH
2016-11-14T17:30:00Z,Other,2023.000,Elexon BMRS FUELHH
2016-11-14T17:30:00Z,Pumped Storage,1120.000,Elexon BMRS FUELHH
2016-11-14T17:30:00Z,Wind,4613.000,Elexon BMRS FUELHH
2016-11-14T18:00:00Z,Coal,6773.000,Elexon BMRS FUELHH
2016-11-14T18:00:00Z,Gas,22602.000,Elexon BMRS FUELHH
2016-11-14T18:00:00Z,Hydro,800.000,Elexon BMRS FUELHH
2016-11-14T18:00:00Z,Imports & Exports,-642.000,Elexon BMRS FUELHH
2016-11-14T18:00:00Z,Nuclear,8393.000,Elexon BMRS FUELHH
2016-11-14T18:00:00Z,Other,2005.000,Elexon BMRS FUELHH
2016-11-14T18:00:00Z,Pumped Storage,870.000,Elexon BMRS FUELHH
2016-11-14T18:00:00Z,Wind,4674.000,Elexon BMRS FUELHH
2016-11-14T18:30:00Z,Coal,6223.000,Elexon BMRS FUELHH
2016-11-14T18:30:00Z,Gas,22362.000,Elexon BMRS FUELHH
2016-11-14T18:30:00Z,Hydro,762.000,Elexon BMRS FUELHH
2016-11-14T18:30:00Z,Imports & Exports,-510.000,Elexon BMRS FUELHH
2016-11-14T18:30:00Z,Nuclear,8391.000,Elexon BMRS FUELHH
2016-11-14T18:30:00Z,Other,1987.000,Elexon BMRS FUELHH
2016-11-14T18:30:00Z,Pumped Storage,594.000,Elexon BMRS FUELHH
2016-11-14T18:30:00Z,Wind,4908.000,Elexon BMRS FUELHH
2016-11-14T19:00:00Z,Coal,5922.000,Elexon BMRS FUELHH
2016-11-14T19:00:00Z,Gas,22212.000,Elexon BMRS FUELHH
2016-11-14T19:00:00Z,Hydro,580.000,Elexon BMRS FUELHH
2016-11-14T19:00:00Z,Imports & Exports,-1022.000,Elexon BMRS FUELHH
2016-11-14T19:00:00Z,Nuclear,8393.000,Elexon BMRS FUELHH
2016-11-14T19:00:00Z,Other,1976.000,Elexon BMRS FUELHH
2016-11-14T19:00:00Z,Pumped Storage,676.000,Elexon BMRS FUELHH
2016-11-14T19:00:00Z,Wind,4987.000,Elexon BMRS FUELHH
2016-11-14T19:30:00Z,Coal,5490.000,Elexon BMRS FUELHH
2016-11-14T19:30:00Z,Gas,21343.000,Elexon BMRS FUELHH
2016-11-14T19:30:00Z,Hydro,423.000,Elexon BMRS FUELHH
2016-11-14T19:30:00Z,Imports & Exports,-1006.000,Elexon BMRS FUELHH
2016-11-14T19:30:00Z,Nuclear,8390.000,Elexon BMRS FUELHH
2016-11-14T19:30:00Z,Other,2026.000,Elexon BMRS FUELHH
2016-11-14T19:30:00Z,Pumped Storage,512.000,Elexon BMRS FUELHH
2016-11-14T19:30:00Z,Wind,5100.000,Elexon BMRS FUELHH
2016-11-14T20:00:00Z,Coal,4694.000,Elexon BMRS FUELHH
2016-11-14T20:00:00Z,Gas,20654.000,Elexon BMRS FUELHH
2016-11-14T20:00:00Z,Hydro,400.000,Elexon BMRS FUELHH
2016-11-14T20:00:00Z,Imports & Exports,-1154.000,Elexon BMRS FUELHH
2016-11-14T20:00:00Z,Nuclear,8388.000,Elexon BMRS FUELHH
2016-11-14T20:00:00Z,Other,2043.000,Elexon BMRS FUELHH
2016-11-14T20:00:00Z,Pumped Storage,624.000,Elexon BMRS FUELHH
2016-11-14T20:00:00Z,Wind,5189.000,Elexon BMRS FUELHH
2016-11-14T20:30:00Z,Coal,3632.000,Elexon BMRS FUELHH
2016-11-14T20:30:00Z,Gas,20336.000,Elexon BMRS FUELHH
2016-11-14T20:30:00Z,Hydro,383.000,Elexon BMRS FUELHH
2016-11-14T20:30:00Z,Imports & Exports,-1254.000,Elexon BMRS FUELHH
2016-11-14T20:30:00Z,Nuclear,8393.000,Elexon BMRS FUELHH
2016-11-14T20:30:00Z,Other,2042.000,Elexon BMRS FUELHH
2016-11-14T20:30:00Z,Pumped Storage,550.000,Elexon BMRS FUELHH
2016-11-14T20:30:00Z,Wind,5131.000,Elexon BMRS FUELHH
2016-11-14T21:00:00Z,Coal,2976.000,Elexon BMRS FUELHH
2016-11-14T21:00:00Z,Gas,18885.000,Elexon BMRS FUELHH
2016-11-14T21:00:00Z,Hydro,354.000,Elexon BMRS FUELHH
2016-11-14T21:00:00Z,Imports & Exports,-1446.000,Elexon BMRS FUELHH
2016-11-14T21:00:00Z,Nuclear,8391.000,Elexon BMRS FUELHH
2016-11-14T21:00:00Z,Other,2042.000,Elexon BMRS FUELHH
2016-11-14T21:00:00Z,Pumped Storage,606.000,Elexon BMRS FUELHH
2016-11-14T21:00:00Z,Wind,5299.000,Elexon BMRS FUELHH
2016-11-14T21:30:00Z,Coal,2947.000,Elexon BMRS FUELHH
2016-11-14T21:30:00Z,Gas,17035.000,Elexon BMRS FUELHH
2016-11-14T21:30:00Z,Hydro,346.000,Elexon BMRS FUELHH
2016-11-14T21:30:00Z,Imports & Exports,-1164.000,Elexon BMRS FUELHH
2016-11-14T21:30:00Z,Nuclear,8389.000,Elexon BMRS FUELHH
2016-11-14T21:30:00Z,Other,2041.000,Elexon BMRS FUELHH
2016-11-14T21:30:00Z,Pumped Storage,512.000,Elexon BMRS FUELHH
2016-11-14T21:30:00Z,Wind,4945.000,Elexon BMRS FUELHH
2016-11-14T22:00:00Z,Coal,2531.000,Elexon BMRS FUELHH
2016-11-14T22:00:00Z,Gas,15108.000,Elexon BMRS FUELHH
2016-11-14T22:00:00Z,Hydro,337.000,Elexon BMRS FUELHH
2016-11-14T22:00:00Z,Imports & Exports,-974.000,Elexon BMRS FUELHH
2016-11-14T22:00:00Z,Nuclear,8389.000,Elexon BMRS FUELHH
2016-11-14T22:00:00Z,Other,2040.000,Elexon BMRS FUELHH
2016-11-14T22:00:00Z,Pumped Storage,408.000,Elexon BMRS FUELHH
2016-11-14T22:00:00Z,Wind,4869.000,Elexon BMRS FUELHH
2016-11-14T22:30:00Z,Coal,2015.000,Elexon BMRS FUELHH
2016-11-14T22:30:00Z,Gas,13734.000,Elexon BMRS FUELHH
2016-11-14T22:30:00Z,Hydro,331.000,Elexon BMRS FUELHH
2016-11-14T22:30:00Z,Imports & Exports,-892.000,Elexon BMRS FUELHH
2016-11-14T22:30:00Z,Nuclear,8385.000,Elexon BMRS FUELHH
2016-11-14T22:30:00Z,Other,2041.000,Elexon BMRS FUELHH
2016-11-14T22:30:00Z,Pumped Storage,308.000,Elexon BMRS FUELHH
2016-11-14T22:30:00Z,Wind,4838.000,Elexon BMRS FUELHH
2016-11-14T23:00:00Z,Coal,1895.000,Elexon BMRS FUELHH
2016-11-14T23:00:00Z,Gas,12259.000,Elexon BMRS FUELHH
2016-11-14T23:00:00Z,Hydro,320.000,Elexon BMRS FUELHH
2016-11-14T23:00:00Z,Imports & Exports,-902.000,Elexon BMRS FUELHH
2016-11-14T23:00:00Z,Nuclear,8389.000,Elexon BMRS FUELHH
2016-11-14T23:00:00Z,Other,2025.000,Elexon BMRS FUELHH
2016-11-14T23:00:00Z,Pumped Storage,-144.000,Elexon BMRS FUELHH
2016-11-14T23:00:00Z,Wind,4803.000,Elexon BMRS FUELHH
2016-11-14T23:30:00Z,Coal,1658.000,Elexon BMRS FUELHH
2016-11-14T23:30:00Z,Gas,11900.000,Elexon BMRS FUELHH
2016-11-14T23:30:00Z,Hydro,321.000,Elexon BMRS FUELHH
2016-11-14T23:30:00Z,Imports & Exports,-896.000,Elexon BMRS FUELHH
2016-11-14T23:30:00Z,Nuclear,8391.000,Elexon BMRS FUELHH
2016-11-14T23:30:00Z,Other,1993.000,Elexon BMRS FUELHH
2016-11-14T23:30:00Z,Pumped Storage,-892.000,Elexon BMRS FUELHH
2016-11-14T23:30:00Z,Wind,4677.000,Elexon BMRS FUELHH
2016-11-15T00:00:00Z,Coal,1666.000,Elexon BMRS FUELHH
2016-11-15T00:00:00Z,Gas,11845.000,Elexon BMRS FUELHH
2016-11-15T00:00:00Z,Hydro,314.000,Elexon BMRS FUELHH
2016-11-15T00:00:00Z,Imports & Exports,-800.000,Elexon BMRS FUELHH
2016-11-15T00:00:00Z,Nuclear,8390.000,Elexon BMRS FUELHH
2016-11-15T00:00:00Z,Other,2034.000,Elexon BMRS FUELHH
2016-11-15T00:00:00Z,Pumped Storage,-1556.000,Elexon BMRS FUELHH
2016-11-15T00:00:00Z,Wind,4739.000,Elexon BMRS FUELHH
2016-11-15T00:30:00Z,Coal,1822.000,Elexon BMRS FUELHH
2016-11-15T00:30:00Z,Gas,11796.000,Elexon BMRS FUELHH
2016-11-15T00:30:00Z,Hydro,294.000,Elexon BMRS FUELHH
2016-11-15T00:30:00Z,Imports & Exports,-796.000,Elexon BMRS FUELHH
2016-11-15T00:30:00Z,Nuclear,8389.000,Elexon BMRS FUELHH
2016-11-15T00:30:00Z,Other,2035.000,Elexon BMRS FUELHH
2016-11-15T00:30:00Z,Pumped Storage,-1580.000,Elexon BMRS FUELHH
2016-11-15T00:30:00Z,Wind,4744.000,Elexon BMRS FUELHH
2016-11-15T01:00:00Z,Coal,1906.000,Elexon BMRS FUELHH
2016-11-15T01:00:00Z,Gas,11655.000,Elexon BMRS FUELHH
2016-11-15T01:00:00Z,Hydro,273.000,Elexon BMRS FUELHH
2016-11-15T01:00:00Z,Imports & Exports,-884.000,Elexon BMRS FUELHH
2016-11-15T01:00:00Z,Nuclear,8388.000,Elexon BMRS FUELHH
2016-11-15T01:00:00Z,Other,2039.000,Elexon BMRS FUELHH
2016-11-15T01:00:00Z,Pumped Storage,-1728.000,Elexon BMRS FUELHH
2016-11-15T01:00:00Z,Wind,4668.000,Elexon BMRS FUELHH
2016-11-15T01:30:00Z,Coal,1876.000,Elexon BMRS FUELHH
2016-11-15T01:30:00Z,Gas,11076.000,Elexon BMRS FUELHH
2016-11-15T01:30:00Z,Hydro,271.000,Elexon BMRS FUELHH
2016-11-15T01:30:00Z,Imports & Exports,-944.000,Elexon BMRS FUELHH
2016-11-15T01:30:00Z,Nuclear,8393.000,Elexon BMRS FUELHH
2016-11-15T01:30:00Z,Other,2034.000,Elexon BMRS FUELHH
2016-11-15T01:30:00Z,Pumped Storage,-1842.000,Elexon BMRS FUELHH
2016-11-15T01:30:00Z,Wind,4796.000,Elexon BMRS FUELHH
2016-11-15T02:00:00Z,Coal,1862.000,Elexon BMRS FUELHH
2016-11-15T02:00:00Z,Gas,10460.000,Elexon BMRS FUELHH
2016-11-15T02:00:00Z,Hydro,270.000,Elexon BMRS FUELHH
2016-11-15T02:00:00Z,Imports & Exports,-1018.000,Elexon BMRS FUELHH
2016-11-15T02:00:00Z,Nuclear,8389.000,Elexon BMRS FUELHH
2016-11-15T02:00:00Z,Other,2022.000,Elexon BMRS FUELHH
2016-11-15T02:00:00Z,Pumped Storage,-1840.000,Elexon BMRS FUELHH
2016-11-15T02:00:00Z,Wind,4734.000,Elexon BMRS FUELHH
2016-11-15T02:30:00Z,Coal,1887.000,Elexon BMRS FUELHH
2016-11-15T02:30:00Z,Gas,10153.000,Elexon BMRS FUELHH
2016-11-15T02:30:00Z,Hydro,271.000,Elexon BMRS FUELHH
2016-11-15T02:30:00Z,Imports & Exports,-1050.000,Elexon BMRS FUELHH
2016-11-15T02:30:00Z,Nuclear,8383.000,Elexon BMRS FUELHH
2016-11-15T02:30:00Z,Other,2018.000,Elexon BMRS FUELHH
2016-11-15T02:30:00Z,Pumped Storage,-1856.000,Elexon BMRS FUELHH
2016-11-15T02:30:00Z,Wind,4648.000,Elexon BMRS FUELHH
2016-11-15T03:00:00Z,Coal,1887.000,Elexon BMRS FUELHH
2016-11-15T03:00:00Z,Gas,10076.000,Elexon BMRS FUELHH
2016-11-15T03:00:00Z,Hydro,272.000,Elexon BMRS FUELHH
2016-11-15T03:00:00Z,Imports & Exports,-1608.000,Elexon BMRS FUELHH
2016-11-15T03:00:00Z,Nuclear,8386.000,Elexon BMRS FUELHH
2016-11-15T03:00:00Z,Other,2035.000,Elexon BMRS FUELHH
2016-11-15T03:00:00Z,Pumped Storage,-1884.000,Elexon BMRS FUELHH
2016-11-15T03:00:00Z,Wind,4695.000,Elexon BMRS FUELHH
2016-11-15T03:30:00Z,Coal,1883.000,Elexon BMRS FUELHH
2016-11-15T03:30:00Z,Gas,9820.000,Elexon BMRS FUELHH
2016-11-15T03:30:00Z,Hydro,271.000,Elexon BMRS FUELHH
2016-11-15T03:30:00Z,Imports & Exports,-1644.000,Elexon BMRS FUELHH
2016-11-15T03:30:00Z,Nuclear,8389.000,Elexon BMRS FUELHH
2016-11-15T03:30:00Z,Other,2021.000,Elexon BMRS FUELHH
2016-11-15T03:30:00Z,Pumped Storage,-1906.000,Elexon BMRS FUELHH
2016-11-15T03:30:00Z,Wind,4563.000,Elexon BMRS FUELHH
2016-11-15T04:00:00Z,Coal,1893.000,Elexon BMRS FUELHH
2016-11-15T04:00:00Z,Gas,9834.000,Elexon BMRS FUELHH
2016-11-15T04:00:00Z,Hydro,269.000,Elexon BMRS FUELHH
2016-11-15T04:00:00Z,Imports & Exports,-1840.000,Elexon BMRS FUELHH
2016-11-15T04:00:00Z,Nuclear,8388.000,Elexon BMRS FUELHH
2016-11-15T04:00:00Z,Other,1983.000,Elexon BMRS FUELHH
2016-11-15T04:00:00Z,Pumped Storage,-1952.000,Elexon BMRS FUELHH
2016-11-15T04:00:00Z,Wind,4696.000,Elexon BMRS FUELHH
2016-11-15T04:30:00Z,Coal,2026.000,Elexon BMRS FUELHH
2016-11-15T04:30:00Z,Gas,9543.000,Elexon BMRS FUELHH
2016-11-15T04:30:00Z,Hydro,273.000,Elexon BMRS FUELHH
2016-11-15T04:30:00Z,Imports & Exports,-1762.000,Elexon BMRS FUELHH
2016-11-15T04:30:00Z,Nuclear,8391.000,Elexon BMRS FUELHH
2016-11-15T04:30:00Z,Other,2037.000,Elexon BMRS FUELHH
2016-11-15T04:30:00Z,Pumped Storage,-1868.000,Elexon BMRS FUELHH
2016-11-15T04:30:00Z,Wind,4904.000,Elexon BMRS FUELHH
2016-11-15T05:00:00Z,Coal,2050.000,Elexon BMRS FUELHH
2016-11-15T05:00:00Z,Gas,9335.000,Elexon BMRS FUELHH
2016-11-15T05:00:00Z,Hydro,317.000,Elexon BMRS FUELHH
2016-11-15T05:00:00Z,Imports & Exports,-1252.000,Elexon BMRS FUELHH
2016-11-15T05:00:00Z,Nuclear,8399.000,Elexon BMRS FUELHH
2016-11-15T05:00:00Z,Other,2035.000,Elexon BMRS FUELHH
2016-11-15T05:00:00Z,Pumped Storage,-1110.000,Elexon BMRS FUELHH
2016-11-15T05:00:00Z,Wind,4731.000,Elexon BMRS FUELHH
2016-11-15T05:30:00Z,Coal,2384.000,Elexon BMRS FUELHH
2016-11-15T05:30:00Z,Gas,10111.000,Elexon BMRS FUELHH
2016-11-15T05:30:00Z,Hydro,317.000,Elexon BMRS FUELHH
2016-11-15T05:30:00Z,Imports & Exports,-1254.000,Elexon BMRS FUELHH
2016-11-15T05:30:00Z,Nuclear,8402.000,Elexon BMRS FUELHH
2016-11-15T05:30:00Z,Other,2013.000,Elexon BMRS FUELHH
2016-11-15T05:30:00Z,Pumped Storage,-608.000,Elexon BMRS FUELHH
2016-11-15T05:30:00Z,Wind,4636.000,Elexon BMRS FUELHH
2016-11-15T06:00:00Z,Coal,2821.000,Elexon BMRS FUELHH
2016-11-15T06:00:00Z,Gas,12799.000,Elexon BMRS FUELHH
2016-11-15T06:00:00Z,Hydro,317.000,Elexon BMRS FUELHH
2016-11-15T06:00:00Z,Imports & Exports,-1216.000,Elexon BMRS FUELHH
2016-11-15T06:00:00Z,Nuclear,8401.000,Elexon BMRS FUELHH
2016-11-15T06:00:00Z,Other,1999.000,Elexon BMRS FUELHH
2016-11-15T06:00:00Z,Pumped Storage,54.000,Elexon BMRS FUELHH
2016-11-15T06:00:00Z,Wind,4345.000,Elexon BMRS FUELHH
2016-11-15T06:30:00Z,Coal,3182.000,Elexon BMRS FUELHH
2016-11-15T06:30:00Z,Gas,15450.000,Elexon BMRS FUELHH
2016-11-15T06:30:00Z,Hydro,328.000,Elexon BMRS FUELHH
2016-11-15T06:30:00Z,Imports & Exports,-1178.000,Elexon BMRS FUELHH
2016-11-15T06:30:00Z,Nuclear,8400.000,Elexon BMRS FUELHH
2016-11-15T06:30:00Z,Other,2000.000,Elexon BMRS FUELHH
2016-11-15T06:30:00Z,Pumped Storage,120.000,Elexon BMRS FUELHH
2016-11-15T06:30:00Z,Wind,4290.000,Elexon BMRS FUELHH
2016-11-15T07:00:00Z,Coal,3969.000,Elexon BMRS FUELHH
2016-11-15T07:00:00Z,Gas,18963.000,Elexon BMRS FUELHH
2016-11-15T07:00:00Z,Hydro,526.000,Elexon BMRS FUELHH
2016-11-15T07:00:00Z,Imports & Exports,-1506.000,Elexon BMRS FUELHH
2016-11-15T07:00:00Z,Nuclear,8401.000,Elexon BMRS FUELHH
2016-11-15T07:00:00Z,Other,1981.000,Elexon BMRS FUELHH
2016-11-15T07:00:00Z,Pumped Storage,584.000,Elexon BMRS FUELHH
2016-11-15T07:00:00Z,Wind,3955.000,Elexon BMRS FUELHH
2016-11-15T07:30:00Z,Coal,4797.000,Elexon BMRS FUELHH
2016-11-15T07:30:00Z,Gas,19930.000,Elexon BMRS FUELHH
2016-11-15T07:30:00Z,Hydro,526.000,Elexon BMRS FUELHH
2016-11-15T07:30:00Z,Imports & Exports,-1548.000,Elexon BMRS FUELHH
2016-11-15T07:30:00Z,Nuclear,8404.000,Elexon BMRS FUELHH
2016-11-15T07:30:00Z,Other,1990.000,Elexon BMRS FUELHH
2016-11-15T07:30:00Z,Pumped Storage,634.000,Elexon BMRS FUELHH
2016-11-15T07:30:00Z,Wind,3604.000,Elexon BMRS FUELHH
2016-11-15T08:00:00Z,Coal,5105.000,Elexon BMRS FUELHH
2016-11-15T08:00:00Z,Gas,20376.000,Elexon BMRS FUELHH
2016-11-15T08:00:00Z,Hydro,525.000,Elexon BMRS FUELHH
2016-11-15T08:00:00Z,Imports & Exports,-1304.000,Elexon BMRS FUELHH
2016-11-15T08:00:00Z,Nuclear,8408.000,Elexon BMRS FUELHH
2016-11-15T08:00:00Z,Other,1936.000,Elexon BMRS FUELHH
2016-11-15T08:00:00Z,Pumped Storage,352.000,Elexon BMRS FUELHH
2016-11-15T08:00:00Z,Wind,3621.000,Elexon BMRS FUELHH
2016-11-15T08:30:00Z,Coal,5076.000,Elexon BMRS FUELHH
2016-11-15T08:30:00Z,Gas,20340.000,Elexon BMRS FUELHH
2016-11-15T08:30:00Z,Hydro,530.000,Elexon BMRS FUELHH
2016-11-15T08:30:00Z,Imports & Exports,-1266.000,Elexon BMRS FUELHH
2016-11-15T08:30:00Z,Nuclear,8405.000,Elexon BMRS FUELHH
2016-11-15T08:30:00Z,Other,1908.000,Elexon BMRS FUELHH
2016-11-15T08:30:00Z,Pumped Storage,356.000,Elexon BMRS FUELHH
2016-11-15T08:30:00Z,Wind,3616.000,Elexon BMRS FUELHH
2016-11-15T09:00:00Z,Coal,4965.000,Elexon BMRS FUELHH
2016-11-15T09:00:00Z,Gas,21021.000,Elexon BMRS FUELHH
2016-11-15T09:00:00Z,Hydro,635.000,Elexon BMRS FUELHH
2016-11-15T09:00:00Z,Imports & Exports,-1176.000,Elexon BMRS FUELHH
2016-11-15T09:00:00Z,Nuclear,8220.000,Elexon BMRS FUELHH
2016-11-15T09:00:00Z,Other,1868.000,Elexon BMRS FUELHH
2016-11-15T09:00:00Z,Pumped Storage,564.000,Elexon BMRS FUELHH
2016-11-15T09:00:00Z,Wind,3333.000,Elexon BMRS FUELHH
2016-11-15T09:30:00Z,Coal,4999.000,Elexon BMRS FUELHH
2016-11-15T09:30:00Z,Gas,21280.000,Elexon BMRS FUELHH
2016-11-15T09:30:00Z,Hydro,649.000,Elexon BMRS FUELHH
2016-11-15T09:30:00Z,Imports & Exports,-1172.000,Elexon BMRS FUELHH
2016-11-15T09:30:00Z,Nuclear,8403.000,Elexon BMRS FUELHH
2016-11-15T09:30:00Z,Other,1924.000,Elexon BMRS FUELHH
2016-11-15T09:30:00Z,Pumped Storage,530.000,Elexon BMRS FUELHH
2016-11-15T09:30:00Z,Wind,3008.000,Elexon BMRS FUELHH
2016-11-15T10:00:00Z,Coal,5176.000,Elexon BMRS FUELHH
2016-11-15T10:00:00Z,Gas,21417.000,Elexon BMRS FUELHH
2016-11-15T10:00:00Z,Hydro,638.000,Elexon BMRS FUELHH
2016-11-15T10:00:00Z,Imports & Exports,-1182.000,Elexon BMRS FUELHH
2016-11-15T10:00:00Z,Nuclear,8405.000,Elexon BMRS FUELHH
2016-11-15T10:00:00Z,Other,1960.000,Elexon BMRS FUELHH
2016-11-15T10:00:00Z,Pumped Storage,468.000,Elexon BMRS FUELHH
2016-11-15T10:00:00Z,Wind,2837.000,Elexon BMRS FUELHH
2016-11-15T10:30:00Z,Coal,5411.000,Elexon BMRS FUELHH
2016-11-15T10:30:00Z,Gas,20600.000,Elexon BMRS FUELHH
2016-11-15T10:30:00Z,Hydro,617.000,Elexon BMRS FUELHH
2016-11-15T10:30:00Z,Imports & Exports,-1208.000,Elexon BMRS FUELHH
2016-11-15T10:30:00Z,Nuclear,8404.000,Elexon BMRS FUELHH
2016-11-15T10:30:00Z,Other,1966.000,Elexon BMRS FUELHH
2016-11-15T10:30:00Z,Pumped Storage,730.000,Elexon BMRS FUELHH
2016-11-15T10:30:00Z,Wind,2902.000,Elexon BMRS FUELHH
2016-11-15T11:00:00Z,Coal,5832.000,Elexon BMRS FUELHH
2016-11-15T11:00:00Z,Gas,20299.000,Elexon BMRS FUELHH
2016-11-15T11:00:00Z,Hydro,564.000,Elexon BMRS FUELHH
2016-11-15T11:00:00Z,Imports & Exports,-1122.000,Elexon BMRS FUELHH
2016-11-15T11:00:00Z,Nuclear,8398.000,Elexon BMRS FUELHH
2016-11-15T11:00:00Z,Other,1966.000,Elexon BMRS FUELHH
2016-11-15T11:00:00Z,Pumped Storage,712.000,Elexon BMRS FUELHH
2016-11-15T11:00:00Z,Wind,2673.000,Elexon BMRS FUELHH
2016-11-15T11:30:00Z,Coal,5738.000,Elexon BMRS FUELHH
2016-11-15T11:30:00Z,Gas,20748.000,Elexon BMRS FUELHH
2016-11-15T11:30:00Z,Hydro,592.000,Elexon BMRS FUELHH
2016-11-15T11:30:00Z,Imports & Exports,-1156.000,Elexon BMRS FUELHH
2016-11-15T11:30:00Z,Nuclear,8400.000,Elexon BMRS FUELHH
2016-11-15T11:30:00Z,Other,1951.000,Elexon BMRS FUELHH
2016-11-15T11:30:00Z,Pumped Storage,496.000,Elexon BMRS FUELHH
2016-11-15T11:30:00Z,Wind,2672.000,Elexon BMRS FUELHH
2016-11-15T12:00:00Z,Coal,5884.000,Elexon BMRS FUELHH
2016-11-15T12:00:00Z,Gas,20330.000,Elexon BMRS FUELHH
2016-11-15T12:00:00Z,Hydro,613.000,Elexon BMRS FUELHH
2016-11-15T12:00:00Z,Imports & Exports,-700.000,Elexon BMRS FUELHH
2016-11-15T12:00:00Z,Nuclear,8402.000,Elexon BMRS FUELHH
2016-11-15T12:00:00Z,Other,1908.000,Elexon BMRS FUELHH
2016-11-15T12:00:00Z,Pumped Storage,468.000,Elexon BMRS FUELHH
2016-11-15T12:00:00Z,Wind,2685.000,Elexon BMRS FUELHH
2016-11-15T12:30:00Z,Coal,6022.000,Elexon BMRS FUELHH
2016-11-15T12:30:00Z,Gas,19997.000,Elexon BMRS FUELHH
2016-11-15T12:30:00Z,Hydro,612.000,Elexon BMRS FUELHH
2016-11-15T12:30:00Z,Imports & Exports,-636.000,Elexon BMRS FUELHH
2016-11-15T12:30:00Z,Nuclear,8397.000,Elexon BMRS FUELHH
2016-11-15T12:30:00Z,Other,1967.000,Elexon BMRS FUELHH
2016-11-15T12:30:00Z,Pumped Storage,760.000,Elexon BMRS FUELHH
2016-11-15T12:30:00Z,Wind,2575.000,Elexon BMRS FUELHH
2016-11-15T13:00:00Z,Coal,5934.000,Elexon BMRS FUELHH
2016-11-15T13:00:00Z,Gas,20347.000,Elexon BMRS FUELHH
2016-11-15T13:00:00Z,Hydro,562.000,Elexon BMRS FUELHH
2016-11-15T13:00:00Z,Imports & Exports,-998.000,Elexon BMRS FUELHH
2016-11-15T13:00:00Z,Nuclear,8398.000,Elexon BMRS FUELHH
2016-11-15T13:00:00Z,Other,1986.000,Elexon BMRS FUELHH
2016-11-15T13:00:00Z,Pumped Storage,1130.000,Elexon BMRS FUELHH
2016-11-15T13:00:00Z,Wind,2461.000,Elexon BMRS FUELHH
2016-11-15T13:30:00Z,Coal,6184.000,Elexon BMRS FUELHH
2016-11-15T13:30:00Z,Gas,20311.000,Elexon BMRS FUELHH
2016-11-15T13:30:00Z,Hydro,589.000,Elexon BMRS FUELHH
2016-11-15T13:30:00Z,Imports & Exports,-1024.000,Elexon BMRS FUELHH
2016-11-15T13:30:00Z,Nuclear,8403.000,Elexon BMRS FUELHH
2016-11-15T13:30:00Z,Other,1964.000,Elexon BMRS FUELHH
2016-11-15T13:30:00Z,Pumped Storage,1096.000,Elexon BMRS FUELHH
2016-11-15T13:30:00Z,Wind,2300.000,Elexon BMRS FUELHH
2016-11-15T14:00:00Z,Coal,6457.000,Elexon BMRS FUELHH
2016-11-15T14:00:00Z,Gas,20287.000,Elexon BMRS FUELHH
2016-11-15T14:00:00Z,Hydro,610.000,Elexon BMRS FUELHH
2016-11-15T14:00:00Z,Imports & Exports,-944.000,Elexon BMRS FUELHH
2016-11-15T14:00:00Z,Nuclear,8406.000,Elexon BMRS FUELHH
2016-11-15T14:00:00Z,Other,1973.000,Elexon BMRS FUELHH
2016-11-15T14:00:00Z,Pumped Storage,804.000,Elexon BMRS FUELHH
2016-11-15T14:00:00Z,Wind,2184.000,Elexon BMRS FUELHH
2016-11-15T14:30:00Z,Coal,6580.000,Elexon BMRS FUELHH
2016-11-15T14:30:00Z,Gas,20267.000,Elexon BMRS FUELHH
2016-11-15T14:30:00Z,Hydro,618.000,Elexon BMRS FUELHH
2016-11-15T14:30:00Z,Imports & Exports,-940.000,Elexon BMRS FUELHH
2016-11-15T14:30:00Z,Nuclear,8418.000,Elexon BMRS FUELHH
2016-11-15T14:30:00Z,Other,1967.000,Elexon BMRS FUELHH
2016-11-15T14:30:00Z,Pumped Storage,722.000,Elexon BMRS FUELHH
2016-11-15T14:30:00Z,Wind,2161.000,Elexon BMRS FUELHH
2016-11-15T15:00:00Z,Coal,6249.000,Elexon BMRS FUELHH
2016-11-15T15:00:00Z,Gas,20735.000,Elexon BMRS FUELHH
2016-11-15T15:00:00Z,Hydro,738.000,Elexon BMRS FUELHH
2016-11-15T15:00:00Z,Imports & Exports,-722.000,Elexon BMRS FUELHH
2016-11-15T15:00:00Z,Nuclear,8416.000,Elexon BMRS FUELHH
2016-11-15T15:00:00Z,Other,1955.000,Elexon BMRS FUELHH
2016-11-15T15:00:00Z,Pumped Storage,602.000,Elexon BMRS FUELHH
2016-11-15T15:00:00Z,Wind,2046.000,Elexon BMRS FUELHH
2016-11-15T15:30:00Z,Coal,6390.000,Elexon BMRS FUELHH
2016-11-15T15:30:00Z,Gas,21019.000,Elexon BMRS FUELHH
2016-11-15T15:30:00Z,Hydro,796.000,Elexon BMRS FUELHH
2016-11-15T15:30:00Z,Imports & Exports,-378.000,Elexon BMRS FUELHH
2016-11-15T15:30:00Z,Nuclear,8418.000,Elexon BMRS FUELHH
2016-11-15T15:30:00Z,Other,1986.000,Elexon BMRS FUELHH
2016-11-15T15:30:00Z,Pumped Storage,860.000,Elexon BMRS FUELHH
2016-11-15T15:30:00Z,Wind,1986.000,Elexon BMRS FUELHH
2016-11-15T16:00:00Z,Coal,6567.000,Elexon BMRS FUELHH
2016-11-15T16:00:00Z,Gas,20751.000,Elexon BMRS FUELHH
2016-11-15T16:00:00Z,Hydro,821.000,Elexon BMRS FUELHH
2016-11-15T16:00:00Z,Imports & Exports,2174.000,Elexon BMRS FUELHH
2016-11-15T16:00:00Z,Nuclear,8423.000,Elexon BMRS FUELHH
2016-11-15T16:00:00Z,Other,1989.000,Elexon BMRS FUELHH
2016-11-15T16:00:00Z,Pumped Storage,598.000,Elexon BMRS FUELHH
2016-11-15T16:00:00Z,Wind,2103.000,Elexon BMRS FUELHH
2016-11-15T16:30:00Z,Coal,6765.000,Elexon BMRS FUELHH
2016-11-15T16:30:00Z,Gas,21719.000,Elexon BMRS FUELHH
2016-11-15T16:30:00Z,Hydro,881.000,Elexon BMRS FUELHH
2016-11-15T16:30:00Z,Imports & Exports,2572.000,Elexon BMRS FUELHH
2016-11-15T16:30:00Z,Nuclear,8422.000,Elexon BMRS FUELHH
2016-11-15T16:30:00Z,Other,1934.000,Elexon BMRS FUELHH
2016-11-15T16:30:00Z,Pumped Storage,1400.000,Elexon BMRS FUELHH
2016-11-15T16:30:00Z,Wind,2117.000,Elexon BMRS FUELHH
2016-11-15T17:00:00Z,Coal,6655.000,Elexon BMRS FUELHH
2016-11-15T17:00:00Z,Gas,21970.000,Elexon BMRS FUELHH
2016-11-15T17:00:00Z,Hydro,908.000,Elexon BMRS FUELHH
2016-11-15T17:00:00Z,Imports & Exports,3092.000,Elexon BMRS FUELHH
2016-11-15T17:00:00Z,Nuclear,8418.000,Elexon BMRS FUELHH
2016-11-15T17:00:00Z,Other,1912.000,Elexon BMRS FUELHH
2016-11-15T17:00:00Z,Pumped Storage,1072.000,Elexon BMRS FUELHH
2016-11-15T17:00:00Z,Wind,2264.000,Elexon BMRS FUELHH
2016-11-15T17:30:00Z,Coal,6453.000,Elexon BMRS FUELHH
2016-11-15T17:30:00Z,Gas,21736.000,Elexon BMRS FUELHH
2016-11-15T17:30:00Z,Hydro,904.000,Elexon BMRS FUELHH
2016-11-15T17:30:00Z,Imports & Exports,3142.000,Elexon BMRS FUELHH
2016-11-15T17:30:00Z,Nuclear,8422.000,Elexon BMRS FUELHH
2016-11-15T17:30:00Z,Other,1916.000,Elexon BMRS FUELHH
2016-11-15T17:30:00Z,Pumped Storage,1144.000,Elexon BMRS FUELHH
2016-11-15T17:30:00Z,Wind,2280.000,Elexon BMRS FUELHH
2016-11-15T18:00:00Z,Coal,6386.000,Elexon BMRS FUELHH
2016-11-15T18:00:00Z,Gas,21605.000,Elexon BMRS FUELHH
2016-11-15T18:00:00Z,Hydro,869.000,Elexon BMRS FUELHH
2016-11-15T18:00:00Z,Imports & Exports,2608.000,Elexon BMRS FUELHH
2016-11-15T18:00:00Z,Nuclear,8422.000,Elexon BMRS FUELHH
2016-11-15T18:00:00Z,Other,1917.000,Elexon BMRS FUELHH
2016-11-15T18:00:00Z,Pumped Storage,1142.000,Elexon BMRS FUELHH
2016-11-15T18:00:00Z,Wind,2433.000,Elexon BMRS FUELHH
2016-11-15T18:30:00Z,Coal,6231.000,Elexon BMRS FUELHH
2016-11-15T18:30:00Z,Gas,21216.000,Elexon BMRS FUELHH
2016-11-15T18:30:00Z,Hydro,803.000,Elexon BMRS FUELHH
2016-11-15T18:30:00Z,Imports & Exports,2652.000,Elexon BMRS FUELHH
2016-11-15T18:30:00Z,Nuclear,8422.000,Elexon BMRS FUELHH
2016-11-15T18:30:00Z,Other,1902.000,Elexon BMRS FUELHH
2016-11-15T18:30:00Z,Pumped Storage,864.000,Elexon BMRS FUELHH
2016-11-15T18:30:00Z,Wind,2664.000,Elexon BMRS FUELHH
2016-11-15T19:00:00Z,Coal,6393.000,Elexon BMRS FUELHH
2016-11-15T19:00:00Z,Gas,21704.000,Elexon BMRS FUELHH
2016-11-15T19:00:00Z,Hydro,761.000,Elexon BMRS FUELHH
2016-11-15T19:00:00Z,Imports & Exports,580.000,Elexon BMRS FUELHH
2016-11-15T19:00:00Z,Nuclear,8419.000,Elexon BMRS FUELHH
2016-11-15T19:00:00Z,Other,1976.000,Elexon BMRS FUELHH
2016-11-15T19:00:00Z,Pumped Storage,1410.000,Elexon BMRS FUELHH
2016-11-15T19:00:00Z,Wind,2607.000,Elexon BMRS FUELHH
2016-11-15T19:30:00Z,Coal,6338.000,Elexon BMRS FUELHH
2016-11-15T19:30:00Z,Gas,21737.000,Elexon BMRS FUELHH
2016-11-15T19:30:00Z,Hydro,668.000,Elexon BMRS FUELHH
2016-11-15T19:30:00Z,Imports & Exports,110.000,Elexon BMRS FUELHH
2016-11-15T19:30:00Z,Nuclear,8423.000,Elexon BMRS FUELHH
2016-11-15T19:30:00Z,Other,1935.000,Elexon BMRS FUELHH
2016-11-15T19:30:00Z,Pumped Storage,788.000,Elexon BMRS FUELHH
2016-11-15T19:30:00Z,Wind,2692.000,Elexon BMRS FUELHH
2016-11-15T20:00:00Z,Coal,6233.000,Elexon BMRS FUELHH
2016-11-15T20:00:00Z,Gas,21973.000,Elexon BMRS FUELHH
2016-11-15T20:00:00Z,Hydro,649.000,Elexon BMRS FUELHH
2016-11-15T20:00:00Z,Imports & Exports,-992.000,Elexon BMRS FUELHH
2016-11-15T20:00:00Z,Nuclear,8417.000,Elexon BMRS FUELHH
2016-11-15T20:00:00Z,Other,1909.000,Elexon BMRS FUELHH
2016-11-15T20:00:00Z,Pumped Storage,614.000,Elexon BMRS FUELHH
2016-11-15T20:00:00Z,Wind,2597.000,Elexon BMRS FUELHH
2016-11-15T20:30:00Z,Coal,5214.000,Elexon BMRS FUELHH
2016-11-15T20:30:00Z,Gas,21452.000,Elexon BMRS FUELHH
2016-11-15T20:30:00Z,Hydro,581.000,Elexon BMRS FUELHH
2016-11-15T20:30:00Z,Imports & Exports,-1150.000,Elexon BMRS FUELHH
2016-11-15T20:30:00Z,Nuclear,8420.000,Elexon BMRS FUELHH
2016-11-15T20:30:00Z,Other,1838.000,Elexon BMRS FUELHH
2016-11-15T20:30:00Z,Pumped Storage,474.000,Elexon BMRS FUELHH
2016-11-15T20:30:00Z,Wind,2723.000,Elexon BMRS FUELHH
2016-11-15T21:00:00Z,Coal,4136.000,Elexon BMRS FUELHH
2016-11-15T21:00:00Z,Gas,20606.000,Elexon BMRS FUELHH
2016-11-15T21:00:00Z,Hydro,492.000,Elexon BMRS FUELHH
2016-11-15T21:00:00Z,Imports & Exports,-1130.000,Elexon BMRS FUELHH
2016-11-15T21:00:00Z,Nuclear,8419.000,Elexon BMRS FUELHH
2016-11-15T21:00:00Z,Other,1833.000,Elexon BMRS FUELHH
2016-11-15T21:00:00Z,Pumped Storage,520.000,Elexon BMRS FUELHH
2016-11-15T21:00:00Z,Wind,2874.000,Elexon BMRS FUELHH
2016-11-15T21:30:00Z,Coal,3239.000,Elexon BMRS FUELHH
2016-11-15T21:30:00Z,Gas,19013.000,Elexon BMRS FUELHH
2016-11-15T21:30:00Z,Hydro,493.000,Elexon BMRS FUELHH
2016-11-15T21:30:00Z,Imports & Exports,-1144.000,Elexon BMRS FUELHH
2016-11-15T21:30:00Z,Nuclear,8421.000,Elexon BMRS FUELHH
2016-11-15T21:30:00Z,Other,1808.000,Elexon BMRS FUELHH
2016-11-15T21:30:00Z,Pumped Storage,348.000,Elexon BMRS FUELHH
2016-11-15T21:30:00Z,Wind,3188.000,Elexon BMRS FUELHH
2016-11-15T22:00:00Z,Coal,2859.000,Elexon BMRS FUELHH
2016-11-15T22:00:00Z,Gas,16934.000,Elexon BMRS FUELHH
2016-11-15T22:00:00Z,Hydro,462.000,Elexon BMRS FUELHH
2016-11-15T22:00:00Z,Imports & Exports,-1016.000,Elexon BMRS FUELHH
2016-11-15T22:00:00Z,Nuclear,8421.000,Elexon BMRS FUELHH
2016-11-15T22:00:00Z,Other,1808.000,Elexon BMRS FUELHH
2016-11-15T22:00:00Z,Pumped Storage,402.000,Elexon BMRS FUELHH
2016-11-15T22:00:00Z,Wind,3261.000,Elexon BMRS FUELHH
2016-11-15T22:30:00Z,Coal,2660.000,Elexon BMRS FUELHH
2016-11-15T22:30:00Z,Gas,15247.000,Elexon BMRS FUELHH
2016-11-15T22:30:00Z,Hydro,404.000,Elexon BMRS FUELHH
2016-11-15T22:30:00Z,Imports & Exports,-868.000,Elexon BMRS FUELHH
2016-11-15T22:30:00Z,Nuclear,8416.000,Elexon BMRS FUELHH
2016-11-15T22:30:00Z,Other,1825.000,Elexon BMRS FUELHH
2016-11-15T22:30:00Z,Pumped Storage,444.000,Elexon BMRS FUELHH
2016-11-15T22:30:00Z,Wind,3203.000,Elexon BMRS FUELHH
2016-11-15T23:00:00Z,Coal,2688.000,Elexon BMRS FUELHH
2016-11-15T23:00:00Z,Gas,12418.000,Elexon BMRS FUELHH
2016-11-15T23:00:00Z,Hydro,352.000,Elexon BMRS FUELHH
2016-11-15T23:00:00Z,Imports & Exports,504.000,Elexon BMRS FUELHH
2016-11-15T23:00:00Z,Nuclear,8417.000,Elexon BMRS FUELHH
2016-11-15T23:00:00Z,Other,1830.000,Elexon BMRS FUELHH
2016-11-15T23:00:00Z,Pumped Storage,-840.000,Elexon BMRS FUELHH
2016-11-15T23:00:00Z,Wind,3387.000,Elexon BMRS FUELHH
2016-11-15T23:30:00Z,Coal,2772.000,Elexon BMRS FUELHH
2016-11-15T23:30:00Z,Gas,11120.000,Elexon BMRS FUELHH
2016-11-15T23:30:00Z,Hydro,352.000,Elexon BMRS FUELHH
2016-11-15T23:30:00Z,Imports & Exports,522.000,Elexon BMRS FUELHH
2016-11-15T23:30:00Z,Nuclear,8411.000,Elexon BMRS FUELHH
2016-11-15T23:30:00Z,Other,1824.000,Elexon BMRS FUELHH
2016-11-15T23:30:00Z,Pumped Storage,-932.000,Elexon BMRS FUELHH
2016-11-15T23:30:00Z,Wind,3198.000,Elexon BMRS FUELHH
2016-11-16T00:00:00Z,Coal,2787.000,Elexon BMRS FUELHH
2016-11-16T00:00:00Z,Gas,10850.000,Elexon BMRS FUELHH
2016-11-16T00:00:00Z,Hydro,328.000,Elexon BMRS FUELHH
2016-11-16T00:00:00Z,Imports & Exports,742.000,Elexon BMRS FUELHH
2016-11-16T00:00:00Z,Nuclear,8409.000,Elexon BMRS FUELHH
2016-11-16T00:00:00Z,Other,1832.000,Elexon BMRS FUELHH
2016-11-16T00:00:00Z,Pumped Storage,-1470.000,Elexon BMRS FUELHH
2016-11-16T00:00:00Z,Wind,3341.000,Elexon BMRS FUELHH
2016-11-16T00:30:00Z,Coal,2807.000,Elexon BMRS FUELHH
2016-11-16T00:30:00Z,Gas,10845.000,Elexon BMRS FUELHH
2016-11-16T00:30:00Z,Hydro,315.000,Elexon BMRS FUELHH
2016-11-16T00:30:00Z,Imports & Exports,748.000,Elexon BMRS FUELHH
2016-11-16T00:30:00Z,Nuclear,8410.000,Elexon BMRS FUELHH
2016-11-16T00:30:00Z,Other,1870.000,Elexon BMRS FUELHH
2016-11-16T00:30:00Z,Pumped Storage,-1804.000,Elexon BMRS FUELHH
2016-11-16T00:30:00Z,Wind,3640.000,Elexon BMRS FUELHH
2016-11-16T01:00:00Z,Coal,2801.000,Elexon BMRS FUELHH
2016-11-16T01:00:00Z,Gas,10662.000,Elexon BMRS FUELHH
2016-11-16T01:00:00Z,Hydro,309.000,Elexon BMRS FUELHH
2016-11-16T01:00:00Z,Imports & Exports,368.000,Elexon BMRS FUELHH
2016-11-16T01:00:00Z,Nuclear,8409.000,Elexon BMRS FUELHH
2016-11-16T01:00:00Z,Other,1907.000,Elexon BMRS FUELHH
2016-11-16T01:00:00Z,Pumped Storage,-1724.000,Elexon BMRS FUELHH
2016-11-16T01:00:00Z,Wind,3478.000,Elexon BMRS FUELHH
2016-11-16T01:30:00Z,Coal,2637.000,Elexon BMRS FUELHH
2016-11-16T01:30:00Z,Gas,9723.000,Elexon BMRS FUELHH
2016-11-16T01:30:00Z,Hydro,310.000,Elexon BMRS FUELHH
2016-11-16T01:30:00Z,Imports & Exports,354.000,Elexon BMRS FUELHH
2016-11-16T01:30:00Z,Nuclear,8416.000,Elexon BMRS FUELHH
2016-11-16T01:30:00Z,Other,1904.000,Elexon BMRS FUELHH
2016-11-16T01:30:00Z,Pumped Storage,-1826.000,Elexon BMRS FUELHH
2016-11-16T01:30:00Z,Wind,3758.000,Elexon BMRS FUELHH
2016-11-16T02:00:00Z,Coal,2592.000,Elexon BMRS FUELHH
2016-11-16T02:00:00Z,Gas,8835.000,Elexon BMRS FUELHH
2016-11-16T02:00:00Z,Hydro,313.000,Elexon BMRS FUELHH
2016-11-16T02:00:00Z,Imports & Exports,436.000,Elexon BMRS FUELHH
2016-11-16T02:00:00Z,Nuclear,8413.000,Elexon BMRS FUELHH
2016-11-16T02:00:00Z,Other,1898.000,Elexon BMRS FUELHH
2016-11-16T02:00:00Z,Pumped Storage,-1960.000,Elexon BMRS FUELHH
2016-11-16T02:00:00Z,Wind,3927.000,Elexon BMRS FUELHH
2016-11-16T02:30:00Z,Coal,2428.000,Elexon BMRS FUELHH
2016-11-16T02:30:00Z,Gas,7972.000,Elexon BMRS FUELHH
2016-11-16T02:30:00Z,Hydro,294.000,Elexon BMRS FUELHH
2016-11-16T02:30:00Z,Imports & Exports,438.000,Elexon BMRS FUELHH
2016-11-16T02:30:00Z,Nuclear,8422.000,Elexon BMRS FUELHH
2016-11-16T02:30:00Z,Other,1906.000,Elexon BMRS FUELHH
2016-11-16T02:30:00Z,Pumped Storage,-2016.000,Elexon BMRS FUELHH
2016-11-16T02:30:00Z,Wind,4377.000,Elexon BMRS FUELHH
2016-11-16T03:00:00Z,Coal,2481.000,Elexon BMRS FUELHH
2016-11-16T03:00:00Z,Gas,8016.000,Elexon BMRS FUELHH
2016-11-16T03:00:00Z,Hydro,278.000,Elexon BMRS FUELHH
2016-11-16T03:00:00Z,Imports & Exports,-704.000,Elexon BMRS FUELHH
2016-11-16T03:00:00Z,Nuclear,8417.000,Elexon BMRS FUELHH
2016-11-16T03:00:00Z,Other,1911.000,Elexon BMRS FUELHH
2016-11-16T03:00:00Z,Pumped Storage,-1928.000,Elexon BMRS FUELHH
2016-11-16T03:00:00Z,Wind,4748.000,Elexon BMRS FUELHH
2016-11-16T03:30:00Z,Coal,2446.000,Elexon BMRS FUELHH
2016-11-16T03:30:00Z,Gas,7482.000,Elexon BMRS FUELHH
2016-11-16T03:30:00Z,Hydro,295.000,Elexon BMRS FUELHH
2016-11-16T03:30:00Z,Imports & Exports,-716.000,Elexon BMRS FUELHH
2016-11-16T03:30:00Z,Nuclear,8421.000,Elexon BMRS FUELHH
2016-11-16T03:30:00Z,Other,1909.000,Elexon BMRS FUELHH
2016-11-16T03:30:00Z,Pumped Storage,-1988.000,Elexon BMRS FUELHH
2016-11-16T03:30:00Z,Wind,4908.000,Elexon BMRS FUELHH
2016-11-16T04:00:00Z,Coal,2465.000,Elexon BMRS FUELHH
2016-11-16T04:00:00Z,Gas,7408.000,Elexon BMRS FUELHH
2016-11-16T04:00:00Z,Hydro,311.000,Elexon BMRS FUELHH
2016-11-16T04:00:00Z,Imports & Exports,-1066.000,Elexon BMRS FUELHH
2016-11-16T04:00:00Z,Nuclear,8420.000,Elexon BMRS FUELHH
2016-11-16T04:00:00Z,Other,1909.000,Elexon BMRS FUELHH
2016-11-16T04:00:00Z,Pumped Storage,-1972.000,Elexon BMRS FUELHH
2016-11-16T04:00:00Z,Wind,5050.000,Elexon BMRS FUELHH
2016-11-16T04:30:00Z,Coal,2469.000,Elexon BMRS FUELHH
2016-11-16T04:30:00Z,Gas,7567.000,Elexon BMRS FUELHH
2016-11-16T04:30:00Z,Hydro,312.000,Elexon BMRS FUELHH
2016-11-16T04:30:00Z,Imports & Exports,-1072.000,Elexon BMRS FUELHH
2016-11-16T04:30:00Z,Nuclear,8421.000,Elexon BMRS FUELHH
2016-11-16T04:30:00Z,Other,1910.000,Elexon BMRS FUELHH
2016-11-16T04:30:00Z,Pumped Storage,-1956.000,Elexon BMRS FUELHH
2016-11-16T04:30:00Z,Wind,5067.000,Elexon BMRS FUELHH
2016-11-16T05:00:00Z,Coal,2634.000,Elexon BMRS FUELHH
2016-11-16T05:00:00Z,Gas,7944.000,Elexon BMRS FUELHH
2016-11-16T05:00:00Z,Hydro,352.000,Elexon BMRS FUELHH
2016-11-16T05:00:00Z,Imports & Exports,-1060.000,Elexon BMRS FUELHH
2016-11-16T05:00:00Z,Nuclear,8419.000,Elexon BMRS FUELHH
2016-11-16T05:00:00Z,Other,1914.000,Elexon BMRS FUELHH
2016-11-16T05:00:00Z,Pumped Storage,-1712.000,Elexon BMRS FUELHH
2016-11-16T05:00:00Z,Wind,5098.000,Elexon BMRS FUELHH
2016-11-16T05:30:00Z,Coal,2805.000,Elexon BMRS FUELHH
2016-11-16T05:30:00Z,Gas,8898.000,Elexon BMRS FUELHH
2016-11-16T05:30:00Z,Hydro,359.000,Elexon BMRS FUELHH
2016-11-16T05:30:00Z,Imports & Exports,-1060.000,Elexon BMRS FUELHH
2016-11-16T05:30:00Z,Nuclear,8423.000,Elexon BMRS FUELHH
2016-11-16T05:30:00Z,Other,1980.000,Elexon BMRS FUELHH
2016-11-16T05:30:00Z,Pumped Storage,-1566.000,Elexon BMRS FUELHH
2016-11-16T05:30:00Z,Wind,5074.000,Elexon BMRS FUELHH
2016-11-16T06:00:00Z,Coal,2992.000,Elexon BMRS FUELHH
2016-11-16T06:00:00Z,Gas,11293.000,Elexon BMRS FUELHH
2016-11-16T06:00:00Z,Hydro,361.000,Elexon BMRS FUELHH
2016-11-16T06:00:00Z,Imports & Exports,-1396.000,Elexon BMRS FUELHH
2016-11-16T06:00:00Z,Nuclear,8422.000,Elexon BMRS FUELHH
2016-11-16T06:00:00Z,Other,1990.000,Elexon BMRS FUELHH
2016-11-16T06:00:00Z,Pumped Storage,-692.000,Elexon BMRS FUELHH
2016-11-16T06:00:00Z,Wind,5212.000,Elexon BMRS FUELHH
2016-11-16T06:30:00Z,Coal,3262.000,Elexon BMRS FUELHH
2016-11-16T06:30:00Z,Gas,13043.000,Elexon BMRS FUELHH
2016-11-16T06:30:00Z,Hydro,381.000,Elexon BMRS FUELHH
2016-11-16T06:30:00Z,Imports & Exports,-1402.000,Elexon BMRS FUELHH
2016-11-16T06:30:00Z,Nuclear,8417.000,Elexon BMRS FUELHH
2016-11-16T06:30:00Z,Other,1991.000,Elexon BMRS FUELHH
2016-11-16T06:30:00Z,Pumped Storage,246.000,Elexon BMRS FUELHH
2016-11-16T06:30:00Z,Wind,5639.000,Elexon BMRS FUELHH
2016-11-16T07:00:00Z,Coal,3350.000,Elexon BMRS FUELHH
2016-11-16T07:00:00Z,Gas,16287.000,Elexon BMRS FUELHH
2016-11-16T07:00:00Z,Hydro,625.000,Elexon BMRS FUELHH
2016-11-16T07:00:00Z,Imports & Exports,-1604.000,Elexon BMRS FUELHH
2016-11-16T07:00:00Z,Nuclear,8419.000,Elexon BMRS FUELHH
2016-11-16T07:00:00Z,Other,1983.000,Elexon BMRS FUELHH
2016-11-16T07:00:00Z,Pumped Storage,418.000,Elexon BMRS FUELHH
2016-11-16T07:00:00Z,Wind,5612.000,Elexon BMRS FUELHH
2016-11-16T07:30:00Z,Coal,3383.000,Elexon BMRS FUELHH
2016-11-16T07:30:00Z,Gas,17744.000,Elexon BMRS FUELHH
2016-11-16T07:30:00Z,Hydro,595.000,Elexon BMRS FUELHH
2016-11-16T07:30:00Z,Imports & Exports,-1604.000,Elexon BMRS FUELHH
2016-11-16T07:30:00Z,Nuclear,8419.000,Elexon BMRS FUELHH
2016-11-16T07:30:00Z,Other,1966.000,Elexon BMRS FUELHH
2016-11-16T07:30:00Z,Pumped Storage,340.000,Elexon BMRS FUELHH
2016-11-16T07:30:00Z,Wind,5620.000,Elexon BMRS FUELHH
2016-11-16T08:00:00Z,Coal,3180.000,Elexon BMRS FUELHH
2016-11-16T08:00:00Z,Gas,17978.000,Elexon BMRS FUELHH
2016-11-16T08:00:00Z,Hydro,564.000,Elexon BMRS FUELHH
2016-11-16T08:00:00Z,Imports & Exports,-1554.000,Elexon BMRS FUELHH
2016-11-16T08:00:00Z,Nuclear,8417.000,Elexon BMRS FUELHH
2016-11-16T08:00:00Z,Other,1966.000,Elexon BMRS FUELHH
2016-11-16T08:00:00Z,Pumped Storage,296.000,Elexon BMRS FUELHH
2016-11-16T08:00:00Z,Wind,5964.000,Elexon BMRS FUELHH
2016-11-16T08:30:00Z,Coal,3156.000,Elexon BMRS FUELHH
2016-11-16T08:30:00Z,Gas,17204.000,Elexon BMRS FUELHH
2016-11-16T08:30:00Z,Hydro,510.000,Elexon BMRS FUELHH
2016-11-16T08:30:00Z,Imports & Exports,-1608.000,Elexon BMRS FUELHH
2016-11-16T08:30:00Z,Nuclear,8417.000,Elexon BMRS FUELHH
2016-11-16T08:30:00Z,Other,1973.000,Elexon BMRS FUELHH
2016-11-16T08:30:00Z,Pumped Storage,326.000,Elexon BMRS FUELHH
2016-11-16T08:30:00Z,Wind,5936.000,Elexon BMRS FUELHH
2016-11-16T09:00:00Z,Coal,3192.000,Elexon BMRS FUELHH
2016-11-16T09:00:00Z,Gas,17151.000,Elexon BMRS FUELHH
2016-11-16T09:00:00Z,Hydro,628.000,Elexon BMRS FUELHH
2016-11-16T09:00:00Z,Imports & Exports,-1960.000,Elexon BMRS FUELHH
2016-11-16T09:00:00Z,Nuclear,8416.000,Elexon BMRS FUELHH
2016-11-16T09:00:00Z,Other,2033.000,Elexon BMRS FUELHH
2016-11-16T09:00:00Z,Pumped Storage,328.000,Elexon BMRS FUELHH
2016-11-16T09:00:00Z,Wind,6090.000,Elexon BMRS FUELHH
2016-11-16T09:30:00Z,Coal,3196.000,Elexon BMRS FUELHH
2016-11-16T09:30:00Z,Gas,16865.000,Elexon BMRS FUELHH
2016-11-16T09:30:00Z,Hydro,506.000,Elexon BMRS FUELHH
2016-11-16T09:30:00Z,Imports & Exports,-1910.000,Elexon BMRS FUELHH
2016-11-16T09:30:00Z,Nuclear,8416.000,Elexon BMRS FUELHH
2016-11-16T09:30:00Z,Other,2045.000,Elexon BMRS FUELHH
2016-11-16T09:30:00Z,Pumped Storage,316.000,Elexon BMRS FUELHH
2016-11-16T09:30:00Z,Wind,5966.000,Elexon BMRS FUELHH
2016-11-16T10:00:00Z,Coal,3259.000,Elexon BMRS FUELHH
2016-11-16T10:00:00Z,Gas,16668.000,Elexon BMRS FUELHH
2016-11-16T10:00:00Z,Hydro,490.000,Elexon BMRS FUELHH
2016-11-16T10:00:00Z,Imports & Exports,-2036.000,Elexon BMRS FUELHH
2016-11-16T10:00:00Z,Nuclear,8417.000,Elexon BMRS FUELHH
2016-11-16T10:00:00Z,Other,2048.000,Elexon BMRS FUELHH
2016-11-16T10:00:00Z,Pumped Storage,340.000,Elexon BMRS FUELHH
2016-11-16T10:00:00Z,Wind,5931.000,Elexon BMRS FUELHH
2016-11-16T10:30:00Z,Coal,3200.000,Elexon BMRS FUELHH
2016-11-16T10:30:00Z,Gas,16628.000,Elexon BMRS FUELHH
2016-11-16T10:30:00Z,Hydro,494.000,Elexon BMRS FUELHH
2016-11-16T10:30:00Z,Imports & Exports,-2074.000,Elexon BMRS FUELHH
2016-11-16T10:30:00Z,Nuclear,8417.000,Elexon BMRS FUELHH
2016-11-16T10:30:00Z,Other,2046.000,Elexon BMRS FUELHH
2016-11-16T10:30:00Z,Pumped Storage,432.000,Elexon BMRS FUELHH
2016-11-16T10:30:00Z,Wind,6041.000,Elexon BMRS FUELHH
2016-11-16T11:00:00Z,Coal,3054.000,Elexon BMRS FUELHH
2016-11-16T11:00:00Z,Gas,16464.000,Elexon BMRS FUELHH
2016-11-16T11:00:00Z,Hydro,473.000,Elexon BMRS FUELHH
2016-11-16T11:00:00Z,Imports & Exports,-1496.000,Elexon BMRS FUELHH
2016-11-16T11:00:00Z,Nuclear,8420.000,Elexon BMRS FUELHH
2016-11-16T11:00:00Z,Other,2052.000,Elexon BMRS FUELHH
2016-11-16T11:00:00Z,Pumped Storage,490.000,Elexon BMRS FUELHH
2016-11-16T11:00:00Z,Wind,6029.000,Elexon BMRS FUELHH
2016-11-16T11:30:00Z,Coal,3026.000,Elexon BMRS FUELHH
2016-11-16T11:30:00Z,Gas,16873.000,Elexon BMRS FUELHH
2016-11-16T11:30:00Z,Hydro,457.000,Elexon BMRS FUELHH
2016-11-16T11:30:00Z,Imports & Exports,-1378.000,Elexon BMRS FUELHH
2016-11-16T11:30:00Z,Nuclear,8437.000,Elexon BMRS FUELHH
2016-11-16T11:30:00Z,Other,2065.000,Elexon BMRS FUELHH
2016-11-16T11:30:00Z,Pumped Storage,434.000,Elexon BMRS FUELHH
2016-11-16T11:30:00Z,Wind,5915.000,Elexon BMRS FUELHH
2016-11-16T12:00:00Z,Coal,3048.000,Elexon BMRS FUELHH
2016-11-16T12:00:00Z,Gas,16987.000,Elexon BMRS FUELHH
2016-11-16T12:00:00Z,Hydro,432.000,Elexon BMRS FUELHH
2016-11-16T12:00:00Z,Imports & Exports,-986.000,Elexon BMRS FUELHH
2016-11-16T12:00:00Z,Nuclear,8415.000,Elexon BMRS FUELHH
2016-11-16T12:00:00Z,Other,2066.000,Elexon BMRS FUELHH
2016-11-16T12:00:00Z,Pumped Storage,524.000,Elexon BMRS FUELHH
2016-11-16T12:00:00Z,Wind,5700.000,Elexon BMRS FUELHH
2016-11-16T12:30:00Z,Coal,3116.000,Elexon BMRS FUELHH
2016-11-16T12:30:00Z,Gas,17011.000,Elexon BMRS FUELHH
2016-11-16T12:30:00Z,Hydro,437.000,Elexon BMRS FUELHH
2016-11-16T12:30:00Z,Imports & Exports,-970.000,Elexon BMRS FUELHH
2016-11-16T12:30:00Z,Nuclear,8404.000,Elexon BMRS FUELHH
2016-11-16T12:30:00Z,Other,2039.000,Elexon BMRS FUELHH
2016-11-16T12:30:00Z,Pumped Storage,580.000,Elexon BMRS FUELHH
2016-11-16T12:30:00Z,Wind,5646.000,Elexon BMRS FUELHH
2016-11-16T13:00:00Z,Coal,3063.000,Elexon BMRS FUELHH
2016-11-16T13:00:00Z,Gas,16391.000,Elexon BMRS FUELHH
2016-11-16T13:00:00Z,Hydro,433.000,Elexon BMRS FUELHH
2016-11-16T13:00:00Z,Imports & Exports,86.000,Elexon BMRS FUELHH
2016-11-16T13:00:00Z,Nuclear,8406.000,Elexon BMRS FUELHH
2016-11-16T13:00:00Z,Other,2010.000,Elexon BMRS FUELHH
2016-11-16T13:00:00Z,Pumped Storage,430.000,Elexon BMRS FUELHH
2016-11-16T13:00:00Z,Wind,5706.000,Elexon BMRS FUELHH
2016-11-16T13:30:00Z,Coal,3022.000,Elexon BMRS FUELHH
2016-11-16T13:30:00Z,Gas,15875.000,Elexon BMRS FUELHH
2016-11-16T13:30:00Z,Hydro,429.000,Elexon BMRS FUELHH
2016-11-16T13:30:00Z,Imports & Exports,960.000,Elexon BMRS FUELHH
2016-11-16T13:30:00Z,Nuclear,8407.000,Elexon BMRS FUELHH
2016-11-16T13:30:00Z,Other,1994.000,Elexon BMRS FUELHH
2016-11-16T13:30:00Z,Pumped Storage,318.000,Elexon BMRS FUELHH
2016-11-16T13:30:00Z,Wind,5729.000,Elexon BMRS FUELHH
2016-11-16T14:00:00Z,Coal,3177.000,Elexon BMRS FUELHH
2016-11-16T14:00:00Z,Gas,16135.000,Elexon BMRS FUELHH
2016-11-16T14:00:00Z,Hydro,399.000,Elexon BMRS FUELHH
2016-11-16T14:00:00Z,Imports & Exports,918.000,Elexon BMRS FUELHH
2016-11-16T14:00:00Z,Nuclear,8408.000,Elexon BMRS FUELHH
2016-11-16T14:00:00Z,Other,1984.000,Elexon BMRS FUELHH
2016-11-16T14:00:00Z,Pumped Storage,474.000,Elexon BMRS FUELHH
2016-11-16T14:00:00Z,Wind,5735.000,Elexon BMRS FUELHH
2016-11-16T14:30:00Z,Coal,3581.000,Elexon BMRS FUELHH
2016-11-16T14:30:00Z,Gas,16341.000,Elexon BMRS FUELHH
2016-11-16T14:30:00Z,Hydro,334.000,Elexon BMRS FUELHH
2016-11-16T14:30:00Z,Imports & Exports,728.000,Elexon BMRS FUELHH
2016-11-16T14:30:00Z,Nuclear,8397.000,Elexon BMRS FUELHH
2016-11-16T14:30:00Z,Other,1985.000,Elexon BMRS FUELHH
2016-11-16T14:30:00Z,Pumped Storage,396.000,Elexon BMRS FUELHH
2016-11-16T14:30:00Z,Wind,5749.000,Elexon BMRS FUELHH
2016-11-16T15:00:00Z,Coal,4430.000,Elexon BMRS FUELHH
2016-11-16T15:00:00Z,Gas,17054.000,Elexon BMRS FUELHH
2016-11-16T15:00:00Z,Hydro,335.000,Elexon BMRS FUELHH
2016-11-16T15:00:00Z,Imports & Exports,-290.000,Elexon BMRS FUELHH
2016-11-16T15:00:00Z,Nuclear,8396.000,Elexon BMRS FUELHH
2016-11-16T15:00:00Z,Other,1993.000,Elexon BMRS FUELHH
2016-11-16T15:00:00Z,Pumped Storage,440.000,Elexon BMRS FUELHH
2016-11-16T15:00:00Z,Wind,5670.000,Elexon BMRS FUELHH
2016-11-16T15:30:00Z,Coal,5185.000,Elexon BMRS FUELHH
2016-11-16T15:30:00Z,Gas,18416.000,Elexon BMRS FUELHH
2016-11-16T15:30:00Z,Hydro,364.000,Elexon BMRS FUELHH
2016-11-16T15:30:00Z,Imports & Exports,-788.000,Elexon BMRS FUELHH
2016-11-16T15:30:00Z,Nuclear,8396.000,Elexon BMRS FUELHH
2016-11-16T15:30:00Z,Other,2013.000,Elexon BMRS FUELHH
2016-11-16T15:30:00Z,Pumped Storage,476.000,Elexon BMRS FUELHH
2016-11-16T15:30:00Z,Wind,5580.000,Elexon BMRS FUELHH
2016-11-16T16:00:00Z,Coal,5380.000,Elexon BMRS FUELHH
2016-11-16T16:00:00Z,Gas,18690.000,Elexon BMRS FUELHH
2016-11-16T16:00:00Z,Hydro,407.000,Elexon BMRS FUELHH
2016-11-16T16:00:00Z,Imports & Exports,950.000,Elexon BMRS FUELHH
2016-11-16T16:00:00Z,Nuclear,8399.000,Elexon BMRS FUELHH
2016-11-16T16:00:00Z,Other,2014.000,Elexon BMRS FUELHH
2016-11-16T16:00:00Z,Pumped Storage,346.000,Elexon BMRS FUELHH
2016-11-16T16:00:00Z,Wind,5656.000,Elexon BMRS FUELHH
2016-11-16T16:30:00Z,Coal,5888.000,Elexon BMRS FUELHH
2016-11-16T16:30:00Z,Gas,20320.000,Elexon BMRS FUELHH
2016-11-16T16:30:00Z,Hydro,464.000,Elexon BMRS FUELHH
2016-11-16T16:30:00Z,Imports & Exports,968.000,Elexon BMRS FUELHH
2016-11-16T16:30:00Z,Nuclear,8396.000,Elexon BMRS FUELHH
2016-11-16T16:30:00Z,Other,2037.000,Elexon BMRS FUELHH
2016-11-16T16:30:00Z,Pumped Storage,692.000,Elexon BMRS FUELHH
2016-11-16T16:30:00Z,Wind,5544.000,Elexon BMRS FUELHH
2016-11-16T17:00:00Z,Coal,6331.000,Elexon BMRS FUELHH
2016-11-16T17:00:00Z,Gas,21225.000,Elexon BMRS FUELHH
2016-11-16T17:00:00Z,Hydro,587.000,Elexon BMRS FUELHH
2016-11-16T17:00:00Z,Imports & Exports,38.000,Elexon BMRS FUELHH
2016-11-16T17:00:00Z,Nuclear,8397.000,Elexon BMRS FUELHH
2016-11-16T17:00:00Z,Other,2074.000,Elexon BMRS FUELHH
2016-11-16T17:00:00Z,Pumped Storage,648.000,Elexon BMRS FUELHH
2016-11-16T17:00:00Z,Wind,6097.000,Elexon BMRS FUELHH
2016-11-16T17:30:00Z,Coal,6272.000,Elexon BMRS FUELHH
2016-11-16T17:30:00Z,Gas,21319.000,Elexon BMRS FUELHH
2016-11-16T17:30:00Z,Hydro,857.000,Elexon BMRS FUELHH
2016-11-16T17:30:00Z,Imports & Exports,-132.000,Elexon BMRS FUELHH
2016-11-16T17:30:00Z,Nuclear,8396.000,Elexon BMRS FUELHH
2016-11-16T17:30:00Z,Other,2089.000,Elexon BMRS FUELHH
2016-11-16T17:30:00Z,Pumped Storage,420.000,Elexon BMRS FUELHH
2016-11-16T17:30:00Z,Wind,6030.000,Elexon BMRS FUELHH
2016-11-16T18:00:00Z,Coal,6339.000,Elexon BMRS FUELHH
2016-11-16T18:00:00Z,Gas,21260.000,Elexon BMRS FUELHH
2016-11-16T18:00:00Z,Hydro,869.000,Elexon BMRS FUELHH
2016-11-16T18:00:00Z,Imports & Exports,-268.000,Elexon BMRS FUELHH
2016-11-16T18:00:00Z,Nuclear,8397.000,Elexon BMRS FUELHH
2016-11-16T18:00:00Z,Other,2086.000,Elexon BMRS FUELHH
2016-11-16T18:00:00Z,Pumped Storage,500.000,Elexon BMRS FUELHH
2016-11-16T18:00:00Z,Wind,5661.000,Elexon BMRS FUELHH
2016-11-16T18:30:00Z,Coal,6227.000,Elexon BMRS FUELHH
2016-11-16T18:30:00Z,Gas,21130.000,Elexon BMRS FUELHH
2016-11-16T18:30:00Z,Hydro,850.000,Elexon BMRS FUELHH
2016-11-16T18:30:00Z,Imports & Exports,-88.000,Elexon BMRS FUELHH
2016-11-16T18:30:00Z,Nuclear,8396.000,Elexon BMRS FUELHH
2016-11-16T18:30:00Z,Other,2088.000,Elexon BMRS FUELHH
2016-11-16T18:30:00Z,Pumped Storage,484.000,Elexon BMRS FUELHH
2016-11-16T18:30:00Z,Wind,5204.000,Elexon BMRS FUELHH
2016-11-16T19:00:00Z,Coal,6050.000,Elexon BMRS FUELHH
2016-11-16T19:00:00Z,Gas,21302.000,Elexon BMRS FUELHH
2016-11-16T19:00:00Z,Hydro,676.000,Elexon BMRS FUELHH
2016-11-16T19:00:00Z,Imports & Exports,-520.000,Elexon BMRS FUELHH
2016-11-16T19:00:00Z,Nuclear,8402.000,Elexon BMRS FUELHH
2016-11-16T19:00:00Z,Other,2086.000,Elexon BMRS FUELHH
2016-11-16T19:00:00Z,Pumped Storage,756.000,Elexon BMRS FUELHH
2016-11-16T19:00:00Z,Wind,4624.000,Elexon BMRS FUELHH
2016-11-16T19:30:00Z,Coal,5968.000,Elexon BMRS FUELHH
2016-11-16T19:30:00Z,Gas,20630.000,Elexon BMRS FUELHH
2016-11-16T19:30:00Z,Hydro,677.000,Elexon BMRS FUELHH
2016-11-16T19:30:00Z,Imports & Exports,-660.000,Elexon BMRS FUELHH
2016-11-16T19:30:00Z,Nuclear,8405.000,Elexon BMRS FUELHH
2016-11-16T19:30:00Z,Other,2084.000,Elexon BMRS FUELHH
2016-11-16T19:30:00Z,Pumped Storage,392.000,Elexon BMRS FUELHH
2016-11-16T19:30:00Z,Wind,4647.000,Elexon BMRS FUELHH
2016-11-16T20:00:00Z,Coal,5361.000,Elexon BMRS FUELHH
2016-11-16T20:00:00Z,Gas,19646.000,Elexon BMRS FUELHH
2016-11-16T20:00:00Z,Hydro,677.000,Elexon BMRS FUELHH
2016-11-16T20:00:00Z,Imports & Exports,-722.000,Elexon BMRS FUELHH
2016-11-16T20:00:00Z,Nuclear,8407.000,Elexon BMRS FUELHH
2016-11-16T20:00:00Z,Other,2022.000,Elexon BMRS FUELHH
2016-11-16T20:00:00Z,Pumped Storage,336.000,Elexon BMRS FUELHH
2016-11-16T20:00:00Z,Wind,5023.000,Elexon BMRS FUELHH
2016-11-16T20:30:00Z,Coal,4498.000,Elexon BMRS FUELHH
2016-11-16T20:30:00Z,Gas,18801.000,Elexon BMRS FUELHH
2016-11-16T20:30:00Z,Hydro,665.000,Elexon BMRS FUELHH
2016-11-16T20:30:00Z,Imports & Exports,-648.000,Elexon BMRS FUELHH
2016-11-16T20:30:00Z,Nuclear,8403.000,Elexon BMRS FUELHH
2016-11-16T20:30:00Z,Other,1986.000,Elexon BMRS FUELHH
2016-11-16T20:30:00Z,Pumped Storage,414.000,Elexon BMRS FUELHH
2016-11-16T20:30:00Z,Wind,4809.000,Elexon BMRS FUELHH
2016-11-16T21:00:00Z,Coal,4104.000,Elexon BMRS FUELHH
2016-11-16T21:00:00Z,Gas,17619.000,Elexon BMRS FUELHH
2016-11-16T21:00:00Z,Hydro,491.000,Elexon BMRS FUELHH
2016-11-16T21:00:00Z,Imports & Exports,-930.000,Elexon BMRS FUELHH
2016-11-16T21:00:00Z,Nuclear,8404.000,Elexon BMRS FUELHH
2016-11-16T21:00:00Z,Other,1979.000,Elexon BMRS FUELHH
2016-11-16T21:00:00Z,Pumped Storage,366.000,Elexon BMRS FUELHH
2016-11-16T21:00:00Z,Wind,4950.000,Elexon BMRS FUELHH
2016-11-16T21:30:00Z,Coal,3591.000,Elexon BMRS FUELHH
2016-11-16T21:30:00Z,Gas,15876.000,Elexon BMRS FUELHH
2016-11-16T21:30:00Z,Hydro,482.000,Elexon BMRS FUELHH
2016-11-16T21:30:00Z,Imports & Exports,-756.000,Elexon BMRS FUELHH
2016-11-16T21:30:00Z,Nuclear,8405.000,Elexon BMRS FUELHH
2016-11-16T21:30:00Z,Other,1988.000,Elexon BMRS FUELHH
2016-11-16T21:30:00Z,Pumped Storage,374.000,Elexon BMRS FUELHH
2016-11-16T21:30:00Z,Wind,4794.000,Elexon BMRS FUELHH
2016-11-16T22:00:00Z,Coal,3385.000,Elexon BMRS FUELHH
2016-11-16T22:00:00Z,Gas,13870.000,Elexon BMRS FUELHH
2016-11-16T22:00:00Z,Hydro,482.000,Elexon BMRS FUELHH
2016-11-16T22:00:00Z,Imports & Exports,-378.000,Elexon BMRS FUELHH
2016-11-16T22:00:00Z,Nuclear,8407.000,Elexon BMRS FUELHH
2016-11-16T22:00:00Z,Other,2027.000,Elexon BMRS FUELHH
2016-11-16T22:00:00Z,Pumped Storage,406.000,Elexon BMRS FUELHH
2016-11-16T22:00:00Z,Wind,4387.000,Elexon BMRS FUELHH
2016-11-16T22:30:00Z,Coal,2995.000,Elexon BMRS FUELHH
2016-11-16T22:30:00Z,Gas,12263.000,Elexon BMRS FUELHH
2016-11-16T22:30:00Z,Hydro,475.000,Elexon BMRS FUELHH
2016-11-16T22:30:00Z,Imports & Exports,-268.000,Elexon BMRS FUELHH
2016-11-16T22:30:00Z,Nuclear,8407.000,Elexon BMRS FUELHH
2016-11-16T22:30:00Z,Other,2032.000,Elexon BMRS FUELHH
2016-11-16T22:30:00Z,Pumped Storage,260.000,Elexon BMRS FUELHH
2016-11-16T22:30:00Z,Wind,4544.000,Elexon BMRS FUELHH
2016-11-16T23:00:00Z,Coal,2639.000,Elexon BMRS FUELHH
2016-11-16T23:00:00Z,Gas,10650.000,Elexon BMRS FUELHH
2016-11-16T23:00:00Z,Hydro,396.000,Elexon BMRS FUELHH
2016-11-16T23:00:00Z,Imports & Exports,-240.000,Elexon BMRS FUELHH
2016-11-16T23:00:00Z,Nuclear,8406.000,Elexon BMRS FUELHH
2016-11-16T23:00:00Z,Other,2044.000,Elexon BMRS FUELHH
2016-11-16T23:00:00Z,Pumped Storage,26.000,Elexon BMRS FUELHH
2016-11-16T23:00:00Z,Wind,4609.000,Elexon BMRS FUELHH
2016-11-16T23:30:00Z,Coal,2166.000,Elexon BMRS FUELHH
2016-11-16T23:30:00Z,Gas,9902.000,Elexon BMRS FUELHH
2016-11-16T23:30:00Z,Hydro,436.000,Elexon BMRS FUELHH
2016-11-16T23:30:00Z,Imports & Exports,-240.000,Elexon BMRS FUELHH
2016-11-16T23:30:00Z,Nuclear,8403.000,Elexon BMRS FUELHH
2016-11-16T23:30:00Z,Other,2058.000,Elexon BMRS FUELHH
2016-11-16T23:30:00Z,Pumped Storage,-242.000,Elexon BMRS FUELHH
2016-11-16T23:30:00Z,Wind,4775.000,Elexon BMRS FUELHH
2016-11-17T00:00:00Z,Coal,2136.000,Elexon BMRS FUELHH
2016-11-17T00:00:00Z,Gas,9387.000,Elexon BMRS FUELHH
2016-11-17T00:00:00Z,Hydro,413.000,Elexon BMRS FUELHH
2016-11-17T00:00:00Z,Imports & Exports,550.000,Elexon BMRS FUELHH
2016-11-17T00:00:00Z,Nuclear,8403.000,Elexon BMRS FUELHH
2016-11-17T00:00:00Z,Other,2063.000,Elexon BMRS FUELHH
2016-11-17T00:00:00Z,Pumped Storage,-1116.000,Elexon BMRS FUELHH
2016-11-17T00:00:00Z,Wind,4934.000,Elexon BMRS FUELHH
2016-11-17T00:30:00Z,Coal,2123.000,Elexon BMRS FUELHH
2016-11-17T00:30:00Z,Gas,9826.000,Elexon BMRS FUELHH
2016-11-17T00:30:00Z,Hydro,406.000,Elexon BMRS FUELHH
2016-11-17T00:30:00Z,Imports & Exports,568.000,Elexon BMRS FUELHH
2016-11-17T00:30:00Z,Nuclear,8399.000,Elexon BMRS FUELHH
2016-11-17T00:30:00Z,Other,2062.000,Elexon BMRS FUELHH
2016-11-17T00:30:00Z,Pumped Storage,-1532.000,Elexon BMRS FUELHH
2016-11-17T00:30:00Z,Wind,5036.000,Elexon BMRS FUELHH
2016-11-17T01:00:00Z,Coal,1939.000,Elexon BMRS FUELHH
2016-11-17T01:00:00Z,Gas,9727.000,Elexon BMRS FUELHH
2016-11-17T01:00:00Z,Hydro,256.000,Elexon BMRS FUELHH
2016-11-17T01:00:00Z,Imports & Exports,738.000,Elexon BMRS FUELHH
2016-11-17T01:00:00Z,Nuclear,8396.000,Elexon BMRS FUELHH
2016-11-17T01:00:00Z,Other,2057.000,Elexon BMRS FUELHH
2016-11-17T01:00:00Z,Pumped Storage,-1832.000,Elexon BMRS FUELHH
2016-11-17T01:00:00Z,Wind,5230.000,Elexon BMRS FUELHH
2016-11-17T01:30:00Z,Coal,1791.000,Elexon BMRS FUELHH
2016-11-17T01:30:00Z,Gas,9135.000,Elexon BMRS FUELHH
2016-11-17T01:30:00Z,Hydro,253.000,Elexon BMRS FUELHH
2016-11-17T01:30:00Z,Imports & Exports,742.000,Elexon BMRS FUELHH
2016-11-17T01:30:00Z,Nuclear,8411.000,Elexon BMRS FUELHH
2016-11-17T01:30:00Z,Other,2052.000,Elexon BMRS FUELHH
2016-11-17T01:30:00Z,Pumped Storage,-1768.000,Elexon BMRS FUELHH
2016-11-17T01:30:00Z,Wind,5122.000,Elexon BMRS FUELHH
2016-11-17T02:00:00Z,Coal,1669.000,Elexon BMRS FUELHH
2016-11-17T02:00:00Z,Gas,8851.000,Elexon BMRS FUELHH
2016-11-17T02:00:00Z,Hydro,251.000,Elexon BMRS FUELHH
2016-11-17T02:00:00Z,Imports & Exports,830.000,Elexon BMRS FUELHH
2016-11-17T02:00:00Z,Nuclear,8406.000,Elexon BMRS FUELHH
2016-11-17T02:00:00Z,Other,2046.000,Elexon BMRS FUELHH
2016-11-17T02:00:00Z,Pumped Storage,-2130.000,Elexon BMRS FUELHH
2016-11-17T02:00:00Z,Wind,5264.000,Elexon BMRS FUELHH
2016-11-17T02:30:00Z,Coal,1596.000,Elexon BMRS FUELHH
2016-11-17T02:30:00Z,Gas,8666.000,Elexon BMRS FUELHH
2016-11-17T02:30:00Z,Hydro,224.000,Elexon BMRS FUELHH
2016-11-17T02:30:00Z,Imports & Exports,700.000,Elexon BMRS FUELHH
2016-11-17T02:30:00Z,Nuclear,8411.000,Elexon BMRS FUELHH
2016-11-17T02:30:00Z,Other,2046.000,Elexon BMRS FUELHH
2016-11-17T02:30:00Z,Pumped Storage,-2392.000,Elexon BMRS FUELHH
2016-11-17T02:30:00Z,Wind,5533.000,Elexon BMRS FUELHH
2016-11-17T03:00:00Z,Coal,1581.000,Elexon BMRS FUELHH
2016-11-17T03:00:00Z,Gas,8786.000,Elexon BMRS FUELHH
2016-11-17T03:00:00Z,Hydro,222.000,Elexon BMRS FUELHH
2016-11-17T03:00:00Z,Imports & Exports,218.000,Elexon BMRS FUELHH
2016-11-17T03:00:00Z,Nuclear,8410.000,Elexon BMRS FUELHH
2016-11-17T03:00:00Z,Other,2027.000,Elexon BMRS FUELHH
2016-11-17T03:00:00Z,Pumped Storage,-2300.000,Elexon BMRS FUELHH
2016-11-17T03:00:00Z,Wind,5403.000,Elexon BMRS FUELHH
2016-11-17T03:30:00Z,Coal,1555.000,Elexon BMRS FUELHH
2016-11-17T03:30:00Z,Gas,8519.000,Elexon BMRS FUELHH
2016-11-17T03:30:00Z,Hydro,221.000,Elexon BMRS FUELHH
2016-11-17T03:30:00Z,Imports & Exports,270.000,Elexon BMRS FUELHH
2016-11-17T03:30:00Z,Nuclear,8415.000,Elexon BMRS FUELHH
2016-11-17T03:30:00Z,Other,2001.000,Elexon BMRS FUELHH
2016-11-17T03:30:00Z,Pumped Storage,-2402.000,Elexon BMRS FUELHH
2016-11-17T03:30:00Z,Wind,5358.000,Elexon BMRS FUELHH
2016-11-17T04:00:00Z,Coal,1569.000,Elexon BMRS FUELHH
2016-11-17T04:00:00Z,Gas,8539.000,Elexon BMRS FUELHH
2016-11-17T04:00:00Z,Hydro,222.000,Elexon BMRS FUELHH
2016-11-17T04:00:00Z,Imports & Exports,-420.000,Elexon BMRS FUELHH
2016-11-17T04:00:00Z,Nuclear,8410.000,Elexon BMRS FUELHH
2016-11-17T04:00:00Z,Other,2006.000,Elexon BMRS FUELHH
2016-11-17T04:00:00Z,Pumped Storage,-2236.000,Elexon BMRS FUELHH
2016-11-17T04:00:00Z,Wind,5577.000,Elexon BMRS FUELHH
2016-11-17T04:30:00Z,Coal,1571.000,Elexon BMRS FUELHH
2016-11-17T04:30:00Z,Gas,8867.000,Elexon BMRS FUELHH
2016-11-17T04:30:00Z,Hydro,230.000,Elexon BMRS FUELHH
2016-11-17T04:30:00Z,Imports & Exports,-418.000,Elexon BMRS FUELHH
2016-11-17T04:30:00Z,Nuclear,8411.000,Elexon BMRS FUELHH
2016-11-17T04:30:00Z,Other,1985.000,Elexon BMRS FUELHH
2016-11-17T04:30:00Z,Pumped Storage,-2358.000,Elexon BMRS FUELHH
2016-11-17T04:30:00Z,Wind,5553.000,Elexon BMRS FUELHH
2016-11-17T05:00:00Z,Coal,1659.000,Elexon BMRS FUELHH
2016-11-17T05:00:00Z,Gas,9902.000,Elexon BMRS FUELHH
2016-11-17T05:00:00Z,Hydro,307.000,Elexon BMRS FUELHH
2016-11-17T05:00:00Z,Imports & Exports,-820.000,Elexon BMRS FUELHH
2016-11-17T05:00:00Z,Nuclear,8412.000,Elexon BMRS FUELHH
2016-11-17T05:00:00Z,Other,1966.000,Elexon BMRS FUELHH
2016-11-17T05:00:00Z,Pumped Storage,-2042.000,Elexon BMRS FUELHH
2016-11-17T05:00:00Z,Wind,5426.000,Elexon BMRS FUELHH
2016-11-17T05:30:00Z,Coal,1790.000,Elexon BMRS FUELHH
2016-11-17T05:30:00Z,Gas,10464.000,Elexon BMRS FUELHH
2016-11-17T05:30:00Z,Hydro,309.000,Elexon BMRS FUELHH
2016-11-17T05:30:00Z,Imports & Exports,-768.000,Elexon BMRS FUELHH
2016-11-17T05:30:00Z,Nuclear,8413.000,Elexon BMRS FUELHH
2016-11-17T05:30:00Z,Other,1969.000,Elexon BMRS FUELHH
2016-11-17T05:30:00Z,Pumped Storage,-1290.000,Elexon BMRS FUELHH
2016-11-17T05:30:00Z,Wind,5484.000,Elexon BMRS FUELHH
2016-11-17T06:00:00Z,Coal,2048.000,Elexon BMRS FUELHH
2016-11-17T06:00:00Z,Gas,11863.000,Elexon BMRS FUELHH
2016-11-17T06:00:00Z,Hydro,338.000,Elexon BMRS FUELHH
2016-11-17T06:00:00Z,Imports & Exports,-238.000,Elexon BMRS FUELHH
2016-11-17T06:00:00Z,Nuclear,8414.000,Elexon BMRS FUELHH
2016-11-17T06:00:00Z,Other,1968.000,Elexon BMRS FUELHH
2016-11-17T06:00:00Z,Pumped Storage,-30.000,Elexon BMRS FUELHH
2016-11-17T06:00:00Z,Wind,5333.000,Elexon BMRS FUELHH
2016-11-17T06:30:00Z,Coal,2693.000,Elexon BMRS FUELHH
2016-11-17T06:30:00Z,Gas,14261.000,Elexon BMRS FUELHH
2016-11-17T06:30:00Z,Hydro,352.000,Elexon BMRS FUELHH
2016-11-17T06:30:00Z,Imports & Exports,-264.000,Elexon BMRS FUELHH
2016-11-17T06:30:00Z,Nuclear,8415.000,Elexon BMRS FUELHH
2016-11-17T06:30:00Z,Other,1967.000,Elexon BMRS FUELHH
2016-11-17T06:30:00Z,Pumped Storage,272.000,Elexon BMRS FUELHH
2016-11-17T06:30:00Z,Wind,5438.000,Elexon BMRS FUELHH
2016-11-17T07:00:00Z,Coal,3072.000,Elexon BMRS FUELHH
2016-11-17T07:00:00Z,Gas,17015.000,Elexon BMRS FUELHH
2016-11-17T07:00:00Z,Hydro,612.000,Elexon BMRS FUELHH
2016-11-17T07:00:00Z,Imports & Exports,-482.000,Elexon BMRS FUELHH
2016-11-17T07:00:00Z,Nuclear,8412.000,Elexon BMRS FUELHH
2016-11-17T07:00:00Z,Other,1968.000,Elexon BMRS FUELHH
2016-11-17T07:00:00Z,Pumped Storage,858.000,Elexon BMRS FUELHH
2016-11-17T07:00:00Z,Wind,5293.000,Elexon BMRS FUELHH
2016-11-17T07:30:00Z,Coal,3126.000,Elexon BMRS FUELHH
2016-11-17T07:30:00Z,Gas,18044.000,Elexon BMRS FUELHH
2016-11-17T07:30:00Z,Hydro,703.000,Elexon BMRS FUELHH
2016-11-17T07:30:00Z,Imports & Exports,-494.000,Elexon BMRS FUELHH
2016-11-17T07:30:00Z,Nuclear,8414.000,Elexon BMRS FUELHH
2016-11-17T07:30:00Z,Other,1978.000,Elexon BMRS FUELHH
2016-11-17T07:30:00Z,Pumped Storage,780.000,Elexon BMRS FUELHH
2016-11-17T07:30:00Z,Wind,5432.000,Elexon BMRS FUELHH
2016-11-17T08:00:00Z,Coal,3126.000,Elexon BMRS FUELHH
2016-11-17T08:00:00Z,Gas,18569.000,Elexon BMRS FUELHH
2016-11-17T08:00:00Z,Hydro,731.000,Elexon BMRS FUELHH
2016-11-17T08:00:00Z,Imports & Exports,-484.000,Elexon BMRS FUELHH
2016-11-17T08:00:00Z,Nuclear,8409.000,Elexon BMRS FUELHH
2016-11-17T08:00:00Z,Other,1978.000,Elexon BMRS FUELHH
2016-11-17T08:00:00Z,Pumped Storage,618.000,Elexon BMRS FUELHH
2016-11-17T08:00:00Z,Wind,5534.000,Elexon BMRS FUELHH
2016-11-17T08:30:00Z,Coal,3152.000,Elexon BMRS FUELHH
2016-11-17T08:30:00Z,Gas,18365.000,Elexon BMRS FUELHH
2016-11-17T08:30:00Z,Hydro,731.000,Elexon BMRS FUELHH
2016-11-17T08:30:00Z,Imports & Exports,-470.000,Elexon BMRS FUELHH
2016-11-17T08:30:00Z,Nuclear,8405.000,Elexon BMRS FUELHH
2016-11-17T08:30:00Z,Other,1988.000,Elexon BMRS FUELHH
2016-11-17T08:30:00Z,Pumped Storage,630.000,Elexon BMRS FUELHH
2016-11-17T08:30:00Z,Wind,5423.000,Elexon BMRS FUELHH
2016-11-17T09:00:00Z,Coal,3198.000,Elexon BMRS FUELHH
2016-11-17T09:00:00Z,Gas,18759.000,Elexon BMRS FUELHH
2016-11-17T09:00:00Z,Hydro,740.000,Elexon BMRS FUELHH
2016-11-17T09:00:00Z,Imports & Exports,-434.000,Elexon BMRS FUELHH
2016-11-17T09:00:00Z,Nuclear,8405.000,Elexon BMRS FUELHH
2016-11-17T09:00:00Z,Other,2003.000,Elexon BMRS FUELHH
2016-11-17T09:00:00Z,Pumped Storage,626.000,Elexon BMRS FUELHH
2016-11-17T09:00:00Z,Wind,5429.000,Elexon BMRS FUELHH
2016-11-17T09:30:00Z,Coal,3241.000,Elexon BMRS FUELHH
2016-11-17T09:30:00Z,Gas,19049.000,Elexon BMRS FUELHH
2016-11-17T09:30:00Z,Hydro,773.000,Elexon BMRS FUELHH
2016-11-17T09:30:00Z,Imports & Exports,-404.000,Elexon BMRS FUELHH
2016-11-17T09:30:00Z,Nuclear,8405.000,Elexon BMRS FUELHH
2016-11-17T09:30:00Z,Other,2007.000,Elexon BMRS FUELHH
2016-11-17T09:30:00Z,Pumped Storage,744.000,Elexon BMRS FUELHH
2016-11-17T09:30:00Z,Wind,5164.000,Elexon BMRS FUELHH
2016-11-17T10:00:00Z,Coal,3241.000,Elexon BMRS FUELHH
2016-11-17T10:00:00Z,Gas,19875.000,Elexon BMRS FUELHH
2016-11-17T10:00:00Z,Hydro,574.000,Elexon BMRS FUELHH
2016-11-17T10:00:00Z,Imports & Exports,-336.000,Elexon BMRS FUELHH
2016-11-17T10:00:00Z,Nuclear,8405.000,Elexon BMRS FUELHH
2016-11-17T10:00:00Z,Other,2011.000,Elexon BMRS FUELHH
2016-11-17T10:00:00Z,Pumped Storage,714.000,Elexon BMRS FUELHH
2016-11-17T10:00:00Z,Wind,4557.000,Elexon BMRS FUELHH
2016-11-17T10:30:00Z,Coal,3243.000,Elexon BMRS FUELHH
2016-11-17T10:30:00Z,Gas,20269.000,Elexon BMRS FUELHH
2016-11-17T10:30:00Z,Hydro,578.000,Elexon BMRS FUELHH
2016-11-17T10:30:00Z,Imports & Exports,-332.000,Elexon BMRS FUELHH
2016-11-17T10:30:00Z,Nuclear,8401.000,Elexon BMRS FUELHH
2016-11-17T10:30:00Z,Other,2021.000,Elexon BMRS FUELHH
2016-11-17T10:30:00Z,Pumped Storage,754.000,Elexon BMRS FUELHH
2016-11-17T10:30:00Z,Wind,4261.000,Elexon BMRS FUELHH
2016-11-17T11:00:00Z,Coal,3235.000,Elexon BMRS FUELHH
2016-11-17T11:00:00Z,Gas,20580.000,Elexon BMRS FUELHH
2016-11-17T11:00:00Z,Hydro,682.000,Elexon BMRS FUELHH
2016-11-17T11:00:00Z,Imports & Exports,-460.000,Elexon BMRS FUELHH
2016-11-17T11:00:00Z,Nuclear,8404.000,Elexon BMRS FUELHH
2016-11-17T11:00:00Z,Other,2051.000,Elexon BMRS FUELHH
2016-11-17T11:00:00Z,Pumped Storage,796.000,Elexon BMRS FUELHH
2016-11-17T11:00:00Z,Wind,3989.000,Elexon BMRS FUELHH
2016-11-17T11:30:00Z,Coal,3234.000,Elexon BMRS FUELHH
2016-11-17T11:30:00Z,Gas,20513.000,Elexon BMRS FUELHH
2016-11-17T11:30:00Z,Hydro,666.000,Elexon BMRS FUELHH
2016-11-17T11:30:00Z,Imports & Exports,-506.000,Elexon BMRS FUELHH
2016-11-17T11:30:00Z,Nuclear,8403.000,Elexon BMRS FUELHH
2016-11-17T11:30:00Z,Other,2066.000,Elexon BMRS FUELHH
2016-11-17T11:30:00Z,Pumped Storage,1100.000,Elexon BMRS FUELHH
2016-11-17T11:30:00Z,Wind,3813.000,Elexon BMRS FUELHH
2016-11-17T12:00:00Z,Coal,3079.000,Elexon BMRS FUELHH
2016-11-17T12:00:00Z,Gas,20551.000,Elexon BMRS FUELHH
2016-11-17T12:00:00Z,Hydro,685.000,Elexon BMRS FUELHH
2016-11-17T12:00:00Z,Imports & Exports,-522.000,Elexon BMRS FUELHH
2016-11-17T12:00:00Z,Nuclear,8402.000,Elexon BMRS FUELHH
2016-11-17T12:00:00Z,Other,2079.000,Elexon BMRS FUELHH
2016-11-17T12:00:00Z,Pumped Storage,976.000,Elexon BMRS FUELHH
2016-11-17T12:00:00Z,Wind,4289.000,Elexon BMRS FUELHH
2016-11-17T12:30:00Z,Coal,3216.000,Elexon BMRS FUELHH
2016-11-17T12:30:00Z,Gas,20336.000,Elexon BMRS FUELHH
2016-11-17T12:30:00Z,Hydro,722.000,Elexon BMRS FUELHH
2016-11-17T12:30:00Z,Imports & Exports,-554.000,Elexon BMRS FUELHH
2016-11-17T12:30:00Z,Nuclear,8402.000,Elexon BMRS FUELHH
2016-11-17T12:30:00Z,Other,2088.000,Elexon BMRS FUELHH
2016-11-17T12:30:00Z,Pumped Storage,768.000,Elexon BMRS FUELHH
2016-11-17T12:30:00Z,Wind,4602.000,Elexon BMRS FUELHH
2016-11-17T13:00:00Z,Coal,3282.000,Elexon BMRS FUELHH
2016-11-17T13:00:00Z,Gas,20042.000,Elexon BMRS FUELHH
2016-11-17T13:00:00Z,Hydro,616.000,Elexon BMRS FUELHH
2016-11-17T13:00:00Z,Imports & Exports,-590.000,Elexon BMRS FUELHH
2016-11-17T13:00:00Z,Nuclear,8405.000,Elexon BMRS FUELHH
2016-11-17T13:00:00Z,Other,2050.000,Elexon BMRS FUELHH
2016-11-17T13:00:00Z,Pumped Storage,746.000,Elexon BMRS FUELHH
2016-11-17T13:00:00Z,Wind,4905.000,Elexon BMRS FUELHH
2016-11-17T13:30:00Z,Coal,3241.000,Elexon BMRS FUELHH
2016-11-17T13:30:00Z,Gas,19719.000,Elexon BMRS FUELHH
2016-11-17T13:30:00Z,Hydro,586.000,Elexon BMRS FUELHH
2016-11-17T13:30:00Z,Imports & Exports,-532.000,Elexon BMRS FUELHH
2016-11-17T13:30:00Z,Nuclear,8400.000,Elexon BMRS FUELHH
2016-11-17T13:30:00Z,Other,2052.000,Elexon BMRS FUELHH
2016-11-17T13:30:00Z,Pumped Storage,574.000,Elexon BMRS FUELHH
2016-11-17T13:30:00Z,Wind,5058.000,Elexon BMRS FUELHH
2016-11-17T14:00:00Z,Coal,3364.000,Elexon BMRS FUELHH
2016-11-17T14:00:00Z,Gas,19451.000,Elexon BMRS FUELHH
2016-11-17T14:00:00Z,Hydro,541.000,Elexon BMRS FUELHH
2016-11-17T14:00:00Z,Imports & Exports,-318.000,Elexon BMRS FUELHH
2016-11-17T14:00:00Z,Nuclear,8398.000,Elexon BMRS FUELHH
2016-11-17T14:00:00Z,Other,2050.000,Elexon BMRS FUELHH
2016-11-17T14:00:00Z,Pumped Storage,604.000,Elexon BMRS FUELHH
2016-11-17T14:00:00Z,Wind,5157.000,Elexon BMRS FUELHH
2016-11-17T14:30:00Z,Coal,3568.000,Elexon BMRS FUELHH
2016-11-17T14:30:00Z,Gas,19616.000,Elexon BMRS FUELHH
2016-11-17T14:30:00Z,Hydro,507.000,Elexon BMRS FUELHH
2016-11-17T14:30:00Z,Imports & Exports,-352.000,Elexon BMRS FUELHH
2016-11-17T14:30:00Z,Nuclear,8404.000,Elexon BMRS FUELHH
2016-11-17T14:30:00Z,Other,2058.000,Elexon BMRS FUELHH
2016-11-17T14:30:00Z,Pumped Storage,452.000,Elexon BMRS FUELHH
2016-11-17T14:30:00Z,Wind,5171.000,Elexon BMRS FUELHH
2016-11-17T15:00:00Z,Coal,3897.000,Elexon BMRS FUELHH
2016-11-17T15:00:00Z,Gas,19387.000,Elexon BMRS FUELHH
2016-11-17T15:00:00Z,Hydro,502.000,Elexon BMRS FUELHH
2016-11-17T15:00:00Z,Imports & Exports,-440.000,Elexon BMRS FUELHH
2016-11-17T15:00:00Z,Nuclear,8404.000,Elexon BMRS FUELHH
2016-11-17T15:00:00Z,Other,2057.000,Elexon BMRS FUELHH
2016-11-17T15:00:00Z,Pumped Storage,452.000,Elexon BMRS FUELHH
2016-11-17T15:00:00Z,Wind,5346.000,Elexon BMRS FUELHH
2016-11-17T15:30:00Z,Coal,4630.000,Elexon BMRS FUELHH
2016-11-17T15:30:00Z,Gas,19563.000,Elexon BMRS FUELHH
2016-11-17T15:30:00Z,Hydro,507.000,Elexon BMRS FUELHH
2016-11-17T15:30:00Z,Imports & Exports,-34.000,Elexon BMRS FUELHH
2016-11-17T15:30:00Z,Nuclear,8397.000,Elexon BMRS FUELHH
2016-11-17T15:30:00Z,Other,2064.000,Elexon BMRS FUELHH
2016-11-17T15:30:00Z,Pumped Storage,734.000,Elexon BMRS FUELHH
2016-11-17T15:30:00Z,Wind,5160.000,Elexon BMRS FUELHH
2016-11-17T16:00:00Z,Coal,5188.000,Elexon BMRS FUELHH
2016-11-17T16:00:00Z,Gas,19213.000,Elexon BMRS FUELHH
2016-11-17T16:00:00Z,Hydro,538.000,Elexon BMRS FUELHH
2016-11-17T16:00:00Z,Imports & Exports,1868.000,Elexon BMRS FUELHH
2016-11-17T16:00:00Z,Nuclear,8405.000,Elexon BMRS FUELHH
2016-11-17T16:00:00Z,Other,2059.000,Elexon BMRS FUELHH
2016-11-17T16:00:00Z,Pumped Storage,386.000,Elexon BMRS FUELHH
2016-11-17T16:00:00Z,Wind,5025.000,Elexon BMRS FUELHH
2016-11-17T16:30:00Z,Coal,5674.000,Elexon BMRS FUELHH
2016-11-17T16:30:00Z,Gas,20033.000,Elexon BMRS FUELHH
2016-11-17T16:30:00Z,Hydro,814.000,Elexon BMRS FUELHH
2016-11-17T16:30:00Z,Imports & Exports,2684.000,Elexon BMRS FUELHH
2016-11-17T16:30:00Z,Nuclear,8402.000,Elexon BMRS FUELHH
2016-11-17T16:30:00Z,Other,2072.000,Elexon BMRS FUELHH
2016-11-17T16:30:00Z,Pumped Storage,866.000,Elexon BMRS FUELHH
2016-11-17T16:30:00Z,Wind,5044.000,Elexon BMRS FUELHH
2016-11-17T17:00:00Z,Coal,6042.000,Elexon BMRS FUELHH
2016-11-17T17:00:00Z,Gas,21009.000,Elexon BMRS FUELHH
2016-11-17T17:00:00Z,Hydro,866.000,Elexon BMRS FUELHH
2016-11-17T17:00:00Z,Imports & Exports,2404.000,Elexon BMRS FUELHH
2016-11-17T17:00:00Z,Nuclear,8405.000,Elexon BMRS FUELHH
2016-11-17T17:00:00Z,Other,2092.000,Elexon BMRS FUELHH
2016-11-17T17:00:00Z,Pumped Storage,888.000,Elexon BMRS FUELHH
2016-11-17T17:00:00Z,Wind,4942.000,Elexon BMRS FUELHH
2016-11-17T17:30:00Z,Coal,6253.000,Elexon BMRS FUELHH
2016-11-17T17:30:00Z,Gas,21443.000,Elexon BMRS FUELHH
2016-11-17T17:30:00Z,Hydro,850.000,Elexon BMRS FUELHH
2016-11-17T17:30:00Z,Imports & Exports,2126.000,Elexon BMRS FUELHH
2016-11-17T17:30:00Z,Nuclear,8413.000,Elexon BMRS FUELHH
2016-11-17T17:30:00Z,Other,2088.000,Elexon BMRS FUELHH
2016-11-17T17:30:00Z,Pumped Storage,508.000,Elexon BMRS FUELHH
2016-11-17T17:30:00Z,Wind,4893.000,Elexon BMRS FUELHH
2016-11-17T18:00:00Z,Coal,6149.000,Elexon BMRS FUELHH
2016-11-17T18:00:00Z,Gas,21338.000,Elexon BMRS FUELHH
2016-11-17T18:00:00Z,Hydro,652.000,Elexon BMRS FUELHH
2016-11-17T18:00:00Z,Imports & Exports,2332.000,Elexon BMRS FUELHH
2016-11-17T18:00:00Z,Nuclear,8333.000,Elexon BMRS FUELHH
2016-11-17T18:00:00Z,Other,2076.000,Elexon BMRS FUELHH
2016-11-17T18:00:00Z,Pumped Storage,560.000,Elexon BMRS FUELHH
2016-11-17T18:00:00Z,Wind,4946.000,Elexon BMRS FUELHH
2016-11-17T18:30:00Z,Coal,5980.000,Elexon BMRS FUELHH
2016-11-17T18:30:00Z,Gas,21029.000,Elexon BMRS FUELHH
2016-11-17T18:30:00Z,Hydro,605.000,Elexon BMRS FUELHH
2016-11-17T18:30:00Z,Imports & Exports,2326.000,Elexon BMRS FUELHH
2016-11-17T18:30:00Z,Nuclear,8281.000,Elexon BMRS FUELHH
2016-11-17T18:30:00Z,Other,2051.000,Elexon BMRS FUELHH
2016-11-17T18:30:00Z,Pumped Storage,542.000,Elexon BMRS FUELHH
2016-11-17T18:30:00Z,Wind,4825.000,Elexon BMRS FUELHH
2016-11-17T19:00:00Z,Coal,5500.000,Elexon BMRS FUELHH
2016-11-17T19:00:00Z,Gas,20433.000,Elexon BMRS FUELHH
2016-11-17T19:00:00Z,Hydro,742.000,Elexon BMRS FUELHH
2016-11-17T19:00:00Z,Imports & Exports,2100.000,Elexon BMRS FUELHH
2016-11-17T19:00:00Z,Nuclear,8277.000,Elexon BMRS FUELHH
2016-11-17T19:00:00Z,Other,2016.000,Elexon BMRS FUELHH
2016-11-17T19:00:00Z,Pumped Storage,922.000,Elexon BMRS FUELHH
2016-11-17T19:00:00Z,Wind,4726.000,Elexon BMRS FUELHH
2016-11-17T19:30:00Z,Coal,5159.000,Elexon BMRS FUELHH
2016-11-17T19:30:00Z,Gas,20439.000,Elexon BMRS FUELHH
2016-11-17T19:30:00Z,Hydro,658.000,Elexon BMRS FUELHH
2016-11-17T19:30:00Z,Imports & Exports,1994.000,Elexon BMRS FUELHH
2016-11-17T19:30:00Z,Nuclear,8281.000,Elexon BMRS FUELHH
2016-11-17T19:30:00Z,Other,2033.000,Elexon BMRS FUELHH
2016-11-17T19:30:00Z,Pumped Storage,584.000,Elexon BMRS FUELHH
2016-11-17T19:30:00Z,Wind,4536.000,Elexon BMRS FUELHH
2016-11-17T20:00:00Z,Coal,4940.000,Elexon BMRS FUELHH
2016-11-17T20:00:00Z,Gas,20798.000,Elexon BMRS FUELHH
2016-11-17T20:00:00Z,Hydro,622.000,Elexon BMRS FUELHH
2016-11-17T20:00:00Z,Imports & Exports,846.000,Elexon BMRS FUELHH
2016-11-17T20:00:00Z,Nuclear,8275.000,Elexon BMRS FUELHH
2016-11-17T20:00:00Z,Other,2049.000,Elexon BMRS FUELHH
2016-11-17T20:00:00Z,Pumped Storage,582.000,Elexon BMRS FUELHH
2016-11-17T20:00:00Z,Wind,4485.000,Elexon BMRS FUELHH
2016-11-17T20:30:00Z,Coal,4199.000,Elexon BMRS FUELHH
2016-11-17T20:30:00Z,Gas,20382.000,Elexon BMRS FUELHH
2016-11-17T20:30:00Z,Hydro,615.000,Elexon BMRS FUELHH
2016-11-17T20:30:00Z,Imports & Exports,608.000,Elexon BMRS FUELHH
2016-11-17T20:30:00Z,Nuclear,8274.000,Elexon BMRS FUELHH
2016-11-17T20:30:00Z,Other,2011.000,Elexon BMRS FUELHH
2016-11-17T20:30:00Z,Pumped Storage,364.000,Elexon BMRS FUELHH
2016-11-17T20:30:00Z,Wind,4357.000,Elexon BMRS FUELHH
2016-11-17T21:00:00Z,Coal,3640.000,Elexon BMRS FUELHH
2016-11-17T21:00:00Z,Gas,19608.000,Elexon BMRS FUELHH
2016-11-17T21:00:00Z,Hydro,448.000,Elexon BMRS FUELHH
2016-11-17T21:00:00Z,Imports & Exports,68.000,Elexon BMRS FUELHH
2016-11-17T21:00:00Z,Nuclear,8273.000,Elexon BMRS FUELHH
2016-11-17T21:00:00Z,Other,2017.000,Elexon BMRS FUELHH
2016-11-17T21:00:00Z,Pumped Storage,374.000,Elexon BMRS FUELHH
2016-11-17T21:00:00Z,Wind,4426.000,Elexon BMRS FUELHH
2016-11-17T21:30:00Z,Coal,3095.000,Elexon BMRS FUELHH
2016-11-17T21:30:00Z,Gas,18008.000,Elexon BMRS FUELHH
2016-11-17T21:30:00Z,Hydro,443.000,Elexon BMRS FUELHH
2016-11-17T21:30:00Z,Imports & Exports,218.000,Elexon BMRS FUELHH
2016-11-17T21:30:00Z,Nuclear,8271.000,Elexon BMRS FUELHH
2016-11-17T21:30:00Z,Other,2038.000,Elexon BMRS FUELHH
2016-11-17T21:30:00Z,Pumped Storage,350.000,Elexon BMRS FUELHH
2016-11-17T21:30:00Z,Wind,4370.000,Elexon BMRS FUELHH
2016-11-17T22:00:00Z,Coal,2776.000,Elexon BMRS FUELHH
2016-11-17T22:00:00Z,Gas,16745.000,Elexon BMRS FUELHH
2016-11-17T22:00:00Z,Hydro,430.000,Elexon BMRS FUELHH
2016-11-17T22:00:00Z,Imports & Exports,-504.000,Elexon BMRS FUELHH
2016-11-17T22:00:00Z,Nuclear,8270.000,Elexon BMRS FUELHH
2016-11-17T22:00:00Z,Other,2005.000,Elexon BMRS FUELHH
2016-11-17T22:00:00Z,Pumped Storage,460.000,Elexon BMRS FUELHH
2016-11-17T22:00:00Z,Wind,4216.000,Elexon BMRS FUELHH
2016-11-17T22:30:00Z,Coal,2501.000,Elexon BMRS FUELHH
2016-11-17T22:30:00Z,Gas,15090.000,Elexon BMRS FUELHH
2016-11-17T22:30:00Z,Hydro,429.000,Elexon BMRS FUELHH
2016-11-17T22:30:00Z,Imports & Exports,-382.000,Elexon BMRS FUELHH
2016-11-17T22:30:00Z,Nuclear,8274.000,Elexon BMRS FUELHH
2016-11-17T22:30:00Z,Other,2036.000,Elexon BMRS FUELHH
2016-11-17T22:30:00Z,Pumped Storage,270.000,Elexon BMRS FUELHH
2016-11-17T22:30:00Z,Wind,4113.000,Elexon BMRS FUELHH
2016-11-17T23:00:00Z,Coal,2022.000,Elexon BMRS FUELHH
2016-11-17T23:00:00Z,Gas,12641.000,Elexon BMRS FUELHH
2016-11-17T23:00:00Z,Hydro,363.000,Elexon BMRS FUELHH
2016-11-17T23:00:00Z,Imports & Exports,684.000,Elexon BMRS FUELHH
2016-11-17T23:00:00Z,Nuclear,8273.000,Elexon BMRS FUELHH
2016-11-17T23:00:00Z,Other,2003.000,Elexon BMRS FUELHH
2016-11-17T23:00:00Z,Pumped Storage,64.000,Elexon BMRS FUELHH
2016-11-17T23:00:00Z,Wind,4075.000,Elexon BMRS FUELHH
2016-11-17T23:30:00Z,Coal,1835.000,Elexon BMRS FUELHH
2016-11-17T23:30:00Z,Gas,11664.000,Elexon BMRS FUELHH
2016-11-17T23:30:00Z,Hydro,351.000,Elexon BMRS FUELHH
2016-11-17T23:30:00Z,Imports & Exports,722.000,Elexon BMRS FUELHH
2016-11-17T23:30:00Z,Nuclear,8277.000,Elexon BMRS FUELHH
2016-11-17T23:30:00Z,Other,1997.000,Elexon BMRS FUELHH
2016-11-17T23:30:00Z,Pumped Storage,-252.000,Elexon BMRS FUELHH
2016-11-17T23:30:00Z,Wind,4051.000,Elexon BMRS FUELHH
2016-11-18T00:00:00Z,Coal,1821.000,Elexon BMRS FUELHH
2016-11-18T00:00:00Z,Gas,11294.000,Elexon BMRS FUELHH
2016-11-18T00:00:00Z,Hydro,369.000,Elexon BMRS FUELHH
2016-11-18T00:00:00Z,Imports & Exports,1514.000,Elexon BMRS FUELHH
2016-11-18T00:00:00Z,Nuclear,8269.000,Elexon BMRS FUELHH
2016-11-18T00:00:00Z,Other,1992.000,Elexon BMRS FUELHH
2016-11-18T00:00:00Z,Pumped Storage,-1168.000,Elexon BMRS FUELHH
2016-11-18T00:00:00Z,Wind,4092.000,Elexon BMRS FUELHH
2016-11-18T00:30:00Z,Coal,1824.000,Elexon BMRS FUELHH
2016-11-18T00:30:00Z,Gas,11623.000,Elexon BMRS FUELHH
2016-11-18T00:30:00Z,Hydro,361.000,Elexon BMRS FUELHH
2016-11-18T00:30:00Z,Imports & Exports,1540.000,Elexon BMRS FUELHH
2016-11-18T00:30:00Z,Nuclear,8262.000,Elexon BMRS FUELHH
2016-11-18T00:30:00Z,Other,1970.000,Elexon BMRS FUELHH
2016-11-18T00:30:00Z,Pumped Storage,-1318.000,Elexon BMRS FUELHH
2016-11-18T00:30:00Z,Wind,4174.000,Elexon BMRS FUELHH
2016-11-18T01:00:00Z,Coal,1822.000,Elexon BMRS FUELHH
2016-11-18T01:00:00Z,Gas,11798.000,Elexon BMRS FUELHH
2016-11-18T01:00:00Z,Hydro,278.000,Elexon BMRS FUELHH
2016-11-18T01:00:00Z,Imports & Exports,1716.000,Elexon BMRS FUELHH
2016-11-18T01:00:00Z,Nuclear,8266.000,Elexon BMRS FUELHH
2016-11-18T01:00:00Z,Other,1991.000,Elexon BMRS FUELHH
2016-11-18T01:00:00Z,Pumped Storage,-2062.000,Elexon BMRS FUELHH
2016-11-18T01:00:00Z,Wind,4335.000,Elexon BMRS FUELHH
2016-11-18T01:30:00Z,Coal,1823.000,Elexon BMRS FUELHH
2016-11-18T01:30:00Z,Gas,11204.000,Elexon BMRS FUELHH
2016-11-18T01:30:00Z,Hydro,278.000,Elexon BMRS FUELHH
2016-11-18T01:30:00Z,Imports & Exports,1722.000,Elexon BMRS FUELHH
2016-11-18T01:30:00Z,Nuclear,8261.000,Elexon BMRS FUELHH
2016-11-18T01:30:00Z,Other,1972.000,Elexon BMRS FUELHH
2016-11-18T01:30:00Z,Pumped Storage,-2176.000,Elexon BMRS FUELHH
2016-11-18T01:30:00Z,Wind,4373.000,Elexon BMRS FUELHH
2016-11-18T02:00:00Z,Coal,1824.000,Elexon BMRS FUELHH
2016-11-18T02:00:00Z,Gas,10991.000,Elexon BMRS FUELHH
2016-11-18T02:00:00Z,Hydro,278.000,Elexon BMRS FUELHH
2016-11-18T02:00:00Z,Imports & Exports,1478.000,Elexon BMRS FUELHH
2016-11-18T02:00:00Z,Nuclear,8264.000,Elexon BMRS FUELHH
2016-11-18T02:00:00Z,Other,2001.000,Elexon BMRS FUELHH
2016-11-18T02:00:00Z,Pumped Storage,-2290.000,Elexon BMRS FUELHH
2016-11-18T02:00:00Z,Wind,4387.000,Elexon BMRS FUELHH
2016-11-18T02:30:00Z,Coal,1828.000,Elexon BMRS FUELHH
2016-11-18T02:30:00Z,Gas,10892.000,Elexon BMRS FUELHH
2016-11-18T02:30:00Z,Hydro,277.000,Elexon BMRS FUELHH
2016-11-18T02:30:00Z,Imports & Exports,1468.000,Elexon BMRS FUELHH
2016-11-18T02:30:00Z,Nuclear,8264.000,Elexon BMRS FUELHH
2016-11-18T02:30:00Z,Other,2004.000,Elexon BMRS FUELHH
2016-11-18T02:30:00Z,Pumped Storage,-2388.000,Elexon BMRS FUELHH
2016-11-18T02:30:00Z,Wind,4420.000,Elexon BMRS FUELHH
2016-11-18T03:00:00Z,Coal,1842.000,Elexon BMRS FUELHH
2016-11-18T03:00:00Z,Gas,10722.000,Elexon BMRS FUELHH
2016-11-18T03:00:00Z,Hydro,276.000,Elexon BMRS FUELHH
2016-11-18T03:00:00Z,Imports & Exports,994.000,Elexon BMRS FUELHH
2016-11-18T03:00:00Z,Nuclear,8268.000,Elexon BMRS FUELHH
2016-11-18T03:00:00Z,Other,2033.000,Elexon BMRS FUELHH
2016-11-18T03:00:00Z,Pumped Storage,-2250.000,Elexon BMRS FUELHH
2016-11-18T03:00:00Z,Wind,4387.000,Elexon BMRS FUELHH
2016-11-18T03:30:00Z,Coal,1807.000,Elexon BMRS FUELHH
2016-11-18T03:30:00Z,Gas,10334.000,Elexon BMRS FUELHH
2016-11-18T03:30:00Z,Hydro,274.000,Elexon BMRS FUELHH
2016-11-18T03:30:00Z,Imports & Exports,1010.000,Elexon BMRS FUELHH
2016-11-18T03:30:00Z,Nuclear,8275.000,Elexon BMRS FUELHH
2016-11-18T03:30:00Z,Other,2039.000,Elexon BMRS FUELHH
2016-11-18T03:30:00Z,Pumped Storage,-2368.000,Elexon BMRS FUELHH
2016-11-18T03:30:00Z,Wind,4412.000,Elexon BMRS FUELHH
2016-11-18T04:00:00Z,Coal,1825.000,Elexon BMRS FUELHH
2016-11-18T04:00:00Z,Gas,10828.000,Elexon BMRS FUELHH
2016-11-18T04:00:00Z,Hydro,276.000,Elexon BMRS FUELHH
2016-11-18T04:00:00Z,Imports & Exports,286.000,Elexon BMRS FUELHH
2016-11-18T04:00:00Z,Nuclear,8271.000,Elexon BMRS FUELHH
2016-11-18T04:00:00Z,Other,2035.000,Elexon BMRS FUELHH
2016-11-18T04:00:00Z,Pumped Storage,-2342.000,Elexon BMRS FUELHH
2016-11-18T04:00:00Z,Wind,4423.000,Elexon BMRS FUELHH
2016-11-18T04:30:00Z,Coal,1826.000,Elexon BMRS FUELHH
2016-11-18T04:30:00Z,Gas,11121.000,Elexon BMRS FUELHH
2016-11-18T04:30:00Z,Hydro,277.000,Elexon BMRS FUELHH
2016-11-18T04:30:00Z,Imports & Exports,290.000,Elexon BMRS FUELHH
2016-11-18T04:30:00Z,Nuclear,8266.000,Elexon BMRS FUELHH
2016-11-18T04:30:00Z,Other,2037.000,Elexon BMRS FUELHH
2016-11-18T04:30:00Z,Pumped Storage,-2316.000,Elexon BMRS FUELHH
2016-11-18T04:30:00Z,Wind,4341.000,Elexon BMRS FUELHH
2016-11-18T05:00:00Z,Coal,1845.000,Elexon BMRS FUELHH
2016-11-18T05:00:00Z,Gas,11784.000,Elexon BMRS FUELHH
2016-11-18T05:00:00Z,Hydro,290.000,Elexon BMRS FUELHH
2016-11-18T05:00:00Z,Imports & Exports,76.000,Elexon BMRS FUELHH
2016-11-18T05:00:00Z,Nuclear,8268.000,Elexon BMRS FUELHH
2016-11-18T05:00:00Z,Other,2001.000,Elexon BMRS FUELHH
2016-11-18T05:00:00Z,Pumped Storage,-1988.000,Elexon BMRS FUELHH
2016-11-18T05:00:00Z,Wind,4433.000,Elexon BMRS FUELHH
2016-11-18T05:30:00Z,Coal,1906.000,Elexon BMRS FUELHH
2016-11-18T05:30:00Z,Gas,12309.000,Elexon BMRS FUELHH
2016-11-18T05:30:00Z,Hydro,292.000,Elexon BMRS FUELHH
2016-11-18T05:30:00Z,Imports & Exports,102.000,Elexon BMRS FUELHH
2016-11-18T05:30:00Z,Nuclear,8265.000,Elexon BMRS FUELHH
2016-11-18T05:30:00Z,Other,1980.000,Elexon BMRS FUELHH
2016-11-18T05:30:00Z,Pumped Storage,-1238.000,Elexon BMRS FUELHH
2016-11-18T05:30:00Z,Wind,4489.000,Elexon BMRS FUELHH
2016-11-18T06:00:00Z,Coal,2014.000,Elexon BMRS FUELHH
2016-11-18T06:00:00Z,Gas,14708.000,Elexon BMRS FUELHH
2016-11-18T06:00:00Z,Hydro,303.000,Elexon BMRS FUELHH
2016-11-18T06:00:00Z,Imports & Exports,-238.000,Elexon BMRS FUELHH
2016-11-18T06:00:00Z,Nuclear,8262.000,Elexon BMRS FUELHH
2016-11-18T06:00:00Z,Other,1969.000,Elexon BMRS FUELHH
2016-11-18T06:00:00Z,Pumped Storage,-20.000,Elexon BMRS FUELHH
2016-11-18T06:00:00Z,Wind,4501.000,Elexon BMRS FUELHH
2016-11-18T06:30:00Z,Coal,2550.000,Elexon BMRS FUELHH
2016-11-18T06:30:00Z,Gas,17254.000,Elexon BMRS FUELHH
2016-11-18T06:30:00Z,Hydro,327.000,Elexon BMRS FUELHH
2016-11-18T06:30:00Z,Imports & Exports,-240.000,Elexon BMRS FUELHH
2016-11-18T06:30:00Z,Nuclear,8256.000,Elexon BMRS FUELHH
2016-11-18T06:30:00Z,Other,1995.000,Elexon BMRS FUELHH
2016-11-18T06:30:00Z,Pumped Storage,282.000,Elexon BMRS FUELHH
2016-11-18T06:30:00Z,Wind,4530.000,Elexon BMRS FUELHH
2016-11-18T07:00:00Z,Coal,3285.000,Elexon BMRS FUELHH
2016-11-18T07:00:00Z,Gas,19852.000,Elexon BMRS FUELHH
2016-11-18T07:00:00Z,Hydro,462.000,Elexon BMRS FUELHH
2016-11-18T07:00:00Z,Imports & Exports,-240.000,Elexon BMRS FUELHH
2016-11-18T07:00:00Z,Nuclear,8257.000,Elexon BMRS FUELHH
2016-11-18T07:00:00Z,Other,2018.000,Elexon BMRS FUELHH
2016-11-18T07:00:00Z,Pumped Storage,742.000,Elexon BMRS FUELHH
2016-11-18T07:00:00Z,Wind,4505.000,Elexon BMRS FUELHH
2016-11-18T07:30:00Z,Coal,3805.000,Elexon BMRS FUELHH
2016-11-18T07:30:00Z,Gas,21093.000,Elexon BMRS FUELHH
2016-11-18T07:30:00Z,Hydro,476.000,Elexon BMRS FUELHH
2016-11-18T07:30:00Z,Imports & Exports,-240.000,Elexon BMRS FUELHH
2016-11-18T07:30:00Z,Nuclear,8260.000,Elexon BMRS FUELHH
2016-11-18T07:30:00Z,Other,2036.000,Elexon BMRS FUELHH
2016-11-18T07:30:00Z,Pumped Storage,448.000,Elexon BMRS FUELHH
2016-11-18T07:30:00Z,Wind,4513.000,Elexon BMRS FUELHH
2016-11-18T08:00:00Z,Coal,4089.000,Elexon BMRS FUELHH
2016-11-18T08:00:00Z,Gas,21599.000,Elexon BMRS FUELHH
2016-11-18T08:00:00Z,Hydro,555.000,Elexon BMRS FUELHH
2016-11-18T08:00:00Z,Imports & Exports,-242.000,Elexon BMRS FUELHH
2016-11-18T08:00:00Z,Nuclear,8250.000,Elexon BMRS FUELHH
2016-11-18T08:00:00Z,Other,2041.000,Elexon BMRS FUELHH
2016-11-18T08:00:00Z,Pumped Storage,392.000,Elexon BMRS FUELHH
2016-11-18T08:00:00Z,Wind,4330.000,Elexon BMRS FUELHH
2016-11-18T08:30:00Z,Coal,4238.000,Elexon BMRS FUELHH
2016-11-18T08:30:00Z,Gas,21373.000,Elexon BMRS FUELHH
2016-11-18T08:30:00Z,Hydro,556.000,Elexon BMRS FUELHH
2016-11-18T08:30:00Z,Imports & Exports,-262.000,Elexon BMRS FUELHH
2016-11-18T08:30:00Z,Nuclear,8262.000,Elexon BMRS FUELHH
2016-11-18T08:30:00Z,Other,2054.000,Elexon BMRS FUELHH
2016-11-18T08:30:00Z,Pumped Storage,324.000,Elexon BMRS FUELHH
2016-11-18T08:30:00Z,Wind,4243.000,Elexon BMRS FUELHH
2016-11-18T09:00:00Z,Coal,4293.000,Elexon BMRS FUELHH
2016-11-18T09:00:00Z,Gas,21797.000,Elexon BMRS FUELHH
2016-11-18T09:00:00Z,Hydro,578.000,Elexon BMRS FUELHH
2016-11-18T09:00:00Z,Imports & Exports,-372.000,Elexon BMRS FUELHH
2016-11-18T09:00:00Z,Nuclear,8252.000,Elexon BMRS FUELHH
2016-11-18T09:00:00Z,Other,2059.000,Elexon BMRS FUELHH
2016-11-18T09:00:00Z,Pumped Storage,340.000,Elexon BMRS FUELHH
2016-11-18T09:00:00Z,Wind,4172.000,Elexon BMRS FUELHH
2016-11-18T09:30:00Z,Coal,4324.000,Elexon BMRS FUELHH
2016-11-18T09:30:00Z,Gas,21861.000,Elexon BMRS FUELHH
2016-11-18T09:30:00Z,Hydro,592.000,Elexon BMRS FUELHH
2016-11-18T09:30:00Z,Imports & Exports,-456.000,Elexon BMRS FUELHH
2016-11-18T09:30:00Z,Nuclear,8188.000,Elexon BMRS FUELHH
2016-11-18T09:30:00Z,Other,2058.000,Elexon BMRS FUELHH
2016-11-18T09:30:00Z,Pumped Storage,376.000,Elexon BMRS FUELHH
2016-11-18T09:30:00Z,Wind,4033.000,Elexon BMRS FUELHH
2016-11-18T10:00:00Z,Coal,4310.000,Elexon BMRS FUELHH
2016-11-18T10:00:00Z,Gas,21654.000,Elexon BMRS FUELHH
2016-11-18T10:00:00Z,Hydro,611.000,Elexon BMRS FUELHH
2016-11-18T10:00:00Z,Imports & Exports,-348.000,Elexon BMRS FUELHH
2016-11-18T10:00:00Z,Nuclear,8060.000,Elexon BMRS FUELHH
2016-11-18T10:00:00Z,Other,2065.000,Elexon BMRS FUELHH
2016-11-18T10:00:00Z,Pumped Storage,460.000,Elexon BMRS FUELHH
2016-11-18T10:00:00Z,Wind,3906.000,Elexon BMRS FUELHH
2016-11-18T10:30:00Z,Coal,4293.000,Elexon BMRS FUELHH
2016-11-18T10:30:00Z,Gas,21641.000,Elexon BMRS FUELHH
2016-11-18T10:30:00Z,Hydro,579.000,Elexon BMRS FUELHH
2016-11-18T10:30:00Z,Imports & Exports,-332.000,Elexon BMRS FUELHH
2016-11-18T10:30:00Z,Nuclear,7991.000,Elexon BMRS FUELHH
2016-11-18T10:30:00Z,Other,2069.000,Elexon BMRS FUELHH
2016-11-18T10:30:00Z,Pumped Storage,494.000,Elexon BMRS FUELHH
2016-11-18T10:30:00Z,Wind,3944.000,Elexon BMRS FUELHH
2016-11-18T11:00:00Z,Coal,3940.000,Elexon BMRS FUELHH
2016-11-18T11:00:00Z,Gas,21752.000,Elexon BMRS FUELHH
2016-11-18T11:00:00Z,Hydro,437.000,Elexon BMRS FUELHH
2016-11-18T11:00:00Z,Imports & Exports,-176.000,Elexon BMRS FUELHH
2016-11-18T11:00:00Z,Nuclear,7984.000,Elexon BMRS FUELHH
2016-11-18T11:00:00Z,Other,2071.000,Elexon BMRS FUELHH
2016-11-18T11:00:00Z,Pumped Storage,664.000,Elexon BMRS FUELHH
2016-11-18T11:00:00Z,Wind,3938.000,Elexon BMRS FUELHH
2016-11-18T11:30:00Z,Coal,3957.000,Elexon BMRS FUELHH
2016-11-18T11:30:00Z,Gas,21923.000,Elexon BMRS FUELHH
2016-11-18T11:30:00Z,Hydro,526.000,Elexon BMRS FUELHH
2016-11-18T11:30:00Z,Imports & Exports,-220.000,Elexon BMRS FUELHH
2016-11-18T11:30:00Z,Nuclear,7986.000,Elexon BMRS FUELHH
2016-11-18T11:30:00Z,Other,2067.000,Elexon BMRS FUELHH
2016-11-18T11:30:00Z,Pumped Storage,634.000,Elexon BMRS FUELHH
2016-11-18T11:30:00Z,Wind,3644.000,Elexon BMRS FUELHH
2016-11-18T12:00:00Z,Coal,3844.000,Elexon BMRS FUELHH
2016-11-18T12:00:00Z,Gas,21742.000,Elexon BMRS FUELHH
2016-11-18T12:00:00Z,Hydro,467.000,Elexon BMRS FUELHH
2016-11-18T12:00:00Z,Imports & Exports,156.000,Elexon BMRS FUELHH
2016-11-18T12:00:00Z,Nuclear,7987.000,Elexon BMRS FUELHH
2016-11-18T12:00:00Z,Other,2075.000,Elexon BMRS FUELHH
2016-11-18T12:00:00Z,Pumped Storage,336.000,Elexon BMRS FUELHH
2016-11-18T12:00:00Z,Wind,3573.000,Elexon BMRS FUELHH
2016-11-18T12:30:00Z,Coal,3624.000,Elexon BMRS FUELHH
2016-11-18T12:30:00Z,Gas,21288.000,Elexon BMRS FUELHH
2016-11-18T12:30:00Z,Hydro,420.000,Elexon BMRS FUELHH
2016-11-18T12:30:00Z,Imports & Exports,148.000,Elexon BMRS FUELHH
2016-11-18T12:30:00Z,Nuclear,7989.000,Elexon BMRS FUELHH
2016-11-18T12:30:00Z,Other,2052.000,Elexon BMRS FUELHH
2016-11-18T12:30:00Z,Pumped Storage,894.000,Elexon BMRS FUELHH
2016-11-18T12:30:00Z,Wind,3529.000,Elexon BMRS FUELHH
2016-11-18T13:00:00Z,Coal,3725.000,Elexon BMRS FUELHH
2016-11-18T13:00:00Z,Gas,21560.000,Elexon BMRS FUELHH
2016-11-18T13:00:00Z,Hydro,402.000,Elexon BMRS FUELHH
2016-11-18T13:00:00Z,Imports & Exports,-44.000,Elexon BMRS FUELHH
2016-11-18T13:00:00Z,Nuclear,8057.000,Elexon BMRS FUELHH
2016-11-18T13:00:00Z,Other,2067.000,Elexon BMRS FUELHH
2016-11-18T13:00:00Z,Pumped Storage,740.000,Elexon BMRS FUELHH
2016-11-18T13:00:00Z,Wind,3570.000,Elexon BMRS FUELHH
2016-11-18T13:30:00Z,Coal,4101.000,Elexon BMRS FUELHH
2016-11-18T13:30:00Z,Gas,21195.000,Elexon BMRS FUELHH
2016-11-18T13:30:00Z,Hydro,401.000,Elexon BMRS FUELHH
2016-11-18T13:30:00Z,Imports & Exports,72.000,Elexon BMRS FUELHH
2016-11-18T13:30:00Z,Nuclear,8113.000,Elexon BMRS FUELHH
2016-11-18T13:30:00Z,Other,2066.000,Elexon BMRS FUELHH
2016-11-18T13:30:00Z,Pumped Storage,678.000,Elexon BMRS FUELHH
2016-11-18T13:30:00Z,Wind,3535.000,Elexon BMRS FUELHH
2016-11-18T14:00:00Z,Coal,4472.000,Elexon BMRS FUELHH
2016-11-18T14:00:00Z,Gas,21551.000,Elexon BMRS FUELHH
2016-11-18T14:00:00Z,Hydro,401.000,Elexon BMRS FUELHH
2016-11-18T14:00:00Z,Imports & Exports,-248.000,Elexon BMRS FUELHH
2016-11-18T14:00:00Z,Nuclear,8185.000,Elexon BMRS FUELHH
2016-11-18T14:00:00Z,Other,2057.000,Elexon BMRS FUELHH
2016-11-18T14:00:00Z,Pumped Storage,732.000,Elexon BMRS FUELHH
2016-11-18T14:00:00Z,Wind,3638.000,Elexon BMRS FUELHH
2016-11-18T14:30:00Z,Coal,4652.000,Elexon BMRS FUELHH
2016-11-18T14:30:00Z,Gas,21999.000,Elexon BMRS FUELHH
2016-11-18T14:30:00Z,Hydro,413.000,Elexon BMRS FUELHH
2016-11-18T14:30:00Z,Imports & Exports,-342.000,Elexon BMRS FUELHH
2016-11-18T14:30:00Z,Nuclear,8199.000,Elexon BMRS FUELHH
2016-11-18T14:30:00Z,Other,2065.000,Elexon BMRS FUELHH
2016-11-18T14:30:00Z,Pumped Storage,666.000,Elexon BMRS FUELHH
2016-11-18T14:30:00Z,Wind,3466.000,Elexon BMRS FUELHH
2016-11-18T15:00:00Z,Coal,4976.000,Elexon BMRS FUELHH
2016-11-18T15:00:00Z,Gas,21884.000,Elexon BMRS FUELHH
2016-11-18T15:00:00Z,Hydro,540.000,Elexon BMRS FUELHH
2016-11-18T15:00:00Z,Imports & Exports,-66.000,Elexon BMRS FUELHH
2016-11-18T15:00:00Z,Nuclear,8209.000,Elexon BMRS FUELHH
2016-11-18T15:00:00Z,Other,2067.000,Elexon BMRS FUELHH
2016-11-18T15:00:00Z,Pumped Storage,446.000,Elexon BMRS FUELHH
2016-11-18T15:00:00Z,Wind,3557.000,Elexon BMRS FUELHH
2016-11-18T15:30:00Z,Coal,5363.000,Elexon BMRS FUELHH
2016-11-18T15:30:00Z,Gas,22366.000,Elexon BMRS FUELHH
2016-11-18T15:30:00Z,Hydro,547.000,Elexon BMRS FUELHH
2016-11-18T15:30:00Z,Imports & Exports,222.000,Elexon BMRS FUELHH
2016-11-18T15:30:00Z,Nuclear,8203.000,Elexon BMRS FUELHH
2016-11-18T15:30:00Z,Other,2055.000,Elexon BMRS FUELHH
2016-11-18T15:30:00Z,Pumped Storage,758.000,Elexon BMRS FUELHH
2016-11-18T15:30:00Z,Wind,3389.000,Elexon BMRS FUELHH
2016-11-18T16:00:00Z,Coal,5471.000,Elexon BMRS FUELHH
2016-11-18T16:00:00Z,Gas,22140.000,Elexon BMRS FUELHH
2016-11-18T16:00:00Z,Hydro,593.000,Elexon BMRS FUELHH
2016-11-18T16:00:00Z,Imports & Exports,2308.000,Elexon BMRS FUELHH
2016-11-18T16:00:00Z,Nuclear,8212.000,Elexon BMRS FUELHH
2016-11-18T16:00:00Z,Other,2068.000,Elexon BMRS FUELHH
2016-11-18T16:00:00Z,Pumped Storage,474.000,Elexon BMRS FUELHH
2016-11-18T16:00:00Z,Wind,3506.000,Elexon BMRS FUELHH
2016-11-18T16:30:00Z,Coal,5614.000,Elexon BMRS FUELHH
2016-11-18T16:30:00Z,Gas,22730.000,Elexon BMRS FUELHH
2016-11-18T16:30:00Z,Hydro,850.000,Elexon BMRS FUELHH
2016-11-18T16:30:00Z,Imports & Exports,2634.000,Elexon BMRS FUELHH
2016-11-18T16:30:00Z,Nuclear,8208.000,Elexon BMRS FUELHH
2016-11-18T16:30:00Z,Other,2067.000,Elexon BMRS FUELHH
2016-11-18T16:30:00Z,Pumped Storage,1256.000,Elexon BMRS FUELHH
2016-11-18T16:30:00Z,Wind,3503.000,Elexon BMRS FUELHH
2016-11-18T17:00:00Z,Coal,5826.000,Elexon BMRS FUELHH
2016-11-18T17:00:00Z,Gas,22799.000,Elexon BMRS FUELHH
2016-11-18T17:00:00Z,Hydro,924.000,Elexon BMRS FUELHH
2016-11-18T17:00:00Z,Imports & Exports,2464.000,Elexon BMRS FUELHH
2016-11-18T17:00:00Z,Nuclear,8206.000,Elexon BMRS FUELHH
2016-11-18T17:00:00Z,Other,2060.000,Elexon BMRS FUELHH
2016-11-18T17:00:00Z,Pumped Storage,1532.000,Elexon BMRS FUELHH
2016-11-18T17:00:00Z,Wind,3657.000,Elexon BMRS FUELHH
2016-11-18T17:30:00Z,Coal,5496.000,Elexon BMRS FUELHH
2016-11-18T17:30:00Z,Gas,22651.000,Elexon BMRS FUELHH
2016-11-18T17:30:00Z,Hydro,928.000,Elexon BMRS FUELHH
2016-11-18T17:30:00Z,Imports & Exports,2232.000,Elexon BMRS FUELHH
2016-11-18T17:30:00Z,Nuclear,8210.000,Elexon BMRS FUELHH
2016-11-18T17:30:00Z,Other,2061.000,Elexon BMRS FUELHH
2016-11-18T17:30:00Z,Pumped Storage,1518.000,Elexon BMRS FUELHH
2016-11-18T17:30:00Z,Wind,3900.000,Elexon BMRS FUELHH
2016-11-18T18:00:00Z,Coal,5372.000,Elexon BMRS FUELHH
2016-11-18T18:00:00Z,Gas,22539.000,Elexon BMRS FUELHH
2016-11-18T18:00:00Z,Hydro,931.000,Elexon BMRS FUELHH
2016-11-18T18:00:00Z,Imports & Exports,2162.000,Elexon BMRS FUELHH
2016-11-18T18:00:00Z,Nuclear,8200.000,Elexon BMRS FUELHH
2016-11-18T18:00:00Z,Other,2061.000,Elexon BMRS FUELHH
2016-11-18T18:00:00Z,Pumped Storage,1202.000,Elexon BMRS FUELHH
2016-11-18T18:00:00Z,Wind,3850.000,Elexon BMRS FUELHH
2016-11-18T18:30:00Z,Coal,5130.000,Elexon BMRS FUELHH
2016-11-18T18:30:00Z,Gas,22444.000,Elexon BMRS FUELHH
2016-11-18T18:30:00Z,Hydro,888.000,Elexon BMRS FUELHH
2016-11-18T18:30:00Z,Imports & Exports,2284.000,Elexon BMRS FUELHH
2016-11-18T18:30:00Z,Nuclear,8201.000,Elexon BMRS FUELHH
2016-11-18T18:30:00Z,Other,2062.000,Elexon BMRS FUELHH
2016-11-18T18:30:00Z,Pumped Storage,468.000,Elexon BMRS FUELHH
2016-11-18T18:30:00Z,Wind,4099.000,Elexon BMRS FUELHH
2016-11-18T19:00:00Z,Coal,4992.000,Elexon BMRS FUELHH
2016-11-18T19:00:00Z,Gas,22020.000,Elexon BMRS FUELHH
2016-11-18T19:00:00Z,Hydro,723.000,Elexon BMRS FUELHH
2016-11-18T19:00:00Z,Imports & Exports,2390.000,Elexon BMRS FUELHH
2016-11-18T19:00:00Z,Nuclear,8202.000,Elexon BMRS FUELHH
2016-11-18T19:00:00Z,Other,2024.000,Elexon BMRS FUELHH
2016-11-18T19:00:00Z,Pumped Storage,556.000,Elexon BMRS FUELHH
2016-11-18T19:00:00Z,Wind,4110.000,Elexon BMRS FUELHH
2016-11-18T19:30:00Z,Coal,4259.000,Elexon BMRS FUELHH
2016-11-18T19:30:00Z,Gas,21676.000,Elexon BMRS FUELHH
2016-11-18T19:30:00Z,Hydro,686.000,Elexon BMRS FUELHH
2016-11-18T19:30:00Z,Imports & Exports,2068.000,Elexon BMRS FUELHH
2016-11-18T19:30:00Z,Nuclear,8215.000,Elexon BMRS FUELHH
2016-11-18T19:30:00Z,Other,2054.000,Elexon BMRS FUELHH
2016-11-18T19:30:00Z,Pumped Storage,380.000,Elexon BMRS FUELHH
2016-11-18T19:30:00Z,Wind,4072.000,Elexon BMRS FUELHH
2016-11-18T20:00:00Z,Coal,3807.000,Elexon BMRS FUELHH
2016-11-18T20:00:00Z,Gas,21918.000,Elexon BMRS FUELHH
2016-11-18T20:00:00Z,Hydro,680.000,Elexon BMRS FUELHH
2016-11-18T20:00:00Z,Imports & Exports,1040.000,Elexon BMRS FUELHH
2016-11-18T20:00:00Z,Nuclear,8204.000,Elexon BMRS FUELHH
2016-11-18T20:00:00Z,Other,1996.000,Elexon BMRS FUELHH
2016-11-18T20:00:00Z,Pumped Storage,566.000,Elexon BMRS FUELHH
2016-11-18T20:00:00Z,Wind,3884.000,Elexon BMRS FUELHH
2016-11-18T20:30:00Z,Coal,3623.000,Elexon BMRS FUELHH
2016-11-18T20:30:00Z,Gas,20808.000,Elexon BMRS FUELHH
2016-11-18T20:30:00Z,Hydro,682.000,Elexon BMRS FUELHH
2016-11-18T20:30:00Z,Imports & Exports,958.000,Elexon BMRS FUELHH
2016-11-18T20:30:00Z,Nuclear,8207.000,Elexon BMRS FUELHH
2016-11-18T20:30:00Z,Other,1990.000,Elexon BMRS FUELHH
2016-11-18T20:30:00Z,Pumped Storage,390.000,Elexon BMRS FUELHH
2016-11-18T20:30:00Z,Wind,3757.000,Elexon BMRS FUELHH
2016-11-18T21:00:00Z,Coal,3492.000,Elexon BMRS FUELHH
2016-11-18T21:00:00Z,Gas,19270.000,Elexon BMRS FUELHH
2016-11-18T21:00:00Z,Hydro,474.000,Elexon BMRS FUELHH
2016-11-18T21:00:00Z,Imports & Exports,1086.000,Elexon BMRS FUELHH
2016-11-18T21:00:00Z,Nuclear,8195.000,Elexon BMRS FUELHH
2016-11-18T21:00:00Z,Other,1983.000,Elexon BMRS FUELHH
2016-11-18T21:00:00Z,Pumped Storage,478.000,Elexon BMRS FUELHH
2016-11-18T21:00:00Z,Wind,3778.000,Elexon BMRS FUELHH
2016-11-18T21:30:00Z,Coal,3114.000,Elexon BMRS FUELHH
2016-11-18T21:30:00Z,Gas,17934.000,Elexon BMRS FUELHH
2016-11-18T21:30:00Z,Hydro,443.000,Elexon BMRS FUELHH
2016-11-18T21:30:00Z,Imports & Exports,996.000,Elexon BMRS FUELHH
2016-11-18T21:30:00Z,Nuclear,8084.000,Elexon BMRS FUELHH
2016-11-18T21:30:00Z,Other,1973.000,Elexon BMRS FUELHH
2016-11-18T21:30:00Z,Pumped Storage,364.000,Elexon BMRS FUELHH
2016-11-18T21:30:00Z,Wind,3831.000,Elexon BMRS FUELHH
2016-11-18T22:00:00Z,Coal,2393.000,Elexon BMRS FUELHH
2016-11-18T22:00:00Z,Gas,17112.000,Elexon BMRS FUELHH
2016-11-18T22:00:00Z,Hydro,426.000,Elexon BMRS FUELHH
2016-11-18T22:00:00Z,Imports & Exports,482.000,Elexon BMRS FUELHH
2016-11-18T22:00:00Z,Nuclear,8062.000,Elexon BMRS FUELHH
2016-11-18T22:00:00Z,Other,1984.000,Elexon BMRS FUELHH
2016-11-18T22:00:00Z,Pumped Storage,498.000,Elexon BMRS FUELHH
2016-11-18T22:00:00Z,Wind,3869.000,Elexon BMRS FUELHH
2016-11-18T22:30:00Z,Coal,1777.000,Elexon BMRS FUELHH
2016-11-18T22:30:00Z,Gas,16319.000,Elexon BMRS FUELHH
2016-11-18T22:30:00Z,Hydro,419.000,Elexon BMRS FUELHH
2016-11-18T22:30:00Z,Imports & Exports,534.000,Elexon BMRS FUELHH
2016-11-18T22:30:00Z,Nuclear,8063.000,Elexon BMRS FUELHH
2016-11-18T22:30:00Z,Other,1985.000,Elexon BMRS FUELHH
2016-11-18T22:30:00Z,Pumped Storage,344.000,Elexon BMRS FUELHH
2016-11-18T22:30:00Z,Wind,3985.000,Elexon BMRS FUELHH
2016-11-18T23:00:00Z,Coal,1489.000,Elexon BMRS FUELHH
2016-11-18T23:00:00Z,Gas,15499.000,Elexon BMRS FUELHH
2016-11-18T23:00:00Z,Hydro,299.000,Elexon BMRS FUELHH
2016-11-18T23:00:00Z,Imports & Exports,240.000,Elexon BMRS FUELHH
2016-11-18T23:00:00Z,Nuclear,8062.000,Elexon BMRS FUELHH
2016-11-18T23:00:00Z,Other,1983.000,Elexon BMRS FUELHH
2016-11-18T23:00:00Z,Pumped Storage,-252.000,Elexon BMRS FUELHH
2016-11-18T23:00:00Z,Wind,4065.000,Elexon BMRS FUELHH
2016-11-18T23:30:00Z,Coal,1522.000,Elexon BMRS FUELHH
2016-11-18T23:30:00Z,Gas,15233.000,Elexon BMRS FUELHH
2016-11-18T23:30:00Z,Hydro,282.000,Elexon BMRS FUELHH
2016-11-18T23:30:00Z,Imports & Exports,250.000,Elexon BMRS FUELHH
2016-11-18T23:30:00Z,Nuclear,8063.000,Elexon BMRS FUELHH
2016-11-18T23:30:00Z,Other,1982.000,Elexon BMRS FUELHH
2016-11-18T23:30:00Z,Pumped Storage,-1210.000,Elexon BMRS FUELHH
2016-11-18T23:30:00Z,Wind,4055.000,Elexon BMRS FUELHH
2016-11-19T00:00:00Z,Coal,1522.000,Elexon BMRS FUELHH
2016-11-19T00:00:00Z,Gas,15214.000,Elexon BMRS FUELHH
2016-11-19T00:00:00Z,Hydro,286.000,Elexon BMRS FUELHH
2016-11-19T00:00:00Z,Imports & Exports,274.000,Elexon BMRS FUELHH
2016-11-19T00:00:00Z,Nuclear,8063.000,Elexon BMRS FUELHH
2016-11-19T00:00:00Z,Other,1975.000,Elexon BMRS FUELHH
2016-11-19T00:00:00Z,Pumped Storage,-1556.000,Elexon BMRS FUELHH
2016-11-19T00:00:00Z,Wind,3905.000,Elexon BMRS FUELHH
2016-11-19T00:30:00Z,Coal,1521.000,Elexon BMRS FUELHH
2016-11-19T00:30:00Z,Gas,15196.000,Elexon BMRS FUELHH
2016-11-19T00:30:00Z,Hydro,468.000,Elexon BMRS FUELHH
2016-11-19T00:30:00Z,Imports & Exports,280.000,Elexon BMRS FUELHH
2016-11-19T00:30:00Z,Nuclear,8058.000,Elexon BMRS FUELHH
2016-11-19T00:30:00Z,Other,1960.000,Elexon BMRS FUELHH
2016-11-19T00:30:00Z,Pumped Storage,-1698.000,Elexon BMRS FUELHH
2016-11-19T00:30:00Z,Wind,4026.000,Elexon BMRS FUELHH
2016-11-19T01:00:00Z,Coal,1522.000,Elexon BMRS FUELHH
2016-11-19T01:00:00Z,Gas,14517.000,Elexon BMRS FUELHH
2016-11-19T01:00:00Z,Hydro,304.000,Elexon BMRS FUELHH
2016-11-19T01:00:00Z,Imports & Exports,826.000,Elexon BMRS FUELHH
2016-11-19T01:00:00Z,Nuclear,7983.000,Elexon BMRS FUELHH
2016-11-19T01:00:00Z,Other,1965.000,Elexon BMRS FUELHH
2016-11-19T01:00:00Z,Pumped Storage,-1698.000,Elexon BMRS FUELHH
2016-11-19T01:00:00Z,Wind,3830.000,Elexon BMRS FUELHH
2016-11-19T01:30:00Z,Coal,1522.000,Elexon BMRS FUELHH
2016-11-19T01:30:00Z,Gas,13790.000,Elexon BMRS FUELHH
2016-11-19T01:30:00Z,Hydro,229.000,Elexon BMRS FUELHH
2016-11-19T01:30:00Z,Imports & Exports,790.000,Elexon BMRS FUELHH
2016-11-19T01:30:00Z,Nuclear,7973.000,Elexon BMRS FUELHH
2016-11-19T01:30:00Z,Other,1970.000,Elexon BMRS FUELHH
2016-11-19T01:30:00Z,Pumped Storage,-1768.000,Elexon BMRS FUELHH
2016-11-19T01:30:00Z,Wind,3855.000,Elexon BMRS FUELHH
2016-11-19T02:00:00Z,Coal,1519.000,Elexon BMRS FUELHH
2016-11-19T02:00:00Z,Gas,12620.000,Elexon BMRS FUELHH
2016-11-19T02:00:00Z,Hydro,224.000,Elexon BMRS FUELHH
2016-11-19T02:00:00Z,Imports & Exports,976.000,Elexon BMRS FUELHH
2016-11-19T02:00:00Z,Nuclear,7982.000,Elexon BMRS FUELHH
2016-11-19T02:00:00Z,Other,1910.000,Elexon BMRS FUELHH
2016-11-19T02:00:00Z,Pumped Storage,-1784.000,Elexon BMRS FUELHH
2016-11-19T02:00:00Z,Wind,4143.000,Elexon BMRS FUELHH
2016-11-19T02:30:00Z,Coal,1489.000,Elexon BMRS FUELHH
2016-11-19T02:30:00Z,Gas,13048.000,Elexon BMRS FUELHH
2016-11-19T02:30:00Z,Hydro,223.000,Elexon BMRS FUELHH
2016-11-19T02:30:00Z,Imports & Exports,836.000,Elexon BMRS FUELHH
2016-11-19T02:30:00Z,Nuclear,7980.000,Elexon BMRS FUELHH
2016-11-19T02:30:00Z,Other,1571.000,Elexon BMRS FUELHH
2016-11-19T02:30:00Z,Pumped Storage,-1634.000,Elexon BMRS FUELHH
2016-11-19T02:30:00Z,Wind,3876.000,Elexon BMRS FUELHH
2016-11-19T03:00:00Z,Coal,1436.000,Elexon BMRS FUELHH
2016-11-19T03:00:00Z,Gas,12857.000,Elexon BMRS FUELHH
2016-11-19T03:00:00Z,Hydro,222.000,Elexon BMRS FUELHH
2016-11-19T03:00:00Z,Imports & Exports,1118.000,Elexon BMRS FUELHH
2016-11-19T03:00:00Z,Nuclear,7985.000,Elexon BMRS FUELHH
2016-11-19T03:00:00Z,Other,1242.000,Elexon BMRS FUELHH
2016-11-19T03:00:00Z,Pumped Storage,-1848.000,Elexon BMRS FUELHH
2016-11-19T03:00:00Z,Wind,3723.000,Elexon BMRS FUELHH
2016-11-19T03:30:00Z,Coal,1456.000,Elexon BMRS FUELHH
2016-11-19T03:30:00Z,Gas,12376.000,Elexon BMRS FUELHH
2016-11-19T03:30:00Z,Hydro,223.000,Elexon BMRS FUELHH
2016-11-19T03:30:00Z,Imports & Exports,1094.000,Elexon BMRS FUELHH
2016-11-19T03:30:00Z,Nuclear,7989.000,Elexon BMRS FUELHH
2016-11-19T03:30:00Z,Other,1237.000,Elexon BMRS FUELHH
2016-11-19T03:30:00Z,Pumped Storage,-2090.000,Elexon BMRS FUELHH
2016-11-19T03:30:00Z,Wind,3788.000,Elexon BMRS FUELHH
2016-11-19T04:00:00Z,Coal,1461.000,Elexon BMRS FUELHH
2016-11-19T04:00:00Z,Gas,12503.000,Elexon BMRS FUELHH
2016-11-19T04:00:00Z,Hydro,223.000,Elexon BMRS FUELHH
2016-11-19T04:00:00Z,Imports & Exports,394.000,Elexon BMRS FUELHH
2016-11-19T04:00:00Z,Nuclear,8057.000,Elexon BMRS FUELHH
2016-11-19T04:00:00Z,Other,1226.000,Elexon BMRS FUELHH
2016-11-19T04:00:00Z,Pumped Storage,-2074.000,Elexon BMRS FUELHH
2016-11-19T04:00:00Z,Wind,3817.000,Elexon BMRS FUELHH
2016-11-19T04:30:00Z,Coal,1427.000,Elexon BMRS FUELHH
2016-11-19T04:30:00Z,Gas,12347.000,Elexon BMRS FUELHH
2016-11-19T04:30:00Z,Hydro,220.000,Elexon BMRS FUELHH
2016-11-19T04:30:00Z,Imports & Exports,392.000,Elexon BMRS FUELHH
2016-11-19T04:30:00Z,Nuclear,8091.000,Elexon BMRS FUELHH
2016-11-19T04:30:00Z,Other,1247.000,Elexon BMRS FUELHH
2016-11-19T04:30:00Z,Pumped Storage,-2062.000,Elexon BMRS FUELHH
2016-11-19T04:30:00Z,Wind,3872.000,Elexon BMRS FUELHH
2016-11-19T05:00:00Z,Coal,1288.000,Elexon BMRS FUELHH
2016-11-19T05:00:00Z,Gas,12036.000,Elexon BMRS FUELHH
2016-11-19T05:00:00Z,Hydro,216.000,Elexon BMRS FUELHH
2016-11-19T05:00:00Z,Imports & Exports,868.000,Elexon BMRS FUELHH
2016-11-19T05:00:00Z,Nuclear,8174.000,Elexon BMRS FUELHH
2016-11-19T05:00:00Z,Other,1426.000,Elexon BMRS FUELHH
2016-11-19T05:00:00Z,Pumped Storage,-2048.000,Elexon BMRS FUELHH
2016-11-19T05:00:00Z,Wind,3869.000,Elexon BMRS FUELHH
2016-11-19T05:30:00Z,Coal,1390.000,Elexon BMRS FUELHH
2016-11-19T05:30:00Z,Gas,11950.000,Elexon BMRS FUELHH
2016-11-19T05:30:00Z,Hydro,218.000,Elexon BMRS FUELHH
2016-11-19T05:30:00Z,Imports & Exports,1032.000,Elexon BMRS FUELHH
2016-11-19T05:30:00Z,Nuclear,8209.000,Elexon BMRS FUELHH
2016-11-19T05:30:00Z,Other,1650.000,Elexon BMRS FUELHH
2016-11-19T05:30:00Z,Pumped Storage,-1920.000,Elexon BMRS FUELHH
2016-11-19T05:30:00Z,Wind,3838.000,Elexon BMRS FUELHH
2016-11-19T06:00:00Z,Coal,1560.000,Elexon BMRS FUELHH
2016-11-19T06:00:00Z,Gas,12168.000,Elexon BMRS FUELHH
2016-11-19T06:00:00Z,Hydro,242.000,Elexon BMRS FUELHH
2016-11-19T06:00:00Z,Imports & Exports,1192.000,Elexon BMRS FUELHH
2016-11-19T06:00:00Z,Nuclear,8208.000,Elexon BMRS FUELHH
2016-11-19T06:00:00Z,Other,1824.000,Elexon BMRS FUELHH
2016-11-19T06:00:00Z,Pumped Storage,-1088.000,Elexon BMRS FUELHH
2016-11-19T06:00:00Z,Wind,3956.000,Elexon BMRS FUELHH
2016-11-19T06:30:00Z,Coal,1670.000,Elexon BMRS FUELHH
2016-11-19T06:30:00Z,Gas,12460.000,Elexon BMRS FUELHH
2016-11-19T06:30:00Z,Hydro,261.000,Elexon BMRS FUELHH
2016-11-19T06:30:00Z,Imports & Exports,1206.000,Elexon BMRS FUELHH
2016-11-19T06:30:00Z,Nuclear,8210.000,Elexon BMRS FUELHH
2016-11-19T06:30:00Z,Other,1895.000,Elexon BMRS FUELHH
2016-11-19T06:30:00Z,Pumped Storage,60.000,Elexon BMRS FUELHH
2016-11-19T06:30:00Z,Wind,3725.000,Elexon BMRS FUELHH
2016-11-19T07:00:00Z,Coal,1927.000,Elexon BMRS FUELHH
2016-11-19T07:00:00Z,Gas,15432.000,Elexon BMRS FUELHH
2016-11-19T07:00:00Z,Hydro,299.000,Elexon BMRS FUELHH
2016-11-19T07:00:00Z,Imports & Exports,-144.000,Elexon BMRS FUELHH
2016-11-19T07:00:00Z,Nuclear,8208.000,Elexon BMRS FUELHH
2016-11-19T07:00:00Z,Other,1888.000,Elexon BMRS FUELHH
2016-11-19T07:00:00Z,Pumped Storage,332.000,Elexon BMRS FUELHH
2016-11-19T07:00:00Z,Wind,3605.000,Elexon BMRS FUELHH
2016-11-19T07:30:00Z,Coal,1931.000,Elexon BMRS FUELHH
2016-11-19T07:30:00Z,Gas,16466.000,Elexon BMRS FUELHH
2016-11-19T07:30:00Z,Hydro,304.000,Elexon BMRS FUELHH
2016-11-19T07:30:00Z,Imports & Exports,-140.000,Elexon BMRS FUELHH
2016-11-19T07:30:00Z,Nuclear,8213.000,Elexon BMRS FUELHH
2016-11-19T07:30:00Z,Other,1869.000,Elexon BMRS FUELHH
2016-11-19T07:30:00Z,Pumped Storage,430.000,Elexon BMRS FUELHH
2016-11-19T07:30:00Z,Wind,3644.000,Elexon BMRS FUELHH
2016-11-19T08:00:00Z,Coal,1943.000,Elexon BMRS FUELHH
2016-11-19T08:00:00Z,Gas,17097.000,Elexon BMRS FUELHH
2016-11-19T08:00:00Z,Hydro,364.000,Elexon BMRS FUELHH
2016-11-19T08:00:00Z,Imports & Exports,1406.000,Elexon BMRS FUELHH
2016-11-19T08:00:00Z,Nuclear,8213.000,Elexon BMRS FUELHH
2016-11-19T08:00:00Z,Other,1875.000,Elexon BMRS FUELHH
2016-11-19T08:00:00Z,Pumped Storage,334.000,Elexon BMRS FUELHH
2016-11-19T08:00:00Z,Wind,3396.000,Elexon BMRS FUELHH
2016-11-19T08:30:00Z,Coal,2131.000,Elexon BMRS FUELHH
2016-11-19T08:30:00Z,Gas,18400.000,Elexon BMRS FUELHH
2016-11-19T08:30:00Z,Hydro,396.000,Elexon BMRS FUELHH
2016-11-19T08:30:00Z,Imports & Exports,1344.000,Elexon BMRS FUELHH
2016-11-19T08:30:00Z,Nuclear,8213.000,Elexon BMRS FUELHH
2016-11-19T08:30:00Z,Other,1849.000,Elexon BMRS FUELHH
2016-11-19T08:30:00Z,Pumped Storage,356.000,Elexon BMRS FUELHH
2016-11-19T08:30:00Z,Wind,3223.000,Elexon BMRS FUELHH
2016-11-19T09:00:00Z,Coal,2172.000,Elexon BMRS FUELHH
2016-11-19T09:00:00Z,Gas,18768.000,Elexon BMRS FUELHH
2016-11-19T09:00:00Z,Hydro,548.000,Elexon BMRS FUELHH
2016-11-19T09:00:00Z,Imports & Exports,1892.000,Elexon BMRS FUELHH
2016-11-19T09:00:00Z,Nuclear,8211.000,Elexon BMRS FUELHH
2016-11-19T09:00:00Z,Other,1840.000,Elexon BMRS FUELHH
2016-11-19T09:00:00Z,Pumped Storage,394.000,Elexon BMRS FUELHH
2016-11-19T09:00:00Z,Wind,3022.000,Elexon BMRS FUELHH
2016-11-19T09:30:00Z,Coal,2256.000,Elexon BMRS FUELHH
2016-11-19T09:30:00Z,Gas,18646.000,Elexon BMRS FUELHH
2016-11-19T09:30:00Z,Hydro,538.000,Elexon BMRS FUELHH
2016-11-19T09:30:00Z,Imports & Exports,2238.000,Elexon BMRS FUELHH
2016-11-19T09:30:00Z,Nuclear,8211.000,Elexon BMRS FUELHH
2016-11-19T09:30:00Z,Other,1818.000,Elexon BMRS FUELHH
2016-11-19T09:30:00Z,Pumped Storage,344.000,Elexon BMRS FUELHH
2016-11-19T09:30:00Z,Wind,2886.000,Elexon BMRS FUELHH
2016-11-19T10:00:00Z,Coal,2504.000,Elexon BMRS FUELHH
2016-11-19T10:00:00Z,Gas,18295.000,Elexon BMRS FUELHH
2016-11-19T10:00:00Z,Hydro,552.000,Elexon BMRS FUELHH
2016-11-19T10:00:00Z,Imports & Exports,2400.000,Elexon BMRS FUELHH
2016-11-19T10:00:00Z,Nuclear,8214.000,Elexon BMRS FUELHH
2016-11-19T10:00:00Z,Other,1820.000,Elexon BMRS FUELHH
2016-11-19T10:00:00Z,Pumped Storage,358.000,Elexon BMRS FUELHH
2016-11-19T10:00:00Z,Wind,2791.000,Elexon BMRS FUELHH
2016-11-19T10:30:00Z,Coal,2782.000,Elexon BMRS FUELHH
2016-11-19T10:30:00Z,Gas,17770.000,Elexon BMRS FUELHH
2016-11-19T10:30:00Z,Hydro,535.000,Elexon BMRS FUELHH
2016-11-19T10:30:00Z,Imports & Exports,2402.000,Elexon BMRS FUELHH
2016-11-19T10:30:00Z,Nuclear,8214.000,Elexon BMRS FUELHH
2016-11-19T10:30:00Z,Other,1880.000,Elexon BMRS FUELHH
2016-11-19T10:30:00Z,Pumped Storage,380.000,Elexon BMRS FUELHH
2016-11-19T10:30:00Z,Wind,2716.000,Elexon BMRS FUELHH
2016-11-19T11:00:00Z,Coal,2816.000,Elexon BMRS FUELHH
2016-11-19T11:00:00Z,Gas,17729.000,Elexon BMRS FUELHH
2016-11-19T11:00:00Z,Hydro,512.000,Elexon BMRS FUELHH
2016-11-19T11:00:00Z,Imports & Exports,2460.000,Elexon BMRS FUELHH
2016-11-19T11:00:00Z,Nuclear,8222.000,Elexon BMRS FUELHH
2016-11-19T11:00:00Z,Other,1949.000,Elexon BMRS FUELHH
2016-11-19T11:00:00Z,Pumped Storage,356.000,Elexon BMRS FUELHH
2016-11-19T11:00:00Z,Wind,2600.000,Elexon BMRS FUELHH
2016-11-19T11:30:00Z,Coal,2721.000,Elexon BMRS FUELHH
2016-11-19T11:30:00Z,Gas,17909.000,Elexon BMRS FUELHH
2016-11-19T11:30:00Z,Hydro,489.000,Elexon BMRS FUELHH
2016-11-19T11:30:00Z,Imports & Exports,2424.000,Elexon BMRS FUELHH
2016-11-19T11:30:00Z,Nuclear,8218.000,Elexon BMRS FUELHH
2016-11-19T11:30:00Z,Other,1955.000,Elexon BMRS FUELHH
2016-11-19T11:30:00Z,Pumped Storage,406.000,Elexon BMRS FUELHH
2016-11-19T11:30:00Z,Wind,2521.000,Elexon BMRS FUELHH
2016-11-19T12:00:00Z,Coal,2645.000,Elexon BMRS FUELHH
2016-11-19T12:00:00Z,Gas,18476.000,Elexon BMRS FUELHH
2016-11-19T12:00:00Z,Hydro,375.000,Elexon BMRS FUELHH
2016-11-19T12:00:00Z,Imports & Exports,2464.000,Elexon BMRS FUELHH
2016-11-19T12:00:00Z,Nuclear,8149.000,Elexon BMRS FUELHH
2016-11-19T12:00:00Z,Other,1959.000,Elexon BMRS FUELHH
2016-11-19T12:00:00Z,Pumped Storage,394.000,Elexon BMRS FUELHH
2016-11-19T12:00:00Z,Wind,2476.000,Elexon BMRS FUELHH
2016-11-19T12:30:00Z,Coal,2895.000,Elexon BMRS FUELHH
2016-11-19T12:30:00Z,Gas,18556.000,Elexon BMRS FUELHH
2016-11-19T12:30:00Z,Hydro,340.000,Elexon BMRS FUELHH
2016-11-19T12:30:00Z,Imports & Exports,2438.000,Elexon BMRS FUELHH
2016-11-19T12:30:00Z,Nuclear,8040.000,Elexon BMRS FUELHH
2016-11-19T12:30:00Z,Other,1970.000,Elexon BMRS FUELHH
2016-11-19T12:30:00Z,Pumped Storage,342.000,Elexon BMRS FUELHH
2016-11-19T12:30:00Z,Wind,2466.000,Elexon BMRS FUELHH
2016-11-19T13:00:00Z,Coal,3060.000,Elexon BMRS FUELHH
2016-11-19T13:00:00Z,Gas,18638.000,Elexon BMRS FUELHH
2016-11-19T13:00:00Z,Hydro,236.000,Elexon BMRS FUELHH
2016-11-19T13:00:00Z,Imports & Exports,2466.000,Elexon BMRS FUELHH
2016-11-19T13:00:00Z,Nuclear,8009.000,Elexon BMRS FUELHH
2016-11-19T13:00:00Z,Other,1970.000,Elexon BMRS FUELHH
2016-11-19T13:00:00Z,Pumped Storage,424.000,Elexon BMRS FUELHH
2016-11-19T13:00:00Z,Wind,2371.000,Elexon BMRS FUELHH
2016-11-19T13:30:00Z,Coal,3031.000,Elexon BMRS FUELHH
2016-11-19T13:30:00Z,Gas,19049.000,Elexon BMRS FUELHH
2016-11-19T13:30:00Z,Hydro,231.000,Elexon BMRS FUELHH
2016-11-19T13:30:00Z,Imports & Exports,2468.000,Elexon BMRS FUELHH
2016-11-19T13:30:00Z,Nuclear,8004.000,Elexon BMRS FUELHH
2016-11-19T13:30:00Z,Other,1975.000,Elexon BMRS FUELHH
2016-11-19T13:30:00Z,Pumped Storage,374.000,Elexon BMRS FUELHH
2016-11-19T13:30:00Z,Wind,2335.000,Elexon BMRS FUELHH
2016-11-19T14:00:00Z,Coal,3006.000,Elexon BMRS FUELHH
2016-11-19T14:00:00Z,Gas,19268.000,Elexon BMRS FUELHH
2016-11-19T14:00:00Z,Hydro,224.000,Elexon BMRS FUELHH
2016-11-19T14:00:00Z,Imports & Exports,2450.000,Elexon BMRS FUELHH
2016-11-19T14:00:00Z,Nuclear,8000.000,Elexon BMRS FUELHH
2016-11-19T14:00:00Z,Other,1914.000,Elexon BMRS FUELHH
2016-11-19T14:00:00Z,Pumped Storage,578.000,Elexon BMRS FUELHH
2016-11-19T14:00:00Z,Wind,2140.000,Elexon BMRS FUELHH
2016-11-19T14:30:00Z,Coal,3181.000,Elexon BMRS FUELHH
2016-11-19T14:30:00Z,Gas,19678.000,Elexon BMRS FUELHH
2016-11-19T14:30:00Z,Hydro,227.000,Elexon BMRS FUELHH
2016-11-19T14:30:00Z,Imports & Exports,2460.000,Elexon BMRS FUELHH
2016-11-19T14:30:00Z,Nuclear,8007.000,Elexon BMRS FUELHH
2016-11-19T14:30:00Z,Other,1847.000,Elexon BMRS FUELHH
2016-11-19T14:30:00Z,Pumped Storage,402.000,Elexon BMRS FUELHH
2016-11-19T14:30:00Z,Wind,2224.000,Elexon BMRS FUELHH
2016-11-19T15:00:00Z,Coal,3654.000,Elexon BMRS FUELHH
2016-11-19T15:00:00Z,Gas,19686.000,Elexon BMRS FUELHH
2016-11-19T15:00:00Z,Hydro,279.000,Elexon BMRS FUELHH
2016-11-19T15:00:00Z,Imports & Exports,2430.000,Elexon BMRS FUELHH
2016-11-19T15:00:00Z,Nuclear,8115.000,Elexon BMRS FUELHH
2016-11-19T15:00:00Z,Other,1891.000,Elexon BMRS FUELHH
2016-11-19T15:00:00Z,Pumped Storage,464.000,Elexon BMRS FUELHH
2016-11-19T15:00:00Z,Wind,2126.000,Elexon BMRS FUELHH
2016-11-19T15:30:00Z,Coal,4341.000,Elexon BMRS FUELHH
2016-11-19T15:30:00Z,Gas,19854.000,Elexon BMRS FUELHH
2016-11-19T15:30:00Z,Hydro,319.000,Elexon BMRS FUELHH
2016-11-19T15:30:00Z,Imports & Exports,2510.000,Elexon BMRS FUELHH
2016-11-19T15:30:00Z,Nuclear,8193.000,Elexon BMRS FUELHH
2016-11-19T15:30:00Z,Other,1894.000,Elexon BMRS FUELHH
2016-11-19T15:30:00Z,Pumped Storage,460.000,Elexon BMRS FUELHH
2016-11-19T15:30:00Z,Wind,1955.000,Elexon BMRS FUELHH
2016-11-19T16:00:00Z,Coal,5364.000,Elexon BMRS FUELHH
2016-11-19T16:00:00Z,Gas,20455.000,Elexon BMRS FUELHH
2016-11-19T16:00:00Z,Hydro,421.000,Elexon BMRS FUELHH
2016-11-19T16:00:00Z,Imports & Exports,2742.000,Elexon BMRS FUELHH
2016-11-19T16:00:00Z,Nuclear,8214.000,Elexon BMRS FUELHH
2016-11-19T16:00:00Z,Other,1894.000,Elexon BMRS FUELHH
2016-11-19T16:00:00Z,Pumped Storage,346.000,Elexon BMRS FUELHH
2016-11-19T16:00:00Z,Wind,2103.000,Elexon BMRS FUELHH
2016-11-19T16:30:00Z,Coal,6201.000,Elexon BMRS FUELHH
2016-11-19T16:30:00Z,Gas,20902.000,Elexon BMRS FUELHH
2016-11-19T16:30:00Z,Hydro,745.000,Elexon BMRS FUELHH
2016-11-19T16:30:00Z,Imports & Exports,2684.000,Elexon BMRS FUELHH
2016-11-19T16:30:00Z,Nuclear,8213.000,Elexon BMRS FUELHH
2016-11-19T16:30:00Z,Other,1895.000,Elexon BMRS FUELHH
2016-11-19T16:30:00Z,Pumped Storage,736.000,Elexon BMRS FUELHH
2016-11-19T16:30:00Z,Wind,2426.000,Elexon BMRS FUELHH
2016-11-19T17:00:00Z,Coal,6435.000,Elexon BMRS FUELHH
2016-11-19T17:00:00Z,Gas,21493.000,Elexon BMRS FUELHH
2016-11-19T17:00:00Z,Hydro,844.000,Elexon BMRS FUELHH
2016-11-19T17:00:00Z,Imports & Exports,2382.000,Elexon BMRS FUELHH
2016-11-19T17:00:00Z,Nuclear,8211.000,Elexon BMRS FUELHH
2016-11-19T17:00:00Z,Other,1888.000,Elexon BMRS FUELHH
2016-11-19T17:00:00Z,Pumped Storage,1310.000,Elexon BMRS FUELHH
2016-11-19T17:00:00Z,Wind,2136.000,Elexon BMRS FUELHH
2016-11-19T17:30:00Z,Coal,6709.000,Elexon BMRS FUELHH
2016-11-19T17:30:00Z,Gas,21535.000,Elexon BMRS FUELHH
2016-11-19T17:30:00Z,Hydro,841.000,Elexon BMRS FUELHH
2016-11-19T17:30:00Z,Imports & Exports,2114.000,Elexon BMRS FUELHH
2016-11-19T17:30:00Z,Nuclear,8211.000,Elexon BMRS FUELHH
2016-11-19T17:30:00Z,Other,1841.000,Elexon BMRS FUELHH
2016-11-19T17:30:00Z,Pumped Storage,1310.000,Elexon BMRS FUELHH
2016-11-19T17:30:00Z,Wind,2068.000,Elexon BMRS FUELHH
2016-11-19T18:00:00Z,Coal,6725.000,Elexon BMRS FUELHH
2016-11-19T18:00:00Z,Gas,21333.000,Elexon BMRS FUELHH
2016-11-19T18:00:00Z,Hydro,829.000,Elexon BMRS FUELHH
2016-11-19T18:00:00Z,Imports & Exports,2182.000,Elexon BMRS FUELHH
2016-11-19T18:00:00Z,Nuclear,8210.000,Elexon BMRS FUELHH
2016-11-19T18:00:00Z,Other,1880.000,Elexon BMRS FUELHH
2016-11-19T18:00:00Z,Pumped Storage,1036.000,Elexon BMRS FUELHH
2016-11-19T18:00:00Z,Wind,1984.000,Elexon BMRS FUELHH
2016-11-19T18:30:00Z,Coal,6558.000,Elexon BMRS FUELHH
2016-11-19T18:30:00Z,Gas,21130.000,Elexon BMRS FUELHH
2016-11-19T18:30:00Z,Hydro,671.000,Elexon BMRS FUELHH
2016-11-19T18:30:00Z,Imports & Exports,2312.000,Elexon BMRS FUELHH
2016-11-19T18:30:00Z,Nuclear,8215.000,Elexon BMRS FUELHH
2016-11-19T18:30:00Z,Other,1899.000,Elexon BMRS FUELHH
2016-11-19T18:30:00Z,Pumped Storage,382.000,Elexon BMRS FUELHH
2016-11-19T18:30:00Z,Wind,1996.000,Elexon BMRS FUELHH
2016-11-19T19:00:00Z,Coal,5487.000,Elexon BMRS FUELHH
2016-11-19T19:00:00Z,Gas,20895.000,Elexon BMRS FUELHH
2016-11-19T19:00:00Z,Hydro,509.000,Elexon BMRS FUELHH
2016-11-19T19:00:00Z,Imports & Exports,2446.000,Elexon BMRS FUELHH
2016-11-19T19:00:00Z,Nuclear,8216.000,Elexon BMRS FUELHH
2016-11-19T19:00:00Z,Other,1895.000,Elexon BMRS FUELHH
2016-11-19T19:00:00Z,Pumped Storage,450.000,Elexon BMRS FUELHH
2016-11-19T19:00:00Z,Wind,2141.000,Elexon BMRS FUELHH
2016-11-19T19:30:00Z,Coal,4521.000,Elexon BMRS FUELHH
2016-11-19T19:30:00Z,Gas,20594.000,Elexon BMRS FUELHH
2016-11-19T19:30:00Z,Hydro,464.000,Elexon BMRS FUELHH
2016-11-19T19:30:00Z,Imports & Exports,2428.000,Elexon BMRS FUELHH
2016-11-19T19:30:00Z,Nuclear,8216.000,Elexon BMRS FUELHH
2016-11-19T19:30:00Z,Other,1895.000,Elexon BMRS FUELHH
2016-11-19T19:30:00Z,Pumped Storage,396.000,Elexon BMRS FUELHH
2016-11-19T19:30:00Z,Wind,2191.000,Elexon BMRS FUELHH
2016-11-19T20:00:00Z,Coal,3846.000,Elexon BMRS FUELHH
2016-11-19T20:00:00Z,Gas,20301.000,Elexon BMRS FUELHH
2016-11-19T20:00:00Z,Hydro,418.000,Elexon BMRS FUELHH
2016-11-19T20:00:00Z,Imports & Exports,2458.000,Elexon BMRS FUELHH
2016-11-19T20:00:00Z,Nuclear,8219.000,Elexon BMRS FUELHH
2016-11-19T20:00:00Z,Other,1893.000,Elexon BMRS FUELHH
2016-11-19T20:00:00Z,Pumped Storage,336.000,Elexon BMRS FUELHH
2016-11-19T20:00:00Z,Wind,2292.000,Elexon BMRS FUELHH
2016-11-19T20:30:00Z,Coal,3265.000,Elexon BMRS FUELHH
2016-11-19T20:30:00Z,Gas,19333.000,Elexon BMRS FUELHH
2016-11-19T20:30:00Z,Hydro,409.000,Elexon BMRS FUELHH
2016-11-19T20:30:00Z,Imports & Exports,2386.000,Elexon BMRS FUELHH
2016-11-19T20:30:00Z,Nuclear,8214.000,Elexon BMRS FUELHH
2016-11-19T20:30:00Z,Other,1894.000,Elexon BMRS FUELHH
2016-11-19T20:30:00Z,Pumped Storage,480.000,Elexon BMRS FUELHH
2016-11-19T20:30:00Z,Wind,2093.000,Elexon BMRS FUELHH
2016-11-19T21:00:00Z,Coal,2729.000,Elexon BMRS FUELHH
2016-11-19T21:00:00Z,Gas,19942.000,Elexon BMRS FUELHH
2016-11-19T21:00:00Z,Hydro,300.000,Elexon BMRS FUELHH
2016-11-19T21:00:00Z,Imports & Exports,1554.000,Elexon BMRS FUELHH
2016-11-19T21:00:00Z,Nuclear,8214.000,Elexon BMRS FUELHH
2016-11-19T21:00:00Z,Other,1887.000,Elexon BMRS FUELHH
2016-11-19T21:00:00Z,Pumped Storage,604.000,Elexon BMRS FUELHH
2016-11-19T21:00:00Z,Wind,1441.000,Elexon BMRS FUELHH
2016-11-19T21:30:00Z,Coal,2110.000,Elexon BMRS FUELHH
2016-11-19T21:30:00Z,Gas,19395.000,Elexon BMRS FUELHH
2016-11-19T21:30:00Z,Hydro,283.000,Elexon BMRS FUELHH
2016-11-19T21:30:00Z,Imports & Exports,1550.000,Elexon BMRS FUELHH
2016-11-19T21:30:00Z,Nuclear,8213.000,Elexon BMRS FUELHH
2016-11-19T21:30:00Z,Other,1875.000,Elexon BMRS FUELHH
2016-11-19T21:30:00Z,Pumped Storage,426.000,Elexon BMRS FUELHH
2016-11-19T21:30:00Z,Wind,1293.000,Elexon BMRS FUELHH
2016-11-19T22:00:00Z,Coal,1779.000,Elexon BMRS FUELHH
2016-11-19T22:00:00Z,Gas,17268.000,Elexon BMRS FUELHH
2016-11-19T22:00:00Z,Hydro,279.000,Elexon BMRS FUELHH
2016-11-19T22:00:00Z,Imports & Exports,2292.000,Elexon BMRS FUELHH
2016-11-19T22:00:00Z,Nuclear,8215.000,Elexon BMRS FUELHH
2016-11-19T22:00:00Z,Other,1883.000,Elexon BMRS FUELHH
2016-11-19T22:00:00Z,Pumped Storage,410.000,Elexon BMRS FUELHH
2016-11-19T22:00:00Z,Wind,1550.000,Elexon BMRS FUELHH
2016-11-19T22:30:00Z,Coal,1765.000,Elexon BMRS FUELHH
2016-11-19T22:30:00Z,Gas,15630.000,Elexon BMRS FUELHH
2016-11-19T22:30:00Z,Hydro,277.000,Elexon BMRS FUELHH
2016-11-19T22:30:00Z,Imports & Exports,2374.000,Elexon BMRS FUELHH
2016-11-19T22:30:00Z,Nuclear,8212.000,Elexon BMRS FUELHH
2016-11-19T22:30:00Z,Other,1850.000,Elexon BMRS FUELHH
2016-11-19T22:30:00Z,Pumped Storage,230.000,Elexon BMRS FUELHH
2016-11-19T22:30:00Z,Wind,2088.000,Elexon BMRS FUELHH
2016-11-19T23:00:00Z,Coal,1797.000,Elexon BMRS FUELHH
2016-11-19T23:00:00Z,Gas,13622.000,Elexon BMRS FUELHH
2016-11-19T23:00:00Z,Hydro,262.000,Elexon BMRS FUELHH
2016-11-19T23:00:00Z,Imports & Exports,2622.000,Elexon BMRS FUELHH
2016-11-19T23:00:00Z,Nuclear,8113.000,Elexon BMRS FUELHH
2016-11-19T23:00:00Z,Other,1872.000,Elexon BMRS FUELHH
2016-11-19T23:00:00Z,Pumped Storage,2.000,Elexon BMRS FUELHH
2016-11-19T23:00:00Z,Wind,2415.000,Elexon BMRS FUELHH
2016-11-19T23:30:00Z,Coal,1562.000,Elexon BMRS FUELHH
2016-11-19T23:30:00Z,Gas,12731.000,Elexon BMRS FUELHH
2016-11-19T23:30:00Z,Hydro,261.000,Elexon BMRS FUELHH
2016-11-19T23:30:00Z,Imports & Exports,2676.000,Elexon BMRS FUELHH
2016-11-19T23:30:00Z,Nuclear,8003.000,Elexon BMRS FUELHH
2016-11-19T23:30:00Z,Other,1866.000,Elexon BMRS FUELHH
2016-11-19T23:30:00Z,Pumped Storage,-16.000,Elexon BMRS FUELHH
2016-11-19T23:30:00Z,Wind,2529.000,Elexon BMRS FUELHH
2016-11-20T00:00:00Z,Coal,1505.000,Elexon BMRS FUELHH
2016-11-20T00:00:00Z,Gas,12201.000,Elexon BMRS FUELHH
2016-11-20T00:00:00Z,Hydro,262.000,Elexon BMRS FUELHH
2016-11-20T00:00:00Z,Imports & Exports,2704.000,Elexon BMRS FUELHH
2016-11-20T00:00:00Z,Nuclear,8002.000,Elexon BMRS FUELHH
2016-11-20T00:00:00Z,Other,1864.000,Elexon BMRS FUELHH
2016-11-20T00:00:00Z,Pumped Storage,-26.000,Elexon BMRS FUELHH
2016-11-20T00:00:00Z,Wind,2564.000,Elexon BMRS FUELHH
2016-11-20T00:30:00Z,Coal,1486.000,Elexon BMRS FUELHH
2016-11-20T00:30:00Z,Gas,12612.000,Elexon BMRS FUELHH
2016-11-20T00:30:00Z,Hydro,258.000,Elexon BMRS FUELHH
2016-11-20T00:30:00Z,Imports & Exports,2744.000,Elexon BMRS FUELHH
2016-11-20T00:30:00Z,Nuclear,7998.000,Elexon BMRS FUELHH
2016-11-20T00:30:00Z,Other,1860.000,Elexon BMRS FUELHH
2016-11-20T00:30:00Z,Pumped Storage,-342.000,Elexon BMRS FUELHH
2016-11-20T00:30:00Z,Wind,2502.000,Elexon BMRS FUELHH
2016-11-20T01:00:00Z,Coal,1507.000,Elexon BMRS FUELHH
2016-11-20T01:00:00Z,Gas,12602.000,Elexon BMRS FUELHH
2016-11-20T01:00:00Z,Hydro,228.000,Elexon BMRS FUELHH
2016-11-20T01:00:00Z,Imports & Exports,2794.000,Elexon BMRS FUELHH
2016-11-20T01:00:00Z,Nuclear,8001.000,Elexon BMRS FUELHH
2016-11-20T01:00:00Z,Other,1852.000,Elexon BMRS FUELHH
2016-11-20T01:00:00Z,Pumped Storage,-1074.000,Elexon BMRS FUELHH
2016-11-20T01:00:00Z,Wind,2632.000,Elexon BMRS FUELHH
2016-11-20T01:30:00Z,Coal,1493.000,Elexon BMRS FUELHH
2016-11-20T01:30:00Z,Gas,12189.000,Elexon BMRS FUELHH
2016-11-20T01:30:00Z,Hydro,226.000,Elexon BMRS FUELHH
2016-11-20T01:30:00Z,Imports & Exports,2784.000,Elexon BMRS FUELHH
2016-11-20T01:30:00Z,Nuclear,8007.000,Elexon BMRS FUELHH
2016-11-20T01:30:00Z,Other,1836.000,Elexon BMRS FUELHH
2016-11-20T01:30:00Z,Pumped Storage,-1722.000,Elexon BMRS FUELHH
2016-11-20T01:30:00Z,Wind,2754.000,Elexon BMRS FUELHH
2016-11-20T02:00:00Z,Coal,1529.000,Elexon BMRS FUELHH
2016-11-20T02:00:00Z,Gas,11486.000,Elexon BMRS FUELHH
2016-11-20T02:00:00Z,Hydro,208.000,Elexon BMRS FUELHH
2016-11-20T02:00:00Z,Imports & Exports,2722.000,Elexon BMRS FUELHH
2016-11-20T02:00:00Z,Nuclear,8052.000,Elexon BMRS FUELHH
2016-11-20T02:00:00Z,Other,1891.000,Elexon BMRS FUELHH
2016-11-20T02:00:00Z,Pumped Storage,-2006.000,Elexon BMRS FUELHH
2016-11-20T02:00:00Z,Wind,2925.000,Elexon BMRS FUELHH
2016-11-20T02:30:00Z,Coal,1501.000,Elexon BMRS FUELHH
2016-11-20T02:30:00Z,Gas,10985.000,Elexon BMRS FUELHH
2016-11-20T02:30:00Z,Hydro,209.000,Elexon BMRS FUELHH
2016-11-20T02:30:00Z,Imports & Exports,2668.000,Elexon BMRS FUELHH
2016-11-20T02:30:00Z,Nuclear,8173.000,Elexon BMRS FUELHH
2016-11-20T02:30:00Z,Other,1918.000,Elexon BMRS FUELHH
2016-11-20T02:30:00Z,Pumped Storage,-2030.000,Elexon BMRS FUELHH
2016-11-20T02:30:00Z,Wind,2967.000,Elexon BMRS FUELHH
2016-11-20T03:00:00Z,Coal,1399.000,Elexon BMRS FUELHH
2016-11-20T03:00:00Z,Gas,10174.000,Elexon BMRS FUELHH
2016-11-20T03:00:00Z,Hydro,208.000,Elexon BMRS FUELHH
2016-11-20T03:00:00Z,Imports & Exports,2560.000,Elexon BMRS FUELHH
2016-11-20T03:00:00Z,Nuclear,8210.000,Elexon BMRS FUELHH
2016-11-20T03:00:00Z,Other,1921.000,Elexon BMRS FUELHH
2016-11-20T03:00:00Z,Pumped Storage,-2030.000,Elexon BMRS FUELHH
2016-11-20T03:00:00Z,Wind,3288.000,Elexon BMRS FUELHH
2016-11-20T03:30:00Z,Coal,1364.000,Elexon BMRS FUELHH
2016-11-20T03:30:00Z,Gas,9256.000,Elexon BMRS FUELHH
2016-11-20T03:30:00Z,Hydro,207.000,Elexon BMRS FUELHH
2016-11-20T03:30:00Z,Imports & Exports,2544.000,Elexon BMRS FUELHH
2016-11-20T03:30:00Z,Nuclear,8215.000,Elexon BMRS FUELHH
2016-11-20T03:30:00Z,Other,1919.000,Elexon BMRS FUELHH
2016-11-20T03:30:00Z,Pumped Storage,-2132.000,Elexon BMRS FUELHH
2016-11-20T03:30:00Z,Wind,3535.000,Elexon BMRS FUELHH
2016-11-20T04:00:00Z,Coal,1446.000,Elexon BMRS FUELHH
2016-11-20T04:00:00Z,Gas,9426.000,Elexon BMRS FUELHH
2016-11-20T04:00:00Z,Hydro,207.000,Elexon BMRS FUELHH
2016-11-20T04:00:00Z,Imports & Exports,1706.000,Elexon BMRS FUELHH
2016-11-20T04:00:00Z,Nuclear,8220.000,Elexon BMRS FUELHH
2016-11-20T04:00:00Z,Other,1915.000,Elexon BMRS FUELHH
2016-11-20T04:00:00Z,Pumped Storage,-2230.000,Elexon BMRS FUELHH
2016-11-20T04:00:00Z,Wind,3719.000,Elexon BMRS FUELHH
2016-11-20T04:30:00Z,Coal,1385.000,Elexon BMRS FUELHH
2016-11-20T04:30:00Z,Gas,9055.000,Elexon BMRS FUELHH
2016-11-20T04:30:00Z,Hydro,205.000,Elexon BMRS FUELHH
2016-11-20T04:30:00Z,Imports & Exports,1672.000,Elexon BMRS FUELHH
2016-11-20T04:30:00Z,Nuclear,8210.000,Elexon BMRS FUELHH
2016-11-20T04:30:00Z,Other,1915.000,Elexon BMRS FUELHH
2016-11-20T04:30:00Z,Pumped Storage,-2220.000,Elexon BMRS FUELHH
2016-11-20T04:30:00Z,Wind,3815.000,Elexon BMRS FUELHH
2016-11-20T05:00:00Z,Coal,1356.000,Elexon BMRS FUELHH
2016-11-20T05:00:00Z,Gas,9032.000,Elexon BMRS FUELHH
2016-11-20T05:00:00Z,Hydro,237.000,Elexon BMRS FUELHH
2016-11-20T05:00:00Z,Imports & Exports,1656.000,Elexon BMRS FUELHH
2016-11-20T05:00:00Z,Nuclear,8207.000,Elexon BMRS FUELHH
2016-11-20T05:00:00Z,Other,1915.000,Elexon BMRS FUELHH
2016-11-20T05:00:00Z,Pumped Storage,-2194.000,Elexon BMRS FUELHH
2016-11-20T05:00:00Z,Wind,3884.000,Elexon BMRS FUELHH
2016-11-20T05:30:00Z,Coal,1371.000,Elexon BMRS FUELHH
2016-11-20T05:30:00Z,Gas,9309.000,Elexon BMRS FUELHH
2016-11-20T05:30:00Z,Hydro,239.000,Elexon BMRS FUELHH
2016-11-20T05:30:00Z,Imports & Exports,1752.000,Elexon BMRS FUELHH
2016-11-20T05:30:00Z,Nuclear,8209.000,Elexon BMRS FUELHH
2016-11-20T05:30:00Z,Other,1914.000,Elexon BMRS FUELHH
2016-11-20T05:30:00Z,Pumped Storage,-2192.000,Elexon BMRS FUELHH
2016-11-20T05:30:00Z,Wind,3739.000,Elexon BMRS FUELHH
2016-11-20T06:00:00Z,Coal,1372.000,Elexon BMRS FUELHH
2016-11-20T06:00:00Z,Gas,10075.000,Elexon BMRS FUELHH
2016-11-20T06:00:00Z,Hydro,239.000,Elexon BMRS FUELHH
2016-11-20T06:00:00Z,Imports & Exports,1974.000,Elexon BMRS FUELHH
2016-11-20T06:00:00Z,Nuclear,8213.000,Elexon BMRS FUELHH
2016-11-20T06:00:00Z,Other,1929.000,Elexon BMRS FUELHH
2016-11-20T06:00:00Z,Pumped Storage,-2176.000,Elexon BMRS FUELHH
2016-11-20T06:00:00Z,Wind,3620.000,Elexon BMRS FUELHH
2016-11-20T06:30:00Z,Coal,1449.000,Elexon BMRS FUELHH
2016-11-20T06:30:00Z,Gas,10816.000,Elexon BMRS FUELHH
2016-11-20T06:30:00Z,Hydro,244.000,Elexon BMRS FUELHH
2016-11-20T06:30:00Z,Imports & Exports,1874.000,Elexon BMRS FUELHH
2016-11-20T06:30:00Z,Nuclear,8209.000,Elexon BMRS FUELHH
2016-11-20T06:30:00Z,Other,1912.000,Elexon BMRS FUELHH
2016-11-20T06:30:00Z,Pumped Storage,-1804.000,Elexon BMRS FUELHH
2016-11-20T06:30:00Z,Wind,3327.000,Elexon BMRS FUELHH
2016-11-20T07:00:00Z,Coal,1506.000,Elexon BMRS FUELHH
2016-11-20T07:00:00Z,Gas,11217.000,Elexon BMRS FUELHH
2016-11-20T07:00:00Z,Hydro,291.000,Elexon BMRS FUELHH
2016-11-20T07:00:00Z,Imports & Exports,2102.000,Elexon BMRS FUELHH
2016-11-20T07:00:00Z,Nuclear,8210.000,Elexon BMRS FUELHH
2016-11-20T07:00:00Z,Other,1866.000,Elexon BMRS FUELHH
2016-11-20T07:00:00Z,Pumped Storage,-928.000,Elexon BMRS FUELHH
2016-11-20T07:00:00Z,Wind,3083.000,Elexon BMRS FUELHH
2016-11-20T07:30:00Z,Coal,1446.000,Elexon BMRS FUELHH
2016-11-20T07:30:00Z,Gas,11457.000,Elexon BMRS FUELHH
2016-11-20T07:30:00Z,Hydro,285.000,Elexon BMRS FUELHH
2016-11-20T07:30:00Z,Imports & Exports,2114.000,Elexon BMRS FUELHH
2016-11-20T07:30:00Z,Nuclear,8205.000,Elexon BMRS FUELHH
2016-11-20T07:30:00Z,Other,1867.000,Elexon BMRS FUELHH
2016-11-20T07:30:00Z,Pumped Storage,-128.000,Elexon BMRS FUELHH
2016-11-20T07:30:00Z,Wind,2891.000,Elexon BMRS FUELHH
2016-11-20T08:00:00Z,Coal,1508.000,Elexon BMRS FUELHH
2016-11-20T08:00:00Z,Gas,12696.000,Elexon BMRS FUELHH
2016-11-20T08:00:00Z,Hydro,285.000,Elexon BMRS FUELHH
2016-11-20T08:00:00Z,Imports & Exports,2142.000,Elexon BMRS FUELHH
2016-11-20T08:00:00Z,Nuclear,8210.000,Elexon BMRS FUELHH
2016-11-20T08:00:00Z,Other,1925.000,Elexon BMRS FUELHH
2016-11-20T08:00:00Z,Pumped Storage,286.000,Elexon BMRS FUELHH
2016-11-20T08:00:00Z,Wind,2787.000,Elexon BMRS FUELHH
2016-11-20T08:30:00Z,Coal,1550.000,Elexon BMRS FUELHH
2016-11-20T08:30:00Z,Gas,14442.000,Elexon BMRS FUELHH
2016-11-20T08:30:00Z,Hydro,299.000,Elexon BMRS FUELHH
2016-11-20T08:30:00Z,Imports & Exports,2168.000,Elexon BMRS FUELHH
2016-11-20T08:30:00Z,Nuclear,8207.000,Elexon BMRS FUELHH
2016-11-20T08:30:00Z,Other,1938.000,Elexon BMRS FUELHH
2016-11-20T08:30:00Z,Pumped Storage,458.000,Elexon BMRS FUELHH
2016-11-20T08:30:00Z,Wind,2782.000,Elexon BMRS FUELHH
2016-11-20T09:00:00Z,Coal,1935.000,Elexon BMRS FUELHH
2016-11-20T09:00:00Z,Gas,15809.000,Elexon BMRS FUELHH
2016-11-20T09:00:00Z,Hydro,396.000,Elexon BMRS FUELHH
2016-11-20T09:00:00Z,Imports & Exports,2042.000,Elexon BMRS FUELHH
2016-11-20T09:00:00Z,Nuclear,8207.000,Elexon BMRS FUELHH
2016-11-20T09:00:00Z,Other,1949.000,Elexon BMRS FUELHH
2016-11-20T09:00:00Z,Pumped Storage,678.000,Elexon BMRS FUELHH
2016-11-20T09:00:00Z,Wind,2630.000,Elexon BMRS FUELHH
2016-11-20T09:30:00Z,Coal,2210.000,Elexon BMRS FUELHH
2016-11-20T09:30:00Z,Gas,17022.000,Elexon BMRS FUELHH
2016-11-20T09:30:00Z,Hydro,385.000,Elexon BMRS FUELHH
2016-11-20T09:30:00Z,Imports & Exports,1132.000,Elexon BMRS FUELHH
2016-11-20T09:30:00Z,Nuclear,8119.000,Elexon BMRS FUELHH
2016-11-20T09:30:00Z,Other,1949.000,Elexon BMRS FUELHH
2016-11-20T09:30:00Z,Pumped Storage,768.000,Elexon BMRS FUELHH
2016-11-20T09:30:00Z,Wind,2710.000,Elexon BMRS FUELHH
2016-11-20T10:00:00Z,Coal,2618.000,Elexon BMRS FUELHH
2016-11-20T10:00:00Z,Gas,17711.000,Elexon BMRS FUELHH
2016-11-20T10:00:00Z,Hydro,434.000,Elexon BMRS FUELHH
2016-11-20T10:00:00Z,Imports & Exports,1088.000,Elexon BMRS FUELHH
2016-11-20T10:00:00Z,Nuclear,7999.000,Elexon BMRS FUELHH
2016-11-20T10:00:00Z,Other,1941.000,Elexon BMRS FUELHH
2016-11-20T10:00:00Z,Pumped Storage,1128.000,Elexon BMRS FUELHH
2016-11-20T10:00:00Z,Wind,2746.000,Elexon BMRS FUELHH
2016-11-20T10:30:00Z,Coal,2829.000,Elexon BMRS FUELHH
2016-11-20T10:30:00Z,Gas,18256.000,Elexon BMRS FUELHH
2016-11-20T10:30:00Z,Hydro,531.000,Elexon BMRS FUELHH
2016-11-20T10:30:00Z,Imports & Exports,1208.000,Elexon BMRS FUELHH
2016-11-20T10:30:00Z,Nuclear,7998.000,Elexon BMRS FUELHH
2016-11-20T10:30:00Z,Other,1905.000,Elexon BMRS FUELHH
2016-11-20T10:30:00Z,Pumped Storage,770.000,Elexon BMRS FUELHH
2016-11-20T10:30:00Z,Wind,2850.000,Elexon BMRS FUELHH
2016-11-20T11:00:00Z,Coal,3175.000,Elexon BMRS FUELHH
2016-11-20T11:00:00Z,Gas,18729.000,Elexon BMRS FUELHH
2016-11-20T11:00:00Z,Hydro,561.000,Elexon BMRS FUELHH
2016-11-20T11:00:00Z,Imports & Exports,1188.000,Elexon BMRS FUELHH
2016-11-20T11:00:00Z,Nuclear,7999.000,Elexon BMRS FUELHH
2016-11-20T11:00:00Z,Other,1886.000,Elexon BMRS FUELHH
2016-11-20T11:00:00Z,Pumped Storage,536.000,Elexon BMRS FUELHH
2016-11-20T11:00:00Z,Wind,2896.000,Elexon BMRS FUELHH
2016-11-20T11:30:00Z,Coal,3453.000,Elexon BMRS FUELHH
2016-11-20T11:30:00Z,Gas,19043.000,Elexon BMRS FUELHH
2016-11-20T11:30:00Z,Hydro,527.000,Elexon BMRS FUELHH
2016-11-20T11:30:00Z,Imports & Exports,1078.000,Elexon BMRS FUELHH
2016-11-20T11:30:00Z,Nuclear,8006.000,Elexon BMRS FUELHH
2016-11-20T11:30:00Z,Other,1930.000,Elexon BMRS FUELHH
2016-11-20T11:30:00Z,Pumped Storage,604.000,Elexon BMRS FUELHH
2016-11-20T11:30:00Z,Wind,2874.000,Elexon BMRS FUELHH
2016-11-20T12:00:00Z,Coal,3507.000,Elexon BMRS FUELHH
2016-11-20T12:00:00Z,Gas,19384.000,Elexon BMRS FUELHH
2016-11-20T12:00:00Z,Hydro,532.000,Elexon BMRS FUELHH
2016-11-20T12:00:00Z,Imports & Exports,962.000,Elexon BMRS FUELHH
2016-11-20T12:00:00Z,Nuclear,8069.000,Elexon BMRS FUELHH
2016-11-20T12:00:00Z,Other,1928.000,Elexon BMRS FUELHH
2016-11-20T12:00:00Z,Pumped Storage,960.000,Elexon BMRS FUELHH
2016-11-20T12:00:00Z,Wind,2842.000,Elexon BMRS FUELHH
2016-11-20T12:30:00Z,Coal,3624.000,Elexon BMRS FUELHH
2016-11-20T12:30:00Z,Gas,19718.000,Elexon BMRS FUELHH
2016-11-20T12:30:00Z,Hydro,477.000,Elexon BMRS FUELHH
2016-11-20T12:30:00Z,Imports & Exports,838.000,Elexon BMRS FUELHH
2016-11-20T12:30:00Z,Nuclear,8193.000,Elexon BMRS FUELHH
2016-11-20T12:30:00Z,Other,1933.000,Elexon BMRS FUELHH
2016-11-20T12:30:00Z,Pumped Storage,900.000,Elexon BMRS FUELHH
2016-11-20T12:30:00Z,Wind,2829.000,Elexon BMRS FUELHH
2016-11-20T13:00:00Z,Coal,3676.000,Elexon BMRS FUELHH
2016-11-20T13:00:00Z,Gas,20007.000,Elexon BMRS FUELHH
2016-11-20T13:00:00Z,Hydro,347.000,Elexon BMRS FUELHH
2016-11-20T13:00:00Z,Imports & Exports,934.000,Elexon BMRS FUELHH
2016-11-20T13:00:00Z,Nuclear,8213.000,Elexon BMRS FUELHH
2016-11-20T13:00:00Z,Other,1933.000,Elexon BMRS FUELHH
2016-11-20T13:00:00Z,Pumped Storage,738.000,Elexon BMRS FUELHH
2016-11-20T13:00:00Z,Wind,2696.000,Elexon BMRS FUELHH
2016-11-20T13:30:00Z,Coal,3831.000,Elexon BMRS FUELHH
2016-11-20T13:30:00Z,Gas,20029.000,Elexon BMRS FUELHH
2016-11-20T13:30:00Z,Hydro,337.000,Elexon BMRS FUELHH
2016-11-20T13:30:00Z,Imports & Exports,922.000,Elexon BMRS FUELHH
2016-11-20T13:30:00Z,Nuclear,8221.000,Elexon BMRS FUELHH
2016-11-20T13:30:00Z,Other,1933.000,Elexon BMRS FUELHH
2016-11-20T13:30:00Z,Pumped Storage,642.000,Elexon BMRS FUELHH
2016-11-20T13:30:00Z,Wind,2857.000,Elexon BMRS FUELHH
2016-11-20T14:00:00Z,Coal,4068.000,Elexon BMRS FUELHH
2016-11-20T14:00:00Z,Gas,20245.000,Elexon BMRS FUELHH
2016-11-20T14:00:00Z,Hydro,304.000,Elexon BMRS FUELHH
2016-11-20T14:00:00Z,Imports & Exports,958.000,Elexon BMRS FUELHH
2016-11-20T14:00:00Z,Nuclear,8219.000,Elexon BMRS FUELHH
2016-11-20T14:00:00Z,Other,1934.000,Elexon BMRS FUELHH
2016-11-20T14:00:00Z,Pumped Storage,456.000,Elexon BMRS FUELHH
2016-11-20T14:00:00Z,Wind,2895.000,Elexon BMRS FUELHH
2016-11-20T14:30:00Z,Coal,3747.000,Elexon BMRS FUELHH
2016-11-20T14:30:00Z,Gas,20768.000,Elexon BMRS FUELHH
2016-11-20T14:30:00Z,Hydro,246.000,Elexon BMRS FUELHH
2016-11-20T14:30:00Z,Imports & Exports,1036.000,Elexon BMRS FUELHH
2016-11-20T14:30:00Z,Nuclear,8219.000,Elexon BMRS FUELHH
2016-11-20T14:30:00Z,Other,1950.000,Elexon BMRS FUELHH
2016-11-20T14:30:00Z,Pumped Storage,564.000,Elexon BMRS FUELHH
2016-11-20T14:30:00Z,Wind,2878.000,Elexon BMRS FUELHH
2016-11-20T15:00:00Z,Coal,4066.000,Elexon BMRS FUELHH
2016-11-20T15:00:00Z,Gas,21361.000,Elexon BMRS FUELHH
2016-11-20T15:00:00Z,Hydro,262.000,Elexon BMRS FUELHH
2016-11-20T15:00:00Z,Imports & Exports,1040.000,Elexon BMRS FUELHH
2016-11-20T15:00:00Z,Nuclear,8217.000,Elexon BMRS FUELHH
2016-11-20T15:00:00Z,Other,1967.000,Elexon BMRS FUELHH
2016-11-20T15:00:00Z,Pumped Storage,334.000,Elexon BMRS FUELHH
2016-11-20T15:00:00Z,Wind,2825.000,Elexon BMRS FUELHH
2016-11-20T15:30:00Z,Coal,4717.000,Elexon BMRS FUELHH
2016-11-20T15:30:00Z,Gas,21864.000,Elexon BMRS FUELHH
2016-11-20T15:30:00Z,Hydro,276.000,Elexon BMRS FUELHH
2016-11-20T15:30:00Z,Imports & Exports,958.000,Elexon BMRS FUELHH
2016-11-20T15:30:00Z,Nuclear,8214.000,Elexon BMRS FUELHH
2016-11-20T15:30:00Z,Other,1968.000,Elexon BMRS FUELHH
2016-11-20T15:30:00Z,Pumped Storage,334.000,Elexon BMRS FUELHH
2016-11-20T15:30:00Z,Wind,2735.000,Elexon BMRS FUELHH
2016-11-20T16:00:00Z,Coal,5947.000,Elexon BMRS FUELHH
2016-11-20T16:00:00Z,Gas,22338.000,Elexon BMRS FUELHH
2016-11-20T16:00:00Z,Hydro,515.000,Elexon BMRS FUELHH
2016-11-20T16:00:00Z,Imports & Exports,1118.000,Elexon BMRS FUELHH
2016-11-20T16:00:00Z,Nuclear,8209.000,Elexon BMRS FUELHH
2016-11-20T16:00:00Z,Other,1967.000,Elexon BMRS FUELHH
2016-11-20T16:00:00Z,Pumped Storage,624.000,Elexon BMRS FUELHH
2016-11-20T16:00:00Z,Wind,2492.000,Elexon BMRS FUELHH
2016-11-20T16:30:00Z,Coal,6885.000,Elexon BMRS FUELHH
2016-11-20T16:30:00Z,Gas,22527.000,Elexon BMRS FUELHH
2016-11-20T16:30:00Z,Hydro,791.000,Elexon BMRS FUELHH
2016-11-20T16:30:00Z,Imports & Exports,1072.000,Elexon BMRS FUELHH
2016-11-20T16:30:00Z,Nuclear,8215.000,Elexon BMRS FUELHH
2016-11-20T16:30:00Z,Other,1968.000,Elexon BMRS FUELHH
2016-11-20T16:30:00Z,Pumped Storage,1390.000,Elexon BMRS FUELHH
2016-11-20T16:30:00Z,Wind,1983.000,Elexon BMRS FUELHH
2016-11-20T17:00:00Z,Coal,7342.000,Elexon BMRS FUELHH
2016-11-20T17:00:00Z,Gas,22922.000,Elexon BMRS FUELHH
2016-11-20T17:00:00Z,Hydro,822.000,Elexon BMRS FUELHH
2016-11-20T17:00:00Z,Imports & Exports,1162.000,Elexon BMRS FUELHH
2016-11-20T17:00:00Z,Nuclear,8209.000,Elexon BMRS FUELHH
2016-11-20T17:00:00Z,Other,1987.000,Elexon BMRS FUELHH
2016-11-20T17:00:00Z,Pumped Storage,1702.000,Elexon BMRS FUELHH
2016-11-20T17:00:00Z,Wind,1310.000,Elexon BMRS FUELHH
2016-11-20T17:30:00Z,Coal,7144.000,Elexon BMRS FUELHH
2016-11-20T17:30:00Z,Gas,23348.000,Elexon BMRS FUELHH
2016-11-20T17:30:00Z,Hydro,815.000,Elexon BMRS FUELHH
2016-11-20T17:30:00Z,Imports & Exports,1004.000,Elexon BMRS FUELHH
2016-11-20T17:30:00Z,Nuclear,8216.000,Elexon BMRS FUELHH
2016-11-20T17:30:00Z,Other,2036.000,Elexon BMRS FUELHH
2016-11-20T17:30:00Z,Pumped Storage,1616.000,Elexon BMRS FUELHH
2016-11-20T17:30:00Z,Wind,972.000,Elexon BMRS FUELHH
2016-11-20T18:00:00Z,Coal,7028.000,Elexon BMRS FUELHH
2016-11-20T18:00:00Z,Gas,23413.000,Elexon BMRS FUELHH
2016-11-20T18:00:00Z,Hydro,818.000,Elexon BMRS FUELHH
2016-11-20T18:00:00Z,Imports & Exports,850.000,Elexon BMRS FUELHH
2016-11-20T18:00:00Z,Nuclear,8218.000,Elexon BMRS FUELHH
2016-11-20T18:00:00Z,Other,2042.000,Elexon BMRS FUELHH
2016-11-20T18:00:00Z,Pumped Storage,1384.000,Elexon BMRS FUELHH
2016-11-20T18:00:00Z,Wind,763.000,Elexon BMRS FUELHH
2016-11-20T18:30:00Z,Coal,6819.000,Elexon BMRS FUELHH
2016-11-20T18:30:00Z,Gas,23251.000,Elexon BMRS FUELHH
2016-11-20T18:30:00Z,Hydro,820.000,Elexon BMRS FUELHH
2016-11-20T18:30:00Z,Imports & Exports,798.000,Elexon BMRS FUELHH
2016-11-20T18:30:00Z,Nuclear,8239.000,Elexon BMRS FUELHH
2016-11-20T18:30:00Z,Other,2007.000,Elexon BMRS FUELHH
2016-11-20T18:30:00Z,Pumped Storage,1140.000,Elexon BMRS FUELHH
2016-11-20T18:30:00Z,Wind,621.000,Elexon BMRS FUELHH
2016-11-20T19:00:00Z,Coal,6752.000,Elexon BMRS FUELHH
2016-11-20T19:00:00Z,Gas,23218.000,Elexon BMRS FUELHH
2016-11-20T19:00:00Z,Hydro,638.000,Elexon BMRS FUELHH
2016-11-20T19:00:00Z,Imports & Exports,900.000,Elexon BMRS FUELHH
2016-11-20T19:00:00Z,Nuclear,8238.000,Elexon BMRS FUELHH
2016-11-20T19:00:00Z,Other,2001.000,Elexon BMRS FUELHH
2016-11-20T19:00:00Z,Pumped Storage,554.000,Elexon BMRS FUELHH
2016-11-20T19:00:00Z,Wind,459.000,Elexon BMRS FUELHH
2016-11-20T19:30:00Z,Coal,6393.000,Elexon BMRS FUELHH
2016-11-20T19:30:00Z,Gas,22877.000,Elexon BMRS FUELHH
2016-11-20T19:30:00Z,Hydro,489.000,Elexon BMRS FUELHH
2016-11-20T19:30:00Z,Imports & Exports,970.000,Elexon BMRS FUELHH
2016-11-20T19:30:00Z,Nuclear,8243.000,Elexon BMRS FUELHH
2016-11-20T19:30:00Z,Other,2014.000,Elexon BMRS FUELHH
2016-11-20T19:30:00Z,Pumped Storage,374.000,Elexon BMRS FUELHH
2016-11-20T19:30:00Z,Wind,384.000,Elexon BMRS FUELHH
2016-11-20T20:00:00Z,Coal,5530.000,Elexon BMRS FUELHH
2016-11-20T20:00:00Z,Gas,22689.000,Elexon BMRS FUELHH
2016-11-20T20:00:00Z,Hydro,468.000,Elexon BMRS FUELHH
2016-11-20T20:00:00Z,Imports & Exports,888.000,Elexon BMRS FUELHH
2016-11-20T20:00:00Z,Nuclear,8244.000,Elexon BMRS FUELHH
2016-11-20T20:00:00Z,Other,2009.000,Elexon BMRS FUELHH
2016-11-20T20:00:00Z,Pumped Storage,438.000,Elexon BMRS FUELHH
2016-11-20T20:00:00Z,Wind,380.000,Elexon BMRS FUELHH
2016-11-20T20:30:00Z,Coal,4559.000,Elexon BMRS FUELHH
2016-11-20T20:30:00Z,Gas,22233.000,Elexon BMRS FUELHH
2016-11-20T20:30:00Z,Hydro,458.000,Elexon BMRS FUELHH
2016-11-20T20:30:00Z,Imports & Exports,848.000,Elexon BMRS FUELHH
2016-11-20T20:30:00Z,Nuclear,8251.000,Elexon BMRS FUELHH
2016-11-20T20:30:00Z,Other,2013.000,Elexon BMRS FUELHH
2016-11-20T20:30:00Z,Pumped Storage,366.000,Elexon BMRS FUELHH
2016-11-20T20:30:00Z,Wind,370.000,Elexon BMRS FUELHH
2016-11-20T21:00:00Z,Coal,3788.000,Elexon BMRS FUELHH
2016-11-20T21:00:00Z,Gas,21268.000,Elexon BMRS FUELHH
2016-11-20T21:00:00Z,Hydro,305.000,Elexon BMRS FUELHH
2016-11-20T21:00:00Z,Imports & Exports,1202.000,Elexon BMRS FUELHH
2016-11-20T21:00:00Z,Nuclear,8265.000,Elexon BMRS FUELHH
2016-11-20T21:00:00Z,Other,1994.000,Elexon BMRS FUELHH
2016-11-20T21:00:00Z,Pumped Storage,468.000,Elexon BMRS FUELHH
2016-11-20T21:00:00Z,Wind,366.000,Elexon BMRS FUELHH
2016-11-20T21:30:00Z,Coal,3294.000,Elexon BMRS FUELHH
2016-11-20T21:30:00Z,Gas,20185.000,Elexon BMRS FUELHH
2016-11-20T21:30:00Z,Hydro,304.000,Elexon BMRS FUELHH
2016-11-20T21:30:00Z,Imports & Exports,1230.000,Elexon BMRS FUELHH
2016-11-20T21:30:00Z,Nuclear,8175.000,Elexon BMRS FUELHH
2016-11-20T21:30:00Z,Other,1979.000,Elexon BMRS FUELHH
2016-11-20T21:30:00Z,Pumped Storage,378.000,Elexon BMRS FUELHH
2016-11-20T21:30:00Z,Wind,337.000,Elexon BMRS FUELHH
2016-11-20T22:00:00Z,Coal,2495.000,Elexon BMRS FUELHH
2016-11-20T22:00:00Z,Gas,18805.000,Elexon BMRS FUELHH
2016-11-20T22:00:00Z,Hydro,285.000,Elexon BMRS FUELHH
2016-11-20T22:00:00Z,Imports & Exports,1456.000,Elexon BMRS FUELHH
2016-11-20T22:00:00Z,Nuclear,8084.000,Elexon BMRS FUELHH
2016-11-20T22:00:00Z,Other,1969.000,Elexon BMRS FUELHH
2016-11-20T22:00:00Z,Pumped Storage,410.000,Elexon BMRS FUELHH
2016-11-20T22:00:00Z,Wind,322.000,Elexon BMRS FUELHH
2016-11-20T22:30:00Z,Coal,2178.000,Elexon BMRS FUELHH
2016-11-20T22:30:00Z,Gas,17203.000,Elexon BMRS FUELHH
2016-11-20T22:30:00Z,Hydro,280.000,Elexon BMRS FUELHH
2016-11-20T22:30:00Z,Imports & Exports,1536.000,Elexon BMRS FUELHH
2016-11-20T22:30:00Z,Nuclear,8108.000,Elexon BMRS FUELHH
2016-11-20T22:30:00Z,Other,1972.000,Elexon BMRS FUELHH
2016-11-20T22:30:00Z,Pumped Storage,292.000,Elexon BMRS FUELHH
2016-11-20T22:30:00Z,Wind,426.000,Elexon BMRS FUELHH
2016-11-20T23:00:00Z,Coal,2114.000,Elexon BMRS FUELHH
2016-11-20T23:00:00Z,Gas,15637.000,Elexon BMRS FUELHH
2016-11-20T23:00:00Z,Hydro,264.000,Elexon BMRS FUELHH
2016-11-20T23:00:00Z,Imports & Exports,1504.000,Elexon BMRS FUELHH
2016-11-20T23:00:00Z,Nuclear,8104.000,Elexon BMRS FUELHH
2016-11-20T23:00:00Z,Other,1980.000,Elexon BMRS FUELHH
2016-11-20T23:00:00Z,Pumped Storage,-146.000,Elexon BMRS FUELHH
2016-11-20T23:00:00Z,Wind,527.000,Elexon BMRS FUELHH
2016-11-20T23:30:00Z,Coal,2107.000,Elexon BMRS FUELHH
2016-11-20T23:30:00Z,Gas,14970.000,Elexon BMRS FUELHH
2016-11-20T23:30:00Z,Hydro,254.000,Elexon BMRS FUELHH
2016-11-20T23:30:00Z,Imports & Exports,1462.000,Elexon BMRS FUELHH
2016-11-20T23:30:00Z,Nuclear,8119.000,Elexon BMRS FUELHH
2016-11-20T23:30:00Z,Other,1933.000,Elexon BMRS FUELHH
2016-11-20T23:30:00Z,Pumped Storage,-726.000,Elexon BMRS FUELHH
2016-11-20T23:30:00Z,Wind,622.000,Elexon BMRS FUELHH
2016-11-21T00:00:00Z,Coal,2064.000,Elexon BMRS FUELHH
2016-11-21T00:00:00Z,Gas,15048.000,Elexon BMRS FUELHH
2016-11-21T00:00:00Z,Hydro,252.000,Elexon BMRS FUELHH
2016-11-21T00:00:00Z,Imports & Exports,1530.000,Elexon BMRS FUELHH
2016-11-21T00:00:00Z,Nuclear,8158.000,Elexon BMRS FUELHH
2016-11-21T00:00:00Z,Other,1935.000,Elexon BMRS FUELHH
2016-11-21T00:00:00Z,Pumped Storage,-1306.000,Elexon BMRS FUELHH
2016-11-21T00:00:00Z,Wind,698.000,Elexon BMRS FUELHH
2016-11-21T00:30:00Z,Coal,2067.000,Elexon BMRS FUELHH
2016-11-21T00:30:00Z,Gas,15460.000,Elexon BMRS FUELHH
2016-11-21T00:30:00Z,Hydro,252.000,Elexon BMRS FUELHH
2016-11-21T00:30:00Z,Imports & Exports,1544.000,Elexon BMRS FUELHH
2016-11-21T00:30:00Z,Nuclear,8313.000,Elexon BMRS FUELHH
2016-11-21T00:30:00Z,Other,1943.000,Elexon BMRS FUELHH
2016-11-21T00:30:00Z,Pumped Storage,-1842.000,Elexon BMRS FUELHH
2016-11-21T00:30:00Z,Wind,947.000,Elexon BMRS FUELHH
2016-11-21T01:00:00Z,Coal,2101.000,Elexon BMRS FUELHH
2016-11-21T01:00:00Z,Gas,15299.000,Elexon BMRS FUELHH
2016-11-21T01:00:00Z,Hydro,222.000,Elexon BMRS FUELHH
2016-11-21T01:00:00Z,Imports & Exports,1544.000,Elexon BMRS FUELHH
2016-11-21T01:00:00Z,Nuclear,8357.000,Elexon BMRS FUELHH
2016-11-21T01:00:00Z,Other,1945.000,Elexon BMRS FUELHH
2016-11-21T01:00:00Z,Pumped Storage,-2194.000,Elexon BMRS FUELHH
2016-11-21T01:00:00Z,Wind,1087.000,Elexon BMRS FUELHH
2016-11-21T01:30:00Z,Coal,2110.000,Elexon BMRS FUELHH
2016-11-21T01:30:00Z,Gas,14675.000,Elexon BMRS FUELHH
2016-11-21T01:30:00Z,Hydro,202.000,Elexon BMRS FUELHH
2016-11-21T01:30:00Z,Imports & Exports,1544.000,Elexon BMRS FUELHH
2016-11-21T01:30:00Z,Nuclear,8361.000,Elexon BMRS FUELHH
2016-11-21T01:30:00Z,Other,1945.000,Elexon BMRS FUELHH
2016-11-21T01:30:00Z,Pumped Storage,-2432.000,Elexon BMRS FUELHH
2016-11-21T01:30:00Z,Wind,1365.000,Elexon BMRS FUELHH
2016-11-21T02:00:00Z,Coal,2109.000,Elexon BMRS FUELHH
2016-11-21T02:00:00Z,Gas,13766.000,Elexon BMRS FUELHH
2016-11-21T02:00:00Z,Hydro,203.000,Elexon BMRS FUELHH
2016-11-21T02:00:00Z,Imports & Exports,1544.000,Elexon BMRS FUELHH
2016-11-21T02:00:00Z,Nuclear,8362.000,Elexon BMRS FUELHH
2016-11-21T02:00:00Z,Other,1945.000,Elexon BMRS FUELHH
2016-11-21T02:00:00Z,Pumped Storage,-2418.000,Elexon BMRS FUELHH
2016-11-21T02:00:00Z,Wind,1729.000,Elexon BMRS FUELHH
2016-11-21T02:30:00Z,Coal,2113.000,Elexon BMRS FUELHH
2016-11-21T02:30:00Z,Gas,13336.000,Elexon BMRS FUELHH
2016-11-21T02:30:00Z,Hydro,202.000,Elexon BMRS FUELHH
2016-11-21T02:30:00Z,Imports & Exports,1512.000,Elexon BMRS FUELHH
2016-11-21T02:30:00Z,Nuclear,8441.000,Elexon BMRS FUELHH
2016-11-21T02:30:00Z,Other,1947.000,Elexon BMRS FUELHH
2016-11-21T02:30:00Z,Pumped Storage,-2394.000,Elexon BMRS FUELHH
2016-11-21T02:30:00Z,Wind,1973.000,Elexon BMRS FUELHH
2016-11-21T03:00:00Z,Coal,2102.000,Elexon BMRS FUELHH
2016-11-21T03:00:00Z,Gas,12889.000,Elexon BMRS FUELHH
2016-11-21T03:00:00Z,Hydro,202.000,Elexon BMRS FUELHH
2016-11-21T03:00:00Z,Imports & Exports,1402.000,Elexon BMRS FUELHH
2016-11-21T03:00:00Z,Nuclear,8462.000,Elexon BMRS FUELHH
2016-11-21T03:00:00Z,Other,1946.000,Elexon BMRS FUELHH
2016-11-21T03:00:00Z,Pumped Storage,-2538.000,Elexon BMRS FUELHH
2016-11-21T03:00:00Z,Wind,2219.000,Elexon BMRS FUELHH
2016-11-21T03:30:00Z,Coal,2045.000,Elexon BMRS FUELHH
2016-11-21T03:30:00Z,Gas,12209.000,Elexon BMRS FUELHH
2016-11-21T03:30:00Z,Hydro,201.000,Elexon BMRS FUELHH
2016-11-21T03:30:00Z,Imports & Exports,1402.000,Elexon BMRS FUELHH
2016-11-21T03:30:00Z,Nuclear,8466.000,Elexon BMRS FUELHH
2016-11-21T03:30:00Z,Other,1946.000,Elexon BMRS FUELHH
2016-11-21T03:30:00Z,Pumped Storage,-2526.000,Elexon BMRS FUELHH
2016-11-21T03:30:00Z,Wind,2337.000,Elexon BMRS FUELHH
2016-11-21T04:00:00Z,Coal,2059.000,Elexon BMRS FUELHH
2016-11-21T04:00:00Z,Gas,11480.000,Elexon BMRS FUELHH
2016-11-21T04:00:00Z,Hydro,201.000,Elexon BMRS FUELHH
2016-11-21T04:00:00Z,Imports & Exports,1500.000,Elexon BMRS FUELHH
2016-11-21T04:00:00Z,Nuclear,8463.000,Elexon BMRS FUELHH
2016-11-21T04:00:00Z,Other,1947.000,Elexon BMRS FUELHH
2016-11-21T04:00:00Z,Pumped Storage,-2520.000,Elexon BMRS FUELHH
2016-11-21T04:00:00Z,Wind,2559.000,Elexon BMRS FUELHH
2016-11-21T04:30:00Z,Coal,2134.000,Elexon BMRS FUELHH
2016-11-21T04:30:00Z,Gas,11184.000,Elexon BMRS FUELHH
2016-11-21T04:30:00Z,Hydro,218.000,Elexon BMRS FUELHH
2016-11-21T04:30:00Z,Imports & Exports,1544.000,Elexon BMRS FUELHH
2016-11-21T04:30:00Z,Nuclear,8462.000,Elexon BMRS FUELHH
2016-11-21T04:30:00Z,Other,1939.000,Elexon BMRS FUELHH
2016-11-21T04:30:00Z,Pumped Storage,-2492.000,Elexon BMRS FUELHH
2016-11-21T04:30:00Z,Wind,2780.000,Elexon BMRS FUELHH
2016-11-21T05:00:00Z,Coal,2280.000,Elexon BMRS FUELHH
2016-11-21T05:00:00Z,Gas,11414.000,Elexon BMRS FUELHH
2016-11-21T05:00:00Z,Hydro,208.000,Elexon BMRS FUELHH
2016-11-21T05:00:00Z,Imports & Exports,1544.000,Elexon BMRS FUELHH
2016-11-21T05:00:00Z,Nuclear,8458.000,Elexon BMRS FUELHH
2016-11-21T05:00:00Z,Other,1954.000,Elexon BMRS FUELHH
2016-11-21T05:00:00Z,Pumped Storage,-2302.000,Elexon BMRS FUELHH
2016-11-21T05:00:00Z,Wind,2901.000,Elexon BMRS FUELHH
2016-11-21T05:30:00Z,Coal,2679.000,Elexon BMRS FUELHH
2016-11-21T05:30:00Z,Gas,11849.000,Elexon BMRS FUELHH
2016-11-21T05:30:00Z,Hydro,209.000,Elexon BMRS FUELHH
2016-11-21T05:30:00Z,Imports & Exports,1530.000,Elexon BMRS FUELHH
2016-11-21T05:30:00Z,Nuclear,8467.000,Elexon BMRS FUELHH
2016-11-21T05:30:00Z,Other,1954.000,Elexon BMRS FUELHH
2016-11-21T05:30:00Z,Pumped Storage,-1936.000,Elexon BMRS FUELHH
2016-11-21T05:30:00Z,Wind,3014.000,Elexon BMRS FUELHH
2016-11-21T06:00:00Z,Coal,3335.000,Elexon BMRS FUELHH
2016-11-21T06:00:00Z,Gas,13907.000,Elexon BMRS FUELHH
2016-11-21T06:00:00Z,Hydro,224.000,Elexon BMRS FUELHH
2016-11-21T06:00:00Z,Imports & Exports,1042.000,Elexon BMRS FUELHH
2016-11-21T06:00:00Z,Nuclear,8468.000,Elexon BMRS FUELHH
2016-11-21T06:00:00Z,Other,1955.000,Elexon BMRS FUELHH
2016-11-21T06:00:00Z,Pumped Storage,-734.000,Elexon BMRS FUELHH
2016-11-21T06:00:00Z,Wind,3141.000,Elexon BMRS FUELHH
2016-11-21T06:30:00Z,Coal,4096.000,Elexon BMRS FUELHH
2016-11-21T06:30:00Z,Gas,15542.000,Elexon BMRS FUELHH
2016-11-21T06:30:00Z,Hydro,228.000,Elexon BMRS FUELHH
2016-11-21T06:30:00Z,Imports & Exports,960.000,Elexon BMRS FUELHH
2016-11-21T06:30:00Z,Nuclear,8469.000,Elexon BMRS FUELHH
2016-11-21T06:30:00Z,Other,1955.000,Elexon BMRS FUELHH
2016-11-21T06:30:00Z,Pumped Storage,18.000,Elexon BMRS FUELHH
2016-11-21T06:30:00Z,Wind,3300.000,Elexon BMRS FUELHH
2016-11-21T07:00:00Z,Coal,4796.000,Elexon BMRS FUELHH
2016-11-21T07:00:00Z,Gas,18110.000,Elexon BMRS FUELHH
2016-11-21T07:00:00Z,Hydro,317.000,Elexon BMRS FUELHH
2016-11-21T07:00:00Z,Imports & Exports,1524.000,Elexon BMRS FUELHH
2016-11-21T07:00:00Z,Nuclear,8463.000,Elexon BMRS FUELHH
2016-11-21T07:00:00Z,Other,1955.000,Elexon BMRS FUELHH
2016-11-21T07:00:00Z,Pumped Storage,362.000,Elexon BMRS FUELHH
2016-11-21T07:00:00Z,Wind,3414.000,Elexon BMRS FUELHH
2016-11-21T07:30:00Z,Coal,5471.000,Elexon BMRS FUELHH
2016-11-21T07:30:00Z,Gas,19274.000,Elexon BMRS FUELHH
2016-11-21T07:30:00Z,Hydro,318.000,Elexon BMRS FUELHH
2016-11-21T07:30:00Z,Imports & Exports,1508.000,Elexon BMRS FUELHH
2016-11-21T07:30:00Z,Nuclear,8462.000,Elexon BMRS FUELHH
2016-11-21T07:30:00Z,Other,1948.000,Elexon BMRS FUELHH
2016-11-21T07:30:00Z,Pumped Storage,360.000,Elexon BMRS FUELHH
2016-11-21T07:30:00Z,Wind,3563.000,Elexon BMRS FUELHH
2016-11-21T08:00:00Z,Coal,6078.000,Elexon BMRS FUELHH
2016-11-21T08:00:00Z,Gas,19732.000,Elexon BMRS FUELHH
2016-11-21T08:00:00Z,Hydro,319.000,Elexon BMRS FUELHH
2016-11-21T08:00:00Z,Imports & Exports,1400.000,Elexon BMRS FUELHH
2016-11-21T08:00:00Z,Nuclear,8462.000,Elexon BMRS FUELHH
2016-11-21T08:00:00Z,Other,1950.000,Elexon BMRS FUELHH
2016-11-21T08:00:00Z,Pumped Storage,360.000,Elexon BMRS FUELHH
2016-11-21T08:00:00Z,Wind,3672.000,Elexon BMRS FUELHH
2016-11-21T08:30:00Z,Coal,6022.000,Elexon BMRS FUELHH
2016-11-21T08:30:00Z,Gas,20114.000,Elexon BMRS FUELHH
2016-11-21T08:30:00Z,Hydro,346.000,Elexon BMRS FUELHH
2016-11-21T08:30:00Z,Imports & Exports,1474.000,Elexon BMRS FUELHH
2016-11-21T08:30:00Z,Nuclear,8459.000,Elexon BMRS FUELHH
2016-11-21T08:30:00Z,Other,1960.000,Elexon BMRS FUELHH
2016-11-21T08:30:00Z,Pumped Storage,452.000,Elexon BMRS FUELHH
2016-11-21T08:30:00Z,Wind,3565.000,Elexon BMRS FUELHH
2016-11-21T09:00:00Z,Coal,5744.000,Elexon BMRS FUELHH
2016-11-21T09:00:00Z,Gas,21055.000,Elexon BMRS FUELHH
2016-11-21T09:00:00Z,Hydro,439.000,Elexon BMRS FUELHH
2016-11-21T09:00:00Z,Imports & Exports,1502.000,Elexon BMRS FUELHH
2016-11-21T09:00:00Z,Nuclear,8465.000,Elexon BMRS FUELHH
2016-11-21T09:00:00Z,Other,1962.000,Elexon BMRS FUELHH
2016-11-21T09:00:00Z,Pumped Storage,446.000,Elexon BMRS FUELHH
2016-11-21T09:00:00Z,Wind,3694.000,Elexon BMRS FUELHH
2016-11-21T09:30:00Z,Coal,5402.000,Elexon BMRS FUELHH
2016-11-21T09:30:00Z,Gas,21382.000,Elexon BMRS FUELHH
2016-11-21T09:30:00Z,Hydro,426.000,Elexon BMRS FUELHH
2016-11-21T09:30:00Z,Imports & Exports,1494.000,Elexon BMRS FUELHH
2016-11-21T09:30:00Z,Nuclear,8464.000,Elexon BMRS FUELHH
2016-11-21T09:30:00Z,Other,1963.000,Elexon BMRS FUELHH
2016-11-21T09:30:00Z,Pumped Storage,560.000,Elexon BMRS FUELHH
2016-11-21T09:30:00Z,Wind,3956.000,Elexon BMRS FUELHH
2016-11-21T10:00:00Z,Coal,5529.000,Elexon BMRS FUELHH
2016-11-21T10:00:00Z,Gas,21339.000,Elexon BMRS FUELHH
2016-11-21T10:00:00Z,Hydro,406.000,Elexon BMRS FUELHH
2016-11-21T10:00:00Z,Imports & Exports,1524.000,Elexon BMRS FUELHH
2016-11-21T10:00:00Z,Nuclear,8473.000,Elexon BMRS FUELHH
2016-11-21T10:00:00Z,Other,1940.000,Elexon BMRS FUELHH
2016-11-21T10:00:00Z,Pumped Storage,430.000,Elexon BMRS FUELHH
2016-11-21T10:00:00Z,Wind,4134.000,Elexon BMRS FUELHH
2016-11-21T10:30:00Z,Coal,6068.000,Elexon BMRS FUELHH
2016-11-21T10:30:00Z,Gas,21295.000,Elexon BMRS FUELHH
2016-11-21T10:30:00Z,Hydro,398.000,Elexon BMRS FUELHH
2016-11-21T10:30:00Z,Imports & Exports,1530.000,Elexon BMRS FUELHH
2016-11-21T10:30:00Z,Nuclear,8479.000,Elexon BMRS FUELHH
2016-11-21T10:30:00Z,Other,1656.000,Elexon BMRS FUELHH
2016-11-21T10:30:00Z,Pumped Storage,484.000,Elexon BMRS FUELHH
2016-11-21T10:30:00Z,Wind,4152.000,Elexon BMRS FUELHH
2016-11-21T11:00:00Z,Coal,6811.000,Elexon BMRS FUELHH
2016-11-21T11:00:00Z,Gas,21313.000,Elexon BMRS FUELHH
2016-11-21T11:00:00Z,Hydro,338.000,Elexon BMRS FUELHH
2016-11-21T11:00:00Z,Imports & Exports,1548.000,Elexon BMRS FUELHH
2016-11-21T11:00:00Z,Nuclear,8480.000,Elexon BMRS FUELHH
2016-11-21T11:00:00Z,Other,1320.000,Elexon BMRS FUELHH
2016-11-21T11:00:00Z,Pumped Storage,624.000,Elexon BMRS FUELHH
2016-11-21T11:00:00Z,Wind,3937.000,Elexon BMRS FUELHH
2016-11-21T11:30:00Z,Coal,7407.000,Elexon BMRS FUELHH
2016-11-21T11:30:00Z,Gas,20953.000,Elexon BMRS FUELHH
2016-11-21T11:30:00Z,Hydro,336.000,Elexon BMRS FUELHH
2016-11-21T11:30:00Z,Imports & Exports,1530.000,Elexon BMRS FUELHH
2016-11-21T11:30:00Z,Nuclear,8475.000,Elexon BMRS FUELHH
2016-11-21T11:30:00Z,Other,1319.000,Elexon BMRS FUELHH
2016-11-21T11:30:00Z,Pumped Storage,424.000,Elexon BMRS FUELHH
2016-11-21T11:30:00Z,Wind,4000.000,Elexon BMRS FUELHH
2016-11-21T12:00:00Z,Coal,7193.000,Elexon BMRS FUELHH
2016-11-21T12:00:00Z,Gas,20874.000,Elexon BMRS FUELHH
2016-11-21T12:00:00Z,Hydro,340.000,Elexon BMRS FUELHH
2016-11-21T12:00:00Z,Imports & Exports,1548.000,Elexon BMRS FUELHH
2016-11-21T12:00:00Z,Nuclear,8460.000,Elexon BMRS FUELHH
2016-11-21T12:00:00Z,Other,1317.000,Elexon BMRS FUELHH
2016-11-21T12:00:00Z,Pumped Storage,818.000,Elexon BMRS FUELHH
2016-11-21T12:00:00Z,Wind,4137.000,Elexon BMRS FUELHH
2016-11-21T12:30:00Z,Coal,6985.000,Elexon BMRS FUELHH
2016-11-21T12:30:00Z,Gas,20762.000,Elexon BMRS FUELHH
2016-11-21T12:30:00Z,Hydro,332.000,Elexon BMRS FUELHH
2016-11-21T12:30:00Z,Imports & Exports,1506.000,Elexon BMRS FUELHH
2016-11-21T12:30:00Z,Nuclear,8476.000,Elexon BMRS FUELHH
2016-11-21T12:30:00Z,Other,1317.000,Elexon BMRS FUELHH
2016-11-21T12:30:00Z,Pumped Storage,612.000,Elexon BMRS FUELHH
2016-11-21T12:30:00Z,Wind,4507.000,Elexon BMRS FUELHH
2016-11-21T13:00:00Z,Coal,6870.000,Elexon BMRS FUELHH
2016-11-21T13:00:00Z,Gas,20516.000,Elexon BMRS FUELHH
2016-11-21T13:00:00Z,Hydro,215.000,Elexon BMRS FUELHH
2016-11-21T13:00:00Z,Imports & Exports,1516.000,Elexon BMRS FUELHH
2016-11-21T13:00:00Z,Nuclear,8482.000,Elexon BMRS FUELHH
2016-11-21T13:00:00Z,Other,1317.000,Elexon BMRS FUELHH
2016-11-21T13:00:00Z,Pumped Storage,510.000,Elexon BMRS FUELHH
2016-11-21T13:00:00Z,Wind,4817.000,Elexon BMRS FUELHH
2016-11-21T13:30:00Z,Coal,6533.000,Elexon BMRS FUELHH
2016-11-21T13:30:00Z,Gas,20487.000,Elexon BMRS FUELHH
2016-11-21T13:30:00Z,Hydro,210.000,Elexon BMRS FUELHH
2016-11-21T13:30:00Z,Imports & Exports,1506.000,Elexon BMRS FUELHH
2016-11-21T13:30:00Z,Nuclear,8486.000,Elexon BMRS FUELHH
2016-11-21T13:30:00Z,Other,1316.000,Elexon BMRS FUELHH
2016-11-21T13:30:00Z,Pumped Storage,312.000,Elexon BMRS FUELHH
2016-11-21T13:30:00Z,Wind,5019.000,Elexon BMRS FUELHH
2016-11-21T14:00:00Z,Coal,6283.000,Elexon BMRS FUELHH
2016-11-21T14:00:00Z,Gas,20179.000,Elexon BMRS FUELHH
2016-11-21T14:00:00Z,Hydro,210.000,Elexon BMRS FUELHH
2016-11-21T14:00:00Z,Imports & Exports,1514.000,Elexon BMRS FUELHH
2016-11-21T14:00:00Z,Nuclear,8480.000,Elexon BMRS FUELHH
2016-11-21T14:00:00Z,Other,1318.000,Elexon BMRS FUELHH
2016-11-21T14:00:00Z,Pumped Storage,390.000,Elexon BMRS FUELHH
2016-11-21T14:00:00Z,Wind,5176.000,Elexon BMRS FUELHH
2016-11-21T14:30:00Z,Coal,6346.000,Elexon BMRS FUELHH
2016-11-21T14:30:00Z,Gas,19507.000,Elexon BMRS FUELHH
2016-11-21T14:30:00Z,Hydro,226.000,Elexon BMRS FUELHH
2016-11-21T14:30:00Z,Imports & Exports,1510.000,Elexon BMRS FUELHH
2016-11-21T14:30:00Z,Nuclear,8466.000,Elexon BMRS FUELHH
2016-11-21T14:30:00Z,Other,1318.000,Elexon BMRS FUELHH
2016-11-21T14:30:00Z,Pumped Storage,546.000,Elexon BMRS FUELHH
2016-11-21T14:30:00Z,Wind,5312.000,Elexon BMRS FUELHH
2016-11-21T15:00:00Z,Coal,6298.000,Elexon BMRS FUELHH
2016-11-21T15:00:00Z,Gas,19305.000,Elexon BMRS FUELHH
2016-11-21T15:00:00Z,Hydro,563.000,Elexon BMRS FUELHH
2016-11-21T15:00:00Z,Imports & Exports,1510.000,Elexon BMRS FUELHH
2016-11-21T15:00:00Z,Nuclear,8466.000,Elexon BMRS FUELHH
2016-11-21T15:00:00Z,Other,1319.000,Elexon BMRS FUELHH
2016-11-21T15:00:00Z,Pumped Storage,336.000,Elexon BMRS FUELHH
2016-11-21T15:00:00Z,Wind,5441.000,Elexon BMRS FUELHH
2016-11-21T15:30:00Z,Coal,7004.000,Elexon BMRS FUELHH
2016-11-21T15:30:00Z,Gas,19606.000,Elexon BMRS FUELHH
2016-11-21T15:30:00Z,Hydro,617.000,Elexon BMRS FUELHH
2016-11-21T15:30:00Z,Imports & Exports,1364.000,Elexon BMRS FUELHH
2016-11-21T15:30:00Z,Nuclear,8460.000,Elexon BMRS FUELHH
2016-11-21T15:30:00Z,Other,1319.000,Elexon BMRS FUELHH
2016-11-21T15:30:00Z,Pumped Storage,378.000,Elexon BMRS FUELHH
2016-11-21T15:30:00Z,Wind,5559.000,Elexon BMRS FUELHH
2016-11-21T16:00:00Z,Coal,7840.000,Elexon BMRS FUELHH
2016-11-21T16:00:00Z,Gas,19805.000,Elexon BMRS FUELHH
2016-11-21T16:00:00Z,Hydro,732.000,Elexon BMRS FUELHH
2016-11-21T16:00:00Z,Imports & Exports,1146.000,Elexon BMRS FUELHH
2016-11-21T16:00:00Z,Nuclear,8380.000,Elexon BMRS FUELHH
2016-11-21T16:00:00Z,Other,1319.000,Elexon BMRS FUELHH
2016-11-21T16:00:00Z,Pumped Storage,1122.000,Elexon BMRS FUELHH
2016-11-21T16:00:00Z,Wind,5643.000,Elexon BMRS FUELHH
2016-11-21T16:30:00Z,Coal,7905.000,Elexon BMRS FUELHH
2016-11-21T16:30:00Z,Gas,20909.000,Elexon BMRS FUELHH
2016-11-21T16:30:00Z,Hydro,710.000,Elexon BMRS FUELHH
2016-11-21T16:30:00Z,Imports & Exports,1092.000,Elexon BMRS FUELHH
2016-11-21T16:30:00Z,Nuclear,8256.000,Elexon BMRS FUELHH
2016-11-21T16:30:00Z,Other,1319.000,Elexon BMRS FUELHH
2016-11-21T16:30:00Z,Pumped Storage,1318.000,Elexon BMRS FUELHH
2016-11-21T16:30:00Z,Wind,5802.000,Elexon BMRS FUELHH
2016-11-21T17:00:00Z,Coal,7836.000,Elexon BMRS FUELHH
2016-11-21T17:00:00Z,Gas,21081.000,Elexon BMRS FUELHH
2016-11-21T17:00:00Z,Hydro,897.000,Elexon BMRS FUELHH
2016-11-21T17:00:00Z,Imports & Exports,1202.000,Elexon BMRS FUELHH
2016-11-21T17:00:00Z,Nuclear,8250.000,Elexon BMRS FUELHH
2016-11-21T17:00:00Z,Other,1319.000,Elexon BMRS FUELHH
2016-11-21T17:00:00Z,Pumped Storage,1166.000,Elexon BMRS FUELHH
2016-11-21T17:00:00Z,Wind,5904.000,Elexon BMRS FUELHH
2016-11-21T17:30:00Z,Coal,7406.000,Elexon BMRS FUELHH
2016-11-21T17:30:00Z,Gas,21035.000,Elexon BMRS FUELHH
2016-11-21T17:30:00Z,Hydro,831.000,Elexon BMRS FUELHH
2016-11-21T17:30:00Z,Imports & Exports,1508.000,Elexon BMRS FUELHH
2016-11-21T17:30:00Z,Nuclear,8253.000,Elexon BMRS FUELHH
2016-11-21T17:30:00Z,Other,1319.000,Elexon BMRS FUELHH
2016-11-21T17:30:00Z,Pumped Storage,930.000,Elexon BMRS FUELHH
2016-11-21T17:30:00Z,Wind,6066.000,Elexon BMRS FUELHH
2016-11-21T18:00:00Z,Coal,6910.000,Elexon BMRS FUELHH
2016-11-21T18:00:00Z,Gas,21203.000,Elexon BMRS FUELHH
2016-11-21T18:00:00Z,Hydro,790.000,Elexon BMRS FUELHH
2016-11-21T18:00:00Z,Imports & Exports,1682.000,Elexon BMRS FUELHH
2016-11-21T18:00:00Z,Nuclear,8250.000,Elexon BMRS FUELHH
2016-11-21T18:00:00Z,Other,1318.000,Elexon BMRS FUELHH
2016-11-21T18:00:00Z,Pumped Storage,966.000,Elexon BMRS FUELHH
2016-11-21T18:00:00Z,Wind,6192.000,Elexon BMRS FUELHH
2016-11-21T18:30:00Z,Coal,6196.000,Elexon BMRS FUELHH
2016-11-21T18:30:00Z,Gas,21257.000,Elexon BMRS FUELHH
2016-11-21T18:30:00Z,Hydro,644.000,Elexon BMRS FUELHH
2016-11-21T18:30:00Z,Imports & Exports,1666.000,Elexon BMRS FUELHH
2016-11-21T18:30:00Z,Nuclear,8261.000,Elexon BMRS FUELHH
2016-11-21T18:30:00Z,Other,1320.000,Elexon BMRS FUELHH
2016-11-21T18:30:00Z,Pumped Storage,930.000,Elexon BMRS FUELHH
2016-11-21T18:30:00Z,Wind,6258.000,Elexon BMRS FUELHH
2016-11-21T19:00:00Z,Coal,5937.000,Elexon BMRS FUELHH
2016-11-21T19:00:00Z,Gas,20377.000,Elexon BMRS FUELHH
2016-11-21T19:00:00Z,Hydro,426.000,Elexon BMRS FUELHH
2016-11-21T19:00:00Z,Imports & Exports,1672.000,Elexon BMRS FUELHH
2016-11-21T19:00:00Z,Nuclear,8350.000,Elexon BMRS FUELHH
2016-11-21T19:00:00Z,Other,1320.000,Elexon BMRS FUELHH
2016-11-21T19:00:00Z,Pumped Storage,952.000,Elexon BMRS FUELHH
2016-11-21T19:00:00Z,Wind,6278.000,Elexon BMRS FUELHH
2016-11-21T19:30:00Z,Coal,5071.000,Elexon BMRS FUELHH
2016-11-21T19:30:00Z,Gas,19743.000,Elexon BMRS FUELHH
2016-11-21T19:30:00Z,Hydro,346.000,Elexon BMRS FUELHH
2016-11-21T19:30:00Z,Imports & Exports,1668.000,Elexon BMRS FUELHH
2016-11-21T19:30:00Z,Nuclear,8496.000,Elexon BMRS FUELHH
2016-11-21T19:30:00Z,Other,1320.000,Elexon BMRS FUELHH
2016-11-21T19:30:00Z,Pumped Storage,934.000,Elexon BMRS FUELHH
2016-11-21T19:30:00Z,Wind,6402.000,Elexon BMRS FUELHH
2016-11-21T20:00:00Z,Coal,4175.000,Elexon BMRS FUELHH
2016-11-21T20:00:00Z,Gas,19096.000,Elexon BMRS FUELHH
2016-11-21T20:00:00Z,Hydro,321.000,Elexon BMRS FUELHH
2016-11-21T20:00:00Z,Imports & Exports,1594.000,Elexon BMRS FUELHH
2016-11-21T20:00:00Z,Nuclear,8553.000,Elexon BMRS FUELHH
2016-11-21T20:00:00Z,Other,1318.000,Elexon BMRS FUELHH
2016-11-21T20:00:00Z,Pumped Storage,940.000,Elexon BMRS FUELHH
2016-11-21T20:00:00Z,Wind,6588.000,Elexon BMRS FUELHH
2016-11-21T20:30:00Z,Coal,3161.000,Elexon BMRS FUELHH
2016-11-21T20:30:00Z,Gas,17754.000,Elexon BMRS FUELHH
2016-11-21T20:30:00Z,Hydro,319.000,Elexon BMRS FUELHH
2016-11-21T20:30:00Z,Imports & Exports,1670.000,Elexon BMRS FUELHH
2016-11-21T20:30:00Z,Nuclear,8553.000,Elexon BMRS FUELHH
2016-11-21T20:30:00Z,Other,1318.000,Elexon BMRS FUELHH
2016-11-21T20:30:00Z,Pumped Storage,976.000,Elexon BMRS FUELHH
2016-11-21T20:30:00Z,Wind,6956.000,Elexon BMRS FUELHH
2016-11-21T21:00:00Z,Coal,2710.000,Elexon BMRS FUELHH
2016-11-21T21:00:00Z,Gas,16067.000,Elexon BMRS FUELHH
2016-11-21T21:00:00Z,Hydro,234.000,Elexon BMRS FUELHH
2016-11-21T21:00:00Z,Imports & Exports,1870.000,Elexon BMRS FUELHH
2016-11-21T21:00:00Z,Nuclear,8554.000,Elexon BMRS FUELHH
2016-11-21T21:00:00Z,Other,1319.000,Elexon BMRS FUELHH
2016-11-21T21:00:00Z,Pumped Storage,1030.000,Elexon BMRS FUELHH
2016-11-21T21:00:00Z,Wind,7061.000,Elexon BMRS FUELHH
2016-11-21T21:30:00Z,Coal,2603.000,Elexon BMRS FUELHH
2016-11-21T21:30:00Z,Gas,14226.000,Elexon BMRS FUELHH
2016-11-21T21:30:00Z,Hydro,234.000,Elexon BMRS FUELHH
2016-11-21T21:30:00Z,Imports & Exports,1784.000,Elexon BMRS FUELHH
2016-11-21T21:30:00Z,Nuclear,8555.000,Elexon BMRS FUELHH
2016-11-21T21:30:00Z,Other,1318.000,Elexon BMRS FUELHH
2016-11-21T21:30:00Z,Pumped Storage,778.000,Elexon BMRS FUELHH
2016-11-21T21:30:00Z,Wind,6917.000,Elexon BMRS FUELHH
2016-11-21T22:00:00Z,Coal,2622.000,Elexon BMRS FUELHH
2016-11-21T22:00:00Z,Gas,12484.000,Elexon BMRS FUELHH
2016-11-21T22:00:00Z,Hydro,232.000,Elexon BMRS FUELHH
2016-11-21T22:00:00Z,Imports & Exports,1916.000,Elexon BMRS FUELHH
2016-11-21T22:00:00Z,Nuclear,8556.000,Elexon BMRS FUELHH
2016-11-21T22:00:00Z,Other,1316.000,Elexon BMRS FUELHH
2016-11-21T22:00:00Z,Pumped Storage,354.000,Elexon BMRS FUELHH
2016-11-21T22:00:00Z,Wind,6848.000,Elexon BMRS FUELHH
2016-11-21T22:30:00Z,Coal,2405.000,Elexon BMRS FUELHH
2016-11-21T22:30:00Z,Gas,10885.000,Elexon BMRS FUELHH
2016-11-21T22:30:00Z,Hydro,225.000,Elexon BMRS FUELHH
2016-11-21T22:30:00Z,Imports & Exports,1960.000,Elexon BMRS FUELHH
2016-11-21T22:30:00Z,Nuclear,8553.000,Elexon BMRS FUELHH
2016-11-21T22:30:00Z,Other,1317.000,Elexon BMRS FUELHH
2016-11-21T22:30:00Z,Pumped Storage,192.000,Elexon BMRS FUELHH
2016-11-21T22:30:00Z,Wind,6803.000,Elexon BMRS FUELHH
2016-11-21T23:00:00Z,Coal,2159.000,Elexon BMRS FUELHH
2016-11-21T23:00:00Z,Gas,10114.000,Elexon BMRS FUELHH
2016-11-21T23:00:00Z,Hydro,173.000,Elexon BMRS FUELHH
2016-11-21T23:00:00Z,Imports & Exports,1586.000,Elexon BMRS FUELHH
2016-11-21T23:00:00Z,Nuclear,8563.000,Elexon BMRS FUELHH
2016-11-21T23:00:00Z,Other,1319.000,Elexon BMRS FUELHH
2016-11-21T23:00:00Z,Pumped Storage,-552.000,Elexon BMRS FUELHH
2016-11-21T23:00:00Z,Wind,6645.000,Elexon BMRS FUELHH
2016-11-21T23:30:00Z,Coal,1782.000,Elexon BMRS FUELHH
2016-11-21T23:30:00Z,Gas,10134.000,Elexon BMRS FUELHH
2016-11-21T23:30:00Z,Hydro,168.000,Elexon BMRS FUELHH
2016-11-21T23:30:00Z,Imports & Exports,1590.000,Elexon BMRS FUELHH
2016-11-21T23:30:00Z,Nuclear,8566.000,Elexon BMRS FUELHH
2016-11-21T23:30:00Z,Other,1318.000,Elexon BMRS FUELHH
2016-11-21T23:30:00Z,Pumped Storage,-1604.000,Elexon BMRS FUELHH
2016-11-21T23:30:00Z,Wind,6723.000,Elexon BMRS FUELHH
2016-11-22T00:00:00Z,Coal,1930.000,Elexon BMRS FUELHH
2016-11-22T00:00:00Z,Gas,9941.000,Elexon BMRS FUELHH
2016-11-22T00:00:00Z,Hydro,167.000,Elexon BMRS FUELHH
2016-11-22T00:00:00Z,Imports & Exports,1630.000,Elexon BMRS FUELHH
2016-11-22T00:00:00Z,Nuclear,8548.000,Elexon BMRS FUELHH
2016-11-22T00:00:00Z,Other,1318.000,Elexon BMRS FUELHH
2016-11-22T00:00:00Z,Pumped Storage,-2048.000,Elexon BMRS FUELHH
2016-11-22T00:00:00Z,Wind,6691.000,Elexon BMRS FUELHH
2016-11-22T00:30:00Z,Coal,2103.000,Elexon BMRS FUELHH
2016-11-22T00:30:00Z,Gas,10199.000,Elexon BMRS FUELHH
2016-11-22T00:30:00Z,Hydro,170.000,Elexon BMRS FUELHH
2016-11-22T00:30:00Z,Imports & Exports,1614.000,Elexon BMRS FUELHH
2016-11-22T00:30:00Z,Nuclear,8548.000,Elexon BMRS FUELHH
2016-11-22T00:30:00Z,Other,1318.000,Elexon BMRS FUELHH
2016-11-22T00:30:00Z,Pumped Storage,-2142.000,Elexon BMRS FUELHH
2016-11-22T00:30:00Z,Wind,6685.000,Elexon BMRS FUELHH
2016-11-22T01:00:00Z,Coal,2121.000,Elexon BMRS FUELHH
2016-11-22T01:00:00Z,Gas,10006.000,Elexon BMRS FUELHH
2016-11-22T01:00:00Z,Hydro,137.000,Elexon BMRS FUELHH
2016-11-22T01:00:00Z,Imports & Exports,1600.000,Elexon BMRS FUELHH
2016-11-22T01:00:00Z,Nuclear,8548.000,Elexon BMRS FUELHH
2016-11-22T01:00:00Z,Other,1318.000,Elexon BMRS FUELHH
2016-11-22T01:00:00Z,Pumped Storage,-2234.000,Elexon BMRS FUELHH
2016-11-22T01:00:00Z,Wind,6696.000,Elexon BMRS FUELHH
2016-11-22T01:30:00Z,Coal,2119.000,Elexon BMRS FUELHH
2016-11-22T01:30:00Z,Gas,9603.000,Elexon BMRS FUELHH
2016-11-22T01:30:00Z,Hydro,125.000,Elexon BMRS FUELHH
2016-11-22T01:30:00Z,Imports & Exports,1610.000,Elexon BMRS FUELHH
2016-11-22T01:30:00Z,Nuclear,8545.000,Elexon BMRS FUELHH
2016-11-22T01:30:00Z,Other,1309.000,Elexon BMRS FUELHH
2016-11-22T01:30:00Z,Pumped Storage,-2384.000,Elexon BMRS FUELHH
2016-11-22T01:30:00Z,Wind,6611.000,Elexon BMRS FUELHH
2016-11-22T02:00:00Z,Coal,2118.000,Elexon BMRS FUELHH
2016-11-22T02:00:00Z,Gas,9486.000,Elexon BMRS FUELHH
2016-11-22T02:00:00Z,Hydro,121.000,Elexon BMRS FUELHH
2016-11-22T02:00:00Z,Imports & Exports,1162.000,Elexon BMRS FUELHH
2016-11-22T02:00:00Z,Nuclear,8547.000,Elexon BMRS FUELHH
2016-11-22T02:00:00Z,Other,1316.000,Elexon BMRS FUELHH
2016-11-22T02:00:00Z,Pumped Storage,-2430.000,Elexon BMRS FUELHH
2016-11-22T02:00:00Z,Wind,6614.000,Elexon BMRS FUELHH
2016-11-22T02:30:00Z,Coal,1961.000,Elexon BMRS FUELHH
2016-11-22T02:30:00Z,Gas,9295.000,Elexon BMRS FUELHH
2016-11-22T02:30:00Z,Hydro,121.000,Elexon BMRS FUELHH
2016-11-22T02:30:00Z,Imports & Exports,1128.000,Elexon BMRS FUELHH
2016-11-22T02:30:00Z,Nuclear,8542.000,Elexon BMRS FUELHH
2016-11-22T02:30:00Z,Other,1317.000,Elexon BMRS FUELHH
2016-11-22T02:30:00Z,Pumped Storage,-2402.000,Elexon BMRS FUELHH
2016-11-22T02:30:00Z,Wind,6723.000,Elexon BMRS FUELHH
2016-11-22T03:00:00Z,Coal,1831.000,Elexon BMRS FUELHH
2016-11-22T03:00:00Z,Gas,9009.000,Elexon BMRS FUELHH
2016-11-22T03:00:00Z,Hydro,121.000,Elexon BMRS FUELHH
2016-11-22T03:00:00Z,Imports & Exports,1088.000,Elexon BMRS FUELHH
2016-11-22T03:00:00Z,Nuclear,8547.000,Elexon BMRS FUELHH
2016-11-22T03:00:00Z,Other,1318.000,Elexon BMRS FUELHH
2016-11-22T03:00:00Z,Pumped Storage,-2384.000,Elexon BMRS FUELHH
2016-11-22T03:00:00Z,Wind,6768.000,Elexon BMRS FUELHH
2016-11-22T03:30:00Z,Coal,1819.000,Elexon BMRS FUELHH
2016-11-22T03:30:00Z,Gas,8556.000,Elexon BMRS FUELHH
2016-11-22T03:30:00Z,Hydro,119.000,Elexon BMRS FUELHH
2016-11-22T03:30:00Z,Imports & Exports,1042.000,Elexon BMRS FUELHH
2016-11-22T03:30:00Z,Nuclear,8552.000,Elexon BMRS FUELHH
2016-11-22T03:30:00Z,Other,1319.000,Elexon BMRS FUELHH
2016-11-22T03:30:00Z,Pumped Storage,-2390.000,Elexon BMRS FUELHH
2016-11-22T03:30:00Z,Wind,6834.000,Elexon BMRS FUELHH
2016-11-22T04:00:00Z,Coal,1820.000,Elexon BMRS FUELHH
2016-11-22T04:00:00Z,Gas,8659.000,Elexon BMRS FUELHH
2016-11-22T04:00:00Z,Hydro,119.000,Elexon BMRS FUELHH
2016-11-22T04:00:00Z,Imports & Exports,648.000,Elexon BMRS FUELHH
2016-11-22T04:00:00Z,Nuclear,8543.000,Elexon BMRS FUELHH
2016-11-22T04:00:00Z,Other,1319.000,Elexon BMRS FUELHH
2016-11-22T04:00:00Z,Pumped Storage,-2364.000,Elexon BMRS FUELHH
2016-11-22T04:00:00Z,Wind,6852.000,Elexon BMRS FUELHH
2016-11-22T04:30:00Z,Coal,1833.000,Elexon BMRS FUELHH
2016-11-22T04:30:00Z,Gas,8717.000,Elexon BMRS FUELHH
2016-11-22T04:30:00Z,Hydro,116.000,Elexon BMRS FUELHH
2016-11-22T04:30:00Z,Imports & Exports,632.000,Elexon BMRS FUELHH
2016-11-22T04:30:00Z,Nuclear,8552.000,Elexon BMRS FUELHH
2016-11-22T04:30:00Z,Other,1317.000,Elexon BMRS FUELHH
2016-11-22T04:30:00Z,Pumped Storage,-2230.000,Elexon BMRS FUELHH
2016-11-22T04:30:00Z,Wind,6796.000,Elexon BMRS FUELHH
2016-11-22T05:00:00Z,Coal,2182.000,Elexon BMRS FUELHH
2016-11-22T05:00:00Z,Gas,8879.000,Elexon BMRS FUELHH
2016-11-22T05:00:00Z,Hydro,116.000,Elexon BMRS FUELHH
2016-11-22T05:00:00Z,Imports & Exports,864.000,Elexon BMRS FUELHH
2016-11-22T05:00:00Z,Nuclear,8551.000,Elexon BMRS FUELHH
2016-11-22T05:00:00Z,Other,1319.000,Elexon BMRS FUELHH
2016-11-22T05:00:00Z,Pumped Storage,-2064.000,Elexon BMRS FUELHH
2016-11-22T05:00:00Z,Wind,6698.000,Elexon BMRS FUELHH
2016-11-22T05:30:00Z,Coal,2387.000,Elexon BMRS FUELHH
2016-11-22T05:30:00Z,Gas,9871.000,Elexon BMRS FUELHH
2016-11-22T05:30:00Z,Hydro,117.000,Elexon BMRS FUELHH
2016-11-22T05:30:00Z,Imports & Exports,854.000,Elexon BMRS FUELHH
2016-11-22T05:30:00Z,Nuclear,8486.000,Elexon BMRS FUELHH
2016-11-22T05:30:00Z,Other,1297.000,Elexon BMRS FUELHH
2016-11-22T05:30:00Z,Pumped Storage,-1758.000,Elexon BMRS FUELHH
2016-11-22T05:30:00Z,Wind,6621.000,Elexon BMRS FUELHH
2016-11-22T06:00:00Z,Coal,2681.000,Elexon BMRS FUELHH
2016-11-22T06:00:00Z,Gas,12698.000,Elexon BMRS FUELHH
2016-11-22T06:00:00Z,Hydro,135.000,Elexon BMRS FUELHH
2016-11-22T06:00:00Z,Imports & Exports,344.000,Elexon BMRS FUELHH
2016-11-22T06:00:00Z,Nuclear,8360.000,Elexon BMRS FUELHH
2016-11-22T06:00:00Z,Other,1279.000,Elexon BMRS FUELHH
2016-11-22T06:00:00Z,Pumped Storage,-862.000,Elexon BMRS FUELHH
2016-11-22T06:00:00Z,Wind,6687.000,Elexon BMRS FUELHH
2016-11-22T06:30:00Z,Coal,3169.000,Elexon BMRS FUELHH
2016-11-22T06:30:00Z,Gas,14214.000,Elexon BMRS FUELHH
2016-11-22T06:30:00Z,Hydro,151.000,Elexon BMRS FUELHH
2016-11-22T06:30:00Z,Imports & Exports,330.000,Elexon BMRS FUELHH
2016-11-22T06:30:00Z,Nuclear,8364.000,Elexon BMRS FUELHH
2016-11-22T06:30:00Z,Other,1291.000,Elexon BMRS FUELHH
2016-11-22T06:30:00Z,Pumped Storage,260.000,Elexon BMRS FUELHH
2016-11-22T06:30:00Z,Wind,6695.000,Elexon BMRS FUELHH
2016-11-22T07:00:00Z,Coal,3786.000,Elexon BMRS FUELHH
2016-11-22T07:00:00Z,Gas,16437.000,Elexon BMRS FUELHH
2016-11-22T07:00:00Z,Hydro,147.000,Elexon BMRS FUELHH
2016-11-22T07:00:00Z,Imports & Exports,920.000,Elexon BMRS FUELHH
2016-11-22T07:00:00Z,Nuclear,8354.000,Elexon BMRS FUELHH
2016-11-22T07:00:00Z,Other,1317.000,Elexon BMRS FUELHH
2016-11-22T07:00:00Z,Pumped Storage,730.000,Elexon BMRS FUELHH
2016-11-22T07:00:00Z,Wind,6808.000,Elexon BMRS FUELHH
2016-11-22T07:30:00Z,Coal,4166.000,Elexon BMRS FUELHH
2016-11-22T07:30:00Z,Gas,18364.000,Elexon BMRS FUELHH
2016-11-22T07:30:00Z,Hydro,147.000,Elexon BMRS FUELHH
2016-11-22T07:30:00Z,Imports & Exports,820.000,Elexon BMRS FUELHH
2016-11-22T07:30:00Z,Nuclear,8356.000,Elexon BMRS FUELHH
2016-11-22T07:30:00Z,Other,1317.000,Elexon BMRS FUELHH
2016-11-22T07:30:00Z,Pumped Storage,446.000,Elexon BMRS FUELHH
2016-11-22T07:30:00Z,Wind,6791.000,Elexon BMRS FUELHH
2016-11-22T08:00:00Z,Coal,4322.000,Elexon BMRS FUELHH
2016-11-22T08:00:00Z,Gas,19269.000,Elexon BMRS FUELHH
2016-11-22T08:00:00Z,Hydro,147.000,Elexon BMRS FUELHH
2016-11-22T08:00:00Z,Imports & Exports,746.000,Elexon BMRS FUELHH
2016-11-22T08:00:00Z,Nuclear,8354.000,Elexon BMRS FUELHH
2016-11-22T08:00:00Z,Other,1317.000,Elexon BMRS FUELHH
2016-11-22T08:00:00Z,Pumped Storage,336.000,Elexon BMRS FUELHH
2016-11-22T08:00:00Z,Wind,6916.000,Elexon BMRS FUELHH
2016-11-22T08:30:00Z,Coal,4368.000,Elexon BMRS FUELHH
2016-11-22T08:30:00Z,Gas,18936.000,Elexon BMRS FUELHH
2016-11-22T08:30:00Z,Hydro,158.000,Elexon BMRS FUELHH
2016-11-22T08:30:00Z,Imports & Exports,704.000,Elexon BMRS FUELHH
2016-11-22T08:30:00Z,Nuclear,8046.000,Elexon BMRS FUELHH
2016-11-22T08:30:00Z,Other,1316.000,Elexon BMRS FUELHH
2016-11-22T08:30:00Z,Pumped Storage,702.000,Elexon BMRS FUELHH
2016-11-22T08:30:00Z,Wind,6974.000,Elexon BMRS FUELHH
2016-11-22T09:00:00Z,Coal,4634.000,Elexon BMRS FUELHH
2016-11-22T09:00:00Z,Gas,19443.000,Elexon BMRS FUELHH
2016-11-22T09:00:00Z,Hydro,300.000,Elexon BMRS FUELHH
2016-11-22T09:00:00Z,Imports & Exports,602.000,Elexon BMRS FUELHH
2016-11-22T09:00:00Z,Nuclear,7769.000,Elexon BMRS FUELHH
2016-11-22T09:00:00Z,Other,1314.000,Elexon BMRS FUELHH
2016-11-22T09:00:00Z,Pumped Storage,668.000,Elexon BMRS FUELHH
2016-11-22T09:00:00Z,Wind,6994.000,Elexon BMRS FUELHH
2016-11-22T09:30:00Z,Coal,4693.000,Elexon BMRS FUELHH
2016-11-22T09:30:00Z,Gas,19544.000,Elexon BMRS FUELHH
2016-11-22T09:30:00Z,Hydro,297.000,Elexon BMRS FUELHH
2016-11-22T09:30:00Z,Imports & Exports,420.000,Elexon BMRS FUELHH
2016-11-22T09:30:00Z,Nuclear,7768.000,Elexon BMRS FUELHH
2016-11-22T09:30:00Z,Other,1316.000,Elexon BMRS FUELHH
2016-11-22T09:30:00Z,Pumped Storage,502.000,Elexon BMRS FUELHH
2016-11-22T09:30:00Z,Wind,6961.000,Elexon BMRS FUELHH
2016-11-22T10:00:00Z,Coal,4441.000,Elexon BMRS FUELHH
2016-11-22T10:00:00Z,Gas,19696.000,Elexon BMRS FUELHH
2016-11-22T10:00:00Z,Hydro,299.000,Elexon BMRS FUELHH
2016-11-22T10:00:00Z,Imports & Exports,502.000,Elexon BMRS FUELHH
2016-11-22T10:00:00Z,Nuclear,7770.000,Elexon BMRS FUELHH
2016-11-22T10:00:00Z,Other,1318.000,Elexon BMRS FUELHH
2016-11-22T10:00:00Z,Pumped Storage,394.000,Elexon BMRS FUELHH
2016-11-22T10:00:00Z,Wind,6953.000,Elexon BMRS FUELHH
2016-11-22T10:30:00Z,Coal,4468.000,Elexon BMRS FUELHH
2016-11-22T10:30:00Z,Gas,19578.000,Elexon BMRS FUELHH
2016-11-22T10:30:00Z,Hydro,298.000,Elexon BMRS FUELHH
2016-11-22T10:30:00Z,Imports & Exports,570.000,Elexon BMRS FUELHH
2016-11-22T10:30:00Z,Nuclear,7770.000,Elexon BMRS FUELHH
2016-11-22T10:30:00Z,Other,1305.000,Elexon BMRS FUELHH
2016-11-22T10:30:00Z,Pumped Storage,348.000,Elexon BMRS FUELHH
2016-11-22T10:30:00Z,Wind,7044.000,Elexon BMRS FUELHH
2016-11-22T11:00:00Z,Coal,4848.000,Elexon BMRS FUELHH
2016-11-22T11:00:00Z,Gas,18970.000,Elexon BMRS FUELHH
2016-11-22T11:00:00Z,Hydro,249.000,Elexon BMRS FUELHH
2016-11-22T11:00:00Z,Imports & Exports,780.000,Elexon BMRS FUELHH
2016-11-22T11:00:00Z,Nuclear,7764.000,Elexon BMRS FUELHH
2016-11-22T11:00:00Z,Other,1312.000,Elexon BMRS FUELHH
2016-11-22T11:00:00Z,Pumped Storage,490.000,Elexon BMRS FUELHH
2016-11-22T11:00:00Z,Wind,7080.000,Elexon BMRS FUELHH
2016-11-22T11:30:00Z,Coal,5065.000,Elexon BMRS FUELHH
2016-11-22T11:30:00Z,Gas,18957.000,Elexon BMRS FUELHH
2016-11-22T11:30:00Z,Hydro,227.000,Elexon BMRS FUELHH
2016-11-22T11:30:00Z,Imports & Exports,932.000,Elexon BMRS FUELHH
2016-11-22T11:30:00Z,Nuclear,7766.000,Elexon BMRS FUELHH
2016-11-22T11:30:00Z,Other,1316.000,Elexon BMRS FUELHH
2016-11-22T11:30:00Z,Pumped Storage,482.000,Elexon BMRS FUELHH
2016-11-22T11:30:00Z,Wind,6905.000,Elexon BMRS FUELHH
2016-11-22T12:00:00Z,Coal,5050.000,Elexon BMRS FUELHH
2016-11-22T12:00:00Z,Gas,19435.000,Elexon BMRS FUELHH
2016-11-22T12:00:00Z,Hydro,227.000,Elexon BMRS FUELHH
2016-11-22T12:00:00Z,Imports & Exports,914.000,Elexon BMRS FUELHH
2016-11-22T12:00:00Z,Nuclear,7765.000,Elexon BMRS FUELHH
2016-11-22T12:00:00Z,Other,1314.000,Elexon BMRS FUELHH
2016-11-22T12:00:00Z,Pumped Storage,518.000,Elexon BMRS FUELHH
2016-11-22T12:00:00Z,Wind,6691.000,Elexon BMRS FUELHH
2016-11-22T12:30:00Z,Coal,5079.000,Elexon BMRS FUELHH
2016-11-22T12:30:00Z,Gas,19879.000,Elexon BMRS FUELHH
2016-11-22T12:30:00Z,Hydro,227.000,Elexon BMRS FUELHH
2016-11-22T12:30:00Z,Imports & Exports,910.000,Elexon BMRS FUELHH
2016-11-22T12:30:00Z,Nuclear,7777.000,Elexon BMRS FUELHH
2016-11-22T12:30:00Z,Other,1313.000,Elexon BMRS FUELHH
2016-11-22T12:30:00Z,Pumped Storage,440.000,Elexon BMRS FUELHH
2016-11-22T12:30:00Z,Wind,6503.000,Elexon BMRS FUELHH
2016-11-22T13:00:00Z,Coal,4943.000,Elexon BMRS FUELHH
2016-11-22T13:00:00Z,Gas,20098.000,Elexon BMRS FUELHH
2016-11-22T13:00:00Z,Hydro,188.000,Elexon BMRS FUELHH
2016-11-22T13:00:00Z,Imports & Exports,914.000,Elexon BMRS FUELHH
2016-11-22T13:00:00Z,Nuclear,7777.000,Elexon BMRS FUELHH
2016-11-22T13:00:00Z,Other,1317.000,Elexon BMRS FUELHH
2016-11-22T13:00:00Z,Pumped Storage,484.000,Elexon BMRS FUELHH
2016-11-22T13:00:00Z,Wind,6335.000,Elexon BMRS FUELHH
2016-11-22T13:30:00Z,Coal,4877.000,Elexon BMRS FUELHH
2016-11-22T13:30:00Z,Gas,20134.000,Elexon BMRS FUELHH
2016-11-22T13:30:00Z,Hydro,193.000,Elexon BMRS FUELHH
2016-11-22T13:30:00Z,Imports & Exports,950.000,Elexon BMRS FUELHH
2016-11-22T13:30:00Z,Nuclear,7777.000,Elexon BMRS FUELHH
2016-11-22T13:30:00Z,Other,1315.000,Elexon BMRS FUELHH
2016-11-22T13:30:00Z,Pumped Storage,536.000,Elexon BMRS FUELHH
2016-11-22T13:30:00Z,Wind,6242.000,Elexon BMRS FUELHH
2016-11-22T14:00:00Z,Coal,5233.000,Elexon BMRS FUELHH
2016-11-22T14:00:00Z,Gas,19795.000,Elexon BMRS FUELHH
2016-11-22T14:00:00Z,Hydro,221.000,Elexon BMRS FUELHH
2016-11-22T14:00:00Z,Imports & Exports,1338.000,Elexon BMRS FUELHH
2016-11-22T14:00:00Z,Nuclear,7772.000,Elexon BMRS FUELHH
2016-11-22T14:00:00Z,Other,1304.000,Elexon BMRS FUELHH
2016-11-22T14:00:00Z,Pumped Storage,518.000,Elexon BMRS FUELHH
2016-11-22T14:00:00Z,Wind,6078.000,Elexon BMRS FUELHH
2016-11-22T14:30:00Z,Coal,5686.000,Elexon BMRS FUELHH
2016-11-22T14:30:00Z,Gas,19954.000,Elexon BMRS FUELHH
2016-11-22T14:30:00Z,Hydro,250.000,Elexon BMRS FUELHH
2016-11-22T14:30:00Z,Imports & Exports,1278.000,Elexon BMRS FUELHH
2016-11-22T14:30:00Z,Nuclear,7779.000,Elexon BMRS FUELHH
2016-11-22T14:30:00Z,Other,1310.000,Elexon BMRS FUELHH
2016-11-22T14:30:00Z,Pumped Storage,350.000,Elexon BMRS FUELHH
2016-11-22T14:30:00Z,Wind,5861.000,Elexon BMRS FUELHH
2016-11-22T15:00:00Z,Coal,6027.000,Elexon BMRS FUELHH
2016-11-22T15:00:00Z,Gas,20454.000,Elexon BMRS FUELHH
2016-11-22T15:00:00Z,Hydro,383.000,Elexon BMRS FUELHH
2016-11-22T15:00:00Z,Imports & Exports,660.000,Elexon BMRS FUELHH
2016-11-22T15:00:00Z,Nuclear,7777.000,Elexon BMRS FUELHH
2016-11-22T15:00:00Z,Other,1307.000,Elexon BMRS FUELHH
2016-11-22T15:00:00Z,Pumped Storage,352.000,Elexon BMRS FUELHH
2016-11-22T15:00:00Z,Wind,5774.000,Elexon BMRS FUELHH
2016-11-22T15:30:00Z,Coal,6572.000,Elexon BMRS FUELHH
2016-11-22T15:30:00Z,Gas,21450.000,Elexon BMRS FUELHH
2016-11-22T15:30:00Z,Hydro,424.000,Elexon BMRS FUELHH
2016-11-22T15:30:00Z,Imports & Exports,628.000,Elexon BMRS FUELHH
2016-11-22T15:30:00Z,Nuclear,7776.000,Elexon BMRS FUELHH
2016-11-22T15:30:00Z,Other,1248.000,Elexon BMRS FUELHH
2016-11-22T15:30:00Z,Pumped Storage,376.000,Elexon BMRS FUELHH
2016-11-22T15:30:00Z,Wind,5731.000,Elexon BMRS FUELHH
2016-11-22T16:00:00Z,Coal,6991.000,Elexon BMRS FUELHH
2016-11-22T16:00:00Z,Gas,21916.000,Elexon BMRS FUELHH
2016-11-22T16:00:00Z,Hydro,455.000,Elexon BMRS FUELHH
2016-11-22T16:00:00Z,Imports & Exports,1718.000,Elexon BMRS FUELHH
2016-11-22T16:00:00Z,Nuclear,7771.000,Elexon BMRS FUELHH
2016-11-22T16:00:00Z,Other,1248.000,Elexon BMRS FUELHH
2016-11-22T16:00:00Z,Pumped Storage,616.000,Elexon BMRS FUELHH
2016-11-22T16:00:00Z,Wind,5558.000,Elexon BMRS FUELHH
2016-11-22T16:30:00Z,Coal,7417.000,Elexon BMRS FUELHH
2016-11-22T16:30:00Z,Gas,22675.000,Elexon BMRS FUELHH
2016-11-22T16:30:00Z,Hydro,616.000,Elexon BMRS FUELHH
2016-11-22T16:30:00Z,Imports & Exports,1860.000,Elexon BMRS FUELHH
2016-11-22T16:30:00Z,Nuclear,7770.000,Elexon BMRS FUELHH
2016-11-22T16:30:00Z,Other,1247.000,Elexon BMRS FUELHH
2016-11-22T16:30:00Z,Pumped Storage,1104.000,Elexon BMRS FUELHH
2016-11-22T16:30:00Z,Wind,5524.000,Elexon BMRS FUELHH
2016-11-22T17:00:00Z,Coal,7561.000,Elexon BMRS FUELHH
2016-11-22T17:00:00Z,Gas,22869.000,Elexon BMRS FUELHH
2016-11-22T17:00:00Z,Hydro,773.000,Elexon BMRS FUELHH
2016-11-22T17:00:00Z,Imports & Exports,1752.000,Elexon BMRS FUELHH
2016-11-22T17:00:00Z,Nuclear,7768.000,Elexon BMRS FUELHH
2016-11-22T17:00:00Z,Other,1247.000,Elexon BMRS FUELHH
2016-11-22T17:00:00Z,Pumped Storage,1346.000,Elexon BMRS FUELHH
2016-11-22T17:00:00Z,Wind,5317.000,Elexon BMRS FUELHH
2016-11-22T17:30:00Z,Coal,7788.000,Elexon BMRS FUELHH
2016-11-22T17:30:00Z,Gas,23054.000,Elexon BMRS FUELHH
2016-11-22T17:30:00Z,Hydro,777.000,Elexon BMRS FUELHH
2016-11-22T17:30:00Z,Imports & Exports,1474.000,Elexon BMRS FUELHH
2016-11-22T17:30:00Z,Nuclear,7785.000,Elexon BMRS FUELHH
2016-11-22T17:30:00Z,Other,1247.000,Elexon BMRS FUELHH
2016-11-22T17:30:00Z,Pumped Storage,1342.000,Elexon BMRS FUELHH
2016-11-22T17:30:00Z,Wind,4889.000,Elexon BMRS FUELHH
2016-11-22T18:00:00Z,Coal,7738.000,Elexon BMRS FUELHH
2016-11-22T18:00:00Z,Gas,23284.000,Elexon BMRS FUELHH
2016-11-22T18:00:00Z,Hydro,663.000,Elexon BMRS FUELHH
2016-11-22T18:00:00Z,Imports & Exports,1638.000,Elexon BMRS FUELHH
2016-11-22T18:00:00Z,Nuclear,7783.000,Elexon BMRS FUELHH
2016-11-22T18:00:00Z,Other,1249.000,Elexon BMRS FUELHH
2016-11-22T18:00:00Z,Pumped Storage,1358.000,Elexon BMRS FUELHH
2016-11-22T18:00:00Z,Wind,4301.000,Elexon BMRS FUELHH
2016-11-22T18:30:00Z,Coal,7696.000,Elexon BMRS FUELHH
2016-11-22T18:30:00Z,Gas,23529.000,Elexon BMRS FUELHH
2016-11-22T18:30:00Z,Hydro,626.000,Elexon BMRS FUELHH
2016-11-22T18:30:00Z,Imports & Exports,1676.000,Elexon BMRS FUELHH
2016-11-22T18:30:00Z,Nuclear,7816.000,Elexon BMRS FUELHH
2016-11-22T18:30:00Z,Other,1248.000,Elexon BMRS FUELHH
2016-11-22T18:30:00Z,Pumped Storage,1090.000,Elexon BMRS FUELHH
2016-11-22T18:30:00Z,Wind,3861.000,Elexon BMRS FUELHH
2016-11-22T19:00:00Z,Coal,7777.000,Elexon BMRS FUELHH
2016-11-22T19:00:00Z,Gas,23495.000,Elexon BMRS FUELHH
2016-11-22T19:00:00Z,Hydro,543.000,Elexon BMRS FUELHH
2016-11-22T19:00:00Z,Imports & Exports,1426.000,Elexon BMRS FUELHH
2016-11-22T19:00:00Z,Nuclear,7838.000,Elexon BMRS FUELHH
2016-11-22T19:00:00Z,Other,1248.000,Elexon BMRS FUELHH
2016-11-22T19:00:00Z,Pumped Storage,1010.000,Elexon BMRS FUELHH
2016-11-22T19:00:00Z,Wind,3513.000,Elexon BMRS FUELHH
2016-11-22T19:30:00Z,Coal,7563.000,Elexon BMRS FUELHH
2016-11-22T19:30:00Z,Gas,23410.000,Elexon BMRS FUELHH
2016-11-22T19:30:00Z,Hydro,434.000,Elexon BMRS FUELHH
2016-11-22T19:30:00Z,Imports & Exports,1244.000,Elexon BMRS FUELHH
2016-11-22T19:30:00Z,Nuclear,7839.000,Elexon BMRS FUELHH
2016-11-22T19:30:00Z,Other,1320.000,Elexon BMRS FUELHH
2016-11-22T19:30:00Z,Pumped Storage,586.000,Elexon BMRS FUELHH
2016-11-22T19:30:00Z,Wind,3125.000,Elexon BMRS FUELHH
2016-11-22T20:00:00Z,Coal,7244.000,Elexon BMRS FUELHH
2016-11-22T20:00:00Z,Gas,22836.000,Elexon BMRS FUELHH
2016-11-22T20:00:00Z,Hydro,367.000,Elexon BMRS FUELHH
2016-11-22T20:00:00Z,Imports & Exports,1256.000,Elexon BMRS FUELHH
2016-11-22T20:00:00Z,Nuclear,7838.000,Elexon BMRS FUELHH
2016-11-22T20:00:00Z,Other,1332.000,Elexon BMRS FUELHH
2016-11-22T20:00:00Z,Pumped Storage,400.000,Elexon BMRS FUELHH
2016-11-22T20:00:00Z,Wind,3056.000,Elexon BMRS FUELHH
2016-11-22T20:30:00Z,Coal,6414.000,Elexon BMRS FUELHH
2016-11-22T20:30:00Z,Gas,22541.000,Elexon BMRS FUELHH
2016-11-22T20:30:00Z,Hydro,253.000,Elexon BMRS FUELHH
2016-11-22T20:30:00Z,Imports & Exports,1162.000,Elexon BMRS FUELHH
2016-11-22T20:30:00Z,Nuclear,7838.000,Elexon BMRS FUELHH
2016-11-22T20:30:00Z,Other,1334.000,Elexon BMRS FUELHH
2016-11-22T20:30:00Z,Pumped Storage,544.000,Elexon BMRS FUELHH
2016-11-22T20:30:00Z,Wind,2784.000,Elexon BMRS FUELHH
2016-11-22T21:00:00Z,Coal,5744.000,Elexon BMRS FUELHH
2016-11-22T21:00:00Z,Gas,21376.000,Elexon BMRS FUELHH
2016-11-22T21:00:00Z,Hydro,208.000,Elexon BMRS FUELHH
2016-11-22T21:00:00Z,Imports & Exports,1442.000,Elexon BMRS FUELHH
2016-11-22T21:00:00Z,Nuclear,7836.000,Elexon BMRS FUELHH
2016-11-22T21:00:00Z,Other,1334.000,Elexon BMRS FUELHH
2016-11-22T21:00:00Z,Pumped Storage,582.000,Elexon BMRS FUELHH
2016-11-22T21:00:00Z,Wind,2472.000,Elexon BMRS FUELHH
2016-11-22T21:30:00Z,Coal,4557.000,Elexon BMRS FUELHH
2016-11-22T21:30:00Z,Gas,20405.000,Elexon BMRS FUELHH
2016-11-22T21:30:00Z,Hydro,206.000,Elexon BMRS FUELHH
2016-11-22T21:30:00Z,Imports & Exports,1554.000,Elexon BMRS FUELHH
2016-11-22T21:30:00Z,Nuclear,7843.000,Elexon BMRS FUELHH
2016-11-22T21:30:00Z,Other,1335.000,Elexon BMRS FUELHH
2016-11-22T21:30:00Z,Pumped Storage,394.000,Elexon BMRS FUELHH
2016-11-22T21:30:00Z,Wind,2074.000,Elexon BMRS FUELHH
2016-11-22T22:00:00Z,Coal,3759.000,Elexon BMRS FUELHH
2016-11-22T22:00:00Z,Gas,19988.000,Elexon BMRS FUELHH
2016-11-22T22:00:00Z,Hydro,192.000,Elexon BMRS FUELHH
2016-11-22T22:00:00Z,Imports & Exports,960.000,Elexon BMRS FUELHH
2016-11-22T22:00:00Z,Nuclear,7839.000,Elexon BMRS FUELHH
2016-11-22T22:00:00Z,Other,1334.000,Elexon BMRS FUELHH
2016-11-22T22:00:00Z,Pumped Storage,474.000,Elexon BMRS FUELHH
2016-11-22T22:00:00Z,Wind,1829.000,Elexon BMRS FUELHH
2016-11-22T22:30:00Z,Coal,2873.000,Elexon BMRS FUELHH
2016-11-22T22:30:00Z,Gas,19128.000,Elexon BMRS FUELHH
2016-11-22T22:30:00Z,Hydro,185.000,Elexon BMRS FUELHH
2016-11-22T22:30:00Z,Imports & Exports,1002.000,Elexon BMRS FUELHH
2016-11-22T22:30:00Z,Nuclear,7843.000,Elexon BMRS FUELHH
2016-11-22T22:30:00Z,Other,1335.000,Elexon BMRS FUELHH
2016-11-22T22:30:00Z,Pumped Storage,264.000,Elexon BMRS FUELHH
2016-11-22T22:30:00Z,Wind,1546.000,Elexon BMRS FUELHH
2016-11-22T23:00:00Z,Coal,2151.000,Elexon BMRS FUELHH
2016-11-22T23:00:00Z,Gas,17294.000,Elexon BMRS FUELHH
2016-11-22T23:00:00Z,Hydro,148.000,Elexon BMRS FUELHH
2016-11-22T23:00:00Z,Imports & Exports,2182.000,Elexon BMRS FUELHH
2016-11-22T23:00:00Z,Nuclear,7842.000,Elexon BMRS FUELHH
2016-11-22T23:00:00Z,Other,1335.000,Elexon BMRS FUELHH
2016-11-22T23:00:00Z,Pumped Storage,-528.000,Elexon BMRS FUELHH
2016-11-22T23:00:00Z,Wind,1472.000,Elexon BMRS FUELHH
2016-11-22T23:30:00Z,Coal,1938.000,Elexon BMRS FUELHH
2016-11-22T23:30:00Z,Gas,16551.000,Elexon BMRS FUELHH
2016-11-22T23:30:00Z,Hydro,141.000,Elexon BMRS FUELHH
2016-11-22T23:30:00Z,Imports & Exports,2272.000,Elexon BMRS FUELHH
2016-11-22T23:30:00Z,Nuclear,7841.000,Elexon BMRS FUELHH
2016-11-22T23:30:00Z,Other,1334.000,Elexon BMRS FUELHH
2016-11-22T23:30:00Z,Pumped Storage,-1100.000,Elexon BMRS FUELHH
2016-11-22T23:30:00Z,Wind,1373.000,Elexon BMRS FUELHH
2016-11-23T00:00:00Z,Coal,1972.000,Elexon BMRS FUELHH
2016-11-23T00:00:00Z,Gas,16809.000,Elexon BMRS FUELHH
2016-11-23T00:00:00Z,Hydro,139.000,Elexon BMRS FUELHH
2016-11-23T00:00:00Z,Imports & Exports,2308.000,Elexon BMRS FUELHH
2016-11-23T00:00:00Z,Nuclear,7884.000,Elexon BMRS FUELHH
2016-11-23T00:00:00Z,Other,1333.000,Elexon BMRS FUELHH
2016-11-23T00:00:00Z,Pumped Storage,-1650.000,Elexon BMRS FUELHH
2016-11-23T00:00:00Z,Wind,1229.000,Elexon BMRS FUELHH
2016-11-23T00:30:00Z,Coal,1979.000,Elexon BMRS FUELHH
2016-11-23T00:30:00Z,Gas,17269.000,Elexon BMRS FUELHH
2016-11-23T00:30:00Z,Hydro,121.000,Elexon BMRS FUELHH
2016-11-23T00:30:00Z,Imports & Exports,2312.000,Elexon BMRS FUELHH
2016-11-23T00:30:00Z,Nuclear,7939.000,Elexon BMRS FUELHH
2016-11-23T00:30:00Z,Other,1332.000,Elexon BMRS FUELHH
2016-11-23T00:30:00Z,Pumped Storage,-1762.000,Elexon BMRS FUELHH
2016-11-23T00:30:00Z,Wind,1161.000,Elexon BMRS FUELHH
2016-11-23T01:00:00Z,Coal,1837.000,Elexon BMRS FUELHH
2016-11-23T01:00:00Z,Gas,17106.000,Elexon BMRS FUELHH
2016-11-23T01:00:00Z,Hydro,118.000,Elexon BMRS FUELHH
2016-11-23T01:00:00Z,Imports & Exports,2308.000,Elexon BMRS FUELHH
2016-11-23T01:00:00Z,Nuclear,7926.000,Elexon BMRS FUELHH
2016-11-23T01:00:00Z,Other,1333.000,Elexon BMRS FUELHH
2016-11-23T01:00:00Z,Pumped Storage,-1614.000,Elexon BMRS FUELHH
2016-11-23T01:00:00Z,Wind,1098.000,Elexon BMRS FUELHH
2016-11-23T01:30:00Z,Coal,1671.000,Elexon BMRS FUELHH
2016-11-23T01:30:00Z,Gas,17300.000,Elexon BMRS FUELHH
2016-11-23T01:30:00Z,Hydro,116.000,Elexon BMRS FUELHH
2016-11-23T01:30:00Z,Imports & Exports,2324.000,Elexon BMRS FUELHH
2016-11-23T01:30:00Z,Nuclear,7922.000,Elexon BMRS FUELHH
2016-11-23T01:30:00Z,Other,1332.000,Elexon BMRS FUELHH
2016-11-23T01:30:00Z,Pumped Storage,-2070.000,Elexon BMRS FUELHH
2016-11-23T01:30:00Z,Wind,962.000,Elexon BMRS FUELHH
2016-11-23T02:00:00Z,Coal,1672.000,Elexon BMRS FUELHH
2016-11-23T02:00:00Z,Gas,17142.000,Elexon BMRS FUELHH
2016-11-23T02:00:00Z,Hydro,116.000,Elexon BMRS FUELHH
2016-11-23T02:00:00Z,Imports & Exports,2326.000,Elexon BMRS FUELHH
2016-11-23T02:00:00Z,Nuclear,7879.000,Elexon BMRS FUELHH
2016-11-23T02:00:00Z,Other,1333.000,Elexon BMRS FUELHH
2016-11-23T02:00:00Z,Pumped Storage,-2272.000,Elexon BMRS FUELHH
2016-11-23T02:00:00Z,Wind,858.000,Elexon BMRS FUELHH
2016-11-23T02:30:00Z,Coal,1672.000,Elexon BMRS FUELHH
2016-11-23T02:30:00Z,Gas,17265.000,Elexon BMRS FUELHH
2016-11-23T02:30:00Z,Hydro,116.000,Elexon BMRS FUELHH
2016-11-23T02:30:00Z,Imports & Exports,2310.000,Elexon BMRS FUELHH
2016-11-23T02:30:00Z,Nuclear,7740.000,Elexon BMRS FUELHH
2016-11-23T02:30:00Z,Other,1335.000,Elexon BMRS FUELHH
2016-11-23T02:30:00Z,Pumped Storage,-2264.000,Elexon BMRS FUELHH
2016-11-23T02:30:00Z,Wind,807.000,Elexon BMRS FUELHH
2016-11-23T03:00:00Z,Coal,1672.000,Elexon BMRS FUELHH
2016-11-23T03:00:00Z,Gas,16879.000,Elexon BMRS FUELHH
2016-11-23T03:00:00Z,Hydro,116.000,Elexon BMRS FUELHH
2016-11-23T03:00:00Z,Imports & Exports,2294.000,Elexon BMRS FUELHH
2016-11-23T03:00:00Z,Nuclear,7750.000,Elexon BMRS FUELHH
2016-11-23T03:00:00Z,Other,1335.000,Elexon BMRS FUELHH
2016-11-23T03:00:00Z,Pumped Storage,-2258.000,Elexon BMRS FUELHH
2016-11-23T03:00:00Z,Wind,743.000,Elexon BMRS FUELHH
2016-11-23T03:30:00Z,Coal,1672.000,Elexon BMRS FUELHH
2016-11-23T03:30:00Z,Gas,16462.000,Elexon BMRS FUELHH
2016-11-23T03:30:00Z,Hydro,115.000,Elexon BMRS FUELHH
2016-11-23T03:30:00Z,Imports & Exports,2280.000,Elexon BMRS FUELHH
2016-11-23T03:30:00Z,Nuclear,7819.000,Elexon BMRS FUELHH
2016-11-23T03:30:00Z,Other,1334.000,Elexon BMRS FUELHH
2016-11-23T03:30:00Z,Pumped Storage,-2248.000,Elexon BMRS FUELHH
2016-11-23T03:30:00Z,Wind,728.000,Elexon BMRS FUELHH
2016-11-23T04:00:00Z,Coal,1750.000,Elexon BMRS FUELHH
2016-11-23T04:00:00Z,Gas,16311.000,Elexon BMRS FUELHH
2016-11-23T04:00:00Z,Hydro,115.000,Elexon BMRS FUELHH
2016-11-23T04:00:00Z,Imports & Exports,2222.000,Elexon BMRS FUELHH
2016-11-23T04:00:00Z,Nuclear,7810.000,Elexon BMRS FUELHH
2016-11-23T04:00:00Z,Other,1334.000,Elexon BMRS FUELHH
2016-11-23T04:00:00Z,Pumped Storage,-2228.000,Elexon BMRS FUELHH
2016-11-23T04:00:00Z,Wind,609.000,Elexon BMRS FUELHH
2016-11-23T04:30:00Z,Coal,1922.000,Elexon BMRS FUELHH
2016-11-23T04:30:00Z,Gas,16281.000,Elexon BMRS FUELHH
2016-11-23T04:30:00Z,Hydro,116.000,Elexon BMRS FUELHH
2016-11-23T04:30:00Z,Imports & Exports,2192.000,Elexon BMRS FUELHH
2016-11-23T04:30:00Z,Nuclear,7821.000,Elexon BMRS FUELHH
2016-11-23T04:30:00Z,Other,1334.000,Elexon BMRS FUELHH
2016-11-23T04:30:00Z,Pumped Storage,-2224.000,Elexon BMRS FUELHH
2016-11-23T04:30:00Z,Wind,514.000,Elexon BMRS FUELHH
2016-11-23T05:00:00Z,Coal,2381.000,Elexon BMRS FUELHH
2016-11-23T05:00:00Z,Gas,16487.000,Elexon BMRS FUELHH
2016-11-23T05:00:00Z,Hydro,132.000,Elexon BMRS FUELHH
2016-11-23T05:00:00Z,Imports & Exports,1828.000,Elexon BMRS FUELHH
2016-11-23T05:00:00Z,Nuclear,7849.000,Elexon BMRS FUELHH
2016-11-23T05:00:00Z,Other,1334.000,Elexon BMRS FUELHH
2016-11-23T05:00:00Z,Pumped Storage,-1848.000,Elexon BMRS FUELHH
2016-11-23T05:00:00Z,Wind,534.000,Elexon BMRS FUELHH
2016-11-23T05:30:00Z,Coal,3126.000,Elexon BMRS FUELHH
2016-11-23T05:30:00Z,Gas,16631.000,Elexon BMRS FUELHH
2016-11-23T05:30:00Z,Hydro,133.000,Elexon BMRS FUELHH
2016-11-23T05:30:00Z,Imports & Exports,1848.000,Elexon BMRS FUELHH
2016-11-23T05:30:00Z,Nuclear,7968.000,Elexon BMRS FUELHH
2016-11-23T05:30:00Z,Other,1334.000,Elexon BMRS FUELHH
2016-11-23T05:30:00Z,Pumped Storage,-1500.000,Elexon BMRS FUELHH
2016-11-23T05:30:00Z,Wind,598.000,Elexon BMRS FUELHH
2016-11-23T06:00:00Z,Coal,4419.000,Elexon BMRS FUELHH
2016-11-23T06:00:00Z,Gas,18866.000,Elexon BMRS FUELHH
2016-11-23T06:00:00Z,Hydro,147.000,Elexon BMRS FUELHH
2016-11-23T06:00:00Z,Imports & Exports,496.000,Elexon BMRS FUELHH
2016-11-23T06:00:00Z,Nuclear,7982.000,Elexon BMRS FUELHH
2016-11-23T06:00:00Z,Other,1334.000,Elexon BMRS FUELHH
2016-11-23T06:00:00Z,Pumped Storage,-244.000,Elexon BMRS FUELHH
2016-11-23T06:00:00Z,Wind,580.000,Elexon BMRS FUELHH
2016-11-23T06:30:00Z,Coal,6209.000,Elexon BMRS FUELHH
2016-11-23T06:30:00Z,Gas,20102.000,Elexon BMRS FUELHH
2016-11-23T06:30:00Z,Hydro,179.000,Elexon BMRS FUELHH
2016-11-23T06:30:00Z,Imports & Exports,408.000,Elexon BMRS FUELHH
2016-11-23T06:30:00Z,Nuclear,7985.000,Elexon BMRS FUELHH
2016-11-23T06:30:00Z,Other,1335.000,Elexon BMRS FUELHH
2016-11-23T06:30:00Z,Pumped Storage,372.000,Elexon BMRS FUELHH
2016-11-23T06:30:00Z,Wind,605.000,Elexon BMRS FUELHH
2016-11-23T07:00:00Z,Coal,7461.000,Elexon BMRS FUELHH
2016-11-23T07:00:00Z,Gas,21822.000,Elexon BMRS FUELHH
2016-11-23T07:00:00Z,Hydro,305.000,Elexon BMRS FUELHH
2016-11-23T07:00:00Z,Imports & Exports,870.000,Elexon BMRS FUELHH
2016-11-23T07:00:00Z,Nuclear,7985.000,Elexon BMRS FUELHH
2016-11-23T07:00:00Z,Other,1334.000,Elexon BMRS FUELHH
2016-11-23T07:00:00Z,Pumped Storage,748.000,Elexon BMRS FUELHH
2016-11-23T07:00:00Z,Wind,636.000,Elexon BMRS FUELHH
2016-11-23T07:30:00Z,Coal,8314.000,Elexon BMRS FUELHH
2016-11-23T07:30:00Z,Gas,22534.000,Elexon BMRS FUELHH
2016-11-23T07:30:00Z,Hydro,588.000,Elexon BMRS FUELHH
2016-11-23T07:30:00Z,Imports & Exports,800.000,Elexon BMRS FUELHH
2016-11-23T07:30:00Z,Nuclear,7984.000,Elexon BMRS FUELHH
2016-11-23T07:30:00Z,Other,1333.000,Elexon BMRS FUELHH
2016-11-23T07:30:00Z,Pumped Storage,826.000,Elexon BMRS FUELHH
2016-11-23T07:30:00Z,Wind,623.000,Elexon BMRS FUELHH
2016-11-23T08:00:00Z,Coal,8683.000,Elexon BMRS FUELHH
2016-11-23T08:00:00Z,Gas,22484.000,Elexon BMRS FUELHH
2016-11-23T08:00:00Z,Hydro,428.000,Elexon BMRS FUELHH
2016-11-23T08:00:00Z,Imports & Exports,1554.000,Elexon BMRS FUELHH
2016-11-23T08:00:00Z,Nuclear,7983.000,Elexon BMRS FUELHH
2016-11-23T08:00:00Z,Other,1333.000,Elexon BMRS FUELHH
2016-11-23T08:00:00Z,Pumped Storage,402.000,Elexon BMRS FUELHH
2016-11-23T08:00:00Z,Wind,622.000,Elexon BMRS FUELHH
2016-11-23T08:30:00Z,Coal,8639.000,Elexon BMRS FUELHH
2016-11-23T08:30:00Z,Gas,22405.000,Elexon BMRS FUELHH
2016-11-23T08:30:00Z,Hydro,351.000,Elexon BMRS FUELHH
2016-11-23T08:30:00Z,Imports & Exports,1558.000,Elexon BMRS FUELHH
2016-11-23T08:30:00Z,Nuclear,7977.000,Elexon BMRS FUELHH
2016-11-23T08:30:00Z,Other,1333.000,Elexon BMRS FUELHH
2016-11-23T08:30:00Z,Pumped Storage,328.000,Elexon BMRS FUELHH
2016-11-23T08:30:00Z,Wind,680.000,Elexon BMRS FUELHH
2016-11-23T09:00:00Z,Coal,8616.000,Elexon BMRS FUELHH
2016-11-23T09:00:00Z,Gas,22709.000,Elexon BMRS FUELHH
2016-11-23T09:00:00Z,Hydro,375.000,Elexon BMRS FUELHH
2016-11-23T09:00:00Z,Imports & Exports,1648.000,Elexon BMRS FUELHH
2016-11-23T09:00:00Z,Nuclear,7974.000,Elexon BMRS FUELHH
2016-11-23T09:00:00Z,Other,1335.000,Elexon BMRS FUELHH
2016-11-23T09:00:00Z,Pumped Storage,408.000,Elexon BMRS FUELHH
2016-11-23T09:00:00Z,Wind,664.000,Elexon BMRS FUELHH
2016-11-23T09:30:00Z,Coal,8650.000,Elexon BMRS FUELHH
2016-11-23T09:30:00Z,Gas,22754.000,Elexon BMRS FUELHH
2016-11-23T09:30:00Z,Hydro,389.000,Elexon BMRS FUELHH
2016-11-23T09:30:00Z,Imports & Exports,1620.000,Elexon BMRS FUELHH
2016-11-23T09:30:00Z,Nuclear,7974.000,Elexon BMRS FUELHH
2016-11-23T09:30:00Z,Other,1334.000,Elexon BMRS FUELHH
2016-11-23T09:30:00Z,Pumped Storage,436.000,Elexon BMRS FUELHH
2016-11-23T09:30:00Z,Wind,664.000,Elexon BMRS FUELHH
2016-11-23T10:00:00Z,Coal,8714.000,Elexon BMRS FUELHH
2016-11-23T10:00:00Z,Gas,22647.000,Elexon BMRS FUELHH
2016-11-23T10:00:00Z,Hydro,397.000,Elexon BMRS FUELHH
2016-11-23T10:00:00Z,Imports & Exports,1402.000,Elexon BMRS FUELHH
2016-11-23T10:00:00Z,Nuclear,8035.000,Elexon BMRS FUELHH
2016-11-23T10:00:00Z,Other,1334.000,Elexon BMRS FUELHH
2016-11-23T10:00:00Z,Pumped Storage,336.000,Elexon BMRS FUELHH
2016-11-23T10:00:00Z,Wind,708.000,Elexon BMRS FUELHH
2016-11-23T10:30:00Z,Coal,8510.000,Elexon BMRS FUELHH
2016-11-23T10:30:00Z,Gas,22622.000,Elexon BMRS FUELHH
2016-11-23T10:30:00Z,Hydro,372.000,Elexon BMRS FUELHH
2016-11-23T10:30:00Z,Imports & Exports,1376.000,Elexon BMRS FUELHH
2016-11-23T10:30:00Z,Nuclear,8057.000,Elexon BMRS FUELHH
2016-11-23T10:30:00Z,Other,1334.000,Elexon BMRS FUELHH
2016-11-23T10:30:00Z,Pumped Storage,340.000,Elexon BMRS FUELHH
2016-11-23T10:30:00Z,Wind,724.000,Elexon BMRS FUELHH
2016-11-23T11:00:00Z,Coal,8449.000,Elexon BMRS FUELHH
2016-11-23T11:00:00Z,Gas,22382.000,Elexon BMRS FUELHH
2016-11-23T11:00:00Z,Hydro,272.000,Elexon BMRS FUELHH
2016-11-23T11:00:00Z,Imports & Exports,1450.000,Elexon BMRS FUELHH
2016-11-23T11:00:00Z,Nuclear,8065.000,Elexon BMRS FUELHH
2016-11-23T11:00:00Z,Other,1333.000,Elexon BMRS FUELHH
2016-11-23T11:00:00Z,Pumped Storage,466.000,Elexon BMRS FUELHH
2016-11-23T11:00:00Z,Wind,708.000,Elexon BMRS FUELHH
2016-11-23T11:30:00Z,Coal,8443.000,Elexon BMRS FUELHH
2016-11-23T11:30:00Z,Gas,22072.000,Elexon BMRS FUELHH
2016-11-23T11:30:00Z,Hydro,367.000,Elexon BMRS FUELHH
2016-11-23T11:30:00Z,Imports & Exports,1452.000,Elexon BMRS FUELHH
2016-11-23T11:30:00Z,Nuclear,8077.000,Elexon BMRS FUELHH
2016-11-23T11:30:00Z,Other,1334.000,Elexon BMRS FUELHH
2016-11-23T11:30:00Z,Pumped Storage,330.000,Elexon BMRS FUELHH
2016-11-23T11:30:00Z,Wind,841.000,Elexon BMRS FUELHH
2016-11-23T12:00:00Z,Coal,8375.000,Elexon BMRS FUELHH
2016-11-23T12:00:00Z,Gas,22036.000,Elexon BMRS FUELHH
2016-11-23T12:00:00Z,Hydro,324.000,Elexon BMRS FUELHH
2016-11-23T12:00:00Z,Imports & Exports,1480.000,Elexon BMRS FUELHH
2016-11-23T12:00:00Z,Nuclear,8089.000,Elexon BMRS FUELHH
2016-11-23T12:00:00Z,Other,1335.000,Elexon BMRS FUELHH
2016-11-23T12:00:00Z,Pumped Storage,342.000,Elexon BMRS FUELHH
2016-11-23T12:00:00Z,Wind,902.000,Elexon BMRS FUELHH
2016-11-23T12:30:00Z,Coal,8098.000,Elexon BMRS FUELHH
2016-11-23T12:30:00Z,Gas,22095.000,Elexon BMRS FUELHH
2016-11-23T12:30:00Z,Hydro,321.000,Elexon BMRS FUELHH
2016-11-23T12:30:00Z,Imports & Exports,1482.000,Elexon BMRS FUELHH
2016-11-23T12:30:00Z,Nuclear,8106.000,Elexon BMRS FUELHH
2016-11-23T12:30:00Z,Other,1333.000,Elexon BMRS FUELHH
2016-11-23T12:30:00Z,Pumped Storage,354.000,Elexon BMRS FUELHH
2016-11-23T12:30:00Z,Wind,1005.000,Elexon BMRS FUELHH
2016-11-23T13:00:00Z,Coal,7902.000,Elexon BMRS FUELHH
2016-11-23T13:00:00Z,Gas,22080.000,Elexon BMRS FUELHH
2016-11-23T13:00:00Z,Hydro,194.000,Elexon BMRS FUELHH
2016-11-23T13:00:00Z,Imports & Exports,1446.000,Elexon BMRS FUELHH
2016-11-23T13:00:00Z,Nuclear,8158.000,Elexon BMRS FUELHH
2016-11-23T13:00:00Z,Other,1333.000,Elexon BMRS FUELHH
2016-11-23T13:00:00Z,Pumped Storage,290.000,Elexon BMRS FUELHH
2016-11-23T13:00:00Z,Wind,1233.000,Elexon BMRS FUELHH
2016-11-23T13:30:00Z,Coal,7654.000,Elexon BMRS FUELHH
2016-11-23T13:30:00Z,Gas,21963.000,Elexon BMRS FUELHH
2016-11-23T13:30:00Z,Hydro,194.000,Elexon BMRS FUELHH
2016-11-23T13:30:00Z,Imports & Exports,1550.000,Elexon BMRS FUELHH
2016-11-23T13:30:00Z,Nuclear,8210.000,Elexon BMRS FUELHH
2016-11-23T13:30:00Z,Other,1333.000,Elexon BMRS FUELHH
2016-11-23T13:30:00Z,Pumped Storage,328.000,Elexon BMRS FUELHH
2016-11-23T13:30:00Z,Wind,1317.000,Elexon BMRS FUELHH
2016-11-23T14:00:00Z,Coal,7616.000,Elexon BMRS FUELHH
2016-11-23T14:00:00Z,Gas,22007.000,Elexon BMRS FUELHH
2016-11-23T14:00:00Z,Hydro,194.000,Elexon BMRS FUELHH
2016-11-23T14:00:00Z,Imports & Exports,1302.000,Elexon BMRS FUELHH
2016-11-23T14:00:00Z,Nuclear,8239.000,Elexon BMRS FUELHH
2016-11-23T14:00:00Z,Other,1334.000,Elexon BMRS FUELHH
2016-11-23T14:00:00Z,Pumped Storage,442.000,Elexon BMRS FUELHH
2016-11-23T14:00:00Z,Wind,1501.000,Elexon BMRS FUELHH
2016-11-23T14:30:00Z,Coal,7474.000,Elexon BMRS FUELHH
2016-11-23T14:30:00Z,Gas,21883.000,Elexon BMRS FUELHH
2016-11-23T14:30:00Z,Hydro,203.000,Elexon BMRS FUELHH
2016-11-23T14:30:00Z,Imports & Exports,1394.000,Elexon BMRS FUELHH
2016-11-23T14:30:00Z,Nuclear,8249.000,Elexon BMRS FUELHH
2016-11-23T14:30:00Z,Other,1332.000,Elexon BMRS FUELHH
2016-11-23T14:30:00Z,Pumped Storage,406.000,Elexon BMRS FUELHH
2016-11-23T14:30:00Z,Wind,1678.000,Elexon BMRS FUELHH
2016-11-23T15:00:00Z,Coal,7282.000,Elexon BMRS FUELHH
2016-11-23T15:00:00Z,Gas,21408.000,Elexon BMRS FUELHH
2016-11-23T15:00:00Z,Hydro,382.000,Elexon BMRS FUELHH
2016-11-23T15:00:00Z,Imports & Exports,1996.000,Elexon BMRS FUELHH
2016-11-23T15:00:00Z,Nuclear,8249.000,Elexon BMRS FUELHH
2016-11-23T15:00:00Z,Other,1333.000,Elexon BMRS FUELHH
2016-11-23T15:00:00Z,Pumped Storage,354.000,Elexon BMRS FUELHH
2016-11-23T15:00:00Z,Wind,1907.000,Elexon BMRS FUELHH
2016-11-23T15:30:00Z,Coal,7869.000,Elexon BMRS FUELHH
2016-11-23T15:30:00Z,Gas,21813.000,Elexon BMRS FUELHH
2016-11-23T15:30:00Z,Hydro,454.000,Elexon BMRS FUELHH
2016-11-23T15:30:00Z,Imports & Exports,2014.000,Elexon BMRS FUELHH
2016-11-23T15:30:00Z,Nuclear,8251.000,Elexon BMRS FUELHH
2016-11-23T15:30:00Z,Other,1334.000,Elexon BMRS FUELHH
2016-11-23T15:30:00Z,Pumped Storage,400.000,Elexon BMRS FUELHH
2016-11-23T15:30:00Z,Wind,2067.000,Elexon BMRS FUELHH
2016-11-23T16:00:00Z,Coal,8171.000,Elexon BMRS FUELHH
2016-11-23T16:00:00Z,Gas,22707.000,Elexon BMRS FUELHH
2016-11-23T16:00:00Z,Hydro,539.000,Elexon BMRS FUELHH
2016-11-23T16:00:00Z,Imports & Exports,2276.000,Elexon BMRS FUELHH
2016-11-23T16:00:00Z,Nuclear,8246.000,Elexon BMRS FUELHH
2016-11-23T16:00:00Z,Other,1340.000,Elexon BMRS FUELHH
2016-11-23T16:00:00Z,Pumped Storage,444.000,Elexon BMRS FUELHH
2016-11-23T16:00:00Z,Wind,2274.000,Elexon BMRS FUELHH
2016-11-23T16:30:00Z,Coal,8207.000,Elexon BMRS FUELHH
2016-11-23T16:30:00Z,Gas,23129.000,Elexon BMRS FUELHH
2016-11-23T16:30:00Z,Hydro,737.000,Elexon BMRS FUELHH
2016-11-23T16:30:00Z,Imports & Exports,2160.000,Elexon BMRS FUELHH
2016-11-23T16:30:00Z,Nuclear,8225.000,Elexon BMRS FUELHH
2016-11-23T16:30:00Z,Other,1404.000,Elexon BMRS FUELHH
2016-11-23T16:30:00Z,Pumped Storage,1410.000,Elexon BMRS FUELHH
2016-11-23T16:30:00Z,Wind,2551.000,Elexon BMRS FUELHH
2016-11-23T17:00:00Z,Coal,8314.000,Elexon BMRS FUELHH
2016-11-23T17:00:00Z,Gas,23408.000,Elexon BMRS FUELHH
2016-11-23T17:00:00Z,Hydro,795.000,Elexon BMRS FUELHH
2016-11-23T17:00:00Z,Imports & Exports,1932.000,Elexon BMRS FUELHH
2016-11-23T17:00:00Z,Nuclear,8227.000,Elexon BMRS FUELHH
2016-11-23T17:00:00Z,Other,1398.000,Elexon BMRS FUELHH
2016-11-23T17:00:00Z,Pumped Storage,1136.000,Elexon BMRS FUELHH
2016-11-23T17:00:00Z,Wind,2746.000,Elexon BMRS FUELHH
2016-11-23T17:30:00Z,Coal,7895.000,Elexon BMRS FUELHH
2016-11-23T17:30:00Z,Gas,23457.000,Elexon BMRS FUELHH
2016-11-23T17:30:00Z,Hydro,749.000,Elexon BMRS FUELHH
2016-11-23T17:30:00Z,Imports & Exports,1830.000,Elexon BMRS FUELHH
2016-11-23T17:30:00Z,Nuclear,8227.000,Elexon BMRS FUELHH
2016-11-23T17:30:00Z,Other,1334.000,Elexon BMRS FUELHH
2016-11-23T17:30:00Z,Pumped Storage,1212.000,Elexon BMRS FUELHH
2016-11-23T17:30:00Z,Wind,2872.000,Elexon BMRS FUELHH
2016-11-23T18:00:00Z,Coal,7768.000,Elexon BMRS FUELHH
2016-11-23T18:00:00Z,Gas,23464.000,Elexon BMRS FUELHH
2016-11-23T18:00:00Z,Hydro,685.000,Elexon BMRS FUELHH
2016-11-23T18:00:00Z,Imports & Exports,1712.000,Elexon BMRS FUELHH
2016-11-23T18:00:00Z,Nuclear,8218.000,Elexon BMRS FUELHH
2016-11-23T18:00:00Z,Other,1333.000,Elexon BMRS FUELHH
2016-11-23T18:00:00Z,Pumped Storage,1226.000,Elexon BMRS FUELHH
2016-11-23T18:00:00Z,Wind,2961.000,Elexon BMRS FUELHH
2016-11-23T18:30:00Z,Coal,8130.000,Elexon BMRS FUELHH
2016-11-23T18:30:00Z,Gas,23498.000,Elexon BMRS FUELHH
2016-11-23T18:30:00Z,Hydro,553.000,Elexon BMRS FUELHH
2016-11-23T18:30:00Z,Imports & Exports,1700.000,Elexon BMRS FUELHH
2016-11-23T18:30:00Z,Nuclear,8217.000,Elexon BMRS FUELHH
2016-11-23T18:30:00Z,Other,1334.000,Elexon BMRS FUELHH
2016-11-23T18:30:00Z,Pumped Storage,600.000,Elexon BMRS FUELHH
2016-11-23T18:30:00Z,Wind,3063.000,Elexon BMRS FUELHH
2016-11-23T19:00:00Z,Coal,8011.000,Elexon BMRS FUELHH
2016-11-23T19:00:00Z,Gas,23135.000,Elexon BMRS FUELHH
2016-11-23T19:00:00Z,Hydro,404.000,Elexon BMRS FUELHH
2016-11-23T19:00:00Z,Imports & Exports,1628.000,Elexon BMRS FUELHH
2016-11-23T19:00:00Z,Nuclear,8219.000,Elexon BMRS FUELHH
2016-11-23T19:00:00Z,Other,1333.000,Elexon BMRS FUELHH
2016-11-23T19:00:00Z,Pumped Storage,396.000,Elexon BMRS FUELHH
2016-11-23T19:00:00Z,Wind,3121.000,Elexon BMRS FUELHH
2016-11-23T19:30:00Z,Coal,7591.000,Elexon BMRS FUELHH
2016-11-23T19:30:00Z,Gas,22471.000,Elexon BMRS FUELHH
2016-11-23T19:30:00Z,Hydro,320.000,Elexon BMRS FUELHH
2016-11-23T19:30:00Z,Imports & Exports,1656.000,Elexon BMRS FUELHH
2016-11-23T19:30:00Z,Nuclear,8218.000,Elexon BMRS FUELHH
2016-11-23T19:30:00Z,Other,1334.000,Elexon BMRS FUELHH
2016-11-23T19:30:00Z,Pumped Storage,524.000,Elexon BMRS FUELHH
2016-11-23T19:30:00Z,Wind,3128.000,Elexon BMRS FUELHH
2016-11-23T20:00:00Z,Coal,6741.000,Elexon BMRS FUELHH
2016-11-23T20:00:00Z,Gas,22068.000,Elexon BMRS FUELHH
2016-11-23T20:00:00Z,Hydro,301.000,Elexon BMRS FUELHH
2016-11-23T20:00:00Z,Imports & Exports,1538.000,Elexon BMRS FUELHH
2016-11-23T20:00:00Z,Nuclear,8232.000,Elexon BMRS FUELHH
2016-11-23T20:00:00Z,Other,1335.000,Elexon BMRS FUELHH
2016-11-23T20:00:00Z,Pumped Storage,642.000,Elexon BMRS FUELHH
2016-11-23T20:00:00Z,Wind,3063.000,Elexon BMRS FUELHH
2016-11-23T20:30:00Z,Coal,5920.000,Elexon BMRS FUELHH
2016-11-23T20:30:00Z,Gas,21139.000,Elexon BMRS FUELHH
2016-11-23T20:30:00Z,Hydro,298.000,Elexon BMRS FUELHH
2016-11-23T20:30:00Z,Imports & Exports,1488.000,Elexon BMRS FUELHH
2016-11-23T20:30:00Z,Nuclear,8235.000,Elexon BMRS FUELHH
2016-11-23T20:30:00Z,Other,1335.000,Elexon BMRS FUELHH
2016-11-23T20:30:00Z,Pumped Storage,612.000,Elexon BMRS FUELHH
2016-11-23T20:30:00Z,Wind,3020.000,Elexon BMRS FUELHH
2016-11-23T21:00:00Z,Coal,5265.000,Elexon BMRS FUELHH
2016-11-23T21:00:00Z,Gas,20533.000,Elexon BMRS FUELHH
2016-11-23T21:00:00Z,Hydro,191.000,Elexon BMRS FUELHH
2016-11-23T21:00:00Z,Imports & Exports,624.000,Elexon BMRS FUELHH
2016-11-23T21:00:00Z,Nuclear,8235.000,Elexon BMRS FUELHH
2016-11-23T21:00:00Z,Other,1335.000,Elexon BMRS FUELHH
2016-11-23T21:00:00Z,Pumped Storage,618.000,Elexon BMRS FUELHH
2016-11-23T21:00:00Z,Wind,2994.000,Elexon BMRS FUELHH
2016-11-23T21:30:00Z,Coal,4591.000,Elexon BMRS FUELHH
2016-11-23T21:30:00Z,Gas,19371.000,Elexon BMRS FUELHH
2016-11-23T21:30:00Z,Hydro,186.000,Elexon BMRS FUELHH
2016-11-23T21:30:00Z,Imports & Exports,602.000,Elexon BMRS FUELHH
2016-11-23T21:30:00Z,Nuclear,8237.000,Elexon BMRS FUELHH
2016-11-23T21:30:00Z,Other,1334.000,Elexon BMRS FUELHH
2016-11-23T21:30:00Z,Pumped Storage,454.000,Elexon BMRS FUELHH
2016-11-23T21:30:00Z,Wind,2953.000,Elexon BMRS FUELHH
2016-11-23T22:00:00Z,Coal,3471.000,Elexon BMRS FUELHH
2016-11-23T22:00:00Z,Gas,18091.000,Elexon BMRS FUELHH
2016-11-23T22:00:00Z,Hydro,197.000,Elexon BMRS FUELHH
2016-11-23T22:00:00Z,Imports & Exports,590.000,Elexon BMRS FUELHH
2016-11-23T22:00:00Z,Nuclear,8241.000,Elexon BMRS FUELHH
2016-11-23T22:00:00Z,Other,1332.000,Elexon BMRS FUELHH
2016-11-23T22:00:00Z,Pumped Storage,402.000,Elexon BMRS FUELHH
2016-11-23T22:00:00Z,Wind,2962.000,Elexon BMRS FUELHH
2016-11-23T22:30:00Z,Coal,3049.000,Elexon BMRS FUELHH
2016-11-23T22:30:00Z,Gas,16382.000,Elexon BMRS FUELHH
2016-11-23T22:30:00Z,Hydro,188.000,Elexon BMRS FUELHH
2016-11-23T22:30:00Z,Imports & Exports,776.000,Elexon BMRS FUELHH
2016-11-23T22:30:00Z,Nuclear,8242.000,Elexon BMRS FUELHH
2016-11-23T22:30:00Z,Other,1334.000,Elexon BMRS FUELHH
2016-11-23T22:30:00Z,Pumped Storage,160.000,Elexon BMRS FUELHH
2016-11-23T22:30:00Z,Wind,2941.000,Elexon BMRS FUELHH
2016-11-23T23:00:00Z,Coal,2397.000,Elexon BMRS FUELHH
2016-11-23T23:00:00Z,Gas,14187.000,Elexon BMRS FUELHH
2016-11-23T23:00:00Z,Hydro,134.000,Elexon BMRS FUELHH
2016-11-23T23:00:00Z,Imports & Exports,2024.000,Elexon BMRS FUELHH
2016-11-23T23:00:00Z,Nuclear,8242.000,Elexon BMRS FUELHH
2016-11-23T23:00:00Z,Other,1334.000,Elexon BMRS FUELHH
2016-11-23T23:00:00Z,Pumped Storage,-354.000,Elexon BMRS FUELHH
2016-11-23T23:00:00Z,Wind,2997.000,Elexon BMRS FUELHH
2016-11-23T23:30:00Z,Coal,2159.000,Elexon BMRS FUELHH
2016-11-23T23:30:00Z,Gas,12854.000,Elexon BMRS FUELHH
2016-11-23T23:30:00Z,Hydro,133.000,Elexon BMRS FUELHH
2016-11-23T23:30:00Z,Imports & Exports,2116.000,Elexon BMRS FUELHH
2016-11-23T23:30:00Z,Nuclear,8245.000,Elexon BMRS FUELHH
2016-11-23T23:30:00Z,Other,1332.000,Elexon BMRS FUELHH
2016-11-23T23:30:00Z,Pumped Storage,-544.000,Elexon BMRS FUELHH
2016-11-23T23:30:00Z,Wind,3052.000,Elexon BMRS FUELHH
2016-11-24T00:00:00Z,Coal,2170.000,Elexon BMRS FUELHH
2016-11-24T00:00:00Z,Gas,13345.000,Elexon BMRS FUELHH
2016-11-24T00:00:00Z,Hydro,133.000,Elexon BMRS FUELHH
2016-11-24T00:00:00Z,Imports & Exports,2246.000,Elexon BMRS FUELHH
2016-11-24T00:00:00Z,Nuclear,8252.000,Elexon BMRS FUELHH
2016-11-24T00:00:00Z,Other,1329.000,Elexon BMRS FUELHH
2016-11-24T00:00:00Z,Pumped Storage,-1668.000,Elexon BMRS FUELHH
2016-11-24T00:00:00Z,Wind,3037.000,Elexon BMRS FUELHH
2016-11-24T00:30:00Z,Coal,2183.000,Elexon BMRS FUELHH
2016-11-24T00:30:00Z,Gas,14084.000,Elexon BMRS FUELHH
2016-11-24T00:30:00Z,Hydro,132.000,Elexon BMRS FUELHH
2016-11-24T00:30:00Z,Imports & Exports,2310.000,Elexon BMRS FUELHH
2016-11-24T00:30:00Z,Nuclear,8255.000,Elexon BMRS FUELHH
2016-11-24T00:30:00Z,Other,1330.000,Elexon BMRS FUELHH
2016-11-24T00:30:00Z,Pumped Storage,-2140.000,Elexon BMRS FUELHH
2016-11-24T00:30:00Z,Wind,2965.000,Elexon BMRS FUELHH
2016-11-24T01:00:00Z,Coal,2183.000,Elexon BMRS FUELHH
2016-11-24T01:00:00Z,Gas,13803.000,Elexon BMRS FUELHH
2016-11-24T01:00:00Z,Hydro,95.000,Elexon BMRS FUELHH
2016-11-24T01:00:00Z,Imports & Exports,2284.000,Elexon BMRS FUELHH
2016-11-24T01:00:00Z,Nuclear,8263.000,Elexon BMRS FUELHH
2016-11-24T01:00:00Z,Other,1331.000,Elexon BMRS FUELHH
2016-11-24T01:00:00Z,Pumped Storage,-2160.000,Elexon BMRS FUELHH
2016-11-24T01:00:00Z,Wind,2943.000,Elexon BMRS FUELHH
2016-11-24T01:30:00Z,Coal,2173.000,Elexon BMRS FUELHH
2016-11-24T01:30:00Z,Gas,13178.000,Elexon BMRS FUELHH
2016-11-24T01:30:00Z,Hydro,93.000,Elexon BMRS FUELHH
2016-11-24T01:30:00Z,Imports & Exports,2286.000,Elexon BMRS FUELHH
2016-11-24T01:30:00Z,Nuclear,8258.000,Elexon BMRS FUELHH
2016-11-24T01:30:00Z,Other,1330.000,Elexon BMRS FUELHH
2016-11-24T01:30:00Z,Pumped Storage,-2248.000,Elexon BMRS FUELHH
2016-11-24T01:30:00Z,Wind,2943.000,Elexon BMRS FUELHH
2016-11-24T02:00:00Z,Coal,2131.000,Elexon BMRS FUELHH
2016-11-24T02:00:00Z,Gas,12907.000,Elexon BMRS FUELHH
2016-11-24T02:00:00Z,Hydro,92.000,Elexon BMRS FUELHH
2016-11-24T02:00:00Z,Imports & Exports,2308.000,Elexon BMRS FUELHH
2016-11-24T02:00:00Z,Nuclear,8255.000,Elexon BMRS FUELHH
2016-11-24T02:00:00Z,Other,1331.000,Elexon BMRS FUELHH
2016-11-24T02:00:00Z,Pumped Storage,-2398.000,Elexon BMRS FUELHH
2016-11-24T02:00:00Z,Wind,2911.000,Elexon BMRS FUELHH
2016-11-24T02:30:00Z,Coal,2126.000,Elexon BMRS FUELHH
2016-11-24T02:30:00Z,Gas,12657.000,Elexon BMRS FUELHH
2016-11-24T02:30:00Z,Hydro,90.000,Elexon BMRS FUELHH
2016-11-24T02:30:00Z,Imports & Exports,2306.000,Elexon BMRS FUELHH
2016-11-24T02:30:00Z,Nuclear,8258.000,Elexon BMRS FUELHH
2016-11-24T02:30:00Z,Other,1332.000,Elexon BMRS FUELHH
2016-11-24T02:30:00Z,Pumped Storage,-2386.000,Elexon BMRS FUELHH
2016-11-24T02:30:00Z,Wind,2935.000,Elexon BMRS FUELHH
2016-11-24T03:00:00Z,Coal,2129.000,Elexon BMRS FUELHH
2016-11-24T03:00:00Z,Gas,12335.000,Elexon BMRS FUELHH
2016-11-24T03:00:00Z,Hydro,90.000,Elexon BMRS FUELHH
2016-11-24T03:00:00Z,Imports & Exports,2302.000,Elexon BMRS FUELHH
2016-11-24T03:00:00Z,Nuclear,8257.000,Elexon BMRS FUELHH
2016-11-24T03:00:00Z,Other,1334.000,Elexon BMRS FUELHH
2016-11-24T03:00:00Z,Pumped Storage,-2372.000,Elexon BMRS FUELHH
2016-11-24T03:00:00Z,Wind,2882.000,Elexon BMRS FUELHH
2016-11-24T03:30:00Z,Coal,2109.000,Elexon BMRS FUELHH
2016-11-24T03:30:00Z,Gas,11884.000,Elexon BMRS FUELHH
2016-11-24T03:30:00Z,Hydro,90.000,Elexon BMRS FUELHH
2016-11-24T03:30:00Z,Imports & Exports,2300.000,Elexon BMRS FUELHH
2016-11-24T03:30:00Z,Nuclear,8267.000,Elexon BMRS FUELHH
2016-11-24T03:30:00Z,Other,1330.000,Elexon BMRS FUELHH
2016-11-24T03:30:00Z,Pumped Storage,-2358.000,Elexon BMRS FUELHH
2016-11-24T03:30:00Z,Wind,2828.000,Elexon BMRS FUELHH
2016-11-24T04:00:00Z,Coal,2088.000,Elexon BMRS FUELHH
2016-11-24T04:00:00Z,Gas,11679.000,Elexon BMRS FUELHH
2016-11-24T04:00:00Z,Hydro,90.000,Elexon BMRS FUELHH
2016-11-24T04:00:00Z,Imports & Exports,2296.000,Elexon BMRS FUELHH
2016-11-24T04:00:00Z,Nuclear,8269.000,Elexon BMRS FUELHH
2016-11-24T04:00:00Z,Other,1329.000,Elexon BMRS FUELHH
2016-11-24T04:00:00Z,Pumped Storage,-2346.000,Elexon BMRS FUELHH
2016-11-24T04:00:00Z,Wind,2811.000,Elexon BMRS FUELHH
2016-11-24T04:30:00Z,Coal,2058.000,Elexon BMRS FUELHH
2016-11-24T04:30:00Z,Gas,11782.000,Elexon BMRS FUELHH
2016-11-24T04:30:00Z,Hydro,96.000,Elexon BMRS FUELHH
2016-11-24T04:30:00Z,Imports & Exports,2296.000,Elexon BMRS FUELHH
2016-11-24T04:30:00Z,Nuclear,8269.000,Elexon BMRS FUELHH
2016-11-24T04:30:00Z,Other,1336.000,Elexon BMRS FUELHH
2016-11-24T04:30:00Z,Pumped Storage,-2314.000,Elexon BMRS FUELHH
2016-11-24T04:30:00Z,Wind,2786.000,Elexon BMRS FUELHH
2016-11-24T05:00:00Z,Coal,2172.000,Elexon BMRS FUELHH
2016-11-24T05:00:00Z,Gas,13162.000,Elexon BMRS FUELHH
2016-11-24T05:00:00Z,Hydro,111.000,Elexon BMRS FUELHH
2016-11-24T05:00:00Z,Imports & Exports,1384.000,Elexon BMRS FUELHH
2016-11-24T05:00:00Z,Nuclear,8269.000,Elexon BMRS FUELHH
2016-11-24T05:00:00Z,Other,1351.000,Elexon BMRS FUELHH
2016-11-24T05:00:00Z,Pumped Storage,-2032.000,Elexon BMRS FUELHH
2016-11-24T05:00:00Z,Wind,2819.000,Elexon BMRS FUELHH
2016-11-24T05:30:00Z,Coal,2266.000,Elexon BMRS FUELHH
2016-11-24T05:30:00Z,Gas,13683.000,Elexon BMRS FUELHH
2016-11-24T05:30:00Z,Hydro,110.000,Elexon BMRS FUELHH
2016-11-24T05:30:00Z,Imports & Exports,1286.000,Elexon BMRS FUELHH
2016-11-24T05:30:00Z,Nuclear,8143.000,Elexon BMRS FUELHH
2016-11-24T05:30:00Z,Other,1390.000,Elexon BMRS FUELHH
2016-11-24T05:30:00Z,Pumped Storage,-1268.000,Elexon BMRS FUELHH
2016-11-24T05:30:00Z,Wind,2823.000,Elexon BMRS FUELHH
2016-11-24T06:00:00Z,Coal,2945.000,Elexon BMRS FUELHH
2016-11-24T06:00:00Z,Gas,16190.000,Elexon BMRS FUELHH
2016-11-24T06:00:00Z,Hydro,128.000,Elexon BMRS FUELHH
2016-11-24T06:00:00Z,Imports & Exports,376.000,Elexon BMRS FUELHH
2016-11-24T06:00:00Z,Nuclear,8097.000,Elexon BMRS FUELHH
2016-11-24T06:00:00Z,Other,1423.000,Elexon BMRS FUELHH
2016-11-24T06:00:00Z,Pumped Storage,-124.000,Elexon BMRS FUELHH
2016-11-24T06:00:00Z,Wind,2855.000,Elexon BMRS FUELHH
2016-11-24T06:30:00Z,Coal,3868.000,Elexon BMRS FUELHH
2016-11-24T06:30:00Z,Gas,18359.000,Elexon BMRS FUELHH
2016-11-24T06:30:00Z,Hydro,131.000,Elexon BMRS FUELHH
2016-11-24T06:30:00Z,Imports & Exports,272.000,Elexon BMRS FUELHH
2016-11-24T06:30:00Z,Nuclear,8140.000,Elexon BMRS FUELHH
2016-11-24T06:30:00Z,Other,1446.000,Elexon BMRS FUELHH
2016-11-24T06:30:00Z,Pumped Storage,250.000,Elexon BMRS FUELHH
2016-11-24T06:30:00Z,Wind,2866.000,Elexon BMRS FUELHH
2016-11-24T07:00:00Z,Coal,4625.000,Elexon BMRS FUELHH
2016-11-24T07:00:00Z,Gas,20841.000,Elexon BMRS FUELHH
2016-11-24T07:00:00Z,Hydro,235.000,Elexon BMRS FUELHH
2016-11-24T07:00:00Z,Imports & Exports,776.000,Elexon BMRS FUELHH
2016-11-24T07:00:00Z,Nuclear,8151.000,Elexon BMRS FUELHH
2016-11-24T07:00:00Z,Other,1469.000,Elexon BMRS FUELHH
2016-11-24T07:00:00Z,Pumped Storage,444.000,Elexon BMRS FUELHH
2016-11-24T07:00:00Z,Wind,2934.000,Elexon BMRS FUELHH
2016-11-24T07:30:00Z,Coal,4975.000,Elexon BMRS FUELHH
2016-11-24T07:30:00Z,Gas,21906.000,Elexon BMRS FUELHH
2016-11-24T07:30:00Z,Hydro,247.000,Elexon BMRS FUELHH
2016-11-24T07:30:00Z,Imports & Exports,770.000,Elexon BMRS FUELHH
2016-11-24T07:30:00Z,Nuclear,8182.000,Elexon BMRS FUELHH
2016-11-24T07:30:00Z,Other,1512.000,Elexon BMRS FUELHH
2016-11-24T07:30:00Z,Pumped Storage,578.000,Elexon BMRS FUELHH
2016-11-24T07:30:00Z,Wind,2947.000,Elexon BMRS FUELHH
2016-11-24T08:00:00Z,Coal,5128.000,Elexon BMRS FUELHH
2016-11-24T08:00:00Z,Gas,21953.000,Elexon BMRS FUELHH
2016-11-24T08:00:00Z,Hydro,252.000,Elexon BMRS FUELHH
2016-11-24T08:00:00Z,Imports & Exports,1134.000,Elexon BMRS FUELHH
2016-11-24T08:00:00Z,Nuclear,8184.000,Elexon BMRS FUELHH
2016-11-24T08:00:00Z,Other,1646.000,Elexon BMRS FUELHH
2016-11-24T08:00:00Z,Pumped Storage,632.000,Elexon BMRS FUELHH
2016-11-24T08:00:00Z,Wind,2914.000,Elexon BMRS FUELHH
2016-11-24T08:30:00Z,Coal,4919.000,Elexon BMRS FUELHH
2016-11-24T08:30:00Z,Gas,22036.000,Elexon BMRS FUELHH
2016-11-24T08:30:00Z,Hydro,263.000,Elexon BMRS FUELHH
2016-11-24T08:30:00Z,Imports & Exports,1124.000,Elexon BMRS FUELHH
2016-11-24T08:30:00Z,Nuclear,8188.000,Elexon BMRS FUELHH
2016-11-24T08:30:00Z,Other,1765.000,Elexon BMRS FUELHH
2016-11-24T08:30:00Z,Pumped Storage,540.000,Elexon BMRS FUELHH
2016-11-24T08:30:00Z,Wind,2907.000,Elexon BMRS FUELHH
2016-11-24T09:00:00Z,Coal,4789.000,Elexon BMRS FUELHH
2016-11-24T09:00:00Z,Gas,22567.000,Elexon BMRS FUELHH
2016-11-24T09:00:00Z,Hydro,342.000,Elexon BMRS FUELHH
2016-11-24T09:00:00Z,Imports & Exports,1040.000,Elexon BMRS FUELHH
2016-11-24T09:00:00Z,Nuclear,8184.000,Elexon BMRS FUELHH
2016-11-24T09:00:00Z,Other,1792.000,Elexon BMRS FUELHH
2016-11-24T09:00:00Z,Pumped Storage,678.000,Elexon BMRS FUELHH
2016-11-24T09:00:00Z,Wind,2839.000,Elexon BMRS FUELHH
2016-11-24T09:30:00Z,Coal,4974.000,Elexon BMRS FUELHH
2016-11-24T09:30:00Z,Gas,22615.000,Elexon BMRS FUELHH
2016-11-24T09:30:00Z,Hydro,334.000,Elexon BMRS FUELHH
2016-11-24T09:30:00Z,Imports & Exports,884.000,Elexon BMRS FUELHH
2016-11-24T09:30:00Z,Nuclear,8186.000,Elexon BMRS FUELHH
2016-11-24T09:30:00Z,Other,1938.000,Elexon BMRS FUELHH
2016-11-24T09:30:00Z,Pumped Storage,450.000,Elexon BMRS FUELHH
2016-11-24T09:30:00Z,Wind,2802.000,Elexon BMRS FUELHH
2016-11-24T10:00:00Z,Coal,4900.000,Elexon BMRS FUELHH
2016-11-24T10:00:00Z,Gas,22485.000,Elexon BMRS FUELHH
2016-11-24T10:00:00Z,Hydro,327.000,Elexon BMRS FUELHH
2016-11-24T10:00:00Z,Imports & Exports,664.000,Elexon BMRS FUELHH
2016-11-24T10:00:00Z,Nuclear,8203.000,Elexon BMRS FUELHH
2016-11-24T10:00:00Z,Other,1983.000,Elexon BMRS FUELHH
2016-11-24T10:00:00Z,Pumped Storage,514.000,Elexon BMRS FUELHH
2016-11-24T10:00:00Z,Wind,2741.000,Elexon BMRS FUELHH
2016-11-24T10:30:00Z,Coal,5007.000,Elexon BMRS FUELHH
2016-11-24T10:30:00Z,Gas,22009.000,Elexon BMRS FUELHH
2016-11-24T10:30:00Z,Hydro,489.000,Elexon BMRS FUELHH
2016-11-24T10:30:00Z,Imports & Exports,492.000,Elexon BMRS FUELHH
2016-11-24T10:30:00Z,Nuclear,8244.000,Elexon BMRS FUELHH
2016-11-24T10:30:00Z,Other,1991.000,Elexon BMRS FUELHH
2016-11-24T10:30:00Z,Pumped Storage,670.000,Elexon BMRS FUELHH
2016-11-24T10:30:00Z,Wind,2709.000,Elexon BMRS FUELHH
2016-11-24T11:00:00Z,Coal,5111.000,Elexon BMRS FUELHH
2016-11-24T11:00:00Z,Gas,21543.000,Elexon BMRS FUELHH
2016-11-24T11:00:00Z,Hydro,485.000,Elexon BMRS FUELHH
2016-11-24T11:00:00Z,Imports & Exports,718.000,Elexon BMRS FUELHH
2016-11-24T11:00:00Z,Nuclear,8263.000,Elexon BMRS FUELHH
2016-11-24T11:00:00Z,Other,1988.000,Elexon BMRS FUELHH
2016-11-24T11:00:00Z,Pumped Storage,708.000,Elexon BMRS FUELHH
2016-11-24T11:00:00Z,Wind,2707.000,Elexon BMRS FUELHH
2016-11-24T11:30:00Z,Coal,5072.000,Elexon BMRS FUELHH
2016-11-24T11:30:00Z,Gas,21591.000,Elexon BMRS FUELHH
2016-11-24T11:30:00Z,Hydro,392.000,Elexon BMRS FUELHH
2016-11-24T11:30:00Z,Imports & Exports,812.000,Elexon BMRS FUELHH
2016-11-24T11:30:00Z,Nuclear,8261.000,Elexon BMRS FUELHH
2016-11-24T11:30:00Z,Other,1968.000,Elexon BMRS FUELHH
2016-11-24T11:30:00Z,Pumped Storage,688.000,Elexon BMRS FUELHH
2016-11-24T11:30:00Z,Wind,2704.000,Elexon BMRS FUELHH
2016-11-24T12:00:00Z,Coal,5080.000,Elexon BMRS FUELHH
2016-11-24T12:00:00Z,Gas,21625.000,Elexon BMRS FUELHH
2016-11-24T12:00:00Z,Hydro,349.000,Elexon BMRS FUELHH
2016-11-24T12:00:00Z,Imports & Exports,938.000,Elexon BMRS FUELHH
2016-11-24T12:00:00Z,Nuclear,8263.000,Elexon BMRS FUELHH
2016-11-24T12:00:00Z,Other,1957.000,Elexon BMRS FUELHH
2016-11-24T12:00:00Z,Pumped Storage,664.000,Elexon BMRS FUELHH
2016-11-24T12:00:00Z,Wind,2717.000,Elexon BMRS FUELHH
2016-11-24T12:30:00Z,Coal,5064.000,Elexon BMRS FUELHH
2016-11-24T12:30:00Z,Gas,21781.000,Elexon BMRS FUELHH
2016-11-24T12:30:00Z,Hydro,341.000,Elexon BMRS FUELHH
2016-11-24T12:30:00Z,Imports & Exports,894.000,Elexon BMRS FUELHH
2016-11-24T12:30:00Z,Nuclear,8270.000,Elexon BMRS FUELHH
2016-11-24T12:30:00Z,Other,1986.000,Elexon BMRS FUELHH
2016-11-24T12:30:00Z,Pumped Storage,510.000,Elexon BMRS FUELHH
2016-11-24T12:30:00Z,Wind,2703.000,Elexon BMRS FUELHH
2016-11-24T13:00:00Z,Coal,5093.000,Elexon BMRS FUELHH
2016-11-24T13:00:00Z,Gas,22260.000,Elexon BMRS FUELHH
2016-11-24T13:00:00Z,Hydro,335.000,Elexon BMRS FUELHH
2016-11-24T13:00:00Z,Imports & Exports,352.000,Elexon BMRS FUELHH
2016-11-24T13:00:00Z,Nuclear,8269.000,Elexon BMRS FUELHH
2016-11-24T13:00:00Z,Other,1980.000,Elexon BMRS FUELHH
2016-11-24T13:00:00Z,Pumped Storage,642.000,Elexon BMRS FUELHH
2016-11-24T13:00:00Z,Wind,2662.000,Elexon BMRS FUELHH
2016-11-24T13:30:00Z,Coal,5014.000,Elexon BMRS FUELHH
2016-11-24T13:30:00Z,Gas,22409.000,Elexon BMRS FUELHH
2016-11-24T13:30:00Z,Hydro,335.000,Elexon BMRS FUELHH
2016-11-24T13:30:00Z,Imports & Exports,498.000,Elexon BMRS FUELHH
2016-11-24T13:30:00Z,Nuclear,8265.000,Elexon BMRS FUELHH
2016-11-24T13:30:00Z,Other,1975.000,Elexon BMRS FUELHH
2016-11-24T13:30:00Z,Pumped Storage,554.000,Elexon BMRS FUELHH
2016-11-24T13:30:00Z,Wind,2606.000,Elexon BMRS FUELHH
2016-11-24T14:00:00Z,Coal,5496.000,Elexon BMRS FUELHH
2016-11-24T14:00:00Z,Gas,22420.000,Elexon BMRS FUELHH
2016-11-24T14:00:00Z,Hydro,288.000,Elexon BMRS FUELHH
2016-11-24T14:00:00Z,Imports & Exports,400.000,Elexon BMRS FUELHH
2016-11-24T14:00:00Z,Nuclear,8263.000,Elexon BMRS FUELHH
2016-11-24T14:00:00Z,Other,1993.000,Elexon BMRS FUELHH
2016-11-24T14:00:00Z,Pumped Storage,410.000,Elexon BMRS FUELHH
2016-11-24T14:00:00Z,Wind,2634.000,Elexon BMRS FUELHH
2016-11-24T14:30:00Z,Coal,5903.000,Elexon BMRS FUELHH
2016-11-24T14:30:00Z,Gas,22208.000,Elexon BMRS FUELHH
2016-11-24T14:30:00Z,Hydro,247.000,Elexon BMRS FUELHH
2016-11-24T14:30:00Z,Imports & Exports,332.000,Elexon BMRS FUELHH
2016-11-24T14:30:00Z,Nuclear,8263.000,Elexon BMRS FUELHH
2016-11-24T14:30:00Z,Other,2010.000,Elexon BMRS FUELHH
2016-11-24T14:30:00Z,Pumped Storage,456.000,Elexon BMRS FUELHH
2016-11-24T14:30:00Z,Wind,2636.000,Elexon BMRS FUELHH
2016-11-24T15:00:00Z,Coal,6132.000,Elexon BMRS FUELHH
2016-11-24T15:00:00Z,Gas,22552.000,Elexon BMRS FUELHH
2016-11-24T15:00:00Z,Hydro,350.000,Elexon BMRS FUELHH
2016-11-24T15:00:00Z,Imports & Exports,138.000,Elexon BMRS FUELHH
2016-11-24T15:00:00Z,Nuclear,8263.000,Elexon BMRS FUELHH
2016-11-24T15:00:00Z,Other,2009.000,Elexon BMRS FUELHH
2016-11-24T15:00:00Z,Pumped Storage,364.000,Elexon BMRS FUELHH
2016-11-24T15:00:00Z,Wind,2616.000,Elexon BMRS FUELHH
2016-11-24T15:30:00Z,Coal,6725.000,Elexon BMRS FUELHH
2016-11-24T15:30:00Z,Gas,22907.000,Elexon BMRS FUELHH
2016-11-24T15:30:00Z,Hydro,398.000,Elexon BMRS FUELHH
2016-11-24T15:30:00Z,Imports & Exports,294.000,Elexon BMRS FUELHH
2016-11-24T15:30:00Z,Nuclear,8264.000,Elexon BMRS FUELHH
2016-11-24T15:30:00Z,Other,2011.000,Elexon BMRS FUELHH
2016-11-24T15:30:00Z,Pumped Storage,376.000,Elexon BMRS FUELHH
2016-11-24T15:30:00Z,Wind,2694.000,Elexon BMRS FUELHH
2016-11-24T16:00:00Z,Coal,7332.000,Elexon BMRS FUELHH
2016-11-24T16:00:00Z,Gas,22419.000,Elexon BMRS FUELHH
2016-11-24T16:00:00Z,Hydro,552.000,Elexon BMRS FUELHH
2016-11-24T16:00:00Z,Imports & Exports,2040.000,Elexon BMRS FUELHH
2016-11-24T16:00:00Z,Nuclear,8267.000,Elexon BMRS FUELHH
2016-11-24T16:00:00Z,Other,2009.000,Elexon BMRS FUELHH
2016-11-24T16:00:00Z,Pumped Storage,444.000,Elexon BMRS FUELHH
2016-11-24T16:00:00Z,Wind,2805.000,Elexon BMRS FUELHH
2016-11-24T16:30:00Z,Coal,7851.000,Elexon BMRS FUELHH
2016-11-24T16:30:00Z,Gas,22939.000,Elexon BMRS FUELHH
2016-11-24T16:30:00Z,Hydro,709.000,Elexon BMRS FUELHH
2016-11-24T16:30:00Z,Imports & Exports,2100.000,Elexon BMRS FUELHH
2016-11-24T16:30:00Z,Nuclear,8280.000,Elexon BMRS FUELHH
2016-11-24T16:30:00Z,Other,2004.000,Elexon BMRS FUELHH
2016-11-24T16:30:00Z,Pumped Storage,838.000,Elexon BMRS FUELHH
2016-11-24T16:30:00Z,Wind,2859.000,Elexon BMRS FUELHH
2016-11-24T17:00:00Z,Coal,7805.000,Elexon BMRS FUELHH
2016-11-24T17:00:00Z,Gas,23174.000,Elexon BMRS FUELHH
2016-11-24T17:00:00Z,Hydro,783.000,Elexon BMRS FUELHH
2016-11-24T17:00:00Z,Imports & Exports,1984.000,Elexon BMRS FUELHH
2016-11-24T17:00:00Z,Nuclear,8313.000,Elexon BMRS FUELHH
2016-11-24T17:00:00Z,Other,1989.000,Elexon BMRS FUELHH
2016-11-24T17:00:00Z,Pumped Storage,868.000,Elexon BMRS FUELHH
2016-11-24T17:00:00Z,Wind,2937.000,Elexon BMRS FUELHH
2016-11-24T17:30:00Z,Coal,8001.000,Elexon BMRS FUELHH
2016-11-24T17:30:00Z,Gas,22925.000,Elexon BMRS FUELHH
2016-11-24T17:30:00Z,Hydro,690.000,Elexon BMRS FUELHH
2016-11-24T17:30:00Z,Imports & Exports,1864.000,Elexon BMRS FUELHH
2016-11-24T17:30:00Z,Nuclear,8301.000,Elexon BMRS FUELHH
2016-11-24T17:30:00Z,Other,1956.000,Elexon BMRS FUELHH
2016-11-24T17:30:00Z,Pumped Storage,912.000,Elexon BMRS FUELHH
2016-11-24T17:30:00Z,Wind,2892.000,Elexon BMRS FUELHH
2016-11-24T18:00:00Z,Coal,8070.000,Elexon BMRS FUELHH
2016-11-24T18:00:00Z,Gas,22992.000,Elexon BMRS FUELHH
2016-11-24T18:00:00Z,Hydro,612.000,Elexon BMRS FUELHH
2016-11-24T18:00:00Z,Imports & Exports,1690.000,Elexon BMRS FUELHH
2016-11-24T18:00:00Z,Nuclear,8303.000,Elexon BMRS FUELHH
2016-11-24T18:00:00Z,Other,1978.000,Elexon BMRS FUELHH
2016-11-24T18:00:00Z,Pumped Storage,744.000,Elexon BMRS FUELHH
2016-11-24T18:00:00Z,Wind,2855.000,Elexon BMRS FUELHH
2016-11-24T18:30:00Z,Coal,8328.000,Elexon BMRS FUELHH
2016-11-24T18:30:00Z,Gas,22830.000,Elexon BMRS FUELHH
2016-11-24T18:30:00Z,Hydro,626.000,Elexon BMRS FUELHH
2016-11-24T18:30:00Z,Imports & Exports,1574.000,Elexon BMRS FUELHH
2016-11-24T18:30:00Z,Nuclear,8310.000,Elexon BMRS FUELHH
2016-11-24T18:30:00Z,Other,1974.000,Elexon BMRS FUELHH
2016-11-24T18:30:00Z,Pumped Storage,584.000,Elexon BMRS FUELHH
2016-11-24T18:30:00Z,Wind,2777.000,Elexon BMRS FUELHH
2016-11-24T19:00:00Z,Coal,8151.000,Elexon BMRS FUELHH
2016-11-24T19:00:00Z,Gas,22482.000,Elexon BMRS FUELHH
2016-11-24T19:00:00Z,Hydro,580.000,Elexon BMRS FUELHH
2016-11-24T19:00:00Z,Imports & Exports,1434.000,Elexon BMRS FUELHH
2016-11-24T19:00:00Z,Nuclear,8312.000,Elexon BMRS FUELHH
2016-11-24T19:00:00Z,Other,1947.000,Elexon BMRS FUELHH
2016-11-24T19:00:00Z,Pumped Storage,562.000,Elexon BMRS FUELHH
2016-11-24T19:00:00Z,Wind,2763.000,Elexon BMRS FUELHH
2016-11-24T19:30:00Z,Coal,7264.000,Elexon BMRS FUELHH
2016-11-24T19:30:00Z,Gas,22560.000,Elexon BMRS FUELHH
2016-11-24T19:30:00Z,Hydro,559.000,Elexon BMRS FUELHH
2016-11-24T19:30:00Z,Imports & Exports,1432.000,Elexon BMRS FUELHH
2016-11-24T19:30:00Z,Nuclear,8306.000,Elexon BMRS FUELHH
2016-11-24T19:30:00Z,Other,1960.000,Elexon BMRS FUELHH
2016-11-24T19:30:00Z,Pumped Storage,488.000,Elexon BMRS FUELHH
2016-11-24T19:30:00Z,Wind,2724.000,Elexon BMRS FUELHH
2016-11-24T20:00:00Z,Coal,6637.000,Elexon BMRS FUELHH
2016-11-24T20:00:00Z,Gas,21923.000,Elexon BMRS FUELHH
2016-11-24T20:00:00Z,Hydro,532.000,Elexon BMRS FUELHH
2016-11-24T20:00:00Z,Imports & Exports,1440.000,Elexon BMRS FUELHH
2016-11-24T20:00:00Z,Nuclear,8313.000,Elexon BMRS FUELHH
2016-11-24T20:00:00Z,Other,1980.000,Elexon BMRS FUELHH
2016-11-24T20:00:00Z,Pumped Storage,500.000,Elexon BMRS FUELHH
2016-11-24T20:00:00Z,Wind,2683.000,Elexon BMRS FUELHH
2016-11-24T20:30:00Z,Coal,5669.000,Elexon BMRS FUELHH
2016-11-24T20:30:00Z,Gas,21217.000,Elexon BMRS FUELHH
2016-11-24T20:30:00Z,Hydro,365.000,Elexon BMRS FUELHH
2016-11-24T20:30:00Z,Imports & Exports,1424.000,Elexon BMRS FUELHH
2016-11-24T20:30:00Z,Nuclear,8313.000,Elexon BMRS FUELHH
2016-11-24T20:30:00Z,Other,1995.000,Elexon BMRS FUELHH
2016-11-24T20:30:00Z,Pumped Storage,428.000,Elexon BMRS FUELHH
2016-11-24T20:30:00Z,Wind,2677.000,Elexon BMRS FUELHH
2016-11-24T21:00:00Z,Coal,4885.000,Elexon BMRS FUELHH
2016-11-24T21:00:00Z,Gas,20596.000,Elexon BMRS FUELHH
2016-11-24T21:00:00Z,Hydro,180.000,Elexon BMRS FUELHH
2016-11-24T21:00:00Z,Imports & Exports,1280.000,Elexon BMRS FUELHH
2016-11-24T21:00:00Z,Nuclear,8313.000,Elexon BMRS FUELHH
2016-11-24T21:00:00Z,Other,1995.000,Elexon BMRS FUELHH
2016-11-24T21:00:00Z,Pumped Storage,500.000,Elexon BMRS FUELHH
2016-11-24T21:00:00Z,Wind,2718.000,Elexon BMRS FUELHH
2016-11-24T21:30:00Z,Coal,4136.000,Elexon BMRS FUELHH
2016-11-24T21:30:00Z,Gas,18810.000,Elexon BMRS FUELHH
2016-11-24T21:30:00Z,Hydro,174.000,Elexon BMRS FUELHH
2016-11-24T21:30:00Z,Imports & Exports,1398.000,Elexon BMRS FUELHH
2016-11-24T21:30:00Z,Nuclear,8306.000,Elexon BMRS FUELHH
2016-11-24T21:30:00Z,Other,1992.000,Elexon BMRS FUELHH
2016-11-24T21:30:00Z,Pumped Storage,356.000,Elexon BMRS FUELHH
2016-11-24T21:30:00Z,Wind,2712.000,Elexon BMRS FUELHH
2016-11-24T22:00:00Z,Coal,3684.000,Elexon BMRS FUELHH
2016-11-24T22:00:00Z,Gas,17798.000,Elexon BMRS FUELHH
2016-11-24T22:00:00Z,Hydro,174.000,Elexon BMRS FUELHH
2016-11-24T22:00:00Z,Imports & Exports,496.000,Elexon BMRS FUELHH
2016-11-24T22:00:00Z,Nuclear,8310.000,Elexon BMRS FUELHH
2016-11-24T22:00:00Z,Other,1997.000,Elexon BMRS FUELHH
2016-11-24T22:00:00Z,Pumped Storage,398.000,Elexon BMRS FUELHH
2016-11-24T22:00:00Z,Wind,2826.000,Elexon BMRS FUELHH
2016-11-24T22:30:00Z,Coal,3057.000,Elexon BMRS FUELHH
2016-11-24T22:30:00Z,Gas,16561.000,Elexon BMRS FUELHH
2016-11-24T22:30:00Z,Hydro,173.000,Elexon BMRS FUELHH
2016-11-24T22:30:00Z,Imports & Exports,598.000,Elexon BMRS FUELHH
2016-11-24T22:30:00Z,Nuclear,8311.000,Elexon BMRS FUELHH
2016-11-24T22:30:00Z,Other,1994.000,Elexon BMRS FUELHH
2016-11-24T22:30:00Z,Pumped Storage,178.000,Elexon BMRS FUELHH
2016-11-24T22:30:00Z,Wind,2836.000,Elexon BMRS FUELHH
2016-11-24T23:00:00Z,Coal,2283.000,Elexon BMRS FUELHH
2016-11-24T23:00:00Z,Gas,14116.000,Elexon BMRS FUELHH
2016-11-24T23:00:00Z,Hydro,135.000,Elexon BMRS FUELHH
2016-11-24T23:00:00Z,Imports & Exports,2030.000,Elexon BMRS FUELHH
2016-11-24T23:00:00Z,Nuclear,8318.000,Elexon BMRS FUELHH
2016-11-24T23:00:00Z,Other,1996.000,Elexon BMRS FUELHH
2016-11-24T23:00:00Z,Pumped Storage,-142.000,Elexon BMRS FUELHH
2016-11-24T23:00:00Z,Wind,2817.000,Elexon BMRS FUELHH
2016-11-24T23:30:00Z,Coal,1893.000,Elexon BMRS FUELHH
2016-11-24T23:30:00Z,Gas,12868.000,Elexon BMRS FUELHH
2016-11-24T23:30:00Z,Hydro,127.000,Elexon BMRS FUELHH
2016-11-24T23:30:00Z,Imports & Exports,2162.000,Elexon BMRS FUELHH
2016-11-24T23:30:00Z,Nuclear,8314.000,Elexon BMRS FUELHH
2016-11-24T23:30:00Z,Other,1979.000,Elexon BMRS FUELHH
2016-11-24T23:30:00Z,Pumped Storage,-220.000,Elexon BMRS FUELHH
2016-11-24T23:30:00Z,Wind,2858.000,Elexon BMRS FUELHH
2016-11-25T00:00:00Z,Coal,1915.000,Elexon BMRS FUELHH
2016-11-25T00:00:00Z,Gas,13123.000,Elexon BMRS FUELHH
2016-11-25T00:00:00Z,Hydro,109.000,Elexon BMRS FUELHH
2016-11-25T00:00:00Z,Imports & Exports,2262.000,Elexon BMRS FUELHH
2016-11-25T00:00:00Z,Nuclear,8332.000,Elexon BMRS FUELHH
2016-11-25T00:00:00Z,Other,1992.000,Elexon BMRS FUELHH
2016-11-25T00:00:00Z,Pumped Storage,-1114.000,Elexon BMRS FUELHH
2016-11-25T00:00:00Z,Wind,2952.000,Elexon BMRS FUELHH
2016-11-25T00:30:00Z,Coal,1939.000,Elexon BMRS FUELHH
2016-11-25T00:30:00Z,Gas,13674.000,Elexon BMRS FUELHH
2016-11-25T00:30:00Z,Hydro,108.000,Elexon BMRS FUELHH
2016-11-25T00:30:00Z,Imports & Exports,2284.000,Elexon BMRS FUELHH
2016-11-25T00:30:00Z,Nuclear,8320.000,Elexon BMRS FUELHH
2016-11-25T00:30:00Z,Other,1994.000,Elexon BMRS FUELHH
2016-11-25T00:30:00Z,Pumped Storage,-1448.000,Elexon BMRS FUELHH
2016-11-25T00:30:00Z,Wind,2952.000,Elexon BMRS FUELHH
2016-11-25T01:00:00Z,Coal,2060.000,Elexon BMRS FUELHH
2016-11-25T01:00:00Z,Gas,13623.000,Elexon BMRS FUELHH
2016-11-25T01:00:00Z,Hydro,85.000,Elexon BMRS FUELHH
2016-11-25T01:00:00Z,Imports & Exports,2286.000,Elexon BMRS FUELHH
2016-11-25T01:00:00Z,Nuclear,8329.000,Elexon BMRS FUELHH
2016-11-25T01:00:00Z,Other,1940.000,Elexon BMRS FUELHH
2016-11-25T01:00:00Z,Pumped Storage,-1702.000,Elexon BMRS FUELHH
2016-11-25T01:00:00Z,Wind,2898.000,Elexon BMRS FUELHH
2016-11-25T01:30:00Z,Coal,2052.000,Elexon BMRS FUELHH
2016-11-25T01:30:00Z,Gas,12963.000,Elexon BMRS FUELHH
2016-11-25T01:30:00Z,Hydro,83.000,Elexon BMRS FUELHH
2016-11-25T01:30:00Z,Imports & Exports,2282.000,Elexon BMRS FUELHH
2016-11-25T01:30:00Z,Nuclear,8332.000,Elexon BMRS FUELHH
2016-11-25T01:30:00Z,Other,1933.000,Elexon BMRS FUELHH
2016-11-25T01:30:00Z,Pumped Storage,-1708.000,Elexon BMRS FUELHH
2016-11-25T01:30:00Z,Wind,2828.000,Elexon BMRS FUELHH
2016-11-25T02:00:00Z,Coal,2021.000,Elexon BMRS FUELHH
2016-11-25T02:00:00Z,Gas,12689.000,Elexon BMRS FUELHH
2016-11-25T02:00:00Z,Hydro,82.000,Elexon BMRS FUELHH
2016-11-25T02:00:00Z,Imports & Exports,2294.000,Elexon BMRS FUELHH
2016-11-25T02:00:00Z,Nuclear,8321.000,Elexon BMRS FUELHH
2016-11-25T02:00:00Z,Other,1986.000,Elexon BMRS FUELHH
2016-11-25T02:00:00Z,Pumped Storage,-1968.000,Elexon BMRS FUELHH
2016-11-25T02:00:00Z,Wind,2825.000,Elexon BMRS FUELHH
2016-11-25T02:30:00Z,Coal,2103.000,Elexon BMRS FUELHH
2016-11-25T02:30:00Z,Gas,12516.000,Elexon BMRS FUELHH
2016-11-25T02:30:00Z,Hydro,80.000,Elexon BMRS FUELHH
2016-11-25T02:30:00Z,Imports & Exports,2294.000,Elexon BMRS FUELHH
2016-11-25T02:30:00Z,Nuclear,8329.000,Elexon BMRS FUELHH
2016-11-25T02:30:00Z,Other,1950.000,Elexon BMRS FUELHH
2016-11-25T02:30:00Z,Pumped Storage,-2020.000,Elexon BMRS FUELHH
2016-11-25T02:30:00Z,Wind,2756.000,Elexon BMRS FUELHH
2016-11-25T03:00:00Z,Coal,2108.000,Elexon BMRS FUELHH
2016-11-25T03:00:00Z,Gas,12317.000,Elexon BMRS FUELHH
2016-11-25T03:00:00Z,Hydro,79.000,Elexon BMRS FUELHH
2016-11-25T03:00:00Z,Imports & Exports,2294.000,Elexon BMRS FUELHH
2016-11-25T03:00:00Z,Nuclear,8327.000,Elexon BMRS FUELHH
2016-11-25T03:00:00Z,Other,1913.000,Elexon BMRS FUELHH
2016-11-25T03:00:00Z,Pumped Storage,-2302.000,Elexon BMRS FUELHH
2016-11-25T03:00:00Z,Wind,2813.000,Elexon BMRS FUELHH
2016-11-25T03:30:00Z,Coal,2086.000,Elexon BMRS FUELHH
2016-11-25T03:30:00Z,Gas,11949.000,Elexon BMRS FUELHH
2016-11-25T03:30:00Z,Hydro,80.000,Elexon BMRS FUELHH
2016-11-25T03:30:00Z,Imports & Exports,2294.000,Elexon BMRS FUELHH
2016-11-25T03:30:00Z,Nuclear,8335.000,Elexon BMRS FUELHH
2016-11-25T03:30:00Z,Other,1945.000,Elexon BMRS FUELHH
2016-11-25T03:30:00Z,Pumped Storage,-2438.000,Elexon BMRS FUELHH
2016-11-25T03:30:00Z,Wind,2823.000,Elexon BMRS FUELHH
2016-11-25T04:00:00Z,Coal,2102.000,Elexon BMRS FUELHH
2016-11-25T04:00:00Z,Gas,11622.000,Elexon BMRS FUELHH
2016-11-25T04:00:00Z,Hydro,79.000,Elexon BMRS FUELHH
2016-11-25T04:00:00Z,Imports & Exports,2294.000,Elexon BMRS FUELHH
2016-11-25T04:00:00Z,Nuclear,8328.000,Elexon BMRS FUELHH
2016-11-25T04:00:00Z,Other,1929.000,Elexon BMRS FUELHH
2016-11-25T04:00:00Z,Pumped Storage,-2310.000,Elexon BMRS FUELHH
2016-11-25T04:00:00Z,Wind,2825.000,Elexon BMRS FUELHH
2016-11-25T04:30:00Z,Coal,2023.000,Elexon BMRS FUELHH
2016-11-25T04:30:00Z,Gas,11779.000,Elexon BMRS FUELHH
2016-11-25T04:30:00Z,Hydro,79.000,Elexon BMRS FUELHH
2016-11-25T04:30:00Z,Imports & Exports,2290.000,Elexon BMRS FUELHH
2016-11-25T04:30:00Z,Nuclear,8326.000,Elexon BMRS FUELHH
2016-11-25T04:30:00Z,Other,1931.000,Elexon BMRS FUELHH
2016-11-25T04:30:00Z,Pumped Storage,-2286.000,Elexon BMRS FUELHH
2016-11-25T04:30:00Z,Wind,2847.000,Elexon BMRS FUELHH
2016-11-25T05:00:00Z,Coal,2086.000,Elexon BMRS FUELHH
2016-11-25T05:00:00Z,Gas,13327.000,Elexon BMRS FUELHH
2016-11-25T05:00:00Z,Hydro,80.000,Elexon BMRS FUELHH
2016-11-25T05:00:00Z,Imports & Exports,910.000,Elexon BMRS FUELHH
2016-11-25T05:00:00Z,Nuclear,8324.000,Elexon BMRS FUELHH
2016-11-25T05:00:00Z,Other,1942.000,Elexon BMRS FUELHH
2016-11-25T05:00:00Z,Pumped Storage,-1682.000,Elexon BMRS FUELHH
2016-11-25T05:00:00Z,Wind,2798.000,Elexon BMRS FUELHH
2016-11-25T05:30:00Z,Coal,2358.000,Elexon BMRS FUELHH
2016-11-25T05:30:00Z,Gas,13958.000,Elexon BMRS FUELHH
2016-11-25T05:30:00Z,Hydro,81.000,Elexon BMRS FUELHH
2016-11-25T05:30:00Z,Imports & Exports,854.000,Elexon BMRS FUELHH
2016-11-25T05:30:00Z,Nuclear,8330.000,Elexon BMRS FUELHH
2016-11-25T05:30:00Z,Other,1956.000,Elexon BMRS FUELHH
2016-11-25T05:30:00Z,Pumped Storage,-1138.000,Elexon BMRS FUELHH
2016-11-25T05:30:00Z,Wind,2798.000,Elexon BMRS FUELHH
2016-11-25T06:00:00Z,Coal,2803.000,Elexon BMRS FUELHH
2016-11-25T06:00:00Z,Gas,16494.000,Elexon BMRS FUELHH
2016-11-25T06:00:00Z,Hydro,99.000,Elexon BMRS FUELHH
2016-11-25T06:00:00Z,Imports & Exports,336.000,Elexon BMRS FUELHH
2016-11-25T06:00:00Z,Nuclear,8328.000,Elexon BMRS FUELHH
2016-11-25T06:00:00Z,Other,1947.000,Elexon BMRS FUELHH
2016-11-25T06:00:00Z,Pumped Storage,-300.000,Elexon BMRS FUELHH
2016-11-25T06:00:00Z,Wind,2840.000,Elexon BMRS FUELHH
2016-11-25T06:30:00Z,Coal,3863.000,Elexon BMRS FUELHH
2016-11-25T06:30:00Z,Gas,18505.000,Elexon BMRS FUELHH
2016-11-25T06:30:00Z,Hydro,105.000,Elexon BMRS FUELHH
2016-11-25T06:30:00Z,Imports & Exports,276.000,Elexon BMRS FUELHH
2016-11-25T06:30:00Z,Nuclear,8332.000,Elexon BMRS FUELHH
2016-11-25T06:30:00Z,Other,1946.000,Elexon BMRS FUELHH
2016-11-25T06:30:00Z,Pumped Storage,96.000,Elexon BMRS FUELHH
2016-11-25T06:30:00Z,Wind,2841.000,Elexon BMRS FUELHH
2016-11-25T07:00:00Z,Coal,4970.000,Elexon BMRS FUELHH
2016-11-25T07:00:00Z,Gas,20621.000,Elexon BMRS FUELHH
2016-11-25T07:00:00Z,Hydro,166.000,Elexon BMRS FUELHH
2016-11-25T07:00:00Z,Imports & Exports,756.000,Elexon BMRS FUELHH
2016-11-25T07:00:00Z,Nuclear,8336.000,Elexon BMRS FUELHH
2016-11-25T07:00:00Z,Other,1958.000,Elexon BMRS FUELHH
2016-11-25T07:00:00Z,Pumped Storage,518.000,Elexon BMRS FUELHH
2016-11-25T07:00:00Z,Wind,2759.000,Elexon BMRS FUELHH
2016-11-25T07:30:00Z,Coal,5585.000,Elexon BMRS FUELHH
2016-11-25T07:30:00Z,Gas,21660.000,Elexon BMRS FUELHH
2016-11-25T07:30:00Z,Hydro,168.000,Elexon BMRS FUELHH
2016-11-25T07:30:00Z,Imports & Exports,574.000,Elexon BMRS FUELHH
2016-11-25T07:30:00Z,Nuclear,8338.000,Elexon BMRS FUELHH
2016-11-25T07:30:00Z,Other,1958.000,Elexon BMRS FUELHH
2016-11-25T07:30:00Z,Pumped Storage,524.000,Elexon BMRS FUELHH
2016-11-25T07:30:00Z,Wind,2733.000,Elexon BMRS FUELHH
2016-11-25T08:00:00Z,Coal,5826.000,Elexon BMRS FUELHH
2016-11-25T08:00:00Z,Gas,22093.000,Elexon BMRS FUELHH
2016-11-25T08:00:00Z,Hydro,172.000,Elexon BMRS FUELHH
2016-11-25T08:00:00Z,Imports & Exports,694.000,Elexon BMRS FUELHH
2016-11-25T08:00:00Z,Nuclear,8334.000,Elexon BMRS FUELHH
2016-11-25T08:00:00Z,Other,1955.000,Elexon BMRS FUELHH
2016-11-25T08:00:00Z,Pumped Storage,454.000,Elexon BMRS FUELHH
2016-11-25T08:00:00Z,Wind,2811.000,Elexon BMRS FUELHH
2016-11-25T08:30:00Z,Coal,5849.000,Elexon BMRS FUELHH
2016-11-25T08:30:00Z,Gas,21997.000,Elexon BMRS FUELHH
2016-11-25T08:30:00Z,Hydro,183.000,Elexon BMRS FUELHH
2016-11-25T08:30:00Z,Imports & Exports,634.000,Elexon BMRS FUELHH
2016-11-25T08:30:00Z,Nuclear,8338.000,Elexon BMRS FUELHH
2016-11-25T08:30:00Z,Other,1949.000,Elexon BMRS FUELHH
2016-11-25T08:30:00Z,Pumped Storage,366.000,Elexon BMRS FUELHH
2016-11-25T08:30:00Z,Wind,2792.000,Elexon BMRS FUELHH
2016-11-25T09:00:00Z,Coal,5758.000,Elexon BMRS FUELHH
2016-11-25T09:00:00Z,Gas,22023.000,Elexon BMRS FUELHH
2016-11-25T09:00:00Z,Hydro,249.000,Elexon BMRS FUELHH
2016-11-25T09:00:00Z,Imports & Exports,484.000,Elexon BMRS FUELHH
2016-11-25T09:00:00Z,Nuclear,8334.000,Elexon BMRS FUELHH
2016-11-25T09:00:00Z,Other,1950.000,Elexon BMRS FUELHH
2016-11-25T09:00:00Z,Pumped Storage,486.000,Elexon BMRS FUELHH
2016-11-25T09:00:00Z,Wind,2744.000,Elexon BMRS FUELHH
2016-11-25T09:30:00Z,Coal,5749.000,Elexon BMRS FUELHH
2016-11-25T09:30:00Z,Gas,21633.000,Elexon BMRS FUELHH
2016-11-25T09:30:00Z,Hydro,261.000,Elexon BMRS FUELHH
2016-11-25T09:30:00Z,Imports & Exports,372.000,Elexon BMRS FUELHH
2016-11-25T09:30:00Z,Nuclear,8324.000,Elexon BMRS FUELHH
2016-11-25T09:30:00Z,Other,1929.000,Elexon BMRS FUELHH
2016-11-25T09:30:00Z,Pumped Storage,450.000,Elexon BMRS FUELHH
2016-11-25T09:30:00Z,Wind,2699.000,Elexon BMRS FUELHH
2016-11-25T10:00:00Z,Coal,5743.000,Elexon BMRS FUELHH
2016-11-25T10:00:00Z,Gas,21487.000,Elexon BMRS FUELHH
2016-11-25T10:00:00Z,Hydro,264.000,Elexon BMRS FUELHH
2016-11-25T10:00:00Z,Imports & Exports,-70.000,Elexon BMRS FUELHH
2016-11-25T10:00:00Z,Nuclear,8331.000,Elexon BMRS FUELHH
2016-11-25T10:00:00Z,Other,1958.000,Elexon BMRS FUELHH
2016-11-25T10:00:00Z,Pumped Storage,332.000,Elexon BMRS FUELHH
2016-11-25T10:00:00Z,Wind,2681.000,Elexon BMRS FUELHH
2016-11-25T10:30:00Z,Coal,5654.000,Elexon BMRS FUELHH
2016-11-25T10:30:00Z,Gas,21049.000,Elexon BMRS FUELHH
2016-11-25T10:30:00Z,Hydro,299.000,Elexon BMRS FUELHH
2016-11-25T10:30:00Z,Imports & Exports,-82.000,Elexon BMRS FUELHH
2016-11-25T10:30:00Z,Nuclear,8310.000,Elexon BMRS FUELHH
2016-11-25T10:30:00Z,Other,1955.000,Elexon BMRS FUELHH
2016-11-25T10:30:00Z,Pumped Storage,178.000,Elexon BMRS FUELHH
2016-11-25T10:30:00Z,Wind,2639.000,Elexon BMRS FUELHH
2016-11-25T11:00:00Z,Coal,5193.000,Elexon BMRS FUELHH
2016-11-25T11:00:00Z,Gas,21093.000,Elexon BMRS FUELHH
2016-11-25T11:00:00Z,Hydro,266.000,Elexon BMRS FUELHH
2016-11-25T11:00:00Z,Imports & Exports,-72.000,Elexon BMRS FUELHH
2016-11-25T11:00:00Z,Nuclear,8305.000,Elexon BMRS FUELHH
2016-11-25T11:00:00Z,Other,1954.000,Elexon BMRS FUELHH
2016-11-25T11:00:00Z,Pumped Storage,184.000,Elexon BMRS FUELHH
2016-11-25T11:00:00Z,Wind,2614.000,Elexon BMRS FUELHH
2016-11-25T11:30:00Z,Coal,4779.000,Elexon BMRS FUELHH
2016-11-25T11:30:00Z,Gas,21150.000,Elexon BMRS FUELHH
2016-11-25T11:30:00Z,Hydro,267.000,Elexon BMRS FUELHH
2016-11-25T11:30:00Z,Imports & Exports,-72.000,Elexon BMRS FUELHH
2016-11-25T11:30:00Z,Nuclear,8297.000,Elexon BMRS FUELHH
2016-11-25T11:30:00Z,Other,1948.000,Elexon BMRS FUELHH
2016-11-25T11:30:00Z,Pumped Storage,186.000,Elexon BMRS FUELHH
2016-11-25T11:30:00Z,Wind,2571.000,Elexon BMRS FUELHH
2016-11-25T12:00:00Z,Coal,4833.000,Elexon BMRS FUELHH
2016-11-25T12:00:00Z,Gas,20777.000,Elexon BMRS FUELHH
2016-11-25T12:00:00Z,Hydro,230.000,Elexon BMRS FUELHH
2016-11-25T12:00:00Z,Imports & Exports,36.000,Elexon BMRS FUELHH
2016-11-25T12:00:00Z,Nuclear,8286.000,Elexon BMRS FUELHH
2016-11-25T12:00:00Z,Other,1952.000,Elexon BMRS FUELHH
2016-11-25T12:00:00Z,Pumped Storage,336.000,Elexon BMRS FUELHH
2016-11-25T12:00:00Z,Wind,2586.000,Elexon BMRS FUELHH
2016-11-25T12:30:00Z,Coal,4945.000,Elexon BMRS FUELHH
2016-11-25T12:30:00Z,Gas,20391.000,Elexon BMRS FUELHH
2016-11-25T12:30:00Z,Hydro,217.000,Elexon BMRS FUELHH
2016-11-25T12:30:00Z,Imports & Exports,36.000,Elexon BMRS FUELHH
2016-11-25T12:30:00Z,Nuclear,8283.000,Elexon BMRS FUELHH
2016-11-25T12:30:00Z,Other,1956.000,Elexon BMRS FUELHH
2016-11-25T12:30:00Z,Pumped Storage,338.000,Elexon BMRS FUELHH
2016-11-25T12:30:00Z,Wind,2638.000,Elexon BMRS FUELHH
2016-11-25T13:00:00Z,Coal,5151.000,Elexon BMRS FUELHH
2016-11-25T13:00:00Z,Gas,20227.000,Elexon BMRS FUELHH
2016-11-25T13:00:00Z,Hydro,218.000,Elexon BMRS FUELHH
2016-11-25T13:00:00Z,Imports & Exports,36.000,Elexon BMRS FUELHH
2016-11-25T13:00:00Z,Nuclear,8277.000,Elexon BMRS FUELHH
2016-11-25T13:00:00Z,Other,1939.000,Elexon BMRS FUELHH
2016-11-25T13:00:00Z,Pumped Storage,354.000,Elexon BMRS FUELHH
2016-11-25T13:00:00Z,Wind,2598.000,Elexon BMRS FUELHH
2016-11-25T13:30:00Z,Coal,5248.000,Elexon BMRS FUELHH
2016-11-25T13:30:00Z,Gas,20267.000,Elexon BMRS FUELHH
2016-11-25T13:30:00Z,Hydro,220.000,Elexon BMRS FUELHH
2016-11-25T13:30:00Z,Imports & Exports,56.000,Elexon BMRS FUELHH
2016-11-25T13:30:00Z,Nuclear,8273.000,Elexon BMRS FUELHH
2016-11-25T13:30:00Z,Other,1932.000,Elexon BMRS FUELHH
2016-11-25T13:30:00Z,Pumped Storage,348.000,Elexon BMRS FUELHH
2016-11-25T13:30:00Z,Wind,2551.000,Elexon BMRS FUELHH
2016-11-25T14:00:00Z,Coal,5534.000,Elexon BMRS FUELHH
2016-11-25T14:00:00Z,Gas,20407.000,Elexon BMRS FUELHH
2016-11-25T14:00:00Z,Hydro,232.000,Elexon BMRS FUELHH
2016-11-25T14:00:00Z,Imports & Exports,-66.000,Elexon BMRS FUELHH
2016-11-25T14:00:00Z,Nuclear,8275.000,Elexon BMRS FUELHH
2016-11-25T14:00:00Z,Other,1941.000,Elexon BMRS FUELHH
2016-11-25T14:00:00Z,Pumped Storage,344.000,Elexon BMRS FUELHH
2016-11-25T14:00:00Z,Wind,2636.000,Elexon BMRS FUELHH
2016-11-25T14:30:00Z,Coal,5910.000,Elexon BMRS FUELHH
2016-11-25T14:30:00Z,Gas,20320.000,Elexon BMRS FUELHH
2016-11-25T14:30:00Z,Hydro,261.000,Elexon BMRS FUELHH
2016-11-25T14:30:00Z,Imports & Exports,-80.000,Elexon BMRS FUELHH
2016-11-25T14:30:00Z,Nuclear,8282.000,Elexon BMRS FUELHH
2016-11-25T14:30:00Z,Other,1954.000,Elexon BMRS FUELHH
2016-11-25T14:30:00Z,Pumped Storage,336.000,Elexon BMRS FUELHH
2016-11-25T14:30:00Z,Wind,2697.000,Elexon BMRS FUELHH
2016-11-25T15:00:00Z,Coal,6281.000,Elexon BMRS FUELHH
2016-11-25T15:00:00Z,Gas,20555.000,Elexon BMRS FUELHH
2016-11-25T15:00:00Z,Hydro,350.000,Elexon BMRS FUELHH
2016-11-25T15:00:00Z,Imports & Exports,-312.000,Elexon BMRS FUELHH
2016-11-25T15:00:00Z,Nuclear,8276.000,Elexon BMRS FUELHH
2016-11-25T15:00:00Z,Other,1952.000,Elexon BMRS FUELHH
2016-11-25T15:00:00Z,Pumped Storage,376.000,Elexon BMRS FUELHH
2016-11-25T15:00:00Z,Wind,2789.000,Elexon BMRS FUELHH
2016-11-25T15:30:00Z,Coal,6904.000,Elexon BMRS FUELHH
2016-11-25T15:30:00Z,Gas,21115.000,Elexon BMRS FUELHH
2016-11-25T15:30:00Z,Hydro,376.000,Elexon BMRS FUELHH
2016-11-25T15:30:00Z,Imports & Exports,-184.000,Elexon BMRS FUELHH
2016-11-25T15:30:00Z,Nuclear,8280.000,Elexon BMRS FUELHH
2016-11-25T15:30:00Z,Other,1954.000,Elexon BMRS FUELHH
2016-11-25T15:30:00Z,Pumped Storage,360.000,Elexon BMRS FUELHH
2016-11-25T15:30:00Z,Wind,2817.000,Elexon BMRS FUELHH
2016-11-25T16:00:00Z,Coal,7469.000,Elexon BMRS FUELHH
2016-11-25T16:00:00Z,Gas,21124.000,Elexon BMRS FUELHH
2016-11-25T16:00:00Z,Hydro,457.000,Elexon BMRS FUELHH
2016-11-25T16:00:00Z,Imports & Exports,1262.000,Elexon BMRS FUELHH
2016-11-25T16:00:00Z,Nuclear,8278.000,Elexon BMRS FUELHH
2016-11-25T16:00:00Z,Other,1953.000,Elexon BMRS FUELHH
2016-11-25T16:00:00Z,Pumped Storage,438.000,Elexon BMRS FUELHH
2016-11-25T16:00:00Z,Wind,2806.000,Elexon BMRS FUELHH
2016-11-25T16:30:00Z,Coal,7638.000,Elexon BMRS FUELHH
2016-11-25T16:30:00Z,Gas,22526.000,Elexon BMRS FUELHH
2016-11-25T16:30:00Z,Hydro,564.000,Elexon BMRS FUELHH
2016-11-25T16:30:00Z,Imports & Exports,1398.000,Elexon BMRS FUELHH
2016-11-25T16:30:00Z,Nuclear,8272.000,Elexon BMRS FUELHH
2016-11-25T16:30:00Z,Other,1946.000,Elexon BMRS FUELHH
2016-11-25T16:30:00Z,Pumped Storage,954.000,Elexon BMRS FUELHH
2016-11-25T16:30:00Z,Wind,2804.000,Elexon BMRS FUELHH
2016-11-25T17:00:00Z,Coal,7702.000,Elexon BMRS FUELHH
2016-11-25T17:00:00Z,Gas,22993.000,Elexon BMRS FUELHH
2016-11-25T17:00:00Z,Hydro,664.000,Elexon BMRS FUELHH
2016-11-25T17:00:00Z,Imports & Exports,1258.000,Elexon BMRS FUELHH
2016-11-25T17:00:00Z,Nuclear,8280.000,Elexon BMRS FUELHH
2016-11-25T17:00:00Z,Other,1902.000,Elexon BMRS FUELHH
2016-11-25T17:00:00Z,Pumped Storage,1224.000,Elexon BMRS FUELHH
2016-11-25T17:00:00Z,Wind,2705.000,Elexon BMRS FUELHH
2016-11-25T17:30:00Z,Coal,7881.000,Elexon BMRS FUELHH
2016-11-25T17:30:00Z,Gas,22966.000,Elexon BMRS FUELHH
2016-11-25T17:30:00Z,Hydro,677.000,Elexon BMRS FUELHH
2016-11-25T17:30:00Z,Imports & Exports,1050.000,Elexon BMRS FUELHH
2016-11-25T17:30:00Z,Nuclear,8274.000,Elexon BMRS FUELHH
2016-11-25T17:30:00Z,Other,1905.000,Elexon BMRS FUELHH
2016-11-25T17:30:00Z,Pumped Storage,1108.000,Elexon BMRS FUELHH
2016-11-25T17:30:00Z,Wind,2568.000,Elexon BMRS FUELHH
2016-11-25T18:00:00Z,Coal,7899.000,Elexon BMRS FUELHH
2016-11-25T18:00:00Z,Gas,22560.000,Elexon BMRS FUELHH
2016-11-25T18:00:00Z,Hydro,577.000,Elexon BMRS FUELHH
2016-11-25T18:00:00Z,Imports & Exports,1534.000,Elexon BMRS FUELHH
2016-11-25T18:00:00Z,Nuclear,8271.000,Elexon BMRS FUELHH
2016-11-25T18:00:00Z,Other,1923.000,Elexon BMRS FUELHH
2016-11-25T18:00:00Z,Pumped Storage,592.000,Elexon BMRS FUELHH
2016-11-25T18:00:00Z,Wind,2525.000,Elexon BMRS FUELHH
2016-11-25T18:30:00Z,Coal,7674.000,Elexon BMRS FUELHH
2016-11-25T18:30:00Z,Gas,22385.000,Elexon BMRS FUELHH
2016-11-25T18:30:00Z,Hydro,526.000,Elexon BMRS FUELHH
2016-11-25T18:30:00Z,Imports & Exports,1548.000,Elexon BMRS FUELHH
2016-11-25T18:30:00Z,Nuclear,8265.000,Elexon BMRS FUELHH
2016-11-25T18:30:00Z,Other,1933.000,Elexon BMRS FUELHH
2016-11-25T18:30:00Z,Pumped Storage,372.000,Elexon BMRS FUELHH
2016-11-25T18:30:00Z,Wind,2473.000,Elexon BMRS FUELHH
2016-11-25T19:00:00Z,Coal,7367.000,Elexon BMRS FUELHH
2016-11-25T19:00:00Z,Gas,22304.000,Elexon BMRS FUELHH
2016-11-25T19:00:00Z,Hydro,404.000,Elexon BMRS FUELHH
2016-11-25T19:00:00Z,Imports & Exports,1176.000,Elexon BMRS FUELHH
2016-11-25T19:00:00Z,Nuclear,8269.000,Elexon BMRS FUELHH
2016-11-25T19:00:00Z,Other,1942.000,Elexon BMRS FUELHH
2016-11-25T19:00:00Z,Pumped Storage,754.000,Elexon BMRS FUELHH
2016-11-25T19:00:00Z,Wind,2331.000,Elexon BMRS FUELHH
2016-11-25T19:30:00Z,Coal,6778.000,Elexon BMRS FUELHH
2016-11-25T19:30:00Z,Gas,21976.000,Elexon BMRS FUELHH
2016-11-25T19:30:00Z,Hydro,351.000,Elexon BMRS FUELHH
2016-11-25T19:30:00Z,Imports & Exports,1158.000,Elexon BMRS FUELHH
2016-11-25T19:30:00Z,Nuclear,8272.000,Elexon BMRS FUELHH
2016-11-25T19:30:00Z,Other,1948.000,Elexon BMRS FUELHH
2016-11-25T19:30:00Z,Pumped Storage,726.000,Elexon BMRS FUELHH
2016-11-25T19:30:00Z,Wind,2212.000,Elexon BMRS FUELHH
2016-11-25T20:00:00Z,Coal,6580.000,Elexon BMRS FUELHH
2016-11-25T20:00:00Z,Gas,22079.000,Elexon BMRS FUELHH
2016-11-25T20:00:00Z,Hydro,351.000,Elexon BMRS FUELHH
2016-11-25T20:00:00Z,Imports & Exports,562.000,Elexon BMRS FUELHH
2016-11-25T20:00:00Z,Nuclear,8271.000,Elexon BMRS FUELHH
2016-11-25T20:00:00Z,Other,1942.000,Elexon BMRS FUELHH
2016-11-25T20:00:00Z,Pumped Storage,654.000,Elexon BMRS FUELHH
2016-11-25T20:00:00Z,Wind,2015.000,Elexon BMRS FUELHH
2016-11-25T20:30:00Z,Coal,6107.000,Elexon BMRS FUELHH
2016-11-25T20:30:00Z,Gas,21469.000,Elexon BMRS FUELHH
2016-11-25T20:30:00Z,Hydro,329.000,Elexon BMRS FUELHH
2016-11-25T20:30:00Z,Imports & Exports,524.000,Elexon BMRS FUELHH
2016-11-25T20:30:00Z,Nuclear,8254.000,Elexon BMRS FUELHH
2016-11-25T20:30:00Z,Other,1954.000,Elexon BMRS FUELHH
2016-11-25T20:30:00Z,Pumped Storage,590.000,Elexon BMRS FUELHH
2016-11-25T20:30:00Z,Wind,1655.000,Elexon BMRS FUELHH
2016-11-25T21:00:00Z,Coal,5298.000,Elexon BMRS FUELHH
2016-11-25T21:00:00Z,Gas,21143.000,Elexon BMRS FUELHH
2016-11-25T21:00:00Z,Hydro,187.000,Elexon BMRS FUELHH
2016-11-25T21:00:00Z,Imports & Exports,612.000,Elexon BMRS FUELHH
2016-11-25T21:00:00Z,Nuclear,8236.000,Elexon BMRS FUELHH
2016-11-25T21:00:00Z,Other,1952.000,Elexon BMRS FUELHH
2016-11-25T21:00:00Z,Pumped Storage,480.000,Elexon BMRS FUELHH
2016-11-25T21:00:00Z,Wind,1441.000,Elexon BMRS FUELHH
2016-11-25T21:30:00Z,Coal,4601.000,Elexon BMRS FUELHH
2016-11-25T21:30:00Z,Gas,20254.000,Elexon BMRS FUELHH
2016-11-25T21:30:00Z,Hydro,176.000,Elexon BMRS FUELHH
2016-11-25T21:30:00Z,Imports & Exports,596.000,Elexon BMRS FUELHH
2016-11-25T21:30:00Z,Nuclear,8221.000,Elexon BMRS FUELHH
2016-11-25T21:30:00Z,Other,1953.000,Elexon BMRS FUELHH
2016-11-25T21:30:00Z,Pumped Storage,352.000,Elexon BMRS FUELHH
2016-11-25T21:30:00Z,Wind,1299.000,Elexon BMRS FUELHH
2016-11-25T22:00:00Z,Coal,3610.000,Elexon BMRS FUELHH
2016-11-25T22:00:00Z,Gas,19931.000,Elexon BMRS FUELHH
2016-11-25T22:00:00Z,Hydro,170.000,Elexon BMRS FUELHH
2016-11-25T22:00:00Z,Imports & Exports,160.000,Elexon BMRS FUELHH
2016-11-25T22:00:00Z,Nuclear,8209.000,Elexon BMRS FUELHH
2016-11-25T22:00:00Z,Other,1953.000,Elexon BMRS FUELHH
2016-11-25T22:00:00Z,Pumped Storage,370.000,Elexon BMRS FUELHH
2016-11-25T22:00:00Z,Wind,1136.000,Elexon BMRS FUELHH
2016-11-25T22:30:00Z,Coal,3090.000,Elexon BMRS FUELHH
2016-11-25T22:30:00Z,Gas,18816.000,Elexon BMRS FUELHH
2016-11-25T22:30:00Z,Hydro,160.000,Elexon BMRS FUELHH
2016-11-25T22:30:00Z,Imports & Exports,256.000,Elexon BMRS FUELHH
2016-11-25T22:30:00Z,Nuclear,8194.000,Elexon BMRS FUELHH
2016-11-25T22:30:00Z,Other,1927.000,Elexon BMRS FUELHH
2016-11-25T22:30:00Z,Pumped Storage,418.000,Elexon BMRS FUELHH
2016-11-25T22:30:00Z,Wind,1116.000,Elexon BMRS FUELHH
2016-11-25T23:00:00Z,Coal,2692.000,Elexon BMRS FUELHH
2016-11-25T23:00:00Z,Gas,16132.000,Elexon BMRS FUELHH
2016-11-25T23:00:00Z,Hydro,128.000,Elexon BMRS FUELHH
2016-11-25T23:00:00Z,Imports & Exports,1862.000,Elexon BMRS FUELHH
2016-11-25T23:00:00Z,Nuclear,8184.000,Elexon BMRS FUELHH
2016-11-25T23:00:00Z,Other,1947.000,Elexon BMRS FUELHH
2016-11-25T23:00:00Z,Pumped Storage,82.000,Elexon BMRS FUELHH
2016-11-25T23:00:00Z,Wind,1045.000,Elexon BMRS FUELHH
2016-11-25T23:30:00Z,Coal,2427.000,Elexon BMRS FUELHH
2016-11-25T23:30:00Z,Gas,15161.000,Elexon BMRS FUELHH
2016-11-25T23:30:00Z,Hydro,121.000,Elexon BMRS FUELHH
2016-11-25T23:30:00Z,Imports & Exports,2014.000,Elexon BMRS FUELHH
2016-11-25T23:30:00Z,Nuclear,8169.000,Elexon BMRS FUELHH
2016-11-25T23:30:00Z,Other,1954.000,Elexon BMRS FUELHH
2016-11-25T23:30:00Z,Pumped Storage,-40.000,Elexon BMRS FUELHH
2016-11-25T23:30:00Z,Wind,966.000,Elexon BMRS FUELHH
2016-11-26T00:00:00Z,Coal,2257.000,Elexon BMRS FUELHH
2016-11-26T00:00:00Z,Gas,15109.000,Elexon BMRS FUELHH
2016-11-26T00:00:00Z,Hydro,118.000,Elexon BMRS FUELHH
2016-11-26T00:00:00Z,Imports & Exports,2132.000,Elexon BMRS FUELHH
2016-11-26T00:00:00Z,Nuclear,8158.000,Elexon BMRS FUELHH
2016-11-26T00:00:00Z,Other,1955.000,Elexon BMRS FUELHH
2016-11-26T00:00:00Z,Pumped Storage,-296.000,Elexon BMRS FUELHH
2016-11-26T00:00:00Z,Wind,918.000,Elexon BMRS FUELHH
2016-11-26T00:30:00Z,Coal,2227.000,Elexon BMRS FUELHH
2016-11-26T00:30:00Z,Gas,15580.000,Elexon BMRS FUELHH
2016-11-26T00:30:00Z,Hydro,114.000,Elexon BMRS FUELHH
2016-11-26T00:30:00Z,Imports & Exports,2218.000,Elexon BMRS FUELHH
2016-11-26T00:30:00Z,Nuclear,8140.000,Elexon BMRS FUELHH
2016-11-26T00:30:00Z,Other,1956.000,Elexon BMRS FUELHH
2016-11-26T00:30:00Z,Pumped Storage,-574.000,Elexon BMRS FUELHH
2016-11-26T00:30:00Z,Wind,854.000,Elexon BMRS FUELHH
2016-11-26T01:00:00Z,Coal,2297.000,Elexon BMRS FUELHH
2016-11-26T01:00:00Z,Gas,15745.000,Elexon BMRS FUELHH
2016-11-26T01:00:00Z,Hydro,96.000,Elexon BMRS FUELHH
2016-11-26T01:00:00Z,Imports & Exports,2232.000,Elexon BMRS FUELHH
2016-11-26T01:00:00Z,Nuclear,8134.000,Elexon BMRS FUELHH
2016-11-26T01:00:00Z,Other,1955.000,Elexon BMRS FUELHH
2016-11-26T01:00:00Z,Pumped Storage,-1366.000,Elexon BMRS FUELHH
2016-11-26T01:00:00Z,Wind,857.000,Elexon BMRS FUELHH
2016-11-26T01:30:00Z,Coal,2303.000,Elexon BMRS FUELHH
2016-11-26T01:30:00Z,Gas,15406.000,Elexon BMRS FUELHH
2016-11-26T01:30:00Z,Hydro,93.000,Elexon BMRS FUELHH
2016-11-26T01:30:00Z,Imports & Exports,2288.000,Elexon BMRS FUELHH
2016-11-26T01:30:00Z,Nuclear,8114.000,Elexon BMRS FUELHH
2016-11-26T01:30:00Z,Other,1955.000,Elexon BMRS FUELHH
2016-11-26T01:30:00Z,Pumped Storage,-1896.000,Elexon BMRS FUELHH
2016-11-26T01:30:00Z,Wind,862.000,Elexon BMRS FUELHH
2016-11-26T02:00:00Z,Coal,2304.000,Elexon BMRS FUELHH
2016-11-26T02:00:00Z,Gas,15087.000,Elexon BMRS FUELHH
2016-11-26T02:00:00Z,Hydro,92.000,Elexon BMRS FUELHH
2016-11-26T02:00:00Z,Imports & Exports,2296.000,Elexon BMRS FUELHH
2016-11-26T02:00:00Z,Nuclear,8106.000,Elexon BMRS FUELHH
2016-11-26T02:00:00Z,Other,1953.000,Elexon BMRS FUELHH
2016-11-26T02:00:00Z,Pumped Storage,-2186.000,Elexon BMRS FUELHH
2016-11-26T02:00:00Z,Wind,869.000,Elexon BMRS FUELHH
2016-11-26T02:30:00Z,Coal,2296.000,Elexon BMRS FUELHH
2016-11-26T02:30:00Z,Gas,14883.000,Elexon BMRS FUELHH
2016-11-26T02:30:00Z,Hydro,92.000,Elexon BMRS FUELHH
2016-11-26T02:30:00Z,Imports & Exports,2296.000,Elexon BMRS FUELHH
2016-11-26T02:30:00Z,Nuclear,8087.000,Elexon BMRS FUELHH
2016-11-26T02:30:00Z,Other,1943.000,Elexon BMRS FUELHH
2016-11-26T02:30:00Z,Pumped Storage,-2174.000,Elexon BMRS FUELHH
2016-11-26T02:30:00Z,Wind,860.000,Elexon BMRS FUELHH
2016-11-26T03:00:00Z,Coal,2246.000,Elexon BMRS FUELHH
2016-11-26T03:00:00Z,Gas,14443.000,Elexon BMRS FUELHH
2016-11-26T03:00:00Z,Hydro,92.000,Elexon BMRS FUELHH
2016-11-26T03:00:00Z,Imports & Exports,2296.000,Elexon BMRS FUELHH
2016-11-26T03:00:00Z,Nuclear,8071.000,Elexon BMRS FUELHH
2016-11-26T03:00:00Z,Other,1946.000,Elexon BMRS FUELHH
2016-11-26T03:00:00Z,Pumped Storage,-2214.000,Elexon BMRS FUELHH
2016-11-26T03:00:00Z,Wind,852.000,Elexon BMRS FUELHH
2016-11-26T03:30:00Z,Coal,2247.000,Elexon BMRS FUELHH
2016-11-26T03:30:00Z,Gas,13807.000,Elexon BMRS FUELHH
2016-11-26T03:30:00Z,Hydro,91.000,Elexon BMRS FUELHH
2016-11-26T03:30:00Z,Imports & Exports,2296.000,Elexon BMRS FUELHH
2016-11-26T03:30:00Z,Nuclear,8051.000,Elexon BMRS FUELHH
2016-11-26T03:30:00Z,Other,1948.000,Elexon BMRS FUELHH
2016-11-26T03:30:00Z,Pumped Storage,-2210.000,Elexon BMRS FUELHH
2016-11-26T03:30:00Z,Wind,874.000,Elexon BMRS FUELHH
2016-11-26T04:00:00Z,Coal,2203.000,Elexon BMRS FUELHH
2016-11-26T04:00:00Z,Gas,13562.000,Elexon BMRS FUELHH
2016-11-26T04:00:00Z,Hydro,92.000,Elexon BMRS FUELHH
2016-11-26T04:00:00Z,Imports & Exports,2296.000,Elexon BMRS FUELHH
2016-11-26T04:00:00Z,Nuclear,8037.000,Elexon BMRS FUELHH
2016-11-26T04:00:00Z,Other,1883.000,Elexon BMRS FUELHH
2016-11-26T04:00:00Z,Pumped Storage,-2286.000,Elexon BMRS FUELHH
2016-11-26T04:00:00Z,Wind,872.000,Elexon BMRS FUELHH
2016-11-26T04:30:00Z,Coal,2202.000,Elexon BMRS FUELHH
2016-11-26T04:30:00Z,Gas,13387.000,Elexon BMRS FUELHH
2016-11-26T04:30:00Z,Hydro,92.000,Elexon BMRS FUELHH
2016-11-26T04:30:00Z,Imports & Exports,2296.000,Elexon BMRS FUELHH
2016-11-26T04:30:00Z,Nuclear,8022.000,Elexon BMRS FUELHH
2016-11-26T04:30:00Z,Other,1889.000,Elexon BMRS FUELHH
2016-11-26T04:30:00Z,Pumped Storage,-2274.000,Elexon BMRS FUELHH
2016-11-26T04:30:00Z,Wind,886.000,Elexon BMRS FUELHH
2016-11-26T05:00:00Z,Coal,2194.000,Elexon BMRS FUELHH
2016-11-26T05:00:00Z,Gas,13433.000,Elexon BMRS FUELHH
2016-11-26T05:00:00Z,Hydro,93.000,Elexon BMRS FUELHH
2016-11-26T05:00:00Z,Imports & Exports,2296.000,Elexon BMRS FUELHH
2016-11-26T05:00:00Z,Nuclear,8006.000,Elexon BMRS FUELHH
2016-11-26T05:00:00Z,Other,1940.000,Elexon BMRS FUELHH
2016-11-26T05:00:00Z,Pumped Storage,-2120.000,Elexon BMRS FUELHH
2016-11-26T05:00:00Z,Wind,941.000,Elexon BMRS FUELHH
2016-11-26T05:30:00Z,Coal,2301.000,Elexon BMRS FUELHH
2016-11-26T05:30:00Z,Gas,13817.000,Elexon BMRS FUELHH
2016-11-26T05:30:00Z,Hydro,107.000,Elexon BMRS FUELHH
2016-11-26T05:30:00Z,Imports & Exports,2294.000,Elexon BMRS FUELHH
2016-11-26T05:30:00Z,Nuclear,7991.000,Elexon BMRS FUELHH
2016-11-26T05:30:00Z,Other,1951.000,Elexon BMRS FUELHH
2016-11-26T05:30:00Z,Pumped Storage,-2104.000,Elexon BMRS FUELHH
2016-11-26T05:30:00Z,Wind,1009.000,Elexon BMRS FUELHH
2016-11-26T06:00:00Z,Coal,2298.000,Elexon BMRS FUELHH
2016-11-26T06:00:00Z,Gas,14239.000,Elexon BMRS FUELHH
2016-11-26T06:00:00Z,Hydro,107.000,Elexon BMRS FUELHH
2016-11-26T06:00:00Z,Imports & Exports,2296.000,Elexon BMRS FUELHH
2016-11-26T06:00:00Z,Nuclear,7976.000,Elexon BMRS FUELHH
2016-11-26T06:00:00Z,Other,1955.000,Elexon BMRS FUELHH
2016-11-26T06:00:00Z,Pumped Storage,-1064.000,Elexon BMRS FUELHH
2016-11-26T06:00:00Z,Wind,1042.000,Elexon BMRS FUELHH
2016-11-26T06:30:00Z,Coal,2300.000,Elexon BMRS FUELHH
2016-11-26T06:30:00Z,Gas,14642.000,Elexon BMRS FUELHH
2016-11-26T06:30:00Z,Hydro,107.000,Elexon BMRS FUELHH
2016-11-26T06:30:00Z,Imports & Exports,2296.000,Elexon BMRS FUELHH
2016-11-26T06:30:00Z,Nuclear,7960.000,Elexon BMRS FUELHH
2016-11-26T06:30:00Z,Other,1946.000,Elexon BMRS FUELHH
2016-11-26T06:30:00Z,Pumped Storage,-200.000,Elexon BMRS FUELHH
2016-11-26T06:30:00Z,Wind,1021.000,Elexon BMRS FUELHH
2016-11-26T07:00:00Z,Coal,2307.000,Elexon BMRS FUELHH
2016-11-26T07:00:00Z,Gas,16487.000,Elexon BMRS FUELHH
2016-11-26T07:00:00Z,Hydro,142.000,Elexon BMRS FUELHH
2016-11-26T07:00:00Z,Imports & Exports,2284.000,Elexon BMRS FUELHH
2016-11-26T07:00:00Z,Nuclear,7943.000,Elexon BMRS FUELHH
2016-11-26T07:00:00Z,Other,1924.000,Elexon BMRS FUELHH
2016-11-26T07:00:00Z,Pumped Storage,178.000,Elexon BMRS FUELHH
2016-11-26T07:00:00Z,Wind,942.000,Elexon BMRS FUELHH
2016-11-26T07:30:00Z,Coal,2539.000,Elexon BMRS FUELHH
2016-11-26T07:30:00Z,Gas,17361.000,Elexon BMRS FUELHH
2016-11-26T07:30:00Z,Hydro,144.000,Elexon BMRS FUELHH
2016-11-26T07:30:00Z,Imports & Exports,2254.000,Elexon BMRS FUELHH
2016-11-26T07:30:00Z,Nuclear,7933.000,Elexon BMRS FUELHH
2016-11-26T07:30:00Z,Other,1937.000,Elexon BMRS FUELHH
2016-11-26T07:30:00Z,Pumped Storage,206.000,Elexon BMRS FUELHH
2016-11-26T07:30:00Z,Wind,888.000,Elexon BMRS FUELHH
2016-11-26T08:00:00Z,Coal,2953.000,Elexon BMRS FUELHH
2016-11-26T08:00:00Z,Gas,18952.000,Elexon BMRS FUELHH
2016-11-26T08:00:00Z,Hydro,151.000,Elexon BMRS FUELHH
2016-11-26T08:00:00Z,Imports & Exports,2224.000,Elexon BMRS FUELHH
2016-11-26T08:00:00Z,Nuclear,7911.000,Elexon BMRS FUELHH
2016-11-26T08:00:00Z,Other,1952.000,Elexon BMRS FUELHH
2016-11-26T08:00:00Z,Pumped Storage,298.000,Elexon BMRS FUELHH
2016-11-26T08:00:00Z,Wind,893.000,Elexon BMRS FUELHH
2016-11-26T08:30:00Z,Coal,3369.000,Elexon BMRS FUELHH
2016-11-26T08:30:00Z,Gas,20100.000,Elexon BMRS FUELHH
2016-11-26T08:30:00Z,Hydro,174.000,Elexon BMRS FUELHH
2016-11-26T08:30:00Z,Imports & Exports,2122.000,Elexon BMRS FUELHH
2016-11-26T08:30:00Z,Nuclear,7907.000,Elexon BMRS FUELHH
2016-11-26T08:30:00Z,Other,1953.000,Elexon BMRS FUELHH
2016-11-26T08:30:00Z,Pumped Storage,444.000,Elexon BMRS FUELHH
2016-11-26T08:30:00Z,Wind,905.000,Elexon BMRS FUELHH
2016-11-26T09:00:00Z,Coal,3641.000,Elexon BMRS FUELHH
2016-11-26T09:00:00Z,Gas,20838.000,Elexon BMRS FUELHH
2016-11-26T09:00:00Z,Hydro,356.000,Elexon BMRS FUELHH
2016-11-26T09:00:00Z,Imports & Exports,2174.000,Elexon BMRS FUELHH
2016-11-26T09:00:00Z,Nuclear,7709.000,Elexon BMRS FUELHH
2016-11-26T09:00:00Z,Other,1953.000,Elexon BMRS FUELHH
2016-11-26T09:00:00Z,Pumped Storage,622.000,Elexon BMRS FUELHH
2016-11-26T09:00:00Z,Wind,916.000,Elexon BMRS FUELHH
2016-11-26T09:30:00Z,Coal,3975.000,Elexon BMRS FUELHH
2016-11-26T09:30:00Z,Gas,21015.000,Elexon BMRS FUELHH
2016-11-26T09:30:00Z,Hydro,270.000,Elexon BMRS FUELHH
2016-11-26T09:30:00Z,Imports & Exports,2140.000,Elexon BMRS FUELHH
2016-11-26T09:30:00Z,Nuclear,7705.000,Elexon BMRS FUELHH
2016-11-26T09:30:00Z,Other,1953.000,Elexon BMRS FUELHH
2016-11-26T09:30:00Z,Pumped Storage,566.000,Elexon BMRS FUELHH
2016-11-26T09:30:00Z,Wind,921.000,Elexon BMRS FUELHH
2016-11-26T10:00:00Z,Coal,4216.000,Elexon BMRS FUELHH
2016-11-26T10:00:00Z,Gas,21072.000,Elexon BMRS FUELHH
2016-11-26T10:00:00Z,Hydro,264.000,Elexon BMRS FUELHH
2016-11-26T10:00:00Z,Imports & Exports,2074.000,Elexon BMRS FUELHH
2016-11-26T10:00:00Z,Nuclear,7707.000,Elexon BMRS FUELHH
2016-11-26T10:00:00Z,Other,1953.000,Elexon BMRS FUELHH
2016-11-26T10:00:00Z,Pumped Storage,498.000,Elexon BMRS FUELHH
2016-11-26T10:00:00Z,Wind,855.000,Elexon BMRS FUELHH
2016-11-26T10:30:00Z,Coal,4412.000,Elexon BMRS FUELHH
2016-11-26T10:30:00Z,Gas,20756.000,Elexon BMRS FUELHH
2016-11-26T10:30:00Z,Hydro,262.000,Elexon BMRS FUELHH
2016-11-26T10:30:00Z,Imports & Exports,1964.000,Elexon BMRS FUELHH
2016-11-26T10:30:00Z,Nuclear,7711.000,Elexon BMRS FUELHH
2016-11-26T10:30:00Z,Other,1950.000,Elexon BMRS FUELHH
2016-11-26T10:30:00Z,Pumped Storage,482.000,Elexon BMRS FUELHH
2016-11-26T10:30:00Z,Wind,793.000,Elexon BMRS FUELHH
2016-11-26T11:00:00Z,Coal,4517.000,Elexon BMRS FUELHH
2016-11-26T11:00:00Z,Gas,20702.000,Elexon BMRS FUELHH
2016-11-26T11:00:00Z,Hydro,219.000,Elexon BMRS FUELHH
2016-11-26T11:00:00Z,Imports & Exports,1968.000,Elexon BMRS FUELHH
2016-11-26T11:00:00Z,Nuclear,7704.000,Elexon BMRS FUELHH
2016-11-26T11:00:00Z,Other,1954.000,Elexon BMRS FUELHH
2016-11-26T11:00:00Z,Pumped Storage,338.000,Elexon BMRS FUELHH
2016-11-26T11:00:00Z,Wind,754.000,Elexon BMRS FUELHH
2016-11-26T11:30:00Z,Coal,4503.000,Elexon BMRS FUELHH
2016-11-26T11:30:00Z,Gas,20665.000,Elexon BMRS FUELHH
2016-11-26T11:30:00Z,Hydro,206.000,Elexon BMRS FUELHH
2016-11-26T11:30:00Z,Imports & Exports,1938.000,Elexon BMRS FUELHH
2016-11-26T11:30:00Z,Nuclear,7699.000,Elexon BMRS FUELHH
2016-11-26T11:30:00Z,Other,1954.000,Elexon BMRS FUELHH
2016-11-26T11:30:00Z,Pumped Storage,358.000,Elexon BMRS FUELHH
2016-11-26T11:30:00Z,Wind,687.000,Elexon BMRS FUELHH
2016-11-26T12:00:00Z,Coal,4432.000,Elexon BMRS FUELHH
2016-11-26T12:00:00Z,Gas,20683.000,Elexon BMRS FUELHH
2016-11-26T12:00:00Z,Hydro,185.000,Elexon BMRS FUELHH
2016-11-26T12:00:00Z,Imports & Exports,1928.000,Elexon BMRS FUELHH
2016-11-26T12:00:00Z,Nuclear,7709.000,Elexon BMRS FUELHH
2016-11-26T12:00:00Z,Other,1953.000,Elexon BMRS FUELHH
2016-11-26T12:00:00Z,Pumped Storage,338.000,Elexon BMRS FUELHH
2016-11-26T12:00:00Z,Wind,644.000,Elexon BMRS FUELHH
2016-11-26T12:30:00Z,Coal,4274.000,Elexon BMRS FUELHH
2016-11-26T12:30:00Z,Gas,20499.000,Elexon BMRS FUELHH
2016-11-26T12:30:00Z,Hydro,146.000,Elexon BMRS FUELHH
2016-11-26T12:30:00Z,Imports & Exports,2078.000,Elexon BMRS FUELHH
2016-11-26T12:30:00Z,Nuclear,7708.000,Elexon BMRS FUELHH
2016-11-26T12:30:00Z,Other,1953.000,Elexon BMRS FUELHH
2016-11-26T12:30:00Z,Pumped Storage,334.000,Elexon BMRS FUELHH
2016-11-26T12:30:00Z,Wind,582.000,Elexon BMRS FUELHH
2016-11-26T13:00:00Z,Coal,4098.000,Elexon BMRS FUELHH
2016-11-26T13:00:00Z,Gas,20564.000,Elexon BMRS FUELHH
2016-11-26T13:00:00Z,Hydro,156.000,Elexon BMRS FUELHH
2016-11-26T13:00:00Z,Imports & Exports,2108.000,Elexon BMRS FUELHH
2016-11-26T13:00:00Z,Nuclear,7710.000,Elexon BMRS FUELHH
2016-11-26T13:00:00Z,Other,1951.000,Elexon BMRS FUELHH
2016-11-26T13:00:00Z,Pumped Storage,216.000,Elexon BMRS FUELHH
2016-11-26T13:00:00Z,Wind,557.000,Elexon BMRS FUELHH
2016-11-26T13:30:00Z,Coal,4006.000,Elexon BMRS FUELHH
2016-11-26T13:30:00Z,Gas,20528.000,Elexon BMRS FUELHH
2016-11-26T13:30:00Z,Hydro,162.000,Elexon BMRS FUELHH
2016-11-26T13:30:00Z,Imports & Exports,2154.000,Elexon BMRS FUELHH
2016-11-26T13:30:00Z,Nuclear,7701.000,Elexon BMRS FUELHH
2016-11-26T13:30:00Z,Other,1948.000,Elexon BMRS FUELHH
2016-11-26T13:30:00Z,Pumped Storage,202.000,Elexon BMRS FUELHH
2016-11-26T13:30:00Z,Wind,536.000,Elexon BMRS FUELHH
2016-11-26T14:00:00Z,Coal,4057.000,Elexon BMRS FUELHH
2016-11-26T14:00:00Z,Gas,20416.000,Elexon BMRS FUELHH
2016-11-26T14:00:00Z,Hydro,162.000,Elexon BMRS FUELHH
2016-11-26T14:00:00Z,Imports & Exports,2206.000,Elexon BMRS FUELHH
2016-11-26T14:00:00Z,Nuclear,7711.000,Elexon BMRS FUELHH
2016-11-26T14:00:00Z,Other,1944.000,Elexon BMRS FUELHH
2016-11-26T14:00:00Z,Pumped Storage,206.000,Elexon BMRS FUELHH
2016-11-26T14:00:00Z,Wind,562.000,Elexon BMRS FUELHH
2016-11-26T14:30:00Z,Coal,3911.000,Elexon BMRS FUELHH
2016-11-26T14:30:00Z,Gas,20737.000,Elexon BMRS FUELHH
2016-11-26T14:30:00Z,Hydro,206.000,Elexon BMRS FUELHH
2016-11-26T14:30:00Z,Imports & Exports,2230.000,Elexon BMRS FUELHH
2016-11-26T14:30:00Z,Nuclear,7715.000,Elexon BMRS FUELHH
2016-11-26T14:30:00Z,Other,1944.000,Elexon BMRS FUELHH
2016-11-26T14:30:00Z,Pumped Storage,198.000,Elexon BMRS FUELHH
2016-11-26T14:30:00Z,Wind,538.000,Elexon BMRS FUELHH
2016-11-26T15:00:00Z,Coal,3944.000,Elexon BMRS FUELHH
2016-11-26T15:00:00Z,Gas,21246.000,Elexon BMRS FUELHH
2016-11-26T15:00:00Z,Hydro,279.000,Elexon BMRS FUELHH
2016-11-26T15:00:00Z,Imports & Exports,2150.000,Elexon BMRS FUELHH
2016-11-26T15:00:00Z,Nuclear,7710.000,Elexon BMRS FUELHH
2016-11-26T15:00:00Z,Other,1944.000,Elexon BMRS FUELHH
2016-11-26T15:00:00Z,Pumped Storage,216.000,Elexon BMRS FUELHH
2016-11-26T15:00:00Z,Wind,547.000,Elexon BMRS FUELHH
2016-11-26T15:30:00Z,Coal,4340.000,Elexon BMRS FUELHH
2016-11-26T15:30:00Z,Gas,21561.000,Elexon BMRS FUELHH
2016-11-26T15:30:00Z,Hydro,294.000,Elexon BMRS FUELHH
2016-11-26T15:30:00Z,Imports & Exports,2082.000,Elexon BMRS FUELHH
2016-11-26T15:30:00Z,Nuclear,7714.000,Elexon BMRS FUELHH
2016-11-26T15:30:00Z,Other,1946.000,Elexon BMRS FUELHH
2016-11-26T15:30:00Z,Pumped Storage,400.000,Elexon BMRS FUELHH
2016-11-26T15:30:00Z,Wind,541.000,Elexon BMRS FUELHH
2016-11-26T16:00:00Z,Coal,5133.000,Elexon BMRS FUELHH
2016-11-26T16:00:00Z,Gas,22702.000,Elexon BMRS FUELHH
2016-11-26T16:00:00Z,Hydro,353.000,Elexon BMRS FUELHH
2016-11-26T16:00:00Z,Imports & Exports,2164.000,Elexon BMRS FUELHH
2016-11-26T16:00:00Z,Nuclear,7711.000,Elexon BMRS FUELHH
2016-11-26T16:00:00Z,Other,1946.000,Elexon BMRS FUELHH
2016-11-26T16:00:00Z,Pumped Storage,732.000,Elexon BMRS FUELHH
2016-11-26T16:00:00Z,Wind,488.000,Elexon BMRS FUELHH
2016-11-26T16:30:00Z,Coal,5807.000,Elexon BMRS FUELHH
2016-11-26T16:30:00Z,Gas,23465.000,Elexon BMRS FUELHH
2016-11-26T16:30:00Z,Hydro,627.000,Elexon BMRS FUELHH
2016-11-26T16:30:00Z,Imports & Exports,2058.000,Elexon BMRS FUELHH
2016-11-26T16:30:00Z,Nuclear,7716.000,Elexon BMRS FUELHH
2016-11-26T16:30:00Z,Other,1947.000,Elexon BMRS FUELHH
2016-11-26T16:30:00Z,Pumped Storage,1168.000,Elexon BMRS FUELHH
2016-11-26T16:30:00Z,Wind,465.000,Elexon BMRS FUELHH
2016-11-26T17:00:00Z,Coal,5916.000,Elexon BMRS FUELHH
2016-11-26T17:00:00Z,Gas,23911.000,Elexon BMRS FUELHH
2016-11-26T17:00:00Z,Hydro,759.000,Elexon BMRS FUELHH
2016-11-26T17:00:00Z,Imports & Exports,2002.000,Elexon BMRS FUELHH
2016-11-26T17:00:00Z,Nuclear,7717.000,Elexon BMRS FUELHH
2016-11-26T17:00:00Z,Other,1946.000,Elexon BMRS FUELHH
2016-11-26T17:00:00Z,Pumped Storage,1416.000,Elexon BMRS FUELHH
2016-11-26T17:00:00Z,Wind,527.000,Elexon BMRS FUELHH
2016-11-26T17:30:00Z,Coal,6013.000,Elexon BMRS FUELHH
2016-11-26T17:30:00Z,Gas,24017.000,Elexon BMRS FUELHH
2016-11-26T17:30:00Z,Hydro,642.000,Elexon BMRS FUELHH
2016-11-26T17:30:00Z,Imports & Exports,1996.000,Elexon BMRS FUELHH
2016-11-26T17:30:00Z,Nuclear,7712.000,Elexon BMRS FUELHH
2016-11-26T17:30:00Z,Other,1934.000,Elexon BMRS FUELHH
2016-11-26T17:30:00Z,Pumped Storage,1434.000,Elexon BMRS FUELHH
2016-11-26T17:30:00Z,Wind,515.000,Elexon BMRS FUELHH
2016-11-26T18:00:00Z,Coal,5880.000,Elexon BMRS FUELHH
2016-11-26T18:00:00Z,Gas,24019.000,Elexon BMRS FUELHH
2016-11-26T18:00:00Z,Hydro,490.000,Elexon BMRS FUELHH
2016-11-26T18:00:00Z,Imports & Exports,2020.000,Elexon BMRS FUELHH
2016-11-26T18:00:00Z,Nuclear,7713.000,Elexon BMRS FUELHH
2016-11-26T18:00:00Z,Other,1934.000,Elexon BMRS FUELHH
2016-11-26T18:00:00Z,Pumped Storage,1346.000,Elexon BMRS FUELHH
2016-11-26T18:00:00Z,Wind,509.000,Elexon BMRS FUELHH
2016-11-26T18:30:00Z,Coal,5729.000,Elexon BMRS FUELHH
2016-11-26T18:30:00Z,Gas,23842.000,Elexon BMRS FUELHH
2016-11-26T18:30:00Z,Hydro,435.000,Elexon BMRS FUELHH
2016-11-26T18:30:00Z,Imports & Exports,2002.000,Elexon BMRS FUELHH
2016-11-26T18:30:00Z,Nuclear,7726.000,Elexon BMRS FUELHH
2016-11-26T18:30:00Z,Other,1943.000,Elexon BMRS FUELHH
2016-11-26T18:30:00Z,Pumped Storage,968.000,Elexon BMRS FUELHH
2016-11-26T18:30:00Z,Wind,517.000,Elexon BMRS FUELHH
2016-11-26T19:00:00Z,Coal,5901.000,Elexon BMRS FUELHH
2016-11-26T19:00:00Z,Gas,23413.000,Elexon BMRS FUELHH
2016-11-26T19:00:00Z,Hydro,311.000,Elexon BMRS FUELHH
2016-11-26T19:00:00Z,Imports & Exports,1828.000,Elexon BMRS FUELHH
2016-11-26T19:00:00Z,Nuclear,7743.000,Elexon BMRS FUELHH
2016-11-26T19:00:00Z,Other,1947.000,Elexon BMRS FUELHH
2016-11-26T19:00:00Z,Pumped Storage,394.000,Elexon BMRS FUELHH
2016-11-26T19:00:00Z,Wind,563.000,Elexon BMRS FUELHH
2016-11-26T19:30:00Z,Coal,5322.000,Elexon BMRS FUELHH
2016-11-26T19:30:00Z,Gas,22750.000,Elexon BMRS FUELHH
2016-11-26T19:30:00Z,Hydro,289.000,Elexon BMRS FUELHH
2016-11-26T19:30:00Z,Imports & Exports,1704.000,Elexon BMRS FUELHH
2016-11-26T19:30:00Z,Nuclear,7767.000,Elexon BMRS FUELHH
2016-11-26T19:30:00Z,Other,1946.000,Elexon BMRS FUELHH
2016-11-26T19:30:00Z,Pumped Storage,346.000,Elexon BMRS FUELHH
2016-11-26T19:30:00Z,Wind,623.000,Elexon BMRS FUELHH
2016-11-26T20:00:00Z,Coal,4172.000,Elexon BMRS FUELHH
2016-11-26T20:00:00Z,Gas,22689.000,Elexon BMRS FUELHH
2016-11-26T20:00:00Z,Hydro,291.000,Elexon BMRS FUELHH
2016-11-26T20:00:00Z,Imports & Exports,1712.000,Elexon BMRS FUELHH
2016-11-26T20:00:00Z,Nuclear,7784.000,Elexon BMRS FUELHH
2016-11-26T20:00:00Z,Other,1947.000,Elexon BMRS FUELHH
2016-11-26T20:00:00Z,Pumped Storage,350.000,Elexon BMRS FUELHH
2016-11-26T20:00:00Z,Wind,726.000,Elexon BMRS FUELHH
2016-11-26T20:30:00Z,Coal,3427.000,Elexon BMRS FUELHH
2016-11-26T20:30:00Z,Gas,21809.000,Elexon BMRS FUELHH
2016-11-26T20:30:00Z,Hydro,279.000,Elexon BMRS FUELHH
2016-11-26T20:30:00Z,Imports & Exports,1750.000,Elexon BMRS FUELHH
2016-11-26T20:30:00Z,Nuclear,7803.000,Elexon BMRS FUELHH
2016-11-26T20:30:00Z,Other,1946.000,Elexon BMRS FUELHH
2016-11-26T20:30:00Z,Pumped Storage,354.000,Elexon BMRS FUELHH
2016-11-26T20:30:00Z,Wind,848.000,Elexon BMRS FUELHH
2016-11-26T21:00:00Z,Coal,2657.000,Elexon BMRS FUELHH
2016-11-26T21:00:00Z,Gas,21087.000,Elexon BMRS FUELHH
2016-11-26T21:00:00Z,Hydro,207.000,Elexon BMRS FUELHH
2016-11-26T21:00:00Z,Imports & Exports,1772.000,Elexon BMRS FUELHH
2016-11-26T21:00:00Z,Nuclear,7809.000,Elexon BMRS FUELHH
2016-11-26T21:00:00Z,Other,1946.000,Elexon BMRS FUELHH
2016-11-26T21:00:00Z,Pumped Storage,346.000,Elexon BMRS FUELHH
2016-11-26T21:00:00Z,Wind,893.000,Elexon BMRS FUELHH
2016-11-26T21:30:00Z,Coal,2410.000,Elexon BMRS FUELHH
2016-11-26T21:30:00Z,Gas,19789.000,Elexon BMRS FUELHH
2016-11-26T21:30:00Z,Hydro,200.000,Elexon BMRS FUELHH
2016-11-26T21:30:00Z,Imports & Exports,1836.000,Elexon BMRS FUELHH
2016-11-26T21:30:00Z,Nuclear,7813.000,Elexon BMRS FUELHH
2016-11-26T21:30:00Z,Other,1945.000,Elexon BMRS FUELHH
2016-11-26T21:30:00Z,Pumped Storage,376.000,Elexon BMRS FUELHH
2016-11-26T21:30:00Z,Wind,905.000,Elexon BMRS FUELHH
2016-11-26T22:00:00Z,Coal,2245.000,Elexon BMRS FUELHH
2016-11-26T22:00:00Z,Gas,18309.000,Elexon BMRS FUELHH
2016-11-26T22:00:00Z,Hydro,182.000,Elexon BMRS FUELHH
2016-11-26T22:00:00Z,Imports & Exports,1902.000,Elexon BMRS FUELHH
2016-11-26T22:00:00Z,Nuclear,7820.000,Elexon BMRS FUELHH
2016-11-26T22:00:00Z,Other,1942.000,Elexon BMRS FUELHH
2016-11-26T22:00:00Z,Pumped Storage,378.000,Elexon BMRS FUELHH
2016-11-26T22:00:00Z,Wind,922.000,Elexon BMRS FUELHH
2016-11-26T22:30:00Z,Coal,2245.000,Elexon BMRS FUELHH
2016-11-26T22:30:00Z,Gas,17151.000,Elexon BMRS FUELHH
2016-11-26T22:30:00Z,Hydro,163.000,Elexon BMRS FUELHH
2016-11-26T22:30:00Z,Imports & Exports,1956.000,Elexon BMRS FUELHH
2016-11-26T22:30:00Z,Nuclear,7828.000,Elexon BMRS FUELHH
2016-11-26T22:30:00Z,Other,1942.000,Elexon BMRS FUELHH
2016-11-26T22:30:00Z,Pumped Storage,414.000,Elexon BMRS FUELHH
2016-11-26T22:30:00Z,Wind,915.000,Elexon BMRS FUELHH
2016-11-26T23:00:00Z,Coal,2236.000,Elexon BMRS FUELHH
2016-11-26T23:00:00Z,Gas,15636.000,Elexon BMRS FUELHH
2016-11-26T23:00:00Z,Hydro,142.000,Elexon BMRS FUELHH
2016-11-26T23:00:00Z,Imports & Exports,2052.000,Elexon BMRS FUELHH
2016-11-26T23:00:00Z,Nuclear,7849.000,Elexon BMRS FUELHH
2016-11-26T23:00:00Z,Other,1943.000,Elexon BMRS FUELHH
2016-11-26T23:00:00Z,Pumped Storage,2.000,Elexon BMRS FUELHH
2016-11-26T23:00:00Z,Wind,1064.000,Elexon BMRS FUELHH
2016-11-26T23:30:00Z,Coal,2135.000,Elexon BMRS FUELHH
2016-11-26T23:30:00Z,Gas,14600.000,Elexon BMRS FUELHH
2016-11-26T23:30:00Z,Hydro,139.000,Elexon BMRS FUELHH
2016-11-26T23:30:00Z,Imports & Exports,1970.000,Elexon BMRS FUELHH
2016-11-26T23:30:00Z,Nuclear,7848.000,Elexon BMRS FUELHH
2016-11-26T23:30:00Z,Other,1943.000,Elexon BMRS FUELHH
2016-11-26T23:30:00Z,Pumped Storage,56.000,Elexon BMRS FUELHH
2016-11-26T23:30:00Z,Wind,1079.000,Elexon BMRS FUELHH
2016-11-27T00:00:00Z,Coal,2236.000,Elexon BMRS FUELHH
2016-11-27T00:00:00Z,Gas,14521.000,Elexon BMRS FUELHH
2016-11-27T00:00:00Z,Hydro,131.000,Elexon BMRS FUELHH
2016-11-27T00:00:00Z,Imports & Exports,2062.000,Elexon BMRS FUELHH
2016-11-27T00:00:00Z,Nuclear,7877.000,Elexon BMRS FUELHH
2016-11-27T00:00:00Z,Other,1942.000,Elexon BMRS FUELHH
2016-11-27T00:00:00Z,Pumped Storage,-592.000,Elexon BMRS FUELHH
2016-11-27T00:00:00Z,Wind,1091.000,Elexon BMRS FUELHH
2016-11-27T00:30:00Z,Coal,2232.000,Elexon BMRS FUELHH
2016-11-27T00:30:00Z,Gas,14499.000,Elexon BMRS FUELHH
2016-11-27T00:30:00Z,Hydro,128.000,Elexon BMRS FUELHH
2016-11-27T00:30:00Z,Imports & Exports,2160.000,Elexon BMRS FUELHH
2016-11-27T00:30:00Z,Nuclear,7890.000,Elexon BMRS FUELHH
2016-11-27T00:30:00Z,Other,1942.000,Elexon BMRS FUELHH
2016-11-27T00:30:00Z,Pumped Storage,-600.000,Elexon BMRS FUELHH
2016-11-27T00:30:00Z,Wind,1152.000,Elexon BMRS FUELHH
2016-11-27T01:00:00Z,Coal,2216.000,Elexon BMRS FUELHH
2016-11-27T01:00:00Z,Gas,14384.000,Elexon BMRS FUELHH
2016-11-27T01:00:00Z,Hydro,89.000,Elexon BMRS FUELHH
2016-11-27T01:00:00Z,Imports & Exports,2204.000,Elexon BMRS FUELHH
2016-11-27T01:00:00Z,Nuclear,7906.000,Elexon BMRS FUELHH
2016-11-27T01:00:00Z,Other,1940.000,Elexon BMRS FUELHH
2016-11-27T01:00:00Z,Pumped Storage,-1160.000,Elexon BMRS FUELHH
2016-11-27T01:00:00Z,Wind,1357.000,Elexon BMRS FUELHH
2016-11-27T01:30:00Z,Coal,2204.000,Elexon BMRS FUELHH
2016-11-27T01:30:00Z,Gas,13867.000,Elexon BMRS FUELHH
2016-11-27T01:30:00Z,Hydro,87.000,Elexon BMRS FUELHH
2016-11-27T01:30:00Z,Imports & Exports,2300.000,Elexon BMRS FUELHH
2016-11-27T01:30:00Z,Nuclear,7922.000,Elexon BMRS FUELHH
2016-11-27T01:30:00Z,Other,1927.000,Elexon BMRS FUELHH
2016-11-27T01:30:00Z,Pumped Storage,-1786.000,Elexon BMRS FUELHH
2016-11-27T01:30:00Z,Wind,1407.000,Elexon BMRS FUELHH
2016-11-27T02:00:00Z,Coal,2183.000,Elexon BMRS FUELHH
2016-11-27T02:00:00Z,Gas,13304.000,Elexon BMRS FUELHH
2016-11-27T02:00:00Z,Hydro,87.000,Elexon BMRS FUELHH
2016-11-27T02:00:00Z,Imports & Exports,2296.000,Elexon BMRS FUELHH
2016-11-27T02:00:00Z,Nuclear,7933.000,Elexon BMRS FUELHH
2016-11-27T02:00:00Z,Other,1941.000,Elexon BMRS FUELHH
2016-11-27T02:00:00Z,Pumped Storage,-2080.000,Elexon BMRS FUELHH
2016-11-27T02:00:00Z,Wind,1499.000,Elexon BMRS FUELHH
2016-11-27T02:30:00Z,Coal,2113.000,Elexon BMRS FUELHH
2016-11-27T02:30:00Z,Gas,12982.000,Elexon BMRS FUELHH
2016-11-27T02:30:00Z,Hydro,86.000,Elexon BMRS FUELHH
2016-11-27T02:30:00Z,Imports & Exports,2296.000,Elexon BMRS FUELHH
2016-11-27T02:30:00Z,Nuclear,7932.000,Elexon BMRS FUELHH
2016-11-27T02:30:00Z,Other,1940.000,Elexon BMRS FUELHH
2016-11-27T02:30:00Z,Pumped Storage,-2110.000,Elexon BMRS FUELHH
2016-11-27T02:30:00Z,Wind,1565.000,Elexon BMRS FUELHH
2016-11-27T03:00:00Z,Coal,1977.000,Elexon BMRS FUELHH
2016-11-27T03:00:00Z,Gas,12258.000,Elexon BMRS FUELHH
2016-11-27T03:00:00Z,Hydro,86.000,Elexon BMRS FUELHH
2016-11-27T03:00:00Z,Imports & Exports,2296.000,Elexon BMRS FUELHH
2016-11-27T03:00:00Z,Nuclear,7937.000,Elexon BMRS FUELHH
2016-11-27T03:00:00Z,Other,1942.000,Elexon BMRS FUELHH
2016-11-27T03:00:00Z,Pumped Storage,-2108.000,Elexon BMRS FUELHH
2016-11-27T03:00:00Z,Wind,1701.000,Elexon BMRS FUELHH
2016-11-27T03:30:00Z,Coal,1968.000,Elexon BMRS FUELHH
2016-11-27T03:30:00Z,Gas,11763.000,Elexon BMRS FUELHH
2016-11-27T03:30:00Z,Hydro,86.000,Elexon BMRS FUELHH
2016-11-27T03:30:00Z,Imports & Exports,2212.000,Elexon BMRS FUELHH
2016-11-27T03:30:00Z,Nuclear,7966.000,Elexon BMRS FUELHH
2016-11-27T03:30:00Z,Other,1944.000,Elexon BMRS FUELHH
2016-11-27T03:30:00Z,Pumped Storage,-2348.000,Elexon BMRS FUELHH
2016-11-27T03:30:00Z,Wind,1894.000,Elexon BMRS FUELHH
2016-11-27T04:00:00Z,Coal,2005.000,Elexon BMRS FUELHH
2016-11-27T04:00:00Z,Gas,11300.000,Elexon BMRS FUELHH
2016-11-27T04:00:00Z,Hydro,87.000,Elexon BMRS FUELHH
2016-11-27T04:00:00Z,Imports & Exports,2062.000,Elexon BMRS FUELHH
2016-11-27T04:00:00Z,Nuclear,7995.000,Elexon BMRS FUELHH
2016-11-27T04:00:00Z,Other,1944.000,Elexon BMRS FUELHH
2016-11-27T04:00:00Z,Pumped Storage,-2240.000,Elexon BMRS FUELHH
2016-11-27T04:00:00Z,Wind,1953.000,Elexon BMRS FUELHH
2016-11-27T04:30:00Z,Coal,1955.000,Elexon BMRS FUELHH
2016-11-27T04:30:00Z,Gas,11270.000,Elexon BMRS FUELHH
2016-11-27T04:30:00Z,Hydro,85.000,Elexon BMRS FUELHH
2016-11-27T04:30:00Z,Imports & Exports,2064.000,Elexon BMRS FUELHH
2016-11-27T04:30:00Z,Nuclear,7997.000,Elexon BMRS FUELHH
2016-11-27T04:30:00Z,Other,1943.000,Elexon BMRS FUELHH
2016-11-27T04:30:00Z,Pumped Storage,-2440.000,Elexon BMRS FUELHH
2016-11-27T04:30:00Z,Wind,2004.000,Elexon BMRS FUELHH
2016-11-27T05:00:00Z,Coal,1956.000,Elexon BMRS FUELHH
2016-11-27T05:00:00Z,Gas,11258.000,Elexon BMRS FUELHH
2016-11-27T05:00:00Z,Hydro,85.000,Elexon BMRS FUELHH
2016-11-27T05:00:00Z,Imports & Exports,1910.000,Elexon BMRS FUELHH
2016-11-27T05:00:00Z,Nuclear,8010.000,Elexon BMRS FUELHH
2016-11-27T05:00:00Z,Other,1943.000,Elexon BMRS FUELHH
2016-11-27T05:00:00Z,Pumped Storage,-2442.000,Elexon BMRS FUELHH
2016-11-27T05:00:00Z,Wind,2125.000,Elexon BMRS FUELHH
2016-11-27T05:30:00Z,Coal,1922.000,Elexon BMRS FUELHH
2016-11-27T05:30:00Z,Gas,11083.000,Elexon BMRS FUELHH
2016-11-27T05:30:00Z,Hydro,85.000,Elexon BMRS FUELHH
2016-11-27T05:30:00Z,Imports & Exports,1934.000,Elexon BMRS FUELHH
2016-11-27T05:30:00Z,Nuclear,8005.000,Elexon BMRS FUELHH
2016-11-27T05:30:00Z,Other,1944.000,Elexon BMRS FUELHH
2016-11-27T05:30:00Z,Pumped Storage,-2434.000,Elexon BMRS FUELHH
2016-11-27T05:30:00Z,Wind,2391.000,Elexon BMRS FUELHH
2016-11-27T06:00:00Z,Coal,1892.000,Elexon BMRS FUELHH
2016-11-27T06:00:00Z,Gas,11277.000,Elexon BMRS FUELHH
2016-11-27T06:00:00Z,Hydro,85.000,Elexon BMRS FUELHH
2016-11-27T06:00:00Z,Imports & Exports,2246.000,Elexon BMRS FUELHH
2016-11-27T06:00:00Z,Nuclear,8004.000,Elexon BMRS FUELHH
2016-11-27T06:00:00Z,Other,1943.000,Elexon BMRS FUELHH
2016-11-27T06:00:00Z,Pumped Storage,-2412.000,Elexon BMRS FUELHH
2016-11-27T06:00:00Z,Wind,2508.000,Elexon BMRS FUELHH
2016-11-27T06:30:00Z,Coal,1907.000,Elexon BMRS FUELHH
2016-11-27T06:30:00Z,Gas,11627.000,Elexon BMRS FUELHH
2016-11-27T06:30:00Z,Hydro,104.000,Elexon BMRS FUELHH
2016-11-27T06:30:00Z,Imports & Exports,2296.000,Elexon BMRS FUELHH
2016-11-27T06:30:00Z,Nuclear,8003.000,Elexon BMRS FUELHH
2016-11-27T06:30:00Z,Other,1943.000,Elexon BMRS FUELHH
2016-11-27T06:30:00Z,Pumped Storage,-2154.000,Elexon BMRS FUELHH
2016-11-27T06:30:00Z,Wind,2546.000,Elexon BMRS FUELHH
2016-11-27T07:00:00Z,Coal,1890.000,Elexon BMRS FUELHH
2016-11-27T07:00:00Z,Gas,11511.000,Elexon BMRS FUELHH
2016-11-27T07:00:00Z,Hydro,164.000,Elexon BMRS FUELHH
2016-11-27T07:00:00Z,Imports & Exports,2288.000,Elexon BMRS FUELHH
2016-11-27T07:00:00Z,Nuclear,7997.000,Elexon BMRS FUELHH
2016-11-27T07:00:00Z,Other,1940.000,Elexon BMRS FUELHH
2016-11-27T07:00:00Z,Pumped Storage,-696.000,Elexon BMRS FUELHH
2016-11-27T07:00:00Z,Wind,2460.000,Elexon BMRS FUELHH
2016-11-27T07:30:00Z,Coal,1936.000,Elexon BMRS FUELHH
2016-11-27T07:30:00Z,Gas,11840.000,Elexon BMRS FUELHH
2016-11-27T07:30:00Z,Hydro,183.000,Elexon BMRS FUELHH
2016-11-27T07:30:00Z,Imports & Exports,2294.000,Elexon BMRS FUELHH
2016-11-27T07:30:00Z,Nuclear,8001.000,Elexon BMRS FUELHH
2016-11-27T07:30:00Z,Other,1943.000,Elexon BMRS FUELHH
2016-11-27T07:30:00Z,Pumped Storage,-196.000,Elexon BMRS FUELHH
2016-11-27T07:30:00Z,Wind,2270.000,Elexon BMRS FUELHH
2016-11-27T08:00:00Z,Coal,1968.000,Elexon BMRS FUELHH
2016-11-27T08:00:00Z,Gas,13329.000,Elexon BMRS FUELHH
2016-11-27T08:00:00Z,Hydro,239.000,Elexon BMRS FUELHH
2016-11-27T08:00:00Z,Imports & Exports,2296.000,Elexon BMRS FUELHH
2016-11-27T08:00:00Z,Nuclear,8004.000,Elexon BMRS FUELHH
2016-11-27T08:00:00Z,Other,1943.000,Elexon BMRS FUELHH
2016-11-27T08:00:00Z,Pumped Storage,100.000,Elexon BMRS FUELHH
2016-11-27T08:00:00Z,Wind,2167.000,Elexon BMRS FUELHH
2016-11-27T08:30:00Z,Coal,2049.000,Elexon BMRS FUELHH
2016-11-27T08:30:00Z,Gas,14933.000,Elexon BMRS FUELHH
2016-11-27T08:30:00Z,Hydro,254.000,Elexon BMRS FUELHH
2016-11-27T08:30:00Z,Imports & Exports,2296.000,Elexon BMRS FUELHH
2016-11-27T08:30:00Z,Nuclear,8007.000,Elexon BMRS FUELHH
2016-11-27T08:30:00Z,Other,1943.000,Elexon BMRS FUELHH
2016-11-27T08:30:00Z,Pumped Storage,202.000,Elexon BMRS FUELHH
2016-11-27T08:30:00Z,Wind,2258.000,Elexon BMRS FUELHH
2016-11-27T09:00:00Z,Coal,2160.000,Elexon BMRS FUELHH
2016-11-27T09:00:00Z,Gas,16629.000,Elexon BMRS FUELHH
2016-11-27T09:00:00Z,Hydro,258.000,Elexon BMRS FUELHH
2016-11-27T09:00:00Z,Imports & Exports,2250.000,Elexon BMRS FUELHH
2016-11-27T09:00:00Z,Nuclear,8004.000,Elexon BMRS FUELHH
2016-11-27T09:00:00Z,Other,1943.000,Elexon BMRS FUELHH
2016-11-27T09:00:00Z,Pumped Storage,390.000,Elexon BMRS FUELHH
2016-11-27T09:00:00Z,Wind,2056.000,Elexon BMRS FUELHH
2016-11-27T09:30:00Z,Coal,2202.000,Elexon BMRS FUELHH
2016-11-27T09:30:00Z,Gas,18010.000,Elexon BMRS FUELHH
2016-11-27T09:30:00Z,Hydro,256.000,Elexon BMRS FUELHH
2016-11-27T09:30:00Z,Imports & Exports,2084.000,Elexon BMRS FUELHH
2016-11-27T09:30:00Z,Nuclear,8008.000,Elexon BMRS FUELHH
2016-11-27T09:30:00Z,Other,1942.000,Elexon BMRS FUELHH
2016-11-27T09:30:00Z,Pumped Storage,342.000,Elexon BMRS FUELHH
2016-11-27T09:30:00Z,Wind,2055.000,Elexon BMRS FUELHH
2016-11-27T10:00:00Z,Coal,2392.000,Elexon BMRS FUELHH
2016-11-27T10:00:00Z,Gas,18530.000,Elexon BMRS FUELHH
2016-11-27T10:00:00Z,Hydro,316.000,Elexon BMRS FUELHH
2016-11-27T10:00:00Z,Imports & Exports,1934.000,Elexon BMRS FUELHH
2016-11-27T10:00:00Z,Nuclear,8008.000,Elexon BMRS FUELHH
2016-11-27T10:00:00Z,Other,1943.000,Elexon BMRS FUELHH
2016-11-27T10:00:00Z,Pumped Storage,336.000,Elexon BMRS FUELHH
2016-11-27T10:00:00Z,Wind,2183.000,Elexon BMRS FUELHH
2016-11-27T10:30:00Z,Coal,2505.000,Elexon BMRS FUELHH
2016-11-27T10:30:00Z,Gas,18630.000,Elexon BMRS FUELHH
2016-11-27T10:30:00Z,Hydro,304.000,Elexon BMRS FUELHH
2016-11-27T10:30:00Z,Imports & Exports,1904.000,Elexon BMRS FUELHH
2016-11-27T10:30:00Z,Nuclear,8012.000,Elexon BMRS FUELHH
2016-11-27T10:30:00Z,Other,1943.000,Elexon BMRS FUELHH
2016-11-27T10:30:00Z,Pumped Storage,336.000,Elexon BMRS FUELHH
2016-11-27T10:30:00Z,Wind,2256.000,Elexon BMRS FUELHH
2016-11-27T11:00:00Z,Coal,2509.000,Elexon BMRS FUELHH
2016-11-27T11:00:00Z,Gas,19171.000,Elexon BMRS FUELHH
2016-11-27T11:00:00Z,Hydro,232.000,Elexon BMRS FUELHH
2016-11-27T11:00:00Z,Imports & Exports,2076.000,Elexon BMRS FUELHH
2016-11-27T11:00:00Z,Nuclear,8008.000,Elexon BMRS FUELHH
2016-11-27T11:00:00Z,Other,1942.000,Elexon BMRS FUELHH
2016-11-27T11:00:00Z,Pumped Storage,496.000,Elexon BMRS FUELHH
2016-11-27T11:00:00Z,Wind,1943.000,Elexon BMRS FUELHH
2016-11-27T11:30:00Z,Coal,2475.000,Elexon BMRS FUELHH
2016-11-27T11:30:00Z,Gas,19724.000,Elexon BMRS FUELHH
2016-11-27T11:30:00Z,Hydro,233.000,Elexon BMRS FUELHH
2016-11-27T11:30:00Z,Imports & Exports,2254.000,Elexon BMRS FUELHH
2016-11-27T11:30:00Z,Nuclear,8018.000,Elexon BMRS FUELHH
2016-11-27T11:30:00Z,Other,1943.000,Elexon BMRS FUELHH
2016-11-27T11:30:00Z,Pumped Storage,482.000,Elexon BMRS FUELHH
2016-11-27T11:30:00Z,Wind,1739.000,Elexon BMRS FUELHH
2016-11-27T12:00:00Z,Coal,2442.000,Elexon BMRS FUELHH
2016-11-27T12:00:00Z,Gas,20328.000,Elexon BMRS FUELHH
2016-11-27T12:00:00Z,Hydro,204.000,Elexon BMRS FUELHH
2016-11-27T12:00:00Z,Imports & Exports,2250.000,Elexon BMRS FUELHH
2016-11-27T12:00:00Z,Nuclear,8068.000,Elexon BMRS FUELHH
2016-11-27T12:00:00Z,Other,1943.000,Elexon BMRS FUELHH
2016-11-27T12:00:00Z,Pumped Storage,384.000,Elexon BMRS FUELHH
2016-11-27T12:00:00Z,Wind,1810.000,Elexon BMRS FUELHH
2016-11-27T12:30:00Z,Coal,2607.000,Elexon BMRS FUELHH
2016-11-27T12:30:00Z,Gas,20824.000,Elexon BMRS FUELHH
2016-11-27T12:30:00Z,Hydro,204.000,Elexon BMRS FUELHH
2016-11-27T12:30:00Z,Imports & Exports,2198.000,Elexon BMRS FUELHH
2016-11-27T12:30:00Z,Nuclear,8105.000,Elexon BMRS FUELHH
2016-11-27T12:30:00Z,Other,1941.000,Elexon BMRS FUELHH
2016-11-27T12:30:00Z,Pumped Storage,496.000,Elexon BMRS FUELHH
2016-11-27T12:30:00Z,Wind,1562.000,Elexon BMRS FUELHH
2016-11-27T13:00:00Z,Coal,2650.000,Elexon BMRS FUELHH
2016-11-27T13:00:00Z,Gas,21224.000,Elexon BMRS FUELHH
2016-11-27T13:00:00Z,Hydro,214.000,Elexon BMRS FUELHH
2016-11-27T13:00:00Z,Imports & Exports,2120.000,Elexon BMRS FUELHH
2016-11-27T13:00:00Z,Nuclear,8155.000,Elexon BMRS FUELHH
2016-11-27T13:00:00Z,Other,1940.000,Elexon BMRS FUELHH
2016-11-27T13:00:00Z,Pumped Storage,292.000,Elexon BMRS FUELHH
2016-11-27T13:00:00Z,Wind,1362.000,Elexon BMRS FUELHH
2016-11-27T13:30:00Z,Coal,2628.000,Elexon BMRS FUELHH
2016-11-27T13:30:00Z,Gas,21447.000,Elexon BMRS FUELHH
2016-11-27T13:30:00Z,Hydro,216.000,Elexon BMRS FUELHH
2016-11-27T13:30:00Z,Imports & Exports,2102.000,Elexon BMRS FUELHH
2016-11-27T13:30:00Z,Nuclear,8168.000,Elexon BMRS FUELHH
2016-11-27T13:30:00Z,Other,1940.000,Elexon BMRS FUELHH
2016-11-27T13:30:00Z,Pumped Storage,180.000,Elexon BMRS FUELHH
2016-11-27T13:30:00Z,Wind,1311.000,Elexon BMRS FUELHH
2016-11-27T14:00:00Z,Coal,2795.000,Elexon BMRS FUELHH
2016-11-27T14:00:00Z,Gas,21147.000,Elexon BMRS FUELHH
2016-11-27T14:00:00Z,Hydro,216.000,Elexon BMRS FUELHH
2016-11-27T14:00:00Z,Imports & Exports,2188.000,Elexon BMRS FUELHH
2016-11-27T14:00:00Z,Nuclear,8190.000,Elexon BMRS FUELHH
2016-11-27T14:00:00Z,Other,1940.000,Elexon BMRS FUELHH
2016-11-27T14:00:00Z,Pumped Storage,184.000,Elexon BMRS FUELHH
2016-11-27T14:00:00Z,Wind,1510.000,Elexon BMRS FUELHH
2016-11-27T14:30:00Z,Coal,3221.000,Elexon BMRS FUELHH
2016-11-27T14:30:00Z,Gas,20613.000,Elexon BMRS FUELHH
2016-11-27T14:30:00Z,Hydro,227.000,Elexon BMRS FUELHH
2016-11-27T14:30:00Z,Imports & Exports,2220.000,Elexon BMRS FUELHH
2016-11-27T14:30:00Z,Nuclear,8189.000,Elexon BMRS FUELHH
2016-11-27T14:30:00Z,Other,1935.000,Elexon BMRS FUELHH
2016-11-27T14:30:00Z,Pumped Storage,302.000,Elexon BMRS FUELHH
2016-11-27T14:30:00Z,Wind,1619.000,Elexon BMRS FUELHH
2016-11-27T15:00:00Z,Coal,3634.000,Elexon BMRS FUELHH
2016-11-27T15:00:00Z,Gas,21043.000,Elexon BMRS FUELHH
2016-11-27T15:00:00Z,Hydro,321.000,Elexon BMRS FUELHH
2016-11-27T15:00:00Z,Imports & Exports,2204.000,Elexon BMRS FUELHH
2016-11-27T15:00:00Z,Nuclear,8187.000,Elexon BMRS FUELHH
2016-11-27T15:00:00Z,Other,1918.000,Elexon BMRS FUELHH
2016-11-27T15:00:00Z,Pumped Storage,364.000,Elexon BMRS FUELHH
2016-11-27T15:00:00Z,Wind,1551.000,Elexon BMRS FUELHH
2016-11-27T15:30:00Z,Coal,4230.000,Elexon BMRS FUELHH
2016-11-27T15:30:00Z,Gas,21112.000,Elexon BMRS FUELHH
2016-11-27T15:30:00Z,Hydro,337.000,Elexon BMRS FUELHH
2016-11-27T15:30:00Z,Imports & Exports,2160.000,Elexon BMRS FUELHH
2016-11-27T15:30:00Z,Nuclear,8189.000,Elexon BMRS FUELHH
2016-11-27T15:30:00Z,Other,1913.000,Elexon BMRS FUELHH
2016-11-27T15:30:00Z,Pumped Storage,638.000,Elexon BMRS FUELHH
2016-11-27T15:30:00Z,Wind,1869.000,Elexon BMRS FUELHH
2016-11-27T16:00:00Z,Coal,5051.000,Elexon BMRS FUELHH
2016-11-27T16:00:00Z,Gas,22090.000,Elexon BMRS FUELHH
2016-11-27T16:00:00Z,Hydro,415.000,Elexon BMRS FUELHH
2016-11-27T16:00:00Z,Imports & Exports,2270.000,Elexon BMRS FUELHH
2016-11-27T16:00:00Z,Nuclear,8185.000,Elexon BMRS FUELHH
2016-11-27T16:00:00Z,Other,1948.000,Elexon BMRS FUELHH
2016-11-27T16:00:00Z,Pumped Storage,494.000,Elexon BMRS FUELHH
2016-11-27T16:00:00Z,Wind,1882.000,Elexon BMRS FUELHH
2016-11-27T16:30:00Z,Coal,5564.000,Elexon BMRS FUELHH
2016-11-27T16:30:00Z,Gas,22808.000,Elexon BMRS FUELHH
2016-11-27T16:30:00Z,Hydro,476.000,Elexon BMRS FUELHH
2016-11-27T16:30:00Z,Imports & Exports,2298.000,Elexon BMRS FUELHH
2016-11-27T16:30:00Z,Nuclear,8215.000,Elexon BMRS FUELHH
2016-11-27T16:30:00Z,Other,1998.000,Elexon BMRS FUELHH
2016-11-27T16:30:00Z,Pumped Storage,630.000,Elexon BMRS FUELHH
2016-11-27T16:30:00Z,Wind,1979.000,Elexon BMRS FUELHH
2016-11-27T17:00:00Z,Coal,5308.000,Elexon BMRS FUELHH
2016-11-27T17:00:00Z,Gas,23026.000,Elexon BMRS FUELHH
2016-11-27T17:00:00Z,Hydro,605.000,Elexon BMRS FUELHH
2016-11-27T17:00:00Z,Imports & Exports,2218.000,Elexon BMRS FUELHH
2016-11-27T17:00:00Z,Nuclear,8234.000,Elexon BMRS FUELHH
2016-11-27T17:00:00Z,Other,1953.000,Elexon BMRS FUELHH
2016-11-27T17:00:00Z,Pumped Storage,988.000,Elexon BMRS FUELHH
2016-11-27T17:00:00Z,Wind,2070.000,Elexon BMRS FUELHH
2016-11-27T17:30:00Z,Coal,4896.000,Elexon BMRS FUELHH
2016-11-27T17:30:00Z,Gas,22991.000,Elexon BMRS FUELHH
2016-11-27T17:30:00Z,Hydro,595.000,Elexon BMRS FUELHH
2016-11-27T17:30:00Z,Imports & Exports,2080.000,Elexon BMRS FUELHH
2016-11-27T17:30:00Z,Nuclear,8228.000,Elexon BMRS FUELHH
2016-11-27T17:30:00Z,Other,1915.000,Elexon BMRS FUELHH
2016-11-27T17:30:00Z,Pumped Storage,1496.000,Elexon BMRS FUELHH
2016-11-27T17:30:00Z,Wind,1908.000,Elexon BMRS FUELHH
2016-11-27T18:00:00Z,Coal,4950.000,Elexon BMRS FUELHH
2016-11-27T18:00:00Z,Gas,22818.000,Elexon BMRS FUELHH
2016-11-27T18:00:00Z,Hydro,615.000,Elexon BMRS FUELHH
2016-11-27T18:00:00Z,Imports & Exports,2046.000,Elexon BMRS FUELHH
2016-11-27T18:00:00Z,Nuclear,8240.000,Elexon BMRS FUELHH
2016-11-27T18:00:00Z,Other,1870.000,Elexon BMRS FUELHH
2016-11-27T18:00:00Z,Pumped Storage,922.000,Elexon BMRS FUELHH
2016-11-27T18:00:00Z,Wind,2045.000,Elexon BMRS FUELHH
2016-11-27T18:30:00Z,Coal,4949.000,Elexon BMRS FUELHH
2016-11-27T18:30:00Z,Gas,22774.000,Elexon BMRS FUELHH
2016-11-27T18:30:00Z,Hydro,468.000,Elexon BMRS FUELHH
2016-11-27T18:30:00Z,Imports & Exports,2038.000,Elexon BMRS FUELHH
2016-11-27T18:30:00Z,Nuclear,8247.000,Elexon BMRS FUELHH
2016-11-27T18:30:00Z,Other,1936.000,Elexon BMRS FUELHH
2016-11-27T18:30:00Z,Pumped Storage,392.000,Elexon BMRS FUELHH
2016-11-27T18:30:00Z,Wind,2112.000,Elexon BMRS FUELHH
2016-11-27T19:00:00Z,Coal,4601.000,Elexon BMRS FUELHH
2016-11-27T19:00:00Z,Gas,22324.000,Elexon BMRS FUELHH
2016-11-27T19:00:00Z,Hydro,345.000,Elexon BMRS FUELHH
2016-11-27T19:00:00Z,Imports & Exports,2008.000,Elexon BMRS FUELHH
2016-11-27T19:00:00Z,Nuclear,8255.000,Elexon BMRS FUELHH
2016-11-27T19:00:00Z,Other,1944.000,Elexon BMRS FUELHH
2016-11-27T19:00:00Z,Pumped Storage,330.000,Elexon BMRS FUELHH
2016-11-27T19:00:00Z,Wind,2275.000,Elexon BMRS FUELHH
2016-11-27T19:30:00Z,Coal,3853.000,Elexon BMRS FUELHH
2016-11-27T19:30:00Z,Gas,21221.000,Elexon BMRS FUELHH
2016-11-27T19:30:00Z,Hydro,325.000,Elexon BMRS FUELHH
2016-11-27T19:30:00Z,Imports & Exports,2060.000,Elexon BMRS FUELHH
2016-11-27T19:30:00Z,Nuclear,8255.000,Elexon BMRS FUELHH
2016-11-27T19:30:00Z,Other,1944.000,Elexon BMRS FUELHH
2016-11-27T19:30:00Z,Pumped Storage,332.000,Elexon BMRS FUELHH
2016-11-27T19:30:00Z,Wind,2559.000,Elexon BMRS FUELHH
2016-11-27T20:00:00Z,Coal,3423.000,Elexon BMRS FUELHH
2016-11-27T20:00:00Z,Gas,20623.000,Elexon BMRS FUELHH
2016-11-27T20:00:00Z,Hydro,305.000,Elexon BMRS FUELHH
2016-11-27T20:00:00Z,Imports & Exports,2188.000,Elexon BMRS FUELHH
2016-11-27T20:00:00Z,Nuclear,8247.000,Elexon BMRS FUELHH
2016-11-27T20:00:00Z,Other,1944.000,Elexon BMRS FUELHH
2016-11-27T20:00:00Z,Pumped Storage,404.000,Elexon BMRS FUELHH
2016-11-27T20:00:00Z,Wind,2575.000,Elexon BMRS FUELHH
2016-11-27T20:30:00Z,Coal,3254.000,Elexon BMRS FUELHH
2016-11-27T20:30:00Z,Gas,19413.000,Elexon BMRS FUELHH
2016-11-27T20:30:00Z,Hydro,291.000,Elexon BMRS FUELHH
2016-11-27T20:30:00Z,Imports & Exports,2102.000,Elexon BMRS FUELHH
2016-11-27T20:30:00Z,Nuclear,8239.000,Elexon BMRS FUELHH
2016-11-27T20:30:00Z,Other,1943.000,Elexon BMRS FUELHH
2016-11-27T20:30:00Z,Pumped Storage,388.000,Elexon BMRS FUELHH
2016-11-27T20:30:00Z,Wind,2530.000,Elexon BMRS FUELHH
2016-11-27T21:00:00Z,Coal,3288.000,Elexon BMRS FUELHH
2016-11-27T21:00:00Z,Gas,17938.000,Elexon BMRS FUELHH
2016-11-27T21:00:00Z,Hydro,163.000,Elexon BMRS FUELHH
2016-11-27T21:00:00Z,Imports & Exports,2128.000,Elexon BMRS FUELHH
2016-11-27T21:00:00Z,Nuclear,8246.000,Elexon BMRS FUELHH
2016-11-27T21:00:00Z,Other,1943.000,Elexon BMRS FUELHH
2016-11-27T21:00:00Z,Pumped Storage,586.000,Elexon BMRS FUELHH
2016-11-27T21:00:00Z,Wind,2477.000,Elexon BMRS FUELHH
2016-11-27T21:30:00Z,Coal,2940.000,Elexon BMRS FUELHH
2016-11-27T21:30:00Z,Gas,16531.000,Elexon BMRS FUELHH
2016-11-27T21:30:00Z,Hydro,163.000,Elexon BMRS FUELHH
2016-11-27T21:30:00Z,Imports & Exports,2156.000,Elexon BMRS FUELHH
2016-11-27T21:30:00Z,Nuclear,8243.000,Elexon BMRS FUELHH
2016-11-27T21:30:00Z,Other,1944.000,Elexon BMRS FUELHH
2016-11-27T21:30:00Z,Pumped Storage,432.000,Elexon BMRS FUELHH
2016-11-27T21:30:00Z,Wind,2305.000,Elexon BMRS FUELHH
2016-11-27T22:00:00Z,Coal,2784.000,Elexon BMRS FUELHH
2016-11-27T22:00:00Z,Gas,14938.000,Elexon BMRS FUELHH
2016-11-27T22:00:00Z,Hydro,161.000,Elexon BMRS FUELHH
2016-11-27T22:00:00Z,Imports & Exports,2226.000,Elexon BMRS FUELHH
2016-11-27T22:00:00Z,Nuclear,8239.000,Elexon BMRS FUELHH
2016-11-27T22:00:00Z,Other,1944.000,Elexon BMRS FUELHH
2016-11-27T22:00:00Z,Pumped Storage,354.000,Elexon BMRS FUELHH
2016-11-27T22:00:00Z,Wind,2375.000,Elexon BMRS FUELHH
2016-11-27T22:30:00Z,Coal,2545.000,Elexon BMRS FUELHH
2016-11-27T22:30:00Z,Gas,13521.000,Elexon BMRS FUELHH
2016-11-27T22:30:00Z,Hydro,156.000,Elexon BMRS FUELHH
2016-11-27T22:30:00Z,Imports & Exports,2256.000,Elexon BMRS FUELHH
2016-11-27T22:30:00Z,Nuclear,8252.000,Elexon BMRS FUELHH
2016-11-27T22:30:00Z,Other,1943.000,Elexon BMRS FUELHH
2016-11-27T22:30:00Z,Pumped Storage,270.000,Elexon BMRS FUELHH
2016-11-27T22:30:00Z,Wind,2400.000,Elexon BMRS FUELHH
2016-11-27T23:00:00Z,Coal,2273.000,Elexon BMRS FUELHH
2016-11-27T23:00:00Z,Gas,12370.000,Elexon BMRS FUELHH
2016-11-27T23:00:00Z,Hydro,112.000,Elexon BMRS FUELHH
2016-11-27T23:00:00Z,Imports & Exports,2296.000,Elexon BMRS FUELHH
2016-11-27T23:00:00Z,Nuclear,8257.000,Elexon BMRS FUELHH
2016-11-27T23:00:00Z,Other,1944.000,Elexon BMRS FUELHH
2016-11-27T23:00:00Z,Pumped Storage,-18.000,Elexon BMRS FUELHH
2016-11-27T23:00:00Z,Wind,2300.000,Elexon BMRS FUELHH
2016-11-27T23:30:00Z,Coal,2255.000,Elexon BMRS FUELHH
2016-11-27T23:30:00Z,Gas,11791.000,Elexon BMRS FUELHH
2016-11-27T23:30:00Z,Hydro,100.000,Elexon BMRS FUELHH
2016-11-27T23:30:00Z,Imports & Exports,2296.000,Elexon BMRS FUELHH
2016-11-27T23:30:00Z,Nuclear,8259.000,Elexon BMRS FUELHH
2016-11-27T23:30:00Z,Other,1944.000,Elexon BMRS FUELHH
2016-11-27T23:30:00Z,Pumped Storage,-596.000,Elexon BMRS FUELHH
2016-11-27T23:30:00Z,Wind,2126.000,Elexon BMRS FUELHH
2016-11-28T00:00:00Z,Coal,2177.000,Elexon BMRS FUELHH
2016-11-28T00:00:00Z,Gas,12105.000,Elexon BMRS FUELHH
2016-11-28T00:00:00Z,Hydro,98.000,Elexon BMRS FUELHH
2016-11-28T00:00:00Z,Imports & Exports,2296.000,Elexon BMRS FUELHH
2016-11-28T00:00:00Z,Nuclear,8261.000,Elexon BMRS FUELHH
2016-11-28T00:00:00Z,Other,1943.000,Elexon BMRS FUELHH
2016-11-28T00:00:00Z,Pumped Storage,-860.000,Elexon BMRS FUELHH
2016-11-28T00:00:00Z,Wind,1971.000,Elexon BMRS FUELHH
2016-11-28T00:30:00Z,Coal,2257.000,Elexon BMRS FUELHH
2016-11-28T00:30:00Z,Gas,12576.000,Elexon BMRS FUELHH
2016-11-28T00:30:00Z,Hydro,95.000,Elexon BMRS FUELHH
2016-11-28T00:30:00Z,Imports & Exports,2296.000,Elexon BMRS FUELHH
2016-11-28T00:30:00Z,Nuclear,8262.000,Elexon BMRS FUELHH
2016-11-28T00:30:00Z,Other,1948.000,Elexon BMRS FUELHH
2016-11-28T00:30:00Z,Pumped Storage,-884.000,Elexon BMRS FUELHH
2016-11-28T00:30:00Z,Wind,1870.000,Elexon BMRS FUELHH
2016-11-28T01:00:00Z,Coal,2229.000,Elexon BMRS FUELHH
2016-11-28T01:00:00Z,Gas,12986.000,Elexon BMRS FUELHH
2016-11-28T01:00:00Z,Hydro,76.000,Elexon BMRS FUELHH
2016-11-28T01:00:00Z,Imports & Exports,2296.000,Elexon BMRS FUELHH
2016-11-28T01:00:00Z,Nuclear,8265.000,Elexon BMRS FUELHH
2016-11-28T01:00:00Z,Other,1940.000,Elexon BMRS FUELHH
2016-11-28T01:00:00Z,Pumped Storage,-1470.000,Elexon BMRS FUELHH
2016-11-28T01:00:00Z,Wind,1930.000,Elexon BMRS FUELHH
2016-11-28T01:30:00Z,Coal,2175.000,Elexon BMRS FUELHH
2016-11-28T01:30:00Z,Gas,12944.000,Elexon BMRS FUELHH
2016-11-28T01:30:00Z,Hydro,76.000,Elexon BMRS FUELHH
2016-11-28T01:30:00Z,Imports & Exports,2298.000,Elexon BMRS FUELHH
2016-11-28T01:30:00Z,Nuclear,8284.000,Elexon BMRS FUELHH
2016-11-28T01:30:00Z,Other,1940.000,Elexon BMRS FUELHH
2016-11-28T01:30:00Z,Pumped Storage,-1834.000,Elexon BMRS FUELHH
2016-11-28T01:30:00Z,Wind,1800.000,Elexon BMRS FUELHH
2016-11-28T02:00:00Z,Coal,2175.000,Elexon BMRS FUELHH
2016-11-28T02:00:00Z,Gas,12233.000,Elexon BMRS FUELHH
2016-11-28T02:00:00Z,Hydro,76.000,Elexon BMRS FUELHH
2016-11-28T02:00:00Z,Imports & Exports,2296.000,Elexon BMRS FUELHH
2016-11-28T02:00:00Z,Nuclear,8290.000,Elexon BMRS FUELHH
2016-11-28T02:00:00Z,Other,1944.000,Elexon BMRS FUELHH
2016-11-28T02:00:00Z,Pumped Storage,-1892.000,Elexon BMRS FUELHH
2016-11-28T02:00:00Z,Wind,2074.000,Elexon BMRS FUELHH
2016-11-28T02:30:00Z,Coal,2179.000,Elexon BMRS FUELHH
2016-11-28T02:30:00Z,Gas,12279.000,Elexon BMRS FUELHH
2016-11-28T02:30:00Z,Hydro,75.000,Elexon BMRS FUELHH
2016-11-28T02:30:00Z,Imports & Exports,2296.000,Elexon BMRS FUELHH
2016-11-28T02:30:00Z,Nuclear,8297.000,Elexon BMRS FUELHH
2016-11-28T02:30:00Z,Other,1970.000,Elexon BMRS FUELHH
2016-11-28T02:30:00Z,Pumped Storage,-1902.000,Elexon BMRS FUELHH
2016-11-28T02:30:00Z,Wind,1946.000,Elexon BMRS FUELHH
2016-11-28T03:00:00Z,Coal,2106.000,Elexon BMRS FUELHH
2016-11-28T03:00:00Z,Gas,11688.000,Elexon BMRS FUELHH
2016-11-28T03:00:00Z,Hydro,75.000,Elexon BMRS FUELHH
2016-11-28T03:00:00Z,Imports & Exports,2296.000,Elexon BMRS FUELHH
2016-11-28T03:00:00Z,Nuclear,8294.000,Elexon BMRS FUELHH
2016-11-28T03:00:00Z,Other,1974.000,Elexon BMRS FUELHH
2016-11-28T03:00:00Z,Pumped Storage,-2020.000,Elexon BMRS FUELHH
2016-11-28T03:00:00Z,Wind,2326.000,Elexon BMRS FUELHH
2016-11-28T03:30:00Z,Coal,2103.000,Elexon BMRS FUELHH
2016-11-28T03:30:00Z,Gas,11354.000,Elexon BMRS FUELHH
2016-11-28T03:30:00Z,Hydro,75.000,Elexon BMRS FUELHH
2016-11-28T03:30:00Z,Imports & Exports,2296.000,Elexon BMRS FUELHH
2016-11-28T03:30:00Z,Nuclear,8299.000,Elexon BMRS FUELHH
2016-11-28T03:30:00Z,Other,1973.000,Elexon BMRS FUELHH
2016-11-28T03:30:00Z,Pumped Storage,-2004.000,Elexon BMRS FUELHH
2016-11-28T03:30:00Z,Wind,2281.000,Elexon BMRS FUELHH
2016-11-28T04:00:00Z,Coal,2107.000,Elexon BMRS FUELHH
2016-11-28T04:00:00Z,Gas,11039.000,Elexon BMRS FUELHH
2016-11-28T04:00:00Z,Hydro,74.000,Elexon BMRS FUELHH
2016-11-28T04:00:00Z,Imports & Exports,2296.000,Elexon BMRS FUELHH
2016-11-28T04:00:00Z,Nuclear,8300.000,Elexon BMRS FUELHH
2016-11-28T04:00:00Z,Other,1973.000,Elexon BMRS FUELHH
2016-11-28T04:00:00Z,Pumped Storage,-2004.000,Elexon BMRS FUELHH
2016-11-28T04:00:00Z,Wind,2265.000,Elexon BMRS FUELHH
2016-11-28T04:30:00Z,Coal,2134.000,Elexon BMRS FUELHH
2016-11-28T04:30:00Z,Gas,11088.000,Elexon BMRS FUELHH
2016-11-28T04:30:00Z,Hydro,74.000,Elexon BMRS FUELHH
2016-11-28T04:30:00Z,Imports & Exports,2164.000,Elexon BMRS FUELHH
2016-11-28T04:30:00Z,Nuclear,8302.000,Elexon BMRS FUELHH
2016-11-28T04:30:00Z,Other,1974.000,Elexon BMRS FUELHH
2016-11-28T04:30:00Z,Pumped Storage,-1998.000,Elexon BMRS FUELHH
2016-11-28T04:30:00Z,Wind,2361.000,Elexon BMRS FUELHH
2016-11-28T05:00:00Z,Coal,2371.000,Elexon BMRS FUELHH
2016-11-28T05:00:00Z,Gas,12658.000,Elexon BMRS FUELHH
2016-11-28T05:00:00Z,Hydro,73.000,Elexon BMRS FUELHH
2016-11-28T05:00:00Z,Imports & Exports,584.000,Elexon BMRS FUELHH
2016-11-28T05:00:00Z,Nuclear,8306.000,Elexon BMRS FUELHH
2016-11-28T05:00:00Z,Other,1973.000,Elexon BMRS FUELHH
2016-11-28T05:00:00Z,Pumped Storage,-1354.000,Elexon BMRS FUELHH
2016-11-28T05:00:00Z,Wind,2341.000,Elexon BMRS FUELHH
2016-11-28T05:30:00Z,Coal,2783.000,Elexon BMRS FUELHH
2016-11-28T05:30:00Z,Gas,13514.000,Elexon BMRS FUELHH
2016-11-28T05:30:00Z,Hydro,73.000,Elexon BMRS FUELHH
2016-11-28T05:30:00Z,Imports & Exports,576.000,Elexon BMRS FUELHH
2016-11-28T05:30:00Z,Nuclear,8308.000,Elexon BMRS FUELHH
2016-11-28T05:30:00Z,Other,1967.000,Elexon BMRS FUELHH
2016-11-28T05:30:00Z,Pumped Storage,-1150.000,Elexon BMRS FUELHH
2016-11-28T05:30:00Z,Wind,2380.000,Elexon BMRS FUELHH
2016-11-28T06:00:00Z,Coal,3451.000,Elexon BMRS FUELHH
2016-11-28T06:00:00Z,Gas,15442.000,Elexon BMRS FUELHH
2016-11-28T06:00:00Z,Hydro,73.000,Elexon BMRS FUELHH
2016-11-28T06:00:00Z,Imports & Exports,298.000,Elexon BMRS FUELHH
2016-11-28T06:00:00Z,Nuclear,8309.000,Elexon BMRS FUELHH
2016-11-28T06:00:00Z,Other,1976.000,Elexon BMRS FUELHH
2016-11-28T06:00:00Z,Pumped Storage,-6.000,Elexon BMRS FUELHH
2016-11-28T06:00:00Z,Wind,2358.000,Elexon BMRS FUELHH
2016-11-28T06:30:00Z,Coal,4392.000,Elexon BMRS FUELHH
2016-11-28T06:30:00Z,Gas,17834.000,Elexon BMRS FUELHH
2016-11-28T06:30:00Z,Hydro,73.000,Elexon BMRS FUELHH
2016-11-28T06:30:00Z,Imports & Exports,270.000,Elexon BMRS FUELHH
2016-11-28T06:30:00Z,Nuclear,8309.000,Elexon BMRS FUELHH
2016-11-28T06:30:00Z,Other,1978.000,Elexon BMRS FUELHH
2016-11-28T06:30:00Z,Pumped Storage,278.000,Elexon BMRS FUELHH
2016-11-28T06:30:00Z,Wind,2294.000,Elexon BMRS FUELHH
2016-11-28T07:00:00Z,Coal,5539.000,Elexon BMRS FUELHH
2016-11-28T07:00:00Z,Gas,21052.000,Elexon BMRS FUELHH
2016-11-28T07:00:00Z,Hydro,186.000,Elexon BMRS FUELHH
2016-11-28T07:00:00Z,Imports & Exports,226.000,Elexon BMRS FUELHH
2016-11-28T07:00:00Z,Nuclear,8312.000,Elexon BMRS FUELHH
2016-11-28T07:00:00Z,Other,1975.000,Elexon BMRS FUELHH
2016-11-28T07:00:00Z,Pumped Storage,514.000,Elexon BMRS FUELHH
2016-11-28T07:00:00Z,Wind,2277.000,Elexon BMRS FUELHH
2016-11-28T07:30:00Z,Coal,6095.000,Elexon BMRS FUELHH
2016-11-28T07:30:00Z,Gas,22451.000,Elexon BMRS FUELHH
2016-11-28T07:30:00Z,Hydro,206.000,Elexon BMRS FUELHH
2016-11-28T07:30:00Z,Imports & Exports,96.000,Elexon BMRS FUELHH
2016-11-28T07:30:00Z,Nuclear,8309.000,Elexon BMRS FUELHH
2016-11-28T07:30:00Z,Other,1977.000,Elexon BMRS FUELHH
2016-11-28T07:30:00Z,Pumped Storage,568.000,Elexon BMRS FUELHH
2016-11-28T07:30:00Z,Wind,2236.000,Elexon BMRS FUELHH
2016-11-28T08:00:00Z,Coal,6463.000,Elexon BMRS FUELHH
2016-11-28T08:00:00Z,Gas,22383.000,Elexon BMRS FUELHH
2016-11-28T08:00:00Z,Hydro,207.000,Elexon BMRS FUELHH
2016-11-28T08:00:00Z,Imports & Exports,588.000,Elexon BMRS FUELHH
2016-11-28T08:00:00Z,Nuclear,8308.000,Elexon BMRS FUELHH
2016-11-28T08:00:00Z,Other,1976.000,Elexon BMRS FUELHH
2016-11-28T08:00:00Z,Pumped Storage,532.000,Elexon BMRS FUELHH
2016-11-28T08:00:00Z,Wind,2197.000,Elexon BMRS FUELHH
2016-11-28T08:30:00Z,Coal,6584.000,Elexon BMRS FUELHH
2016-11-28T08:30:00Z,Gas,22198.000,Elexon BMRS FUELHH
2016-11-28T08:30:00Z,Hydro,215.000,Elexon BMRS FUELHH
2016-11-28T08:30:00Z,Imports & Exports,720.000,Elexon BMRS FUELHH
2016-11-28T08:30:00Z,Nuclear,8310.000,Elexon BMRS FUELHH
2016-11-28T08:30:00Z,Other,1983.000,Elexon BMRS FUELHH
2016-11-28T08:30:00Z,Pumped Storage,396.000,Elexon BMRS FUELHH
2016-11-28T08:30:00Z,Wind,2044.000,Elexon BMRS FUELHH
2016-11-28T09:00:00Z,Coal,6766.000,Elexon BMRS FUELHH
2016-11-28T09:00:00Z,Gas,22341.000,Elexon BMRS FUELHH
2016-11-28T09:00:00Z,Hydro,221.000,Elexon BMRS FUELHH
2016-11-28T09:00:00Z,Imports & Exports,788.000,Elexon BMRS FUELHH
2016-11-28T09:00:00Z,Nuclear,8311.000,Elexon BMRS FUELHH
2016-11-28T09:00:00Z,Other,1994.000,Elexon BMRS FUELHH
2016-11-28T09:00:00Z,Pumped Storage,382.000,Elexon BMRS FUELHH
2016-11-28T09:00:00Z,Wind,1917.000,Elexon BMRS FUELHH
2016-11-28T09:30:00Z,Coal,6813.000,Elexon BMRS FUELHH
2016-11-28T09:30:00Z,Gas,22117.000,Elexon BMRS FUELHH
2016-11-28T09:30:00Z,Hydro,220.000,Elexon BMRS FUELHH
2016-11-28T09:30:00Z,Imports & Exports,786.000,Elexon BMRS FUELHH
2016-11-28T09:30:00Z,Nuclear,8312.000,Elexon BMRS FUELHH
2016-11-28T09:30:00Z,Other,2004.000,Elexon BMRS FUELHH
2016-11-28T09:30:00Z,Pumped Storage,434.000,Elexon BMRS FUELHH
2016-11-28T09:30:00Z,Wind,1799.000,Elexon BMRS FUELHH
2016-11-28T10:00:00Z,Coal,6534.000,Elexon BMRS FUELHH
2016-11-28T10:00:00Z,Gas,21967.000,Elexon BMRS FUELHH
2016-11-28T10:00:00Z,Hydro,220.000,Elexon BMRS FUELHH
2016-11-28T10:00:00Z,Imports & Exports,752.000,Elexon BMRS FUELHH
2016-11-28T10:00:00Z,Nuclear,8311.000,Elexon BMRS FUELHH
2016-11-28T10:00:00Z,Other,2013.000,Elexon BMRS FUELHH
2016-11-28T10:00:00Z,Pumped Storage,334.000,Elexon BMRS FUELHH
2016-11-28T10:00:00Z,Wind,1729.000,Elexon BMRS FUELHH
2016-11-28T10:30:00Z,Coal,6263.000,Elexon BMRS FUELHH
2016-11-28T10:30:00Z,Gas,21776.000,Elexon BMRS FUELHH
2016-11-28T10:30:00Z,Hydro,222.000,Elexon BMRS FUELHH
2016-11-28T10:30:00Z,Imports & Exports,664.000,Elexon BMRS FUELHH
2016-11-28T10:30:00Z,Nuclear,8310.000,Elexon BMRS FUELHH
2016-11-28T10:30:00Z,Other,2013.000,Elexon BMRS FUELHH
2016-11-28T10:30:00Z,Pumped Storage,344.000,Elexon BMRS FUELHH
2016-11-28T10:30:00Z,Wind,1645.000,Elexon BMRS FUELHH
2016-11-28T11:00:00Z,Coal,6058.000,Elexon BMRS FUELHH
2016-11-28T11:00:00Z,Gas,21653.000,Elexon BMRS FUELHH
2016-11-28T11:00:00Z,Hydro,215.000,Elexon BMRS FUELHH
2016-11-28T11:00:00Z,Imports & Exports,748.000,Elexon BMRS FUELHH
2016-11-28T11:00:00Z,Nuclear,8326.000,Elexon BMRS FUELHH
2016-11-28T11:00:00Z,Other,2014.000,Elexon BMRS FUELHH
2016-11-28T11:00:00Z,Pumped Storage,336.000,Elexon BMRS FUELHH
2016-11-28T11:00:00Z,Wind,1588.000,Elexon BMRS FUELHH
2016-11-28T11:30:00Z,Coal,5786.000,Elexon BMRS FUELHH
2016-11-28T11:30:00Z,Gas,21630.000,Elexon BMRS FUELHH
2016-11-28T11:30:00Z,Hydro,223.000,Elexon BMRS FUELHH
2016-11-28T11:30:00Z,Imports & Exports,750.000,Elexon BMRS FUELHH
2016-11-28T11:30:00Z,Nuclear,8323.000,Elexon BMRS FUELHH
2016-11-28T11:30:00Z,Other,2011.000,Elexon BMRS FUELHH
2016-11-28T11:30:00Z,Pumped Storage,348.000,Elexon BMRS FUELHH
2016-11-28T11:30:00Z,Wind,1547.000,Elexon BMRS FUELHH
2016-11-28T12:00:00Z,Coal,5635.000,Elexon BMRS FUELHH
2016-11-28T12:00:00Z,Gas,21937.000,Elexon BMRS FUELHH
2016-11-28T12:00:00Z,Hydro,189.000,Elexon BMRS FUELHH
2016-11-28T12:00:00Z,Imports & Exports,740.000,Elexon BMRS FUELHH
2016-11-28T12:00:00Z,Nuclear,8321.000,Elexon BMRS FUELHH
2016-11-28T12:00:00Z,Other,2005.000,Elexon BMRS FUELHH
2016-11-28T12:00:00Z,Pumped Storage,366.000,Elexon BMRS FUELHH
2016-11-28T12:00:00Z,Wind,1504.000,Elexon BMRS FUELHH
2016-11-28T12:30:00Z,Coal,5581.000,Elexon BMRS FUELHH
2016-11-28T12:30:00Z,Gas,21843.000,Elexon BMRS FUELHH
2016-11-28T12:30:00Z,Hydro,178.000,Elexon BMRS FUELHH
2016-11-28T12:30:00Z,Imports & Exports,750.000,Elexon BMRS FUELHH
2016-11-28T12:30:00Z,Nuclear,8322.000,Elexon BMRS FUELHH
2016-11-28T12:30:00Z,Other,1944.000,Elexon BMRS FUELHH
2016-11-28T12:30:00Z,Pumped Storage,348.000,Elexon BMRS FUELHH
2016-11-28T12:30:00Z,Wind,1574.000,Elexon BMRS FUELHH
2016-11-28T13:00:00Z,Coal,5645.000,Elexon BMRS FUELHH
2016-11-28T13:00:00Z,Gas,21781.000,Elexon BMRS FUELHH
2016-11-28T13:00:00Z,Hydro,179.000,Elexon BMRS FUELHH
2016-11-28T13:00:00Z,Imports & Exports,708.000,Elexon BMRS FUELHH
2016-11-28T13:00:00Z,Nuclear,8325.000,Elexon BMRS FUELHH
2016-11-28T13:00:00Z,Other,1956.000,Elexon BMRS FUELHH
2016-11-28T13:00:00Z,Pumped Storage,382.000,Elexon BMRS FUELHH
2016-11-28T13:00:00Z,Wind,1684.000,Elexon BMRS FUELHH
2016-11-28T13:30:00Z,Coal,5862.000,Elexon BMRS FUELHH
2016-11-28T13:30:00Z,Gas,21706.000,Elexon BMRS FUELHH
2016-11-28T13:30:00Z,Hydro,180.000,Elexon BMRS FUELHH
2016-11-28T13:30:00Z,Imports & Exports,752.000,Elexon BMRS FUELHH
2016-11-28T13:30:00Z,Nuclear,8329.000,Elexon BMRS FUELHH
2016-11-28T13:30:00Z,Other,1955.000,Elexon BMRS FUELHH
2016-11-28T13:30:00Z,Pumped Storage,370.000,Elexon BMRS FUELHH
2016-11-28T13:30:00Z,Wind,1788.000,Elexon BMRS FUELHH
2016-11-28T14:00:00Z,Coal,6203.000,Elexon BMRS FUELHH
2016-11-28T14:00:00Z,Gas,21880.000,Elexon BMRS FUELHH
2016-11-28T14:00:00Z,Hydro,195.000,Elexon BMRS FUELHH
2016-11-28T14:00:00Z,Imports & Exports,632.000,Elexon BMRS FUELHH
2016-11-28T14:00:00Z,Nuclear,8330.000,Elexon BMRS FUELHH
2016-11-28T14:00:00Z,Other,1961.000,Elexon BMRS FUELHH
2016-11-28T14:00:00Z,Pumped Storage,556.000,Elexon BMRS FUELHH
2016-11-28T14:00:00Z,Wind,1796.000,Elexon BMRS FUELHH
2016-11-28T14:30:00Z,Coal,6836.000,Elexon BMRS FUELHH
2016-11-28T14:30:00Z,Gas,21841.000,Elexon BMRS FUELHH
2016-11-28T14:30:00Z,Hydro,229.000,Elexon BMRS FUELHH
2016-11-28T14:30:00Z,Imports & Exports,664.000,Elexon BMRS FUELHH
2016-11-28T14:30:00Z,Nuclear,8328.000,Elexon BMRS FUELHH
2016-11-28T14:30:00Z,Other,1966.000,Elexon BMRS FUELHH
2016-11-28T14:30:00Z,Pumped Storage,384.000,Elexon BMRS FUELHH
2016-11-28T14:30:00Z,Wind,1857.000,Elexon BMRS FUELHH
2016-11-28T15:00:00Z,Coal,7001.000,Elexon BMRS FUELHH
2016-11-28T15:00:00Z,Gas,21881.000,Elexon BMRS FUELHH
2016-11-28T15:00:00Z,Hydro,323.000,Elexon BMRS FUELHH
2016-11-28T15:00:00Z,Imports & Exports,1158.000,Elexon BMRS FUELHH
2016-11-28T15:00:00Z,Nuclear,8330.000,Elexon BMRS FUELHH
2016-11-28T15:00:00Z,Other,1975.000,Elexon BMRS FUELHH
2016-11-28T15:00:00Z,Pumped Storage,342.000,Elexon BMRS FUELHH
2016-11-28T15:00:00Z,Wind,1887.000,Elexon BMRS FUELHH
2016-11-28T15:30:00Z,Coal,7439.000,Elexon BMRS FUELHH
2016-11-28T15:30:00Z,Gas,22918.000,Elexon BMRS FUELHH
2016-11-28T15:30:00Z,Hydro,358.000,Elexon BMRS FUELHH
2016-11-28T15:30:00Z,Imports & Exports,1142.000,Elexon BMRS FUELHH
2016-11-28T15:30:00Z,Nuclear,8326.000,Elexon BMRS FUELHH
2016-11-28T15:30:00Z,Other,1981.000,Elexon BMRS FUELHH
2016-11-28T15:30:00Z,Pumped Storage,388.000,Elexon BMRS FUELHH
2016-11-28T15:30:00Z,Wind,1884.000,Elexon BMRS FUELHH
2016-11-28T16:00:00Z,Coal,7535.000,Elexon BMRS FUELHH
2016-11-28T16:00:00Z,Gas,23686.000,Elexon BMRS FUELHH
2016-11-28T16:00:00Z,Hydro,409.000,Elexon BMRS FUELHH
2016-11-28T16:00:00Z,Imports & Exports,2184.000,Elexon BMRS FUELHH
2016-11-28T16:00:00Z,Nuclear,8324.000,Elexon BMRS FUELHH
2016-11-28T16:00:00Z,Other,1996.000,Elexon BMRS FUELHH
2016-11-28T16:00:00Z,Pumped Storage,752.000,Elexon BMRS FUELHH
2016-11-28T16:00:00Z,Wind,1825.000,Elexon BMRS FUELHH
2016-11-28T16:30:00Z,Coal,8002.000,Elexon BMRS FUELHH
2016-11-28T16:30:00Z,Gas,24040.000,Elexon BMRS FUELHH
2016-11-28T16:30:00Z,Hydro,809.000,Elexon BMRS FUELHH
2016-11-28T16:30:00Z,Imports & Exports,2156.000,Elexon BMRS FUELHH
2016-11-28T16:30:00Z,Nuclear,8324.000,Elexon BMRS FUELHH
2016-11-28T16:30:00Z,Other,1982.000,Elexon BMRS FUELHH
2016-11-28T16:30:00Z,Pumped Storage,1694.000,Elexon BMRS FUELHH
2016-11-28T16:30:00Z,Wind,1764.000,Elexon BMRS FUELHH
2016-11-28T17:00:00Z,Coal,8189.000,Elexon BMRS FUELHH
2016-11-28T17:00:00Z,Gas,24086.000,Elexon BMRS FUELHH
2016-11-28T17:00:00Z,Hydro,878.000,Elexon BMRS FUELHH
2016-11-28T17:00:00Z,Imports & Exports,2212.000,Elexon BMRS FUELHH
2016-11-28T17:00:00Z,Nuclear,8331.000,Elexon BMRS FUELHH
2016-11-28T17:00:00Z,Other,1977.000,Elexon BMRS FUELHH
2016-11-28T17:00:00Z,Pumped Storage,1530.000,Elexon BMRS FUELHH
2016-11-28T17:00:00Z,Wind,1778.000,Elexon BMRS FUELHH
2016-11-28T17:30:00Z,Coal,8055.000,Elexon BMRS FUELHH
2016-11-28T17:30:00Z,Gas,23819.000,Elexon BMRS FUELHH
2016-11-28T17:30:00Z,Hydro,876.000,Elexon BMRS FUELHH
2016-11-28T17:30:00Z,Imports & Exports,2148.000,Elexon BMRS FUELHH
2016-11-28T17:30:00Z,Nuclear,8338.000,Elexon BMRS FUELHH
2016-11-28T17:30:00Z,Other,2006.000,Elexon BMRS FUELHH
2016-11-28T17:30:00Z,Pumped Storage,1432.000,Elexon BMRS FUELHH
2016-11-28T17:30:00Z,Wind,1851.000,Elexon BMRS FUELHH
2016-11-28T18:00:00Z,Coal,7862.000,Elexon BMRS FUELHH
2016-11-28T18:00:00Z,Gas,23891.000,Elexon BMRS FUELHH
2016-11-28T18:00:00Z,Hydro,788.000,Elexon BMRS FUELHH
2016-11-28T18:00:00Z,Imports & Exports,1944.000,Elexon BMRS FUELHH
2016-11-28T18:00:00Z,Nuclear,8333.000,Elexon BMRS FUELHH
2016-11-28T18:00:00Z,Other,1998.000,Elexon BMRS FUELHH
2016-11-28T18:00:00Z,Pumped Storage,1582.000,Elexon BMRS FUELHH
2016-11-28T18:00:00Z,Wind,1867.000,Elexon BMRS FUELHH
2016-11-28T18:30:00Z,Coal,7749.000,Elexon BMRS FUELHH
2016-11-28T18:30:00Z,Gas,23797.000,Elexon BMRS FUELHH
2016-11-28T18:30:00Z,Hydro,653.000,Elexon BMRS FUELHH
2016-11-28T18:30:00Z,Imports & Exports,1912.000,Elexon BMRS FUELHH
2016-11-28T18:30:00Z,Nuclear,8336.000,Elexon BMRS FUELHH
2016-11-28T18:30:00Z,Other,2012.000,Elexon BMRS FUELHH
2016-11-28T18:30:00Z,Pumped Storage,1582.000,Elexon BMRS FUELHH
2016-11-28T18:30:00Z,Wind,1885.000,Elexon BMRS FUELHH
2016-11-28T19:00:00Z,Coal,7862.000,Elexon BMRS FUELHH
2016-11-28T19:00:00Z,Gas,24224.000,Elexon BMRS FUELHH
2016-11-28T19:00:00Z,Hydro,398.000,Elexon BMRS FUELHH
2016-11-28T19:00:00Z,Imports & Exports,1810.000,Elexon BMRS FUELHH
2016-11-28T19:00:00Z,Nuclear,8335.000,Elexon BMRS FUELHH
2016-11-28T19:00:00Z,Other,2012.000,Elexon BMRS FUELHH
2016-11-28T19:00:00Z,Pumped Storage,812.000,Elexon BMRS FUELHH
2016-11-28T19:00:00Z,Wind,1912.000,Elexon BMRS FUELHH
2016-11-28T19:30:00Z,Coal,7831.000,Elexon BMRS FUELHH
2016-11-28T19:30:00Z,Gas,23843.000,Elexon BMRS FUELHH
2016-11-28T19:30:00Z,Hydro,255.000,Elexon BMRS FUELHH
2016-11-28T19:30:00Z,Imports & Exports,1684.000,Elexon BMRS FUELHH
2016-11-28T19:30:00Z,Nuclear,8332.000,Elexon BMRS FUELHH
2016-11-28T19:30:00Z,Other,2013.000,Elexon BMRS FUELHH
2016-11-28T19:30:00Z,Pumped Storage,346.000,Elexon BMRS FUELHH
2016-11-28T19:30:00Z,Wind,1952.000,Elexon BMRS FUELHH
2016-11-28T20:00:00Z,Coal,7582.000,Elexon BMRS FUELHH
2016-11-28T20:00:00Z,Gas,23411.000,Elexon BMRS FUELHH
2016-11-28T20:00:00Z,Hydro,217.000,Elexon BMRS FUELHH
2016-11-28T20:00:00Z,Imports & Exports,752.000,Elexon BMRS FUELHH
2016-11-28T20:00:00Z,Nuclear,8336.000,Elexon BMRS FUELHH
2016-11-28T20:00:00Z,Other,2011.000,Elexon BMRS FUELHH
2016-11-28T20:00:00Z,Pumped Storage,732.000,Elexon BMRS FUELHH
2016-11-28T20:00:00Z,Wind,2040.000,Elexon BMRS FUELHH
2016-11-28T20:30:00Z,Coal,7133.000,Elexon BMRS FUELHH
2016-11-28T20:30:00Z,Gas,22511.000,Elexon BMRS FUELHH
2016-11-28T20:30:00Z,Hydro,205.000,Elexon BMRS FUELHH
2016-11-28T20:30:00Z,Imports & Exports,730.000,Elexon BMRS FUELHH
2016-11-28T20:30:00Z,Nuclear,8334.000,Elexon BMRS FUELHH
2016-11-28T20:30:00Z,Other,2009.000,Elexon BMRS FUELHH
2016-11-28T20:30:00Z,Pumped Storage,416.000,Elexon BMRS FUELHH
2016-11-28T20:30:00Z,Wind,2086.000,Elexon BMRS FUELHH
2016-11-28T21:00:00Z,Coal,6515.000,Elexon BMRS FUELHH
2016-11-28T21:00:00Z,Gas,21939.000,Elexon BMRS FUELHH
2016-11-28T21:00:00Z,Hydro,132.000,Elexon BMRS FUELHH
2016-11-28T21:00:00Z,Imports & Exports,-86.000,Elexon BMRS FUELHH
2016-11-28T21:00:00Z,Nuclear,8334.000,Elexon BMRS FUELHH
2016-11-28T21:00:00Z,Other,2009.000,Elexon BMRS FUELHH
2016-11-28T21:00:00Z,Pumped Storage,440.000,Elexon BMRS FUELHH
2016-11-28T21:00:00Z,Wind,2024.000,Elexon BMRS FUELHH
2016-11-28T21:30:00Z,Coal,5870.000,Elexon BMRS FUELHH
2016-11-28T21:30:00Z,Gas,20363.000,Elexon BMRS FUELHH
2016-11-28T21:30:00Z,Hydro,132.000,Elexon BMRS FUELHH
2016-11-28T21:30:00Z,Imports & Exports,-78.000,Elexon BMRS FUELHH
2016-11-28T21:30:00Z,Nuclear,8327.000,Elexon BMRS FUELHH
2016-11-28T21:30:00Z,Other,1979.000,Elexon BMRS FUELHH
2016-11-28T21:30:00Z,Pumped Storage,446.000,Elexon BMRS FUELHH
2016-11-28T21:30:00Z,Wind,1966.000,Elexon BMRS FUELHH
2016-11-28T22:00:00Z,Coal,4926.000,Elexon BMRS FUELHH
2016-11-28T22:00:00Z,Gas,18863.000,Elexon BMRS FUELHH
2016-11-28T22:00:00Z,Hydro,119.000,Elexon BMRS FUELHH
2016-11-28T22:00:00Z,Imports & Exports,-178.000,Elexon BMRS FUELHH
2016-11-28T22:00:00Z,Nuclear,8330.000,Elexon BMRS FUELHH
2016-11-28T22:00:00Z,Other,1978.000,Elexon BMRS FUELHH
2016-11-28T22:00:00Z,Pumped Storage,428.000,Elexon BMRS FUELHH
2016-11-28T22:00:00Z,Wind,2036.000,Elexon BMRS FUELHH
2016-11-28T22:30:00Z,Coal,3962.000,Elexon BMRS FUELHH
2016-11-28T22:30:00Z,Gas,17690.000,Elexon BMRS FUELHH
2016-11-28T22:30:00Z,Hydro,106.000,Elexon BMRS FUELHH
2016-11-28T22:30:00Z,Imports & Exports,26.000,Elexon BMRS FUELHH
2016-11-28T22:30:00Z,Nuclear,8330.000,Elexon BMRS FUELHH
2016-11-28T22:30:00Z,Other,1979.000,Elexon BMRS FUELHH
2016-11-28T22:30:00Z,Pumped Storage,140.000,Elexon BMRS FUELHH
2016-11-28T22:30:00Z,Wind,2145.000,Elexon BMRS FUELHH
2016-11-28T23:00:00Z,Coal,3300.000,Elexon BMRS FUELHH
2016-11-28T23:00:00Z,Gas,14275.000,Elexon BMRS FUELHH
2016-11-28T23:00:00Z,Hydro,80.000,Elexon BMRS FUELHH
2016-11-28T23:00:00Z,Imports & Exports,2058.000,Elexon BMRS FUELHH
2016-11-28T23:00:00Z,Nuclear,8329.000,Elexon BMRS FUELHH
2016-11-28T23:00:00Z,Other,1979.000,Elexon BMRS FUELHH
2016-11-28T23:00:00Z,Pumped Storage,-128.000,Elexon BMRS FUELHH
2016-11-28T23:00:00Z,Wind,2166.000,Elexon BMRS FUELHH
2016-11-28T23:30:00Z,Coal,3047.000,Elexon BMRS FUELHH
2016-11-28T23:30:00Z,Gas,13428.000,Elexon BMRS FUELHH
2016-11-28T23:30:00Z,Hydro,80.000,Elexon BMRS FUELHH
2016-11-28T23:30:00Z,Imports & Exports,2112.000,Elexon BMRS FUELHH
2016-11-28T23:30:00Z,Nuclear,8333.000,Elexon BMRS FUELHH
2016-11-28T23:30:00Z,Other,1978.000,Elexon BMRS FUELHH
2016-11-28T23:30:00Z,Pumped Storage,-454.000,Elexon BMRS FUELHH
2016-11-28T23:30:00Z,Wind,2229.000,Elexon BMRS FUELHH
2016-11-29T00:00:00Z,Coal,3084.000,Elexon BMRS FUELHH
2016-11-29T00:00:00Z,Gas,14149.000,Elexon BMRS FUELHH
2016-11-29T00:00:00Z,Hydro,78.000,Elexon BMRS FUELHH
2016-11-29T00:00:00Z,Imports & Exports,2272.000,Elexon BMRS FUELHH
2016-11-29T00:00:00Z,Nuclear,8335.000,Elexon BMRS FUELHH
2016-11-29T00:00:00Z,Other,1978.000,Elexon BMRS FUELHH
2016-11-29T00:00:00Z,Pumped Storage,-1704.000,Elexon BMRS FUELHH
2016-11-29T00:00:00Z,Wind,2216.000,Elexon BMRS FUELHH
2016-11-29T00:30:00Z,Coal,3082.000,Elexon BMRS FUELHH
2016-11-29T00:30:00Z,Gas,14905.000,Elexon BMRS FUELHH
2016-11-29T00:30:00Z,Hydro,76.000,Elexon BMRS FUELHH
2016-11-29T00:30:00Z,Imports & Exports,2320.000,Elexon BMRS FUELHH
2016-11-29T00:30:00Z,Nuclear,8324.000,Elexon BMRS FUELHH
2016-11-29T00:30:00Z,Other,1978.000,Elexon BMRS FUELHH
2016-11-29T00:30:00Z,Pumped Storage,-2040.000,Elexon BMRS FUELHH
2016-11-29T00:30:00Z,Wind,2142.000,Elexon BMRS FUELHH
2016-11-29T01:00:00Z,Coal,3084.000,Elexon BMRS FUELHH
2016-11-29T01:00:00Z,Gas,14751.000,Elexon BMRS FUELHH
2016-11-29T01:00:00Z,Hydro,75.000,Elexon BMRS FUELHH
2016-11-29T01:00:00Z,Imports & Exports,2294.000,Elexon BMRS FUELHH
2016-11-29T01:00:00Z,Nuclear,8331.000,Elexon BMRS FUELHH
2016-11-29T01:00:00Z,Other,1977.000,Elexon BMRS FUELHH
2016-11-29T01:00:00Z,Pumped Storage,-2170.000,Elexon BMRS FUELHH
2016-11-29T01:00:00Z,Wind,2190.000,Elexon BMRS FUELHH
2016-11-29T01:30:00Z,Coal,3085.000,Elexon BMRS FUELHH
2016-11-29T01:30:00Z,Gas,14161.000,Elexon BMRS FUELHH
2016-11-29T01:30:00Z,Hydro,73.000,Elexon BMRS FUELHH
2016-11-29T01:30:00Z,Imports & Exports,2296.000,Elexon BMRS FUELHH
2016-11-29T01:30:00Z,Nuclear,8335.000,Elexon BMRS FUELHH
2016-11-29T01:30:00Z,Other,1975.000,Elexon BMRS FUELHH
2016-11-29T01:30:00Z,Pumped Storage,-2050.000,Elexon BMRS FUELHH
2016-11-29T01:30:00Z,Wind,2100.000,Elexon BMRS FUELHH
2016-11-29T02:00:00Z,Coal,3085.000,Elexon BMRS FUELHH
2016-11-29T02:00:00Z,Gas,14036.000,Elexon BMRS FUELHH
2016-11-29T02:00:00Z,Hydro,70.000,Elexon BMRS FUELHH
2016-11-29T02:00:00Z,Imports & Exports,2296.000,Elexon BMRS FUELHH
2016-11-29T02:00:00Z,Nuclear,8338.000,Elexon BMRS FUELHH
2016-11-29T02:00:00Z,Other,1977.000,Elexon BMRS FUELHH
2016-11-29T02:00:00Z,Pumped Storage,-2136.000,Elexon BMRS FUELHH
2016-11-29T02:00:00Z,Wind,1930.000,Elexon BMRS FUELHH
2016-11-29T02:30:00Z,Coal,3086.000,Elexon BMRS FUELHH
2016-11-29T02:30:00Z,Gas,14219.000,Elexon BMRS FUELHH
2016-11-29T02:30:00Z,Hydro,68.000,Elexon BMRS FUELHH
2016-11-29T02:30:00Z,Imports & Exports,2282.000,Elexon BMRS FUELHH
2016-11-29T02:30:00Z,Nuclear,8346.000,Elexon BMRS FUELHH
2016-11-29T02:30:00Z,Other,1979.000,Elexon BMRS FUELHH
2016-11-29T02:30:00Z,Pumped Storage,-2224.000,Elexon BMRS FUELHH
2016-11-29T02:30:00Z,Wind,1821.000,Elexon BMRS FUELHH
2016-11-29T03:00:00Z,Coal,3085.000,Elexon BMRS FUELHH
2016-11-29T03:00:00Z,Gas,14026.000,Elexon BMRS FUELHH
2016-11-29T03:00:00Z,Hydro,67.000,Elexon BMRS FUELHH
2016-11-29T03:00:00Z,Imports & Exports,2000.000,Elexon BMRS FUELHH
2016-11-29T03:00:00Z,Nuclear,8349.000,Elexon BMRS FUELHH
2016-11-29T03:00:00Z,Other,1978.000,Elexon BMRS FUELHH
2016-11-29T03:00:00Z,Pumped Storage,-2060.000,Elexon BMRS FUELHH
2016-11-29T03:00:00Z,Wind,1846.000,Elexon BMRS FUELHH
2016-11-29T03:30:00Z,Coal,3078.000,Elexon BMRS FUELHH
2016-11-29T03:30:00Z,Gas,13732.000,Elexon BMRS FUELHH
2016-11-29T03:30:00Z,Hydro,65.000,Elexon BMRS FUELHH
2016-11-29T03:30:00Z,Imports & Exports,1984.000,Elexon BMRS FUELHH
2016-11-29T03:30:00Z,Nuclear,8360.000,Elexon BMRS FUELHH
2016-11-29T03:30:00Z,Other,1995.000,Elexon BMRS FUELHH
2016-11-29T03:30:00Z,Pumped Storage,-2218.000,Elexon BMRS FUELHH
2016-11-29T03:30:00Z,Wind,1865.000,Elexon BMRS FUELHH
2016-11-29T04:00:00Z,Coal,3075.000,Elexon BMRS FUELHH
2016-11-29T04:00:00Z,Gas,14331.000,Elexon BMRS FUELHH
2016-11-29T04:00:00Z,Hydro,65.000,Elexon BMRS FUELHH
2016-11-29T04:00:00Z,Imports & Exports,1154.000,Elexon BMRS FUELHH
2016-11-29T04:00:00Z,Nuclear,8361.000,Elexon BMRS FUELHH
2016-11-29T04:00:00Z,Other,2045.000,Elexon BMRS FUELHH
2016-11-29T04:00:00Z,Pumped Storage,-2204.000,Elexon BMRS FUELHH
2016-11-29T04:00:00Z,Wind,1781.000,Elexon BMRS FUELHH
2016-11-29T04:30:00Z,Coal,3082.000,Elexon BMRS FUELHH
2016-11-29T04:30:00Z,Gas,14560.000,Elexon BMRS FUELHH
2016-11-29T04:30:00Z,Hydro,64.000,Elexon BMRS FUELHH
2016-11-29T04:30:00Z,Imports & Exports,1160.000,Elexon BMRS FUELHH
2016-11-29T04:30:00Z,Nuclear,8352.000,Elexon BMRS FUELHH
2016-11-29T04:30:00Z,Other,1986.000,Elexon BMRS FUELHH
2016-11-29T04:30:00Z,Pumped Storage,-2168.000,Elexon BMRS FUELHH
2016-11-29T04:30:00Z,Wind,1756.000,Elexon BMRS FUELHH
2016-11-29T05:00:00Z,Coal,3297.000,Elexon BMRS FUELHH
2016-11-29T05:00:00Z,Gas,15232.000,Elexon BMRS FUELHH
2016-11-29T05:00:00Z,Hydro,64.000,Elexon BMRS FUELHH
2016-11-29T05:00:00Z,Imports & Exports,610.000,Elexon BMRS FUELHH
2016-11-29T05:00:00Z,Nuclear,8352.000,Elexon BMRS FUELHH
2016-11-29T05:00:00Z,Other,1981.000,Elexon BMRS FUELHH
2016-11-29T05:00:00Z,Pumped Storage,-1670.000,Elexon BMRS FUELHH
2016-11-29T05:00:00Z,Wind,1713.000,Elexon BMRS FUELHH
2016-11-29T05:30:00Z,Coal,3585.000,Elexon BMRS FUELHH
2016-11-29T05:30:00Z,Gas,15532.000,Elexon BMRS FUELHH
2016-11-29T05:30:00Z,Hydro,66.000,Elexon BMRS FUELHH
2016-11-29T05:30:00Z,Imports & Exports,782.000,Elexon BMRS FUELHH
2016-11-29T05:30:00Z,Nuclear,8353.000,Elexon BMRS FUELHH
2016-11-29T05:30:00Z,Other,2037.000,Elexon BMRS FUELHH
2016-11-29T05:30:00Z,Pumped Storage,-1074.000,Elexon BMRS FUELHH
2016-11-29T05:30:00Z,Wind,1760.000,Elexon BMRS FUELHH
2016-11-29T06:00:00Z,Coal,4397.000,Elexon BMRS FUELHH
2016-11-29T06:00:00Z,Gas,17349.000,Elexon BMRS FUELHH
2016-11-29T06:00:00Z,Hydro,83.000,Elexon BMRS FUELHH
2016-11-29T06:00:00Z,Imports & Exports,664.000,Elexon BMRS FUELHH
2016-11-29T06:00:00Z,Nuclear,8352.000,Elexon BMRS FUELHH
2016-11-29T06:00:00Z,Other,2049.000,Elexon BMRS FUELHH
2016-11-29T06:00:00Z,Pumped Storage,60.000,Elexon BMRS FUELHH
2016-11-29T06:00:00Z,Wind,1783.000,Elexon BMRS FUELHH
2016-11-29T06:30:00Z,Coal,5473.000,Elexon BMRS FUELHH
2016-11-29T06:30:00Z,Gas,19659.000,Elexon BMRS FUELHH
2016-11-29T06:30:00Z,Hydro,83.000,Elexon BMRS FUELHH
2016-11-29T06:30:00Z,Imports & Exports,668.000,Elexon BMRS FUELHH
2016-11-29T06:30:00Z,Nuclear,8352.000,Elexon BMRS FUELHH
2016-11-29T06:30:00Z,Other,2050.000,Elexon BMRS FUELHH
2016-11-29T06:30:00Z,Pumped Storage,370.000,Elexon BMRS FUELHH
2016-11-29T06:30:00Z,Wind,1793.000,Elexon BMRS FUELHH
2016-11-29T07:00:00Z,Coal,6393.000,Elexon BMRS FUELHH
2016-11-29T07:00:00Z,Gas,22006.000,Elexon BMRS FUELHH
2016-11-29T07:00:00Z,Hydro,149.000,Elexon BMRS FUELHH
2016-11-29T07:00:00Z,Imports & Exports,1180.000,Elexon BMRS FUELHH
2016-11-29T07:00:00Z,Nuclear,8342.000,Elexon BMRS FUELHH
2016-11-29T07:00:00Z,Other,2054.000,Elexon BMRS FUELHH
2016-11-29T07:00:00Z,Pumped Storage,930.000,Elexon BMRS FUELHH
2016-11-29T07:00:00Z,Wind,1682.000,Elexon BMRS FUELHH
2016-11-29T07:30:00Z,Coal,6904.000,Elexon BMRS FUELHH
2016-11-29T07:30:00Z,Gas,23118.000,Elexon BMRS FUELHH
2016-11-29T07:30:00Z,Hydro,259.000,Elexon BMRS FUELHH
2016-11-29T07:30:00Z,Imports & Exports,1106.000,Elexon BMRS FUELHH
2016-11-29T07:30:00Z,Nuclear,8347.000,Elexon BMRS FUELHH
2016-11-29T07:30:00Z,Other,2044.000,Elexon BMRS FUELHH
2016-11-29T07:30:00Z,Pumped Storage,824.000,Elexon BMRS FUELHH
2016-11-29T07:30:00Z,Wind,1754.000,Elexon BMRS FUELHH
2016-11-29T08:00:00Z,Coal,6989.000,Elexon BMRS FUELHH
2016-11-29T08:00:00Z,Gas,23432.000,Elexon BMRS FUELHH
2016-11-29T08:00:00Z,Hydro,265.000,Elexon BMRS FUELHH
2016-11-29T08:00:00Z,Imports & Exports,1346.000,Elexon BMRS FUELHH
2016-11-29T08:00:00Z,Nuclear,8337.000,Elexon BMRS FUELHH
2016-11-29T08:00:00Z,Other,2015.000,Elexon BMRS FUELHH
2016-11-29T08:00:00Z,Pumped Storage,918.000,Elexon BMRS FUELHH
2016-11-29T08:00:00Z,Wind,1767.000,Elexon BMRS FUELHH
2016-11-29T08:30:00Z,Coal,7087.000,Elexon BMRS FUELHH
2016-11-29T08:30:00Z,Gas,23347.000,Elexon BMRS FUELHH
2016-11-29T08:30:00Z,Hydro,224.000,Elexon BMRS FUELHH
2016-11-29T08:30:00Z,Imports & Exports,1490.000,Elexon BMRS FUELHH
2016-11-29T08:30:00Z,Nuclear,8348.000,Elexon BMRS FUELHH
2016-11-29T08:30:00Z,Other,1981.000,Elexon BMRS FUELHH
2016-11-29T08:30:00Z,Pumped Storage,520.000,Elexon BMRS FUELHH
2016-11-29T08:30:00Z,Wind,1642.000,Elexon BMRS FUELHH
2016-11-29T09:00:00Z,Coal,7217.000,Elexon BMRS FUELHH
2016-11-29T09:00:00Z,Gas,23574.000,Elexon BMRS FUELHH
2016-11-29T09:00:00Z,Hydro,281.000,Elexon BMRS FUELHH
2016-11-29T09:00:00Z,Imports & Exports,1106.000,Elexon BMRS FUELHH
2016-11-29T09:00:00Z,Nuclear,8344.000,Elexon BMRS FUELHH
2016-11-29T09:00:00Z,Other,2015.000,Elexon BMRS FUELHH
2016-11-29T09:00:00Z,Pumped Storage,464.000,Elexon BMRS FUELHH
2016-11-29T09:00:00Z,Wind,1634.000,Elexon BMRS FUELHH
2016-11-29T09:30:00Z,Coal,7115.000,Elexon BMRS FUELHH
2016-11-29T09:30:00Z,Gas,23391.000,Elexon BMRS FUELHH
2016-11-29T09:30:00Z,Hydro,288.000,Elexon BMRS FUELHH
2016-11-29T09:30:00Z,Imports & Exports,988.000,Elexon BMRS FUELHH
2016-11-29T09:30:00Z,Nuclear,8340.000,Elexon BMRS FUELHH
2016-11-29T09:30:00Z,Other,2029.000,Elexon BMRS FUELHH
2016-11-29T09:30:00Z,Pumped Storage,360.000,Elexon BMRS FUELHH
2016-11-29T09:30:00Z,Wind,1494.000,Elexon BMRS FUELHH
2016-11-29T10:00:00Z,Coal,4638.000,Elexon BMRS FUELHH
2016-11-29T10:00:00Z,Gas,15423.000,Elexon BMRS FUELHH
2016-11-29T10:00:00Z,Hydro,193.000,Elexon BMRS FUELHH
2016-11-29T10:00:00Z,Imports & Exports,894.000,Elexon BMRS FUELHH
2016-11-29T10:00:00Z,Nuclear,5561.000,Elexon BMRS FUELHH
2016-11-29T10:00:00Z,Other,1353.000,Elexon BMRS FUELHH
2016-11-29T10:00:00Z,Pumped Storage,216.000,Elexon BMRS FUELHH
2016-11-29T10:00:00Z,Wind,968.000,Elexon BMRS FUELHH
2016-11-29T11:30:00Z,Coal,6369.000,Elexon BMRS FUELHH
2016-11-29T11:30:00Z,Gas,22431.000,Elexon BMRS FUELHH
2016-11-29T11:30:00Z,Hydro,299.000,Elexon BMRS FUELHH
2016-11-29T11:30:00Z,Imports & Exports,586.000,Elexon BMRS FUELHH
2016-11-29T11:30:00Z,Nuclear,8357.000,Elexon BMRS FUELHH
2016-11-29T11:30:00Z,Other,1990.000,Elexon BMRS FUELHH
2016-11-29T11:30:00Z,Pumped Storage,326.000,Elexon BMRS FUELHH
2016-11-29T11:30:00Z,Wind,1595.000,Elexon BMRS FUELHH
2016-11-29T12:00:00Z,Coal,6271.000,Elexon BMRS FUELHH
2016-11-29T12:00:00Z,Gas,22395.000,Elexon BMRS FUELHH
2016-11-29T12:00:00Z,Hydro,289.000,Elexon BMRS FUELHH
2016-11-29T12:00:00Z,Imports & Exports,558.000,Elexon BMRS FUELHH
2016-11-29T12:00:00Z,Nuclear,8345.000,Elexon BMRS FUELHH
2016-11-29T12:00:00Z,Other,1992.000,Elexon BMRS FUELHH
2016-11-29T12:00:00Z,Pumped Storage,344.000,Elexon BMRS FUELHH
2016-11-29T12:00:00Z,Wind,1650.000,Elexon BMRS FUELHH
2016-11-29T12:30:00Z,Coal,6225.000,Elexon BMRS FUELHH
2016-11-29T12:30:00Z,Gas,22327.000,Elexon BMRS FUELHH
2016-11-29T12:30:00Z,Hydro,291.000,Elexon BMRS FUELHH
2016-11-29T12:30:00Z,Imports & Exports,528.000,Elexon BMRS FUELHH
2016-11-29T12:30:00Z,Nuclear,8343.000,Elexon BMRS FUELHH
2016-11-29T12:30:00Z,Other,1997.000,Elexon BMRS FUELHH
2016-11-29T12:30:00Z,Pumped Storage,346.000,Elexon BMRS FUELHH
2016-11-29T12:30:00Z,Wind,1691.000,Elexon BMRS FUELHH
2016-11-29T13:00:00Z,Coal,6036.000,Elexon BMRS FUELHH
2016-11-29T13:00:00Z,Gas,22503.000,Elexon BMRS FUELHH
2016-11-29T13:00:00Z,Hydro,306.000,Elexon BMRS FUELHH
2016-11-29T13:00:00Z,Imports & Exports,534.000,Elexon BMRS FUELHH
2016-11-29T13:00:00Z,Nuclear,8345.000,Elexon BMRS FUELHH
2016-11-29T13:00:00Z,Other,1990.000,Elexon BMRS FUELHH
2016-11-29T13:00:00Z,Pumped Storage,442.000,Elexon BMRS FUELHH
2016-11-29T13:00:00Z,Wind,1722.000,Elexon BMRS FUELHH
2016-11-29T13:30:00Z,Coal,6064.000,Elexon BMRS FUELHH
2016-11-29T13:30:00Z,Gas,22777.000,Elexon BMRS FUELHH
2016-11-29T13:30:00Z,Hydro,307.000,Elexon BMRS FUELHH
2016-11-29T13:30:00Z,Imports & Exports,636.000,Elexon BMRS FUELHH
2016-11-29T13:30:00Z,Nuclear,8351.000,Elexon BMRS FUELHH
2016-11-29T13:30:00Z,Other,1986.000,Elexon BMRS FUELHH
2016-11-29T13:30:00Z,Pumped Storage,340.000,Elexon BMRS FUELHH
2016-11-29T13:30:00Z,Wind,1722.000,Elexon BMRS FUELHH
2016-11-29T14:00:00Z,Coal,6214.000,Elexon BMRS FUELHH
2016-11-29T14:00:00Z,Gas,23108.000,Elexon BMRS FUELHH
2016-11-29T14:00:00Z,Hydro,294.000,Elexon BMRS FUELHH
2016-11-29T14:00:00Z,Imports & Exports,636.000,Elexon BMRS FUELHH
2016-11-29T14:00:00Z,Nuclear,8345.000,Elexon BMRS FUELHH
2016-11-29T14:00:00Z,Other,1980.000,Elexon BMRS FUELHH
2016-11-29T14:00:00Z,Pumped Storage,352.000,Elexon BMRS FUELHH
2016-11-29T14:00:00Z,Wind,1697.000,Elexon BMRS FUELHH
2016-11-29T14:30:00Z,Coal,6582.000,Elexon BMRS FUELHH
2016-11-29T14:30:00Z,Gas,23246.000,Elexon BMRS FUELHH
2016-11-29T14:30:00Z,Hydro,224.000,Elexon BMRS FUELHH
2016-11-29T14:30:00Z,Imports & Exports,664.000,Elexon BMRS FUELHH
2016-11-29T14:30:00Z,Nuclear,8344.000,Elexon BMRS FUELHH
2016-11-29T14:30:00Z,Other,1987.000,Elexon BMRS FUELHH
2016-11-29T14:30:00Z,Pumped Storage,350.000,Elexon BMRS FUELHH
2016-11-29T14:30:00Z,Wind,1753.000,Elexon BMRS FUELHH
2016-11-29T15:00:00Z,Coal,6924.000,Elexon BMRS FUELHH
2016-11-29T15:00:00Z,Gas,23031.000,Elexon BMRS FUELHH
2016-11-29T15:00:00Z,Hydro,349.000,Elexon BMRS FUELHH
2016-11-29T15:00:00Z,Imports & Exports,1058.000,Elexon BMRS FUELHH
2016-11-29T15:00:00Z,Nuclear,8350.000,Elexon BMRS FUELHH
2016-11-29T15:00:00Z,Other,1988.000,Elexon BMRS FUELHH
2016-11-29T15:00:00Z,Pumped Storage,330.000,Elexon BMRS FUELHH
2016-11-29T15:00:00Z,Wind,1829.000,Elexon BMRS FUELHH
2016-11-29T15:30:00Z,Coal,7431.000,Elexon BMRS FUELHH
2016-11-29T15:30:00Z,Gas,23073.000,Elexon BMRS FUELHH
2016-11-29T15:30:00Z,Hydro,381.000,Elexon BMRS FUELHH
2016-11-29T15:30:00Z,Imports & Exports,1178.000,Elexon BMRS FUELHH
2016-11-29T15:30:00Z,Nuclear,8336.000,Elexon BMRS FUELHH
2016-11-29T15:30:00Z,Other,1993.000,Elexon BMRS FUELHH
2016-11-29T15:30:00Z,Pumped Storage,856.000,Elexon BMRS FUELHH
2016-11-29T15:30:00Z,Wind,1940.000,Elexon BMRS FUELHH
2016-11-29T16:00:00Z,Coal,8182.000,Elexon BMRS FUELHH
2016-11-29T16:00:00Z,Gas,23260.000,Elexon BMRS FUELHH
2016-11-29T16:00:00Z,Hydro,486.000,Elexon BMRS FUELHH
2016-11-29T16:00:00Z,Imports & Exports,2212.000,Elexon BMRS FUELHH
2016-11-29T16:00:00Z,Nuclear,8340.000,Elexon BMRS FUELHH
2016-11-29T16:00:00Z,Other,1958.000,Elexon BMRS FUELHH
2016-11-29T16:00:00Z,Pumped Storage,976.000,Elexon BMRS FUELHH
2016-11-29T16:00:00Z,Wind,1996.000,Elexon BMRS FUELHH
2016-11-29T16:30:00Z,Coal,8412.000,Elexon BMRS FUELHH
2016-11-29T16:30:00Z,Gas,23936.000,Elexon BMRS FUELHH
2016-11-29T16:30:00Z,Hydro,864.000,Elexon BMRS FUELHH
2016-11-29T16:30:00Z,Imports & Exports,2262.000,Elexon BMRS FUELHH
2016-11-29T16:30:00Z,Nuclear,8337.000,Elexon BMRS FUELHH
2016-11-29T16:30:00Z,Other,1991.000,Elexon BMRS FUELHH
2016-11-29T16:30:00Z,Pumped Storage,1524.000,Elexon BMRS FUELHH
2016-11-29T16:30:00Z,Wind,1976.000,Elexon BMRS FUELHH
2016-11-29T17:00:00Z,Coal,8230.000,Elexon BMRS FUELHH
2016-11-29T17:00:00Z,Gas,24582.000,Elexon BMRS FUELHH
2016-11-29T17:00:00Z,Hydro,903.000,Elexon BMRS FUELHH
2016-11-29T17:00:00Z,Imports & Exports,2176.000,Elexon BMRS FUELHH
2016-11-29T17:00:00Z,Nuclear,8336.000,Elexon BMRS FUELHH
2016-11-29T17:00:00Z,Other,2089.000,Elexon BMRS FUELHH
2016-11-29T17:00:00Z,Pumped Storage,1530.000,Elexon BMRS FUELHH
2016-11-29T17:00:00Z,Wind,1983.000,Elexon BMRS FUELHH
2016-11-29T17:30:00Z,Coal,8231.000,Elexon BMRS FUELHH
2016-11-29T17:30:00Z,Gas,24346.000,Elexon BMRS FUELHH
2016-11-29T17:30:00Z,Hydro,901.000,Elexon BMRS FUELHH
2016-11-29T17:30:00Z,Imports & Exports,2172.000,Elexon BMRS FUELHH
2016-11-29T17:30:00Z,Nuclear,8338.000,Elexon BMRS FUELHH
2016-11-29T17:30:00Z,Other,2093.000,Elexon BMRS FUELHH
2016-11-29T17:30:00Z,Pumped Storage,1488.000,Elexon BMRS FUELHH
2016-11-29T17:30:00Z,Wind,1966.000,Elexon BMRS FUELHH
2016-11-29T18:00:00Z,Coal,8733.000,Elexon BMRS FUELHH
2016-11-29T18:00:00Z,Gas,24316.000,Elexon BMRS FUELHH
2016-11-29T18:00:00Z,Hydro,529.000,Elexon BMRS FUELHH
2016-11-29T18:00:00Z,Imports & Exports,2014.000,Elexon BMRS FUELHH
2016-11-29T18:00:00Z,Nuclear,8343.000,Elexon BMRS FUELHH
2016-11-29T18:00:00Z,Other,2059.000,Elexon BMRS FUELHH
2016-11-29T18:00:00Z,Pumped Storage,1214.000,Elexon BMRS FUELHH
2016-11-29T18:00:00Z,Wind,2081.000,Elexon BMRS FUELHH
2016-11-29T18:30:00Z,Coal,8599.000,Elexon BMRS FUELHH
2016-11-29T18:30:00Z,Gas,24325.000,Elexon BMRS FUELHH
2016-11-29T18:30:00Z,Hydro,458.000,Elexon BMRS FUELHH
2016-11-29T18:30:00Z,Imports & Exports,1850.000,Elexon BMRS FUELHH
2016-11-29T18:30:00Z,Nuclear,8341.000,Elexon BMRS FUELHH
2016-11-29T18:30:00Z,Other,2077.000,Elexon BMRS FUELHH
2016-11-29T18:30:00Z,Pumped Storage,1426.000,Elexon BMRS FUELHH
2016-11-29T18:30:00Z,Wind,2008.000,Elexon BMRS FUELHH
2016-11-29T19:00:00Z,Coal,8606.000,Elexon BMRS FUELHH
2016-11-29T19:00:00Z,Gas,24270.000,Elexon BMRS FUELHH
2016-11-29T19:00:00Z,Hydro,437.000,Elexon BMRS FUELHH
2016-11-29T19:00:00Z,Imports & Exports,1530.000,Elexon BMRS FUELHH
2016-11-29T19:00:00Z,Nuclear,8342.000,Elexon BMRS FUELHH
2016-11-29T19:00:00Z,Other,2032.000,Elexon BMRS FUELHH
2016-11-29T19:00:00Z,Pumped Storage,1720.000,Elexon BMRS FUELHH
2016-11-29T19:00:00Z,Wind,1845.000,Elexon BMRS FUELHH
2016-11-29T19:30:00Z,Coal,8615.000,Elexon BMRS FUELHH
2016-11-29T19:30:00Z,Gas,23987.000,Elexon BMRS FUELHH
2016-11-29T19:30:00Z,Hydro,303.000,Elexon BMRS FUELHH
2016-11-29T19:30:00Z,Imports & Exports,1586.000,Elexon BMRS FUELHH
2016-11-29T19:30:00Z,Nuclear,8347.000,Elexon BMRS FUELHH
2016-11-29T19:30:00Z,Other,1944.000,Elexon BMRS FUELHH
2016-11-29T19:30:00Z,Pumped Storage,1092.000,Elexon BMRS FUELHH
2016-11-29T19:30:00Z,Wind,1853.000,Elexon BMRS FUELHH
2016-11-29T20:00:00Z,Coal,8361.000,Elexon BMRS FUELHH
2016-11-29T20:00:00Z,Gas,24125.000,Elexon BMRS FUELHH
2016-11-29T20:00:00Z,Hydro,182.000,Elexon BMRS FUELHH
2016-11-29T20:00:00Z,Imports & Exports,1000.000,Elexon BMRS FUELHH
2016-11-29T20:00:00Z,Nuclear,8337.000,Elexon BMRS FUELHH
2016-11-29T20:00:00Z,Other,1875.000,Elexon BMRS FUELHH
2016-11-29T20:00:00Z,Pumped Storage,1094.000,Elexon BMRS FUELHH
2016-11-29T20:00:00Z,Wind,1830.000,Elexon BMRS FUELHH
2016-11-29T20:30:00Z,Coal,7421.000,Elexon BMRS FUELHH
2016-11-29T20:30:00Z,Gas,23700.000,Elexon BMRS FUELHH
2016-11-29T20:30:00Z,Hydro,169.000,Elexon BMRS FUELHH
2016-11-29T20:30:00Z,Imports & Exports,1008.000,Elexon BMRS FUELHH
2016-11-29T20:30:00Z,Nuclear,8348.000,Elexon BMRS FUELHH
2016-11-29T20:30:00Z,Other,1868.000,Elexon BMRS FUELHH
2016-11-29T20:30:00Z,Pumped Storage,444.000,Elexon BMRS FUELHH
2016-11-29T20:30:00Z,Wind,1868.000,Elexon BMRS FUELHH
2016-11-29T21:00:00Z,Coal,6674.000,Elexon BMRS FUELHH
2016-11-29T21:00:00Z,Gas,23648.000,Elexon BMRS FUELHH
2016-11-29T21:00:00Z,Hydro,96.000,Elexon BMRS FUELHH
2016-11-29T21:00:00Z,Imports & Exports,-378.000,Elexon BMRS FUELHH
2016-11-29T21:00:00Z,Nuclear,8343.000,Elexon BMRS FUELHH
2016-11-29T21:00:00Z,Other,1850.000,Elexon BMRS FUELHH
2016-11-29T21:00:00Z,Pumped Storage,530.000,Elexon BMRS FUELHH
2016-11-29T21:00:00Z,Wind,1882.000,Elexon BMRS FUELHH
2016-11-29T21:30:00Z,Coal,6068.000,Elexon BMRS FUELHH
2016-11-29T21:30:00Z,Gas,22572.000,Elexon BMRS FUELHH
2016-11-29T21:30:00Z,Hydro,102.000,Elexon BMRS FUELHH
2016-11-29T21:30:00Z,Imports & Exports,-386.000,Elexon BMRS FUELHH
2016-11-29T21:30:00Z,Nuclear,8347.000,Elexon BMRS FUELHH
2016-11-29T21:30:00Z,Other,1870.000,Elexon BMRS FUELHH
2016-11-29T21:30:00Z,Pumped Storage,358.000,Elexon BMRS FUELHH
2016-11-29T21:30:00Z,Wind,1852.000,Elexon BMRS FUELHH
2016-11-29T22:00:00Z,Coal,5288.000,Elexon BMRS FUELHH
2016-11-29T22:00:00Z,Gas,20779.000,Elexon BMRS FUELHH
2016-11-29T22:00:00Z,Hydro,102.000,Elexon BMRS FUELHH
2016-11-29T22:00:00Z,Imports & Exports,-300.000,Elexon BMRS FUELHH
2016-11-29T22:00:00Z,Nuclear,8345.000,Elexon BMRS FUELHH
2016-11-29T22:00:00Z,Other,1861.000,Elexon BMRS FUELHH
2016-11-29T22:00:00Z,Pumped Storage,422.000,Elexon BMRS FUELHH
2016-11-29T22:00:00Z,Wind,1879.000,Elexon BMRS FUELHH
2016-11-29T22:30:00Z,Coal,4691.000,Elexon BMRS FUELHH
2016-11-29T22:30:00Z,Gas,19085.000,Elexon BMRS FUELHH
2016-11-29T22:30:00Z,Hydro,103.000,Elexon BMRS FUELHH
2016-11-29T22:30:00Z,Imports & Exports,-262.000,Elexon BMRS FUELHH
2016-11-29T22:30:00Z,Nuclear,8340.000,Elexon BMRS FUELHH
2016-11-29T22:30:00Z,Other,1877.000,Elexon BMRS FUELHH
2016-11-29T22:30:00Z,Pumped Storage,382.000,Elexon BMRS FUELHH
2016-11-29T22:30:00Z,Wind,1814.000,Elexon BMRS FUELHH
2016-11-29T23:00:00Z,Coal,4364.000,Elexon BMRS FUELHH
2016-11-29T23:00:00Z,Gas,17611.000,Elexon BMRS FUELHH
2016-11-29T23:00:00Z,Hydro,104.000,Elexon BMRS FUELHH
2016-11-29T23:00:00Z,Imports & Exports,-110.000,Elexon BMRS FUELHH
2016-11-29T23:00:00Z,Nuclear,8342.000,Elexon BMRS FUELHH
2016-11-29T23:00:00Z,Other,1943.000,Elexon BMRS FUELHH
2016-11-29T23:00:00Z,Pumped Storage,-560.000,Elexon BMRS FUELHH
2016-11-29T23:00:00Z,Wind,1845.000,Elexon BMRS FUELHH
2016-11-29T23:30:00Z,Coal,4246.000,Elexon BMRS FUELHH
2016-11-29T23:30:00Z,Gas,17156.000,Elexon BMRS FUELHH
2016-11-29T23:30:00Z,Hydro,104.000,Elexon BMRS FUELHH
2016-11-29T23:30:00Z,Imports & Exports,-4.000,Elexon BMRS FUELHH
2016-11-29T23:30:00Z,Nuclear,8342.000,Elexon BMRS FUELHH
2016-11-29T23:30:00Z,Other,1853.000,Elexon BMRS FUELHH
2016-11-29T23:30:00Z,Pumped Storage,-1686.000,Elexon BMRS FUELHH
2016-11-29T23:30:00Z,Wind,1796.000,Elexon BMRS FUELHH
2016-11-30T00:00:00Z,Coal,4226.000,Elexon BMRS FUELHH
2016-11-30T00:00:00Z,Gas,17156.000,Elexon BMRS FUELHH
2016-11-30T00:00:00Z,Hydro,85.000,Elexon BMRS FUELHH
2016-11-30T00:00:00Z,Imports & Exports,104.000,Elexon BMRS FUELHH
2016-11-30T00:00:00Z,Nuclear,8340.000,Elexon BMRS FUELHH
2016-11-30T00:00:00Z,Other,1847.000,Elexon BMRS FUELHH
2016-11-30T00:00:00Z,Pumped Storage,-2112.000,Elexon BMRS FUELHH
2016-11-30T00:00:00Z,Wind,1805.000,Elexon BMRS FUELHH
2016-11-30T00:30:00Z,Coal,4313.000,Elexon BMRS FUELHH
2016-11-30T00:30:00Z,Gas,17289.000,Elexon BMRS FUELHH
2016-11-30T00:30:00Z,Hydro,82.000,Elexon BMRS FUELHH
2016-11-30T00:30:00Z,Imports & Exports,216.000,Elexon BMRS FUELHH
2016-11-30T00:30:00Z,Nuclear,8343.000,Elexon BMRS FUELHH
2016-11-30T00:30:00Z,Other,1851.000,Elexon BMRS FUELHH
2016-11-30T00:30:00Z,Pumped Storage,-2170.000,Elexon BMRS FUELHH
2016-11-30T00:30:00Z,Wind,1833.000,Elexon BMRS FUELHH
2016-11-30T01:00:00Z,Coal,4240.000,Elexon BMRS FUELHH
2016-11-30T01:00:00Z,Gas,17030.000,Elexon BMRS FUELHH
2016-11-30T01:00:00Z,Hydro,65.000,Elexon BMRS FUELHH
2016-11-30T01:00:00Z,Imports & Exports,274.000,Elexon BMRS FUELHH
2016-11-30T01:00:00Z,Nuclear,8349.000,Elexon BMRS FUELHH
2016-11-30T01:00:00Z,Other,1851.000,Elexon BMRS FUELHH
2016-11-30T01:00:00Z,Pumped Storage,-2168.000,Elexon BMRS FUELHH
2016-11-30T01:00:00Z,Wind,1928.000,Elexon BMRS FUELHH
2016-11-30T01:30:00Z,Coal,4096.000,Elexon BMRS FUELHH
2016-11-30T01:30:00Z,Gas,16294.000,Elexon BMRS FUELHH
2016-11-30T01:30:00Z,Hydro,63.000,Elexon BMRS FUELHH
2016-11-30T01:30:00Z,Imports & Exports,266.000,Elexon BMRS FUELHH
2016-11-30T01:30:00Z,Nuclear,8348.000,Elexon BMRS FUELHH
2016-11-30T01:30:00Z,Other,1854.000,Elexon BMRS FUELHH
2016-11-30T01:30:00Z,Pumped Storage,-2152.000,Elexon BMRS FUELHH
2016-11-30T01:30:00Z,Wind,2041.000,Elexon BMRS FUELHH
2016-11-30T02:00:00Z,Coal,3968.000,Elexon BMRS FUELHH
2016-11-30T02:00:00Z,Gas,15717.000,Elexon BMRS FUELHH
2016-11-30T02:00:00Z,Hydro,63.000,Elexon BMRS FUELHH
2016-11-30T02:00:00Z,Imports & Exports,392.000,Elexon BMRS FUELHH
2016-11-30T02:00:00Z,Nuclear,8353.000,Elexon BMRS FUELHH
2016-11-30T02:00:00Z,Other,1853.000,Elexon BMRS FUELHH
2016-11-30T02:00:00Z,Pumped Storage,-2144.000,Elexon BMRS FUELHH
2016-11-30T02:00:00Z,Wind,2138.000,Elexon BMRS FUELHH
2016-11-30T02:30:00Z,Coal,3785.000,Elexon BMRS FUELHH
2016-11-30T02:30:00Z,Gas,15738.000,Elexon BMRS FUELHH
2016-11-30T02:30:00Z,Hydro,62.000,Elexon BMRS FUELHH
2016-11-30T02:30:00Z,Imports & Exports,396.000,Elexon BMRS FUELHH
2016-11-30T02:30:00Z,Nuclear,8355.000,Elexon BMRS FUELHH
2016-11-30T02:30:00Z,Other,1852.000,Elexon BMRS FUELHH
2016-11-30T02:30:00Z,Pumped Storage,-2136.000,Elexon BMRS FUELHH
2016-11-30T02:30:00Z,Wind,2193.000,Elexon BMRS FUELHH
2016-11-30T03:00:00Z,Coal,3741.000,Elexon BMRS FUELHH
2016-11-30T03:00:00Z,Gas,15484.000,Elexon BMRS FUELHH
2016-11-30T03:00:00Z,Hydro,61.000,Elexon BMRS FUELHH
2016-11-30T03:00:00Z,Imports & Exports,290.000,Elexon BMRS FUELHH
2016-11-30T03:00:00Z,Nuclear,8352.000,Elexon BMRS FUELHH
2016-11-30T03:00:00Z,Other,1854.000,Elexon BMRS FUELHH
2016-11-30T03:00:00Z,Pumped Storage,-2252.000,Elexon BMRS FUELHH
2016-11-30T03:00:00Z,Wind,2351.000,Elexon BMRS FUELHH
2016-11-30T03:30:00Z,Coal,3744.000,Elexon BMRS FUELHH
2016-11-30T03:30:00Z,Gas,14847.000,Elexon BMRS FUELHH
2016-11-30T03:30:00Z,Hydro,60.000,Elexon BMRS FUELHH
2016-11-30T03:30:00Z,Imports & Exports,290.000,Elexon BMRS FUELHH
2016-11-30T03:30:00Z,Nuclear,8357.000,Elexon BMRS FUELHH
2016-11-30T03:30:00Z,Other,1853.000,Elexon BMRS FUELHH
2016-11-30T03:30:00Z,Pumped Storage,-2250.000,Elexon BMRS FUELHH
2016-11-30T03:30:00Z,Wind,2546.000,Elexon BMRS FUELHH
2016-11-30T04:00:00Z,Coal,3764.000,Elexon BMRS FUELHH
2016-11-30T04:00:00Z,Gas,14623.000,Elexon BMRS FUELHH
2016-11-30T04:00:00Z,Hydro,60.000,Elexon BMRS FUELHH
2016-11-30T04:00:00Z,Imports & Exports,276.000,Elexon BMRS FUELHH
2016-11-30T04:00:00Z,Nuclear,8359.000,Elexon BMRS FUELHH
2016-11-30T04:00:00Z,Other,1846.000,Elexon BMRS FUELHH
2016-11-30T04:00:00Z,Pumped Storage,-2234.000,Elexon BMRS FUELHH
2016-11-30T04:00:00Z,Wind,2545.000,Elexon BMRS FUELHH
2016-11-30T04:30:00Z,Coal,3749.000,Elexon BMRS FUELHH
2016-11-30T04:30:00Z,Gas,14540.000,Elexon BMRS FUELHH
2016-11-30T04:30:00Z,Hydro,60.000,Elexon BMRS FUELHH
2016-11-30T04:30:00Z,Imports & Exports,276.000,Elexon BMRS FUELHH
2016-11-30T04:30:00Z,Nuclear,8361.000,Elexon BMRS FUELHH
2016-11-30T04:30:00Z,Other,1850.000,Elexon BMRS FUELHH
2016-11-30T04:30:00Z,Pumped Storage,-2228.000,Elexon BMRS FUELHH
2016-11-30T04:30:00Z,Wind,2708.000,Elexon BMRS FUELHH
2016-11-30T05:00:00Z,Coal,3757.000,Elexon BMRS FUELHH
2016-11-30T05:00:00Z,Gas,15134.000,Elexon BMRS FUELHH
2016-11-30T05:00:00Z,Hydro,61.000,Elexon BMRS FUELHH
2016-11-30T05:00:00Z,Imports & Exports,136.000,Elexon BMRS FUELHH
2016-11-30T05:00:00Z,Nuclear,8358.000,Elexon BMRS FUELHH
2016-11-30T05:00:00Z,Other,1844.000,Elexon BMRS FUELHH
2016-11-30T05:00:00Z,Pumped Storage,-2090.000,Elexon BMRS FUELHH
2016-11-30T05:00:00Z,Wind,2798.000,Elexon BMRS FUELHH
2016-11-30T05:30:00Z,Coal,3938.000,Elexon BMRS FUELHH
2016-11-30T05:30:00Z,Gas,16029.000,Elexon BMRS FUELHH
2016-11-30T05:30:00Z,Hydro,62.000,Elexon BMRS FUELHH
2016-11-30T05:30:00Z,Imports & Exports,126.000,Elexon BMRS FUELHH
2016-11-30T05:30:00Z,Nuclear,8355.000,Elexon BMRS FUELHH
2016-11-30T05:30:00Z,Other,1869.000,Elexon BMRS FUELHH
2016-11-30T05:30:00Z,Pumped Storage,-1768.000,Elexon BMRS FUELHH
2016-11-30T05:30:00Z,Wind,2876.000,Elexon BMRS FUELHH
2016-11-30T06:00:00Z,Coal,4402.000,Elexon BMRS FUELHH
2016-11-30T06:00:00Z,Gas,18112.000,Elexon BMRS FUELHH
2016-11-30T06:00:00Z,Hydro,77.000,Elexon BMRS FUELHH
2016-11-30T06:00:00Z,Imports & Exports,-62.000,Elexon BMRS FUELHH
2016-11-30T06:00:00Z,Nuclear,8354.000,Elexon BMRS FUELHH
2016-11-30T06:00:00Z,Other,1882.000,Elexon BMRS FUELHH
2016-11-30T06:00:00Z,Pumped Storage,-726.000,Elexon BMRS FUELHH
2016-11-30T06:00:00Z,Wind,3014.000,Elexon BMRS FUELHH
2016-11-30T06:30:00Z,Coal,5802.000,Elexon BMRS FUELHH
2016-11-30T06:30:00Z,Gas,19361.000,Elexon BMRS FUELHH
2016-11-30T06:30:00Z,Hydro,76.000,Elexon BMRS FUELHH
2016-11-30T06:30:00Z,Imports & Exports,-70.000,Elexon BMRS FUELHH
2016-11-30T06:30:00Z,Nuclear,8355.000,Elexon BMRS FUELHH
2016-11-30T06:30:00Z,Other,1883.000,Elexon BMRS FUELHH
2016-11-30T06:30:00Z,Pumped Storage,88.000,Elexon BMRS FUELHH
2016-11-30T06:30:00Z,Wind,3064.000,Elexon BMRS FUELHH
2016-11-30T07:00:00Z,Coal,7648.000,Elexon BMRS FUELHH
2016-11-30T07:00:00Z,Gas,21622.000,Elexon BMRS FUELHH
2016-11-30T07:00:00Z,Hydro,155.000,Elexon BMRS FUELHH
2016-11-30T07:00:00Z,Imports & Exports,-72.000,Elexon BMRS FUELHH
2016-11-30T07:00:00Z,Nuclear,8355.000,Elexon BMRS FUELHH
2016-11-30T07:00:00Z,Other,1891.000,Elexon BMRS FUELHH
2016-11-30T07:00:00Z,Pumped Storage,502.000,Elexon BMRS FUELHH
2016-11-30T07:00:00Z,Wind,2986.000,Elexon BMRS FUELHH
2016-11-30T07:30:00Z,Coal,8171.000,Elexon BMRS FUELHH
2016-11-30T07:30:00Z,Gas,22571.000,Elexon BMRS FUELHH
2016-11-30T07:30:00Z,Hydro,174.000,Elexon BMRS FUELHH
2016-11-30T07:30:00Z,Imports & Exports,-98.000,Elexon BMRS FUELHH
2016-11-30T07:30:00Z,Nuclear,8354.000,Elexon BMRS FUELHH
2016-11-30T07:30:00Z,Other,1893.000,Elexon BMRS FUELHH
2016-11-30T07:30:00Z,Pumped Storage,278.000,Elexon BMRS FUELHH
2016-11-30T07:30:00Z,Wind,3239.000,Elexon BMRS FUELHH
2016-11-30T08:00:00Z,Coal,8106.000,Elexon BMRS FUELHH
2016-11-30T08:00:00Z,Gas,22919.000,Elexon BMRS FUELHH
2016-11-30T08:00:00Z,Hydro,174.000,Elexon BMRS FUELHH
2016-11-30T08:00:00Z,Imports & Exports,-124.000,Elexon BMRS FUELHH
2016-11-30T08:00:00Z,Nuclear,8344.000,Elexon BMRS FUELHH
2016-11-30T08:00:00Z,Other,1942.000,Elexon BMRS FUELHH
2016-11-30T08:00:00Z,Pumped Storage,626.000,Elexon BMRS FUELHH
2016-11-30T08:00:00Z,Wind,3299.000,Elexon BMRS FUELHH
2016-11-30T08:30:00Z,Coal,7693.000,Elexon BMRS FUELHH
2016-11-30T08:30:00Z,Gas,23105.000,Elexon BMRS FUELHH
2016-11-30T08:30:00Z,Hydro,180.000,Elexon BMRS FUELHH
2016-11-30T08:30:00Z,Imports & Exports,-114.000,Elexon BMRS FUELHH
2016-11-30T08:30:00Z,Nuclear,8345.000,Elexon BMRS FUELHH
2016-11-30T08:30:00Z,Other,1952.000,Elexon BMRS FUELHH
2016-11-30T08:30:00Z,Pumped Storage,424.000,Elexon BMRS FUELHH
2016-11-30T08:30:00Z,Wind,3277.000,Elexon BMRS FUELHH
2016-11-30T09:00:00Z,Coal,7977.000,Elexon BMRS FUELHH
2016-11-30T09:00:00Z,Gas,23152.000,Elexon BMRS FUELHH
2016-11-30T09:00:00Z,Hydro,212.000,Elexon BMRS FUELHH
2016-11-30T09:00:00Z,Imports & Exports,-330.000,Elexon BMRS FUELHH
2016-11-30T09:00:00Z,Nuclear,8345.000,Elexon BMRS FUELHH
2016-11-30T09:00:00Z,Other,1948.000,Elexon BMRS FUELHH
2016-11-30T09:00:00Z,Pumped Storage,502.000,Elexon BMRS FUELHH
2016-11-30T09:00:00Z,Wind,3283.000,Elexon BMRS FUELHH
2016-11-30T09:30:00Z,Coal,7795.000,Elexon BMRS FUELHH
2016-11-30T09:30:00Z,Gas,23066.000,Elexon BMRS FUELHH
2016-11-30T09:30:00Z,Hydro,214.000,Elexon BMRS FUELHH
2016-11-30T09:30:00Z,Imports & Exports,-320.000,Elexon BMRS FUELHH
2016-11-30T09:30:00Z,Nuclear,8347.000,Elexon BMRS FUELHH
2016-11-30T09:30:00Z,Other,1944.000,Elexon BMRS FUELHH
2016-11-30T09:30:00Z,Pumped Storage,390.000,Elexon BMRS FUELHH
2016-11-30T09:30:00Z,Wind,3284.000,Elexon BMRS FUELHH
2016-11-30T10:00:00Z,Coal,7745.000,Elexon BMRS FUELHH
2016-11-30T10:00:00Z,Gas,22590.000,Elexon BMRS FUELHH
2016-11-30T10:00:00Z,Hydro,197.000,Elexon BMRS FUELHH
2016-11-30T10:00:00Z,Imports & Exports,-390.000,Elexon BMRS FUELHH
2016-11-30T10:00:00Z,Nuclear,8352.000,Elexon BMRS FUELHH
2016-11-30T10:00:00Z,Other,1957.000,Elexon BMRS FUELHH
2016-11-30T10:00:00Z,Pumped Storage,340.000,Elexon BMRS FUELHH
2016-11-30T10:00:00Z,Wind,3252.000,Elexon BMRS FUELHH
2016-11-30T10:30:00Z,Coal,7249.000,Elexon BMRS FUELHH
2016-11-30T10:30:00Z,Gas,22410.000,Elexon BMRS FUELHH
2016-11-30T10:30:00Z,Hydro,196.000,Elexon BMRS FUELHH
2016-11-30T10:30:00Z,Imports & Exports,-502.000,Elexon BMRS FUELHH
2016-11-30T10:30:00Z,Nuclear,8342.000,Elexon BMRS FUELHH
2016-11-30T10:30:00Z,Other,1957.000,Elexon BMRS FUELHH
2016-11-30T10:30:00Z,Pumped Storage,342.000,Elexon BMRS FUELHH
2016-11-30T10:30:00Z,Wind,3358.000,Elexon BMRS FUELHH
2016-11-30T11:00:00Z,Coal,6984.000,Elexon BMRS FUELHH
2016-11-30T11:00:00Z,Gas,22047.000,Elexon BMRS FUELHH
2016-11-30T11:00:00Z,Hydro,165.000,Elexon BMRS FUELHH
2016-11-30T11:00:00Z,Imports & Exports,-518.000,Elexon BMRS FUELHH
2016-11-30T11:00:00Z,Nuclear,8343.000,Elexon BMRS FUELHH
2016-11-30T11:00:00Z,Other,1957.000,Elexon BMRS FUELHH
2016-11-30T11:00:00Z,Pumped Storage,344.000,Elexon BMRS FUELHH
2016-11-30T11:00:00Z,Wind,3542.000,Elexon BMRS FUELHH
2016-11-30T11:30:00Z,Coal,6983.000,Elexon BMRS FUELHH
2016-11-30T11:30:00Z,Gas,21684.000,Elexon BMRS FUELHH
2016-11-30T11:30:00Z,Hydro,164.000,Elexon BMRS FUELHH
2016-11-30T11:30:00Z,Imports & Exports,-516.000,Elexon BMRS FUELHH
2016-11-30T11:30:00Z,Nuclear,8337.000,Elexon BMRS FUELHH
2016-11-30T11:30:00Z,Other,1956.000,Elexon BMRS FUELHH
2016-11-30T11:30:00Z,Pumped Storage,372.000,Elexon BMRS FUELHH
2016-11-30T11:30:00Z,Wind,3547.000,Elexon BMRS FUELHH
2016-11-30T12:00:00Z,Coal,6984.000,Elexon BMRS FUELHH
2016-11-30T12:00:00Z,Gas,21373.000,Elexon BMRS FUELHH
2016-11-30T12:00:00Z,Hydro,166.000,Elexon BMRS FUELHH
2016-11-30T12:00:00Z,Imports & Exports,-572.000,Elexon BMRS FUELHH
2016-11-30T12:00:00Z,Nuclear,8346.000,Elexon BMRS FUELHH
2016-11-30T12:00:00Z,Other,1956.000,Elexon BMRS FUELHH
2016-11-30T12:00:00Z,Pumped Storage,402.000,Elexon BMRS FUELHH
2016-11-30T12:00:00Z,Wind,3673.000,Elexon BMRS FUELHH
2016-11-30T12:30:00Z,Coal,7060.000,Elexon BMRS FUELHH
2016-11-30T12:30:00Z,Gas,21205.000,Elexon BMRS FUELHH
2016-11-30T12:30:00Z,Hydro,177.000,Elexon BMRS FUELHH
2016-11-30T12:30:00Z,Imports & Exports,-574.000,Elexon BMRS FUELHH
2016-11-30T12:30:00Z,Nuclear,8354.000,Elexon BMRS FUELHH
2016-11-30T12:30:00Z,Other,1909.000,Elexon BMRS FUELHH
2016-11-30T12:30:00Z,Pumped Storage,370.000,Elexon BMRS FUELHH
2016-11-30T12:30:00Z,Wind,3615.000,Elexon BMRS FUELHH
2016-11-30T13:00:00Z,Coal,7112.000,Elexon BMRS FUELHH
2016-11-30T13:00:00Z,Gas,21406.000,Elexon BMRS FUELHH
2016-11-30T13:00:00Z,Hydro,177.000,Elexon BMRS FUELHH
2016-11-30T13:00:00Z,Imports & Exports,-930.000,Elexon BMRS FUELHH
2016-11-30T13:00:00Z,Nuclear,8359.000,Elexon BMRS FUELHH
2016-11-30T13:00:00Z,Other,1895.000,Elexon BMRS FUELHH
2016-11-30T13:00:00Z,Pumped Storage,308.000,Elexon BMRS FUELHH
2016-11-30T13:00:00Z,Wind,3796.000,Elexon BMRS FUELHH
2016-11-30T13:30:00Z,Coal,7162.000,Elexon BMRS FUELHH
2016-11-30T13:30:00Z,Gas,21367.000,Elexon BMRS FUELHH
2016-11-30T13:30:00Z,Hydro,179.000,Elexon BMRS FUELHH
2016-11-30T13:30:00Z,Imports & Exports,-942.000,Elexon BMRS FUELHH
2016-11-30T13:30:00Z,Nuclear,8357.000,Elexon BMRS FUELHH
2016-11-30T13:30:00Z,Other,1889.000,Elexon BMRS FUELHH
2016-11-30T13:30:00Z,Pumped Storage,342.000,Elexon BMRS FUELHH
2016-11-30T13:30:00Z,Wind,3830.000,Elexon BMRS FUELHH
2016-11-30T14:00:00Z,Coal,7127.000,Elexon BMRS FUELHH
2016-11-30T14:00:00Z,Gas,21487.000,Elexon BMRS FUELHH
2016-11-30T14:00:00Z,Hydro,198.000,Elexon BMRS FUELHH
2016-11-30T14:00:00Z,Imports & Exports,-574.000,Elexon BMRS FUELHH
2016-11-30T14:00:00Z,Nuclear,8355.000,Elexon BMRS FUELHH
2016-11-30T14:00:00Z,Other,1891.000,Elexon BMRS FUELHH
2016-11-30T14:00:00Z,Pumped Storage,346.000,Elexon BMRS FUELHH
2016-11-30T14:00:00Z,Wind,3747.000,Elexon BMRS FUELHH
2016-11-30T14:30:00Z,Coal,7209.000,Elexon BMRS FUELHH
2016-11-30T14:30:00Z,Gas,21821.000,Elexon BMRS FUELHH
2016-11-30T14:30:00Z,Hydro,205.000,Elexon BMRS FUELHH
2016-11-30T14:30:00Z,Imports & Exports,-558.000,Elexon BMRS FUELHH
2016-11-30T14:30:00Z,Nuclear,8356.000,Elexon BMRS FUELHH
2016-11-30T14:30:00Z,Other,1892.000,Elexon BMRS FUELHH
2016-11-30T14:30:00Z,Pumped Storage,342.000,Elexon BMRS FUELHH
2016-11-30T14:30:00Z,Wind,3729.000,Elexon BMRS FUELHH
2016-11-30T15:00:00Z,Coal,7523.000,Elexon BMRS FUELHH
2016-11-30T15:00:00Z,Gas,22138.000,Elexon BMRS FUELHH
2016-11-30T15:00:00Z,Hydro,344.000,Elexon BMRS FUELHH
2016-11-30T15:00:00Z,Imports & Exports,-572.000,Elexon BMRS FUELHH
2016-11-30T15:00:00Z,Nuclear,8353.000,Elexon BMRS FUELHH
2016-11-30T15:00:00Z,Other,1893.000,Elexon BMRS FUELHH
2016-11-30T15:00:00Z,Pumped Storage,356.000,Elexon BMRS FUELHH
2016-11-30T15:00:00Z,Wind,3654.000,Elexon BMRS FUELHH
2016-11-30T15:30:00Z,Coal,8115.000,Elexon BMRS FUELHH
2016-11-30T15:30:00Z,Gas,23023.000,Elexon BMRS FUELHH
2016-11-30T15:30:00Z,Hydro,430.000,Elexon BMRS FUELHH
2016-11-30T15:30:00Z,Imports & Exports,-602.000,Elexon BMRS FUELHH
2016-11-30T15:30:00Z,Nuclear,8351.000,Elexon BMRS FUELHH
2016-11-30T15:30:00Z,Other,1892.000,Elexon BMRS FUELHH
2016-11-30T15:30:00Z,Pumped Storage,372.000,Elexon BMRS FUELHH
2016-11-30T15:30:00Z,Wind,3666.000,Elexon BMRS FUELHH
2016-11-30T16:00:00Z,Coal,8477.000,Elexon BMRS FUELHH
2016-11-30T16:00:00Z,Gas,23066.000,Elexon BMRS FUELHH
2016-11-30T16:00:00Z,Hydro,494.000,Elexon BMRS FUELHH
2016-11-30T16:00:00Z,Imports & Exports,770.000,Elexon BMRS FUELHH
2016-11-30T16:00:00Z,Nuclear,8350.000,Elexon BMRS FUELHH
2016-11-30T16:00:00Z,Other,1893.000,Elexon BMRS FUELHH
2016-11-30T16:00:00Z,Pumped Storage,336.000,Elexon BMRS FUELHH
2016-11-30T16:00:00Z,Wind,3774.000,Elexon BMRS FUELHH
2016-11-30T16:30:00Z,Coal,8882.000,Elexon BMRS FUELHH
2016-11-30T16:30:00Z,Gas,23477.000,Elexon BMRS FUELHH
2016-11-30T16:30:00Z,Hydro,616.000,Elexon BMRS FUELHH
2016-11-30T16:30:00Z,Imports & Exports,862.000,Elexon BMRS FUELHH
2016-11-30T16:30:00Z,Nuclear,8346.000,Elexon BMRS FUELHH
2016-11-30T16:30:00Z,Other,1893.000,Elexon BMRS FUELHH
2016-11-30T16:30:00Z,Pumped Storage,1036.000,Elexon BMRS FUELHH
2016-11-30T16:30:00Z,Wind,3874.000,Elexon BMRS FUELHH
2016-11-30T17:00:00Z,Coal,8701.000,Elexon BMRS FUELHH
2016-11-30T17:00:00Z,Gas,23180.000,Elexon BMRS FUELHH
2016-11-30T17:00:00Z,Hydro,653.000,Elexon BMRS FUELHH
2016-11-30T17:00:00Z,Imports & Exports,978.000,Elexon BMRS FUELHH
2016-11-30T17:00:00Z,Nuclear,8345.000,Elexon BMRS FUELHH
2016-11-30T17:00:00Z,Other,1900.000,Elexon BMRS FUELHH
2016-11-30T17:00:00Z,Pumped Storage,1426.000,Elexon BMRS FUELHH
2016-11-30T17:00:00Z,Wind,4026.000,Elexon BMRS FUELHH
2016-11-30T17:30:00Z,Coal,8598.000,Elexon BMRS FUELHH
2016-11-30T17:30:00Z,Gas,23156.000,Elexon BMRS FUELHH
2016-11-30T17:30:00Z,Hydro,677.000,Elexon BMRS FUELHH
2016-11-30T17:30:00Z,Imports & Exports,936.000,Elexon BMRS FUELHH
2016-11-30T17:30:00Z,Nuclear,8347.000,Elexon BMRS FUELHH
2016-11-30T17:30:00Z,Other,1974.000,Elexon BMRS FUELHH
2016-11-30T17:30:00Z,Pumped Storage,1104.000,Elexon BMRS FUELHH
2016-11-30T17:30:00Z,Wind,4064.000,Elexon BMRS FUELHH
2016-11-30T18:00:00Z,Coal,8138.000,Elexon BMRS FUELHH
2016-11-30T18:00:00Z,Gas,22983.000,Elexon BMRS FUELHH
2016-11-30T18:00:00Z,Hydro,708.000,Elexon BMRS FUELHH
2016-11-30T18:00:00Z,Imports & Exports,1300.000,Elexon BMRS FUELHH
2016-11-30T18:00:00Z,Nuclear,8340.000,Elexon BMRS FUELHH
2016-11-30T18:00:00Z,Other,1989.000,Elexon BMRS FUELHH
2016-11-30T18:00:00Z,Pumped Storage,988.000,Elexon BMRS FUELHH
2016-11-30T18:00:00Z,Wind,4118.000,Elexon BMRS FUELHH
2016-11-30T18:30:00Z,Coal,8208.000,Elexon BMRS FUELHH
2016-11-30T18:30:00Z,Gas,22856.000,Elexon BMRS FUELHH
2016-11-30T18:30:00Z,Hydro,578.000,Elexon BMRS FUELHH
2016-11-30T18:30:00Z,Imports & Exports,1292.000,Elexon BMRS FUELHH
2016-11-30T18:30:00Z,Nuclear,8341.000,Elexon BMRS FUELHH
2016-11-30T18:30:00Z,Other,1988.000,Elexon BMRS FUELHH
2016-11-30T18:30:00Z,Pumped Storage,744.000,Elexon BMRS FUELHH
2016-11-30T18:30:00Z,Wind,4213.000,Elexon BMRS FUELHH
2016-11-30T19:00:00Z,Coal,8284.000,Elexon BMRS FUELHH
2016-11-30T19:00:00Z,Gas,23136.000,Elexon BMRS FUELHH
2016-11-30T19:00:00Z,Hydro,348.000,Elexon BMRS FUELHH
2016-11-30T19:00:00Z,Imports & Exports,904.000,Elexon BMRS FUELHH
2016-11-30T19:00:00Z,Nuclear,8344.000,Elexon BMRS FUELHH
2016-11-30T19:00:00Z,Other,1988.000,Elexon BMRS FUELHH
2016-11-30T19:00:00Z,Pumped Storage,596.000,Elexon BMRS FUELHH
2016-11-30T19:00:00Z,Wind,4334.000,Elexon BMRS FUELHH
2016-11-30T19:30:00Z,Coal,7896.000,Elexon BMRS FUELHH
2016-11-30T19:30:00Z,Gas,22944.000,Elexon BMRS FUELHH
2016-11-30T19:30:00Z,Hydro,276.000,Elexon BMRS FUELHH
2016-11-30T19:30:00Z,Imports & Exports,772.000,Elexon BMRS FUELHH
2016-11-30T19:30:00Z,Nuclear,8338.000,Elexon BMRS FUELHH
2016-11-30T19:30:00Z,Other,1989.000,Elexon BMRS FUELHH
2016-11-30T19:30:00Z,Pumped Storage,352.000,Elexon BMRS FUELHH
2016-11-30T19:30:00Z,Wind,4420.000,Elexon BMRS FUELHH
2016-11-30T20:00:00Z,Coal,7603.000,Elexon BMRS FUELHH
2016-11-30T20:00:00Z,Gas,23139.000,Elexon BMRS FUELHH
2016-11-30T20:00:00Z,Hydro,239.000,Elexon BMRS FUELHH
2016-11-30T20:00:00Z,Imports & Exports,-376.000,Elexon BMRS FUELHH
2016-11-30T20:00:00Z,Nuclear,8342.000,Elexon BMRS FUELHH
2016-11-30T20:00:00Z,Other,1989.000,Elexon BMRS FUELHH
2016-11-30T20:00:00Z,Pumped Storage,342.000,Elexon BMRS FUELHH
2016-11-30T20:00:00Z,Wind,4344.000,Elexon BMRS FUELHH
2016-11-30T20:30:00Z,Coal,6563.000,Elexon BMRS FUELHH
2016-11-30T20:30:00Z,Gas,22469.000,Elexon BMRS FUELHH
2016-11-30T20:30:00Z,Hydro,223.000,Elexon BMRS FUELHH
2016-11-30T20:30:00Z,Imports & Exports,-342.000,Elexon BMRS FUELHH
2016-11-30T20:30:00Z,Nuclear,8340.000,Elexon BMRS FUELHH
2016-11-30T20:30:00Z,Other,1989.000,Elexon BMRS FUELHH
2016-11-30T20:30:00Z,Pumped Storage,510.000,Elexon BMRS FUELHH
2016-11-30T20:30:00Z,Wind,4245.000,Elexon BMRS FUELHH
2016-11-30T21:00:00Z,Coal,5836.000,Elexon BMRS FUELHH
2016-11-30T21:00:00Z,Gas,21755.000,Elexon BMRS FUELHH
2016-11-30T21:00:00Z,Hydro,126.000,Elexon BMRS FUELHH
2016-11-30T21:00:00Z,Imports & Exports,-698.000,Elexon BMRS FUELHH
2016-11-30T21:00:00Z,Nuclear,8355.000,Elexon BMRS FUELHH
2016-11-30T21:00:00Z,Other,1988.000,Elexon BMRS FUELHH
2016-11-30T21:00:00Z,Pumped Storage,366.000,Elexon BMRS FUELHH
2016-11-30T21:00:00Z,Wind,4263.000,Elexon BMRS FUELHH
2016-11-30T21:30:00Z,Coal,4572.000,Elexon BMRS FUELHH
2016-11-30T21:30:00Z,Gas,20729.000,Elexon BMRS FUELHH
2016-11-30T21:30:00Z,Hydro,127.000,Elexon BMRS FUELHH
2016-11-30T21:30:00Z,Imports & Exports,-610.000,Elexon BMRS FUELHH
2016-11-30T21:30:00Z,Nuclear,8343.000,Elexon BMRS FUELHH
2016-11-30T21:30:00Z,Other,1938.000,Elexon BMRS FUELHH
2016-11-30T21:30:00Z,Pumped Storage,464.000,Elexon BMRS FUELHH
2016-11-30T21:30:00Z,Wind,4113.000,Elexon BMRS FUELHH
2016-11-30T22:00:00Z,Coal,4129.000,Elexon BMRS FUELHH
2016-11-30T22:00:00Z,Gas,18421.000,Elexon BMRS FUELHH
2016-11-30T22:00:00Z,Hydro,152.000,Elexon BMRS FUELHH
2016-11-30T22:00:00Z,Imports & Exports,-364.000,Elexon BMRS FUELHH
2016-11-30T22:00:00Z,Nuclear,8349.000,Elexon BMRS FUELHH
2016-11-30T22:00:00Z,Other,1951.000,Elexon BMRS FUELHH
2016-11-30T22:00:00Z,Pumped Storage,382.000,Elexon BMRS FUELHH
2016-11-30T22:00:00Z,Wind,4084.000,Elexon BMRS FUELHH
2016-11-30T22:30:00Z,Coal,3877.000,Elexon BMRS FUELHH
2016-11-30T22:30:00Z,Gas,16709.000,Elexon BMRS FUELHH
2016-11-30T22:30:00Z,Hydro,150.000,Elexon BMRS FUELHH
2016-11-30T22:30:00Z,Imports & Exports,-330.000,Elexon BMRS FUELHH
2016-11-30T22:30:00Z,Nuclear,8346.000,Elexon BMRS FUELHH
2016-11-30T22:30:00Z,Other,1988.000,Elexon BMRS FUELHH
2016-11-30T22:30:00Z,Pumped Storage,276.000,Elexon BMRS FUELHH
2016-11-30T22:30:00Z,Wind,4093.000,Elexon BMRS FUELHH
2016-11-30T23:00:00Z,Coal,3512.000,Elexon BMRS FUELHH
2016-11-30T23:00:00Z,Gas,14531.000,Elexon BMRS FUELHH
2016-11-30T23:00:00Z,Hydro,148.000,Elexon BMRS FUELHH
2016-11-30T23:00:00Z,Imports & Exports,140.000,Elexon BMRS FUELHH
2016-11-30T23:00:00Z,Nuclear,8347.000,Elexon BMRS FUELHH
2016-11-30T23:00:00Z,Other,1987.000,Elexon BMRS FUELHH
2016-11-30T23:00:00Z,Pumped Storage,-150.000,Elexon BMRS FUELHH
2016-11-30T23:00:00Z,Wind,4089.000,Elexon BMRS FUELHH
