time,technology,generationMW,source
2024-02-01T00:00:00Z,Biomass,1186.000,Elexon BMRS FUELHH
2024-02-01T00:00:00Z,Coal,231.000,Elexon BMRS FUELHH
2024-02-01T00:00:00Z,Gas,2914.000,Elexon BMRS FUELHH
2024-02-01T00:00:00Z,Hydro,553.000,Elexon BMRS FUELHH
2024-02-01T00:00:00Z,Imports & Exports,4742.000,Elexon BMRS FUELHH
2024-02-01T00:00:00Z,Nuclear,3712.000,Elexon BMRS FUELHH
2024-02-01T00:00:00Z,Other,203.000,Elexon BMRS FUELHH
2024-02-01T00:00:00Z,Pumped Storage,-1928.000,Elexon BMRS FUELHH
2024-02-01T00:00:00Z,Wind,14307.000,Elexon BMRS FUELHH
2024-02-01T00:30:00Z,Biomass,1175.000,Elexon BMRS FUELHH
2024-02-01T00:30:00Z,Coal,230.000,Elexon BMRS FUELHH
2024-02-01T00:30:00Z,Gas,2952.000,Elexon BMRS FUELHH
2024-02-01T00:30:00Z,Hydro,541.000,Elexon BMRS FUELHH
2024-02-01T00:30:00Z,Imports & Exports,4766.000,Elexon BMRS FUELHH
2024-02-01T00:30:00Z,Nuclear,3710.000,Elexon BMRS FUELHH
2024-02-01T00:30:00Z,Other,235.000,Elexon BMRS FUELHH
2024-02-01T00:30:00Z,Pumped Storage,-1926.000,Elexon BMRS FUELHH
2024-02-01T00:30:00Z,Wind,14257.000,Elexon BMRS FUELHH
2024-02-01T01:00:00Z,Biomass,1187.000,Elexon BMRS FUELHH
2024-02-01T01:00:00Z,Coal,229.000,Elexon BMRS FUELHH
2024-02-01T01:00:00Z,Gas,2893.000,Elexon BMRS FUELHH
2024-02-01T01:00:00Z,Hydro,529.000,Elexon BMRS FUELHH
2024-02-01T01:00:00Z,Imports & Exports,4818.000,Elexon BMRS FUELHH
2024-02-01T01:00:00Z,Nuclear,3707.000,Elexon BMRS FUELHH
2024-02-01T01:00:00Z,Other,217.000,Elexon BMRS FUELHH
2024-02-01T01:00:00Z,Pumped Storage,-1904.000,Elexon BMRS FUELHH
2024-02-01T01:00:00Z,Wind,13888.000,Elexon BMRS FUELHH
2024-02-01T01:30:00Z,Biomass,1186.000,Elexon BMRS FUELHH
2024-02-01T01:30:00Z,Coal,230.000,Elexon BMRS FUELHH
2024-02-01T01:30:00Z,Gas,2825.000,Elexon BMRS FUELHH
2024-02-01T01:30:00Z,Hydro,508.000,Elexon BMRS FUELHH
2024-02-01T01:30:00Z,Imports & Exports,4792.000,Elexon BMRS FUELHH
2024-02-01T01:30:00Z,Nuclear,3709.000,Elexon BMRS FUELHH
2024-02-01T01:30:00Z,Other,187.000,Elexon BMRS FUELHH
2024-02-01T01:30:00Z,Pumped Storage,-1982.000,Elexon BMRS FUELHH
2024-02-01T01:30:00Z,Wind,13789.000,Elexon BMRS FUELHH
2024-02-01T02:00:00Z,Biomass,1224.000,Elexon BMRS FUELHH
2024-02-01T02:00:00Z,Coal,244.000,Elexon BMRS FUELHH
2024-02-01T02:00:00Z,Gas,3053.000,Elexon BMRS FUELHH
2024-02-01T02:00:00Z,Hydro,507.000,Elexon BMRS FUELHH
2024-02-01T02:00:00Z,Imports & Exports,4102.000,Elexon BMRS FUELHH
2024-02-01T02:00:00Z,Nuclear,3704.000,Elexon BMRS FUELHH
2024-02-01T02:00:00Z,Other,211.000,Elexon BMRS FUELHH
2024-02-01T02:00:00Z,Pumped Storage,-2028.000,Elexon BMRS FUELHH
2024-02-01T02:00:00Z,Wind,13579.000,Elexon BMRS FUELHH
2024-02-01T02:30:00Z,Biomass,1213.000,Elexon BMRS FUELHH
2024-02-01T02:30:00Z,Coal,256.000,Elexon BMRS FUELHH
2024-02-01T02:30:00Z,Gas,2941.000,Elexon BMRS FUELHH
2024-02-01T02:30:00Z,Hydro,509.000,Elexon BMRS FUELHH
2024-02-01T02:30:00Z,Imports & Exports,4084.000,Elexon BMRS FUELHH
2024-02-01T02:30:00Z,Nuclear,3709.000,Elexon BMRS FUELHH
2024-02-01T02:30:00Z,Other,193.000,Elexon BMRS FUELHH
2024-02-01T02:30:00Z,Pumped Storage,-2020.000,Elexon BMRS FUELHH
2024-02-01T02:30:00Z,Wind,13658.000,Elexon BMRS FUELHH
2024-02-01T03:00:00Z,Biomass,1213.000,Elexon BMRS FUELHH
2024-02-01T03:00:00Z,Coal,229.000,Elexon BMRS FUELHH
2024-02-01T03:00:00Z,Gas,2725.000,Elexon BMRS FUELHH
2024-02-01T03:00:00Z,Hydro,538.000,Elexon BMRS FUELHH
2024-02-01T03:00:00Z,Imports & Exports,4006.000,Elexon BMRS FUELHH
2024-02-01T03:00:00Z,Nuclear,3709.000,Elexon BMRS FUELHH
2024-02-01T03:00:00Z,Other,203.000,Elexon BMRS FUELHH
2024-02-01T03:00:00Z,Pumped Storage,-1992.000,Elexon BMRS FUELHH
2024-02-01T03:00:00Z,Wind,13253.000,Elexon BMRS FUELHH
2024-02-01T03:30:00Z,Biomass,1221.000,Elexon BMRS FUELHH
2024-02-01T03:30:00Z,Coal,230.000,Elexon BMRS FUELHH
2024-02-01T03:30:00Z,Gas,2725.000,Elexon BMRS FUELHH
2024-02-01T03:30:00Z,Hydro,541.000,Elexon BMRS FUELHH
2024-02-01T03:30:00Z,Imports & Exports,4016.000,Elexon BMRS FUELHH
2024-02-01T03:30:00Z,Nuclear,3711.000,Elexon BMRS FUELHH
2024-02-01T03:30:00Z,Other,196.000,Elexon BMRS FUELHH
2024-02-01T03:30:00Z,Pumped Storage,-1844.000,Elexon BMRS FUELHH
2024-02-01T03:30:00Z,Wind,12650.000,Elexon BMRS FUELHH
2024-02-01T04:00:00Z,Biomass,1236.000,Elexon BMRS FUELHH
2024-02-01T04:00:00Z,Coal,229.000,Elexon BMRS FUELHH
2024-02-01T04:00:00Z,Gas,2875.000,Elexon BMRS FUELHH
2024-02-01T04:00:00Z,Hydro,540.000,Elexon BMRS FUELHH
2024-02-01T04:00:00Z,Imports & Exports,3470.000,Elexon BMRS FUELHH
2024-02-01T04:00:00Z,Nuclear,3709.000,Elexon BMRS FUELHH
2024-02-01T04:00:00Z,Other,270.000,Elexon BMRS FUELHH
2024-02-01T04:00:00Z,Pumped Storage,-1486.000,Elexon BMRS FUELHH
2024-02-01T04:00:00Z,Wind,12297.000,Elexon BMRS FUELHH
2024-02-01T04:30:00Z,Biomass,1210.000,Elexon BMRS FUELHH
2024-02-01T04:30:00Z,Coal,229.000,Elexon BMRS FUELHH
2024-02-01T04:30:00Z,Gas,2836.000,Elexon BMRS FUELHH
2024-02-01T04:30:00Z,Hydro,540.000,Elexon BMRS FUELHH
2024-02-01T04:30:00Z,Imports & Exports,3430.000,Elexon BMRS FUELHH
2024-02-01T04:30:00Z,Nuclear,3711.000,Elexon BMRS FUELHH
2024-02-01T04:30:00Z,Other,241.000,Elexon BMRS FUELHH
2024-02-01T04:30:00Z,Pumped Storage,-1144.000,Elexon BMRS FUELHH
2024-02-01T04:30:00Z,Wind,12346.000,Elexon BMRS FUELHH
2024-02-01T05:00:00Z,Biomass,1332.000,Elexon BMRS FUELHH
2024-02-01T05:00:00Z,Coal,230.000,Elexon BMRS FUELHH
2024-02-01T05:00:00Z,Gas,3230.000,Elexon BMRS FUELHH
2024-02-01T05:00:00Z,Hydro,545.000,Elexon BMRS FUELHH
2024-02-01T05:00:00Z,Imports & Exports,2356.000,Elexon BMRS FUELHH
2024-02-01T05:00:00Z,Nuclear,3711.000,Elexon BMRS FUELHH
2024-02-01T05:00:00Z,Other,247.000,Elexon BMRS FUELHH
2024-02-01T05:00:00Z,Pumped Storage,-134.000,Elexon BMRS FUELHH
2024-02-01T05:00:00Z,Wind,12410.000,Elexon BMRS FUELHH
2024-02-01T05:30:00Z,Biomass,1802.000,Elexon BMRS FUELHH
2024-02-01T05:30:00Z,Coal,267.000,Elexon BMRS FUELHH
2024-02-01T05:30:00Z,Gas,4239.000,Elexon BMRS FUELHH
2024-02-01T05:30:00Z,Hydro,544.000,Elexon BMRS FUELHH
2024-02-01T05:30:00Z,Imports & Exports,2258.000,Elexon BMRS FUELHH
2024-02-01T05:30:00Z,Nuclear,3714.000,Elexon BMRS FUELHH
2024-02-01T05:30:00Z,Other,247.000,Elexon BMRS FUELHH
2024-02-01T05:30:00Z,Pumped Storage,136.000,Elexon BMRS FUELHH
2024-02-01T05:30:00Z,Wind,12151.000,Elexon BMRS FUELHH
2024-02-01T06:00:00Z,Biomass,2371.000,Elexon BMRS FUELHH
2024-02-01T06:00:00Z,Coal,445.000,Elexon BMRS FUELHH
2024-02-01T06:00:00Z,Gas,6866.000,Elexon BMRS FUELHH
2024-02-01T06:00:00Z,Hydro,594.000,Elexon BMRS FUELHH
2024-02-01T06:00:00Z,Imports & Exports,1730.000,Elexon BMRS FUELHH
2024-02-01T06:00:00Z,Nuclear,3712.000,Elexon BMRS FUELHH
2024-02-01T06:00:00Z,Other,358.000,Elexon BMRS FUELHH
2024-02-01T06:00:00Z,Pumped Storage,158.000,Elexon BMRS FUELHH
2024-02-01T06:00:00Z,Wind,11765.000,Elexon BMRS FUELHH
2024-02-01T06:30:00Z,Biomass,2847.000,Elexon BMRS FUELHH
2024-02-01T06:30:00Z,Coal,703.000,Elexon BMRS FUELHH
2024-02-01T06:30:00Z,Gas,9133.000,Elexon BMRS FUELHH
2024-02-01T06:30:00Z,Hydro,679.000,Elexon BMRS FUELHH
2024-02-01T06:30:00Z,Imports & Exports,1710.000,Elexon BMRS FUELHH
2024-02-01T06:30:00Z,Nuclear,3713.000,Elexon BMRS FUELHH
2024-02-01T06:30:00Z,Other,290.000,Elexon BMRS FUELHH
2024-02-01T06:30:00Z,Pumped Storage,178.000,Elexon BMRS FUELHH
2024-02-01T06:30:00Z,Wind,11626.000,Elexon BMRS FUELHH
2024-02-01T07:00:00Z,Biomass,3111.000,Elexon BMRS FUELHH
2024-02-01T07:00:00Z,Coal,942.000,Elexon BMRS FUELHH
2024-02-01T07:00:00Z,Gas,11611.000,Elexon BMRS FUELHH
2024-02-01T07:00:00Z,Hydro,816.000,Elexon BMRS FUELHH
2024-02-01T07:00:00Z,Imports & Exports,1876.000,Elexon BMRS FUELHH
2024-02-01T07:00:00Z,Nuclear,3708.000,Elexon BMRS FUELHH
2024-02-01T07:00:00Z,Other,351.000,Elexon BMRS FUELHH
2024-02-01T07:00:00Z,Pumped Storage,500.000,Elexon BMRS FUELHH
2024-02-01T07:00:00Z,Wind,11272.000,Elexon BMRS FUELHH
2024-02-01T07:30:00Z,Biomass,3145.000,Elexon BMRS FUELHH
2024-02-01T07:30:00Z,Coal,1155.000,Elexon BMRS FUELHH
2024-02-01T07:30:00Z,Gas,12180.000,Elexon BMRS FUELHH
2024-02-01T07:30:00Z,Hydro,843.000,Elexon BMRS FUELHH
2024-02-01T07:30:00Z,Imports & Exports,1858.000,Elexon BMRS FUELHH
2024-02-01T07:30:00Z,Nuclear,3707.000,Elexon BMRS FUELHH
2024-02-01T07:30:00Z,Other,751.000,Elexon BMRS FUELHH
2024-02-01T07:30:00Z,Pumped Storage,626.000,Elexon BMRS FUELHH
2024-02-01T07:30:00Z,Wind,10820.000,Elexon BMRS FUELHH
2024-02-01T08:00:00Z,Biomass,3166.000,Elexon BMRS FUELHH
2024-02-01T08:00:00Z,Coal,1306.000,Elexon BMRS FUELHH
2024-02-01T08:00:00Z,Gas,11290.000,Elexon BMRS FUELHH
2024-02-01T08:00:00Z,Hydro,844.000,Elexon BMRS FUELHH
2024-02-01T08:00:00Z,Imports & Exports,4468.000,Elexon BMRS FUELHH
2024-02-01T08:00:00Z,Nuclear,3706.000,Elexon BMRS FUELHH
2024-02-01T08:00:00Z,Other,602.000,Elexon BMRS FUELHH
2024-02-01T08:00:00Z,Pumped Storage,712.000,Elexon BMRS FUELHH
2024-02-01T08:00:00Z,Wind,10611.000,Elexon BMRS FUELHH
2024-02-01T08:30:00Z,Biomass,3147.000,Elexon BMRS FUELHH
2024-02-01T08:30:00Z,Coal,1132.000,Elexon BMRS FUELHH
2024-02-01T08:30:00Z,Gas,11785.000,Elexon BMRS FUELHH
2024-02-01T08:30:00Z,Hydro,850.000,Elexon BMRS FUELHH
2024-02-01T08:30:00Z,Imports & Exports,4634.000,Elexon BMRS FUELHH
2024-02-01T08:30:00Z,Nuclear,3708.000,Elexon BMRS FUELHH
2024-02-01T08:30:00Z,Other,407.000,Elexon BMRS FUELHH
2024-02-01T08:30:00Z,Pumped Storage,558.000,Elexon BMRS FUELHH
2024-02-01T08:30:00Z,Wind,10774.000,Elexon BMRS FUELHH
2024-02-01T09:00:00Z,Biomass,3157.000,Elexon BMRS FUELHH
2024-02-01T09:00:00Z,Coal,713.000,Elexon BMRS FUELHH
2024-02-01T09:00:00Z,Gas,11150.000,Elexon BMRS FUELHH
2024-02-01T09:00:00Z,Hydro,830.000,Elexon BMRS FUELHH
2024-02-01T09:00:00Z,Imports & Exports,6024.000,Elexon BMRS FUELHH
2024-02-01T09:00:00Z,Nuclear,3703.000,Elexon BMRS FUELHH
2024-02-01T09:00:00Z,Other,285.000,Elexon BMRS FUELHH
2024-02-01T09:00:00Z,Pumped Storage,432.000,Elexon BMRS FUELHH
2024-02-01T09:00:00Z,Wind,11028.000,Elexon BMRS FUELHH
2024-02-01T09:30:00Z,Biomass,3154.000,Elexon BMRS FUELHH
2024-02-01T09:30:00Z,Coal,720.000,Elexon BMRS FUELHH
2024-02-01T09:30:00Z,Gas,10948.000,Elexon BMRS FUELHH
2024-02-01T09:30:00Z,Hydro,764.000,Elexon BMRS FUELHH
2024-02-01T09:30:00Z,Imports & Exports,6056.000,Elexon BMRS FUELHH
2024-02-01T09:30:00Z,Nuclear,3708.000,Elexon BMRS FUELHH
2024-02-01T09:30:00Z,Other,239.000,Elexon BMRS FUELHH
2024-02-01T09:30:00Z,Pumped Storage,380.000,Elexon BMRS FUELHH
2024-02-01T09:30:00Z,Wind,10661.000,Elexon BMRS FUELHH
2024-02-01T10:00:00Z,Biomass,3146.000,Elexon BMRS FUELHH
2024-02-01T10:00:00Z,Coal,979.000,Elexon BMRS FUELHH
2024-02-01T10:00:00Z,Gas,10751.000,Elexon BMRS FUELHH
2024-02-01T10:00:00Z,Hydro,721.000,Elexon BMRS FUELHH
2024-02-01T10:00:00Z,Imports & Exports,5580.000,Elexon BMRS FUELHH
2024-02-01T10:00:00Z,Nuclear,3711.000,Elexon BMRS FUELHH
2024-02-01T10:00:00Z,Other,223.000,Elexon BMRS FUELHH
2024-02-01T10:00:00Z,Pumped Storage,112.000,Elexon BMRS FUELHH
2024-02-01T10:00:00Z,Wind,10568.000,Elexon BMRS FUELHH
2024-02-01T10:30:00Z,Biomass,3153.000,Elexon BMRS FUELHH
2024-02-01T10:30:00Z,Coal,954.000,Elexon BMRS FUELHH
2024-02-01T10:30:00Z,Gas,9816.000,Elexon BMRS FUELHH
2024-02-01T10:30:00Z,Hydro,668.000,Elexon BMRS FUELHH
2024-02-01T10:30:00Z,Imports & Exports,5570.000,Elexon BMRS FUELHH
2024-02-01T10:30:00Z,Nuclear,3712.000,Elexon BMRS FUELHH
2024-02-01T10:30:00Z,Other,230.000,Elexon BMRS FUELHH
2024-02-01T10:30:00Z,Pumped Storage,104.000,Elexon BMRS FUELHH
2024-02-01T10:30:00Z,Wind,10505.000,Elexon BMRS FUELHH
2024-02-01T11:00:00Z,Biomass,3151.000,Elexon BMRS FUELHH
2024-02-01T11:00:00Z,Coal,940.000,Elexon BMRS FUELHH
2024-02-01T11:00:00Z,Gas,9511.000,Elexon BMRS FUELHH
2024-02-01T11:00:00Z,Hydro,650.000,Elexon BMRS FUELHH
2024-02-01T11:00:00Z,Imports & Exports,5828.000,Elexon BMRS FUELHH
2024-02-01T11:00:00Z,Nuclear,3711.000,Elexon BMRS FUELHH
2024-02-01T11:00:00Z,Other,243.000,Elexon BMRS FUELHH
2024-02-01T11:00:00Z,Pumped Storage,96.000,Elexon BMRS FUELHH
2024-02-01T11:00:00Z,Wind,10269.000,Elexon BMRS FUELHH
2024-02-01T11:30:00Z,Biomass,3151.000,Elexon BMRS FUELHH
2024-02-01T11:30:00Z,Coal,965.000,Elexon BMRS FUELHH
2024-02-01T11:30:00Z,Gas,8843.000,Elexon BMRS FUELHH
2024-02-01T11:30:00Z,Hydro,650.000,Elexon BMRS FUELHH
2024-02-01T11:30:00Z,Imports & Exports,5814.000,Elexon BMRS FUELHH
2024-02-01T11:30:00Z,Nuclear,3711.000,Elexon BMRS FUELHH
2024-02-01T11:30:00Z,Other,245.000,Elexon BMRS FUELHH
2024-02-01T11:30:00Z,Pumped Storage,52.000,Elexon BMRS FUELHH
2024-02-01T11:30:00Z,Wind,10611.000,Elexon BMRS FUELHH
2024-02-01T12:00:00Z,Biomass,2100.000,Elexon BMRS FUELHH
2024-02-01T12:00:00Z,Coal,695.000,Elexon BMRS FUELHH
2024-02-01T12:00:00Z,Gas,6258.000,Elexon BMRS FUELHH
2024-02-01T12:00:00Z,Hydro,444.000,Elexon BMRS FUELHH
2024-02-01T12:00:00Z,Imports & Exports,3574.000,Elexon BMRS FUELHH
2024-02-01T12:00:00Z,Nuclear,2472.000,Elexon BMRS FUELHH
2024-02-01T12:00:00Z,Other,162.000,Elexon BMRS FUELHH
2024-02-01T12:00:00Z,Pumped Storage,58.000,Elexon BMRS FUELHH
2024-02-01T12:00:00Z,Wind,7051.000,Elexon BMRS FUELHH
2024-02-01T12:30:00Z,Biomass,3137.000,Elexon BMRS FUELHH
2024-02-01T12:30:00Z,Coal,1259.000,Elexon BMRS FUELHH
2024-02-01T12:30:00Z,Gas,8777.000,Elexon BMRS FUELHH
2024-02-01T12:30:00Z,Hydro,612.000,Elexon BMRS FUELHH
2024-02-01T12:30:00Z,Imports & Exports,5188.000,Elexon BMRS FUELHH
2024-02-01T12:30:00Z,Nuclear,3714.000,Elexon BMRS FUELHH
2024-02-01T12:30:00Z,Other,240.000,Elexon BMRS FUELHH
2024-02-01T12:30:00Z,Pumped Storage,100.000,Elexon BMRS FUELHH
2024-02-01T12:30:00Z,Wind,10723.000,Elexon BMRS FUELHH
2024-02-01T13:00:00Z,Biomass,3145.000,Elexon BMRS FUELHH
2024-02-01T13:00:00Z,Coal,1268.000,Elexon BMRS FUELHH
2024-02-01T13:00:00Z,Gas,9410.000,Elexon BMRS FUELHH
2024-02-01T13:00:00Z,Hydro,606.000,Elexon BMRS FUELHH
2024-02-01T13:00:00Z,Imports & Exports,3968.000,Elexon BMRS FUELHH
2024-02-01T13:00:00Z,Nuclear,3715.000,Elexon BMRS FUELHH
2024-02-01T13:00:00Z,Other,278.000,Elexon BMRS FUELHH
2024-02-01T13:00:00Z,Pumped Storage,100.000,Elexon BMRS FUELHH
2024-02-01T13:00:00Z,Wind,10800.000,Elexon BMRS FUELHH
2024-02-01T13:30:00Z,Biomass,3159.000,Elexon BMRS FUELHH
2024-02-01T13:30:00Z,Coal,1232.000,Elexon BMRS FUELHH
2024-02-01T13:30:00Z,Gas,9516.000,Elexon BMRS FUELHH
2024-02-01T13:30:00Z,Hydro,609.000,Elexon BMRS FUELHH
2024-02-01T13:30:00Z,Imports & Exports,3956.000,Elexon BMRS FUELHH
2024-02-01T13:30:00Z,Nuclear,3709.000,Elexon BMRS FUELHH
2024-02-01T13:30:00Z,Other,295.000,Elexon BMRS FUELHH
2024-02-01T13:30:00Z,Pumped Storage,22.000,Elexon BMRS FUELHH
2024-02-01T13:30:00Z,Wind,10645.000,Elexon BMRS FUELHH
2024-02-01T14:00:00Z,Biomass,3155.000,Elexon BMRS FUELHH
2024-02-01T14:00:00Z,Coal,1352.000,Elexon BMRS FUELHH
2024-02-01T14:00:00Z,Gas,10362.000,Elexon BMRS FUELHH
2024-02-01T14:00:00Z,Hydro,610.000,Elexon BMRS FUELHH
2024-02-01T14:00:00Z,Imports & Exports,3464.000,Elexon BMRS FUELHH
2024-02-01T14:00:00Z,Nuclear,3711.000,Elexon BMRS FUELHH
2024-02-01T14:00:00Z,Other,462.000,Elexon BMRS FUELHH
2024-02-01T14:00:00Z,Pumped Storage,246.000,Elexon BMRS FUELHH
2024-02-01T14:00:00Z,Wind,10200.000,Elexon BMRS FUELHH
2024-02-01T14:30:00Z,Biomass,3163.000,Elexon BMRS FUELHH
2024-02-01T14:30:00Z,Coal,1353.000,Elexon BMRS FUELHH
2024-02-01T14:30:00Z,Gas,10790.000,Elexon BMRS FUELHH
2024-02-01T14:30:00Z,Hydro,613.000,Elexon BMRS FUELHH
2024-02-01T14:30:00Z,Imports & Exports,3586.000,Elexon BMRS FUELHH
2024-02-01T14:30:00Z,Nuclear,3710.000,Elexon BMRS FUELHH
2024-02-01T14:30:00Z,Other,461.000,Elexon BMRS FUELHH
2024-02-01T14:30:00Z,Pumped Storage,50.000,Elexon BMRS FUELHH
2024-02-01T14:30:00Z,Wind,10237.000,Elexon BMRS FUELHH
2024-02-01T15:00:00Z,Biomass,3166.000,Elexon BMRS FUELHH
2024-02-01T15:00:00Z,Coal,1329.000,Elexon BMRS FUELHH
2024-02-01T15:00:00Z,Gas,10651.000,Elexon BMRS FUELHH
2024-02-01T15:00:00Z,Hydro,637.000,Elexon BMRS FUELHH
2024-02-01T15:00:00Z,Imports & Exports,3468.000,Elexon BMRS FUELHH
2024-02-01T15:00:00Z,Nuclear,3713.000,Elexon BMRS FUELHH
2024-02-01T15:00:00Z,Other,331.000,Elexon BMRS FUELHH
2024-02-01T15:00:00Z,Pumped Storage,870.000,Elexon BMRS FUELHH
2024-02-01T15:00:00Z,Wind,10799.000,Elexon BMRS FUELHH
2024-02-01T15:30:00Z,Biomass,3167.000,Elexon BMRS FUELHH
2024-02-01T15:30:00Z,Coal,1348.000,Elexon BMRS FUELHH
2024-02-01T15:30:00Z,Gas,11645.000,Elexon BMRS FUELHH
2024-02-01T15:30:00Z,Hydro,646.000,Elexon BMRS FUELHH
2024-02-01T15:30:00Z,Imports & Exports,3364.000,Elexon BMRS FUELHH
2024-02-01T15:30:00Z,Nuclear,3713.000,Elexon BMRS FUELHH
2024-02-01T15:30:00Z,Other,291.000,Elexon BMRS FUELHH
2024-02-01T15:30:00Z,Pumped Storage,1400.000,Elexon BMRS FUELHH
2024-02-01T15:30:00Z,Wind,10939.000,Elexon BMRS FUELHH
2024-02-01T16:00:00Z,Biomass,3162.000,Elexon BMRS FUELHH
2024-02-01T16:00:00Z,Coal,1338.000,Elexon BMRS FUELHH
2024-02-01T16:00:00Z,Gas,12713.000,Elexon BMRS FUELHH
2024-02-01T16:00:00Z,Hydro,830.000,Elexon BMRS FUELHH
2024-02-01T16:00:00Z,Imports & Exports,3372.000,Elexon BMRS FUELHH
2024-02-01T16:00:00Z,Nuclear,3716.000,Elexon BMRS FUELHH
2024-02-01T16:00:00Z,Other,304.000,Elexon BMRS FUELHH
2024-02-01T16:00:00Z,Pumped Storage,1338.000,Elexon BMRS FUELHH
2024-02-01T16:00:00Z,Wind,10880.000,Elexon BMRS FUELHH
2024-02-01T16:30:00Z,Biomass,3156.000,Elexon BMRS FUELHH
2024-02-01T16:30:00Z,Coal,1356.000,Elexon BMRS FUELHH
2024-02-01T16:30:00Z,Gas,13234.000,Elexon BMRS FUELHH
2024-02-01T16:30:00Z,Hydro,856.000,Elexon BMRS FUELHH
2024-02-01T16:30:00Z,Imports & Exports,3442.000,Elexon BMRS FUELHH
2024-02-01T16:30:00Z,Nuclear,3713.000,Elexon BMRS FUELHH
2024-02-01T16:30:00Z,Other,478.000,Elexon BMRS FUELHH
2024-02-01T16:30:00Z,Pumped Storage,1412.000,Elexon BMRS FUELHH
2024-02-01T16:30:00Z,Wind,11102.000,Elexon BMRS FUELHH
2024-02-01T17:00:00Z,Biomass,3164.000,Elexon BMRS FUELHH
2024-02-01T17:00:00Z,Coal,1360.000,Elexon BMRS FUELHH
2024-02-01T17:00:00Z,Gas,14037.000,Elexon BMRS FUELHH
2024-02-01T17:00:00Z,Hydro,909.000,Elexon BMRS FUELHH
2024-02-01T17:00:00Z,Imports & Exports,2640.000,Elexon BMRS FUELHH
2024-02-01T17:00:00Z,Nuclear,3705.000,Elexon BMRS FUELHH
2024-02-01T17:00:00Z,Other,994.000,Elexon BMRS FUELHH
2024-02-01T17:00:00Z,Pumped Storage,1628.000,Elexon BMRS FUELHH
2024-02-01T17:00:00Z,Wind,10703.000,Elexon BMRS FUELHH
2024-02-01T17:30:00Z,Biomass,3158.000,Elexon BMRS FUELHH
2024-02-01T17:30:00Z,Coal,1331.000,Elexon BMRS FUELHH
2024-02-01T17:30:00Z,Gas,14580.000,Elexon BMRS FUELHH
2024-02-01T17:30:00Z,Hydro,920.000,Elexon BMRS FUELHH
2024-02-01T17:30:00Z,Imports & Exports,2430.000,Elexon BMRS FUELHH
2024-02-01T17:30:00Z,Nuclear,3712.000,Elexon BMRS FUELHH
2024-02-01T17:30:00Z,Other,1021.000,Elexon BMRS FUELHH
2024-02-01T17:30:00Z,Pumped Storage,1540.000,Elexon BMRS FUELHH
2024-02-01T17:30:00Z,Wind,11179.000,Elexon BMRS FUELHH
2024-02-01T18:00:00Z,Biomass,3162.000,Elexon BMRS FUELHH
2024-02-01T18:00:00Z,Coal,1195.000,Elexon BMRS FUELHH
2024-02-01T18:00:00Z,Gas,13986.000,Elexon BMRS FUELHH
2024-02-01T18:00:00Z,Hydro,922.000,Elexon BMRS FUELHH
2024-02-01T18:00:00Z,Imports & Exports,3034.000,Elexon BMRS FUELHH
2024-02-01T18:00:00Z,Nuclear,3705.000,Elexon BMRS FUELHH
2024-02-01T18:00:00Z,Other,792.000,Elexon BMRS FUELHH
2024-02-01T18:00:00Z,Pumped Storage,1450.000,Elexon BMRS FUELHH
2024-02-01T18:00:00Z,Wind,11551.000,Elexon BMRS FUELHH
2024-02-01T18:30:00Z,Biomass,3161.000,Elexon BMRS FUELHH
2024-02-01T18:30:00Z,Coal,1152.000,Elexon BMRS FUELHH
2024-02-01T18:30:00Z,Gas,13994.000,Elexon BMRS FUELHH
2024-02-01T18:30:00Z,Hydro,778.000,Elexon BMRS FUELHH
2024-02-01T18:30:00Z,Imports & Exports,3104.000,Elexon BMRS FUELHH
2024-02-01T18:30:00Z,Nuclear,3707.000,Elexon BMRS FUELHH
2024-02-01T18:30:00Z,Other,555.000,Elexon BMRS FUELHH
2024-02-01T18:30:00Z,Pumped Storage,1410.000,Elexon BMRS FUELHH
2024-02-01T18:30:00Z,Wind,11530.000,Elexon BMRS FUELHH
2024-02-01T19:00:00Z,Biomass,3162.000,Elexon BMRS FUELHH
2024-02-01T19:00:00Z,Coal,1243.000,Elexon BMRS FUELHH
2024-02-01T19:00:00Z,Gas,13056.000,Elexon BMRS FUELHH
2024-02-01T19:00:00Z,Hydro,754.000,Elexon BMRS FUELHH
2024-02-01T19:00:00Z,Imports & Exports,3854.000,Elexon BMRS FUELHH
2024-02-01T19:00:00Z,Nuclear,3703.000,Elexon BMRS FUELHH
2024-02-01T19:00:00Z,Other,402.000,Elexon BMRS FUELHH
2024-02-01T19:00:00Z,Pumped Storage,1092.000,Elexon BMRS FUELHH
2024-02-01T19:00:00Z,Wind,11495.000,Elexon BMRS FUELHH
2024-02-01T19:30:00Z,Biomass,3164.000,Elexon BMRS FUELHH
2024-02-01T19:30:00Z,Coal,1327.000,Elexon BMRS FUELHH
2024-02-01T19:30:00Z,Gas,12118.000,Elexon BMRS FUELHH
2024-02-01T19:30:00Z,Hydro,766.000,Elexon BMRS FUELHH
2024-02-01T19:30:00Z,Imports & Exports,3964.000,Elexon BMRS FUELHH
2024-02-01T19:30:00Z,Nuclear,3702.000,Elexon BMRS FUELHH
2024-02-01T19:30:00Z,Other,346.000,Elexon BMRS FUELHH
2024-02-01T19:30:00Z,Pumped Storage,942.000,Elexon BMRS FUELHH
2024-02-01T19:30:00Z,Wind,11309.000,Elexon BMRS FUELHH
2024-02-01T20:00:00Z,Biomass,3159.000,Elexon BMRS FUELHH
2024-02-01T20:00:00Z,Coal,1317.000,Elexon BMRS FUELHH
2024-02-01T20:00:00Z,Gas,10922.000,Elexon BMRS FUELHH
2024-02-01T20:00:00Z,Hydro,703.000,Elexon BMRS FUELHH
2024-02-01T20:00:00Z,Imports & Exports,3710.000,Elexon BMRS FUELHH
2024-02-01T20:00:00Z,Nuclear,3708.000,Elexon BMRS FUELHH
2024-02-01T20:00:00Z,Other,278.000,Elexon BMRS FUELHH
2024-02-01T20:00:00Z,Pumped Storage,306.000,Elexon BMRS FUELHH
2024-02-01T20:00:00Z,Wind,11972.000,Elexon BMRS FUELHH
2024-02-01T20:30:00Z,Biomass,3157.000,Elexon BMRS FUELHH
2024-02-01T20:30:00Z,Coal,1178.000,Elexon BMRS FUELHH
2024-02-01T20:30:00Z,Gas,9607.000,Elexon BMRS FUELHH
2024-02-01T20:30:00Z,Hydro,641.000,Elexon BMRS FUELHH
2024-02-01T20:30:00Z,Imports & Exports,3622.000,Elexon BMRS FUELHH
2024-02-01T20:30:00Z,Nuclear,3706.000,Elexon BMRS FUELHH
2024-02-01T20:30:00Z,Other,228.000,Elexon BMRS FUELHH
2024-02-01T20:30:00Z,Pumped Storage,34.000,Elexon BMRS FUELHH
2024-02-01T20:30:00Z,Wind,12485.000,Elexon BMRS FUELHH
2024-02-01T21:00:00Z,Biomass,3108.000,Elexon BMRS FUELHH
2024-02-01T21:00:00Z,Coal,705.000,Elexon BMRS FUELHH
2024-02-01T21:00:00Z,Gas,8288.000,Elexon BMRS FUELHH
2024-02-01T21:00:00Z,Hydro,648.000,Elexon BMRS FUELHH
2024-02-01T21:00:00Z,Imports & Exports,3176.000,Elexon BMRS FUELHH
2024-02-01T21:00:00Z,Nuclear,3702.000,Elexon BMRS FUELHH
2024-02-01T21:00:00Z,Other,275.000,Elexon BMRS FUELHH
2024-02-01T21:00:00Z,Pumped Storage,46.000,Elexon BMRS FUELHH
2024-02-01T21:00:00Z,Wind,12832.000,Elexon BMRS FUELHH
2024-02-01T21:30:00Z,Biomass,3109.000,Elexon BMRS FUELHH
2024-02-01T21:30:00Z,Coal,344.000,Elexon BMRS FUELHH
2024-02-01T21:30:00Z,Gas,6910.000,Elexon BMRS FUELHH
2024-02-01T21:30:00Z,Hydro,649.000,Elexon BMRS FUELHH
2024-02-01T21:30:00Z,Imports & Exports,3088.000,Elexon BMRS FUELHH
2024-02-01T21:30:00Z,Nuclear,3712.000,Elexon BMRS FUELHH
2024-02-01T21:30:00Z,Other,230.000,Elexon BMRS FUELHH
2024-02-01T21:30:00Z,Pumped Storage,16.000,Elexon BMRS FUELHH
2024-02-01T21:30:00Z,Wind,12888.000,Elexon BMRS FUELHH
2024-02-01T22:00:00Z,Biomass,3107.000,Elexon BMRS FUELHH
2024-02-01T22:00:00Z,Coal,231.000,Elexon BMRS FUELHH
2024-02-01T22:00:00Z,Gas,5447.000,Elexon BMRS FUELHH
2024-02-01T22:00:00Z,Hydro,630.000,Elexon BMRS FUELHH
2024-02-01T22:00:00Z,Imports & Exports,2608.000,Elexon BMRS FUELHH
2024-02-01T22:00:00Z,Nuclear,3720.000,Elexon BMRS FUELHH
2024-02-01T22:00:00Z,Other,285.000,Elexon BMRS FUELHH
2024-02-01T22:00:00Z,Pumped Storage,96.000,Elexon BMRS FUELHH
2024-02-01T22:00:00Z,Wind,12752.000,Elexon BMRS FUELHH
2024-02-01T22:30:00Z,Biomass,2410.000,Elexon BMRS FUELHH
2024-02-01T22:30:00Z,Coal,230.000,Elexon BMRS FUELHH
2024-02-01T22:30:00Z,Gas,4834.000,Elexon BMRS FUELHH
2024-02-01T22:30:00Z,Hydro,610.000,Elexon BMRS FUELHH
2024-02-01T22:30:00Z,Imports & Exports,2544.000,Elexon BMRS FUELHH
2024-02-01T22:30:00Z,Nuclear,3722.000,Elexon BMRS FUELHH
2024-02-01T22:30:00Z,Other,270.000,Elexon BMRS FUELHH
2024-02-01T22:30:00Z,Pumped Storage,0.000,Elexon BMRS FUELHH
2024-02-01T22:30:00Z,Wind,12581.000,Elexon BMRS FUELHH
2024-02-01T23:00:00Z,Biomass,1510.000,Elexon BMRS FUELHH
2024-02-01T23:00:00Z,Coal,231.000,Elexon BMRS FUELHH
2024-02-01T23:00:00Z,Gas,3974.000,Elexon BMRS FUELHH
2024-02-01T23:00:00Z,Hydro,566.000,Elexon BMRS FUELHH
2024-02-01T23:00:00Z,Imports & Exports,2512.000,Elexon BMRS FUELHH
2024-02-01T23:00:00Z,Nuclear,3726.000,Elexon BMRS FUELHH
2024-02-01T23:00:00Z,Other,202.000,Elexon BMRS FUELHH
2024-02-01T23:00:00Z,Pumped Storage,-24.000,Elexon BMRS FUELHH
2024-02-01T23:00:00Z,Wind,12777.000,Elexon BMRS FUELHH
2024-02-01T23:30:00Z,Biomass,1186.000,Elexon BMRS FUELHH
2024-02-01T23:30:00Z,Coal,230.000,Elexon BMRS FUELHH
2024-02-01T23:30:00Z,Gas,3489.000,Elexon BMRS FUELHH
2024-02-01T23:30:00Z,Hydro,562.000,Elexon BMRS FUELHH
2024-02-01T23:30:00Z,Imports & Exports,2584.000,Elexon BMRS FUELHH
2024-02-01T23:30:00Z,Nuclear,3720.000,Elexon BMRS FUELHH
2024-02-01T23:30:00Z,Other,201.000,Elexon BMRS FUELHH
2024-02-01T23:30:00Z,Pumped Storage,-82.000,Elexon BMRS FUELHH
2024-02-01T23:30:00Z,Wind,13010.000,Elexon BMRS FUELHH
2024-02-02T00:00:00Z,Biomass,1208.000,Elexon BMRS FUELHH
2024-02-02T00:00:00Z,Coal,230.000,Elexon BMRS FUELHH
2024-02-02T00:00:00Z,Gas,3499.000,Elexon BMRS FUELHH
2024-02-02T00:00:00Z,Hydro,561.000,Elexon BMRS FUELHH
2024-02-02T00:00:00Z,Imports & Exports,2930.000,Elexon BMRS FUELHH
2024-02-02T00:00:00Z,Nuclear,3720.000,Elexon BMRS FUELHH
2024-02-02T00:00:00Z,Other,197.000,Elexon BMRS FUELHH
2024-02-02T00:00:00Z,Pumped Storage,-920.000,Elexon BMRS FUELHH
2024-02-02T00:00:00Z,Wind,12981.000,Elexon BMRS FUELHH
2024-02-02T00:30:00Z,Biomass,1207.000,Elexon BMRS FUELHH
2024-02-02T00:30:00Z,Coal,230.000,Elexon BMRS FUELHH
2024-02-02T00:30:00Z,Gas,3803.000,Elexon BMRS FUELHH
2024-02-02T00:30:00Z,Hydro,560.000,Elexon BMRS FUELHH
2024-02-02T00:30:00Z,Imports & Exports,3096.000,Elexon BMRS FUELHH
2024-02-02T00:30:00Z,Nuclear,3722.000,Elexon BMRS FUELHH
2024-02-02T00:30:00Z,Other,266.000,Elexon BMRS FUELHH
2024-02-02T00:30:00Z,Pumped Storage,-1232.000,Elexon BMRS FUELHH
2024-02-02T00:30:00Z,Wind,12894.000,Elexon BMRS FUELHH
2024-02-02T01:00:00Z,Biomass,1196.000,Elexon BMRS FUELHH
2024-02-02T01:00:00Z,Coal,230.000,Elexon BMRS FUELHH
2024-02-02T01:00:00Z,Gas,3363.000,Elexon BMRS FUELHH
2024-02-02T01:00:00Z,Hydro,561.000,Elexon BMRS FUELHH
2024-02-02T01:00:00Z,Imports & Exports,2938.000,Elexon BMRS FUELHH
2024-02-02T01:00:00Z,Nuclear,3721.000,Elexon BMRS FUELHH
2024-02-02T01:00:00Z,Other,303.000,Elexon BMRS FUELHH
2024-02-02T01:00:00Z,Pumped Storage,-1444.000,Elexon BMRS FUELHH
2024-02-02T01:00:00Z,Wind,13434.000,Elexon BMRS FUELHH
2024-02-02T01:30:00Z,Biomass,1203.000,Elexon BMRS FUELHH
2024-02-02T01:30:00Z,Coal,230.000,Elexon BMRS FUELHH
2024-02-02T01:30:00Z,Gas,3221.000,Elexon BMRS FUELHH
2024-02-02T01:30:00Z,Hydro,563.000,Elexon BMRS FUELHH
2024-02-02T01:30:00Z,Imports & Exports,2978.000,Elexon BMRS FUELHH
2024-02-02T01:30:00Z,Nuclear,3722.000,Elexon BMRS FUELHH
2024-02-02T01:30:00Z,Other,274.000,Elexon BMRS FUELHH
2024-02-02T01:30:00Z,Pumped Storage,-1722.000,Elexon BMRS FUELHH
2024-02-02T01:30:00Z,Wind,13783.000,Elexon BMRS FUELHH
2024-02-02T02:00:00Z,Biomass,1186.000,Elexon BMRS FUELHH
2024-02-02T02:00:00Z,Coal,332.000,Elexon BMRS FUELHH
2024-02-02T02:00:00Z,Gas,3961.000,Elexon BMRS FUELHH
2024-02-02T02:00:00Z,Hydro,571.000,Elexon BMRS FUELHH
2024-02-02T02:00:00Z,Imports & Exports,940.000,Elexon BMRS FUELHH
2024-02-02T02:00:00Z,Nuclear,3721.000,Elexon BMRS FUELHH
2024-02-02T02:00:00Z,Other,186.000,Elexon BMRS FUELHH
2024-02-02T02:00:00Z,Pumped Storage,-1858.000,Elexon BMRS FUELHH
2024-02-02T02:00:00Z,Wind,14005.000,Elexon BMRS FUELHH
2024-02-02T02:30:00Z,Biomass,1184.000,Elexon BMRS FUELHH
2024-02-02T02:30:00Z,Coal,340.000,Elexon BMRS FUELHH
2024-02-02T02:30:00Z,Gas,3733.000,Elexon BMRS FUELHH
2024-02-02T02:30:00Z,Hydro,573.000,Elexon BMRS FUELHH
2024-02-02T02:30:00Z,Imports & Exports,836.000,Elexon BMRS FUELHH
2024-02-02T02:30:00Z,Nuclear,3725.000,Elexon BMRS FUELHH
2024-02-02T02:30:00Z,Other,189.000,Elexon BMRS FUELHH
2024-02-02T02:30:00Z,Pumped Storage,-1848.000,Elexon BMRS FUELHH
2024-02-02T02:30:00Z,Wind,14066.000,Elexon BMRS FUELHH
2024-02-02T03:00:00Z,Biomass,1238.000,Elexon BMRS FUELHH
2024-02-02T03:00:00Z,Coal,275.000,Elexon BMRS FUELHH
2024-02-02T03:00:00Z,Gas,3699.000,Elexon BMRS FUELHH
2024-02-02T03:00:00Z,Hydro,570.000,Elexon BMRS FUELHH
2024-02-02T03:00:00Z,Imports & Exports,560.000,Elexon BMRS FUELHH
2024-02-02T03:00:00Z,Nuclear,3722.000,Elexon BMRS FUELHH
2024-02-02T03:00:00Z,Other,246.000,Elexon BMRS FUELHH
2024-02-02T03:00:00Z,Pumped Storage,-1814.000,Elexon BMRS FUELHH
2024-02-02T03:00:00Z,Wind,13874.000,Elexon BMRS FUELHH
2024-02-02T03:30:00Z,Biomass,1183.000,Elexon BMRS FUELHH
2024-02-02T03:30:00Z,Coal,278.000,Elexon BMRS FUELHH
2024-02-02T03:30:00Z,Gas,3809.000,Elexon BMRS FUELHH
2024-02-02T03:30:00Z,Hydro,570.000,Elexon BMRS FUELHH
2024-02-02T03:30:00Z,Imports & Exports,518.000,Elexon BMRS FUELHH
2024-02-02T03:30:00Z,Nuclear,3733.000,Elexon BMRS FUELHH
2024-02-02T03:30:00Z,Other,256.000,Elexon BMRS FUELHH
2024-02-02T03:30:00Z,Pumped Storage,-1840.000,Elexon BMRS FUELHH
2024-02-02T03:30:00Z,Wind,13874.000,Elexon BMRS FUELHH
2024-02-02T04:00:00Z,Biomass,1186.000,Elexon BMRS FUELHH
2024-02-02T04:00:00Z,Coal,329.000,Elexon BMRS FUELHH
2024-02-02T04:00:00Z,Gas,3798.000,Elexon BMRS FUELHH
2024-02-02T04:00:00Z,Hydro,570.000,Elexon BMRS FUELHH
2024-02-02T04:00:00Z,Imports & Exports,-486.000,Elexon BMRS FUELHH
2024-02-02T04:00:00Z,Nuclear,3730.000,Elexon BMRS FUELHH
2024-02-02T04:00:00Z,Other,191.000,Elexon BMRS FUELHH
2024-02-02T04:00:00Z,Pumped Storage,-1820.000,Elexon BMRS FUELHH
2024-02-02T04:00:00Z,Wind,14144.000,Elexon BMRS FUELHH
2024-02-02T04:30:00Z,Biomass,1183.000,Elexon BMRS FUELHH
2024-02-02T04:30:00Z,Coal,298.000,Elexon BMRS FUELHH
2024-02-02T04:30:00Z,Gas,3700.000,Elexon BMRS FUELHH
2024-02-02T04:30:00Z,Hydro,569.000,Elexon BMRS FUELHH
2024-02-02T04:30:00Z,Imports & Exports,-436.000,Elexon BMRS FUELHH
2024-02-02T04:30:00Z,Nuclear,3729.000,Elexon BMRS FUELHH
2024-02-02T04:30:00Z,Other,244.000,Elexon BMRS FUELHH
2024-02-02T04:30:00Z,Pumped Storage,-1814.000,Elexon BMRS FUELHH
2024-02-02T04:30:00Z,Wind,14260.000,Elexon BMRS FUELHH
2024-02-02T05:00:00Z,Biomass,1196.000,Elexon BMRS FUELHH
2024-02-02T05:00:00Z,Coal,232.000,Elexon BMRS FUELHH
2024-02-02T05:00:00Z,Gas,3219.000,Elexon BMRS FUELHH
2024-02-02T05:00:00Z,Hydro,570.000,Elexon BMRS FUELHH
2024-02-02T05:00:00Z,Imports & Exports,700.000,Elexon BMRS FUELHH
2024-02-02T05:00:00Z,Nuclear,3727.000,Elexon BMRS FUELHH
2024-02-02T05:00:00Z,Other,229.000,Elexon BMRS FUELHH
2024-02-02T05:00:00Z,Pumped Storage,-1464.000,Elexon BMRS FUELHH
2024-02-02T05:00:00Z,Wind,14038.000,Elexon BMRS FUELHH
2024-02-02T05:30:00Z,Biomass,1190.000,Elexon BMRS FUELHH
2024-02-02T05:30:00Z,Coal,258.000,Elexon BMRS FUELHH
2024-02-02T05:30:00Z,Gas,3590.000,Elexon BMRS FUELHH
2024-02-02T05:30:00Z,Hydro,569.000,Elexon BMRS FUELHH
2024-02-02T05:30:00Z,Imports & Exports,800.000,Elexon BMRS FUELHH
2024-02-02T05:30:00Z,Nuclear,3724.000,Elexon BMRS FUELHH
2024-02-02T05:30:00Z,Other,200.000,Elexon BMRS FUELHH
2024-02-02T05:30:00Z,Pumped Storage,-940.000,Elexon BMRS FUELHH
2024-02-02T05:30:00Z,Wind,13822.000,Elexon BMRS FUELHH
2024-02-02T06:00:00Z,Biomass,1728.000,Elexon BMRS FUELHH
2024-02-02T06:00:00Z,Coal,404.000,Elexon BMRS FUELHH
2024-02-02T06:00:00Z,Gas,4916.000,Elexon BMRS FUELHH
2024-02-02T06:00:00Z,Hydro,609.000,Elexon BMRS FUELHH
2024-02-02T06:00:00Z,Imports & Exports,324.000,Elexon BMRS FUELHH
2024-02-02T06:00:00Z,Nuclear,3726.000,Elexon BMRS FUELHH
2024-02-02T06:00:00Z,Other,232.000,Elexon BMRS FUELHH
2024-02-02T06:00:00Z,Pumped Storage,-44.000,Elexon BMRS FUELHH
2024-02-02T06:00:00Z,Wind,13807.000,Elexon BMRS FUELHH
2024-02-02T06:30:00Z,Biomass,2571.000,Elexon BMRS FUELHH
2024-02-02T06:30:00Z,Coal,481.000,Elexon BMRS FUELHH
2024-02-02T06:30:00Z,Gas,5883.000,Elexon BMRS FUELHH
2024-02-02T06:30:00Z,Hydro,645.000,Elexon BMRS FUELHH
2024-02-02T06:30:00Z,Imports & Exports,258.000,Elexon BMRS FUELHH
2024-02-02T06:30:00Z,Nuclear,3722.000,Elexon BMRS FUELHH
2024-02-02T06:30:00Z,Other,385.000,Elexon BMRS FUELHH
2024-02-02T06:30:00Z,Pumped Storage,138.000,Elexon BMRS FUELHH
2024-02-02T06:30:00Z,Wind,13805.000,Elexon BMRS FUELHH
2024-02-02T07:00:00Z,Biomass,2911.000,Elexon BMRS FUELHH
2024-02-02T07:00:00Z,Coal,663.000,Elexon BMRS FUELHH
2024-02-02T07:00:00Z,Gas,6256.000,Elexon BMRS FUELHH
2024-02-02T07:00:00Z,Hydro,680.000,Elexon BMRS FUELHH
2024-02-02T07:00:00Z,Imports & Exports,2364.000,Elexon BMRS FUELHH
2024-02-02T07:00:00Z,Nuclear,3724.000,Elexon BMRS FUELHH
2024-02-02T07:00:00Z,Other,328.000,Elexon BMRS FUELHH
2024-02-02T07:00:00Z,Pumped Storage,140.000,Elexon BMRS FUELHH
2024-02-02T07:00:00Z,Wind,14121.000,Elexon BMRS FUELHH
2024-02-02T07:30:00Z,Biomass,3123.000,Elexon BMRS FUELHH
2024-02-02T07:30:00Z,Coal,819.000,Elexon BMRS FUELHH
2024-02-02T07:30:00Z,Gas,6230.000,Elexon BMRS FUELHH
2024-02-02T07:30:00Z,Hydro,677.000,Elexon BMRS FUELHH
2024-02-02T07:30:00Z,Imports & Exports,2396.000,Elexon BMRS FUELHH
2024-02-02T07:30:00Z,Nuclear,3725.000,Elexon BMRS FUELHH
2024-02-02T07:30:00Z,Other,524.000,Elexon BMRS FUELHH
2024-02-02T07:30:00Z,Pumped Storage,436.000,Elexon BMRS FUELHH
2024-02-02T07:30:00Z,Wind,14360.000,Elexon BMRS FUELHH
2024-02-02T08:00:00Z,Biomass,3157.000,Elexon BMRS FUELHH
2024-02-02T08:00:00Z,Coal,736.000,Elexon BMRS FUELHH
2024-02-02T08:00:00Z,Gas,5341.000,Elexon BMRS FUELHH
2024-02-02T08:00:00Z,Hydro,679.000,Elexon BMRS FUELHH
2024-02-02T08:00:00Z,Imports & Exports,4824.000,Elexon BMRS FUELHH
2024-02-02T08:00:00Z,Nuclear,3716.000,Elexon BMRS FUELHH
2024-02-02T08:00:00Z,Other,449.000,Elexon BMRS FUELHH
2024-02-02T08:00:00Z,Pumped Storage,774.000,Elexon BMRS FUELHH
2024-02-02T08:00:00Z,Wind,14187.000,Elexon BMRS FUELHH
2024-02-02T08:30:00Z,Biomass,3151.000,Elexon BMRS FUELHH
2024-02-02T08:30:00Z,Coal,699.000,Elexon BMRS FUELHH
2024-02-02T08:30:00Z,Gas,5357.000,Elexon BMRS FUELHH
2024-02-02T08:30:00Z,Hydro,689.000,Elexon BMRS FUELHH
2024-02-02T08:30:00Z,Imports & Exports,5112.000,Elexon BMRS FUELHH
2024-02-02T08:30:00Z,Nuclear,3718.000,Elexon BMRS FUELHH
2024-02-02T08:30:00Z,Other,503.000,Elexon BMRS FUELHH
2024-02-02T08:30:00Z,Pumped Storage,556.000,Elexon BMRS FUELHH
2024-02-02T08:30:00Z,Wind,14290.000,Elexon BMRS FUELHH
2024-02-02T09:00:00Z,Biomass,3149.000,Elexon BMRS FUELHH
2024-02-02T09:00:00Z,Coal,543.000,Elexon BMRS FUELHH
2024-02-02T09:00:00Z,Gas,5268.000,Elexon BMRS FUELHH
2024-02-02T09:00:00Z,Hydro,726.000,Elexon BMRS FUELHH
2024-02-02T09:00:00Z,Imports & Exports,6044.000,Elexon BMRS FUELHH
2024-02-02T09:00:00Z,Nuclear,3717.000,Elexon BMRS FUELHH
2024-02-02T09:00:00Z,Other,314.000,Elexon BMRS FUELHH
2024-02-02T09:00:00Z,Pumped Storage,192.000,Elexon BMRS FUELHH
2024-02-02T09:00:00Z,Wind,14334.000,Elexon BMRS FUELHH
2024-02-02T09:30:00Z,Biomass,3151.000,Elexon BMRS FUELHH
2024-02-02T09:30:00Z,Coal,337.000,Elexon BMRS FUELHH
2024-02-02T09:30:00Z,Gas,4520.000,Elexon BMRS FUELHH
2024-02-02T09:30:00Z,Hydro,851.000,Elexon BMRS FUELHH
2024-02-02T09:30:00Z,Imports & Exports,6158.000,Elexon BMRS FUELHH
2024-02-02T09:30:00Z,Nuclear,3714.000,Elexon BMRS FUELHH
2024-02-02T09:30:00Z,Other,361.000,Elexon BMRS FUELHH
2024-02-02T09:30:00Z,Pumped Storage,32.000,Elexon BMRS FUELHH
2024-02-02T09:30:00Z,Wind,14885.000,Elexon BMRS FUELHH
2024-02-02T10:00:00Z,Biomass,3157.000,Elexon BMRS FUELHH
2024-02-02T10:00:00Z,Coal,230.000,Elexon BMRS FUELHH
2024-02-02T10:00:00Z,Gas,4240.000,Elexon BMRS FUELHH
2024-02-02T10:00:00Z,Hydro,717.000,Elexon BMRS FUELHH
2024-02-02T10:00:00Z,Imports & Exports,6376.000,Elexon BMRS FUELHH
2024-02-02T10:00:00Z,Nuclear,3711.000,Elexon BMRS FUELHH
2024-02-02T10:00:00Z,Other,329.000,Elexon BMRS FUELHH
2024-02-02T10:00:00Z,Pumped Storage,172.000,Elexon BMRS FUELHH
2024-02-02T10:00:00Z,Wind,15074.000,Elexon BMRS FUELHH
2024-02-02T10:30:00Z,Biomass,3155.000,Elexon BMRS FUELHH
2024-02-02T10:30:00Z,Coal,229.000,Elexon BMRS FUELHH
2024-02-02T10:30:00Z,Gas,4103.000,Elexon BMRS FUELHH
2024-02-02T10:30:00Z,Hydro,686.000,Elexon BMRS FUELHH
2024-02-02T10:30:00Z,Imports & Exports,6504.000,Elexon BMRS FUELHH
2024-02-02T10:30:00Z,Nuclear,3716.000,Elexon BMRS FUELHH
2024-02-02T10:30:00Z,Other,272.000,Elexon BMRS FUELHH
2024-02-02T10:30:00Z,Pumped Storage,58.000,Elexon BMRS FUELHH
2024-02-02T10:30:00Z,Wind,14980.000,Elexon BMRS FUELHH
2024-02-02T11:00:00Z,Biomass,3134.000,Elexon BMRS FUELHH
2024-02-02T11:00:00Z,Coal,229.000,Elexon BMRS FUELHH
2024-02-02T11:00:00Z,Gas,3459.000,Elexon BMRS FUELHH
2024-02-02T11:00:00Z,Hydro,684.000,Elexon BMRS FUELHH
2024-02-02T11:00:00Z,Imports & Exports,7232.000,Elexon BMRS FUELHH
2024-02-02T11:00:00Z,Nuclear,3724.000,Elexon BMRS FUELHH
2024-02-02T11:00:00Z,Other,231.000,Elexon BMRS FUELHH
2024-02-02T11:00:00Z,Pumped Storage,-8.000,Elexon BMRS FUELHH
2024-02-02T11:00:00Z,Wind,14982.000,Elexon BMRS FUELHH
2024-02-02T11:30:00Z,Biomass,3042.000,Elexon BMRS FUELHH
2024-02-02T11:30:00Z,Coal,229.000,Elexon BMRS FUELHH
2024-02-02T11:30:00Z,Gas,3551.000,Elexon BMRS FUELHH
2024-02-02T11:30:00Z,Hydro,684.000,Elexon BMRS FUELHH
2024-02-02T11:30:00Z,Imports & Exports,7086.000,Elexon BMRS FUELHH
2024-02-02T11:30:00Z,Nuclear,3722.000,Elexon BMRS FUELHH
2024-02-02T11:30:00Z,Other,236.000,Elexon BMRS FUELHH
2024-02-02T11:30:00Z,Pumped Storage,-10.000,Elexon BMRS FUELHH
2024-02-02T11:30:00Z,Wind,14967.000,Elexon BMRS FUELHH
2024-02-02T12:00:00Z,Biomass,2848.000,Elexon BMRS FUELHH
2024-02-02T12:00:00Z,Coal,229.000,Elexon BMRS FUELHH
2024-02-02T12:00:00Z,Gas,3361.000,Elexon BMRS FUELHH
2024-02-02T12:00:00Z,Hydro,676.000,Elexon BMRS FUELHH
2024-02-02T12:00:00Z,Imports & Exports,6876.000,Elexon BMRS FUELHH
2024-02-02T12:00:00Z,Nuclear,3730.000,Elexon BMRS FUELHH
2024-02-02T12:00:00Z,Other,248.000,Elexon BMRS FUELHH
2024-02-02T12:00:00Z,Pumped Storage,-10.000,Elexon BMRS FUELHH
2024-02-02T12:00:00Z,Wind,15067.000,Elexon BMRS FUELHH
2024-02-02T12:30:00Z,Biomass,2775.000,Elexon BMRS FUELHH
2024-02-02T12:30:00Z,Coal,230.000,Elexon BMRS FUELHH
2024-02-02T12:30:00Z,Gas,2423.000,Elexon BMRS FUELHH
2024-02-02T12:30:00Z,Hydro,672.000,Elexon BMRS FUELHH
2024-02-02T12:30:00Z,Imports & Exports,6900.000,Elexon BMRS FUELHH
2024-02-02T12:30:00Z,Nuclear,3726.000,Elexon BMRS FUELHH
2024-02-02T12:30:00Z,Other,209.000,Elexon BMRS FUELHH
2024-02-02T12:30:00Z,Pumped Storage,-10.000,Elexon BMRS FUELHH
2024-02-02T12:30:00Z,Wind,15113.000,Elexon BMRS FUELHH
2024-02-02T13:00:00Z,Biomass,2798.000,Elexon BMRS FUELHH
2024-02-02T13:00:00Z,Coal,230.000,Elexon BMRS FUELHH
2024-02-02T13:00:00Z,Gas,2296.000,Elexon BMRS FUELHH
2024-02-02T13:00:00Z,Hydro,676.000,Elexon BMRS FUELHH
2024-02-02T13:00:00Z,Imports & Exports,6538.000,Elexon BMRS FUELHH
2024-02-02T13:00:00Z,Nuclear,3724.000,Elexon BMRS FUELHH
2024-02-02T13:00:00Z,Other,218.000,Elexon BMRS FUELHH
2024-02-02T13:00:00Z,Pumped Storage,-10.000,Elexon BMRS FUELHH
2024-02-02T13:00:00Z,Wind,15050.000,Elexon BMRS FUELHH
2024-02-02T13:30:00Z,Biomass,2773.000,Elexon BMRS FUELHH
2024-02-02T13:30:00Z,Coal,230.000,Elexon BMRS FUELHH
2024-02-02T13:30:00Z,Gas,2282.000,Elexon BMRS FUELHH
2024-02-02T13:30:00Z,Hydro,676.000,Elexon BMRS FUELHH
2024-02-02T13:30:00Z,Imports & Exports,6518.000,Elexon BMRS FUELHH
2024-02-02T13:30:00Z,Nuclear,3744.000,Elexon BMRS FUELHH
2024-02-02T13:30:00Z,Other,234.000,Elexon BMRS FUELHH
2024-02-02T13:30:00Z,Pumped Storage,-10.000,Elexon BMRS FUELHH
2024-02-02T13:30:00Z,Wind,14985.000,Elexon BMRS FUELHH
2024-02-02T14:00:00Z,Biomass,2828.000,Elexon BMRS FUELHH
2024-02-02T14:00:00Z,Coal,230.000,Elexon BMRS FUELHH
2024-02-02T14:00:00Z,Gas,2672.000,Elexon BMRS FUELHH
2024-02-02T14:00:00Z,Hydro,676.000,Elexon BMRS FUELHH
2024-02-02T14:00:00Z,Imports & Exports,5748.000,Elexon BMRS FUELHH
2024-02-02T14:00:00Z,Nuclear,3751.000,Elexon BMRS FUELHH
2024-02-02T14:00:00Z,Other,206.000,Elexon BMRS FUELHH
2024-02-02T14:00:00Z,Pumped Storage,-10.000,Elexon BMRS FUELHH
2024-02-02T14:00:00Z,Wind,14938.000,Elexon BMRS FUELHH
2024-02-02T14:30:00Z,Biomass,2773.000,Elexon BMRS FUELHH
2024-02-02T14:30:00Z,Coal,229.000,Elexon BMRS FUELHH
2024-02-02T14:30:00Z,Gas,2649.000,Elexon BMRS FUELHH
2024-02-02T14:30:00Z,Hydro,676.000,Elexon BMRS FUELHH
2024-02-02T14:30:00Z,Imports & Exports,5628.000,Elexon BMRS FUELHH
2024-02-02T14:30:00Z,Nuclear,3744.000,Elexon BMRS FUELHH
2024-02-02T14:30:00Z,Other,328.000,Elexon BMRS FUELHH
2024-02-02T14:30:00Z,Pumped Storage,142.000,Elexon BMRS FUELHH
2024-02-02T14:30:00Z,Wind,14808.000,Elexon BMRS FUELHH
2024-02-02T15:00:00Z,Biomass,2769.000,Elexon BMRS FUELHH
2024-02-02T15:00:00Z,Coal,230.000,Elexon BMRS FUELHH
2024-02-02T15:00:00Z,Gas,2241.000,Elexon BMRS FUELHH
2024-02-02T15:00:00Z,Hydro,732.000,Elexon BMRS FUELHH
2024-02-02T15:00:00Z,Imports & Exports,5874.000,Elexon BMRS FUELHH
2024-02-02T15:00:00Z,Nuclear,3752.000,Elexon BMRS FUELHH
2024-02-02T15:00:00Z,Other,176.000,Elexon BMRS FUELHH
2024-02-02T15:00:00Z,Pumped Storage,894.000,Elexon BMRS FUELHH
2024-02-02T15:00:00Z,Wind,14805.000,Elexon BMRS FUELHH
2024-02-02T15:30:00Z,Biomass,2778.000,Elexon BMRS FUELHH
2024-02-02T15:30:00Z,Coal,231.000,Elexon BMRS FUELHH
2024-02-02T15:30:00Z,Gas,2500.000,Elexon BMRS FUELHH
2024-02-02T15:30:00Z,Hydro,800.000,Elexon BMRS FUELHH
2024-02-02T15:30:00Z,Imports & Exports,5830.000,Elexon BMRS FUELHH
2024-02-02T15:30:00Z,Nuclear,3747.000,Elexon BMRS FUELHH
2024-02-02T15:30:00Z,Other,280.000,Elexon BMRS FUELHH
2024-02-02T15:30:00Z,Pumped Storage,1338.000,Elexon BMRS FUELHH
2024-02-02T15:30:00Z,Wind,14769.000,Elexon BMRS FUELHH
2024-02-02T16:00:00Z,Biomass,2808.000,Elexon BMRS FUELHH
2024-02-02T16:00:00Z,Coal,229.000,Elexon BMRS FUELHH
2024-02-02T16:00:00Z,Gas,2717.000,Elexon BMRS FUELHH
2024-02-02T16:00:00Z,Hydro,851.000,Elexon BMRS FUELHH
2024-02-02T16:00:00Z,Imports & Exports,6670.000,Elexon BMRS FUELHH
2024-02-02T16:00:00Z,Nuclear,3749.000,Elexon BMRS FUELHH
2024-02-02T16:00:00Z,Other,357.000,Elexon BMRS FUELHH
2024-02-02T16:00:00Z,Pumped Storage,1268.000,Elexon BMRS FUELHH
2024-02-02T16:00:00Z,Wind,14835.000,Elexon BMRS FUELHH
2024-02-02T16:30:00Z,Biomass,3073.000,Elexon BMRS FUELHH
2024-02-02T16:30:00Z,Coal,230.000,Elexon BMRS FUELHH
2024-02-02T16:30:00Z,Gas,3790.000,Elexon BMRS FUELHH
2024-02-02T16:30:00Z,Hydro,799.000,Elexon BMRS FUELHH
2024-02-02T16:30:00Z,Imports & Exports,6610.000,Elexon BMRS FUELHH
2024-02-02T16:30:00Z,Nuclear,3749.000,Elexon BMRS FUELHH
2024-02-02T16:30:00Z,Other,418.000,Elexon BMRS FUELHH
2024-02-02T16:30:00Z,Pumped Storage,1198.000,Elexon BMRS FUELHH
2024-02-02T16:30:00Z,Wind,14920.000,Elexon BMRS FUELHH
2024-02-02T17:00:00Z,Biomass,3142.000,Elexon BMRS FUELHH
2024-02-02T17:00:00Z,Coal,229.000,Elexon BMRS FUELHH
2024-02-02T17:00:00Z,Gas,4215.000,Elexon BMRS FUELHH
2024-02-02T17:00:00Z,Hydro,833.000,Elexon BMRS FUELHH
2024-02-02T17:00:00Z,Imports & Exports,6798.000,Elexon BMRS FUELHH
2024-02-02T17:00:00Z,Nuclear,3746.000,Elexon BMRS FUELHH
2024-02-02T17:00:00Z,Other,710.000,Elexon BMRS FUELHH
2024-02-02T17:00:00Z,Pumped Storage,1286.000,Elexon BMRS FUELHH
2024-02-02T17:00:00Z,Wind,14912.000,Elexon BMRS FUELHH
2024-02-02T17:30:00Z,Biomass,3156.000,Elexon BMRS FUELHH
2024-02-02T17:30:00Z,Coal,229.000,Elexon BMRS FUELHH
2024-02-02T17:30:00Z,Gas,4417.000,Elexon BMRS FUELHH
2024-02-02T17:30:00Z,Hydro,835.000,Elexon BMRS FUELHH
2024-02-02T17:30:00Z,Imports & Exports,6630.000,Elexon BMRS FUELHH
2024-02-02T17:30:00Z,Nuclear,3737.000,Elexon BMRS FUELHH
2024-02-02T17:30:00Z,Other,944.000,Elexon BMRS FUELHH
2024-02-02T17:30:00Z,Pumped Storage,1342.000,Elexon BMRS FUELHH
2024-02-02T17:30:00Z,Wind,14924.000,Elexon BMRS FUELHH
2024-02-02T18:00:00Z,Biomass,3152.000,Elexon BMRS FUELHH
2024-02-02T18:00:00Z,Coal,228.000,Elexon BMRS FUELHH
2024-02-02T18:00:00Z,Gas,4368.000,Elexon BMRS FUELHH
2024-02-02T18:00:00Z,Hydro,847.000,Elexon BMRS FUELHH
2024-02-02T18:00:00Z,Imports & Exports,6322.000,Elexon BMRS FUELHH
2024-02-02T18:00:00Z,Nuclear,3738.000,Elexon BMRS FUELHH
2024-02-02T18:00:00Z,Other,856.000,Elexon BMRS FUELHH
2024-02-02T18:00:00Z,Pumped Storage,1342.000,Elexon BMRS FUELHH
2024-02-02T18:00:00Z,Wind,14934.000,Elexon BMRS FUELHH
2024-02-02T18:30:00Z,Biomass,3153.000,Elexon BMRS FUELHH
2024-02-02T18:30:00Z,Coal,230.000,Elexon BMRS FUELHH
2024-02-02T18:30:00Z,Gas,3907.000,Elexon BMRS FUELHH
2024-02-02T18:30:00Z,Hydro,825.000,Elexon BMRS FUELHH
2024-02-02T18:30:00Z,Imports & Exports,6326.000,Elexon BMRS FUELHH
2024-02-02T18:30:00Z,Nuclear,3735.000,Elexon BMRS FUELHH
2024-02-02T18:30:00Z,Other,692.000,Elexon BMRS FUELHH
2024-02-02T18:30:00Z,Pumped Storage,1448.000,Elexon BMRS FUELHH
2024-02-02T18:30:00Z,Wind,14972.000,Elexon BMRS FUELHH
2024-02-02T19:00:00Z,Biomass,3161.000,Elexon BMRS FUELHH
2024-02-02T19:00:00Z,Coal,234.000,Elexon BMRS FUELHH
2024-02-02T19:00:00Z,Gas,3564.000,Elexon BMRS FUELHH
2024-02-02T19:00:00Z,Hydro,759.000,Elexon BMRS FUELHH
2024-02-02T19:00:00Z,Imports & Exports,6652.000,Elexon BMRS FUELHH
2024-02-02T19:00:00Z,Nuclear,3732.000,Elexon BMRS FUELHH
2024-02-02T19:00:00Z,Other,516.000,Elexon BMRS FUELHH
2024-02-02T19:00:00Z,Pumped Storage,1080.000,Elexon BMRS FUELHH
2024-02-02T19:00:00Z,Wind,14860.000,Elexon BMRS FUELHH
2024-02-02T19:30:00Z,Biomass,3155.000,Elexon BMRS FUELHH
2024-02-02T19:30:00Z,Coal,230.000,Elexon BMRS FUELHH
2024-02-02T19:30:00Z,Gas,3475.000,Elexon BMRS FUELHH
2024-02-02T19:30:00Z,Hydro,746.000,Elexon BMRS FUELHH
2024-02-02T19:30:00Z,Imports & Exports,6682.000,Elexon BMRS FUELHH
2024-02-02T19:30:00Z,Nuclear,3737.000,Elexon BMRS FUELHH
2024-02-02T19:30:00Z,Other,306.000,Elexon BMRS FUELHH
2024-02-02T19:30:00Z,Pumped Storage,432.000,Elexon BMRS FUELHH
2024-02-02T19:30:00Z,Wind,14663.000,Elexon BMRS FUELHH
2024-02-02T20:00:00Z,Biomass,3094.000,Elexon BMRS FUELHH
2024-02-02T20:00:00Z,Coal,235.000,Elexon BMRS FUELHH
2024-02-02T20:00:00Z,Gas,3593.000,Elexon BMRS FUELHH
2024-02-02T20:00:00Z,Hydro,683.000,Elexon BMRS FUELHH
2024-02-02T20:00:00Z,Imports & Exports,5732.000,Elexon BMRS FUELHH
2024-02-02T20:00:00Z,Nuclear,3733.000,Elexon BMRS FUELHH
2024-02-02T20:00:00Z,Other,324.000,Elexon BMRS FUELHH
2024-02-02T20:00:00Z,Pumped Storage,76.000,Elexon BMRS FUELHH
2024-02-02T20:00:00Z,Wind,14609.000,Elexon BMRS FUELHH
2024-02-02T20:30:00Z,Biomass,2632.000,Elexon BMRS FUELHH
2024-02-02T20:30:00Z,Coal,245.000,Elexon BMRS FUELHH
2024-02-02T20:30:00Z,Gas,3316.000,Elexon BMRS FUELHH
2024-02-02T20:30:00Z,Hydro,668.000,Elexon BMRS FUELHH
2024-02-02T20:30:00Z,Imports & Exports,5538.000,Elexon BMRS FUELHH
2024-02-02T20:30:00Z,Nuclear,3741.000,Elexon BMRS FUELHH
2024-02-02T20:30:00Z,Other,194.000,Elexon BMRS FUELHH
2024-02-02T20:30:00Z,Pumped Storage,-10.000,Elexon BMRS FUELHH
2024-02-02T20:30:00Z,Wind,14470.000,Elexon BMRS FUELHH
2024-02-02T21:00:00Z,Biomass,2101.000,Elexon BMRS FUELHH
2024-02-02T21:00:00Z,Coal,325.000,Elexon BMRS FUELHH
2024-02-02T21:00:00Z,Gas,4008.000,Elexon BMRS FUELHH
2024-02-02T21:00:00Z,Hydro,662.000,Elexon BMRS FUELHH
2024-02-02T21:00:00Z,Imports & Exports,3548.000,Elexon BMRS FUELHH
2024-02-02T21:00:00Z,Nuclear,3739.000,Elexon BMRS FUELHH
2024-02-02T21:00:00Z,Other,279.000,Elexon BMRS FUELHH
2024-02-02T21:00:00Z,Pumped Storage,38.000,Elexon BMRS FUELHH
2024-02-02T21:00:00Z,Wind,14207.000,Elexon BMRS FUELHH
2024-02-02T21:30:00Z,Biomass,1797.000,Elexon BMRS FUELHH
2024-02-02T21:30:00Z,Coal,276.000,Elexon BMRS FUELHH
2024-02-02T21:30:00Z,Gas,3518.000,Elexon BMRS FUELHH
2024-02-02T21:30:00Z,Hydro,662.000,Elexon BMRS FUELHH
2024-02-02T21:30:00Z,Imports & Exports,3300.000,Elexon BMRS FUELHH
2024-02-02T21:30:00Z,Nuclear,3741.000,Elexon BMRS FUELHH
2024-02-02T21:30:00Z,Other,217.000,Elexon BMRS FUELHH
2024-02-02T21:30:00Z,Pumped Storage,36.000,Elexon BMRS FUELHH
2024-02-02T21:30:00Z,Wind,14106.000,Elexon BMRS FUELHH
2024-02-02T22:00:00Z,Biomass,1712.000,Elexon BMRS FUELHH
2024-02-02T22:00:00Z,Coal,280.000,Elexon BMRS FUELHH
2024-02-02T22:00:00Z,Gas,3653.000,Elexon BMRS FUELHH
2024-02-02T22:00:00Z,Hydro,645.000,Elexon BMRS FUELHH
2024-02-02T22:00:00Z,Imports & Exports,1554.000,Elexon BMRS FUELHH
2024-02-02T22:00:00Z,Nuclear,3752.000,Elexon BMRS FUELHH
2024-02-02T22:00:00Z,Other,241.000,Elexon BMRS FUELHH
2024-02-02T22:00:00Z,Pumped Storage,-10.000,Elexon BMRS FUELHH
2024-02-02T22:00:00Z,Wind,14255.000,Elexon BMRS FUELHH
2024-02-02T22:30:00Z,Biomass,1299.000,Elexon BMRS FUELHH
2024-02-02T22:30:00Z,Coal,236.000,Elexon BMRS FUELHH
2024-02-02T22:30:00Z,Gas,2997.000,Elexon BMRS FUELHH
2024-02-02T22:30:00Z,Hydro,643.000,Elexon BMRS FUELHH
2024-02-02T22:30:00Z,Imports & Exports,1456.000,Elexon BMRS FUELHH
2024-02-02T22:30:00Z,Nuclear,3751.000,Elexon BMRS FUELHH
2024-02-02T22:30:00Z,Other,252.000,Elexon BMRS FUELHH
2024-02-02T22:30:00Z,Pumped Storage,30.000,Elexon BMRS FUELHH
2024-02-02T22:30:00Z,Wind,14172.000,Elexon BMRS FUELHH
2024-02-02T23:00:00Z,Biomass,1150.000,Elexon BMRS FUELHH
2024-02-02T23:00:00Z,Coal,229.000,Elexon BMRS FUELHH
2024-02-02T23:00:00Z,Gas,2817.000,Elexon BMRS FUELHH
2024-02-02T23:00:00Z,Hydro,634.000,Elexon BMRS FUELHH
2024-02-02T23:00:00Z,Imports & Exports,432.000,Elexon BMRS FUELHH
2024-02-02T23:00:00Z,Nuclear,3757.000,Elexon BMRS FUELHH
2024-02-02T23:00:00Z,Other,217.000,Elexon BMRS FUELHH
2024-02-02T23:00:00Z,Pumped Storage,-94.000,Elexon BMRS FUELHH
2024-02-02T23:00:00Z,Wind,14176.000,Elexon BMRS FUELHH
2024-02-02T23:30:00Z,Biomass,1155.000,Elexon BMRS FUELHH
2024-02-02T23:30:00Z,Coal,230.000,Elexon BMRS FUELHH
2024-02-02T23:30:00Z,Gas,3070.000,Elexon BMRS FUELHH
2024-02-02T23:30:00Z,Hydro,632.000,Elexon BMRS FUELHH
2024-02-02T23:30:00Z,Imports & Exports,280.000,Elexon BMRS FUELHH
2024-02-02T23:30:00Z,Nuclear,3757.000,Elexon BMRS FUELHH
2024-02-02T23:30:00Z,Other,212.000,Elexon BMRS FUELHH
2024-02-02T23:30:00Z,Pumped Storage,-1014.000,Elexon BMRS FUELHH
2024-02-02T23:30:00Z,Wind,13999.000,Elexon BMRS FUELHH
2024-02-03T00:00:00Z,Biomass,1155.000,Elexon BMRS FUELHH
2024-02-03T00:00:00Z,Coal,229.000,Elexon BMRS FUELHH
2024-02-03T00:00:00Z,Gas,3062.000,Elexon BMRS FUELHH
2024-02-03T00:00:00Z,Hydro,632.000,Elexon BMRS FUELHH
2024-02-03T00:00:00Z,Imports & Exports,898.000,Elexon BMRS FUELHH
2024-02-03T00:00:00Z,Nuclear,3759.000,Elexon BMRS FUELHH
2024-02-03T00:00:00Z,Other,236.000,Elexon BMRS FUELHH
2024-02-03T00:00:00Z,Pumped Storage,-1120.000,Elexon BMRS FUELHH
2024-02-03T00:00:00Z,Wind,13601.000,Elexon BMRS FUELHH
2024-02-03T00:30:00Z,Biomass,1148.000,Elexon BMRS FUELHH
2024-02-03T00:30:00Z,Coal,229.000,Elexon BMRS FUELHH
2024-02-03T00:30:00Z,Gas,3394.000,Elexon BMRS FUELHH
2024-02-03T00:30:00Z,Hydro,632.000,Elexon BMRS FUELHH
2024-02-03T00:30:00Z,Imports & Exports,1036.000,Elexon BMRS FUELHH
2024-02-03T00:30:00Z,Nuclear,3757.000,Elexon BMRS FUELHH
2024-02-03T00:30:00Z,Other,321.000,Elexon BMRS FUELHH
2024-02-03T00:30:00Z,Pumped Storage,-1296.000,Elexon BMRS FUELHH
2024-02-03T00:30:00Z,Wind,13547.000,Elexon BMRS FUELHH
2024-02-03T01:00:00Z,Biomass,1149.000,Elexon BMRS FUELHH
2024-02-03T01:00:00Z,Coal,229.000,Elexon BMRS FUELHH
2024-02-03T01:00:00Z,Gas,3312.000,Elexon BMRS FUELHH
2024-02-03T01:00:00Z,Hydro,632.000,Elexon BMRS FUELHH
2024-02-03T01:00:00Z,Imports & Exports,614.000,Elexon BMRS FUELHH
2024-02-03T01:00:00Z,Nuclear,3759.000,Elexon BMRS FUELHH
2024-02-03T01:00:00Z,Other,250.000,Elexon BMRS FUELHH
2024-02-03T01:00:00Z,Pumped Storage,-1294.000,Elexon BMRS FUELHH
2024-02-03T01:00:00Z,Wind,13647.000,Elexon BMRS FUELHH
2024-02-03T01:30:00Z,Biomass,1149.000,Elexon BMRS FUELHH
2024-02-03T01:30:00Z,Coal,230.000,Elexon BMRS FUELHH
2024-02-03T01:30:00Z,Gas,3352.000,Elexon BMRS FUELHH
2024-02-03T01:30:00Z,Hydro,632.000,Elexon BMRS FUELHH
2024-02-03T01:30:00Z,Imports & Exports,564.000,Elexon BMRS FUELHH
2024-02-03T01:30:00Z,Nuclear,3753.000,Elexon BMRS FUELHH
2024-02-03T01:30:00Z,Other,205.000,Elexon BMRS FUELHH
2024-02-03T01:30:00Z,Pumped Storage,-1552.000,Elexon BMRS FUELHH
2024-02-03T01:30:00Z,Wind,13499.000,Elexon BMRS FUELHH
2024-02-03T02:00:00Z,Biomass,1315.000,Elexon BMRS FUELHH
2024-02-03T02:00:00Z,Coal,229.000,Elexon BMRS FUELHH
2024-02-03T02:00:00Z,Gas,3683.000,Elexon BMRS FUELHH
2024-02-03T02:00:00Z,Hydro,632.000,Elexon BMRS FUELHH
2024-02-03T02:00:00Z,Imports & Exports,-664.000,Elexon BMRS FUELHH
2024-02-03T02:00:00Z,Nuclear,3748.000,Elexon BMRS FUELHH
2024-02-03T02:00:00Z,Other,200.000,Elexon BMRS FUELHH
2024-02-03T02:00:00Z,Pumped Storage,-1658.000,Elexon BMRS FUELHH
2024-02-03T02:00:00Z,Wind,13603.000,Elexon BMRS FUELHH
2024-02-03T02:30:00Z,Biomass,1377.000,Elexon BMRS FUELHH
2024-02-03T02:30:00Z,Coal,229.000,Elexon BMRS FUELHH
2024-02-03T02:30:00Z,Gas,3531.000,Elexon BMRS FUELHH
2024-02-03T02:30:00Z,Hydro,632.000,Elexon BMRS FUELHH
2024-02-03T02:30:00Z,Imports & Exports,-794.000,Elexon BMRS FUELHH
2024-02-03T02:30:00Z,Nuclear,3750.000,Elexon BMRS FUELHH
2024-02-03T02:30:00Z,Other,219.000,Elexon BMRS FUELHH
2024-02-03T02:30:00Z,Pumped Storage,-1658.000,Elexon BMRS FUELHH
2024-02-03T02:30:00Z,Wind,13656.000,Elexon BMRS FUELHH
2024-02-03T03:00:00Z,Biomass,1393.000,Elexon BMRS FUELHH
2024-02-03T03:00:00Z,Coal,229.000,Elexon BMRS FUELHH
2024-02-03T03:00:00Z,Gas,3757.000,Elexon BMRS FUELHH
2024-02-03T03:00:00Z,Hydro,632.000,Elexon BMRS FUELHH
2024-02-03T03:00:00Z,Imports & Exports,-1286.000,Elexon BMRS FUELHH
2024-02-03T03:00:00Z,Nuclear,3753.000,Elexon BMRS FUELHH
2024-02-03T03:00:00Z,Other,218.000,Elexon BMRS FUELHH
2024-02-03T03:00:00Z,Pumped Storage,-1784.000,Elexon BMRS FUELHH
2024-02-03T03:00:00Z,Wind,13943.000,Elexon BMRS FUELHH
2024-02-03T03:30:00Z,Biomass,1349.000,Elexon BMRS FUELHH
2024-02-03T03:30:00Z,Coal,229.000,Elexon BMRS FUELHH
2024-02-03T03:30:00Z,Gas,3449.000,Elexon BMRS FUELHH
2024-02-03T03:30:00Z,Hydro,633.000,Elexon BMRS FUELHH
2024-02-03T03:30:00Z,Imports & Exports,-1350.000,Elexon BMRS FUELHH
2024-02-03T03:30:00Z,Nuclear,3755.000,Elexon BMRS FUELHH
2024-02-03T03:30:00Z,Other,190.000,Elexon BMRS FUELHH
2024-02-03T03:30:00Z,Pumped Storage,-1788.000,Elexon BMRS FUELHH
2024-02-03T03:30:00Z,Wind,13978.000,Elexon BMRS FUELHH
2024-02-03T04:00:00Z,Biomass,1355.000,Elexon BMRS FUELHH
2024-02-03T04:00:00Z,Coal,230.000,Elexon BMRS FUELHH
2024-02-03T04:00:00Z,Gas,3638.000,Elexon BMRS FUELHH
2024-02-03T04:00:00Z,Hydro,633.000,Elexon BMRS FUELHH
2024-02-03T04:00:00Z,Imports & Exports,-1964.000,Elexon BMRS FUELHH
2024-02-03T04:00:00Z,Nuclear,3752.000,Elexon BMRS FUELHH
2024-02-03T04:00:00Z,Other,189.000,Elexon BMRS FUELHH
2024-02-03T04:00:00Z,Pumped Storage,-1930.000,Elexon BMRS FUELHH
2024-02-03T04:00:00Z,Wind,13925.000,Elexon BMRS FUELHH
2024-02-03T04:30:00Z,Biomass,1168.000,Elexon BMRS FUELHH
2024-02-03T04:30:00Z,Coal,230.000,Elexon BMRS FUELHH
2024-02-03T04:30:00Z,Gas,3194.000,Elexon BMRS FUELHH
2024-02-03T04:30:00Z,Hydro,634.000,Elexon BMRS FUELHH
2024-02-03T04:30:00Z,Imports & Exports,-1952.000,Elexon BMRS FUELHH
2024-02-03T04:30:00Z,Nuclear,3754.000,Elexon BMRS FUELHH
2024-02-03T04:30:00Z,Other,190.000,Elexon BMRS FUELHH
2024-02-03T04:30:00Z,Pumped Storage,-1920.000,Elexon BMRS FUELHH
2024-02-03T04:30:00Z,Wind,14125.000,Elexon BMRS FUELHH
2024-02-03T05:00:00Z,Biomass,1134.000,Elexon BMRS FUELHH
2024-02-03T05:00:00Z,Coal,230.000,Elexon BMRS FUELHH
2024-02-03T05:00:00Z,Gas,2966.000,Elexon BMRS FUELHH
2024-02-03T05:00:00Z,Hydro,634.000,Elexon BMRS FUELHH
2024-02-03T05:00:00Z,Imports & Exports,-1762.000,Elexon BMRS FUELHH
2024-02-03T05:00:00Z,Nuclear,3753.000,Elexon BMRS FUELHH
2024-02-03T05:00:00Z,Other,209.000,Elexon BMRS FUELHH
2024-02-03T05:00:00Z,Pumped Storage,-1740.000,Elexon BMRS FUELHH
2024-02-03T05:00:00Z,Wind,13801.000,Elexon BMRS FUELHH
2024-02-03T05:30:00Z,Biomass,1143.000,Elexon BMRS FUELHH
2024-02-03T05:30:00Z,Coal,229.000,Elexon BMRS FUELHH
2024-02-03T05:30:00Z,Gas,3176.000,Elexon BMRS FUELHH
2024-02-03T05:30:00Z,Hydro,638.000,Elexon BMRS FUELHH
2024-02-03T05:30:00Z,Imports & Exports,-1690.000,Elexon BMRS FUELHH
2024-02-03T05:30:00Z,Nuclear,3749.000,Elexon BMRS FUELHH
2024-02-03T05:30:00Z,Other,250.000,Elexon BMRS FUELHH
2024-02-03T05:30:00Z,Pumped Storage,-1618.000,Elexon BMRS FUELHH
2024-02-03T05:30:00Z,Wind,13603.000,Elexon BMRS FUELHH
2024-02-03T06:00:00Z,Biomass,1138.000,Elexon BMRS FUELHH
2024-02-03T06:00:00Z,Coal,229.000,Elexon BMRS FUELHH
2024-02-03T06:00:00Z,Gas,3063.000,Elexon BMRS FUELHH
2024-02-03T06:00:00Z,Hydro,791.000,Elexon BMRS FUELHH
2024-02-03T06:00:00Z,Imports & Exports,-920.000,Elexon BMRS FUELHH
2024-02-03T06:00:00Z,Nuclear,3753.000,Elexon BMRS FUELHH
2024-02-03T06:00:00Z,Other,294.000,Elexon BMRS FUELHH
2024-02-03T06:00:00Z,Pumped Storage,-896.000,Elexon BMRS FUELHH
2024-02-03T06:00:00Z,Wind,13326.000,Elexon BMRS FUELHH
2024-02-03T06:30:00Z,Biomass,1163.000,Elexon BMRS FUELHH
2024-02-03T06:30:00Z,Coal,230.000,Elexon BMRS FUELHH
2024-02-03T06:30:00Z,Gas,2992.000,Elexon BMRS FUELHH
2024-02-03T06:30:00Z,Hydro,755.000,Elexon BMRS FUELHH
2024-02-03T06:30:00Z,Imports & Exports,-832.000,Elexon BMRS FUELHH
2024-02-03T06:30:00Z,Nuclear,3754.000,Elexon BMRS FUELHH
2024-02-03T06:30:00Z,Other,400.000,Elexon BMRS FUELHH
2024-02-03T06:30:00Z,Pumped Storage,4.000,Elexon BMRS FUELHH
2024-02-03T06:30:00Z,Wind,13054.000,Elexon BMRS FUELHH
2024-02-03T07:00:00Z,Biomass,1232.000,Elexon BMRS FUELHH
2024-02-03T07:00:00Z,Coal,248.000,Elexon BMRS FUELHH
2024-02-03T07:00:00Z,Gas,3654.000,Elexon BMRS FUELHH
2024-02-03T07:00:00Z,Hydro,743.000,Elexon BMRS FUELHH
2024-02-03T07:00:00Z,Imports & Exports,-78.000,Elexon BMRS FUELHH
2024-02-03T07:00:00Z,Nuclear,3752.000,Elexon BMRS FUELHH
2024-02-03T07:00:00Z,Other,351.000,Elexon BMRS FUELHH
2024-02-03T07:00:00Z,Pumped Storage,90.000,Elexon BMRS FUELHH
2024-02-03T07:00:00Z,Wind,13276.000,Elexon BMRS FUELHH
2024-02-03T07:30:00Z,Biomass,1241.000,Elexon BMRS FUELHH
2024-02-03T07:30:00Z,Coal,317.000,Elexon BMRS FUELHH
2024-02-03T07:30:00Z,Gas,4268.000,Elexon BMRS FUELHH
2024-02-03T07:30:00Z,Hydro,731.000,Elexon BMRS FUELHH
2024-02-03T07:30:00Z,Imports & Exports,114.000,Elexon BMRS FUELHH
2024-02-03T07:30:00Z,Nuclear,3758.000,Elexon BMRS FUELHH
2024-02-03T07:30:00Z,Other,342.000,Elexon BMRS FUELHH
2024-02-03T07:30:00Z,Pumped Storage,-20.000,Elexon BMRS FUELHH
2024-02-03T07:30:00Z,Wind,13256.000,Elexon BMRS FUELHH
2024-02-03T08:00:00Z,Biomass,1189.000,Elexon BMRS FUELHH
2024-02-03T08:00:00Z,Coal,256.000,Elexon BMRS FUELHH
2024-02-03T08:00:00Z,Gas,3575.000,Elexon BMRS FUELHH
2024-02-03T08:00:00Z,Hydro,731.000,Elexon BMRS FUELHH
2024-02-03T08:00:00Z,Imports & Exports,2916.000,Elexon BMRS FUELHH
2024-02-03T08:00:00Z,Nuclear,3755.000,Elexon BMRS FUELHH
2024-02-03T08:00:00Z,Other,269.000,Elexon BMRS FUELHH
2024-02-03T08:00:00Z,Pumped Storage,88.000,Elexon BMRS FUELHH
2024-02-03T08:00:00Z,Wind,13167.000,Elexon BMRS FUELHH
2024-02-03T08:30:00Z,Biomass,1171.000,Elexon BMRS FUELHH
2024-02-03T08:30:00Z,Coal,255.000,Elexon BMRS FUELHH
2024-02-03T08:30:00Z,Gas,3873.000,Elexon BMRS FUELHH
2024-02-03T08:30:00Z,Hydro,732.000,Elexon BMRS FUELHH
2024-02-03T08:30:00Z,Imports & Exports,3128.000,Elexon BMRS FUELHH
2024-02-03T08:30:00Z,Nuclear,3758.000,Elexon BMRS FUELHH
2024-02-03T08:30:00Z,Other,584.000,Elexon BMRS FUELHH
2024-02-03T08:30:00Z,Pumped Storage,-20.000,Elexon BMRS FUELHH
2024-02-03T08:30:00Z,Wind,13240.000,Elexon BMRS FUELHH
2024-02-03T09:00:00Z,Biomass,1183.000,Elexon BMRS FUELHH
2024-02-03T09:00:00Z,Coal,229.000,Elexon BMRS FUELHH
2024-02-03T09:00:00Z,Gas,3330.000,Elexon BMRS FUELHH
2024-02-03T09:00:00Z,Hydro,742.000,Elexon BMRS FUELHH
2024-02-03T09:00:00Z,Imports & Exports,5612.000,Elexon BMRS FUELHH
2024-02-03T09:00:00Z,Nuclear,3758.000,Elexon BMRS FUELHH
2024-02-03T09:00:00Z,Other,380.000,Elexon BMRS FUELHH
2024-02-03T09:00:00Z,Pumped Storage,-50.000,Elexon BMRS FUELHH
2024-02-03T09:00:00Z,Wind,13429.000,Elexon BMRS FUELHH
2024-02-03T09:30:00Z,Biomass,1179.000,Elexon BMRS FUELHH
2024-02-03T09:30:00Z,Coal,229.000,Elexon BMRS FUELHH
2024-02-03T09:30:00Z,Gas,3423.000,Elexon BMRS FUELHH
2024-02-03T09:30:00Z,Hydro,741.000,Elexon BMRS FUELHH
2024-02-03T09:30:00Z,Imports & Exports,5730.000,Elexon BMRS FUELHH
2024-02-03T09:30:00Z,Nuclear,3760.000,Elexon BMRS FUELHH
2024-02-03T09:30:00Z,Other,337.000,Elexon BMRS FUELHH
2024-02-03T09:30:00Z,Pumped Storage,-10.000,Elexon BMRS FUELHH
2024-02-03T09:30:00Z,Wind,13157.000,Elexon BMRS FUELHH
2024-02-03T10:00:00Z,Biomass,1141.000,Elexon BMRS FUELHH
2024-02-03T10:00:00Z,Coal,230.000,Elexon BMRS FUELHH
2024-02-03T10:00:00Z,Gas,2973.000,Elexon BMRS FUELHH
2024-02-03T10:00:00Z,Hydro,741.000,Elexon BMRS FUELHH
2024-02-03T10:00:00Z,Imports & Exports,6174.000,Elexon BMRS FUELHH
2024-02-03T10:00:00Z,Nuclear,3758.000,Elexon BMRS FUELHH
2024-02-03T10:00:00Z,Other,336.000,Elexon BMRS FUELHH
2024-02-03T10:00:00Z,Pumped Storage,-10.000,Elexon BMRS FUELHH
2024-02-03T10:00:00Z,Wind,13296.000,Elexon BMRS FUELHH
2024-02-03T10:30:00Z,Biomass,1374.000,Elexon BMRS FUELHH
2024-02-03T10:30:00Z,Coal,229.000,Elexon BMRS FUELHH
2024-02-03T10:30:00Z,Gas,2613.000,Elexon BMRS FUELHH
2024-02-03T10:30:00Z,Hydro,742.000,Elexon BMRS FUELHH
2024-02-03T10:30:00Z,Imports & Exports,6190.000,Elexon BMRS FUELHH
2024-02-03T10:30:00Z,Nuclear,3752.000,Elexon BMRS FUELHH
2024-02-03T10:30:00Z,Other,290.000,Elexon BMRS FUELHH
2024-02-03T10:30:00Z,Pumped Storage,-10.000,Elexon BMRS FUELHH
2024-02-03T10:30:00Z,Wind,13319.000,Elexon BMRS FUELHH
2024-02-03T11:00:00Z,Biomass,1494.000,Elexon BMRS FUELHH
2024-02-03T11:00:00Z,Coal,229.000,Elexon BMRS FUELHH
2024-02-03T11:00:00Z,Gas,2680.000,Elexon BMRS FUELHH
2024-02-03T11:00:00Z,Hydro,733.000,Elexon BMRS FUELHH
2024-02-03T11:00:00Z,Imports & Exports,6190.000,Elexon BMRS FUELHH
2024-02-03T11:00:00Z,Nuclear,3753.000,Elexon BMRS FUELHH
2024-02-03T11:00:00Z,Other,297.000,Elexon BMRS FUELHH
2024-02-03T11:00:00Z,Pumped Storage,-10.000,Elexon BMRS FUELHH
2024-02-03T11:00:00Z,Wind,13143.000,Elexon BMRS FUELHH
2024-02-03T11:30:00Z,Biomass,1472.000,Elexon BMRS FUELHH
2024-02-03T11:30:00Z,Coal,177.000,Elexon BMRS FUELHH
2024-02-03T11:30:00Z,Gas,2981.000,Elexon BMRS FUELHH
2024-02-03T11:30:00Z,Hydro,731.000,Elexon BMRS FUELHH
2024-02-03T11:30:00Z,Imports & Exports,6188.000,Elexon BMRS FUELHH
2024-02-03T11:30:00Z,Nuclear,3754.000,Elexon BMRS FUELHH
2024-02-03T11:30:00Z,Other,325.000,Elexon BMRS FUELHH
2024-02-03T11:30:00Z,Pumped Storage,2.000,Elexon BMRS FUELHH
2024-02-03T11:30:00Z,Wind,12933.000,Elexon BMRS FUELHH
2024-02-03T12:00:00Z,Biomass,1460.000,Elexon BMRS FUELHH
2024-02-03T12:00:00Z,Coal,0.000,Elexon BMRS FUELHH
2024-02-03T12:00:00Z,Gas,3505.000,Elexon BMRS FUELHH
2024-02-03T12:00:00Z,Hydro,726.000,Elexon BMRS FUELHH
2024-02-03T12:00:00Z,Imports & Exports,6188.000,Elexon BMRS FUELHH
2024-02-03T12:00:00Z,Nuclear,3758.000,Elexon BMRS FUELHH
2024-02-03T12:00:00Z,Other,356.000,Elexon BMRS FUELHH
2024-02-03T12:00:00Z,Pumped Storage,10.000,Elexon BMRS FUELHH
2024-02-03T12:00:00Z,Wind,12931.000,Elexon BMRS FUELHH
2024-02-03T12:30:00Z,Biomass,1395.000,Elexon BMRS FUELHH
2024-02-03T12:30:00Z,Coal,0.000,Elexon BMRS FUELHH
2024-02-03T12:30:00Z,Gas,3486.000,Elexon BMRS FUELHH
2024-02-03T12:30:00Z,Hydro,725.000,Elexon BMRS FUELHH
2024-02-03T12:30:00Z,Imports & Exports,6188.000,Elexon BMRS FUELHH
2024-02-03T12:30:00Z,Nuclear,3755.000,Elexon BMRS FUELHH
2024-02-03T12:30:00Z,Other,299.000,Elexon BMRS FUELHH
2024-02-03T12:30:00Z,Pumped Storage,-10.000,Elexon BMRS FUELHH
2024-02-03T12:30:00Z,Wind,13011.000,Elexon BMRS FUELHH
2024-02-03T13:00:00Z,Biomass,1474.000,Elexon BMRS FUELHH
2024-02-03T13:00:00Z,Coal,0.000,Elexon BMRS FUELHH
2024-02-03T13:00:00Z,Gas,3636.000,Elexon BMRS FUELHH
2024-02-03T13:00:00Z,Hydro,707.000,Elexon BMRS FUELHH
2024-02-03T13:00:00Z,Imports & Exports,6190.000,Elexon BMRS FUELHH
2024-02-03T13:00:00Z,Nuclear,3752.000,Elexon BMRS FUELHH
2024-02-03T13:00:00Z,Other,411.000,Elexon BMRS FUELHH
2024-02-03T13:00:00Z,Pumped Storage,60.000,Elexon BMRS FUELHH
2024-02-03T13:00:00Z,Wind,12614.000,Elexon BMRS FUELHH
2024-02-03T13:30:00Z,Biomass,1560.000,Elexon BMRS FUELHH
2024-02-03T13:30:00Z,Coal,0.000,Elexon BMRS FUELHH
2024-02-03T13:30:00Z,Gas,3638.000,Elexon BMRS FUELHH
2024-02-03T13:30:00Z,Hydro,707.000,Elexon BMRS FUELHH
2024-02-03T13:30:00Z,Imports & Exports,6190.000,Elexon BMRS FUELHH
2024-02-03T13:30:00Z,Nuclear,3754.000,Elexon BMRS FUELHH
2024-02-03T13:30:00Z,Other,209.000,Elexon BMRS FUELHH
2024-02-03T13:30:00Z,Pumped Storage,-10.000,Elexon BMRS FUELHH
2024-02-03T13:30:00Z,Wind,12844.000,Elexon BMRS FUELHH
2024-02-03T14:00:00Z,Biomass,1499.000,Elexon BMRS FUELHH
2024-02-03T14:00:00Z,Coal,0.000,Elexon BMRS FUELHH
2024-02-03T14:00:00Z,Gas,3627.000,Elexon BMRS FUELHH
2024-02-03T14:00:00Z,Hydro,706.000,Elexon BMRS FUELHH
2024-02-03T14:00:00Z,Imports & Exports,6012.000,Elexon BMRS FUELHH
2024-02-03T14:00:00Z,Nuclear,3752.000,Elexon BMRS FUELHH
2024-02-03T14:00:00Z,Other,200.000,Elexon BMRS FUELHH
2024-02-03T14:00:00Z,Pumped Storage,-14.000,Elexon BMRS FUELHH
2024-02-03T14:00:00Z,Wind,13015.000,Elexon BMRS FUELHH
2024-02-03T14:30:00Z,Biomass,1358.000,Elexon BMRS FUELHH
2024-02-03T14:30:00Z,Coal,0.000,Elexon BMRS FUELHH
2024-02-03T14:30:00Z,Gas,3464.000,Elexon BMRS FUELHH
2024-02-03T14:30:00Z,Hydro,706.000,Elexon BMRS FUELHH
2024-02-03T14:30:00Z,Imports & Exports,6016.000,Elexon BMRS FUELHH
2024-02-03T14:30:00Z,Nuclear,3754.000,Elexon BMRS FUELHH
2024-02-03T14:30:00Z,Other,219.000,Elexon BMRS FUELHH
2024-02-03T14:30:00Z,Pumped Storage,266.000,Elexon BMRS FUELHH
2024-02-03T14:30:00Z,Wind,12886.000,Elexon BMRS FUELHH
2024-02-03T15:00:00Z,Biomass,1258.000,Elexon BMRS FUELHH
2024-02-03T15:00:00Z,Coal,0.000,Elexon BMRS FUELHH
2024-02-03T15:00:00Z,Gas,3158.000,Elexon BMRS FUELHH
2024-02-03T15:00:00Z,Hydro,706.000,Elexon BMRS FUELHH
2024-02-03T15:00:00Z,Imports & Exports,5808.000,Elexon BMRS FUELHH
2024-02-03T15:00:00Z,Nuclear,3758.000,Elexon BMRS FUELHH
2024-02-03T15:00:00Z,Other,198.000,Elexon BMRS FUELHH
2024-02-03T15:00:00Z,Pumped Storage,1324.000,Elexon BMRS FUELHH
2024-02-03T15:00:00Z,Wind,13232.000,Elexon BMRS FUELHH
2024-02-03T15:30:00Z,Biomass,1440.000,Elexon BMRS FUELHH
2024-02-03T15:30:00Z,Coal,0.000,Elexon BMRS FUELHH
2024-02-03T15:30:00Z,Gas,3767.000,Elexon BMRS FUELHH
2024-02-03T15:30:00Z,Hydro,712.000,Elexon BMRS FUELHH
2024-02-03T15:30:00Z,Imports & Exports,5810.000,Elexon BMRS FUELHH
2024-02-03T15:30:00Z,Nuclear,3753.000,Elexon BMRS FUELHH
2024-02-03T15:30:00Z,Other,210.000,Elexon BMRS FUELHH
2024-02-03T15:30:00Z,Pumped Storage,1498.000,Elexon BMRS FUELHH
2024-02-03T15:30:00Z,Wind,12992.000,Elexon BMRS FUELHH
2024-02-03T16:00:00Z,Biomass,1656.000,Elexon BMRS FUELHH
2024-02-03T16:00:00Z,Coal,0.000,Elexon BMRS FUELHH
2024-02-03T16:00:00Z,Gas,4520.000,Elexon BMRS FUELHH
2024-02-03T16:00:00Z,Hydro,735.000,Elexon BMRS FUELHH
2024-02-03T16:00:00Z,Imports & Exports,5422.000,Elexon BMRS FUELHH
2024-02-03T16:00:00Z,Nuclear,3758.000,Elexon BMRS FUELHH
2024-02-03T16:00:00Z,Other,219.000,Elexon BMRS FUELHH
2024-02-03T16:00:00Z,Pumped Storage,1498.000,Elexon BMRS FUELHH
2024-02-03T16:00:00Z,Wind,13184.000,Elexon BMRS FUELHH
2024-02-03T16:30:00Z,Biomass,1817.000,Elexon BMRS FUELHH
2024-02-03T16:30:00Z,Coal,0.000,Elexon BMRS FUELHH
2024-02-03T16:30:00Z,Gas,4861.000,Elexon BMRS FUELHH
2024-02-03T16:30:00Z,Hydro,749.000,Elexon BMRS FUELHH
2024-02-03T16:30:00Z,Imports & Exports,5416.000,Elexon BMRS FUELHH
2024-02-03T16:30:00Z,Nuclear,3762.000,Elexon BMRS FUELHH
2024-02-03T16:30:00Z,Other,364.000,Elexon BMRS FUELHH
2024-02-03T16:30:00Z,Pumped Storage,1420.000,Elexon BMRS FUELHH
2024-02-03T16:30:00Z,Wind,13467.000,Elexon BMRS FUELHH
2024-02-03T17:00:00Z,Biomass,1838.000,Elexon BMRS FUELHH
2024-02-03T17:00:00Z,Coal,0.000,Elexon BMRS FUELHH
2024-02-03T17:00:00Z,Gas,5089.000,Elexon BMRS FUELHH
2024-02-03T17:00:00Z,Hydro,815.000,Elexon BMRS FUELHH
2024-02-03T17:00:00Z,Imports & Exports,6216.000,Elexon BMRS FUELHH
2024-02-03T17:00:00Z,Nuclear,3752.000,Elexon BMRS FUELHH
2024-02-03T17:00:00Z,Other,808.000,Elexon BMRS FUELHH
2024-02-03T17:00:00Z,Pumped Storage,1532.000,Elexon BMRS FUELHH
2024-02-03T17:00:00Z,Wind,13410.000,Elexon BMRS FUELHH
2024-02-03T17:30:00Z,Biomass,1822.000,Elexon BMRS FUELHH
2024-02-03T17:30:00Z,Coal,0.000,Elexon BMRS FUELHH
2024-02-03T17:30:00Z,Gas,5687.000,Elexon BMRS FUELHH
2024-02-03T17:30:00Z,Hydro,830.000,Elexon BMRS FUELHH
2024-02-03T17:30:00Z,Imports & Exports,6254.000,Elexon BMRS FUELHH
2024-02-03T17:30:00Z,Nuclear,3762.000,Elexon BMRS FUELHH
2024-02-03T17:30:00Z,Other,1064.000,Elexon BMRS FUELHH
2024-02-03T17:30:00Z,Pumped Storage,1572.000,Elexon BMRS FUELHH
2024-02-03T17:30:00Z,Wind,13652.000,Elexon BMRS FUELHH
2024-02-03T18:00:00Z,Biomass,1823.000,Elexon BMRS FUELHH
2024-02-03T18:00:00Z,Coal,0.000,Elexon BMRS FUELHH
2024-02-03T18:00:00Z,Gas,5785.000,Elexon BMRS FUELHH
2024-02-03T18:00:00Z,Hydro,841.000,Elexon BMRS FUELHH
2024-02-03T18:00:00Z,Imports & Exports,5954.000,Elexon BMRS FUELHH
2024-02-03T18:00:00Z,Nuclear,3757.000,Elexon BMRS FUELHH
2024-02-03T18:00:00Z,Other,928.000,Elexon BMRS FUELHH
2024-02-03T18:00:00Z,Pumped Storage,1572.000,Elexon BMRS FUELHH
2024-02-03T18:00:00Z,Wind,13858.000,Elexon BMRS FUELHH
2024-02-03T18:30:00Z,Biomass,1826.000,Elexon BMRS FUELHH
2024-02-03T18:30:00Z,Coal,0.000,Elexon BMRS FUELHH
2024-02-03T18:30:00Z,Gas,5533.000,Elexon BMRS FUELHH
2024-02-03T18:30:00Z,Hydro,837.000,Elexon BMRS FUELHH
2024-02-03T18:30:00Z,Imports & Exports,5936.000,Elexon BMRS FUELHH
2024-02-03T18:30:00Z,Nuclear,3754.000,Elexon BMRS FUELHH
2024-02-03T18:30:00Z,Other,631.000,Elexon BMRS FUELHH
2024-02-03T18:30:00Z,Pumped Storage,1522.000,Elexon BMRS FUELHH
2024-02-03T18:30:00Z,Wind,13788.000,Elexon BMRS FUELHH
2024-02-03T19:00:00Z,Biomass,1829.000,Elexon BMRS FUELHH
2024-02-03T19:00:00Z,Coal,0.000,Elexon BMRS FUELHH
2024-02-03T19:00:00Z,Gas,5327.000,Elexon BMRS FUELHH
2024-02-03T19:00:00Z,Hydro,832.000,Elexon BMRS FUELHH
2024-02-03T19:00:00Z,Imports & Exports,5682.000,Elexon BMRS FUELHH
2024-02-03T19:00:00Z,Nuclear,3750.000,Elexon BMRS FUELHH
2024-02-03T19:00:00Z,Other,561.000,Elexon BMRS FUELHH
2024-02-03T19:00:00Z,Pumped Storage,904.000,Elexon BMRS FUELHH
2024-02-03T19:00:00Z,Wind,13783.000,Elexon BMRS FUELHH
2024-02-03T19:30:00Z,Biomass,1824.000,Elexon BMRS FUELHH
2024-02-03T19:30:00Z,Coal,0.000,Elexon BMRS FUELHH
2024-02-03T19:30:00Z,Gas,4389.000,Elexon BMRS FUELHH
2024-02-03T19:30:00Z,Hydro,836.000,Elexon BMRS FUELHH
2024-02-03T19:30:00Z,Imports & Exports,5622.000,Elexon BMRS FUELHH
2024-02-03T19:30:00Z,Nuclear,3756.000,Elexon BMRS FUELHH
2024-02-03T19:30:00Z,Other,450.000,Elexon BMRS FUELHH
2024-02-03T19:30:00Z,Pumped Storage,864.000,Elexon BMRS FUELHH
2024-02-03T19:30:00Z,Wind,13787.000,Elexon BMRS FUELHH
2024-02-03T20:00:00Z,Biomass,1835.000,Elexon BMRS FUELHH
2024-02-03T20:00:00Z,Coal,0.000,Elexon BMRS FUELHH
2024-02-03T20:00:00Z,Gas,4557.000,Elexon BMRS FUELHH
2024-02-03T20:00:00Z,Hydro,806.000,Elexon BMRS FUELHH
2024-02-03T20:00:00Z,Imports & Exports,4550.000,Elexon BMRS FUELHH
2024-02-03T20:00:00Z,Nuclear,3751.000,Elexon BMRS FUELHH
2024-02-03T20:00:00Z,Other,457.000,Elexon BMRS FUELHH
2024-02-03T20:00:00Z,Pumped Storage,644.000,Elexon BMRS FUELHH
2024-02-03T20:00:00Z,Wind,13761.000,Elexon BMRS FUELHH
2024-02-03T20:30:00Z,Biomass,1699.000,Elexon BMRS FUELHH
2024-02-03T20:30:00Z,Coal,0.000,Elexon BMRS FUELHH
2024-02-03T20:30:00Z,Gas,4241.000,Elexon BMRS FUELHH
2024-02-03T20:30:00Z,Hydro,787.000,Elexon BMRS FUELHH
2024-02-03T20:30:00Z,Imports & Exports,4472.000,Elexon BMRS FUELHH
2024-02-03T20:30:00Z,Nuclear,3752.000,Elexon BMRS FUELHH
2024-02-03T20:30:00Z,Other,408.000,Elexon BMRS FUELHH
2024-02-03T20:30:00Z,Pumped Storage,502.000,Elexon BMRS FUELHH
2024-02-03T20:30:00Z,Wind,13320.000,Elexon BMRS FUELHH
2024-02-03T21:00:00Z,Biomass,1588.000,Elexon BMRS FUELHH
2024-02-03T21:00:00Z,Coal,0.000,Elexon BMRS FUELHH
2024-02-03T21:00:00Z,Gas,4676.000,Elexon BMRS FUELHH
2024-02-03T21:00:00Z,Hydro,832.000,Elexon BMRS FUELHH
2024-02-03T21:00:00Z,Imports & Exports,3342.000,Elexon BMRS FUELHH
2024-02-03T21:00:00Z,Nuclear,3757.000,Elexon BMRS FUELHH
2024-02-03T21:00:00Z,Other,439.000,Elexon BMRS FUELHH
2024-02-03T21:00:00Z,Pumped Storage,190.000,Elexon BMRS FUELHH
2024-02-03T21:00:00Z,Wind,13122.000,Elexon BMRS FUELHH
2024-02-03T21:30:00Z,Biomass,1468.000,Elexon BMRS FUELHH
2024-02-03T21:30:00Z,Coal,0.000,Elexon BMRS FUELHH
2024-02-03T21:30:00Z,Gas,4286.000,Elexon BMRS FUELHH
2024-02-03T21:30:00Z,Hydro,745.000,Elexon BMRS FUELHH
2024-02-03T21:30:00Z,Imports & Exports,3206.000,Elexon BMRS FUELHH
2024-02-03T21:30:00Z,Nuclear,3758.000,Elexon BMRS FUELHH
2024-02-03T21:30:00Z,Other,337.000,Elexon BMRS FUELHH
2024-02-03T21:30:00Z,Pumped Storage,-10.000,Elexon BMRS FUELHH
2024-02-03T21:30:00Z,Wind,13442.000,Elexon BMRS FUELHH
2024-02-03T22:00:00Z,Biomass,1590.000,Elexon BMRS FUELHH
2024-02-03T22:00:00Z,Coal,83.000,Elexon BMRS FUELHH
2024-02-03T22:00:00Z,Gas,4186.000,Elexon BMRS FUELHH
2024-02-03T22:00:00Z,Hydro,749.000,Elexon BMRS FUELHH
2024-02-03T22:00:00Z,Imports & Exports,1314.000,Elexon BMRS FUELHH
2024-02-03T22:00:00Z,Nuclear,3758.000,Elexon BMRS FUELHH
2024-02-03T22:00:00Z,Other,371.000,Elexon BMRS FUELHH
2024-02-03T22:00:00Z,Pumped Storage,-8.000,Elexon BMRS FUELHH
2024-02-03T22:00:00Z,Wind,13887.000,Elexon BMRS FUELHH
2024-02-03T22:30:00Z,Biomass,1401.000,Elexon BMRS FUELHH
2024-02-03T22:30:00Z,Coal,244.000,Elexon BMRS FUELHH
2024-02-03T22:30:00Z,Gas,3332.000,Elexon BMRS FUELHH
2024-02-03T22:30:00Z,Hydro,749.000,Elexon BMRS FUELHH
2024-02-03T22:30:00Z,Imports & Exports,1252.000,Elexon BMRS FUELHH
2024-02-03T22:30:00Z,Nuclear,3762.000,Elexon BMRS FUELHH
2024-02-03T22:30:00Z,Other,355.000,Elexon BMRS FUELHH
2024-02-03T22:30:00Z,Pumped Storage,-22.000,Elexon BMRS FUELHH
2024-02-03T22:30:00Z,Wind,13614.000,Elexon BMRS FUELHH
2024-02-03T23:00:00Z,Biomass,1274.000,Elexon BMRS FUELHH
2024-02-03T23:00:00Z,Coal,229.000,Elexon BMRS FUELHH
2024-02-03T23:00:00Z,Gas,3131.000,Elexon BMRS FUELHH
2024-02-03T23:00:00Z,Hydro,748.000,Elexon BMRS FUELHH
2024-02-03T23:00:00Z,Imports & Exports,588.000,Elexon BMRS FUELHH
2024-02-03T23:00:00Z,Nuclear,3764.000,Elexon BMRS FUELHH
2024-02-03T23:00:00Z,Other,532.000,Elexon BMRS FUELHH
2024-02-03T23:00:00Z,Pumped Storage,-810.000,Elexon BMRS FUELHH
2024-02-03T23:00:00Z,Wind,13357.000,Elexon BMRS FUELHH
2024-02-03T23:30:00Z,Biomass,1169.000,Elexon BMRS FUELHH
2024-02-03T23:30:00Z,Coal,229.000,Elexon BMRS FUELHH
2024-02-03T23:30:00Z,Gas,3000.000,Elexon BMRS FUELHH
2024-02-03T23:30:00Z,Hydro,704.000,Elexon BMRS FUELHH
2024-02-03T23:30:00Z,Imports & Exports,590.000,Elexon BMRS FUELHH
2024-02-03T23:30:00Z,Nuclear,3772.000,Elexon BMRS FUELHH
2024-02-03T23:30:00Z,Other,404.000,Elexon BMRS FUELHH
2024-02-03T23:30:00Z,Pumped Storage,-1190.000,Elexon BMRS FUELHH
2024-02-03T23:30:00Z,Wind,13515.000,Elexon BMRS FUELHH
2024-02-04T00:00:00Z,Biomass,1181.000,Elexon BMRS FUELHH
2024-02-04T00:00:00Z,Coal,230.000,Elexon BMRS FUELHH
2024-02-04T00:00:00Z,Gas,2996.000,Elexon BMRS FUELHH
2024-02-04T00:00:00Z,Hydro,696.000,Elexon BMRS FUELHH
2024-02-04T00:00:00Z,Imports & Exports,554.000,Elexon BMRS FUELHH
2024-02-04T00:00:00Z,Nuclear,3772.000,Elexon BMRS FUELHH
2024-02-04T00:00:00Z,Other,368.000,Elexon BMRS FUELHH
2024-02-04T00:00:00Z,Pumped Storage,-1188.000,Elexon BMRS FUELHH
2024-02-04T00:00:00Z,Wind,13495.000,Elexon BMRS FUELHH
2024-02-04T00:30:00Z,Biomass,1204.000,Elexon BMRS FUELHH
2024-02-04T00:30:00Z,Coal,231.000,Elexon BMRS FUELHH
2024-02-04T00:30:00Z,Gas,3156.000,Elexon BMRS FUELHH
2024-02-04T00:30:00Z,Hydro,695.000,Elexon BMRS FUELHH
2024-02-04T00:30:00Z,Imports & Exports,508.000,Elexon BMRS FUELHH
2024-02-04T00:30:00Z,Nuclear,3772.000,Elexon BMRS FUELHH
2024-02-04T00:30:00Z,Other,458.000,Elexon BMRS FUELHH
2024-02-04T00:30:00Z,Pumped Storage,-992.000,Elexon BMRS FUELHH
2024-02-04T00:30:00Z,Wind,13460.000,Elexon BMRS FUELHH
2024-02-04T01:00:00Z,Biomass,1419.000,Elexon BMRS FUELHH
2024-02-04T01:00:00Z,Coal,314.000,Elexon BMRS FUELHH
2024-02-04T01:00:00Z,Gas,3409.000,Elexon BMRS FUELHH
2024-02-04T01:00:00Z,Hydro,693.000,Elexon BMRS FUELHH
2024-02-04T01:00:00Z,Imports & Exports,-178.000,Elexon BMRS FUELHH
2024-02-04T01:00:00Z,Nuclear,3755.000,Elexon BMRS FUELHH
2024-02-04T01:00:00Z,Other,467.000,Elexon BMRS FUELHH
2024-02-04T01:00:00Z,Pumped Storage,-1102.000,Elexon BMRS FUELHH
2024-02-04T01:00:00Z,Wind,13157.000,Elexon BMRS FUELHH
2024-02-04T01:30:00Z,Biomass,1449.000,Elexon BMRS FUELHH
2024-02-04T01:30:00Z,Coal,436.000,Elexon BMRS FUELHH
2024-02-04T01:30:00Z,Gas,3412.000,Elexon BMRS FUELHH
2024-02-04T01:30:00Z,Hydro,696.000,Elexon BMRS FUELHH
2024-02-04T01:30:00Z,Imports & Exports,-220.000,Elexon BMRS FUELHH
2024-02-04T01:30:00Z,Nuclear,3771.000,Elexon BMRS FUELHH
2024-02-04T01:30:00Z,Other,355.000,Elexon BMRS FUELHH
2024-02-04T01:30:00Z,Pumped Storage,-1558.000,Elexon BMRS FUELHH
2024-02-04T01:30:00Z,Wind,12978.000,Elexon BMRS FUELHH
2024-02-04T02:00:00Z,Biomass,1418.000,Elexon BMRS FUELHH
2024-02-04T02:00:00Z,Coal,399.000,Elexon BMRS FUELHH
2024-02-04T02:00:00Z,Gas,3155.000,Elexon BMRS FUELHH
2024-02-04T02:00:00Z,Hydro,696.000,Elexon BMRS FUELHH
2024-02-04T02:00:00Z,Imports & Exports,-740.000,Elexon BMRS FUELHH
2024-02-04T02:00:00Z,Nuclear,3770.000,Elexon BMRS FUELHH
2024-02-04T02:00:00Z,Other,339.000,Elexon BMRS FUELHH
2024-02-04T02:00:00Z,Pumped Storage,-1706.000,Elexon BMRS FUELHH
2024-02-04T02:00:00Z,Wind,13342.000,Elexon BMRS FUELHH
2024-02-04T02:30:00Z,Biomass,1240.000,Elexon BMRS FUELHH
2024-02-04T02:30:00Z,Coal,355.000,Elexon BMRS FUELHH
2024-02-04T02:30:00Z,Gas,3161.000,Elexon BMRS FUELHH
2024-02-04T02:30:00Z,Hydro,697.000,Elexon BMRS FUELHH
2024-02-04T02:30:00Z,Imports & Exports,-1106.000,Elexon BMRS FUELHH
2024-02-04T02:30:00Z,Nuclear,3765.000,Elexon BMRS FUELHH
2024-02-04T02:30:00Z,Other,335.000,Elexon BMRS FUELHH
2024-02-04T02:30:00Z,Pumped Storage,-1548.000,Elexon BMRS FUELHH
2024-02-04T02:30:00Z,Wind,13784.000,Elexon BMRS FUELHH
2024-02-04T03:00:00Z,Biomass,1290.000,Elexon BMRS FUELHH
2024-02-04T03:00:00Z,Coal,366.000,Elexon BMRS FUELHH
2024-02-04T03:00:00Z,Gas,3371.000,Elexon BMRS FUELHH
2024-02-04T03:00:00Z,Hydro,696.000,Elexon BMRS FUELHH
2024-02-04T03:00:00Z,Imports & Exports,-2224.000,Elexon BMRS FUELHH
2024-02-04T03:00:00Z,Nuclear,3765.000,Elexon BMRS FUELHH
2024-02-04T03:00:00Z,Other,349.000,Elexon BMRS FUELHH
2024-02-04T03:00:00Z,Pumped Storage,-1854.000,Elexon BMRS FUELHH
2024-02-04T03:00:00Z,Wind,14019.000,Elexon BMRS FUELHH
2024-02-04T03:30:00Z,Biomass,1268.000,Elexon BMRS FUELHH
2024-02-04T03:30:00Z,Coal,308.000,Elexon BMRS FUELHH
2024-02-04T03:30:00Z,Gas,3178.000,Elexon BMRS FUELHH
2024-02-04T03:30:00Z,Hydro,698.000,Elexon BMRS FUELHH
2024-02-04T03:30:00Z,Imports & Exports,-2266.000,Elexon BMRS FUELHH
2024-02-04T03:30:00Z,Nuclear,3758.000,Elexon BMRS FUELHH
2024-02-04T03:30:00Z,Other,341.000,Elexon BMRS FUELHH
2024-02-04T03:30:00Z,Pumped Storage,-1828.000,Elexon BMRS FUELHH
2024-02-04T03:30:00Z,Wind,14160.000,Elexon BMRS FUELHH
2024-02-04T04:00:00Z,Biomass,1384.000,Elexon BMRS FUELHH
2024-02-04T04:00:00Z,Coal,273.000,Elexon BMRS FUELHH
2024-02-04T04:00:00Z,Gas,3105.000,Elexon BMRS FUELHH
2024-02-04T04:00:00Z,Hydro,698.000,Elexon BMRS FUELHH
2024-02-04T04:00:00Z,Imports & Exports,-2816.000,Elexon BMRS FUELHH
2024-02-04T04:00:00Z,Nuclear,3765.000,Elexon BMRS FUELHH
2024-02-04T04:00:00Z,Other,334.000,Elexon BMRS FUELHH
2024-02-04T04:00:00Z,Pumped Storage,-1892.000,Elexon BMRS FUELHH
2024-02-04T04:00:00Z,Wind,14388.000,Elexon BMRS FUELHH
2024-02-04T04:30:00Z,Biomass,1297.000,Elexon BMRS FUELHH
2024-02-04T04:30:00Z,Coal,237.000,Elexon BMRS FUELHH
2024-02-04T04:30:00Z,Gas,3026.000,Elexon BMRS FUELHH
2024-02-04T04:30:00Z,Hydro,699.000,Elexon BMRS FUELHH
2024-02-04T04:30:00Z,Imports & Exports,-2868.000,Elexon BMRS FUELHH
2024-02-04T04:30:00Z,Nuclear,3757.000,Elexon BMRS FUELHH
2024-02-04T04:30:00Z,Other,290.000,Elexon BMRS FUELHH
2024-02-04T04:30:00Z,Pumped Storage,-1956.000,Elexon BMRS FUELHH
2024-02-04T04:30:00Z,Wind,14343.000,Elexon BMRS FUELHH
2024-02-04T05:00:00Z,Biomass,1359.000,Elexon BMRS FUELHH
2024-02-04T05:00:00Z,Coal,289.000,Elexon BMRS FUELHH
2024-02-04T05:00:00Z,Gas,3173.000,Elexon BMRS FUELHH
2024-02-04T05:00:00Z,Hydro,699.000,Elexon BMRS FUELHH
2024-02-04T05:00:00Z,Imports & Exports,-3366.000,Elexon BMRS FUELHH
2024-02-04T05:00:00Z,Nuclear,3758.000,Elexon BMRS FUELHH
2024-02-04T05:00:00Z,Other,199.000,Elexon BMRS FUELHH
2024-02-04T05:00:00Z,Pumped Storage,-1948.000,Elexon BMRS FUELHH
2024-02-04T05:00:00Z,Wind,14536.000,Elexon BMRS FUELHH
2024-02-04T05:30:00Z,Biomass,1379.000,Elexon BMRS FUELHH
2024-02-04T05:30:00Z,Coal,305.000,Elexon BMRS FUELHH
2024-02-04T05:30:00Z,Gas,3161.000,Elexon BMRS FUELHH
2024-02-04T05:30:00Z,Hydro,701.000,Elexon BMRS FUELHH
2024-02-04T05:30:00Z,Imports & Exports,-3346.000,Elexon BMRS FUELHH
2024-02-04T05:30:00Z,Nuclear,3761.000,Elexon BMRS FUELHH
2024-02-04T05:30:00Z,Other,212.000,Elexon BMRS FUELHH
2024-02-04T05:30:00Z,Pumped Storage,-1940.000,Elexon BMRS FUELHH
2024-02-04T05:30:00Z,Wind,14566.000,Elexon BMRS FUELHH
2024-02-04T06:00:00Z,Biomass,1385.000,Elexon BMRS FUELHH
2024-02-04T06:00:00Z,Coal,365.000,Elexon BMRS FUELHH
2024-02-04T06:00:00Z,Gas,3422.000,Elexon BMRS FUELHH
2024-02-04T06:00:00Z,Hydro,736.000,Elexon BMRS FUELHH
2024-02-04T06:00:00Z,Imports & Exports,-3372.000,Elexon BMRS FUELHH
2024-02-04T06:00:00Z,Nuclear,3754.000,Elexon BMRS FUELHH
2024-02-04T06:00:00Z,Other,294.000,Elexon BMRS FUELHH
2024-02-04T06:00:00Z,Pumped Storage,-1916.000,Elexon BMRS FUELHH
2024-02-04T06:00:00Z,Wind,14588.000,Elexon BMRS FUELHH
2024-02-04T06:30:00Z,Biomass,1636.000,Elexon BMRS FUELHH
2024-02-04T06:30:00Z,Coal,365.000,Elexon BMRS FUELHH
2024-02-04T06:30:00Z,Gas,3469.000,Elexon BMRS FUELHH
2024-02-04T06:30:00Z,Hydro,779.000,Elexon BMRS FUELHH
2024-02-04T06:30:00Z,Imports & Exports,-3196.000,Elexon BMRS FUELHH
2024-02-04T06:30:00Z,Nuclear,3757.000,Elexon BMRS FUELHH
2024-02-04T06:30:00Z,Other,371.000,Elexon BMRS FUELHH
2024-02-04T06:30:00Z,Pumped Storage,-1854.000,Elexon BMRS FUELHH
2024-02-04T06:30:00Z,Wind,14463.000,Elexon BMRS FUELHH
2024-02-04T07:00:00Z,Biomass,1619.000,Elexon BMRS FUELHH
2024-02-04T07:00:00Z,Coal,377.000,Elexon BMRS FUELHH
2024-02-04T07:00:00Z,Gas,3666.000,Elexon BMRS FUELHH
2024-02-04T07:00:00Z,Hydro,780.000,Elexon BMRS FUELHH
2024-02-04T07:00:00Z,Imports & Exports,-2222.000,Elexon BMRS FUELHH
2024-02-04T07:00:00Z,Nuclear,3757.000,Elexon BMRS FUELHH
2024-02-04T07:00:00Z,Other,353.000,Elexon BMRS FUELHH
2024-02-04T07:00:00Z,Pumped Storage,-1840.000,Elexon BMRS FUELHH
2024-02-04T07:00:00Z,Wind,14385.000,Elexon BMRS FUELHH
2024-02-04T07:30:00Z,Biomass,1565.000,Elexon BMRS FUELHH
2024-02-04T07:30:00Z,Coal,445.000,Elexon BMRS FUELHH
2024-02-04T07:30:00Z,Gas,4086.000,Elexon BMRS FUELHH
2024-02-04T07:30:00Z,Hydro,782.000,Elexon BMRS FUELHH
2024-02-04T07:30:00Z,Imports & Exports,-1962.000,Elexon BMRS FUELHH
2024-02-04T07:30:00Z,Nuclear,3761.000,Elexon BMRS FUELHH
2024-02-04T07:30:00Z,Other,301.000,Elexon BMRS FUELHH
2024-02-04T07:30:00Z,Pumped Storage,-1388.000,Elexon BMRS FUELHH
2024-02-04T07:30:00Z,Wind,14142.000,Elexon BMRS FUELHH
2024-02-04T08:00:00Z,Biomass,1569.000,Elexon BMRS FUELHH
2024-02-04T08:00:00Z,Coal,270.000,Elexon BMRS FUELHH
2024-02-04T08:00:00Z,Gas,4061.000,Elexon BMRS FUELHH
2024-02-04T08:00:00Z,Hydro,822.000,Elexon BMRS FUELHH
2024-02-04T08:00:00Z,Imports & Exports,-150.000,Elexon BMRS FUELHH
2024-02-04T08:00:00Z,Nuclear,3761.000,Elexon BMRS FUELHH
2024-02-04T08:00:00Z,Other,273.000,Elexon BMRS FUELHH
2024-02-04T08:00:00Z,Pumped Storage,-1160.000,Elexon BMRS FUELHH
2024-02-04T08:00:00Z,Wind,13974.000,Elexon BMRS FUELHH
2024-02-04T08:30:00Z,Biomass,1665.000,Elexon BMRS FUELHH
2024-02-04T08:30:00Z,Coal,347.000,Elexon BMRS FUELHH
2024-02-04T08:30:00Z,Gas,4347.000,Elexon BMRS FUELHH
2024-02-04T08:30:00Z,Hydro,823.000,Elexon BMRS FUELHH
2024-02-04T08:30:00Z,Imports & Exports,90.000,Elexon BMRS FUELHH
2024-02-04T08:30:00Z,Nuclear,3762.000,Elexon BMRS FUELHH
2024-02-04T08:30:00Z,Other,266.000,Elexon BMRS FUELHH
2024-02-04T08:30:00Z,Pumped Storage,-604.000,Elexon BMRS FUELHH
2024-02-04T08:30:00Z,Wind,13862.000,Elexon BMRS FUELHH
2024-02-04T09:00:00Z,Biomass,1590.000,Elexon BMRS FUELHH
2024-02-04T09:00:00Z,Coal,271.000,Elexon BMRS FUELHH
2024-02-04T09:00:00Z,Gas,3748.000,Elexon BMRS FUELHH
2024-02-04T09:00:00Z,Hydro,836.000,Elexon BMRS FUELHH
2024-02-04T09:00:00Z,Imports & Exports,2514.000,Elexon BMRS FUELHH
2024-02-04T09:00:00Z,Nuclear,3768.000,Elexon BMRS FUELHH
2024-02-04T09:00:00Z,Other,210.000,Elexon BMRS FUELHH
2024-02-04T09:00:00Z,Pumped Storage,-352.000,Elexon BMRS FUELHH
2024-02-04T09:00:00Z,Wind,13812.000,Elexon BMRS FUELHH
2024-02-04T09:30:00Z,Biomass,1595.000,Elexon BMRS FUELHH
2024-02-04T09:30:00Z,Coal,341.000,Elexon BMRS FUELHH
2024-02-04T09:30:00Z,Gas,3860.000,Elexon BMRS FUELHH
2024-02-04T09:30:00Z,Hydro,842.000,Elexon BMRS FUELHH
2024-02-04T09:30:00Z,Imports & Exports,2500.000,Elexon BMRS FUELHH
2024-02-04T09:30:00Z,Nuclear,3762.000,Elexon BMRS FUELHH
2024-02-04T09:30:00Z,Other,289.000,Elexon BMRS FUELHH
2024-02-04T09:30:00Z,Pumped Storage,-244.000,Elexon BMRS FUELHH
2024-02-04T09:30:00Z,Wind,14008.000,Elexon BMRS FUELHH
2024-02-04T10:00:00Z,Biomass,1433.000,Elexon BMRS FUELHH
2024-02-04T10:00:00Z,Coal,237.000,Elexon BMRS FUELHH
2024-02-04T10:00:00Z,Gas,3492.000,Elexon BMRS FUELHH
2024-02-04T10:00:00Z,Hydro,846.000,Elexon BMRS FUELHH
2024-02-04T10:00:00Z,Imports & Exports,3568.000,Elexon BMRS FUELHH
2024-02-04T10:00:00Z,Nuclear,3766.000,Elexon BMRS FUELHH
2024-02-04T10:00:00Z,Other,259.000,Elexon BMRS FUELHH
2024-02-04T10:00:00Z,Pumped Storage,-114.000,Elexon BMRS FUELHH
2024-02-04T10:00:00Z,Wind,14316.000,Elexon BMRS FUELHH
2024-02-04T10:30:00Z,Biomass,1429.000,Elexon BMRS FUELHH
2024-02-04T10:30:00Z,Coal,229.000,Elexon BMRS FUELHH
2024-02-04T10:30:00Z,Gas,3368.000,Elexon BMRS FUELHH
2024-02-04T10:30:00Z,Hydro,828.000,Elexon BMRS FUELHH
2024-02-04T10:30:00Z,Imports & Exports,3554.000,Elexon BMRS FUELHH
2024-02-04T10:30:00Z,Nuclear,3763.000,Elexon BMRS FUELHH
2024-02-04T10:30:00Z,Other,281.000,Elexon BMRS FUELHH
2024-02-04T10:30:00Z,Pumped Storage,-120.000,Elexon BMRS FUELHH
2024-02-04T10:30:00Z,Wind,14515.000,Elexon BMRS FUELHH
2024-02-04T11:00:00Z,Biomass,1450.000,Elexon BMRS FUELHH
2024-02-04T11:00:00Z,Coal,240.000,Elexon BMRS FUELHH
2024-02-04T11:00:00Z,Gas,2820.000,Elexon BMRS FUELHH
2024-02-04T11:00:00Z,Hydro,827.000,Elexon BMRS FUELHH
2024-02-04T11:00:00Z,Imports & Exports,4300.000,Elexon BMRS FUELHH
2024-02-04T11:00:00Z,Nuclear,3761.000,Elexon BMRS FUELHH
2024-02-04T11:00:00Z,Other,316.000,Elexon BMRS FUELHH
2024-02-04T11:00:00Z,Pumped Storage,-28.000,Elexon BMRS FUELHH
2024-02-04T11:00:00Z,Wind,14836.000,Elexon BMRS FUELHH
2024-02-04T11:30:00Z,Biomass,1365.000,Elexon BMRS FUELHH
2024-02-04T11:30:00Z,Coal,230.000,Elexon BMRS FUELHH
2024-02-04T11:30:00Z,Gas,2652.000,Elexon BMRS FUELHH
2024-02-04T11:30:00Z,Hydro,831.000,Elexon BMRS FUELHH
2024-02-04T11:30:00Z,Imports & Exports,4480.000,Elexon BMRS FUELHH
2024-02-04T11:30:00Z,Nuclear,3765.000,Elexon BMRS FUELHH
2024-02-04T11:30:00Z,Other,220.000,Elexon BMRS FUELHH
2024-02-04T11:30:00Z,Pumped Storage,-18.000,Elexon BMRS FUELHH
2024-02-04T11:30:00Z,Wind,15306.000,Elexon BMRS FUELHH
2024-02-04T12:00:00Z,Biomass,1180.000,Elexon BMRS FUELHH
2024-02-04T12:00:00Z,Coal,184.000,Elexon BMRS FUELHH
2024-02-04T12:00:00Z,Gas,2114.000,Elexon BMRS FUELHH
2024-02-04T12:00:00Z,Hydro,799.000,Elexon BMRS FUELHH
2024-02-04T12:00:00Z,Imports & Exports,5770.000,Elexon BMRS FUELHH
2024-02-04T12:00:00Z,Nuclear,3758.000,Elexon BMRS FUELHH
2024-02-04T12:00:00Z,Other,247.000,Elexon BMRS FUELHH
2024-02-04T12:00:00Z,Pumped Storage,-122.000,Elexon BMRS FUELHH
2024-02-04T12:00:00Z,Wind,15361.000,Elexon BMRS FUELHH
2024-02-04T12:30:00Z,Biomass,1183.000,Elexon BMRS FUELHH
2024-02-04T12:30:00Z,Coal,0.000,Elexon BMRS FUELHH
2024-02-04T12:30:00Z,Gas,1912.000,Elexon BMRS FUELHH
2024-02-04T12:30:00Z,Hydro,796.000,Elexon BMRS FUELHH
2024-02-04T12:30:00Z,Imports & Exports,5868.000,Elexon BMRS FUELHH
2024-02-04T12:30:00Z,Nuclear,3759.000,Elexon BMRS FUELHH
2024-02-04T12:30:00Z,Other,368.000,Elexon BMRS FUELHH
2024-02-04T12:30:00Z,Pumped Storage,-22.000,Elexon BMRS FUELHH
2024-02-04T12:30:00Z,Wind,15436.000,Elexon BMRS FUELHH
2024-02-04T13:00:00Z,Biomass,1199.000,Elexon BMRS FUELHH
2024-02-04T13:00:00Z,Coal,0.000,Elexon BMRS FUELHH
2024-02-04T13:00:00Z,Gas,2251.000,Elexon BMRS FUELHH
2024-02-04T13:00:00Z,Hydro,804.000,Elexon BMRS FUELHH
2024-02-04T13:00:00Z,Imports & Exports,5484.000,Elexon BMRS FUELHH
2024-02-04T13:00:00Z,Nuclear,3757.000,Elexon BMRS FUELHH
2024-02-04T13:00:00Z,Other,250.000,Elexon BMRS FUELHH
2024-02-04T13:00:00Z,Pumped Storage,16.000,Elexon BMRS FUELHH
2024-02-04T13:00:00Z,Wind,15411.000,Elexon BMRS FUELHH
2024-02-04T13:30:00Z,Biomass,1252.000,Elexon BMRS FUELHH
2024-02-04T13:30:00Z,Coal,0.000,Elexon BMRS FUELHH
2024-02-04T13:30:00Z,Gas,2295.000,Elexon BMRS FUELHH
2024-02-04T13:30:00Z,Hydro,811.000,Elexon BMRS FUELHH
2024-02-04T13:30:00Z,Imports & Exports,5314.000,Elexon BMRS FUELHH
2024-02-04T13:30:00Z,Nuclear,3757.000,Elexon BMRS FUELHH
2024-02-04T13:30:00Z,Other,282.000,Elexon BMRS FUELHH
2024-02-04T13:30:00Z,Pumped Storage,26.000,Elexon BMRS FUELHH
2024-02-04T13:30:00Z,Wind,15388.000,Elexon BMRS FUELHH
2024-02-04T14:00:00Z,Biomass,1404.000,Elexon BMRS FUELHH
2024-02-04T14:00:00Z,Coal,0.000,Elexon BMRS FUELHH
2024-02-04T14:00:00Z,Gas,2380.000,Elexon BMRS FUELHH
2024-02-04T14:00:00Z,Hydro,813.000,Elexon BMRS FUELHH
2024-02-04T14:00:00Z,Imports & Exports,5068.000,Elexon BMRS FUELHH
2024-02-04T14:00:00Z,Nuclear,3755.000,Elexon BMRS FUELHH
2024-02-04T14:00:00Z,Other,262.000,Elexon BMRS FUELHH
2024-02-04T14:00:00Z,Pumped Storage,32.000,Elexon BMRS FUELHH
2024-02-04T14:00:00Z,Wind,15366.000,Elexon BMRS FUELHH
2024-02-04T14:30:00Z,Biomass,1499.000,Elexon BMRS FUELHH
2024-02-04T14:30:00Z,Coal,0.000,Elexon BMRS FUELHH
2024-02-04T14:30:00Z,Gas,2522.000,Elexon BMRS FUELHH
2024-02-04T14:30:00Z,Hydro,791.000,Elexon BMRS FUELHH
2024-02-04T14:30:00Z,Imports & Exports,5122.000,Elexon BMRS FUELHH
2024-02-04T14:30:00Z,Nuclear,3758.000,Elexon BMRS FUELHH
2024-02-04T14:30:00Z,Other,234.000,Elexon BMRS FUELHH
2024-02-04T14:30:00Z,Pumped Storage,34.000,Elexon BMRS FUELHH
2024-02-04T14:30:00Z,Wind,15389.000,Elexon BMRS FUELHH
2024-02-04T15:00:00Z,Biomass,1648.000,Elexon BMRS FUELHH
2024-02-04T15:00:00Z,Coal,0.000,Elexon BMRS FUELHH
2024-02-04T15:00:00Z,Gas,2573.000,Elexon BMRS FUELHH
2024-02-04T15:00:00Z,Hydro,791.000,Elexon BMRS FUELHH
2024-02-04T15:00:00Z,Imports & Exports,5044.000,Elexon BMRS FUELHH
2024-02-04T15:00:00Z,Nuclear,3760.000,Elexon BMRS FUELHH
2024-02-04T15:00:00Z,Other,237.000,Elexon BMRS FUELHH
2024-02-04T15:00:00Z,Pumped Storage,532.000,Elexon BMRS FUELHH
2024-02-04T15:00:00Z,Wind,15303.000,Elexon BMRS FUELHH
2024-02-04T15:30:00Z,Biomass,1751.000,Elexon BMRS FUELHH
2024-02-04T15:30:00Z,Coal,0.000,Elexon BMRS FUELHH
2024-02-04T15:30:00Z,Gas,2610.000,Elexon BMRS FUELHH
2024-02-04T15:30:00Z,Hydro,820.000,Elexon BMRS FUELHH
2024-02-04T15:30:00Z,Imports & Exports,5096.000,Elexon BMRS FUELHH
2024-02-04T15:30:00Z,Nuclear,3762.000,Elexon BMRS FUELHH
2024-02-04T15:30:00Z,Other,338.000,Elexon BMRS FUELHH
2024-02-04T15:30:00Z,Pumped Storage,834.000,Elexon BMRS FUELHH
2024-02-04T15:30:00Z,Wind,15173.000,Elexon BMRS FUELHH
2024-02-04T16:00:00Z,Biomass,1703.000,Elexon BMRS FUELHH
2024-02-04T16:00:00Z,Coal,0.000,Elexon BMRS FUELHH
2024-02-04T16:00:00Z,Gas,2572.000,Elexon BMRS FUELHH
2024-02-04T16:00:00Z,Hydro,833.000,Elexon BMRS FUELHH
2024-02-04T16:00:00Z,Imports & Exports,6190.000,Elexon BMRS FUELHH
2024-02-04T16:00:00Z,Nuclear,3763.000,Elexon BMRS FUELHH
2024-02-04T16:00:00Z,Other,294.000,Elexon BMRS FUELHH
2024-02-04T16:00:00Z,Pumped Storage,888.000,Elexon BMRS FUELHH
2024-02-04T16:00:00Z,Wind,14963.000,Elexon BMRS FUELHH
2024-02-04T16:30:00Z,Biomass,1826.000,Elexon BMRS FUELHH
2024-02-04T16:30:00Z,Coal,0.000,Elexon BMRS FUELHH
2024-02-04T16:30:00Z,Gas,2865.000,Elexon BMRS FUELHH
2024-02-04T16:30:00Z,Hydro,827.000,Elexon BMRS FUELHH
2024-02-04T16:30:00Z,Imports & Exports,6228.000,Elexon BMRS FUELHH
2024-02-04T16:30:00Z,Nuclear,3762.000,Elexon BMRS FUELHH
2024-02-04T16:30:00Z,Other,508.000,Elexon BMRS FUELHH
2024-02-04T16:30:00Z,Pumped Storage,1504.000,Elexon BMRS FUELHH
2024-02-04T16:30:00Z,Wind,15022.000,Elexon BMRS FUELHH
2024-02-04T17:00:00Z,Biomass,1830.000,Elexon BMRS FUELHH
2024-02-04T17:00:00Z,Coal,0.000,Elexon BMRS FUELHH
2024-02-04T17:00:00Z,Gas,3344.000,Elexon BMRS FUELHH
2024-02-04T17:00:00Z,Hydro,867.000,Elexon BMRS FUELHH
2024-02-04T17:00:00Z,Imports & Exports,6344.000,Elexon BMRS FUELHH
2024-02-04T17:00:00Z,Nuclear,3769.000,Elexon BMRS FUELHH
2024-02-04T17:00:00Z,Other,818.000,Elexon BMRS FUELHH
2024-02-04T17:00:00Z,Pumped Storage,1628.000,Elexon BMRS FUELHH
2024-02-04T17:00:00Z,Wind,15159.000,Elexon BMRS FUELHH
2024-02-04T17:30:00Z,Biomass,1815.000,Elexon BMRS FUELHH
2024-02-04T17:30:00Z,Coal,0.000,Elexon BMRS FUELHH
2024-02-04T17:30:00Z,Gas,3743.000,Elexon BMRS FUELHH
2024-02-04T17:30:00Z,Hydro,878.000,Elexon BMRS FUELHH
2024-02-04T17:30:00Z,Imports & Exports,6218.000,Elexon BMRS FUELHH
2024-02-04T17:30:00Z,Nuclear,3771.000,Elexon BMRS FUELHH
2024-02-04T17:30:00Z,Other,1107.000,Elexon BMRS FUELHH
2024-02-04T17:30:00Z,Pumped Storage,1564.000,Elexon BMRS FUELHH
2024-02-04T17:30:00Z,Wind,15256.000,Elexon BMRS FUELHH
2024-02-04T18:00:00Z,Biomass,1835.000,Elexon BMRS FUELHH
2024-02-04T18:00:00Z,Coal,0.000,Elexon BMRS FUELHH
2024-02-04T18:00:00Z,Gas,3410.000,Elexon BMRS FUELHH
2024-02-04T18:00:00Z,Hydro,878.000,Elexon BMRS FUELHH
2024-02-04T18:00:00Z,Imports & Exports,6094.000,Elexon BMRS FUELHH
2024-02-04T18:00:00Z,Nuclear,3768.000,Elexon BMRS FUELHH
2024-02-04T18:00:00Z,Other,1047.000,Elexon BMRS FUELHH
2024-02-04T18:00:00Z,Pumped Storage,1560.000,Elexon BMRS FUELHH
2024-02-04T18:00:00Z,Wind,15237.000,Elexon BMRS FUELHH
2024-02-04T18:30:00Z,Biomass,1837.000,Elexon BMRS FUELHH
2024-02-04T18:30:00Z,Coal,0.000,Elexon BMRS FUELHH
2024-02-04T18:30:00Z,Gas,3249.000,Elexon BMRS FUELHH
2024-02-04T18:30:00Z,Hydro,864.000,Elexon BMRS FUELHH
2024-02-04T18:30:00Z,Imports & Exports,6068.000,Elexon BMRS FUELHH
2024-02-04T18:30:00Z,Nuclear,3768.000,Elexon BMRS FUELHH
2024-02-04T18:30:00Z,Other,588.000,Elexon BMRS FUELHH
2024-02-04T18:30:00Z,Pumped Storage,1796.000,Elexon BMRS FUELHH
2024-02-04T18:30:00Z,Wind,15008.000,Elexon BMRS FUELHH
2024-02-04T19:00:00Z,Biomass,1837.000,Elexon BMRS FUELHH
2024-02-04T19:00:00Z,Coal,0.000,Elexon BMRS FUELHH
2024-02-04T19:00:00Z,Gas,3039.000,Elexon BMRS FUELHH
2024-02-04T19:00:00Z,Hydro,838.000,Elexon BMRS FUELHH
2024-02-04T19:00:00Z,Imports & Exports,6166.000,Elexon BMRS FUELHH
2024-02-04T19:00:00Z,Nuclear,3762.000,Elexon BMRS FUELHH
2024-02-04T19:00:00Z,Other,428.000,Elexon BMRS FUELHH
2024-02-04T19:00:00Z,Pumped Storage,1088.000,Elexon BMRS FUELHH
2024-02-04T19:00:00Z,Wind,14847.000,Elexon BMRS FUELHH
2024-02-04T19:30:00Z,Biomass,1720.000,Elexon BMRS FUELHH
2024-02-04T19:30:00Z,Coal,0.000,Elexon BMRS FUELHH
2024-02-04T19:30:00Z,Gas,2916.000,Elexon BMRS FUELHH
2024-02-04T19:30:00Z,Hydro,826.000,Elexon BMRS FUELHH
2024-02-04T19:30:00Z,Imports & Exports,6238.000,Elexon BMRS FUELHH
2024-02-04T19:30:00Z,Nuclear,3766.000,Elexon BMRS FUELHH
2024-02-04T19:30:00Z,Other,307.000,Elexon BMRS FUELHH
2024-02-04T19:30:00Z,Pumped Storage,490.000,Elexon BMRS FUELHH
2024-02-04T19:30:00Z,Wind,14774.000,Elexon BMRS FUELHH
2024-02-04T20:00:00Z,Biomass,1517.000,Elexon BMRS FUELHH
2024-02-04T20:00:00Z,Coal,0.000,Elexon BMRS FUELHH
2024-02-04T20:00:00Z,Gas,2743.000,Elexon BMRS FUELHH
2024-02-04T20:00:00Z,Hydro,802.000,Elexon BMRS FUELHH
2024-02-04T20:00:00Z,Imports & Exports,5928.000,Elexon BMRS FUELHH
2024-02-04T20:00:00Z,Nuclear,3764.000,Elexon BMRS FUELHH
2024-02-04T20:00:00Z,Other,267.000,Elexon BMRS FUELHH
2024-02-04T20:00:00Z,Pumped Storage,214.000,Elexon BMRS FUELHH
2024-02-04T20:00:00Z,Wind,14861.000,Elexon BMRS FUELHH
2024-02-04T20:30:00Z,Biomass,1223.000,Elexon BMRS FUELHH
2024-02-04T20:30:00Z,Coal,0.000,Elexon BMRS FUELHH
2024-02-04T20:30:00Z,Gas,2475.000,Elexon BMRS FUELHH
2024-02-04T20:30:00Z,Hydro,788.000,Elexon BMRS FUELHH
2024-02-04T20:30:00Z,Imports & Exports,5766.000,Elexon BMRS FUELHH
2024-02-04T20:30:00Z,Nuclear,3771.000,Elexon BMRS FUELHH
2024-02-04T20:30:00Z,Other,173.000,Elexon BMRS FUELHH
2024-02-04T20:30:00Z,Pumped Storage,-68.000,Elexon BMRS FUELHH
2024-02-04T20:30:00Z,Wind,14974.000,Elexon BMRS FUELHH
2024-02-04T21:00:00Z,Biomass,1147.000,Elexon BMRS FUELHH
2024-02-04T21:00:00Z,Coal,0.000,Elexon BMRS FUELHH
2024-02-04T21:00:00Z,Gas,2547.000,Elexon BMRS FUELHH
2024-02-04T21:00:00Z,Hydro,816.000,Elexon BMRS FUELHH
2024-02-04T21:00:00Z,Imports & Exports,4612.000,Elexon BMRS FUELHH
2024-02-04T21:00:00Z,Nuclear,3762.000,Elexon BMRS FUELHH
2024-02-04T21:00:00Z,Other,183.000,Elexon BMRS FUELHH
2024-02-04T21:00:00Z,Pumped Storage,-364.000,Elexon BMRS FUELHH
2024-02-04T21:00:00Z,Wind,15019.000,Elexon BMRS FUELHH
2024-02-04T21:30:00Z,Biomass,1137.000,Elexon BMRS FUELHH
2024-02-04T21:30:00Z,Coal,0.000,Elexon BMRS FUELHH
2024-02-04T21:30:00Z,Gas,2631.000,Elexon BMRS FUELHH
2024-02-04T21:30:00Z,Hydro,835.000,Elexon BMRS FUELHH
2024-02-04T21:30:00Z,Imports & Exports,4378.000,Elexon BMRS FUELHH
2024-02-04T21:30:00Z,Nuclear,3764.000,Elexon BMRS FUELHH
2024-02-04T21:30:00Z,Other,166.000,Elexon BMRS FUELHH
2024-02-04T21:30:00Z,Pumped Storage,-1164.000,Elexon BMRS FUELHH
2024-02-04T21:30:00Z,Wind,14797.000,Elexon BMRS FUELHH
2024-02-04T22:00:00Z,Biomass,1144.000,Elexon BMRS FUELHH
2024-02-04T22:00:00Z,Coal,0.000,Elexon BMRS FUELHH
2024-02-04T22:00:00Z,Gas,2742.000,Elexon BMRS FUELHH
2024-02-04T22:00:00Z,Hydro,833.000,Elexon BMRS FUELHH
2024-02-04T22:00:00Z,Imports & Exports,2122.000,Elexon BMRS FUELHH
2024-02-04T22:00:00Z,Nuclear,3763.000,Elexon BMRS FUELHH
2024-02-04T22:00:00Z,Other,300.000,Elexon BMRS FUELHH
2024-02-04T22:00:00Z,Pumped Storage,-868.000,Elexon BMRS FUELHH
2024-02-04T22:00:00Z,Wind,14724.000,Elexon BMRS FUELHH
2024-02-04T22:30:00Z,Biomass,1146.000,Elexon BMRS FUELHH
2024-02-04T22:30:00Z,Coal,98.000,Elexon BMRS FUELHH
2024-02-04T22:30:00Z,Gas,2776.000,Elexon BMRS FUELHH
2024-02-04T22:30:00Z,Hydro,813.000,Elexon BMRS FUELHH
2024-02-04T22:30:00Z,Imports & Exports,1760.000,Elexon BMRS FUELHH
2024-02-04T22:30:00Z,Nuclear,3771.000,Elexon BMRS FUELHH
2024-02-04T22:30:00Z,Other,192.000,Elexon BMRS FUELHH
2024-02-04T22:30:00Z,Pumped Storage,-1136.000,Elexon BMRS FUELHH
2024-02-04T22:30:00Z,Wind,14335.000,Elexon BMRS FUELHH
2024-02-04T23:00:00Z,Biomass,1225.000,Elexon BMRS FUELHH
2024-02-04T23:00:00Z,Coal,231.000,Elexon BMRS FUELHH
2024-02-04T23:00:00Z,Gas,2870.000,Elexon BMRS FUELHH
2024-02-04T23:00:00Z,Hydro,820.000,Elexon BMRS FUELHH
2024-02-04T23:00:00Z,Imports & Exports,-568.000,Elexon BMRS FUELHH
2024-02-04T23:00:00Z,Nuclear,3773.000,Elexon BMRS FUELHH
2024-02-04T23:00:00Z,Other,209.000,Elexon BMRS FUELHH
2024-02-04T23:00:00Z,Pumped Storage,-898.000,Elexon BMRS FUELHH
2024-02-04T23:00:00Z,Wind,14351.000,Elexon BMRS FUELHH
2024-02-04T23:30:00Z,Biomass,1146.000,Elexon BMRS FUELHH
2024-02-04T23:30:00Z,Coal,230.000,Elexon BMRS FUELHH
2024-02-04T23:30:00Z,Gas,2788.000,Elexon BMRS FUELHH
2024-02-04T23:30:00Z,Hydro,821.000,Elexon BMRS FUELHH
2024-02-04T23:30:00Z,Imports & Exports,-700.000,Elexon BMRS FUELHH
2024-02-04T23:30:00Z,Nuclear,3779.000,Elexon BMRS FUELHH
2024-02-04T23:30:00Z,Other,156.000,Elexon BMRS FUELHH
2024-02-04T23:30:00Z,Pumped Storage,-756.000,Elexon BMRS FUELHH
2024-02-04T23:30:00Z,Wind,14158.000,Elexon BMRS FUELHH
2024-02-05T00:00:00Z,Biomass,1147.000,Elexon BMRS FUELHH
2024-02-05T00:00:00Z,Coal,229.000,Elexon BMRS FUELHH
2024-02-05T00:00:00Z,Gas,2879.000,Elexon BMRS FUELHH
2024-02-05T00:00:00Z,Hydro,835.000,Elexon BMRS FUELHH
2024-02-05T00:00:00Z,Imports & Exports,-452.000,Elexon BMRS FUELHH
2024-02-05T00:00:00Z,Nuclear,3777.000,Elexon BMRS FUELHH
2024-02-05T00:00:00Z,Other,162.000,Elexon BMRS FUELHH
2024-02-05T00:00:00Z,Pumped Storage,-1006.000,Elexon BMRS FUELHH
2024-02-05T00:00:00Z,Wind,13917.000,Elexon BMRS FUELHH
2024-02-05T00:30:00Z,Biomass,1154.000,Elexon BMRS FUELHH
2024-02-05T00:30:00Z,Coal,229.000,Elexon BMRS FUELHH
2024-02-05T00:30:00Z,Gas,2960.000,Elexon BMRS FUELHH
2024-02-05T00:30:00Z,Hydro,832.000,Elexon BMRS FUELHH
2024-02-05T00:30:00Z,Imports & Exports,-472.000,Elexon BMRS FUELHH
2024-02-05T00:30:00Z,Nuclear,3775.000,Elexon BMRS FUELHH
2024-02-05T00:30:00Z,Other,244.000,Elexon BMRS FUELHH
2024-02-05T00:30:00Z,Pumped Storage,-644.000,Elexon BMRS FUELHH
2024-02-05T00:30:00Z,Wind,13799.000,Elexon BMRS FUELHH
2024-02-05T01:00:00Z,Biomass,1150.000,Elexon BMRS FUELHH
2024-02-05T01:00:00Z,Coal,230.000,Elexon BMRS FUELHH
2024-02-05T01:00:00Z,Gas,2973.000,Elexon BMRS FUELHH
2024-02-05T01:00:00Z,Hydro,815.000,Elexon BMRS FUELHH
2024-02-05T01:00:00Z,Imports & Exports,-764.000,Elexon BMRS FUELHH
2024-02-05T01:00:00Z,Nuclear,3774.000,Elexon BMRS FUELHH
2024-02-05T01:00:00Z,Other,211.000,Elexon BMRS FUELHH
2024-02-05T01:00:00Z,Pumped Storage,-888.000,Elexon BMRS FUELHH
2024-02-05T01:00:00Z,Wind,13857.000,Elexon BMRS FUELHH
2024-02-05T01:30:00Z,Biomass,1142.000,Elexon BMRS FUELHH
2024-02-05T01:30:00Z,Coal,230.000,Elexon BMRS FUELHH
2024-02-05T01:30:00Z,Gas,2959.000,Elexon BMRS FUELHH
2024-02-05T01:30:00Z,Hydro,803.000,Elexon BMRS FUELHH
2024-02-05T01:30:00Z,Imports & Exports,-818.000,Elexon BMRS FUELHH
2024-02-05T01:30:00Z,Nuclear,3775.000,Elexon BMRS FUELHH
2024-02-05T01:30:00Z,Other,162.000,Elexon BMRS FUELHH
2024-02-05T01:30:00Z,Pumped Storage,-1054.000,Elexon BMRS FUELHH
2024-02-05T01:30:00Z,Wind,13791.000,Elexon BMRS FUELHH
2024-02-05T02:00:00Z,Biomass,1143.000,Elexon BMRS FUELHH
2024-02-05T02:00:00Z,Coal,230.000,Elexon BMRS FUELHH
2024-02-05T02:00:00Z,Gas,2956.000,Elexon BMRS FUELHH
2024-02-05T02:00:00Z,Hydro,802.000,Elexon BMRS FUELHH
2024-02-05T02:00:00Z,Imports & Exports,-814.000,Elexon BMRS FUELHH
2024-02-05T02:00:00Z,Nuclear,3773.000,Elexon BMRS FUELHH
2024-02-05T02:00:00Z,Other,159.000,Elexon BMRS FUELHH
2024-02-05T02:00:00Z,Pumped Storage,-1306.000,Elexon BMRS FUELHH
2024-02-05T02:00:00Z,Wind,13661.000,Elexon BMRS FUELHH
2024-02-05T02:30:00Z,Biomass,1143.000,Elexon BMRS FUELHH
2024-02-05T02:30:00Z,Coal,230.000,Elexon BMRS FUELHH
2024-02-05T02:30:00Z,Gas,2953.000,Elexon BMRS FUELHH
2024-02-05T02:30:00Z,Hydro,788.000,Elexon BMRS FUELHH
2024-02-05T02:30:00Z,Imports & Exports,-830.000,Elexon BMRS FUELHH
2024-02-05T02:30:00Z,Nuclear,3775.000,Elexon BMRS FUELHH
2024-02-05T02:30:00Z,Other,155.000,Elexon BMRS FUELHH
2024-02-05T02:30:00Z,Pumped Storage,-1318.000,Elexon BMRS FUELHH
2024-02-05T02:30:00Z,Wind,13587.000,Elexon BMRS FUELHH
2024-02-05T03:00:00Z,Biomass,1187.000,Elexon BMRS FUELHH
2024-02-05T03:00:00Z,Coal,230.000,Elexon BMRS FUELHH
2024-02-05T03:00:00Z,Gas,3014.000,Elexon BMRS FUELHH
2024-02-05T03:00:00Z,Hydro,778.000,Elexon BMRS FUELHH
2024-02-05T03:00:00Z,Imports & Exports,-1820.000,Elexon BMRS FUELHH
2024-02-05T03:00:00Z,Nuclear,3765.000,Elexon BMRS FUELHH
2024-02-05T03:00:00Z,Other,213.000,Elexon BMRS FUELHH
2024-02-05T03:00:00Z,Pumped Storage,-1294.000,Elexon BMRS FUELHH
2024-02-05T03:00:00Z,Wind,13638.000,Elexon BMRS FUELHH
2024-02-05T03:30:00Z,Biomass,1142.000,Elexon BMRS FUELHH
2024-02-05T03:30:00Z,Coal,229.000,Elexon BMRS FUELHH
2024-02-05T03:30:00Z,Gas,2957.000,Elexon BMRS FUELHH
2024-02-05T03:30:00Z,Hydro,778.000,Elexon BMRS FUELHH
2024-02-05T03:30:00Z,Imports & Exports,-1848.000,Elexon BMRS FUELHH
2024-02-05T03:30:00Z,Nuclear,3771.000,Elexon BMRS FUELHH
2024-02-05T03:30:00Z,Other,155.000,Elexon BMRS FUELHH
2024-02-05T03:30:00Z,Pumped Storage,-1294.000,Elexon BMRS FUELHH
2024-02-05T03:30:00Z,Wind,13552.000,Elexon BMRS FUELHH
2024-02-05T04:00:00Z,Biomass,1174.000,Elexon BMRS FUELHH
2024-02-05T04:00:00Z,Coal,230.000,Elexon BMRS FUELHH
2024-02-05T04:00:00Z,Gas,2988.000,Elexon BMRS FUELHH
2024-02-05T04:00:00Z,Hydro,782.000,Elexon BMRS FUELHH
2024-02-05T04:00:00Z,Imports & Exports,-2512.000,Elexon BMRS FUELHH
2024-02-05T04:00:00Z,Nuclear,3764.000,Elexon BMRS FUELHH
2024-02-05T04:00:00Z,Other,268.000,Elexon BMRS FUELHH
2024-02-05T04:00:00Z,Pumped Storage,-1094.000,Elexon BMRS FUELHH
2024-02-05T04:00:00Z,Wind,13424.000,Elexon BMRS FUELHH
2024-02-05T04:30:00Z,Biomass,1153.000,Elexon BMRS FUELHH
2024-02-05T04:30:00Z,Coal,236.000,Elexon BMRS FUELHH
2024-02-05T04:30:00Z,Gas,2997.000,Elexon BMRS FUELHH
2024-02-05T04:30:00Z,Hydro,796.000,Elexon BMRS FUELHH
2024-02-05T04:30:00Z,Imports & Exports,-2438.000,Elexon BMRS FUELHH
2024-02-05T04:30:00Z,Nuclear,3774.000,Elexon BMRS FUELHH
2024-02-05T04:30:00Z,Other,192.000,Elexon BMRS FUELHH
2024-02-05T04:30:00Z,Pumped Storage,-712.000,Elexon BMRS FUELHH
2024-02-05T04:30:00Z,Wind,13295.000,Elexon BMRS FUELHH
2024-02-05T05:00:00Z,Biomass,1443.000,Elexon BMRS FUELHH
2024-02-05T05:00:00Z,Coal,360.000,Elexon BMRS FUELHH
2024-02-05T05:00:00Z,Gas,3077.000,Elexon BMRS FUELHH
2024-02-05T05:00:00Z,Hydro,797.000,Elexon BMRS FUELHH
2024-02-05T05:00:00Z,Imports & Exports,-3208.000,Elexon BMRS FUELHH
2024-02-05T05:00:00Z,Nuclear,3768.000,Elexon BMRS FUELHH
2024-02-05T05:00:00Z,Other,336.000,Elexon BMRS FUELHH
2024-02-05T05:00:00Z,Pumped Storage,-48.000,Elexon BMRS FUELHH
2024-02-05T05:00:00Z,Wind,13407.000,Elexon BMRS FUELHH
2024-02-05T05:30:00Z,Biomass,1751.000,Elexon BMRS FUELHH
2024-02-05T05:30:00Z,Coal,451.000,Elexon BMRS FUELHH
2024-02-05T05:30:00Z,Gas,3238.000,Elexon BMRS FUELHH
2024-02-05T05:30:00Z,Hydro,803.000,Elexon BMRS FUELHH
2024-02-05T05:30:00Z,Imports & Exports,-2864.000,Elexon BMRS FUELHH
2024-02-05T05:30:00Z,Nuclear,3768.000,Elexon BMRS FUELHH
2024-02-05T05:30:00Z,Other,371.000,Elexon BMRS FUELHH
2024-02-05T05:30:00Z,Pumped Storage,82.000,Elexon BMRS FUELHH
2024-02-05T05:30:00Z,Wind,13492.000,Elexon BMRS FUELHH
2024-02-05T06:00:00Z,Biomass,1575.000,Elexon BMRS FUELHH
2024-02-05T06:00:00Z,Coal,266.000,Elexon BMRS FUELHH
2024-02-05T06:00:00Z,Gas,3066.000,Elexon BMRS FUELHH
2024-02-05T06:00:00Z,Hydro,775.000,Elexon BMRS FUELHH
2024-02-05T06:00:00Z,Imports & Exports,1088.000,Elexon BMRS FUELHH
2024-02-05T06:00:00Z,Nuclear,3774.000,Elexon BMRS FUELHH
2024-02-05T06:00:00Z,Other,262.000,Elexon BMRS FUELHH
2024-02-05T06:00:00Z,Pumped Storage,88.000,Elexon BMRS FUELHH
2024-02-05T06:00:00Z,Wind,13210.000,Elexon BMRS FUELHH
2024-02-05T06:30:00Z,Biomass,2296.000,Elexon BMRS FUELHH
2024-02-05T06:30:00Z,Coal,336.000,Elexon BMRS FUELHH
2024-02-05T06:30:00Z,Gas,4061.000,Elexon BMRS FUELHH
2024-02-05T06:30:00Z,Hydro,770.000,Elexon BMRS FUELHH
2024-02-05T06:30:00Z,Imports & Exports,1444.000,Elexon BMRS FUELHH
2024-02-05T06:30:00Z,Nuclear,3769.000,Elexon BMRS FUELHH
2024-02-05T06:30:00Z,Other,294.000,Elexon BMRS FUELHH
2024-02-05T06:30:00Z,Pumped Storage,30.000,Elexon BMRS FUELHH
2024-02-05T06:30:00Z,Wind,13406.000,Elexon BMRS FUELHH
2024-02-05T07:00:00Z,Biomass,2912.000,Elexon BMRS FUELHH
2024-02-05T07:00:00Z,Coal,438.000,Elexon BMRS FUELHH
2024-02-05T07:00:00Z,Gas,4509.000,Elexon BMRS FUELHH
2024-02-05T07:00:00Z,Hydro,791.000,Elexon BMRS FUELHH
2024-02-05T07:00:00Z,Imports & Exports,3032.000,Elexon BMRS FUELHH
2024-02-05T07:00:00Z,Nuclear,3771.000,Elexon BMRS FUELHH
2024-02-05T07:00:00Z,Other,268.000,Elexon BMRS FUELHH
2024-02-05T07:00:00Z,Pumped Storage,118.000,Elexon BMRS FUELHH
2024-02-05T07:00:00Z,Wind,13976.000,Elexon BMRS FUELHH
2024-02-05T07:30:00Z,Biomass,3098.000,Elexon BMRS FUELHH
2024-02-05T07:30:00Z,Coal,480.000,Elexon BMRS FUELHH
2024-02-05T07:30:00Z,Gas,4784.000,Elexon BMRS FUELHH
2024-02-05T07:30:00Z,Hydro,776.000,Elexon BMRS FUELHH
2024-02-05T07:30:00Z,Imports & Exports,3256.000,Elexon BMRS FUELHH
2024-02-05T07:30:00Z,Nuclear,3780.000,Elexon BMRS FUELHH
2024-02-05T07:30:00Z,Other,562.000,Elexon BMRS FUELHH
2024-02-05T07:30:00Z,Pumped Storage,54.000,Elexon BMRS FUELHH
2024-02-05T07:30:00Z,Wind,14284.000,Elexon BMRS FUELHH
2024-02-05T08:00:00Z,Biomass,3127.000,Elexon BMRS FUELHH
2024-02-05T08:00:00Z,Coal,479.000,Elexon BMRS FUELHH
2024-02-05T08:00:00Z,Gas,4327.000,Elexon BMRS FUELHH
2024-02-05T08:00:00Z,Hydro,790.000,Elexon BMRS FUELHH
2024-02-05T08:00:00Z,Imports & Exports,5226.000,Elexon BMRS FUELHH
2024-02-05T08:00:00Z,Nuclear,3773.000,Elexon BMRS FUELHH
2024-02-05T08:00:00Z,Other,331.000,Elexon BMRS FUELHH
2024-02-05T08:00:00Z,Pumped Storage,64.000,Elexon BMRS FUELHH
2024-02-05T08:00:00Z,Wind,14466.000,Elexon BMRS FUELHH
2024-02-05T08:30:00Z,Biomass,3115.000,Elexon BMRS FUELHH
2024-02-05T08:30:00Z,Coal,479.000,Elexon BMRS FUELHH
2024-02-05T08:30:00Z,Gas,4018.000,Elexon BMRS FUELHH
2024-02-05T08:30:00Z,Hydro,787.000,Elexon BMRS FUELHH
2024-02-05T08:30:00Z,Imports & Exports,5368.000,Elexon BMRS FUELHH
2024-02-05T08:30:00Z,Nuclear,3783.000,Elexon BMRS FUELHH
2024-02-05T08:30:00Z,Other,661.000,Elexon BMRS FUELHH
2024-02-05T08:30:00Z,Pumped Storage,158.000,Elexon BMRS FUELHH
2024-02-05T08:30:00Z,Wind,14665.000,Elexon BMRS FUELHH
2024-02-05T09:00:00Z,Biomass,3008.000,Elexon BMRS FUELHH
2024-02-05T09:00:00Z,Coal,438.000,Elexon BMRS FUELHH
2024-02-05T09:00:00Z,Gas,3853.000,Elexon BMRS FUELHH
2024-02-05T09:00:00Z,Hydro,778.000,Elexon BMRS FUELHH
2024-02-05T09:00:00Z,Imports & Exports,6528.000,Elexon BMRS FUELHH
2024-02-05T09:00:00Z,Nuclear,3772.000,Elexon BMRS FUELHH
2024-02-05T09:00:00Z,Other,518.000,Elexon BMRS FUELHH
2024-02-05T09:00:00Z,Pumped Storage,250.000,Elexon BMRS FUELHH
2024-02-05T09:00:00Z,Wind,14796.000,Elexon BMRS FUELHH
2024-02-05T09:30:00Z,Biomass,3127.000,Elexon BMRS FUELHH
2024-02-05T09:30:00Z,Coal,419.000,Elexon BMRS FUELHH
2024-02-05T09:30:00Z,Gas,3957.000,Elexon BMRS FUELHH
2024-02-05T09:30:00Z,Hydro,753.000,Elexon BMRS FUELHH
2024-02-05T09:30:00Z,Imports & Exports,6564.000,Elexon BMRS FUELHH
2024-02-05T09:30:00Z,Nuclear,3775.000,Elexon BMRS FUELHH
2024-02-05T09:30:00Z,Other,429.000,Elexon BMRS FUELHH
2024-02-05T09:30:00Z,Pumped Storage,188.000,Elexon BMRS FUELHH
2024-02-05T09:30:00Z,Wind,14735.000,Elexon BMRS FUELHH
2024-02-05T10:00:00Z,Biomass,3111.000,Elexon BMRS FUELHH
2024-02-05T10:00:00Z,Coal,320.000,Elexon BMRS FUELHH
2024-02-05T10:00:00Z,Gas,3954.000,Elexon BMRS FUELHH
2024-02-05T10:00:00Z,Hydro,830.000,Elexon BMRS FUELHH
2024-02-05T10:00:00Z,Imports & Exports,6460.000,Elexon BMRS FUELHH
2024-02-05T10:00:00Z,Nuclear,3780.000,Elexon BMRS FUELHH
2024-02-05T10:00:00Z,Other,267.000,Elexon BMRS FUELHH
2024-02-05T10:00:00Z,Pumped Storage,240.000,Elexon BMRS FUELHH
2024-02-05T10:00:00Z,Wind,14799.000,Elexon BMRS FUELHH
2024-02-05T10:30:00Z,Biomass,3098.000,Elexon BMRS FUELHH
2024-02-05T10:30:00Z,Coal,435.000,Elexon BMRS FUELHH
2024-02-05T10:30:00Z,Gas,3402.000,Elexon BMRS FUELHH
2024-02-05T10:30:00Z,Hydro,903.000,Elexon BMRS FUELHH
2024-02-05T10:30:00Z,Imports & Exports,6444.000,Elexon BMRS FUELHH
2024-02-05T10:30:00Z,Nuclear,3772.000,Elexon BMRS FUELHH
2024-02-05T10:30:00Z,Other,246.000,Elexon BMRS FUELHH
2024-02-05T10:30:00Z,Pumped Storage,236.000,Elexon BMRS FUELHH
2024-02-05T10:30:00Z,Wind,14881.000,Elexon BMRS FUELHH
2024-02-05T11:00:00Z,Biomass,2927.000,Elexon BMRS FUELHH
2024-02-05T11:00:00Z,Coal,480.000,Elexon BMRS FUELHH
2024-02-05T11:00:00Z,Gas,3230.000,Elexon BMRS FUELHH
2024-02-05T11:00:00Z,Hydro,816.000,Elexon BMRS FUELHH
2024-02-05T11:00:00Z,Imports & Exports,6388.000,Elexon BMRS FUELHH
2024-02-05T11:00:00Z,Nuclear,3769.000,Elexon BMRS FUELHH
2024-02-05T11:00:00Z,Other,311.000,Elexon BMRS FUELHH
2024-02-05T11:00:00Z,Pumped Storage,236.000,Elexon BMRS FUELHH
2024-02-05T11:00:00Z,Wind,15037.000,Elexon BMRS FUELHH
2024-02-05T11:30:00Z,Biomass,2796.000,Elexon BMRS FUELHH
2024-02-05T11:30:00Z,Coal,480.000,Elexon BMRS FUELHH
2024-02-05T11:30:00Z,Gas,3253.000,Elexon BMRS FUELHH
2024-02-05T11:30:00Z,Hydro,829.000,Elexon BMRS FUELHH
2024-02-05T11:30:00Z,Imports & Exports,6424.000,Elexon BMRS FUELHH
2024-02-05T11:30:00Z,Nuclear,3764.000,Elexon BMRS FUELHH
2024-02-05T11:30:00Z,Other,298.000,Elexon BMRS FUELHH
2024-02-05T11:30:00Z,Pumped Storage,290.000,Elexon BMRS FUELHH
2024-02-05T11:30:00Z,Wind,15049.000,Elexon BMRS FUELHH
2024-02-05T12:00:00Z,Biomass,2888.000,Elexon BMRS FUELHH
2024-02-05T12:00:00Z,Coal,480.000,Elexon BMRS FUELHH
2024-02-05T12:00:00Z,Gas,3267.000,Elexon BMRS FUELHH
2024-02-05T12:00:00Z,Hydro,854.000,Elexon BMRS FUELHH
2024-02-05T12:00:00Z,Imports & Exports,6462.000,Elexon BMRS FUELHH
2024-02-05T12:00:00Z,Nuclear,3761.000,Elexon BMRS FUELHH
2024-02-05T12:00:00Z,Other,388.000,Elexon BMRS FUELHH
2024-02-05T12:00:00Z,Pumped Storage,328.000,Elexon BMRS FUELHH
2024-02-05T12:00:00Z,Wind,15070.000,Elexon BMRS FUELHH
2024-02-05T12:30:00Z,Biomass,3071.000,Elexon BMRS FUELHH
2024-02-05T12:30:00Z,Coal,480.000,Elexon BMRS FUELHH
2024-02-05T12:30:00Z,Gas,3251.000,Elexon BMRS FUELHH
2024-02-05T12:30:00Z,Hydro,864.000,Elexon BMRS FUELHH
2024-02-05T12:30:00Z,Imports & Exports,6478.000,Elexon BMRS FUELHH
2024-02-05T12:30:00Z,Nuclear,3768.000,Elexon BMRS FUELHH
2024-02-05T12:30:00Z,Other,556.000,Elexon BMRS FUELHH
2024-02-05T12:30:00Z,Pumped Storage,372.000,Elexon BMRS FUELHH
2024-02-05T12:30:00Z,Wind,15039.000,Elexon BMRS FUELHH
2024-02-05T13:00:00Z,Biomass,3074.000,Elexon BMRS FUELHH
2024-02-05T13:00:00Z,Coal,481.000,Elexon BMRS FUELHH
2024-02-05T13:00:00Z,Gas,3442.000,Elexon BMRS FUELHH
2024-02-05T13:00:00Z,Hydro,862.000,Elexon BMRS FUELHH
2024-02-05T13:00:00Z,Imports & Exports,6490.000,Elexon BMRS FUELHH
2024-02-05T13:00:00Z,Nuclear,3769.000,Elexon BMRS FUELHH
2024-02-05T13:00:00Z,Other,300.000,Elexon BMRS FUELHH
2024-02-05T13:00:00Z,Pumped Storage,460.000,Elexon BMRS FUELHH
2024-02-05T13:00:00Z,Wind,15037.000,Elexon BMRS FUELHH
2024-02-05T13:30:00Z,Biomass,3127.000,Elexon BMRS FUELHH
2024-02-05T13:30:00Z,Coal,479.000,Elexon BMRS FUELHH
2024-02-05T13:30:00Z,Gas,3493.000,Elexon BMRS FUELHH
2024-02-05T13:30:00Z,Hydro,845.000,Elexon BMRS FUELHH
2024-02-05T13:30:00Z,Imports & Exports,6500.000,Elexon BMRS FUELHH
2024-02-05T13:30:00Z,Nuclear,3769.000,Elexon BMRS FUELHH
2024-02-05T13:30:00Z,Other,177.000,Elexon BMRS FUELHH
2024-02-05T13:30:00Z,Pumped Storage,464.000,Elexon BMRS FUELHH
2024-02-05T13:30:00Z,Wind,14895.000,Elexon BMRS FUELHH
2024-02-05T14:00:00Z,Biomass,3125.000,Elexon BMRS FUELHH
2024-02-05T14:00:00Z,Coal,480.000,Elexon BMRS FUELHH
2024-02-05T14:00:00Z,Gas,3895.000,Elexon BMRS FUELHH
2024-02-05T14:00:00Z,Hydro,785.000,Elexon BMRS FUELHH
2024-02-05T14:00:00Z,Imports & Exports,5948.000,Elexon BMRS FUELHH
2024-02-05T14:00:00Z,Nuclear,3768.000,Elexon BMRS FUELHH
2024-02-05T14:00:00Z,Other,321.000,Elexon BMRS FUELHH
2024-02-05T14:00:00Z,Pumped Storage,504.000,Elexon BMRS FUELHH
2024-02-05T14:00:00Z,Wind,14906.000,Elexon BMRS FUELHH
2024-02-05T14:30:00Z,Biomass,3127.000,Elexon BMRS FUELHH
2024-02-05T14:30:00Z,Coal,480.000,Elexon BMRS FUELHH
2024-02-05T14:30:00Z,Gas,3932.000,Elexon BMRS FUELHH
2024-02-05T14:30:00Z,Hydro,766.000,Elexon BMRS FUELHH
2024-02-05T14:30:00Z,Imports & Exports,5890.000,Elexon BMRS FUELHH
2024-02-05T14:30:00Z,Nuclear,3767.000,Elexon BMRS FUELHH
2024-02-05T14:30:00Z,Other,204.000,Elexon BMRS FUELHH
2024-02-05T14:30:00Z,Pumped Storage,852.000,Elexon BMRS FUELHH
2024-02-05T14:30:00Z,Wind,14812.000,Elexon BMRS FUELHH
2024-02-05T15:00:00Z,Biomass,3042.000,Elexon BMRS FUELHH
2024-02-05T15:00:00Z,Coal,480.000,Elexon BMRS FUELHH
2024-02-05T15:00:00Z,Gas,3724.000,Elexon BMRS FUELHH
2024-02-05T15:00:00Z,Hydro,773.000,Elexon BMRS FUELHH
2024-02-05T15:00:00Z,Imports & Exports,5950.000,Elexon BMRS FUELHH
2024-02-05T15:00:00Z,Nuclear,3763.000,Elexon BMRS FUELHH
2024-02-05T15:00:00Z,Other,172.000,Elexon BMRS FUELHH
2024-02-05T15:00:00Z,Pumped Storage,1344.000,Elexon BMRS FUELHH
2024-02-05T15:00:00Z,Wind,14906.000,Elexon BMRS FUELHH
2024-02-05T15:30:00Z,Biomass,3032.000,Elexon BMRS FUELHH
2024-02-05T15:30:00Z,Coal,479.000,Elexon BMRS FUELHH
2024-02-05T15:30:00Z,Gas,3847.000,Elexon BMRS FUELHH
2024-02-05T15:30:00Z,Hydro,800.000,Elexon BMRS FUELHH
2024-02-05T15:30:00Z,Imports & Exports,5924.000,Elexon BMRS FUELHH
2024-02-05T15:30:00Z,Nuclear,3765.000,Elexon BMRS FUELHH
2024-02-05T15:30:00Z,Other,206.000,Elexon BMRS FUELHH
2024-02-05T15:30:00Z,Pumped Storage,2024.000,Elexon BMRS FUELHH
2024-02-05T15:30:00Z,Wind,14965.000,Elexon BMRS FUELHH
2024-02-05T16:00:00Z,Biomass,3061.000,Elexon BMRS FUELHH
2024-02-05T16:00:00Z,Coal,478.000,Elexon BMRS FUELHH
2024-02-05T16:00:00Z,Gas,4294.000,Elexon BMRS FUELHH
2024-02-05T16:00:00Z,Hydro,842.000,Elexon BMRS FUELHH
2024-02-05T16:00:00Z,Imports & Exports,5960.000,Elexon BMRS FUELHH
2024-02-05T16:00:00Z,Nuclear,3775.000,Elexon BMRS FUELHH
2024-02-05T16:00:00Z,Other,272.000,Elexon BMRS FUELHH
2024-02-05T16:00:00Z,Pumped Storage,2210.000,Elexon BMRS FUELHH
2024-02-05T16:00:00Z,Wind,14870.000,Elexon BMRS FUELHH
2024-02-05T16:30:00Z,Biomass,3124.000,Elexon BMRS FUELHH
2024-02-05T16:30:00Z,Coal,480.000,Elexon BMRS FUELHH
2024-02-05T16:30:00Z,Gas,4722.000,Elexon BMRS FUELHH
2024-02-05T16:30:00Z,Hydro,855.000,Elexon BMRS FUELHH
2024-02-05T16:30:00Z,Imports & Exports,5950.000,Elexon BMRS FUELHH
2024-02-05T16:30:00Z,Nuclear,3776.000,Elexon BMRS FUELHH
2024-02-05T16:30:00Z,Other,297.000,Elexon BMRS FUELHH
2024-02-05T16:30:00Z,Pumped Storage,2210.000,Elexon BMRS FUELHH
2024-02-05T16:30:00Z,Wind,14916.000,Elexon BMRS FUELHH
2024-02-05T17:00:00Z,Biomass,3130.000,Elexon BMRS FUELHH
2024-02-05T17:00:00Z,Coal,480.000,Elexon BMRS FUELHH
2024-02-05T17:00:00Z,Gas,4799.000,Elexon BMRS FUELHH
2024-02-05T17:00:00Z,Hydro,854.000,Elexon BMRS FUELHH
2024-02-05T17:00:00Z,Imports & Exports,6360.000,Elexon BMRS FUELHH
2024-02-05T17:00:00Z,Nuclear,3775.000,Elexon BMRS FUELHH
2024-02-05T17:00:00Z,Other,652.000,Elexon BMRS FUELHH
2024-02-05T17:00:00Z,Pumped Storage,2284.000,Elexon BMRS FUELHH
2024-02-05T17:00:00Z,Wind,15145.000,Elexon BMRS FUELHH
2024-02-05T17:30:00Z,Biomass,3131.000,Elexon BMRS FUELHH
2024-02-05T17:30:00Z,Coal,480.000,Elexon BMRS FUELHH
2024-02-05T17:30:00Z,Gas,4594.000,Elexon BMRS FUELHH
2024-02-05T17:30:00Z,Hydro,835.000,Elexon BMRS FUELHH
2024-02-05T17:30:00Z,Imports & Exports,6320.000,Elexon BMRS FUELHH
2024-02-05T17:30:00Z,Nuclear,3769.000,Elexon BMRS FUELHH
2024-02-05T17:30:00Z,Other,913.000,Elexon BMRS FUELHH
2024-02-05T17:30:00Z,Pumped Storage,2284.000,Elexon BMRS FUELHH
2024-02-05T17:30:00Z,Wind,15419.000,Elexon BMRS FUELHH
2024-02-05T18:00:00Z,Biomass,3134.000,Elexon BMRS FUELHH
2024-02-05T18:00:00Z,Coal,479.000,Elexon BMRS FUELHH
2024-02-05T18:00:00Z,Gas,4504.000,Elexon BMRS FUELHH
2024-02-05T18:00:00Z,Hydro,835.000,Elexon BMRS FUELHH
2024-02-05T18:00:00Z,Imports & Exports,6306.000,Elexon BMRS FUELHH
2024-02-05T18:00:00Z,Nuclear,3779.000,Elexon BMRS FUELHH
2024-02-05T18:00:00Z,Other,763.000,Elexon BMRS FUELHH
2024-02-05T18:00:00Z,Pumped Storage,2278.000,Elexon BMRS FUELHH
2024-02-05T18:00:00Z,Wind,15212.000,Elexon BMRS FUELHH
2024-02-05T18:30:00Z,Biomass,3125.000,Elexon BMRS FUELHH
2024-02-05T18:30:00Z,Coal,480.000,Elexon BMRS FUELHH
2024-02-05T18:30:00Z,Gas,4145.000,Elexon BMRS FUELHH
2024-02-05T18:30:00Z,Hydro,856.000,Elexon BMRS FUELHH
2024-02-05T18:30:00Z,Imports & Exports,6278.000,Elexon BMRS FUELHH
2024-02-05T18:30:00Z,Nuclear,3774.000,Elexon BMRS FUELHH
2024-02-05T18:30:00Z,Other,659.000,Elexon BMRS FUELHH
2024-02-05T18:30:00Z,Pumped Storage,2228.000,Elexon BMRS FUELHH
2024-02-05T18:30:00Z,Wind,15175.000,Elexon BMRS FUELHH
2024-02-05T19:00:00Z,Biomass,3135.000,Elexon BMRS FUELHH
2024-02-05T19:00:00Z,Coal,480.000,Elexon BMRS FUELHH
2024-02-05T19:00:00Z,Gas,4147.000,Elexon BMRS FUELHH
2024-02-05T19:00:00Z,Hydro,859.000,Elexon BMRS FUELHH
2024-02-05T19:00:00Z,Imports & Exports,6312.000,Elexon BMRS FUELHH
2024-02-05T19:00:00Z,Nuclear,3773.000,Elexon BMRS FUELHH
2024-02-05T19:00:00Z,Other,415.000,Elexon BMRS FUELHH
2024-02-05T19:00:00Z,Pumped Storage,1704.000,Elexon BMRS FUELHH
2024-02-05T19:00:00Z,Wind,15062.000,Elexon BMRS FUELHH
2024-02-05T19:30:00Z,Biomass,3136.000,Elexon BMRS FUELHH
2024-02-05T19:30:00Z,Coal,396.000,Elexon BMRS FUELHH
2024-02-05T19:30:00Z,Gas,3972.000,Elexon BMRS FUELHH
2024-02-05T19:30:00Z,Hydro,834.000,Elexon BMRS FUELHH
2024-02-05T19:30:00Z,Imports & Exports,6370.000,Elexon BMRS FUELHH
2024-02-05T19:30:00Z,Nuclear,3773.000,Elexon BMRS FUELHH
2024-02-05T19:30:00Z,Other,340.000,Elexon BMRS FUELHH
2024-02-05T19:30:00Z,Pumped Storage,1046.000,Elexon BMRS FUELHH
2024-02-05T19:30:00Z,Wind,14892.000,Elexon BMRS FUELHH
2024-02-05T20:00:00Z,Biomass,3095.000,Elexon BMRS FUELHH
2024-02-05T20:00:00Z,Coal,202.000,Elexon BMRS FUELHH
2024-02-05T20:00:00Z,Gas,3225.000,Elexon BMRS FUELHH
2024-02-05T20:00:00Z,Hydro,831.000,Elexon BMRS FUELHH
2024-02-05T20:00:00Z,Imports & Exports,6120.000,Elexon BMRS FUELHH
2024-02-05T20:00:00Z,Nuclear,3773.000,Elexon BMRS FUELHH
2024-02-05T20:00:00Z,Other,222.000,Elexon BMRS FUELHH
2024-02-05T20:00:00Z,Pumped Storage,702.000,Elexon BMRS FUELHH
2024-02-05T20:00:00Z,Wind,14814.000,Elexon BMRS FUELHH
2024-02-05T20:30:00Z,Biomass,2773.000,Elexon BMRS FUELHH
2024-02-05T20:30:00Z,Coal,0.000,Elexon BMRS FUELHH
2024-02-05T20:30:00Z,Gas,2770.000,Elexon BMRS FUELHH
2024-02-05T20:30:00Z,Hydro,826.000,Elexon BMRS FUELHH
2024-02-05T20:30:00Z,Imports & Exports,6072.000,Elexon BMRS FUELHH
2024-02-05T20:30:00Z,Nuclear,3768.000,Elexon BMRS FUELHH
2024-02-05T20:30:00Z,Other,231.000,Elexon BMRS FUELHH
2024-02-05T20:30:00Z,Pumped Storage,268.000,Elexon BMRS FUELHH
2024-02-05T20:30:00Z,Wind,15020.000,Elexon BMRS FUELHH
2024-02-05T21:00:00Z,Biomass,2910.000,Elexon BMRS FUELHH
2024-02-05T21:00:00Z,Coal,0.000,Elexon BMRS FUELHH
2024-02-05T21:00:00Z,Gas,3032.000,Elexon BMRS FUELHH
2024-02-05T21:00:00Z,Hydro,804.000,Elexon BMRS FUELHH
2024-02-05T21:00:00Z,Imports & Exports,4030.000,Elexon BMRS FUELHH
2024-02-05T21:00:00Z,Nuclear,3771.000,Elexon BMRS FUELHH
2024-02-05T21:00:00Z,Other,246.000,Elexon BMRS FUELHH
2024-02-05T21:00:00Z,Pumped Storage,12.000,Elexon BMRS FUELHH
2024-02-05T21:00:00Z,Wind,15139.000,Elexon BMRS FUELHH
2024-02-05T21:30:00Z,Biomass,2175.000,Elexon BMRS FUELHH
2024-02-05T21:30:00Z,Coal,0.000,Elexon BMRS FUELHH
2024-02-05T21:30:00Z,Gas,2601.000,Elexon BMRS FUELHH
2024-02-05T21:30:00Z,Hydro,794.000,Elexon BMRS FUELHH
2024-02-05T21:30:00Z,Imports & Exports,3778.000,Elexon BMRS FUELHH
2024-02-05T21:30:00Z,Nuclear,3770.000,Elexon BMRS FUELHH
2024-02-05T21:30:00Z,Other,203.000,Elexon BMRS FUELHH
2024-02-05T21:30:00Z,Pumped Storage,176.000,Elexon BMRS FUELHH
2024-02-05T21:30:00Z,Wind,15000.000,Elexon BMRS FUELHH
2024-02-05T22:00:00Z,Biomass,1631.000,Elexon BMRS FUELHH
2024-02-05T22:00:00Z,Coal,0.000,Elexon BMRS FUELHH
2024-02-05T22:00:00Z,Gas,2850.000,Elexon BMRS FUELHH
2024-02-05T22:00:00Z,Hydro,772.000,Elexon BMRS FUELHH
2024-02-05T22:00:00Z,Imports & Exports,1786.000,Elexon BMRS FUELHH
2024-02-05T22:00:00Z,Nuclear,3766.000,Elexon BMRS FUELHH
2024-02-05T22:00:00Z,Other,311.000,Elexon BMRS FUELHH
2024-02-05T22:00:00Z,Pumped Storage,106.000,Elexon BMRS FUELHH
2024-02-05T22:00:00Z,Wind,14963.000,Elexon BMRS FUELHH
2024-02-05T22:30:00Z,Biomass,1211.000,Elexon BMRS FUELHH
2024-02-05T22:30:00Z,Coal,0.000,Elexon BMRS FUELHH
2024-02-05T22:30:00Z,Gas,2713.000,Elexon BMRS FUELHH
2024-02-05T22:30:00Z,Hydro,759.000,Elexon BMRS FUELHH
2024-02-05T22:30:00Z,Imports & Exports,1584.000,Elexon BMRS FUELHH
2024-02-05T22:30:00Z,Nuclear,3762.000,Elexon BMRS FUELHH
2024-02-05T22:30:00Z,Other,199.000,Elexon BMRS FUELHH
2024-02-05T22:30:00Z,Pumped Storage,-192.000,Elexon BMRS FUELHH
2024-02-05T22:30:00Z,Wind,14710.000,Elexon BMRS FUELHH
2024-02-05T23:00:00Z,Biomass,1132.000,Elexon BMRS FUELHH
2024-02-05T23:00:00Z,Coal,0.000,Elexon BMRS FUELHH
2024-02-05T23:00:00Z,Gas,2726.000,Elexon BMRS FUELHH
2024-02-05T23:00:00Z,Hydro,759.000,Elexon BMRS FUELHH
2024-02-05T23:00:00Z,Imports & Exports,732.000,Elexon BMRS FUELHH
2024-02-05T23:00:00Z,Nuclear,3768.000,Elexon BMRS FUELHH
2024-02-05T23:00:00Z,Other,225.000,Elexon BMRS FUELHH
2024-02-05T23:00:00Z,Pumped Storage,-950.000,Elexon BMRS FUELHH
2024-02-05T23:00:00Z,Wind,14578.000,Elexon BMRS FUELHH
2024-02-05T23:30:00Z,Biomass,1135.000,Elexon BMRS FUELHH
2024-02-05T23:30:00Z,Coal,0.000,Elexon BMRS FUELHH
2024-02-05T23:30:00Z,Gas,2664.000,Elexon BMRS FUELHH
2024-02-05T23:30:00Z,Hydro,758.000,Elexon BMRS FUELHH
2024-02-05T23:30:00Z,Imports & Exports,478.000,Elexon BMRS FUELHH
2024-02-05T23:30:00Z,Nuclear,3777.000,Elexon BMRS FUELHH
2024-02-05T23:30:00Z,Other,204.000,Elexon BMRS FUELHH
2024-02-05T23:30:00Z,Pumped Storage,-1286.000,Elexon BMRS FUELHH
2024-02-05T23:30:00Z,Wind,14432.000,Elexon BMRS FUELHH
2024-02-06T00:00:00Z,Biomass,1138.000,Elexon BMRS FUELHH
2024-02-06T00:00:00Z,Coal,0.000,Elexon BMRS FUELHH
2024-02-06T00:00:00Z,Gas,2675.000,Elexon BMRS FUELHH
2024-02-06T00:00:00Z,Hydro,762.000,Elexon BMRS FUELHH
2024-02-06T00:00:00Z,Imports & Exports,740.000,Elexon BMRS FUELHH
2024-02-06T00:00:00Z,Nuclear,3776.000,Elexon BMRS FUELHH
2024-02-06T00:00:00Z,Other,208.000,Elexon BMRS FUELHH
2024-02-06T00:00:00Z,Pumped Storage,-1736.000,Elexon BMRS FUELHH
2024-02-06T00:00:00Z,Wind,14271.000,Elexon BMRS FUELHH
2024-02-06T00:30:00Z,Biomass,1138.000,Elexon BMRS FUELHH
2024-02-06T00:30:00Z,Coal,0.000,Elexon BMRS FUELHH
2024-02-06T00:30:00Z,Gas,2997.000,Elexon BMRS FUELHH
2024-02-06T00:30:00Z,Hydro,756.000,Elexon BMRS FUELHH
2024-02-06T00:30:00Z,Imports & Exports,736.000,Elexon BMRS FUELHH
2024-02-06T00:30:00Z,Nuclear,3774.000,Elexon BMRS FUELHH
2024-02-06T00:30:00Z,Other,332.000,Elexon BMRS FUELHH
2024-02-06T00:30:00Z,Pumped Storage,-1696.000,Elexon BMRS FUELHH
2024-02-06T00:30:00Z,Wind,14159.000,Elexon BMRS FUELHH
2024-02-06T01:00:00Z,Biomass,1138.000,Elexon BMRS FUELHH
2024-02-06T01:00:00Z,Coal,0.000,Elexon BMRS FUELHH
2024-02-06T01:00:00Z,Gas,3107.000,Elexon BMRS FUELHH
2024-02-06T01:00:00Z,Hydro,743.000,Elexon BMRS FUELHH
2024-02-06T01:00:00Z,Imports & Exports,910.000,Elexon BMRS FUELHH
2024-02-06T01:00:00Z,Nuclear,3776.000,Elexon BMRS FUELHH
2024-02-06T01:00:00Z,Other,297.000,Elexon BMRS FUELHH
2024-02-06T01:00:00Z,Pumped Storage,-2014.000,Elexon BMRS FUELHH
2024-02-06T01:00:00Z,Wind,14155.000,Elexon BMRS FUELHH
2024-02-06T01:30:00Z,Biomass,1136.000,Elexon BMRS FUELHH
2024-02-06T01:30:00Z,Coal,0.000,Elexon BMRS FUELHH
2024-02-06T01:30:00Z,Gas,2724.000,Elexon BMRS FUELHH
2024-02-06T01:30:00Z,Hydro,742.000,Elexon BMRS FUELHH
2024-02-06T01:30:00Z,Imports & Exports,840.000,Elexon BMRS FUELHH
2024-02-06T01:30:00Z,Nuclear,3779.000,Elexon BMRS FUELHH
2024-02-06T01:30:00Z,Other,166.000,Elexon BMRS FUELHH
2024-02-06T01:30:00Z,Pumped Storage,-2018.000,Elexon BMRS FUELHH
2024-02-06T01:30:00Z,Wind,14497.000,Elexon BMRS FUELHH
2024-02-06T02:00:00Z,Biomass,1137.000,Elexon BMRS FUELHH
2024-02-06T02:00:00Z,Coal,0.000,Elexon BMRS FUELHH
2024-02-06T02:00:00Z,Gas,2818.000,Elexon BMRS FUELHH
2024-02-06T02:00:00Z,Hydro,745.000,Elexon BMRS FUELHH
2024-02-06T02:00:00Z,Imports & Exports,382.000,Elexon BMRS FUELHH
2024-02-06T02:00:00Z,Nuclear,3775.000,Elexon BMRS FUELHH
2024-02-06T02:00:00Z,Other,197.000,Elexon BMRS FUELHH
2024-02-06T02:00:00Z,Pumped Storage,-2102.000,Elexon BMRS FUELHH
2024-02-06T02:00:00Z,Wind,14463.000,Elexon BMRS FUELHH
2024-02-06T02:30:00Z,Biomass,1140.000,Elexon BMRS FUELHH
2024-02-06T02:30:00Z,Coal,0.000,Elexon BMRS FUELHH
2024-02-06T02:30:00Z,Gas,2917.000,Elexon BMRS FUELHH
2024-02-06T02:30:00Z,Hydro,743.000,Elexon BMRS FUELHH
2024-02-06T02:30:00Z,Imports & Exports,290.000,Elexon BMRS FUELHH
2024-02-06T02:30:00Z,Nuclear,3780.000,Elexon BMRS FUELHH
2024-02-06T02:30:00Z,Other,180.000,Elexon BMRS FUELHH
2024-02-06T02:30:00Z,Pumped Storage,-2116.000,Elexon BMRS FUELHH
2024-02-06T02:30:00Z,Wind,14549.000,Elexon BMRS FUELHH
2024-02-06T03:00:00Z,Biomass,1138.000,Elexon BMRS FUELHH
2024-02-06T03:00:00Z,Coal,0.000,Elexon BMRS FUELHH
2024-02-06T03:00:00Z,Gas,2711.000,Elexon BMRS FUELHH
2024-02-06T03:00:00Z,Hydro,744.000,Elexon BMRS FUELHH
2024-02-06T03:00:00Z,Imports & Exports,-246.000,Elexon BMRS FUELHH
2024-02-06T03:00:00Z,Nuclear,3780.000,Elexon BMRS FUELHH
2024-02-06T03:00:00Z,Other,173.000,Elexon BMRS FUELHH
2024-02-06T03:00:00Z,Pumped Storage,-2104.000,Elexon BMRS FUELHH
2024-02-06T03:00:00Z,Wind,14991.000,Elexon BMRS FUELHH
2024-02-06T03:30:00Z,Biomass,1139.000,Elexon BMRS FUELHH
2024-02-06T03:30:00Z,Coal,0.000,Elexon BMRS FUELHH
2024-02-06T03:30:00Z,Gas,2656.000,Elexon BMRS FUELHH
2024-02-06T03:30:00Z,Hydro,743.000,Elexon BMRS FUELHH
2024-02-06T03:30:00Z,Imports & Exports,-176.000,Elexon BMRS FUELHH
2024-02-06T03:30:00Z,Nuclear,3784.000,Elexon BMRS FUELHH
2024-02-06T03:30:00Z,Other,166.000,Elexon BMRS FUELHH
2024-02-06T03:30:00Z,Pumped Storage,-2096.000,Elexon BMRS FUELHH
2024-02-06T03:30:00Z,Wind,14698.000,Elexon BMRS FUELHH
2024-02-06T04:00:00Z,Biomass,1139.000,Elexon BMRS FUELHH
2024-02-06T04:00:00Z,Coal,0.000,Elexon BMRS FUELHH
2024-02-06T04:00:00Z,Gas,2865.000,Elexon BMRS FUELHH
2024-02-06T04:00:00Z,Hydro,750.000,Elexon BMRS FUELHH
2024-02-06T04:00:00Z,Imports & Exports,-1208.000,Elexon BMRS FUELHH
2024-02-06T04:00:00Z,Nuclear,3784.000,Elexon BMRS FUELHH
2024-02-06T04:00:00Z,Other,181.000,Elexon BMRS FUELHH
2024-02-06T04:00:00Z,Pumped Storage,-2068.000,Elexon BMRS FUELHH
2024-02-06T04:00:00Z,Wind,14555.000,Elexon BMRS FUELHH
2024-02-06T04:30:00Z,Biomass,1141.000,Elexon BMRS FUELHH
2024-02-06T04:30:00Z,Coal,0.000,Elexon BMRS FUELHH
2024-02-06T04:30:00Z,Gas,2854.000,Elexon BMRS FUELHH
2024-02-06T04:30:00Z,Hydro,758.000,Elexon BMRS FUELHH
2024-02-06T04:30:00Z,Imports & Exports,-1256.000,Elexon BMRS FUELHH
2024-02-06T04:30:00Z,Nuclear,3786.000,Elexon BMRS FUELHH
2024-02-06T04:30:00Z,Other,172.000,Elexon BMRS FUELHH
2024-02-06T04:30:00Z,Pumped Storage,-2062.000,Elexon BMRS FUELHH
2024-02-06T04:30:00Z,Wind,14544.000,Elexon BMRS FUELHH
2024-02-06T05:00:00Z,Biomass,1141.000,Elexon BMRS FUELHH
2024-02-06T05:00:00Z,Coal,0.000,Elexon BMRS FUELHH
2024-02-06T05:00:00Z,Gas,2936.000,Elexon BMRS FUELHH
2024-02-06T05:00:00Z,Hydro,778.000,Elexon BMRS FUELHH
2024-02-06T05:00:00Z,Imports & Exports,-1738.000,Elexon BMRS FUELHH
2024-02-06T05:00:00Z,Nuclear,3786.000,Elexon BMRS FUELHH
2024-02-06T05:00:00Z,Other,193.000,Elexon BMRS FUELHH
2024-02-06T05:00:00Z,Pumped Storage,-1264.000,Elexon BMRS FUELHH
2024-02-06T05:00:00Z,Wind,14629.000,Elexon BMRS FUELHH
2024-02-06T05:30:00Z,Biomass,1212.000,Elexon BMRS FUELHH
2024-02-06T05:30:00Z,Coal,0.000,Elexon BMRS FUELHH
2024-02-06T05:30:00Z,Gas,3158.000,Elexon BMRS FUELHH
2024-02-06T05:30:00Z,Hydro,778.000,Elexon BMRS FUELHH
2024-02-06T05:30:00Z,Imports & Exports,-1808.000,Elexon BMRS FUELHH
2024-02-06T05:30:00Z,Nuclear,3789.000,Elexon BMRS FUELHH
2024-02-06T05:30:00Z,Other,212.000,Elexon BMRS FUELHH
2024-02-06T05:30:00Z,Pumped Storage,-558.000,Elexon BMRS FUELHH
2024-02-06T05:30:00Z,Wind,14759.000,Elexon BMRS FUELHH
2024-02-06T06:00:00Z,Biomass,1632.000,Elexon BMRS FUELHH
2024-02-06T06:00:00Z,Coal,0.000,Elexon BMRS FUELHH
2024-02-06T06:00:00Z,Gas,3326.000,Elexon BMRS FUELHH
2024-02-06T06:00:00Z,Hydro,788.000,Elexon BMRS FUELHH
2024-02-06T06:00:00Z,Imports & Exports,188.000,Elexon BMRS FUELHH
2024-02-06T06:00:00Z,Nuclear,3785.000,Elexon BMRS FUELHH
2024-02-06T06:00:00Z,Other,237.000,Elexon BMRS FUELHH
2024-02-06T06:00:00Z,Pumped Storage,-338.000,Elexon BMRS FUELHH
2024-02-06T06:00:00Z,Wind,14732.000,Elexon BMRS FUELHH
2024-02-06T06:30:00Z,Biomass,2514.000,Elexon BMRS FUELHH
2024-02-06T06:30:00Z,Coal,0.000,Elexon BMRS FUELHH
2024-02-06T06:30:00Z,Gas,4254.000,Elexon BMRS FUELHH
2024-02-06T06:30:00Z,Hydro,795.000,Elexon BMRS FUELHH
2024-02-06T06:30:00Z,Imports & Exports,274.000,Elexon BMRS FUELHH
2024-02-06T06:30:00Z,Nuclear,3786.000,Elexon BMRS FUELHH
2024-02-06T06:30:00Z,Other,345.000,Elexon BMRS FUELHH
2024-02-06T06:30:00Z,Pumped Storage,-22.000,Elexon BMRS FUELHH
2024-02-06T06:30:00Z,Wind,14630.000,Elexon BMRS FUELHH
2024-02-06T07:00:00Z,Biomass,3095.000,Elexon BMRS FUELHH
2024-02-06T07:00:00Z,Coal,0.000,Elexon BMRS FUELHH
2024-02-06T07:00:00Z,Gas,5645.000,Elexon BMRS FUELHH
2024-02-06T07:00:00Z,Hydro,856.000,Elexon BMRS FUELHH
2024-02-06T07:00:00Z,Imports & Exports,1112.000,Elexon BMRS FUELHH
2024-02-06T07:00:00Z,Nuclear,3782.000,Elexon BMRS FUELHH
2024-02-06T07:00:00Z,Other,371.000,Elexon BMRS FUELHH
2024-02-06T07:00:00Z,Pumped Storage,64.000,Elexon BMRS FUELHH
2024-02-06T07:00:00Z,Wind,14843.000,Elexon BMRS FUELHH
2024-02-06T07:30:00Z,Biomass,3103.000,Elexon BMRS FUELHH
2024-02-06T07:30:00Z,Coal,0.000,Elexon BMRS FUELHH
2024-02-06T07:30:00Z,Gas,6640.000,Elexon BMRS FUELHH
2024-02-06T07:30:00Z,Hydro,857.000,Elexon BMRS FUELHH
2024-02-06T07:30:00Z,Imports & Exports,1232.000,Elexon BMRS FUELHH
2024-02-06T07:30:00Z,Nuclear,3779.000,Elexon BMRS FUELHH
2024-02-06T07:30:00Z,Other,358.000,Elexon BMRS FUELHH
2024-02-06T07:30:00Z,Pumped Storage,182.000,Elexon BMRS FUELHH
2024-02-06T07:30:00Z,Wind,15021.000,Elexon BMRS FUELHH
2024-02-06T08:00:00Z,Biomass,3110.000,Elexon BMRS FUELHH
2024-02-06T08:00:00Z,Coal,0.000,Elexon BMRS FUELHH
2024-02-06T08:00:00Z,Gas,6793.000,Elexon BMRS FUELHH
2024-02-06T08:00:00Z,Hydro,856.000,Elexon BMRS FUELHH
2024-02-06T08:00:00Z,Imports & Exports,2612.000,Elexon BMRS FUELHH
2024-02-06T08:00:00Z,Nuclear,3778.000,Elexon BMRS FUELHH
2024-02-06T08:00:00Z,Other,274.000,Elexon BMRS FUELHH
2024-02-06T08:00:00Z,Pumped Storage,0.000,Elexon BMRS FUELHH
2024-02-06T08:00:00Z,Wind,14829.000,Elexon BMRS FUELHH
2024-02-06T08:30:00Z,Biomass,3116.000,Elexon BMRS FUELHH
2024-02-06T08:30:00Z,Coal,0.000,Elexon BMRS FUELHH
2024-02-06T08:30:00Z,Gas,6670.000,Elexon BMRS FUELHH
2024-02-06T08:30:00Z,Hydro,856.000,Elexon BMRS FUELHH
2024-02-06T08:30:00Z,Imports & Exports,2890.000,Elexon BMRS FUELHH
2024-02-06T08:30:00Z,Nuclear,3778.000,Elexon BMRS FUELHH
2024-02-06T08:30:00Z,Other,435.000,Elexon BMRS FUELHH
2024-02-06T08:30:00Z,Pumped Storage,66.000,Elexon BMRS FUELHH
2024-02-06T08:30:00Z,Wind,14648.000,Elexon BMRS FUELHH
2024-02-06T09:00:00Z,Biomass,3130.000,Elexon BMRS FUELHH
2024-02-06T09:00:00Z,Coal,0.000,Elexon BMRS FUELHH
2024-02-06T09:00:00Z,Gas,5576.000,Elexon BMRS FUELHH
2024-02-06T09:00:00Z,Hydro,854.000,Elexon BMRS FUELHH
2024-02-06T09:00:00Z,Imports & Exports,5056.000,Elexon BMRS FUELHH
2024-02-06T09:00:00Z,Nuclear,3778.000,Elexon BMRS FUELHH
2024-02-06T09:00:00Z,Other,348.000,Elexon BMRS FUELHH
2024-02-06T09:00:00Z,Pumped Storage,-8.000,Elexon BMRS FUELHH
2024-02-06T09:00:00Z,Wind,14549.000,Elexon BMRS FUELHH
2024-02-06T09:30:00Z,Biomass,3138.000,Elexon BMRS FUELHH
2024-02-06T09:30:00Z,Coal,0.000,Elexon BMRS FUELHH
2024-02-06T09:30:00Z,Gas,5446.000,Elexon BMRS FUELHH
2024-02-06T09:30:00Z,Hydro,843.000,Elexon BMRS FUELHH
2024-02-06T09:30:00Z,Imports & Exports,5256.000,Elexon BMRS FUELHH
2024-02-06T09:30:00Z,Nuclear,3776.000,Elexon BMRS FUELHH
2024-02-06T09:30:00Z,Other,325.000,Elexon BMRS FUELHH
2024-02-06T09:30:00Z,Pumped Storage,-14.000,Elexon BMRS FUELHH
2024-02-06T09:30:00Z,Wind,14554.000,Elexon BMRS FUELHH
2024-02-06T10:00:00Z,Biomass,3124.000,Elexon BMRS FUELHH
2024-02-06T10:00:00Z,Coal,0.000,Elexon BMRS FUELHH
2024-02-06T10:00:00Z,Gas,5428.000,Elexon BMRS FUELHH
2024-02-06T10:00:00Z,Hydro,794.000,Elexon BMRS FUELHH
2024-02-06T10:00:00Z,Imports & Exports,5554.000,Elexon BMRS FUELHH
2024-02-06T10:00:00Z,Nuclear,3777.000,Elexon BMRS FUELHH
2024-02-06T10:00:00Z,Other,265.000,Elexon BMRS FUELHH
2024-02-06T10:00:00Z,Pumped Storage,24.000,Elexon BMRS FUELHH
2024-02-06T10:00:00Z,Wind,14216.000,Elexon BMRS FUELHH
2024-02-06T10:30:00Z,Biomass,3128.000,Elexon BMRS FUELHH
2024-02-06T10:30:00Z,Coal,0.000,Elexon BMRS FUELHH
2024-02-06T10:30:00Z,Gas,5760.000,Elexon BMRS FUELHH
2024-02-06T10:30:00Z,Hydro,776.000,Elexon BMRS FUELHH
2024-02-06T10:30:00Z,Imports & Exports,5544.000,Elexon BMRS FUELHH
2024-02-06T10:30:00Z,Nuclear,3780.000,Elexon BMRS FUELHH
2024-02-06T10:30:00Z,Other,244.000,Elexon BMRS FUELHH
2024-02-06T10:30:00Z,Pumped Storage,-16.000,Elexon BMRS FUELHH
2024-02-06T10:30:00Z,Wind,14033.000,Elexon BMRS FUELHH
2024-02-06T11:00:00Z,Biomass,3092.000,Elexon BMRS FUELHH
2024-02-06T11:00:00Z,Coal,0.000,Elexon BMRS FUELHH
2024-02-06T11:00:00Z,Gas,5965.000,Elexon BMRS FUELHH
2024-02-06T11:00:00Z,Hydro,792.000,Elexon BMRS FUELHH
2024-02-06T11:00:00Z,Imports & Exports,5470.000,Elexon BMRS FUELHH
2024-02-06T11:00:00Z,Nuclear,3777.000,Elexon BMRS FUELHH
2024-02-06T11:00:00Z,Other,264.000,Elexon BMRS FUELHH
2024-02-06T11:00:00Z,Pumped Storage,-10.000,Elexon BMRS FUELHH
2024-02-06T11:00:00Z,Wind,13847.000,Elexon BMRS FUELHH
2024-02-06T11:30:00Z,Biomass,3099.000,Elexon BMRS FUELHH
2024-02-06T11:30:00Z,Coal,0.000,Elexon BMRS FUELHH
2024-02-06T11:30:00Z,Gas,5938.000,Elexon BMRS FUELHH
2024-02-06T11:30:00Z,Hydro,796.000,Elexon BMRS FUELHH
2024-02-06T11:30:00Z,Imports & Exports,5332.000,Elexon BMRS FUELHH
2024-02-06T11:30:00Z,Nuclear,3774.000,Elexon BMRS FUELHH
2024-02-06T11:30:00Z,Other,245.000,Elexon BMRS FUELHH
2024-02-06T11:30:00Z,Pumped Storage,-10.000,Elexon BMRS FUELHH
2024-02-06T11:30:00Z,Wind,13998.000,Elexon BMRS FUELHH
2024-02-06T12:00:00Z,Biomass,2994.000,Elexon BMRS FUELHH
2024-02-06T12:00:00Z,Coal,0.000,Elexon BMRS FUELHH
2024-02-06T12:00:00Z,Gas,5924.000,Elexon BMRS FUELHH
2024-02-06T12:00:00Z,Hydro,785.000,Elexon BMRS FUELHH
2024-02-06T12:00:00Z,Imports & Exports,5456.000,Elexon BMRS FUELHH
2024-02-06T12:00:00Z,Nuclear,3771.000,Elexon BMRS FUELHH
2024-02-06T12:00:00Z,Other,247.000,Elexon BMRS FUELHH
2024-02-06T12:00:00Z,Pumped Storage,-12.000,Elexon BMRS FUELHH
2024-02-06T12:00:00Z,Wind,14210.000,Elexon BMRS FUELHH
2024-02-06T12:30:00Z,Biomass,2951.000,Elexon BMRS FUELHH
2024-02-06T12:30:00Z,Coal,0.000,Elexon BMRS FUELHH
2024-02-06T12:30:00Z,Gas,5824.000,Elexon BMRS FUELHH
2024-02-06T12:30:00Z,Hydro,800.000,Elexon BMRS FUELHH
2024-02-06T12:30:00Z,Imports & Exports,5462.000,Elexon BMRS FUELHH
2024-02-06T12:30:00Z,Nuclear,3773.000,Elexon BMRS FUELHH
2024-02-06T12:30:00Z,Other,238.000,Elexon BMRS FUELHH
2024-02-06T12:30:00Z,Pumped Storage,-12.000,Elexon BMRS FUELHH
2024-02-06T12:30:00Z,Wind,14216.000,Elexon BMRS FUELHH
2024-02-06T13:00:00Z,Biomass,3013.000,Elexon BMRS FUELHH
2024-02-06T13:00:00Z,Coal,0.000,Elexon BMRS FUELHH
2024-02-06T13:00:00Z,Gas,5965.000,Elexon BMRS FUELHH
2024-02-06T13:00:00Z,Hydro,803.000,Elexon BMRS FUELHH
2024-02-06T13:00:00Z,Imports & Exports,5460.000,Elexon BMRS FUELHH
2024-02-06T13:00:00Z,Nuclear,3776.000,Elexon BMRS FUELHH
2024-02-06T13:00:00Z,Other,284.000,Elexon BMRS FUELHH
2024-02-06T13:00:00Z,Pumped Storage,184.000,Elexon BMRS FUELHH
2024-02-06T13:00:00Z,Wind,14059.000,Elexon BMRS FUELHH
2024-02-06T13:30:00Z,Biomass,3152.000,Elexon BMRS FUELHH
2024-02-06T13:30:00Z,Coal,0.000,Elexon BMRS FUELHH
2024-02-06T13:30:00Z,Gas,6101.000,Elexon BMRS FUELHH
2024-02-06T13:30:00Z,Hydro,799.000,Elexon BMRS FUELHH
2024-02-06T13:30:00Z,Imports & Exports,5464.000,Elexon BMRS FUELHH
2024-02-06T13:30:00Z,Nuclear,3779.000,Elexon BMRS FUELHH
2024-02-06T13:30:00Z,Other,316.000,Elexon BMRS FUELHH
2024-02-06T13:30:00Z,Pumped Storage,266.000,Elexon BMRS FUELHH
2024-02-06T13:30:00Z,Wind,13690.000,Elexon BMRS FUELHH
2024-02-06T14:00:00Z,Biomass,3139.000,Elexon BMRS FUELHH
2024-02-06T14:00:00Z,Coal,0.000,Elexon BMRS FUELHH
2024-02-06T14:00:00Z,Gas,6315.000,Elexon BMRS FUELHH
2024-02-06T14:00:00Z,Hydro,813.000,Elexon BMRS FUELHH
2024-02-06T14:00:00Z,Imports & Exports,5460.000,Elexon BMRS FUELHH
2024-02-06T14:00:00Z,Nuclear,3779.000,Elexon BMRS FUELHH
2024-02-06T14:00:00Z,Other,368.000,Elexon BMRS FUELHH
2024-02-06T14:00:00Z,Pumped Storage,346.000,Elexon BMRS FUELHH
2024-02-06T14:00:00Z,Wind,13359.000,Elexon BMRS FUELHH
2024-02-06T14:30:00Z,Biomass,3064.000,Elexon BMRS FUELHH
2024-02-06T14:30:00Z,Coal,0.000,Elexon BMRS FUELHH
2024-02-06T14:30:00Z,Gas,6591.000,Elexon BMRS FUELHH
2024-02-06T14:30:00Z,Hydro,854.000,Elexon BMRS FUELHH
2024-02-06T14:30:00Z,Imports & Exports,5462.000,Elexon BMRS FUELHH
2024-02-06T14:30:00Z,Nuclear,3782.000,Elexon BMRS FUELHH
2024-02-06T14:30:00Z,Other,343.000,Elexon BMRS FUELHH
2024-02-06T14:30:00Z,Pumped Storage,466.000,Elexon BMRS FUELHH
2024-02-06T14:30:00Z,Wind,12891.000,Elexon BMRS FUELHH
2024-02-06T15:00:00Z,Biomass,2930.000,Elexon BMRS FUELHH
2024-02-06T15:00:00Z,Coal,16.000,Elexon BMRS FUELHH
2024-02-06T15:00:00Z,Gas,7172.000,Elexon BMRS FUELHH
2024-02-06T15:00:00Z,Hydro,981.000,Elexon BMRS FUELHH
2024-02-06T15:00:00Z,Imports & Exports,5230.000,Elexon BMRS FUELHH
2024-02-06T15:00:00Z,Nuclear,3777.000,Elexon BMRS FUELHH
2024-02-06T15:00:00Z,Other,328.000,Elexon BMRS FUELHH
2024-02-06T15:00:00Z,Pumped Storage,566.000,Elexon BMRS FUELHH
2024-02-06T15:00:00Z,Wind,12718.000,Elexon BMRS FUELHH
2024-02-06T15:30:00Z,Biomass,3117.000,Elexon BMRS FUELHH
2024-02-06T15:30:00Z,Coal,40.000,Elexon BMRS FUELHH
2024-02-06T15:30:00Z,Gas,8622.000,Elexon BMRS FUELHH
2024-02-06T15:30:00Z,Hydro,974.000,Elexon BMRS FUELHH
2024-02-06T15:30:00Z,Imports & Exports,5230.000,Elexon BMRS FUELHH
2024-02-06T15:30:00Z,Nuclear,3779.000,Elexon BMRS FUELHH
2024-02-06T15:30:00Z,Other,282.000,Elexon BMRS FUELHH
2024-02-06T15:30:00Z,Pumped Storage,544.000,Elexon BMRS FUELHH
2024-02-06T15:30:00Z,Wind,11972.000,Elexon BMRS FUELHH
2024-02-06T16:00:00Z,Biomass,3181.000,Elexon BMRS FUELHH
2024-02-06T16:00:00Z,Coal,106.000,Elexon BMRS FUELHH
2024-02-06T16:00:00Z,Gas,9305.000,Elexon BMRS FUELHH
2024-02-06T16:00:00Z,Hydro,998.000,Elexon BMRS FUELHH
2024-02-06T16:00:00Z,Imports & Exports,5356.000,Elexon BMRS FUELHH
2024-02-06T16:00:00Z,Nuclear,3775.000,Elexon BMRS FUELHH
2024-02-06T16:00:00Z,Other,309.000,Elexon BMRS FUELHH
2024-02-06T16:00:00Z,Pumped Storage,656.000,Elexon BMRS FUELHH
2024-02-06T16:00:00Z,Wind,11586.000,Elexon BMRS FUELHH
2024-02-06T16:30:00Z,Biomass,3178.000,Elexon BMRS FUELHH
2024-02-06T16:30:00Z,Coal,268.000,Elexon BMRS FUELHH
2024-02-06T16:30:00Z,Gas,10436.000,Elexon BMRS FUELHH
2024-02-06T16:30:00Z,Hydro,1012.000,Elexon BMRS FUELHH
2024-02-06T16:30:00Z,Imports & Exports,5360.000,Elexon BMRS FUELHH
2024-02-06T16:30:00Z,Nuclear,3775.000,Elexon BMRS FUELHH
2024-02-06T16:30:00Z,Other,489.000,Elexon BMRS FUELHH
2024-02-06T16:30:00Z,Pumped Storage,962.000,Elexon BMRS FUELHH
2024-02-06T16:30:00Z,Wind,11063.000,Elexon BMRS FUELHH
2024-02-06T17:00:00Z,Biomass,3182.000,Elexon BMRS FUELHH
2024-02-06T17:00:00Z,Coal,417.000,Elexon BMRS FUELHH
2024-02-06T17:00:00Z,Gas,10990.000,Elexon BMRS FUELHH
2024-02-06T17:00:00Z,Hydro,1029.000,Elexon BMRS FUELHH
2024-02-06T17:00:00Z,Imports & Exports,5480.000,Elexon BMRS FUELHH
2024-02-06T17:00:00Z,Nuclear,3780.000,Elexon BMRS FUELHH
2024-02-06T17:00:00Z,Other,729.000,Elexon BMRS FUELHH
2024-02-06T17:00:00Z,Pumped Storage,1540.000,Elexon BMRS FUELHH
2024-02-06T17:00:00Z,Wind,10674.000,Elexon BMRS FUELHH
2024-02-06T17:30:00Z,Biomass,3185.000,Elexon BMRS FUELHH
2024-02-06T17:30:00Z,Coal,480.000,Elexon BMRS FUELHH
2024-02-06T17:30:00Z,Gas,11533.000,Elexon BMRS FUELHH
2024-02-06T17:30:00Z,Hydro,1041.000,Elexon BMRS FUELHH
2024-02-06T17:30:00Z,Imports & Exports,5484.000,Elexon BMRS FUELHH
2024-02-06T17:30:00Z,Nuclear,3779.000,Elexon BMRS FUELHH
2024-02-06T17:30:00Z,Other,1025.000,Elexon BMRS FUELHH
2024-02-06T17:30:00Z,Pumped Storage,1518.000,Elexon BMRS FUELHH
2024-02-06T17:30:00Z,Wind,10262.000,Elexon BMRS FUELHH
2024-02-06T18:00:00Z,Biomass,3185.000,Elexon BMRS FUELHH
2024-02-06T18:00:00Z,Coal,480.000,Elexon BMRS FUELHH
2024-02-06T18:00:00Z,Gas,11680.000,Elexon BMRS FUELHH
2024-02-06T18:00:00Z,Hydro,1034.000,Elexon BMRS FUELHH
2024-02-06T18:00:00Z,Imports & Exports,5484.000,Elexon BMRS FUELHH
2024-02-06T18:00:00Z,Nuclear,3782.000,Elexon BMRS FUELHH
2024-02-06T18:00:00Z,Other,1291.000,Elexon BMRS FUELHH
2024-02-06T18:00:00Z,Pumped Storage,1600.000,Elexon BMRS FUELHH
2024-02-06T18:00:00Z,Wind,9863.000,Elexon BMRS FUELHH
2024-02-06T18:30:00Z,Biomass,3185.000,Elexon BMRS FUELHH
2024-02-06T18:30:00Z,Coal,480.000,Elexon BMRS FUELHH
2024-02-06T18:30:00Z,Gas,11725.000,Elexon BMRS FUELHH
2024-02-06T18:30:00Z,Hydro,1030.000,Elexon BMRS FUELHH
2024-02-06T18:30:00Z,Imports & Exports,5484.000,Elexon BMRS FUELHH
2024-02-06T18:30:00Z,Nuclear,3788.000,Elexon BMRS FUELHH
2024-02-06T18:30:00Z,Other,1159.000,Elexon BMRS FUELHH
2024-02-06T18:30:00Z,Pumped Storage,1592.000,Elexon BMRS FUELHH
2024-02-06T18:30:00Z,Wind,9846.000,Elexon BMRS FUELHH
2024-02-06T19:00:00Z,Biomass,3173.000,Elexon BMRS FUELHH
2024-02-06T19:00:00Z,Coal,480.000,Elexon BMRS FUELHH
2024-02-06T19:00:00Z,Gas,11343.000,Elexon BMRS FUELHH
2024-02-06T19:00:00Z,Hydro,1011.000,Elexon BMRS FUELHH
2024-02-06T19:00:00Z,Imports & Exports,5484.000,Elexon BMRS FUELHH
2024-02-06T19:00:00Z,Nuclear,3784.000,Elexon BMRS FUELHH
2024-02-06T19:00:00Z,Other,923.000,Elexon BMRS FUELHH
2024-02-06T19:00:00Z,Pumped Storage,1712.000,Elexon BMRS FUELHH
2024-02-06T19:00:00Z,Wind,9577.000,Elexon BMRS FUELHH
2024-02-06T19:30:00Z,Biomass,3073.000,Elexon BMRS FUELHH
2024-02-06T19:30:00Z,Coal,479.000,Elexon BMRS FUELHH
2024-02-06T19:30:00Z,Gas,11176.000,Elexon BMRS FUELHH
2024-02-06T19:30:00Z,Hydro,1009.000,Elexon BMRS FUELHH
2024-02-06T19:30:00Z,Imports & Exports,5482.000,Elexon BMRS FUELHH
2024-02-06T19:30:00Z,Nuclear,3784.000,Elexon BMRS FUELHH
2024-02-06T19:30:00Z,Other,695.000,Elexon BMRS FUELHH
2024-02-06T19:30:00Z,Pumped Storage,1352.000,Elexon BMRS FUELHH
2024-02-06T19:30:00Z,Wind,9200.000,Elexon BMRS FUELHH
2024-02-06T20:00:00Z,Biomass,3159.000,Elexon BMRS FUELHH
2024-02-06T20:00:00Z,Coal,480.000,Elexon BMRS FUELHH
2024-02-06T20:00:00Z,Gas,11531.000,Elexon BMRS FUELHH
2024-02-06T20:00:00Z,Hydro,1007.000,Elexon BMRS FUELHH
2024-02-06T20:00:00Z,Imports & Exports,5482.000,Elexon BMRS FUELHH
2024-02-06T20:00:00Z,Nuclear,3781.000,Elexon BMRS FUELHH
2024-02-06T20:00:00Z,Other,600.000,Elexon BMRS FUELHH
2024-02-06T20:00:00Z,Pumped Storage,724.000,Elexon BMRS FUELHH
2024-02-06T20:00:00Z,Wind,8437.000,Elexon BMRS FUELHH
2024-02-06T20:30:00Z,Biomass,3067.000,Elexon BMRS FUELHH
2024-02-06T20:30:00Z,Coal,480.000,Elexon BMRS FUELHH
2024-02-06T20:30:00Z,Gas,11241.000,Elexon BMRS FUELHH
2024-02-06T20:30:00Z,Hydro,1005.000,Elexon BMRS FUELHH
2024-02-06T20:30:00Z,Imports & Exports,5482.000,Elexon BMRS FUELHH
2024-02-06T20:30:00Z,Nuclear,3776.000,Elexon BMRS FUELHH
2024-02-06T20:30:00Z,Other,509.000,Elexon BMRS FUELHH
2024-02-06T20:30:00Z,Pumped Storage,628.000,Elexon BMRS FUELHH
2024-02-06T20:30:00Z,Wind,7751.000,Elexon BMRS FUELHH
2024-02-06T21:00:00Z,Biomass,3171.000,Elexon BMRS FUELHH
2024-02-06T21:00:00Z,Coal,481.000,Elexon BMRS FUELHH
2024-02-06T21:00:00Z,Gas,10827.000,Elexon BMRS FUELHH
2024-02-06T21:00:00Z,Hydro,994.000,Elexon BMRS FUELHH
2024-02-06T21:00:00Z,Imports & Exports,5234.000,Elexon BMRS FUELHH
2024-02-06T21:00:00Z,Nuclear,3777.000,Elexon BMRS FUELHH
2024-02-06T21:00:00Z,Other,297.000,Elexon BMRS FUELHH
2024-02-06T21:00:00Z,Pumped Storage,636.000,Elexon BMRS FUELHH
2024-02-06T21:00:00Z,Wind,7232.000,Elexon BMRS FUELHH
2024-02-06T21:30:00Z,Biomass,3002.000,Elexon BMRS FUELHH
2024-02-06T21:30:00Z,Coal,346.000,Elexon BMRS FUELHH
2024-02-06T21:30:00Z,Gas,9983.000,Elexon BMRS FUELHH
2024-02-06T21:30:00Z,Hydro,993.000,Elexon BMRS FUELHH
2024-02-06T21:30:00Z,Imports & Exports,5230.000,Elexon BMRS FUELHH
2024-02-06T21:30:00Z,Nuclear,3777.000,Elexon BMRS FUELHH
2024-02-06T21:30:00Z,Other,220.000,Elexon BMRS FUELHH
2024-02-06T21:30:00Z,Pumped Storage,738.000,Elexon BMRS FUELHH
2024-02-06T21:30:00Z,Wind,7160.000,Elexon BMRS FUELHH
2024-02-06T22:00:00Z,Biomass,2881.000,Elexon BMRS FUELHH
2024-02-06T22:00:00Z,Coal,230.000,Elexon BMRS FUELHH
2024-02-06T22:00:00Z,Gas,9459.000,Elexon BMRS FUELHH
2024-02-06T22:00:00Z,Hydro,958.000,Elexon BMRS FUELHH
2024-02-06T22:00:00Z,Imports & Exports,5206.000,Elexon BMRS FUELHH
2024-02-06T22:00:00Z,Nuclear,3783.000,Elexon BMRS FUELHH
2024-02-06T22:00:00Z,Other,209.000,Elexon BMRS FUELHH
2024-02-06T22:00:00Z,Pumped Storage,368.000,Elexon BMRS FUELHH
2024-02-06T22:00:00Z,Wind,7110.000,Elexon BMRS FUELHH
2024-02-06T22:30:00Z,Biomass,2895.000,Elexon BMRS FUELHH
2024-02-06T22:30:00Z,Coal,230.000,Elexon BMRS FUELHH
2024-02-06T22:30:00Z,Gas,8478.000,Elexon BMRS FUELHH
2024-02-06T22:30:00Z,Hydro,955.000,Elexon BMRS FUELHH
2024-02-06T22:30:00Z,Imports & Exports,5208.000,Elexon BMRS FUELHH
2024-02-06T22:30:00Z,Nuclear,3782.000,Elexon BMRS FUELHH
2024-02-06T22:30:00Z,Other,166.000,Elexon BMRS FUELHH
2024-02-06T22:30:00Z,Pumped Storage,256.000,Elexon BMRS FUELHH
2024-02-06T22:30:00Z,Wind,6813.000,Elexon BMRS FUELHH
2024-02-06T23:00:00Z,Biomass,2902.000,Elexon BMRS FUELHH
2024-02-06T23:00:00Z,Coal,230.000,Elexon BMRS FUELHH
2024-02-06T23:00:00Z,Gas,7589.000,Elexon BMRS FUELHH
2024-02-06T23:00:00Z,Hydro,913.000,Elexon BMRS FUELHH
2024-02-06T23:00:00Z,Imports & Exports,5460.000,Elexon BMRS FUELHH
2024-02-06T23:00:00Z,Nuclear,3783.000,Elexon BMRS FUELHH
2024-02-06T23:00:00Z,Other,159.000,Elexon BMRS FUELHH
2024-02-06T23:00:00Z,Pumped Storage,-18.000,Elexon BMRS FUELHH
2024-02-06T23:00:00Z,Wind,6682.000,Elexon BMRS FUELHH
2024-02-06T23:30:00Z,Biomass,2755.000,Elexon BMRS FUELHH
2024-02-06T23:30:00Z,Coal,231.000,Elexon BMRS FUELHH
2024-02-06T23:30:00Z,Gas,7739.000,Elexon BMRS FUELHH
2024-02-06T23:30:00Z,Hydro,915.000,Elexon BMRS FUELHH
2024-02-06T23:30:00Z,Imports & Exports,5464.000,Elexon BMRS FUELHH
2024-02-06T23:30:00Z,Nuclear,3787.000,Elexon BMRS FUELHH
2024-02-06T23:30:00Z,Other,154.000,Elexon BMRS FUELHH
2024-02-06T23:30:00Z,Pumped Storage,-478.000,Elexon BMRS FUELHH
2024-02-06T23:30:00Z,Wind,6600.000,Elexon BMRS FUELHH
2024-02-07T00:00:00Z,Biomass,2744.000,Elexon BMRS FUELHH
2024-02-07T00:00:00Z,Coal,230.000,Elexon BMRS FUELHH
2024-02-07T00:00:00Z,Gas,8051.000,Elexon BMRS FUELHH
2024-02-07T00:00:00Z,Hydro,866.000,Elexon BMRS FUELHH
2024-02-07T00:00:00Z,Imports & Exports,5466.000,Elexon BMRS FUELHH
2024-02-07T00:00:00Z,Nuclear,3784.000,Elexon BMRS FUELHH
2024-02-07T00:00:00Z,Other,183.000,Elexon BMRS FUELHH
2024-02-07T00:00:00Z,Pumped Storage,-508.000,Elexon BMRS FUELHH
2024-02-07T00:00:00Z,Wind,5951.000,Elexon BMRS FUELHH
2024-02-07T00:30:00Z,Biomass,2863.000,Elexon BMRS FUELHH
2024-02-07T00:30:00Z,Coal,230.000,Elexon BMRS FUELHH
2024-02-07T00:30:00Z,Gas,8265.000,Elexon BMRS FUELHH
2024-02-07T00:30:00Z,Hydro,874.000,Elexon BMRS FUELHH
2024-02-07T00:30:00Z,Imports & Exports,5490.000,Elexon BMRS FUELHH
2024-02-07T00:30:00Z,Nuclear,3782.000,Elexon BMRS FUELHH
2024-02-07T00:30:00Z,Other,248.000,Elexon BMRS FUELHH
2024-02-07T00:30:00Z,Pumped Storage,-266.000,Elexon BMRS FUELHH
2024-02-07T00:30:00Z,Wind,5492.000,Elexon BMRS FUELHH
2024-02-07T01:00:00Z,Biomass,3058.000,Elexon BMRS FUELHH
2024-02-07T01:00:00Z,Coal,230.000,Elexon BMRS FUELHH
2024-02-07T01:00:00Z,Gas,8271.000,Elexon BMRS FUELHH
2024-02-07T01:00:00Z,Hydro,876.000,Elexon BMRS FUELHH
2024-02-07T01:00:00Z,Imports & Exports,5182.000,Elexon BMRS FUELHH
2024-02-07T01:00:00Z,Nuclear,3789.000,Elexon BMRS FUELHH
2024-02-07T01:00:00Z,Other,262.000,Elexon BMRS FUELHH
2024-02-07T01:00:00Z,Pumped Storage,-468.000,Elexon BMRS FUELHH
2024-02-07T01:00:00Z,Wind,5215.000,Elexon BMRS FUELHH
2024-02-07T01:30:00Z,Biomass,3050.000,Elexon BMRS FUELHH
2024-02-07T01:30:00Z,Coal,229.000,Elexon BMRS FUELHH
2024-02-07T01:30:00Z,Gas,8002.000,Elexon BMRS FUELHH
2024-02-07T01:30:00Z,Hydro,875.000,Elexon BMRS FUELHH
2024-02-07T01:30:00Z,Imports & Exports,5192.000,Elexon BMRS FUELHH
2024-02-07T01:30:00Z,Nuclear,3788.000,Elexon BMRS FUELHH
2024-02-07T01:30:00Z,Other,172.000,Elexon BMRS FUELHH
2024-02-07T01:30:00Z,Pumped Storage,-470.000,Elexon BMRS FUELHH
2024-02-07T01:30:00Z,Wind,4983.000,Elexon BMRS FUELHH
2024-02-07T02:00:00Z,Biomass,3051.000,Elexon BMRS FUELHH
2024-02-07T02:00:00Z,Coal,233.000,Elexon BMRS FUELHH
2024-02-07T02:00:00Z,Gas,8023.000,Elexon BMRS FUELHH
2024-02-07T02:00:00Z,Hydro,748.000,Elexon BMRS FUELHH
2024-02-07T02:00:00Z,Imports & Exports,5156.000,Elexon BMRS FUELHH
2024-02-07T02:00:00Z,Nuclear,3786.000,Elexon BMRS FUELHH
2024-02-07T02:00:00Z,Other,188.000,Elexon BMRS FUELHH
2024-02-07T02:00:00Z,Pumped Storage,-614.000,Elexon BMRS FUELHH
2024-02-07T02:00:00Z,Wind,4626.000,Elexon BMRS FUELHH
2024-02-07T02:30:00Z,Biomass,3060.000,Elexon BMRS FUELHH
2024-02-07T02:30:00Z,Coal,230.000,Elexon BMRS FUELHH
2024-02-07T02:30:00Z,Gas,8018.000,Elexon BMRS FUELHH
2024-02-07T02:30:00Z,Hydro,748.000,Elexon BMRS FUELHH
2024-02-07T02:30:00Z,Imports & Exports,5216.000,Elexon BMRS FUELHH
2024-02-07T02:30:00Z,Nuclear,3787.000,Elexon BMRS FUELHH
2024-02-07T02:30:00Z,Other,206.000,Elexon BMRS FUELHH
2024-02-07T02:30:00Z,Pumped Storage,-612.000,Elexon BMRS FUELHH
2024-02-07T02:30:00Z,Wind,4173.000,Elexon BMRS FUELHH
2024-02-07T03:00:00Z,Biomass,3058.000,Elexon BMRS FUELHH
2024-02-07T03:00:00Z,Coal,232.000,Elexon BMRS FUELHH
2024-02-07T03:00:00Z,Gas,7858.000,Elexon BMRS FUELHH
2024-02-07T03:00:00Z,Hydro,739.000,Elexon BMRS FUELHH
2024-02-07T03:00:00Z,Imports & Exports,5450.000,Elexon BMRS FUELHH
2024-02-07T03:00:00Z,Nuclear,3790.000,Elexon BMRS FUELHH
2024-02-07T03:00:00Z,Other,223.000,Elexon BMRS FUELHH
2024-02-07T03:00:00Z,Pumped Storage,-610.000,Elexon BMRS FUELHH
2024-02-07T03:00:00Z,Wind,3874.000,Elexon BMRS FUELHH
2024-02-07T03:30:00Z,Biomass,3047.000,Elexon BMRS FUELHH
2024-02-07T03:30:00Z,Coal,230.000,Elexon BMRS FUELHH
2024-02-07T03:30:00Z,Gas,8098.000,Elexon BMRS FUELHH
2024-02-07T03:30:00Z,Hydro,737.000,Elexon BMRS FUELHH
2024-02-07T03:30:00Z,Imports & Exports,5482.000,Elexon BMRS FUELHH
2024-02-07T03:30:00Z,Nuclear,3788.000,Elexon BMRS FUELHH
2024-02-07T03:30:00Z,Other,162.000,Elexon BMRS FUELHH
2024-02-07T03:30:00Z,Pumped Storage,-610.000,Elexon BMRS FUELHH
2024-02-07T03:30:00Z,Wind,3655.000,Elexon BMRS FUELHH
2024-02-07T04:00:00Z,Biomass,3023.000,Elexon BMRS FUELHH
2024-02-07T04:00:00Z,Coal,231.000,Elexon BMRS FUELHH
2024-02-07T04:00:00Z,Gas,7987.000,Elexon BMRS FUELHH
2024-02-07T04:00:00Z,Hydro,737.000,Elexon BMRS FUELHH
2024-02-07T04:00:00Z,Imports & Exports,5480.000,Elexon BMRS FUELHH
2024-02-07T04:00:00Z,Nuclear,3788.000,Elexon BMRS FUELHH
2024-02-07T04:00:00Z,Other,162.000,Elexon BMRS FUELHH
2024-02-07T04:00:00Z,Pumped Storage,-606.000,Elexon BMRS FUELHH
2024-02-07T04:00:00Z,Wind,3481.000,Elexon BMRS FUELHH
2024-02-07T04:30:00Z,Biomass,2977.000,Elexon BMRS FUELHH
2024-02-07T04:30:00Z,Coal,230.000,Elexon BMRS FUELHH
2024-02-07T04:30:00Z,Gas,8449.000,Elexon BMRS FUELHH
2024-02-07T04:30:00Z,Hydro,743.000,Elexon BMRS FUELHH
2024-02-07T04:30:00Z,Imports & Exports,5494.000,Elexon BMRS FUELHH
2024-02-07T04:30:00Z,Nuclear,3783.000,Elexon BMRS FUELHH
2024-02-07T04:30:00Z,Other,160.000,Elexon BMRS FUELHH
2024-02-07T04:30:00Z,Pumped Storage,-560.000,Elexon BMRS FUELHH
2024-02-07T04:30:00Z,Wind,3175.000,Elexon BMRS FUELHH
2024-02-07T05:00:00Z,Biomass,2976.000,Elexon BMRS FUELHH
2024-02-07T05:00:00Z,Coal,297.000,Elexon BMRS FUELHH
2024-02-07T05:00:00Z,Gas,8867.000,Elexon BMRS FUELHH
2024-02-07T05:00:00Z,Hydro,786.000,Elexon BMRS FUELHH
2024-02-07T05:00:00Z,Imports & Exports,5370.000,Elexon BMRS FUELHH
2024-02-07T05:00:00Z,Nuclear,3788.000,Elexon BMRS FUELHH
2024-02-07T05:00:00Z,Other,161.000,Elexon BMRS FUELHH
2024-02-07T05:00:00Z,Pumped Storage,-62.000,Elexon BMRS FUELHH
2024-02-07T05:00:00Z,Wind,3076.000,Elexon BMRS FUELHH
2024-02-07T05:30:00Z,Biomass,2940.000,Elexon BMRS FUELHH
2024-02-07T05:30:00Z,Coal,424.000,Elexon BMRS FUELHH
2024-02-07T05:30:00Z,Gas,9846.000,Elexon BMRS FUELHH
2024-02-07T05:30:00Z,Hydro,733.000,Elexon BMRS FUELHH
2024-02-07T05:30:00Z,Imports & Exports,5216.000,Elexon BMRS FUELHH
2024-02-07T05:30:00Z,Nuclear,3787.000,Elexon BMRS FUELHH
2024-02-07T05:30:00Z,Other,175.000,Elexon BMRS FUELHH
2024-02-07T05:30:00Z,Pumped Storage,0.000,Elexon BMRS FUELHH
2024-02-07T05:30:00Z,Wind,3138.000,Elexon BMRS FUELHH
2024-02-07T06:00:00Z,Biomass,2998.000,Elexon BMRS FUELHH
2024-02-07T06:00:00Z,Coal,636.000,Elexon BMRS FUELHH
2024-02-07T06:00:00Z,Gas,12760.000,Elexon BMRS FUELHH
2024-02-07T06:00:00Z,Hydro,909.000,Elexon BMRS FUELHH
2024-02-07T06:00:00Z,Imports & Exports,4054.000,Elexon BMRS FUELHH
2024-02-07T06:00:00Z,Nuclear,3786.000,Elexon BMRS FUELHH
2024-02-07T06:00:00Z,Other,290.000,Elexon BMRS FUELHH
2024-02-07T06:00:00Z,Pumped Storage,130.000,Elexon BMRS FUELHH
2024-02-07T06:00:00Z,Wind,3170.000,Elexon BMRS FUELHH
2024-02-07T06:30:00Z,Biomass,3137.000,Elexon BMRS FUELHH
2024-02-07T06:30:00Z,Coal,849.000,Elexon BMRS FUELHH
2024-02-07T06:30:00Z,Gas,15518.000,Elexon BMRS FUELHH
2024-02-07T06:30:00Z,Hydro,873.000,Elexon BMRS FUELHH
2024-02-07T06:30:00Z,Imports & Exports,3956.000,Elexon BMRS FUELHH
2024-02-07T06:30:00Z,Nuclear,3787.000,Elexon BMRS FUELHH
2024-02-07T06:30:00Z,Other,208.000,Elexon BMRS FUELHH
2024-02-07T06:30:00Z,Pumped Storage,80.000,Elexon BMRS FUELHH
2024-02-07T06:30:00Z,Wind,3198.000,Elexon BMRS FUELHH
2024-02-07T07:00:00Z,Biomass,3183.000,Elexon BMRS FUELHH
2024-02-07T07:00:00Z,Coal,1057.000,Elexon BMRS FUELHH
2024-02-07T07:00:00Z,Gas,18052.000,Elexon BMRS FUELHH
2024-02-07T07:00:00Z,Hydro,891.000,Elexon BMRS FUELHH
2024-02-07T07:00:00Z,Imports & Exports,4332.000,Elexon BMRS FUELHH
2024-02-07T07:00:00Z,Nuclear,3784.000,Elexon BMRS FUELHH
2024-02-07T07:00:00Z,Other,285.000,Elexon BMRS FUELHH
2024-02-07T07:00:00Z,Pumped Storage,304.000,Elexon BMRS FUELHH
2024-02-07T07:00:00Z,Wind,3141.000,Elexon BMRS FUELHH
2024-02-07T07:30:00Z,Biomass,3184.000,Elexon BMRS FUELHH
2024-02-07T07:30:00Z,Coal,1194.000,Elexon BMRS FUELHH
2024-02-07T07:30:00Z,Gas,19269.000,Elexon BMRS FUELHH
2024-02-07T07:30:00Z,Hydro,922.000,Elexon BMRS FUELHH
2024-02-07T07:30:00Z,Imports & Exports,4440.000,Elexon BMRS FUELHH
2024-02-07T07:30:00Z,Nuclear,3782.000,Elexon BMRS FUELHH
2024-02-07T07:30:00Z,Other,306.000,Elexon BMRS FUELHH
2024-02-07T07:30:00Z,Pumped Storage,512.000,Elexon BMRS FUELHH
2024-02-07T07:30:00Z,Wind,2834.000,Elexon BMRS FUELHH
2024-02-07T08:00:00Z,Biomass,3181.000,Elexon BMRS FUELHH
2024-02-07T08:00:00Z,Coal,1269.000,Elexon BMRS FUELHH
2024-02-07T08:00:00Z,Gas,19597.000,Elexon BMRS FUELHH
2024-02-07T08:00:00Z,Hydro,936.000,Elexon BMRS FUELHH
2024-02-07T08:00:00Z,Imports & Exports,5308.000,Elexon BMRS FUELHH
2024-02-07T08:00:00Z,Nuclear,3785.000,Elexon BMRS FUELHH
2024-02-07T08:00:00Z,Other,342.000,Elexon BMRS FUELHH
2024-02-07T08:00:00Z,Pumped Storage,360.000,Elexon BMRS FUELHH
2024-02-07T08:00:00Z,Wind,2666.000,Elexon BMRS FUELHH
2024-02-07T08:30:00Z,Biomass,3175.000,Elexon BMRS FUELHH
2024-02-07T08:30:00Z,Coal,1275.000,Elexon BMRS FUELHH
2024-02-07T08:30:00Z,Gas,19775.000,Elexon BMRS FUELHH
2024-02-07T08:30:00Z,Hydro,958.000,Elexon BMRS FUELHH
2024-02-07T08:30:00Z,Imports & Exports,5362.000,Elexon BMRS FUELHH
2024-02-07T08:30:00Z,Nuclear,3783.000,Elexon BMRS FUELHH
2024-02-07T08:30:00Z,Other,302.000,Elexon BMRS FUELHH
2024-02-07T08:30:00Z,Pumped Storage,432.000,Elexon BMRS FUELHH
2024-02-07T08:30:00Z,Wind,2616.000,Elexon BMRS FUELHH
2024-02-07T09:00:00Z,Biomass,3172.000,Elexon BMRS FUELHH
2024-02-07T09:00:00Z,Coal,1287.000,Elexon BMRS FUELHH
2024-02-07T09:00:00Z,Gas,19733.000,Elexon BMRS FUELHH
2024-02-07T09:00:00Z,Hydro,899.000,Elexon BMRS FUELHH
2024-02-07T09:00:00Z,Imports & Exports,5452.000,Elexon BMRS FUELHH
2024-02-07T09:00:00Z,Nuclear,3781.000,Elexon BMRS FUELHH
2024-02-07T09:00:00Z,Other,305.000,Elexon BMRS FUELHH
2024-02-07T09:00:00Z,Pumped Storage,480.000,Elexon BMRS FUELHH
2024-02-07T09:00:00Z,Wind,2834.000,Elexon BMRS FUELHH
2024-02-07T09:30:00Z,Biomass,3180.000,Elexon BMRS FUELHH
2024-02-07T09:30:00Z,Coal,1302.000,Elexon BMRS FUELHH
2024-02-07T09:30:00Z,Gas,19951.000,Elexon BMRS FUELHH
2024-02-07T09:30:00Z,Hydro,981.000,Elexon BMRS FUELHH
2024-02-07T09:30:00Z,Imports & Exports,5454.000,Elexon BMRS FUELHH
2024-02-07T09:30:00Z,Nuclear,3776.000,Elexon BMRS FUELHH
2024-02-07T09:30:00Z,Other,352.000,Elexon BMRS FUELHH
2024-02-07T09:30:00Z,Pumped Storage,416.000,Elexon BMRS FUELHH
2024-02-07T09:30:00Z,Wind,2375.000,Elexon BMRS FUELHH
2024-02-07T10:00:00Z,Biomass,3171.000,Elexon BMRS FUELHH
2024-02-07T10:00:00Z,Coal,1308.000,Elexon BMRS FUELHH
2024-02-07T10:00:00Z,Gas,20092.000,Elexon BMRS FUELHH
2024-02-07T10:00:00Z,Hydro,996.000,Elexon BMRS FUELHH
2024-02-07T10:00:00Z,Imports & Exports,5382.000,Elexon BMRS FUELHH
2024-02-07T10:00:00Z,Nuclear,3773.000,Elexon BMRS FUELHH
2024-02-07T10:00:00Z,Other,249.000,Elexon BMRS FUELHH
2024-02-07T10:00:00Z,Pumped Storage,404.000,Elexon BMRS FUELHH
2024-02-07T10:00:00Z,Wind,2389.000,Elexon BMRS FUELHH
2024-02-07T10:30:00Z,Biomass,3165.000,Elexon BMRS FUELHH
2024-02-07T10:30:00Z,Coal,1312.000,Elexon BMRS FUELHH
2024-02-07T10:30:00Z,Gas,20243.000,Elexon BMRS FUELHH
2024-02-07T10:30:00Z,Hydro,905.000,Elexon BMRS FUELHH
2024-02-07T10:30:00Z,Imports & Exports,5340.000,Elexon BMRS FUELHH
2024-02-07T10:30:00Z,Nuclear,3776.000,Elexon BMRS FUELHH
2024-02-07T10:30:00Z,Other,189.000,Elexon BMRS FUELHH
2024-02-07T10:30:00Z,Pumped Storage,106.000,Elexon BMRS FUELHH
2024-02-07T10:30:00Z,Wind,2505.000,Elexon BMRS FUELHH
2024-02-07T11:00:00Z,Biomass,3171.000,Elexon BMRS FUELHH
2024-02-07T11:00:00Z,Coal,1325.000,Elexon BMRS FUELHH
2024-02-07T11:00:00Z,Gas,20251.000,Elexon BMRS FUELHH
2024-02-07T11:00:00Z,Hydro,783.000,Elexon BMRS FUELHH
2024-02-07T11:00:00Z,Imports & Exports,4988.000,Elexon BMRS FUELHH
2024-02-07T11:00:00Z,Nuclear,3772.000,Elexon BMRS FUELHH
2024-02-07T11:00:00Z,Other,199.000,Elexon BMRS FUELHH
2024-02-07T11:00:00Z,Pumped Storage,338.000,Elexon BMRS FUELHH
2024-02-07T11:00:00Z,Wind,2356.000,Elexon BMRS FUELHH
2024-02-07T11:30:00Z,Biomass,3176.000,Elexon BMRS FUELHH
2024-02-07T11:30:00Z,Coal,1289.000,Elexon BMRS FUELHH
2024-02-07T11:30:00Z,Gas,20135.000,Elexon BMRS FUELHH
2024-02-07T11:30:00Z,Hydro,824.000,Elexon BMRS FUELHH
2024-02-07T11:30:00Z,Imports & Exports,4928.000,Elexon BMRS FUELHH
2024-02-07T11:30:00Z,Nuclear,3774.000,Elexon BMRS FUELHH
2024-02-07T11:30:00Z,Other,194.000,Elexon BMRS FUELHH
2024-02-07T11:30:00Z,Pumped Storage,222.000,Elexon BMRS FUELHH
2024-02-07T11:30:00Z,Wind,2576.000,Elexon BMRS FUELHH
2024-02-07T12:00:00Z,Biomass,3178.000,Elexon BMRS FUELHH
2024-02-07T12:00:00Z,Coal,1331.000,Elexon BMRS FUELHH
2024-02-07T12:00:00Z,Gas,20132.000,Elexon BMRS FUELHH
2024-02-07T12:00:00Z,Hydro,755.000,Elexon BMRS FUELHH
2024-02-07T12:00:00Z,Imports & Exports,4662.000,Elexon BMRS FUELHH
2024-02-07T12:00:00Z,Nuclear,3775.000,Elexon BMRS FUELHH
2024-02-07T12:00:00Z,Other,206.000,Elexon BMRS FUELHH
2024-02-07T12:00:00Z,Pumped Storage,408.000,Elexon BMRS FUELHH
2024-02-07T12:00:00Z,Wind,2580.000,Elexon BMRS FUELHH
2024-02-07T12:30:00Z,Biomass,3181.000,Elexon BMRS FUELHH
2024-02-07T12:30:00Z,Coal,1348.000,Elexon BMRS FUELHH
2024-02-07T12:30:00Z,Gas,20304.000,Elexon BMRS FUELHH
2024-02-07T12:30:00Z,Hydro,671.000,Elexon BMRS FUELHH
2024-02-07T12:30:00Z,Imports & Exports,4628.000,Elexon BMRS FUELHH
2024-02-07T12:30:00Z,Nuclear,3777.000,Elexon BMRS FUELHH
2024-02-07T12:30:00Z,Other,274.000,Elexon BMRS FUELHH
2024-02-07T12:30:00Z,Pumped Storage,146.000,Elexon BMRS FUELHH
2024-02-07T12:30:00Z,Wind,2622.000,Elexon BMRS FUELHH
2024-02-07T13:00:00Z,Biomass,3183.000,Elexon BMRS FUELHH
2024-02-07T13:00:00Z,Coal,1362.000,Elexon BMRS FUELHH
2024-02-07T13:00:00Z,Gas,20013.000,Elexon BMRS FUELHH
2024-02-07T13:00:00Z,Hydro,654.000,Elexon BMRS FUELHH
2024-02-07T13:00:00Z,Imports & Exports,4550.000,Elexon BMRS FUELHH
2024-02-07T13:00:00Z,Nuclear,3772.000,Elexon BMRS FUELHH
2024-02-07T13:00:00Z,Other,229.000,Elexon BMRS FUELHH
2024-02-07T13:00:00Z,Pumped Storage,108.000,Elexon BMRS FUELHH
2024-02-07T13:00:00Z,Wind,2638.000,Elexon BMRS FUELHH
2024-02-07T13:30:00Z,Biomass,3166.000,Elexon BMRS FUELHH
2024-02-07T13:30:00Z,Coal,1357.000,Elexon BMRS FUELHH
2024-02-07T13:30:00Z,Gas,19409.000,Elexon BMRS FUELHH
2024-02-07T13:30:00Z,Hydro,774.000,Elexon BMRS FUELHH
2024-02-07T13:30:00Z,Imports & Exports,4518.000,Elexon BMRS FUELHH
2024-02-07T13:30:00Z,Nuclear,3780.000,Elexon BMRS FUELHH
2024-02-07T13:30:00Z,Other,283.000,Elexon BMRS FUELHH
2024-02-07T13:30:00Z,Pumped Storage,-10.000,Elexon BMRS FUELHH
2024-02-07T13:30:00Z,Wind,2513.000,Elexon BMRS FUELHH
2024-02-07T14:00:00Z,Biomass,3173.000,Elexon BMRS FUELHH
2024-02-07T14:00:00Z,Coal,1359.000,Elexon BMRS FUELHH
2024-02-07T14:00:00Z,Gas,19801.000,Elexon BMRS FUELHH
2024-02-07T14:00:00Z,Hydro,762.000,Elexon BMRS FUELHH
2024-02-07T14:00:00Z,Imports & Exports,4162.000,Elexon BMRS FUELHH
2024-02-07T14:00:00Z,Nuclear,3782.000,Elexon BMRS FUELHH
2024-02-07T14:00:00Z,Other,254.000,Elexon BMRS FUELHH
2024-02-07T14:00:00Z,Pumped Storage,108.000,Elexon BMRS FUELHH
2024-02-07T14:00:00Z,Wind,2768.000,Elexon BMRS FUELHH
2024-02-07T14:30:00Z,Biomass,3176.000,Elexon BMRS FUELHH
2024-02-07T14:30:00Z,Coal,1359.000,Elexon BMRS FUELHH
2024-02-07T14:30:00Z,Gas,20214.000,Elexon BMRS FUELHH
2024-02-07T14:30:00Z,Hydro,849.000,Elexon BMRS FUELHH
2024-02-07T14:30:00Z,Imports & Exports,4122.000,Elexon BMRS FUELHH
2024-02-07T14:30:00Z,Nuclear,3787.000,Elexon BMRS FUELHH
2024-02-07T14:30:00Z,Other,181.000,Elexon BMRS FUELHH
2024-02-07T14:30:00Z,Pumped Storage,256.000,Elexon BMRS FUELHH
2024-02-07T14:30:00Z,Wind,2798.000,Elexon BMRS FUELHH
2024-02-07T15:00:00Z,Biomass,3175.000,Elexon BMRS FUELHH
2024-02-07T15:00:00Z,Coal,1361.000,Elexon BMRS FUELHH
2024-02-07T15:00:00Z,Gas,20202.000,Elexon BMRS FUELHH
2024-02-07T15:00:00Z,Hydro,907.000,Elexon BMRS FUELHH
2024-02-07T15:00:00Z,Imports & Exports,3666.000,Elexon BMRS FUELHH
2024-02-07T15:00:00Z,Nuclear,3790.000,Elexon BMRS FUELHH
2024-02-07T15:00:00Z,Other,185.000,Elexon BMRS FUELHH
2024-02-07T15:00:00Z,Pumped Storage,966.000,Elexon BMRS FUELHH
2024-02-07T15:00:00Z,Wind,2822.000,Elexon BMRS FUELHH
2024-02-07T15:30:00Z,Biomass,3185.000,Elexon BMRS FUELHH
2024-02-07T15:30:00Z,Coal,1361.000,Elexon BMRS FUELHH
2024-02-07T15:30:00Z,Gas,20479.000,Elexon BMRS FUELHH
2024-02-07T15:30:00Z,Hydro,924.000,Elexon BMRS FUELHH
2024-02-07T15:30:00Z,Imports & Exports,3650.000,Elexon BMRS FUELHH
2024-02-07T15:30:00Z,Nuclear,3783.000,Elexon BMRS FUELHH
2024-02-07T15:30:00Z,Other,316.000,Elexon BMRS FUELHH
2024-02-07T15:30:00Z,Pumped Storage,1734.000,Elexon BMRS FUELHH
2024-02-07T15:30:00Z,Wind,2733.000,Elexon BMRS FUELHH
2024-02-07T16:00:00Z,Biomass,3180.000,Elexon BMRS FUELHH
2024-02-07T16:00:00Z,Coal,1361.000,Elexon BMRS FUELHH
2024-02-07T16:00:00Z,Gas,20733.000,Elexon BMRS FUELHH
2024-02-07T16:00:00Z,Hydro,932.000,Elexon BMRS FUELHH
2024-02-07T16:00:00Z,Imports & Exports,3588.000,Elexon BMRS FUELHH
2024-02-07T16:00:00Z,Nuclear,3791.000,Elexon BMRS FUELHH
2024-02-07T16:00:00Z,Other,620.000,Elexon BMRS FUELHH
2024-02-07T16:00:00Z,Pumped Storage,1534.000,Elexon BMRS FUELHH
2024-02-07T16:00:00Z,Wind,2668.000,Elexon BMRS FUELHH
2024-02-07T16:30:00Z,Biomass,3180.000,Elexon BMRS FUELHH
2024-02-07T16:30:00Z,Coal,1232.000,Elexon BMRS FUELHH
2024-02-07T16:30:00Z,Gas,21133.000,Elexon BMRS FUELHH
2024-02-07T16:30:00Z,Hydro,933.000,Elexon BMRS FUELHH
2024-02-07T16:30:00Z,Imports & Exports,3654.000,Elexon BMRS FUELHH
2024-02-07T16:30:00Z,Nuclear,3782.000,Elexon BMRS FUELHH
2024-02-07T16:30:00Z,Other,1223.000,Elexon BMRS FUELHH
2024-02-07T16:30:00Z,Pumped Storage,1608.000,Elexon BMRS FUELHH
2024-02-07T16:30:00Z,Wind,2645.000,Elexon BMRS FUELHH
2024-02-07T17:00:00Z,Biomass,3179.000,Elexon BMRS FUELHH
2024-02-07T17:00:00Z,Coal,1196.000,Elexon BMRS FUELHH
2024-02-07T17:00:00Z,Gas,21525.000,Elexon BMRS FUELHH
2024-02-07T17:00:00Z,Hydro,967.000,Elexon BMRS FUELHH
2024-02-07T17:00:00Z,Imports & Exports,4260.000,Elexon BMRS FUELHH
2024-02-07T17:00:00Z,Nuclear,3789.000,Elexon BMRS FUELHH
2024-02-07T17:00:00Z,Other,1863.000,Elexon BMRS FUELHH
2024-02-07T17:00:00Z,Pumped Storage,1650.000,Elexon BMRS FUELHH
2024-02-07T17:00:00Z,Wind,2662.000,Elexon BMRS FUELHH
2024-02-07T17:30:00Z,Biomass,3171.000,Elexon BMRS FUELHH
2024-02-07T17:30:00Z,Coal,1328.000,Elexon BMRS FUELHH
2024-02-07T17:30:00Z,Gas,22067.000,Elexon BMRS FUELHH
2024-02-07T17:30:00Z,Hydro,967.000,Elexon BMRS FUELHH
2024-02-07T17:30:00Z,Imports & Exports,4310.000,Elexon BMRS FUELHH
2024-02-07T17:30:00Z,Nuclear,3793.000,Elexon BMRS FUELHH
2024-02-07T17:30:00Z,Other,1997.000,Elexon BMRS FUELHH
2024-02-07T17:30:00Z,Pumped Storage,1628.000,Elexon BMRS FUELHH
2024-02-07T17:30:00Z,Wind,2422.000,Elexon BMRS FUELHH
2024-02-07T18:00:00Z,Biomass,3180.000,Elexon BMRS FUELHH
2024-02-07T18:00:00Z,Coal,1359.000,Elexon BMRS FUELHH
2024-02-07T18:00:00Z,Gas,22796.000,Elexon BMRS FUELHH
2024-02-07T18:00:00Z,Hydro,967.000,Elexon BMRS FUELHH
2024-02-07T18:00:00Z,Imports & Exports,3928.000,Elexon BMRS FUELHH
2024-02-07T18:00:00Z,Nuclear,3782.000,Elexon BMRS FUELHH
2024-02-07T18:00:00Z,Other,1526.000,Elexon BMRS FUELHH
2024-02-07T18:00:00Z,Pumped Storage,1838.000,Elexon BMRS FUELHH
2024-02-07T18:00:00Z,Wind,1988.000,Elexon BMRS FUELHH
2024-02-07T18:30:00Z,Biomass,3170.000,Elexon BMRS FUELHH
2024-02-07T18:30:00Z,Coal,1358.000,Elexon BMRS FUELHH
2024-02-07T18:30:00Z,Gas,23052.000,Elexon BMRS FUELHH
2024-02-07T18:30:00Z,Hydro,1048.000,Elexon BMRS FUELHH
2024-02-07T18:30:00Z,Imports & Exports,3944.000,Elexon BMRS FUELHH
2024-02-07T18:30:00Z,Nuclear,3784.000,Elexon BMRS FUELHH
2024-02-07T18:30:00Z,Other,1041.000,Elexon BMRS FUELHH
2024-02-07T18:30:00Z,Pumped Storage,1818.000,Elexon BMRS FUELHH
2024-02-07T18:30:00Z,Wind,1863.000,Elexon BMRS FUELHH
2024-02-07T19:00:00Z,Biomass,3181.000,Elexon BMRS FUELHH
2024-02-07T19:00:00Z,Coal,1360.000,Elexon BMRS FUELHH
2024-02-07T19:00:00Z,Gas,22327.000,Elexon BMRS FUELHH
2024-02-07T19:00:00Z,Hydro,1036.000,Elexon BMRS FUELHH
2024-02-07T19:00:00Z,Imports & Exports,5322.000,Elexon BMRS FUELHH
2024-02-07T19:00:00Z,Nuclear,3777.000,Elexon BMRS FUELHH
2024-02-07T19:00:00Z,Other,782.000,Elexon BMRS FUELHH
2024-02-07T19:00:00Z,Pumped Storage,1432.000,Elexon BMRS FUELHH
2024-02-07T19:00:00Z,Wind,1872.000,Elexon BMRS FUELHH
2024-02-07T19:30:00Z,Biomass,3181.000,Elexon BMRS FUELHH
2024-02-07T19:30:00Z,Coal,1356.000,Elexon BMRS FUELHH
2024-02-07T19:30:00Z,Gas,22097.000,Elexon BMRS FUELHH
2024-02-07T19:30:00Z,Hydro,1012.000,Elexon BMRS FUELHH
2024-02-07T19:30:00Z,Imports & Exports,5388.000,Elexon BMRS FUELHH
2024-02-07T19:30:00Z,Nuclear,3782.000,Elexon BMRS FUELHH
2024-02-07T19:30:00Z,Other,448.000,Elexon BMRS FUELHH
2024-02-07T19:30:00Z,Pumped Storage,758.000,Elexon BMRS FUELHH
2024-02-07T19:30:00Z,Wind,2041.000,Elexon BMRS FUELHH
2024-02-07T20:00:00Z,Biomass,3181.000,Elexon BMRS FUELHH
2024-02-07T20:00:00Z,Coal,1358.000,Elexon BMRS FUELHH
2024-02-07T20:00:00Z,Gas,21827.000,Elexon BMRS FUELHH
2024-02-07T20:00:00Z,Hydro,1011.000,Elexon BMRS FUELHH
2024-02-07T20:00:00Z,Imports & Exports,5146.000,Elexon BMRS FUELHH
2024-02-07T20:00:00Z,Nuclear,3779.000,Elexon BMRS FUELHH
2024-02-07T20:00:00Z,Other,315.000,Elexon BMRS FUELHH
2024-02-07T20:00:00Z,Pumped Storage,486.000,Elexon BMRS FUELHH
2024-02-07T20:00:00Z,Wind,1922.000,Elexon BMRS FUELHH
2024-02-07T20:30:00Z,Biomass,3177.000,Elexon BMRS FUELHH
2024-02-07T20:30:00Z,Coal,1357.000,Elexon BMRS FUELHH
2024-02-07T20:30:00Z,Gas,21064.000,Elexon BMRS FUELHH
2024-02-07T20:30:00Z,Hydro,999.000,Elexon BMRS FUELHH
2024-02-07T20:30:00Z,Imports & Exports,5128.000,Elexon BMRS FUELHH
2024-02-07T20:30:00Z,Nuclear,3779.000,Elexon BMRS FUELHH
2024-02-07T20:30:00Z,Other,276.000,Elexon BMRS FUELHH
2024-02-07T20:30:00Z,Pumped Storage,-8.000,Elexon BMRS FUELHH
2024-02-07T20:30:00Z,Wind,1623.000,Elexon BMRS FUELHH
2024-02-07T21:00:00Z,Biomass,3180.000,Elexon BMRS FUELHH
2024-02-07T21:00:00Z,Coal,1360.000,Elexon BMRS FUELHH
2024-02-07T21:00:00Z,Gas,19627.000,Elexon BMRS FUELHH
2024-02-07T21:00:00Z,Hydro,803.000,Elexon BMRS FUELHH
2024-02-07T21:00:00Z,Imports & Exports,4800.000,Elexon BMRS FUELHH
2024-02-07T21:00:00Z,Nuclear,3776.000,Elexon BMRS FUELHH
2024-02-07T21:00:00Z,Other,257.000,Elexon BMRS FUELHH
2024-02-07T21:00:00Z,Pumped Storage,-14.000,Elexon BMRS FUELHH
2024-02-07T21:00:00Z,Wind,1621.000,Elexon BMRS FUELHH
2024-02-07T21:30:00Z,Biomass,3180.000,Elexon BMRS FUELHH
2024-02-07T21:30:00Z,Coal,1361.000,Elexon BMRS FUELHH
2024-02-07T21:30:00Z,Gas,17747.000,Elexon BMRS FUELHH
2024-02-07T21:30:00Z,Hydro,800.000,Elexon BMRS FUELHH
2024-02-07T21:30:00Z,Imports & Exports,4856.000,Elexon BMRS FUELHH
2024-02-07T21:30:00Z,Nuclear,3772.000,Elexon BMRS FUELHH
2024-02-07T21:30:00Z,Other,382.000,Elexon BMRS FUELHH
2024-02-07T21:30:00Z,Pumped Storage,30.000,Elexon BMRS FUELHH
2024-02-07T21:30:00Z,Wind,1215.000,Elexon BMRS FUELHH
2024-02-07T22:00:00Z,Biomass,3174.000,Elexon BMRS FUELHH
2024-02-07T22:00:00Z,Coal,1357.000,Elexon BMRS FUELHH
2024-02-07T22:00:00Z,Gas,15831.000,Elexon BMRS FUELHH
2024-02-07T22:00:00Z,Hydro,767.000,Elexon BMRS FUELHH
2024-02-07T22:00:00Z,Imports & Exports,5362.000,Elexon BMRS FUELHH
2024-02-07T22:00:00Z,Nuclear,3780.000,Elexon BMRS FUELHH
2024-02-07T22:00:00Z,Other,319.000,Elexon BMRS FUELHH
2024-02-07T22:00:00Z,Pumped Storage,134.000,Elexon BMRS FUELHH
2024-02-07T22:00:00Z,Wind,1048.000,Elexon BMRS FUELHH
2024-02-07T22:30:00Z,Biomass,3178.000,Elexon BMRS FUELHH
2024-02-07T22:30:00Z,Coal,1359.000,Elexon BMRS FUELHH
2024-02-07T22:30:00Z,Gas,14500.000,Elexon BMRS FUELHH
2024-02-07T22:30:00Z,Hydro,761.000,Elexon BMRS FUELHH
2024-02-07T22:30:00Z,Imports & Exports,5332.000,Elexon BMRS FUELHH
2024-02-07T22:30:00Z,Nuclear,3784.000,Elexon BMRS FUELHH
2024-02-07T22:30:00Z,Other,253.000,Elexon BMRS FUELHH
2024-02-07T22:30:00Z,Pumped Storage,-18.000,Elexon BMRS FUELHH
2024-02-07T22:30:00Z,Wind,1135.000,Elexon BMRS FUELHH
2024-02-07T23:00:00Z,Biomass,3180.000,Elexon BMRS FUELHH
2024-02-07T23:00:00Z,Coal,1361.000,Elexon BMRS FUELHH
2024-02-07T23:00:00Z,Gas,13379.000,Elexon BMRS FUELHH
2024-02-07T23:00:00Z,Hydro,599.000,Elexon BMRS FUELHH
2024-02-07T23:00:00Z,Imports & Exports,4776.000,Elexon BMRS FUELHH
2024-02-07T23:00:00Z,Nuclear,3786.000,Elexon BMRS FUELHH
2024-02-07T23:00:00Z,Other,240.000,Elexon BMRS FUELHH
2024-02-07T23:00:00Z,Pumped Storage,-26.000,Elexon BMRS FUELHH
2024-02-07T23:00:00Z,Wind,1121.000,Elexon BMRS FUELHH
2024-02-07T23:30:00Z,Biomass,3176.000,Elexon BMRS FUELHH
2024-02-07T23:30:00Z,Coal,1356.000,Elexon BMRS FUELHH
2024-02-07T23:30:00Z,Gas,12248.000,Elexon BMRS FUELHH
2024-02-07T23:30:00Z,Hydro,593.000,Elexon BMRS FUELHH
2024-02-07T23:30:00Z,Imports & Exports,4906.000,Elexon BMRS FUELHH
2024-02-07T23:30:00Z,Nuclear,3788.000,Elexon BMRS FUELHH
2024-02-07T23:30:00Z,Other,235.000,Elexon BMRS FUELHH
2024-02-07T23:30:00Z,Pumped Storage,-24.000,Elexon BMRS FUELHH
2024-02-07T23:30:00Z,Wind,1119.000,Elexon BMRS FUELHH
2024-02-08T00:00:00Z,Biomass,3169.000,Elexon BMRS FUELHH
2024-02-08T00:00:00Z,Coal,1227.000,Elexon BMRS FUELHH
2024-02-08T00:00:00Z,Gas,11468.000,Elexon BMRS FUELHH
2024-02-08T00:00:00Z,Hydro,566.000,Elexon BMRS FUELHH
2024-02-08T00:00:00Z,Imports & Exports,5658.000,Elexon BMRS FUELHH
2024-02-08T00:00:00Z,Nuclear,3789.000,Elexon BMRS FUELHH
2024-02-08T00:00:00Z,Other,237.000,Elexon BMRS FUELHH
2024-02-08T00:00:00Z,Pumped Storage,-42.000,Elexon BMRS FUELHH
2024-02-08T00:00:00Z,Wind,1213.000,Elexon BMRS FUELHH
2024-02-08T00:30:00Z,Biomass,3175.000,Elexon BMRS FUELHH
2024-02-08T00:30:00Z,Coal,1230.000,Elexon BMRS FUELHH
2024-02-08T00:30:00Z,Gas,11919.000,Elexon BMRS FUELHH
2024-02-08T00:30:00Z,Hydro,563.000,Elexon BMRS FUELHH
2024-02-08T00:30:00Z,Imports & Exports,5854.000,Elexon BMRS FUELHH
2024-02-08T00:30:00Z,Nuclear,3786.000,Elexon BMRS FUELHH
2024-02-08T00:30:00Z,Other,256.000,Elexon BMRS FUELHH
2024-02-08T00:30:00Z,Pumped Storage,-236.000,Elexon BMRS FUELHH
2024-02-08T00:30:00Z,Wind,1215.000,Elexon BMRS FUELHH
2024-02-08T01:00:00Z,Biomass,3171.000,Elexon BMRS FUELHH
2024-02-08T01:00:00Z,Coal,1238.000,Elexon BMRS FUELHH
2024-02-08T01:00:00Z,Gas,11891.000,Elexon BMRS FUELHH
2024-02-08T01:00:00Z,Hydro,548.000,Elexon BMRS FUELHH
2024-02-08T01:00:00Z,Imports & Exports,5836.000,Elexon BMRS FUELHH
2024-02-08T01:00:00Z,Nuclear,3792.000,Elexon BMRS FUELHH
2024-02-08T01:00:00Z,Other,245.000,Elexon BMRS FUELHH
2024-02-08T01:00:00Z,Pumped Storage,-894.000,Elexon BMRS FUELHH
2024-02-08T01:00:00Z,Wind,1376.000,Elexon BMRS FUELHH
2024-02-08T01:30:00Z,Biomass,3179.000,Elexon BMRS FUELHH
2024-02-08T01:30:00Z,Coal,1022.000,Elexon BMRS FUELHH
2024-02-08T01:30:00Z,Gas,11222.000,Elexon BMRS FUELHH
2024-02-08T01:30:00Z,Hydro,547.000,Elexon BMRS FUELHH
2024-02-08T01:30:00Z,Imports & Exports,5960.000,Elexon BMRS FUELHH
2024-02-08T01:30:00Z,Nuclear,3789.000,Elexon BMRS FUELHH
2024-02-08T01:30:00Z,Other,250.000,Elexon BMRS FUELHH
2024-02-08T01:30:00Z,Pumped Storage,-1196.000,Elexon BMRS FUELHH
2024-02-08T01:30:00Z,Wind,1597.000,Elexon BMRS FUELHH
2024-02-08T02:00:00Z,Biomass,3178.000,Elexon BMRS FUELHH
2024-02-08T02:00:00Z,Coal,1014.000,Elexon BMRS FUELHH
2024-02-08T02:00:00Z,Gas,11333.000,Elexon BMRS FUELHH
2024-02-08T02:00:00Z,Hydro,547.000,Elexon BMRS FUELHH
2024-02-08T02:00:00Z,Imports & Exports,5288.000,Elexon BMRS FUELHH
2024-02-08T02:00:00Z,Nuclear,3791.000,Elexon BMRS FUELHH
2024-02-08T02:00:00Z,Other,247.000,Elexon BMRS FUELHH
2024-02-08T02:00:00Z,Pumped Storage,-1498.000,Elexon BMRS FUELHH
2024-02-08T02:00:00Z,Wind,1890.000,Elexon BMRS FUELHH
2024-02-08T02:30:00Z,Biomass,3184.000,Elexon BMRS FUELHH
2024-02-08T02:30:00Z,Coal,1068.000,Elexon BMRS FUELHH
2024-02-08T02:30:00Z,Gas,10793.000,Elexon BMRS FUELHH
2024-02-08T02:30:00Z,Hydro,527.000,Elexon BMRS FUELHH
2024-02-08T02:30:00Z,Imports & Exports,5248.000,Elexon BMRS FUELHH
2024-02-08T02:30:00Z,Nuclear,3785.000,Elexon BMRS FUELHH
2024-02-08T02:30:00Z,Other,292.000,Elexon BMRS FUELHH
2024-02-08T02:30:00Z,Pumped Storage,-1478.000,Elexon BMRS FUELHH
2024-02-08T02:30:00Z,Wind,2000.000,Elexon BMRS FUELHH
2024-02-08T03:00:00Z,Biomass,3179.000,Elexon BMRS FUELHH
2024-02-08T03:00:00Z,Coal,1343.000,Elexon BMRS FUELHH
2024-02-08T03:00:00Z,Gas,10755.000,Elexon BMRS FUELHH
2024-02-08T03:00:00Z,Hydro,525.000,Elexon BMRS FUELHH
2024-02-08T03:00:00Z,Imports & Exports,4420.000,Elexon BMRS FUELHH
2024-02-08T03:00:00Z,Nuclear,3785.000,Elexon BMRS FUELHH
2024-02-08T03:00:00Z,Other,245.000,Elexon BMRS FUELHH
2024-02-08T03:00:00Z,Pumped Storage,-1484.000,Elexon BMRS FUELHH
2024-02-08T03:00:00Z,Wind,2367.000,Elexon BMRS FUELHH
2024-02-08T03:30:00Z,Biomass,3161.000,Elexon BMRS FUELHH
2024-02-08T03:30:00Z,Coal,1081.000,Elexon BMRS FUELHH
2024-02-08T03:30:00Z,Gas,10167.000,Elexon BMRS FUELHH
2024-02-08T03:30:00Z,Hydro,543.000,Elexon BMRS FUELHH
2024-02-08T03:30:00Z,Imports & Exports,4366.000,Elexon BMRS FUELHH
2024-02-08T03:30:00Z,Nuclear,3785.000,Elexon BMRS FUELHH
2024-02-08T03:30:00Z,Other,236.000,Elexon BMRS FUELHH
2024-02-08T03:30:00Z,Pumped Storage,-1478.000,Elexon BMRS FUELHH
2024-02-08T03:30:00Z,Wind,2932.000,Elexon BMRS FUELHH
2024-02-08T04:00:00Z,Biomass,3184.000,Elexon BMRS FUELHH
2024-02-08T04:00:00Z,Coal,1066.000,Elexon BMRS FUELHH
2024-02-08T04:00:00Z,Gas,10051.000,Elexon BMRS FUELHH
2024-02-08T04:00:00Z,Hydro,558.000,Elexon BMRS FUELHH
2024-02-08T04:00:00Z,Imports & Exports,3414.000,Elexon BMRS FUELHH
2024-02-08T04:00:00Z,Nuclear,3780.000,Elexon BMRS FUELHH
2024-02-08T04:00:00Z,Other,237.000,Elexon BMRS FUELHH
2024-02-08T04:00:00Z,Pumped Storage,-1452.000,Elexon BMRS FUELHH
2024-02-08T04:00:00Z,Wind,3366.000,Elexon BMRS FUELHH
2024-02-08T04:30:00Z,Biomass,3180.000,Elexon BMRS FUELHH
2024-02-08T04:30:00Z,Coal,1158.000,Elexon BMRS FUELHH
2024-02-08T04:30:00Z,Gas,9753.000,Elexon BMRS FUELHH
2024-02-08T04:30:00Z,Hydro,560.000,Elexon BMRS FUELHH
2024-02-08T04:30:00Z,Imports & Exports,3330.000,Elexon BMRS FUELHH
2024-02-08T04:30:00Z,Nuclear,3781.000,Elexon BMRS FUELHH
2024-02-08T04:30:00Z,Other,238.000,Elexon BMRS FUELHH
2024-02-08T04:30:00Z,Pumped Storage,-1450.000,Elexon BMRS FUELHH
2024-02-08T04:30:00Z,Wind,3824.000,Elexon BMRS FUELHH
2024-02-08T05:00:00Z,Biomass,3181.000,Elexon BMRS FUELHH
2024-02-08T05:00:00Z,Coal,1157.000,Elexon BMRS FUELHH
2024-02-08T05:00:00Z,Gas,11001.000,Elexon BMRS FUELHH
2024-02-08T05:00:00Z,Hydro,575.000,Elexon BMRS FUELHH
2024-02-08T05:00:00Z,Imports & Exports,1690.000,Elexon BMRS FUELHH
2024-02-08T05:00:00Z,Nuclear,3781.000,Elexon BMRS FUELHH
2024-02-08T05:00:00Z,Other,267.000,Elexon BMRS FUELHH
2024-02-08T05:00:00Z,Pumped Storage,-1442.000,Elexon BMRS FUELHH
2024-02-08T05:00:00Z,Wind,4424.000,Elexon BMRS FUELHH
2024-02-08T05:30:00Z,Biomass,3184.000,Elexon BMRS FUELHH
2024-02-08T05:30:00Z,Coal,903.000,Elexon BMRS FUELHH
2024-02-08T05:30:00Z,Gas,11491.000,Elexon BMRS FUELHH
2024-02-08T05:30:00Z,Hydro,577.000,Elexon BMRS FUELHH
2024-02-08T05:30:00Z,Imports & Exports,1516.000,Elexon BMRS FUELHH
2024-02-08T05:30:00Z,Nuclear,3770.000,Elexon BMRS FUELHH
2024-02-08T05:30:00Z,Other,300.000,Elexon BMRS FUELHH
2024-02-08T05:30:00Z,Pumped Storage,-1204.000,Elexon BMRS FUELHH
2024-02-08T05:30:00Z,Wind,4976.000,Elexon BMRS FUELHH
2024-02-08T06:00:00Z,Biomass,3180.000,Elexon BMRS FUELHH
2024-02-08T06:00:00Z,Coal,1060.000,Elexon BMRS FUELHH
2024-02-08T06:00:00Z,Gas,13737.000,Elexon BMRS FUELHH
2024-02-08T06:00:00Z,Hydro,611.000,Elexon BMRS FUELHH
2024-02-08T06:00:00Z,Imports & Exports,92.000,Elexon BMRS FUELHH
2024-02-08T06:00:00Z,Nuclear,3773.000,Elexon BMRS FUELHH
2024-02-08T06:00:00Z,Other,288.000,Elexon BMRS FUELHH
2024-02-08T06:00:00Z,Pumped Storage,-146.000,Elexon BMRS FUELHH
2024-02-08T06:00:00Z,Wind,5453.000,Elexon BMRS FUELHH
2024-02-08T06:30:00Z,Biomass,3162.000,Elexon BMRS FUELHH
2024-02-08T06:30:00Z,Coal,1351.000,Elexon BMRS FUELHH
2024-02-08T06:30:00Z,Gas,15285.000,Elexon BMRS FUELHH
2024-02-08T06:30:00Z,Hydro,637.000,Elexon BMRS FUELHH
2024-02-08T06:30:00Z,Imports & Exports,-116.000,Elexon BMRS FUELHH
2024-02-08T06:30:00Z,Nuclear,3775.000,Elexon BMRS FUELHH
2024-02-08T06:30:00Z,Other,330.000,Elexon BMRS FUELHH
2024-02-08T06:30:00Z,Pumped Storage,118.000,Elexon BMRS FUELHH
2024-02-08T06:30:00Z,Wind,6043.000,Elexon BMRS FUELHH
2024-02-08T07:00:00Z,Biomass,3170.000,Elexon BMRS FUELHH
2024-02-08T07:00:00Z,Coal,1326.000,Elexon BMRS FUELHH
2024-02-08T07:00:00Z,Gas,15469.000,Elexon BMRS FUELHH
2024-02-08T07:00:00Z,Hydro,1008.000,Elexon BMRS FUELHH
2024-02-08T07:00:00Z,Imports & Exports,532.000,Elexon BMRS FUELHH
2024-02-08T07:00:00Z,Nuclear,3777.000,Elexon BMRS FUELHH
2024-02-08T07:00:00Z,Other,611.000,Elexon BMRS FUELHH
2024-02-08T07:00:00Z,Pumped Storage,22.000,Elexon BMRS FUELHH
2024-02-08T07:00:00Z,Wind,6773.000,Elexon BMRS FUELHH
2024-02-08T07:30:00Z,Biomass,3178.000,Elexon BMRS FUELHH
2024-02-08T07:30:00Z,Coal,1203.000,Elexon BMRS FUELHH
2024-02-08T07:30:00Z,Gas,15161.000,Elexon BMRS FUELHH
2024-02-08T07:30:00Z,Hydro,1018.000,Elexon BMRS FUELHH
2024-02-08T07:30:00Z,Imports & Exports,582.000,Elexon BMRS FUELHH
2024-02-08T07:30:00Z,Nuclear,3773.000,Elexon BMRS FUELHH
2024-02-08T07:30:00Z,Other,945.000,Elexon BMRS FUELHH
2024-02-08T07:30:00Z,Pumped Storage,574.000,Elexon BMRS FUELHH
2024-02-08T07:30:00Z,Wind,7606.000,Elexon BMRS FUELHH
2024-02-08T08:00:00Z,Biomass,3177.000,Elexon BMRS FUELHH
2024-02-08T08:00:00Z,Coal,1327.000,Elexon BMRS FUELHH
2024-02-08T08:00:00Z,Gas,15178.000,Elexon BMRS FUELHH
2024-02-08T08:00:00Z,Hydro,1029.000,Elexon BMRS FUELHH
2024-02-08T08:00:00Z,Imports & Exports,1600.000,Elexon BMRS FUELHH
2024-02-08T08:00:00Z,Nuclear,3775.000,Elexon BMRS FUELHH
2024-02-08T08:00:00Z,Other,798.000,Elexon BMRS FUELHH
2024-02-08T08:00:00Z,Pumped Storage,538.000,Elexon BMRS FUELHH
2024-02-08T08:00:00Z,Wind,8553.000,Elexon BMRS FUELHH
2024-02-08T08:30:00Z,Biomass,3177.000,Elexon BMRS FUELHH
2024-02-08T08:30:00Z,Coal,1120.000,Elexon BMRS FUELHH
2024-02-08T08:30:00Z,Gas,15586.000,Elexon BMRS FUELHH
2024-02-08T08:30:00Z,Hydro,1017.000,Elexon BMRS FUELHH
2024-02-08T08:30:00Z,Imports & Exports,1626.000,Elexon BMRS FUELHH
2024-02-08T08:30:00Z,Nuclear,3781.000,Elexon BMRS FUELHH
2024-02-08T08:30:00Z,Other,523.000,Elexon BMRS FUELHH
2024-02-08T08:30:00Z,Pumped Storage,580.000,Elexon BMRS FUELHH
2024-02-08T08:30:00Z,Wind,9222.000,Elexon BMRS FUELHH
2024-02-08T09:00:00Z,Biomass,3159.000,Elexon BMRS FUELHH
2024-02-08T09:00:00Z,Coal,1000.000,Elexon BMRS FUELHH
2024-02-08T09:00:00Z,Gas,16215.000,Elexon BMRS FUELHH
2024-02-08T09:00:00Z,Hydro,1000.000,Elexon BMRS FUELHH
2024-02-08T09:00:00Z,Imports & Exports,2046.000,Elexon BMRS FUELHH
2024-02-08T09:00:00Z,Nuclear,3771.000,Elexon BMRS FUELHH
2024-02-08T09:00:00Z,Other,643.000,Elexon BMRS FUELHH
2024-02-08T09:00:00Z,Pumped Storage,292.000,Elexon BMRS FUELHH
2024-02-08T09:00:00Z,Wind,9731.000,Elexon BMRS FUELHH
2024-02-08T09:30:00Z,Biomass,3069.000,Elexon BMRS FUELHH
2024-02-08T09:30:00Z,Coal,1285.000,Elexon BMRS FUELHH
2024-02-08T09:30:00Z,Gas,16467.000,Elexon BMRS FUELHH
2024-02-08T09:30:00Z,Hydro,850.000,Elexon BMRS FUELHH
2024-02-08T09:30:00Z,Imports & Exports,1942.000,Elexon BMRS FUELHH
2024-02-08T09:30:00Z,Nuclear,3779.000,Elexon BMRS FUELHH
2024-02-08T09:30:00Z,Other,581.000,Elexon BMRS FUELHH
2024-02-08T09:30:00Z,Pumped Storage,300.000,Elexon BMRS FUELHH
2024-02-08T09:30:00Z,Wind,9867.000,Elexon BMRS FUELHH
2024-02-08T10:00:00Z,Biomass,3091.000,Elexon BMRS FUELHH
2024-02-08T10:00:00Z,Coal,1360.000,Elexon BMRS FUELHH
2024-02-08T10:00:00Z,Gas,16635.000,Elexon BMRS FUELHH
2024-02-08T10:00:00Z,Hydro,798.000,Elexon BMRS FUELHH
2024-02-08T10:00:00Z,Imports & Exports,1626.000,Elexon BMRS FUELHH
2024-02-08T10:00:00Z,Nuclear,3782.000,Elexon BMRS FUELHH
2024-02-08T10:00:00Z,Other,441.000,Elexon BMRS FUELHH
2024-02-08T10:00:00Z,Pumped Storage,598.000,Elexon BMRS FUELHH
2024-02-08T10:00:00Z,Wind,9956.000,Elexon BMRS FUELHH
2024-02-08T10:30:00Z,Biomass,3143.000,Elexon BMRS FUELHH
2024-02-08T10:30:00Z,Coal,1357.000,Elexon BMRS FUELHH
2024-02-08T10:30:00Z,Gas,16476.000,Elexon BMRS FUELHH
2024-02-08T10:30:00Z,Hydro,802.000,Elexon BMRS FUELHH
2024-02-08T10:30:00Z,Imports & Exports,1656.000,Elexon BMRS FUELHH
2024-02-08T10:30:00Z,Nuclear,3785.000,Elexon BMRS FUELHH
2024-02-08T10:30:00Z,Other,346.000,Elexon BMRS FUELHH
2024-02-08T10:30:00Z,Pumped Storage,136.000,Elexon BMRS FUELHH
2024-02-08T10:30:00Z,Wind,10978.000,Elexon BMRS FUELHH
2024-02-08T11:00:00Z,Biomass,3116.000,Elexon BMRS FUELHH
2024-02-08T11:00:00Z,Coal,1359.000,Elexon BMRS FUELHH
2024-02-08T11:00:00Z,Gas,15828.000,Elexon BMRS FUELHH
2024-02-08T11:00:00Z,Hydro,810.000,Elexon BMRS FUELHH
2024-02-08T11:00:00Z,Imports & Exports,2518.000,Elexon BMRS FUELHH
2024-02-08T11:00:00Z,Nuclear,3784.000,Elexon BMRS FUELHH
2024-02-08T11:00:00Z,Other,246.000,Elexon BMRS FUELHH
2024-02-08T11:00:00Z,Pumped Storage,-14.000,Elexon BMRS FUELHH
2024-02-08T11:00:00Z,Wind,11778.000,Elexon BMRS FUELHH
2024-02-08T11:30:00Z,Biomass,3115.000,Elexon BMRS FUELHH
2024-02-08T11:30:00Z,Coal,1303.000,Elexon BMRS FUELHH
2024-02-08T11:30:00Z,Gas,15381.000,Elexon BMRS FUELHH
2024-02-08T11:30:00Z,Hydro,828.000,Elexon BMRS FUELHH
2024-02-08T11:30:00Z,Imports & Exports,2378.000,Elexon BMRS FUELHH
2024-02-08T11:30:00Z,Nuclear,3782.000,Elexon BMRS FUELHH
2024-02-08T11:30:00Z,Other,190.000,Elexon BMRS FUELHH
2024-02-08T11:30:00Z,Pumped Storage,-14.000,Elexon BMRS FUELHH
2024-02-08T11:30:00Z,Wind,12275.000,Elexon BMRS FUELHH
2024-02-08T12:00:00Z,Biomass,3115.000,Elexon BMRS FUELHH
2024-02-08T12:00:00Z,Coal,1358.000,Elexon BMRS FUELHH
2024-02-08T12:00:00Z,Gas,15167.000,Elexon BMRS FUELHH
2024-02-08T12:00:00Z,Hydro,802.000,Elexon BMRS FUELHH
2024-02-08T12:00:00Z,Imports & Exports,2434.000,Elexon BMRS FUELHH
2024-02-08T12:00:00Z,Nuclear,3778.000,Elexon BMRS FUELHH
2024-02-08T12:00:00Z,Other,221.000,Elexon BMRS FUELHH
2024-02-08T12:00:00Z,Pumped Storage,-14.000,Elexon BMRS FUELHH
2024-02-08T12:00:00Z,Wind,12489.000,Elexon BMRS FUELHH
2024-02-08T12:30:00Z,Biomass,3122.000,Elexon BMRS FUELHH
2024-02-08T12:30:00Z,Coal,1359.000,Elexon BMRS FUELHH
2024-02-08T12:30:00Z,Gas,14974.000,Elexon BMRS FUELHH
2024-02-08T12:30:00Z,Hydro,785.000,Elexon BMRS FUELHH
2024-02-08T12:30:00Z,Imports & Exports,2282.000,Elexon BMRS FUELHH
2024-02-08T12:30:00Z,Nuclear,3778.000,Elexon BMRS FUELHH
2024-02-08T12:30:00Z,Other,312.000,Elexon BMRS FUELHH
2024-02-08T12:30:00Z,Pumped Storage,10.000,Elexon BMRS FUELHH
2024-02-08T12:30:00Z,Wind,12472.000,Elexon BMRS FUELHH
2024-02-08T13:00:00Z,Biomass,3174.000,Elexon BMRS FUELHH
2024-02-08T13:00:00Z,Coal,1360.000,Elexon BMRS FUELHH
2024-02-08T13:00:00Z,Gas,15126.000,Elexon BMRS FUELHH
2024-02-08T13:00:00Z,Hydro,786.000,Elexon BMRS FUELHH
2024-02-08T13:00:00Z,Imports & Exports,1444.000,Elexon BMRS FUELHH
2024-02-08T13:00:00Z,Nuclear,3774.000,Elexon BMRS FUELHH
2024-02-08T13:00:00Z,Other,250.000,Elexon BMRS FUELHH
2024-02-08T13:00:00Z,Pumped Storage,288.000,Elexon BMRS FUELHH
2024-02-08T13:00:00Z,Wind,12393.000,Elexon BMRS FUELHH
2024-02-08T13:30:00Z,Biomass,3174.000,Elexon BMRS FUELHH
2024-02-08T13:30:00Z,Coal,1359.000,Elexon BMRS FUELHH
2024-02-08T13:30:00Z,Gas,15138.000,Elexon BMRS FUELHH
2024-02-08T13:30:00Z,Hydro,786.000,Elexon BMRS FUELHH
2024-02-08T13:30:00Z,Imports & Exports,1262.000,Elexon BMRS FUELHH
2024-02-08T13:30:00Z,Nuclear,3781.000,Elexon BMRS FUELHH
2024-02-08T13:30:00Z,Other,321.000,Elexon BMRS FUELHH
2024-02-08T13:30:00Z,Pumped Storage,-10.000,Elexon BMRS FUELHH
2024-02-08T13:30:00Z,Wind,12521.000,Elexon BMRS FUELHH
2024-02-08T14:00:00Z,Biomass,3181.000,Elexon BMRS FUELHH
2024-02-08T14:00:00Z,Coal,1357.000,Elexon BMRS FUELHH
2024-02-08T14:00:00Z,Gas,14900.000,Elexon BMRS FUELHH
2024-02-08T14:00:00Z,Hydro,784.000,Elexon BMRS FUELHH
2024-02-08T14:00:00Z,Imports & Exports,858.000,Elexon BMRS FUELHH
2024-02-08T14:00:00Z,Nuclear,3779.000,Elexon BMRS FUELHH
2024-02-08T14:00:00Z,Other,331.000,Elexon BMRS FUELHH
2024-02-08T14:00:00Z,Pumped Storage,-12.000,Elexon BMRS FUELHH
2024-02-08T14:00:00Z,Wind,12679.000,Elexon BMRS FUELHH
2024-02-08T14:30:00Z,Biomass,3179.000,Elexon BMRS FUELHH
2024-02-08T14:30:00Z,Coal,1361.000,Elexon BMRS FUELHH
2024-02-08T14:30:00Z,Gas,14640.000,Elexon BMRS FUELHH
2024-02-08T14:30:00Z,Hydro,799.000,Elexon BMRS FUELHH
2024-02-08T14:30:00Z,Imports & Exports,794.000,Elexon BMRS FUELHH
2024-02-08T14:30:00Z,Nuclear,3778.000,Elexon BMRS FUELHH
2024-02-08T14:30:00Z,Other,208.000,Elexon BMRS FUELHH
2024-02-08T14:30:00Z,Pumped Storage,258.000,Elexon BMRS FUELHH
2024-02-08T14:30:00Z,Wind,12954.000,Elexon BMRS FUELHH
2024-02-08T15:00:00Z,Biomass,3172.000,Elexon BMRS FUELHH
2024-02-08T15:00:00Z,Coal,1360.000,Elexon BMRS FUELHH
2024-02-08T15:00:00Z,Gas,14145.000,Elexon BMRS FUELHH
2024-02-08T15:00:00Z,Hydro,811.000,Elexon BMRS FUELHH
2024-02-08T15:00:00Z,Imports & Exports,680.000,Elexon BMRS FUELHH
2024-02-08T15:00:00Z,Nuclear,3781.000,Elexon BMRS FUELHH
2024-02-08T15:00:00Z,Other,231.000,Elexon BMRS FUELHH
2024-02-08T15:00:00Z,Pumped Storage,1138.000,Elexon BMRS FUELHH
2024-02-08T15:00:00Z,Wind,12909.000,Elexon BMRS FUELHH
2024-02-08T15:30:00Z,Biomass,3172.000,Elexon BMRS FUELHH
2024-02-08T15:30:00Z,Coal,1359.000,Elexon BMRS FUELHH
2024-02-08T15:30:00Z,Gas,14175.000,Elexon BMRS FUELHH
2024-02-08T15:30:00Z,Hydro,820.000,Elexon BMRS FUELHH
2024-02-08T15:30:00Z,Imports & Exports,596.000,Elexon BMRS FUELHH
2024-02-08T15:30:00Z,Nuclear,3781.000,Elexon BMRS FUELHH
2024-02-08T15:30:00Z,Other,179.000,Elexon BMRS FUELHH
2024-02-08T15:30:00Z,Pumped Storage,1190.000,Elexon BMRS FUELHH
2024-02-08T15:30:00Z,Wind,13234.000,Elexon BMRS FUELHH
2024-02-08T16:00:00Z,Biomass,3170.000,Elexon BMRS FUELHH
2024-02-08T16:00:00Z,Coal,1359.000,Elexon BMRS FUELHH
2024-02-08T16:00:00Z,Gas,13725.000,Elexon BMRS FUELHH
2024-02-08T16:00:00Z,Hydro,844.000,Elexon BMRS FUELHH
2024-02-08T16:00:00Z,Imports & Exports,1414.000,Elexon BMRS FUELHH
2024-02-08T16:00:00Z,Nuclear,3785.000,Elexon BMRS FUELHH
2024-02-08T16:00:00Z,Other,211.000,Elexon BMRS FUELHH
2024-02-08T16:00:00Z,Pumped Storage,1268.000,Elexon BMRS FUELHH
2024-02-08T16:00:00Z,Wind,13392.000,Elexon BMRS FUELHH
2024-02-08T16:30:00Z,Biomass,3180.000,Elexon BMRS FUELHH
2024-02-08T16:30:00Z,Coal,1359.000,Elexon BMRS FUELHH
2024-02-08T16:30:00Z,Gas,13746.000,Elexon BMRS FUELHH
2024-02-08T16:30:00Z,Hydro,889.000,Elexon BMRS FUELHH
2024-02-08T16:30:00Z,Imports & Exports,1542.000,Elexon BMRS FUELHH
2024-02-08T16:30:00Z,Nuclear,3778.000,Elexon BMRS FUELHH
2024-02-08T16:30:00Z,Other,427.000,Elexon BMRS FUELHH
2024-02-08T16:30:00Z,Pumped Storage,1152.000,Elexon BMRS FUELHH
2024-02-08T16:30:00Z,Wind,13662.000,Elexon BMRS FUELHH
2024-02-08T17:00:00Z,Biomass,3183.000,Elexon BMRS FUELHH
2024-02-08T17:00:00Z,Coal,1361.000,Elexon BMRS FUELHH
2024-02-08T17:00:00Z,Gas,13622.000,Elexon BMRS FUELHH
2024-02-08T17:00:00Z,Hydro,793.000,Elexon BMRS FUELHH
2024-02-08T17:00:00Z,Imports & Exports,2374.000,Elexon BMRS FUELHH
2024-02-08T17:00:00Z,Nuclear,3780.000,Elexon BMRS FUELHH
2024-02-08T17:00:00Z,Other,564.000,Elexon BMRS FUELHH
2024-02-08T17:00:00Z,Pumped Storage,1318.000,Elexon BMRS FUELHH
2024-02-08T17:00:00Z,Wind,14062.000,Elexon BMRS FUELHH
2024-02-08T17:30:00Z,Biomass,3184.000,Elexon BMRS FUELHH
2024-02-08T17:30:00Z,Coal,1359.000,Elexon BMRS FUELHH
2024-02-08T17:30:00Z,Gas,13352.000,Elexon BMRS FUELHH
2024-02-08T17:30:00Z,Hydro,697.000,Elexon BMRS FUELHH
2024-02-08T17:30:00Z,Imports & Exports,2474.000,Elexon BMRS FUELHH
2024-02-08T17:30:00Z,Nuclear,3777.000,Elexon BMRS FUELHH
2024-02-08T17:30:00Z,Other,624.000,Elexon BMRS FUELHH
2024-02-08T17:30:00Z,Pumped Storage,1286.000,Elexon BMRS FUELHH
2024-02-08T17:30:00Z,Wind,14269.000,Elexon BMRS FUELHH
2024-02-08T18:00:00Z,Biomass,3081.000,Elexon BMRS FUELHH
2024-02-08T18:00:00Z,Coal,1358.000,Elexon BMRS FUELHH
2024-02-08T18:00:00Z,Gas,12952.000,Elexon BMRS FUELHH
2024-02-08T18:00:00Z,Hydro,692.000,Elexon BMRS FUELHH
2024-02-08T18:00:00Z,Imports & Exports,2384.000,Elexon BMRS FUELHH
2024-02-08T18:00:00Z,Nuclear,3788.000,Elexon BMRS FUELHH
2024-02-08T18:00:00Z,Other,490.000,Elexon BMRS FUELHH
2024-02-08T18:00:00Z,Pumped Storage,1216.000,Elexon BMRS FUELHH
2024-02-08T18:00:00Z,Wind,14672.000,Elexon BMRS FUELHH
2024-02-08T18:30:00Z,Biomass,3132.000,Elexon BMRS FUELHH
2024-02-08T18:30:00Z,Coal,1358.000,Elexon BMRS FUELHH
2024-02-08T18:30:00Z,Gas,12091.000,Elexon BMRS FUELHH
2024-02-08T18:30:00Z,Hydro,692.000,Elexon BMRS FUELHH
2024-02-08T18:30:00Z,Imports & Exports,2460.000,Elexon BMRS FUELHH
2024-02-08T18:30:00Z,Nuclear,3784.000,Elexon BMRS FUELHH
2024-02-08T18:30:00Z,Other,340.000,Elexon BMRS FUELHH
2024-02-08T18:30:00Z,Pumped Storage,1012.000,Elexon BMRS FUELHH
2024-02-08T18:30:00Z,Wind,14943.000,Elexon BMRS FUELHH
2024-02-08T19:00:00Z,Biomass,3132.000,Elexon BMRS FUELHH
2024-02-08T19:00:00Z,Coal,1360.000,Elexon BMRS FUELHH
2024-02-08T19:00:00Z,Gas,10494.000,Elexon BMRS FUELHH
2024-02-08T19:00:00Z,Hydro,674.000,Elexon BMRS FUELHH
2024-02-08T19:00:00Z,Imports & Exports,3540.000,Elexon BMRS FUELHH
2024-02-08T19:00:00Z,Nuclear,3781.000,Elexon BMRS FUELHH
2024-02-08T19:00:00Z,Other,397.000,Elexon BMRS FUELHH
2024-02-08T19:00:00Z,Pumped Storage,90.000,Elexon BMRS FUELHH
2024-02-08T19:00:00Z,Wind,15445.000,Elexon BMRS FUELHH
2024-02-08T19:30:00Z,Biomass,3042.000,Elexon BMRS FUELHH
2024-02-08T19:30:00Z,Coal,1277.000,Elexon BMRS FUELHH
2024-02-08T19:30:00Z,Gas,9236.000,Elexon BMRS FUELHH
2024-02-08T19:30:00Z,Hydro,687.000,Elexon BMRS FUELHH
2024-02-08T19:30:00Z,Imports & Exports,3598.000,Elexon BMRS FUELHH
2024-02-08T19:30:00Z,Nuclear,3783.000,Elexon BMRS FUELHH
2024-02-08T19:30:00Z,Other,294.000,Elexon BMRS FUELHH
2024-02-08T19:30:00Z,Pumped Storage,8.000,Elexon BMRS FUELHH
2024-02-08T19:30:00Z,Wind,15758.000,Elexon BMRS FUELHH
2024-02-08T20:00:00Z,Biomass,3107.000,Elexon BMRS FUELHH
2024-02-08T20:00:00Z,Coal,1073.000,Elexon BMRS FUELHH
2024-02-08T20:00:00Z,Gas,8088.000,Elexon BMRS FUELHH
2024-02-08T20:00:00Z,Hydro,660.000,Elexon BMRS FUELHH
2024-02-08T20:00:00Z,Imports & Exports,3604.000,Elexon BMRS FUELHH
2024-02-08T20:00:00Z,Nuclear,3780.000,Elexon BMRS FUELHH
2024-02-08T20:00:00Z,Other,259.000,Elexon BMRS FUELHH
2024-02-08T20:00:00Z,Pumped Storage,-106.000,Elexon BMRS FUELHH
2024-02-08T20:00:00Z,Wind,15653.000,Elexon BMRS FUELHH
2024-02-08T20:30:00Z,Biomass,3183.000,Elexon BMRS FUELHH
2024-02-08T20:30:00Z,Coal,776.000,Elexon BMRS FUELHH
2024-02-08T20:30:00Z,Gas,6997.000,Elexon BMRS FUELHH
2024-02-08T20:30:00Z,Hydro,657.000,Elexon BMRS FUELHH
2024-02-08T20:30:00Z,Imports & Exports,3556.000,Elexon BMRS FUELHH
2024-02-08T20:30:00Z,Nuclear,3780.000,Elexon BMRS FUELHH
2024-02-08T20:30:00Z,Other,330.000,Elexon BMRS FUELHH
2024-02-08T20:30:00Z,Pumped Storage,-112.000,Elexon BMRS FUELHH
2024-02-08T20:30:00Z,Wind,15650.000,Elexon BMRS FUELHH
2024-02-08T21:00:00Z,Biomass,3093.000,Elexon BMRS FUELHH
2024-02-08T21:00:00Z,Coal,386.000,Elexon BMRS FUELHH
2024-02-08T21:00:00Z,Gas,5852.000,Elexon BMRS FUELHH
2024-02-08T21:00:00Z,Hydro,604.000,Elexon BMRS FUELHH
2024-02-08T21:00:00Z,Imports & Exports,3434.000,Elexon BMRS FUELHH
2024-02-08T21:00:00Z,Nuclear,3781.000,Elexon BMRS FUELHH
2024-02-08T21:00:00Z,Other,359.000,Elexon BMRS FUELHH
2024-02-08T21:00:00Z,Pumped Storage,-326.000,Elexon BMRS FUELHH
2024-02-08T21:00:00Z,Wind,15735.000,Elexon BMRS FUELHH
2024-02-08T21:30:00Z,Biomass,2757.000,Elexon BMRS FUELHH
2024-02-08T21:30:00Z,Coal,259.000,Elexon BMRS FUELHH
2024-02-08T21:30:00Z,Gas,4620.000,Elexon BMRS FUELHH
2024-02-08T21:30:00Z,Hydro,583.000,Elexon BMRS FUELHH
2024-02-08T21:30:00Z,Imports & Exports,3374.000,Elexon BMRS FUELHH
2024-02-08T21:30:00Z,Nuclear,3779.000,Elexon BMRS FUELHH
2024-02-08T21:30:00Z,Other,400.000,Elexon BMRS FUELHH
2024-02-08T21:30:00Z,Pumped Storage,-324.000,Elexon BMRS FUELHH
2024-02-08T21:30:00Z,Wind,15663.000,Elexon BMRS FUELHH
2024-02-08T22:00:00Z,Biomass,2150.000,Elexon BMRS FUELHH
2024-02-08T22:00:00Z,Coal,316.000,Elexon BMRS FUELHH
2024-02-08T22:00:00Z,Gas,3976.000,Elexon BMRS FUELHH
2024-02-08T22:00:00Z,Hydro,565.000,Elexon BMRS FUELHH
2024-02-08T22:00:00Z,Imports & Exports,2600.000,Elexon BMRS FUELHH
2024-02-08T22:00:00Z,Nuclear,3777.000,Elexon BMRS FUELHH
2024-02-08T22:00:00Z,Other,386.000,Elexon BMRS FUELHH
2024-02-08T22:00:00Z,Pumped Storage,-52.000,Elexon BMRS FUELHH
2024-02-08T22:00:00Z,Wind,15443.000,Elexon BMRS FUELHH
2024-02-08T22:30:00Z,Biomass,1720.000,Elexon BMRS FUELHH
2024-02-08T22:30:00Z,Coal,330.000,Elexon BMRS FUELHH
2024-02-08T22:30:00Z,Gas,3353.000,Elexon BMRS FUELHH
2024-02-08T22:30:00Z,Hydro,565.000,Elexon BMRS FUELHH
2024-02-08T22:30:00Z,Imports & Exports,2554.000,Elexon BMRS FUELHH
2024-02-08T22:30:00Z,Nuclear,3777.000,Elexon BMRS FUELHH
2024-02-08T22:30:00Z,Other,257.000,Elexon BMRS FUELHH
2024-02-08T22:30:00Z,Pumped Storage,-378.000,Elexon BMRS FUELHH
2024-02-08T22:30:00Z,Wind,15519.000,Elexon BMRS FUELHH
2024-02-08T23:00:00Z,Biomass,1426.000,Elexon BMRS FUELHH
2024-02-08T23:00:00Z,Coal,243.000,Elexon BMRS FUELHH
2024-02-08T23:00:00Z,Gas,3163.000,Elexon BMRS FUELHH
2024-02-08T23:00:00Z,Hydro,582.000,Elexon BMRS FUELHH
2024-02-08T23:00:00Z,Imports & Exports,2142.000,Elexon BMRS FUELHH
2024-02-08T23:00:00Z,Nuclear,3782.000,Elexon BMRS FUELHH
2024-02-08T23:00:00Z,Other,354.000,Elexon BMRS FUELHH
2024-02-08T23:00:00Z,Pumped Storage,-1120.000,Elexon BMRS FUELHH
2024-02-08T23:00:00Z,Wind,15402.000,Elexon BMRS FUELHH
2024-02-08T23:30:00Z,Biomass,1154.000,Elexon BMRS FUELHH
2024-02-08T23:30:00Z,Coal,329.000,Elexon BMRS FUELHH
2024-02-08T23:30:00Z,Gas,3155.000,Elexon BMRS FUELHH
2024-02-08T23:30:00Z,Hydro,585.000,Elexon BMRS FUELHH
2024-02-08T23:30:00Z,Imports & Exports,2264.000,Elexon BMRS FUELHH
2024-02-08T23:30:00Z,Nuclear,3783.000,Elexon BMRS FUELHH
2024-02-08T23:30:00Z,Other,344.000,Elexon BMRS FUELHH
2024-02-08T23:30:00Z,Pumped Storage,-1878.000,Elexon BMRS FUELHH
2024-02-08T23:30:00Z,Wind,15300.000,Elexon BMRS FUELHH
2024-02-09T00:00:00Z,Biomass,1159.000,Elexon BMRS FUELHH
2024-02-09T00:00:00Z,Coal,460.000,Elexon BMRS FUELHH
2024-02-09T00:00:00Z,Gas,3097.000,Elexon BMRS FUELHH
2024-02-09T00:00:00Z,Hydro,567.000,Elexon BMRS FUELHH
2024-02-09T00:00:00Z,Imports & Exports,2128.000,Elexon BMRS FUELHH
2024-02-09T00:00:00Z,Nuclear,3779.000,Elexon BMRS FUELHH
2024-02-09T00:00:00Z,Other,292.000,Elexon BMRS FUELHH
2024-02-09T00:00:00Z,Pumped Storage,-2056.000,Elexon BMRS FUELHH
2024-02-09T00:00:00Z,Wind,15332.000,Elexon BMRS FUELHH
2024-02-09T00:30:00Z,Biomass,1190.000,Elexon BMRS FUELHH
2024-02-09T00:30:00Z,Coal,480.000,Elexon BMRS FUELHH
2024-02-09T00:30:00Z,Gas,3419.000,Elexon BMRS FUELHH
2024-02-09T00:30:00Z,Hydro,566.000,Elexon BMRS FUELHH
2024-02-09T00:30:00Z,Imports & Exports,2202.000,Elexon BMRS FUELHH
2024-02-09T00:30:00Z,Nuclear,3776.000,Elexon BMRS FUELHH
2024-02-09T00:30:00Z,Other,382.000,Elexon BMRS FUELHH
2024-02-09T00:30:00Z,Pumped Storage,-2162.000,Elexon BMRS FUELHH
2024-02-09T00:30:00Z,Wind,15110.000,Elexon BMRS FUELHH
2024-02-09T01:00:00Z,Biomass,1187.000,Elexon BMRS FUELHH
2024-02-09T01:00:00Z,Coal,481.000,Elexon BMRS FUELHH
2024-02-09T01:00:00Z,Gas,3116.000,Elexon BMRS FUELHH
2024-02-09T01:00:00Z,Hydro,549.000,Elexon BMRS FUELHH
2024-02-09T01:00:00Z,Imports & Exports,2714.000,Elexon BMRS FUELHH
2024-02-09T01:00:00Z,Nuclear,3781.000,Elexon BMRS FUELHH
2024-02-09T01:00:00Z,Other,352.000,Elexon BMRS FUELHH
2024-02-09T01:00:00Z,Pumped Storage,-2306.000,Elexon BMRS FUELHH
2024-02-09T01:00:00Z,Wind,14858.000,Elexon BMRS FUELHH
2024-02-09T01:30:00Z,Biomass,1201.000,Elexon BMRS FUELHH
2024-02-09T01:30:00Z,Coal,353.000,Elexon BMRS FUELHH
2024-02-09T01:30:00Z,Gas,3158.000,Elexon BMRS FUELHH
2024-02-09T01:30:00Z,Hydro,546.000,Elexon BMRS FUELHH
2024-02-09T01:30:00Z,Imports & Exports,2600.000,Elexon BMRS FUELHH
2024-02-09T01:30:00Z,Nuclear,3786.000,Elexon BMRS FUELHH
2024-02-09T01:30:00Z,Other,301.000,Elexon BMRS FUELHH
2024-02-09T01:30:00Z,Pumped Storage,-2480.000,Elexon BMRS FUELHH
2024-02-09T01:30:00Z,Wind,14762.000,Elexon BMRS FUELHH
2024-02-09T02:00:00Z,Biomass,1237.000,Elexon BMRS FUELHH
2024-02-09T02:00:00Z,Coal,273.000,Elexon BMRS FUELHH
2024-02-09T02:00:00Z,Gas,2928.000,Elexon BMRS FUELHH
2024-02-09T02:00:00Z,Hydro,547.000,Elexon BMRS FUELHH
2024-02-09T02:00:00Z,Imports & Exports,2232.000,Elexon BMRS FUELHH
2024-02-09T02:00:00Z,Nuclear,3789.000,Elexon BMRS FUELHH
2024-02-09T02:00:00Z,Other,450.000,Elexon BMRS FUELHH
2024-02-09T02:00:00Z,Pumped Storage,-2404.000,Elexon BMRS FUELHH
2024-02-09T02:00:00Z,Wind,14775.000,Elexon BMRS FUELHH
2024-02-09T02:30:00Z,Biomass,1243.000,Elexon BMRS FUELHH
2024-02-09T02:30:00Z,Coal,370.000,Elexon BMRS FUELHH
2024-02-09T02:30:00Z,Gas,3070.000,Elexon BMRS FUELHH
2024-02-09T02:30:00Z,Hydro,563.000,Elexon BMRS FUELHH
2024-02-09T02:30:00Z,Imports & Exports,2170.000,Elexon BMRS FUELHH
2024-02-09T02:30:00Z,Nuclear,3792.000,Elexon BMRS FUELHH
2024-02-09T02:30:00Z,Other,423.000,Elexon BMRS FUELHH
2024-02-09T02:30:00Z,Pumped Storage,-2442.000,Elexon BMRS FUELHH
2024-02-09T02:30:00Z,Wind,14585.000,Elexon BMRS FUELHH
2024-02-09T03:00:00Z,Biomass,1221.000,Elexon BMRS FUELHH
2024-02-09T03:00:00Z,Coal,420.000,Elexon BMRS FUELHH
2024-02-09T03:00:00Z,Gas,3053.000,Elexon BMRS FUELHH
2024-02-09T03:00:00Z,Hydro,567.000,Elexon BMRS FUELHH
2024-02-09T03:00:00Z,Imports & Exports,2060.000,Elexon BMRS FUELHH
2024-02-09T03:00:00Z,Nuclear,3794.000,Elexon BMRS FUELHH
2024-02-09T03:00:00Z,Other,340.000,Elexon BMRS FUELHH
2024-02-09T03:00:00Z,Pumped Storage,-2444.000,Elexon BMRS FUELHH
2024-02-09T03:00:00Z,Wind,14532.000,Elexon BMRS FUELHH
2024-02-09T03:30:00Z,Biomass,1236.000,Elexon BMRS FUELHH
2024-02-09T03:30:00Z,Coal,369.000,Elexon BMRS FUELHH
2024-02-09T03:30:00Z,Gas,3024.000,Elexon BMRS FUELHH
2024-02-09T03:30:00Z,Hydro,568.000,Elexon BMRS FUELHH
2024-02-09T03:30:00Z,Imports & Exports,2066.000,Elexon BMRS FUELHH
2024-02-09T03:30:00Z,Nuclear,3789.000,Elexon BMRS FUELHH
2024-02-09T03:30:00Z,Other,315.000,Elexon BMRS FUELHH
2024-02-09T03:30:00Z,Pumped Storage,-2420.000,Elexon BMRS FUELHH
2024-02-09T03:30:00Z,Wind,14209.000,Elexon BMRS FUELHH
2024-02-09T04:00:00Z,Biomass,1219.000,Elexon BMRS FUELHH
2024-02-09T04:00:00Z,Coal,353.000,Elexon BMRS FUELHH
2024-02-09T04:00:00Z,Gas,3038.000,Elexon BMRS FUELHH
2024-02-09T04:00:00Z,Hydro,567.000,Elexon BMRS FUELHH
2024-02-09T04:00:00Z,Imports & Exports,2200.000,Elexon BMRS FUELHH
2024-02-09T04:00:00Z,Nuclear,3790.000,Elexon BMRS FUELHH
2024-02-09T04:00:00Z,Other,204.000,Elexon BMRS FUELHH
2024-02-09T04:00:00Z,Pumped Storage,-2412.000,Elexon BMRS FUELHH
2024-02-09T04:00:00Z,Wind,14126.000,Elexon BMRS FUELHH
2024-02-09T04:30:00Z,Biomass,1372.000,Elexon BMRS FUELHH
2024-02-09T04:30:00Z,Coal,353.000,Elexon BMRS FUELHH
2024-02-09T04:30:00Z,Gas,2796.000,Elexon BMRS FUELHH
2024-02-09T04:30:00Z,Hydro,665.000,Elexon BMRS FUELHH
2024-02-09T04:30:00Z,Imports & Exports,2244.000,Elexon BMRS FUELHH
2024-02-09T04:30:00Z,Nuclear,3786.000,Elexon BMRS FUELHH
2024-02-09T04:30:00Z,Other,208.000,Elexon BMRS FUELHH
2024-02-09T04:30:00Z,Pumped Storage,-2394.000,Elexon BMRS FUELHH
2024-02-09T04:30:00Z,Wind,13948.000,Elexon BMRS FUELHH
2024-02-09T05:00:00Z,Biomass,1681.000,Elexon BMRS FUELHH
2024-02-09T05:00:00Z,Coal,615.000,Elexon BMRS FUELHH
2024-02-09T05:00:00Z,Gas,2864.000,Elexon BMRS FUELHH
2024-02-09T05:00:00Z,Hydro,593.000,Elexon BMRS FUELHH
2024-02-09T05:00:00Z,Imports & Exports,2084.000,Elexon BMRS FUELHH
2024-02-09T05:00:00Z,Nuclear,3788.000,Elexon BMRS FUELHH
2024-02-09T05:00:00Z,Other,162.000,Elexon BMRS FUELHH
2024-02-09T05:00:00Z,Pumped Storage,-2068.000,Elexon BMRS FUELHH
2024-02-09T05:00:00Z,Wind,13896.000,Elexon BMRS FUELHH
2024-02-09T05:30:00Z,Biomass,2098.000,Elexon BMRS FUELHH
2024-02-09T05:30:00Z,Coal,613.000,Elexon BMRS FUELHH
2024-02-09T05:30:00Z,Gas,2974.000,Elexon BMRS FUELHH
2024-02-09T05:30:00Z,Hydro,603.000,Elexon BMRS FUELHH
2024-02-09T05:30:00Z,Imports & Exports,2076.000,Elexon BMRS FUELHH
2024-02-09T05:30:00Z,Nuclear,3776.000,Elexon BMRS FUELHH
2024-02-09T05:30:00Z,Other,188.000,Elexon BMRS FUELHH
2024-02-09T05:30:00Z,Pumped Storage,-1654.000,Elexon BMRS FUELHH
2024-02-09T05:30:00Z,Wind,13719.000,Elexon BMRS FUELHH
2024-02-09T06:00:00Z,Biomass,2560.000,Elexon BMRS FUELHH
2024-02-09T06:00:00Z,Coal,517.000,Elexon BMRS FUELHH
2024-02-09T06:00:00Z,Gas,3807.000,Elexon BMRS FUELHH
2024-02-09T06:00:00Z,Hydro,635.000,Elexon BMRS FUELHH
2024-02-09T06:00:00Z,Imports & Exports,2354.000,Elexon BMRS FUELHH
2024-02-09T06:00:00Z,Nuclear,3779.000,Elexon BMRS FUELHH
2024-02-09T06:00:00Z,Other,257.000,Elexon BMRS FUELHH
2024-02-09T06:00:00Z,Pumped Storage,-738.000,Elexon BMRS FUELHH
2024-02-09T06:00:00Z,Wind,13626.000,Elexon BMRS FUELHH
2024-02-09T06:30:00Z,Biomass,2961.000,Elexon BMRS FUELHH
2024-02-09T06:30:00Z,Coal,678.000,Elexon BMRS FUELHH
2024-02-09T06:30:00Z,Gas,5735.000,Elexon BMRS FUELHH
2024-02-09T06:30:00Z,Hydro,674.000,Elexon BMRS FUELHH
2024-02-09T06:30:00Z,Imports & Exports,2454.000,Elexon BMRS FUELHH
2024-02-09T06:30:00Z,Nuclear,3780.000,Elexon BMRS FUELHH
2024-02-09T06:30:00Z,Other,186.000,Elexon BMRS FUELHH
2024-02-09T06:30:00Z,Pumped Storage,-594.000,Elexon BMRS FUELHH
2024-02-09T06:30:00Z,Wind,13487.000,Elexon BMRS FUELHH
2024-02-09T07:00:00Z,Biomass,3172.000,Elexon BMRS FUELHH
2024-02-09T07:00:00Z,Coal,763.000,Elexon BMRS FUELHH
2024-02-09T07:00:00Z,Gas,7140.000,Elexon BMRS FUELHH
2024-02-09T07:00:00Z,Hydro,798.000,Elexon BMRS FUELHH
2024-02-09T07:00:00Z,Imports & Exports,3526.000,Elexon BMRS FUELHH
2024-02-09T07:00:00Z,Nuclear,3777.000,Elexon BMRS FUELHH
2024-02-09T07:00:00Z,Other,191.000,Elexon BMRS FUELHH
2024-02-09T07:00:00Z,Pumped Storage,118.000,Elexon BMRS FUELHH
2024-02-09T07:00:00Z,Wind,13488.000,Elexon BMRS FUELHH
2024-02-09T07:30:00Z,Biomass,3181.000,Elexon BMRS FUELHH
2024-02-09T07:30:00Z,Coal,848.000,Elexon BMRS FUELHH
2024-02-09T07:30:00Z,Gas,8085.000,Elexon BMRS FUELHH
2024-02-09T07:30:00Z,Hydro,809.000,Elexon BMRS FUELHH
2024-02-09T07:30:00Z,Imports & Exports,3518.000,Elexon BMRS FUELHH
2024-02-09T07:30:00Z,Nuclear,3779.000,Elexon BMRS FUELHH
2024-02-09T07:30:00Z,Other,344.000,Elexon BMRS FUELHH
2024-02-09T07:30:00Z,Pumped Storage,456.000,Elexon BMRS FUELHH
2024-02-09T07:30:00Z,Wind,13094.000,Elexon BMRS FUELHH
2024-02-09T08:00:00Z,Biomass,3176.000,Elexon BMRS FUELHH
2024-02-09T08:00:00Z,Coal,938.000,Elexon BMRS FUELHH
2024-02-09T08:00:00Z,Gas,8340.000,Elexon BMRS FUELHH
2024-02-09T08:00:00Z,Hydro,710.000,Elexon BMRS FUELHH
2024-02-09T08:00:00Z,Imports & Exports,4732.000,Elexon BMRS FUELHH
2024-02-09T08:00:00Z,Nuclear,3783.000,Elexon BMRS FUELHH
2024-02-09T08:00:00Z,Other,441.000,Elexon BMRS FUELHH
2024-02-09T08:00:00Z,Pumped Storage,340.000,Elexon BMRS FUELHH
2024-02-09T08:00:00Z,Wind,12935.000,Elexon BMRS FUELHH
2024-02-09T08:30:00Z,Biomass,3152.000,Elexon BMRS FUELHH
2024-02-09T08:30:00Z,Coal,957.000,Elexon BMRS FUELHH
2024-02-09T08:30:00Z,Gas,8517.000,Elexon BMRS FUELHH
2024-02-09T08:30:00Z,Hydro,698.000,Elexon BMRS FUELHH
2024-02-09T08:30:00Z,Imports & Exports,4838.000,Elexon BMRS FUELHH
2024-02-09T08:30:00Z,Nuclear,3783.000,Elexon BMRS FUELHH
2024-02-09T08:30:00Z,Other,510.000,Elexon BMRS FUELHH
2024-02-09T08:30:00Z,Pumped Storage,244.000,Elexon BMRS FUELHH
2024-02-09T08:30:00Z,Wind,12800.000,Elexon BMRS FUELHH
2024-02-09T09:00:00Z,Biomass,3134.000,Elexon BMRS FUELHH
2024-02-09T09:00:00Z,Coal,960.000,Elexon BMRS FUELHH
2024-02-09T09:00:00Z,Gas,8533.000,Elexon BMRS FUELHH
2024-02-09T09:00:00Z,Hydro,884.000,Elexon BMRS FUELHH
2024-02-09T09:00:00Z,Imports & Exports,5182.000,Elexon BMRS FUELHH
2024-02-09T09:00:00Z,Nuclear,3782.000,Elexon BMRS FUELHH
2024-02-09T09:00:00Z,Other,388.000,Elexon BMRS FUELHH
2024-02-09T09:00:00Z,Pumped Storage,142.000,Elexon BMRS FUELHH
2024-02-09T09:00:00Z,Wind,12976.000,Elexon BMRS FUELHH
2024-02-09T09:30:00Z,Biomass,3141.000,Elexon BMRS FUELHH
2024-02-09T09:30:00Z,Coal,956.000,Elexon BMRS FUELHH
2024-02-09T09:30:00Z,Gas,8770.000,Elexon BMRS FUELHH
2024-02-09T09:30:00Z,Hydro,826.000,Elexon BMRS FUELHH
2024-02-09T09:30:00Z,Imports & Exports,5246.000,Elexon BMRS FUELHH
2024-02-09T09:30:00Z,Nuclear,3785.000,Elexon BMRS FUELHH
2024-02-09T09:30:00Z,Other,436.000,Elexon BMRS FUELHH
2024-02-09T09:30:00Z,Pumped Storage,282.000,Elexon BMRS FUELHH
2024-02-09T09:30:00Z,Wind,12713.000,Elexon BMRS FUELHH
2024-02-09T10:00:00Z,Biomass,3146.000,Elexon BMRS FUELHH
2024-02-09T10:00:00Z,Coal,956.000,Elexon BMRS FUELHH
2024-02-09T10:00:00Z,Gas,8756.000,Elexon BMRS FUELHH
2024-02-09T10:00:00Z,Hydro,701.000,Elexon BMRS FUELHH
2024-02-09T10:00:00Z,Imports & Exports,5792.000,Elexon BMRS FUELHH
2024-02-09T10:00:00Z,Nuclear,3788.000,Elexon BMRS FUELHH
2024-02-09T10:00:00Z,Other,579.000,Elexon BMRS FUELHH
2024-02-09T10:00:00Z,Pumped Storage,-168.000,Elexon BMRS FUELHH
2024-02-09T10:00:00Z,Wind,12785.000,Elexon BMRS FUELHH
2024-02-09T10:30:00Z,Biomass,3159.000,Elexon BMRS FUELHH
2024-02-09T10:30:00Z,Coal,960.000,Elexon BMRS FUELHH
2024-02-09T10:30:00Z,Gas,8720.000,Elexon BMRS FUELHH
2024-02-09T10:30:00Z,Hydro,695.000,Elexon BMRS FUELHH
2024-02-09T10:30:00Z,Imports & Exports,5824.000,Elexon BMRS FUELHH
2024-02-09T10:30:00Z,Nuclear,3786.000,Elexon BMRS FUELHH
2024-02-09T10:30:00Z,Other,411.000,Elexon BMRS FUELHH
2024-02-09T10:30:00Z,Pumped Storage,38.000,Elexon BMRS FUELHH
2024-02-09T10:30:00Z,Wind,12536.000,Elexon BMRS FUELHH
2024-02-09T11:00:00Z,Biomass,3169.000,Elexon BMRS FUELHH
2024-02-09T11:00:00Z,Coal,953.000,Elexon BMRS FUELHH
2024-02-09T11:00:00Z,Gas,8599.000,Elexon BMRS FUELHH
2024-02-09T11:00:00Z,Hydro,700.000,Elexon BMRS FUELHH
2024-02-09T11:00:00Z,Imports & Exports,5870.000,Elexon BMRS FUELHH
2024-02-09T11:00:00Z,Nuclear,3792.000,Elexon BMRS FUELHH
2024-02-09T11:00:00Z,Other,459.000,Elexon BMRS FUELHH
2024-02-09T11:00:00Z,Pumped Storage,-60.000,Elexon BMRS FUELHH
2024-02-09T11:00:00Z,Wind,12414.000,Elexon BMRS FUELHH
2024-02-09T11:30:00Z,Biomass,3178.000,Elexon BMRS FUELHH
2024-02-09T11:30:00Z,Coal,930.000,Elexon BMRS FUELHH
2024-02-09T11:30:00Z,Gas,8224.000,Elexon BMRS FUELHH
2024-02-09T11:30:00Z,Hydro,693.000,Elexon BMRS FUELHH
2024-02-09T11:30:00Z,Imports & Exports,5870.000,Elexon BMRS FUELHH
2024-02-09T11:30:00Z,Nuclear,3795.000,Elexon BMRS FUELHH
2024-02-09T11:30:00Z,Other,543.000,Elexon BMRS FUELHH
2024-02-09T11:30:00Z,Pumped Storage,-172.000,Elexon BMRS FUELHH
2024-02-09T11:30:00Z,Wind,12820.000,Elexon BMRS FUELHH
2024-02-09T12:00:00Z,Biomass,3185.000,Elexon BMRS FUELHH
2024-02-09T12:00:00Z,Coal,867.000,Elexon BMRS FUELHH
2024-02-09T12:00:00Z,Gas,7929.000,Elexon BMRS FUELHH
2024-02-09T12:00:00Z,Hydro,685.000,Elexon BMRS FUELHH
2024-02-09T12:00:00Z,Imports & Exports,5870.000,Elexon BMRS FUELHH
2024-02-09T12:00:00Z,Nuclear,3786.000,Elexon BMRS FUELHH
2024-02-09T12:00:00Z,Other,346.000,Elexon BMRS FUELHH
2024-02-09T12:00:00Z,Pumped Storage,62.000,Elexon BMRS FUELHH
2024-02-09T12:00:00Z,Wind,13390.000,Elexon BMRS FUELHH
2024-02-09T12:30:00Z,Biomass,3166.000,Elexon BMRS FUELHH
2024-02-09T12:30:00Z,Coal,917.000,Elexon BMRS FUELHH
2024-02-09T12:30:00Z,Gas,7855.000,Elexon BMRS FUELHH
2024-02-09T12:30:00Z,Hydro,684.000,Elexon BMRS FUELHH
2024-02-09T12:30:00Z,Imports & Exports,5860.000,Elexon BMRS FUELHH
2024-02-09T12:30:00Z,Nuclear,3789.000,Elexon BMRS FUELHH
2024-02-09T12:30:00Z,Other,201.000,Elexon BMRS FUELHH
2024-02-09T12:30:00Z,Pumped Storage,138.000,Elexon BMRS FUELHH
2024-02-09T12:30:00Z,Wind,13445.000,Elexon BMRS FUELHH
2024-02-09T13:00:00Z,Biomass,3160.000,Elexon BMRS FUELHH
2024-02-09T13:00:00Z,Coal,914.000,Elexon BMRS FUELHH
2024-02-09T13:00:00Z,Gas,7954.000,Elexon BMRS FUELHH
2024-02-09T13:00:00Z,Hydro,687.000,Elexon BMRS FUELHH
2024-02-09T13:00:00Z,Imports & Exports,5422.000,Elexon BMRS FUELHH
2024-02-09T13:00:00Z,Nuclear,3786.000,Elexon BMRS FUELHH
2024-02-09T13:00:00Z,Other,458.000,Elexon BMRS FUELHH
2024-02-09T13:00:00Z,Pumped Storage,248.000,Elexon BMRS FUELHH
2024-02-09T13:00:00Z,Wind,13147.000,Elexon BMRS FUELHH
2024-02-09T13:30:00Z,Biomass,3156.000,Elexon BMRS FUELHH
2024-02-09T13:30:00Z,Coal,958.000,Elexon BMRS FUELHH
2024-02-09T13:30:00Z,Gas,8120.000,Elexon BMRS FUELHH
2024-02-09T13:30:00Z,Hydro,678.000,Elexon BMRS FUELHH
2024-02-09T13:30:00Z,Imports & Exports,5354.000,Elexon BMRS FUELHH
2024-02-09T13:30:00Z,Nuclear,3785.000,Elexon BMRS FUELHH
2024-02-09T13:30:00Z,Other,402.000,Elexon BMRS FUELHH
2024-02-09T13:30:00Z,Pumped Storage,172.000,Elexon BMRS FUELHH
2024-02-09T13:30:00Z,Wind,12927.000,Elexon BMRS FUELHH
2024-02-09T14:00:00Z,Biomass,3146.000,Elexon BMRS FUELHH
2024-02-09T14:00:00Z,Coal,960.000,Elexon BMRS FUELHH
2024-02-09T14:00:00Z,Gas,8625.000,Elexon BMRS FUELHH
2024-02-09T14:00:00Z,Hydro,678.000,Elexon BMRS FUELHH
2024-02-09T14:00:00Z,Imports & Exports,4580.000,Elexon BMRS FUELHH
2024-02-09T14:00:00Z,Nuclear,3787.000,Elexon BMRS FUELHH
2024-02-09T14:00:00Z,Other,459.000,Elexon BMRS FUELHH
2024-02-09T14:00:00Z,Pumped Storage,-20.000,Elexon BMRS FUELHH
2024-02-09T14:00:00Z,Wind,12852.000,Elexon BMRS FUELHH
2024-02-09T14:30:00Z,Biomass,3152.000,Elexon BMRS FUELHH
2024-02-09T14:30:00Z,Coal,960.000,Elexon BMRS FUELHH
2024-02-09T14:30:00Z,Gas,8888.000,Elexon BMRS FUELHH
2024-02-09T14:30:00Z,Hydro,695.000,Elexon BMRS FUELHH
2024-02-09T14:30:00Z,Imports & Exports,4534.000,Elexon BMRS FUELHH
2024-02-09T14:30:00Z,Nuclear,3778.000,Elexon BMRS FUELHH
2024-02-09T14:30:00Z,Other,209.000,Elexon BMRS FUELHH
2024-02-09T14:30:00Z,Pumped Storage,30.000,Elexon BMRS FUELHH
2024-02-09T14:30:00Z,Wind,12979.000,Elexon BMRS FUELHH
2024-02-09T15:00:00Z,Biomass,3117.000,Elexon BMRS FUELHH
2024-02-09T15:00:00Z,Coal,917.000,Elexon BMRS FUELHH
2024-02-09T15:00:00Z,Gas,9180.000,Elexon BMRS FUELHH
2024-02-09T15:00:00Z,Hydro,735.000,Elexon BMRS FUELHH
2024-02-09T15:00:00Z,Imports & Exports,3600.000,Elexon BMRS FUELHH
2024-02-09T15:00:00Z,Nuclear,3778.000,Elexon BMRS FUELHH
2024-02-09T15:00:00Z,Other,229.000,Elexon BMRS FUELHH
2024-02-09T15:00:00Z,Pumped Storage,128.000,Elexon BMRS FUELHH
2024-02-09T15:00:00Z,Wind,13160.000,Elexon BMRS FUELHH
2024-02-09T15:30:00Z,Biomass,3100.000,Elexon BMRS FUELHH
2024-02-09T15:30:00Z,Coal,946.000,Elexon BMRS FUELHH
2024-02-09T15:30:00Z,Gas,9862.000,Elexon BMRS FUELHH
2024-02-09T15:30:00Z,Hydro,756.000,Elexon BMRS FUELHH
2024-02-09T15:30:00Z,Imports & Exports,3528.000,Elexon BMRS FUELHH
2024-02-09T15:30:00Z,Nuclear,3784.000,Elexon BMRS FUELHH
2024-02-09T15:30:00Z,Other,209.000,Elexon BMRS FUELHH
2024-02-09T15:30:00Z,Pumped Storage,-14.000,Elexon BMRS FUELHH
2024-02-09T15:30:00Z,Wind,13131.000,Elexon BMRS FUELHH
2024-02-09T16:00:00Z,Biomass,3115.000,Elexon BMRS FUELHH
2024-02-09T16:00:00Z,Coal,959.000,Elexon BMRS FUELHH
2024-02-09T16:00:00Z,Gas,9752.000,Elexon BMRS FUELHH
2024-02-09T16:00:00Z,Hydro,772.000,Elexon BMRS FUELHH
2024-02-09T16:00:00Z,Imports & Exports,3648.000,Elexon BMRS FUELHH
2024-02-09T16:00:00Z,Nuclear,3778.000,Elexon BMRS FUELHH
2024-02-09T16:00:00Z,Other,265.000,Elexon BMRS FUELHH
2024-02-09T16:00:00Z,Pumped Storage,602.000,Elexon BMRS FUELHH
2024-02-09T16:00:00Z,Wind,13208.000,Elexon BMRS FUELHH
2024-02-09T16:30:00Z,Biomass,3135.000,Elexon BMRS FUELHH
2024-02-09T16:30:00Z,Coal,957.000,Elexon BMRS FUELHH
2024-02-09T16:30:00Z,Gas,10010.000,Elexon BMRS FUELHH
2024-02-09T16:30:00Z,Hydro,788.000,Elexon BMRS FUELHH
2024-02-09T16:30:00Z,Imports & Exports,3786.000,Elexon BMRS FUELHH
2024-02-09T16:30:00Z,Nuclear,3777.000,Elexon BMRS FUELHH
2024-02-09T16:30:00Z,Other,440.000,Elexon BMRS FUELHH
2024-02-09T16:30:00Z,Pumped Storage,844.000,Elexon BMRS FUELHH
2024-02-09T16:30:00Z,Wind,13330.000,Elexon BMRS FUELHH
2024-02-09T17:00:00Z,Biomass,3097.000,Elexon BMRS FUELHH
2024-02-09T17:00:00Z,Coal,883.000,Elexon BMRS FUELHH
2024-02-09T17:00:00Z,Gas,9973.000,Elexon BMRS FUELHH
2024-02-09T17:00:00Z,Hydro,854.000,Elexon BMRS FUELHH
2024-02-09T17:00:00Z,Imports & Exports,4342.000,Elexon BMRS FUELHH
2024-02-09T17:00:00Z,Nuclear,3774.000,Elexon BMRS FUELHH
2024-02-09T17:00:00Z,Other,486.000,Elexon BMRS FUELHH
2024-02-09T17:00:00Z,Pumped Storage,1602.000,Elexon BMRS FUELHH
2024-02-09T17:00:00Z,Wind,13169.000,Elexon BMRS FUELHH
2024-02-09T17:30:00Z,Biomass,3100.000,Elexon BMRS FUELHH
2024-02-09T17:30:00Z,Coal,927.000,Elexon BMRS FUELHH
2024-02-09T17:30:00Z,Gas,10245.000,Elexon BMRS FUELHH
2024-02-09T17:30:00Z,Hydro,975.000,Elexon BMRS FUELHH
2024-02-09T17:30:00Z,Imports & Exports,4410.000,Elexon BMRS FUELHH
2024-02-09T17:30:00Z,Nuclear,3775.000,Elexon BMRS FUELHH
2024-02-09T17:30:00Z,Other,858.000,Elexon BMRS FUELHH
2024-02-09T17:30:00Z,Pumped Storage,1514.000,Elexon BMRS FUELHH
2024-02-09T17:30:00Z,Wind,13255.000,Elexon BMRS FUELHH
2024-02-09T18:00:00Z,Biomass,3102.000,Elexon BMRS FUELHH
2024-02-09T18:00:00Z,Coal,877.000,Elexon BMRS FUELHH
2024-02-09T18:00:00Z,Gas,10234.000,Elexon BMRS FUELHH
2024-02-09T18:00:00Z,Hydro,837.000,Elexon BMRS FUELHH
2024-02-09T18:00:00Z,Imports & Exports,5164.000,Elexon BMRS FUELHH
2024-02-09T18:00:00Z,Nuclear,3777.000,Elexon BMRS FUELHH
2024-02-09T18:00:00Z,Other,462.000,Elexon BMRS FUELHH
2024-02-09T18:00:00Z,Pumped Storage,1694.000,Elexon BMRS FUELHH
2024-02-09T18:00:00Z,Wind,13102.000,Elexon BMRS FUELHH
2024-02-09T18:30:00Z,Biomass,3125.000,Elexon BMRS FUELHH
2024-02-09T18:30:00Z,Coal,564.000,Elexon BMRS FUELHH
2024-02-09T18:30:00Z,Gas,10315.000,Elexon BMRS FUELHH
2024-02-09T18:30:00Z,Hydro,836.000,Elexon BMRS FUELHH
2024-02-09T18:30:00Z,Imports & Exports,5176.000,Elexon BMRS FUELHH
2024-02-09T18:30:00Z,Nuclear,3783.000,Elexon BMRS FUELHH
2024-02-09T18:30:00Z,Other,360.000,Elexon BMRS FUELHH
2024-02-09T18:30:00Z,Pumped Storage,1222.000,Elexon BMRS FUELHH
2024-02-09T18:30:00Z,Wind,12922.000,Elexon BMRS FUELHH
2024-02-09T19:00:00Z,Biomass,3125.000,Elexon BMRS FUELHH
2024-02-09T19:00:00Z,Coal,341.000,Elexon BMRS FUELHH
2024-02-09T19:00:00Z,Gas,9972.000,Elexon BMRS FUELHH
2024-02-09T19:00:00Z,Hydro,817.000,Elexon BMRS FUELHH
2024-02-09T19:00:00Z,Imports & Exports,5692.000,Elexon BMRS FUELHH
2024-02-09T19:00:00Z,Nuclear,3782.000,Elexon BMRS FUELHH
2024-02-09T19:00:00Z,Other,292.000,Elexon BMRS FUELHH
2024-02-09T19:00:00Z,Pumped Storage,900.000,Elexon BMRS FUELHH
2024-02-09T19:00:00Z,Wind,12492.000,Elexon BMRS FUELHH
2024-02-09T19:30:00Z,Biomass,3113.000,Elexon BMRS FUELHH
2024-02-09T19:30:00Z,Coal,18.000,Elexon BMRS FUELHH
2024-02-09T19:30:00Z,Gas,9533.000,Elexon BMRS FUELHH
2024-02-09T19:30:00Z,Hydro,823.000,Elexon BMRS FUELHH
2024-02-09T19:30:00Z,Imports & Exports,5724.000,Elexon BMRS FUELHH
2024-02-09T19:30:00Z,Nuclear,3789.000,Elexon BMRS FUELHH
2024-02-09T19:30:00Z,Other,188.000,Elexon BMRS FUELHH
2024-02-09T19:30:00Z,Pumped Storage,364.000,Elexon BMRS FUELHH
2024-02-09T19:30:00Z,Wind,12502.000,Elexon BMRS FUELHH
2024-02-09T20:00:00Z,Biomass,3120.000,Elexon BMRS FUELHH
2024-02-09T20:00:00Z,Coal,0.000,Elexon BMRS FUELHH
2024-02-09T20:00:00Z,Gas,8413.000,Elexon BMRS FUELHH
2024-02-09T20:00:00Z,Hydro,806.000,Elexon BMRS FUELHH
2024-02-09T20:00:00Z,Imports & Exports,6024.000,Elexon BMRS FUELHH
2024-02-09T20:00:00Z,Nuclear,3787.000,Elexon BMRS FUELHH
2024-02-09T20:00:00Z,Other,175.000,Elexon BMRS FUELHH
2024-02-09T20:00:00Z,Pumped Storage,154.000,Elexon BMRS FUELHH
2024-02-09T20:00:00Z,Wind,12618.000,Elexon BMRS FUELHH
2024-02-09T20:30:00Z,Biomass,3119.000,Elexon BMRS FUELHH
2024-02-09T20:30:00Z,Coal,0.000,Elexon BMRS FUELHH
2024-02-09T20:30:00Z,Gas,7406.000,Elexon BMRS FUELHH
2024-02-09T20:30:00Z,Hydro,803.000,Elexon BMRS FUELHH
2024-02-09T20:30:00Z,Imports & Exports,6062.000,Elexon BMRS FUELHH
2024-02-09T20:30:00Z,Nuclear,3793.000,Elexon BMRS FUELHH
2024-02-09T20:30:00Z,Other,173.000,Elexon BMRS FUELHH
2024-02-09T20:30:00Z,Pumped Storage,12.000,Elexon BMRS FUELHH
2024-02-09T20:30:00Z,Wind,12527.000,Elexon BMRS FUELHH
2024-02-09T21:00:00Z,Biomass,3075.000,Elexon BMRS FUELHH
2024-02-09T21:00:00Z,Coal,0.000,Elexon BMRS FUELHH
2024-02-09T21:00:00Z,Gas,6778.000,Elexon BMRS FUELHH
2024-02-09T21:00:00Z,Hydro,685.000,Elexon BMRS FUELHH
2024-02-09T21:00:00Z,Imports & Exports,5628.000,Elexon BMRS FUELHH
2024-02-09T21:00:00Z,Nuclear,3715.000,Elexon BMRS FUELHH
2024-02-09T21:00:00Z,Other,171.000,Elexon BMRS FUELHH
2024-02-09T21:00:00Z,Pumped Storage,-14.000,Elexon BMRS FUELHH
2024-02-09T21:00:00Z,Wind,12534.000,Elexon BMRS FUELHH
2024-02-09T21:30:00Z,Biomass,2725.000,Elexon BMRS FUELHH
2024-02-09T21:30:00Z,Coal,0.000,Elexon BMRS FUELHH
2024-02-09T21:30:00Z,Gas,5906.000,Elexon BMRS FUELHH
2024-02-09T21:30:00Z,Hydro,659.000,Elexon BMRS FUELHH
2024-02-09T21:30:00Z,Imports & Exports,5632.000,Elexon BMRS FUELHH
2024-02-09T21:30:00Z,Nuclear,3616.000,Elexon BMRS FUELHH
2024-02-09T21:30:00Z,Other,159.000,Elexon BMRS FUELHH
2024-02-09T21:30:00Z,Pumped Storage,-12.000,Elexon BMRS FUELHH
2024-02-09T21:30:00Z,Wind,12481.000,Elexon BMRS FUELHH
2024-02-09T22:00:00Z,Biomass,2135.000,Elexon BMRS FUELHH
2024-02-09T22:00:00Z,Coal,0.000,Elexon BMRS FUELHH
2024-02-09T22:00:00Z,Gas,5408.000,Elexon BMRS FUELHH
2024-02-09T22:00:00Z,Hydro,646.000,Elexon BMRS FUELHH
2024-02-09T22:00:00Z,Imports & Exports,5204.000,Elexon BMRS FUELHH
2024-02-09T22:00:00Z,Nuclear,3603.000,Elexon BMRS FUELHH
2024-02-09T22:00:00Z,Other,285.000,Elexon BMRS FUELHH
2024-02-09T22:00:00Z,Pumped Storage,70.000,Elexon BMRS FUELHH
2024-02-09T22:00:00Z,Wind,11861.000,Elexon BMRS FUELHH
2024-02-09T22:30:00Z,Biomass,1835.000,Elexon BMRS FUELHH
2024-02-09T22:30:00Z,Coal,0.000,Elexon BMRS FUELHH
2024-02-09T22:30:00Z,Gas,4726.000,Elexon BMRS FUELHH
2024-02-09T22:30:00Z,Hydro,641.000,Elexon BMRS FUELHH
2024-02-09T22:30:00Z,Imports & Exports,5236.000,Elexon BMRS FUELHH
2024-02-09T22:30:00Z,Nuclear,3604.000,Elexon BMRS FUELHH
2024-02-09T22:30:00Z,Other,405.000,Elexon BMRS FUELHH
2024-02-09T22:30:00Z,Pumped Storage,48.000,Elexon BMRS FUELHH
2024-02-09T22:30:00Z,Wind,11229.000,Elexon BMRS FUELHH
2024-02-09T23:00:00Z,Biomass,1792.000,Elexon BMRS FUELHH
2024-02-09T23:00:00Z,Coal,0.000,Elexon BMRS FUELHH
2024-02-09T23:00:00Z,Gas,4768.000,Elexon BMRS FUELHH
2024-02-09T23:00:00Z,Hydro,637.000,Elexon BMRS FUELHH
2024-02-09T23:00:00Z,Imports & Exports,4996.000,Elexon BMRS FUELHH
2024-02-09T23:00:00Z,Nuclear,3601.000,Elexon BMRS FUELHH
2024-02-09T23:00:00Z,Other,275.000,Elexon BMRS FUELHH
2024-02-09T23:00:00Z,Pumped Storage,-564.000,Elexon BMRS FUELHH
2024-02-09T23:00:00Z,Wind,10949.000,Elexon BMRS FUELHH
2024-02-09T23:30:00Z,Biomass,1817.000,Elexon BMRS FUELHH
2024-02-09T23:30:00Z,Coal,0.000,Elexon BMRS FUELHH
2024-02-09T23:30:00Z,Gas,4300.000,Elexon BMRS FUELHH
2024-02-09T23:30:00Z,Hydro,630.000,Elexon BMRS FUELHH
2024-02-09T23:30:00Z,Imports & Exports,4862.000,Elexon BMRS FUELHH
2024-02-09T23:30:00Z,Nuclear,3601.000,Elexon BMRS FUELHH
2024-02-09T23:30:00Z,Other,330.000,Elexon BMRS FUELHH
2024-02-09T23:30:00Z,Pumped Storage,-706.000,Elexon BMRS FUELHH
2024-02-09T23:30:00Z,Wind,10969.000,Elexon BMRS FUELHH
2024-02-10T00:00:00Z,Biomass,1767.000,Elexon BMRS FUELHH
2024-02-10T00:00:00Z,Coal,0.000,Elexon BMRS FUELHH
2024-02-10T00:00:00Z,Gas,3838.000,Elexon BMRS FUELHH
2024-02-10T00:00:00Z,Hydro,588.000,Elexon BMRS FUELHH
2024-02-10T00:00:00Z,Imports & Exports,5674.000,Elexon BMRS FUELHH
2024-02-10T00:00:00Z,Nuclear,3604.000,Elexon BMRS FUELHH
2024-02-10T00:00:00Z,Other,279.000,Elexon BMRS FUELHH
2024-02-10T00:00:00Z,Pumped Storage,-708.000,Elexon BMRS FUELHH
2024-02-10T00:00:00Z,Wind,10814.000,Elexon BMRS FUELHH
2024-02-10T00:30:00Z,Biomass,1779.000,Elexon BMRS FUELHH
2024-02-10T00:30:00Z,Coal,0.000,Elexon BMRS FUELHH
2024-02-10T00:30:00Z,Gas,4366.000,Elexon BMRS FUELHH
2024-02-10T00:30:00Z,Hydro,585.000,Elexon BMRS FUELHH
2024-02-10T00:30:00Z,Imports & Exports,5770.000,Elexon BMRS FUELHH
2024-02-10T00:30:00Z,Nuclear,3605.000,Elexon BMRS FUELHH
2024-02-10T00:30:00Z,Other,327.000,Elexon BMRS FUELHH
2024-02-10T00:30:00Z,Pumped Storage,-710.000,Elexon BMRS FUELHH
2024-02-10T00:30:00Z,Wind,10450.000,Elexon BMRS FUELHH
2024-02-10T01:00:00Z,Biomass,1772.000,Elexon BMRS FUELHH
2024-02-10T01:00:00Z,Coal,0.000,Elexon BMRS FUELHH
2024-02-10T01:00:00Z,Gas,4135.000,Elexon BMRS FUELHH
2024-02-10T01:00:00Z,Hydro,554.000,Elexon BMRS FUELHH
2024-02-10T01:00:00Z,Imports & Exports,6310.000,Elexon BMRS FUELHH
2024-02-10T01:00:00Z,Nuclear,3608.000,Elexon BMRS FUELHH
2024-02-10T01:00:00Z,Other,253.000,Elexon BMRS FUELHH
2024-02-10T01:00:00Z,Pumped Storage,-942.000,Elexon BMRS FUELHH
2024-02-10T01:00:00Z,Wind,9851.000,Elexon BMRS FUELHH
2024-02-10T01:30:00Z,Biomass,1777.000,Elexon BMRS FUELHH
2024-02-10T01:30:00Z,Coal,0.000,Elexon BMRS FUELHH
2024-02-10T01:30:00Z,Gas,3935.000,Elexon BMRS FUELHH
2024-02-10T01:30:00Z,Hydro,551.000,Elexon BMRS FUELHH
2024-02-10T01:30:00Z,Imports & Exports,6340.000,Elexon BMRS FUELHH
2024-02-10T01:30:00Z,Nuclear,3601.000,Elexon BMRS FUELHH
2024-02-10T01:30:00Z,Other,252.000,Elexon BMRS FUELHH
2024-02-10T01:30:00Z,Pumped Storage,-994.000,Elexon BMRS FUELHH
2024-02-10T01:30:00Z,Wind,9397.000,Elexon BMRS FUELHH
2024-02-10T02:00:00Z,Biomass,1782.000,Elexon BMRS FUELHH
2024-02-10T02:00:00Z,Coal,0.000,Elexon BMRS FUELHH
2024-02-10T02:00:00Z,Gas,3816.000,Elexon BMRS FUELHH
2024-02-10T02:00:00Z,Hydro,536.000,Elexon BMRS FUELHH
2024-02-10T02:00:00Z,Imports & Exports,6608.000,Elexon BMRS FUELHH
2024-02-10T02:00:00Z,Nuclear,3601.000,Elexon BMRS FUELHH
2024-02-10T02:00:00Z,Other,255.000,Elexon BMRS FUELHH
2024-02-10T02:00:00Z,Pumped Storage,-992.000,Elexon BMRS FUELHH
2024-02-10T02:00:00Z,Wind,8838.000,Elexon BMRS FUELHH
2024-02-10T02:30:00Z,Biomass,1772.000,Elexon BMRS FUELHH
2024-02-10T02:30:00Z,Coal,0.000,Elexon BMRS FUELHH
2024-02-10T02:30:00Z,Gas,4122.000,Elexon BMRS FUELHH
2024-02-10T02:30:00Z,Hydro,535.000,Elexon BMRS FUELHH
2024-02-10T02:30:00Z,Imports & Exports,6608.000,Elexon BMRS FUELHH
2024-02-10T02:30:00Z,Nuclear,3606.000,Elexon BMRS FUELHH
2024-02-10T02:30:00Z,Other,313.000,Elexon BMRS FUELHH
2024-02-10T02:30:00Z,Pumped Storage,-996.000,Elexon BMRS FUELHH
2024-02-10T02:30:00Z,Wind,8186.000,Elexon BMRS FUELHH
2024-02-10T03:00:00Z,Biomass,1840.000,Elexon BMRS FUELHH
2024-02-10T03:00:00Z,Coal,0.000,Elexon BMRS FUELHH
2024-02-10T03:00:00Z,Gas,4247.000,Elexon BMRS FUELHH
2024-02-10T03:00:00Z,Hydro,532.000,Elexon BMRS FUELHH
2024-02-10T03:00:00Z,Imports & Exports,6324.000,Elexon BMRS FUELHH
2024-02-10T03:00:00Z,Nuclear,3603.000,Elexon BMRS FUELHH
2024-02-10T03:00:00Z,Other,342.000,Elexon BMRS FUELHH
2024-02-10T03:00:00Z,Pumped Storage,-928.000,Elexon BMRS FUELHH
2024-02-10T03:00:00Z,Wind,7507.000,Elexon BMRS FUELHH
2024-02-10T03:30:00Z,Biomass,1842.000,Elexon BMRS FUELHH
2024-02-10T03:30:00Z,Coal,0.000,Elexon BMRS FUELHH
2024-02-10T03:30:00Z,Gas,4211.000,Elexon BMRS FUELHH
2024-02-10T03:30:00Z,Hydro,543.000,Elexon BMRS FUELHH
2024-02-10T03:30:00Z,Imports & Exports,6310.000,Elexon BMRS FUELHH
2024-02-10T03:30:00Z,Nuclear,3606.000,Elexon BMRS FUELHH
2024-02-10T03:30:00Z,Other,263.000,Elexon BMRS FUELHH
2024-02-10T03:30:00Z,Pumped Storage,-984.000,Elexon BMRS FUELHH
2024-02-10T03:30:00Z,Wind,7100.000,Elexon BMRS FUELHH
2024-02-10T04:00:00Z,Biomass,1842.000,Elexon BMRS FUELHH
2024-02-10T04:00:00Z,Coal,0.000,Elexon BMRS FUELHH
2024-02-10T04:00:00Z,Gas,4233.000,Elexon BMRS FUELHH
2024-02-10T04:00:00Z,Hydro,582.000,Elexon BMRS FUELHH
2024-02-10T04:00:00Z,Imports & Exports,6350.000,Elexon BMRS FUELHH
2024-02-10T04:00:00Z,Nuclear,3606.000,Elexon BMRS FUELHH
2024-02-10T04:00:00Z,Other,329.000,Elexon BMRS FUELHH
2024-02-10T04:00:00Z,Pumped Storage,-980.000,Elexon BMRS FUELHH
2024-02-10T04:00:00Z,Wind,6795.000,Elexon BMRS FUELHH
2024-02-10T04:30:00Z,Biomass,1841.000,Elexon BMRS FUELHH
2024-02-10T04:30:00Z,Coal,0.000,Elexon BMRS FUELHH
2024-02-10T04:30:00Z,Gas,4460.000,Elexon BMRS FUELHH
2024-02-10T04:30:00Z,Hydro,587.000,Elexon BMRS FUELHH
2024-02-10T04:30:00Z,Imports & Exports,6382.000,Elexon BMRS FUELHH
2024-02-10T04:30:00Z,Nuclear,3606.000,Elexon BMRS FUELHH
2024-02-10T04:30:00Z,Other,289.000,Elexon BMRS FUELHH
2024-02-10T04:30:00Z,Pumped Storage,-984.000,Elexon BMRS FUELHH
2024-02-10T04:30:00Z,Wind,6427.000,Elexon BMRS FUELHH
2024-02-10T05:00:00Z,Biomass,1843.000,Elexon BMRS FUELHH
2024-02-10T05:00:00Z,Coal,0.000,Elexon BMRS FUELHH
2024-02-10T05:00:00Z,Gas,4735.000,Elexon BMRS FUELHH
2024-02-10T05:00:00Z,Hydro,587.000,Elexon BMRS FUELHH
2024-02-10T05:00:00Z,Imports & Exports,6568.000,Elexon BMRS FUELHH
2024-02-10T05:00:00Z,Nuclear,3605.000,Elexon BMRS FUELHH
2024-02-10T05:00:00Z,Other,255.000,Elexon BMRS FUELHH
2024-02-10T05:00:00Z,Pumped Storage,-980.000,Elexon BMRS FUELHH
2024-02-10T05:00:00Z,Wind,6149.000,Elexon BMRS FUELHH
2024-02-10T05:30:00Z,Biomass,1836.000,Elexon BMRS FUELHH
2024-02-10T05:30:00Z,Coal,0.000,Elexon BMRS FUELHH
2024-02-10T05:30:00Z,Gas,5575.000,Elexon BMRS FUELHH
2024-02-10T05:30:00Z,Hydro,587.000,Elexon BMRS FUELHH
2024-02-10T05:30:00Z,Imports & Exports,6554.000,Elexon BMRS FUELHH
2024-02-10T05:30:00Z,Nuclear,3474.000,Elexon BMRS FUELHH
2024-02-10T05:30:00Z,Other,260.000,Elexon BMRS FUELHH
2024-02-10T05:30:00Z,Pumped Storage,-724.000,Elexon BMRS FUELHH
2024-02-10T05:30:00Z,Wind,5641.000,Elexon BMRS FUELHH
2024-02-10T06:00:00Z,Biomass,1962.000,Elexon BMRS FUELHH
2024-02-10T06:00:00Z,Coal,151.000,Elexon BMRS FUELHH
2024-02-10T06:00:00Z,Gas,6594.000,Elexon BMRS FUELHH
2024-02-10T06:00:00Z,Hydro,608.000,Elexon BMRS FUELHH
2024-02-10T06:00:00Z,Imports & Exports,5664.000,Elexon BMRS FUELHH
2024-02-10T06:00:00Z,Nuclear,3444.000,Elexon BMRS FUELHH
2024-02-10T06:00:00Z,Other,757.000,Elexon BMRS FUELHH
2024-02-10T06:00:00Z,Pumped Storage,-256.000,Elexon BMRS FUELHH
2024-02-10T06:00:00Z,Wind,5301.000,Elexon BMRS FUELHH
2024-02-10T06:30:00Z,Biomass,2241.000,Elexon BMRS FUELHH
2024-02-10T06:30:00Z,Coal,320.000,Elexon BMRS FUELHH
2024-02-10T06:30:00Z,Gas,8238.000,Elexon BMRS FUELHH
2024-02-10T06:30:00Z,Hydro,652.000,Elexon BMRS FUELHH
2024-02-10T06:30:00Z,Imports & Exports,5624.000,Elexon BMRS FUELHH
2024-02-10T06:30:00Z,Nuclear,3441.000,Elexon BMRS FUELHH
2024-02-10T06:30:00Z,Other,467.000,Elexon BMRS FUELHH
2024-02-10T06:30:00Z,Pumped Storage,-294.000,Elexon BMRS FUELHH
2024-02-10T06:30:00Z,Wind,5003.000,Elexon BMRS FUELHH
2024-02-10T07:00:00Z,Biomass,2434.000,Elexon BMRS FUELHH
2024-02-10T07:00:00Z,Coal,437.000,Elexon BMRS FUELHH
2024-02-10T07:00:00Z,Gas,10790.000,Elexon BMRS FUELHH
2024-02-10T07:00:00Z,Hydro,702.000,Elexon BMRS FUELHH
2024-02-10T07:00:00Z,Imports & Exports,3324.000,Elexon BMRS FUELHH
2024-02-10T07:00:00Z,Nuclear,3438.000,Elexon BMRS FUELHH
2024-02-10T07:00:00Z,Other,323.000,Elexon BMRS FUELHH
2024-02-10T07:00:00Z,Pumped Storage,388.000,Elexon BMRS FUELHH
2024-02-10T07:00:00Z,Wind,4808.000,Elexon BMRS FUELHH
2024-02-10T07:30:00Z,Biomass,2445.000,Elexon BMRS FUELHH
2024-02-10T07:30:00Z,Coal,388.000,Elexon BMRS FUELHH
2024-02-10T07:30:00Z,Gas,11868.000,Elexon BMRS FUELHH
2024-02-10T07:30:00Z,Hydro,711.000,Elexon BMRS FUELHH
2024-02-10T07:30:00Z,Imports & Exports,3290.000,Elexon BMRS FUELHH
2024-02-10T07:30:00Z,Nuclear,3440.000,Elexon BMRS FUELHH
2024-02-10T07:30:00Z,Other,420.000,Elexon BMRS FUELHH
2024-02-10T07:30:00Z,Pumped Storage,410.000,Elexon BMRS FUELHH
2024-02-10T07:30:00Z,Wind,4460.000,Elexon BMRS FUELHH
2024-02-10T08:00:00Z,Biomass,2446.000,Elexon BMRS FUELHH
2024-02-10T08:00:00Z,Coal,414.000,Elexon BMRS FUELHH
2024-02-10T08:00:00Z,Gas,12538.000,Elexon BMRS FUELHH
2024-02-10T08:00:00Z,Hydro,730.000,Elexon BMRS FUELHH
2024-02-10T08:00:00Z,Imports & Exports,4690.000,Elexon BMRS FUELHH
2024-02-10T08:00:00Z,Nuclear,3438.000,Elexon BMRS FUELHH
2024-02-10T08:00:00Z,Other,356.000,Elexon BMRS FUELHH
2024-02-10T08:00:00Z,Pumped Storage,126.000,Elexon BMRS FUELHH
2024-02-10T08:00:00Z,Wind,4408.000,Elexon BMRS FUELHH
2024-02-10T08:30:00Z,Biomass,2464.000,Elexon BMRS FUELHH
2024-02-10T08:30:00Z,Coal,609.000,Elexon BMRS FUELHH
2024-02-10T08:30:00Z,Gas,12893.000,Elexon BMRS FUELHH
2024-02-10T08:30:00Z,Hydro,734.000,Elexon BMRS FUELHH
2024-02-10T08:30:00Z,Imports & Exports,4838.000,Elexon BMRS FUELHH
2024-02-10T08:30:00Z,Nuclear,3439.000,Elexon BMRS FUELHH
2024-02-10T08:30:00Z,Other,494.000,Elexon BMRS FUELHH
2024-02-10T08:30:00Z,Pumped Storage,8.000,Elexon BMRS FUELHH
2024-02-10T08:30:00Z,Wind,4296.000,Elexon BMRS FUELHH
2024-02-10T09:00:00Z,Biomass,2451.000,Elexon BMRS FUELHH
2024-02-10T09:00:00Z,Coal,796.000,Elexon BMRS FUELHH
2024-02-10T09:00:00Z,Gas,12521.000,Elexon BMRS FUELHH
2024-02-10T09:00:00Z,Hydro,732.000,Elexon BMRS FUELHH
2024-02-10T09:00:00Z,Imports & Exports,6760.000,Elexon BMRS FUELHH
2024-02-10T09:00:00Z,Nuclear,3441.000,Elexon BMRS FUELHH
2024-02-10T09:00:00Z,Other,331.000,Elexon BMRS FUELHH
2024-02-10T09:00:00Z,Pumped Storage,-16.000,Elexon BMRS FUELHH
2024-02-10T09:00:00Z,Wind,3931.000,Elexon BMRS FUELHH
2024-02-10T09:30:00Z,Biomass,2440.000,Elexon BMRS FUELHH
2024-02-10T09:30:00Z,Coal,810.000,Elexon BMRS FUELHH
2024-02-10T09:30:00Z,Gas,12830.000,Elexon BMRS FUELHH
2024-02-10T09:30:00Z,Hydro,733.000,Elexon BMRS FUELHH
2024-02-10T09:30:00Z,Imports & Exports,6768.000,Elexon BMRS FUELHH
2024-02-10T09:30:00Z,Nuclear,3441.000,Elexon BMRS FUELHH
2024-02-10T09:30:00Z,Other,231.000,Elexon BMRS FUELHH
2024-02-10T09:30:00Z,Pumped Storage,-22.000,Elexon BMRS FUELHH
2024-02-10T09:30:00Z,Wind,3681.000,Elexon BMRS FUELHH
2024-02-10T10:00:00Z,Biomass,2441.000,Elexon BMRS FUELHH
2024-02-10T10:00:00Z,Coal,740.000,Elexon BMRS FUELHH
2024-02-10T10:00:00Z,Gas,13027.000,Elexon BMRS FUELHH
2024-02-10T10:00:00Z,Hydro,742.000,Elexon BMRS FUELHH
2024-02-10T10:00:00Z,Imports & Exports,6794.000,Elexon BMRS FUELHH
2024-02-10T10:00:00Z,Nuclear,3444.000,Elexon BMRS FUELHH
2024-02-10T10:00:00Z,Other,229.000,Elexon BMRS FUELHH
2024-02-10T10:00:00Z,Pumped Storage,2.000,Elexon BMRS FUELHH
2024-02-10T10:00:00Z,Wind,3441.000,Elexon BMRS FUELHH
2024-02-10T10:30:00Z,Biomass,2435.000,Elexon BMRS FUELHH
2024-02-10T10:30:00Z,Coal,728.000,Elexon BMRS FUELHH
2024-02-10T10:30:00Z,Gas,12972.000,Elexon BMRS FUELHH
2024-02-10T10:30:00Z,Hydro,738.000,Elexon BMRS FUELHH
2024-02-10T10:30:00Z,Imports & Exports,6794.000,Elexon BMRS FUELHH
2024-02-10T10:30:00Z,Nuclear,3444.000,Elexon BMRS FUELHH
2024-02-10T10:30:00Z,Other,289.000,Elexon BMRS FUELHH
2024-02-10T10:30:00Z,Pumped Storage,46.000,Elexon BMRS FUELHH
2024-02-10T10:30:00Z,Wind,3216.000,Elexon BMRS FUELHH
2024-02-10T11:00:00Z,Biomass,2457.000,Elexon BMRS FUELHH
2024-02-10T11:00:00Z,Coal,699.000,Elexon BMRS FUELHH
2024-02-10T11:00:00Z,Gas,13056.000,Elexon BMRS FUELHH
2024-02-10T11:00:00Z,Hydro,720.000,Elexon BMRS FUELHH
2024-02-10T11:00:00Z,Imports & Exports,6790.000,Elexon BMRS FUELHH
2024-02-10T11:00:00Z,Nuclear,3444.000,Elexon BMRS FUELHH
2024-02-10T11:00:00Z,Other,274.000,Elexon BMRS FUELHH
2024-02-10T11:00:00Z,Pumped Storage,-20.000,Elexon BMRS FUELHH
2024-02-10T11:00:00Z,Wind,3091.000,Elexon BMRS FUELHH
2024-02-10T11:30:00Z,Biomass,2488.000,Elexon BMRS FUELHH
2024-02-10T11:30:00Z,Coal,707.000,Elexon BMRS FUELHH
2024-02-10T11:30:00Z,Gas,13220.000,Elexon BMRS FUELHH
2024-02-10T11:30:00Z,Hydro,737.000,Elexon BMRS FUELHH
2024-02-10T11:30:00Z,Imports & Exports,6790.000,Elexon BMRS FUELHH
2024-02-10T11:30:00Z,Nuclear,3444.000,Elexon BMRS FUELHH
2024-02-10T11:30:00Z,Other,300.000,Elexon BMRS FUELHH
2024-02-10T11:30:00Z,Pumped Storage,-2.000,Elexon BMRS FUELHH
2024-02-10T11:30:00Z,Wind,2892.000,Elexon BMRS FUELHH
2024-02-10T12:00:00Z,Biomass,2475.000,Elexon BMRS FUELHH
2024-02-10T12:00:00Z,Coal,754.000,Elexon BMRS FUELHH
2024-02-10T12:00:00Z,Gas,13358.000,Elexon BMRS FUELHH
2024-02-10T12:00:00Z,Hydro,774.000,Elexon BMRS FUELHH
2024-02-10T12:00:00Z,Imports & Exports,6768.000,Elexon BMRS FUELHH
2024-02-10T12:00:00Z,Nuclear,3447.000,Elexon BMRS FUELHH
2024-02-10T12:00:00Z,Other,228.000,Elexon BMRS FUELHH
2024-02-10T12:00:00Z,Pumped Storage,40.000,Elexon BMRS FUELHH
2024-02-10T12:00:00Z,Wind,2770.000,Elexon BMRS FUELHH
2024-02-10T12:30:00Z,Biomass,2421.000,Elexon BMRS FUELHH
2024-02-10T12:30:00Z,Coal,712.000,Elexon BMRS FUELHH
2024-02-10T12:30:00Z,Gas,13293.000,Elexon BMRS FUELHH
2024-02-10T12:30:00Z,Hydro,748.000,Elexon BMRS FUELHH
2024-02-10T12:30:00Z,Imports & Exports,6752.000,Elexon BMRS FUELHH
2024-02-10T12:30:00Z,Nuclear,3474.000,Elexon BMRS FUELHH
2024-02-10T12:30:00Z,Other,275.000,Elexon BMRS FUELHH
2024-02-10T12:30:00Z,Pumped Storage,154.000,Elexon BMRS FUELHH
2024-02-10T12:30:00Z,Wind,2724.000,Elexon BMRS FUELHH
2024-02-10T13:00:00Z,Biomass,2441.000,Elexon BMRS FUELHH
2024-02-10T13:00:00Z,Coal,760.000,Elexon BMRS FUELHH
2024-02-10T13:00:00Z,Gas,13462.000,Elexon BMRS FUELHH
2024-02-10T13:00:00Z,Hydro,757.000,Elexon BMRS FUELHH
2024-02-10T13:00:00Z,Imports & Exports,6422.000,Elexon BMRS FUELHH
2024-02-10T13:00:00Z,Nuclear,3540.000,Elexon BMRS FUELHH
2024-02-10T13:00:00Z,Other,236.000,Elexon BMRS FUELHH
2024-02-10T13:00:00Z,Pumped Storage,132.000,Elexon BMRS FUELHH
2024-02-10T13:00:00Z,Wind,2726.000,Elexon BMRS FUELHH
2024-02-10T13:30:00Z,Biomass,2405.000,Elexon BMRS FUELHH
2024-02-10T13:30:00Z,Coal,754.000,Elexon BMRS FUELHH
2024-02-10T13:30:00Z,Gas,13797.000,Elexon BMRS FUELHH
2024-02-10T13:30:00Z,Hydro,769.000,Elexon BMRS FUELHH
2024-02-10T13:30:00Z,Imports & Exports,6402.000,Elexon BMRS FUELHH
2024-02-10T13:30:00Z,Nuclear,3580.000,Elexon BMRS FUELHH
2024-02-10T13:30:00Z,Other,247.000,Elexon BMRS FUELHH
2024-02-10T13:30:00Z,Pumped Storage,132.000,Elexon BMRS FUELHH
2024-02-10T13:30:00Z,Wind,2702.000,Elexon BMRS FUELHH
2024-02-10T14:00:00Z,Biomass,2401.000,Elexon BMRS FUELHH
2024-02-10T14:00:00Z,Coal,771.000,Elexon BMRS FUELHH
2024-02-10T14:00:00Z,Gas,14150.000,Elexon BMRS FUELHH
2024-02-10T14:00:00Z,Hydro,733.000,Elexon BMRS FUELHH
2024-02-10T14:00:00Z,Imports & Exports,6052.000,Elexon BMRS FUELHH
2024-02-10T14:00:00Z,Nuclear,3597.000,Elexon BMRS FUELHH
2024-02-10T14:00:00Z,Other,319.000,Elexon BMRS FUELHH
2024-02-10T14:00:00Z,Pumped Storage,134.000,Elexon BMRS FUELHH
2024-02-10T14:00:00Z,Wind,2679.000,Elexon BMRS FUELHH
2024-02-10T14:30:00Z,Biomass,2448.000,Elexon BMRS FUELHH
2024-02-10T14:30:00Z,Coal,770.000,Elexon BMRS FUELHH
2024-02-10T14:30:00Z,Gas,14447.000,Elexon BMRS FUELHH
2024-02-10T14:30:00Z,Hydro,740.000,Elexon BMRS FUELHH
2024-02-10T14:30:00Z,Imports & Exports,5940.000,Elexon BMRS FUELHH
2024-02-10T14:30:00Z,Nuclear,3594.000,Elexon BMRS FUELHH
2024-02-10T14:30:00Z,Other,438.000,Elexon BMRS FUELHH
2024-02-10T14:30:00Z,Pumped Storage,10.000,Elexon BMRS FUELHH
2024-02-10T14:30:00Z,Wind,2636.000,Elexon BMRS FUELHH
2024-02-10T15:00:00Z,Biomass,2479.000,Elexon BMRS FUELHH
2024-02-10T15:00:00Z,Coal,866.000,Elexon BMRS FUELHH
2024-02-10T15:00:00Z,Gas,15059.000,Elexon BMRS FUELHH
2024-02-10T15:00:00Z,Hydro,735.000,Elexon BMRS FUELHH
2024-02-10T15:00:00Z,Imports & Exports,4980.000,Elexon BMRS FUELHH
2024-02-10T15:00:00Z,Nuclear,3605.000,Elexon BMRS FUELHH
2024-02-10T15:00:00Z,Other,346.000,Elexon BMRS FUELHH
2024-02-10T15:00:00Z,Pumped Storage,454.000,Elexon BMRS FUELHH
2024-02-10T15:00:00Z,Wind,2638.000,Elexon BMRS FUELHH
2024-02-10T15:30:00Z,Biomass,2481.000,Elexon BMRS FUELHH
2024-02-10T15:30:00Z,Coal,785.000,Elexon BMRS FUELHH
2024-02-10T15:30:00Z,Gas,15469.000,Elexon BMRS FUELHH
2024-02-10T15:30:00Z,Hydro,747.000,Elexon BMRS FUELHH
2024-02-10T15:30:00Z,Imports & Exports,5002.000,Elexon BMRS FUELHH
2024-02-10T15:30:00Z,Nuclear,3603.000,Elexon BMRS FUELHH
2024-02-10T15:30:00Z,Other,258.000,Elexon BMRS FUELHH
2024-02-10T15:30:00Z,Pumped Storage,618.000,Elexon BMRS FUELHH
2024-02-10T15:30:00Z,Wind,2749.000,Elexon BMRS FUELHH
2024-02-10T16:00:00Z,Biomass,2412.000,Elexon BMRS FUELHH
2024-02-10T16:00:00Z,Coal,674.000,Elexon BMRS FUELHH
2024-02-10T16:00:00Z,Gas,15527.000,Elexon BMRS FUELHH
2024-02-10T16:00:00Z,Hydro,786.000,Elexon BMRS FUELHH
2024-02-10T16:00:00Z,Imports & Exports,5626.000,Elexon BMRS FUELHH
2024-02-10T16:00:00Z,Nuclear,3601.000,Elexon BMRS FUELHH
2024-02-10T16:00:00Z,Other,235.000,Elexon BMRS FUELHH
2024-02-10T16:00:00Z,Pumped Storage,1008.000,Elexon BMRS FUELHH
2024-02-10T16:00:00Z,Wind,2840.000,Elexon BMRS FUELHH
2024-02-10T16:30:00Z,Biomass,2488.000,Elexon BMRS FUELHH
2024-02-10T16:30:00Z,Coal,841.000,Elexon BMRS FUELHH
2024-02-10T16:30:00Z,Gas,16342.000,Elexon BMRS FUELHH
2024-02-10T16:30:00Z,Hydro,832.000,Elexon BMRS FUELHH
2024-02-10T16:30:00Z,Imports & Exports,5666.000,Elexon BMRS FUELHH
2024-02-10T16:30:00Z,Nuclear,3600.000,Elexon BMRS FUELHH
2024-02-10T16:30:00Z,Other,455.000,Elexon BMRS FUELHH
2024-02-10T16:30:00Z,Pumped Storage,1020.000,Elexon BMRS FUELHH
2024-02-10T16:30:00Z,Wind,2916.000,Elexon BMRS FUELHH
2024-02-10T17:00:00Z,Biomass,2486.000,Elexon BMRS FUELHH
2024-02-10T17:00:00Z,Coal,861.000,Elexon BMRS FUELHH
2024-02-10T17:00:00Z,Gas,16296.000,Elexon BMRS FUELHH
2024-02-10T17:00:00Z,Hydro,1073.000,Elexon BMRS FUELHH
2024-02-10T17:00:00Z,Imports & Exports,6668.000,Elexon BMRS FUELHH
2024-02-10T17:00:00Z,Nuclear,3602.000,Elexon BMRS FUELHH
2024-02-10T17:00:00Z,Other,412.000,Elexon BMRS FUELHH
2024-02-10T17:00:00Z,Pumped Storage,1374.000,Elexon BMRS FUELHH
2024-02-10T17:00:00Z,Wind,3092.000,Elexon BMRS FUELHH
2024-02-10T17:30:00Z,Biomass,2485.000,Elexon BMRS FUELHH
2024-02-10T17:30:00Z,Coal,900.000,Elexon BMRS FUELHH
2024-02-10T17:30:00Z,Gas,16399.000,Elexon BMRS FUELHH
2024-02-10T17:30:00Z,Hydro,1118.000,Elexon BMRS FUELHH
2024-02-10T17:30:00Z,Imports & Exports,6708.000,Elexon BMRS FUELHH
2024-02-10T17:30:00Z,Nuclear,3604.000,Elexon BMRS FUELHH
2024-02-10T17:30:00Z,Other,847.000,Elexon BMRS FUELHH
2024-02-10T17:30:00Z,Pumped Storage,1572.000,Elexon BMRS FUELHH
2024-02-10T17:30:00Z,Wind,3220.000,Elexon BMRS FUELHH
2024-02-10T18:00:00Z,Biomass,2538.000,Elexon BMRS FUELHH
2024-02-10T18:00:00Z,Coal,950.000,Elexon BMRS FUELHH
2024-02-10T18:00:00Z,Gas,16374.000,Elexon BMRS FUELHH
2024-02-10T18:00:00Z,Hydro,1065.000,Elexon BMRS FUELHH
2024-02-10T18:00:00Z,Imports & Exports,6880.000,Elexon BMRS FUELHH
2024-02-10T18:00:00Z,Nuclear,3605.000,Elexon BMRS FUELHH
2024-02-10T18:00:00Z,Other,914.000,Elexon BMRS FUELHH
2024-02-10T18:00:00Z,Pumped Storage,1566.000,Elexon BMRS FUELHH
2024-02-10T18:00:00Z,Wind,3054.000,Elexon BMRS FUELHH
2024-02-10T18:30:00Z,Biomass,2610.000,Elexon BMRS FUELHH
2024-02-10T18:30:00Z,Coal,952.000,Elexon BMRS FUELHH
2024-02-10T18:30:00Z,Gas,16371.000,Elexon BMRS FUELHH
2024-02-10T18:30:00Z,Hydro,1086.000,Elexon BMRS FUELHH
2024-02-10T18:30:00Z,Imports & Exports,6880.000,Elexon BMRS FUELHH
2024-02-10T18:30:00Z,Nuclear,3602.000,Elexon BMRS FUELHH
2024-02-10T18:30:00Z,Other,627.000,Elexon BMRS FUELHH
2024-02-10T18:30:00Z,Pumped Storage,1220.000,Elexon BMRS FUELHH
2024-02-10T18:30:00Z,Wind,2851.000,Elexon BMRS FUELHH
2024-02-10T19:00:00Z,Biomass,2856.000,Elexon BMRS FUELHH
2024-02-10T19:00:00Z,Coal,956.000,Elexon BMRS FUELHH
2024-02-10T19:00:00Z,Gas,16354.000,Elexon BMRS FUELHH
2024-02-10T19:00:00Z,Hydro,1028.000,Elexon BMRS FUELHH
2024-02-10T19:00:00Z,Imports & Exports,6888.000,Elexon BMRS FUELHH
2024-02-10T19:00:00Z,Nuclear,3600.000,Elexon BMRS FUELHH
2024-02-10T19:00:00Z,Other,430.000,Elexon BMRS FUELHH
2024-02-10T19:00:00Z,Pumped Storage,470.000,Elexon BMRS FUELHH
2024-02-10T19:00:00Z,Wind,2747.000,Elexon BMRS FUELHH
2024-02-10T19:30:00Z,Biomass,3100.000,Elexon BMRS FUELHH
2024-02-10T19:30:00Z,Coal,917.000,Elexon BMRS FUELHH
2024-02-10T19:30:00Z,Gas,15490.000,Elexon BMRS FUELHH
2024-02-10T19:30:00Z,Hydro,905.000,Elexon BMRS FUELHH
2024-02-10T19:30:00Z,Imports & Exports,6886.000,Elexon BMRS FUELHH
2024-02-10T19:30:00Z,Nuclear,3601.000,Elexon BMRS FUELHH
2024-02-10T19:30:00Z,Other,277.000,Elexon BMRS FUELHH
2024-02-10T19:30:00Z,Pumped Storage,282.000,Elexon BMRS FUELHH
2024-02-10T19:30:00Z,Wind,2915.000,Elexon BMRS FUELHH
2024-02-10T20:00:00Z,Biomass,3119.000,Elexon BMRS FUELHH
2024-02-10T20:00:00Z,Coal,960.000,Elexon BMRS FUELHH
2024-02-10T20:00:00Z,Gas,14567.000,Elexon BMRS FUELHH
2024-02-10T20:00:00Z,Hydro,819.000,Elexon BMRS FUELHH
2024-02-10T20:00:00Z,Imports & Exports,6832.000,Elexon BMRS FUELHH
2024-02-10T20:00:00Z,Nuclear,3607.000,Elexon BMRS FUELHH
2024-02-10T20:00:00Z,Other,248.000,Elexon BMRS FUELHH
2024-02-10T20:00:00Z,Pumped Storage,138.000,Elexon BMRS FUELHH
2024-02-10T20:00:00Z,Wind,3056.000,Elexon BMRS FUELHH
2024-02-10T20:30:00Z,Biomass,3101.000,Elexon BMRS FUELHH
2024-02-10T20:30:00Z,Coal,874.000,Elexon BMRS FUELHH
2024-02-10T20:30:00Z,Gas,13791.000,Elexon BMRS FUELHH
2024-02-10T20:30:00Z,Hydro,798.000,Elexon BMRS FUELHH
2024-02-10T20:30:00Z,Imports & Exports,6944.000,Elexon BMRS FUELHH
2024-02-10T20:30:00Z,Nuclear,3608.000,Elexon BMRS FUELHH
2024-02-10T20:30:00Z,Other,186.000,Elexon BMRS FUELHH
2024-02-10T20:30:00Z,Pumped Storage,134.000,Elexon BMRS FUELHH
2024-02-10T20:30:00Z,Wind,3068.000,Elexon BMRS FUELHH
2024-02-10T21:00:00Z,Biomass,3050.000,Elexon BMRS FUELHH
2024-02-10T21:00:00Z,Coal,707.000,Elexon BMRS FUELHH
2024-02-10T21:00:00Z,Gas,13013.000,Elexon BMRS FUELHH
2024-02-10T21:00:00Z,Hydro,688.000,Elexon BMRS FUELHH
2024-02-10T21:00:00Z,Imports & Exports,6940.000,Elexon BMRS FUELHH
2024-02-10T21:00:00Z,Nuclear,3606.000,Elexon BMRS FUELHH
2024-02-10T21:00:00Z,Other,190.000,Elexon BMRS FUELHH
2024-02-10T21:00:00Z,Pumped Storage,32.000,Elexon BMRS FUELHH
2024-02-10T21:00:00Z,Wind,3036.000,Elexon BMRS FUELHH
2024-02-10T21:30:00Z,Biomass,3041.000,Elexon BMRS FUELHH
2024-02-10T21:30:00Z,Coal,627.000,Elexon BMRS FUELHH
2024-02-10T21:30:00Z,Gas,12168.000,Elexon BMRS FUELHH
2024-02-10T21:30:00Z,Hydro,688.000,Elexon BMRS FUELHH
2024-02-10T21:30:00Z,Imports & Exports,6976.000,Elexon BMRS FUELHH
2024-02-10T21:30:00Z,Nuclear,3609.000,Elexon BMRS FUELHH
2024-02-10T21:30:00Z,Other,222.000,Elexon BMRS FUELHH
2024-02-10T21:30:00Z,Pumped Storage,-14.000,Elexon BMRS FUELHH
2024-02-10T21:30:00Z,Wind,2977.000,Elexon BMRS FUELHH
2024-02-10T22:00:00Z,Biomass,3008.000,Elexon BMRS FUELHH
2024-02-10T22:00:00Z,Coal,474.000,Elexon BMRS FUELHH
2024-02-10T22:00:00Z,Gas,11325.000,Elexon BMRS FUELHH
2024-02-10T22:00:00Z,Hydro,658.000,Elexon BMRS FUELHH
2024-02-10T22:00:00Z,Imports & Exports,6974.000,Elexon BMRS FUELHH
2024-02-10T22:00:00Z,Nuclear,3605.000,Elexon BMRS FUELHH
2024-02-10T22:00:00Z,Other,219.000,Elexon BMRS FUELHH
2024-02-10T22:00:00Z,Pumped Storage,-10.000,Elexon BMRS FUELHH
2024-02-10T22:00:00Z,Wind,2704.000,Elexon BMRS FUELHH
2024-02-10T22:30:00Z,Biomass,2247.000,Elexon BMRS FUELHH
2024-02-10T22:30:00Z,Coal,460.000,Elexon BMRS FUELHH
2024-02-10T22:30:00Z,Gas,11210.000,Elexon BMRS FUELHH
2024-02-10T22:30:00Z,Hydro,631.000,Elexon BMRS FUELHH
2024-02-10T22:30:00Z,Imports & Exports,6998.000,Elexon BMRS FUELHH
2024-02-10T22:30:00Z,Nuclear,3619.000,Elexon BMRS FUELHH
2024-02-10T22:30:00Z,Other,227.000,Elexon BMRS FUELHH
2024-02-10T22:30:00Z,Pumped Storage,-10.000,Elexon BMRS FUELHH
2024-02-10T22:30:00Z,Wind,2536.000,Elexon BMRS FUELHH
2024-02-10T23:00:00Z,Biomass,1261.000,Elexon BMRS FUELHH
2024-02-10T23:00:00Z,Coal,587.000,Elexon BMRS FUELHH
2024-02-10T23:00:00Z,Gas,10445.000,Elexon BMRS FUELHH
2024-02-10T23:00:00Z,Hydro,607.000,Elexon BMRS FUELHH
2024-02-10T23:00:00Z,Imports & Exports,7060.000,Elexon BMRS FUELHH
2024-02-10T23:00:00Z,Nuclear,3659.000,Elexon BMRS FUELHH
2024-02-10T23:00:00Z,Other,261.000,Elexon BMRS FUELHH
2024-02-10T23:00:00Z,Pumped Storage,-10.000,Elexon BMRS FUELHH
2024-02-10T23:00:00Z,Wind,2490.000,Elexon BMRS FUELHH
2024-02-10T23:30:00Z,Biomass,1146.000,Elexon BMRS FUELHH
2024-02-10T23:30:00Z,Coal,806.000,Elexon BMRS FUELHH
2024-02-10T23:30:00Z,Gas,9567.000,Elexon BMRS FUELHH
2024-02-10T23:30:00Z,Hydro,598.000,Elexon BMRS FUELHH
2024-02-10T23:30:00Z,Imports & Exports,6976.000,Elexon BMRS FUELHH
2024-02-10T23:30:00Z,Nuclear,3691.000,Elexon BMRS FUELHH
2024-02-10T23:30:00Z,Other,264.000,Elexon BMRS FUELHH
2024-02-10T23:30:00Z,Pumped Storage,-10.000,Elexon BMRS FUELHH
2024-02-10T23:30:00Z,Wind,2565.000,Elexon BMRS FUELHH
2024-02-11T00:00:00Z,Biomass,1145.000,Elexon BMRS FUELHH
2024-02-11T00:00:00Z,Coal,822.000,Elexon BMRS FUELHH
2024-02-11T00:00:00Z,Gas,9478.000,Elexon BMRS FUELHH
2024-02-11T00:00:00Z,Hydro,544.000,Elexon BMRS FUELHH
2024-02-11T00:00:00Z,Imports & Exports,6744.000,Elexon BMRS FUELHH
2024-02-11T00:00:00Z,Nuclear,3695.000,Elexon BMRS FUELHH
2024-02-11T00:00:00Z,Other,270.000,Elexon BMRS FUELHH
2024-02-11T00:00:00Z,Pumped Storage,94.000,Elexon BMRS FUELHH
2024-02-11T00:00:00Z,Wind,2567.000,Elexon BMRS FUELHH
2024-02-11T00:30:00Z,Biomass,1146.000,Elexon BMRS FUELHH
2024-02-11T00:30:00Z,Coal,803.000,Elexon BMRS FUELHH
2024-02-11T00:30:00Z,Gas,9437.000,Elexon BMRS FUELHH
2024-02-11T00:30:00Z,Hydro,538.000,Elexon BMRS FUELHH
2024-02-11T00:30:00Z,Imports & Exports,6882.000,Elexon BMRS FUELHH
2024-02-11T00:30:00Z,Nuclear,3699.000,Elexon BMRS FUELHH
2024-02-11T00:30:00Z,Other,434.000,Elexon BMRS FUELHH
2024-02-11T00:30:00Z,Pumped Storage,428.000,Elexon BMRS FUELHH
2024-02-11T00:30:00Z,Wind,2587.000,Elexon BMRS FUELHH
2024-02-11T01:00:00Z,Biomass,1148.000,Elexon BMRS FUELHH
2024-02-11T01:00:00Z,Coal,802.000,Elexon BMRS FUELHH
2024-02-11T01:00:00Z,Gas,9314.000,Elexon BMRS FUELHH
2024-02-11T01:00:00Z,Hydro,513.000,Elexon BMRS FUELHH
2024-02-11T01:00:00Z,Imports & Exports,6668.000,Elexon BMRS FUELHH
2024-02-11T01:00:00Z,Nuclear,3686.000,Elexon BMRS FUELHH
2024-02-11T01:00:00Z,Other,289.000,Elexon BMRS FUELHH
2024-02-11T01:00:00Z,Pumped Storage,442.000,Elexon BMRS FUELHH
2024-02-11T01:00:00Z,Wind,2531.000,Elexon BMRS FUELHH
2024-02-11T01:30:00Z,Biomass,1398.000,Elexon BMRS FUELHH
2024-02-11T01:30:00Z,Coal,718.000,Elexon BMRS FUELHH
2024-02-11T01:30:00Z,Gas,8811.000,Elexon BMRS FUELHH
2024-02-11T01:30:00Z,Hydro,525.000,Elexon BMRS FUELHH
2024-02-11T01:30:00Z,Imports & Exports,6716.000,Elexon BMRS FUELHH
2024-02-11T01:30:00Z,Nuclear,3699.000,Elexon BMRS FUELHH
2024-02-11T01:30:00Z,Other,292.000,Elexon BMRS FUELHH
2024-02-11T01:30:00Z,Pumped Storage,102.000,Elexon BMRS FUELHH
2024-02-11T01:30:00Z,Wind,2547.000,Elexon BMRS FUELHH
2024-02-11T02:00:00Z,Biomass,1792.000,Elexon BMRS FUELHH
2024-02-11T02:00:00Z,Coal,608.000,Elexon BMRS FUELHH
2024-02-11T02:00:00Z,Gas,8454.000,Elexon BMRS FUELHH
2024-02-11T02:00:00Z,Hydro,494.000,Elexon BMRS FUELHH
2024-02-11T02:00:00Z,Imports & Exports,6612.000,Elexon BMRS FUELHH
2024-02-11T02:00:00Z,Nuclear,3704.000,Elexon BMRS FUELHH
2024-02-11T02:00:00Z,Other,291.000,Elexon BMRS FUELHH
2024-02-11T02:00:00Z,Pumped Storage,-284.000,Elexon BMRS FUELHH
2024-02-11T02:00:00Z,Wind,2572.000,Elexon BMRS FUELHH
2024-02-11T02:30:00Z,Biomass,1830.000,Elexon BMRS FUELHH
2024-02-11T02:30:00Z,Coal,598.000,Elexon BMRS FUELHH
2024-02-11T02:30:00Z,Gas,8168.000,Elexon BMRS FUELHH
2024-02-11T02:30:00Z,Hydro,494.000,Elexon BMRS FUELHH
2024-02-11T02:30:00Z,Imports & Exports,6640.000,Elexon BMRS FUELHH
2024-02-11T02:30:00Z,Nuclear,3702.000,Elexon BMRS FUELHH
2024-02-11T02:30:00Z,Other,280.000,Elexon BMRS FUELHH
2024-02-11T02:30:00Z,Pumped Storage,-348.000,Elexon BMRS FUELHH
2024-02-11T02:30:00Z,Wind,2389.000,Elexon BMRS FUELHH
2024-02-11T03:00:00Z,Biomass,1829.000,Elexon BMRS FUELHH
2024-02-11T03:00:00Z,Coal,694.000,Elexon BMRS FUELHH
2024-02-11T03:00:00Z,Gas,7986.000,Elexon BMRS FUELHH
2024-02-11T03:00:00Z,Hydro,491.000,Elexon BMRS FUELHH
2024-02-11T03:00:00Z,Imports & Exports,6544.000,Elexon BMRS FUELHH
2024-02-11T03:00:00Z,Nuclear,3701.000,Elexon BMRS FUELHH
2024-02-11T03:00:00Z,Other,285.000,Elexon BMRS FUELHH
2024-02-11T03:00:00Z,Pumped Storage,-588.000,Elexon BMRS FUELHH
2024-02-11T03:00:00Z,Wind,2397.000,Elexon BMRS FUELHH
2024-02-11T03:30:00Z,Biomass,1827.000,Elexon BMRS FUELHH
2024-02-11T03:30:00Z,Coal,879.000,Elexon BMRS FUELHH
2024-02-11T03:30:00Z,Gas,7739.000,Elexon BMRS FUELHH
2024-02-11T03:30:00Z,Hydro,490.000,Elexon BMRS FUELHH
2024-02-11T03:30:00Z,Imports & Exports,6622.000,Elexon BMRS FUELHH
2024-02-11T03:30:00Z,Nuclear,3701.000,Elexon BMRS FUELHH
2024-02-11T03:30:00Z,Other,274.000,Elexon BMRS FUELHH
2024-02-11T03:30:00Z,Pumped Storage,-1032.000,Elexon BMRS FUELHH
2024-02-11T03:30:00Z,Wind,2389.000,Elexon BMRS FUELHH
2024-02-11T04:00:00Z,Biomass,1833.000,Elexon BMRS FUELHH
2024-02-11T04:00:00Z,Coal,920.000,Elexon BMRS FUELHH
2024-02-11T04:00:00Z,Gas,7460.000,Elexon BMRS FUELHH
2024-02-11T04:00:00Z,Hydro,517.000,Elexon BMRS FUELHH
2024-02-11T04:00:00Z,Imports & Exports,6694.000,Elexon BMRS FUELHH
2024-02-11T04:00:00Z,Nuclear,3700.000,Elexon BMRS FUELHH
2024-02-11T04:00:00Z,Other,278.000,Elexon BMRS FUELHH
2024-02-11T04:00:00Z,Pumped Storage,-1274.000,Elexon BMRS FUELHH
2024-02-11T04:00:00Z,Wind,2244.000,Elexon BMRS FUELHH
2024-02-11T04:30:00Z,Biomass,1835.000,Elexon BMRS FUELHH
2024-02-11T04:30:00Z,Coal,814.000,Elexon BMRS FUELHH
2024-02-11T04:30:00Z,Gas,7676.000,Elexon BMRS FUELHH
2024-02-11T04:30:00Z,Hydro,518.000,Elexon BMRS FUELHH
2024-02-11T04:30:00Z,Imports & Exports,6720.000,Elexon BMRS FUELHH
2024-02-11T04:30:00Z,Nuclear,3702.000,Elexon BMRS FUELHH
2024-02-11T04:30:00Z,Other,263.000,Elexon BMRS FUELHH
2024-02-11T04:30:00Z,Pumped Storage,-1554.000,Elexon BMRS FUELHH
2024-02-11T04:30:00Z,Wind,2268.000,Elexon BMRS FUELHH
2024-02-11T05:00:00Z,Biomass,1836.000,Elexon BMRS FUELHH
2024-02-11T05:00:00Z,Coal,711.000,Elexon BMRS FUELHH
2024-02-11T05:00:00Z,Gas,7592.000,Elexon BMRS FUELHH
2024-02-11T05:00:00Z,Hydro,566.000,Elexon BMRS FUELHH
2024-02-11T05:00:00Z,Imports & Exports,6828.000,Elexon BMRS FUELHH
2024-02-11T05:00:00Z,Nuclear,3700.000,Elexon BMRS FUELHH
2024-02-11T05:00:00Z,Other,279.000,Elexon BMRS FUELHH
2024-02-11T05:00:00Z,Pumped Storage,-1552.000,Elexon BMRS FUELHH
2024-02-11T05:00:00Z,Wind,2369.000,Elexon BMRS FUELHH
2024-02-11T05:30:00Z,Biomass,1838.000,Elexon BMRS FUELHH
2024-02-11T05:30:00Z,Coal,769.000,Elexon BMRS FUELHH
2024-02-11T05:30:00Z,Gas,7729.000,Elexon BMRS FUELHH
2024-02-11T05:30:00Z,Hydro,549.000,Elexon BMRS FUELHH
2024-02-11T05:30:00Z,Imports & Exports,6868.000,Elexon BMRS FUELHH
2024-02-11T05:30:00Z,Nuclear,3691.000,Elexon BMRS FUELHH
2024-02-11T05:30:00Z,Other,290.000,Elexon BMRS FUELHH
2024-02-11T05:30:00Z,Pumped Storage,-1534.000,Elexon BMRS FUELHH
2024-02-11T05:30:00Z,Wind,2214.000,Elexon BMRS FUELHH
2024-02-11T06:00:00Z,Biomass,1837.000,Elexon BMRS FUELHH
2024-02-11T06:00:00Z,Coal,900.000,Elexon BMRS FUELHH
2024-02-11T06:00:00Z,Gas,7686.000,Elexon BMRS FUELHH
2024-02-11T06:00:00Z,Hydro,547.000,Elexon BMRS FUELHH
2024-02-11T06:00:00Z,Imports & Exports,6868.000,Elexon BMRS FUELHH
2024-02-11T06:00:00Z,Nuclear,3691.000,Elexon BMRS FUELHH
2024-02-11T06:00:00Z,Other,292.000,Elexon BMRS FUELHH
2024-02-11T06:00:00Z,Pumped Storage,-1046.000,Elexon BMRS FUELHH
2024-02-11T06:00:00Z,Wind,2207.000,Elexon BMRS FUELHH
2024-02-11T06:30:00Z,Biomass,1989.000,Elexon BMRS FUELHH
2024-02-11T06:30:00Z,Coal,654.000,Elexon BMRS FUELHH
2024-02-11T06:30:00Z,Gas,8431.000,Elexon BMRS FUELHH
2024-02-11T06:30:00Z,Hydro,554.000,Elexon BMRS FUELHH
2024-02-11T06:30:00Z,Imports & Exports,6852.000,Elexon BMRS FUELHH
2024-02-11T06:30:00Z,Nuclear,3687.000,Elexon BMRS FUELHH
2024-02-11T06:30:00Z,Other,340.000,Elexon BMRS FUELHH
2024-02-11T06:30:00Z,Pumped Storage,-976.000,Elexon BMRS FUELHH
2024-02-11T06:30:00Z,Wind,2031.000,Elexon BMRS FUELHH
2024-02-11T07:00:00Z,Biomass,2284.000,Elexon BMRS FUELHH
2024-02-11T07:00:00Z,Coal,549.000,Elexon BMRS FUELHH
2024-02-11T07:00:00Z,Gas,9190.000,Elexon BMRS FUELHH
2024-02-11T07:00:00Z,Hydro,616.000,Elexon BMRS FUELHH
2024-02-11T07:00:00Z,Imports & Exports,6996.000,Elexon BMRS FUELHH
2024-02-11T07:00:00Z,Nuclear,3689.000,Elexon BMRS FUELHH
2024-02-11T07:00:00Z,Other,346.000,Elexon BMRS FUELHH
2024-02-11T07:00:00Z,Pumped Storage,-980.000,Elexon BMRS FUELHH
2024-02-11T07:00:00Z,Wind,1844.000,Elexon BMRS FUELHH
2024-02-11T07:30:00Z,Biomass,2481.000,Elexon BMRS FUELHH
2024-02-11T07:30:00Z,Coal,535.000,Elexon BMRS FUELHH
2024-02-11T07:30:00Z,Gas,9552.000,Elexon BMRS FUELHH
2024-02-11T07:30:00Z,Hydro,675.000,Elexon BMRS FUELHH
2024-02-11T07:30:00Z,Imports & Exports,7038.000,Elexon BMRS FUELHH
2024-02-11T07:30:00Z,Nuclear,3690.000,Elexon BMRS FUELHH
2024-02-11T07:30:00Z,Other,241.000,Elexon BMRS FUELHH
2024-02-11T07:30:00Z,Pumped Storage,-654.000,Elexon BMRS FUELHH
2024-02-11T07:30:00Z,Wind,1957.000,Elexon BMRS FUELHH
2024-02-11T08:00:00Z,Biomass,2490.000,Elexon BMRS FUELHH
2024-02-11T08:00:00Z,Coal,648.000,Elexon BMRS FUELHH
2024-02-11T08:00:00Z,Gas,9873.000,Elexon BMRS FUELHH
2024-02-11T08:00:00Z,Hydro,646.000,Elexon BMRS FUELHH
2024-02-11T08:00:00Z,Imports & Exports,7236.000,Elexon BMRS FUELHH
2024-02-11T08:00:00Z,Nuclear,3690.000,Elexon BMRS FUELHH
2024-02-11T08:00:00Z,Other,265.000,Elexon BMRS FUELHH
2024-02-11T08:00:00Z,Pumped Storage,42.000,Elexon BMRS FUELHH
2024-02-11T08:00:00Z,Wind,2137.000,Elexon BMRS FUELHH
2024-02-11T08:30:00Z,Biomass,2489.000,Elexon BMRS FUELHH
2024-02-11T08:30:00Z,Coal,592.000,Elexon BMRS FUELHH
2024-02-11T08:30:00Z,Gas,10553.000,Elexon BMRS FUELHH
2024-02-11T08:30:00Z,Hydro,651.000,Elexon BMRS FUELHH
2024-02-11T08:30:00Z,Imports & Exports,7410.000,Elexon BMRS FUELHH
2024-02-11T08:30:00Z,Nuclear,3691.000,Elexon BMRS FUELHH
2024-02-11T08:30:00Z,Other,228.000,Elexon BMRS FUELHH
2024-02-11T08:30:00Z,Pumped Storage,64.000,Elexon BMRS FUELHH
2024-02-11T08:30:00Z,Wind,2438.000,Elexon BMRS FUELHH
2024-02-11T09:00:00Z,Biomass,2490.000,Elexon BMRS FUELHH
2024-02-11T09:00:00Z,Coal,663.000,Elexon BMRS FUELHH
2024-02-11T09:00:00Z,Gas,10939.000,Elexon BMRS FUELHH
2024-02-11T09:00:00Z,Hydro,824.000,Elexon BMRS FUELHH
2024-02-11T09:00:00Z,Imports & Exports,7626.000,Elexon BMRS FUELHH
2024-02-11T09:00:00Z,Nuclear,3700.000,Elexon BMRS FUELHH
2024-02-11T09:00:00Z,Other,221.000,Elexon BMRS FUELHH
2024-02-11T09:00:00Z,Pumped Storage,114.000,Elexon BMRS FUELHH
2024-02-11T09:00:00Z,Wind,2601.000,Elexon BMRS FUELHH
2024-02-11T09:30:00Z,Biomass,2489.000,Elexon BMRS FUELHH
2024-02-11T09:30:00Z,Coal,732.000,Elexon BMRS FUELHH
2024-02-11T09:30:00Z,Gas,10818.000,Elexon BMRS FUELHH
2024-02-11T09:30:00Z,Hydro,804.000,Elexon BMRS FUELHH
2024-02-11T09:30:00Z,Imports & Exports,7640.000,Elexon BMRS FUELHH
2024-02-11T09:30:00Z,Nuclear,3697.000,Elexon BMRS FUELHH
2024-02-11T09:30:00Z,Other,251.000,Elexon BMRS FUELHH
2024-02-11T09:30:00Z,Pumped Storage,208.000,Elexon BMRS FUELHH
2024-02-11T09:30:00Z,Wind,2919.000,Elexon BMRS FUELHH
2024-02-11T10:00:00Z,Biomass,2491.000,Elexon BMRS FUELHH
2024-02-11T10:00:00Z,Coal,749.000,Elexon BMRS FUELHH
2024-02-11T10:00:00Z,Gas,10941.000,Elexon BMRS FUELHH
2024-02-11T10:00:00Z,Hydro,815.000,Elexon BMRS FUELHH
2024-02-11T10:00:00Z,Imports & Exports,7254.000,Elexon BMRS FUELHH
2024-02-11T10:00:00Z,Nuclear,3699.000,Elexon BMRS FUELHH
2024-02-11T10:00:00Z,Other,272.000,Elexon BMRS FUELHH
2024-02-11T10:00:00Z,Pumped Storage,364.000,Elexon BMRS FUELHH
2024-02-11T10:00:00Z,Wind,2996.000,Elexon BMRS FUELHH
2024-02-11T10:30:00Z,Biomass,2491.000,Elexon BMRS FUELHH
2024-02-11T10:30:00Z,Coal,674.000,Elexon BMRS FUELHH
2024-02-11T10:30:00Z,Gas,10899.000,Elexon BMRS FUELHH
2024-02-11T10:30:00Z,Hydro,808.000,Elexon BMRS FUELHH
2024-02-11T10:30:00Z,Imports & Exports,7294.000,Elexon BMRS FUELHH
2024-02-11T10:30:00Z,Nuclear,3704.000,Elexon BMRS FUELHH
2024-02-11T10:30:00Z,Other,253.000,Elexon BMRS FUELHH
2024-02-11T10:30:00Z,Pumped Storage,370.000,Elexon BMRS FUELHH
2024-02-11T10:30:00Z,Wind,3231.000,Elexon BMRS FUELHH
2024-02-11T11:00:00Z,Biomass,2490.000,Elexon BMRS FUELHH
2024-02-11T11:00:00Z,Coal,635.000,Elexon BMRS FUELHH
2024-02-11T11:00:00Z,Gas,10840.000,Elexon BMRS FUELHH
2024-02-11T11:00:00Z,Hydro,759.000,Elexon BMRS FUELHH
2024-02-11T11:00:00Z,Imports & Exports,7272.000,Elexon BMRS FUELHH
2024-02-11T11:00:00Z,Nuclear,3700.000,Elexon BMRS FUELHH
2024-02-11T11:00:00Z,Other,351.000,Elexon BMRS FUELHH
2024-02-11T11:00:00Z,Pumped Storage,256.000,Elexon BMRS FUELHH
2024-02-11T11:00:00Z,Wind,3226.000,Elexon BMRS FUELHH
2024-02-11T11:30:00Z,Biomass,2489.000,Elexon BMRS FUELHH
2024-02-11T11:30:00Z,Coal,580.000,Elexon BMRS FUELHH
2024-02-11T11:30:00Z,Gas,11131.000,Elexon BMRS FUELHH
2024-02-11T11:30:00Z,Hydro,753.000,Elexon BMRS FUELHH
2024-02-11T11:30:00Z,Imports & Exports,7360.000,Elexon BMRS FUELHH
2024-02-11T11:30:00Z,Nuclear,3703.000,Elexon BMRS FUELHH
2024-02-11T11:30:00Z,Other,341.000,Elexon BMRS FUELHH
2024-02-11T11:30:00Z,Pumped Storage,222.000,Elexon BMRS FUELHH
2024-02-11T11:30:00Z,Wind,3188.000,Elexon BMRS FUELHH
2024-02-11T12:00:00Z,Biomass,2488.000,Elexon BMRS FUELHH
2024-02-11T12:00:00Z,Coal,563.000,Elexon BMRS FUELHH
2024-02-11T12:00:00Z,Gas,11232.000,Elexon BMRS FUELHH
2024-02-11T12:00:00Z,Hydro,876.000,Elexon BMRS FUELHH
2024-02-11T12:00:00Z,Imports & Exports,7392.000,Elexon BMRS FUELHH
2024-02-11T12:00:00Z,Nuclear,3705.000,Elexon BMRS FUELHH
2024-02-11T12:00:00Z,Other,343.000,Elexon BMRS FUELHH
2024-02-11T12:00:00Z,Pumped Storage,-4.000,Elexon BMRS FUELHH
2024-02-11T12:00:00Z,Wind,3288.000,Elexon BMRS FUELHH
2024-02-11T12:30:00Z,Biomass,2489.000,Elexon BMRS FUELHH
2024-02-11T12:30:00Z,Coal,521.000,Elexon BMRS FUELHH
2024-02-11T12:30:00Z,Gas,11289.000,Elexon BMRS FUELHH
2024-02-11T12:30:00Z,Hydro,832.000,Elexon BMRS FUELHH
2024-02-11T12:30:00Z,Imports & Exports,7306.000,Elexon BMRS FUELHH
2024-02-11T12:30:00Z,Nuclear,3702.000,Elexon BMRS FUELHH
2024-02-11T12:30:00Z,Other,371.000,Elexon BMRS FUELHH
2024-02-11T12:30:00Z,Pumped Storage,-18.000,Elexon BMRS FUELHH
2024-02-11T12:30:00Z,Wind,3386.000,Elexon BMRS FUELHH
2024-02-11T13:00:00Z,Biomass,2482.000,Elexon BMRS FUELHH
2024-02-11T13:00:00Z,Coal,493.000,Elexon BMRS FUELHH
2024-02-11T13:00:00Z,Gas,11280.000,Elexon BMRS FUELHH
2024-02-11T13:00:00Z,Hydro,702.000,Elexon BMRS FUELHH
2024-02-11T13:00:00Z,Imports & Exports,7176.000,Elexon BMRS FUELHH
2024-02-11T13:00:00Z,Nuclear,3707.000,Elexon BMRS FUELHH
2024-02-11T13:00:00Z,Other,429.000,Elexon BMRS FUELHH
2024-02-11T13:00:00Z,Pumped Storage,10.000,Elexon BMRS FUELHH
2024-02-11T13:00:00Z,Wind,3481.000,Elexon BMRS FUELHH
2024-02-11T13:30:00Z,Biomass,2485.000,Elexon BMRS FUELHH
2024-02-11T13:30:00Z,Coal,470.000,Elexon BMRS FUELHH
2024-02-11T13:30:00Z,Gas,11050.000,Elexon BMRS FUELHH
2024-02-11T13:30:00Z,Hydro,716.000,Elexon BMRS FUELHH
2024-02-11T13:30:00Z,Imports & Exports,7172.000,Elexon BMRS FUELHH
2024-02-11T13:30:00Z,Nuclear,3709.000,Elexon BMRS FUELHH
2024-02-11T13:30:00Z,Other,267.000,Elexon BMRS FUELHH
2024-02-11T13:30:00Z,Pumped Storage,-14.000,Elexon BMRS FUELHH
2024-02-11T13:30:00Z,Wind,4179.000,Elexon BMRS FUELHH
2024-02-11T14:00:00Z,Biomass,2485.000,Elexon BMRS FUELHH
2024-02-11T14:00:00Z,Coal,483.000,Elexon BMRS FUELHH
2024-02-11T14:00:00Z,Gas,11141.000,Elexon BMRS FUELHH
2024-02-11T14:00:00Z,Hydro,735.000,Elexon BMRS FUELHH
2024-02-11T14:00:00Z,Imports & Exports,6756.000,Elexon BMRS FUELHH
2024-02-11T14:00:00Z,Nuclear,3703.000,Elexon BMRS FUELHH
2024-02-11T14:00:00Z,Other,219.000,Elexon BMRS FUELHH
2024-02-11T14:00:00Z,Pumped Storage,-14.000,Elexon BMRS FUELHH
2024-02-11T14:00:00Z,Wind,4805.000,Elexon BMRS FUELHH
2024-02-11T14:30:00Z,Biomass,2490.000,Elexon BMRS FUELHH
2024-02-11T14:30:00Z,Coal,491.000,Elexon BMRS FUELHH
2024-02-11T14:30:00Z,Gas,11404.000,Elexon BMRS FUELHH
2024-02-11T14:30:00Z,Hydro,725.000,Elexon BMRS FUELHH
2024-02-11T14:30:00Z,Imports & Exports,6538.000,Elexon BMRS FUELHH
2024-02-11T14:30:00Z,Nuclear,3705.000,Elexon BMRS FUELHH
2024-02-11T14:30:00Z,Other,238.000,Elexon BMRS FUELHH
2024-02-11T14:30:00Z,Pumped Storage,-8.000,Elexon BMRS FUELHH
2024-02-11T14:30:00Z,Wind,5332.000,Elexon BMRS FUELHH
2024-02-11T15:00:00Z,Biomass,2476.000,Elexon BMRS FUELHH
2024-02-11T15:00:00Z,Coal,712.000,Elexon BMRS FUELHH
2024-02-11T15:00:00Z,Gas,11706.000,Elexon BMRS FUELHH
2024-02-11T15:00:00Z,Hydro,731.000,Elexon BMRS FUELHH
2024-02-11T15:00:00Z,Imports & Exports,5718.000,Elexon BMRS FUELHH
2024-02-11T15:00:00Z,Nuclear,3701.000,Elexon BMRS FUELHH
2024-02-11T15:00:00Z,Other,279.000,Elexon BMRS FUELHH
2024-02-11T15:00:00Z,Pumped Storage,6.000,Elexon BMRS FUELHH
2024-02-11T15:00:00Z,Wind,5591.000,Elexon BMRS FUELHH
2024-02-11T15:30:00Z,Biomass,2328.000,Elexon BMRS FUELHH
2024-02-11T15:30:00Z,Coal,861.000,Elexon BMRS FUELHH
2024-02-11T15:30:00Z,Gas,12725.000,Elexon BMRS FUELHH
2024-02-11T15:30:00Z,Hydro,729.000,Elexon BMRS FUELHH
2024-02-11T15:30:00Z,Imports & Exports,5578.000,Elexon BMRS FUELHH
2024-02-11T15:30:00Z,Nuclear,3699.000,Elexon BMRS FUELHH
2024-02-11T15:30:00Z,Other,235.000,Elexon BMRS FUELHH
2024-02-11T15:30:00Z,Pumped Storage,-24.000,Elexon BMRS FUELHH
2024-02-11T15:30:00Z,Wind,6080.000,Elexon BMRS FUELHH
2024-02-11T16:00:00Z,Biomass,2162.000,Elexon BMRS FUELHH
2024-02-11T16:00:00Z,Coal,770.000,Elexon BMRS FUELHH
2024-02-11T16:00:00Z,Gas,13172.000,Elexon BMRS FUELHH
2024-02-11T16:00:00Z,Hydro,838.000,Elexon BMRS FUELHH
2024-02-11T16:00:00Z,Imports & Exports,5822.000,Elexon BMRS FUELHH
2024-02-11T16:00:00Z,Nuclear,3702.000,Elexon BMRS FUELHH
2024-02-11T16:00:00Z,Other,286.000,Elexon BMRS FUELHH
2024-02-11T16:00:00Z,Pumped Storage,368.000,Elexon BMRS FUELHH
2024-02-11T16:00:00Z,Wind,6386.000,Elexon BMRS FUELHH
2024-02-11T16:30:00Z,Biomass,2249.000,Elexon BMRS FUELHH
2024-02-11T16:30:00Z,Coal,735.000,Elexon BMRS FUELHH
2024-02-11T16:30:00Z,Gas,13935.000,Elexon BMRS FUELHH
2024-02-11T16:30:00Z,Hydro,892.000,Elexon BMRS FUELHH
2024-02-11T16:30:00Z,Imports & Exports,5830.000,Elexon BMRS FUELHH
2024-02-11T16:30:00Z,Nuclear,3703.000,Elexon BMRS FUELHH
2024-02-11T16:30:00Z,Other,350.000,Elexon BMRS FUELHH
2024-02-11T16:30:00Z,Pumped Storage,698.000,Elexon BMRS FUELHH
2024-02-11T16:30:00Z,Wind,6369.000,Elexon BMRS FUELHH
2024-02-11T17:00:00Z,Biomass,2417.000,Elexon BMRS FUELHH
2024-02-11T17:00:00Z,Coal,762.000,Elexon BMRS FUELHH
2024-02-11T17:00:00Z,Gas,14284.000,Elexon BMRS FUELHH
2024-02-11T17:00:00Z,Hydro,1026.000,Elexon BMRS FUELHH
2024-02-11T17:00:00Z,Imports & Exports,5584.000,Elexon BMRS FUELHH
2024-02-11T17:00:00Z,Nuclear,3703.000,Elexon BMRS FUELHH
2024-02-11T17:00:00Z,Other,590.000,Elexon BMRS FUELHH
2024-02-11T17:00:00Z,Pumped Storage,1456.000,Elexon BMRS FUELHH
2024-02-11T17:00:00Z,Wind,6429.000,Elexon BMRS FUELHH
2024-02-11T17:30:00Z,Biomass,2316.000,Elexon BMRS FUELHH
2024-02-11T17:30:00Z,Coal,796.000,Elexon BMRS FUELHH
2024-02-11T17:30:00Z,Gas,14354.000,Elexon BMRS FUELHH
2024-02-11T17:30:00Z,Hydro,998.000,Elexon BMRS FUELHH
2024-02-11T17:30:00Z,Imports & Exports,5466.000,Elexon BMRS FUELHH
2024-02-11T17:30:00Z,Nuclear,3701.000,Elexon BMRS FUELHH
2024-02-11T17:30:00Z,Other,1053.000,Elexon BMRS FUELHH
2024-02-11T17:30:00Z,Pumped Storage,1552.000,Elexon BMRS FUELHH
2024-02-11T17:30:00Z,Wind,6863.000,Elexon BMRS FUELHH
2024-02-11T18:00:00Z,Biomass,2216.000,Elexon BMRS FUELHH
2024-02-11T18:00:00Z,Coal,733.000,Elexon BMRS FUELHH
2024-02-11T18:00:00Z,Gas,14468.000,Elexon BMRS FUELHH
2024-02-11T18:00:00Z,Hydro,1069.000,Elexon BMRS FUELHH
2024-02-11T18:00:00Z,Imports & Exports,5714.000,Elexon BMRS FUELHH
2024-02-11T18:00:00Z,Nuclear,3698.000,Elexon BMRS FUELHH
2024-02-11T18:00:00Z,Other,1153.000,Elexon BMRS FUELHH
2024-02-11T18:00:00Z,Pumped Storage,1552.000,Elexon BMRS FUELHH
2024-02-11T18:00:00Z,Wind,6613.000,Elexon BMRS FUELHH
2024-02-11T18:30:00Z,Biomass,2381.000,Elexon BMRS FUELHH
2024-02-11T18:30:00Z,Coal,824.000,Elexon BMRS FUELHH
2024-02-11T18:30:00Z,Gas,14583.000,Elexon BMRS FUELHH
2024-02-11T18:30:00Z,Hydro,1077.000,Elexon BMRS FUELHH
2024-02-11T18:30:00Z,Imports & Exports,5688.000,Elexon BMRS FUELHH
2024-02-11T18:30:00Z,Nuclear,3698.000,Elexon BMRS FUELHH
2024-02-11T18:30:00Z,Other,815.000,Elexon BMRS FUELHH
2024-02-11T18:30:00Z,Pumped Storage,1254.000,Elexon BMRS FUELHH
2024-02-11T18:30:00Z,Wind,5696.000,Elexon BMRS FUELHH
2024-02-11T19:00:00Z,Biomass,2475.000,Elexon BMRS FUELHH
2024-02-11T19:00:00Z,Coal,891.000,Elexon BMRS FUELHH
2024-02-11T19:00:00Z,Gas,14825.000,Elexon BMRS FUELHH
2024-02-11T19:00:00Z,Hydro,884.000,Elexon BMRS FUELHH
2024-02-11T19:00:00Z,Imports & Exports,5628.000,Elexon BMRS FUELHH
2024-02-11T19:00:00Z,Nuclear,3702.000,Elexon BMRS FUELHH
2024-02-11T19:00:00Z,Other,398.000,Elexon BMRS FUELHH
2024-02-11T19:00:00Z,Pumped Storage,416.000,Elexon BMRS FUELHH
2024-02-11T19:00:00Z,Wind,5592.000,Elexon BMRS FUELHH
2024-02-11T19:30:00Z,Biomass,2391.000,Elexon BMRS FUELHH
2024-02-11T19:30:00Z,Coal,827.000,Elexon BMRS FUELHH
2024-02-11T19:30:00Z,Gas,14412.000,Elexon BMRS FUELHH
2024-02-11T19:30:00Z,Hydro,739.000,Elexon BMRS FUELHH
2024-02-11T19:30:00Z,Imports & Exports,5604.000,Elexon BMRS FUELHH
2024-02-11T19:30:00Z,Nuclear,3705.000,Elexon BMRS FUELHH
2024-02-11T19:30:00Z,Other,211.000,Elexon BMRS FUELHH
2024-02-11T19:30:00Z,Pumped Storage,284.000,Elexon BMRS FUELHH
2024-02-11T19:30:00Z,Wind,5852.000,Elexon BMRS FUELHH
2024-02-11T20:00:00Z,Biomass,2347.000,Elexon BMRS FUELHH
2024-02-11T20:00:00Z,Coal,493.000,Elexon BMRS FUELHH
2024-02-11T20:00:00Z,Gas,14288.000,Elexon BMRS FUELHH
2024-02-11T20:00:00Z,Hydro,674.000,Elexon BMRS FUELHH
2024-02-11T20:00:00Z,Imports & Exports,5136.000,Elexon BMRS FUELHH
2024-02-11T20:00:00Z,Nuclear,3705.000,Elexon BMRS FUELHH
2024-02-11T20:00:00Z,Other,196.000,Elexon BMRS FUELHH
2024-02-11T20:00:00Z,Pumped Storage,106.000,Elexon BMRS FUELHH
2024-02-11T20:00:00Z,Wind,6204.000,Elexon BMRS FUELHH
2024-02-11T20:30:00Z,Biomass,2300.000,Elexon BMRS FUELHH
2024-02-11T20:30:00Z,Coal,478.000,Elexon BMRS FUELHH
2024-02-11T20:30:00Z,Gas,13130.000,Elexon BMRS FUELHH
2024-02-11T20:30:00Z,Hydro,671.000,Elexon BMRS FUELHH
2024-02-11T20:30:00Z,Imports & Exports,5056.000,Elexon BMRS FUELHH
2024-02-11T20:30:00Z,Nuclear,3706.000,Elexon BMRS FUELHH
2024-02-11T20:30:00Z,Other,206.000,Elexon BMRS FUELHH
2024-02-11T20:30:00Z,Pumped Storage,-14.000,Elexon BMRS FUELHH
2024-02-11T20:30:00Z,Wind,6682.000,Elexon BMRS FUELHH
2024-02-11T21:00:00Z,Biomass,2304.000,Elexon BMRS FUELHH
2024-02-11T21:00:00Z,Coal,479.000,Elexon BMRS FUELHH
2024-02-11T21:00:00Z,Gas,12312.000,Elexon BMRS FUELHH
2024-02-11T21:00:00Z,Hydro,655.000,Elexon BMRS FUELHH
2024-02-11T21:00:00Z,Imports & Exports,4586.000,Elexon BMRS FUELHH
2024-02-11T21:00:00Z,Nuclear,3706.000,Elexon BMRS FUELHH
2024-02-11T21:00:00Z,Other,331.000,Elexon BMRS FUELHH
2024-02-11T21:00:00Z,Pumped Storage,98.000,Elexon BMRS FUELHH
2024-02-11T21:00:00Z,Wind,6570.000,Elexon BMRS FUELHH
2024-02-11T21:30:00Z,Biomass,2344.000,Elexon BMRS FUELHH
2024-02-11T21:30:00Z,Coal,480.000,Elexon BMRS FUELHH
2024-02-11T21:30:00Z,Gas,10944.000,Elexon BMRS FUELHH
2024-02-11T21:30:00Z,Hydro,654.000,Elexon BMRS FUELHH
2024-02-11T21:30:00Z,Imports & Exports,4548.000,Elexon BMRS FUELHH
2024-02-11T21:30:00Z,Nuclear,3710.000,Elexon BMRS FUELHH
2024-02-11T21:30:00Z,Other,233.000,Elexon BMRS FUELHH
2024-02-11T21:30:00Z,Pumped Storage,-10.000,Elexon BMRS FUELHH
2024-02-11T21:30:00Z,Wind,6702.000,Elexon BMRS FUELHH
2024-02-11T22:00:00Z,Biomass,2337.000,Elexon BMRS FUELHH
2024-02-11T22:00:00Z,Coal,479.000,Elexon BMRS FUELHH
2024-02-11T22:00:00Z,Gas,10337.000,Elexon BMRS FUELHH
2024-02-11T22:00:00Z,Hydro,575.000,Elexon BMRS FUELHH
2024-02-11T22:00:00Z,Imports & Exports,3396.000,Elexon BMRS FUELHH
2024-02-11T22:00:00Z,Nuclear,3704.000,Elexon BMRS FUELHH
2024-02-11T22:00:00Z,Other,208.000,Elexon BMRS FUELHH
2024-02-11T22:00:00Z,Pumped Storage,-10.000,Elexon BMRS FUELHH
2024-02-11T22:00:00Z,Wind,7061.000,Elexon BMRS FUELHH
2024-02-11T22:30:00Z,Biomass,2095.000,Elexon BMRS FUELHH
2024-02-11T22:30:00Z,Coal,481.000,Elexon BMRS FUELHH
2024-02-11T22:30:00Z,Gas,9260.000,Elexon BMRS FUELHH
2024-02-11T22:30:00Z,Hydro,566.000,Elexon BMRS FUELHH
2024-02-11T22:30:00Z,Imports & Exports,3296.000,Elexon BMRS FUELHH
2024-02-11T22:30:00Z,Nuclear,3709.000,Elexon BMRS FUELHH
2024-02-11T22:30:00Z,Other,185.000,Elexon BMRS FUELHH
2024-02-11T22:30:00Z,Pumped Storage,-12.000,Elexon BMRS FUELHH
2024-02-11T22:30:00Z,Wind,7025.000,Elexon BMRS FUELHH
2024-02-11T23:00:00Z,Biomass,1837.000,Elexon BMRS FUELHH
2024-02-11T23:00:00Z,Coal,351.000,Elexon BMRS FUELHH
2024-02-11T23:00:00Z,Gas,6812.000,Elexon BMRS FUELHH
2024-02-11T23:00:00Z,Hydro,529.000,Elexon BMRS FUELHH
2024-02-11T23:00:00Z,Imports & Exports,4590.000,Elexon BMRS FUELHH
2024-02-11T23:00:00Z,Nuclear,3697.000,Elexon BMRS FUELHH
2024-02-11T23:00:00Z,Other,268.000,Elexon BMRS FUELHH
2024-02-11T23:00:00Z,Pumped Storage,-18.000,Elexon BMRS FUELHH
2024-02-11T23:00:00Z,Wind,7354.000,Elexon BMRS FUELHH
2024-02-11T23:30:00Z,Biomass,1828.000,Elexon BMRS FUELHH
2024-02-11T23:30:00Z,Coal,231.000,Elexon BMRS FUELHH
2024-02-11T23:30:00Z,Gas,5893.000,Elexon BMRS FUELHH
2024-02-11T23:30:00Z,Hydro,520.000,Elexon BMRS FUELHH
2024-02-11T23:30:00Z,Imports & Exports,4824.000,Elexon BMRS FUELHH
2024-02-11T23:30:00Z,Nuclear,3696.000,Elexon BMRS FUELHH
2024-02-11T23:30:00Z,Other,269.000,Elexon BMRS FUELHH
2024-02-11T23:30:00Z,Pumped Storage,-20.000,Elexon BMRS FUELHH
2024-02-11T23:30:00Z,Wind,7582.000,Elexon BMRS FUELHH
2024-02-12T00:00:00Z,Biomass,1832.000,Elexon BMRS FUELHH
2024-02-12T00:00:00Z,Coal,229.000,Elexon BMRS FUELHH
2024-02-12T00:00:00Z,Gas,5461.000,Elexon BMRS FUELHH
2024-02-12T00:00:00Z,Hydro,478.000,Elexon BMRS FUELHH
2024-02-12T00:00:00Z,Imports & Exports,5774.000,Elexon BMRS FUELHH
2024-02-12T00:00:00Z,Nuclear,3689.000,Elexon BMRS FUELHH
2024-02-12T00:00:00Z,Other,278.000,Elexon BMRS FUELHH
2024-02-12T00:00:00Z,Pumped Storage,-500.000,Elexon BMRS FUELHH
2024-02-12T00:00:00Z,Wind,7899.000,Elexon BMRS FUELHH
2024-02-12T00:30:00Z,Biomass,1821.000,Elexon BMRS FUELHH
2024-02-12T00:30:00Z,Coal,296.000,Elexon BMRS FUELHH
2024-02-12T00:30:00Z,Gas,5694.000,Elexon BMRS FUELHH
2024-02-12T00:30:00Z,Hydro,475.000,Elexon BMRS FUELHH
2024-02-12T00:30:00Z,Imports & Exports,5882.000,Elexon BMRS FUELHH
2024-02-12T00:30:00Z,Nuclear,3693.000,Elexon BMRS FUELHH
2024-02-12T00:30:00Z,Other,317.000,Elexon BMRS FUELHH
2024-02-12T00:30:00Z,Pumped Storage,-578.000,Elexon BMRS FUELHH
2024-02-12T00:30:00Z,Wind,7955.000,Elexon BMRS FUELHH
2024-02-12T01:00:00Z,Biomass,1825.000,Elexon BMRS FUELHH
2024-02-12T01:00:00Z,Coal,332.000,Elexon BMRS FUELHH
2024-02-12T01:00:00Z,Gas,5540.000,Elexon BMRS FUELHH
2024-02-12T01:00:00Z,Hydro,441.000,Elexon BMRS FUELHH
2024-02-12T01:00:00Z,Imports & Exports,6082.000,Elexon BMRS FUELHH
2024-02-12T01:00:00Z,Nuclear,3688.000,Elexon BMRS FUELHH
2024-02-12T01:00:00Z,Other,308.000,Elexon BMRS FUELHH
2024-02-12T01:00:00Z,Pumped Storage,-1032.000,Elexon BMRS FUELHH
2024-02-12T01:00:00Z,Wind,7751.000,Elexon BMRS FUELHH
2024-02-12T01:30:00Z,Biomass,1805.000,Elexon BMRS FUELHH
2024-02-12T01:30:00Z,Coal,332.000,Elexon BMRS FUELHH
2024-02-12T01:30:00Z,Gas,5728.000,Elexon BMRS FUELHH
2024-02-12T01:30:00Z,Hydro,438.000,Elexon BMRS FUELHH
2024-02-12T01:30:00Z,Imports & Exports,6054.000,Elexon BMRS FUELHH
2024-02-12T01:30:00Z,Nuclear,3693.000,Elexon BMRS FUELHH
2024-02-12T01:30:00Z,Other,258.000,Elexon BMRS FUELHH
2024-02-12T01:30:00Z,Pumped Storage,-1374.000,Elexon BMRS FUELHH
2024-02-12T01:30:00Z,Wind,7660.000,Elexon BMRS FUELHH
2024-02-12T02:00:00Z,Biomass,1801.000,Elexon BMRS FUELHH
2024-02-12T02:00:00Z,Coal,278.000,Elexon BMRS FUELHH
2024-02-12T02:00:00Z,Gas,6217.000,Elexon BMRS FUELHH
2024-02-12T02:00:00Z,Hydro,419.000,Elexon BMRS FUELHH
2024-02-12T02:00:00Z,Imports & Exports,5466.000,Elexon BMRS FUELHH
2024-02-12T02:00:00Z,Nuclear,3695.000,Elexon BMRS FUELHH
2024-02-12T02:00:00Z,Other,266.000,Elexon BMRS FUELHH
2024-02-12T02:00:00Z,Pumped Storage,-1458.000,Elexon BMRS FUELHH
2024-02-12T02:00:00Z,Wind,7641.000,Elexon BMRS FUELHH
2024-02-12T02:30:00Z,Biomass,1816.000,Elexon BMRS FUELHH
2024-02-12T02:30:00Z,Coal,231.000,Elexon BMRS FUELHH
2024-02-12T02:30:00Z,Gas,6033.000,Elexon BMRS FUELHH
2024-02-12T02:30:00Z,Hydro,431.000,Elexon BMRS FUELHH
2024-02-12T02:30:00Z,Imports & Exports,5442.000,Elexon BMRS FUELHH
2024-02-12T02:30:00Z,Nuclear,3696.000,Elexon BMRS FUELHH
2024-02-12T02:30:00Z,Other,266.000,Elexon BMRS FUELHH
2024-02-12T02:30:00Z,Pumped Storage,-1458.000,Elexon BMRS FUELHH
2024-02-12T02:30:00Z,Wind,7676.000,Elexon BMRS FUELHH
2024-02-12T03:00:00Z,Biomass,1834.000,Elexon BMRS FUELHH
2024-02-12T03:00:00Z,Coal,230.000,Elexon BMRS FUELHH
2024-02-12T03:00:00Z,Gas,6076.000,Elexon BMRS FUELHH
2024-02-12T03:00:00Z,Hydro,432.000,Elexon BMRS FUELHH
2024-02-12T03:00:00Z,Imports & Exports,4758.000,Elexon BMRS FUELHH
2024-02-12T03:00:00Z,Nuclear,3693.000,Elexon BMRS FUELHH
2024-02-12T03:00:00Z,Other,204.000,Elexon BMRS FUELHH
2024-02-12T03:00:00Z,Pumped Storage,-1570.000,Elexon BMRS FUELHH
2024-02-12T03:00:00Z,Wind,7769.000,Elexon BMRS FUELHH
2024-02-12T03:30:00Z,Biomass,1841.000,Elexon BMRS FUELHH
2024-02-12T03:30:00Z,Coal,259.000,Elexon BMRS FUELHH
2024-02-12T03:30:00Z,Gas,6006.000,Elexon BMRS FUELHH
2024-02-12T03:30:00Z,Hydro,419.000,Elexon BMRS FUELHH
2024-02-12T03:30:00Z,Imports & Exports,4650.000,Elexon BMRS FUELHH
2024-02-12T03:30:00Z,Nuclear,3693.000,Elexon BMRS FUELHH
2024-02-12T03:30:00Z,Other,202.000,Elexon BMRS FUELHH
2024-02-12T03:30:00Z,Pumped Storage,-1666.000,Elexon BMRS FUELHH
2024-02-12T03:30:00Z,Wind,7688.000,Elexon BMRS FUELHH
2024-02-12T04:00:00Z,Biomass,1833.000,Elexon BMRS FUELHH
2024-02-12T04:00:00Z,Coal,304.000,Elexon BMRS FUELHH
2024-02-12T04:00:00Z,Gas,6295.000,Elexon BMRS FUELHH
2024-02-12T04:00:00Z,Hydro,418.000,Elexon BMRS FUELHH
2024-02-12T04:00:00Z,Imports & Exports,3262.000,Elexon BMRS FUELHH
2024-02-12T04:00:00Z,Nuclear,3704.000,Elexon BMRS FUELHH
2024-02-12T04:00:00Z,Other,188.000,Elexon BMRS FUELHH
2024-02-12T04:00:00Z,Pumped Storage,-1140.000,Elexon BMRS FUELHH
2024-02-12T04:00:00Z,Wind,7695.000,Elexon BMRS FUELHH
2024-02-12T04:30:00Z,Biomass,1838.000,Elexon BMRS FUELHH
2024-02-12T04:30:00Z,Coal,327.000,Elexon BMRS FUELHH
2024-02-12T04:30:00Z,Gas,6374.000,Elexon BMRS FUELHH
2024-02-12T04:30:00Z,Hydro,419.000,Elexon BMRS FUELHH
2024-02-12T04:30:00Z,Imports & Exports,2980.000,Elexon BMRS FUELHH
2024-02-12T04:30:00Z,Nuclear,3704.000,Elexon BMRS FUELHH
2024-02-12T04:30:00Z,Other,196.000,Elexon BMRS FUELHH
2024-02-12T04:30:00Z,Pumped Storage,-978.000,Elexon BMRS FUELHH
2024-02-12T04:30:00Z,Wind,7859.000,Elexon BMRS FUELHH
2024-02-12T05:00:00Z,Biomass,1840.000,Elexon BMRS FUELHH
2024-02-12T05:00:00Z,Coal,396.000,Elexon BMRS FUELHH
2024-02-12T05:00:00Z,Gas,8399.000,Elexon BMRS FUELHH
2024-02-12T05:00:00Z,Hydro,449.000,Elexon BMRS FUELHH
2024-02-12T05:00:00Z,Imports & Exports,430.000,Elexon BMRS FUELHH
2024-02-12T05:00:00Z,Nuclear,3704.000,Elexon BMRS FUELHH
2024-02-12T05:00:00Z,Other,219.000,Elexon BMRS FUELHH
2024-02-12T05:00:00Z,Pumped Storage,-164.000,Elexon BMRS FUELHH
2024-02-12T05:00:00Z,Wind,7808.000,Elexon BMRS FUELHH
2024-02-12T05:30:00Z,Biomass,1879.000,Elexon BMRS FUELHH
2024-02-12T05:30:00Z,Coal,550.000,Elexon BMRS FUELHH
2024-02-12T05:30:00Z,Gas,9589.000,Elexon BMRS FUELHH
2024-02-12T05:30:00Z,Hydro,490.000,Elexon BMRS FUELHH
2024-02-12T05:30:00Z,Imports & Exports,280.000,Elexon BMRS FUELHH
2024-02-12T05:30:00Z,Nuclear,3702.000,Elexon BMRS FUELHH
2024-02-12T05:30:00Z,Other,201.000,Elexon BMRS FUELHH
2024-02-12T05:30:00Z,Pumped Storage,-10.000,Elexon BMRS FUELHH
2024-02-12T05:30:00Z,Wind,7857.000,Elexon BMRS FUELHH
2024-02-12T06:00:00Z,Biomass,2085.000,Elexon BMRS FUELHH
2024-02-12T06:00:00Z,Coal,784.000,Elexon BMRS FUELHH
2024-02-12T06:00:00Z,Gas,12215.000,Elexon BMRS FUELHH
2024-02-12T06:00:00Z,Hydro,812.000,Elexon BMRS FUELHH
2024-02-12T06:00:00Z,Imports & Exports,-1030.000,Elexon BMRS FUELHH
2024-02-12T06:00:00Z,Nuclear,3704.000,Elexon BMRS FUELHH
2024-02-12T06:00:00Z,Other,302.000,Elexon BMRS FUELHH
2024-02-12T06:00:00Z,Pumped Storage,-12.000,Elexon BMRS FUELHH
2024-02-12T06:00:00Z,Wind,7857.000,Elexon BMRS FUELHH
2024-02-12T06:30:00Z,Biomass,2190.000,Elexon BMRS FUELHH
2024-02-12T06:30:00Z,Coal,946.000,Elexon BMRS FUELHH
2024-02-12T06:30:00Z,Gas,14263.000,Elexon BMRS FUELHH
2024-02-12T06:30:00Z,Hydro,842.000,Elexon BMRS FUELHH
2024-02-12T06:30:00Z,Imports & Exports,-1008.000,Elexon BMRS FUELHH
2024-02-12T06:30:00Z,Nuclear,3710.000,Elexon BMRS FUELHH
2024-02-12T06:30:00Z,Other,333.000,Elexon BMRS FUELHH
2024-02-12T06:30:00Z,Pumped Storage,-12.000,Elexon BMRS FUELHH
2024-02-12T06:30:00Z,Wind,8152.000,Elexon BMRS FUELHH
2024-02-12T07:00:00Z,Biomass,2339.000,Elexon BMRS FUELHH
2024-02-12T07:00:00Z,Coal,959.000,Elexon BMRS FUELHH
2024-02-12T07:00:00Z,Gas,15467.000,Elexon BMRS FUELHH
2024-02-12T07:00:00Z,Hydro,1026.000,Elexon BMRS FUELHH
2024-02-12T07:00:00Z,Imports & Exports,-1506.000,Elexon BMRS FUELHH
2024-02-12T07:00:00Z,Nuclear,3701.000,Elexon BMRS FUELHH
2024-02-12T07:00:00Z,Other,514.000,Elexon BMRS FUELHH
2024-02-12T07:00:00Z,Pumped Storage,770.000,Elexon BMRS FUELHH
2024-02-12T07:00:00Z,Wind,8478.000,Elexon BMRS FUELHH
2024-02-12T07:30:00Z,Biomass,2444.000,Elexon BMRS FUELHH
2024-02-12T07:30:00Z,Coal,956.000,Elexon BMRS FUELHH
2024-02-12T07:30:00Z,Gas,16134.000,Elexon BMRS FUELHH
2024-02-12T07:30:00Z,Hydro,1082.000,Elexon BMRS FUELHH
2024-02-12T07:30:00Z,Imports & Exports,-1458.000,Elexon BMRS FUELHH
2024-02-12T07:30:00Z,Nuclear,3697.000,Elexon BMRS FUELHH
2024-02-12T07:30:00Z,Other,815.000,Elexon BMRS FUELHH
2024-02-12T07:30:00Z,Pumped Storage,770.000,Elexon BMRS FUELHH
2024-02-12T07:30:00Z,Wind,8347.000,Elexon BMRS FUELHH
2024-02-12T08:00:00Z,Biomass,2481.000,Elexon BMRS FUELHH
2024-02-12T08:00:00Z,Coal,959.000,Elexon BMRS FUELHH
2024-02-12T08:00:00Z,Gas,16352.000,Elexon BMRS FUELHH
2024-02-12T08:00:00Z,Hydro,1072.000,Elexon BMRS FUELHH
2024-02-12T08:00:00Z,Imports & Exports,20.000,Elexon BMRS FUELHH
2024-02-12T08:00:00Z,Nuclear,3695.000,Elexon BMRS FUELHH
2024-02-12T08:00:00Z,Other,732.000,Elexon BMRS FUELHH
2024-02-12T08:00:00Z,Pumped Storage,706.000,Elexon BMRS FUELHH
2024-02-12T08:00:00Z,Wind,8300.000,Elexon BMRS FUELHH
2024-02-12T08:30:00Z,Biomass,2380.000,Elexon BMRS FUELHH
2024-02-12T08:30:00Z,Coal,959.000,Elexon BMRS FUELHH
2024-02-12T08:30:00Z,Gas,16138.000,Elexon BMRS FUELHH
2024-02-12T08:30:00Z,Hydro,1064.000,Elexon BMRS FUELHH
2024-02-12T08:30:00Z,Imports & Exports,266.000,Elexon BMRS FUELHH
2024-02-12T08:30:00Z,Nuclear,3692.000,Elexon BMRS FUELHH
2024-02-12T08:30:00Z,Other,735.000,Elexon BMRS FUELHH
2024-02-12T08:30:00Z,Pumped Storage,814.000,Elexon BMRS FUELHH
2024-02-12T08:30:00Z,Wind,8617.000,Elexon BMRS FUELHH
2024-02-12T09:00:00Z,Biomass,2380.000,Elexon BMRS FUELHH
2024-02-12T09:00:00Z,Coal,957.000,Elexon BMRS FUELHH
2024-02-12T09:00:00Z,Gas,15663.000,Elexon BMRS FUELHH
2024-02-12T09:00:00Z,Hydro,803.000,Elexon BMRS FUELHH
2024-02-12T09:00:00Z,Imports & Exports,1710.000,Elexon BMRS FUELHH
2024-02-12T09:00:00Z,Nuclear,3700.000,Elexon BMRS FUELHH
2024-02-12T09:00:00Z,Other,314.000,Elexon BMRS FUELHH
2024-02-12T09:00:00Z,Pumped Storage,158.000,Elexon BMRS FUELHH
2024-02-12T09:00:00Z,Wind,9310.000,Elexon BMRS FUELHH
2024-02-12T09:30:00Z,Biomass,2361.000,Elexon BMRS FUELHH
2024-02-12T09:30:00Z,Coal,959.000,Elexon BMRS FUELHH
2024-02-12T09:30:00Z,Gas,14476.000,Elexon BMRS FUELHH
2024-02-12T09:30:00Z,Hydro,743.000,Elexon BMRS FUELHH
2024-02-12T09:30:00Z,Imports & Exports,1566.000,Elexon BMRS FUELHH
2024-02-12T09:30:00Z,Nuclear,3695.000,Elexon BMRS FUELHH
2024-02-12T09:30:00Z,Other,236.000,Elexon BMRS FUELHH
2024-02-12T09:30:00Z,Pumped Storage,108.000,Elexon BMRS FUELHH
2024-02-12T09:30:00Z,Wind,9758.000,Elexon BMRS FUELHH
2024-02-12T10:00:00Z,Biomass,2338.000,Elexon BMRS FUELHH
2024-02-12T10:00:00Z,Coal,958.000,Elexon BMRS FUELHH
2024-02-12T10:00:00Z,Gas,14624.000,Elexon BMRS FUELHH
2024-02-12T10:00:00Z,Hydro,663.000,Elexon BMRS FUELHH
2024-02-12T10:00:00Z,Imports & Exports,342.000,Elexon BMRS FUELHH
2024-02-12T10:00:00Z,Nuclear,3699.000,Elexon BMRS FUELHH
2024-02-12T10:00:00Z,Other,238.000,Elexon BMRS FUELHH
2024-02-12T10:00:00Z,Pumped Storage,90.000,Elexon BMRS FUELHH
2024-02-12T10:00:00Z,Wind,9734.000,Elexon BMRS FUELHH
2024-02-12T10:30:00Z,Biomass,2333.000,Elexon BMRS FUELHH
2024-02-12T10:30:00Z,Coal,928.000,Elexon BMRS FUELHH
2024-02-12T10:30:00Z,Gas,13268.000,Elexon BMRS FUELHH
2024-02-12T10:30:00Z,Hydro,633.000,Elexon BMRS FUELHH
2024-02-12T10:30:00Z,Imports & Exports,296.000,Elexon BMRS FUELHH
2024-02-12T10:30:00Z,Nuclear,3699.000,Elexon BMRS FUELHH
2024-02-12T10:30:00Z,Other,242.000,Elexon BMRS FUELHH
2024-02-12T10:30:00Z,Pumped Storage,90.000,Elexon BMRS FUELHH
2024-02-12T10:30:00Z,Wind,10028.000,Elexon BMRS FUELHH
2024-02-12T11:00:00Z,Biomass,2324.000,Elexon BMRS FUELHH
2024-02-12T11:00:00Z,Coal,670.000,Elexon BMRS FUELHH
2024-02-12T11:00:00Z,Gas,12927.000,Elexon BMRS FUELHH
2024-02-12T11:00:00Z,Hydro,601.000,Elexon BMRS FUELHH
2024-02-12T11:00:00Z,Imports & Exports,-632.000,Elexon BMRS FUELHH
2024-02-12T11:00:00Z,Nuclear,3695.000,Elexon BMRS FUELHH
2024-02-12T11:00:00Z,Other,256.000,Elexon BMRS FUELHH
2024-02-12T11:00:00Z,Pumped Storage,90.000,Elexon BMRS FUELHH
2024-02-12T11:00:00Z,Wind,10515.000,Elexon BMRS FUELHH
2024-02-12T11:30:00Z,Biomass,2278.000,Elexon BMRS FUELHH
2024-02-12T11:30:00Z,Coal,262.000,Elexon BMRS FUELHH
2024-02-12T11:30:00Z,Gas,12545.000,Elexon BMRS FUELHH
2024-02-12T11:30:00Z,Hydro,596.000,Elexon BMRS FUELHH
2024-02-12T11:30:00Z,Imports & Exports,-568.000,Elexon BMRS FUELHH
2024-02-12T11:30:00Z,Nuclear,3692.000,Elexon BMRS FUELHH
2024-02-12T11:30:00Z,Other,257.000,Elexon BMRS FUELHH
2024-02-12T11:30:00Z,Pumped Storage,4.000,Elexon BMRS FUELHH
2024-02-12T11:30:00Z,Wind,10774.000,Elexon BMRS FUELHH
2024-02-12T12:00:00Z,Biomass,2234.000,Elexon BMRS FUELHH
2024-02-12T12:00:00Z,Coal,230.000,Elexon BMRS FUELHH
2024-02-12T12:00:00Z,Gas,12090.000,Elexon BMRS FUELHH
2024-02-12T12:00:00Z,Hydro,539.000,Elexon BMRS FUELHH
2024-02-12T12:00:00Z,Imports & Exports,-814.000,Elexon BMRS FUELHH
2024-02-12T12:00:00Z,Nuclear,3691.000,Elexon BMRS FUELHH
2024-02-12T12:00:00Z,Other,311.000,Elexon BMRS FUELHH
2024-02-12T12:00:00Z,Pumped Storage,30.000,Elexon BMRS FUELHH
2024-02-12T12:00:00Z,Wind,10920.000,Elexon BMRS FUELHH
2024-02-12T12:30:00Z,Biomass,2192.000,Elexon BMRS FUELHH
2024-02-12T12:30:00Z,Coal,231.000,Elexon BMRS FUELHH
2024-02-12T12:30:00Z,Gas,11890.000,Elexon BMRS FUELHH
2024-02-12T12:30:00Z,Hydro,528.000,Elexon BMRS FUELHH
2024-02-12T12:30:00Z,Imports & Exports,-796.000,Elexon BMRS FUELHH
2024-02-12T12:30:00Z,Nuclear,3697.000,Elexon BMRS FUELHH
2024-02-12T12:30:00Z,Other,260.000,Elexon BMRS FUELHH
2024-02-12T12:30:00Z,Pumped Storage,28.000,Elexon BMRS FUELHH
2024-02-12T12:30:00Z,Wind,11037.000,Elexon BMRS FUELHH
2024-02-12T13:00:00Z,Biomass,2185.000,Elexon BMRS FUELHH
2024-02-12T13:00:00Z,Coal,229.000,Elexon BMRS FUELHH
2024-02-12T13:00:00Z,Gas,12304.000,Elexon BMRS FUELHH
2024-02-12T13:00:00Z,Hydro,535.000,Elexon BMRS FUELHH
2024-02-12T13:00:00Z,Imports & Exports,-1126.000,Elexon BMRS FUELHH
2024-02-12T13:00:00Z,Nuclear,3695.000,Elexon BMRS FUELHH
2024-02-12T13:00:00Z,Other,309.000,Elexon BMRS FUELHH
2024-02-12T13:00:00Z,Pumped Storage,-10.000,Elexon BMRS FUELHH
2024-02-12T13:00:00Z,Wind,10986.000,Elexon BMRS FUELHH
2024-02-12T13:30:00Z,Biomass,2258.000,Elexon BMRS FUELHH
2024-02-12T13:30:00Z,Coal,230.000,Elexon BMRS FUELHH
2024-02-12T13:30:00Z,Gas,12071.000,Elexon BMRS FUELHH
2024-02-12T13:30:00Z,Hydro,559.000,Elexon BMRS FUELHH
2024-02-12T13:30:00Z,Imports & Exports,-1060.000,Elexon BMRS FUELHH
2024-02-12T13:30:00Z,Nuclear,3699.000,Elexon BMRS FUELHH
2024-02-12T13:30:00Z,Other,266.000,Elexon BMRS FUELHH
2024-02-12T13:30:00Z,Pumped Storage,2.000,Elexon BMRS FUELHH
2024-02-12T13:30:00Z,Wind,11177.000,Elexon BMRS FUELHH
2024-02-12T14:00:00Z,Biomass,2377.000,Elexon BMRS FUELHH
2024-02-12T14:00:00Z,Coal,230.000,Elexon BMRS FUELHH
2024-02-12T14:00:00Z,Gas,12208.000,Elexon BMRS FUELHH
2024-02-12T14:00:00Z,Hydro,564.000,Elexon BMRS FUELHH
2024-02-12T14:00:00Z,Imports & Exports,-1282.000,Elexon BMRS FUELHH
2024-02-12T14:00:00Z,Nuclear,3701.000,Elexon BMRS FUELHH
2024-02-12T14:00:00Z,Other,288.000,Elexon BMRS FUELHH
2024-02-12T14:00:00Z,Pumped Storage,-12.000,Elexon BMRS FUELHH
2024-02-12T14:00:00Z,Wind,11585.000,Elexon BMRS FUELHH
2024-02-12T14:30:00Z,Biomass,2292.000,Elexon BMRS FUELHH
2024-02-12T14:30:00Z,Coal,229.000,Elexon BMRS FUELHH
2024-02-12T14:30:00Z,Gas,12623.000,Elexon BMRS FUELHH
2024-02-12T14:30:00Z,Hydro,529.000,Elexon BMRS FUELHH
2024-02-12T14:30:00Z,Imports & Exports,-1336.000,Elexon BMRS FUELHH
2024-02-12T14:30:00Z,Nuclear,3697.000,Elexon BMRS FUELHH
2024-02-12T14:30:00Z,Other,319.000,Elexon BMRS FUELHH
2024-02-12T14:30:00Z,Pumped Storage,-58.000,Elexon BMRS FUELHH
2024-02-12T14:30:00Z,Wind,11858.000,Elexon BMRS FUELHH
2024-02-12T15:00:00Z,Biomass,2162.000,Elexon BMRS FUELHH
2024-02-12T15:00:00Z,Coal,269.000,Elexon BMRS FUELHH
2024-02-12T15:00:00Z,Gas,13025.000,Elexon BMRS FUELHH
2024-02-12T15:00:00Z,Hydro,550.000,Elexon BMRS FUELHH
2024-02-12T15:00:00Z,Imports & Exports,-568.000,Elexon BMRS FUELHH
2024-02-12T15:00:00Z,Nuclear,3700.000,Elexon BMRS FUELHH
2024-02-12T15:00:00Z,Other,261.000,Elexon BMRS FUELHH
2024-02-12T15:00:00Z,Pumped Storage,-264.000,Elexon BMRS FUELHH
2024-02-12T15:00:00Z,Wind,12233.000,Elexon BMRS FUELHH
2024-02-12T15:30:00Z,Biomass,2175.000,Elexon BMRS FUELHH
2024-02-12T15:30:00Z,Coal,352.000,Elexon BMRS FUELHH
2024-02-12T15:30:00Z,Gas,13986.000,Elexon BMRS FUELHH
2024-02-12T15:30:00Z,Hydro,567.000,Elexon BMRS FUELHH
2024-02-12T15:30:00Z,Imports & Exports,-450.000,Elexon BMRS FUELHH
2024-02-12T15:30:00Z,Nuclear,3698.000,Elexon BMRS FUELHH
2024-02-12T15:30:00Z,Other,291.000,Elexon BMRS FUELHH
2024-02-12T15:30:00Z,Pumped Storage,-268.000,Elexon BMRS FUELHH
2024-02-12T15:30:00Z,Wind,12099.000,Elexon BMRS FUELHH
2024-02-12T16:00:00Z,Biomass,2135.000,Elexon BMRS FUELHH
2024-02-12T16:00:00Z,Coal,467.000,Elexon BMRS FUELHH
2024-02-12T16:00:00Z,Gas,14227.000,Elexon BMRS FUELHH
2024-02-12T16:00:00Z,Hydro,625.000,Elexon BMRS FUELHH
2024-02-12T16:00:00Z,Imports & Exports,-298.000,Elexon BMRS FUELHH
2024-02-12T16:00:00Z,Nuclear,3700.000,Elexon BMRS FUELHH
2024-02-12T16:00:00Z,Other,319.000,Elexon BMRS FUELHH
2024-02-12T16:00:00Z,Pumped Storage,544.000,Elexon BMRS FUELHH
2024-02-12T16:00:00Z,Wind,12113.000,Elexon BMRS FUELHH
2024-02-12T16:30:00Z,Biomass,2206.000,Elexon BMRS FUELHH
2024-02-12T16:30:00Z,Coal,456.000,Elexon BMRS FUELHH
2024-02-12T16:30:00Z,Gas,14599.000,Elexon BMRS FUELHH
2024-02-12T16:30:00Z,Hydro,644.000,Elexon BMRS FUELHH
2024-02-12T16:30:00Z,Imports & Exports,-342.000,Elexon BMRS FUELHH
2024-02-12T16:30:00Z,Nuclear,3697.000,Elexon BMRS FUELHH
2024-02-12T16:30:00Z,Other,421.000,Elexon BMRS FUELHH
2024-02-12T16:30:00Z,Pumped Storage,1082.000,Elexon BMRS FUELHH
2024-02-12T16:30:00Z,Wind,12420.000,Elexon BMRS FUELHH
2024-02-12T17:00:00Z,Biomass,2148.000,Elexon BMRS FUELHH
2024-02-12T17:00:00Z,Coal,413.000,Elexon BMRS FUELHH
2024-02-12T17:00:00Z,Gas,15101.000,Elexon BMRS FUELHH
2024-02-12T17:00:00Z,Hydro,718.000,Elexon BMRS FUELHH
2024-02-12T17:00:00Z,Imports & Exports,-364.000,Elexon BMRS FUELHH
2024-02-12T17:00:00Z,Nuclear,3699.000,Elexon BMRS FUELHH
2024-02-12T17:00:00Z,Other,1115.000,Elexon BMRS FUELHH
2024-02-12T17:00:00Z,Pumped Storage,1340.000,Elexon BMRS FUELHH
2024-02-12T17:00:00Z,Wind,12770.000,Elexon BMRS FUELHH
2024-02-12T17:30:00Z,Biomass,2204.000,Elexon BMRS FUELHH
2024-02-12T17:30:00Z,Coal,471.000,Elexon BMRS FUELHH
2024-02-12T17:30:00Z,Gas,15761.000,Elexon BMRS FUELHH
2024-02-12T17:30:00Z,Hydro,721.000,Elexon BMRS FUELHH
2024-02-12T17:30:00Z,Imports & Exports,-484.000,Elexon BMRS FUELHH
2024-02-12T17:30:00Z,Nuclear,3695.000,Elexon BMRS FUELHH
2024-02-12T17:30:00Z,Other,1389.000,Elexon BMRS FUELHH
2024-02-12T17:30:00Z,Pumped Storage,1478.000,Elexon BMRS FUELHH
2024-02-12T17:30:00Z,Wind,12970.000,Elexon BMRS FUELHH
2024-02-12T18:00:00Z,Biomass,2260.000,Elexon BMRS FUELHH
2024-02-12T18:00:00Z,Coal,479.000,Elexon BMRS FUELHH
2024-02-12T18:00:00Z,Gas,15891.000,Elexon BMRS FUELHH
2024-02-12T18:00:00Z,Hydro,717.000,Elexon BMRS FUELHH
2024-02-12T18:00:00Z,Imports & Exports,248.000,Elexon BMRS FUELHH
2024-02-12T18:00:00Z,Nuclear,3697.000,Elexon BMRS FUELHH
2024-02-12T18:00:00Z,Other,925.000,Elexon BMRS FUELHH
2024-02-12T18:00:00Z,Pumped Storage,1486.000,Elexon BMRS FUELHH
2024-02-12T18:00:00Z,Wind,13039.000,Elexon BMRS FUELHH
2024-02-12T18:30:00Z,Biomass,2260.000,Elexon BMRS FUELHH
2024-02-12T18:30:00Z,Coal,480.000,Elexon BMRS FUELHH
2024-02-12T18:30:00Z,Gas,15897.000,Elexon BMRS FUELHH
2024-02-12T18:30:00Z,Hydro,737.000,Elexon BMRS FUELHH
2024-02-12T18:30:00Z,Imports & Exports,46.000,Elexon BMRS FUELHH
2024-02-12T18:30:00Z,Nuclear,3703.000,Elexon BMRS FUELHH
2024-02-12T18:30:00Z,Other,767.000,Elexon BMRS FUELHH
2024-02-12T18:30:00Z,Pumped Storage,1000.000,Elexon BMRS FUELHH
2024-02-12T18:30:00Z,Wind,13156.000,Elexon BMRS FUELHH
2024-02-12T19:00:00Z,Biomass,2261.000,Elexon BMRS FUELHH
2024-02-12T19:00:00Z,Coal,480.000,Elexon BMRS FUELHH
2024-02-12T19:00:00Z,Gas,15439.000,Elexon BMRS FUELHH
2024-02-12T19:00:00Z,Hydro,773.000,Elexon BMRS FUELHH
2024-02-12T19:00:00Z,Imports & Exports,428.000,Elexon BMRS FUELHH
2024-02-12T19:00:00Z,Nuclear,3696.000,Elexon BMRS FUELHH
2024-02-12T19:00:00Z,Other,575.000,Elexon BMRS FUELHH
2024-02-12T19:00:00Z,Pumped Storage,332.000,Elexon BMRS FUELHH
2024-02-12T19:00:00Z,Wind,13539.000,Elexon BMRS FUELHH
2024-02-12T19:30:00Z,Biomass,2253.000,Elexon BMRS FUELHH
2024-02-12T19:30:00Z,Coal,448.000,Elexon BMRS FUELHH
2024-02-12T19:30:00Z,Gas,14577.000,Elexon BMRS FUELHH
2024-02-12T19:30:00Z,Hydro,750.000,Elexon BMRS FUELHH
2024-02-12T19:30:00Z,Imports & Exports,214.000,Elexon BMRS FUELHH
2024-02-12T19:30:00Z,Nuclear,3701.000,Elexon BMRS FUELHH
2024-02-12T19:30:00Z,Other,220.000,Elexon BMRS FUELHH
2024-02-12T19:30:00Z,Pumped Storage,140.000,Elexon BMRS FUELHH
2024-02-12T19:30:00Z,Wind,13871.000,Elexon BMRS FUELHH
2024-02-12T20:00:00Z,Biomass,2182.000,Elexon BMRS FUELHH
2024-02-12T20:00:00Z,Coal,373.000,Elexon BMRS FUELHH
2024-02-12T20:00:00Z,Gas,13349.000,Elexon BMRS FUELHH
2024-02-12T20:00:00Z,Hydro,609.000,Elexon BMRS FUELHH
2024-02-12T20:00:00Z,Imports & Exports,-258.000,Elexon BMRS FUELHH
2024-02-12T20:00:00Z,Nuclear,3692.000,Elexon BMRS FUELHH
2024-02-12T20:00:00Z,Other,314.000,Elexon BMRS FUELHH
2024-02-12T20:00:00Z,Pumped Storage,192.000,Elexon BMRS FUELHH
2024-02-12T20:00:00Z,Wind,14116.000,Elexon BMRS FUELHH
2024-02-12T20:30:00Z,Biomass,2258.000,Elexon BMRS FUELHH
2024-02-12T20:30:00Z,Coal,291.000,Elexon BMRS FUELHH
2024-02-12T20:30:00Z,Gas,12248.000,Elexon BMRS FUELHH
2024-02-12T20:30:00Z,Hydro,546.000,Elexon BMRS FUELHH
2024-02-12T20:30:00Z,Imports & Exports,-366.000,Elexon BMRS FUELHH
2024-02-12T20:30:00Z,Nuclear,3693.000,Elexon BMRS FUELHH
2024-02-12T20:30:00Z,Other,285.000,Elexon BMRS FUELHH
2024-02-12T20:30:00Z,Pumped Storage,10.000,Elexon BMRS FUELHH
2024-02-12T20:30:00Z,Wind,14096.000,Elexon BMRS FUELHH
2024-02-12T21:00:00Z,Biomass,2245.000,Elexon BMRS FUELHH
2024-02-12T21:00:00Z,Coal,26.000,Elexon BMRS FUELHH
2024-02-12T21:00:00Z,Gas,11752.000,Elexon BMRS FUELHH
2024-02-12T21:00:00Z,Hydro,516.000,Elexon BMRS FUELHH
2024-02-12T21:00:00Z,Imports & Exports,-1036.000,Elexon BMRS FUELHH
2024-02-12T21:00:00Z,Nuclear,3709.000,Elexon BMRS FUELHH
2024-02-12T21:00:00Z,Other,209.000,Elexon BMRS FUELHH
2024-02-12T21:00:00Z,Pumped Storage,-286.000,Elexon BMRS FUELHH
2024-02-12T21:00:00Z,Wind,14521.000,Elexon BMRS FUELHH
2024-02-12T21:30:00Z,Biomass,2155.000,Elexon BMRS FUELHH
2024-02-12T21:30:00Z,Coal,0.000,Elexon BMRS FUELHH
2024-02-12T21:30:00Z,Gas,10545.000,Elexon BMRS FUELHH
2024-02-12T21:30:00Z,Hydro,516.000,Elexon BMRS FUELHH
2024-02-12T21:30:00Z,Imports & Exports,-1206.000,Elexon BMRS FUELHH
2024-02-12T21:30:00Z,Nuclear,3700.000,Elexon BMRS FUELHH
2024-02-12T21:30:00Z,Other,182.000,Elexon BMRS FUELHH
2024-02-12T21:30:00Z,Pumped Storage,-322.000,Elexon BMRS FUELHH
2024-02-12T21:30:00Z,Wind,14708.000,Elexon BMRS FUELHH
2024-02-12T22:00:00Z,Biomass,1887.000,Elexon BMRS FUELHH
2024-02-12T22:00:00Z,Coal,0.000,Elexon BMRS FUELHH
2024-02-12T22:00:00Z,Gas,9622.000,Elexon BMRS FUELHH
2024-02-12T22:00:00Z,Hydro,506.000,Elexon BMRS FUELHH
2024-02-12T22:00:00Z,Imports & Exports,-1864.000,Elexon BMRS FUELHH
2024-02-12T22:00:00Z,Nuclear,3709.000,Elexon BMRS FUELHH
2024-02-12T22:00:00Z,Other,188.000,Elexon BMRS FUELHH
2024-02-12T22:00:00Z,Pumped Storage,-298.000,Elexon BMRS FUELHH
2024-02-12T22:00:00Z,Wind,14773.000,Elexon BMRS FUELHH
2024-02-12T22:30:00Z,Biomass,1320.000,Elexon BMRS FUELHH
2024-02-12T22:30:00Z,Coal,0.000,Elexon BMRS FUELHH
2024-02-12T22:30:00Z,Gas,8029.000,Elexon BMRS FUELHH
2024-02-12T22:30:00Z,Hydro,489.000,Elexon BMRS FUELHH
2024-02-12T22:30:00Z,Imports & Exports,-1874.000,Elexon BMRS FUELHH
2024-02-12T22:30:00Z,Nuclear,3738.000,Elexon BMRS FUELHH
2024-02-12T22:30:00Z,Other,181.000,Elexon BMRS FUELHH
2024-02-12T22:30:00Z,Pumped Storage,-366.000,Elexon BMRS FUELHH
2024-02-12T22:30:00Z,Wind,15019.000,Elexon BMRS FUELHH
2024-02-12T23:00:00Z,Biomass,1175.000,Elexon BMRS FUELHH
2024-02-12T23:00:00Z,Coal,0.000,Elexon BMRS FUELHH
2024-02-12T23:00:00Z,Gas,5106.000,Elexon BMRS FUELHH
2024-02-12T23:00:00Z,Hydro,455.000,Elexon BMRS FUELHH
2024-02-12T23:00:00Z,Imports & Exports,720.000,Elexon BMRS FUELHH
2024-02-12T23:00:00Z,Nuclear,3745.000,Elexon BMRS FUELHH
2024-02-12T23:00:00Z,Other,196.000,Elexon BMRS FUELHH
2024-02-12T23:00:00Z,Pumped Storage,-1050.000,Elexon BMRS FUELHH
2024-02-12T23:00:00Z,Wind,14663.000,Elexon BMRS FUELHH
2024-02-12T23:30:00Z,Biomass,1222.000,Elexon BMRS FUELHH
2024-02-12T23:30:00Z,Coal,0.000,Elexon BMRS FUELHH
2024-02-12T23:30:00Z,Gas,4543.000,Elexon BMRS FUELHH
2024-02-12T23:30:00Z,Hydro,458.000,Elexon BMRS FUELHH
2024-02-12T23:30:00Z,Imports & Exports,858.000,Elexon BMRS FUELHH
2024-02-12T23:30:00Z,Nuclear,3752.000,Elexon BMRS FUELHH
2024-02-12T23:30:00Z,Other,202.000,Elexon BMRS FUELHH
2024-02-12T23:30:00Z,Pumped Storage,-1322.000,Elexon BMRS FUELHH
2024-02-12T23:30:00Z,Wind,14384.000,Elexon BMRS FUELHH
2024-02-13T00:00:00Z,Biomass,1279.000,Elexon BMRS FUELHH
2024-02-13T00:00:00Z,Coal,0.000,Elexon BMRS FUELHH
2024-02-13T00:00:00Z,Gas,4237.000,Elexon BMRS FUELHH
2024-02-13T00:00:00Z,Hydro,442.000,Elexon BMRS FUELHH
2024-02-13T00:00:00Z,Imports & Exports,1154.000,Elexon BMRS FUELHH
2024-02-13T00:00:00Z,Nuclear,3746.000,Elexon BMRS FUELHH
2024-02-13T00:00:00Z,Other,200.000,Elexon BMRS FUELHH
2024-02-13T00:00:00Z,Pumped Storage,-1500.000,Elexon BMRS FUELHH
2024-02-13T00:00:00Z,Wind,14543.000,Elexon BMRS FUELHH
2024-02-13T00:30:00Z,Biomass,1335.000,Elexon BMRS FUELHH
2024-02-13T00:30:00Z,Coal,0.000,Elexon BMRS FUELHH
2024-02-13T00:30:00Z,Gas,4424.000,Elexon BMRS FUELHH
2024-02-13T00:30:00Z,Hydro,439.000,Elexon BMRS FUELHH
2024-02-13T00:30:00Z,Imports & Exports,1300.000,Elexon BMRS FUELHH
2024-02-13T00:30:00Z,Nuclear,3744.000,Elexon BMRS FUELHH
2024-02-13T00:30:00Z,Other,396.000,Elexon BMRS FUELHH
2024-02-13T00:30:00Z,Pumped Storage,-1444.000,Elexon BMRS FUELHH
2024-02-13T00:30:00Z,Wind,13995.000,Elexon BMRS FUELHH
2024-02-13T01:00:00Z,Biomass,1270.000,Elexon BMRS FUELHH
2024-02-13T01:00:00Z,Coal,0.000,Elexon BMRS FUELHH
2024-02-13T01:00:00Z,Gas,4543.000,Elexon BMRS FUELHH
2024-02-13T01:00:00Z,Hydro,404.000,Elexon BMRS FUELHH
2024-02-13T01:00:00Z,Imports & Exports,2176.000,Elexon BMRS FUELHH
2024-02-13T01:00:00Z,Nuclear,3763.000,Elexon BMRS FUELHH
2024-02-13T01:00:00Z,Other,209.000,Elexon BMRS FUELHH
2024-02-13T01:00:00Z,Pumped Storage,-1572.000,Elexon BMRS FUELHH
2024-02-13T01:00:00Z,Wind,13472.000,Elexon BMRS FUELHH
2024-02-13T01:30:00Z,Biomass,1120.000,Elexon BMRS FUELHH
2024-02-13T01:30:00Z,Coal,0.000,Elexon BMRS FUELHH
2024-02-13T01:30:00Z,Gas,4645.000,Elexon BMRS FUELHH
2024-02-13T01:30:00Z,Hydro,402.000,Elexon BMRS FUELHH
2024-02-13T01:30:00Z,Imports & Exports,2180.000,Elexon BMRS FUELHH
2024-02-13T01:30:00Z,Nuclear,3786.000,Elexon BMRS FUELHH
2024-02-13T01:30:00Z,Other,189.000,Elexon BMRS FUELHH
2024-02-13T01:30:00Z,Pumped Storage,-1810.000,Elexon BMRS FUELHH
2024-02-13T01:30:00Z,Wind,13524.000,Elexon BMRS FUELHH
2024-02-13T02:00:00Z,Biomass,934.000,Elexon BMRS FUELHH
2024-02-13T02:00:00Z,Coal,0.000,Elexon BMRS FUELHH
2024-02-13T02:00:00Z,Gas,4012.000,Elexon BMRS FUELHH
2024-02-13T02:00:00Z,Hydro,395.000,Elexon BMRS FUELHH
2024-02-13T02:00:00Z,Imports & Exports,2600.000,Elexon BMRS FUELHH
2024-02-13T02:00:00Z,Nuclear,3792.000,Elexon BMRS FUELHH
2024-02-13T02:00:00Z,Other,192.000,Elexon BMRS FUELHH
2024-02-13T02:00:00Z,Pumped Storage,-1742.000,Elexon BMRS FUELHH
2024-02-13T02:00:00Z,Wind,13472.000,Elexon BMRS FUELHH
2024-02-13T02:30:00Z,Biomass,919.000,Elexon BMRS FUELHH
2024-02-13T02:30:00Z,Coal,0.000,Elexon BMRS FUELHH
2024-02-13T02:30:00Z,Gas,3659.000,Elexon BMRS FUELHH
2024-02-13T02:30:00Z,Hydro,396.000,Elexon BMRS FUELHH
2024-02-13T02:30:00Z,Imports & Exports,2606.000,Elexon BMRS FUELHH
2024-02-13T02:30:00Z,Nuclear,3797.000,Elexon BMRS FUELHH
2024-02-13T02:30:00Z,Other,177.000,Elexon BMRS FUELHH
2024-02-13T02:30:00Z,Pumped Storage,-1804.000,Elexon BMRS FUELHH
2024-02-13T02:30:00Z,Wind,13243.000,Elexon BMRS FUELHH
2024-02-13T03:00:00Z,Biomass,932.000,Elexon BMRS FUELHH
2024-02-13T03:00:00Z,Coal,0.000,Elexon BMRS FUELHH
2024-02-13T03:00:00Z,Gas,3796.000,Elexon BMRS FUELHH
2024-02-13T03:00:00Z,Hydro,398.000,Elexon BMRS FUELHH
2024-02-13T03:00:00Z,Imports & Exports,2282.000,Elexon BMRS FUELHH
2024-02-13T03:00:00Z,Nuclear,3790.000,Elexon BMRS FUELHH
2024-02-13T03:00:00Z,Other,201.000,Elexon BMRS FUELHH
2024-02-13T03:00:00Z,Pumped Storage,-1774.000,Elexon BMRS FUELHH
2024-02-13T03:00:00Z,Wind,13046.000,Elexon BMRS FUELHH
2024-02-13T03:30:00Z,Biomass,1042.000,Elexon BMRS FUELHH
2024-02-13T03:30:00Z,Coal,0.000,Elexon BMRS FUELHH
2024-02-13T03:30:00Z,Gas,3872.000,Elexon BMRS FUELHH
2024-02-13T03:30:00Z,Hydro,399.000,Elexon BMRS FUELHH
2024-02-13T03:30:00Z,Imports & Exports,2232.000,Elexon BMRS FUELHH
2024-02-13T03:30:00Z,Nuclear,3793.000,Elexon BMRS FUELHH
2024-02-13T03:30:00Z,Other,200.000,Elexon BMRS FUELHH
2024-02-13T03:30:00Z,Pumped Storage,-1758.000,Elexon BMRS FUELHH
2024-02-13T03:30:00Z,Wind,12845.000,Elexon BMRS FUELHH
2024-02-13T04:00:00Z,Biomass,1219.000,Elexon BMRS FUELHH
2024-02-13T04:00:00Z,Coal,0.000,Elexon BMRS FUELHH
2024-02-13T04:00:00Z,Gas,3949.000,Elexon BMRS FUELHH
2024-02-13T04:00:00Z,Hydro,435.000,Elexon BMRS FUELHH
2024-02-13T04:00:00Z,Imports & Exports,1526.000,Elexon BMRS FUELHH
2024-02-13T04:00:00Z,Nuclear,3789.000,Elexon BMRS FUELHH
2024-02-13T04:00:00Z,Other,222.000,Elexon BMRS FUELHH
2024-02-13T04:00:00Z,Pumped Storage,-1452.000,Elexon BMRS FUELHH
2024-02-13T04:00:00Z,Wind,12673.000,Elexon BMRS FUELHH
2024-02-13T04:30:00Z,Biomass,1285.000,Elexon BMRS FUELHH
2024-02-13T04:30:00Z,Coal,0.000,Elexon BMRS FUELHH
2024-02-13T04:30:00Z,Gas,4128.000,Elexon BMRS FUELHH
2024-02-13T04:30:00Z,Hydro,435.000,Elexon BMRS FUELHH
2024-02-13T04:30:00Z,Imports & Exports,1590.000,Elexon BMRS FUELHH
2024-02-13T04:30:00Z,Nuclear,3791.000,Elexon BMRS FUELHH
2024-02-13T04:30:00Z,Other,198.000,Elexon BMRS FUELHH
2024-02-13T04:30:00Z,Pumped Storage,-1108.000,Elexon BMRS FUELHH
2024-02-13T04:30:00Z,Wind,12293.000,Elexon BMRS FUELHH
2024-02-13T05:00:00Z,Biomass,1272.000,Elexon BMRS FUELHH
2024-02-13T05:00:00Z,Coal,0.000,Elexon BMRS FUELHH
2024-02-13T05:00:00Z,Gas,5497.000,Elexon BMRS FUELHH
2024-02-13T05:00:00Z,Hydro,433.000,Elexon BMRS FUELHH
2024-02-13T05:00:00Z,Imports & Exports,300.000,Elexon BMRS FUELHH
2024-02-13T05:00:00Z,Nuclear,3800.000,Elexon BMRS FUELHH
2024-02-13T05:00:00Z,Other,184.000,Elexon BMRS FUELHH
2024-02-13T05:00:00Z,Pumped Storage,-644.000,Elexon BMRS FUELHH
2024-02-13T05:00:00Z,Wind,12314.000,Elexon BMRS FUELHH
2024-02-13T05:30:00Z,Biomass,1279.000,Elexon BMRS FUELHH
2024-02-13T05:30:00Z,Coal,0.000,Elexon BMRS FUELHH
2024-02-13T05:30:00Z,Gas,6983.000,Elexon BMRS FUELHH
2024-02-13T05:30:00Z,Hydro,440.000,Elexon BMRS FUELHH
2024-02-13T05:30:00Z,Imports & Exports,164.000,Elexon BMRS FUELHH
2024-02-13T05:30:00Z,Nuclear,3791.000,Elexon BMRS FUELHH
2024-02-13T05:30:00Z,Other,189.000,Elexon BMRS FUELHH
2024-02-13T05:30:00Z,Pumped Storage,-330.000,Elexon BMRS FUELHH
2024-02-13T05:30:00Z,Wind,11953.000,Elexon BMRS FUELHH
2024-02-13T06:00:00Z,Biomass,1280.000,Elexon BMRS FUELHH
2024-02-13T06:00:00Z,Coal,0.000,Elexon BMRS FUELHH
2024-02-13T06:00:00Z,Gas,11221.000,Elexon BMRS FUELHH
2024-02-13T06:00:00Z,Hydro,550.000,Elexon BMRS FUELHH
2024-02-13T06:00:00Z,Imports & Exports,-1760.000,Elexon BMRS FUELHH
2024-02-13T06:00:00Z,Nuclear,3800.000,Elexon BMRS FUELHH
2024-02-13T06:00:00Z,Other,204.000,Elexon BMRS FUELHH
2024-02-13T06:00:00Z,Pumped Storage,-80.000,Elexon BMRS FUELHH
2024-02-13T06:00:00Z,Wind,11911.000,Elexon BMRS FUELHH
2024-02-13T06:30:00Z,Biomass,1505.000,Elexon BMRS FUELHH
2024-02-13T06:30:00Z,Coal,0.000,Elexon BMRS FUELHH
2024-02-13T06:30:00Z,Gas,13598.000,Elexon BMRS FUELHH
2024-02-13T06:30:00Z,Hydro,549.000,Elexon BMRS FUELHH
2024-02-13T06:30:00Z,Imports & Exports,-1840.000,Elexon BMRS FUELHH
2024-02-13T06:30:00Z,Nuclear,3796.000,Elexon BMRS FUELHH
2024-02-13T06:30:00Z,Other,193.000,Elexon BMRS FUELHH
2024-02-13T06:30:00Z,Pumped Storage,-24.000,Elexon BMRS FUELHH
2024-02-13T06:30:00Z,Wind,11648.000,Elexon BMRS FUELHH
2024-02-13T07:00:00Z,Biomass,1858.000,Elexon BMRS FUELHH
2024-02-13T07:00:00Z,Coal,0.000,Elexon BMRS FUELHH
2024-02-13T07:00:00Z,Gas,14913.000,Elexon BMRS FUELHH
2024-02-13T07:00:00Z,Hydro,622.000,Elexon BMRS FUELHH
2024-02-13T07:00:00Z,Imports & Exports,-1360.000,Elexon BMRS FUELHH
2024-02-13T07:00:00Z,Nuclear,3790.000,Elexon BMRS FUELHH
2024-02-13T07:00:00Z,Other,356.000,Elexon BMRS FUELHH
2024-02-13T07:00:00Z,Pumped Storage,-126.000,Elexon BMRS FUELHH
2024-02-13T07:00:00Z,Wind,11505.000,Elexon BMRS FUELHH
2024-02-13T07:30:00Z,Biomass,2147.000,Elexon BMRS FUELHH
2024-02-13T07:30:00Z,Coal,0.000,Elexon BMRS FUELHH
2024-02-13T07:30:00Z,Gas,14696.000,Elexon BMRS FUELHH
2024-02-13T07:30:00Z,Hydro,626.000,Elexon BMRS FUELHH
2024-02-13T07:30:00Z,Imports & Exports,-970.000,Elexon BMRS FUELHH
2024-02-13T07:30:00Z,Nuclear,3793.000,Elexon BMRS FUELHH
2024-02-13T07:30:00Z,Other,877.000,Elexon BMRS FUELHH
2024-02-13T07:30:00Z,Pumped Storage,50.000,Elexon BMRS FUELHH
2024-02-13T07:30:00Z,Wind,11477.000,Elexon BMRS FUELHH
2024-02-13T08:00:00Z,Biomass,2218.000,Elexon BMRS FUELHH
2024-02-13T08:00:00Z,Coal,0.000,Elexon BMRS FUELHH
2024-02-13T08:00:00Z,Gas,13507.000,Elexon BMRS FUELHH
2024-02-13T08:00:00Z,Hydro,613.000,Elexon BMRS FUELHH
2024-02-13T08:00:00Z,Imports & Exports,2970.000,Elexon BMRS FUELHH
2024-02-13T08:00:00Z,Nuclear,3787.000,Elexon BMRS FUELHH
2024-02-13T08:00:00Z,Other,611.000,Elexon BMRS FUELHH
2024-02-13T08:00:00Z,Pumped Storage,354.000,Elexon BMRS FUELHH
2024-02-13T08:00:00Z,Wind,11060.000,Elexon BMRS FUELHH
2024-02-13T08:30:00Z,Biomass,2214.000,Elexon BMRS FUELHH
2024-02-13T08:30:00Z,Coal,0.000,Elexon BMRS FUELHH
2024-02-13T08:30:00Z,Gas,14778.000,Elexon BMRS FUELHH
2024-02-13T08:30:00Z,Hydro,632.000,Elexon BMRS FUELHH
2024-02-13T08:30:00Z,Imports & Exports,3246.000,Elexon BMRS FUELHH
2024-02-13T08:30:00Z,Nuclear,3790.000,Elexon BMRS FUELHH
2024-02-13T08:30:00Z,Other,491.000,Elexon BMRS FUELHH
2024-02-13T08:30:00Z,Pumped Storage,-68.000,Elexon BMRS FUELHH
2024-02-13T08:30:00Z,Wind,10733.000,Elexon BMRS FUELHH
2024-02-13T09:00:00Z,Biomass,2199.000,Elexon BMRS FUELHH
2024-02-13T09:00:00Z,Coal,0.000,Elexon BMRS FUELHH
2024-02-13T09:00:00Z,Gas,14199.000,Elexon BMRS FUELHH
2024-02-13T09:00:00Z,Hydro,566.000,Elexon BMRS FUELHH
2024-02-13T09:00:00Z,Imports & Exports,5392.000,Elexon BMRS FUELHH
2024-02-13T09:00:00Z,Nuclear,3787.000,Elexon BMRS FUELHH
2024-02-13T09:00:00Z,Other,438.000,Elexon BMRS FUELHH
2024-02-13T09:00:00Z,Pumped Storage,76.000,Elexon BMRS FUELHH
2024-02-13T09:00:00Z,Wind,10588.000,Elexon BMRS FUELHH
2024-02-13T09:30:00Z,Biomass,2277.000,Elexon BMRS FUELHH
2024-02-13T09:30:00Z,Coal,0.000,Elexon BMRS FUELHH
2024-02-13T09:30:00Z,Gas,14594.000,Elexon BMRS FUELHH
2024-02-13T09:30:00Z,Hydro,563.000,Elexon BMRS FUELHH
2024-02-13T09:30:00Z,Imports & Exports,5500.000,Elexon BMRS FUELHH
2024-02-13T09:30:00Z,Nuclear,3786.000,Elexon BMRS FUELHH
2024-02-13T09:30:00Z,Other,279.000,Elexon BMRS FUELHH
2024-02-13T09:30:00Z,Pumped Storage,-148.000,Elexon BMRS FUELHH
2024-02-13T09:30:00Z,Wind,10220.000,Elexon BMRS FUELHH
2024-02-13T10:00:00Z,Biomass,2179.000,Elexon BMRS FUELHH
2024-02-13T10:00:00Z,Coal,58.000,Elexon BMRS FUELHH
2024-02-13T10:00:00Z,Gas,13310.000,Elexon BMRS FUELHH
2024-02-13T10:00:00Z,Hydro,464.000,Elexon BMRS FUELHH
2024-02-13T10:00:00Z,Imports & Exports,5848.000,Elexon BMRS FUELHH
2024-02-13T10:00:00Z,Nuclear,3604.000,Elexon BMRS FUELHH
2024-02-13T10:00:00Z,Other,708.000,Elexon BMRS FUELHH
2024-02-13T10:00:00Z,Pumped Storage,318.000,Elexon BMRS FUELHH
2024-02-13T10:00:00Z,Wind,9744.000,Elexon BMRS FUELHH
2024-02-13T10:30:00Z,Biomass,2181.000,Elexon BMRS FUELHH
2024-02-13T10:30:00Z,Coal,0.000,Elexon BMRS FUELHH
2024-02-13T10:30:00Z,Gas,14504.000,Elexon BMRS FUELHH
2024-02-13T10:30:00Z,Hydro,465.000,Elexon BMRS FUELHH
2024-02-13T10:30:00Z,Imports & Exports,5902.000,Elexon BMRS FUELHH
2024-02-13T10:30:00Z,Nuclear,3788.000,Elexon BMRS FUELHH
2024-02-13T10:30:00Z,Other,222.000,Elexon BMRS FUELHH
2024-02-13T10:30:00Z,Pumped Storage,-4.000,Elexon BMRS FUELHH
2024-02-13T10:30:00Z,Wind,10288.000,Elexon BMRS FUELHH
2024-02-13T11:00:00Z,Biomass,2351.000,Elexon BMRS FUELHH
2024-02-13T11:00:00Z,Coal,0.000,Elexon BMRS FUELHH
2024-02-13T11:00:00Z,Gas,14407.000,Elexon BMRS FUELHH
2024-02-13T11:00:00Z,Hydro,442.000,Elexon BMRS FUELHH
2024-02-13T11:00:00Z,Imports & Exports,6150.000,Elexon BMRS FUELHH
2024-02-13T11:00:00Z,Nuclear,3776.000,Elexon BMRS FUELHH
2024-02-13T11:00:00Z,Other,175.000,Elexon BMRS FUELHH
2024-02-13T11:00:00Z,Pumped Storage,-52.000,Elexon BMRS FUELHH
2024-02-13T11:00:00Z,Wind,10469.000,Elexon BMRS FUELHH
2024-02-13T11:30:00Z,Biomass,2327.000,Elexon BMRS FUELHH
2024-02-13T11:30:00Z,Coal,0.000,Elexon BMRS FUELHH
2024-02-13T11:30:00Z,Gas,14161.000,Elexon BMRS FUELHH
2024-02-13T11:30:00Z,Hydro,471.000,Elexon BMRS FUELHH
2024-02-13T11:30:00Z,Imports & Exports,6198.000,Elexon BMRS FUELHH
2024-02-13T11:30:00Z,Nuclear,3777.000,Elexon BMRS FUELHH
2024-02-13T11:30:00Z,Other,170.000,Elexon BMRS FUELHH
2024-02-13T11:30:00Z,Pumped Storage,-12.000,Elexon BMRS FUELHH
2024-02-13T11:30:00Z,Wind,10496.000,Elexon BMRS FUELHH
2024-02-13T12:00:00Z,Biomass,2256.000,Elexon BMRS FUELHH
2024-02-13T12:00:00Z,Coal,0.000,Elexon BMRS FUELHH
2024-02-13T12:00:00Z,Gas,14120.000,Elexon BMRS FUELHH
2024-02-13T12:00:00Z,Hydro,479.000,Elexon BMRS FUELHH
2024-02-13T12:00:00Z,Imports & Exports,6322.000,Elexon BMRS FUELHH
2024-02-13T12:00:00Z,Nuclear,3776.000,Elexon BMRS FUELHH
2024-02-13T12:00:00Z,Other,179.000,Elexon BMRS FUELHH
2024-02-13T12:00:00Z,Pumped Storage,-12.000,Elexon BMRS FUELHH
2024-02-13T12:00:00Z,Wind,10463.000,Elexon BMRS FUELHH
2024-02-13T12:30:00Z,Biomass,2245.000,Elexon BMRS FUELHH
2024-02-13T12:30:00Z,Coal,0.000,Elexon BMRS FUELHH
2024-02-13T12:30:00Z,Gas,14003.000,Elexon BMRS FUELHH
2024-02-13T12:30:00Z,Hydro,498.000,Elexon BMRS FUELHH
2024-02-13T12:30:00Z,Imports & Exports,6362.000,Elexon BMRS FUELHH
2024-02-13T12:30:00Z,Nuclear,3786.000,Elexon BMRS FUELHH
2024-02-13T12:30:00Z,Other,169.000,Elexon BMRS FUELHH
2024-02-13T12:30:00Z,Pumped Storage,-12.000,Elexon BMRS FUELHH
2024-02-13T12:30:00Z,Wind,10351.000,Elexon BMRS FUELHH
2024-02-13T13:00:00Z,Biomass,2233.000,Elexon BMRS FUELHH
2024-02-13T13:00:00Z,Coal,0.000,Elexon BMRS FUELHH
2024-02-13T13:00:00Z,Gas,13643.000,Elexon BMRS FUELHH
2024-02-13T13:00:00Z,Hydro,506.000,Elexon BMRS FUELHH
2024-02-13T13:00:00Z,Imports & Exports,6802.000,Elexon BMRS FUELHH
2024-02-13T13:00:00Z,Nuclear,3793.000,Elexon BMRS FUELHH
2024-02-13T13:00:00Z,Other,271.000,Elexon BMRS FUELHH
2024-02-13T13:00:00Z,Pumped Storage,90.000,Elexon BMRS FUELHH
2024-02-13T13:00:00Z,Wind,9962.000,Elexon BMRS FUELHH
2024-02-13T13:30:00Z,Biomass,2309.000,Elexon BMRS FUELHH
2024-02-13T13:30:00Z,Coal,1.000,Elexon BMRS FUELHH
2024-02-13T13:30:00Z,Gas,13974.000,Elexon BMRS FUELHH
2024-02-13T13:30:00Z,Hydro,512.000,Elexon BMRS FUELHH
2024-02-13T13:30:00Z,Imports & Exports,6796.000,Elexon BMRS FUELHH
2024-02-13T13:30:00Z,Nuclear,3794.000,Elexon BMRS FUELHH
2024-02-13T13:30:00Z,Other,249.000,Elexon BMRS FUELHH
2024-02-13T13:30:00Z,Pumped Storage,48.000,Elexon BMRS FUELHH
2024-02-13T13:30:00Z,Wind,9375.000,Elexon BMRS FUELHH
2024-02-13T14:00:00Z,Biomass,2330.000,Elexon BMRS FUELHH
2024-02-13T14:00:00Z,Coal,93.000,Elexon BMRS FUELHH
2024-02-13T14:00:00Z,Gas,14652.000,Elexon BMRS FUELHH
2024-02-13T14:00:00Z,Hydro,525.000,Elexon BMRS FUELHH
2024-02-13T14:00:00Z,Imports & Exports,6242.000,Elexon BMRS FUELHH
2024-02-13T14:00:00Z,Nuclear,3791.000,Elexon BMRS FUELHH
2024-02-13T14:00:00Z,Other,242.000,Elexon BMRS FUELHH
2024-02-13T14:00:00Z,Pumped Storage,216.000,Elexon BMRS FUELHH
2024-02-13T14:00:00Z,Wind,9207.000,Elexon BMRS FUELHH
2024-02-13T14:30:00Z,Biomass,2438.000,Elexon BMRS FUELHH
2024-02-13T14:30:00Z,Coal,240.000,Elexon BMRS FUELHH
2024-02-13T14:30:00Z,Gas,15106.000,Elexon BMRS FUELHH
2024-02-13T14:30:00Z,Hydro,526.000,Elexon BMRS FUELHH
2024-02-13T14:30:00Z,Imports & Exports,6200.000,Elexon BMRS FUELHH
2024-02-13T14:30:00Z,Nuclear,3801.000,Elexon BMRS FUELHH
2024-02-13T14:30:00Z,Other,192.000,Elexon BMRS FUELHH
2024-02-13T14:30:00Z,Pumped Storage,-16.000,Elexon BMRS FUELHH
2024-02-13T14:30:00Z,Wind,9086.000,Elexon BMRS FUELHH
2024-02-13T15:00:00Z,Biomass,2464.000,Elexon BMRS FUELHH
2024-02-13T15:00:00Z,Coal,425.000,Elexon BMRS FUELHH
2024-02-13T15:00:00Z,Gas,15834.000,Elexon BMRS FUELHH
2024-02-13T15:00:00Z,Hydro,544.000,Elexon BMRS FUELHH
2024-02-13T15:00:00Z,Imports & Exports,5002.000,Elexon BMRS FUELHH
2024-02-13T15:00:00Z,Nuclear,3798.000,Elexon BMRS FUELHH
2024-02-13T15:00:00Z,Other,186.000,Elexon BMRS FUELHH
2024-02-13T15:00:00Z,Pumped Storage,236.000,Elexon BMRS FUELHH
2024-02-13T15:00:00Z,Wind,9234.000,Elexon BMRS FUELHH
2024-02-13T15:30:00Z,Biomass,2465.000,Elexon BMRS FUELHH
2024-02-13T15:30:00Z,Coal,581.000,Elexon BMRS FUELHH
2024-02-13T15:30:00Z,Gas,15860.000,Elexon BMRS FUELHH
2024-02-13T15:30:00Z,Hydro,556.000,Elexon BMRS FUELHH
2024-02-13T15:30:00Z,Imports & Exports,4912.000,Elexon BMRS FUELHH
2024-02-13T15:30:00Z,Nuclear,3794.000,Elexon BMRS FUELHH
2024-02-13T15:30:00Z,Other,206.000,Elexon BMRS FUELHH
2024-02-13T15:30:00Z,Pumped Storage,148.000,Elexon BMRS FUELHH
2024-02-13T15:30:00Z,Wind,9279.000,Elexon BMRS FUELHH
2024-02-13T16:00:00Z,Biomass,2464.000,Elexon BMRS FUELHH
2024-02-13T16:00:00Z,Coal,826.000,Elexon BMRS FUELHH
2024-02-13T16:00:00Z,Gas,16132.000,Elexon BMRS FUELHH
2024-02-13T16:00:00Z,Hydro,624.000,Elexon BMRS FUELHH
2024-02-13T16:00:00Z,Imports & Exports,4022.000,Elexon BMRS FUELHH
2024-02-13T16:00:00Z,Nuclear,3794.000,Elexon BMRS FUELHH
2024-02-13T16:00:00Z,Other,307.000,Elexon BMRS FUELHH
2024-02-13T16:00:00Z,Pumped Storage,642.000,Elexon BMRS FUELHH
2024-02-13T16:00:00Z,Wind,9101.000,Elexon BMRS FUELHH
2024-02-13T16:30:00Z,Biomass,2461.000,Elexon BMRS FUELHH
2024-02-13T16:30:00Z,Coal,937.000,Elexon BMRS FUELHH
2024-02-13T16:30:00Z,Gas,16694.000,Elexon BMRS FUELHH
2024-02-13T16:30:00Z,Hydro,653.000,Elexon BMRS FUELHH
2024-02-13T16:30:00Z,Imports & Exports,3996.000,Elexon BMRS FUELHH
2024-02-13T16:30:00Z,Nuclear,3795.000,Elexon BMRS FUELHH
2024-02-13T16:30:00Z,Other,464.000,Elexon BMRS FUELHH
2024-02-13T16:30:00Z,Pumped Storage,990.000,Elexon BMRS FUELHH
2024-02-13T16:30:00Z,Wind,8882.000,Elexon BMRS FUELHH
2024-02-13T17:00:00Z,Biomass,2462.000,Elexon BMRS FUELHH
2024-02-13T17:00:00Z,Coal,961.000,Elexon BMRS FUELHH
2024-02-13T17:00:00Z,Gas,17024.000,Elexon BMRS FUELHH
2024-02-13T17:00:00Z,Hydro,764.000,Elexon BMRS FUELHH
2024-02-13T17:00:00Z,Imports & Exports,3908.000,Elexon BMRS FUELHH
2024-02-13T17:00:00Z,Nuclear,3793.000,Elexon BMRS FUELHH
2024-02-13T17:00:00Z,Other,808.000,Elexon BMRS FUELHH
2024-02-13T17:00:00Z,Pumped Storage,1416.000,Elexon BMRS FUELHH
2024-02-13T17:00:00Z,Wind,8555.000,Elexon BMRS FUELHH
2024-02-13T17:30:00Z,Biomass,2464.000,Elexon BMRS FUELHH
2024-02-13T17:30:00Z,Coal,942.000,Elexon BMRS FUELHH
2024-02-13T17:30:00Z,Gas,17036.000,Elexon BMRS FUELHH
2024-02-13T17:30:00Z,Hydro,779.000,Elexon BMRS FUELHH
2024-02-13T17:30:00Z,Imports & Exports,3996.000,Elexon BMRS FUELHH
2024-02-13T17:30:00Z,Nuclear,3794.000,Elexon BMRS FUELHH
2024-02-13T17:30:00Z,Other,995.000,Elexon BMRS FUELHH
2024-02-13T17:30:00Z,Pumped Storage,1408.000,Elexon BMRS FUELHH
2024-02-13T17:30:00Z,Wind,8652.000,Elexon BMRS FUELHH
2024-02-13T18:00:00Z,Biomass,2474.000,Elexon BMRS FUELHH
2024-02-13T18:00:00Z,Coal,858.000,Elexon BMRS FUELHH
2024-02-13T18:00:00Z,Gas,16506.000,Elexon BMRS FUELHH
2024-02-13T18:00:00Z,Hydro,767.000,Elexon BMRS FUELHH
2024-02-13T18:00:00Z,Imports & Exports,4986.000,Elexon BMRS FUELHH
2024-02-13T18:00:00Z,Nuclear,3790.000,Elexon BMRS FUELHH
2024-02-13T18:00:00Z,Other,829.000,Elexon BMRS FUELHH
2024-02-13T18:00:00Z,Pumped Storage,1408.000,Elexon BMRS FUELHH
2024-02-13T18:00:00Z,Wind,8494.000,Elexon BMRS FUELHH
2024-02-13T18:30:00Z,Biomass,2481.000,Elexon BMRS FUELHH
2024-02-13T18:30:00Z,Coal,839.000,Elexon BMRS FUELHH
2024-02-13T18:30:00Z,Gas,16379.000,Elexon BMRS FUELHH
2024-02-13T18:30:00Z,Hydro,812.000,Elexon BMRS FUELHH
2024-02-13T18:30:00Z,Imports & Exports,5070.000,Elexon BMRS FUELHH
2024-02-13T18:30:00Z,Nuclear,3791.000,Elexon BMRS FUELHH
2024-02-13T18:30:00Z,Other,474.000,Elexon BMRS FUELHH
2024-02-13T18:30:00Z,Pumped Storage,1290.000,Elexon BMRS FUELHH
2024-02-13T18:30:00Z,Wind,8467.000,Elexon BMRS FUELHH
2024-02-13T19:00:00Z,Biomass,2483.000,Elexon BMRS FUELHH
2024-02-13T19:00:00Z,Coal,701.000,Elexon BMRS FUELHH
2024-02-13T19:00:00Z,Gas,15816.000,Elexon BMRS FUELHH
2024-02-13T19:00:00Z,Hydro,789.000,Elexon BMRS FUELHH
2024-02-13T19:00:00Z,Imports & Exports,6252.000,Elexon BMRS FUELHH
2024-02-13T19:00:00Z,Nuclear,3784.000,Elexon BMRS FUELHH
2024-02-13T19:00:00Z,Other,532.000,Elexon BMRS FUELHH
2024-02-13T19:00:00Z,Pumped Storage,450.000,Elexon BMRS FUELHH
2024-02-13T19:00:00Z,Wind,8071.000,Elexon BMRS FUELHH
2024-02-13T19:30:00Z,Biomass,2484.000,Elexon BMRS FUELHH
2024-02-13T19:30:00Z,Coal,671.000,Elexon BMRS FUELHH
2024-02-13T19:30:00Z,Gas,15859.000,Elexon BMRS FUELHH
2024-02-13T19:30:00Z,Hydro,794.000,Elexon BMRS FUELHH
2024-02-13T19:30:00Z,Imports & Exports,6298.000,Elexon BMRS FUELHH
2024-02-13T19:30:00Z,Nuclear,3783.000,Elexon BMRS FUELHH
2024-02-13T19:30:00Z,Other,244.000,Elexon BMRS FUELHH
2024-02-13T19:30:00Z,Pumped Storage,8.000,Elexon BMRS FUELHH
2024-02-13T19:30:00Z,Wind,7733.000,Elexon BMRS FUELHH
2024-02-13T20:00:00Z,Biomass,2484.000,Elexon BMRS FUELHH
2024-02-13T20:00:00Z,Coal,544.000,Elexon BMRS FUELHH
2024-02-13T20:00:00Z,Gas,14755.000,Elexon BMRS FUELHH
2024-02-13T20:00:00Z,Hydro,738.000,Elexon BMRS FUELHH
2024-02-13T20:00:00Z,Imports & Exports,6554.000,Elexon BMRS FUELHH
2024-02-13T20:00:00Z,Nuclear,3783.000,Elexon BMRS FUELHH
2024-02-13T20:00:00Z,Other,287.000,Elexon BMRS FUELHH
2024-02-13T20:00:00Z,Pumped Storage,90.000,Elexon BMRS FUELHH
2024-02-13T20:00:00Z,Wind,7452.000,Elexon BMRS FUELHH
2024-02-13T20:30:00Z,Biomass,2485.000,Elexon BMRS FUELHH
2024-02-13T20:30:00Z,Coal,701.000,Elexon BMRS FUELHH
2024-02-13T20:30:00Z,Gas,13624.000,Elexon BMRS FUELHH
2024-02-13T20:30:00Z,Hydro,699.000,Elexon BMRS FUELHH
2024-02-13T20:30:00Z,Imports & Exports,6586.000,Elexon BMRS FUELHH
2024-02-13T20:30:00Z,Nuclear,3786.000,Elexon BMRS FUELHH
2024-02-13T20:30:00Z,Other,249.000,Elexon BMRS FUELHH
2024-02-13T20:30:00Z,Pumped Storage,48.000,Elexon BMRS FUELHH
2024-02-13T20:30:00Z,Wind,7250.000,Elexon BMRS FUELHH
2024-02-13T21:00:00Z,Biomass,2485.000,Elexon BMRS FUELHH
2024-02-13T21:00:00Z,Coal,483.000,Elexon BMRS FUELHH
2024-02-13T21:00:00Z,Gas,12344.000,Elexon BMRS FUELHH
2024-02-13T21:00:00Z,Hydro,642.000,Elexon BMRS FUELHH
2024-02-13T21:00:00Z,Imports & Exports,6772.000,Elexon BMRS FUELHH
2024-02-13T21:00:00Z,Nuclear,3786.000,Elexon BMRS FUELHH
2024-02-13T21:00:00Z,Other,206.000,Elexon BMRS FUELHH
2024-02-13T21:00:00Z,Pumped Storage,62.000,Elexon BMRS FUELHH
2024-02-13T21:00:00Z,Wind,6912.000,Elexon BMRS FUELHH
2024-02-13T21:30:00Z,Biomass,2485.000,Elexon BMRS FUELHH
2024-02-13T21:30:00Z,Coal,419.000,Elexon BMRS FUELHH
2024-02-13T21:30:00Z,Gas,10729.000,Elexon BMRS FUELHH
2024-02-13T21:30:00Z,Hydro,630.000,Elexon BMRS FUELHH
2024-02-13T21:30:00Z,Imports & Exports,6774.000,Elexon BMRS FUELHH
2024-02-13T21:30:00Z,Nuclear,3790.000,Elexon BMRS FUELHH
2024-02-13T21:30:00Z,Other,279.000,Elexon BMRS FUELHH
2024-02-13T21:30:00Z,Pumped Storage,42.000,Elexon BMRS FUELHH
2024-02-13T21:30:00Z,Wind,6759.000,Elexon BMRS FUELHH
2024-02-13T22:00:00Z,Biomass,2518.000,Elexon BMRS FUELHH
2024-02-13T22:00:00Z,Coal,403.000,Elexon BMRS FUELHH
2024-02-13T22:00:00Z,Gas,9716.000,Elexon BMRS FUELHH
2024-02-13T22:00:00Z,Hydro,582.000,Elexon BMRS FUELHH
2024-02-13T22:00:00Z,Imports & Exports,6398.000,Elexon BMRS FUELHH
2024-02-13T22:00:00Z,Nuclear,3793.000,Elexon BMRS FUELHH
2024-02-13T22:00:00Z,Other,198.000,Elexon BMRS FUELHH
2024-02-13T22:00:00Z,Pumped Storage,-16.000,Elexon BMRS FUELHH
2024-02-13T22:00:00Z,Wind,6526.000,Elexon BMRS FUELHH
2024-02-13T22:30:00Z,Biomass,2513.000,Elexon BMRS FUELHH
2024-02-13T22:30:00Z,Coal,365.000,Elexon BMRS FUELHH
2024-02-13T22:30:00Z,Gas,8437.000,Elexon BMRS FUELHH
2024-02-13T22:30:00Z,Hydro,561.000,Elexon BMRS FUELHH
2024-02-13T22:30:00Z,Imports & Exports,6370.000,Elexon BMRS FUELHH
2024-02-13T22:30:00Z,Nuclear,3793.000,Elexon BMRS FUELHH
2024-02-13T22:30:00Z,Other,216.000,Elexon BMRS FUELHH
2024-02-13T22:30:00Z,Pumped Storage,94.000,Elexon BMRS FUELHH
2024-02-13T22:30:00Z,Wind,6071.000,Elexon BMRS FUELHH
2024-02-13T23:00:00Z,Biomass,2334.000,Elexon BMRS FUELHH
2024-02-13T23:00:00Z,Coal,404.000,Elexon BMRS FUELHH
2024-02-13T23:00:00Z,Gas,7402.000,Elexon BMRS FUELHH
2024-02-13T23:00:00Z,Hydro,468.000,Elexon BMRS FUELHH
2024-02-13T23:00:00Z,Imports & Exports,6360.000,Elexon BMRS FUELHH
2024-02-13T23:00:00Z,Nuclear,3800.000,Elexon BMRS FUELHH
2024-02-13T23:00:00Z,Other,301.000,Elexon BMRS FUELHH
2024-02-13T23:00:00Z,Pumped Storage,-20.000,Elexon BMRS FUELHH
2024-02-13T23:00:00Z,Wind,5599.000,Elexon BMRS FUELHH
2024-02-13T23:30:00Z,Biomass,2147.000,Elexon BMRS FUELHH
2024-02-13T23:30:00Z,Coal,420.000,Elexon BMRS FUELHH
2024-02-13T23:30:00Z,Gas,6143.000,Elexon BMRS FUELHH
2024-02-13T23:30:00Z,Hydro,449.000,Elexon BMRS FUELHH
2024-02-13T23:30:00Z,Imports & Exports,6608.000,Elexon BMRS FUELHH
2024-02-13T23:30:00Z,Nuclear,3802.000,Elexon BMRS FUELHH
2024-02-13T23:30:00Z,Other,243.000,Elexon BMRS FUELHH
2024-02-13T23:30:00Z,Pumped Storage,-48.000,Elexon BMRS FUELHH
2024-02-13T23:30:00Z,Wind,5747.000,Elexon BMRS FUELHH
2024-02-14T00:00:00Z,Biomass,2180.000,Elexon BMRS FUELHH
2024-02-14T00:00:00Z,Coal,365.000,Elexon BMRS FUELHH
2024-02-14T00:00:00Z,Gas,6077.000,Elexon BMRS FUELHH
2024-02-14T00:00:00Z,Hydro,448.000,Elexon BMRS FUELHH
2024-02-14T00:00:00Z,Imports & Exports,6568.000,Elexon BMRS FUELHH
2024-02-14T00:00:00Z,Nuclear,3798.000,Elexon BMRS FUELHH
2024-02-14T00:00:00Z,Other,190.000,Elexon BMRS FUELHH
2024-02-14T00:00:00Z,Pumped Storage,106.000,Elexon BMRS FUELHH
2024-02-14T00:00:00Z,Wind,5549.000,Elexon BMRS FUELHH
2024-02-14T00:30:00Z,Biomass,2171.000,Elexon BMRS FUELHH
2024-02-14T00:30:00Z,Coal,360.000,Elexon BMRS FUELHH
2024-02-14T00:30:00Z,Gas,6314.000,Elexon BMRS FUELHH
2024-02-14T00:30:00Z,Hydro,447.000,Elexon BMRS FUELHH
2024-02-14T00:30:00Z,Imports & Exports,6662.000,Elexon BMRS FUELHH
2024-02-14T00:30:00Z,Nuclear,3800.000,Elexon BMRS FUELHH
2024-02-14T00:30:00Z,Other,233.000,Elexon BMRS FUELHH
2024-02-14T00:30:00Z,Pumped Storage,94.000,Elexon BMRS FUELHH
2024-02-14T00:30:00Z,Wind,5599.000,Elexon BMRS FUELHH
2024-02-14T01:00:00Z,Biomass,2170.000,Elexon BMRS FUELHH
2024-02-14T01:00:00Z,Coal,360.000,Elexon BMRS FUELHH
2024-02-14T01:00:00Z,Gas,6239.000,Elexon BMRS FUELHH
2024-02-14T01:00:00Z,Hydro,423.000,Elexon BMRS FUELHH
2024-02-14T01:00:00Z,Imports & Exports,6702.000,Elexon BMRS FUELHH
2024-02-14T01:00:00Z,Nuclear,3794.000,Elexon BMRS FUELHH
2024-02-14T01:00:00Z,Other,202.000,Elexon BMRS FUELHH
2024-02-14T01:00:00Z,Pumped Storage,-262.000,Elexon BMRS FUELHH
2024-02-14T01:00:00Z,Wind,5611.000,Elexon BMRS FUELHH
2024-02-14T01:30:00Z,Biomass,2178.000,Elexon BMRS FUELHH
2024-02-14T01:30:00Z,Coal,360.000,Elexon BMRS FUELHH
2024-02-14T01:30:00Z,Gas,6301.000,Elexon BMRS FUELHH
2024-02-14T01:30:00Z,Hydro,423.000,Elexon BMRS FUELHH
2024-02-14T01:30:00Z,Imports & Exports,6508.000,Elexon BMRS FUELHH
2024-02-14T01:30:00Z,Nuclear,3794.000,Elexon BMRS FUELHH
2024-02-14T01:30:00Z,Other,194.000,Elexon BMRS FUELHH
2024-02-14T01:30:00Z,Pumped Storage,-468.000,Elexon BMRS FUELHH
2024-02-14T01:30:00Z,Wind,5393.000,Elexon BMRS FUELHH
2024-02-14T02:00:00Z,Biomass,2148.000,Elexon BMRS FUELHH
2024-02-14T02:00:00Z,Coal,309.000,Elexon BMRS FUELHH
2024-02-14T02:00:00Z,Gas,6666.000,Elexon BMRS FUELHH
2024-02-14T02:00:00Z,Hydro,422.000,Elexon BMRS FUELHH
2024-02-14T02:00:00Z,Imports & Exports,6510.000,Elexon BMRS FUELHH
2024-02-14T02:00:00Z,Nuclear,3798.000,Elexon BMRS FUELHH
2024-02-14T02:00:00Z,Other,189.000,Elexon BMRS FUELHH
2024-02-14T02:00:00Z,Pumped Storage,-1030.000,Elexon BMRS FUELHH
2024-02-14T02:00:00Z,Wind,5278.000,Elexon BMRS FUELHH
2024-02-14T02:30:00Z,Biomass,2044.000,Elexon BMRS FUELHH
2024-02-14T02:30:00Z,Coal,230.000,Elexon BMRS FUELHH
2024-02-14T02:30:00Z,Gas,6595.000,Elexon BMRS FUELHH
2024-02-14T02:30:00Z,Hydro,439.000,Elexon BMRS FUELHH
2024-02-14T02:30:00Z,Imports & Exports,6624.000,Elexon BMRS FUELHH
2024-02-14T02:30:00Z,Nuclear,3795.000,Elexon BMRS FUELHH
2024-02-14T02:30:00Z,Other,190.000,Elexon BMRS FUELHH
2024-02-14T02:30:00Z,Pumped Storage,-1422.000,Elexon BMRS FUELHH
2024-02-14T02:30:00Z,Wind,5471.000,Elexon BMRS FUELHH
2024-02-14T03:00:00Z,Biomass,2175.000,Elexon BMRS FUELHH
2024-02-14T03:00:00Z,Coal,229.000,Elexon BMRS FUELHH
2024-02-14T03:00:00Z,Gas,6129.000,Elexon BMRS FUELHH
2024-02-14T03:00:00Z,Hydro,457.000,Elexon BMRS FUELHH
2024-02-14T03:00:00Z,Imports & Exports,6642.000,Elexon BMRS FUELHH
2024-02-14T03:00:00Z,Nuclear,3796.000,Elexon BMRS FUELHH
2024-02-14T03:00:00Z,Other,194.000,Elexon BMRS FUELHH
2024-02-14T03:00:00Z,Pumped Storage,-1774.000,Elexon BMRS FUELHH
2024-02-14T03:00:00Z,Wind,5498.000,Elexon BMRS FUELHH
2024-02-14T03:30:00Z,Biomass,2299.000,Elexon BMRS FUELHH
2024-02-14T03:30:00Z,Coal,229.000,Elexon BMRS FUELHH
2024-02-14T03:30:00Z,Gas,5702.000,Elexon BMRS FUELHH
2024-02-14T03:30:00Z,Hydro,457.000,Elexon BMRS FUELHH
2024-02-14T03:30:00Z,Imports & Exports,6688.000,Elexon BMRS FUELHH
2024-02-14T03:30:00Z,Nuclear,3793.000,Elexon BMRS FUELHH
2024-02-14T03:30:00Z,Other,187.000,Elexon BMRS FUELHH
2024-02-14T03:30:00Z,Pumped Storage,-1770.000,Elexon BMRS FUELHH
2024-02-14T03:30:00Z,Wind,5437.000,Elexon BMRS FUELHH
2024-02-14T04:00:00Z,Biomass,2284.000,Elexon BMRS FUELHH
2024-02-14T04:00:00Z,Coal,229.000,Elexon BMRS FUELHH
2024-02-14T04:00:00Z,Gas,5687.000,Elexon BMRS FUELHH
2024-02-14T04:00:00Z,Hydro,458.000,Elexon BMRS FUELHH
2024-02-14T04:00:00Z,Imports & Exports,6482.000,Elexon BMRS FUELHH
2024-02-14T04:00:00Z,Nuclear,3794.000,Elexon BMRS FUELHH
2024-02-14T04:00:00Z,Other,185.000,Elexon BMRS FUELHH
2024-02-14T04:00:00Z,Pumped Storage,-1766.000,Elexon BMRS FUELHH
2024-02-14T04:00:00Z,Wind,5524.000,Elexon BMRS FUELHH
2024-02-14T04:30:00Z,Biomass,2430.000,Elexon BMRS FUELHH
2024-02-14T04:30:00Z,Coal,230.000,Elexon BMRS FUELHH
2024-02-14T04:30:00Z,Gas,5523.000,Elexon BMRS FUELHH
2024-02-14T04:30:00Z,Hydro,435.000,Elexon BMRS FUELHH
2024-02-14T04:30:00Z,Imports & Exports,6438.000,Elexon BMRS FUELHH
2024-02-14T04:30:00Z,Nuclear,3792.000,Elexon BMRS FUELHH
2024-02-14T04:30:00Z,Other,182.000,Elexon BMRS FUELHH
2024-02-14T04:30:00Z,Pumped Storage,-1758.000,Elexon BMRS FUELHH
2024-02-14T04:30:00Z,Wind,5823.000,Elexon BMRS FUELHH
2024-02-14T05:00:00Z,Biomass,2488.000,Elexon BMRS FUELHH
2024-02-14T05:00:00Z,Coal,230.000,Elexon BMRS FUELHH
2024-02-14T05:00:00Z,Gas,6018.000,Elexon BMRS FUELHH
2024-02-14T05:00:00Z,Hydro,464.000,Elexon BMRS FUELHH
2024-02-14T05:00:00Z,Imports & Exports,4940.000,Elexon BMRS FUELHH
2024-02-14T05:00:00Z,Nuclear,3789.000,Elexon BMRS FUELHH
2024-02-14T05:00:00Z,Other,187.000,Elexon BMRS FUELHH
2024-02-14T05:00:00Z,Pumped Storage,-1212.000,Elexon BMRS FUELHH
2024-02-14T05:00:00Z,Wind,6064.000,Elexon BMRS FUELHH
2024-02-14T05:30:00Z,Biomass,2487.000,Elexon BMRS FUELHH
2024-02-14T05:30:00Z,Coal,240.000,Elexon BMRS FUELHH
2024-02-14T05:30:00Z,Gas,6678.000,Elexon BMRS FUELHH
2024-02-14T05:30:00Z,Hydro,445.000,Elexon BMRS FUELHH
2024-02-14T05:30:00Z,Imports & Exports,4790.000,Elexon BMRS FUELHH
2024-02-14T05:30:00Z,Nuclear,3793.000,Elexon BMRS FUELHH
2024-02-14T05:30:00Z,Other,187.000,Elexon BMRS FUELHH
2024-02-14T05:30:00Z,Pumped Storage,-472.000,Elexon BMRS FUELHH
2024-02-14T05:30:00Z,Wind,6039.000,Elexon BMRS FUELHH
2024-02-14T06:00:00Z,Biomass,2483.000,Elexon BMRS FUELHH
2024-02-14T06:00:00Z,Coal,526.000,Elexon BMRS FUELHH
2024-02-14T06:00:00Z,Gas,9715.000,Elexon BMRS FUELHH
2024-02-14T06:00:00Z,Hydro,568.000,Elexon BMRS FUELHH
2024-02-14T06:00:00Z,Imports & Exports,2840.000,Elexon BMRS FUELHH
2024-02-14T06:00:00Z,Nuclear,3792.000,Elexon BMRS FUELHH
2024-02-14T06:00:00Z,Other,252.000,Elexon BMRS FUELHH
2024-02-14T06:00:00Z,Pumped Storage,164.000,Elexon BMRS FUELHH
2024-02-14T06:00:00Z,Wind,5776.000,Elexon BMRS FUELHH
2024-02-14T06:30:00Z,Biomass,2483.000,Elexon BMRS FUELHH
2024-02-14T06:30:00Z,Coal,656.000,Elexon BMRS FUELHH
2024-02-14T06:30:00Z,Gas,11754.000,Elexon BMRS FUELHH
2024-02-14T06:30:00Z,Hydro,584.000,Elexon BMRS FUELHH
2024-02-14T06:30:00Z,Imports & Exports,2828.000,Elexon BMRS FUELHH
2024-02-14T06:30:00Z,Nuclear,3791.000,Elexon BMRS FUELHH
2024-02-14T06:30:00Z,Other,207.000,Elexon BMRS FUELHH
2024-02-14T06:30:00Z,Pumped Storage,-200.000,Elexon BMRS FUELHH
2024-02-14T06:30:00Z,Wind,6207.000,Elexon BMRS FUELHH
2024-02-14T07:00:00Z,Biomass,2481.000,Elexon BMRS FUELHH
2024-02-14T07:00:00Z,Coal,654.000,Elexon BMRS FUELHH
2024-02-14T07:00:00Z,Gas,13031.000,Elexon BMRS FUELHH
2024-02-14T07:00:00Z,Hydro,693.000,Elexon BMRS FUELHH
2024-02-14T07:00:00Z,Imports & Exports,3532.000,Elexon BMRS FUELHH
2024-02-14T07:00:00Z,Nuclear,3786.000,Elexon BMRS FUELHH
2024-02-14T07:00:00Z,Other,258.000,Elexon BMRS FUELHH
2024-02-14T07:00:00Z,Pumped Storage,-72.000,Elexon BMRS FUELHH
2024-02-14T07:00:00Z,Wind,6583.000,Elexon BMRS FUELHH
2024-02-14T07:30:00Z,Biomass,2481.000,Elexon BMRS FUELHH
2024-02-14T07:30:00Z,Coal,690.000,Elexon BMRS FUELHH
2024-02-14T07:30:00Z,Gas,13541.000,Elexon BMRS FUELHH
2024-02-14T07:30:00Z,Hydro,682.000,Elexon BMRS FUELHH
2024-02-14T07:30:00Z,Imports & Exports,3638.000,Elexon BMRS FUELHH
2024-02-14T07:30:00Z,Nuclear,3789.000,Elexon BMRS FUELHH
2024-02-14T07:30:00Z,Other,436.000,Elexon BMRS FUELHH
2024-02-14T07:30:00Z,Pumped Storage,90.000,Elexon BMRS FUELHH
2024-02-14T07:30:00Z,Wind,6583.000,Elexon BMRS FUELHH
2024-02-14T08:00:00Z,Biomass,2468.000,Elexon BMRS FUELHH
2024-02-14T08:00:00Z,Coal,710.000,Elexon BMRS FUELHH
2024-02-14T08:00:00Z,Gas,13378.000,Elexon BMRS FUELHH
2024-02-14T08:00:00Z,Hydro,670.000,Elexon BMRS FUELHH
2024-02-14T08:00:00Z,Imports & Exports,5934.000,Elexon BMRS FUELHH
2024-02-14T08:00:00Z,Nuclear,3790.000,Elexon BMRS FUELHH
2024-02-14T08:00:00Z,Other,254.000,Elexon BMRS FUELHH
2024-02-14T08:00:00Z,Pumped Storage,-36.000,Elexon BMRS FUELHH
2024-02-14T08:00:00Z,Wind,6765.000,Elexon BMRS FUELHH
2024-02-14T08:30:00Z,Biomass,2473.000,Elexon BMRS FUELHH
2024-02-14T08:30:00Z,Coal,698.000,Elexon BMRS FUELHH
2024-02-14T08:30:00Z,Gas,13457.000,Elexon BMRS FUELHH
2024-02-14T08:30:00Z,Hydro,661.000,Elexon BMRS FUELHH
2024-02-14T08:30:00Z,Imports & Exports,6010.000,Elexon BMRS FUELHH
2024-02-14T08:30:00Z,Nuclear,3788.000,Elexon BMRS FUELHH
2024-02-14T08:30:00Z,Other,275.000,Elexon BMRS FUELHH
2024-02-14T08:30:00Z,Pumped Storage,94.000,Elexon BMRS FUELHH
2024-02-14T08:30:00Z,Wind,7399.000,Elexon BMRS FUELHH
2024-02-14T09:00:00Z,Biomass,2471.000,Elexon BMRS FUELHH
2024-02-14T09:00:00Z,Coal,687.000,Elexon BMRS FUELHH
2024-02-14T09:00:00Z,Gas,13548.000,Elexon BMRS FUELHH
2024-02-14T09:00:00Z,Hydro,627.000,Elexon BMRS FUELHH
2024-02-14T09:00:00Z,Imports & Exports,6486.000,Elexon BMRS FUELHH
2024-02-14T09:00:00Z,Nuclear,3789.000,Elexon BMRS FUELHH
2024-02-14T09:00:00Z,Other,249.000,Elexon BMRS FUELHH
2024-02-14T09:00:00Z,Pumped Storage,26.000,Elexon BMRS FUELHH
2024-02-14T09:00:00Z,Wind,7664.000,Elexon BMRS FUELHH
2024-02-14T09:30:00Z,Biomass,2482.000,Elexon BMRS FUELHH
2024-02-14T09:30:00Z,Coal,710.000,Elexon BMRS FUELHH
2024-02-14T09:30:00Z,Gas,13406.000,Elexon BMRS FUELHH
2024-02-14T09:30:00Z,Hydro,606.000,Elexon BMRS FUELHH
2024-02-14T09:30:00Z,Imports & Exports,6410.000,Elexon BMRS FUELHH
2024-02-14T09:30:00Z,Nuclear,3788.000,Elexon BMRS FUELHH
2024-02-14T09:30:00Z,Other,524.000,Elexon BMRS FUELHH
2024-02-14T09:30:00Z,Pumped Storage,-18.000,Elexon BMRS FUELHH
2024-02-14T09:30:00Z,Wind,7895.000,Elexon BMRS FUELHH
2024-02-14T10:00:00Z,Biomass,2483.000,Elexon BMRS FUELHH
2024-02-14T10:00:00Z,Coal,623.000,Elexon BMRS FUELHH
2024-02-14T10:00:00Z,Gas,13617.000,Elexon BMRS FUELHH
2024-02-14T10:00:00Z,Hydro,564.000,Elexon BMRS FUELHH
2024-02-14T10:00:00Z,Imports & Exports,6446.000,Elexon BMRS FUELHH
2024-02-14T10:00:00Z,Nuclear,3792.000,Elexon BMRS FUELHH
2024-02-14T10:00:00Z,Other,331.000,Elexon BMRS FUELHH
2024-02-14T10:00:00Z,Pumped Storage,-18.000,Elexon BMRS FUELHH
2024-02-14T10:00:00Z,Wind,7907.000,Elexon BMRS FUELHH
2024-02-14T10:30:00Z,Biomass,2466.000,Elexon BMRS FUELHH
2024-02-14T10:30:00Z,Coal,476.000,Elexon BMRS FUELHH
2024-02-14T10:30:00Z,Gas,13760.000,Elexon BMRS FUELHH
2024-02-14T10:30:00Z,Hydro,561.000,Elexon BMRS FUELHH
2024-02-14T10:30:00Z,Imports & Exports,6424.000,Elexon BMRS FUELHH
2024-02-14T10:30:00Z,Nuclear,3796.000,Elexon BMRS FUELHH
2024-02-14T10:30:00Z,Other,256.000,Elexon BMRS FUELHH
2024-02-14T10:30:00Z,Pumped Storage,-14.000,Elexon BMRS FUELHH
2024-02-14T10:30:00Z,Wind,8071.000,Elexon BMRS FUELHH
2024-02-14T11:00:00Z,Biomass,2455.000,Elexon BMRS FUELHH
2024-02-14T11:00:00Z,Coal,563.000,Elexon BMRS FUELHH
2024-02-14T11:00:00Z,Gas,13894.000,Elexon BMRS FUELHH
2024-02-14T11:00:00Z,Hydro,527.000,Elexon BMRS FUELHH
2024-02-14T11:00:00Z,Imports & Exports,6328.000,Elexon BMRS FUELHH
2024-02-14T11:00:00Z,Nuclear,3798.000,Elexon BMRS FUELHH
2024-02-14T11:00:00Z,Other,183.000,Elexon BMRS FUELHH
2024-02-14T11:00:00Z,Pumped Storage,-10.000,Elexon BMRS FUELHH
2024-02-14T11:00:00Z,Wind,8607.000,Elexon BMRS FUELHH
2024-02-14T11:30:00Z,Biomass,2464.000,Elexon BMRS FUELHH
2024-02-14T11:30:00Z,Coal,441.000,Elexon BMRS FUELHH
2024-02-14T11:30:00Z,Gas,13661.000,Elexon BMRS FUELHH
2024-02-14T11:30:00Z,Hydro,527.000,Elexon BMRS FUELHH
2024-02-14T11:30:00Z,Imports & Exports,6292.000,Elexon BMRS FUELHH
2024-02-14T11:30:00Z,Nuclear,3795.000,Elexon BMRS FUELHH
2024-02-14T11:30:00Z,Other,181.000,Elexon BMRS FUELHH
2024-02-14T11:30:00Z,Pumped Storage,-10.000,Elexon BMRS FUELHH
2024-02-14T11:30:00Z,Wind,8798.000,Elexon BMRS FUELHH
2024-02-14T12:00:00Z,Biomass,2480.000,Elexon BMRS FUELHH
2024-02-14T12:00:00Z,Coal,230.000,Elexon BMRS FUELHH
2024-02-14T12:00:00Z,Gas,13768.000,Elexon BMRS FUELHH
2024-02-14T12:00:00Z,Hydro,517.000,Elexon BMRS FUELHH
2024-02-14T12:00:00Z,Imports & Exports,6234.000,Elexon BMRS FUELHH
2024-02-14T12:00:00Z,Nuclear,3782.000,Elexon BMRS FUELHH
2024-02-14T12:00:00Z,Other,332.000,Elexon BMRS FUELHH
2024-02-14T12:00:00Z,Pumped Storage,-10.000,Elexon BMRS FUELHH
2024-02-14T12:00:00Z,Wind,8779.000,Elexon BMRS FUELHH
2024-02-14T12:30:00Z,Biomass,2471.000,Elexon BMRS FUELHH
2024-02-14T12:30:00Z,Coal,230.000,Elexon BMRS FUELHH
2024-02-14T12:30:00Z,Gas,14022.000,Elexon BMRS FUELHH
2024-02-14T12:30:00Z,Hydro,544.000,Elexon BMRS FUELHH
2024-02-14T12:30:00Z,Imports & Exports,6142.000,Elexon BMRS FUELHH
2024-02-14T12:30:00Z,Nuclear,3791.000,Elexon BMRS FUELHH
2024-02-14T12:30:00Z,Other,282.000,Elexon BMRS FUELHH
2024-02-14T12:30:00Z,Pumped Storage,-242.000,Elexon BMRS FUELHH
2024-02-14T12:30:00Z,Wind,8700.000,Elexon BMRS FUELHH
2024-02-14T13:00:00Z,Biomass,2462.000,Elexon BMRS FUELHH
2024-02-14T13:00:00Z,Coal,308.000,Elexon BMRS FUELHH
2024-02-14T13:00:00Z,Gas,14195.000,Elexon BMRS FUELHH
2024-02-14T13:00:00Z,Hydro,549.000,Elexon BMRS FUELHH
2024-02-14T13:00:00Z,Imports & Exports,5300.000,Elexon BMRS FUELHH
2024-02-14T13:00:00Z,Nuclear,3790.000,Elexon BMRS FUELHH
2024-02-14T13:00:00Z,Other,235.000,Elexon BMRS FUELHH
2024-02-14T13:00:00Z,Pumped Storage,14.000,Elexon BMRS FUELHH
2024-02-14T13:00:00Z,Wind,8531.000,Elexon BMRS FUELHH
2024-02-14T13:30:00Z,Biomass,2452.000,Elexon BMRS FUELHH
2024-02-14T13:30:00Z,Coal,366.000,Elexon BMRS FUELHH
2024-02-14T13:30:00Z,Gas,14143.000,Elexon BMRS FUELHH
2024-02-14T13:30:00Z,Hydro,530.000,Elexon BMRS FUELHH
2024-02-14T13:30:00Z,Imports & Exports,5166.000,Elexon BMRS FUELHH
2024-02-14T13:30:00Z,Nuclear,3788.000,Elexon BMRS FUELHH
2024-02-14T13:30:00Z,Other,283.000,Elexon BMRS FUELHH
2024-02-14T13:30:00Z,Pumped Storage,152.000,Elexon BMRS FUELHH
2024-02-14T13:30:00Z,Wind,8721.000,Elexon BMRS FUELHH
2024-02-14T14:00:00Z,Biomass,2427.000,Elexon BMRS FUELHH
2024-02-14T14:00:00Z,Coal,416.000,Elexon BMRS FUELHH
2024-02-14T14:00:00Z,Gas,14409.000,Elexon BMRS FUELHH
2024-02-14T14:00:00Z,Hydro,703.000,Elexon BMRS FUELHH
2024-02-14T14:00:00Z,Imports & Exports,4132.000,Elexon BMRS FUELHH
2024-02-14T14:00:00Z,Nuclear,3795.000,Elexon BMRS FUELHH
2024-02-14T14:00:00Z,Other,330.000,Elexon BMRS FUELHH
2024-02-14T14:00:00Z,Pumped Storage,-12.000,Elexon BMRS FUELHH
2024-02-14T14:00:00Z,Wind,8840.000,Elexon BMRS FUELHH
2024-02-14T14:30:00Z,Biomass,2421.000,Elexon BMRS FUELHH
2024-02-14T14:30:00Z,Coal,458.000,Elexon BMRS FUELHH
2024-02-14T14:30:00Z,Gas,14761.000,Elexon BMRS FUELHH
2024-02-14T14:30:00Z,Hydro,575.000,Elexon BMRS FUELHH
2024-02-14T14:30:00Z,Imports & Exports,3812.000,Elexon BMRS FUELHH
2024-02-14T14:30:00Z,Nuclear,3792.000,Elexon BMRS FUELHH
2024-02-14T14:30:00Z,Other,296.000,Elexon BMRS FUELHH
2024-02-14T14:30:00Z,Pumped Storage,2.000,Elexon BMRS FUELHH
2024-02-14T14:30:00Z,Wind,9068.000,Elexon BMRS FUELHH
2024-02-14T15:00:00Z,Biomass,2420.000,Elexon BMRS FUELHH
2024-02-14T15:00:00Z,Coal,480.000,Elexon BMRS FUELHH
2024-02-14T15:00:00Z,Gas,15144.000,Elexon BMRS FUELHH
2024-02-14T15:00:00Z,Hydro,517.000,Elexon BMRS FUELHH
2024-02-14T15:00:00Z,Imports & Exports,3394.000,Elexon BMRS FUELHH
2024-02-14T15:00:00Z,Nuclear,3793.000,Elexon BMRS FUELHH
2024-02-14T15:00:00Z,Other,380.000,Elexon BMRS FUELHH
2024-02-14T15:00:00Z,Pumped Storage,68.000,Elexon BMRS FUELHH
2024-02-14T15:00:00Z,Wind,9076.000,Elexon BMRS FUELHH
2024-02-14T15:30:00Z,Biomass,2417.000,Elexon BMRS FUELHH
2024-02-14T15:30:00Z,Coal,458.000,Elexon BMRS FUELHH
2024-02-14T15:30:00Z,Gas,15226.000,Elexon BMRS FUELHH
2024-02-14T15:30:00Z,Hydro,540.000,Elexon BMRS FUELHH
2024-02-14T15:30:00Z,Imports & Exports,3346.000,Elexon BMRS FUELHH
2024-02-14T15:30:00Z,Nuclear,3788.000,Elexon BMRS FUELHH
2024-02-14T15:30:00Z,Other,364.000,Elexon BMRS FUELHH
2024-02-14T15:30:00Z,Pumped Storage,352.000,Elexon BMRS FUELHH
2024-02-14T15:30:00Z,Wind,9132.000,Elexon BMRS FUELHH
2024-02-14T16:00:00Z,Biomass,2357.000,Elexon BMRS FUELHH
2024-02-14T16:00:00Z,Coal,476.000,Elexon BMRS FUELHH
2024-02-14T16:00:00Z,Gas,15418.000,Elexon BMRS FUELHH
2024-02-14T16:00:00Z,Hydro,604.000,Elexon BMRS FUELHH
2024-02-14T16:00:00Z,Imports & Exports,2984.000,Elexon BMRS FUELHH
2024-02-14T16:00:00Z,Nuclear,3787.000,Elexon BMRS FUELHH
2024-02-14T16:00:00Z,Other,467.000,Elexon BMRS FUELHH
2024-02-14T16:00:00Z,Pumped Storage,994.000,Elexon BMRS FUELHH
2024-02-14T16:00:00Z,Wind,9070.000,Elexon BMRS FUELHH
2024-02-14T16:30:00Z,Biomass,2404.000,Elexon BMRS FUELHH
2024-02-14T16:30:00Z,Coal,480.000,Elexon BMRS FUELHH
2024-02-14T16:30:00Z,Gas,15616.000,Elexon BMRS FUELHH
2024-02-14T16:30:00Z,Hydro,788.000,Elexon BMRS FUELHH
2024-02-14T16:30:00Z,Imports & Exports,2996.000,Elexon BMRS FUELHH
2024-02-14T16:30:00Z,Nuclear,3793.000,Elexon BMRS FUELHH
2024-02-14T16:30:00Z,Other,593.000,Elexon BMRS FUELHH
2024-02-14T16:30:00Z,Pumped Storage,1106.000,Elexon BMRS FUELHH
2024-02-14T16:30:00Z,Wind,9015.000,Elexon BMRS FUELHH
2024-02-14T17:00:00Z,Biomass,2424.000,Elexon BMRS FUELHH
2024-02-14T17:00:00Z,Coal,481.000,Elexon BMRS FUELHH
2024-02-14T17:00:00Z,Gas,15798.000,Elexon BMRS FUELHH
2024-02-14T17:00:00Z,Hydro,1030.000,Elexon BMRS FUELHH
2024-02-14T17:00:00Z,Imports & Exports,3148.000,Elexon BMRS FUELHH
2024-02-14T17:00:00Z,Nuclear,3787.000,Elexon BMRS FUELHH
2024-02-14T17:00:00Z,Other,996.000,Elexon BMRS FUELHH
2024-02-14T17:00:00Z,Pumped Storage,1372.000,Elexon BMRS FUELHH
2024-02-14T17:00:00Z,Wind,8883.000,Elexon BMRS FUELHH
2024-02-14T17:30:00Z,Biomass,2425.000,Elexon BMRS FUELHH
2024-02-14T17:30:00Z,Coal,474.000,Elexon BMRS FUELHH
2024-02-14T17:30:00Z,Gas,16058.000,Elexon BMRS FUELHH
2024-02-14T17:30:00Z,Hydro,1024.000,Elexon BMRS FUELHH
2024-02-14T17:30:00Z,Imports & Exports,3210.000,Elexon BMRS FUELHH
2024-02-14T17:30:00Z,Nuclear,3783.000,Elexon BMRS FUELHH
2024-02-14T17:30:00Z,Other,1197.000,Elexon BMRS FUELHH
2024-02-14T17:30:00Z,Pumped Storage,1258.000,Elexon BMRS FUELHH
2024-02-14T17:30:00Z,Wind,9033.000,Elexon BMRS FUELHH
2024-02-14T18:00:00Z,Biomass,2425.000,Elexon BMRS FUELHH
2024-02-14T18:00:00Z,Coal,451.000,Elexon BMRS FUELHH
2024-02-14T18:00:00Z,Gas,16077.000,Elexon BMRS FUELHH
2024-02-14T18:00:00Z,Hydro,795.000,Elexon BMRS FUELHH
2024-02-14T18:00:00Z,Imports & Exports,4164.000,Elexon BMRS FUELHH
2024-02-14T18:00:00Z,Nuclear,3786.000,Elexon BMRS FUELHH
2024-02-14T18:00:00Z,Other,910.000,Elexon BMRS FUELHH
2024-02-14T18:00:00Z,Pumped Storage,1476.000,Elexon BMRS FUELHH
2024-02-14T18:00:00Z,Wind,8941.000,Elexon BMRS FUELHH
2024-02-14T18:30:00Z,Biomass,2382.000,Elexon BMRS FUELHH
2024-02-14T18:30:00Z,Coal,473.000,Elexon BMRS FUELHH
2024-02-14T18:30:00Z,Gas,16025.000,Elexon BMRS FUELHH
2024-02-14T18:30:00Z,Hydro,829.000,Elexon BMRS FUELHH
2024-02-14T18:30:00Z,Imports & Exports,4334.000,Elexon BMRS FUELHH
2024-02-14T18:30:00Z,Nuclear,3789.000,Elexon BMRS FUELHH
2024-02-14T18:30:00Z,Other,583.000,Elexon BMRS FUELHH
2024-02-14T18:30:00Z,Pumped Storage,1250.000,Elexon BMRS FUELHH
2024-02-14T18:30:00Z,Wind,8781.000,Elexon BMRS FUELHH
2024-02-14T19:00:00Z,Biomass,2360.000,Elexon BMRS FUELHH
2024-02-14T19:00:00Z,Coal,334.000,Elexon BMRS FUELHH
2024-02-14T19:00:00Z,Gas,15437.000,Elexon BMRS FUELHH
2024-02-14T19:00:00Z,Hydro,685.000,Elexon BMRS FUELHH
2024-02-14T19:00:00Z,Imports & Exports,6134.000,Elexon BMRS FUELHH
2024-02-14T19:00:00Z,Nuclear,3786.000,Elexon BMRS FUELHH
2024-02-14T19:00:00Z,Other,263.000,Elexon BMRS FUELHH
2024-02-14T19:00:00Z,Pumped Storage,118.000,Elexon BMRS FUELHH
2024-02-14T19:00:00Z,Wind,8745.000,Elexon BMRS FUELHH
2024-02-14T19:30:00Z,Biomass,2353.000,Elexon BMRS FUELHH
2024-02-14T19:30:00Z,Coal,25.000,Elexon BMRS FUELHH
2024-02-14T19:30:00Z,Gas,14598.000,Elexon BMRS FUELHH
2024-02-14T19:30:00Z,Hydro,663.000,Elexon BMRS FUELHH
2024-02-14T19:30:00Z,Imports & Exports,6168.000,Elexon BMRS FUELHH
2024-02-14T19:30:00Z,Nuclear,3792.000,Elexon BMRS FUELHH
2024-02-14T19:30:00Z,Other,199.000,Elexon BMRS FUELHH
2024-02-14T19:30:00Z,Pumped Storage,-12.000,Elexon BMRS FUELHH
2024-02-14T19:30:00Z,Wind,8915.000,Elexon BMRS FUELHH
2024-02-14T20:00:00Z,Biomass,2361.000,Elexon BMRS FUELHH
2024-02-14T20:00:00Z,Coal,0.000,Elexon BMRS FUELHH
2024-02-14T20:00:00Z,Gas,13387.000,Elexon BMRS FUELHH
2024-02-14T20:00:00Z,Hydro,608.000,Elexon BMRS FUELHH
2024-02-14T20:00:00Z,Imports & Exports,6160.000,Elexon BMRS FUELHH
2024-02-14T20:00:00Z,Nuclear,3786.000,Elexon BMRS FUELHH
2024-02-14T20:00:00Z,Other,193.000,Elexon BMRS FUELHH
2024-02-14T20:00:00Z,Pumped Storage,-12.000,Elexon BMRS FUELHH
2024-02-14T20:00:00Z,Wind,8952.000,Elexon BMRS FUELHH
2024-02-14T20:30:00Z,Biomass,2348.000,Elexon BMRS FUELHH
2024-02-14T20:30:00Z,Coal,0.000,Elexon BMRS FUELHH
2024-02-14T20:30:00Z,Gas,11612.000,Elexon BMRS FUELHH
2024-02-14T20:30:00Z,Hydro,603.000,Elexon BMRS FUELHH
2024-02-14T20:30:00Z,Imports & Exports,6206.000,Elexon BMRS FUELHH
2024-02-14T20:30:00Z,Nuclear,3791.000,Elexon BMRS FUELHH
2024-02-14T20:30:00Z,Other,185.000,Elexon BMRS FUELHH
2024-02-14T20:30:00Z,Pumped Storage,-12.000,Elexon BMRS FUELHH
2024-02-14T20:30:00Z,Wind,9132.000,Elexon BMRS FUELHH
2024-02-14T21:00:00Z,Biomass,2360.000,Elexon BMRS FUELHH
2024-02-14T21:00:00Z,Coal,0.000,Elexon BMRS FUELHH
2024-02-14T21:00:00Z,Gas,9492.000,Elexon BMRS FUELHH
2024-02-14T21:00:00Z,Hydro,550.000,Elexon BMRS FUELHH
2024-02-14T21:00:00Z,Imports & Exports,6466.000,Elexon BMRS FUELHH
2024-02-14T21:00:00Z,Nuclear,3783.000,Elexon BMRS FUELHH
2024-02-14T21:00:00Z,Other,214.000,Elexon BMRS FUELHH
2024-02-14T21:00:00Z,Pumped Storage,-6.000,Elexon BMRS FUELHH
2024-02-14T21:00:00Z,Wind,9227.000,Elexon BMRS FUELHH
2024-02-14T21:30:00Z,Biomass,2358.000,Elexon BMRS FUELHH
2024-02-14T21:30:00Z,Coal,0.000,Elexon BMRS FUELHH
2024-02-14T21:30:00Z,Gas,7898.000,Elexon BMRS FUELHH
2024-02-14T21:30:00Z,Hydro,555.000,Elexon BMRS FUELHH
2024-02-14T21:30:00Z,Imports & Exports,6630.000,Elexon BMRS FUELHH
2024-02-14T21:30:00Z,Nuclear,3789.000,Elexon BMRS FUELHH
2024-02-14T21:30:00Z,Other,203.000,Elexon BMRS FUELHH
2024-02-14T21:30:00Z,Pumped Storage,-20.000,Elexon BMRS FUELHH
2024-02-14T21:30:00Z,Wind,9036.000,Elexon BMRS FUELHH
2024-02-14T22:00:00Z,Biomass,2351.000,Elexon BMRS FUELHH
2024-02-14T22:00:00Z,Coal,0.000,Elexon BMRS FUELHH
2024-02-14T22:00:00Z,Gas,6561.000,Elexon BMRS FUELHH
2024-02-14T22:00:00Z,Hydro,540.000,Elexon BMRS FUELHH
2024-02-14T22:00:00Z,Imports & Exports,6602.000,Elexon BMRS FUELHH
2024-02-14T22:00:00Z,Nuclear,3787.000,Elexon BMRS FUELHH
2024-02-14T22:00:00Z,Other,195.000,Elexon BMRS FUELHH
2024-02-14T22:00:00Z,Pumped Storage,86.000,Elexon BMRS FUELHH
2024-02-14T22:00:00Z,Wind,8711.000,Elexon BMRS FUELHH
2024-02-14T22:30:00Z,Biomass,1930.000,Elexon BMRS FUELHH
2024-02-14T22:30:00Z,Coal,0.000,Elexon BMRS FUELHH
2024-02-14T22:30:00Z,Gas,5328.000,Elexon BMRS FUELHH
2024-02-14T22:30:00Z,Hydro,505.000,Elexon BMRS FUELHH
2024-02-14T22:30:00Z,Imports & Exports,6662.000,Elexon BMRS FUELHH
2024-02-14T22:30:00Z,Nuclear,3793.000,Elexon BMRS FUELHH
2024-02-14T22:30:00Z,Other,168.000,Elexon BMRS FUELHH
2024-02-14T22:30:00Z,Pumped Storage,-26.000,Elexon BMRS FUELHH
2024-02-14T22:30:00Z,Wind,9006.000,Elexon BMRS FUELHH
2024-02-14T23:00:00Z,Biomass,1299.000,Elexon BMRS FUELHH
2024-02-14T23:00:00Z,Coal,0.000,Elexon BMRS FUELHH
2024-02-14T23:00:00Z,Gas,4714.000,Elexon BMRS FUELHH
2024-02-14T23:00:00Z,Hydro,466.000,Elexon BMRS FUELHH
2024-02-14T23:00:00Z,Imports & Exports,6062.000,Elexon BMRS FUELHH
2024-02-14T23:00:00Z,Nuclear,3789.000,Elexon BMRS FUELHH
2024-02-14T23:00:00Z,Other,173.000,Elexon BMRS FUELHH
2024-02-14T23:00:00Z,Pumped Storage,-256.000,Elexon BMRS FUELHH
2024-02-14T23:00:00Z,Wind,9435.000,Elexon BMRS FUELHH
2024-02-14T23:30:00Z,Biomass,1153.000,Elexon BMRS FUELHH
2024-02-14T23:30:00Z,Coal,0.000,Elexon BMRS FUELHH
2024-02-14T23:30:00Z,Gas,4136.000,Elexon BMRS FUELHH
2024-02-14T23:30:00Z,Hydro,442.000,Elexon BMRS FUELHH
2024-02-14T23:30:00Z,Imports & Exports,5816.000,Elexon BMRS FUELHH
2024-02-14T23:30:00Z,Nuclear,3792.000,Elexon BMRS FUELHH
2024-02-14T23:30:00Z,Other,177.000,Elexon BMRS FUELHH
2024-02-14T23:30:00Z,Pumped Storage,-440.000,Elexon BMRS FUELHH
2024-02-14T23:30:00Z,Wind,9662.000,Elexon BMRS FUELHH
2024-02-15T00:00:00Z,Biomass,1370.000,Elexon BMRS FUELHH
2024-02-15T00:00:00Z,Coal,0.000,Elexon BMRS FUELHH
2024-02-15T00:00:00Z,Gas,4225.000,Elexon BMRS FUELHH
2024-02-15T00:00:00Z,Hydro,439.000,Elexon BMRS FUELHH
2024-02-15T00:00:00Z,Imports & Exports,5868.000,Elexon BMRS FUELHH
2024-02-15T00:00:00Z,Nuclear,3790.000,Elexon BMRS FUELHH
2024-02-15T00:00:00Z,Other,171.000,Elexon BMRS FUELHH
2024-02-15T00:00:00Z,Pumped Storage,-984.000,Elexon BMRS FUELHH
2024-02-15T00:00:00Z,Wind,9735.000,Elexon BMRS FUELHH
2024-02-15T00:30:00Z,Biomass,1701.000,Elexon BMRS FUELHH
2024-02-15T00:30:00Z,Coal,0.000,Elexon BMRS FUELHH
2024-02-15T00:30:00Z,Gas,4287.000,Elexon BMRS FUELHH
2024-02-15T00:30:00Z,Hydro,440.000,Elexon BMRS FUELHH
2024-02-15T00:30:00Z,Imports & Exports,5678.000,Elexon BMRS FUELHH
2024-02-15T00:30:00Z,Nuclear,3792.000,Elexon BMRS FUELHH
2024-02-15T00:30:00Z,Other,173.000,Elexon BMRS FUELHH
2024-02-15T00:30:00Z,Pumped Storage,-1220.000,Elexon BMRS FUELHH
2024-02-15T00:30:00Z,Wind,10088.000,Elexon BMRS FUELHH
2024-02-15T01:00:00Z,Biomass,1824.000,Elexon BMRS FUELHH
2024-02-15T01:00:00Z,Coal,0.000,Elexon BMRS FUELHH
2024-02-15T01:00:00Z,Gas,4902.000,Elexon BMRS FUELHH
2024-02-15T01:00:00Z,Hydro,458.000,Elexon BMRS FUELHH
2024-02-15T01:00:00Z,Imports & Exports,4210.000,Elexon BMRS FUELHH
2024-02-15T01:00:00Z,Nuclear,3787.000,Elexon BMRS FUELHH
2024-02-15T01:00:00Z,Other,177.000,Elexon BMRS FUELHH
2024-02-15T01:00:00Z,Pumped Storage,-1292.000,Elexon BMRS FUELHH
2024-02-15T01:00:00Z,Wind,10377.000,Elexon BMRS FUELHH
2024-02-15T01:30:00Z,Biomass,1826.000,Elexon BMRS FUELHH
2024-02-15T01:30:00Z,Coal,0.000,Elexon BMRS FUELHH
2024-02-15T01:30:00Z,Gas,4403.000,Elexon BMRS FUELHH
2024-02-15T01:30:00Z,Hydro,447.000,Elexon BMRS FUELHH
2024-02-15T01:30:00Z,Imports & Exports,4134.000,Elexon BMRS FUELHH
2024-02-15T01:30:00Z,Nuclear,3787.000,Elexon BMRS FUELHH
2024-02-15T01:30:00Z,Other,178.000,Elexon BMRS FUELHH
2024-02-15T01:30:00Z,Pumped Storage,-1284.000,Elexon BMRS FUELHH
2024-02-15T01:30:00Z,Wind,10490.000,Elexon BMRS FUELHH
2024-02-15T02:00:00Z,Biomass,1827.000,Elexon BMRS FUELHH
2024-02-15T02:00:00Z,Coal,0.000,Elexon BMRS FUELHH
2024-02-15T02:00:00Z,Gas,4179.000,Elexon BMRS FUELHH
2024-02-15T02:00:00Z,Hydro,445.000,Elexon BMRS FUELHH
2024-02-15T02:00:00Z,Imports & Exports,3842.000,Elexon BMRS FUELHH
2024-02-15T02:00:00Z,Nuclear,3785.000,Elexon BMRS FUELHH
2024-02-15T02:00:00Z,Other,186.000,Elexon BMRS FUELHH
2024-02-15T02:00:00Z,Pumped Storage,-1274.000,Elexon BMRS FUELHH
2024-02-15T02:00:00Z,Wind,10361.000,Elexon BMRS FUELHH
2024-02-15T02:30:00Z,Biomass,1817.000,Elexon BMRS FUELHH
2024-02-15T02:30:00Z,Coal,0.000,Elexon BMRS FUELHH
2024-02-15T02:30:00Z,Gas,4175.000,Elexon BMRS FUELHH
2024-02-15T02:30:00Z,Hydro,442.000,Elexon BMRS FUELHH
2024-02-15T02:30:00Z,Imports & Exports,3778.000,Elexon BMRS FUELHH
2024-02-15T02:30:00Z,Nuclear,3786.000,Elexon BMRS FUELHH
2024-02-15T02:30:00Z,Other,180.000,Elexon BMRS FUELHH
2024-02-15T02:30:00Z,Pumped Storage,-1318.000,Elexon BMRS FUELHH
2024-02-15T02:30:00Z,Wind,10254.000,Elexon BMRS FUELHH
2024-02-15T03:00:00Z,Biomass,1773.000,Elexon BMRS FUELHH
2024-02-15T03:00:00Z,Coal,0.000,Elexon BMRS FUELHH
2024-02-15T03:00:00Z,Gas,4350.000,Elexon BMRS FUELHH
2024-02-15T03:00:00Z,Hydro,444.000,Elexon BMRS FUELHH
2024-02-15T03:00:00Z,Imports & Exports,2974.000,Elexon BMRS FUELHH
2024-02-15T03:00:00Z,Nuclear,3783.000,Elexon BMRS FUELHH
2024-02-15T03:00:00Z,Other,174.000,Elexon BMRS FUELHH
2024-02-15T03:00:00Z,Pumped Storage,-1260.000,Elexon BMRS FUELHH
2024-02-15T03:00:00Z,Wind,10526.000,Elexon BMRS FUELHH
2024-02-15T03:30:00Z,Biomass,1555.000,Elexon BMRS FUELHH
2024-02-15T03:30:00Z,Coal,0.000,Elexon BMRS FUELHH
2024-02-15T03:30:00Z,Gas,4301.000,Elexon BMRS FUELHH
2024-02-15T03:30:00Z,Hydro,448.000,Elexon BMRS FUELHH
2024-02-15T03:30:00Z,Imports & Exports,2898.000,Elexon BMRS FUELHH
2024-02-15T03:30:00Z,Nuclear,3783.000,Elexon BMRS FUELHH
2024-02-15T03:30:00Z,Other,170.000,Elexon BMRS FUELHH
2024-02-15T03:30:00Z,Pumped Storage,-1150.000,Elexon BMRS FUELHH
2024-02-15T03:30:00Z,Wind,10595.000,Elexon BMRS FUELHH
2024-02-15T04:00:00Z,Biomass,1565.000,Elexon BMRS FUELHH
2024-02-15T04:00:00Z,Coal,0.000,Elexon BMRS FUELHH
2024-02-15T04:00:00Z,Gas,4559.000,Elexon BMRS FUELHH
2024-02-15T04:00:00Z,Hydro,466.000,Elexon BMRS FUELHH
2024-02-15T04:00:00Z,Imports & Exports,2192.000,Elexon BMRS FUELHH
2024-02-15T04:00:00Z,Nuclear,3758.000,Elexon BMRS FUELHH
2024-02-15T04:00:00Z,Other,167.000,Elexon BMRS FUELHH
2024-02-15T04:00:00Z,Pumped Storage,-1142.000,Elexon BMRS FUELHH
2024-02-15T04:00:00Z,Wind,10376.000,Elexon BMRS FUELHH
2024-02-15T04:30:00Z,Biomass,1591.000,Elexon BMRS FUELHH
2024-02-15T04:30:00Z,Coal,0.000,Elexon BMRS FUELHH
2024-02-15T04:30:00Z,Gas,4655.000,Elexon BMRS FUELHH
2024-02-15T04:30:00Z,Hydro,490.000,Elexon BMRS FUELHH
2024-02-15T04:30:00Z,Imports & Exports,2148.000,Elexon BMRS FUELHH
2024-02-15T04:30:00Z,Nuclear,3755.000,Elexon BMRS FUELHH
2024-02-15T04:30:00Z,Other,149.000,Elexon BMRS FUELHH
2024-02-15T04:30:00Z,Pumped Storage,-1012.000,Elexon BMRS FUELHH
2024-02-15T04:30:00Z,Wind,9827.000,Elexon BMRS FUELHH
2024-02-15T05:00:00Z,Biomass,1847.000,Elexon BMRS FUELHH
2024-02-15T05:00:00Z,Coal,0.000,Elexon BMRS FUELHH
2024-02-15T05:00:00Z,Gas,5519.000,Elexon BMRS FUELHH
2024-02-15T05:00:00Z,Hydro,520.000,Elexon BMRS FUELHH
2024-02-15T05:00:00Z,Imports & Exports,1102.000,Elexon BMRS FUELHH
2024-02-15T05:00:00Z,Nuclear,3754.000,Elexon BMRS FUELHH
2024-02-15T05:00:00Z,Other,142.000,Elexon BMRS FUELHH
2024-02-15T05:00:00Z,Pumped Storage,-360.000,Elexon BMRS FUELHH
2024-02-15T05:00:00Z,Wind,9376.000,Elexon BMRS FUELHH
2024-02-15T05:30:00Z,Biomass,1906.000,Elexon BMRS FUELHH
2024-02-15T05:30:00Z,Coal,0.000,Elexon BMRS FUELHH
2024-02-15T05:30:00Z,Gas,6332.000,Elexon BMRS FUELHH
2024-02-15T05:30:00Z,Hydro,521.000,Elexon BMRS FUELHH
2024-02-15T05:30:00Z,Imports & Exports,1042.000,Elexon BMRS FUELHH
2024-02-15T05:30:00Z,Nuclear,3753.000,Elexon BMRS FUELHH
2024-02-15T05:30:00Z,Other,145.000,Elexon BMRS FUELHH
2024-02-15T05:30:00Z,Pumped Storage,-336.000,Elexon BMRS FUELHH
2024-02-15T05:30:00Z,Wind,9385.000,Elexon BMRS FUELHH
2024-02-15T06:00:00Z,Biomass,2094.000,Elexon BMRS FUELHH
2024-02-15T06:00:00Z,Coal,0.000,Elexon BMRS FUELHH
2024-02-15T06:00:00Z,Gas,8676.000,Elexon BMRS FUELHH
2024-02-15T06:00:00Z,Hydro,594.000,Elexon BMRS FUELHH
2024-02-15T06:00:00Z,Imports & Exports,-152.000,Elexon BMRS FUELHH
2024-02-15T06:00:00Z,Nuclear,3758.000,Elexon BMRS FUELHH
2024-02-15T06:00:00Z,Other,146.000,Elexon BMRS FUELHH
2024-02-15T06:00:00Z,Pumped Storage,-52.000,Elexon BMRS FUELHH
2024-02-15T06:00:00Z,Wind,9770.000,Elexon BMRS FUELHH
2024-02-15T06:30:00Z,Biomass,2446.000,Elexon BMRS FUELHH
2024-02-15T06:30:00Z,Coal,0.000,Elexon BMRS FUELHH
2024-02-15T06:30:00Z,Gas,9792.000,Elexon BMRS FUELHH
2024-02-15T06:30:00Z,Hydro,610.000,Elexon BMRS FUELHH
2024-02-15T06:30:00Z,Imports & Exports,-112.000,Elexon BMRS FUELHH
2024-02-15T06:30:00Z,Nuclear,3754.000,Elexon BMRS FUELHH
2024-02-15T06:30:00Z,Other,330.000,Elexon BMRS FUELHH
2024-02-15T06:30:00Z,Pumped Storage,120.000,Elexon BMRS FUELHH
2024-02-15T06:30:00Z,Wind,10085.000,Elexon BMRS FUELHH
2024-02-15T07:00:00Z,Biomass,2550.000,Elexon BMRS FUELHH
2024-02-15T07:00:00Z,Coal,0.000,Elexon BMRS FUELHH
2024-02-15T07:00:00Z,Gas,11384.000,Elexon BMRS FUELHH
2024-02-15T07:00:00Z,Hydro,630.000,Elexon BMRS FUELHH
2024-02-15T07:00:00Z,Imports & Exports,1090.000,Elexon BMRS FUELHH
2024-02-15T07:00:00Z,Nuclear,3760.000,Elexon BMRS FUELHH
2024-02-15T07:00:00Z,Other,229.000,Elexon BMRS FUELHH
2024-02-15T07:00:00Z,Pumped Storage,-6.000,Elexon BMRS FUELHH
2024-02-15T07:00:00Z,Wind,10046.000,Elexon BMRS FUELHH
2024-02-15T07:30:00Z,Biomass,2667.000,Elexon BMRS FUELHH
2024-02-15T07:30:00Z,Coal,0.000,Elexon BMRS FUELHH
2024-02-15T07:30:00Z,Gas,12135.000,Elexon BMRS FUELHH
2024-02-15T07:30:00Z,Hydro,669.000,Elexon BMRS FUELHH
2024-02-15T07:30:00Z,Imports & Exports,1052.000,Elexon BMRS FUELHH
2024-02-15T07:30:00Z,Nuclear,3758.000,Elexon BMRS FUELHH
2024-02-15T07:30:00Z,Other,310.000,Elexon BMRS FUELHH
2024-02-15T07:30:00Z,Pumped Storage,-18.000,Elexon BMRS FUELHH
2024-02-15T07:30:00Z,Wind,10153.000,Elexon BMRS FUELHH
2024-02-15T08:00:00Z,Biomass,2803.000,Elexon BMRS FUELHH
2024-02-15T08:00:00Z,Coal,0.000,Elexon BMRS FUELHH
2024-02-15T08:00:00Z,Gas,12285.000,Elexon BMRS FUELHH
2024-02-15T08:00:00Z,Hydro,660.000,Elexon BMRS FUELHH
2024-02-15T08:00:00Z,Imports & Exports,2692.000,Elexon BMRS FUELHH
2024-02-15T08:00:00Z,Nuclear,3758.000,Elexon BMRS FUELHH
2024-02-15T08:00:00Z,Other,183.000,Elexon BMRS FUELHH
2024-02-15T08:00:00Z,Pumped Storage,-98.000,Elexon BMRS FUELHH
2024-02-15T08:00:00Z,Wind,10371.000,Elexon BMRS FUELHH
2024-02-15T08:30:00Z,Biomass,2932.000,Elexon BMRS FUELHH
2024-02-15T08:30:00Z,Coal,0.000,Elexon BMRS FUELHH
2024-02-15T08:30:00Z,Gas,12445.000,Elexon BMRS FUELHH
2024-02-15T08:30:00Z,Hydro,669.000,Elexon BMRS FUELHH
2024-02-15T08:30:00Z,Imports & Exports,2742.000,Elexon BMRS FUELHH
2024-02-15T08:30:00Z,Nuclear,3756.000,Elexon BMRS FUELHH
2024-02-15T08:30:00Z,Other,221.000,Elexon BMRS FUELHH
2024-02-15T08:30:00Z,Pumped Storage,26.000,Elexon BMRS FUELHH
2024-02-15T08:30:00Z,Wind,10297.000,Elexon BMRS FUELHH
2024-02-15T09:00:00Z,Biomass,2985.000,Elexon BMRS FUELHH
2024-02-15T09:00:00Z,Coal,0.000,Elexon BMRS FUELHH
2024-02-15T09:00:00Z,Gas,12485.000,Elexon BMRS FUELHH
2024-02-15T09:00:00Z,Hydro,652.000,Elexon BMRS FUELHH
2024-02-15T09:00:00Z,Imports & Exports,3388.000,Elexon BMRS FUELHH
2024-02-15T09:00:00Z,Nuclear,3759.000,Elexon BMRS FUELHH
2024-02-15T09:00:00Z,Other,187.000,Elexon BMRS FUELHH
2024-02-15T09:00:00Z,Pumped Storage,8.000,Elexon BMRS FUELHH
2024-02-15T09:00:00Z,Wind,10195.000,Elexon BMRS FUELHH
2024-02-15T09:30:00Z,Biomass,2995.000,Elexon BMRS FUELHH
2024-02-15T09:30:00Z,Coal,0.000,Elexon BMRS FUELHH
2024-02-15T09:30:00Z,Gas,12429.000,Elexon BMRS FUELHH
2024-02-15T09:30:00Z,Hydro,651.000,Elexon BMRS FUELHH
2024-02-15T09:30:00Z,Imports & Exports,3440.000,Elexon BMRS FUELHH
2024-02-15T09:30:00Z,Nuclear,3750.000,Elexon BMRS FUELHH
2024-02-15T09:30:00Z,Other,211.000,Elexon BMRS FUELHH
2024-02-15T09:30:00Z,Pumped Storage,10.000,Elexon BMRS FUELHH
2024-02-15T09:30:00Z,Wind,9716.000,Elexon BMRS FUELHH
2024-02-15T10:00:00Z,Biomass,2991.000,Elexon BMRS FUELHH
2024-02-15T10:00:00Z,Coal,0.000,Elexon BMRS FUELHH
2024-02-15T10:00:00Z,Gas,12365.000,Elexon BMRS FUELHH
2024-02-15T10:00:00Z,Hydro,648.000,Elexon BMRS FUELHH
2024-02-15T10:00:00Z,Imports & Exports,3420.000,Elexon BMRS FUELHH
2024-02-15T10:00:00Z,Nuclear,3760.000,Elexon BMRS FUELHH
2024-02-15T10:00:00Z,Other,200.000,Elexon BMRS FUELHH
2024-02-15T10:00:00Z,Pumped Storage,-16.000,Elexon BMRS FUELHH
2024-02-15T10:00:00Z,Wind,9593.000,Elexon BMRS FUELHH
2024-02-15T10:30:00Z,Biomass,2950.000,Elexon BMRS FUELHH
2024-02-15T10:30:00Z,Coal,0.000,Elexon BMRS FUELHH
2024-02-15T10:30:00Z,Gas,12044.000,Elexon BMRS FUELHH
2024-02-15T10:30:00Z,Hydro,649.000,Elexon BMRS FUELHH
2024-02-15T10:30:00Z,Imports & Exports,3442.000,Elexon BMRS FUELHH
2024-02-15T10:30:00Z,Nuclear,3761.000,Elexon BMRS FUELHH
2024-02-15T10:30:00Z,Other,273.000,Elexon BMRS FUELHH
2024-02-15T10:30:00Z,Pumped Storage,-128.000,Elexon BMRS FUELHH
2024-02-15T10:30:00Z,Wind,9557.000,Elexon BMRS FUELHH
2024-02-15T11:00:00Z,Biomass,2756.000,Elexon BMRS FUELHH
2024-02-15T11:00:00Z,Coal,0.000,Elexon BMRS FUELHH
2024-02-15T11:00:00Z,Gas,11585.000,Elexon BMRS FUELHH
2024-02-15T11:00:00Z,Hydro,643.000,Elexon BMRS FUELHH
2024-02-15T11:00:00Z,Imports & Exports,4146.000,Elexon BMRS FUELHH
2024-02-15T11:00:00Z,Nuclear,3759.000,Elexon BMRS FUELHH
2024-02-15T11:00:00Z,Other,233.000,Elexon BMRS FUELHH
2024-02-15T11:00:00Z,Pumped Storage,-16.000,Elexon BMRS FUELHH
2024-02-15T11:00:00Z,Wind,9232.000,Elexon BMRS FUELHH
2024-02-15T11:30:00Z,Biomass,2709.000,Elexon BMRS FUELHH
2024-02-15T11:30:00Z,Coal,0.000,Elexon BMRS FUELHH
2024-02-15T11:30:00Z,Gas,11379.000,Elexon BMRS FUELHH
2024-02-15T11:30:00Z,Hydro,626.000,Elexon BMRS FUELHH
2024-02-15T11:30:00Z,Imports & Exports,4222.000,Elexon BMRS FUELHH
2024-02-15T11:30:00Z,Nuclear,3761.000,Elexon BMRS FUELHH
2024-02-15T11:30:00Z,Other,220.000,Elexon BMRS FUELHH
2024-02-15T11:30:00Z,Pumped Storage,-18.000,Elexon BMRS FUELHH
2024-02-15T11:30:00Z,Wind,8975.000,Elexon BMRS FUELHH
2024-02-15T12:00:00Z,Biomass,2695.000,Elexon BMRS FUELHH
2024-02-15T12:00:00Z,Coal,0.000,Elexon BMRS FUELHH
2024-02-15T12:00:00Z,Gas,11019.000,Elexon BMRS FUELHH
2024-02-15T12:00:00Z,Hydro,639.000,Elexon BMRS FUELHH
2024-02-15T12:00:00Z,Imports & Exports,4616.000,Elexon BMRS FUELHH
2024-02-15T12:00:00Z,Nuclear,3763.000,Elexon BMRS FUELHH
2024-02-15T12:00:00Z,Other,212.000,Elexon BMRS FUELHH
2024-02-15T12:00:00Z,Pumped Storage,112.000,Elexon BMRS FUELHH
2024-02-15T12:00:00Z,Wind,8696.000,Elexon BMRS FUELHH
2024-02-15T12:30:00Z,Biomass,2696.000,Elexon BMRS FUELHH
2024-02-15T12:30:00Z,Coal,0.000,Elexon BMRS FUELHH
2024-02-15T12:30:00Z,Gas,11073.000,Elexon BMRS FUELHH
2024-02-15T12:30:00Z,Hydro,650.000,Elexon BMRS FUELHH
2024-02-15T12:30:00Z,Imports & Exports,4656.000,Elexon BMRS FUELHH
2024-02-15T12:30:00Z,Nuclear,3764.000,Elexon BMRS FUELHH
2024-02-15T12:30:00Z,Other,209.000,Elexon BMRS FUELHH
2024-02-15T12:30:00Z,Pumped Storage,-16.000,Elexon BMRS FUELHH
2024-02-15T12:30:00Z,Wind,8426.000,Elexon BMRS FUELHH
2024-02-15T13:00:00Z,Biomass,2699.000,Elexon BMRS FUELHH
2024-02-15T13:00:00Z,Coal,0.000,Elexon BMRS FUELHH
2024-02-15T13:00:00Z,Gas,11644.000,Elexon BMRS FUELHH
2024-02-15T13:00:00Z,Hydro,664.000,Elexon BMRS FUELHH
2024-02-15T13:00:00Z,Imports & Exports,4224.000,Elexon BMRS FUELHH
2024-02-15T13:00:00Z,Nuclear,3763.000,Elexon BMRS FUELHH
2024-02-15T13:00:00Z,Other,277.000,Elexon BMRS FUELHH
2024-02-15T13:00:00Z,Pumped Storage,4.000,Elexon BMRS FUELHH
2024-02-15T13:00:00Z,Wind,8326.000,Elexon BMRS FUELHH
2024-02-15T13:30:00Z,Biomass,2700.000,Elexon BMRS FUELHH
2024-02-15T13:30:00Z,Coal,0.000,Elexon BMRS FUELHH
2024-02-15T13:30:00Z,Gas,11741.000,Elexon BMRS FUELHH
2024-02-15T13:30:00Z,Hydro,661.000,Elexon BMRS FUELHH
2024-02-15T13:30:00Z,Imports & Exports,4164.000,Elexon BMRS FUELHH
2024-02-15T13:30:00Z,Nuclear,3760.000,Elexon BMRS FUELHH
2024-02-15T13:30:00Z,Other,228.000,Elexon BMRS FUELHH
2024-02-15T13:30:00Z,Pumped Storage,-2.000,Elexon BMRS FUELHH
2024-02-15T13:30:00Z,Wind,8432.000,Elexon BMRS FUELHH
2024-02-15T14:00:00Z,Biomass,2705.000,Elexon BMRS FUELHH
2024-02-15T14:00:00Z,Coal,70.000,Elexon BMRS FUELHH
2024-02-15T14:00:00Z,Gas,12554.000,Elexon BMRS FUELHH
2024-02-15T14:00:00Z,Hydro,735.000,Elexon BMRS FUELHH
2024-02-15T14:00:00Z,Imports & Exports,3300.000,Elexon BMRS FUELHH
2024-02-15T14:00:00Z,Nuclear,3752.000,Elexon BMRS FUELHH
2024-02-15T14:00:00Z,Other,266.000,Elexon BMRS FUELHH
2024-02-15T14:00:00Z,Pumped Storage,40.000,Elexon BMRS FUELHH
2024-02-15T14:00:00Z,Wind,8465.000,Elexon BMRS FUELHH
2024-02-15T14:30:00Z,Biomass,2695.000,Elexon BMRS FUELHH
2024-02-15T14:30:00Z,Coal,215.000,Elexon BMRS FUELHH
2024-02-15T14:30:00Z,Gas,13391.000,Elexon BMRS FUELHH
2024-02-15T14:30:00Z,Hydro,695.000,Elexon BMRS FUELHH
2024-02-15T14:30:00Z,Imports & Exports,3174.000,Elexon BMRS FUELHH
2024-02-15T14:30:00Z,Nuclear,3755.000,Elexon BMRS FUELHH
2024-02-15T14:30:00Z,Other,239.000,Elexon BMRS FUELHH
2024-02-15T14:30:00Z,Pumped Storage,-14.000,Elexon BMRS FUELHH
2024-02-15T14:30:00Z,Wind,8345.000,Elexon BMRS FUELHH
2024-02-15T15:00:00Z,Biomass,2784.000,Elexon BMRS FUELHH
2024-02-15T15:00:00Z,Coal,326.000,Elexon BMRS FUELHH
2024-02-15T15:00:00Z,Gas,14305.000,Elexon BMRS FUELHH
2024-02-15T15:00:00Z,Hydro,983.000,Elexon BMRS FUELHH
2024-02-15T15:00:00Z,Imports & Exports,1736.000,Elexon BMRS FUELHH
2024-02-15T15:00:00Z,Nuclear,3758.000,Elexon BMRS FUELHH
2024-02-15T15:00:00Z,Other,241.000,Elexon BMRS FUELHH
2024-02-15T15:00:00Z,Pumped Storage,242.000,Elexon BMRS FUELHH
2024-02-15T15:00:00Z,Wind,8292.000,Elexon BMRS FUELHH
2024-02-15T15:30:00Z,Biomass,2946.000,Elexon BMRS FUELHH
2024-02-15T15:30:00Z,Coal,443.000,Elexon BMRS FUELHH
2024-02-15T15:30:00Z,Gas,14444.000,Elexon BMRS FUELHH
2024-02-15T15:30:00Z,Hydro,868.000,Elexon BMRS FUELHH
2024-02-15T15:30:00Z,Imports & Exports,1728.000,Elexon BMRS FUELHH
2024-02-15T15:30:00Z,Nuclear,3757.000,Elexon BMRS FUELHH
2024-02-15T15:30:00Z,Other,370.000,Elexon BMRS FUELHH
2024-02-15T15:30:00Z,Pumped Storage,560.000,Elexon BMRS FUELHH
2024-02-15T15:30:00Z,Wind,8244.000,Elexon BMRS FUELHH
2024-02-15T16:00:00Z,Biomass,2991.000,Elexon BMRS FUELHH
2024-02-15T16:00:00Z,Coal,376.000,Elexon BMRS FUELHH
2024-02-15T16:00:00Z,Gas,14069.000,Elexon BMRS FUELHH
2024-02-15T16:00:00Z,Hydro,719.000,Elexon BMRS FUELHH
2024-02-15T16:00:00Z,Imports & Exports,2694.000,Elexon BMRS FUELHH
2024-02-15T16:00:00Z,Nuclear,3754.000,Elexon BMRS FUELHH
2024-02-15T16:00:00Z,Other,393.000,Elexon BMRS FUELHH
2024-02-15T16:00:00Z,Pumped Storage,1164.000,Elexon BMRS FUELHH
2024-02-15T16:00:00Z,Wind,8251.000,Elexon BMRS FUELHH
2024-02-15T16:30:00Z,Biomass,2992.000,Elexon BMRS FUELHH
2024-02-15T16:30:00Z,Coal,351.000,Elexon BMRS FUELHH
2024-02-15T16:30:00Z,Gas,14410.000,Elexon BMRS FUELHH
2024-02-15T16:30:00Z,Hydro,827.000,Elexon BMRS FUELHH
2024-02-15T16:30:00Z,Imports & Exports,2830.000,Elexon BMRS FUELHH
2024-02-15T16:30:00Z,Nuclear,3755.000,Elexon BMRS FUELHH
2024-02-15T16:30:00Z,Other,677.000,Elexon BMRS FUELHH
2024-02-15T16:30:00Z,Pumped Storage,1606.000,Elexon BMRS FUELHH
2024-02-15T16:30:00Z,Wind,7977.000,Elexon BMRS FUELHH
2024-02-15T17:00:00Z,Biomass,2988.000,Elexon BMRS FUELHH
2024-02-15T17:00:00Z,Coal,363.000,Elexon BMRS FUELHH
2024-02-15T17:00:00Z,Gas,14109.000,Elexon BMRS FUELHH
2024-02-15T17:00:00Z,Hydro,929.000,Elexon BMRS FUELHH
2024-02-15T17:00:00Z,Imports & Exports,4458.000,Elexon BMRS FUELHH
2024-02-15T17:00:00Z,Nuclear,3757.000,Elexon BMRS FUELHH
2024-02-15T17:00:00Z,Other,690.000,Elexon BMRS FUELHH
2024-02-15T17:00:00Z,Pumped Storage,1542.000,Elexon BMRS FUELHH
2024-02-15T17:00:00Z,Wind,8033.000,Elexon BMRS FUELHH
2024-02-15T17:30:00Z,Biomass,2976.000,Elexon BMRS FUELHH
2024-02-15T17:30:00Z,Coal,369.000,Elexon BMRS FUELHH
2024-02-15T17:30:00Z,Gas,13921.000,Elexon BMRS FUELHH
2024-02-15T17:30:00Z,Hydro,1035.000,Elexon BMRS FUELHH
2024-02-15T17:30:00Z,Imports & Exports,4608.000,Elexon BMRS FUELHH
2024-02-15T17:30:00Z,Nuclear,3756.000,Elexon BMRS FUELHH
2024-02-15T17:30:00Z,Other,1058.000,Elexon BMRS FUELHH
2024-02-15T17:30:00Z,Pumped Storage,1600.000,Elexon BMRS FUELHH
2024-02-15T17:30:00Z,Wind,8293.000,Elexon BMRS FUELHH
2024-02-15T18:00:00Z,Biomass,2892.000,Elexon BMRS FUELHH
2024-02-15T18:00:00Z,Coal,332.000,Elexon BMRS FUELHH
2024-02-15T18:00:00Z,Gas,13395.000,Elexon BMRS FUELHH
2024-02-15T18:00:00Z,Hydro,752.000,Elexon BMRS FUELHH
2024-02-15T18:00:00Z,Imports & Exports,5922.000,Elexon BMRS FUELHH
2024-02-15T18:00:00Z,Nuclear,3782.000,Elexon BMRS FUELHH
2024-02-15T18:00:00Z,Other,774.000,Elexon BMRS FUELHH
2024-02-15T18:00:00Z,Pumped Storage,1710.000,Elexon BMRS FUELHH
2024-02-15T18:00:00Z,Wind,8391.000,Elexon BMRS FUELHH
2024-02-15T18:30:00Z,Biomass,2857.000,Elexon BMRS FUELHH
2024-02-15T18:30:00Z,Coal,330.000,Elexon BMRS FUELHH
2024-02-15T18:30:00Z,Gas,13568.000,Elexon BMRS FUELHH
2024-02-15T18:30:00Z,Hydro,708.000,Elexon BMRS FUELHH
2024-02-15T18:30:00Z,Imports & Exports,5996.000,Elexon BMRS FUELHH
2024-02-15T18:30:00Z,Nuclear,3782.000,Elexon BMRS FUELHH
2024-02-15T18:30:00Z,Other,512.000,Elexon BMRS FUELHH
2024-02-15T18:30:00Z,Pumped Storage,1404.000,Elexon BMRS FUELHH
2024-02-15T18:30:00Z,Wind,8273.000,Elexon BMRS FUELHH
2024-02-15T19:00:00Z,Biomass,2862.000,Elexon BMRS FUELHH
2024-02-15T19:00:00Z,Coal,329.000,Elexon BMRS FUELHH
2024-02-15T19:00:00Z,Gas,13679.000,Elexon BMRS FUELHH
2024-02-15T19:00:00Z,Hydro,708.000,Elexon BMRS FUELHH
2024-02-15T19:00:00Z,Imports & Exports,6198.000,Elexon BMRS FUELHH
2024-02-15T19:00:00Z,Nuclear,3786.000,Elexon BMRS FUELHH
2024-02-15T19:00:00Z,Other,387.000,Elexon BMRS FUELHH
2024-02-15T19:00:00Z,Pumped Storage,452.000,Elexon BMRS FUELHH
2024-02-15T19:00:00Z,Wind,8457.000,Elexon BMRS FUELHH
2024-02-15T19:30:00Z,Biomass,2872.000,Elexon BMRS FUELHH
2024-02-15T19:30:00Z,Coal,330.000,Elexon BMRS FUELHH
2024-02-15T19:30:00Z,Gas,13105.000,Elexon BMRS FUELHH
2024-02-15T19:30:00Z,Hydro,707.000,Elexon BMRS FUELHH
2024-02-15T19:30:00Z,Imports & Exports,6238.000,Elexon BMRS FUELHH
2024-02-15T19:30:00Z,Nuclear,3787.000,Elexon BMRS FUELHH
2024-02-15T19:30:00Z,Other,280.000,Elexon BMRS FUELHH
2024-02-15T19:30:00Z,Pumped Storage,20.000,Elexon BMRS FUELHH
2024-02-15T19:30:00Z,Wind,8739.000,Elexon BMRS FUELHH
2024-02-15T20:00:00Z,Biomass,2876.000,Elexon BMRS FUELHH
2024-02-15T20:00:00Z,Coal,330.000,Elexon BMRS FUELHH
2024-02-15T20:00:00Z,Gas,12039.000,Elexon BMRS FUELHH
2024-02-15T20:00:00Z,Hydro,707.000,Elexon BMRS FUELHH
2024-02-15T20:00:00Z,Imports & Exports,6326.000,Elexon BMRS FUELHH
2024-02-15T20:00:00Z,Nuclear,3779.000,Elexon BMRS FUELHH
2024-02-15T20:00:00Z,Other,240.000,Elexon BMRS FUELHH
2024-02-15T20:00:00Z,Pumped Storage,50.000,Elexon BMRS FUELHH
2024-02-15T20:00:00Z,Wind,8354.000,Elexon BMRS FUELHH
2024-02-15T20:30:00Z,Biomass,2638.000,Elexon BMRS FUELHH
2024-02-15T20:30:00Z,Coal,331.000,Elexon BMRS FUELHH
2024-02-15T20:30:00Z,Gas,11201.000,Elexon BMRS FUELHH
2024-02-15T20:30:00Z,Hydro,707.000,Elexon BMRS FUELHH
2024-02-15T20:30:00Z,Imports & Exports,6452.000,Elexon BMRS FUELHH
2024-02-15T20:30:00Z,Nuclear,3786.000,Elexon BMRS FUELHH
2024-02-15T20:30:00Z,Other,213.000,Elexon BMRS FUELHH
2024-02-15T20:30:00Z,Pumped Storage,-14.000,Elexon BMRS FUELHH
2024-02-15T20:30:00Z,Wind,7986.000,Elexon BMRS FUELHH
2024-02-15T21:00:00Z,Biomass,2302.000,Elexon BMRS FUELHH
2024-02-15T21:00:00Z,Coal,334.000,Elexon BMRS FUELHH
2024-02-15T21:00:00Z,Gas,10125.000,Elexon BMRS FUELHH
2024-02-15T21:00:00Z,Hydro,699.000,Elexon BMRS FUELHH
2024-02-15T21:00:00Z,Imports & Exports,6572.000,Elexon BMRS FUELHH
2024-02-15T21:00:00Z,Nuclear,3783.000,Elexon BMRS FUELHH
2024-02-15T21:00:00Z,Other,222.000,Elexon BMRS FUELHH
2024-02-15T21:00:00Z,Pumped Storage,46.000,Elexon BMRS FUELHH
2024-02-15T21:00:00Z,Wind,7630.000,Elexon BMRS FUELHH
2024-02-15T21:30:00Z,Biomass,2273.000,Elexon BMRS FUELHH
2024-02-15T21:30:00Z,Coal,429.000,Elexon BMRS FUELHH
2024-02-15T21:30:00Z,Gas,8571.000,Elexon BMRS FUELHH
2024-02-15T21:30:00Z,Hydro,691.000,Elexon BMRS FUELHH
2024-02-15T21:30:00Z,Imports & Exports,6654.000,Elexon BMRS FUELHH
2024-02-15T21:30:00Z,Nuclear,3790.000,Elexon BMRS FUELHH
2024-02-15T21:30:00Z,Other,201.000,Elexon BMRS FUELHH
2024-02-15T21:30:00Z,Pumped Storage,6.000,Elexon BMRS FUELHH
2024-02-15T21:30:00Z,Wind,7376.000,Elexon BMRS FUELHH
2024-02-15T22:00:00Z,Biomass,2273.000,Elexon BMRS FUELHH
2024-02-15T22:00:00Z,Coal,460.000,Elexon BMRS FUELHH
2024-02-15T22:00:00Z,Gas,6994.000,Elexon BMRS FUELHH
2024-02-15T22:00:00Z,Hydro,643.000,Elexon BMRS FUELHH
2024-02-15T22:00:00Z,Imports & Exports,6870.000,Elexon BMRS FUELHH
2024-02-15T22:00:00Z,Nuclear,3789.000,Elexon BMRS FUELHH
2024-02-15T22:00:00Z,Other,210.000,Elexon BMRS FUELHH
2024-02-15T22:00:00Z,Pumped Storage,-16.000,Elexon BMRS FUELHH
2024-02-15T22:00:00Z,Wind,7303.000,Elexon BMRS FUELHH
2024-02-15T22:30:00Z,Biomass,2274.000,Elexon BMRS FUELHH
2024-02-15T22:30:00Z,Coal,266.000,Elexon BMRS FUELHH
2024-02-15T22:30:00Z,Gas,5980.000,Elexon BMRS FUELHH
2024-02-15T22:30:00Z,Hydro,640.000,Elexon BMRS FUELHH
2024-02-15T22:30:00Z,Imports & Exports,7032.000,Elexon BMRS FUELHH
2024-02-15T22:30:00Z,Nuclear,3785.000,Elexon BMRS FUELHH
2024-02-15T22:30:00Z,Other,201.000,Elexon BMRS FUELHH
2024-02-15T22:30:00Z,Pumped Storage,-14.000,Elexon BMRS FUELHH
2024-02-15T22:30:00Z,Wind,6916.000,Elexon BMRS FUELHH
2024-02-15T23:00:00Z,Biomass,2273.000,Elexon BMRS FUELHH
2024-02-15T23:00:00Z,Coal,229.000,Elexon BMRS FUELHH
2024-02-15T23:00:00Z,Gas,4790.000,Elexon BMRS FUELHH
2024-02-15T23:00:00Z,Hydro,638.000,Elexon BMRS FUELHH
2024-02-15T23:00:00Z,Imports & Exports,7328.000,Elexon BMRS FUELHH
2024-02-15T23:00:00Z,Nuclear,3792.000,Elexon BMRS FUELHH
2024-02-15T23:00:00Z,Other,191.000,Elexon BMRS FUELHH
2024-02-15T23:00:00Z,Pumped Storage,40.000,Elexon BMRS FUELHH
2024-02-15T23:00:00Z,Wind,6522.000,Elexon BMRS FUELHH
2024-02-15T23:30:00Z,Biomass,2275.000,Elexon BMRS FUELHH
2024-02-15T23:30:00Z,Coal,229.000,Elexon BMRS FUELHH
2024-02-15T23:30:00Z,Gas,4473.000,Elexon BMRS FUELHH
2024-02-15T23:30:00Z,Hydro,638.000,Elexon BMRS FUELHH
2024-02-15T23:30:00Z,Imports & Exports,7036.000,Elexon BMRS FUELHH
2024-02-15T23:30:00Z,Nuclear,3790.000,Elexon BMRS FUELHH
2024-02-15T23:30:00Z,Other,182.000,Elexon BMRS FUELHH
2024-02-15T23:30:00Z,Pumped Storage,-14.000,Elexon BMRS FUELHH
2024-02-15T23:30:00Z,Wind,6749.000,Elexon BMRS FUELHH
2024-02-16T00:00:00Z,Biomass,2275.000,Elexon BMRS FUELHH
2024-02-16T00:00:00Z,Coal,229.000,Elexon BMRS FUELHH
2024-02-16T00:00:00Z,Gas,5020.000,Elexon BMRS FUELHH
2024-02-16T00:00:00Z,Hydro,617.000,Elexon BMRS FUELHH
2024-02-16T00:00:00Z,Imports & Exports,6688.000,Elexon BMRS FUELHH
2024-02-16T00:00:00Z,Nuclear,3793.000,Elexon BMRS FUELHH
2024-02-16T00:00:00Z,Other,182.000,Elexon BMRS FUELHH
2024-02-16T00:00:00Z,Pumped Storage,56.000,Elexon BMRS FUELHH
2024-02-16T00:00:00Z,Wind,5946.000,Elexon BMRS FUELHH
2024-02-16T00:30:00Z,Biomass,2156.000,Elexon BMRS FUELHH
2024-02-16T00:30:00Z,Coal,229.000,Elexon BMRS FUELHH
2024-02-16T00:30:00Z,Gas,5646.000,Elexon BMRS FUELHH
2024-02-16T00:30:00Z,Hydro,613.000,Elexon BMRS FUELHH
2024-02-16T00:30:00Z,Imports & Exports,6832.000,Elexon BMRS FUELHH
2024-02-16T00:30:00Z,Nuclear,3793.000,Elexon BMRS FUELHH
2024-02-16T00:30:00Z,Other,202.000,Elexon BMRS FUELHH
2024-02-16T00:30:00Z,Pumped Storage,-14.000,Elexon BMRS FUELHH
2024-02-16T00:30:00Z,Wind,5511.000,Elexon BMRS FUELHH
2024-02-16T01:00:00Z,Biomass,2073.000,Elexon BMRS FUELHH
2024-02-16T01:00:00Z,Coal,230.000,Elexon BMRS FUELHH
2024-02-16T01:00:00Z,Gas,5856.000,Elexon BMRS FUELHH
2024-02-16T01:00:00Z,Hydro,619.000,Elexon BMRS FUELHH
2024-02-16T01:00:00Z,Imports & Exports,6426.000,Elexon BMRS FUELHH
2024-02-16T01:00:00Z,Nuclear,3792.000,Elexon BMRS FUELHH
2024-02-16T01:00:00Z,Other,206.000,Elexon BMRS FUELHH
2024-02-16T01:00:00Z,Pumped Storage,-18.000,Elexon BMRS FUELHH
2024-02-16T01:00:00Z,Wind,5312.000,Elexon BMRS FUELHH
2024-02-16T01:30:00Z,Biomass,2072.000,Elexon BMRS FUELHH
2024-02-16T01:30:00Z,Coal,230.000,Elexon BMRS FUELHH
2024-02-16T01:30:00Z,Gas,5383.000,Elexon BMRS FUELHH
2024-02-16T01:30:00Z,Hydro,619.000,Elexon BMRS FUELHH
2024-02-16T01:30:00Z,Imports & Exports,6442.000,Elexon BMRS FUELHH
2024-02-16T01:30:00Z,Nuclear,3787.000,Elexon BMRS FUELHH
2024-02-16T01:30:00Z,Other,183.000,Elexon BMRS FUELHH
2024-02-16T01:30:00Z,Pumped Storage,-64.000,Elexon BMRS FUELHH
2024-02-16T01:30:00Z,Wind,5221.000,Elexon BMRS FUELHH
2024-02-16T02:00:00Z,Biomass,2071.000,Elexon BMRS FUELHH
2024-02-16T02:00:00Z,Coal,230.000,Elexon BMRS FUELHH
2024-02-16T02:00:00Z,Gas,5716.000,Elexon BMRS FUELHH
2024-02-16T02:00:00Z,Hydro,599.000,Elexon BMRS FUELHH
2024-02-16T02:00:00Z,Imports & Exports,6248.000,Elexon BMRS FUELHH
2024-02-16T02:00:00Z,Nuclear,3791.000,Elexon BMRS FUELHH
2024-02-16T02:00:00Z,Other,183.000,Elexon BMRS FUELHH
2024-02-16T02:00:00Z,Pumped Storage,-566.000,Elexon BMRS FUELHH
2024-02-16T02:00:00Z,Wind,5177.000,Elexon BMRS FUELHH
2024-02-16T02:30:00Z,Biomass,2074.000,Elexon BMRS FUELHH
2024-02-16T02:30:00Z,Coal,229.000,Elexon BMRS FUELHH
2024-02-16T02:30:00Z,Gas,5694.000,Elexon BMRS FUELHH
2024-02-16T02:30:00Z,Hydro,598.000,Elexon BMRS FUELHH
2024-02-16T02:30:00Z,Imports & Exports,6266.000,Elexon BMRS FUELHH
2024-02-16T02:30:00Z,Nuclear,3788.000,Elexon BMRS FUELHH
2024-02-16T02:30:00Z,Other,179.000,Elexon BMRS FUELHH
2024-02-16T02:30:00Z,Pumped Storage,-814.000,Elexon BMRS FUELHH
2024-02-16T02:30:00Z,Wind,5084.000,Elexon BMRS FUELHH
2024-02-16T03:00:00Z,Biomass,2074.000,Elexon BMRS FUELHH
2024-02-16T03:00:00Z,Coal,229.000,Elexon BMRS FUELHH
2024-02-16T03:00:00Z,Gas,5311.000,Elexon BMRS FUELHH
2024-02-16T03:00:00Z,Hydro,599.000,Elexon BMRS FUELHH
2024-02-16T03:00:00Z,Imports & Exports,6576.000,Elexon BMRS FUELHH
2024-02-16T03:00:00Z,Nuclear,3789.000,Elexon BMRS FUELHH
2024-02-16T03:00:00Z,Other,179.000,Elexon BMRS FUELHH
2024-02-16T03:00:00Z,Pumped Storage,-1182.000,Elexon BMRS FUELHH
2024-02-16T03:00:00Z,Wind,5127.000,Elexon BMRS FUELHH
2024-02-16T03:30:00Z,Biomass,2118.000,Elexon BMRS FUELHH
2024-02-16T03:30:00Z,Coal,229.000,Elexon BMRS FUELHH
2024-02-16T03:30:00Z,Gas,4802.000,Elexon BMRS FUELHH
2024-02-16T03:30:00Z,Hydro,600.000,Elexon BMRS FUELHH
2024-02-16T03:30:00Z,Imports & Exports,6600.000,Elexon BMRS FUELHH
2024-02-16T03:30:00Z,Nuclear,3788.000,Elexon BMRS FUELHH
2024-02-16T03:30:00Z,Other,183.000,Elexon BMRS FUELHH
2024-02-16T03:30:00Z,Pumped Storage,-1184.000,Elexon BMRS FUELHH
2024-02-16T03:30:00Z,Wind,5121.000,Elexon BMRS FUELHH
2024-02-16T04:00:00Z,Biomass,2074.000,Elexon BMRS FUELHH
2024-02-16T04:00:00Z,Coal,230.000,Elexon BMRS FUELHH
2024-02-16T04:00:00Z,Gas,5185.000,Elexon BMRS FUELHH
2024-02-16T04:00:00Z,Hydro,600.000,Elexon BMRS FUELHH
2024-02-16T04:00:00Z,Imports & Exports,6264.000,Elexon BMRS FUELHH
2024-02-16T04:00:00Z,Nuclear,3789.000,Elexon BMRS FUELHH
2024-02-16T04:00:00Z,Other,183.000,Elexon BMRS FUELHH
2024-02-16T04:00:00Z,Pumped Storage,-1166.000,Elexon BMRS FUELHH
2024-02-16T04:00:00Z,Wind,4997.000,Elexon BMRS FUELHH
2024-02-16T04:30:00Z,Biomass,2069.000,Elexon BMRS FUELHH
2024-02-16T04:30:00Z,Coal,229.000,Elexon BMRS FUELHH
2024-02-16T04:30:00Z,Gas,5584.000,Elexon BMRS FUELHH
2024-02-16T04:30:00Z,Hydro,600.000,Elexon BMRS FUELHH
2024-02-16T04:30:00Z,Imports & Exports,6218.000,Elexon BMRS FUELHH
2024-02-16T04:30:00Z,Nuclear,3789.000,Elexon BMRS FUELHH
2024-02-16T04:30:00Z,Other,182.000,Elexon BMRS FUELHH
2024-02-16T04:30:00Z,Pumped Storage,-1166.000,Elexon BMRS FUELHH
2024-02-16T04:30:00Z,Wind,4793.000,Elexon BMRS FUELHH
2024-02-16T05:00:00Z,Biomass,2106.000,Elexon BMRS FUELHH
2024-02-16T05:00:00Z,Coal,231.000,Elexon BMRS FUELHH
2024-02-16T05:00:00Z,Gas,5299.000,Elexon BMRS FUELHH
2024-02-16T05:00:00Z,Hydro,618.000,Elexon BMRS FUELHH
2024-02-16T05:00:00Z,Imports & Exports,6112.000,Elexon BMRS FUELHH
2024-02-16T05:00:00Z,Nuclear,3793.000,Elexon BMRS FUELHH
2024-02-16T05:00:00Z,Other,182.000,Elexon BMRS FUELHH
2024-02-16T05:00:00Z,Pumped Storage,-696.000,Elexon BMRS FUELHH
2024-02-16T05:00:00Z,Wind,4945.000,Elexon BMRS FUELHH
2024-02-16T05:30:00Z,Biomass,2074.000,Elexon BMRS FUELHH
2024-02-16T05:30:00Z,Coal,229.000,Elexon BMRS FUELHH
2024-02-16T05:30:00Z,Gas,5499.000,Elexon BMRS FUELHH
2024-02-16T05:30:00Z,Hydro,627.000,Elexon BMRS FUELHH
2024-02-16T05:30:00Z,Imports & Exports,6112.000,Elexon BMRS FUELHH
2024-02-16T05:30:00Z,Nuclear,3795.000,Elexon BMRS FUELHH
2024-02-16T05:30:00Z,Other,182.000,Elexon BMRS FUELHH
2024-02-16T05:30:00Z,Pumped Storage,-502.000,Elexon BMRS FUELHH
2024-02-16T05:30:00Z,Wind,5310.000,Elexon BMRS FUELHH
2024-02-16T06:00:00Z,Biomass,2059.000,Elexon BMRS FUELHH
2024-02-16T06:00:00Z,Coal,232.000,Elexon BMRS FUELHH
2024-02-16T06:00:00Z,Gas,6447.000,Elexon BMRS FUELHH
2024-02-16T06:00:00Z,Hydro,645.000,Elexon BMRS FUELHH
2024-02-16T06:00:00Z,Imports & Exports,6486.000,Elexon BMRS FUELHH
2024-02-16T06:00:00Z,Nuclear,3789.000,Elexon BMRS FUELHH
2024-02-16T06:00:00Z,Other,201.000,Elexon BMRS FUELHH
2024-02-16T06:00:00Z,Pumped Storage,-68.000,Elexon BMRS FUELHH
2024-02-16T06:00:00Z,Wind,5585.000,Elexon BMRS FUELHH
2024-02-16T06:30:00Z,Biomass,2072.000,Elexon BMRS FUELHH
2024-02-16T06:30:00Z,Coal,329.000,Elexon BMRS FUELHH
2024-02-16T06:30:00Z,Gas,8369.000,Elexon BMRS FUELHH
2024-02-16T06:30:00Z,Hydro,654.000,Elexon BMRS FUELHH
2024-02-16T06:30:00Z,Imports & Exports,6486.000,Elexon BMRS FUELHH
2024-02-16T06:30:00Z,Nuclear,3795.000,Elexon BMRS FUELHH
2024-02-16T06:30:00Z,Other,206.000,Elexon BMRS FUELHH
2024-02-16T06:30:00Z,Pumped Storage,6.000,Elexon BMRS FUELHH
2024-02-16T06:30:00Z,Wind,5488.000,Elexon BMRS FUELHH
2024-02-16T07:00:00Z,Biomass,2076.000,Elexon BMRS FUELHH
2024-02-16T07:00:00Z,Coal,355.000,Elexon BMRS FUELHH
2024-02-16T07:00:00Z,Gas,10718.000,Elexon BMRS FUELHH
2024-02-16T07:00:00Z,Hydro,719.000,Elexon BMRS FUELHH
2024-02-16T07:00:00Z,Imports & Exports,6676.000,Elexon BMRS FUELHH
2024-02-16T07:00:00Z,Nuclear,3796.000,Elexon BMRS FUELHH
2024-02-16T07:00:00Z,Other,267.000,Elexon BMRS FUELHH
2024-02-16T07:00:00Z,Pumped Storage,-78.000,Elexon BMRS FUELHH
2024-02-16T07:00:00Z,Wind,5307.000,Elexon BMRS FUELHH
2024-02-16T07:30:00Z,Biomass,2076.000,Elexon BMRS FUELHH
2024-02-16T07:30:00Z,Coal,334.000,Elexon BMRS FUELHH
2024-02-16T07:30:00Z,Gas,11686.000,Elexon BMRS FUELHH
2024-02-16T07:30:00Z,Hydro,908.000,Elexon BMRS FUELHH
2024-02-16T07:30:00Z,Imports & Exports,6522.000,Elexon BMRS FUELHH
2024-02-16T07:30:00Z,Nuclear,3790.000,Elexon BMRS FUELHH
2024-02-16T07:30:00Z,Other,380.000,Elexon BMRS FUELHH
2024-02-16T07:30:00Z,Pumped Storage,134.000,Elexon BMRS FUELHH
2024-02-16T07:30:00Z,Wind,5327.000,Elexon BMRS FUELHH
2024-02-16T08:00:00Z,Biomass,2074.000,Elexon BMRS FUELHH
2024-02-16T08:00:00Z,Coal,332.000,Elexon BMRS FUELHH
2024-02-16T08:00:00Z,Gas,12277.000,Elexon BMRS FUELHH
2024-02-16T08:00:00Z,Hydro,925.000,Elexon BMRS FUELHH
2024-02-16T08:00:00Z,Imports & Exports,7202.000,Elexon BMRS FUELHH
2024-02-16T08:00:00Z,Nuclear,3792.000,Elexon BMRS FUELHH
2024-02-16T08:00:00Z,Other,257.000,Elexon BMRS FUELHH
2024-02-16T08:00:00Z,Pumped Storage,138.000,Elexon BMRS FUELHH
2024-02-16T08:00:00Z,Wind,5479.000,Elexon BMRS FUELHH
2024-02-16T08:30:00Z,Biomass,2075.000,Elexon BMRS FUELHH
2024-02-16T08:30:00Z,Coal,296.000,Elexon BMRS FUELHH
2024-02-16T08:30:00Z,Gas,12258.000,Elexon BMRS FUELHH
2024-02-16T08:30:00Z,Hydro,806.000,Elexon BMRS FUELHH
2024-02-16T08:30:00Z,Imports & Exports,7046.000,Elexon BMRS FUELHH
2024-02-16T08:30:00Z,Nuclear,3787.000,Elexon BMRS FUELHH
2024-02-16T08:30:00Z,Other,272.000,Elexon BMRS FUELHH
2024-02-16T08:30:00Z,Pumped Storage,288.000,Elexon BMRS FUELHH
2024-02-16T08:30:00Z,Wind,5753.000,Elexon BMRS FUELHH
2024-02-16T09:00:00Z,Biomass,2110.000,Elexon BMRS FUELHH
2024-02-16T09:00:00Z,Coal,236.000,Elexon BMRS FUELHH
2024-02-16T09:00:00Z,Gas,12041.000,Elexon BMRS FUELHH
2024-02-16T09:00:00Z,Hydro,800.000,Elexon BMRS FUELHH
2024-02-16T09:00:00Z,Imports & Exports,6680.000,Elexon BMRS FUELHH
2024-02-16T09:00:00Z,Nuclear,3788.000,Elexon BMRS FUELHH
2024-02-16T09:00:00Z,Other,423.000,Elexon BMRS FUELHH
2024-02-16T09:00:00Z,Pumped Storage,278.000,Elexon BMRS FUELHH
2024-02-16T09:00:00Z,Wind,5988.000,Elexon BMRS FUELHH
2024-02-16T09:30:00Z,Biomass,2249.000,Elexon BMRS FUELHH
2024-02-16T09:30:00Z,Coal,272.000,Elexon BMRS FUELHH
2024-02-16T09:30:00Z,Gas,11630.000,Elexon BMRS FUELHH
2024-02-16T09:30:00Z,Hydro,775.000,Elexon BMRS FUELHH
2024-02-16T09:30:00Z,Imports & Exports,6586.000,Elexon BMRS FUELHH
2024-02-16T09:30:00Z,Nuclear,3788.000,Elexon BMRS FUELHH
2024-02-16T09:30:00Z,Other,312.000,Elexon BMRS FUELHH
2024-02-16T09:30:00Z,Pumped Storage,218.000,Elexon BMRS FUELHH
2024-02-16T09:30:00Z,Wind,6060.000,Elexon BMRS FUELHH
2024-02-16T10:00:00Z,Biomass,2259.000,Elexon BMRS FUELHH
2024-02-16T10:00:00Z,Coal,230.000,Elexon BMRS FUELHH
2024-02-16T10:00:00Z,Gas,11632.000,Elexon BMRS FUELHH
2024-02-16T10:00:00Z,Hydro,727.000,Elexon BMRS FUELHH
2024-02-16T10:00:00Z,Imports & Exports,5840.000,Elexon BMRS FUELHH
2024-02-16T10:00:00Z,Nuclear,3793.000,Elexon BMRS FUELHH
2024-02-16T10:00:00Z,Other,253.000,Elexon BMRS FUELHH
2024-02-16T10:00:00Z,Pumped Storage,246.000,Elexon BMRS FUELHH
2024-02-16T10:00:00Z,Wind,6125.000,Elexon BMRS FUELHH
2024-02-16T10:30:00Z,Biomass,2263.000,Elexon BMRS FUELHH
2024-02-16T10:30:00Z,Coal,245.000,Elexon BMRS FUELHH
2024-02-16T10:30:00Z,Gas,11292.000,Elexon BMRS FUELHH
2024-02-16T10:30:00Z,Hydro,730.000,Elexon BMRS FUELHH
2024-02-16T10:30:00Z,Imports & Exports,5810.000,Elexon BMRS FUELHH
2024-02-16T10:30:00Z,Nuclear,3783.000,Elexon BMRS FUELHH
2024-02-16T10:30:00Z,Other,304.000,Elexon BMRS FUELHH
2024-02-16T10:30:00Z,Pumped Storage,54.000,Elexon BMRS FUELHH
2024-02-16T10:30:00Z,Wind,6457.000,Elexon BMRS FUELHH
2024-02-16T11:00:00Z,Biomass,2274.000,Elexon BMRS FUELHH
2024-02-16T11:00:00Z,Coal,242.000,Elexon BMRS FUELHH
2024-02-16T11:00:00Z,Gas,11581.000,Elexon BMRS FUELHH
2024-02-16T11:00:00Z,Hydro,724.000,Elexon BMRS FUELHH
2024-02-16T11:00:00Z,Imports & Exports,5578.000,Elexon BMRS FUELHH
2024-02-16T11:00:00Z,Nuclear,3784.000,Elexon BMRS FUELHH
2024-02-16T11:00:00Z,Other,287.000,Elexon BMRS FUELHH
2024-02-16T11:00:00Z,Pumped Storage,108.000,Elexon BMRS FUELHH
2024-02-16T11:00:00Z,Wind,6236.000,Elexon BMRS FUELHH
2024-02-16T11:30:00Z,Biomass,2281.000,Elexon BMRS FUELHH
2024-02-16T11:30:00Z,Coal,233.000,Elexon BMRS FUELHH
2024-02-16T11:30:00Z,Gas,11656.000,Elexon BMRS FUELHH
2024-02-16T11:30:00Z,Hydro,729.000,Elexon BMRS FUELHH
2024-02-16T11:30:00Z,Imports & Exports,5578.000,Elexon BMRS FUELHH
2024-02-16T11:30:00Z,Nuclear,3788.000,Elexon BMRS FUELHH
2024-02-16T11:30:00Z,Other,274.000,Elexon BMRS FUELHH
2024-02-16T11:30:00Z,Pumped Storage,142.000,Elexon BMRS FUELHH
2024-02-16T11:30:00Z,Wind,5745.000,Elexon BMRS FUELHH
2024-02-16T12:00:00Z,Biomass,2274.000,Elexon BMRS FUELHH
2024-02-16T12:00:00Z,Coal,234.000,Elexon BMRS FUELHH
2024-02-16T12:00:00Z,Gas,11785.000,Elexon BMRS FUELHH
2024-02-16T12:00:00Z,Hydro,687.000,Elexon BMRS FUELHH
2024-02-16T12:00:00Z,Imports & Exports,5802.000,Elexon BMRS FUELHH
2024-02-16T12:00:00Z,Nuclear,3784.000,Elexon BMRS FUELHH
2024-02-16T12:00:00Z,Other,289.000,Elexon BMRS FUELHH
2024-02-16T12:00:00Z,Pumped Storage,44.000,Elexon BMRS FUELHH
2024-02-16T12:00:00Z,Wind,5513.000,Elexon BMRS FUELHH
2024-02-16T12:30:00Z,Biomass,2081.000,Elexon BMRS FUELHH
2024-02-16T12:30:00Z,Coal,243.000,Elexon BMRS FUELHH
2024-02-16T12:30:00Z,Gas,11855.000,Elexon BMRS FUELHH
2024-02-16T12:30:00Z,Hydro,779.000,Elexon BMRS FUELHH
2024-02-16T12:30:00Z,Imports & Exports,5826.000,Elexon BMRS FUELHH
2024-02-16T12:30:00Z,Nuclear,3780.000,Elexon BMRS FUELHH
2024-02-16T12:30:00Z,Other,259.000,Elexon BMRS FUELHH
2024-02-16T12:30:00Z,Pumped Storage,-8.000,Elexon BMRS FUELHH
2024-02-16T12:30:00Z,Wind,5361.000,Elexon BMRS FUELHH
2024-02-16T13:00:00Z,Biomass,2013.000,Elexon BMRS FUELHH
2024-02-16T13:00:00Z,Coal,276.000,Elexon BMRS FUELHH
2024-02-16T13:00:00Z,Gas,11850.000,Elexon BMRS FUELHH
2024-02-16T13:00:00Z,Hydro,741.000,Elexon BMRS FUELHH
2024-02-16T13:00:00Z,Imports & Exports,6380.000,Elexon BMRS FUELHH
2024-02-16T13:00:00Z,Nuclear,3784.000,Elexon BMRS FUELHH
2024-02-16T13:00:00Z,Other,309.000,Elexon BMRS FUELHH
2024-02-16T13:00:00Z,Pumped Storage,50.000,Elexon BMRS FUELHH
2024-02-16T13:00:00Z,Wind,5362.000,Elexon BMRS FUELHH
2024-02-16T13:30:00Z,Biomass,1933.000,Elexon BMRS FUELHH
2024-02-16T13:30:00Z,Coal,339.000,Elexon BMRS FUELHH
2024-02-16T13:30:00Z,Gas,11890.000,Elexon BMRS FUELHH
2024-02-16T13:30:00Z,Hydro,1000.000,Elexon BMRS FUELHH
2024-02-16T13:30:00Z,Imports & Exports,6408.000,Elexon BMRS FUELHH
2024-02-16T13:30:00Z,Nuclear,3782.000,Elexon BMRS FUELHH
2024-02-16T13:30:00Z,Other,266.000,Elexon BMRS FUELHH
2024-02-16T13:30:00Z,Pumped Storage,176.000,Elexon BMRS FUELHH
2024-02-16T13:30:00Z,Wind,5050.000,Elexon BMRS FUELHH
2024-02-16T14:00:00Z,Biomass,1929.000,Elexon BMRS FUELHH
2024-02-16T14:00:00Z,Coal,386.000,Elexon BMRS FUELHH
2024-02-16T14:00:00Z,Gas,12057.000,Elexon BMRS FUELHH
2024-02-16T14:00:00Z,Hydro,983.000,Elexon BMRS FUELHH
2024-02-16T14:00:00Z,Imports & Exports,6310.000,Elexon BMRS FUELHH
2024-02-16T14:00:00Z,Nuclear,3787.000,Elexon BMRS FUELHH
2024-02-16T14:00:00Z,Other,551.000,Elexon BMRS FUELHH
2024-02-16T14:00:00Z,Pumped Storage,16.000,Elexon BMRS FUELHH
2024-02-16T14:00:00Z,Wind,4795.000,Elexon BMRS FUELHH
2024-02-16T14:30:00Z,Biomass,1935.000,Elexon BMRS FUELHH
2024-02-16T14:30:00Z,Coal,340.000,Elexon BMRS FUELHH
2024-02-16T14:30:00Z,Gas,12264.000,Elexon BMRS FUELHH
2024-02-16T14:30:00Z,Hydro,988.000,Elexon BMRS FUELHH
2024-02-16T14:30:00Z,Imports & Exports,6312.000,Elexon BMRS FUELHH
2024-02-16T14:30:00Z,Nuclear,3787.000,Elexon BMRS FUELHH
2024-02-16T14:30:00Z,Other,375.000,Elexon BMRS FUELHH
2024-02-16T14:30:00Z,Pumped Storage,176.000,Elexon BMRS FUELHH
2024-02-16T14:30:00Z,Wind,4748.000,Elexon BMRS FUELHH
2024-02-16T15:00:00Z,Biomass,1953.000,Elexon BMRS FUELHH
2024-02-16T15:00:00Z,Coal,298.000,Elexon BMRS FUELHH
2024-02-16T15:00:00Z,Gas,12530.000,Elexon BMRS FUELHH
2024-02-16T15:00:00Z,Hydro,979.000,Elexon BMRS FUELHH
2024-02-16T15:00:00Z,Imports & Exports,6604.000,Elexon BMRS FUELHH
2024-02-16T15:00:00Z,Nuclear,3788.000,Elexon BMRS FUELHH
2024-02-16T15:00:00Z,Other,350.000,Elexon BMRS FUELHH
2024-02-16T15:00:00Z,Pumped Storage,248.000,Elexon BMRS FUELHH
2024-02-16T15:00:00Z,Wind,4860.000,Elexon BMRS FUELHH
2024-02-16T15:30:00Z,Biomass,2003.000,Elexon BMRS FUELHH
2024-02-16T15:30:00Z,Coal,363.000,Elexon BMRS FUELHH
2024-02-16T15:30:00Z,Gas,12993.000,Elexon BMRS FUELHH
2024-02-16T15:30:00Z,Hydro,1048.000,Elexon BMRS FUELHH
2024-02-16T15:30:00Z,Imports & Exports,6614.000,Elexon BMRS FUELHH
2024-02-16T15:30:00Z,Nuclear,3791.000,Elexon BMRS FUELHH
2024-02-16T15:30:00Z,Other,373.000,Elexon BMRS FUELHH
2024-02-16T15:30:00Z,Pumped Storage,534.000,Elexon BMRS FUELHH
2024-02-16T15:30:00Z,Wind,4672.000,Elexon BMRS FUELHH
2024-02-16T16:00:00Z,Biomass,2110.000,Elexon BMRS FUELHH
2024-02-16T16:00:00Z,Coal,236.000,Elexon BMRS FUELHH
2024-02-16T16:00:00Z,Gas,13825.000,Elexon BMRS FUELHH
2024-02-16T16:00:00Z,Hydro,987.000,Elexon BMRS FUELHH
2024-02-16T16:00:00Z,Imports & Exports,6664.000,Elexon BMRS FUELHH
2024-02-16T16:00:00Z,Nuclear,3791.000,Elexon BMRS FUELHH
2024-02-16T16:00:00Z,Other,381.000,Elexon BMRS FUELHH
2024-02-16T16:00:00Z,Pumped Storage,1030.000,Elexon BMRS FUELHH
2024-02-16T16:00:00Z,Wind,4404.000,Elexon BMRS FUELHH
2024-02-16T16:30:00Z,Biomass,2039.000,Elexon BMRS FUELHH
2024-02-16T16:30:00Z,Coal,361.000,Elexon BMRS FUELHH
2024-02-16T16:30:00Z,Gas,14542.000,Elexon BMRS FUELHH
2024-02-16T16:30:00Z,Hydro,1014.000,Elexon BMRS FUELHH
2024-02-16T16:30:00Z,Imports & Exports,6668.000,Elexon BMRS FUELHH
2024-02-16T16:30:00Z,Nuclear,3783.000,Elexon BMRS FUELHH
2024-02-16T16:30:00Z,Other,550.000,Elexon BMRS FUELHH
2024-02-16T16:30:00Z,Pumped Storage,1670.000,Elexon BMRS FUELHH
2024-02-16T16:30:00Z,Wind,3994.000,Elexon BMRS FUELHH
2024-02-16T17:00:00Z,Biomass,1919.000,Elexon BMRS FUELHH
2024-02-16T17:00:00Z,Coal,466.000,Elexon BMRS FUELHH
2024-02-16T17:00:00Z,Gas,15260.000,Elexon BMRS FUELHH
2024-02-16T17:00:00Z,Hydro,1084.000,Elexon BMRS FUELHH
2024-02-16T17:00:00Z,Imports & Exports,6790.000,Elexon BMRS FUELHH
2024-02-16T17:00:00Z,Nuclear,3789.000,Elexon BMRS FUELHH
2024-02-16T17:00:00Z,Other,714.000,Elexon BMRS FUELHH
2024-02-16T17:00:00Z,Pumped Storage,1858.000,Elexon BMRS FUELHH
2024-02-16T17:00:00Z,Wind,3914.000,Elexon BMRS FUELHH
2024-02-16T17:30:00Z,Biomass,1940.000,Elexon BMRS FUELHH
2024-02-16T17:30:00Z,Coal,479.000,Elexon BMRS FUELHH
2024-02-16T17:30:00Z,Gas,15602.000,Elexon BMRS FUELHH
2024-02-16T17:30:00Z,Hydro,1129.000,Elexon BMRS FUELHH
2024-02-16T17:30:00Z,Imports & Exports,6792.000,Elexon BMRS FUELHH
2024-02-16T17:30:00Z,Nuclear,3788.000,Elexon BMRS FUELHH
2024-02-16T17:30:00Z,Other,975.000,Elexon BMRS FUELHH
2024-02-16T17:30:00Z,Pumped Storage,1910.000,Elexon BMRS FUELHH
2024-02-16T17:30:00Z,Wind,4004.000,Elexon BMRS FUELHH
2024-02-16T18:00:00Z,Biomass,1938.000,Elexon BMRS FUELHH
2024-02-16T18:00:00Z,Coal,481.000,Elexon BMRS FUELHH
2024-02-16T18:00:00Z,Gas,15824.000,Elexon BMRS FUELHH
2024-02-16T18:00:00Z,Hydro,1118.000,Elexon BMRS FUELHH
2024-02-16T18:00:00Z,Imports & Exports,6892.000,Elexon BMRS FUELHH
2024-02-16T18:00:00Z,Nuclear,3784.000,Elexon BMRS FUELHH
2024-02-16T18:00:00Z,Other,1164.000,Elexon BMRS FUELHH
2024-02-16T18:00:00Z,Pumped Storage,1932.000,Elexon BMRS FUELHH
2024-02-16T18:00:00Z,Wind,3804.000,Elexon BMRS FUELHH
2024-02-16T18:30:00Z,Biomass,1939.000,Elexon BMRS FUELHH
2024-02-16T18:30:00Z,Coal,480.000,Elexon BMRS FUELHH
2024-02-16T18:30:00Z,Gas,15821.000,Elexon BMRS FUELHH
2024-02-16T18:30:00Z,Hydro,1117.000,Elexon BMRS FUELHH
2024-02-16T18:30:00Z,Imports & Exports,6894.000,Elexon BMRS FUELHH
2024-02-16T18:30:00Z,Nuclear,3787.000,Elexon BMRS FUELHH
2024-02-16T18:30:00Z,Other,947.000,Elexon BMRS FUELHH
2024-02-16T18:30:00Z,Pumped Storage,1912.000,Elexon BMRS FUELHH
2024-02-16T18:30:00Z,Wind,3603.000,Elexon BMRS FUELHH
2024-02-16T19:00:00Z,Biomass,1945.000,Elexon BMRS FUELHH
2024-02-16T19:00:00Z,Coal,481.000,Elexon BMRS FUELHH
2024-02-16T19:00:00Z,Gas,15749.000,Elexon BMRS FUELHH
2024-02-16T19:00:00Z,Hydro,1070.000,Elexon BMRS FUELHH
2024-02-16T19:00:00Z,Imports & Exports,6894.000,Elexon BMRS FUELHH
2024-02-16T19:00:00Z,Nuclear,3782.000,Elexon BMRS FUELHH
2024-02-16T19:00:00Z,Other,768.000,Elexon BMRS FUELHH
2024-02-16T19:00:00Z,Pumped Storage,1584.000,Elexon BMRS FUELHH
2024-02-16T19:00:00Z,Wind,3301.000,Elexon BMRS FUELHH
2024-02-16T19:30:00Z,Biomass,1949.000,Elexon BMRS FUELHH
2024-02-16T19:30:00Z,Coal,482.000,Elexon BMRS FUELHH
2024-02-16T19:30:00Z,Gas,15604.000,Elexon BMRS FUELHH
2024-02-16T19:30:00Z,Hydro,1030.000,Elexon BMRS FUELHH
2024-02-16T19:30:00Z,Imports & Exports,6892.000,Elexon BMRS FUELHH
2024-02-16T19:30:00Z,Nuclear,3786.000,Elexon BMRS FUELHH
2024-02-16T19:30:00Z,Other,462.000,Elexon BMRS FUELHH
2024-02-16T19:30:00Z,Pumped Storage,1332.000,Elexon BMRS FUELHH
2024-02-16T19:30:00Z,Wind,3094.000,Elexon BMRS FUELHH
2024-02-16T20:00:00Z,Biomass,1950.000,Elexon BMRS FUELHH
2024-02-16T20:00:00Z,Coal,479.000,Elexon BMRS FUELHH
2024-02-16T20:00:00Z,Gas,15386.000,Elexon BMRS FUELHH
2024-02-16T20:00:00Z,Hydro,934.000,Elexon BMRS FUELHH
2024-02-16T20:00:00Z,Imports & Exports,6894.000,Elexon BMRS FUELHH
2024-02-16T20:00:00Z,Nuclear,3785.000,Elexon BMRS FUELHH
2024-02-16T20:00:00Z,Other,450.000,Elexon BMRS FUELHH
2024-02-16T20:00:00Z,Pumped Storage,966.000,Elexon BMRS FUELHH
2024-02-16T20:00:00Z,Wind,2874.000,Elexon BMRS FUELHH
2024-02-16T20:30:00Z,Biomass,1950.000,Elexon BMRS FUELHH
2024-02-16T20:30:00Z,Coal,466.000,Elexon BMRS FUELHH
2024-02-16T20:30:00Z,Gas,14955.000,Elexon BMRS FUELHH
2024-02-16T20:30:00Z,Hydro,1054.000,Elexon BMRS FUELHH
2024-02-16T20:30:00Z,Imports & Exports,6894.000,Elexon BMRS FUELHH
2024-02-16T20:30:00Z,Nuclear,3788.000,Elexon BMRS FUELHH
2024-02-16T20:30:00Z,Other,318.000,Elexon BMRS FUELHH
2024-02-16T20:30:00Z,Pumped Storage,556.000,Elexon BMRS FUELHH
2024-02-16T20:30:00Z,Wind,2720.000,Elexon BMRS FUELHH
2024-02-16T21:00:00Z,Biomass,1949.000,Elexon BMRS FUELHH
2024-02-16T21:00:00Z,Coal,478.000,Elexon BMRS FUELHH
2024-02-16T21:00:00Z,Gas,14311.000,Elexon BMRS FUELHH
2024-02-16T21:00:00Z,Hydro,1082.000,Elexon BMRS FUELHH
2024-02-16T21:00:00Z,Imports & Exports,6874.000,Elexon BMRS FUELHH
2024-02-16T21:00:00Z,Nuclear,3789.000,Elexon BMRS FUELHH
2024-02-16T21:00:00Z,Other,270.000,Elexon BMRS FUELHH
2024-02-16T21:00:00Z,Pumped Storage,-6.000,Elexon BMRS FUELHH
2024-02-16T21:00:00Z,Wind,2681.000,Elexon BMRS FUELHH
2024-02-16T21:30:00Z,Biomass,1952.000,Elexon BMRS FUELHH
2024-02-16T21:30:00Z,Coal,346.000,Elexon BMRS FUELHH
2024-02-16T21:30:00Z,Gas,13421.000,Elexon BMRS FUELHH
2024-02-16T21:30:00Z,Hydro,1070.000,Elexon BMRS FUELHH
2024-02-16T21:30:00Z,Imports & Exports,6874.000,Elexon BMRS FUELHH
2024-02-16T21:30:00Z,Nuclear,3794.000,Elexon BMRS FUELHH
2024-02-16T21:30:00Z,Other,233.000,Elexon BMRS FUELHH
2024-02-16T21:30:00Z,Pumped Storage,-18.000,Elexon BMRS FUELHH
2024-02-16T21:30:00Z,Wind,2597.000,Elexon BMRS FUELHH
2024-02-16T22:00:00Z,Biomass,1955.000,Elexon BMRS FUELHH
2024-02-16T22:00:00Z,Coal,23.000,Elexon BMRS FUELHH
2024-02-16T22:00:00Z,Gas,12816.000,Elexon BMRS FUELHH
2024-02-16T22:00:00Z,Hydro,686.000,Elexon BMRS FUELHH
2024-02-16T22:00:00Z,Imports & Exports,6858.000,Elexon BMRS FUELHH
2024-02-16T22:00:00Z,Nuclear,3790.000,Elexon BMRS FUELHH
2024-02-16T22:00:00Z,Other,245.000,Elexon BMRS FUELHH
2024-02-16T22:00:00Z,Pumped Storage,-20.000,Elexon BMRS FUELHH
2024-02-16T22:00:00Z,Wind,2400.000,Elexon BMRS FUELHH
2024-02-16T22:30:00Z,Biomass,1956.000,Elexon BMRS FUELHH
2024-02-16T22:30:00Z,Coal,0.000,Elexon BMRS FUELHH
2024-02-16T22:30:00Z,Gas,11455.000,Elexon BMRS FUELHH
2024-02-16T22:30:00Z,Hydro,683.000,Elexon BMRS FUELHH
2024-02-16T22:30:00Z,Imports & Exports,6886.000,Elexon BMRS FUELHH
2024-02-16T22:30:00Z,Nuclear,3791.000,Elexon BMRS FUELHH
2024-02-16T22:30:00Z,Other,234.000,Elexon BMRS FUELHH
2024-02-16T22:30:00Z,Pumped Storage,54.000,Elexon BMRS FUELHH
2024-02-16T22:30:00Z,Wind,2279.000,Elexon BMRS FUELHH
2024-02-16T23:00:00Z,Biomass,1958.000,Elexon BMRS FUELHH
2024-02-16T23:00:00Z,Coal,0.000,Elexon BMRS FUELHH
2024-02-16T23:00:00Z,Gas,10170.000,Elexon BMRS FUELHH
2024-02-16T23:00:00Z,Hydro,894.000,Elexon BMRS FUELHH
2024-02-16T23:00:00Z,Imports & Exports,6580.000,Elexon BMRS FUELHH
2024-02-16T23:00:00Z,Nuclear,3790.000,Elexon BMRS FUELHH
2024-02-16T23:00:00Z,Other,244.000,Elexon BMRS FUELHH
2024-02-16T23:00:00Z,Pumped Storage,-12.000,Elexon BMRS FUELHH
2024-02-16T23:00:00Z,Wind,2207.000,Elexon BMRS FUELHH
2024-02-16T23:30:00Z,Biomass,1959.000,Elexon BMRS FUELHH
2024-02-16T23:30:00Z,Coal,0.000,Elexon BMRS FUELHH
2024-02-16T23:30:00Z,Gas,9273.000,Elexon BMRS FUELHH
2024-02-16T23:30:00Z,Hydro,865.000,Elexon BMRS FUELHH
2024-02-16T23:30:00Z,Imports & Exports,6572.000,Elexon BMRS FUELHH
2024-02-16T23:30:00Z,Nuclear,3790.000,Elexon BMRS FUELHH
2024-02-16T23:30:00Z,Other,256.000,Elexon BMRS FUELHH
2024-02-16T23:30:00Z,Pumped Storage,-18.000,Elexon BMRS FUELHH
2024-02-16T23:30:00Z,Wind,2161.000,Elexon BMRS FUELHH
2024-02-17T00:00:00Z,Biomass,1960.000,Elexon BMRS FUELHH
2024-02-17T00:00:00Z,Coal,0.000,Elexon BMRS FUELHH
2024-02-17T00:00:00Z,Gas,9135.000,Elexon BMRS FUELHH
2024-02-17T00:00:00Z,Hydro,699.000,Elexon BMRS FUELHH
2024-02-17T00:00:00Z,Imports & Exports,6860.000,Elexon BMRS FUELHH
2024-02-17T00:00:00Z,Nuclear,3794.000,Elexon BMRS FUELHH
2024-02-17T00:00:00Z,Other,235.000,Elexon BMRS FUELHH
2024-02-17T00:00:00Z,Pumped Storage,-18.000,Elexon BMRS FUELHH
2024-02-17T00:00:00Z,Wind,2057.000,Elexon BMRS FUELHH
2024-02-17T00:30:00Z,Biomass,1960.000,Elexon BMRS FUELHH
2024-02-17T00:30:00Z,Coal,0.000,Elexon BMRS FUELHH
2024-02-17T00:30:00Z,Gas,9319.000,Elexon BMRS FUELHH
2024-02-17T00:30:00Z,Hydro,658.000,Elexon BMRS FUELHH
2024-02-17T00:30:00Z,Imports & Exports,7044.000,Elexon BMRS FUELHH
2024-02-17T00:30:00Z,Nuclear,3791.000,Elexon BMRS FUELHH
2024-02-17T00:30:00Z,Other,249.000,Elexon BMRS FUELHH
2024-02-17T00:30:00Z,Pumped Storage,-20.000,Elexon BMRS FUELHH
2024-02-17T00:30:00Z,Wind,1908.000,Elexon BMRS FUELHH
2024-02-17T01:00:00Z,Biomass,1959.000,Elexon BMRS FUELHH
2024-02-17T01:00:00Z,Coal,0.000,Elexon BMRS FUELHH
2024-02-17T01:00:00Z,Gas,8862.000,Elexon BMRS FUELHH
2024-02-17T01:00:00Z,Hydro,619.000,Elexon BMRS FUELHH
2024-02-17T01:00:00Z,Imports & Exports,7236.000,Elexon BMRS FUELHH
2024-02-17T01:00:00Z,Nuclear,3791.000,Elexon BMRS FUELHH
2024-02-17T01:00:00Z,Other,224.000,Elexon BMRS FUELHH
2024-02-17T01:00:00Z,Pumped Storage,-24.000,Elexon BMRS FUELHH
2024-02-17T01:00:00Z,Wind,1953.000,Elexon BMRS FUELHH
2024-02-17T01:30:00Z,Biomass,1958.000,Elexon BMRS FUELHH
2024-02-17T01:30:00Z,Coal,0.000,Elexon BMRS FUELHH
2024-02-17T01:30:00Z,Gas,7979.000,Elexon BMRS FUELHH
2024-02-17T01:30:00Z,Hydro,615.000,Elexon BMRS FUELHH
2024-02-17T01:30:00Z,Imports & Exports,7360.000,Elexon BMRS FUELHH
2024-02-17T01:30:00Z,Nuclear,3789.000,Elexon BMRS FUELHH
2024-02-17T01:30:00Z,Other,216.000,Elexon BMRS FUELHH
2024-02-17T01:30:00Z,Pumped Storage,-82.000,Elexon BMRS FUELHH
2024-02-17T01:30:00Z,Wind,2070.000,Elexon BMRS FUELHH
2024-02-17T02:00:00Z,Biomass,2100.000,Elexon BMRS FUELHH
2024-02-17T02:00:00Z,Coal,0.000,Elexon BMRS FUELHH
2024-02-17T02:00:00Z,Gas,7651.000,Elexon BMRS FUELHH
2024-02-17T02:00:00Z,Hydro,622.000,Elexon BMRS FUELHH
2024-02-17T02:00:00Z,Imports & Exports,7226.000,Elexon BMRS FUELHH
2024-02-17T02:00:00Z,Nuclear,3787.000,Elexon BMRS FUELHH
2024-02-17T02:00:00Z,Other,217.000,Elexon BMRS FUELHH
2024-02-17T02:00:00Z,Pumped Storage,-588.000,Elexon BMRS FUELHH
2024-02-17T02:00:00Z,Wind,2195.000,Elexon BMRS FUELHH
2024-02-17T02:30:00Z,Biomass,2207.000,Elexon BMRS FUELHH
2024-02-17T02:30:00Z,Coal,0.000,Elexon BMRS FUELHH
2024-02-17T02:30:00Z,Gas,7222.000,Elexon BMRS FUELHH
2024-02-17T02:30:00Z,Hydro,609.000,Elexon BMRS FUELHH
2024-02-17T02:30:00Z,Imports & Exports,7072.000,Elexon BMRS FUELHH
2024-02-17T02:30:00Z,Nuclear,3784.000,Elexon BMRS FUELHH
2024-02-17T02:30:00Z,Other,225.000,Elexon BMRS FUELHH
2024-02-17T02:30:00Z,Pumped Storage,-772.000,Elexon BMRS FUELHH
2024-02-17T02:30:00Z,Wind,2339.000,Elexon BMRS FUELHH
2024-02-17T03:00:00Z,Biomass,2229.000,Elexon BMRS FUELHH
2024-02-17T03:00:00Z,Coal,0.000,Elexon BMRS FUELHH
2024-02-17T03:00:00Z,Gas,7754.000,Elexon BMRS FUELHH
2024-02-17T03:00:00Z,Hydro,596.000,Elexon BMRS FUELHH
2024-02-17T03:00:00Z,Imports & Exports,6520.000,Elexon BMRS FUELHH
2024-02-17T03:00:00Z,Nuclear,3785.000,Elexon BMRS FUELHH
2024-02-17T03:00:00Z,Other,227.000,Elexon BMRS FUELHH
2024-02-17T03:00:00Z,Pumped Storage,-1074.000,Elexon BMRS FUELHH
2024-02-17T03:00:00Z,Wind,2408.000,Elexon BMRS FUELHH
2024-02-17T03:30:00Z,Biomass,2250.000,Elexon BMRS FUELHH
2024-02-17T03:30:00Z,Coal,0.000,Elexon BMRS FUELHH
2024-02-17T03:30:00Z,Gas,6968.000,Elexon BMRS FUELHH
2024-02-17T03:30:00Z,Hydro,595.000,Elexon BMRS FUELHH
2024-02-17T03:30:00Z,Imports & Exports,6498.000,Elexon BMRS FUELHH
2024-02-17T03:30:00Z,Nuclear,3790.000,Elexon BMRS FUELHH
2024-02-17T03:30:00Z,Other,230.000,Elexon BMRS FUELHH
2024-02-17T03:30:00Z,Pumped Storage,-1074.000,Elexon BMRS FUELHH
2024-02-17T03:30:00Z,Wind,2600.000,Elexon BMRS FUELHH
2024-02-17T04:00:00Z,Biomass,2266.000,Elexon BMRS FUELHH
2024-02-17T04:00:00Z,Coal,0.000,Elexon BMRS FUELHH
2024-02-17T04:00:00Z,Gas,7406.000,Elexon BMRS FUELHH
2024-02-17T04:00:00Z,Hydro,595.000,Elexon BMRS FUELHH
2024-02-17T04:00:00Z,Imports & Exports,5706.000,Elexon BMRS FUELHH
2024-02-17T04:00:00Z,Nuclear,3786.000,Elexon BMRS FUELHH
2024-02-17T04:00:00Z,Other,237.000,Elexon BMRS FUELHH
2024-02-17T04:00:00Z,Pumped Storage,-1074.000,Elexon BMRS FUELHH
2024-02-17T04:00:00Z,Wind,2796.000,Elexon BMRS FUELHH
2024-02-17T04:30:00Z,Biomass,2283.000,Elexon BMRS FUELHH
2024-02-17T04:30:00Z,Coal,0.000,Elexon BMRS FUELHH
2024-02-17T04:30:00Z,Gas,7051.000,Elexon BMRS FUELHH
2024-02-17T04:30:00Z,Hydro,595.000,Elexon BMRS FUELHH
2024-02-17T04:30:00Z,Imports & Exports,5838.000,Elexon BMRS FUELHH
2024-02-17T04:30:00Z,Nuclear,3793.000,Elexon BMRS FUELHH
2024-02-17T04:30:00Z,Other,231.000,Elexon BMRS FUELHH
2024-02-17T04:30:00Z,Pumped Storage,-1252.000,Elexon BMRS FUELHH
2024-02-17T04:30:00Z,Wind,3074.000,Elexon BMRS FUELHH
2024-02-17T05:00:00Z,Biomass,2278.000,Elexon BMRS FUELHH
2024-02-17T05:00:00Z,Coal,0.000,Elexon BMRS FUELHH
2024-02-17T05:00:00Z,Gas,6924.000,Elexon BMRS FUELHH
2024-02-17T05:00:00Z,Hydro,615.000,Elexon BMRS FUELHH
2024-02-17T05:00:00Z,Imports & Exports,5620.000,Elexon BMRS FUELHH
2024-02-17T05:00:00Z,Nuclear,3793.000,Elexon BMRS FUELHH
2024-02-17T05:00:00Z,Other,231.000,Elexon BMRS FUELHH
2024-02-17T05:00:00Z,Pumped Storage,-1024.000,Elexon BMRS FUELHH
2024-02-17T05:00:00Z,Wind,3340.000,Elexon BMRS FUELHH
2024-02-17T05:30:00Z,Biomass,2284.000,Elexon BMRS FUELHH
2024-02-17T05:30:00Z,Coal,0.000,Elexon BMRS FUELHH
2024-02-17T05:30:00Z,Gas,6932.000,Elexon BMRS FUELHH
2024-02-17T05:30:00Z,Hydro,624.000,Elexon BMRS FUELHH
2024-02-17T05:30:00Z,Imports & Exports,5602.000,Elexon BMRS FUELHH
2024-02-17T05:30:00Z,Nuclear,3795.000,Elexon BMRS FUELHH
2024-02-17T05:30:00Z,Other,241.000,Elexon BMRS FUELHH
2024-02-17T05:30:00Z,Pumped Storage,-1298.000,Elexon BMRS FUELHH
2024-02-17T05:30:00Z,Wind,3751.000,Elexon BMRS FUELHH
2024-02-17T06:00:00Z,Biomass,2290.000,Elexon BMRS FUELHH
2024-02-17T06:00:00Z,Coal,0.000,Elexon BMRS FUELHH
2024-02-17T06:00:00Z,Gas,7625.000,Elexon BMRS FUELHH
2024-02-17T06:00:00Z,Hydro,657.000,Elexon BMRS FUELHH
2024-02-17T06:00:00Z,Imports & Exports,5086.000,Elexon BMRS FUELHH
2024-02-17T06:00:00Z,Nuclear,3798.000,Elexon BMRS FUELHH
2024-02-17T06:00:00Z,Other,234.000,Elexon BMRS FUELHH
2024-02-17T06:00:00Z,Pumped Storage,-616.000,Elexon BMRS FUELHH
2024-02-17T06:00:00Z,Wind,3909.000,Elexon BMRS FUELHH
2024-02-17T06:30:00Z,Biomass,2290.000,Elexon BMRS FUELHH
2024-02-17T06:30:00Z,Coal,0.000,Elexon BMRS FUELHH
2024-02-17T06:30:00Z,Gas,7951.000,Elexon BMRS FUELHH
2024-02-17T06:30:00Z,Hydro,655.000,Elexon BMRS FUELHH
2024-02-17T06:30:00Z,Imports & Exports,5200.000,Elexon BMRS FUELHH
2024-02-17T06:30:00Z,Nuclear,3796.000,Elexon BMRS FUELHH
2024-02-17T06:30:00Z,Other,232.000,Elexon BMRS FUELHH
2024-02-17T06:30:00Z,Pumped Storage,-436.000,Elexon BMRS FUELHH
2024-02-17T06:30:00Z,Wind,4100.000,Elexon BMRS FUELHH
2024-02-17T07:00:00Z,Biomass,2292.000,Elexon BMRS FUELHH
2024-02-17T07:00:00Z,Coal,0.000,Elexon BMRS FUELHH
2024-02-17T07:00:00Z,Gas,8428.000,Elexon BMRS FUELHH
2024-02-17T07:00:00Z,Hydro,656.000,Elexon BMRS FUELHH
2024-02-17T07:00:00Z,Imports & Exports,5450.000,Elexon BMRS FUELHH
2024-02-17T07:00:00Z,Nuclear,3798.000,Elexon BMRS FUELHH
2024-02-17T07:00:00Z,Other,247.000,Elexon BMRS FUELHH
2024-02-17T07:00:00Z,Pumped Storage,-210.000,Elexon BMRS FUELHH
2024-02-17T07:00:00Z,Wind,4284.000,Elexon BMRS FUELHH
2024-02-17T07:30:00Z,Biomass,2271.000,Elexon BMRS FUELHH
2024-02-17T07:30:00Z,Coal,0.000,Elexon BMRS FUELHH
2024-02-17T07:30:00Z,Gas,8803.000,Elexon BMRS FUELHH
2024-02-17T07:30:00Z,Hydro,657.000,Elexon BMRS FUELHH
2024-02-17T07:30:00Z,Imports & Exports,5640.000,Elexon BMRS FUELHH
2024-02-17T07:30:00Z,Nuclear,3797.000,Elexon BMRS FUELHH
2024-02-17T07:30:00Z,Other,242.000,Elexon BMRS FUELHH
2024-02-17T07:30:00Z,Pumped Storage,-108.000,Elexon BMRS FUELHH
2024-02-17T07:30:00Z,Wind,4632.000,Elexon BMRS FUELHH
2024-02-17T08:00:00Z,Biomass,2272.000,Elexon BMRS FUELHH
2024-02-17T08:00:00Z,Coal,0.000,Elexon BMRS FUELHH
2024-02-17T08:00:00Z,Gas,8998.000,Elexon BMRS FUELHH
2024-02-17T08:00:00Z,Hydro,734.000,Elexon BMRS FUELHH
2024-02-17T08:00:00Z,Imports & Exports,6522.000,Elexon BMRS FUELHH
2024-02-17T08:00:00Z,Nuclear,3795.000,Elexon BMRS FUELHH
2024-02-17T08:00:00Z,Other,286.000,Elexon BMRS FUELHH
2024-02-17T08:00:00Z,Pumped Storage,-56.000,Elexon BMRS FUELHH
2024-02-17T08:00:00Z,Wind,4827.000,Elexon BMRS FUELHH
2024-02-17T08:30:00Z,Biomass,2279.000,Elexon BMRS FUELHH
2024-02-17T08:30:00Z,Coal,0.000,Elexon BMRS FUELHH
2024-02-17T08:30:00Z,Gas,8781.000,Elexon BMRS FUELHH
2024-02-17T08:30:00Z,Hydro,1036.000,Elexon BMRS FUELHH
2024-02-17T08:30:00Z,Imports & Exports,6592.000,Elexon BMRS FUELHH
2024-02-17T08:30:00Z,Nuclear,3797.000,Elexon BMRS FUELHH
2024-02-17T08:30:00Z,Other,427.000,Elexon BMRS FUELHH
2024-02-17T08:30:00Z,Pumped Storage,130.000,Elexon BMRS FUELHH
2024-02-17T08:30:00Z,Wind,5146.000,Elexon BMRS FUELHH
2024-02-17T09:00:00Z,Biomass,2278.000,Elexon BMRS FUELHH
2024-02-17T09:00:00Z,Coal,0.000,Elexon BMRS FUELHH
2024-02-17T09:00:00Z,Gas,8778.000,Elexon BMRS FUELHH
2024-02-17T09:00:00Z,Hydro,928.000,Elexon BMRS FUELHH
2024-02-17T09:00:00Z,Imports & Exports,7182.000,Elexon BMRS FUELHH
2024-02-17T09:00:00Z,Nuclear,3794.000,Elexon BMRS FUELHH
2024-02-17T09:00:00Z,Other,313.000,Elexon BMRS FUELHH
2024-02-17T09:00:00Z,Pumped Storage,74.000,Elexon BMRS FUELHH
2024-02-17T09:00:00Z,Wind,5841.000,Elexon BMRS FUELHH
2024-02-17T09:30:00Z,Biomass,2296.000,Elexon BMRS FUELHH
2024-02-17T09:30:00Z,Coal,0.000,Elexon BMRS FUELHH
2024-02-17T09:30:00Z,Gas,8575.000,Elexon BMRS FUELHH
2024-02-17T09:30:00Z,Hydro,862.000,Elexon BMRS FUELHH
2024-02-17T09:30:00Z,Imports & Exports,7214.000,Elexon BMRS FUELHH
2024-02-17T09:30:00Z,Nuclear,3798.000,Elexon BMRS FUELHH
2024-02-17T09:30:00Z,Other,270.000,Elexon BMRS FUELHH
2024-02-17T09:30:00Z,Pumped Storage,-40.000,Elexon BMRS FUELHH
2024-02-17T09:30:00Z,Wind,6478.000,Elexon BMRS FUELHH
2024-02-17T10:00:00Z,Biomass,2308.000,Elexon BMRS FUELHH
2024-02-17T10:00:00Z,Coal,0.000,Elexon BMRS FUELHH
2024-02-17T10:00:00Z,Gas,7854.000,Elexon BMRS FUELHH
2024-02-17T10:00:00Z,Hydro,649.000,Elexon BMRS FUELHH
2024-02-17T10:00:00Z,Imports & Exports,7656.000,Elexon BMRS FUELHH
2024-02-17T10:00:00Z,Nuclear,3786.000,Elexon BMRS FUELHH
2024-02-17T10:00:00Z,Other,302.000,Elexon BMRS FUELHH
2024-02-17T10:00:00Z,Pumped Storage,-238.000,Elexon BMRS FUELHH
2024-02-17T10:00:00Z,Wind,7299.000,Elexon BMRS FUELHH
2024-02-17T10:30:00Z,Biomass,2314.000,Elexon BMRS FUELHH
2024-02-17T10:30:00Z,Coal,0.000,Elexon BMRS FUELHH
2024-02-17T10:30:00Z,Gas,7571.000,Elexon BMRS FUELHH
2024-02-17T10:30:00Z,Hydro,636.000,Elexon BMRS FUELHH
2024-02-17T10:30:00Z,Imports & Exports,7632.000,Elexon BMRS FUELHH
2024-02-17T10:30:00Z,Nuclear,3785.000,Elexon BMRS FUELHH
2024-02-17T10:30:00Z,Other,267.000,Elexon BMRS FUELHH
2024-02-17T10:30:00Z,Pumped Storage,-322.000,Elexon BMRS FUELHH
2024-02-17T10:30:00Z,Wind,7751.000,Elexon BMRS FUELHH
2024-02-17T11:00:00Z,Biomass,2310.000,Elexon BMRS FUELHH
2024-02-17T11:00:00Z,Coal,0.000,Elexon BMRS FUELHH
2024-02-17T11:00:00Z,Gas,7313.000,Elexon BMRS FUELHH
2024-02-17T11:00:00Z,Hydro,654.000,Elexon BMRS FUELHH
2024-02-17T11:00:00Z,Imports & Exports,7602.000,Elexon BMRS FUELHH
2024-02-17T11:00:00Z,Nuclear,3783.000,Elexon BMRS FUELHH
2024-02-17T11:00:00Z,Other,272.000,Elexon BMRS FUELHH
2024-02-17T11:00:00Z,Pumped Storage,-320.000,Elexon BMRS FUELHH
2024-02-17T11:00:00Z,Wind,7963.000,Elexon BMRS FUELHH
2024-02-17T11:30:00Z,Biomass,2312.000,Elexon BMRS FUELHH
2024-02-17T11:30:00Z,Coal,0.000,Elexon BMRS FUELHH
2024-02-17T11:30:00Z,Gas,7039.000,Elexon BMRS FUELHH
2024-02-17T11:30:00Z,Hydro,688.000,Elexon BMRS FUELHH
2024-02-17T11:30:00Z,Imports & Exports,7338.000,Elexon BMRS FUELHH
2024-02-17T11:30:00Z,Nuclear,3776.000,Elexon BMRS FUELHH
2024-02-17T11:30:00Z,Other,436.000,Elexon BMRS FUELHH
2024-02-17T11:30:00Z,Pumped Storage,-310.000,Elexon BMRS FUELHH
2024-02-17T11:30:00Z,Wind,8338.000,Elexon BMRS FUELHH
2024-02-17T12:00:00Z,Biomass,2290.000,Elexon BMRS FUELHH
2024-02-17T12:00:00Z,Coal,0.000,Elexon BMRS FUELHH
2024-02-17T12:00:00Z,Gas,6995.000,Elexon BMRS FUELHH
2024-02-17T12:00:00Z,Hydro,636.000,Elexon BMRS FUELHH
2024-02-17T12:00:00Z,Imports & Exports,6974.000,Elexon BMRS FUELHH
2024-02-17T12:00:00Z,Nuclear,3786.000,Elexon BMRS FUELHH
2024-02-17T12:00:00Z,Other,345.000,Elexon BMRS FUELHH
2024-02-17T12:00:00Z,Pumped Storage,-28.000,Elexon BMRS FUELHH
2024-02-17T12:00:00Z,Wind,8685.000,Elexon BMRS FUELHH
2024-02-17T12:30:00Z,Biomass,2308.000,Elexon BMRS FUELHH
2024-02-17T12:30:00Z,Coal,0.000,Elexon BMRS FUELHH
2024-02-17T12:30:00Z,Gas,6675.000,Elexon BMRS FUELHH
2024-02-17T12:30:00Z,Hydro,635.000,Elexon BMRS FUELHH
2024-02-17T12:30:00Z,Imports & Exports,6850.000,Elexon BMRS FUELHH
2024-02-17T12:30:00Z,Nuclear,3785.000,Elexon BMRS FUELHH
2024-02-17T12:30:00Z,Other,344.000,Elexon BMRS FUELHH
2024-02-17T12:30:00Z,Pumped Storage,34.000,Elexon BMRS FUELHH
2024-02-17T12:30:00Z,Wind,9243.000,Elexon BMRS FUELHH
2024-02-17T13:00:00Z,Biomass,2313.000,Elexon BMRS FUELHH
2024-02-17T13:00:00Z,Coal,0.000,Elexon BMRS FUELHH
2024-02-17T13:00:00Z,Gas,6616.000,Elexon BMRS FUELHH
2024-02-17T13:00:00Z,Hydro,625.000,Elexon BMRS FUELHH
2024-02-17T13:00:00Z,Imports & Exports,6586.000,Elexon BMRS FUELHH
2024-02-17T13:00:00Z,Nuclear,3783.000,Elexon BMRS FUELHH
2024-02-17T13:00:00Z,Other,528.000,Elexon BMRS FUELHH
2024-02-17T13:00:00Z,Pumped Storage,-10.000,Elexon BMRS FUELHH
2024-02-17T13:00:00Z,Wind,9594.000,Elexon BMRS FUELHH
2024-02-17T13:30:00Z,Biomass,2311.000,Elexon BMRS FUELHH
2024-02-17T13:30:00Z,Coal,0.000,Elexon BMRS FUELHH
2024-02-17T13:30:00Z,Gas,6437.000,Elexon BMRS FUELHH
2024-02-17T13:30:00Z,Hydro,629.000,Elexon BMRS FUELHH
2024-02-17T13:30:00Z,Imports & Exports,6368.000,Elexon BMRS FUELHH
2024-02-17T13:30:00Z,Nuclear,3790.000,Elexon BMRS FUELHH
2024-02-17T13:30:00Z,Other,432.000,Elexon BMRS FUELHH
2024-02-17T13:30:00Z,Pumped Storage,-14.000,Elexon BMRS FUELHH
2024-02-17T13:30:00Z,Wind,10011.000,Elexon BMRS FUELHH
2024-02-17T14:00:00Z,Biomass,2309.000,Elexon BMRS FUELHH
2024-02-17T14:00:00Z,Coal,0.000,Elexon BMRS FUELHH
2024-02-17T14:00:00Z,Gas,7542.000,Elexon BMRS FUELHH
2024-02-17T14:00:00Z,Hydro,742.000,Elexon BMRS FUELHH
2024-02-17T14:00:00Z,Imports & Exports,4498.000,Elexon BMRS FUELHH
2024-02-17T14:00:00Z,Nuclear,3788.000,Elexon BMRS FUELHH
2024-02-17T14:00:00Z,Other,320.000,Elexon BMRS FUELHH
2024-02-17T14:00:00Z,Pumped Storage,-14.000,Elexon BMRS FUELHH
2024-02-17T14:00:00Z,Wind,10183.000,Elexon BMRS FUELHH
2024-02-17T14:30:00Z,Biomass,2311.000,Elexon BMRS FUELHH
2024-02-17T14:30:00Z,Coal,0.000,Elexon BMRS FUELHH
2024-02-17T14:30:00Z,Gas,7667.000,Elexon BMRS FUELHH
2024-02-17T14:30:00Z,Hydro,740.000,Elexon BMRS FUELHH
2024-02-17T14:30:00Z,Imports & Exports,4190.000,Elexon BMRS FUELHH
2024-02-17T14:30:00Z,Nuclear,3792.000,Elexon BMRS FUELHH
2024-02-17T14:30:00Z,Other,279.000,Elexon BMRS FUELHH
2024-02-17T14:30:00Z,Pumped Storage,0.000,Elexon BMRS FUELHH
2024-02-17T14:30:00Z,Wind,10737.000,Elexon BMRS FUELHH
2024-02-17T15:00:00Z,Biomass,2313.000,Elexon BMRS FUELHH
2024-02-17T15:00:00Z,Coal,59.000,Elexon BMRS FUELHH
2024-02-17T15:00:00Z,Gas,8051.000,Elexon BMRS FUELHH
2024-02-17T15:00:00Z,Hydro,788.000,Elexon BMRS FUELHH
2024-02-17T15:00:00Z,Imports & Exports,2842.000,Elexon BMRS FUELHH
2024-02-17T15:00:00Z,Nuclear,3792.000,Elexon BMRS FUELHH
2024-02-17T15:00:00Z,Other,357.000,Elexon BMRS FUELHH
2024-02-17T15:00:00Z,Pumped Storage,216.000,Elexon BMRS FUELHH
2024-02-17T15:00:00Z,Wind,10891.000,Elexon BMRS FUELHH
2024-02-17T15:30:00Z,Biomass,2313.000,Elexon BMRS FUELHH
2024-02-17T15:30:00Z,Coal,235.000,Elexon BMRS FUELHH
2024-02-17T15:30:00Z,Gas,8644.000,Elexon BMRS FUELHH
2024-02-17T15:30:00Z,Hydro,637.000,Elexon BMRS FUELHH
2024-02-17T15:30:00Z,Imports & Exports,2634.000,Elexon BMRS FUELHH
2024-02-17T15:30:00Z,Nuclear,3791.000,Elexon BMRS FUELHH
2024-02-17T15:30:00Z,Other,328.000,Elexon BMRS FUELHH
2024-02-17T15:30:00Z,Pumped Storage,-16.000,Elexon BMRS FUELHH
2024-02-17T15:30:00Z,Wind,10968.000,Elexon BMRS FUELHH
2024-02-17T16:00:00Z,Biomass,2299.000,Elexon BMRS FUELHH
2024-02-17T16:00:00Z,Coal,413.000,Elexon BMRS FUELHH
2024-02-17T16:00:00Z,Gas,9461.000,Elexon BMRS FUELHH
2024-02-17T16:00:00Z,Hydro,885.000,Elexon BMRS FUELHH
2024-02-17T16:00:00Z,Imports & Exports,1608.000,Elexon BMRS FUELHH
2024-02-17T16:00:00Z,Nuclear,3800.000,Elexon BMRS FUELHH
2024-02-17T16:00:00Z,Other,563.000,Elexon BMRS FUELHH
2024-02-17T16:00:00Z,Pumped Storage,84.000,Elexon BMRS FUELHH
2024-02-17T16:00:00Z,Wind,11162.000,Elexon BMRS FUELHH
2024-02-17T16:30:00Z,Biomass,2302.000,Elexon BMRS FUELHH
2024-02-17T16:30:00Z,Coal,479.000,Elexon BMRS FUELHH
2024-02-17T16:30:00Z,Gas,10214.000,Elexon BMRS FUELHH
2024-02-17T16:30:00Z,Hydro,896.000,Elexon BMRS FUELHH
2024-02-17T16:30:00Z,Imports & Exports,1342.000,Elexon BMRS FUELHH
2024-02-17T16:30:00Z,Nuclear,3790.000,Elexon BMRS FUELHH
2024-02-17T16:30:00Z,Other,648.000,Elexon BMRS FUELHH
2024-02-17T16:30:00Z,Pumped Storage,68.000,Elexon BMRS FUELHH
2024-02-17T16:30:00Z,Wind,11399.000,Elexon BMRS FUELHH
2024-02-17T17:00:00Z,Biomass,2308.000,Elexon BMRS FUELHH
2024-02-17T17:00:00Z,Coal,480.000,Elexon BMRS FUELHH
2024-02-17T17:00:00Z,Gas,10469.000,Elexon BMRS FUELHH
2024-02-17T17:00:00Z,Hydro,921.000,Elexon BMRS FUELHH
2024-02-17T17:00:00Z,Imports & Exports,1882.000,Elexon BMRS FUELHH
2024-02-17T17:00:00Z,Nuclear,3801.000,Elexon BMRS FUELHH
2024-02-17T17:00:00Z,Other,558.000,Elexon BMRS FUELHH
2024-02-17T17:00:00Z,Pumped Storage,832.000,Elexon BMRS FUELHH
2024-02-17T17:00:00Z,Wind,11700.000,Elexon BMRS FUELHH
2024-02-17T17:30:00Z,Biomass,2312.000,Elexon BMRS FUELHH
2024-02-17T17:30:00Z,Coal,481.000,Elexon BMRS FUELHH
2024-02-17T17:30:00Z,Gas,10456.000,Elexon BMRS FUELHH
2024-02-17T17:30:00Z,Hydro,926.000,Elexon BMRS FUELHH
2024-02-17T17:30:00Z,Imports & Exports,1784.000,Elexon BMRS FUELHH
2024-02-17T17:30:00Z,Nuclear,3790.000,Elexon BMRS FUELHH
2024-02-17T17:30:00Z,Other,835.000,Elexon BMRS FUELHH
2024-02-17T17:30:00Z,Pumped Storage,1080.000,Elexon BMRS FUELHH
2024-02-17T17:30:00Z,Wind,12091.000,Elexon BMRS FUELHH
2024-02-17T18:00:00Z,Biomass,2315.000,Elexon BMRS FUELHH
2024-02-17T18:00:00Z,Coal,479.000,Elexon BMRS FUELHH
2024-02-17T18:00:00Z,Gas,10260.000,Elexon BMRS FUELHH
2024-02-17T18:00:00Z,Hydro,944.000,Elexon BMRS FUELHH
2024-02-17T18:00:00Z,Imports & Exports,1926.000,Elexon BMRS FUELHH
2024-02-17T18:00:00Z,Nuclear,3791.000,Elexon BMRS FUELHH
2024-02-17T18:00:00Z,Other,725.000,Elexon BMRS FUELHH
2024-02-17T18:00:00Z,Pumped Storage,1332.000,Elexon BMRS FUELHH
2024-02-17T18:00:00Z,Wind,12076.000,Elexon BMRS FUELHH
2024-02-17T18:30:00Z,Biomass,2316.000,Elexon BMRS FUELHH
2024-02-17T18:30:00Z,Coal,480.000,Elexon BMRS FUELHH
2024-02-17T18:30:00Z,Gas,10367.000,Elexon BMRS FUELHH
2024-02-17T18:30:00Z,Hydro,955.000,Elexon BMRS FUELHH
2024-02-17T18:30:00Z,Imports & Exports,1940.000,Elexon BMRS FUELHH
2024-02-17T18:30:00Z,Nuclear,3793.000,Elexon BMRS FUELHH
2024-02-17T18:30:00Z,Other,625.000,Elexon BMRS FUELHH
2024-02-17T18:30:00Z,Pumped Storage,1018.000,Elexon BMRS FUELHH
2024-02-17T18:30:00Z,Wind,11855.000,Elexon BMRS FUELHH
2024-02-17T19:00:00Z,Biomass,2316.000,Elexon BMRS FUELHH
2024-02-17T19:00:00Z,Coal,478.000,Elexon BMRS FUELHH
2024-02-17T19:00:00Z,Gas,10039.000,Elexon BMRS FUELHH
2024-02-17T19:00:00Z,Hydro,953.000,Elexon BMRS FUELHH
2024-02-17T19:00:00Z,Imports & Exports,1840.000,Elexon BMRS FUELHH
2024-02-17T19:00:00Z,Nuclear,3786.000,Elexon BMRS FUELHH
2024-02-17T19:00:00Z,Other,446.000,Elexon BMRS FUELHH
2024-02-17T19:00:00Z,Pumped Storage,84.000,Elexon BMRS FUELHH
2024-02-17T19:00:00Z,Wind,12074.000,Elexon BMRS FUELHH
2024-02-17T19:30:00Z,Biomass,2310.000,Elexon BMRS FUELHH
2024-02-17T19:30:00Z,Coal,480.000,Elexon BMRS FUELHH
2024-02-17T19:30:00Z,Gas,9450.000,Elexon BMRS FUELHH
2024-02-17T19:30:00Z,Hydro,882.000,Elexon BMRS FUELHH
2024-02-17T19:30:00Z,Imports & Exports,1858.000,Elexon BMRS FUELHH
2024-02-17T19:30:00Z,Nuclear,3787.000,Elexon BMRS FUELHH
2024-02-17T19:30:00Z,Other,336.000,Elexon BMRS FUELHH
2024-02-17T19:30:00Z,Pumped Storage,-16.000,Elexon BMRS FUELHH
2024-02-17T19:30:00Z,Wind,11994.000,Elexon BMRS FUELHH
2024-02-17T20:00:00Z,Biomass,2309.000,Elexon BMRS FUELHH
2024-02-17T20:00:00Z,Coal,480.000,Elexon BMRS FUELHH
2024-02-17T20:00:00Z,Gas,8580.000,Elexon BMRS FUELHH
2024-02-17T20:00:00Z,Hydro,748.000,Elexon BMRS FUELHH
2024-02-17T20:00:00Z,Imports & Exports,1810.000,Elexon BMRS FUELHH
2024-02-17T20:00:00Z,Nuclear,3786.000,Elexon BMRS FUELHH
2024-02-17T20:00:00Z,Other,153.000,Elexon BMRS FUELHH
2024-02-17T20:00:00Z,Pumped Storage,-16.000,Elexon BMRS FUELHH
2024-02-17T20:00:00Z,Wind,12174.000,Elexon BMRS FUELHH
2024-02-17T20:30:00Z,Biomass,2302.000,Elexon BMRS FUELHH
2024-02-17T20:30:00Z,Coal,451.000,Elexon BMRS FUELHH
2024-02-17T20:30:00Z,Gas,7569.000,Elexon BMRS FUELHH
2024-02-17T20:30:00Z,Hydro,747.000,Elexon BMRS FUELHH
2024-02-17T20:30:00Z,Imports & Exports,1812.000,Elexon BMRS FUELHH
2024-02-17T20:30:00Z,Nuclear,3790.000,Elexon BMRS FUELHH
2024-02-17T20:30:00Z,Other,160.000,Elexon BMRS FUELHH
2024-02-17T20:30:00Z,Pumped Storage,-16.000,Elexon BMRS FUELHH
2024-02-17T20:30:00Z,Wind,12529.000,Elexon BMRS FUELHH
2024-02-17T21:00:00Z,Biomass,2304.000,Elexon BMRS FUELHH
2024-02-17T21:00:00Z,Coal,318.000,Elexon BMRS FUELHH
2024-02-17T21:00:00Z,Gas,6431.000,Elexon BMRS FUELHH
2024-02-17T21:00:00Z,Hydro,748.000,Elexon BMRS FUELHH
2024-02-17T21:00:00Z,Imports & Exports,1792.000,Elexon BMRS FUELHH
2024-02-17T21:00:00Z,Nuclear,3784.000,Elexon BMRS FUELHH
2024-02-17T21:00:00Z,Other,152.000,Elexon BMRS FUELHH
2024-02-17T21:00:00Z,Pumped Storage,-22.000,Elexon BMRS FUELHH
2024-02-17T21:00:00Z,Wind,12586.000,Elexon BMRS FUELHH
2024-02-17T21:30:00Z,Biomass,2314.000,Elexon BMRS FUELHH
2024-02-17T21:30:00Z,Coal,229.000,Elexon BMRS FUELHH
2024-02-17T21:30:00Z,Gas,5361.000,Elexon BMRS FUELHH
2024-02-17T21:30:00Z,Hydro,722.000,Elexon BMRS FUELHH
2024-02-17T21:30:00Z,Imports & Exports,1810.000,Elexon BMRS FUELHH
2024-02-17T21:30:00Z,Nuclear,3784.000,Elexon BMRS FUELHH
2024-02-17T21:30:00Z,Other,155.000,Elexon BMRS FUELHH
2024-02-17T21:30:00Z,Pumped Storage,-20.000,Elexon BMRS FUELHH
2024-02-17T21:30:00Z,Wind,12294.000,Elexon BMRS FUELHH
2024-02-17T22:00:00Z,Biomass,2269.000,Elexon BMRS FUELHH
2024-02-17T22:00:00Z,Coal,230.000,Elexon BMRS FUELHH
2024-02-17T22:00:00Z,Gas,3864.000,Elexon BMRS FUELHH
2024-02-17T22:00:00Z,Hydro,649.000,Elexon BMRS FUELHH
2024-02-17T22:00:00Z,Imports & Exports,2402.000,Elexon BMRS FUELHH
2024-02-17T22:00:00Z,Nuclear,3784.000,Elexon BMRS FUELHH
2024-02-17T22:00:00Z,Other,151.000,Elexon BMRS FUELHH
2024-02-17T22:00:00Z,Pumped Storage,102.000,Elexon BMRS FUELHH
2024-02-17T22:00:00Z,Wind,11906.000,Elexon BMRS FUELHH
2024-02-17T22:30:00Z,Biomass,1946.000,Elexon BMRS FUELHH
2024-02-17T22:30:00Z,Coal,229.000,Elexon BMRS FUELHH
2024-02-17T22:30:00Z,Gas,3236.000,Elexon BMRS FUELHH
2024-02-17T22:30:00Z,Hydro,790.000,Elexon BMRS FUELHH
2024-02-17T22:30:00Z,Imports & Exports,2476.000,Elexon BMRS FUELHH
2024-02-17T22:30:00Z,Nuclear,3785.000,Elexon BMRS FUELHH
2024-02-17T22:30:00Z,Other,215.000,Elexon BMRS FUELHH
2024-02-17T22:30:00Z,Pumped Storage,-236.000,Elexon BMRS FUELHH
2024-02-17T22:30:00Z,Wind,11728.000,Elexon BMRS FUELHH
2024-02-17T23:00:00Z,Biomass,1141.000,Elexon BMRS FUELHH
2024-02-17T23:00:00Z,Coal,231.000,Elexon BMRS FUELHH
2024-02-17T23:00:00Z,Gas,3056.000,Elexon BMRS FUELHH
2024-02-17T23:00:00Z,Hydro,650.000,Elexon BMRS FUELHH
2024-02-17T23:00:00Z,Imports & Exports,2890.000,Elexon BMRS FUELHH
2024-02-17T23:00:00Z,Nuclear,3783.000,Elexon BMRS FUELHH
2024-02-17T23:00:00Z,Other,190.000,Elexon BMRS FUELHH
2024-02-17T23:00:00Z,Pumped Storage,-502.000,Elexon BMRS FUELHH
2024-02-17T23:00:00Z,Wind,11434.000,Elexon BMRS FUELHH
2024-02-17T23:30:00Z,Biomass,977.000,Elexon BMRS FUELHH
2024-02-17T23:30:00Z,Coal,305.000,Elexon BMRS FUELHH
2024-02-17T23:30:00Z,Gas,3181.000,Elexon BMRS FUELHH
2024-02-17T23:30:00Z,Hydro,639.000,Elexon BMRS FUELHH
2024-02-17T23:30:00Z,Imports & Exports,2912.000,Elexon BMRS FUELHH
2024-02-17T23:30:00Z,Nuclear,3789.000,Elexon BMRS FUELHH
2024-02-17T23:30:00Z,Other,208.000,Elexon BMRS FUELHH
2024-02-17T23:30:00Z,Pumped Storage,-1152.000,Elexon BMRS FUELHH
2024-02-17T23:30:00Z,Wind,11420.000,Elexon BMRS FUELHH
2024-02-18T00:00:00Z,Biomass,976.000,Elexon BMRS FUELHH
2024-02-18T00:00:00Z,Coal,459.000,Elexon BMRS FUELHH
2024-02-18T00:00:00Z,Gas,3126.000,Elexon BMRS FUELHH
2024-02-18T00:00:00Z,Hydro,613.000,Elexon BMRS FUELHH
2024-02-18T00:00:00Z,Imports & Exports,2998.000,Elexon BMRS FUELHH
2024-02-18T00:00:00Z,Nuclear,3790.000,Elexon BMRS FUELHH
2024-02-18T00:00:00Z,Other,162.000,Elexon BMRS FUELHH
2024-02-18T00:00:00Z,Pumped Storage,-1274.000,Elexon BMRS FUELHH
2024-02-18T00:00:00Z,Wind,11729.000,Elexon BMRS FUELHH
2024-02-18T00:30:00Z,Biomass,976.000,Elexon BMRS FUELHH
2024-02-18T00:30:00Z,Coal,481.000,Elexon BMRS FUELHH
2024-02-18T00:30:00Z,Gas,3410.000,Elexon BMRS FUELHH
2024-02-18T00:30:00Z,Hydro,611.000,Elexon BMRS FUELHH
2024-02-18T00:30:00Z,Imports & Exports,2968.000,Elexon BMRS FUELHH
2024-02-18T00:30:00Z,Nuclear,3789.000,Elexon BMRS FUELHH
2024-02-18T00:30:00Z,Other,162.000,Elexon BMRS FUELHH
2024-02-18T00:30:00Z,Pumped Storage,-1442.000,Elexon BMRS FUELHH
2024-02-18T00:30:00Z,Wind,12248.000,Elexon BMRS FUELHH
2024-02-18T01:00:00Z,Biomass,975.000,Elexon BMRS FUELHH
2024-02-18T01:00:00Z,Coal,354.000,Elexon BMRS FUELHH
2024-02-18T01:00:00Z,Gas,3021.000,Elexon BMRS FUELHH
2024-02-18T01:00:00Z,Hydro,595.000,Elexon BMRS FUELHH
2024-02-18T01:00:00Z,Imports & Exports,3152.000,Elexon BMRS FUELHH
2024-02-18T01:00:00Z,Nuclear,3775.000,Elexon BMRS FUELHH
2024-02-18T01:00:00Z,Other,156.000,Elexon BMRS FUELHH
2024-02-18T01:00:00Z,Pumped Storage,-1178.000,Elexon BMRS FUELHH
2024-02-18T01:00:00Z,Wind,11882.000,Elexon BMRS FUELHH
2024-02-18T01:30:00Z,Biomass,975.000,Elexon BMRS FUELHH
2024-02-18T01:30:00Z,Coal,229.000,Elexon BMRS FUELHH
2024-02-18T01:30:00Z,Gas,3025.000,Elexon BMRS FUELHH
2024-02-18T01:30:00Z,Hydro,591.000,Elexon BMRS FUELHH
2024-02-18T01:30:00Z,Imports & Exports,3152.000,Elexon BMRS FUELHH
2024-02-18T01:30:00Z,Nuclear,3790.000,Elexon BMRS FUELHH
2024-02-18T01:30:00Z,Other,234.000,Elexon BMRS FUELHH
2024-02-18T01:30:00Z,Pumped Storage,-1376.000,Elexon BMRS FUELHH
2024-02-18T01:30:00Z,Wind,11550.000,Elexon BMRS FUELHH
2024-02-18T02:00:00Z,Biomass,975.000,Elexon BMRS FUELHH
2024-02-18T02:00:00Z,Coal,254.000,Elexon BMRS FUELHH
2024-02-18T02:00:00Z,Gas,3393.000,Elexon BMRS FUELHH
2024-02-18T02:00:00Z,Hydro,590.000,Elexon BMRS FUELHH
2024-02-18T02:00:00Z,Imports & Exports,2266.000,Elexon BMRS FUELHH
2024-02-18T02:00:00Z,Nuclear,3789.000,Elexon BMRS FUELHH
2024-02-18T02:00:00Z,Other,178.000,Elexon BMRS FUELHH
2024-02-18T02:00:00Z,Pumped Storage,-1560.000,Elexon BMRS FUELHH
2024-02-18T02:00:00Z,Wind,11341.000,Elexon BMRS FUELHH
2024-02-18T02:30:00Z,Biomass,981.000,Elexon BMRS FUELHH
2024-02-18T02:30:00Z,Coal,284.000,Elexon BMRS FUELHH
2024-02-18T02:30:00Z,Gas,3470.000,Elexon BMRS FUELHH
2024-02-18T02:30:00Z,Hydro,591.000,Elexon BMRS FUELHH
2024-02-18T02:30:00Z,Imports & Exports,2208.000,Elexon BMRS FUELHH
2024-02-18T02:30:00Z,Nuclear,3791.000,Elexon BMRS FUELHH
2024-02-18T02:30:00Z,Other,218.000,Elexon BMRS FUELHH
2024-02-18T02:30:00Z,Pumped Storage,-1584.000,Elexon BMRS FUELHH
2024-02-18T02:30:00Z,Wind,11234.000,Elexon BMRS FUELHH
2024-02-18T03:00:00Z,Biomass,1017.000,Elexon BMRS FUELHH
2024-02-18T03:00:00Z,Coal,371.000,Elexon BMRS FUELHH
2024-02-18T03:00:00Z,Gas,3347.000,Elexon BMRS FUELHH
2024-02-18T03:00:00Z,Hydro,592.000,Elexon BMRS FUELHH
2024-02-18T03:00:00Z,Imports & Exports,2250.000,Elexon BMRS FUELHH
2024-02-18T03:00:00Z,Nuclear,3785.000,Elexon BMRS FUELHH
2024-02-18T03:00:00Z,Other,174.000,Elexon BMRS FUELHH
2024-02-18T03:00:00Z,Pumped Storage,-1536.000,Elexon BMRS FUELHH
2024-02-18T03:00:00Z,Wind,11003.000,Elexon BMRS FUELHH
2024-02-18T03:30:00Z,Biomass,1044.000,Elexon BMRS FUELHH
2024-02-18T03:30:00Z,Coal,267.000,Elexon BMRS FUELHH
2024-02-18T03:30:00Z,Gas,3454.000,Elexon BMRS FUELHH
2024-02-18T03:30:00Z,Hydro,592.000,Elexon BMRS FUELHH
2024-02-18T03:30:00Z,Imports & Exports,2244.000,Elexon BMRS FUELHH
2024-02-18T03:30:00Z,Nuclear,3778.000,Elexon BMRS FUELHH
2024-02-18T03:30:00Z,Other,192.000,Elexon BMRS FUELHH
2024-02-18T03:30:00Z,Pumped Storage,-1480.000,Elexon BMRS FUELHH
2024-02-18T03:30:00Z,Wind,10495.000,Elexon BMRS FUELHH
2024-02-18T04:00:00Z,Biomass,1000.000,Elexon BMRS FUELHH
2024-02-18T04:00:00Z,Coal,286.000,Elexon BMRS FUELHH
2024-02-18T04:00:00Z,Gas,3967.000,Elexon BMRS FUELHH
2024-02-18T04:00:00Z,Hydro,598.000,Elexon BMRS FUELHH
2024-02-18T04:00:00Z,Imports & Exports,2324.000,Elexon BMRS FUELHH
2024-02-18T04:00:00Z,Nuclear,3785.000,Elexon BMRS FUELHH
2024-02-18T04:00:00Z,Other,177.000,Elexon BMRS FUELHH
2024-02-18T04:00:00Z,Pumped Storage,-1434.000,Elexon BMRS FUELHH
2024-02-18T04:00:00Z,Wind,10031.000,Elexon BMRS FUELHH
2024-02-18T04:30:00Z,Biomass,1001.000,Elexon BMRS FUELHH
2024-02-18T04:30:00Z,Coal,374.000,Elexon BMRS FUELHH
2024-02-18T04:30:00Z,Gas,3999.000,Elexon BMRS FUELHH
2024-02-18T04:30:00Z,Hydro,603.000,Elexon BMRS FUELHH
2024-02-18T04:30:00Z,Imports & Exports,2366.000,Elexon BMRS FUELHH
2024-02-18T04:30:00Z,Nuclear,3791.000,Elexon BMRS FUELHH
2024-02-18T04:30:00Z,Other,238.000,Elexon BMRS FUELHH
2024-02-18T04:30:00Z,Pumped Storage,-1484.000,Elexon BMRS FUELHH
2024-02-18T04:30:00Z,Wind,9830.000,Elexon BMRS FUELHH
2024-02-18T05:00:00Z,Biomass,977.000,Elexon BMRS FUELHH
2024-02-18T05:00:00Z,Coal,329.000,Elexon BMRS FUELHH
2024-02-18T05:00:00Z,Gas,3370.000,Elexon BMRS FUELHH
2024-02-18T05:00:00Z,Hydro,615.000,Elexon BMRS FUELHH
2024-02-18T05:00:00Z,Imports & Exports,3042.000,Elexon BMRS FUELHH
2024-02-18T05:00:00Z,Nuclear,3794.000,Elexon BMRS FUELHH
2024-02-18T05:00:00Z,Other,144.000,Elexon BMRS FUELHH
2024-02-18T05:00:00Z,Pumped Storage,-1288.000,Elexon BMRS FUELHH
2024-02-18T05:00:00Z,Wind,9572.000,Elexon BMRS FUELHH
2024-02-18T05:30:00Z,Biomass,1027.000,Elexon BMRS FUELHH
2024-02-18T05:30:00Z,Coal,373.000,Elexon BMRS FUELHH
2024-02-18T05:30:00Z,Gas,3395.000,Elexon BMRS FUELHH
2024-02-18T05:30:00Z,Hydro,621.000,Elexon BMRS FUELHH
2024-02-18T05:30:00Z,Imports & Exports,3090.000,Elexon BMRS FUELHH
2024-02-18T05:30:00Z,Nuclear,3787.000,Elexon BMRS FUELHH
2024-02-18T05:30:00Z,Other,221.000,Elexon BMRS FUELHH
2024-02-18T05:30:00Z,Pumped Storage,-1068.000,Elexon BMRS FUELHH
2024-02-18T05:30:00Z,Wind,9440.000,Elexon BMRS FUELHH
2024-02-18T06:00:00Z,Biomass,1013.000,Elexon BMRS FUELHH
2024-02-18T06:00:00Z,Coal,246.000,Elexon BMRS FUELHH
2024-02-18T06:00:00Z,Gas,3740.000,Elexon BMRS FUELHH
2024-02-18T06:00:00Z,Hydro,633.000,Elexon BMRS FUELHH
2024-02-18T06:00:00Z,Imports & Exports,3510.000,Elexon BMRS FUELHH
2024-02-18T06:00:00Z,Nuclear,3787.000,Elexon BMRS FUELHH
2024-02-18T06:00:00Z,Other,164.000,Elexon BMRS FUELHH
2024-02-18T06:00:00Z,Pumped Storage,-770.000,Elexon BMRS FUELHH
2024-02-18T06:00:00Z,Wind,9159.000,Elexon BMRS FUELHH
2024-02-18T06:30:00Z,Biomass,1184.000,Elexon BMRS FUELHH
2024-02-18T06:30:00Z,Coal,340.000,Elexon BMRS FUELHH
2024-02-18T06:30:00Z,Gas,4267.000,Elexon BMRS FUELHH
2024-02-18T06:30:00Z,Hydro,632.000,Elexon BMRS FUELHH
2024-02-18T06:30:00Z,Imports & Exports,3536.000,Elexon BMRS FUELHH
2024-02-18T06:30:00Z,Nuclear,3792.000,Elexon BMRS FUELHH
2024-02-18T06:30:00Z,Other,161.000,Elexon BMRS FUELHH
2024-02-18T06:30:00Z,Pumped Storage,-438.000,Elexon BMRS FUELHH
2024-02-18T06:30:00Z,Wind,8715.000,Elexon BMRS FUELHH
2024-02-18T07:00:00Z,Biomass,1432.000,Elexon BMRS FUELHH
2024-02-18T07:00:00Z,Coal,251.000,Elexon BMRS FUELHH
2024-02-18T07:00:00Z,Gas,3927.000,Elexon BMRS FUELHH
2024-02-18T07:00:00Z,Hydro,641.000,Elexon BMRS FUELHH
2024-02-18T07:00:00Z,Imports & Exports,4798.000,Elexon BMRS FUELHH
2024-02-18T07:00:00Z,Nuclear,3792.000,Elexon BMRS FUELHH
2024-02-18T07:00:00Z,Other,154.000,Elexon BMRS FUELHH
2024-02-18T07:00:00Z,Pumped Storage,-150.000,Elexon BMRS FUELHH
2024-02-18T07:00:00Z,Wind,8126.000,Elexon BMRS FUELHH
2024-02-18T07:30:00Z,Biomass,1613.000,Elexon BMRS FUELHH
2024-02-18T07:30:00Z,Coal,273.000,Elexon BMRS FUELHH
2024-02-18T07:30:00Z,Gas,4347.000,Elexon BMRS FUELHH
2024-02-18T07:30:00Z,Hydro,699.000,Elexon BMRS FUELHH
2024-02-18T07:30:00Z,Imports & Exports,4952.000,Elexon BMRS FUELHH
2024-02-18T07:30:00Z,Nuclear,3795.000,Elexon BMRS FUELHH
2024-02-18T07:30:00Z,Other,177.000,Elexon BMRS FUELHH
2024-02-18T07:30:00Z,Pumped Storage,-76.000,Elexon BMRS FUELHH
2024-02-18T07:30:00Z,Wind,7475.000,Elexon BMRS FUELHH
2024-02-18T08:00:00Z,Biomass,1820.000,Elexon BMRS FUELHH
2024-02-18T08:00:00Z,Coal,245.000,Elexon BMRS FUELHH
2024-02-18T08:00:00Z,Gas,3968.000,Elexon BMRS FUELHH
2024-02-18T08:00:00Z,Hydro,851.000,Elexon BMRS FUELHH
2024-02-18T08:00:00Z,Imports & Exports,6448.000,Elexon BMRS FUELHH
2024-02-18T08:00:00Z,Nuclear,3790.000,Elexon BMRS FUELHH
2024-02-18T08:00:00Z,Other,193.000,Elexon BMRS FUELHH
2024-02-18T08:00:00Z,Pumped Storage,244.000,Elexon BMRS FUELHH
2024-02-18T08:00:00Z,Wind,7007.000,Elexon BMRS FUELHH
2024-02-18T08:30:00Z,Biomass,2054.000,Elexon BMRS FUELHH
2024-02-18T08:30:00Z,Coal,229.000,Elexon BMRS FUELHH
2024-02-18T08:30:00Z,Gas,4341.000,Elexon BMRS FUELHH
2024-02-18T08:30:00Z,Hydro,861.000,Elexon BMRS FUELHH
2024-02-18T08:30:00Z,Imports & Exports,6614.000,Elexon BMRS FUELHH
2024-02-18T08:30:00Z,Nuclear,3799.000,Elexon BMRS FUELHH
2024-02-18T08:30:00Z,Other,332.000,Elexon BMRS FUELHH
2024-02-18T08:30:00Z,Pumped Storage,282.000,Elexon BMRS FUELHH
2024-02-18T08:30:00Z,Wind,7278.000,Elexon BMRS FUELHH
2024-02-18T09:00:00Z,Biomass,2113.000,Elexon BMRS FUELHH
2024-02-18T09:00:00Z,Coal,229.000,Elexon BMRS FUELHH
2024-02-18T09:00:00Z,Gas,5118.000,Elexon BMRS FUELHH
2024-02-18T09:00:00Z,Hydro,920.000,Elexon BMRS FUELHH
2024-02-18T09:00:00Z,Imports & Exports,6456.000,Elexon BMRS FUELHH
2024-02-18T09:00:00Z,Nuclear,3799.000,Elexon BMRS FUELHH
2024-02-18T09:00:00Z,Other,306.000,Elexon BMRS FUELHH
2024-02-18T09:00:00Z,Pumped Storage,234.000,Elexon BMRS FUELHH
2024-02-18T09:00:00Z,Wind,7837.000,Elexon BMRS FUELHH
2024-02-18T09:30:00Z,Biomass,2171.000,Elexon BMRS FUELHH
2024-02-18T09:30:00Z,Coal,234.000,Elexon BMRS FUELHH
2024-02-18T09:30:00Z,Gas,5258.000,Elexon BMRS FUELHH
2024-02-18T09:30:00Z,Hydro,823.000,Elexon BMRS FUELHH
2024-02-18T09:30:00Z,Imports & Exports,6444.000,Elexon BMRS FUELHH
2024-02-18T09:30:00Z,Nuclear,3797.000,Elexon BMRS FUELHH
2024-02-18T09:30:00Z,Other,249.000,Elexon BMRS FUELHH
2024-02-18T09:30:00Z,Pumped Storage,402.000,Elexon BMRS FUELHH
2024-02-18T09:30:00Z,Wind,8376.000,Elexon BMRS FUELHH
2024-02-18T10:00:00Z,Biomass,2213.000,Elexon BMRS FUELHH
2024-02-18T10:00:00Z,Coal,237.000,Elexon BMRS FUELHH
2024-02-18T10:00:00Z,Gas,5353.000,Elexon BMRS FUELHH
2024-02-18T10:00:00Z,Hydro,774.000,Elexon BMRS FUELHH
2024-02-18T10:00:00Z,Imports & Exports,6436.000,Elexon BMRS FUELHH
2024-02-18T10:00:00Z,Nuclear,3793.000,Elexon BMRS FUELHH
2024-02-18T10:00:00Z,Other,197.000,Elexon BMRS FUELHH
2024-02-18T10:00:00Z,Pumped Storage,284.000,Elexon BMRS FUELHH
2024-02-18T10:00:00Z,Wind,8718.000,Elexon BMRS FUELHH
2024-02-18T10:30:00Z,Biomass,2145.000,Elexon BMRS FUELHH
2024-02-18T10:30:00Z,Coal,234.000,Elexon BMRS FUELHH
2024-02-18T10:30:00Z,Gas,5635.000,Elexon BMRS FUELHH
2024-02-18T10:30:00Z,Hydro,772.000,Elexon BMRS FUELHH
2024-02-18T10:30:00Z,Imports & Exports,6414.000,Elexon BMRS FUELHH
2024-02-18T10:30:00Z,Nuclear,3798.000,Elexon BMRS FUELHH
2024-02-18T10:30:00Z,Other,171.000,Elexon BMRS FUELHH
2024-02-18T10:30:00Z,Pumped Storage,132.000,Elexon BMRS FUELHH
2024-02-18T10:30:00Z,Wind,8895.000,Elexon BMRS FUELHH
2024-02-18T11:00:00Z,Biomass,2192.000,Elexon BMRS FUELHH
2024-02-18T11:00:00Z,Coal,325.000,Elexon BMRS FUELHH
2024-02-18T11:00:00Z,Gas,5283.000,Elexon BMRS FUELHH
2024-02-18T11:00:00Z,Hydro,727.000,Elexon BMRS FUELHH
2024-02-18T11:00:00Z,Imports & Exports,6394.000,Elexon BMRS FUELHH
2024-02-18T11:00:00Z,Nuclear,3793.000,Elexon BMRS FUELHH
2024-02-18T11:00:00Z,Other,162.000,Elexon BMRS FUELHH
2024-02-18T11:00:00Z,Pumped Storage,-68.000,Elexon BMRS FUELHH
2024-02-18T11:00:00Z,Wind,9019.000,Elexon BMRS FUELHH
2024-02-18T11:30:00Z,Biomass,2208.000,Elexon BMRS FUELHH
2024-02-18T11:30:00Z,Coal,382.000,Elexon BMRS FUELHH
2024-02-18T11:30:00Z,Gas,4658.000,Elexon BMRS FUELHH
2024-02-18T11:30:00Z,Hydro,938.000,Elexon BMRS FUELHH
2024-02-18T11:30:00Z,Imports & Exports,6424.000,Elexon BMRS FUELHH
2024-02-18T11:30:00Z,Nuclear,3789.000,Elexon BMRS FUELHH
2024-02-18T11:30:00Z,Other,180.000,Elexon BMRS FUELHH
2024-02-18T11:30:00Z,Pumped Storage,-86.000,Elexon BMRS FUELHH
2024-02-18T11:30:00Z,Wind,9227.000,Elexon BMRS FUELHH
2024-02-18T12:00:00Z,Biomass,2209.000,Elexon BMRS FUELHH
2024-02-18T12:00:00Z,Coal,304.000,Elexon BMRS FUELHH
2024-02-18T12:00:00Z,Gas,4468.000,Elexon BMRS FUELHH
2024-02-18T12:00:00Z,Hydro,647.000,Elexon BMRS FUELHH
2024-02-18T12:00:00Z,Imports & Exports,6310.000,Elexon BMRS FUELHH
2024-02-18T12:00:00Z,Nuclear,3785.000,Elexon BMRS FUELHH
2024-02-18T12:00:00Z,Other,206.000,Elexon BMRS FUELHH
2024-02-18T12:00:00Z,Pumped Storage,-84.000,Elexon BMRS FUELHH
2024-02-18T12:00:00Z,Wind,9808.000,Elexon BMRS FUELHH
2024-02-18T12:30:00Z,Biomass,1974.000,Elexon BMRS FUELHH
2024-02-18T12:30:00Z,Coal,231.000,Elexon BMRS FUELHH
2024-02-18T12:30:00Z,Gas,4156.000,Elexon BMRS FUELHH
2024-02-18T12:30:00Z,Hydro,621.000,Elexon BMRS FUELHH
2024-02-18T12:30:00Z,Imports & Exports,6270.000,Elexon BMRS FUELHH
2024-02-18T12:30:00Z,Nuclear,3790.000,Elexon BMRS FUELHH
2024-02-18T12:30:00Z,Other,208.000,Elexon BMRS FUELHH
2024-02-18T12:30:00Z,Pumped Storage,-48.000,Elexon BMRS FUELHH
2024-02-18T12:30:00Z,Wind,10257.000,Elexon BMRS FUELHH
2024-02-18T13:00:00Z,Biomass,1825.000,Elexon BMRS FUELHH
2024-02-18T13:00:00Z,Coal,230.000,Elexon BMRS FUELHH
2024-02-18T13:00:00Z,Gas,3685.000,Elexon BMRS FUELHH
2024-02-18T13:00:00Z,Hydro,606.000,Elexon BMRS FUELHH
2024-02-18T13:00:00Z,Imports & Exports,6268.000,Elexon BMRS FUELHH
2024-02-18T13:00:00Z,Nuclear,3791.000,Elexon BMRS FUELHH
2024-02-18T13:00:00Z,Other,180.000,Elexon BMRS FUELHH
2024-02-18T13:00:00Z,Pumped Storage,-16.000,Elexon BMRS FUELHH
2024-02-18T13:00:00Z,Wind,10255.000,Elexon BMRS FUELHH
2024-02-18T13:30:00Z,Biomass,1737.000,Elexon BMRS FUELHH
2024-02-18T13:30:00Z,Coal,230.000,Elexon BMRS FUELHH
2024-02-18T13:30:00Z,Gas,3385.000,Elexon BMRS FUELHH
2024-02-18T13:30:00Z,Hydro,605.000,Elexon BMRS FUELHH
2024-02-18T13:30:00Z,Imports & Exports,6268.000,Elexon BMRS FUELHH
2024-02-18T13:30:00Z,Nuclear,3792.000,Elexon BMRS FUELHH
2024-02-18T13:30:00Z,Other,179.000,Elexon BMRS FUELHH
2024-02-18T13:30:00Z,Pumped Storage,-306.000,Elexon BMRS FUELHH
2024-02-18T13:30:00Z,Wind,10316.000,Elexon BMRS FUELHH
2024-02-18T14:00:00Z,Biomass,1508.000,Elexon BMRS FUELHH
2024-02-18T14:00:00Z,Coal,230.000,Elexon BMRS FUELHH
2024-02-18T14:00:00Z,Gas,3598.000,Elexon BMRS FUELHH
2024-02-18T14:00:00Z,Hydro,597.000,Elexon BMRS FUELHH
2024-02-18T14:00:00Z,Imports & Exports,6186.000,Elexon BMRS FUELHH
2024-02-18T14:00:00Z,Nuclear,3788.000,Elexon BMRS FUELHH
2024-02-18T14:00:00Z,Other,203.000,Elexon BMRS FUELHH
2024-02-18T14:00:00Z,Pumped Storage,-600.000,Elexon BMRS FUELHH
2024-02-18T14:00:00Z,Wind,10421.000,Elexon BMRS FUELHH
2024-02-18T14:30:00Z,Biomass,1575.000,Elexon BMRS FUELHH
2024-02-18T14:30:00Z,Coal,243.000,Elexon BMRS FUELHH
2024-02-18T14:30:00Z,Gas,3883.000,Elexon BMRS FUELHH
2024-02-18T14:30:00Z,Hydro,610.000,Elexon BMRS FUELHH
2024-02-18T14:30:00Z,Imports & Exports,6194.000,Elexon BMRS FUELHH
2024-02-18T14:30:00Z,Nuclear,3781.000,Elexon BMRS FUELHH
2024-02-18T14:30:00Z,Other,287.000,Elexon BMRS FUELHH
2024-02-18T14:30:00Z,Pumped Storage,-632.000,Elexon BMRS FUELHH
2024-02-18T14:30:00Z,Wind,10221.000,Elexon BMRS FUELHH
2024-02-18T15:00:00Z,Biomass,1455.000,Elexon BMRS FUELHH
2024-02-18T15:00:00Z,Coal,247.000,Elexon BMRS FUELHH
2024-02-18T15:00:00Z,Gas,4653.000,Elexon BMRS FUELHH
2024-02-18T15:00:00Z,Hydro,630.000,Elexon BMRS FUELHH
2024-02-18T15:00:00Z,Imports & Exports,6406.000,Elexon BMRS FUELHH
2024-02-18T15:00:00Z,Nuclear,3775.000,Elexon BMRS FUELHH
2024-02-18T15:00:00Z,Other,297.000,Elexon BMRS FUELHH
2024-02-18T15:00:00Z,Pumped Storage,-440.000,Elexon BMRS FUELHH
2024-02-18T15:00:00Z,Wind,9887.000,Elexon BMRS FUELHH
2024-02-18T15:30:00Z,Biomass,1877.000,Elexon BMRS FUELHH
2024-02-18T15:30:00Z,Coal,230.000,Elexon BMRS FUELHH
2024-02-18T15:30:00Z,Gas,5784.000,Elexon BMRS FUELHH
2024-02-18T15:30:00Z,Hydro,647.000,Elexon BMRS FUELHH
2024-02-18T15:30:00Z,Imports & Exports,6382.000,Elexon BMRS FUELHH
2024-02-18T15:30:00Z,Nuclear,3787.000,Elexon BMRS FUELHH
2024-02-18T15:30:00Z,Other,278.000,Elexon BMRS FUELHH
2024-02-18T15:30:00Z,Pumped Storage,-408.000,Elexon BMRS FUELHH
2024-02-18T15:30:00Z,Wind,9862.000,Elexon BMRS FUELHH
2024-02-18T16:00:00Z,Biomass,2111.000,Elexon BMRS FUELHH
2024-02-18T16:00:00Z,Coal,229.000,Elexon BMRS FUELHH
2024-02-18T16:00:00Z,Gas,6855.000,Elexon BMRS FUELHH
2024-02-18T16:00:00Z,Hydro,654.000,Elexon BMRS FUELHH
2024-02-18T16:00:00Z,Imports & Exports,6436.000,Elexon BMRS FUELHH
2024-02-18T16:00:00Z,Nuclear,3790.000,Elexon BMRS FUELHH
2024-02-18T16:00:00Z,Other,216.000,Elexon BMRS FUELHH
2024-02-18T16:00:00Z,Pumped Storage,-262.000,Elexon BMRS FUELHH
2024-02-18T16:00:00Z,Wind,9957.000,Elexon BMRS FUELHH
2024-02-18T16:30:00Z,Biomass,1966.000,Elexon BMRS FUELHH
2024-02-18T16:30:00Z,Coal,55.000,Elexon BMRS FUELHH
2024-02-18T16:30:00Z,Gas,8737.000,Elexon BMRS FUELHH
2024-02-18T16:30:00Z,Hydro,804.000,Elexon BMRS FUELHH
2024-02-18T16:30:00Z,Imports & Exports,6538.000,Elexon BMRS FUELHH
2024-02-18T16:30:00Z,Nuclear,3789.000,Elexon BMRS FUELHH
2024-02-18T16:30:00Z,Other,241.000,Elexon BMRS FUELHH
2024-02-18T16:30:00Z,Pumped Storage,114.000,Elexon BMRS FUELHH
2024-02-18T16:30:00Z,Wind,9538.000,Elexon BMRS FUELHH
2024-02-18T17:00:00Z,Biomass,2106.000,Elexon BMRS FUELHH
2024-02-18T17:00:00Z,Coal,0.000,Elexon BMRS FUELHH
2024-02-18T17:00:00Z,Gas,9869.000,Elexon BMRS FUELHH
2024-02-18T17:00:00Z,Hydro,783.000,Elexon BMRS FUELHH
2024-02-18T17:00:00Z,Imports & Exports,6818.000,Elexon BMRS FUELHH
2024-02-18T17:00:00Z,Nuclear,3794.000,Elexon BMRS FUELHH
2024-02-18T17:00:00Z,Other,325.000,Elexon BMRS FUELHH
2024-02-18T17:00:00Z,Pumped Storage,796.000,Elexon BMRS FUELHH
2024-02-18T17:00:00Z,Wind,9074.000,Elexon BMRS FUELHH
2024-02-18T17:30:00Z,Biomass,2318.000,Elexon BMRS FUELHH
2024-02-18T17:30:00Z,Coal,0.000,Elexon BMRS FUELHH
2024-02-18T17:30:00Z,Gas,10569.000,Elexon BMRS FUELHH
2024-02-18T17:30:00Z,Hydro,766.000,Elexon BMRS FUELHH
2024-02-18T17:30:00Z,Imports & Exports,6924.000,Elexon BMRS FUELHH
2024-02-18T17:30:00Z,Nuclear,3791.000,Elexon BMRS FUELHH
2024-02-18T17:30:00Z,Other,802.000,Elexon BMRS FUELHH
2024-02-18T17:30:00Z,Pumped Storage,1086.000,Elexon BMRS FUELHH
2024-02-18T17:30:00Z,Wind,8785.000,Elexon BMRS FUELHH
2024-02-18T18:00:00Z,Biomass,2319.000,Elexon BMRS FUELHH
2024-02-18T18:00:00Z,Coal,0.000,Elexon BMRS FUELHH
2024-02-18T18:00:00Z,Gas,10625.000,Elexon BMRS FUELHH
2024-02-18T18:00:00Z,Hydro,768.000,Elexon BMRS FUELHH
2024-02-18T18:00:00Z,Imports & Exports,6746.000,Elexon BMRS FUELHH
2024-02-18T18:00:00Z,Nuclear,3788.000,Elexon BMRS FUELHH
2024-02-18T18:00:00Z,Other,993.000,Elexon BMRS FUELHH
2024-02-18T18:00:00Z,Pumped Storage,1328.000,Elexon BMRS FUELHH
2024-02-18T18:00:00Z,Wind,8612.000,Elexon BMRS FUELHH
2024-02-18T18:30:00Z,Biomass,2321.000,Elexon BMRS FUELHH
2024-02-18T18:30:00Z,Coal,0.000,Elexon BMRS FUELHH
2024-02-18T18:30:00Z,Gas,10516.000,Elexon BMRS FUELHH
2024-02-18T18:30:00Z,Hydro,731.000,Elexon BMRS FUELHH
2024-02-18T18:30:00Z,Imports & Exports,6772.000,Elexon BMRS FUELHH
2024-02-18T18:30:00Z,Nuclear,3788.000,Elexon BMRS FUELHH
2024-02-18T18:30:00Z,Other,891.000,Elexon BMRS FUELHH
2024-02-18T18:30:00Z,Pumped Storage,1482.000,Elexon BMRS FUELHH
2024-02-18T18:30:00Z,Wind,7993.000,Elexon BMRS FUELHH
2024-02-18T19:00:00Z,Biomass,2307.000,Elexon BMRS FUELHH
2024-02-18T19:00:00Z,Coal,0.000,Elexon BMRS FUELHH
2024-02-18T19:00:00Z,Gas,10545.000,Elexon BMRS FUELHH
2024-02-18T19:00:00Z,Hydro,758.000,Elexon BMRS FUELHH
2024-02-18T19:00:00Z,Imports & Exports,6578.000,Elexon BMRS FUELHH
2024-02-18T19:00:00Z,Nuclear,3791.000,Elexon BMRS FUELHH
2024-02-18T19:00:00Z,Other,493.000,Elexon BMRS FUELHH
2024-02-18T19:00:00Z,Pumped Storage,1056.000,Elexon BMRS FUELHH
2024-02-18T19:00:00Z,Wind,7821.000,Elexon BMRS FUELHH
2024-02-18T19:30:00Z,Biomass,2317.000,Elexon BMRS FUELHH
2024-02-18T19:30:00Z,Coal,0.000,Elexon BMRS FUELHH
2024-02-18T19:30:00Z,Gas,10295.000,Elexon BMRS FUELHH
2024-02-18T19:30:00Z,Hydro,804.000,Elexon BMRS FUELHH
2024-02-18T19:30:00Z,Imports & Exports,6588.000,Elexon BMRS FUELHH
2024-02-18T19:30:00Z,Nuclear,3784.000,Elexon BMRS FUELHH
2024-02-18T19:30:00Z,Other,220.000,Elexon BMRS FUELHH
2024-02-18T19:30:00Z,Pumped Storage,252.000,Elexon BMRS FUELHH
2024-02-18T19:30:00Z,Wind,7988.000,Elexon BMRS FUELHH
2024-02-18T20:00:00Z,Biomass,2316.000,Elexon BMRS FUELHH
2024-02-18T20:00:00Z,Coal,0.000,Elexon BMRS FUELHH
2024-02-18T20:00:00Z,Gas,9592.000,Elexon BMRS FUELHH
2024-02-18T20:00:00Z,Hydro,706.000,Elexon BMRS FUELHH
2024-02-18T20:00:00Z,Imports & Exports,6482.000,Elexon BMRS FUELHH
2024-02-18T20:00:00Z,Nuclear,3781.000,Elexon BMRS FUELHH
2024-02-18T20:00:00Z,Other,217.000,Elexon BMRS FUELHH
2024-02-18T20:00:00Z,Pumped Storage,246.000,Elexon BMRS FUELHH
2024-02-18T20:00:00Z,Wind,7992.000,Elexon BMRS FUELHH
2024-02-18T20:30:00Z,Biomass,2320.000,Elexon BMRS FUELHH
2024-02-18T20:30:00Z,Coal,0.000,Elexon BMRS FUELHH
2024-02-18T20:30:00Z,Gas,8660.000,Elexon BMRS FUELHH
2024-02-18T20:30:00Z,Hydro,694.000,Elexon BMRS FUELHH
2024-02-18T20:30:00Z,Imports & Exports,6436.000,Elexon BMRS FUELHH
2024-02-18T20:30:00Z,Nuclear,3779.000,Elexon BMRS FUELHH
2024-02-18T20:30:00Z,Other,196.000,Elexon BMRS FUELHH
2024-02-18T20:30:00Z,Pumped Storage,4.000,Elexon BMRS FUELHH
2024-02-18T20:30:00Z,Wind,8006.000,Elexon BMRS FUELHH
2024-02-18T21:00:00Z,Biomass,2252.000,Elexon BMRS FUELHH
2024-02-18T21:00:00Z,Coal,0.000,Elexon BMRS FUELHH
2024-02-18T21:00:00Z,Gas,6495.000,Elexon BMRS FUELHH
2024-02-18T21:00:00Z,Hydro,691.000,Elexon BMRS FUELHH
2024-02-18T21:00:00Z,Imports & Exports,6780.000,Elexon BMRS FUELHH
2024-02-18T21:00:00Z,Nuclear,3782.000,Elexon BMRS FUELHH
2024-02-18T21:00:00Z,Other,248.000,Elexon BMRS FUELHH
2024-02-18T21:00:00Z,Pumped Storage,28.000,Elexon BMRS FUELHH
2024-02-18T21:00:00Z,Wind,8344.000,Elexon BMRS FUELHH
2024-02-18T21:30:00Z,Biomass,1968.000,Elexon BMRS FUELHH
2024-02-18T21:30:00Z,Coal,0.000,Elexon BMRS FUELHH
2024-02-18T21:30:00Z,Gas,5120.000,Elexon BMRS FUELHH
2024-02-18T21:30:00Z,Hydro,693.000,Elexon BMRS FUELHH
2024-02-18T21:30:00Z,Imports & Exports,6902.000,Elexon BMRS FUELHH
2024-02-18T21:30:00Z,Nuclear,3788.000,Elexon BMRS FUELHH
2024-02-18T21:30:00Z,Other,204.000,Elexon BMRS FUELHH
2024-02-18T21:30:00Z,Pumped Storage,6.000,Elexon BMRS FUELHH
2024-02-18T21:30:00Z,Wind,8356.000,Elexon BMRS FUELHH
2024-02-18T22:00:00Z,Biomass,1475.000,Elexon BMRS FUELHH
2024-02-18T22:00:00Z,Coal,0.000,Elexon BMRS FUELHH
2024-02-18T22:00:00Z,Gas,4138.000,Elexon BMRS FUELHH
2024-02-18T22:00:00Z,Hydro,639.000,Elexon BMRS FUELHH
2024-02-18T22:00:00Z,Imports & Exports,7016.000,Elexon BMRS FUELHH
2024-02-18T22:00:00Z,Nuclear,3787.000,Elexon BMRS FUELHH
2024-02-18T22:00:00Z,Other,199.000,Elexon BMRS FUELHH
2024-02-18T22:00:00Z,Pumped Storage,4.000,Elexon BMRS FUELHH
2024-02-18T22:00:00Z,Wind,8297.000,Elexon BMRS FUELHH
2024-02-18T22:30:00Z,Biomass,1219.000,Elexon BMRS FUELHH
2024-02-18T22:30:00Z,Coal,0.000,Elexon BMRS FUELHH
2024-02-18T22:30:00Z,Gas,3567.000,Elexon BMRS FUELHH
2024-02-18T22:30:00Z,Hydro,626.000,Elexon BMRS FUELHH
2024-02-18T22:30:00Z,Imports & Exports,7028.000,Elexon BMRS FUELHH
2024-02-18T22:30:00Z,Nuclear,3786.000,Elexon BMRS FUELHH
2024-02-18T22:30:00Z,Other,146.000,Elexon BMRS FUELHH
2024-02-18T22:30:00Z,Pumped Storage,12.000,Elexon BMRS FUELHH
2024-02-18T22:30:00Z,Wind,8661.000,Elexon BMRS FUELHH
2024-02-18T23:00:00Z,Biomass,994.000,Elexon BMRS FUELHH
2024-02-18T23:00:00Z,Coal,0.000,Elexon BMRS FUELHH
2024-02-18T23:00:00Z,Gas,3488.000,Elexon BMRS FUELHH
2024-02-18T23:00:00Z,Hydro,592.000,Elexon BMRS FUELHH
2024-02-18T23:00:00Z,Imports & Exports,6966.000,Elexon BMRS FUELHH
2024-02-18T23:00:00Z,Nuclear,3790.000,Elexon BMRS FUELHH
2024-02-18T23:00:00Z,Other,140.000,Elexon BMRS FUELHH
2024-02-18T23:00:00Z,Pumped Storage,-130.000,Elexon BMRS FUELHH
2024-02-18T23:00:00Z,Wind,8171.000,Elexon BMRS FUELHH
2024-02-18T23:30:00Z,Biomass,987.000,Elexon BMRS FUELHH
2024-02-18T23:30:00Z,Coal,0.000,Elexon BMRS FUELHH
2024-02-18T23:30:00Z,Gas,3416.000,Elexon BMRS FUELHH
2024-02-18T23:30:00Z,Hydro,572.000,Elexon BMRS FUELHH
2024-02-18T23:30:00Z,Imports & Exports,7130.000,Elexon BMRS FUELHH
2024-02-18T23:30:00Z,Nuclear,3795.000,Elexon BMRS FUELHH
2024-02-18T23:30:00Z,Other,139.000,Elexon BMRS FUELHH
2024-02-18T23:30:00Z,Pumped Storage,-316.000,Elexon BMRS FUELHH
2024-02-18T23:30:00Z,Wind,7613.000,Elexon BMRS FUELHH
2024-02-19T00:00:00Z,Biomass,1003.000,Elexon BMRS FUELHH
2024-02-19T00:00:00Z,Coal,0.000,Elexon BMRS FUELHH
2024-02-19T00:00:00Z,Gas,3903.000,Elexon BMRS FUELHH
2024-02-19T00:00:00Z,Hydro,559.000,Elexon BMRS FUELHH
2024-02-19T00:00:00Z,Imports & Exports,4742.000,Elexon BMRS FUELHH
2024-02-19T00:00:00Z,Nuclear,3789.000,Elexon BMRS FUELHH
2024-02-19T00:00:00Z,Other,178.000,Elexon BMRS FUELHH
2024-02-19T00:00:00Z,Pumped Storage,94.000,Elexon BMRS FUELHH
2024-02-19T00:00:00Z,Wind,7955.000,Elexon BMRS FUELHH
2024-02-19T00:30:00Z,Biomass,1008.000,Elexon BMRS FUELHH
2024-02-19T00:30:00Z,Coal,0.000,Elexon BMRS FUELHH
2024-02-19T00:30:00Z,Gas,3426.000,Elexon BMRS FUELHH
2024-02-19T00:30:00Z,Hydro,559.000,Elexon BMRS FUELHH
2024-02-19T00:30:00Z,Imports & Exports,4742.000,Elexon BMRS FUELHH
2024-02-19T00:30:00Z,Nuclear,3794.000,Elexon BMRS FUELHH
2024-02-19T00:30:00Z,Other,207.000,Elexon BMRS FUELHH
2024-02-19T00:30:00Z,Pumped Storage,-396.000,Elexon BMRS FUELHH
2024-02-19T00:30:00Z,Wind,9464.000,Elexon BMRS FUELHH
2024-02-19T01:00:00Z,Biomass,1001.000,Elexon BMRS FUELHH
2024-02-19T01:00:00Z,Coal,0.000,Elexon BMRS FUELHH
2024-02-19T01:00:00Z,Gas,3420.000,Elexon BMRS FUELHH
2024-02-19T01:00:00Z,Hydro,557.000,Elexon BMRS FUELHH
2024-02-19T01:00:00Z,Imports & Exports,4448.000,Elexon BMRS FUELHH
2024-02-19T01:00:00Z,Nuclear,3797.000,Elexon BMRS FUELHH
2024-02-19T01:00:00Z,Other,322.000,Elexon BMRS FUELHH
2024-02-19T01:00:00Z,Pumped Storage,-1060.000,Elexon BMRS FUELHH
2024-02-19T01:00:00Z,Wind,9722.000,Elexon BMRS FUELHH
2024-02-19T01:30:00Z,Biomass,990.000,Elexon BMRS FUELHH
2024-02-19T01:30:00Z,Coal,0.000,Elexon BMRS FUELHH
2024-02-19T01:30:00Z,Gas,3437.000,Elexon BMRS FUELHH
2024-02-19T01:30:00Z,Hydro,555.000,Elexon BMRS FUELHH
2024-02-19T01:30:00Z,Imports & Exports,4340.000,Elexon BMRS FUELHH
2024-02-19T01:30:00Z,Nuclear,3796.000,Elexon BMRS FUELHH
2024-02-19T01:30:00Z,Other,319.000,Elexon BMRS FUELHH
2024-02-19T01:30:00Z,Pumped Storage,-1290.000,Elexon BMRS FUELHH
2024-02-19T01:30:00Z,Wind,9611.000,Elexon BMRS FUELHH
2024-02-19T02:00:00Z,Biomass,984.000,Elexon BMRS FUELHH
2024-02-19T02:00:00Z,Coal,0.000,Elexon BMRS FUELHH
2024-02-19T02:00:00Z,Gas,3811.000,Elexon BMRS FUELHH
2024-02-19T02:00:00Z,Hydro,533.000,Elexon BMRS FUELHH
2024-02-19T02:00:00Z,Imports & Exports,2280.000,Elexon BMRS FUELHH
2024-02-19T02:00:00Z,Nuclear,3798.000,Elexon BMRS FUELHH
2024-02-19T02:00:00Z,Other,298.000,Elexon BMRS FUELHH
2024-02-19T02:00:00Z,Pumped Storage,-1112.000,Elexon BMRS FUELHH
2024-02-19T02:00:00Z,Wind,10856.000,Elexon BMRS FUELHH
2024-02-19T02:30:00Z,Biomass,971.000,Elexon BMRS FUELHH
2024-02-19T02:30:00Z,Coal,0.000,Elexon BMRS FUELHH
2024-02-19T02:30:00Z,Gas,3509.000,Elexon BMRS FUELHH
2024-02-19T02:30:00Z,Hydro,522.000,Elexon BMRS FUELHH
2024-02-19T02:30:00Z,Imports & Exports,2092.000,Elexon BMRS FUELHH
2024-02-19T02:30:00Z,Nuclear,3799.000,Elexon BMRS FUELHH
2024-02-19T02:30:00Z,Other,201.000,Elexon BMRS FUELHH
2024-02-19T02:30:00Z,Pumped Storage,-1208.000,Elexon BMRS FUELHH
2024-02-19T02:30:00Z,Wind,11610.000,Elexon BMRS FUELHH
2024-02-19T03:00:00Z,Biomass,978.000,Elexon BMRS FUELHH
2024-02-19T03:00:00Z,Coal,0.000,Elexon BMRS FUELHH
2024-02-19T03:00:00Z,Gas,3801.000,Elexon BMRS FUELHH
2024-02-19T03:00:00Z,Hydro,524.000,Elexon BMRS FUELHH
2024-02-19T03:00:00Z,Imports & Exports,460.000,Elexon BMRS FUELHH
2024-02-19T03:00:00Z,Nuclear,3798.000,Elexon BMRS FUELHH
2024-02-19T03:00:00Z,Other,328.000,Elexon BMRS FUELHH
2024-02-19T03:00:00Z,Pumped Storage,-766.000,Elexon BMRS FUELHH
2024-02-19T03:00:00Z,Wind,11784.000,Elexon BMRS FUELHH
2024-02-19T03:30:00Z,Biomass,970.000,Elexon BMRS FUELHH
2024-02-19T03:30:00Z,Coal,0.000,Elexon BMRS FUELHH
2024-02-19T03:30:00Z,Gas,3497.000,Elexon BMRS FUELHH
2024-02-19T03:30:00Z,Hydro,533.000,Elexon BMRS FUELHH
2024-02-19T03:30:00Z,Imports & Exports,304.000,Elexon BMRS FUELHH
2024-02-19T03:30:00Z,Nuclear,3796.000,Elexon BMRS FUELHH
2024-02-19T03:30:00Z,Other,193.000,Elexon BMRS FUELHH
2024-02-19T03:30:00Z,Pumped Storage,-1022.000,Elexon BMRS FUELHH
2024-02-19T03:30:00Z,Wind,12527.000,Elexon BMRS FUELHH
2024-02-19T04:00:00Z,Biomass,1149.000,Elexon BMRS FUELHH
2024-02-19T04:00:00Z,Coal,0.000,Elexon BMRS FUELHH
2024-02-19T04:00:00Z,Gas,3842.000,Elexon BMRS FUELHH
2024-02-19T04:00:00Z,Hydro,535.000,Elexon BMRS FUELHH
2024-02-19T04:00:00Z,Imports & Exports,-898.000,Elexon BMRS FUELHH
2024-02-19T04:00:00Z,Nuclear,3789.000,Elexon BMRS FUELHH
2024-02-19T04:00:00Z,Other,218.000,Elexon BMRS FUELHH
2024-02-19T04:00:00Z,Pumped Storage,-1036.000,Elexon BMRS FUELHH
2024-02-19T04:00:00Z,Wind,12652.000,Elexon BMRS FUELHH
2024-02-19T04:30:00Z,Biomass,976.000,Elexon BMRS FUELHH
2024-02-19T04:30:00Z,Coal,0.000,Elexon BMRS FUELHH
2024-02-19T04:30:00Z,Gas,4223.000,Elexon BMRS FUELHH
2024-02-19T04:30:00Z,Hydro,536.000,Elexon BMRS FUELHH
2024-02-19T04:30:00Z,Imports & Exports,-964.000,Elexon BMRS FUELHH
2024-02-19T04:30:00Z,Nuclear,3789.000,Elexon BMRS FUELHH
2024-02-19T04:30:00Z,Other,203.000,Elexon BMRS FUELHH
2024-02-19T04:30:00Z,Pumped Storage,-1216.000,Elexon BMRS FUELHH
2024-02-19T04:30:00Z,Wind,12699.000,Elexon BMRS FUELHH
2024-02-19T05:00:00Z,Biomass,1016.000,Elexon BMRS FUELHH
2024-02-19T05:00:00Z,Coal,0.000,Elexon BMRS FUELHH
2024-02-19T05:00:00Z,Gas,3526.000,Elexon BMRS FUELHH
2024-02-19T05:00:00Z,Hydro,536.000,Elexon BMRS FUELHH
2024-02-19T05:00:00Z,Imports & Exports,-818.000,Elexon BMRS FUELHH
2024-02-19T05:00:00Z,Nuclear,3781.000,Elexon BMRS FUELHH
2024-02-19T05:00:00Z,Other,443.000,Elexon BMRS FUELHH
2024-02-19T05:00:00Z,Pumped Storage,-702.000,Elexon BMRS FUELHH
2024-02-19T05:00:00Z,Wind,12412.000,Elexon BMRS FUELHH
2024-02-19T05:30:00Z,Biomass,1102.000,Elexon BMRS FUELHH
2024-02-19T05:30:00Z,Coal,0.000,Elexon BMRS FUELHH
2024-02-19T05:30:00Z,Gas,4157.000,Elexon BMRS FUELHH
2024-02-19T05:30:00Z,Hydro,511.000,Elexon BMRS FUELHH
2024-02-19T05:30:00Z,Imports & Exports,-666.000,Elexon BMRS FUELHH
2024-02-19T05:30:00Z,Nuclear,3784.000,Elexon BMRS FUELHH
2024-02-19T05:30:00Z,Other,426.000,Elexon BMRS FUELHH
2024-02-19T05:30:00Z,Pumped Storage,-532.000,Elexon BMRS FUELHH
2024-02-19T05:30:00Z,Wind,12418.000,Elexon BMRS FUELHH
2024-02-19T06:00:00Z,Biomass,1581.000,Elexon BMRS FUELHH
2024-02-19T06:00:00Z,Coal,0.000,Elexon BMRS FUELHH
2024-02-19T06:00:00Z,Gas,4233.000,Elexon BMRS FUELHH
2024-02-19T06:00:00Z,Hydro,542.000,Elexon BMRS FUELHH
2024-02-19T06:00:00Z,Imports & Exports,1592.000,Elexon BMRS FUELHH
2024-02-19T06:00:00Z,Nuclear,3782.000,Elexon BMRS FUELHH
2024-02-19T06:00:00Z,Other,403.000,Elexon BMRS FUELHH
2024-02-19T06:00:00Z,Pumped Storage,-700.000,Elexon BMRS FUELHH
2024-02-19T06:00:00Z,Wind,12506.000,Elexon BMRS FUELHH
2024-02-19T06:30:00Z,Biomass,2287.000,Elexon BMRS FUELHH
2024-02-19T06:30:00Z,Coal,0.000,Elexon BMRS FUELHH
2024-02-19T06:30:00Z,Gas,5250.000,Elexon BMRS FUELHH
2024-02-19T06:30:00Z,Hydro,567.000,Elexon BMRS FUELHH
2024-02-19T06:30:00Z,Imports & Exports,1372.000,Elexon BMRS FUELHH
2024-02-19T06:30:00Z,Nuclear,3783.000,Elexon BMRS FUELHH
2024-02-19T06:30:00Z,Other,450.000,Elexon BMRS FUELHH
2024-02-19T06:30:00Z,Pumped Storage,-820.000,Elexon BMRS FUELHH
2024-02-19T06:30:00Z,Wind,13792.000,Elexon BMRS FUELHH
2024-02-19T07:00:00Z,Biomass,2355.000,Elexon BMRS FUELHH
2024-02-19T07:00:00Z,Coal,0.000,Elexon BMRS FUELHH
2024-02-19T07:00:00Z,Gas,6996.000,Elexon BMRS FUELHH
2024-02-19T07:00:00Z,Hydro,748.000,Elexon BMRS FUELHH
2024-02-19T07:00:00Z,Imports & Exports,1372.000,Elexon BMRS FUELHH
2024-02-19T07:00:00Z,Nuclear,3777.000,Elexon BMRS FUELHH
2024-02-19T07:00:00Z,Other,633.000,Elexon BMRS FUELHH
2024-02-19T07:00:00Z,Pumped Storage,-640.000,Elexon BMRS FUELHH
2024-02-19T07:00:00Z,Wind,14058.000,Elexon BMRS FUELHH
2024-02-19T07:30:00Z,Biomass,2482.000,Elexon BMRS FUELHH
2024-02-19T07:30:00Z,Coal,0.000,Elexon BMRS FUELHH
2024-02-19T07:30:00Z,Gas,8197.000,Elexon BMRS FUELHH
2024-02-19T07:30:00Z,Hydro,806.000,Elexon BMRS FUELHH
2024-02-19T07:30:00Z,Imports & Exports,1478.000,Elexon BMRS FUELHH
2024-02-19T07:30:00Z,Nuclear,3784.000,Elexon BMRS FUELHH
2024-02-19T07:30:00Z,Other,744.000,Elexon BMRS FUELHH
2024-02-19T07:30:00Z,Pumped Storage,-676.000,Elexon BMRS FUELHH
2024-02-19T07:30:00Z,Wind,14357.000,Elexon BMRS FUELHH
2024-02-19T08:00:00Z,Biomass,2488.000,Elexon BMRS FUELHH
2024-02-19T08:00:00Z,Coal,0.000,Elexon BMRS FUELHH
2024-02-19T08:00:00Z,Gas,8404.000,Elexon BMRS FUELHH
2024-02-19T08:00:00Z,Hydro,755.000,Elexon BMRS FUELHH
2024-02-19T08:00:00Z,Imports & Exports,3448.000,Elexon BMRS FUELHH
2024-02-19T08:00:00Z,Nuclear,3780.000,Elexon BMRS FUELHH
2024-02-19T08:00:00Z,Other,412.000,Elexon BMRS FUELHH
2024-02-19T08:00:00Z,Pumped Storage,-636.000,Elexon BMRS FUELHH
2024-02-19T08:00:00Z,Wind,13803.000,Elexon BMRS FUELHH
2024-02-19T08:30:00Z,Biomass,2485.000,Elexon BMRS FUELHH
2024-02-19T08:30:00Z,Coal,0.000,Elexon BMRS FUELHH
2024-02-19T08:30:00Z,Gas,8039.000,Elexon BMRS FUELHH
2024-02-19T08:30:00Z,Hydro,798.000,Elexon BMRS FUELHH
2024-02-19T08:30:00Z,Imports & Exports,3522.000,Elexon BMRS FUELHH
2024-02-19T08:30:00Z,Nuclear,3782.000,Elexon BMRS FUELHH
2024-02-19T08:30:00Z,Other,402.000,Elexon BMRS FUELHH
2024-02-19T08:30:00Z,Pumped Storage,-222.000,Elexon BMRS FUELHH
2024-02-19T08:30:00Z,Wind,13527.000,Elexon BMRS FUELHH
2024-02-19T09:00:00Z,Biomass,2499.000,Elexon BMRS FUELHH
2024-02-19T09:00:00Z,Coal,0.000,Elexon BMRS FUELHH
2024-02-19T09:00:00Z,Gas,7983.000,Elexon BMRS FUELHH
2024-02-19T09:00:00Z,Hydro,974.000,Elexon BMRS FUELHH
2024-02-19T09:00:00Z,Imports & Exports,3546.000,Elexon BMRS FUELHH
2024-02-19T09:00:00Z,Nuclear,3789.000,Elexon BMRS FUELHH
2024-02-19T09:00:00Z,Other,284.000,Elexon BMRS FUELHH
2024-02-19T09:00:00Z,Pumped Storage,200.000,Elexon BMRS FUELHH
2024-02-19T09:00:00Z,Wind,13099.000,Elexon BMRS FUELHH
2024-02-19T09:30:00Z,Biomass,2505.000,Elexon BMRS FUELHH
2024-02-19T09:30:00Z,Coal,0.000,Elexon BMRS FUELHH
2024-02-19T09:30:00Z,Gas,7490.000,Elexon BMRS FUELHH
2024-02-19T09:30:00Z,Hydro,839.000,Elexon BMRS FUELHH
2024-02-19T09:30:00Z,Imports & Exports,3502.000,Elexon BMRS FUELHH
2024-02-19T09:30:00Z,Nuclear,3788.000,Elexon BMRS FUELHH
2024-02-19T09:30:00Z,Other,217.000,Elexon BMRS FUELHH
2024-02-19T09:30:00Z,Pumped Storage,312.000,Elexon BMRS FUELHH
2024-02-19T09:30:00Z,Wind,13263.000,Elexon BMRS FUELHH
2024-02-19T10:00:00Z,Biomass,2536.000,Elexon BMRS FUELHH
2024-02-19T10:00:00Z,Coal,0.000,Elexon BMRS FUELHH
2024-02-19T10:00:00Z,Gas,7120.000,Elexon BMRS FUELHH
2024-02-19T10:00:00Z,Hydro,801.000,Elexon BMRS FUELHH
2024-02-19T10:00:00Z,Imports & Exports,2848.000,Elexon BMRS FUELHH
2024-02-19T10:00:00Z,Nuclear,3782.000,Elexon BMRS FUELHH
2024-02-19T10:00:00Z,Other,319.000,Elexon BMRS FUELHH
2024-02-19T10:00:00Z,Pumped Storage,378.000,Elexon BMRS FUELHH
2024-02-19T10:00:00Z,Wind,13195.000,Elexon BMRS FUELHH
2024-02-19T10:30:00Z,Biomass,2511.000,Elexon BMRS FUELHH
2024-02-19T10:30:00Z,Coal,0.000,Elexon BMRS FUELHH
2024-02-19T10:30:00Z,Gas,6746.000,Elexon BMRS FUELHH
2024-02-19T10:30:00Z,Hydro,745.000,Elexon BMRS FUELHH
2024-02-19T10:30:00Z,Imports & Exports,2758.000,Elexon BMRS FUELHH
2024-02-19T10:30:00Z,Nuclear,3785.000,Elexon BMRS FUELHH
2024-02-19T10:30:00Z,Other,344.000,Elexon BMRS FUELHH
2024-02-19T10:30:00Z,Pumped Storage,258.000,Elexon BMRS FUELHH
2024-02-19T10:30:00Z,Wind,13695.000,Elexon BMRS FUELHH
2024-02-19T11:00:00Z,Biomass,2533.000,Elexon BMRS FUELHH
2024-02-19T11:00:00Z,Coal,0.000,Elexon BMRS FUELHH
2024-02-19T11:00:00Z,Gas,6922.000,Elexon BMRS FUELHH
2024-02-19T11:00:00Z,Hydro,693.000,Elexon BMRS FUELHH
2024-02-19T11:00:00Z,Imports & Exports,2138.000,Elexon BMRS FUELHH
2024-02-19T11:00:00Z,Nuclear,3789.000,Elexon BMRS FUELHH
2024-02-19T11:00:00Z,Other,443.000,Elexon BMRS FUELHH
2024-02-19T11:00:00Z,Pumped Storage,58.000,Elexon BMRS FUELHH
2024-02-19T11:00:00Z,Wind,13490.000,Elexon BMRS FUELHH
2024-02-19T11:30:00Z,Biomass,2507.000,Elexon BMRS FUELHH
2024-02-19T11:30:00Z,Coal,0.000,Elexon BMRS FUELHH
2024-02-19T11:30:00Z,Gas,6557.000,Elexon BMRS FUELHH
2024-02-19T11:30:00Z,Hydro,685.000,Elexon BMRS FUELHH
2024-02-19T11:30:00Z,Imports & Exports,2084.000,Elexon BMRS FUELHH
2024-02-19T11:30:00Z,Nuclear,3791.000,Elexon BMRS FUELHH
2024-02-19T11:30:00Z,Other,368.000,Elexon BMRS FUELHH
2024-02-19T11:30:00Z,Pumped Storage,14.000,Elexon BMRS FUELHH
2024-02-19T11:30:00Z,Wind,13790.000,Elexon BMRS FUELHH
2024-02-19T12:00:00Z,Biomass,2503.000,Elexon BMRS FUELHH
2024-02-19T12:00:00Z,Coal,0.000,Elexon BMRS FUELHH
2024-02-19T12:00:00Z,Gas,6083.000,Elexon BMRS FUELHH
2024-02-19T12:00:00Z,Hydro,635.000,Elexon BMRS FUELHH
2024-02-19T12:00:00Z,Imports & Exports,2508.000,Elexon BMRS FUELHH
2024-02-19T12:00:00Z,Nuclear,3785.000,Elexon BMRS FUELHH
2024-02-19T12:00:00Z,Other,260.000,Elexon BMRS FUELHH
2024-02-19T12:00:00Z,Pumped Storage,-218.000,Elexon BMRS FUELHH
2024-02-19T12:00:00Z,Wind,14020.000,Elexon BMRS FUELHH
2024-02-19T12:30:00Z,Biomass,2496.000,Elexon BMRS FUELHH
2024-02-19T12:30:00Z,Coal,0.000,Elexon BMRS FUELHH
2024-02-19T12:30:00Z,Gas,6187.000,Elexon BMRS FUELHH
2024-02-19T12:30:00Z,Hydro,655.000,Elexon BMRS FUELHH
2024-02-19T12:30:00Z,Imports & Exports,2512.000,Elexon BMRS FUELHH
2024-02-19T12:30:00Z,Nuclear,3783.000,Elexon BMRS FUELHH
2024-02-19T12:30:00Z,Other,389.000,Elexon BMRS FUELHH
2024-02-19T12:30:00Z,Pumped Storage,-4.000,Elexon BMRS FUELHH
2024-02-19T12:30:00Z,Wind,13615.000,Elexon BMRS FUELHH
2024-02-19T13:00:00Z,Biomass,2492.000,Elexon BMRS FUELHH
2024-02-19T13:00:00Z,Coal,0.000,Elexon BMRS FUELHH
2024-02-19T13:00:00Z,Gas,7025.000,Elexon BMRS FUELHH
2024-02-19T13:00:00Z,Hydro,791.000,Elexon BMRS FUELHH
2024-02-19T13:00:00Z,Imports & Exports,1920.000,Elexon BMRS FUELHH
2024-02-19T13:00:00Z,Nuclear,3784.000,Elexon BMRS FUELHH
2024-02-19T13:00:00Z,Other,462.000,Elexon BMRS FUELHH
2024-02-19T13:00:00Z,Pumped Storage,70.000,Elexon BMRS FUELHH
2024-02-19T13:00:00Z,Wind,13188.000,Elexon BMRS FUELHH
2024-02-19T13:30:00Z,Biomass,2486.000,Elexon BMRS FUELHH
2024-02-19T13:30:00Z,Coal,0.000,Elexon BMRS FUELHH
2024-02-19T13:30:00Z,Gas,7168.000,Elexon BMRS FUELHH
2024-02-19T13:30:00Z,Hydro,792.000,Elexon BMRS FUELHH
2024-02-19T13:30:00Z,Imports & Exports,1912.000,Elexon BMRS FUELHH
2024-02-19T13:30:00Z,Nuclear,3784.000,Elexon BMRS FUELHH
2024-02-19T13:30:00Z,Other,537.000,Elexon BMRS FUELHH
2024-02-19T13:30:00Z,Pumped Storage,-322.000,Elexon BMRS FUELHH
2024-02-19T13:30:00Z,Wind,13048.000,Elexon BMRS FUELHH
2024-02-19T14:00:00Z,Biomass,2490.000,Elexon BMRS FUELHH
2024-02-19T14:00:00Z,Coal,0.000,Elexon BMRS FUELHH
2024-02-19T14:00:00Z,Gas,7444.000,Elexon BMRS FUELHH
2024-02-19T14:00:00Z,Hydro,794.000,Elexon BMRS FUELHH
2024-02-19T14:00:00Z,Imports & Exports,1760.000,Elexon BMRS FUELHH
2024-02-19T14:00:00Z,Nuclear,3781.000,Elexon BMRS FUELHH
2024-02-19T14:00:00Z,Other,484.000,Elexon BMRS FUELHH
2024-02-19T14:00:00Z,Pumped Storage,-296.000,Elexon BMRS FUELHH
2024-02-19T14:00:00Z,Wind,13174.000,Elexon BMRS FUELHH
2024-02-19T14:30:00Z,Biomass,2489.000,Elexon BMRS FUELHH
2024-02-19T14:30:00Z,Coal,0.000,Elexon BMRS FUELHH
2024-02-19T14:30:00Z,Gas,8017.000,Elexon BMRS FUELHH
2024-02-19T14:30:00Z,Hydro,803.000,Elexon BMRS FUELHH
2024-02-19T14:30:00Z,Imports & Exports,1778.000,Elexon BMRS FUELHH
2024-02-19T14:30:00Z,Nuclear,3780.000,Elexon BMRS FUELHH
2024-02-19T14:30:00Z,Other,455.000,Elexon BMRS FUELHH
2024-02-19T14:30:00Z,Pumped Storage,-236.000,Elexon BMRS FUELHH
2024-02-19T14:30:00Z,Wind,13121.000,Elexon BMRS FUELHH
2024-02-19T15:00:00Z,Biomass,2477.000,Elexon BMRS FUELHH
2024-02-19T15:00:00Z,Coal,49.000,Elexon BMRS FUELHH
2024-02-19T15:00:00Z,Gas,8808.000,Elexon BMRS FUELHH
2024-02-19T15:00:00Z,Hydro,836.000,Elexon BMRS FUELHH
2024-02-19T15:00:00Z,Imports & Exports,2006.000,Elexon BMRS FUELHH
2024-02-19T15:00:00Z,Nuclear,3785.000,Elexon BMRS FUELHH
2024-02-19T15:00:00Z,Other,354.000,Elexon BMRS FUELHH
2024-02-19T15:00:00Z,Pumped Storage,-236.000,Elexon BMRS FUELHH
2024-02-19T15:00:00Z,Wind,12834.000,Elexon BMRS FUELHH
2024-02-19T15:30:00Z,Biomass,2481.000,Elexon BMRS FUELHH
2024-02-19T15:30:00Z,Coal,195.000,Elexon BMRS FUELHH
2024-02-19T15:30:00Z,Gas,10213.000,Elexon BMRS FUELHH
2024-02-19T15:30:00Z,Hydro,682.000,Elexon BMRS FUELHH
2024-02-19T15:30:00Z,Imports & Exports,2048.000,Elexon BMRS FUELHH
2024-02-19T15:30:00Z,Nuclear,3784.000,Elexon BMRS FUELHH
2024-02-19T15:30:00Z,Other,237.000,Elexon BMRS FUELHH
2024-02-19T15:30:00Z,Pumped Storage,-156.000,Elexon BMRS FUELHH
2024-02-19T15:30:00Z,Wind,12766.000,Elexon BMRS FUELHH
2024-02-19T16:00:00Z,Biomass,2492.000,Elexon BMRS FUELHH
2024-02-19T16:00:00Z,Coal,353.000,Elexon BMRS FUELHH
2024-02-19T16:00:00Z,Gas,11657.000,Elexon BMRS FUELHH
2024-02-19T16:00:00Z,Hydro,785.000,Elexon BMRS FUELHH
2024-02-19T16:00:00Z,Imports & Exports,2036.000,Elexon BMRS FUELHH
2024-02-19T16:00:00Z,Nuclear,3779.000,Elexon BMRS FUELHH
2024-02-19T16:00:00Z,Other,346.000,Elexon BMRS FUELHH
2024-02-19T16:00:00Z,Pumped Storage,-2.000,Elexon BMRS FUELHH
2024-02-19T16:00:00Z,Wind,11818.000,Elexon BMRS FUELHH
2024-02-19T16:30:00Z,Biomass,2514.000,Elexon BMRS FUELHH
2024-02-19T16:30:00Z,Coal,463.000,Elexon BMRS FUELHH
2024-02-19T16:30:00Z,Gas,12342.000,Elexon BMRS FUELHH
2024-02-19T16:30:00Z,Hydro,1039.000,Elexon BMRS FUELHH
2024-02-19T16:30:00Z,Imports & Exports,2106.000,Elexon BMRS FUELHH
2024-02-19T16:30:00Z,Nuclear,3788.000,Elexon BMRS FUELHH
2024-02-19T16:30:00Z,Other,469.000,Elexon BMRS FUELHH
2024-02-19T16:30:00Z,Pumped Storage,840.000,Elexon BMRS FUELHH
2024-02-19T16:30:00Z,Wind,11360.000,Elexon BMRS FUELHH
2024-02-19T17:00:00Z,Biomass,2540.000,Elexon BMRS FUELHH
2024-02-19T17:00:00Z,Coal,481.000,Elexon BMRS FUELHH
2024-02-19T17:00:00Z,Gas,12624.000,Elexon BMRS FUELHH
2024-02-19T17:00:00Z,Hydro,1053.000,Elexon BMRS FUELHH
2024-02-19T17:00:00Z,Imports & Exports,2458.000,Elexon BMRS FUELHH
2024-02-19T17:00:00Z,Nuclear,3787.000,Elexon BMRS FUELHH
2024-02-19T17:00:00Z,Other,671.000,Elexon BMRS FUELHH
2024-02-19T17:00:00Z,Pumped Storage,1538.000,Elexon BMRS FUELHH
2024-02-19T17:00:00Z,Wind,11270.000,Elexon BMRS FUELHH
2024-02-19T17:30:00Z,Biomass,2541.000,Elexon BMRS FUELHH
2024-02-19T17:30:00Z,Coal,481.000,Elexon BMRS FUELHH
2024-02-19T17:30:00Z,Gas,12808.000,Elexon BMRS FUELHH
2024-02-19T17:30:00Z,Hydro,1038.000,Elexon BMRS FUELHH
2024-02-19T17:30:00Z,Imports & Exports,2584.000,Elexon BMRS FUELHH
2024-02-19T17:30:00Z,Nuclear,3784.000,Elexon BMRS FUELHH
2024-02-19T17:30:00Z,Other,1364.000,Elexon BMRS FUELHH
2024-02-19T17:30:00Z,Pumped Storage,1544.000,Elexon BMRS FUELHH
2024-02-19T17:30:00Z,Wind,11298.000,Elexon BMRS FUELHH
2024-02-19T18:00:00Z,Biomass,2543.000,Elexon BMRS FUELHH
2024-02-19T18:00:00Z,Coal,481.000,Elexon BMRS FUELHH
2024-02-19T18:00:00Z,Gas,11859.000,Elexon BMRS FUELHH
2024-02-19T18:00:00Z,Hydro,1018.000,Elexon BMRS FUELHH
2024-02-19T18:00:00Z,Imports & Exports,4810.000,Elexon BMRS FUELHH
2024-02-19T18:00:00Z,Nuclear,3787.000,Elexon BMRS FUELHH
2024-02-19T18:00:00Z,Other,1144.000,Elexon BMRS FUELHH
2024-02-19T18:00:00Z,Pumped Storage,1604.000,Elexon BMRS FUELHH
2024-02-19T18:00:00Z,Wind,11361.000,Elexon BMRS FUELHH
2024-02-19T18:30:00Z,Biomass,2545.000,Elexon BMRS FUELHH
2024-02-19T18:30:00Z,Coal,480.000,Elexon BMRS FUELHH
2024-02-19T18:30:00Z,Gas,12129.000,Elexon BMRS FUELHH
2024-02-19T18:30:00Z,Hydro,805.000,Elexon BMRS FUELHH
2024-02-19T18:30:00Z,Imports & Exports,4930.000,Elexon BMRS FUELHH
2024-02-19T18:30:00Z,Nuclear,3788.000,Elexon BMRS FUELHH
2024-02-19T18:30:00Z,Other,865.000,Elexon BMRS FUELHH
2024-02-19T18:30:00Z,Pumped Storage,1416.000,Elexon BMRS FUELHH
2024-02-19T18:30:00Z,Wind,11363.000,Elexon BMRS FUELHH
2024-02-19T19:00:00Z,Biomass,2544.000,Elexon BMRS FUELHH
2024-02-19T19:00:00Z,Coal,480.000,Elexon BMRS FUELHH
2024-02-19T19:00:00Z,Gas,12180.000,Elexon BMRS FUELHH
2024-02-19T19:00:00Z,Hydro,762.000,Elexon BMRS FUELHH
2024-02-19T19:00:00Z,Imports & Exports,5480.000,Elexon BMRS FUELHH
2024-02-19T19:00:00Z,Nuclear,3792.000,Elexon BMRS FUELHH
2024-02-19T19:00:00Z,Other,418.000,Elexon BMRS FUELHH
2024-02-19T19:00:00Z,Pumped Storage,734.000,Elexon BMRS FUELHH
2024-02-19T19:00:00Z,Wind,11241.000,Elexon BMRS FUELHH
2024-02-19T19:30:00Z,Biomass,2537.000,Elexon BMRS FUELHH
2024-02-19T19:30:00Z,Coal,479.000,Elexon BMRS FUELHH
2024-02-19T19:30:00Z,Gas,11981.000,Elexon BMRS FUELHH
2024-02-19T19:30:00Z,Hydro,761.000,Elexon BMRS FUELHH
2024-02-19T19:30:00Z,Imports & Exports,5556.000,Elexon BMRS FUELHH
2024-02-19T19:30:00Z,Nuclear,3787.000,Elexon BMRS FUELHH
2024-02-19T19:30:00Z,Other,309.000,Elexon BMRS FUELHH
2024-02-19T19:30:00Z,Pumped Storage,248.000,Elexon BMRS FUELHH
2024-02-19T19:30:00Z,Wind,10674.000,Elexon BMRS FUELHH
2024-02-19T20:00:00Z,Biomass,2543.000,Elexon BMRS FUELHH
2024-02-19T20:00:00Z,Coal,396.000,Elexon BMRS FUELHH
2024-02-19T20:00:00Z,Gas,11849.000,Elexon BMRS FUELHH
2024-02-19T20:00:00Z,Hydro,730.000,Elexon BMRS FUELHH
2024-02-19T20:00:00Z,Imports & Exports,4470.000,Elexon BMRS FUELHH
2024-02-19T20:00:00Z,Nuclear,3792.000,Elexon BMRS FUELHH
2024-02-19T20:00:00Z,Other,236.000,Elexon BMRS FUELHH
2024-02-19T20:00:00Z,Pumped Storage,-116.000,Elexon BMRS FUELHH
2024-02-19T20:00:00Z,Wind,10745.000,Elexon BMRS FUELHH
2024-02-19T20:30:00Z,Biomass,2541.000,Elexon BMRS FUELHH
2024-02-19T20:30:00Z,Coal,238.000,Elexon BMRS FUELHH
2024-02-19T20:30:00Z,Gas,10419.000,Elexon BMRS FUELHH
2024-02-19T20:30:00Z,Hydro,710.000,Elexon BMRS FUELHH
2024-02-19T20:30:00Z,Imports & Exports,4596.000,Elexon BMRS FUELHH
2024-02-19T20:30:00Z,Nuclear,3787.000,Elexon BMRS FUELHH
2024-02-19T20:30:00Z,Other,260.000,Elexon BMRS FUELHH
2024-02-19T20:30:00Z,Pumped Storage,-68.000,Elexon BMRS FUELHH
2024-02-19T20:30:00Z,Wind,10500.000,Elexon BMRS FUELHH
2024-02-19T21:00:00Z,Biomass,2543.000,Elexon BMRS FUELHH
2024-02-19T21:00:00Z,Coal,256.000,Elexon BMRS FUELHH
2024-02-19T21:00:00Z,Gas,8918.000,Elexon BMRS FUELHH
2024-02-19T21:00:00Z,Hydro,700.000,Elexon BMRS FUELHH
2024-02-19T21:00:00Z,Imports & Exports,4682.000,Elexon BMRS FUELHH
2024-02-19T21:00:00Z,Nuclear,3787.000,Elexon BMRS FUELHH
2024-02-19T21:00:00Z,Other,254.000,Elexon BMRS FUELHH
2024-02-19T21:00:00Z,Pumped Storage,-120.000,Elexon BMRS FUELHH
2024-02-19T21:00:00Z,Wind,10642.000,Elexon BMRS FUELHH
2024-02-19T21:30:00Z,Biomass,2539.000,Elexon BMRS FUELHH
2024-02-19T21:30:00Z,Coal,241.000,Elexon BMRS FUELHH
2024-02-19T21:30:00Z,Gas,7130.000,Elexon BMRS FUELHH
2024-02-19T21:30:00Z,Hydro,695.000,Elexon BMRS FUELHH
2024-02-19T21:30:00Z,Imports & Exports,4704.000,Elexon BMRS FUELHH
2024-02-19T21:30:00Z,Nuclear,3787.000,Elexon BMRS FUELHH
2024-02-19T21:30:00Z,Other,231.000,Elexon BMRS FUELHH
2024-02-19T21:30:00Z,Pumped Storage,-116.000,Elexon BMRS FUELHH
2024-02-19T21:30:00Z,Wind,10626.000,Elexon BMRS FUELHH
2024-02-19T22:00:00Z,Biomass,2470.000,Elexon BMRS FUELHH
2024-02-19T22:00:00Z,Coal,231.000,Elexon BMRS FUELHH
2024-02-19T22:00:00Z,Gas,6467.000,Elexon BMRS FUELHH
2024-02-19T22:00:00Z,Hydro,647.000,Elexon BMRS FUELHH
2024-02-19T22:00:00Z,Imports & Exports,3694.000,Elexon BMRS FUELHH
2024-02-19T22:00:00Z,Nuclear,3785.000,Elexon BMRS FUELHH
2024-02-19T22:00:00Z,Other,227.000,Elexon BMRS FUELHH
2024-02-19T22:00:00Z,Pumped Storage,-18.000,Elexon BMRS FUELHH
2024-02-19T22:00:00Z,Wind,10521.000,Elexon BMRS FUELHH
2024-02-19T22:30:00Z,Biomass,2208.000,Elexon BMRS FUELHH
2024-02-19T22:30:00Z,Coal,229.000,Elexon BMRS FUELHH
2024-02-19T22:30:00Z,Gas,5138.000,Elexon BMRS FUELHH
2024-02-19T22:30:00Z,Hydro,620.000,Elexon BMRS FUELHH
2024-02-19T22:30:00Z,Imports & Exports,3776.000,Elexon BMRS FUELHH
2024-02-19T22:30:00Z,Nuclear,3780.000,Elexon BMRS FUELHH
2024-02-19T22:30:00Z,Other,227.000,Elexon BMRS FUELHH
2024-02-19T22:30:00Z,Pumped Storage,30.000,Elexon BMRS FUELHH
2024-02-19T22:30:00Z,Wind,10277.000,Elexon BMRS FUELHH
2024-02-19T23:00:00Z,Biomass,1459.000,Elexon BMRS FUELHH
2024-02-19T23:00:00Z,Coal,229.000,Elexon BMRS FUELHH
2024-02-19T23:00:00Z,Gas,4154.000,Elexon BMRS FUELHH
2024-02-19T23:00:00Z,Hydro,552.000,Elexon BMRS FUELHH
2024-02-19T23:00:00Z,Imports & Exports,4864.000,Elexon BMRS FUELHH
2024-02-19T23:00:00Z,Nuclear,3783.000,Elexon BMRS FUELHH
2024-02-19T23:00:00Z,Other,203.000,Elexon BMRS FUELHH
2024-02-19T23:00:00Z,Pumped Storage,24.000,Elexon BMRS FUELHH
2024-02-19T23:00:00Z,Wind,9524.000,Elexon BMRS FUELHH
2024-02-19T23:30:00Z,Biomass,1207.000,Elexon BMRS FUELHH
2024-02-19T23:30:00Z,Coal,231.000,Elexon BMRS FUELHH
2024-02-19T23:30:00Z,Gas,3646.000,Elexon BMRS FUELHH
2024-02-19T23:30:00Z,Hydro,536.000,Elexon BMRS FUELHH
2024-02-19T23:30:00Z,Imports & Exports,5024.000,Elexon BMRS FUELHH
2024-02-19T23:30:00Z,Nuclear,3787.000,Elexon BMRS FUELHH
2024-02-19T23:30:00Z,Other,210.000,Elexon BMRS FUELHH
2024-02-19T23:30:00Z,Pumped Storage,50.000,Elexon BMRS FUELHH
2024-02-19T23:30:00Z,Wind,9172.000,Elexon BMRS FUELHH
2024-02-20T00:00:00Z,Biomass,1209.000,Elexon BMRS FUELHH
2024-02-20T00:00:00Z,Coal,313.000,Elexon BMRS FUELHH
2024-02-20T00:00:00Z,Gas,3736.000,Elexon BMRS FUELHH
2024-02-20T00:00:00Z,Hydro,520.000,Elexon BMRS FUELHH
2024-02-20T00:00:00Z,Imports & Exports,4766.000,Elexon BMRS FUELHH
2024-02-20T00:00:00Z,Nuclear,3786.000,Elexon BMRS FUELHH
2024-02-20T00:00:00Z,Other,267.000,Elexon BMRS FUELHH
2024-02-20T00:00:00Z,Pumped Storage,-20.000,Elexon BMRS FUELHH
2024-02-20T00:00:00Z,Wind,9124.000,Elexon BMRS FUELHH
2024-02-20T00:30:00Z,Biomass,1207.000,Elexon BMRS FUELHH
2024-02-20T00:30:00Z,Coal,457.000,Elexon BMRS FUELHH
2024-02-20T00:30:00Z,Gas,3814.000,Elexon BMRS FUELHH
2024-02-20T00:30:00Z,Hydro,499.000,Elexon BMRS FUELHH
2024-02-20T00:30:00Z,Imports & Exports,4946.000,Elexon BMRS FUELHH
2024-02-20T00:30:00Z,Nuclear,3787.000,Elexon BMRS FUELHH
2024-02-20T00:30:00Z,Other,304.000,Elexon BMRS FUELHH
2024-02-20T00:30:00Z,Pumped Storage,-102.000,Elexon BMRS FUELHH
2024-02-20T00:30:00Z,Wind,9150.000,Elexon BMRS FUELHH
2024-02-20T01:00:00Z,Biomass,1205.000,Elexon BMRS FUELHH
2024-02-20T01:00:00Z,Coal,331.000,Elexon BMRS FUELHH
2024-02-20T01:00:00Z,Gas,3085.000,Elexon BMRS FUELHH
2024-02-20T01:00:00Z,Hydro,490.000,Elexon BMRS FUELHH
2024-02-20T01:00:00Z,Imports & Exports,5962.000,Elexon BMRS FUELHH
2024-02-20T01:00:00Z,Nuclear,3792.000,Elexon BMRS FUELHH
2024-02-20T01:00:00Z,Other,236.000,Elexon BMRS FUELHH
2024-02-20T01:00:00Z,Pumped Storage,-576.000,Elexon BMRS FUELHH
2024-02-20T01:00:00Z,Wind,9405.000,Elexon BMRS FUELHH
2024-02-20T01:30:00Z,Biomass,1201.000,Elexon BMRS FUELHH
2024-02-20T01:30:00Z,Coal,252.000,Elexon BMRS FUELHH
2024-02-20T01:30:00Z,Gas,2778.000,Elexon BMRS FUELHH
2024-02-20T01:30:00Z,Hydro,490.000,Elexon BMRS FUELHH
2024-02-20T01:30:00Z,Imports & Exports,6028.000,Elexon BMRS FUELHH
2024-02-20T01:30:00Z,Nuclear,3795.000,Elexon BMRS FUELHH
2024-02-20T01:30:00Z,Other,200.000,Elexon BMRS FUELHH
2024-02-20T01:30:00Z,Pumped Storage,-692.000,Elexon BMRS FUELHH
2024-02-20T01:30:00Z,Wind,9558.000,Elexon BMRS FUELHH
2024-02-20T02:00:00Z,Biomass,1169.000,Elexon BMRS FUELHH
2024-02-20T02:00:00Z,Coal,230.000,Elexon BMRS FUELHH
2024-02-20T02:00:00Z,Gas,2970.000,Elexon BMRS FUELHH
2024-02-20T02:00:00Z,Hydro,479.000,Elexon BMRS FUELHH
2024-02-20T02:00:00Z,Imports & Exports,5370.000,Elexon BMRS FUELHH
2024-02-20T02:00:00Z,Nuclear,3793.000,Elexon BMRS FUELHH
2024-02-20T02:00:00Z,Other,202.000,Elexon BMRS FUELHH
2024-02-20T02:00:00Z,Pumped Storage,-752.000,Elexon BMRS FUELHH
2024-02-20T02:00:00Z,Wind,9655.000,Elexon BMRS FUELHH
2024-02-20T02:30:00Z,Biomass,1172.000,Elexon BMRS FUELHH
2024-02-20T02:30:00Z,Coal,244.000,Elexon BMRS FUELHH
2024-02-20T02:30:00Z,Gas,3070.000,Elexon BMRS FUELHH
2024-02-20T02:30:00Z,Hydro,457.000,Elexon BMRS FUELHH
2024-02-20T02:30:00Z,Imports & Exports,5228.000,Elexon BMRS FUELHH
2024-02-20T02:30:00Z,Nuclear,3797.000,Elexon BMRS FUELHH
2024-02-20T02:30:00Z,Other,195.000,Elexon BMRS FUELHH
2024-02-20T02:30:00Z,Pumped Storage,-894.000,Elexon BMRS FUELHH
2024-02-20T02:30:00Z,Wind,9451.000,Elexon BMRS FUELHH
2024-02-20T03:00:00Z,Biomass,1173.000,Elexon BMRS FUELHH
2024-02-20T03:00:00Z,Coal,316.000,Elexon BMRS FUELHH
2024-02-20T03:00:00Z,Gas,3573.000,Elexon BMRS FUELHH
2024-02-20T03:00:00Z,Hydro,476.000,Elexon BMRS FUELHH
2024-02-20T03:00:00Z,Imports & Exports,4044.000,Elexon BMRS FUELHH
2024-02-20T03:00:00Z,Nuclear,3796.000,Elexon BMRS FUELHH
2024-02-20T03:00:00Z,Other,200.000,Elexon BMRS FUELHH
2024-02-20T03:00:00Z,Pumped Storage,-1070.000,Elexon BMRS FUELHH
2024-02-20T03:00:00Z,Wind,9440.000,Elexon BMRS FUELHH
2024-02-20T03:30:00Z,Biomass,1188.000,Elexon BMRS FUELHH
2024-02-20T03:30:00Z,Coal,293.000,Elexon BMRS FUELHH
2024-02-20T03:30:00Z,Gas,3404.000,Elexon BMRS FUELHH
2024-02-20T03:30:00Z,Hydro,477.000,Elexon BMRS FUELHH
2024-02-20T03:30:00Z,Imports & Exports,3924.000,Elexon BMRS FUELHH
2024-02-20T03:30:00Z,Nuclear,3789.000,Elexon BMRS FUELHH
2024-02-20T03:30:00Z,Other,236.000,Elexon BMRS FUELHH
2024-02-20T03:30:00Z,Pumped Storage,-1084.000,Elexon BMRS FUELHH
2024-02-20T03:30:00Z,Wind,9358.000,Elexon BMRS FUELHH
2024-02-20T04:00:00Z,Biomass,1491.000,Elexon BMRS FUELHH
2024-02-20T04:00:00Z,Coal,302.000,Elexon BMRS FUELHH
2024-02-20T04:00:00Z,Gas,4185.000,Elexon BMRS FUELHH
2024-02-20T04:00:00Z,Hydro,474.000,Elexon BMRS FUELHH
2024-02-20T04:00:00Z,Imports & Exports,2210.000,Elexon BMRS FUELHH
2024-02-20T04:00:00Z,Nuclear,3792.000,Elexon BMRS FUELHH
2024-02-20T04:00:00Z,Other,281.000,Elexon BMRS FUELHH
2024-02-20T04:00:00Z,Pumped Storage,-708.000,Elexon BMRS FUELHH
2024-02-20T04:00:00Z,Wind,8933.000,Elexon BMRS FUELHH
2024-02-20T04:30:00Z,Biomass,1663.000,Elexon BMRS FUELHH
2024-02-20T04:30:00Z,Coal,425.000,Elexon BMRS FUELHH
2024-02-20T04:30:00Z,Gas,4280.000,Elexon BMRS FUELHH
2024-02-20T04:30:00Z,Hydro,474.000,Elexon BMRS FUELHH
2024-02-20T04:30:00Z,Imports & Exports,2006.000,Elexon BMRS FUELHH
2024-02-20T04:30:00Z,Nuclear,3783.000,Elexon BMRS FUELHH
2024-02-20T04:30:00Z,Other,292.000,Elexon BMRS FUELHH
2024-02-20T04:30:00Z,Pumped Storage,-730.000,Elexon BMRS FUELHH
2024-02-20T04:30:00Z,Wind,8560.000,Elexon BMRS FUELHH
2024-02-20T05:00:00Z,Biomass,1810.000,Elexon BMRS FUELHH
2024-02-20T05:00:00Z,Coal,479.000,Elexon BMRS FUELHH
2024-02-20T05:00:00Z,Gas,5212.000,Elexon BMRS FUELHH
2024-02-20T05:00:00Z,Hydro,505.000,Elexon BMRS FUELHH
2024-02-20T05:00:00Z,Imports & Exports,58.000,Elexon BMRS FUELHH
2024-02-20T05:00:00Z,Nuclear,3786.000,Elexon BMRS FUELHH
2024-02-20T05:00:00Z,Other,332.000,Elexon BMRS FUELHH
2024-02-20T05:00:00Z,Pumped Storage,-130.000,Elexon BMRS FUELHH
2024-02-20T05:00:00Z,Wind,8819.000,Elexon BMRS FUELHH
2024-02-20T05:30:00Z,Biomass,1748.000,Elexon BMRS FUELHH
2024-02-20T05:30:00Z,Coal,479.000,Elexon BMRS FUELHH
2024-02-20T05:30:00Z,Gas,6459.000,Elexon BMRS FUELHH
2024-02-20T05:30:00Z,Hydro,512.000,Elexon BMRS FUELHH
2024-02-20T05:30:00Z,Imports & Exports,-40.000,Elexon BMRS FUELHH
2024-02-20T05:30:00Z,Nuclear,3783.000,Elexon BMRS FUELHH
2024-02-20T05:30:00Z,Other,294.000,Elexon BMRS FUELHH
2024-02-20T05:30:00Z,Pumped Storage,-72.000,Elexon BMRS FUELHH
2024-02-20T05:30:00Z,Wind,9050.000,Elexon BMRS FUELHH
2024-02-20T06:00:00Z,Biomass,2113.000,Elexon BMRS FUELHH
2024-02-20T06:00:00Z,Coal,480.000,Elexon BMRS FUELHH
2024-02-20T06:00:00Z,Gas,7908.000,Elexon BMRS FUELHH
2024-02-20T06:00:00Z,Hydro,580.000,Elexon BMRS FUELHH
2024-02-20T06:00:00Z,Imports & Exports,-462.000,Elexon BMRS FUELHH
2024-02-20T06:00:00Z,Nuclear,3783.000,Elexon BMRS FUELHH
2024-02-20T06:00:00Z,Other,352.000,Elexon BMRS FUELHH
2024-02-20T06:00:00Z,Pumped Storage,78.000,Elexon BMRS FUELHH
2024-02-20T06:00:00Z,Wind,9618.000,Elexon BMRS FUELHH
2024-02-20T06:30:00Z,Biomass,2416.000,Elexon BMRS FUELHH
2024-02-20T06:30:00Z,Coal,480.000,Elexon BMRS FUELHH
2024-02-20T06:30:00Z,Gas,8411.000,Elexon BMRS FUELHH
2024-02-20T06:30:00Z,Hydro,600.000,Elexon BMRS FUELHH
2024-02-20T06:30:00Z,Imports & Exports,-468.000,Elexon BMRS FUELHH
2024-02-20T06:30:00Z,Nuclear,3782.000,Elexon BMRS FUELHH
2024-02-20T06:30:00Z,Other,854.000,Elexon BMRS FUELHH
2024-02-20T06:30:00Z,Pumped Storage,68.000,Elexon BMRS FUELHH
2024-02-20T06:30:00Z,Wind,10304.000,Elexon BMRS FUELHH
2024-02-20T07:00:00Z,Biomass,2475.000,Elexon BMRS FUELHH
2024-02-20T07:00:00Z,Coal,479.000,Elexon BMRS FUELHH
2024-02-20T07:00:00Z,Gas,8786.000,Elexon BMRS FUELHH
2024-02-20T07:00:00Z,Hydro,613.000,Elexon BMRS FUELHH
2024-02-20T07:00:00Z,Imports & Exports,424.000,Elexon BMRS FUELHH
2024-02-20T07:00:00Z,Nuclear,3778.000,Elexon BMRS FUELHH
2024-02-20T07:00:00Z,Other,1115.000,Elexon BMRS FUELHH
2024-02-20T07:00:00Z,Pumped Storage,372.000,Elexon BMRS FUELHH
2024-02-20T07:00:00Z,Wind,11349.000,Elexon BMRS FUELHH
2024-02-20T07:30:00Z,Biomass,2501.000,Elexon BMRS FUELHH
2024-02-20T07:30:00Z,Coal,479.000,Elexon BMRS FUELHH
2024-02-20T07:30:00Z,Gas,9186.000,Elexon BMRS FUELHH
2024-02-20T07:30:00Z,Hydro,786.000,Elexon BMRS FUELHH
2024-02-20T07:30:00Z,Imports & Exports,438.000,Elexon BMRS FUELHH
2024-02-20T07:30:00Z,Nuclear,3785.000,Elexon BMRS FUELHH
2024-02-20T07:30:00Z,Other,1326.000,Elexon BMRS FUELHH
2024-02-20T07:30:00Z,Pumped Storage,330.000,Elexon BMRS FUELHH
2024-02-20T07:30:00Z,Wind,11826.000,Elexon BMRS FUELHH
2024-02-20T08:00:00Z,Biomass,2511.000,Elexon BMRS FUELHH
2024-02-20T08:00:00Z,Coal,480.000,Elexon BMRS FUELHH
2024-02-20T08:00:00Z,Gas,9300.000,Elexon BMRS FUELHH
2024-02-20T08:00:00Z,Hydro,892.000,Elexon BMRS FUELHH
2024-02-20T08:00:00Z,Imports & Exports,1416.000,Elexon BMRS FUELHH
2024-02-20T08:00:00Z,Nuclear,3781.000,Elexon BMRS FUELHH
2024-02-20T08:00:00Z,Other,1099.000,Elexon BMRS FUELHH
2024-02-20T08:00:00Z,Pumped Storage,246.000,Elexon BMRS FUELHH
2024-02-20T08:00:00Z,Wind,12445.000,Elexon BMRS FUELHH
2024-02-20T08:30:00Z,Biomass,2516.000,Elexon BMRS FUELHH
2024-02-20T08:30:00Z,Coal,480.000,Elexon BMRS FUELHH
2024-02-20T08:30:00Z,Gas,9229.000,Elexon BMRS FUELHH
2024-02-20T08:30:00Z,Hydro,861.000,Elexon BMRS FUELHH
2024-02-20T08:30:00Z,Imports & Exports,1254.000,Elexon BMRS FUELHH
2024-02-20T08:30:00Z,Nuclear,3784.000,Elexon BMRS FUELHH
2024-02-20T08:30:00Z,Other,922.000,Elexon BMRS FUELHH
2024-02-20T08:30:00Z,Pumped Storage,230.000,Elexon BMRS FUELHH
2024-02-20T08:30:00Z,Wind,13065.000,Elexon BMRS FUELHH
2024-02-20T09:00:00Z,Biomass,2513.000,Elexon BMRS FUELHH
2024-02-20T09:00:00Z,Coal,481.000,Elexon BMRS FUELHH
2024-02-20T09:00:00Z,Gas,9128.000,Elexon BMRS FUELHH
2024-02-20T09:00:00Z,Hydro,806.000,Elexon BMRS FUELHH
2024-02-20T09:00:00Z,Imports & Exports,2366.000,Elexon BMRS FUELHH
2024-02-20T09:00:00Z,Nuclear,3786.000,Elexon BMRS FUELHH
2024-02-20T09:00:00Z,Other,581.000,Elexon BMRS FUELHH
2024-02-20T09:00:00Z,Pumped Storage,-16.000,Elexon BMRS FUELHH
2024-02-20T09:00:00Z,Wind,13490.000,Elexon BMRS FUELHH
2024-02-20T09:30:00Z,Biomass,2521.000,Elexon BMRS FUELHH
2024-02-20T09:30:00Z,Coal,481.000,Elexon BMRS FUELHH
2024-02-20T09:30:00Z,Gas,8594.000,Elexon BMRS FUELHH
2024-02-20T09:30:00Z,Hydro,796.000,Elexon BMRS FUELHH
2024-02-20T09:30:00Z,Imports & Exports,2288.000,Elexon BMRS FUELHH
2024-02-20T09:30:00Z,Nuclear,3788.000,Elexon BMRS FUELHH
2024-02-20T09:30:00Z,Other,556.000,Elexon BMRS FUELHH
2024-02-20T09:30:00Z,Pumped Storage,164.000,Elexon BMRS FUELHH
2024-02-20T09:30:00Z,Wind,14112.000,Elexon BMRS FUELHH
2024-02-20T10:00:00Z,Biomass,2520.000,Elexon BMRS FUELHH
2024-02-20T10:00:00Z,Coal,363.000,Elexon BMRS FUELHH
2024-02-20T10:00:00Z,Gas,7629.000,Elexon BMRS FUELHH
2024-02-20T10:00:00Z,Hydro,626.000,Elexon BMRS FUELHH
2024-02-20T10:00:00Z,Imports & Exports,2854.000,Elexon BMRS FUELHH
2024-02-20T10:00:00Z,Nuclear,3791.000,Elexon BMRS FUELHH
2024-02-20T10:00:00Z,Other,500.000,Elexon BMRS FUELHH
2024-02-20T10:00:00Z,Pumped Storage,122.000,Elexon BMRS FUELHH
2024-02-20T10:00:00Z,Wind,14536.000,Elexon BMRS FUELHH
2024-02-20T10:30:00Z,Biomass,2521.000,Elexon BMRS FUELHH
2024-02-20T10:30:00Z,Coal,229.000,Elexon BMRS FUELHH
2024-02-20T10:30:00Z,Gas,6816.000,Elexon BMRS FUELHH
2024-02-20T10:30:00Z,Hydro,585.000,Elexon BMRS FUELHH
2024-02-20T10:30:00Z,Imports & Exports,3128.000,Elexon BMRS FUELHH
2024-02-20T10:30:00Z,Nuclear,3794.000,Elexon BMRS FUELHH
2024-02-20T10:30:00Z,Other,475.000,Elexon BMRS FUELHH
2024-02-20T10:30:00Z,Pumped Storage,-18.000,Elexon BMRS FUELHH
2024-02-20T10:30:00Z,Wind,14469.000,Elexon BMRS FUELHH
2024-02-20T11:00:00Z,Biomass,2497.000,Elexon BMRS FUELHH
2024-02-20T11:00:00Z,Coal,236.000,Elexon BMRS FUELHH
2024-02-20T11:00:00Z,Gas,5313.000,Elexon BMRS FUELHH
2024-02-20T11:00:00Z,Hydro,579.000,Elexon BMRS FUELHH
2024-02-20T11:00:00Z,Imports & Exports,4006.000,Elexon BMRS FUELHH
2024-02-20T11:00:00Z,Nuclear,3791.000,Elexon BMRS FUELHH
2024-02-20T11:00:00Z,Other,353.000,Elexon BMRS FUELHH
2024-02-20T11:00:00Z,Pumped Storage,146.000,Elexon BMRS FUELHH
2024-02-20T11:00:00Z,Wind,14804.000,Elexon BMRS FUELHH
2024-02-20T11:30:00Z,Biomass,2515.000,Elexon BMRS FUELHH
2024-02-20T11:30:00Z,Coal,192.000,Elexon BMRS FUELHH
2024-02-20T11:30:00Z,Gas,4849.000,Elexon BMRS FUELHH
2024-02-20T11:30:00Z,Hydro,547.000,Elexon BMRS FUELHH
2024-02-20T11:30:00Z,Imports & Exports,4232.000,Elexon BMRS FUELHH
2024-02-20T11:30:00Z,Nuclear,3797.000,Elexon BMRS FUELHH
2024-02-20T11:30:00Z,Other,286.000,Elexon BMRS FUELHH
2024-02-20T11:30:00Z,Pumped Storage,60.000,Elexon BMRS FUELHH
2024-02-20T11:30:00Z,Wind,14954.000,Elexon BMRS FUELHH
2024-02-20T12:00:00Z,Biomass,2486.000,Elexon BMRS FUELHH
2024-02-20T12:00:00Z,Coal,0.000,Elexon BMRS FUELHH
2024-02-20T12:00:00Z,Gas,4414.000,Elexon BMRS FUELHH
2024-02-20T12:00:00Z,Hydro,540.000,Elexon BMRS FUELHH
2024-02-20T12:00:00Z,Imports & Exports,5214.000,Elexon BMRS FUELHH
2024-02-20T12:00:00Z,Nuclear,3798.000,Elexon BMRS FUELHH
2024-02-20T12:00:00Z,Other,198.000,Elexon BMRS FUELHH
2024-02-20T12:00:00Z,Pumped Storage,-14.000,Elexon BMRS FUELHH
2024-02-20T12:00:00Z,Wind,15159.000,Elexon BMRS FUELHH
2024-02-20T12:30:00Z,Biomass,2264.000,Elexon BMRS FUELHH
2024-02-20T12:30:00Z,Coal,0.000,Elexon BMRS FUELHH
2024-02-20T12:30:00Z,Gas,4093.000,Elexon BMRS FUELHH
2024-02-20T12:30:00Z,Hydro,538.000,Elexon BMRS FUELHH
2024-02-20T12:30:00Z,Imports & Exports,5190.000,Elexon BMRS FUELHH
2024-02-20T12:30:00Z,Nuclear,3794.000,Elexon BMRS FUELHH
2024-02-20T12:30:00Z,Other,198.000,Elexon BMRS FUELHH
2024-02-20T12:30:00Z,Pumped Storage,8.000,Elexon BMRS FUELHH
2024-02-20T12:30:00Z,Wind,15410.000,Elexon BMRS FUELHH
2024-02-20T13:00:00Z,Biomass,2360.000,Elexon BMRS FUELHH
2024-02-20T13:00:00Z,Coal,0.000,Elexon BMRS FUELHH
2024-02-20T13:00:00Z,Gas,4797.000,Elexon BMRS FUELHH
2024-02-20T13:00:00Z,Hydro,563.000,Elexon BMRS FUELHH
2024-02-20T13:00:00Z,Imports & Exports,4104.000,Elexon BMRS FUELHH
2024-02-20T13:00:00Z,Nuclear,3794.000,Elexon BMRS FUELHH
2024-02-20T13:00:00Z,Other,221.000,Elexon BMRS FUELHH
2024-02-20T13:00:00Z,Pumped Storage,-14.000,Elexon BMRS FUELHH
2024-02-20T13:00:00Z,Wind,15110.000,Elexon BMRS FUELHH
2024-02-20T13:30:00Z,Biomass,2490.000,Elexon BMRS FUELHH
2024-02-20T13:30:00Z,Coal,0.000,Elexon BMRS FUELHH
2024-02-20T13:30:00Z,Gas,4153.000,Elexon BMRS FUELHH
2024-02-20T13:30:00Z,Hydro,552.000,Elexon BMRS FUELHH
2024-02-20T13:30:00Z,Imports & Exports,3968.000,Elexon BMRS FUELHH
2024-02-20T13:30:00Z,Nuclear,3796.000,Elexon BMRS FUELHH
2024-02-20T13:30:00Z,Other,251.000,Elexon BMRS FUELHH
2024-02-20T13:30:00Z,Pumped Storage,-14.000,Elexon BMRS FUELHH
2024-02-20T13:30:00Z,Wind,15198.000,Elexon BMRS FUELHH
2024-02-20T14:00:00Z,Biomass,2342.000,Elexon BMRS FUELHH
2024-02-20T14:00:00Z,Coal,0.000,Elexon BMRS FUELHH
2024-02-20T14:00:00Z,Gas,3961.000,Elexon BMRS FUELHH
2024-02-20T14:00:00Z,Hydro,558.000,Elexon BMRS FUELHH
2024-02-20T14:00:00Z,Imports & Exports,3762.000,Elexon BMRS FUELHH
2024-02-20T14:00:00Z,Nuclear,3792.000,Elexon BMRS FUELHH
2024-02-20T14:00:00Z,Other,245.000,Elexon BMRS FUELHH
2024-02-20T14:00:00Z,Pumped Storage,-14.000,Elexon BMRS FUELHH
2024-02-20T14:00:00Z,Wind,15008.000,Elexon BMRS FUELHH
2024-02-20T14:30:00Z,Biomass,2507.000,Elexon BMRS FUELHH
2024-02-20T14:30:00Z,Coal,0.000,Elexon BMRS FUELHH
2024-02-20T14:30:00Z,Gas,4264.000,Elexon BMRS FUELHH
2024-02-20T14:30:00Z,Hydro,568.000,Elexon BMRS FUELHH
2024-02-20T14:30:00Z,Imports & Exports,3692.000,Elexon BMRS FUELHH
2024-02-20T14:30:00Z,Nuclear,3756.000,Elexon BMRS FUELHH
2024-02-20T14:30:00Z,Other,222.000,Elexon BMRS FUELHH
2024-02-20T14:30:00Z,Pumped Storage,108.000,Elexon BMRS FUELHH
2024-02-20T14:30:00Z,Wind,14944.000,Elexon BMRS FUELHH
2024-02-20T15:00:00Z,Biomass,2531.000,Elexon BMRS FUELHH
2024-02-20T15:00:00Z,Coal,0.000,Elexon BMRS FUELHH
2024-02-20T15:00:00Z,Gas,5609.000,Elexon BMRS FUELHH
2024-02-20T15:00:00Z,Hydro,575.000,Elexon BMRS FUELHH
2024-02-20T15:00:00Z,Imports & Exports,2428.000,Elexon BMRS FUELHH
2024-02-20T15:00:00Z,Nuclear,3752.000,Elexon BMRS FUELHH
2024-02-20T15:00:00Z,Other,234.000,Elexon BMRS FUELHH
2024-02-20T15:00:00Z,Pumped Storage,140.000,Elexon BMRS FUELHH
2024-02-20T15:00:00Z,Wind,15332.000,Elexon BMRS FUELHH
2024-02-20T15:30:00Z,Biomass,2519.000,Elexon BMRS FUELHH
2024-02-20T15:30:00Z,Coal,0.000,Elexon BMRS FUELHH
2024-02-20T15:30:00Z,Gas,6489.000,Elexon BMRS FUELHH
2024-02-20T15:30:00Z,Hydro,590.000,Elexon BMRS FUELHH
2024-02-20T15:30:00Z,Imports & Exports,2290.000,Elexon BMRS FUELHH
2024-02-20T15:30:00Z,Nuclear,3763.000,Elexon BMRS FUELHH
2024-02-20T15:30:00Z,Other,288.000,Elexon BMRS FUELHH
2024-02-20T15:30:00Z,Pumped Storage,274.000,Elexon BMRS FUELHH
2024-02-20T15:30:00Z,Wind,15381.000,Elexon BMRS FUELHH
2024-02-20T16:00:00Z,Biomass,2534.000,Elexon BMRS FUELHH
2024-02-20T16:00:00Z,Coal,0.000,Elexon BMRS FUELHH
2024-02-20T16:00:00Z,Gas,7917.000,Elexon BMRS FUELHH
2024-02-20T16:00:00Z,Hydro,615.000,Elexon BMRS FUELHH
2024-02-20T16:00:00Z,Imports & Exports,2438.000,Elexon BMRS FUELHH
2024-02-20T16:00:00Z,Nuclear,3782.000,Elexon BMRS FUELHH
2024-02-20T16:00:00Z,Other,294.000,Elexon BMRS FUELHH
2024-02-20T16:00:00Z,Pumped Storage,320.000,Elexon BMRS FUELHH
2024-02-20T16:00:00Z,Wind,15368.000,Elexon BMRS FUELHH
2024-02-20T16:30:00Z,Biomass,2528.000,Elexon BMRS FUELHH
2024-02-20T16:30:00Z,Coal,0.000,Elexon BMRS FUELHH
2024-02-20T16:30:00Z,Gas,8688.000,Elexon BMRS FUELHH
2024-02-20T16:30:00Z,Hydro,609.000,Elexon BMRS FUELHH
2024-02-20T16:30:00Z,Imports & Exports,2376.000,Elexon BMRS FUELHH
2024-02-20T16:30:00Z,Nuclear,3781.000,Elexon BMRS FUELHH
2024-02-20T16:30:00Z,Other,294.000,Elexon BMRS FUELHH
2024-02-20T16:30:00Z,Pumped Storage,276.000,Elexon BMRS FUELHH
2024-02-20T16:30:00Z,Wind,15593.000,Elexon BMRS FUELHH
2024-02-20T17:00:00Z,Biomass,2529.000,Elexon BMRS FUELHH
2024-02-20T17:00:00Z,Coal,0.000,Elexon BMRS FUELHH
2024-02-20T17:00:00Z,Gas,9444.000,Elexon BMRS FUELHH
2024-02-20T17:00:00Z,Hydro,753.000,Elexon BMRS FUELHH
2024-02-20T17:00:00Z,Imports & Exports,2282.000,Elexon BMRS FUELHH
2024-02-20T17:00:00Z,Nuclear,3783.000,Elexon BMRS FUELHH
2024-02-20T17:00:00Z,Other,465.000,Elexon BMRS FUELHH
2024-02-20T17:00:00Z,Pumped Storage,718.000,Elexon BMRS FUELHH
2024-02-20T17:00:00Z,Wind,15593.000,Elexon BMRS FUELHH
2024-02-20T17:30:00Z,Biomass,2537.000,Elexon BMRS FUELHH
2024-02-20T17:30:00Z,Coal,0.000,Elexon BMRS FUELHH
2024-02-20T17:30:00Z,Gas,9130.000,Elexon BMRS FUELHH
2024-02-20T17:30:00Z,Hydro,744.000,Elexon BMRS FUELHH
2024-02-20T17:30:00Z,Imports & Exports,2334.000,Elexon BMRS FUELHH
2024-02-20T17:30:00Z,Nuclear,3782.000,Elexon BMRS FUELHH
2024-02-20T17:30:00Z,Other,854.000,Elexon BMRS FUELHH
2024-02-20T17:30:00Z,Pumped Storage,1650.000,Elexon BMRS FUELHH
2024-02-20T17:30:00Z,Wind,15578.000,Elexon BMRS FUELHH
2024-02-20T18:00:00Z,Biomass,2533.000,Elexon BMRS FUELHH
2024-02-20T18:00:00Z,Coal,0.000,Elexon BMRS FUELHH
2024-02-20T18:00:00Z,Gas,9435.000,Elexon BMRS FUELHH
2024-02-20T18:00:00Z,Hydro,617.000,Elexon BMRS FUELHH
2024-02-20T18:00:00Z,Imports & Exports,3064.000,Elexon BMRS FUELHH
2024-02-20T18:00:00Z,Nuclear,3788.000,Elexon BMRS FUELHH
2024-02-20T18:00:00Z,Other,730.000,Elexon BMRS FUELHH
2024-02-20T18:00:00Z,Pumped Storage,1422.000,Elexon BMRS FUELHH
2024-02-20T18:00:00Z,Wind,15224.000,Elexon BMRS FUELHH
2024-02-20T18:30:00Z,Biomass,2527.000,Elexon BMRS FUELHH
2024-02-20T18:30:00Z,Coal,0.000,Elexon BMRS FUELHH
2024-02-20T18:30:00Z,Gas,9339.000,Elexon BMRS FUELHH
2024-02-20T18:30:00Z,Hydro,612.000,Elexon BMRS FUELHH
2024-02-20T18:30:00Z,Imports & Exports,3144.000,Elexon BMRS FUELHH
2024-02-20T18:30:00Z,Nuclear,3787.000,Elexon BMRS FUELHH
2024-02-20T18:30:00Z,Other,572.000,Elexon BMRS FUELHH
2024-02-20T18:30:00Z,Pumped Storage,1570.000,Elexon BMRS FUELHH
2024-02-20T18:30:00Z,Wind,14771.000,Elexon BMRS FUELHH
2024-02-20T19:00:00Z,Biomass,2527.000,Elexon BMRS FUELHH
2024-02-20T19:00:00Z,Coal,0.000,Elexon BMRS FUELHH
2024-02-20T19:00:00Z,Gas,8922.000,Elexon BMRS FUELHH
2024-02-20T19:00:00Z,Hydro,586.000,Elexon BMRS FUELHH
2024-02-20T19:00:00Z,Imports & Exports,4730.000,Elexon BMRS FUELHH
2024-02-20T19:00:00Z,Nuclear,3787.000,Elexon BMRS FUELHH
2024-02-20T19:00:00Z,Other,356.000,Elexon BMRS FUELHH
2024-02-20T19:00:00Z,Pumped Storage,766.000,Elexon BMRS FUELHH
2024-02-20T19:00:00Z,Wind,14220.000,Elexon BMRS FUELHH
2024-02-20T19:30:00Z,Biomass,2541.000,Elexon BMRS FUELHH
2024-02-20T19:30:00Z,Coal,0.000,Elexon BMRS FUELHH
2024-02-20T19:30:00Z,Gas,8744.000,Elexon BMRS FUELHH
2024-02-20T19:30:00Z,Hydro,606.000,Elexon BMRS FUELHH
2024-02-20T19:30:00Z,Imports & Exports,4816.000,Elexon BMRS FUELHH
2024-02-20T19:30:00Z,Nuclear,3784.000,Elexon BMRS FUELHH
2024-02-20T19:30:00Z,Other,369.000,Elexon BMRS FUELHH
2024-02-20T19:30:00Z,Pumped Storage,324.000,Elexon BMRS FUELHH
2024-02-20T19:30:00Z,Wind,13651.000,Elexon BMRS FUELHH
2024-02-20T20:00:00Z,Biomass,2536.000,Elexon BMRS FUELHH
2024-02-20T20:00:00Z,Coal,0.000,Elexon BMRS FUELHH
2024-02-20T20:00:00Z,Gas,8728.000,Elexon BMRS FUELHH
2024-02-20T20:00:00Z,Hydro,602.000,Elexon BMRS FUELHH
2024-02-20T20:00:00Z,Imports & Exports,4802.000,Elexon BMRS FUELHH
2024-02-20T20:00:00Z,Nuclear,3784.000,Elexon BMRS FUELHH
2024-02-20T20:00:00Z,Other,282.000,Elexon BMRS FUELHH
2024-02-20T20:00:00Z,Pumped Storage,458.000,Elexon BMRS FUELHH
2024-02-20T20:00:00Z,Wind,12605.000,Elexon BMRS FUELHH
2024-02-20T20:30:00Z,Biomass,2533.000,Elexon BMRS FUELHH
2024-02-20T20:30:00Z,Coal,0.000,Elexon BMRS FUELHH
2024-02-20T20:30:00Z,Gas,8122.000,Elexon BMRS FUELHH
2024-02-20T20:30:00Z,Hydro,595.000,Elexon BMRS FUELHH
2024-02-20T20:30:00Z,Imports & Exports,4838.000,Elexon BMRS FUELHH
2024-02-20T20:30:00Z,Nuclear,3785.000,Elexon BMRS FUELHH
2024-02-20T20:30:00Z,Other,222.000,Elexon BMRS FUELHH
2024-02-20T20:30:00Z,Pumped Storage,358.000,Elexon BMRS FUELHH
2024-02-20T20:30:00Z,Wind,12166.000,Elexon BMRS FUELHH
2024-02-20T21:00:00Z,Biomass,2531.000,Elexon BMRS FUELHH
2024-02-20T21:00:00Z,Coal,0.000,Elexon BMRS FUELHH
2024-02-20T21:00:00Z,Gas,6432.000,Elexon BMRS FUELHH
2024-02-20T21:00:00Z,Hydro,600.000,Elexon BMRS FUELHH
2024-02-20T21:00:00Z,Imports & Exports,5784.000,Elexon BMRS FUELHH
2024-02-20T21:00:00Z,Nuclear,3783.000,Elexon BMRS FUELHH
2024-02-20T21:00:00Z,Other,270.000,Elexon BMRS FUELHH
2024-02-20T21:00:00Z,Pumped Storage,184.000,Elexon BMRS FUELHH
2024-02-20T21:00:00Z,Wind,11411.000,Elexon BMRS FUELHH
2024-02-20T21:30:00Z,Biomass,2530.000,Elexon BMRS FUELHH
2024-02-20T21:30:00Z,Coal,0.000,Elexon BMRS FUELHH
2024-02-20T21:30:00Z,Gas,5634.000,Elexon BMRS FUELHH
2024-02-20T21:30:00Z,Hydro,600.000,Elexon BMRS FUELHH
2024-02-20T21:30:00Z,Imports & Exports,5842.000,Elexon BMRS FUELHH
2024-02-20T21:30:00Z,Nuclear,3782.000,Elexon BMRS FUELHH
2024-02-20T21:30:00Z,Other,353.000,Elexon BMRS FUELHH
2024-02-20T21:30:00Z,Pumped Storage,32.000,Elexon BMRS FUELHH
2024-02-20T21:30:00Z,Wind,10755.000,Elexon BMRS FUELHH
2024-02-20T22:00:00Z,Biomass,2503.000,Elexon BMRS FUELHH
2024-02-20T22:00:00Z,Coal,0.000,Elexon BMRS FUELHH
2024-02-20T22:00:00Z,Gas,4372.000,Elexon BMRS FUELHH
2024-02-20T22:00:00Z,Hydro,560.000,Elexon BMRS FUELHH
2024-02-20T22:00:00Z,Imports & Exports,6310.000,Elexon BMRS FUELHH
2024-02-20T22:00:00Z,Nuclear,3781.000,Elexon BMRS FUELHH
2024-02-20T22:00:00Z,Other,254.000,Elexon BMRS FUELHH
2024-02-20T22:00:00Z,Pumped Storage,200.000,Elexon BMRS FUELHH
2024-02-20T22:00:00Z,Wind,10266.000,Elexon BMRS FUELHH
2024-02-20T22:30:00Z,Biomass,2453.000,Elexon BMRS FUELHH
2024-02-20T22:30:00Z,Coal,0.000,Elexon BMRS FUELHH
2024-02-20T22:30:00Z,Gas,3396.000,Elexon BMRS FUELHH
2024-02-20T22:30:00Z,Hydro,535.000,Elexon BMRS FUELHH
2024-02-20T22:30:00Z,Imports & Exports,6426.000,Elexon BMRS FUELHH
2024-02-20T22:30:00Z,Nuclear,3784.000,Elexon BMRS FUELHH
2024-02-20T22:30:00Z,Other,218.000,Elexon BMRS FUELHH
2024-02-20T22:30:00Z,Pumped Storage,120.000,Elexon BMRS FUELHH
2024-02-20T22:30:00Z,Wind,9849.000,Elexon BMRS FUELHH
2024-02-20T23:00:00Z,Biomass,1972.000,Elexon BMRS FUELHH
2024-02-20T23:00:00Z,Coal,0.000,Elexon BMRS FUELHH
2024-02-20T23:00:00Z,Gas,3406.000,Elexon BMRS FUELHH
2024-02-20T23:00:00Z,Hydro,547.000,Elexon BMRS FUELHH
2024-02-20T23:00:00Z,Imports & Exports,5956.000,Elexon BMRS FUELHH
2024-02-20T23:00:00Z,Nuclear,3785.000,Elexon BMRS FUELHH
2024-02-20T23:00:00Z,Other,208.000,Elexon BMRS FUELHH
2024-02-20T23:00:00Z,Pumped Storage,136.000,Elexon BMRS FUELHH
2024-02-20T23:00:00Z,Wind,9257.000,Elexon BMRS FUELHH
2024-02-20T23:30:00Z,Biomass,1648.000,Elexon BMRS FUELHH
2024-02-20T23:30:00Z,Coal,0.000,Elexon BMRS FUELHH
2024-02-20T23:30:00Z,Gas,3384.000,Elexon BMRS FUELHH
2024-02-20T23:30:00Z,Hydro,538.000,Elexon BMRS FUELHH
2024-02-20T23:30:00Z,Imports & Exports,6216.000,Elexon BMRS FUELHH
2024-02-20T23:30:00Z,Nuclear,3787.000,Elexon BMRS FUELHH
2024-02-20T23:30:00Z,Other,160.000,Elexon BMRS FUELHH
2024-02-20T23:30:00Z,Pumped Storage,134.000,Elexon BMRS FUELHH
2024-02-20T23:30:00Z,Wind,8683.000,Elexon BMRS FUELHH
2024-02-21T00:00:00Z,Biomass,1759.000,Elexon BMRS FUELHH
2024-02-21T00:00:00Z,Coal,0.000,Elexon BMRS FUELHH
2024-02-21T00:00:00Z,Gas,3391.000,Elexon BMRS FUELHH
2024-02-21T00:00:00Z,Hydro,493.000,Elexon BMRS FUELHH
2024-02-21T00:00:00Z,Imports & Exports,6010.000,Elexon BMRS FUELHH
2024-02-21T00:00:00Z,Nuclear,3787.000,Elexon BMRS FUELHH
2024-02-21T00:00:00Z,Other,283.000,Elexon BMRS FUELHH
2024-02-21T00:00:00Z,Pumped Storage,136.000,Elexon BMRS FUELHH
2024-02-21T00:00:00Z,Wind,8285.000,Elexon BMRS FUELHH
2024-02-21T00:30:00Z,Biomass,1921.000,Elexon BMRS FUELHH
2024-02-21T00:30:00Z,Coal,0.000,Elexon BMRS FUELHH
2024-02-21T00:30:00Z,Gas,3529.000,Elexon BMRS FUELHH
2024-02-21T00:30:00Z,Hydro,530.000,Elexon BMRS FUELHH
2024-02-21T00:30:00Z,Imports & Exports,6250.000,Elexon BMRS FUELHH
2024-02-21T00:30:00Z,Nuclear,3791.000,Elexon BMRS FUELHH
2024-02-21T00:30:00Z,Other,220.000,Elexon BMRS FUELHH
2024-02-21T00:30:00Z,Pumped Storage,180.000,Elexon BMRS FUELHH
2024-02-21T00:30:00Z,Wind,8478.000,Elexon BMRS FUELHH
2024-02-21T01:00:00Z,Biomass,2020.000,Elexon BMRS FUELHH
2024-02-21T01:00:00Z,Coal,0.000,Elexon BMRS FUELHH
2024-02-21T01:00:00Z,Gas,3970.000,Elexon BMRS FUELHH
2024-02-21T01:00:00Z,Hydro,530.000,Elexon BMRS FUELHH
2024-02-21T01:00:00Z,Imports & Exports,4952.000,Elexon BMRS FUELHH
2024-02-21T01:00:00Z,Nuclear,3786.000,Elexon BMRS FUELHH
2024-02-21T01:00:00Z,Other,282.000,Elexon BMRS FUELHH
2024-02-21T01:00:00Z,Pumped Storage,210.000,Elexon BMRS FUELHH
2024-02-21T01:00:00Z,Wind,8479.000,Elexon BMRS FUELHH
2024-02-21T01:30:00Z,Biomass,1664.000,Elexon BMRS FUELHH
2024-02-21T01:30:00Z,Coal,0.000,Elexon BMRS FUELHH
2024-02-21T01:30:00Z,Gas,3680.000,Elexon BMRS FUELHH
2024-02-21T01:30:00Z,Hydro,521.000,Elexon BMRS FUELHH
2024-02-21T01:30:00Z,Imports & Exports,4880.000,Elexon BMRS FUELHH
2024-02-21T01:30:00Z,Nuclear,3789.000,Elexon BMRS FUELHH
2024-02-21T01:30:00Z,Other,185.000,Elexon BMRS FUELHH
2024-02-21T01:30:00Z,Pumped Storage,-76.000,Elexon BMRS FUELHH
2024-02-21T01:30:00Z,Wind,8904.000,Elexon BMRS FUELHH
2024-02-21T02:00:00Z,Biomass,1790.000,Elexon BMRS FUELHH
2024-02-21T02:00:00Z,Coal,0.000,Elexon BMRS FUELHH
2024-02-21T02:00:00Z,Gas,4087.000,Elexon BMRS FUELHH
2024-02-21T02:00:00Z,Hydro,504.000,Elexon BMRS FUELHH
2024-02-21T02:00:00Z,Imports & Exports,3616.000,Elexon BMRS FUELHH
2024-02-21T02:00:00Z,Nuclear,3789.000,Elexon BMRS FUELHH
2024-02-21T02:00:00Z,Other,207.000,Elexon BMRS FUELHH
2024-02-21T02:00:00Z,Pumped Storage,-380.000,Elexon BMRS FUELHH
2024-02-21T02:00:00Z,Wind,9294.000,Elexon BMRS FUELHH
2024-02-21T02:30:00Z,Biomass,1614.000,Elexon BMRS FUELHH
2024-02-21T02:30:00Z,Coal,0.000,Elexon BMRS FUELHH
2024-02-21T02:30:00Z,Gas,3757.000,Elexon BMRS FUELHH
2024-02-21T02:30:00Z,Hydro,504.000,Elexon BMRS FUELHH
2024-02-21T02:30:00Z,Imports & Exports,3524.000,Elexon BMRS FUELHH
2024-02-21T02:30:00Z,Nuclear,3783.000,Elexon BMRS FUELHH
2024-02-21T02:30:00Z,Other,256.000,Elexon BMRS FUELHH
2024-02-21T02:30:00Z,Pumped Storage,-542.000,Elexon BMRS FUELHH
2024-02-21T02:30:00Z,Wind,9521.000,Elexon BMRS FUELHH
2024-02-21T03:00:00Z,Biomass,1786.000,Elexon BMRS FUELHH
2024-02-21T03:00:00Z,Coal,0.000,Elexon BMRS FUELHH
2024-02-21T03:00:00Z,Gas,3895.000,Elexon BMRS FUELHH
2024-02-21T03:00:00Z,Hydro,499.000,Elexon BMRS FUELHH
2024-02-21T03:00:00Z,Imports & Exports,2722.000,Elexon BMRS FUELHH
2024-02-21T03:00:00Z,Nuclear,3790.000,Elexon BMRS FUELHH
2024-02-21T03:00:00Z,Other,180.000,Elexon BMRS FUELHH
2024-02-21T03:00:00Z,Pumped Storage,-1112.000,Elexon BMRS FUELHH
2024-02-21T03:00:00Z,Wind,10454.000,Elexon BMRS FUELHH
2024-02-21T03:30:00Z,Biomass,1626.000,Elexon BMRS FUELHH
2024-02-21T03:30:00Z,Coal,0.000,Elexon BMRS FUELHH
2024-02-21T03:30:00Z,Gas,3281.000,Elexon BMRS FUELHH
2024-02-21T03:30:00Z,Hydro,489.000,Elexon BMRS FUELHH
2024-02-21T03:30:00Z,Imports & Exports,2592.000,Elexon BMRS FUELHH
2024-02-21T03:30:00Z,Nuclear,3779.000,Elexon BMRS FUELHH
2024-02-21T03:30:00Z,Other,189.000,Elexon BMRS FUELHH
2024-02-21T03:30:00Z,Pumped Storage,-1042.000,Elexon BMRS FUELHH
2024-02-21T03:30:00Z,Wind,10871.000,Elexon BMRS FUELHH
2024-02-21T04:00:00Z,Biomass,1613.000,Elexon BMRS FUELHH
2024-02-21T04:00:00Z,Coal,0.000,Elexon BMRS FUELHH
2024-02-21T04:00:00Z,Gas,3736.000,Elexon BMRS FUELHH
2024-02-21T04:00:00Z,Hydro,490.000,Elexon BMRS FUELHH
2024-02-21T04:00:00Z,Imports & Exports,1144.000,Elexon BMRS FUELHH
2024-02-21T04:00:00Z,Nuclear,3784.000,Elexon BMRS FUELHH
2024-02-21T04:00:00Z,Other,175.000,Elexon BMRS FUELHH
2024-02-21T04:00:00Z,Pumped Storage,-1156.000,Elexon BMRS FUELHH
2024-02-21T04:00:00Z,Wind,11377.000,Elexon BMRS FUELHH
2024-02-21T04:30:00Z,Biomass,1633.000,Elexon BMRS FUELHH
2024-02-21T04:30:00Z,Coal,0.000,Elexon BMRS FUELHH
2024-02-21T04:30:00Z,Gas,3327.000,Elexon BMRS FUELHH
2024-02-21T04:30:00Z,Hydro,447.000,Elexon BMRS FUELHH
2024-02-21T04:30:00Z,Imports & Exports,1014.000,Elexon BMRS FUELHH
2024-02-21T04:30:00Z,Nuclear,3787.000,Elexon BMRS FUELHH
2024-02-21T04:30:00Z,Other,150.000,Elexon BMRS FUELHH
2024-02-21T04:30:00Z,Pumped Storage,-1282.000,Elexon BMRS FUELHH
2024-02-21T04:30:00Z,Wind,12134.000,Elexon BMRS FUELHH
2024-02-21T05:00:00Z,Biomass,1844.000,Elexon BMRS FUELHH
2024-02-21T05:00:00Z,Coal,0.000,Elexon BMRS FUELHH
2024-02-21T05:00:00Z,Gas,3880.000,Elexon BMRS FUELHH
2024-02-21T05:00:00Z,Hydro,467.000,Elexon BMRS FUELHH
2024-02-21T05:00:00Z,Imports & Exports,-978.000,Elexon BMRS FUELHH
2024-02-21T05:00:00Z,Nuclear,3791.000,Elexon BMRS FUELHH
2024-02-21T05:00:00Z,Other,198.000,Elexon BMRS FUELHH
2024-02-21T05:00:00Z,Pumped Storage,-482.000,Elexon BMRS FUELHH
2024-02-21T05:00:00Z,Wind,12653.000,Elexon BMRS FUELHH
2024-02-21T05:30:00Z,Biomass,1940.000,Elexon BMRS FUELHH
2024-02-21T05:30:00Z,Coal,0.000,Elexon BMRS FUELHH
2024-02-21T05:30:00Z,Gas,3920.000,Elexon BMRS FUELHH
2024-02-21T05:30:00Z,Hydro,487.000,Elexon BMRS FUELHH
2024-02-21T05:30:00Z,Imports & Exports,-908.000,Elexon BMRS FUELHH
2024-02-21T05:30:00Z,Nuclear,3785.000,Elexon BMRS FUELHH
2024-02-21T05:30:00Z,Other,164.000,Elexon BMRS FUELHH
2024-02-21T05:30:00Z,Pumped Storage,-420.000,Elexon BMRS FUELHH
2024-02-21T05:30:00Z,Wind,13429.000,Elexon BMRS FUELHH
2024-02-21T06:00:00Z,Biomass,1637.000,Elexon BMRS FUELHH
2024-02-21T06:00:00Z,Coal,0.000,Elexon BMRS FUELHH
2024-02-21T06:00:00Z,Gas,3350.000,Elexon BMRS FUELHH
2024-02-21T06:00:00Z,Hydro,529.000,Elexon BMRS FUELHH
2024-02-21T06:00:00Z,Imports & Exports,1368.000,Elexon BMRS FUELHH
2024-02-21T06:00:00Z,Nuclear,3786.000,Elexon BMRS FUELHH
2024-02-21T06:00:00Z,Other,225.000,Elexon BMRS FUELHH
2024-02-21T06:00:00Z,Pumped Storage,-290.000,Elexon BMRS FUELHH
2024-02-21T06:00:00Z,Wind,14203.000,Elexon BMRS FUELHH
2024-02-21T06:30:00Z,Biomass,1837.000,Elexon BMRS FUELHH
2024-02-21T06:30:00Z,Coal,0.000,Elexon BMRS FUELHH
2024-02-21T06:30:00Z,Gas,4291.000,Elexon BMRS FUELHH
2024-02-21T06:30:00Z,Hydro,561.000,Elexon BMRS FUELHH
2024-02-21T06:30:00Z,Imports & Exports,1470.000,Elexon BMRS FUELHH
2024-02-21T06:30:00Z,Nuclear,3785.000,Elexon BMRS FUELHH
2024-02-21T06:30:00Z,Other,471.000,Elexon BMRS FUELHH
2024-02-21T06:30:00Z,Pumped Storage,-100.000,Elexon BMRS FUELHH
2024-02-21T06:30:00Z,Wind,14594.000,Elexon BMRS FUELHH
2024-02-21T07:00:00Z,Biomass,2411.000,Elexon BMRS FUELHH
2024-02-21T07:00:00Z,Coal,0.000,Elexon BMRS FUELHH
2024-02-21T07:00:00Z,Gas,4550.000,Elexon BMRS FUELHH
2024-02-21T07:00:00Z,Hydro,652.000,Elexon BMRS FUELHH
2024-02-21T07:00:00Z,Imports & Exports,2620.000,Elexon BMRS FUELHH
2024-02-21T07:00:00Z,Nuclear,3788.000,Elexon BMRS FUELHH
2024-02-21T07:00:00Z,Other,474.000,Elexon BMRS FUELHH
2024-02-21T07:00:00Z,Pumped Storage,98.000,Elexon BMRS FUELHH
2024-02-21T07:00:00Z,Wind,15046.000,Elexon BMRS FUELHH
2024-02-21T07:30:00Z,Biomass,2526.000,Elexon BMRS FUELHH
2024-02-21T07:30:00Z,Coal,0.000,Elexon BMRS FUELHH
2024-02-21T07:30:00Z,Gas,5055.000,Elexon BMRS FUELHH
2024-02-21T07:30:00Z,Hydro,673.000,Elexon BMRS FUELHH
2024-02-21T07:30:00Z,Imports & Exports,2692.000,Elexon BMRS FUELHH
2024-02-21T07:30:00Z,Nuclear,3791.000,Elexon BMRS FUELHH
2024-02-21T07:30:00Z,Other,642.000,Elexon BMRS FUELHH
2024-02-21T07:30:00Z,Pumped Storage,80.000,Elexon BMRS FUELHH
2024-02-21T07:30:00Z,Wind,15233.000,Elexon BMRS FUELHH
2024-02-21T08:00:00Z,Biomass,2520.000,Elexon BMRS FUELHH
2024-02-21T08:00:00Z,Coal,0.000,Elexon BMRS FUELHH
2024-02-21T08:00:00Z,Gas,4806.000,Elexon BMRS FUELHH
2024-02-21T08:00:00Z,Hydro,682.000,Elexon BMRS FUELHH
2024-02-21T08:00:00Z,Imports & Exports,4526.000,Elexon BMRS FUELHH
2024-02-21T08:00:00Z,Nuclear,3790.000,Elexon BMRS FUELHH
2024-02-21T08:00:00Z,Other,554.000,Elexon BMRS FUELHH
2024-02-21T08:00:00Z,Pumped Storage,-172.000,Elexon BMRS FUELHH
2024-02-21T08:00:00Z,Wind,15611.000,Elexon BMRS FUELHH
2024-02-21T08:30:00Z,Biomass,2529.000,Elexon BMRS FUELHH
2024-02-21T08:30:00Z,Coal,0.000,Elexon BMRS FUELHH
2024-02-21T08:30:00Z,Gas,4741.000,Elexon BMRS FUELHH
2024-02-21T08:30:00Z,Hydro,630.000,Elexon BMRS FUELHH
2024-02-21T08:30:00Z,Imports & Exports,4580.000,Elexon BMRS FUELHH
2024-02-21T08:30:00Z,Nuclear,3787.000,Elexon BMRS FUELHH
2024-02-21T08:30:00Z,Other,687.000,Elexon BMRS FUELHH
2024-02-21T08:30:00Z,Pumped Storage,10.000,Elexon BMRS FUELHH
2024-02-21T08:30:00Z,Wind,15728.000,Elexon BMRS FUELHH
2024-02-21T09:00:00Z,Biomass,2534.000,Elexon BMRS FUELHH
2024-02-21T09:00:00Z,Coal,0.000,Elexon BMRS FUELHH
2024-02-21T09:00:00Z,Gas,4629.000,Elexon BMRS FUELHH
2024-02-21T09:00:00Z,Hydro,592.000,Elexon BMRS FUELHH
2024-02-21T09:00:00Z,Imports & Exports,6088.000,Elexon BMRS FUELHH
2024-02-21T09:00:00Z,Nuclear,3780.000,Elexon BMRS FUELHH
2024-02-21T09:00:00Z,Other,393.000,Elexon BMRS FUELHH
2024-02-21T09:00:00Z,Pumped Storage,68.000,Elexon BMRS FUELHH
2024-02-21T09:00:00Z,Wind,15635.000,Elexon BMRS FUELHH
2024-02-21T09:30:00Z,Biomass,2536.000,Elexon BMRS FUELHH
2024-02-21T09:30:00Z,Coal,0.000,Elexon BMRS FUELHH
2024-02-21T09:30:00Z,Gas,4590.000,Elexon BMRS FUELHH
2024-02-21T09:30:00Z,Hydro,593.000,Elexon BMRS FUELHH
2024-02-21T09:30:00Z,Imports & Exports,6276.000,Elexon BMRS FUELHH
2024-02-21T09:30:00Z,Nuclear,3783.000,Elexon BMRS FUELHH
2024-02-21T09:30:00Z,Other,391.000,Elexon BMRS FUELHH
2024-02-21T09:30:00Z,Pumped Storage,-30.000,Elexon BMRS FUELHH
2024-02-21T09:30:00Z,Wind,15724.000,Elexon BMRS FUELHH
2024-02-21T10:00:00Z,Biomass,2542.000,Elexon BMRS FUELHH
2024-02-21T10:00:00Z,Coal,0.000,Elexon BMRS FUELHH
2024-02-21T10:00:00Z,Gas,3978.000,Elexon BMRS FUELHH
2024-02-21T10:00:00Z,Hydro,568.000,Elexon BMRS FUELHH
2024-02-21T10:00:00Z,Imports & Exports,7114.000,Elexon BMRS FUELHH
2024-02-21T10:00:00Z,Nuclear,3785.000,Elexon BMRS FUELHH
2024-02-21T10:00:00Z,Other,263.000,Elexon BMRS FUELHH
2024-02-21T10:00:00Z,Pumped Storage,164.000,Elexon BMRS FUELHH
2024-02-21T10:00:00Z,Wind,15734.000,Elexon BMRS FUELHH
2024-02-21T10:30:00Z,Biomass,2543.000,Elexon BMRS FUELHH
2024-02-21T10:30:00Z,Coal,0.000,Elexon BMRS FUELHH
2024-02-21T10:30:00Z,Gas,3890.000,Elexon BMRS FUELHH
2024-02-21T10:30:00Z,Hydro,568.000,Elexon BMRS FUELHH
2024-02-21T10:30:00Z,Imports & Exports,7192.000,Elexon BMRS FUELHH
2024-02-21T10:30:00Z,Nuclear,3785.000,Elexon BMRS FUELHH
2024-02-21T10:30:00Z,Other,356.000,Elexon BMRS FUELHH
2024-02-21T10:30:00Z,Pumped Storage,24.000,Elexon BMRS FUELHH
2024-02-21T10:30:00Z,Wind,15572.000,Elexon BMRS FUELHH
2024-02-21T11:00:00Z,Biomass,2537.000,Elexon BMRS FUELHH
2024-02-21T11:00:00Z,Coal,0.000,Elexon BMRS FUELHH
2024-02-21T11:00:00Z,Gas,3746.000,Elexon BMRS FUELHH
2024-02-21T11:00:00Z,Hydro,551.000,Elexon BMRS FUELHH
2024-02-21T11:00:00Z,Imports & Exports,7630.000,Elexon BMRS FUELHH
2024-02-21T11:00:00Z,Nuclear,3785.000,Elexon BMRS FUELHH
2024-02-21T11:00:00Z,Other,332.000,Elexon BMRS FUELHH
2024-02-21T11:00:00Z,Pumped Storage,306.000,Elexon BMRS FUELHH
2024-02-21T11:00:00Z,Wind,15361.000,Elexon BMRS FUELHH
2024-02-21T11:30:00Z,Biomass,2538.000,Elexon BMRS FUELHH
2024-02-21T11:30:00Z,Coal,0.000,Elexon BMRS FUELHH
2024-02-21T11:30:00Z,Gas,3802.000,Elexon BMRS FUELHH
2024-02-21T11:30:00Z,Hydro,550.000,Elexon BMRS FUELHH
2024-02-21T11:30:00Z,Imports & Exports,7632.000,Elexon BMRS FUELHH
2024-02-21T11:30:00Z,Nuclear,3787.000,Elexon BMRS FUELHH
2024-02-21T11:30:00Z,Other,256.000,Elexon BMRS FUELHH
2024-02-21T11:30:00Z,Pumped Storage,122.000,Elexon BMRS FUELHH
2024-02-21T11:30:00Z,Wind,15501.000,Elexon BMRS FUELHH
2024-02-21T12:00:00Z,Biomass,2538.000,Elexon BMRS FUELHH
2024-02-21T12:00:00Z,Coal,0.000,Elexon BMRS FUELHH
2024-02-21T12:00:00Z,Gas,3799.000,Elexon BMRS FUELHH
2024-02-21T12:00:00Z,Hydro,553.000,Elexon BMRS FUELHH
2024-02-21T12:00:00Z,Imports & Exports,7656.000,Elexon BMRS FUELHH
2024-02-21T12:00:00Z,Nuclear,3789.000,Elexon BMRS FUELHH
2024-02-21T12:00:00Z,Other,239.000,Elexon BMRS FUELHH
2024-02-21T12:00:00Z,Pumped Storage,360.000,Elexon BMRS FUELHH
2024-02-21T12:00:00Z,Wind,15482.000,Elexon BMRS FUELHH
2024-02-21T12:30:00Z,Biomass,2542.000,Elexon BMRS FUELHH
2024-02-21T12:30:00Z,Coal,0.000,Elexon BMRS FUELHH
2024-02-21T12:30:00Z,Gas,3807.000,Elexon BMRS FUELHH
2024-02-21T12:30:00Z,Hydro,552.000,Elexon BMRS FUELHH
2024-02-21T12:30:00Z,Imports & Exports,7550.000,Elexon BMRS FUELHH
2024-02-21T12:30:00Z,Nuclear,3783.000,Elexon BMRS FUELHH
2024-02-21T12:30:00Z,Other,376.000,Elexon BMRS FUELHH
2024-02-21T12:30:00Z,Pumped Storage,84.000,Elexon BMRS FUELHH
2024-02-21T12:30:00Z,Wind,15654.000,Elexon BMRS FUELHH
2024-02-21T13:00:00Z,Biomass,2535.000,Elexon BMRS FUELHH
2024-02-21T13:00:00Z,Coal,0.000,Elexon BMRS FUELHH
2024-02-21T13:00:00Z,Gas,3842.000,Elexon BMRS FUELHH
2024-02-21T13:00:00Z,Hydro,547.000,Elexon BMRS FUELHH
2024-02-21T13:00:00Z,Imports & Exports,7426.000,Elexon BMRS FUELHH
2024-02-21T13:00:00Z,Nuclear,3786.000,Elexon BMRS FUELHH
2024-02-21T13:00:00Z,Other,351.000,Elexon BMRS FUELHH
2024-02-21T13:00:00Z,Pumped Storage,-14.000,Elexon BMRS FUELHH
2024-02-21T13:00:00Z,Wind,15622.000,Elexon BMRS FUELHH
2024-02-21T13:30:00Z,Biomass,2537.000,Elexon BMRS FUELHH
2024-02-21T13:30:00Z,Coal,0.000,Elexon BMRS FUELHH
2024-02-21T13:30:00Z,Gas,3655.000,Elexon BMRS FUELHH
2024-02-21T13:30:00Z,Hydro,545.000,Elexon BMRS FUELHH
2024-02-21T13:30:00Z,Imports & Exports,7334.000,Elexon BMRS FUELHH
2024-02-21T13:30:00Z,Nuclear,3785.000,Elexon BMRS FUELHH
2024-02-21T13:30:00Z,Other,258.000,Elexon BMRS FUELHH
2024-02-21T13:30:00Z,Pumped Storage,-16.000,Elexon BMRS FUELHH
2024-02-21T13:30:00Z,Wind,15749.000,Elexon BMRS FUELHH
2024-02-21T14:00:00Z,Biomass,2536.000,Elexon BMRS FUELHH
2024-02-21T14:00:00Z,Coal,0.000,Elexon BMRS FUELHH
2024-02-21T14:00:00Z,Gas,3901.000,Elexon BMRS FUELHH
2024-02-21T14:00:00Z,Hydro,547.000,Elexon BMRS FUELHH
2024-02-21T14:00:00Z,Imports & Exports,6566.000,Elexon BMRS FUELHH
2024-02-21T14:00:00Z,Nuclear,3780.000,Elexon BMRS FUELHH
2024-02-21T14:00:00Z,Other,278.000,Elexon BMRS FUELHH
2024-02-21T14:00:00Z,Pumped Storage,-16.000,Elexon BMRS FUELHH
2024-02-21T14:00:00Z,Wind,15870.000,Elexon BMRS FUELHH
2024-02-21T14:30:00Z,Biomass,2537.000,Elexon BMRS FUELHH
2024-02-21T14:30:00Z,Coal,0.000,Elexon BMRS FUELHH
2024-02-21T14:30:00Z,Gas,4260.000,Elexon BMRS FUELHH
2024-02-21T14:30:00Z,Hydro,559.000,Elexon BMRS FUELHH
2024-02-21T14:30:00Z,Imports & Exports,6458.000,Elexon BMRS FUELHH
2024-02-21T14:30:00Z,Nuclear,3779.000,Elexon BMRS FUELHH
2024-02-21T14:30:00Z,Other,235.000,Elexon BMRS FUELHH
2024-02-21T14:30:00Z,Pumped Storage,-16.000,Elexon BMRS FUELHH
2024-02-21T14:30:00Z,Wind,15575.000,Elexon BMRS FUELHH
2024-02-21T15:00:00Z,Biomass,2541.000,Elexon BMRS FUELHH
2024-02-21T15:00:00Z,Coal,0.000,Elexon BMRS FUELHH
2024-02-21T15:00:00Z,Gas,5739.000,Elexon BMRS FUELHH
2024-02-21T15:00:00Z,Hydro,557.000,Elexon BMRS FUELHH
2024-02-21T15:00:00Z,Imports & Exports,5026.000,Elexon BMRS FUELHH
2024-02-21T15:00:00Z,Nuclear,3782.000,Elexon BMRS FUELHH
2024-02-21T15:00:00Z,Other,233.000,Elexon BMRS FUELHH
2024-02-21T15:00:00Z,Pumped Storage,114.000,Elexon BMRS FUELHH
2024-02-21T15:00:00Z,Wind,15405.000,Elexon BMRS FUELHH
2024-02-21T15:30:00Z,Biomass,2541.000,Elexon BMRS FUELHH
2024-02-21T15:30:00Z,Coal,0.000,Elexon BMRS FUELHH
2024-02-21T15:30:00Z,Gas,6574.000,Elexon BMRS FUELHH
2024-02-21T15:30:00Z,Hydro,569.000,Elexon BMRS FUELHH
2024-02-21T15:30:00Z,Imports & Exports,4844.000,Elexon BMRS FUELHH
2024-02-21T15:30:00Z,Nuclear,3779.000,Elexon BMRS FUELHH
2024-02-21T15:30:00Z,Other,244.000,Elexon BMRS FUELHH
2024-02-21T15:30:00Z,Pumped Storage,124.000,Elexon BMRS FUELHH
2024-02-21T15:30:00Z,Wind,14882.000,Elexon BMRS FUELHH
2024-02-21T16:00:00Z,Biomass,2542.000,Elexon BMRS FUELHH
2024-02-21T16:00:00Z,Coal,0.000,Elexon BMRS FUELHH
2024-02-21T16:00:00Z,Gas,6934.000,Elexon BMRS FUELHH
2024-02-21T16:00:00Z,Hydro,641.000,Elexon BMRS FUELHH
2024-02-21T16:00:00Z,Imports & Exports,5150.000,Elexon BMRS FUELHH
2024-02-21T16:00:00Z,Nuclear,3783.000,Elexon BMRS FUELHH
2024-02-21T16:00:00Z,Other,311.000,Elexon BMRS FUELHH
2024-02-21T16:00:00Z,Pumped Storage,266.000,Elexon BMRS FUELHH
2024-02-21T16:00:00Z,Wind,13828.000,Elexon BMRS FUELHH
2024-02-21T16:30:00Z,Biomass,2529.000,Elexon BMRS FUELHH
2024-02-21T16:30:00Z,Coal,0.000,Elexon BMRS FUELHH
2024-02-21T16:30:00Z,Gas,7728.000,Elexon BMRS FUELHH
2024-02-21T16:30:00Z,Hydro,851.000,Elexon BMRS FUELHH
2024-02-21T16:30:00Z,Imports & Exports,5150.000,Elexon BMRS FUELHH
2024-02-21T16:30:00Z,Nuclear,3777.000,Elexon BMRS FUELHH
2024-02-21T16:30:00Z,Other,412.000,Elexon BMRS FUELHH
2024-02-21T16:30:00Z,Pumped Storage,414.000,Elexon BMRS FUELHH
2024-02-21T16:30:00Z,Wind,13434.000,Elexon BMRS FUELHH
2024-02-21T17:00:00Z,Biomass,2538.000,Elexon BMRS FUELHH
2024-02-21T17:00:00Z,Coal,0.000,Elexon BMRS FUELHH
2024-02-21T17:00:00Z,Gas,7828.000,Elexon BMRS FUELHH
2024-02-21T17:00:00Z,Hydro,1064.000,Elexon BMRS FUELHH
2024-02-21T17:00:00Z,Imports & Exports,5978.000,Elexon BMRS FUELHH
2024-02-21T17:00:00Z,Nuclear,3783.000,Elexon BMRS FUELHH
2024-02-21T17:00:00Z,Other,463.000,Elexon BMRS FUELHH
2024-02-21T17:00:00Z,Pumped Storage,984.000,Elexon BMRS FUELHH
2024-02-21T17:00:00Z,Wind,13140.000,Elexon BMRS FUELHH
2024-02-21T17:30:00Z,Biomass,2539.000,Elexon BMRS FUELHH
2024-02-21T17:30:00Z,Coal,0.000,Elexon BMRS FUELHH
2024-02-21T17:30:00Z,Gas,8029.000,Elexon BMRS FUELHH
2024-02-21T17:30:00Z,Hydro,1032.000,Elexon BMRS FUELHH
2024-02-21T17:30:00Z,Imports & Exports,5990.000,Elexon BMRS FUELHH
2024-02-21T17:30:00Z,Nuclear,3772.000,Elexon BMRS FUELHH
2024-02-21T17:30:00Z,Other,848.000,Elexon BMRS FUELHH
2024-02-21T17:30:00Z,Pumped Storage,1884.000,Elexon BMRS FUELHH
2024-02-21T17:30:00Z,Wind,12841.000,Elexon BMRS FUELHH
2024-02-21T18:00:00Z,Biomass,2537.000,Elexon BMRS FUELHH
2024-02-21T18:00:00Z,Coal,0.000,Elexon BMRS FUELHH
2024-02-21T18:00:00Z,Gas,8362.000,Elexon BMRS FUELHH
2024-02-21T18:00:00Z,Hydro,1075.000,Elexon BMRS FUELHH
2024-02-21T18:00:00Z,Imports & Exports,6240.000,Elexon BMRS FUELHH
2024-02-21T18:00:00Z,Nuclear,3785.000,Elexon BMRS FUELHH
2024-02-21T18:00:00Z,Other,984.000,Elexon BMRS FUELHH
2024-02-21T18:00:00Z,Pumped Storage,1788.000,Elexon BMRS FUELHH
2024-02-21T18:00:00Z,Wind,12655.000,Elexon BMRS FUELHH
2024-02-21T18:30:00Z,Biomass,2539.000,Elexon BMRS FUELHH
2024-02-21T18:30:00Z,Coal,0.000,Elexon BMRS FUELHH
2024-02-21T18:30:00Z,Gas,7939.000,Elexon BMRS FUELHH
2024-02-21T18:30:00Z,Hydro,1050.000,Elexon BMRS FUELHH
2024-02-21T18:30:00Z,Imports & Exports,6348.000,Elexon BMRS FUELHH
2024-02-21T18:30:00Z,Nuclear,3777.000,Elexon BMRS FUELHH
2024-02-21T18:30:00Z,Other,1110.000,Elexon BMRS FUELHH
2024-02-21T18:30:00Z,Pumped Storage,1794.000,Elexon BMRS FUELHH
2024-02-21T18:30:00Z,Wind,12402.000,Elexon BMRS FUELHH
2024-02-21T19:00:00Z,Biomass,2541.000,Elexon BMRS FUELHH
2024-02-21T19:00:00Z,Coal,0.000,Elexon BMRS FUELHH
2024-02-21T19:00:00Z,Gas,7384.000,Elexon BMRS FUELHH
2024-02-21T19:00:00Z,Hydro,1000.000,Elexon BMRS FUELHH
2024-02-21T19:00:00Z,Imports & Exports,7026.000,Elexon BMRS FUELHH
2024-02-21T19:00:00Z,Nuclear,3787.000,Elexon BMRS FUELHH
2024-02-21T19:00:00Z,Other,649.000,Elexon BMRS FUELHH
2024-02-21T19:00:00Z,Pumped Storage,1698.000,Elexon BMRS FUELHH
2024-02-21T19:00:00Z,Wind,12757.000,Elexon BMRS FUELHH
2024-02-21T19:30:00Z,Biomass,2545.000,Elexon BMRS FUELHH
2024-02-21T19:30:00Z,Coal,0.000,Elexon BMRS FUELHH
2024-02-21T19:30:00Z,Gas,7017.000,Elexon BMRS FUELHH
2024-02-21T19:30:00Z,Hydro,918.000,Elexon BMRS FUELHH
2024-02-21T19:30:00Z,Imports & Exports,7212.000,Elexon BMRS FUELHH
2024-02-21T19:30:00Z,Nuclear,3785.000,Elexon BMRS FUELHH
2024-02-21T19:30:00Z,Other,352.000,Elexon BMRS FUELHH
2024-02-21T19:30:00Z,Pumped Storage,1110.000,Elexon BMRS FUELHH
2024-02-21T19:30:00Z,Wind,13062.000,Elexon BMRS FUELHH
2024-02-21T20:00:00Z,Biomass,2544.000,Elexon BMRS FUELHH
2024-02-21T20:00:00Z,Coal,0.000,Elexon BMRS FUELHH
2024-02-21T20:00:00Z,Gas,6769.000,Elexon BMRS FUELHH
2024-02-21T20:00:00Z,Hydro,918.000,Elexon BMRS FUELHH
2024-02-21T20:00:00Z,Imports & Exports,7496.000,Elexon BMRS FUELHH
2024-02-21T20:00:00Z,Nuclear,3788.000,Elexon BMRS FUELHH
2024-02-21T20:00:00Z,Other,237.000,Elexon BMRS FUELHH
2024-02-21T20:00:00Z,Pumped Storage,120.000,Elexon BMRS FUELHH
2024-02-21T20:00:00Z,Wind,13029.000,Elexon BMRS FUELHH
2024-02-21T20:30:00Z,Biomass,2542.000,Elexon BMRS FUELHH
2024-02-21T20:30:00Z,Coal,0.000,Elexon BMRS FUELHH
2024-02-21T20:30:00Z,Gas,5607.000,Elexon BMRS FUELHH
2024-02-21T20:30:00Z,Hydro,771.000,Elexon BMRS FUELHH
2024-02-21T20:30:00Z,Imports & Exports,7592.000,Elexon BMRS FUELHH
2024-02-21T20:30:00Z,Nuclear,3785.000,Elexon BMRS FUELHH
2024-02-21T20:30:00Z,Other,213.000,Elexon BMRS FUELHH
2024-02-21T20:30:00Z,Pumped Storage,84.000,Elexon BMRS FUELHH
2024-02-21T20:30:00Z,Wind,12639.000,Elexon BMRS FUELHH
2024-02-21T21:00:00Z,Biomass,2526.000,Elexon BMRS FUELHH
2024-02-21T21:00:00Z,Coal,0.000,Elexon BMRS FUELHH
2024-02-21T21:00:00Z,Gas,3802.000,Elexon BMRS FUELHH
2024-02-21T21:00:00Z,Hydro,909.000,Elexon BMRS FUELHH
2024-02-21T21:00:00Z,Imports & Exports,7892.000,Elexon BMRS FUELHH
2024-02-21T21:00:00Z,Nuclear,3787.000,Elexon BMRS FUELHH
2024-02-21T21:00:00Z,Other,222.000,Elexon BMRS FUELHH
2024-02-21T21:00:00Z,Pumped Storage,84.000,Elexon BMRS FUELHH
2024-02-21T21:00:00Z,Wind,12626.000,Elexon BMRS FUELHH
2024-02-21T21:30:00Z,Biomass,2005.000,Elexon BMRS FUELHH
2024-02-21T21:30:00Z,Coal,0.000,Elexon BMRS FUELHH
2024-02-21T21:30:00Z,Gas,2808.000,Elexon BMRS FUELHH
2024-02-21T21:30:00Z,Hydro,717.000,Elexon BMRS FUELHH
2024-02-21T21:30:00Z,Imports & Exports,7854.000,Elexon BMRS FUELHH
2024-02-21T21:30:00Z,Nuclear,3786.000,Elexon BMRS FUELHH
2024-02-21T21:30:00Z,Other,234.000,Elexon BMRS FUELHH
2024-02-21T21:30:00Z,Pumped Storage,-12.000,Elexon BMRS FUELHH
2024-02-21T21:30:00Z,Wind,12973.000,Elexon BMRS FUELHH
2024-02-21T22:00:00Z,Biomass,1601.000,Elexon BMRS FUELHH
2024-02-21T22:00:00Z,Coal,0.000,Elexon BMRS FUELHH
2024-02-21T22:00:00Z,Gas,2671.000,Elexon BMRS FUELHH
2024-02-21T22:00:00Z,Hydro,649.000,Elexon BMRS FUELHH
2024-02-21T22:00:00Z,Imports & Exports,7066.000,Elexon BMRS FUELHH
2024-02-21T22:00:00Z,Nuclear,3794.000,Elexon BMRS FUELHH
2024-02-21T22:00:00Z,Other,194.000,Elexon BMRS FUELHH
2024-02-21T22:00:00Z,Pumped Storage,-318.000,Elexon BMRS FUELHH
2024-02-21T22:00:00Z,Wind,13128.000,Elexon BMRS FUELHH
2024-02-21T22:30:00Z,Biomass,1512.000,Elexon BMRS FUELHH
2024-02-21T22:30:00Z,Coal,0.000,Elexon BMRS FUELHH
2024-02-21T22:30:00Z,Gas,2814.000,Elexon BMRS FUELHH
2024-02-21T22:30:00Z,Hydro,633.000,Elexon BMRS FUELHH
2024-02-21T22:30:00Z,Imports & Exports,6880.000,Elexon BMRS FUELHH
2024-02-21T22:30:00Z,Nuclear,3792.000,Elexon BMRS FUELHH
2024-02-21T22:30:00Z,Other,176.000,Elexon BMRS FUELHH
2024-02-21T22:30:00Z,Pumped Storage,-1356.000,Elexon BMRS FUELHH
2024-02-21T22:30:00Z,Wind,12578.000,Elexon BMRS FUELHH
2024-02-21T23:00:00Z,Biomass,1204.000,Elexon BMRS FUELHH
2024-02-21T23:00:00Z,Coal,0.000,Elexon BMRS FUELHH
2024-02-21T23:00:00Z,Gas,2930.000,Elexon BMRS FUELHH
2024-02-21T23:00:00Z,Hydro,665.000,Elexon BMRS FUELHH
2024-02-21T23:00:00Z,Imports & Exports,4880.000,Elexon BMRS FUELHH
2024-02-21T23:00:00Z,Nuclear,3794.000,Elexon BMRS FUELHH
2024-02-21T23:00:00Z,Other,250.000,Elexon BMRS FUELHH
2024-02-21T23:00:00Z,Pumped Storage,-1860.000,Elexon BMRS FUELHH
2024-02-21T23:00:00Z,Wind,12970.000,Elexon BMRS FUELHH
2024-02-21T23:30:00Z,Biomass,1203.000,Elexon BMRS FUELHH
2024-02-21T23:30:00Z,Coal,0.000,Elexon BMRS FUELHH
2024-02-21T23:30:00Z,Gas,2912.000,Elexon BMRS FUELHH
2024-02-21T23:30:00Z,Hydro,639.000,Elexon BMRS FUELHH
2024-02-21T23:30:00Z,Imports & Exports,4648.000,Elexon BMRS FUELHH
2024-02-21T23:30:00Z,Nuclear,3804.000,Elexon BMRS FUELHH
2024-02-21T23:30:00Z,Other,283.000,Elexon BMRS FUELHH
2024-02-21T23:30:00Z,Pumped Storage,-2222.000,Elexon BMRS FUELHH
2024-02-21T23:30:00Z,Wind,12923.000,Elexon BMRS FUELHH
2024-02-22T00:00:00Z,Biomass,1205.000,Elexon BMRS FUELHH
2024-02-22T00:00:00Z,Coal,0.000,Elexon BMRS FUELHH
2024-02-22T00:00:00Z,Gas,2915.000,Elexon BMRS FUELHH
2024-02-22T00:00:00Z,Hydro,641.000,Elexon BMRS FUELHH
2024-02-22T00:00:00Z,Imports & Exports,3690.000,Elexon BMRS FUELHH
2024-02-22T00:00:00Z,Nuclear,3797.000,Elexon BMRS FUELHH
2024-02-22T00:00:00Z,Other,337.000,Elexon BMRS FUELHH
2024-02-22T00:00:00Z,Pumped Storage,-2156.000,Elexon BMRS FUELHH
2024-02-22T00:00:00Z,Wind,12995.000,Elexon BMRS FUELHH
2024-02-22T00:30:00Z,Biomass,1205.000,Elexon BMRS FUELHH
2024-02-22T00:30:00Z,Coal,0.000,Elexon BMRS FUELHH
2024-02-22T00:30:00Z,Gas,2941.000,Elexon BMRS FUELHH
2024-02-22T00:30:00Z,Hydro,648.000,Elexon BMRS FUELHH
2024-02-22T00:30:00Z,Imports & Exports,3598.000,Elexon BMRS FUELHH
2024-02-22T00:30:00Z,Nuclear,3796.000,Elexon BMRS FUELHH
2024-02-22T00:30:00Z,Other,445.000,Elexon BMRS FUELHH
2024-02-22T00:30:00Z,Pumped Storage,-2176.000,Elexon BMRS FUELHH
2024-02-22T00:30:00Z,Wind,12912.000,Elexon BMRS FUELHH
2024-02-22T01:00:00Z,Biomass,1201.000,Elexon BMRS FUELHH
2024-02-22T01:00:00Z,Coal,0.000,Elexon BMRS FUELHH
2024-02-22T01:00:00Z,Gas,2915.000,Elexon BMRS FUELHH
2024-02-22T01:00:00Z,Hydro,650.000,Elexon BMRS FUELHH
2024-02-22T01:00:00Z,Imports & Exports,3392.000,Elexon BMRS FUELHH
2024-02-22T01:00:00Z,Nuclear,3801.000,Elexon BMRS FUELHH
2024-02-22T01:00:00Z,Other,329.000,Elexon BMRS FUELHH
2024-02-22T01:00:00Z,Pumped Storage,-2184.000,Elexon BMRS FUELHH
2024-02-22T01:00:00Z,Wind,13099.000,Elexon BMRS FUELHH
2024-02-22T01:30:00Z,Biomass,1201.000,Elexon BMRS FUELHH
2024-02-22T01:30:00Z,Coal,0.000,Elexon BMRS FUELHH
2024-02-22T01:30:00Z,Gas,2919.000,Elexon BMRS FUELHH
2024-02-22T01:30:00Z,Hydro,648.000,Elexon BMRS FUELHH
2024-02-22T01:30:00Z,Imports & Exports,3272.000,Elexon BMRS FUELHH
2024-02-22T01:30:00Z,Nuclear,3798.000,Elexon BMRS FUELHH
2024-02-22T01:30:00Z,Other,268.000,Elexon BMRS FUELHH
2024-02-22T01:30:00Z,Pumped Storage,-2180.000,Elexon BMRS FUELHH
2024-02-22T01:30:00Z,Wind,12864.000,Elexon BMRS FUELHH
2024-02-22T02:00:00Z,Biomass,1201.000,Elexon BMRS FUELHH
2024-02-22T02:00:00Z,Coal,0.000,Elexon BMRS FUELHH
2024-02-22T02:00:00Z,Gas,2920.000,Elexon BMRS FUELHH
2024-02-22T02:00:00Z,Hydro,637.000,Elexon BMRS FUELHH
2024-02-22T02:00:00Z,Imports & Exports,3434.000,Elexon BMRS FUELHH
2024-02-22T02:00:00Z,Nuclear,3798.000,Elexon BMRS FUELHH
2024-02-22T02:00:00Z,Other,222.000,Elexon BMRS FUELHH
2024-02-22T02:00:00Z,Pumped Storage,-2162.000,Elexon BMRS FUELHH
2024-02-22T02:00:00Z,Wind,12343.000,Elexon BMRS FUELHH
2024-02-22T02:30:00Z,Biomass,1202.000,Elexon BMRS FUELHH
2024-02-22T02:30:00Z,Coal,0.000,Elexon BMRS FUELHH
2024-02-22T02:30:00Z,Gas,2919.000,Elexon BMRS FUELHH
2024-02-22T02:30:00Z,Hydro,630.000,Elexon BMRS FUELHH
2024-02-22T02:30:00Z,Imports & Exports,3316.000,Elexon BMRS FUELHH
2024-02-22T02:30:00Z,Nuclear,3790.000,Elexon BMRS FUELHH
2024-02-22T02:30:00Z,Other,229.000,Elexon BMRS FUELHH
2024-02-22T02:30:00Z,Pumped Storage,-2128.000,Elexon BMRS FUELHH
2024-02-22T02:30:00Z,Wind,11866.000,Elexon BMRS FUELHH
2024-02-22T03:00:00Z,Biomass,1204.000,Elexon BMRS FUELHH
2024-02-22T03:00:00Z,Coal,0.000,Elexon BMRS FUELHH
2024-02-22T03:00:00Z,Gas,2917.000,Elexon BMRS FUELHH
2024-02-22T03:00:00Z,Hydro,649.000,Elexon BMRS FUELHH
2024-02-22T03:00:00Z,Imports & Exports,2834.000,Elexon BMRS FUELHH
2024-02-22T03:00:00Z,Nuclear,3797.000,Elexon BMRS FUELHH
2024-02-22T03:00:00Z,Other,260.000,Elexon BMRS FUELHH
2024-02-22T03:00:00Z,Pumped Storage,-2104.000,Elexon BMRS FUELHH
2024-02-22T03:00:00Z,Wind,11639.000,Elexon BMRS FUELHH
2024-02-22T03:30:00Z,Biomass,1203.000,Elexon BMRS FUELHH
2024-02-22T03:30:00Z,Coal,0.000,Elexon BMRS FUELHH
2024-02-22T03:30:00Z,Gas,2944.000,Elexon BMRS FUELHH
2024-02-22T03:30:00Z,Hydro,652.000,Elexon BMRS FUELHH
2024-02-22T03:30:00Z,Imports & Exports,2780.000,Elexon BMRS FUELHH
2024-02-22T03:30:00Z,Nuclear,3788.000,Elexon BMRS FUELHH
2024-02-22T03:30:00Z,Other,334.000,Elexon BMRS FUELHH
2024-02-22T03:30:00Z,Pumped Storage,-2030.000,Elexon BMRS FUELHH
2024-02-22T03:30:00Z,Wind,10991.000,Elexon BMRS FUELHH
2024-02-22T04:00:00Z,Biomass,1232.000,Elexon BMRS FUELHH
2024-02-22T04:00:00Z,Coal,0.000,Elexon BMRS FUELHH
2024-02-22T04:00:00Z,Gas,3109.000,Elexon BMRS FUELHH
2024-02-22T04:00:00Z,Hydro,657.000,Elexon BMRS FUELHH
2024-02-22T04:00:00Z,Imports & Exports,2714.000,Elexon BMRS FUELHH
2024-02-22T04:00:00Z,Nuclear,3785.000,Elexon BMRS FUELHH
2024-02-22T04:00:00Z,Other,603.000,Elexon BMRS FUELHH
2024-02-22T04:00:00Z,Pumped Storage,-1874.000,Elexon BMRS FUELHH
2024-02-22T04:00:00Z,Wind,9874.000,Elexon BMRS FUELHH
2024-02-22T04:30:00Z,Biomass,1331.000,Elexon BMRS FUELHH
2024-02-22T04:30:00Z,Coal,0.000,Elexon BMRS FUELHH
2024-02-22T04:30:00Z,Gas,3544.000,Elexon BMRS FUELHH
2024-02-22T04:30:00Z,Hydro,679.000,Elexon BMRS FUELHH
2024-02-22T04:30:00Z,Imports & Exports,2870.000,Elexon BMRS FUELHH
2024-02-22T04:30:00Z,Nuclear,3794.000,Elexon BMRS FUELHH
2024-02-22T04:30:00Z,Other,637.000,Elexon BMRS FUELHH
2024-02-22T04:30:00Z,Pumped Storage,-1860.000,Elexon BMRS FUELHH
2024-02-22T04:30:00Z,Wind,9357.000,Elexon BMRS FUELHH
2024-02-22T05:00:00Z,Biomass,1286.000,Elexon BMRS FUELHH
2024-02-22T05:00:00Z,Coal,0.000,Elexon BMRS FUELHH
2024-02-22T05:00:00Z,Gas,3157.000,Elexon BMRS FUELHH
2024-02-22T05:00:00Z,Hydro,909.000,Elexon BMRS FUELHH
2024-02-22T05:00:00Z,Imports & Exports,2438.000,Elexon BMRS FUELHH
2024-02-22T05:00:00Z,Nuclear,3793.000,Elexon BMRS FUELHH
2024-02-22T05:00:00Z,Other,362.000,Elexon BMRS FUELHH
2024-02-22T05:00:00Z,Pumped Storage,-792.000,Elexon BMRS FUELHH
2024-02-22T05:00:00Z,Wind,10261.000,Elexon BMRS FUELHH
2024-02-22T05:30:00Z,Biomass,1208.000,Elexon BMRS FUELHH
2024-02-22T05:30:00Z,Coal,0.000,Elexon BMRS FUELHH
2024-02-22T05:30:00Z,Gas,3662.000,Elexon BMRS FUELHH
2024-02-22T05:30:00Z,Hydro,823.000,Elexon BMRS FUELHH
2024-02-22T05:30:00Z,Imports & Exports,2576.000,Elexon BMRS FUELHH
2024-02-22T05:30:00Z,Nuclear,3792.000,Elexon BMRS FUELHH
2024-02-22T05:30:00Z,Other,249.000,Elexon BMRS FUELHH
2024-02-22T05:30:00Z,Pumped Storage,158.000,Elexon BMRS FUELHH
2024-02-22T05:30:00Z,Wind,10373.000,Elexon BMRS FUELHH
2024-02-22T06:00:00Z,Biomass,1372.000,Elexon BMRS FUELHH
2024-02-22T06:00:00Z,Coal,0.000,Elexon BMRS FUELHH
2024-02-22T06:00:00Z,Gas,4470.000,Elexon BMRS FUELHH
2024-02-22T06:00:00Z,Hydro,750.000,Elexon BMRS FUELHH
2024-02-22T06:00:00Z,Imports & Exports,4180.000,Elexon BMRS FUELHH
2024-02-22T06:00:00Z,Nuclear,3784.000,Elexon BMRS FUELHH
2024-02-22T06:00:00Z,Other,343.000,Elexon BMRS FUELHH
2024-02-22T06:00:00Z,Pumped Storage,324.000,Elexon BMRS FUELHH
2024-02-22T06:00:00Z,Wind,10538.000,Elexon BMRS FUELHH
2024-02-22T06:30:00Z,Biomass,1764.000,Elexon BMRS FUELHH
2024-02-22T06:30:00Z,Coal,0.000,Elexon BMRS FUELHH
2024-02-22T06:30:00Z,Gas,6707.000,Elexon BMRS FUELHH
2024-02-22T06:30:00Z,Hydro,995.000,Elexon BMRS FUELHH
2024-02-22T06:30:00Z,Imports & Exports,4148.000,Elexon BMRS FUELHH
2024-02-22T06:30:00Z,Nuclear,3785.000,Elexon BMRS FUELHH
2024-02-22T06:30:00Z,Other,391.000,Elexon BMRS FUELHH
2024-02-22T06:30:00Z,Pumped Storage,348.000,Elexon BMRS FUELHH
2024-02-22T06:30:00Z,Wind,10205.000,Elexon BMRS FUELHH
2024-02-22T07:00:00Z,Biomass,1890.000,Elexon BMRS FUELHH
2024-02-22T07:00:00Z,Coal,0.000,Elexon BMRS FUELHH
2024-02-22T07:00:00Z,Gas,8531.000,Elexon BMRS FUELHH
2024-02-22T07:00:00Z,Hydro,1066.000,Elexon BMRS FUELHH
2024-02-22T07:00:00Z,Imports & Exports,3596.000,Elexon BMRS FUELHH
2024-02-22T07:00:00Z,Nuclear,3788.000,Elexon BMRS FUELHH
2024-02-22T07:00:00Z,Other,962.000,Elexon BMRS FUELHH
2024-02-22T07:00:00Z,Pumped Storage,182.000,Elexon BMRS FUELHH
2024-02-22T07:00:00Z,Wind,10262.000,Elexon BMRS FUELHH
2024-02-22T07:30:00Z,Biomass,1885.000,Elexon BMRS FUELHH
2024-02-22T07:30:00Z,Coal,0.000,Elexon BMRS FUELHH
2024-02-22T07:30:00Z,Gas,8799.000,Elexon BMRS FUELHH
2024-02-22T07:30:00Z,Hydro,1052.000,Elexon BMRS FUELHH
2024-02-22T07:30:00Z,Imports & Exports,3666.000,Elexon BMRS FUELHH
2024-02-22T07:30:00Z,Nuclear,3788.000,Elexon BMRS FUELHH
2024-02-22T07:30:00Z,Other,1296.000,Elexon BMRS FUELHH
2024-02-22T07:30:00Z,Pumped Storage,588.000,Elexon BMRS FUELHH
2024-02-22T07:30:00Z,Wind,10777.000,Elexon BMRS FUELHH
2024-02-22T08:00:00Z,Biomass,1886.000,Elexon BMRS FUELHH
2024-02-22T08:00:00Z,Coal,0.000,Elexon BMRS FUELHH
2024-02-22T08:00:00Z,Gas,8836.000,Elexon BMRS FUELHH
2024-02-22T08:00:00Z,Hydro,980.000,Elexon BMRS FUELHH
2024-02-22T08:00:00Z,Imports & Exports,6338.000,Elexon BMRS FUELHH
2024-02-22T08:00:00Z,Nuclear,3792.000,Elexon BMRS FUELHH
2024-02-22T08:00:00Z,Other,805.000,Elexon BMRS FUELHH
2024-02-22T08:00:00Z,Pumped Storage,506.000,Elexon BMRS FUELHH
2024-02-22T08:00:00Z,Wind,10664.000,Elexon BMRS FUELHH
2024-02-22T08:30:00Z,Biomass,1887.000,Elexon BMRS FUELHH
2024-02-22T08:30:00Z,Coal,0.000,Elexon BMRS FUELHH
2024-02-22T08:30:00Z,Gas,9408.000,Elexon BMRS FUELHH
2024-02-22T08:30:00Z,Hydro,1018.000,Elexon BMRS FUELHH
2024-02-22T08:30:00Z,Imports & Exports,6444.000,Elexon BMRS FUELHH
2024-02-22T08:30:00Z,Nuclear,3793.000,Elexon BMRS FUELHH
2024-02-22T08:30:00Z,Other,675.000,Elexon BMRS FUELHH
2024-02-22T08:30:00Z,Pumped Storage,622.000,Elexon BMRS FUELHH
2024-02-22T08:30:00Z,Wind,10602.000,Elexon BMRS FUELHH
2024-02-22T09:00:00Z,Biomass,1926.000,Elexon BMRS FUELHH
2024-02-22T09:00:00Z,Coal,0.000,Elexon BMRS FUELHH
2024-02-22T09:00:00Z,Gas,9359.000,Elexon BMRS FUELHH
2024-02-22T09:00:00Z,Hydro,985.000,Elexon BMRS FUELHH
2024-02-22T09:00:00Z,Imports & Exports,7582.000,Elexon BMRS FUELHH
2024-02-22T09:00:00Z,Nuclear,3790.000,Elexon BMRS FUELHH
2024-02-22T09:00:00Z,Other,550.000,Elexon BMRS FUELHH
2024-02-22T09:00:00Z,Pumped Storage,712.000,Elexon BMRS FUELHH
2024-02-22T09:00:00Z,Wind,10329.000,Elexon BMRS FUELHH
2024-02-22T09:30:00Z,Biomass,2218.000,Elexon BMRS FUELHH
2024-02-22T09:30:00Z,Coal,0.000,Elexon BMRS FUELHH
2024-02-22T09:30:00Z,Gas,9266.000,Elexon BMRS FUELHH
2024-02-22T09:30:00Z,Hydro,999.000,Elexon BMRS FUELHH
2024-02-22T09:30:00Z,Imports & Exports,7690.000,Elexon BMRS FUELHH
2024-02-22T09:30:00Z,Nuclear,3792.000,Elexon BMRS FUELHH
2024-02-22T09:30:00Z,Other,577.000,Elexon BMRS FUELHH
2024-02-22T09:30:00Z,Pumped Storage,1056.000,Elexon BMRS FUELHH
2024-02-22T09:30:00Z,Wind,10102.000,Elexon BMRS FUELHH
2024-02-22T10:00:00Z,Biomass,2487.000,Elexon BMRS FUELHH
2024-02-22T10:00:00Z,Coal,0.000,Elexon BMRS FUELHH
2024-02-22T10:00:00Z,Gas,9601.000,Elexon BMRS FUELHH
2024-02-22T10:00:00Z,Hydro,972.000,Elexon BMRS FUELHH
2024-02-22T10:00:00Z,Imports & Exports,8032.000,Elexon BMRS FUELHH
2024-02-22T10:00:00Z,Nuclear,3793.000,Elexon BMRS FUELHH
2024-02-22T10:00:00Z,Other,466.000,Elexon BMRS FUELHH
2024-02-22T10:00:00Z,Pumped Storage,916.000,Elexon BMRS FUELHH
2024-02-22T10:00:00Z,Wind,9612.000,Elexon BMRS FUELHH
2024-02-22T10:30:00Z,Biomass,2542.000,Elexon BMRS FUELHH
2024-02-22T10:30:00Z,Coal,0.000,Elexon BMRS FUELHH
2024-02-22T10:30:00Z,Gas,9932.000,Elexon BMRS FUELHH
2024-02-22T10:30:00Z,Hydro,972.000,Elexon BMRS FUELHH
2024-02-22T10:30:00Z,Imports & Exports,8214.000,Elexon BMRS FUELHH
2024-02-22T10:30:00Z,Nuclear,3794.000,Elexon BMRS FUELHH
2024-02-22T10:30:00Z,Other,434.000,Elexon BMRS FUELHH
2024-02-22T10:30:00Z,Pumped Storage,870.000,Elexon BMRS FUELHH
2024-02-22T10:30:00Z,Wind,8845.000,Elexon BMRS FUELHH
2024-02-22T11:00:00Z,Biomass,2541.000,Elexon BMRS FUELHH
2024-02-22T11:00:00Z,Coal,0.000,Elexon BMRS FUELHH
2024-02-22T11:00:00Z,Gas,10152.000,Elexon BMRS FUELHH
2024-02-22T11:00:00Z,Hydro,952.000,Elexon BMRS FUELHH
2024-02-22T11:00:00Z,Imports & Exports,8210.000,Elexon BMRS FUELHH
2024-02-22T11:00:00Z,Nuclear,3790.000,Elexon BMRS FUELHH
2024-02-22T11:00:00Z,Other,482.000,Elexon BMRS FUELHH
2024-02-22T11:00:00Z,Pumped Storage,628.000,Elexon BMRS FUELHH
2024-02-22T11:00:00Z,Wind,9110.000,Elexon BMRS FUELHH
2024-02-22T11:30:00Z,Biomass,2537.000,Elexon BMRS FUELHH
2024-02-22T11:30:00Z,Coal,0.000,Elexon BMRS FUELHH
2024-02-22T11:30:00Z,Gas,10059.000,Elexon BMRS FUELHH
2024-02-22T11:30:00Z,Hydro,957.000,Elexon BMRS FUELHH
2024-02-22T11:30:00Z,Imports & Exports,8366.000,Elexon BMRS FUELHH
2024-02-22T11:30:00Z,Nuclear,3788.000,Elexon BMRS FUELHH
2024-02-22T11:30:00Z,Other,512.000,Elexon BMRS FUELHH
2024-02-22T11:30:00Z,Pumped Storage,826.000,Elexon BMRS FUELHH
2024-02-22T11:30:00Z,Wind,9208.000,Elexon BMRS FUELHH
2024-02-22T12:00:00Z,Biomass,2532.000,Elexon BMRS FUELHH
2024-02-22T12:00:00Z,Coal,0.000,Elexon BMRS FUELHH
2024-02-22T12:00:00Z,Gas,10153.000,Elexon BMRS FUELHH
2024-02-22T12:00:00Z,Hydro,931.000,Elexon BMRS FUELHH
2024-02-22T12:00:00Z,Imports & Exports,8630.000,Elexon BMRS FUELHH
2024-02-22T12:00:00Z,Nuclear,3789.000,Elexon BMRS FUELHH
2024-02-22T12:00:00Z,Other,463.000,Elexon BMRS FUELHH
2024-02-22T12:00:00Z,Pumped Storage,902.000,Elexon BMRS FUELHH
2024-02-22T12:00:00Z,Wind,8426.000,Elexon BMRS FUELHH
2024-02-22T12:30:00Z,Biomass,2523.000,Elexon BMRS FUELHH
2024-02-22T12:30:00Z,Coal,0.000,Elexon BMRS FUELHH
2024-02-22T12:30:00Z,Gas,10090.000,Elexon BMRS FUELHH
2024-02-22T12:30:00Z,Hydro,928.000,Elexon BMRS FUELHH
2024-02-22T12:30:00Z,Imports & Exports,8762.000,Elexon BMRS FUELHH
2024-02-22T12:30:00Z,Nuclear,3788.000,Elexon BMRS FUELHH
2024-02-22T12:30:00Z,Other,398.000,Elexon BMRS FUELHH
2024-02-22T12:30:00Z,Pumped Storage,788.000,Elexon BMRS FUELHH
2024-02-22T12:30:00Z,Wind,8493.000,Elexon BMRS FUELHH
2024-02-22T13:00:00Z,Biomass,2511.000,Elexon BMRS FUELHH
2024-02-22T13:00:00Z,Coal,0.000,Elexon BMRS FUELHH
2024-02-22T13:00:00Z,Gas,10313.000,Elexon BMRS FUELHH
2024-02-22T13:00:00Z,Hydro,777.000,Elexon BMRS FUELHH
2024-02-22T13:00:00Z,Imports & Exports,8862.000,Elexon BMRS FUELHH
2024-02-22T13:00:00Z,Nuclear,3787.000,Elexon BMRS FUELHH
2024-02-22T13:00:00Z,Other,481.000,Elexon BMRS FUELHH
2024-02-22T13:00:00Z,Pumped Storage,604.000,Elexon BMRS FUELHH
2024-02-22T13:00:00Z,Wind,8000.000,Elexon BMRS FUELHH
2024-02-22T13:30:00Z,Biomass,2512.000,Elexon BMRS FUELHH
2024-02-22T13:30:00Z,Coal,0.000,Elexon BMRS FUELHH
2024-02-22T13:30:00Z,Gas,10392.000,Elexon BMRS FUELHH
2024-02-22T13:30:00Z,Hydro,693.000,Elexon BMRS FUELHH
2024-02-22T13:30:00Z,Imports & Exports,8830.000,Elexon BMRS FUELHH
2024-02-22T13:30:00Z,Nuclear,3790.000,Elexon BMRS FUELHH
2024-02-22T13:30:00Z,Other,435.000,Elexon BMRS FUELHH
2024-02-22T13:30:00Z,Pumped Storage,288.000,Elexon BMRS FUELHH
2024-02-22T13:30:00Z,Wind,8307.000,Elexon BMRS FUELHH
2024-02-22T14:00:00Z,Biomass,2509.000,Elexon BMRS FUELHH
2024-02-22T14:00:00Z,Coal,0.000,Elexon BMRS FUELHH
2024-02-22T14:00:00Z,Gas,10331.000,Elexon BMRS FUELHH
2024-02-22T14:00:00Z,Hydro,656.000,Elexon BMRS FUELHH
2024-02-22T14:00:00Z,Imports & Exports,8832.000,Elexon BMRS FUELHH
2024-02-22T14:00:00Z,Nuclear,3787.000,Elexon BMRS FUELHH
2024-02-22T14:00:00Z,Other,420.000,Elexon BMRS FUELHH
2024-02-22T14:00:00Z,Pumped Storage,440.000,Elexon BMRS FUELHH
2024-02-22T14:00:00Z,Wind,8047.000,Elexon BMRS FUELHH
2024-02-22T14:30:00Z,Biomass,2549.000,Elexon BMRS FUELHH
2024-02-22T14:30:00Z,Coal,0.000,Elexon BMRS FUELHH
2024-02-22T14:30:00Z,Gas,10526.000,Elexon BMRS FUELHH
2024-02-22T14:30:00Z,Hydro,691.000,Elexon BMRS FUELHH
2024-02-22T14:30:00Z,Imports & Exports,8778.000,Elexon BMRS FUELHH
2024-02-22T14:30:00Z,Nuclear,3785.000,Elexon BMRS FUELHH
2024-02-22T14:30:00Z,Other,287.000,Elexon BMRS FUELHH
2024-02-22T14:30:00Z,Pumped Storage,282.000,Elexon BMRS FUELHH
2024-02-22T14:30:00Z,Wind,7835.000,Elexon BMRS FUELHH
2024-02-22T15:00:00Z,Biomass,2574.000,Elexon BMRS FUELHH
2024-02-22T15:00:00Z,Coal,11.000,Elexon BMRS FUELHH
2024-02-22T15:00:00Z,Gas,10430.000,Elexon BMRS FUELHH
2024-02-22T15:00:00Z,Hydro,847.000,Elexon BMRS FUELHH
2024-02-22T15:00:00Z,Imports & Exports,8488.000,Elexon BMRS FUELHH
2024-02-22T15:00:00Z,Nuclear,3787.000,Elexon BMRS FUELHH
2024-02-22T15:00:00Z,Other,230.000,Elexon BMRS FUELHH
2024-02-22T15:00:00Z,Pumped Storage,980.000,Elexon BMRS FUELHH
2024-02-22T15:00:00Z,Wind,7583.000,Elexon BMRS FUELHH
2024-02-22T15:30:00Z,Biomass,2578.000,Elexon BMRS FUELHH
2024-02-22T15:30:00Z,Coal,36.000,Elexon BMRS FUELHH
2024-02-22T15:30:00Z,Gas,10126.000,Elexon BMRS FUELHH
2024-02-22T15:30:00Z,Hydro,863.000,Elexon BMRS FUELHH
2024-02-22T15:30:00Z,Imports & Exports,8332.000,Elexon BMRS FUELHH
2024-02-22T15:30:00Z,Nuclear,3794.000,Elexon BMRS FUELHH
2024-02-22T15:30:00Z,Other,224.000,Elexon BMRS FUELHH
2024-02-22T15:30:00Z,Pumped Storage,1406.000,Elexon BMRS FUELHH
2024-02-22T15:30:00Z,Wind,8074.000,Elexon BMRS FUELHH
2024-02-22T16:00:00Z,Biomass,2578.000,Elexon BMRS FUELHH
2024-02-22T16:00:00Z,Coal,110.000,Elexon BMRS FUELHH
2024-02-22T16:00:00Z,Gas,9154.000,Elexon BMRS FUELHH
2024-02-22T16:00:00Z,Hydro,860.000,Elexon BMRS FUELHH
2024-02-22T16:00:00Z,Imports & Exports,8224.000,Elexon BMRS FUELHH
2024-02-22T16:00:00Z,Nuclear,3794.000,Elexon BMRS FUELHH
2024-02-22T16:00:00Z,Other,319.000,Elexon BMRS FUELHH
2024-02-22T16:00:00Z,Pumped Storage,1134.000,Elexon BMRS FUELHH
2024-02-22T16:00:00Z,Wind,9945.000,Elexon BMRS FUELHH
2024-02-22T16:30:00Z,Biomass,2576.000,Elexon BMRS FUELHH
2024-02-22T16:30:00Z,Coal,223.000,Elexon BMRS FUELHH
2024-02-22T16:30:00Z,Gas,8758.000,Elexon BMRS FUELHH
2024-02-22T16:30:00Z,Hydro,876.000,Elexon BMRS FUELHH
2024-02-22T16:30:00Z,Imports & Exports,8142.000,Elexon BMRS FUELHH
2024-02-22T16:30:00Z,Nuclear,3793.000,Elexon BMRS FUELHH
2024-02-22T16:30:00Z,Other,348.000,Elexon BMRS FUELHH
2024-02-22T16:30:00Z,Pumped Storage,1564.000,Elexon BMRS FUELHH
2024-02-22T16:30:00Z,Wind,10963.000,Elexon BMRS FUELHH
2024-02-22T17:00:00Z,Biomass,2573.000,Elexon BMRS FUELHH
2024-02-22T17:00:00Z,Coal,229.000,Elexon BMRS FUELHH
2024-02-22T17:00:00Z,Gas,9022.000,Elexon BMRS FUELHH
2024-02-22T17:00:00Z,Hydro,981.000,Elexon BMRS FUELHH
2024-02-22T17:00:00Z,Imports & Exports,7980.000,Elexon BMRS FUELHH
2024-02-22T17:00:00Z,Nuclear,3796.000,Elexon BMRS FUELHH
2024-02-22T17:00:00Z,Other,454.000,Elexon BMRS FUELHH
2024-02-22T17:00:00Z,Pumped Storage,1572.000,Elexon BMRS FUELHH
2024-02-22T17:00:00Z,Wind,11734.000,Elexon BMRS FUELHH
2024-02-22T17:30:00Z,Biomass,2574.000,Elexon BMRS FUELHH
2024-02-22T17:30:00Z,Coal,231.000,Elexon BMRS FUELHH
2024-02-22T17:30:00Z,Gas,9552.000,Elexon BMRS FUELHH
2024-02-22T17:30:00Z,Hydro,1071.000,Elexon BMRS FUELHH
2024-02-22T17:30:00Z,Imports & Exports,7866.000,Elexon BMRS FUELHH
2024-02-22T17:30:00Z,Nuclear,3794.000,Elexon BMRS FUELHH
2024-02-22T17:30:00Z,Other,639.000,Elexon BMRS FUELHH
2024-02-22T17:30:00Z,Pumped Storage,1560.000,Elexon BMRS FUELHH
2024-02-22T17:30:00Z,Wind,12126.000,Elexon BMRS FUELHH
2024-02-22T18:00:00Z,Biomass,2573.000,Elexon BMRS FUELHH
2024-02-22T18:00:00Z,Coal,307.000,Elexon BMRS FUELHH
2024-02-22T18:00:00Z,Gas,9747.000,Elexon BMRS FUELHH
2024-02-22T18:00:00Z,Hydro,1078.000,Elexon BMRS FUELHH
2024-02-22T18:00:00Z,Imports & Exports,7808.000,Elexon BMRS FUELHH
2024-02-22T18:00:00Z,Nuclear,3798.000,Elexon BMRS FUELHH
2024-02-22T18:00:00Z,Other,848.000,Elexon BMRS FUELHH
2024-02-22T18:00:00Z,Pumped Storage,1202.000,Elexon BMRS FUELHH
2024-02-22T18:00:00Z,Wind,12120.000,Elexon BMRS FUELHH
2024-02-22T18:30:00Z,Biomass,2573.000,Elexon BMRS FUELHH
2024-02-22T18:30:00Z,Coal,413.000,Elexon BMRS FUELHH
2024-02-22T18:30:00Z,Gas,9203.000,Elexon BMRS FUELHH
2024-02-22T18:30:00Z,Hydro,1080.000,Elexon BMRS FUELHH
2024-02-22T18:30:00Z,Imports & Exports,7784.000,Elexon BMRS FUELHH
2024-02-22T18:30:00Z,Nuclear,3801.000,Elexon BMRS FUELHH
2024-02-22T18:30:00Z,Other,817.000,Elexon BMRS FUELHH
2024-02-22T18:30:00Z,Pumped Storage,1076.000,Elexon BMRS FUELHH
2024-02-22T18:30:00Z,Wind,12599.000,Elexon BMRS FUELHH
2024-02-22T19:00:00Z,Biomass,2574.000,Elexon BMRS FUELHH
2024-02-22T19:00:00Z,Coal,450.000,Elexon BMRS FUELHH
2024-02-22T19:00:00Z,Gas,8682.000,Elexon BMRS FUELHH
2024-02-22T19:00:00Z,Hydro,1065.000,Elexon BMRS FUELHH
2024-02-22T19:00:00Z,Imports & Exports,7298.000,Elexon BMRS FUELHH
2024-02-22T19:00:00Z,Nuclear,3797.000,Elexon BMRS FUELHH
2024-02-22T19:00:00Z,Other,567.000,Elexon BMRS FUELHH
2024-02-22T19:00:00Z,Pumped Storage,1176.000,Elexon BMRS FUELHH
2024-02-22T19:00:00Z,Wind,12975.000,Elexon BMRS FUELHH
2024-02-22T19:30:00Z,Biomass,2574.000,Elexon BMRS FUELHH
2024-02-22T19:30:00Z,Coal,358.000,Elexon BMRS FUELHH
2024-02-22T19:30:00Z,Gas,8529.000,Elexon BMRS FUELHH
2024-02-22T19:30:00Z,Hydro,858.000,Elexon BMRS FUELHH
2024-02-22T19:30:00Z,Imports & Exports,7358.000,Elexon BMRS FUELHH
2024-02-22T19:30:00Z,Nuclear,3797.000,Elexon BMRS FUELHH
2024-02-22T19:30:00Z,Other,392.000,Elexon BMRS FUELHH
2024-02-22T19:30:00Z,Pumped Storage,762.000,Elexon BMRS FUELHH
2024-02-22T19:30:00Z,Wind,12919.000,Elexon BMRS FUELHH
2024-02-22T20:00:00Z,Biomass,2571.000,Elexon BMRS FUELHH
2024-02-22T20:00:00Z,Coal,369.000,Elexon BMRS FUELHH
2024-02-22T20:00:00Z,Gas,7869.000,Elexon BMRS FUELHH
2024-02-22T20:00:00Z,Hydro,855.000,Elexon BMRS FUELHH
2024-02-22T20:00:00Z,Imports & Exports,7520.000,Elexon BMRS FUELHH
2024-02-22T20:00:00Z,Nuclear,3794.000,Elexon BMRS FUELHH
2024-02-22T20:00:00Z,Other,251.000,Elexon BMRS FUELHH
2024-02-22T20:00:00Z,Pumped Storage,114.000,Elexon BMRS FUELHH
2024-02-22T20:00:00Z,Wind,12708.000,Elexon BMRS FUELHH
2024-02-22T20:30:00Z,Biomass,2574.000,Elexon BMRS FUELHH
2024-02-22T20:30:00Z,Coal,358.000,Elexon BMRS FUELHH
2024-02-22T20:30:00Z,Gas,6559.000,Elexon BMRS FUELHH
2024-02-22T20:30:00Z,Hydro,863.000,Elexon BMRS FUELHH
2024-02-22T20:30:00Z,Imports & Exports,7676.000,Elexon BMRS FUELHH
2024-02-22T20:30:00Z,Nuclear,3790.000,Elexon BMRS FUELHH
2024-02-22T20:30:00Z,Other,284.000,Elexon BMRS FUELHH
2024-02-22T20:30:00Z,Pumped Storage,54.000,Elexon BMRS FUELHH
2024-02-22T20:30:00Z,Wind,12483.000,Elexon BMRS FUELHH
2024-02-22T21:00:00Z,Biomass,2572.000,Elexon BMRS FUELHH
2024-02-22T21:00:00Z,Coal,455.000,Elexon BMRS FUELHH
2024-02-22T21:00:00Z,Gas,4582.000,Elexon BMRS FUELHH
2024-02-22T21:00:00Z,Hydro,901.000,Elexon BMRS FUELHH
2024-02-22T21:00:00Z,Imports & Exports,7730.000,Elexon BMRS FUELHH
2024-02-22T21:00:00Z,Nuclear,3797.000,Elexon BMRS FUELHH
2024-02-22T21:00:00Z,Other,292.000,Elexon BMRS FUELHH
2024-02-22T21:00:00Z,Pumped Storage,-14.000,Elexon BMRS FUELHH
2024-02-22T21:00:00Z,Wind,12714.000,Elexon BMRS FUELHH
2024-02-22T21:30:00Z,Biomass,2535.000,Elexon BMRS FUELHH
2024-02-22T21:30:00Z,Coal,396.000,Elexon BMRS FUELHH
2024-02-22T21:30:00Z,Gas,3170.000,Elexon BMRS FUELHH
2024-02-22T21:30:00Z,Hydro,787.000,Elexon BMRS FUELHH
2024-02-22T21:30:00Z,Imports & Exports,7744.000,Elexon BMRS FUELHH
2024-02-22T21:30:00Z,Nuclear,3799.000,Elexon BMRS FUELHH
2024-02-22T21:30:00Z,Other,339.000,Elexon BMRS FUELHH
2024-02-22T21:30:00Z,Pumped Storage,-26.000,Elexon BMRS FUELHH
2024-02-22T21:30:00Z,Wind,12737.000,Elexon BMRS FUELHH
2024-02-22T22:00:00Z,Biomass,2079.000,Elexon BMRS FUELHH
2024-02-22T22:00:00Z,Coal,231.000,Elexon BMRS FUELHH
2024-02-22T22:00:00Z,Gas,2594.000,Elexon BMRS FUELHH
2024-02-22T22:00:00Z,Hydro,656.000,Elexon BMRS FUELHH
2024-02-22T22:00:00Z,Imports & Exports,7726.000,Elexon BMRS FUELHH
2024-02-22T22:00:00Z,Nuclear,3793.000,Elexon BMRS FUELHH
2024-02-22T22:00:00Z,Other,206.000,Elexon BMRS FUELHH
2024-02-22T22:00:00Z,Pumped Storage,-186.000,Elexon BMRS FUELHH
2024-02-22T22:00:00Z,Wind,12758.000,Elexon BMRS FUELHH
2024-02-22T22:30:00Z,Biomass,1628.000,Elexon BMRS FUELHH
2024-02-22T22:30:00Z,Coal,230.000,Elexon BMRS FUELHH
2024-02-22T22:30:00Z,Gas,2395.000,Elexon BMRS FUELHH
2024-02-22T22:30:00Z,Hydro,668.000,Elexon BMRS FUELHH
2024-02-22T22:30:00Z,Imports & Exports,7644.000,Elexon BMRS FUELHH
2024-02-22T22:30:00Z,Nuclear,3788.000,Elexon BMRS FUELHH
2024-02-22T22:30:00Z,Other,189.000,Elexon BMRS FUELHH
2024-02-22T22:30:00Z,Pumped Storage,-452.000,Elexon BMRS FUELHH
2024-02-22T22:30:00Z,Wind,12666.000,Elexon BMRS FUELHH
2024-02-22T23:00:00Z,Biomass,1236.000,Elexon BMRS FUELHH
2024-02-22T23:00:00Z,Coal,230.000,Elexon BMRS FUELHH
2024-02-22T23:00:00Z,Gas,2394.000,Elexon BMRS FUELHH
2024-02-22T23:00:00Z,Hydro,654.000,Elexon BMRS FUELHH
2024-02-22T23:00:00Z,Imports & Exports,7222.000,Elexon BMRS FUELHH
2024-02-22T23:00:00Z,Nuclear,3784.000,Elexon BMRS FUELHH
2024-02-22T23:00:00Z,Other,266.000,Elexon BMRS FUELHH
2024-02-22T23:00:00Z,Pumped Storage,-1016.000,Elexon BMRS FUELHH
2024-02-22T23:00:00Z,Wind,12186.000,Elexon BMRS FUELHH
2024-02-22T23:30:00Z,Biomass,1266.000,Elexon BMRS FUELHH
2024-02-22T23:30:00Z,Coal,230.000,Elexon BMRS FUELHH
2024-02-22T23:30:00Z,Gas,2322.000,Elexon BMRS FUELHH
2024-02-22T23:30:00Z,Hydro,618.000,Elexon BMRS FUELHH
2024-02-22T23:30:00Z,Imports & Exports,7296.000,Elexon BMRS FUELHH
2024-02-22T23:30:00Z,Nuclear,3789.000,Elexon BMRS FUELHH
2024-02-22T23:30:00Z,Other,243.000,Elexon BMRS FUELHH
2024-02-22T23:30:00Z,Pumped Storage,-1544.000,Elexon BMRS FUELHH
2024-02-22T23:30:00Z,Wind,11944.000,Elexon BMRS FUELHH
2024-02-23T00:00:00Z,Biomass,1245.000,Elexon BMRS FUELHH
2024-02-23T00:00:00Z,Coal,229.000,Elexon BMRS FUELHH
2024-02-23T00:00:00Z,Gas,2333.000,Elexon BMRS FUELHH
2024-02-23T00:00:00Z,Hydro,600.000,Elexon BMRS FUELHH
2024-02-23T00:00:00Z,Imports & Exports,7244.000,Elexon BMRS FUELHH
2024-02-23T00:00:00Z,Nuclear,3784.000,Elexon BMRS FUELHH
2024-02-23T00:00:00Z,Other,259.000,Elexon BMRS FUELHH
2024-02-23T00:00:00Z,Pumped Storage,-2046.000,Elexon BMRS FUELHH
2024-02-23T00:00:00Z,Wind,11879.000,Elexon BMRS FUELHH
2024-02-23T00:30:00Z,Biomass,1249.000,Elexon BMRS FUELHH
2024-02-23T00:30:00Z,Coal,229.000,Elexon BMRS FUELHH
2024-02-23T00:30:00Z,Gas,2463.000,Elexon BMRS FUELHH
2024-02-23T00:30:00Z,Hydro,607.000,Elexon BMRS FUELHH
2024-02-23T00:30:00Z,Imports & Exports,7376.000,Elexon BMRS FUELHH
2024-02-23T00:30:00Z,Nuclear,3786.000,Elexon BMRS FUELHH
2024-02-23T00:30:00Z,Other,457.000,Elexon BMRS FUELHH
2024-02-23T00:30:00Z,Pumped Storage,-2042.000,Elexon BMRS FUELHH
2024-02-23T00:30:00Z,Wind,11707.000,Elexon BMRS FUELHH
2024-02-23T01:00:00Z,Biomass,1242.000,Elexon BMRS FUELHH
2024-02-23T01:00:00Z,Coal,230.000,Elexon BMRS FUELHH
2024-02-23T01:00:00Z,Gas,2539.000,Elexon BMRS FUELHH
2024-02-23T01:00:00Z,Hydro,581.000,Elexon BMRS FUELHH
2024-02-23T01:00:00Z,Imports & Exports,7230.000,Elexon BMRS FUELHH
2024-02-23T01:00:00Z,Nuclear,3791.000,Elexon BMRS FUELHH
2024-02-23T01:00:00Z,Other,254.000,Elexon BMRS FUELHH
2024-02-23T01:00:00Z,Pumped Storage,-2242.000,Elexon BMRS FUELHH
2024-02-23T01:00:00Z,Wind,11816.000,Elexon BMRS FUELHH
2024-02-23T01:30:00Z,Biomass,1242.000,Elexon BMRS FUELHH
2024-02-23T01:30:00Z,Coal,229.000,Elexon BMRS FUELHH
2024-02-23T01:30:00Z,Gas,2369.000,Elexon BMRS FUELHH
2024-02-23T01:30:00Z,Hydro,580.000,Elexon BMRS FUELHH
2024-02-23T01:30:00Z,Imports & Exports,7134.000,Elexon BMRS FUELHH
2024-02-23T01:30:00Z,Nuclear,3789.000,Elexon BMRS FUELHH
2024-02-23T01:30:00Z,Other,259.000,Elexon BMRS FUELHH
2024-02-23T01:30:00Z,Pumped Storage,-2378.000,Elexon BMRS FUELHH
2024-02-23T01:30:00Z,Wind,11688.000,Elexon BMRS FUELHH
2024-02-23T02:00:00Z,Biomass,1241.000,Elexon BMRS FUELHH
2024-02-23T02:00:00Z,Coal,230.000,Elexon BMRS FUELHH
2024-02-23T02:00:00Z,Gas,2332.000,Elexon BMRS FUELHH
2024-02-23T02:00:00Z,Hydro,559.000,Elexon BMRS FUELHH
2024-02-23T02:00:00Z,Imports & Exports,6468.000,Elexon BMRS FUELHH
2024-02-23T02:00:00Z,Nuclear,3787.000,Elexon BMRS FUELHH
2024-02-23T02:00:00Z,Other,255.000,Elexon BMRS FUELHH
2024-02-23T02:00:00Z,Pumped Storage,-2232.000,Elexon BMRS FUELHH
2024-02-23T02:00:00Z,Wind,11617.000,Elexon BMRS FUELHH
2024-02-23T02:30:00Z,Biomass,1238.000,Elexon BMRS FUELHH
2024-02-23T02:30:00Z,Coal,230.000,Elexon BMRS FUELHH
2024-02-23T02:30:00Z,Gas,2326.000,Elexon BMRS FUELHH
2024-02-23T02:30:00Z,Hydro,540.000,Elexon BMRS FUELHH
2024-02-23T02:30:00Z,Imports & Exports,6332.000,Elexon BMRS FUELHH
2024-02-23T02:30:00Z,Nuclear,3794.000,Elexon BMRS FUELHH
2024-02-23T02:30:00Z,Other,283.000,Elexon BMRS FUELHH
2024-02-23T02:30:00Z,Pumped Storage,-2450.000,Elexon BMRS FUELHH
2024-02-23T02:30:00Z,Wind,11782.000,Elexon BMRS FUELHH
2024-02-23T03:00:00Z,Biomass,1266.000,Elexon BMRS FUELHH
2024-02-23T03:00:00Z,Coal,229.000,Elexon BMRS FUELHH
2024-02-23T03:00:00Z,Gas,2222.000,Elexon BMRS FUELHH
2024-02-23T03:00:00Z,Hydro,539.000,Elexon BMRS FUELHH
2024-02-23T03:00:00Z,Imports & Exports,6128.000,Elexon BMRS FUELHH
2024-02-23T03:00:00Z,Nuclear,3789.000,Elexon BMRS FUELHH
2024-02-23T03:00:00Z,Other,289.000,Elexon BMRS FUELHH
2024-02-23T03:00:00Z,Pumped Storage,-2174.000,Elexon BMRS FUELHH
2024-02-23T03:00:00Z,Wind,11384.000,Elexon BMRS FUELHH
2024-02-23T03:30:00Z,Biomass,1272.000,Elexon BMRS FUELHH
2024-02-23T03:30:00Z,Coal,229.000,Elexon BMRS FUELHH
2024-02-23T03:30:00Z,Gas,2221.000,Elexon BMRS FUELHH
2024-02-23T03:30:00Z,Hydro,538.000,Elexon BMRS FUELHH
2024-02-23T03:30:00Z,Imports & Exports,6000.000,Elexon BMRS FUELHH
2024-02-23T03:30:00Z,Nuclear,3795.000,Elexon BMRS FUELHH
2024-02-23T03:30:00Z,Other,312.000,Elexon BMRS FUELHH
2024-02-23T03:30:00Z,Pumped Storage,-2196.000,Elexon BMRS FUELHH
2024-02-23T03:30:00Z,Wind,11074.000,Elexon BMRS FUELHH
2024-02-23T04:00:00Z,Biomass,1311.000,Elexon BMRS FUELHH
2024-02-23T04:00:00Z,Coal,229.000,Elexon BMRS FUELHH
2024-02-23T04:00:00Z,Gas,2254.000,Elexon BMRS FUELHH
2024-02-23T04:00:00Z,Hydro,535.000,Elexon BMRS FUELHH
2024-02-23T04:00:00Z,Imports & Exports,5810.000,Elexon BMRS FUELHH
2024-02-23T04:00:00Z,Nuclear,3794.000,Elexon BMRS FUELHH
2024-02-23T04:00:00Z,Other,274.000,Elexon BMRS FUELHH
2024-02-23T04:00:00Z,Pumped Storage,-2398.000,Elexon BMRS FUELHH
2024-02-23T04:00:00Z,Wind,11299.000,Elexon BMRS FUELHH
2024-02-23T04:30:00Z,Biomass,1363.000,Elexon BMRS FUELHH
2024-02-23T04:30:00Z,Coal,230.000,Elexon BMRS FUELHH
2024-02-23T04:30:00Z,Gas,2407.000,Elexon BMRS FUELHH
2024-02-23T04:30:00Z,Hydro,535.000,Elexon BMRS FUELHH
2024-02-23T04:30:00Z,Imports & Exports,5790.000,Elexon BMRS FUELHH
2024-02-23T04:30:00Z,Nuclear,3792.000,Elexon BMRS FUELHH
2024-02-23T04:30:00Z,Other,244.000,Elexon BMRS FUELHH
2024-02-23T04:30:00Z,Pumped Storage,-2384.000,Elexon BMRS FUELHH
2024-02-23T04:30:00Z,Wind,11152.000,Elexon BMRS FUELHH
2024-02-23T05:00:00Z,Biomass,1390.000,Elexon BMRS FUELHH
2024-02-23T05:00:00Z,Coal,229.000,Elexon BMRS FUELHH
2024-02-23T05:00:00Z,Gas,2480.000,Elexon BMRS FUELHH
2024-02-23T05:00:00Z,Hydro,533.000,Elexon BMRS FUELHH
2024-02-23T05:00:00Z,Imports & Exports,5884.000,Elexon BMRS FUELHH
2024-02-23T05:00:00Z,Nuclear,3793.000,Elexon BMRS FUELHH
2024-02-23T05:00:00Z,Other,258.000,Elexon BMRS FUELHH
2024-02-23T05:00:00Z,Pumped Storage,-2214.000,Elexon BMRS FUELHH
2024-02-23T05:00:00Z,Wind,11391.000,Elexon BMRS FUELHH
2024-02-23T05:30:00Z,Biomass,1563.000,Elexon BMRS FUELHH
2024-02-23T05:30:00Z,Coal,279.000,Elexon BMRS FUELHH
2024-02-23T05:30:00Z,Gas,2615.000,Elexon BMRS FUELHH
2024-02-23T05:30:00Z,Hydro,562.000,Elexon BMRS FUELHH
2024-02-23T05:30:00Z,Imports & Exports,5812.000,Elexon BMRS FUELHH
2024-02-23T05:30:00Z,Nuclear,3791.000,Elexon BMRS FUELHH
2024-02-23T05:30:00Z,Other,361.000,Elexon BMRS FUELHH
2024-02-23T05:30:00Z,Pumped Storage,-1734.000,Elexon BMRS FUELHH
2024-02-23T05:30:00Z,Wind,11333.000,Elexon BMRS FUELHH
2024-02-23T06:00:00Z,Biomass,1810.000,Elexon BMRS FUELHH
2024-02-23T06:00:00Z,Coal,298.000,Elexon BMRS FUELHH
2024-02-23T06:00:00Z,Gas,3258.000,Elexon BMRS FUELHH
2024-02-23T06:00:00Z,Hydro,594.000,Elexon BMRS FUELHH
2024-02-23T06:00:00Z,Imports & Exports,6312.000,Elexon BMRS FUELHH
2024-02-23T06:00:00Z,Nuclear,3793.000,Elexon BMRS FUELHH
2024-02-23T06:00:00Z,Other,365.000,Elexon BMRS FUELHH
2024-02-23T06:00:00Z,Pumped Storage,-508.000,Elexon BMRS FUELHH
2024-02-23T06:00:00Z,Wind,11282.000,Elexon BMRS FUELHH
2024-02-23T06:30:00Z,Biomass,2448.000,Elexon BMRS FUELHH
2024-02-23T06:30:00Z,Coal,231.000,Elexon BMRS FUELHH
2024-02-23T06:30:00Z,Gas,4803.000,Elexon BMRS FUELHH
2024-02-23T06:30:00Z,Hydro,654.000,Elexon BMRS FUELHH
2024-02-23T06:30:00Z,Imports & Exports,6332.000,Elexon BMRS FUELHH
2024-02-23T06:30:00Z,Nuclear,3785.000,Elexon BMRS FUELHH
2024-02-23T06:30:00Z,Other,300.000,Elexon BMRS FUELHH
2024-02-23T06:30:00Z,Pumped Storage,-162.000,Elexon BMRS FUELHH
2024-02-23T06:30:00Z,Wind,11421.000,Elexon BMRS FUELHH
2024-02-23T07:00:00Z,Biomass,3002.000,Elexon BMRS FUELHH
2024-02-23T07:00:00Z,Coal,228.000,Elexon BMRS FUELHH
2024-02-23T07:00:00Z,Gas,6125.000,Elexon BMRS FUELHH
2024-02-23T07:00:00Z,Hydro,707.000,Elexon BMRS FUELHH
2024-02-23T07:00:00Z,Imports & Exports,7348.000,Elexon BMRS FUELHH
2024-02-23T07:00:00Z,Nuclear,3786.000,Elexon BMRS FUELHH
2024-02-23T07:00:00Z,Other,260.000,Elexon BMRS FUELHH
2024-02-23T07:00:00Z,Pumped Storage,12.000,Elexon BMRS FUELHH
2024-02-23T07:00:00Z,Wind,11230.000,Elexon BMRS FUELHH
2024-02-23T07:30:00Z,Biomass,3202.000,Elexon BMRS FUELHH
2024-02-23T07:30:00Z,Coal,222.000,Elexon BMRS FUELHH
2024-02-23T07:30:00Z,Gas,7114.000,Elexon BMRS FUELHH
2024-02-23T07:30:00Z,Hydro,760.000,Elexon BMRS FUELHH
2024-02-23T07:30:00Z,Imports & Exports,7328.000,Elexon BMRS FUELHH
2024-02-23T07:30:00Z,Nuclear,3788.000,Elexon BMRS FUELHH
2024-02-23T07:30:00Z,Other,402.000,Elexon BMRS FUELHH
2024-02-23T07:30:00Z,Pumped Storage,222.000,Elexon BMRS FUELHH
2024-02-23T07:30:00Z,Wind,10868.000,Elexon BMRS FUELHH
2024-02-23T08:00:00Z,Biomass,3220.000,Elexon BMRS FUELHH
2024-02-23T08:00:00Z,Coal,7.000,Elexon BMRS FUELHH
2024-02-23T08:00:00Z,Gas,7846.000,Elexon BMRS FUELHH
2024-02-23T08:00:00Z,Hydro,882.000,Elexon BMRS FUELHH
2024-02-23T08:00:00Z,Imports & Exports,7778.000,Elexon BMRS FUELHH
2024-02-23T08:00:00Z,Nuclear,3793.000,Elexon BMRS FUELHH
2024-02-23T08:00:00Z,Other,308.000,Elexon BMRS FUELHH
2024-02-23T08:00:00Z,Pumped Storage,326.000,Elexon BMRS FUELHH
2024-02-23T08:00:00Z,Wind,10462.000,Elexon BMRS FUELHH
2024-02-23T08:30:00Z,Biomass,3220.000,Elexon BMRS FUELHH
2024-02-23T08:30:00Z,Coal,0.000,Elexon BMRS FUELHH
2024-02-23T08:30:00Z,Gas,7499.000,Elexon BMRS FUELHH
2024-02-23T08:30:00Z,Hydro,894.000,Elexon BMRS FUELHH
2024-02-23T08:30:00Z,Imports & Exports,7794.000,Elexon BMRS FUELHH
2024-02-23T08:30:00Z,Nuclear,3791.000,Elexon BMRS FUELHH
2024-02-23T08:30:00Z,Other,262.000,Elexon BMRS FUELHH
2024-02-23T08:30:00Z,Pumped Storage,326.000,Elexon BMRS FUELHH
2024-02-23T08:30:00Z,Wind,11027.000,Elexon BMRS FUELHH
2024-02-23T09:00:00Z,Biomass,3208.000,Elexon BMRS FUELHH
2024-02-23T09:00:00Z,Coal,0.000,Elexon BMRS FUELHH
2024-02-23T09:00:00Z,Gas,7978.000,Elexon BMRS FUELHH
2024-02-23T09:00:00Z,Hydro,765.000,Elexon BMRS FUELHH
2024-02-23T09:00:00Z,Imports & Exports,7416.000,Elexon BMRS FUELHH
2024-02-23T09:00:00Z,Nuclear,3793.000,Elexon BMRS FUELHH
2024-02-23T09:00:00Z,Other,286.000,Elexon BMRS FUELHH
2024-02-23T09:00:00Z,Pumped Storage,210.000,Elexon BMRS FUELHH
2024-02-23T09:00:00Z,Wind,10892.000,Elexon BMRS FUELHH
2024-02-23T09:30:00Z,Biomass,3117.000,Elexon BMRS FUELHH
2024-02-23T09:30:00Z,Coal,0.000,Elexon BMRS FUELHH
2024-02-23T09:30:00Z,Gas,8094.000,Elexon BMRS FUELHH
2024-02-23T09:30:00Z,Hydro,778.000,Elexon BMRS FUELHH
2024-02-23T09:30:00Z,Imports & Exports,7372.000,Elexon BMRS FUELHH
2024-02-23T09:30:00Z,Nuclear,3787.000,Elexon BMRS FUELHH
2024-02-23T09:30:00Z,Other,302.000,Elexon BMRS FUELHH
2024-02-23T09:30:00Z,Pumped Storage,258.000,Elexon BMRS FUELHH
2024-02-23T09:30:00Z,Wind,10137.000,Elexon BMRS FUELHH
2024-02-23T10:00:00Z,Biomass,2944.000,Elexon BMRS FUELHH
2024-02-23T10:00:00Z,Coal,0.000,Elexon BMRS FUELHH
2024-02-23T10:00:00Z,Gas,8507.000,Elexon BMRS FUELHH
2024-02-23T10:00:00Z,Hydro,768.000,Elexon BMRS FUELHH
2024-02-23T10:00:00Z,Imports & Exports,7374.000,Elexon BMRS FUELHH
2024-02-23T10:00:00Z,Nuclear,3793.000,Elexon BMRS FUELHH
2024-02-23T10:00:00Z,Other,264.000,Elexon BMRS FUELHH
2024-02-23T10:00:00Z,Pumped Storage,72.000,Elexon BMRS FUELHH
2024-02-23T10:00:00Z,Wind,9671.000,Elexon BMRS FUELHH
2024-02-23T10:30:00Z,Biomass,2947.000,Elexon BMRS FUELHH
2024-02-23T10:30:00Z,Coal,0.000,Elexon BMRS FUELHH
2024-02-23T10:30:00Z,Gas,8121.000,Elexon BMRS FUELHH
2024-02-23T10:30:00Z,Hydro,766.000,Elexon BMRS FUELHH
2024-02-23T10:30:00Z,Imports & Exports,7460.000,Elexon BMRS FUELHH
2024-02-23T10:30:00Z,Nuclear,3785.000,Elexon BMRS FUELHH
2024-02-23T10:30:00Z,Other,416.000,Elexon BMRS FUELHH
2024-02-23T10:30:00Z,Pumped Storage,-12.000,Elexon BMRS FUELHH
2024-02-23T10:30:00Z,Wind,9334.000,Elexon BMRS FUELHH
2024-02-23T11:00:00Z,Biomass,2953.000,Elexon BMRS FUELHH
2024-02-23T11:00:00Z,Coal,0.000,Elexon BMRS FUELHH
2024-02-23T11:00:00Z,Gas,8282.000,Elexon BMRS FUELHH
2024-02-23T11:00:00Z,Hydro,771.000,Elexon BMRS FUELHH
2024-02-23T11:00:00Z,Imports & Exports,7652.000,Elexon BMRS FUELHH
2024-02-23T11:00:00Z,Nuclear,3797.000,Elexon BMRS FUELHH
2024-02-23T11:00:00Z,Other,392.000,Elexon BMRS FUELHH
2024-02-23T11:00:00Z,Pumped Storage,20.000,Elexon BMRS FUELHH
2024-02-23T11:00:00Z,Wind,9277.000,Elexon BMRS FUELHH
2024-02-23T11:30:00Z,Biomass,2954.000,Elexon BMRS FUELHH
2024-02-23T11:30:00Z,Coal,0.000,Elexon BMRS FUELHH
2024-02-23T11:30:00Z,Gas,8249.000,Elexon BMRS FUELHH
2024-02-23T11:30:00Z,Hydro,830.000,Elexon BMRS FUELHH
2024-02-23T11:30:00Z,Imports & Exports,7602.000,Elexon BMRS FUELHH
2024-02-23T11:30:00Z,Nuclear,3792.000,Elexon BMRS FUELHH
2024-02-23T11:30:00Z,Other,273.000,Elexon BMRS FUELHH
2024-02-23T11:30:00Z,Pumped Storage,-12.000,Elexon BMRS FUELHH
2024-02-23T11:30:00Z,Wind,9416.000,Elexon BMRS FUELHH
2024-02-23T12:00:00Z,Biomass,2952.000,Elexon BMRS FUELHH
2024-02-23T12:00:00Z,Coal,0.000,Elexon BMRS FUELHH
2024-02-23T12:00:00Z,Gas,8276.000,Elexon BMRS FUELHH
2024-02-23T12:00:00Z,Hydro,823.000,Elexon BMRS FUELHH
2024-02-23T12:00:00Z,Imports & Exports,8038.000,Elexon BMRS FUELHH
2024-02-23T12:00:00Z,Nuclear,3789.000,Elexon BMRS FUELHH
2024-02-23T12:00:00Z,Other,254.000,Elexon BMRS FUELHH
2024-02-23T12:00:00Z,Pumped Storage,-12.000,Elexon BMRS FUELHH
2024-02-23T12:00:00Z,Wind,9014.000,Elexon BMRS FUELHH
2024-02-23T12:30:00Z,Biomass,2953.000,Elexon BMRS FUELHH
2024-02-23T12:30:00Z,Coal,0.000,Elexon BMRS FUELHH
2024-02-23T12:30:00Z,Gas,8787.000,Elexon BMRS FUELHH
2024-02-23T12:30:00Z,Hydro,911.000,Elexon BMRS FUELHH
2024-02-23T12:30:00Z,Imports & Exports,8012.000,Elexon BMRS FUELHH
2024-02-23T12:30:00Z,Nuclear,3786.000,Elexon BMRS FUELHH
2024-02-23T12:30:00Z,Other,453.000,Elexon BMRS FUELHH
2024-02-23T12:30:00Z,Pumped Storage,220.000,Elexon BMRS FUELHH
2024-02-23T12:30:00Z,Wind,8042.000,Elexon BMRS FUELHH
2024-02-23T13:00:00Z,Biomass,2952.000,Elexon BMRS FUELHH
2024-02-23T13:00:00Z,Coal,0.000,Elexon BMRS FUELHH
2024-02-23T13:00:00Z,Gas,9260.000,Elexon BMRS FUELHH
2024-02-23T13:00:00Z,Hydro,900.000,Elexon BMRS FUELHH
2024-02-23T13:00:00Z,Imports & Exports,8130.000,Elexon BMRS FUELHH
2024-02-23T13:00:00Z,Nuclear,3789.000,Elexon BMRS FUELHH
2024-02-23T13:00:00Z,Other,267.000,Elexon BMRS FUELHH
2024-02-23T13:00:00Z,Pumped Storage,138.000,Elexon BMRS FUELHH
2024-02-23T13:00:00Z,Wind,7486.000,Elexon BMRS FUELHH
2024-02-23T13:30:00Z,Biomass,2939.000,Elexon BMRS FUELHH
2024-02-23T13:30:00Z,Coal,0.000,Elexon BMRS FUELHH
2024-02-23T13:30:00Z,Gas,9424.000,Elexon BMRS FUELHH
2024-02-23T13:30:00Z,Hydro,796.000,Elexon BMRS FUELHH
2024-02-23T13:30:00Z,Imports & Exports,8282.000,Elexon BMRS FUELHH
2024-02-23T13:30:00Z,Nuclear,3792.000,Elexon BMRS FUELHH
2024-02-23T13:30:00Z,Other,221.000,Elexon BMRS FUELHH
2024-02-23T13:30:00Z,Pumped Storage,2.000,Elexon BMRS FUELHH
2024-02-23T13:30:00Z,Wind,7727.000,Elexon BMRS FUELHH
2024-02-23T14:00:00Z,Biomass,2811.000,Elexon BMRS FUELHH
2024-02-23T14:00:00Z,Coal,0.000,Elexon BMRS FUELHH
2024-02-23T14:00:00Z,Gas,9648.000,Elexon BMRS FUELHH
2024-02-23T14:00:00Z,Hydro,717.000,Elexon BMRS FUELHH
2024-02-23T14:00:00Z,Imports & Exports,8374.000,Elexon BMRS FUELHH
2024-02-23T14:00:00Z,Nuclear,3784.000,Elexon BMRS FUELHH
2024-02-23T14:00:00Z,Other,228.000,Elexon BMRS FUELHH
2024-02-23T14:00:00Z,Pumped Storage,252.000,Elexon BMRS FUELHH
2024-02-23T14:00:00Z,Wind,7675.000,Elexon BMRS FUELHH
2024-02-23T14:30:00Z,Biomass,2776.000,Elexon BMRS FUELHH
2024-02-23T14:30:00Z,Coal,0.000,Elexon BMRS FUELHH
2024-02-23T14:30:00Z,Gas,10431.000,Elexon BMRS FUELHH
2024-02-23T14:30:00Z,Hydro,845.000,Elexon BMRS FUELHH
2024-02-23T14:30:00Z,Imports & Exports,8384.000,Elexon BMRS FUELHH
2024-02-23T14:30:00Z,Nuclear,3790.000,Elexon BMRS FUELHH
2024-02-23T14:30:00Z,Other,241.000,Elexon BMRS FUELHH
2024-02-23T14:30:00Z,Pumped Storage,228.000,Elexon BMRS FUELHH
2024-02-23T14:30:00Z,Wind,7347.000,Elexon BMRS FUELHH
2024-02-23T15:00:00Z,Biomass,2877.000,Elexon BMRS FUELHH
2024-02-23T15:00:00Z,Coal,0.000,Elexon BMRS FUELHH
2024-02-23T15:00:00Z,Gas,11747.000,Elexon BMRS FUELHH
2024-02-23T15:00:00Z,Hydro,881.000,Elexon BMRS FUELHH
2024-02-23T15:00:00Z,Imports & Exports,8170.000,Elexon BMRS FUELHH
2024-02-23T15:00:00Z,Nuclear,3787.000,Elexon BMRS FUELHH
2024-02-23T15:00:00Z,Other,205.000,Elexon BMRS FUELHH
2024-02-23T15:00:00Z,Pumped Storage,-22.000,Elexon BMRS FUELHH
2024-02-23T15:00:00Z,Wind,7052.000,Elexon BMRS FUELHH
2024-02-23T15:30:00Z,Biomass,2949.000,Elexon BMRS FUELHH
2024-02-23T15:30:00Z,Coal,0.000,Elexon BMRS FUELHH
2024-02-23T15:30:00Z,Gas,12725.000,Elexon BMRS FUELHH
2024-02-23T15:30:00Z,Hydro,907.000,Elexon BMRS FUELHH
2024-02-23T15:30:00Z,Imports & Exports,8100.000,Elexon BMRS FUELHH
2024-02-23T15:30:00Z,Nuclear,3786.000,Elexon BMRS FUELHH
2024-02-23T15:30:00Z,Other,194.000,Elexon BMRS FUELHH
2024-02-23T15:30:00Z,Pumped Storage,-22.000,Elexon BMRS FUELHH
2024-02-23T15:30:00Z,Wind,6673.000,Elexon BMRS FUELHH
2024-02-23T16:00:00Z,Biomass,2947.000,Elexon BMRS FUELHH
2024-02-23T16:00:00Z,Coal,159.000,Elexon BMRS FUELHH
2024-02-23T16:00:00Z,Gas,13913.000,Elexon BMRS FUELHH
2024-02-23T16:00:00Z,Hydro,957.000,Elexon BMRS FUELHH
2024-02-23T16:00:00Z,Imports & Exports,7790.000,Elexon BMRS FUELHH
2024-02-23T16:00:00Z,Nuclear,3784.000,Elexon BMRS FUELHH
2024-02-23T16:00:00Z,Other,274.000,Elexon BMRS FUELHH
2024-02-23T16:00:00Z,Pumped Storage,-10.000,Elexon BMRS FUELHH
2024-02-23T16:00:00Z,Wind,6480.000,Elexon BMRS FUELHH
2024-02-23T16:30:00Z,Biomass,2949.000,Elexon BMRS FUELHH
2024-02-23T16:30:00Z,Coal,327.000,Elexon BMRS FUELHH
2024-02-23T16:30:00Z,Gas,14447.000,Elexon BMRS FUELHH
2024-02-23T16:30:00Z,Hydro,845.000,Elexon BMRS FUELHH
2024-02-23T16:30:00Z,Imports & Exports,7920.000,Elexon BMRS FUELHH
2024-02-23T16:30:00Z,Nuclear,3788.000,Elexon BMRS FUELHH
2024-02-23T16:30:00Z,Other,357.000,Elexon BMRS FUELHH
2024-02-23T16:30:00Z,Pumped Storage,464.000,Elexon BMRS FUELHH
2024-02-23T16:30:00Z,Wind,6300.000,Elexon BMRS FUELHH
2024-02-23T17:00:00Z,Biomass,2949.000,Elexon BMRS FUELHH
2024-02-23T17:00:00Z,Coal,451.000,Elexon BMRS FUELHH
2024-02-23T17:00:00Z,Gas,16088.000,Elexon BMRS FUELHH
2024-02-23T17:00:00Z,Hydro,912.000,Elexon BMRS FUELHH
2024-02-23T17:00:00Z,Imports & Exports,5670.000,Elexon BMRS FUELHH
2024-02-23T17:00:00Z,Nuclear,3786.000,Elexon BMRS FUELHH
2024-02-23T17:00:00Z,Other,641.000,Elexon BMRS FUELHH
2024-02-23T17:00:00Z,Pumped Storage,1362.000,Elexon BMRS FUELHH
2024-02-23T17:00:00Z,Wind,5982.000,Elexon BMRS FUELHH
2024-02-23T17:30:00Z,Biomass,2950.000,Elexon BMRS FUELHH
2024-02-23T17:30:00Z,Coal,477.000,Elexon BMRS FUELHH
2024-02-23T17:30:00Z,Gas,16407.000,Elexon BMRS FUELHH
2024-02-23T17:30:00Z,Hydro,909.000,Elexon BMRS FUELHH
2024-02-23T17:30:00Z,Imports & Exports,5500.000,Elexon BMRS FUELHH
2024-02-23T17:30:00Z,Nuclear,3783.000,Elexon BMRS FUELHH
2024-02-23T17:30:00Z,Other,1088.000,Elexon BMRS FUELHH
2024-02-23T17:30:00Z,Pumped Storage,1746.000,Elexon BMRS FUELHH
2024-02-23T17:30:00Z,Wind,5640.000,Elexon BMRS FUELHH
2024-02-23T18:00:00Z,Biomass,2952.000,Elexon BMRS FUELHH
2024-02-23T18:00:00Z,Coal,342.000,Elexon BMRS FUELHH
2024-02-23T18:00:00Z,Gas,15890.000,Elexon BMRS FUELHH
2024-02-23T18:00:00Z,Hydro,910.000,Elexon BMRS FUELHH
2024-02-23T18:00:00Z,Imports & Exports,7116.000,Elexon BMRS FUELHH
2024-02-23T18:00:00Z,Nuclear,3788.000,Elexon BMRS FUELHH
2024-02-23T18:00:00Z,Other,1195.000,Elexon BMRS FUELHH
2024-02-23T18:00:00Z,Pumped Storage,1902.000,Elexon BMRS FUELHH
2024-02-23T18:00:00Z,Wind,5360.000,Elexon BMRS FUELHH
2024-02-23T18:30:00Z,Biomass,2954.000,Elexon BMRS FUELHH
2024-02-23T18:30:00Z,Coal,286.000,Elexon BMRS FUELHH
2024-02-23T18:30:00Z,Gas,16013.000,Elexon BMRS FUELHH
2024-02-23T18:30:00Z,Hydro,913.000,Elexon BMRS FUELHH
2024-02-23T18:30:00Z,Imports & Exports,7060.000,Elexon BMRS FUELHH
2024-02-23T18:30:00Z,Nuclear,3786.000,Elexon BMRS FUELHH
2024-02-23T18:30:00Z,Other,1200.000,Elexon BMRS FUELHH
2024-02-23T18:30:00Z,Pumped Storage,1738.000,Elexon BMRS FUELHH
2024-02-23T18:30:00Z,Wind,4826.000,Elexon BMRS FUELHH
2024-02-23T19:00:00Z,Biomass,2950.000,Elexon BMRS FUELHH
2024-02-23T19:00:00Z,Coal,325.000,Elexon BMRS FUELHH
2024-02-23T19:00:00Z,Gas,15297.000,Elexon BMRS FUELHH
2024-02-23T19:00:00Z,Hydro,912.000,Elexon BMRS FUELHH
2024-02-23T19:00:00Z,Imports & Exports,7842.000,Elexon BMRS FUELHH
2024-02-23T19:00:00Z,Nuclear,3789.000,Elexon BMRS FUELHH
2024-02-23T19:00:00Z,Other,901.000,Elexon BMRS FUELHH
2024-02-23T19:00:00Z,Pumped Storage,1820.000,Elexon BMRS FUELHH
2024-02-23T19:00:00Z,Wind,4524.000,Elexon BMRS FUELHH
2024-02-23T19:30:00Z,Biomass,2947.000,Elexon BMRS FUELHH
2024-02-23T19:30:00Z,Coal,357.000,Elexon BMRS FUELHH
2024-02-23T19:30:00Z,Gas,15248.000,Elexon BMRS FUELHH
2024-02-23T19:30:00Z,Hydro,912.000,Elexon BMRS FUELHH
2024-02-23T19:30:00Z,Imports & Exports,7980.000,Elexon BMRS FUELHH
2024-02-23T19:30:00Z,Nuclear,3790.000,Elexon BMRS FUELHH
2024-02-23T19:30:00Z,Other,581.000,Elexon BMRS FUELHH
2024-02-23T19:30:00Z,Pumped Storage,1516.000,Elexon BMRS FUELHH
2024-02-23T19:30:00Z,Wind,4202.000,Elexon BMRS FUELHH
2024-02-23T20:00:00Z,Biomass,2942.000,Elexon BMRS FUELHH
2024-02-23T20:00:00Z,Coal,373.000,Elexon BMRS FUELHH
2024-02-23T20:00:00Z,Gas,15490.000,Elexon BMRS FUELHH
2024-02-23T20:00:00Z,Hydro,905.000,Elexon BMRS FUELHH
2024-02-23T20:00:00Z,Imports & Exports,8170.000,Elexon BMRS FUELHH
2024-02-23T20:00:00Z,Nuclear,3796.000,Elexon BMRS FUELHH
2024-02-23T20:00:00Z,Other,210.000,Elexon BMRS FUELHH
2024-02-23T20:00:00Z,Pumped Storage,452.000,Elexon BMRS FUELHH
2024-02-23T20:00:00Z,Wind,3900.000,Elexon BMRS FUELHH
2024-02-23T20:30:00Z,Biomass,2949.000,Elexon BMRS FUELHH
2024-02-23T20:30:00Z,Coal,313.000,Elexon BMRS FUELHH
2024-02-23T20:30:00Z,Gas,15339.000,Elexon BMRS FUELHH
2024-02-23T20:30:00Z,Hydro,904.000,Elexon BMRS FUELHH
2024-02-23T20:30:00Z,Imports & Exports,7982.000,Elexon BMRS FUELHH
2024-02-23T20:30:00Z,Nuclear,3793.000,Elexon BMRS FUELHH
2024-02-23T20:30:00Z,Other,189.000,Elexon BMRS FUELHH
2024-02-23T20:30:00Z,Pumped Storage,126.000,Elexon BMRS FUELHH
2024-02-23T20:30:00Z,Wind,3577.000,Elexon BMRS FUELHH
2024-02-23T21:00:00Z,Biomass,2952.000,Elexon BMRS FUELHH
2024-02-23T21:00:00Z,Coal,329.000,Elexon BMRS FUELHH
2024-02-23T21:00:00Z,Gas,14720.000,Elexon BMRS FUELHH
2024-02-23T21:00:00Z,Hydro,888.000,Elexon BMRS FUELHH
2024-02-23T21:00:00Z,Imports & Exports,7300.000,Elexon BMRS FUELHH
2024-02-23T21:00:00Z,Nuclear,3792.000,Elexon BMRS FUELHH
2024-02-23T21:00:00Z,Other,228.000,Elexon BMRS FUELHH
2024-02-23T21:00:00Z,Pumped Storage,216.000,Elexon BMRS FUELHH
2024-02-23T21:00:00Z,Wind,3185.000,Elexon BMRS FUELHH
2024-02-23T21:30:00Z,Biomass,2953.000,Elexon BMRS FUELHH
2024-02-23T21:30:00Z,Coal,322.000,Elexon BMRS FUELHH
2024-02-23T21:30:00Z,Gas,14026.000,Elexon BMRS FUELHH
2024-02-23T21:30:00Z,Hydro,879.000,Elexon BMRS FUELHH
2024-02-23T21:30:00Z,Imports & Exports,7220.000,Elexon BMRS FUELHH
2024-02-23T21:30:00Z,Nuclear,3785.000,Elexon BMRS FUELHH
2024-02-23T21:30:00Z,Other,194.000,Elexon BMRS FUELHH
2024-02-23T21:30:00Z,Pumped Storage,72.000,Elexon BMRS FUELHH
2024-02-23T21:30:00Z,Wind,2759.000,Elexon BMRS FUELHH
2024-02-23T22:00:00Z,Biomass,2936.000,Elexon BMRS FUELHH
2024-02-23T22:00:00Z,Coal,20.000,Elexon BMRS FUELHH
2024-02-23T22:00:00Z,Gas,12493.000,Elexon BMRS FUELHH
2024-02-23T22:00:00Z,Hydro,859.000,Elexon BMRS FUELHH
2024-02-23T22:00:00Z,Imports & Exports,7678.000,Elexon BMRS FUELHH
2024-02-23T22:00:00Z,Nuclear,3787.000,Elexon BMRS FUELHH
2024-02-23T22:00:00Z,Other,183.000,Elexon BMRS FUELHH
2024-02-23T22:00:00Z,Pumped Storage,16.000,Elexon BMRS FUELHH
2024-02-23T22:00:00Z,Wind,2903.000,Elexon BMRS FUELHH
2024-02-23T22:30:00Z,Biomass,2944.000,Elexon BMRS FUELHH
2024-02-23T22:30:00Z,Coal,0.000,Elexon BMRS FUELHH
2024-02-23T22:30:00Z,Gas,11099.000,Elexon BMRS FUELHH
2024-02-23T22:30:00Z,Hydro,832.000,Elexon BMRS FUELHH
2024-02-23T22:30:00Z,Imports & Exports,7742.000,Elexon BMRS FUELHH
2024-02-23T22:30:00Z,Nuclear,3787.000,Elexon BMRS FUELHH
2024-02-23T22:30:00Z,Other,177.000,Elexon BMRS FUELHH
2024-02-23T22:30:00Z,Pumped Storage,24.000,Elexon BMRS FUELHH
2024-02-23T22:30:00Z,Wind,3149.000,Elexon BMRS FUELHH
2024-02-23T23:00:00Z,Biomass,2952.000,Elexon BMRS FUELHH
2024-02-23T23:00:00Z,Coal,0.000,Elexon BMRS FUELHH
2024-02-23T23:00:00Z,Gas,10201.000,Elexon BMRS FUELHH
2024-02-23T23:00:00Z,Hydro,708.000,Elexon BMRS FUELHH
2024-02-23T23:00:00Z,Imports & Exports,7190.000,Elexon BMRS FUELHH
2024-02-23T23:00:00Z,Nuclear,3785.000,Elexon BMRS FUELHH
2024-02-23T23:00:00Z,Other,246.000,Elexon BMRS FUELHH
2024-02-23T23:00:00Z,Pumped Storage,-16.000,Elexon BMRS FUELHH
2024-02-23T23:00:00Z,Wind,3070.000,Elexon BMRS FUELHH
2024-02-23T23:30:00Z,Biomass,2922.000,Elexon BMRS FUELHH
2024-02-23T23:30:00Z,Coal,0.000,Elexon BMRS FUELHH
2024-02-23T23:30:00Z,Gas,9581.000,Elexon BMRS FUELHH
2024-02-23T23:30:00Z,Hydro,588.000,Elexon BMRS FUELHH
2024-02-23T23:30:00Z,Imports & Exports,7240.000,Elexon BMRS FUELHH
2024-02-23T23:30:00Z,Nuclear,3791.000,Elexon BMRS FUELHH
2024-02-23T23:30:00Z,Other,246.000,Elexon BMRS FUELHH
2024-02-23T23:30:00Z,Pumped Storage,-16.000,Elexon BMRS FUELHH
2024-02-23T23:30:00Z,Wind,3010.000,Elexon BMRS FUELHH
2024-02-24T00:00:00Z,Biomass,2925.000,Elexon BMRS FUELHH
2024-02-24T00:00:00Z,Coal,0.000,Elexon BMRS FUELHH
2024-02-24T00:00:00Z,Gas,9525.000,Elexon BMRS FUELHH
2024-02-24T00:00:00Z,Hydro,606.000,Elexon BMRS FUELHH
2024-02-24T00:00:00Z,Imports & Exports,7434.000,Elexon BMRS FUELHH
2024-02-24T00:00:00Z,Nuclear,3786.000,Elexon BMRS FUELHH
2024-02-24T00:00:00Z,Other,248.000,Elexon BMRS FUELHH
2024-02-24T00:00:00Z,Pumped Storage,-16.000,Elexon BMRS FUELHH
2024-02-24T00:00:00Z,Wind,2819.000,Elexon BMRS FUELHH
2024-02-24T00:30:00Z,Biomass,2956.000,Elexon BMRS FUELHH
2024-02-24T00:30:00Z,Coal,0.000,Elexon BMRS FUELHH
2024-02-24T00:30:00Z,Gas,9905.000,Elexon BMRS FUELHH
2024-02-24T00:30:00Z,Hydro,558.000,Elexon BMRS FUELHH
2024-02-24T00:30:00Z,Imports & Exports,7560.000,Elexon BMRS FUELHH
2024-02-24T00:30:00Z,Nuclear,3787.000,Elexon BMRS FUELHH
2024-02-24T00:30:00Z,Other,275.000,Elexon BMRS FUELHH
2024-02-24T00:30:00Z,Pumped Storage,16.000,Elexon BMRS FUELHH
2024-02-24T00:30:00Z,Wind,2479.000,Elexon BMRS FUELHH
2024-02-24T01:00:00Z,Biomass,2955.000,Elexon BMRS FUELHH
2024-02-24T01:00:00Z,Coal,0.000,Elexon BMRS FUELHH
2024-02-24T01:00:00Z,Gas,10238.000,Elexon BMRS FUELHH
2024-02-24T01:00:00Z,Hydro,670.000,Elexon BMRS FUELHH
2024-02-24T01:00:00Z,Imports & Exports,7130.000,Elexon BMRS FUELHH
2024-02-24T01:00:00Z,Nuclear,3789.000,Elexon BMRS FUELHH
2024-02-24T01:00:00Z,Other,262.000,Elexon BMRS FUELHH
2024-02-24T01:00:00Z,Pumped Storage,-276.000,Elexon BMRS FUELHH
2024-02-24T01:00:00Z,Wind,2071.000,Elexon BMRS FUELHH
2024-02-24T01:30:00Z,Biomass,2954.000,Elexon BMRS FUELHH
2024-02-24T01:30:00Z,Coal,0.000,Elexon BMRS FUELHH
2024-02-24T01:30:00Z,Gas,10198.000,Elexon BMRS FUELHH
2024-02-24T01:30:00Z,Hydro,603.000,Elexon BMRS FUELHH
2024-02-24T01:30:00Z,Imports & Exports,6994.000,Elexon BMRS FUELHH
2024-02-24T01:30:00Z,Nuclear,3786.000,Elexon BMRS FUELHH
2024-02-24T01:30:00Z,Other,259.000,Elexon BMRS FUELHH
2024-02-24T01:30:00Z,Pumped Storage,-492.000,Elexon BMRS FUELHH
2024-02-24T01:30:00Z,Wind,1775.000,Elexon BMRS FUELHH
2024-02-24T02:00:00Z,Biomass,2935.000,Elexon BMRS FUELHH
2024-02-24T02:00:00Z,Coal,0.000,Elexon BMRS FUELHH
2024-02-24T02:00:00Z,Gas,10265.000,Elexon BMRS FUELHH
2024-02-24T02:00:00Z,Hydro,561.000,Elexon BMRS FUELHH
2024-02-24T02:00:00Z,Imports & Exports,7192.000,Elexon BMRS FUELHH
2024-02-24T02:00:00Z,Nuclear,3786.000,Elexon BMRS FUELHH
2024-02-24T02:00:00Z,Other,259.000,Elexon BMRS FUELHH
2024-02-24T02:00:00Z,Pumped Storage,-870.000,Elexon BMRS FUELHH
2024-02-24T02:00:00Z,Wind,1503.000,Elexon BMRS FUELHH
2024-02-24T02:30:00Z,Biomass,2937.000,Elexon BMRS FUELHH
2024-02-24T02:30:00Z,Coal,0.000,Elexon BMRS FUELHH
2024-02-24T02:30:00Z,Gas,10357.000,Elexon BMRS FUELHH
2024-02-24T02:30:00Z,Hydro,547.000,Elexon BMRS FUELHH
2024-02-24T02:30:00Z,Imports & Exports,7186.000,Elexon BMRS FUELHH
2024-02-24T02:30:00Z,Nuclear,3792.000,Elexon BMRS FUELHH
2024-02-24T02:30:00Z,Other,317.000,Elexon BMRS FUELHH
2024-02-24T02:30:00Z,Pumped Storage,-1010.000,Elexon BMRS FUELHH
2024-02-24T02:30:00Z,Wind,1307.000,Elexon BMRS FUELHH
2024-02-24T03:00:00Z,Biomass,2906.000,Elexon BMRS FUELHH
2024-02-24T03:00:00Z,Coal,0.000,Elexon BMRS FUELHH
2024-02-24T03:00:00Z,Gas,10248.000,Elexon BMRS FUELHH
2024-02-24T03:00:00Z,Hydro,542.000,Elexon BMRS FUELHH
2024-02-24T03:00:00Z,Imports & Exports,7176.000,Elexon BMRS FUELHH
2024-02-24T03:00:00Z,Nuclear,3789.000,Elexon BMRS FUELHH
2024-02-24T03:00:00Z,Other,258.000,Elexon BMRS FUELHH
2024-02-24T03:00:00Z,Pumped Storage,-1038.000,Elexon BMRS FUELHH
2024-02-24T03:00:00Z,Wind,1189.000,Elexon BMRS FUELHH
2024-02-24T03:30:00Z,Biomass,2626.000,Elexon BMRS FUELHH
2024-02-24T03:30:00Z,Coal,0.000,Elexon BMRS FUELHH
2024-02-24T03:30:00Z,Gas,10246.000,Elexon BMRS FUELHH
2024-02-24T03:30:00Z,Hydro,560.000,Elexon BMRS FUELHH
2024-02-24T03:30:00Z,Imports & Exports,7202.000,Elexon BMRS FUELHH
2024-02-24T03:30:00Z,Nuclear,3795.000,Elexon BMRS FUELHH
2024-02-24T03:30:00Z,Other,249.000,Elexon BMRS FUELHH
2024-02-24T03:30:00Z,Pumped Storage,-1042.000,Elexon BMRS FUELHH
2024-02-24T03:30:00Z,Wind,1175.000,Elexon BMRS FUELHH
2024-02-24T04:00:00Z,Biomass,2307.000,Elexon BMRS FUELHH
2024-02-24T04:00:00Z,Coal,0.000,Elexon BMRS FUELHH
2024-02-24T04:00:00Z,Gas,10429.000,Elexon BMRS FUELHH
2024-02-24T04:00:00Z,Hydro,610.000,Elexon BMRS FUELHH
2024-02-24T04:00:00Z,Imports & Exports,7230.000,Elexon BMRS FUELHH
2024-02-24T04:00:00Z,Nuclear,3799.000,Elexon BMRS FUELHH
2024-02-24T04:00:00Z,Other,247.000,Elexon BMRS FUELHH
2024-02-24T04:00:00Z,Pumped Storage,-1044.000,Elexon BMRS FUELHH
2024-02-24T04:00:00Z,Wind,1033.000,Elexon BMRS FUELHH
2024-02-24T04:30:00Z,Biomass,2306.000,Elexon BMRS FUELHH
2024-02-24T04:30:00Z,Coal,0.000,Elexon BMRS FUELHH
2024-02-24T04:30:00Z,Gas,10316.000,Elexon BMRS FUELHH
2024-02-24T04:30:00Z,Hydro,581.000,Elexon BMRS FUELHH
2024-02-24T04:30:00Z,Imports & Exports,7224.000,Elexon BMRS FUELHH
2024-02-24T04:30:00Z,Nuclear,3792.000,Elexon BMRS FUELHH
2024-02-24T04:30:00Z,Other,241.000,Elexon BMRS FUELHH
2024-02-24T04:30:00Z,Pumped Storage,-1042.000,Elexon BMRS FUELHH
2024-02-24T04:30:00Z,Wind,976.000,Elexon BMRS FUELHH
2024-02-24T05:00:00Z,Biomass,2305.000,Elexon BMRS FUELHH
2024-02-24T05:00:00Z,Coal,0.000,Elexon BMRS FUELHH
2024-02-24T05:00:00Z,Gas,10272.000,Elexon BMRS FUELHH
2024-02-24T05:00:00Z,Hydro,580.000,Elexon BMRS FUELHH
2024-02-24T05:00:00Z,Imports & Exports,6974.000,Elexon BMRS FUELHH
2024-02-24T05:00:00Z,Nuclear,3793.000,Elexon BMRS FUELHH
2024-02-24T05:00:00Z,Other,246.000,Elexon BMRS FUELHH
2024-02-24T05:00:00Z,Pumped Storage,-940.000,Elexon BMRS FUELHH
2024-02-24T05:00:00Z,Wind,1088.000,Elexon BMRS FUELHH
2024-02-24T05:30:00Z,Biomass,2309.000,Elexon BMRS FUELHH
2024-02-24T05:30:00Z,Coal,0.000,Elexon BMRS FUELHH
2024-02-24T05:30:00Z,Gas,10261.000,Elexon BMRS FUELHH
2024-02-24T05:30:00Z,Hydro,581.000,Elexon BMRS FUELHH
2024-02-24T05:30:00Z,Imports & Exports,6970.000,Elexon BMRS FUELHH
2024-02-24T05:30:00Z,Nuclear,3794.000,Elexon BMRS FUELHH
2024-02-24T05:30:00Z,Other,247.000,Elexon BMRS FUELHH
2024-02-24T05:30:00Z,Pumped Storage,-684.000,Elexon BMRS FUELHH
2024-02-24T05:30:00Z,Wind,1116.000,Elexon BMRS FUELHH
2024-02-24T06:00:00Z,Biomass,2308.000,Elexon BMRS FUELHH
2024-02-24T06:00:00Z,Coal,0.000,Elexon BMRS FUELHH
2024-02-24T06:00:00Z,Gas,10763.000,Elexon BMRS FUELHH
2024-02-24T06:00:00Z,Hydro,611.000,Elexon BMRS FUELHH
2024-02-24T06:00:00Z,Imports & Exports,6910.000,Elexon BMRS FUELHH
2024-02-24T06:00:00Z,Nuclear,3789.000,Elexon BMRS FUELHH
2024-02-24T06:00:00Z,Other,256.000,Elexon BMRS FUELHH
2024-02-24T06:00:00Z,Pumped Storage,-44.000,Elexon BMRS FUELHH
2024-02-24T06:00:00Z,Wind,1170.000,Elexon BMRS FUELHH
2024-02-24T06:30:00Z,Biomass,2280.000,Elexon BMRS FUELHH
2024-02-24T06:30:00Z,Coal,0.000,Elexon BMRS FUELHH
2024-02-24T06:30:00Z,Gas,11626.000,Elexon BMRS FUELHH
2024-02-24T06:30:00Z,Hydro,624.000,Elexon BMRS FUELHH
2024-02-24T06:30:00Z,Imports & Exports,7142.000,Elexon BMRS FUELHH
2024-02-24T06:30:00Z,Nuclear,3792.000,Elexon BMRS FUELHH
2024-02-24T06:30:00Z,Other,281.000,Elexon BMRS FUELHH
2024-02-24T06:30:00Z,Pumped Storage,-18.000,Elexon BMRS FUELHH
2024-02-24T06:30:00Z,Wind,1284.000,Elexon BMRS FUELHH
2024-02-24T07:00:00Z,Biomass,2269.000,Elexon BMRS FUELHH
2024-02-24T07:00:00Z,Coal,3.000,Elexon BMRS FUELHH
2024-02-24T07:00:00Z,Gas,12140.000,Elexon BMRS FUELHH
2024-02-24T07:00:00Z,Hydro,663.000,Elexon BMRS FUELHH
2024-02-24T07:00:00Z,Imports & Exports,7904.000,Elexon BMRS FUELHH
2024-02-24T07:00:00Z,Nuclear,3786.000,Elexon BMRS FUELHH
2024-02-24T07:00:00Z,Other,258.000,Elexon BMRS FUELHH
2024-02-24T07:00:00Z,Pumped Storage,-20.000,Elexon BMRS FUELHH
2024-02-24T07:00:00Z,Wind,1212.000,Elexon BMRS FUELHH
2024-02-24T07:30:00Z,Biomass,2269.000,Elexon BMRS FUELHH
2024-02-24T07:30:00Z,Coal,155.000,Elexon BMRS FUELHH
2024-02-24T07:30:00Z,Gas,12752.000,Elexon BMRS FUELHH
2024-02-24T07:30:00Z,Hydro,938.000,Elexon BMRS FUELHH
2024-02-24T07:30:00Z,Imports & Exports,8080.000,Elexon BMRS FUELHH
2024-02-24T07:30:00Z,Nuclear,3791.000,Elexon BMRS FUELHH
2024-02-24T07:30:00Z,Other,205.000,Elexon BMRS FUELHH
2024-02-24T07:30:00Z,Pumped Storage,-16.000,Elexon BMRS FUELHH
2024-02-24T07:30:00Z,Wind,1131.000,Elexon BMRS FUELHH
2024-02-24T08:00:00Z,Biomass,2269.000,Elexon BMRS FUELHH
2024-02-24T08:00:00Z,Coal,235.000,Elexon BMRS FUELHH
2024-02-24T08:00:00Z,Gas,13321.000,Elexon BMRS FUELHH
2024-02-24T08:00:00Z,Hydro,1017.000,Elexon BMRS FUELHH
2024-02-24T08:00:00Z,Imports & Exports,8506.000,Elexon BMRS FUELHH
2024-02-24T08:00:00Z,Nuclear,3784.000,Elexon BMRS FUELHH
2024-02-24T08:00:00Z,Other,233.000,Elexon BMRS FUELHH
2024-02-24T08:00:00Z,Pumped Storage,-16.000,Elexon BMRS FUELHH
2024-02-24T08:00:00Z,Wind,1115.000,Elexon BMRS FUELHH
2024-02-24T08:30:00Z,Biomass,2269.000,Elexon BMRS FUELHH
2024-02-24T08:30:00Z,Coal,265.000,Elexon BMRS FUELHH
2024-02-24T08:30:00Z,Gas,13477.000,Elexon BMRS FUELHH
2024-02-24T08:30:00Z,Hydro,1021.000,Elexon BMRS FUELHH
2024-02-24T08:30:00Z,Imports & Exports,8488.000,Elexon BMRS FUELHH
2024-02-24T08:30:00Z,Nuclear,3787.000,Elexon BMRS FUELHH
2024-02-24T08:30:00Z,Other,264.000,Elexon BMRS FUELHH
2024-02-24T08:30:00Z,Pumped Storage,130.000,Elexon BMRS FUELHH
2024-02-24T08:30:00Z,Wind,1267.000,Elexon BMRS FUELHH
2024-02-24T09:00:00Z,Biomass,2273.000,Elexon BMRS FUELHH
2024-02-24T09:00:00Z,Coal,332.000,Elexon BMRS FUELHH
2024-02-24T09:00:00Z,Gas,13692.000,Elexon BMRS FUELHH
2024-02-24T09:00:00Z,Hydro,1024.000,Elexon BMRS FUELHH
2024-02-24T09:00:00Z,Imports & Exports,8192.000,Elexon BMRS FUELHH
2024-02-24T09:00:00Z,Nuclear,3782.000,Elexon BMRS FUELHH
2024-02-24T09:00:00Z,Other,306.000,Elexon BMRS FUELHH
2024-02-24T09:00:00Z,Pumped Storage,166.000,Elexon BMRS FUELHH
2024-02-24T09:00:00Z,Wind,1308.000,Elexon BMRS FUELHH
2024-02-24T09:30:00Z,Biomass,2280.000,Elexon BMRS FUELHH
2024-02-24T09:30:00Z,Coal,325.000,Elexon BMRS FUELHH
2024-02-24T09:30:00Z,Gas,13442.000,Elexon BMRS FUELHH
2024-02-24T09:30:00Z,Hydro,839.000,Elexon BMRS FUELHH
2024-02-24T09:30:00Z,Imports & Exports,8076.000,Elexon BMRS FUELHH
2024-02-24T09:30:00Z,Nuclear,3781.000,Elexon BMRS FUELHH
2024-02-24T09:30:00Z,Other,385.000,Elexon BMRS FUELHH
2024-02-24T09:30:00Z,Pumped Storage,140.000,Elexon BMRS FUELHH
2024-02-24T09:30:00Z,Wind,1261.000,Elexon BMRS FUELHH
2024-02-24T10:00:00Z,Biomass,2298.000,Elexon BMRS FUELHH
2024-02-24T10:00:00Z,Coal,300.000,Elexon BMRS FUELHH
2024-02-24T10:00:00Z,Gas,13296.000,Elexon BMRS FUELHH
2024-02-24T10:00:00Z,Hydro,975.000,Elexon BMRS FUELHH
2024-02-24T10:00:00Z,Imports & Exports,7842.000,Elexon BMRS FUELHH
2024-02-24T10:00:00Z,Nuclear,3776.000,Elexon BMRS FUELHH
2024-02-24T10:00:00Z,Other,348.000,Elexon BMRS FUELHH
2024-02-24T10:00:00Z,Pumped Storage,-10.000,Elexon BMRS FUELHH
2024-02-24T10:00:00Z,Wind,987.000,Elexon BMRS FUELHH
2024-02-24T10:30:00Z,Biomass,2298.000,Elexon BMRS FUELHH
2024-02-24T10:30:00Z,Coal,303.000,Elexon BMRS FUELHH
2024-02-24T10:30:00Z,Gas,13351.000,Elexon BMRS FUELHH
2024-02-24T10:30:00Z,Hydro,934.000,Elexon BMRS FUELHH
2024-02-24T10:30:00Z,Imports & Exports,7740.000,Elexon BMRS FUELHH
2024-02-24T10:30:00Z,Nuclear,3780.000,Elexon BMRS FUELHH
2024-02-24T10:30:00Z,Other,257.000,Elexon BMRS FUELHH
2024-02-24T10:30:00Z,Pumped Storage,-12.000,Elexon BMRS FUELHH
2024-02-24T10:30:00Z,Wind,889.000,Elexon BMRS FUELHH
2024-02-24T11:00:00Z,Biomass,2301.000,Elexon BMRS FUELHH
2024-02-24T11:00:00Z,Coal,320.000,Elexon BMRS FUELHH
2024-02-24T11:00:00Z,Gas,13112.000,Elexon BMRS FUELHH
2024-02-24T11:00:00Z,Hydro,632.000,Elexon BMRS FUELHH
2024-02-24T11:00:00Z,Imports & Exports,7812.000,Elexon BMRS FUELHH
2024-02-24T11:00:00Z,Nuclear,3780.000,Elexon BMRS FUELHH
2024-02-24T11:00:00Z,Other,313.000,Elexon BMRS FUELHH
2024-02-24T11:00:00Z,Pumped Storage,-8.000,Elexon BMRS FUELHH
2024-02-24T11:00:00Z,Wind,880.000,Elexon BMRS FUELHH
2024-02-24T11:30:00Z,Biomass,2300.000,Elexon BMRS FUELHH
2024-02-24T11:30:00Z,Coal,314.000,Elexon BMRS FUELHH
2024-02-24T11:30:00Z,Gas,12802.000,Elexon BMRS FUELHH
2024-02-24T11:30:00Z,Hydro,670.000,Elexon BMRS FUELHH
2024-02-24T11:30:00Z,Imports & Exports,7838.000,Elexon BMRS FUELHH
2024-02-24T11:30:00Z,Nuclear,3787.000,Elexon BMRS FUELHH
2024-02-24T11:30:00Z,Other,277.000,Elexon BMRS FUELHH
2024-02-24T11:30:00Z,Pumped Storage,-8.000,Elexon BMRS FUELHH
2024-02-24T11:30:00Z,Wind,1005.000,Elexon BMRS FUELHH
2024-02-24T12:00:00Z,Biomass,2302.000,Elexon BMRS FUELHH
2024-02-24T12:00:00Z,Coal,300.000,Elexon BMRS FUELHH
2024-02-24T12:00:00Z,Gas,12808.000,Elexon BMRS FUELHH
2024-02-24T12:00:00Z,Hydro,720.000,Elexon BMRS FUELHH
2024-02-24T12:00:00Z,Imports & Exports,7748.000,Elexon BMRS FUELHH
2024-02-24T12:00:00Z,Nuclear,3786.000,Elexon BMRS FUELHH
2024-02-24T12:00:00Z,Other,250.000,Elexon BMRS FUELHH
2024-02-24T12:00:00Z,Pumped Storage,-10.000,Elexon BMRS FUELHH
2024-02-24T12:00:00Z,Wind,1205.000,Elexon BMRS FUELHH
2024-02-24T12:30:00Z,Biomass,2304.000,Elexon BMRS FUELHH
2024-02-24T12:30:00Z,Coal,309.000,Elexon BMRS FUELHH
2024-02-24T12:30:00Z,Gas,12884.000,Elexon BMRS FUELHH
2024-02-24T12:30:00Z,Hydro,792.000,Elexon BMRS FUELHH
2024-02-24T12:30:00Z,Imports & Exports,7694.000,Elexon BMRS FUELHH
2024-02-24T12:30:00Z,Nuclear,3787.000,Elexon BMRS FUELHH
2024-02-24T12:30:00Z,Other,263.000,Elexon BMRS FUELHH
2024-02-24T12:30:00Z,Pumped Storage,16.000,Elexon BMRS FUELHH
2024-02-24T12:30:00Z,Wind,1134.000,Elexon BMRS FUELHH
2024-02-24T13:00:00Z,Biomass,2299.000,Elexon BMRS FUELHH
2024-02-24T13:00:00Z,Coal,382.000,Elexon BMRS FUELHH
2024-02-24T13:00:00Z,Gas,12746.000,Elexon BMRS FUELHH
2024-02-24T13:00:00Z,Hydro,876.000,Elexon BMRS FUELHH
2024-02-24T13:00:00Z,Imports & Exports,7640.000,Elexon BMRS FUELHH
2024-02-24T13:00:00Z,Nuclear,3794.000,Elexon BMRS FUELHH
2024-02-24T13:00:00Z,Other,241.000,Elexon BMRS FUELHH
2024-02-24T13:00:00Z,Pumped Storage,-10.000,Elexon BMRS FUELHH
2024-02-24T13:00:00Z,Wind,1363.000,Elexon BMRS FUELHH
2024-02-24T13:30:00Z,Biomass,2302.000,Elexon BMRS FUELHH
2024-02-24T13:30:00Z,Coal,346.000,Elexon BMRS FUELHH
2024-02-24T13:30:00Z,Gas,12755.000,Elexon BMRS FUELHH
2024-02-24T13:30:00Z,Hydro,805.000,Elexon BMRS FUELHH
2024-02-24T13:30:00Z,Imports & Exports,7528.000,Elexon BMRS FUELHH
2024-02-24T13:30:00Z,Nuclear,3790.000,Elexon BMRS FUELHH
2024-02-24T13:30:00Z,Other,210.000,Elexon BMRS FUELHH
2024-02-24T13:30:00Z,Pumped Storage,-12.000,Elexon BMRS FUELHH
2024-02-24T13:30:00Z,Wind,1408.000,Elexon BMRS FUELHH
2024-02-24T14:00:00Z,Biomass,2294.000,Elexon BMRS FUELHH
2024-02-24T14:00:00Z,Coal,300.000,Elexon BMRS FUELHH
2024-02-24T14:00:00Z,Gas,12838.000,Elexon BMRS FUELHH
2024-02-24T14:00:00Z,Hydro,721.000,Elexon BMRS FUELHH
2024-02-24T14:00:00Z,Imports & Exports,7470.000,Elexon BMRS FUELHH
2024-02-24T14:00:00Z,Nuclear,3791.000,Elexon BMRS FUELHH
2024-02-24T14:00:00Z,Other,218.000,Elexon BMRS FUELHH
2024-02-24T14:00:00Z,Pumped Storage,-12.000,Elexon BMRS FUELHH
2024-02-24T14:00:00Z,Wind,1524.000,Elexon BMRS FUELHH
2024-02-24T14:30:00Z,Biomass,2302.000,Elexon BMRS FUELHH
2024-02-24T14:30:00Z,Coal,331.000,Elexon BMRS FUELHH
2024-02-24T14:30:00Z,Gas,13076.000,Elexon BMRS FUELHH
2024-02-24T14:30:00Z,Hydro,686.000,Elexon BMRS FUELHH
2024-02-24T14:30:00Z,Imports & Exports,7396.000,Elexon BMRS FUELHH
2024-02-24T14:30:00Z,Nuclear,3794.000,Elexon BMRS FUELHH
2024-02-24T14:30:00Z,Other,207.000,Elexon BMRS FUELHH
2024-02-24T14:30:00Z,Pumped Storage,122.000,Elexon BMRS FUELHH
2024-02-24T14:30:00Z,Wind,1445.000,Elexon BMRS FUELHH
2024-02-24T15:00:00Z,Biomass,2303.000,Elexon BMRS FUELHH
2024-02-24T15:00:00Z,Coal,347.000,Elexon BMRS FUELHH
2024-02-24T15:00:00Z,Gas,13665.000,Elexon BMRS FUELHH
2024-02-24T15:00:00Z,Hydro,701.000,Elexon BMRS FUELHH
2024-02-24T15:00:00Z,Imports & Exports,7244.000,Elexon BMRS FUELHH
2024-02-24T15:00:00Z,Nuclear,3785.000,Elexon BMRS FUELHH
2024-02-24T15:00:00Z,Other,241.000,Elexon BMRS FUELHH
2024-02-24T15:00:00Z,Pumped Storage,180.000,Elexon BMRS FUELHH
2024-02-24T15:00:00Z,Wind,1354.000,Elexon BMRS FUELHH
2024-02-24T15:30:00Z,Biomass,2301.000,Elexon BMRS FUELHH
2024-02-24T15:30:00Z,Coal,347.000,Elexon BMRS FUELHH
2024-02-24T15:30:00Z,Gas,14809.000,Elexon BMRS FUELHH
2024-02-24T15:30:00Z,Hydro,891.000,Elexon BMRS FUELHH
2024-02-24T15:30:00Z,Imports & Exports,7196.000,Elexon BMRS FUELHH
2024-02-24T15:30:00Z,Nuclear,3793.000,Elexon BMRS FUELHH
2024-02-24T15:30:00Z,Other,213.000,Elexon BMRS FUELHH
2024-02-24T15:30:00Z,Pumped Storage,136.000,Elexon BMRS FUELHH
2024-02-24T15:30:00Z,Wind,1181.000,Elexon BMRS FUELHH
2024-02-24T16:00:00Z,Biomass,2301.000,Elexon BMRS FUELHH
2024-02-24T16:00:00Z,Coal,407.000,Elexon BMRS FUELHH
2024-02-24T16:00:00Z,Gas,15726.000,Elexon BMRS FUELHH
2024-02-24T16:00:00Z,Hydro,1047.000,Elexon BMRS FUELHH
2024-02-24T16:00:00Z,Imports & Exports,6544.000,Elexon BMRS FUELHH
2024-02-24T16:00:00Z,Nuclear,3786.000,Elexon BMRS FUELHH
2024-02-24T16:00:00Z,Other,263.000,Elexon BMRS FUELHH
2024-02-24T16:00:00Z,Pumped Storage,658.000,Elexon BMRS FUELHH
2024-02-24T16:00:00Z,Wind,1136.000,Elexon BMRS FUELHH
2024-02-24T16:30:00Z,Biomass,2302.000,Elexon BMRS FUELHH
2024-02-24T16:30:00Z,Coal,472.000,Elexon BMRS FUELHH
2024-02-24T16:30:00Z,Gas,16668.000,Elexon BMRS FUELHH
2024-02-24T16:30:00Z,Hydro,1048.000,Elexon BMRS FUELHH
2024-02-24T16:30:00Z,Imports & Exports,6528.000,Elexon BMRS FUELHH
2024-02-24T16:30:00Z,Nuclear,3789.000,Elexon BMRS FUELHH
2024-02-24T16:30:00Z,Other,317.000,Elexon BMRS FUELHH
2024-02-24T16:30:00Z,Pumped Storage,1394.000,Elexon BMRS FUELHH
2024-02-24T16:30:00Z,Wind,932.000,Elexon BMRS FUELHH
2024-02-24T17:00:00Z,Biomass,2303.000,Elexon BMRS FUELHH
2024-02-24T17:00:00Z,Coal,443.000,Elexon BMRS FUELHH
2024-02-24T17:00:00Z,Gas,17528.000,Elexon BMRS FUELHH
2024-02-24T17:00:00Z,Hydro,1032.000,Elexon BMRS FUELHH
2024-02-24T17:00:00Z,Imports & Exports,7062.000,Elexon BMRS FUELHH
2024-02-24T17:00:00Z,Nuclear,3792.000,Elexon BMRS FUELHH
2024-02-24T17:00:00Z,Other,576.000,Elexon BMRS FUELHH
2024-02-24T17:00:00Z,Pumped Storage,1780.000,Elexon BMRS FUELHH
2024-02-24T17:00:00Z,Wind,652.000,Elexon BMRS FUELHH
2024-02-24T17:30:00Z,Biomass,2303.000,Elexon BMRS FUELHH
2024-02-24T17:30:00Z,Coal,480.000,Elexon BMRS FUELHH
2024-02-24T17:30:00Z,Gas,18124.000,Elexon BMRS FUELHH
2024-02-24T17:30:00Z,Hydro,1084.000,Elexon BMRS FUELHH
2024-02-24T17:30:00Z,Imports & Exports,7066.000,Elexon BMRS FUELHH
2024-02-24T17:30:00Z,Nuclear,3792.000,Elexon BMRS FUELHH
2024-02-24T17:30:00Z,Other,1092.000,Elexon BMRS FUELHH
2024-02-24T17:30:00Z,Pumped Storage,2108.000,Elexon BMRS FUELHH
2024-02-24T17:30:00Z,Wind,552.000,Elexon BMRS FUELHH
2024-02-24T18:00:00Z,Biomass,2429.000,Elexon BMRS FUELHH
2024-02-24T18:00:00Z,Coal,478.000,Elexon BMRS FUELHH
2024-02-24T18:00:00Z,Gas,18166.000,Elexon BMRS FUELHH
2024-02-24T18:00:00Z,Hydro,1082.000,Elexon BMRS FUELHH
2024-02-24T18:00:00Z,Imports & Exports,7256.000,Elexon BMRS FUELHH
2024-02-24T18:00:00Z,Nuclear,3788.000,Elexon BMRS FUELHH
2024-02-24T18:00:00Z,Other,1383.000,Elexon BMRS FUELHH
2024-02-24T18:00:00Z,Pumped Storage,2160.000,Elexon BMRS FUELHH
2024-02-24T18:00:00Z,Wind,489.000,Elexon BMRS FUELHH
2024-02-24T18:30:00Z,Biomass,2660.000,Elexon BMRS FUELHH
2024-02-24T18:30:00Z,Coal,480.000,Elexon BMRS FUELHH
2024-02-24T18:30:00Z,Gas,18060.000,Elexon BMRS FUELHH
2024-02-24T18:30:00Z,Hydro,1036.000,Elexon BMRS FUELHH
2024-02-24T18:30:00Z,Imports & Exports,7264.000,Elexon BMRS FUELHH
2024-02-24T18:30:00Z,Nuclear,3784.000,Elexon BMRS FUELHH
2024-02-24T18:30:00Z,Other,1374.000,Elexon BMRS FUELHH
2024-02-24T18:30:00Z,Pumped Storage,2104.000,Elexon BMRS FUELHH
2024-02-24T18:30:00Z,Wind,446.000,Elexon BMRS FUELHH
2024-02-24T19:00:00Z,Biomass,2886.000,Elexon BMRS FUELHH
2024-02-24T19:00:00Z,Coal,444.000,Elexon BMRS FUELHH
2024-02-24T19:00:00Z,Gas,17927.000,Elexon BMRS FUELHH
2024-02-24T19:00:00Z,Hydro,941.000,Elexon BMRS FUELHH
2024-02-24T19:00:00Z,Imports & Exports,7262.000,Elexon BMRS FUELHH
2024-02-24T19:00:00Z,Nuclear,3782.000,Elexon BMRS FUELHH
2024-02-24T19:00:00Z,Other,1178.000,Elexon BMRS FUELHH
2024-02-24T19:00:00Z,Pumped Storage,1600.000,Elexon BMRS FUELHH
2024-02-24T19:00:00Z,Wind,360.000,Elexon BMRS FUELHH
2024-02-24T19:30:00Z,Biomass,2946.000,Elexon BMRS FUELHH
2024-02-24T19:30:00Z,Coal,419.000,Elexon BMRS FUELHH
2024-02-24T19:30:00Z,Gas,17683.000,Elexon BMRS FUELHH
2024-02-24T19:30:00Z,Hydro,833.000,Elexon BMRS FUELHH
2024-02-24T19:30:00Z,Imports & Exports,7280.000,Elexon BMRS FUELHH
2024-02-24T19:30:00Z,Nuclear,3787.000,Elexon BMRS FUELHH
2024-02-24T19:30:00Z,Other,831.000,Elexon BMRS FUELHH
2024-02-24T19:30:00Z,Pumped Storage,1318.000,Elexon BMRS FUELHH
2024-02-24T19:30:00Z,Wind,292.000,Elexon BMRS FUELHH
2024-02-24T20:00:00Z,Biomass,2952.000,Elexon BMRS FUELHH
2024-02-24T20:00:00Z,Coal,415.000,Elexon BMRS FUELHH
2024-02-24T20:00:00Z,Gas,17388.000,Elexon BMRS FUELHH
2024-02-24T20:00:00Z,Hydro,1037.000,Elexon BMRS FUELHH
2024-02-24T20:00:00Z,Imports & Exports,7596.000,Elexon BMRS FUELHH
2024-02-24T20:00:00Z,Nuclear,3785.000,Elexon BMRS FUELHH
2024-02-24T20:00:00Z,Other,357.000,Elexon BMRS FUELHH
2024-02-24T20:00:00Z,Pumped Storage,494.000,Elexon BMRS FUELHH
2024-02-24T20:00:00Z,Wind,256.000,Elexon BMRS FUELHH
2024-02-24T20:30:00Z,Biomass,2953.000,Elexon BMRS FUELHH
2024-02-24T20:30:00Z,Coal,425.000,Elexon BMRS FUELHH
2024-02-24T20:30:00Z,Gas,16849.000,Elexon BMRS FUELHH
2024-02-24T20:30:00Z,Hydro,1048.000,Elexon BMRS FUELHH
2024-02-24T20:30:00Z,Imports & Exports,7610.000,Elexon BMRS FUELHH
2024-02-24T20:30:00Z,Nuclear,3785.000,Elexon BMRS FUELHH
2024-02-24T20:30:00Z,Other,374.000,Elexon BMRS FUELHH
2024-02-24T20:30:00Z,Pumped Storage,476.000,Elexon BMRS FUELHH
2024-02-24T20:30:00Z,Wind,232.000,Elexon BMRS FUELHH
2024-02-24T21:00:00Z,Biomass,2952.000,Elexon BMRS FUELHH
2024-02-24T21:00:00Z,Coal,432.000,Elexon BMRS FUELHH
2024-02-24T21:00:00Z,Gas,16186.000,Elexon BMRS FUELHH
2024-02-24T21:00:00Z,Hydro,1031.000,Elexon BMRS FUELHH
2024-02-24T21:00:00Z,Imports & Exports,7576.000,Elexon BMRS FUELHH
2024-02-24T21:00:00Z,Nuclear,3783.000,Elexon BMRS FUELHH
2024-02-24T21:00:00Z,Other,217.000,Elexon BMRS FUELHH
2024-02-24T21:00:00Z,Pumped Storage,-8.000,Elexon BMRS FUELHH
2024-02-24T21:00:00Z,Wind,209.000,Elexon BMRS FUELHH
2024-02-24T21:30:00Z,Biomass,2951.000,Elexon BMRS FUELHH
2024-02-24T21:30:00Z,Coal,294.000,Elexon BMRS FUELHH
2024-02-24T21:30:00Z,Gas,15514.000,Elexon BMRS FUELHH
2024-02-24T21:30:00Z,Hydro,1031.000,Elexon BMRS FUELHH
2024-02-24T21:30:00Z,Imports & Exports,7566.000,Elexon BMRS FUELHH
2024-02-24T21:30:00Z,Nuclear,3791.000,Elexon BMRS FUELHH
2024-02-24T21:30:00Z,Other,196.000,Elexon BMRS FUELHH
2024-02-24T21:30:00Z,Pumped Storage,-18.000,Elexon BMRS FUELHH
2024-02-24T21:30:00Z,Wind,201.000,Elexon BMRS FUELHH
2024-02-24T22:00:00Z,Biomass,2952.000,Elexon BMRS FUELHH
2024-02-24T22:00:00Z,Coal,0.000,Elexon BMRS FUELHH
2024-02-24T22:00:00Z,Gas,14941.000,Elexon BMRS FUELHH
2024-02-24T22:00:00Z,Hydro,936.000,Elexon BMRS FUELHH
2024-02-24T22:00:00Z,Imports & Exports,7146.000,Elexon BMRS FUELHH
2024-02-24T22:00:00Z,Nuclear,3787.000,Elexon BMRS FUELHH
2024-02-24T22:00:00Z,Other,214.000,Elexon BMRS FUELHH
2024-02-24T22:00:00Z,Pumped Storage,-14.000,Elexon BMRS FUELHH
2024-02-24T22:00:00Z,Wind,194.000,Elexon BMRS FUELHH
2024-02-24T22:30:00Z,Biomass,2950.000,Elexon BMRS FUELHH
2024-02-24T22:30:00Z,Coal,0.000,Elexon BMRS FUELHH
2024-02-24T22:30:00Z,Gas,13602.000,Elexon BMRS FUELHH
2024-02-24T22:30:00Z,Hydro,826.000,Elexon BMRS FUELHH
2024-02-24T22:30:00Z,Imports & Exports,7156.000,Elexon BMRS FUELHH
2024-02-24T22:30:00Z,Nuclear,3786.000,Elexon BMRS FUELHH
2024-02-24T22:30:00Z,Other,293.000,Elexon BMRS FUELHH
2024-02-24T22:30:00Z,Pumped Storage,42.000,Elexon BMRS FUELHH
2024-02-24T22:30:00Z,Wind,207.000,Elexon BMRS FUELHH
2024-02-24T23:00:00Z,Biomass,2803.000,Elexon BMRS FUELHH
2024-02-24T23:00:00Z,Coal,0.000,Elexon BMRS FUELHH
2024-02-24T23:00:00Z,Gas,11887.000,Elexon BMRS FUELHH
2024-02-24T23:00:00Z,Hydro,636.000,Elexon BMRS FUELHH
2024-02-24T23:00:00Z,Imports & Exports,7810.000,Elexon BMRS FUELHH
2024-02-24T23:00:00Z,Nuclear,3792.000,Elexon BMRS FUELHH
2024-02-24T23:00:00Z,Other,246.000,Elexon BMRS FUELHH
2024-02-24T23:00:00Z,Pumped Storage,2.000,Elexon BMRS FUELHH
2024-02-24T23:00:00Z,Wind,167.000,Elexon BMRS FUELHH
2024-02-24T23:30:00Z,Biomass,2439.000,Elexon BMRS FUELHH
2024-02-24T23:30:00Z,Coal,0.000,Elexon BMRS FUELHH
2024-02-24T23:30:00Z,Gas,11266.000,Elexon BMRS FUELHH
2024-02-24T23:30:00Z,Hydro,633.000,Elexon BMRS FUELHH
2024-02-24T23:30:00Z,Imports & Exports,8022.000,Elexon BMRS FUELHH
2024-02-24T23:30:00Z,Nuclear,3788.000,Elexon BMRS FUELHH
2024-02-24T23:30:00Z,Other,250.000,Elexon BMRS FUELHH
2024-02-24T23:30:00Z,Pumped Storage,-14.000,Elexon BMRS FUELHH
2024-02-24T23:30:00Z,Wind,162.000,Elexon BMRS FUELHH
2024-02-25T00:00:00Z,Biomass,2307.000,Elexon BMRS FUELHH
2024-02-25T00:00:00Z,Coal,0.000,Elexon BMRS FUELHH
2024-02-25T00:00:00Z,Gas,11127.000,Elexon BMRS FUELHH
2024-02-25T00:00:00Z,Hydro,767.000,Elexon BMRS FUELHH
2024-02-25T00:00:00Z,Imports & Exports,8020.000,Elexon BMRS FUELHH
2024-02-25T00:00:00Z,Nuclear,3786.000,Elexon BMRS FUELHH
2024-02-25T00:00:00Z,Other,250.000,Elexon BMRS FUELHH
2024-02-25T00:00:00Z,Pumped Storage,-14.000,Elexon BMRS FUELHH
2024-02-25T00:00:00Z,Wind,179.000,Elexon BMRS FUELHH
2024-02-25T00:30:00Z,Biomass,2307.000,Elexon BMRS FUELHH
2024-02-25T00:30:00Z,Coal,0.000,Elexon BMRS FUELHH
2024-02-25T00:30:00Z,Gas,11435.000,Elexon BMRS FUELHH
2024-02-25T00:30:00Z,Hydro,898.000,Elexon BMRS FUELHH
2024-02-25T00:30:00Z,Imports & Exports,8124.000,Elexon BMRS FUELHH
2024-02-25T00:30:00Z,Nuclear,3786.000,Elexon BMRS FUELHH
2024-02-25T00:30:00Z,Other,262.000,Elexon BMRS FUELHH
2024-02-25T00:30:00Z,Pumped Storage,-22.000,Elexon BMRS FUELHH
2024-02-25T00:30:00Z,Wind,214.000,Elexon BMRS FUELHH
2024-02-25T01:00:00Z,Biomass,2306.000,Elexon BMRS FUELHH
2024-02-25T01:00:00Z,Coal,0.000,Elexon BMRS FUELHH
2024-02-25T01:00:00Z,Gas,11346.000,Elexon BMRS FUELHH
2024-02-25T01:00:00Z,Hydro,829.000,Elexon BMRS FUELHH
2024-02-25T01:00:00Z,Imports & Exports,7834.000,Elexon BMRS FUELHH
2024-02-25T01:00:00Z,Nuclear,3776.000,Elexon BMRS FUELHH
2024-02-25T01:00:00Z,Other,266.000,Elexon BMRS FUELHH
2024-02-25T01:00:00Z,Pumped Storage,-20.000,Elexon BMRS FUELHH
2024-02-25T01:00:00Z,Wind,238.000,Elexon BMRS FUELHH
2024-02-25T01:30:00Z,Biomass,2305.000,Elexon BMRS FUELHH
2024-02-25T01:30:00Z,Coal,0.000,Elexon BMRS FUELHH
2024-02-25T01:30:00Z,Gas,10712.000,Elexon BMRS FUELHH
2024-02-25T01:30:00Z,Hydro,613.000,Elexon BMRS FUELHH
2024-02-25T01:30:00Z,Imports & Exports,7844.000,Elexon BMRS FUELHH
2024-02-25T01:30:00Z,Nuclear,3773.000,Elexon BMRS FUELHH
2024-02-25T01:30:00Z,Other,260.000,Elexon BMRS FUELHH
2024-02-25T01:30:00Z,Pumped Storage,-24.000,Elexon BMRS FUELHH
2024-02-25T01:30:00Z,Wind,239.000,Elexon BMRS FUELHH
2024-02-25T02:00:00Z,Biomass,2304.000,Elexon BMRS FUELHH
2024-02-25T02:00:00Z,Coal,0.000,Elexon BMRS FUELHH
2024-02-25T02:00:00Z,Gas,10821.000,Elexon BMRS FUELHH
2024-02-25T02:00:00Z,Hydro,662.000,Elexon BMRS FUELHH
2024-02-25T02:00:00Z,Imports & Exports,7646.000,Elexon BMRS FUELHH
2024-02-25T02:00:00Z,Nuclear,3779.000,Elexon BMRS FUELHH
2024-02-25T02:00:00Z,Other,248.000,Elexon BMRS FUELHH
2024-02-25T02:00:00Z,Pumped Storage,-422.000,Elexon BMRS FUELHH
2024-02-25T02:00:00Z,Wind,289.000,Elexon BMRS FUELHH
2024-02-25T02:30:00Z,Biomass,2302.000,Elexon BMRS FUELHH
2024-02-25T02:30:00Z,Coal,0.000,Elexon BMRS FUELHH
2024-02-25T02:30:00Z,Gas,10547.000,Elexon BMRS FUELHH
2024-02-25T02:30:00Z,Hydro,656.000,Elexon BMRS FUELHH
2024-02-25T02:30:00Z,Imports & Exports,7776.000,Elexon BMRS FUELHH
2024-02-25T02:30:00Z,Nuclear,3778.000,Elexon BMRS FUELHH
2024-02-25T02:30:00Z,Other,245.000,Elexon BMRS FUELHH
2024-02-25T02:30:00Z,Pumped Storage,-992.000,Elexon BMRS FUELHH
2024-02-25T02:30:00Z,Wind,362.000,Elexon BMRS FUELHH
2024-02-25T03:00:00Z,Biomass,2305.000,Elexon BMRS FUELHH
2024-02-25T03:00:00Z,Coal,0.000,Elexon BMRS FUELHH
2024-02-25T03:00:00Z,Gas,10531.000,Elexon BMRS FUELHH
2024-02-25T03:00:00Z,Hydro,581.000,Elexon BMRS FUELHH
2024-02-25T03:00:00Z,Imports & Exports,7840.000,Elexon BMRS FUELHH
2024-02-25T03:00:00Z,Nuclear,3780.000,Elexon BMRS FUELHH
2024-02-25T03:00:00Z,Other,251.000,Elexon BMRS FUELHH
2024-02-25T03:00:00Z,Pumped Storage,-1140.000,Elexon BMRS FUELHH
2024-02-25T03:00:00Z,Wind,388.000,Elexon BMRS FUELHH
2024-02-25T03:30:00Z,Biomass,2308.000,Elexon BMRS FUELHH
2024-02-25T03:30:00Z,Coal,0.000,Elexon BMRS FUELHH
2024-02-25T03:30:00Z,Gas,10300.000,Elexon BMRS FUELHH
2024-02-25T03:30:00Z,Hydro,516.000,Elexon BMRS FUELHH
2024-02-25T03:30:00Z,Imports & Exports,7874.000,Elexon BMRS FUELHH
2024-02-25T03:30:00Z,Nuclear,3783.000,Elexon BMRS FUELHH
2024-02-25T03:30:00Z,Other,244.000,Elexon BMRS FUELHH
2024-02-25T03:30:00Z,Pumped Storage,-1138.000,Elexon BMRS FUELHH
2024-02-25T03:30:00Z,Wind,442.000,Elexon BMRS FUELHH
2024-02-25T04:00:00Z,Biomass,2306.000,Elexon BMRS FUELHH
2024-02-25T04:00:00Z,Coal,0.000,Elexon BMRS FUELHH
2024-02-25T04:00:00Z,Gas,10104.000,Elexon BMRS FUELHH
2024-02-25T04:00:00Z,Hydro,505.000,Elexon BMRS FUELHH
2024-02-25T04:00:00Z,Imports & Exports,7988.000,Elexon BMRS FUELHH
2024-02-25T04:00:00Z,Nuclear,3784.000,Elexon BMRS FUELHH
2024-02-25T04:00:00Z,Other,239.000,Elexon BMRS FUELHH
2024-02-25T04:00:00Z,Pumped Storage,-1134.000,Elexon BMRS FUELHH
2024-02-25T04:00:00Z,Wind,510.000,Elexon BMRS FUELHH
2024-02-25T04:30:00Z,Biomass,2304.000,Elexon BMRS FUELHH
2024-02-25T04:30:00Z,Coal,0.000,Elexon BMRS FUELHH
2024-02-25T04:30:00Z,Gas,9683.000,Elexon BMRS FUELHH
2024-02-25T04:30:00Z,Hydro,514.000,Elexon BMRS FUELHH
2024-02-25T04:30:00Z,Imports & Exports,7954.000,Elexon BMRS FUELHH
2024-02-25T04:30:00Z,Nuclear,3785.000,Elexon BMRS FUELHH
2024-02-25T04:30:00Z,Other,240.000,Elexon BMRS FUELHH
2024-02-25T04:30:00Z,Pumped Storage,-1126.000,Elexon BMRS FUELHH
2024-02-25T04:30:00Z,Wind,592.000,Elexon BMRS FUELHH
2024-02-25T05:00:00Z,Biomass,2301.000,Elexon BMRS FUELHH
2024-02-25T05:00:00Z,Coal,0.000,Elexon BMRS FUELHH
2024-02-25T05:00:00Z,Gas,9490.000,Elexon BMRS FUELHH
2024-02-25T05:00:00Z,Hydro,543.000,Elexon BMRS FUELHH
2024-02-25T05:00:00Z,Imports & Exports,8144.000,Elexon BMRS FUELHH
2024-02-25T05:00:00Z,Nuclear,3790.000,Elexon BMRS FUELHH
2024-02-25T05:00:00Z,Other,234.000,Elexon BMRS FUELHH
2024-02-25T05:00:00Z,Pumped Storage,-1288.000,Elexon BMRS FUELHH
2024-02-25T05:00:00Z,Wind,773.000,Elexon BMRS FUELHH
2024-02-25T05:30:00Z,Biomass,2303.000,Elexon BMRS FUELHH
2024-02-25T05:30:00Z,Coal,0.000,Elexon BMRS FUELHH
2024-02-25T05:30:00Z,Gas,9381.000,Elexon BMRS FUELHH
2024-02-25T05:30:00Z,Hydro,619.000,Elexon BMRS FUELHH
2024-02-25T05:30:00Z,Imports & Exports,8174.000,Elexon BMRS FUELHH
2024-02-25T05:30:00Z,Nuclear,3788.000,Elexon BMRS FUELHH
2024-02-25T05:30:00Z,Other,261.000,Elexon BMRS FUELHH
2024-02-25T05:30:00Z,Pumped Storage,-1282.000,Elexon BMRS FUELHH
2024-02-25T05:30:00Z,Wind,938.000,Elexon BMRS FUELHH
2024-02-25T06:00:00Z,Biomass,2297.000,Elexon BMRS FUELHH
2024-02-25T06:00:00Z,Coal,0.000,Elexon BMRS FUELHH
2024-02-25T06:00:00Z,Gas,9307.000,Elexon BMRS FUELHH
2024-02-25T06:00:00Z,Hydro,644.000,Elexon BMRS FUELHH
2024-02-25T06:00:00Z,Imports & Exports,8194.000,Elexon BMRS FUELHH
2024-02-25T06:00:00Z,Nuclear,3789.000,Elexon BMRS FUELHH
2024-02-25T06:00:00Z,Other,280.000,Elexon BMRS FUELHH
2024-02-25T06:00:00Z,Pumped Storage,-1008.000,Elexon BMRS FUELHH
2024-02-25T06:00:00Z,Wind,1007.000,Elexon BMRS FUELHH
2024-02-25T06:30:00Z,Biomass,2301.000,Elexon BMRS FUELHH
2024-02-25T06:30:00Z,Coal,0.000,Elexon BMRS FUELHH
2024-02-25T06:30:00Z,Gas,9792.000,Elexon BMRS FUELHH
2024-02-25T06:30:00Z,Hydro,641.000,Elexon BMRS FUELHH
2024-02-25T06:30:00Z,Imports & Exports,8122.000,Elexon BMRS FUELHH
2024-02-25T06:30:00Z,Nuclear,3788.000,Elexon BMRS FUELHH
2024-02-25T06:30:00Z,Other,311.000,Elexon BMRS FUELHH
2024-02-25T06:30:00Z,Pumped Storage,-848.000,Elexon BMRS FUELHH
2024-02-25T06:30:00Z,Wind,993.000,Elexon BMRS FUELHH
2024-02-25T07:00:00Z,Biomass,2299.000,Elexon BMRS FUELHH
2024-02-25T07:00:00Z,Coal,9.000,Elexon BMRS FUELHH
2024-02-25T07:00:00Z,Gas,10558.000,Elexon BMRS FUELHH
2024-02-25T07:00:00Z,Hydro,740.000,Elexon BMRS FUELHH
2024-02-25T07:00:00Z,Imports & Exports,7590.000,Elexon BMRS FUELHH
2024-02-25T07:00:00Z,Nuclear,3789.000,Elexon BMRS FUELHH
2024-02-25T07:00:00Z,Other,222.000,Elexon BMRS FUELHH
2024-02-25T07:00:00Z,Pumped Storage,-268.000,Elexon BMRS FUELHH
2024-02-25T07:00:00Z,Wind,1040.000,Elexon BMRS FUELHH
2024-02-25T07:30:00Z,Biomass,2300.000,Elexon BMRS FUELHH
2024-02-25T07:30:00Z,Coal,178.000,Elexon BMRS FUELHH
2024-02-25T07:30:00Z,Gas,10853.000,Elexon BMRS FUELHH
2024-02-25T07:30:00Z,Hydro,721.000,Elexon BMRS FUELHH
2024-02-25T07:30:00Z,Imports & Exports,7576.000,Elexon BMRS FUELHH
2024-02-25T07:30:00Z,Nuclear,3790.000,Elexon BMRS FUELHH
2024-02-25T07:30:00Z,Other,252.000,Elexon BMRS FUELHH
2024-02-25T07:30:00Z,Pumped Storage,-2.000,Elexon BMRS FUELHH
2024-02-25T07:30:00Z,Wind,1093.000,Elexon BMRS FUELHH
2024-02-25T08:00:00Z,Biomass,2292.000,Elexon BMRS FUELHH
2024-02-25T08:00:00Z,Coal,230.000,Elexon BMRS FUELHH
2024-02-25T08:00:00Z,Gas,11109.000,Elexon BMRS FUELHH
2024-02-25T08:00:00Z,Hydro,596.000,Elexon BMRS FUELHH
2024-02-25T08:00:00Z,Imports & Exports,8370.000,Elexon BMRS FUELHH
2024-02-25T08:00:00Z,Nuclear,3790.000,Elexon BMRS FUELHH
2024-02-25T08:00:00Z,Other,200.000,Elexon BMRS FUELHH
2024-02-25T08:00:00Z,Pumped Storage,0.000,Elexon BMRS FUELHH
2024-02-25T08:00:00Z,Wind,1238.000,Elexon BMRS FUELHH
2024-02-25T08:30:00Z,Biomass,2292.000,Elexon BMRS FUELHH
2024-02-25T08:30:00Z,Coal,229.000,Elexon BMRS FUELHH
2024-02-25T08:30:00Z,Gas,11423.000,Elexon BMRS FUELHH
2024-02-25T08:30:00Z,Hydro,624.000,Elexon BMRS FUELHH
2024-02-25T08:30:00Z,Imports & Exports,8348.000,Elexon BMRS FUELHH
2024-02-25T08:30:00Z,Nuclear,3791.000,Elexon BMRS FUELHH
2024-02-25T08:30:00Z,Other,198.000,Elexon BMRS FUELHH
2024-02-25T08:30:00Z,Pumped Storage,-10.000,Elexon BMRS FUELHH
2024-02-25T08:30:00Z,Wind,1385.000,Elexon BMRS FUELHH
2024-02-25T09:00:00Z,Biomass,2295.000,Elexon BMRS FUELHH
2024-02-25T09:00:00Z,Coal,233.000,Elexon BMRS FUELHH
2024-02-25T09:00:00Z,Gas,11945.000,Elexon BMRS FUELHH
2024-02-25T09:00:00Z,Hydro,640.000,Elexon BMRS FUELHH
2024-02-25T09:00:00Z,Imports & Exports,8086.000,Elexon BMRS FUELHH
2024-02-25T09:00:00Z,Nuclear,3787.000,Elexon BMRS FUELHH
2024-02-25T09:00:00Z,Other,222.000,Elexon BMRS FUELHH
2024-02-25T09:00:00Z,Pumped Storage,-10.000,Elexon BMRS FUELHH
2024-02-25T09:00:00Z,Wind,1458.000,Elexon BMRS FUELHH
2024-02-25T09:30:00Z,Biomass,2292.000,Elexon BMRS FUELHH
2024-02-25T09:30:00Z,Coal,231.000,Elexon BMRS FUELHH
2024-02-25T09:30:00Z,Gas,12176.000,Elexon BMRS FUELHH
2024-02-25T09:30:00Z,Hydro,597.000,Elexon BMRS FUELHH
2024-02-25T09:30:00Z,Imports & Exports,8092.000,Elexon BMRS FUELHH
2024-02-25T09:30:00Z,Nuclear,3785.000,Elexon BMRS FUELHH
2024-02-25T09:30:00Z,Other,233.000,Elexon BMRS FUELHH
2024-02-25T09:30:00Z,Pumped Storage,-10.000,Elexon BMRS FUELHH
2024-02-25T09:30:00Z,Wind,1544.000,Elexon BMRS FUELHH
2024-02-25T10:00:00Z,Biomass,2293.000,Elexon BMRS FUELHH
2024-02-25T10:00:00Z,Coal,229.000,Elexon BMRS FUELHH
2024-02-25T10:00:00Z,Gas,11893.000,Elexon BMRS FUELHH
2024-02-25T10:00:00Z,Hydro,594.000,Elexon BMRS FUELHH
2024-02-25T10:00:00Z,Imports & Exports,8182.000,Elexon BMRS FUELHH
2024-02-25T10:00:00Z,Nuclear,3779.000,Elexon BMRS FUELHH
2024-02-25T10:00:00Z,Other,257.000,Elexon BMRS FUELHH
2024-02-25T10:00:00Z,Pumped Storage,-10.000,Elexon BMRS FUELHH
2024-02-25T10:00:00Z,Wind,1726.000,Elexon BMRS FUELHH
2024-02-25T10:30:00Z,Biomass,2289.000,Elexon BMRS FUELHH
2024-02-25T10:30:00Z,Coal,239.000,Elexon BMRS FUELHH
2024-02-25T10:30:00Z,Gas,11723.000,Elexon BMRS FUELHH
2024-02-25T10:30:00Z,Hydro,594.000,Elexon BMRS FUELHH
2024-02-25T10:30:00Z,Imports & Exports,8232.000,Elexon BMRS FUELHH
2024-02-25T10:30:00Z,Nuclear,3780.000,Elexon BMRS FUELHH
2024-02-25T10:30:00Z,Other,273.000,Elexon BMRS FUELHH
2024-02-25T10:30:00Z,Pumped Storage,-104.000,Elexon BMRS FUELHH
2024-02-25T10:30:00Z,Wind,1806.000,Elexon BMRS FUELHH
2024-02-25T11:00:00Z,Biomass,2294.000,Elexon BMRS FUELHH
2024-02-25T11:00:00Z,Coal,237.000,Elexon BMRS FUELHH
2024-02-25T11:00:00Z,Gas,12195.000,Elexon BMRS FUELHH
2024-02-25T11:00:00Z,Hydro,594.000,Elexon BMRS FUELHH
2024-02-25T11:00:00Z,Imports & Exports,8338.000,Elexon BMRS FUELHH
2024-02-25T11:00:00Z,Nuclear,3782.000,Elexon BMRS FUELHH
2024-02-25T11:00:00Z,Other,244.000,Elexon BMRS FUELHH
2024-02-25T11:00:00Z,Pumped Storage,-162.000,Elexon BMRS FUELHH
2024-02-25T11:00:00Z,Wind,2001.000,Elexon BMRS FUELHH
2024-02-25T11:30:00Z,Biomass,2289.000,Elexon BMRS FUELHH
2024-02-25T11:30:00Z,Coal,235.000,Elexon BMRS FUELHH
2024-02-25T11:30:00Z,Gas,12422.000,Elexon BMRS FUELHH
2024-02-25T11:30:00Z,Hydro,595.000,Elexon BMRS FUELHH
2024-02-25T11:30:00Z,Imports & Exports,8494.000,Elexon BMRS FUELHH
2024-02-25T11:30:00Z,Nuclear,3786.000,Elexon BMRS FUELHH
2024-02-25T11:30:00Z,Other,245.000,Elexon BMRS FUELHH
2024-02-25T11:30:00Z,Pumped Storage,-158.000,Elexon BMRS FUELHH
2024-02-25T11:30:00Z,Wind,2098.000,Elexon BMRS FUELHH
2024-02-25T12:00:00Z,Biomass,2292.000,Elexon BMRS FUELHH
2024-02-25T12:00:00Z,Coal,239.000,Elexon BMRS FUELHH
2024-02-25T12:00:00Z,Gas,12826.000,Elexon BMRS FUELHH
2024-02-25T12:00:00Z,Hydro,569.000,Elexon BMRS FUELHH
2024-02-25T12:00:00Z,Imports & Exports,8564.000,Elexon BMRS FUELHH
2024-02-25T12:00:00Z,Nuclear,3788.000,Elexon BMRS FUELHH
2024-02-25T12:00:00Z,Other,322.000,Elexon BMRS FUELHH
2024-02-25T12:00:00Z,Pumped Storage,-6.000,Elexon BMRS FUELHH
2024-02-25T12:00:00Z,Wind,2146.000,Elexon BMRS FUELHH
2024-02-25T12:30:00Z,Biomass,2292.000,Elexon BMRS FUELHH
2024-02-25T12:30:00Z,Coal,232.000,Elexon BMRS FUELHH
2024-02-25T12:30:00Z,Gas,13264.000,Elexon BMRS FUELHH
2024-02-25T12:30:00Z,Hydro,550.000,Elexon BMRS FUELHH
2024-02-25T12:30:00Z,Imports & Exports,8568.000,Elexon BMRS FUELHH
2024-02-25T12:30:00Z,Nuclear,3789.000,Elexon BMRS FUELHH
2024-02-25T12:30:00Z,Other,298.000,Elexon BMRS FUELHH
2024-02-25T12:30:00Z,Pumped Storage,-6.000,Elexon BMRS FUELHH
2024-02-25T12:30:00Z,Wind,2188.000,Elexon BMRS FUELHH
2024-02-25T13:00:00Z,Biomass,2282.000,Elexon BMRS FUELHH
2024-02-25T13:00:00Z,Coal,235.000,Elexon BMRS FUELHH
2024-02-25T13:00:00Z,Gas,13378.000,Elexon BMRS FUELHH
2024-02-25T13:00:00Z,Hydro,547.000,Elexon BMRS FUELHH
2024-02-25T13:00:00Z,Imports & Exports,8500.000,Elexon BMRS FUELHH
2024-02-25T13:00:00Z,Nuclear,3790.000,Elexon BMRS FUELHH
2024-02-25T13:00:00Z,Other,294.000,Elexon BMRS FUELHH
2024-02-25T13:00:00Z,Pumped Storage,-6.000,Elexon BMRS FUELHH
2024-02-25T13:00:00Z,Wind,2383.000,Elexon BMRS FUELHH
2024-02-25T13:30:00Z,Biomass,2289.000,Elexon BMRS FUELHH
2024-02-25T13:30:00Z,Coal,233.000,Elexon BMRS FUELHH
2024-02-25T13:30:00Z,Gas,13411.000,Elexon BMRS FUELHH
2024-02-25T13:30:00Z,Hydro,548.000,Elexon BMRS FUELHH
2024-02-25T13:30:00Z,Imports & Exports,8408.000,Elexon BMRS FUELHH
2024-02-25T13:30:00Z,Nuclear,3795.000,Elexon BMRS FUELHH
2024-02-25T13:30:00Z,Other,214.000,Elexon BMRS FUELHH
2024-02-25T13:30:00Z,Pumped Storage,-6.000,Elexon BMRS FUELHH
2024-02-25T13:30:00Z,Wind,2684.000,Elexon BMRS FUELHH
2024-02-25T14:00:00Z,Biomass,2284.000,Elexon BMRS FUELHH
2024-02-25T14:00:00Z,Coal,230.000,Elexon BMRS FUELHH
2024-02-25T14:00:00Z,Gas,13366.000,Elexon BMRS FUELHH
2024-02-25T14:00:00Z,Hydro,538.000,Elexon BMRS FUELHH
2024-02-25T14:00:00Z,Imports & Exports,8392.000,Elexon BMRS FUELHH
2024-02-25T14:00:00Z,Nuclear,3796.000,Elexon BMRS FUELHH
2024-02-25T14:00:00Z,Other,199.000,Elexon BMRS FUELHH
2024-02-25T14:00:00Z,Pumped Storage,-8.000,Elexon BMRS FUELHH
2024-02-25T14:00:00Z,Wind,3016.000,Elexon BMRS FUELHH
2024-02-25T14:30:00Z,Biomass,2296.000,Elexon BMRS FUELHH
2024-02-25T14:30:00Z,Coal,240.000,Elexon BMRS FUELHH
2024-02-25T14:30:00Z,Gas,13093.000,Elexon BMRS FUELHH
2024-02-25T14:30:00Z,Hydro,549.000,Elexon BMRS FUELHH
2024-02-25T14:30:00Z,Imports & Exports,8468.000,Elexon BMRS FUELHH
2024-02-25T14:30:00Z,Nuclear,3790.000,Elexon BMRS FUELHH
2024-02-25T14:30:00Z,Other,192.000,Elexon BMRS FUELHH
2024-02-25T14:30:00Z,Pumped Storage,-10.000,Elexon BMRS FUELHH
2024-02-25T14:30:00Z,Wind,3485.000,Elexon BMRS FUELHH
2024-02-25T15:00:00Z,Biomass,2294.000,Elexon BMRS FUELHH
2024-02-25T15:00:00Z,Coal,260.000,Elexon BMRS FUELHH
2024-02-25T15:00:00Z,Gas,13333.000,Elexon BMRS FUELHH
2024-02-25T15:00:00Z,Hydro,597.000,Elexon BMRS FUELHH
2024-02-25T15:00:00Z,Imports & Exports,8380.000,Elexon BMRS FUELHH
2024-02-25T15:00:00Z,Nuclear,3796.000,Elexon BMRS FUELHH
2024-02-25T15:00:00Z,Other,181.000,Elexon BMRS FUELHH
2024-02-25T15:00:00Z,Pumped Storage,-10.000,Elexon BMRS FUELHH
2024-02-25T15:00:00Z,Wind,3919.000,Elexon BMRS FUELHH
2024-02-25T15:30:00Z,Biomass,2295.000,Elexon BMRS FUELHH
2024-02-25T15:30:00Z,Coal,329.000,Elexon BMRS FUELHH
2024-02-25T15:30:00Z,Gas,13254.000,Elexon BMRS FUELHH
2024-02-25T15:30:00Z,Hydro,639.000,Elexon BMRS FUELHH
2024-02-25T15:30:00Z,Imports & Exports,8460.000,Elexon BMRS FUELHH
2024-02-25T15:30:00Z,Nuclear,3800.000,Elexon BMRS FUELHH
2024-02-25T15:30:00Z,Other,189.000,Elexon BMRS FUELHH
2024-02-25T15:30:00Z,Pumped Storage,10.000,Elexon BMRS FUELHH
2024-02-25T15:30:00Z,Wind,4578.000,Elexon BMRS FUELHH
2024-02-25T16:00:00Z,Biomass,2291.000,Elexon BMRS FUELHH
2024-02-25T16:00:00Z,Coal,317.000,Elexon BMRS FUELHH
2024-02-25T16:00:00Z,Gas,13513.000,Elexon BMRS FUELHH
2024-02-25T16:00:00Z,Hydro,927.000,Elexon BMRS FUELHH
2024-02-25T16:00:00Z,Imports & Exports,7078.000,Elexon BMRS FUELHH
2024-02-25T16:00:00Z,Nuclear,3800.000,Elexon BMRS FUELHH
2024-02-25T16:00:00Z,Other,439.000,Elexon BMRS FUELHH
2024-02-25T16:00:00Z,Pumped Storage,614.000,Elexon BMRS FUELHH
2024-02-25T16:00:00Z,Wind,4830.000,Elexon BMRS FUELHH
2024-02-25T16:30:00Z,Biomass,2295.000,Elexon BMRS FUELHH
2024-02-25T16:30:00Z,Coal,397.000,Elexon BMRS FUELHH
2024-02-25T16:30:00Z,Gas,13604.000,Elexon BMRS FUELHH
2024-02-25T16:30:00Z,Hydro,896.000,Elexon BMRS FUELHH
2024-02-25T16:30:00Z,Imports & Exports,6998.000,Elexon BMRS FUELHH
2024-02-25T16:30:00Z,Nuclear,3793.000,Elexon BMRS FUELHH
2024-02-25T16:30:00Z,Other,554.000,Elexon BMRS FUELHH
2024-02-25T16:30:00Z,Pumped Storage,1188.000,Elexon BMRS FUELHH
2024-02-25T16:30:00Z,Wind,5161.000,Elexon BMRS FUELHH
2024-02-25T17:00:00Z,Biomass,2304.000,Elexon BMRS FUELHH
2024-02-25T17:00:00Z,Coal,474.000,Elexon BMRS FUELHH
2024-02-25T17:00:00Z,Gas,13732.000,Elexon BMRS FUELHH
2024-02-25T17:00:00Z,Hydro,989.000,Elexon BMRS FUELHH
2024-02-25T17:00:00Z,Imports & Exports,7086.000,Elexon BMRS FUELHH
2024-02-25T17:00:00Z,Nuclear,3789.000,Elexon BMRS FUELHH
2024-02-25T17:00:00Z,Other,831.000,Elexon BMRS FUELHH
2024-02-25T17:00:00Z,Pumped Storage,1314.000,Elexon BMRS FUELHH
2024-02-25T17:00:00Z,Wind,5744.000,Elexon BMRS FUELHH
2024-02-25T17:30:00Z,Biomass,2305.000,Elexon BMRS FUELHH
2024-02-25T17:30:00Z,Coal,477.000,Elexon BMRS FUELHH
2024-02-25T17:30:00Z,Gas,13676.000,Elexon BMRS FUELHH
2024-02-25T17:30:00Z,Hydro,1005.000,Elexon BMRS FUELHH
2024-02-25T17:30:00Z,Imports & Exports,7028.000,Elexon BMRS FUELHH
2024-02-25T17:30:00Z,Nuclear,3787.000,Elexon BMRS FUELHH
2024-02-25T17:30:00Z,Other,939.000,Elexon BMRS FUELHH
2024-02-25T17:30:00Z,Pumped Storage,1066.000,Elexon BMRS FUELHH
2024-02-25T17:30:00Z,Wind,6425.000,Elexon BMRS FUELHH
2024-02-25T18:00:00Z,Biomass,2304.000,Elexon BMRS FUELHH
2024-02-25T18:00:00Z,Coal,420.000,Elexon BMRS FUELHH
2024-02-25T18:00:00Z,Gas,13523.000,Elexon BMRS FUELHH
2024-02-25T18:00:00Z,Hydro,991.000,Elexon BMRS FUELHH
2024-02-25T18:00:00Z,Imports & Exports,7746.000,Elexon BMRS FUELHH
2024-02-25T18:00:00Z,Nuclear,3787.000,Elexon BMRS FUELHH
2024-02-25T18:00:00Z,Other,670.000,Elexon BMRS FUELHH
2024-02-25T18:00:00Z,Pumped Storage,1060.000,Elexon BMRS FUELHH
2024-02-25T18:00:00Z,Wind,7073.000,Elexon BMRS FUELHH
2024-02-25T18:30:00Z,Biomass,2305.000,Elexon BMRS FUELHH
2024-02-25T18:30:00Z,Coal,337.000,Elexon BMRS FUELHH
2024-02-25T18:30:00Z,Gas,13047.000,Elexon BMRS FUELHH
2024-02-25T18:30:00Z,Hydro,848.000,Elexon BMRS FUELHH
2024-02-25T18:30:00Z,Imports & Exports,7690.000,Elexon BMRS FUELHH
2024-02-25T18:30:00Z,Nuclear,3783.000,Elexon BMRS FUELHH
2024-02-25T18:30:00Z,Other,446.000,Elexon BMRS FUELHH
2024-02-25T18:30:00Z,Pumped Storage,732.000,Elexon BMRS FUELHH
2024-02-25T18:30:00Z,Wind,7768.000,Elexon BMRS FUELHH
2024-02-25T19:00:00Z,Biomass,2303.000,Elexon BMRS FUELHH
2024-02-25T19:00:00Z,Coal,438.000,Elexon BMRS FUELHH
2024-02-25T19:00:00Z,Gas,12264.000,Elexon BMRS FUELHH
2024-02-25T19:00:00Z,Hydro,868.000,Elexon BMRS FUELHH
2024-02-25T19:00:00Z,Imports & Exports,7352.000,Elexon BMRS FUELHH
2024-02-25T19:00:00Z,Nuclear,3783.000,Elexon BMRS FUELHH
2024-02-25T19:00:00Z,Other,251.000,Elexon BMRS FUELHH
2024-02-25T19:00:00Z,Pumped Storage,160.000,Elexon BMRS FUELHH
2024-02-25T19:00:00Z,Wind,8148.000,Elexon BMRS FUELHH
2024-02-25T19:30:00Z,Biomass,2305.000,Elexon BMRS FUELHH
2024-02-25T19:30:00Z,Coal,197.000,Elexon BMRS FUELHH
2024-02-25T19:30:00Z,Gas,11535.000,Elexon BMRS FUELHH
2024-02-25T19:30:00Z,Hydro,895.000,Elexon BMRS FUELHH
2024-02-25T19:30:00Z,Imports & Exports,7164.000,Elexon BMRS FUELHH
2024-02-25T19:30:00Z,Nuclear,3783.000,Elexon BMRS FUELHH
2024-02-25T19:30:00Z,Other,169.000,Elexon BMRS FUELHH
2024-02-25T19:30:00Z,Pumped Storage,-10.000,Elexon BMRS FUELHH
2024-02-25T19:30:00Z,Wind,8507.000,Elexon BMRS FUELHH
2024-02-25T20:00:00Z,Biomass,2302.000,Elexon BMRS FUELHH
2024-02-25T20:00:00Z,Coal,0.000,Elexon BMRS FUELHH
2024-02-25T20:00:00Z,Gas,11022.000,Elexon BMRS FUELHH
2024-02-25T20:00:00Z,Hydro,632.000,Elexon BMRS FUELHH
2024-02-25T20:00:00Z,Imports & Exports,6398.000,Elexon BMRS FUELHH
2024-02-25T20:00:00Z,Nuclear,3777.000,Elexon BMRS FUELHH
2024-02-25T20:00:00Z,Other,187.000,Elexon BMRS FUELHH
2024-02-25T20:00:00Z,Pumped Storage,-14.000,Elexon BMRS FUELHH
2024-02-25T20:00:00Z,Wind,8848.000,Elexon BMRS FUELHH
2024-02-25T20:30:00Z,Biomass,2302.000,Elexon BMRS FUELHH
2024-02-25T20:30:00Z,Coal,0.000,Elexon BMRS FUELHH
2024-02-25T20:30:00Z,Gas,9976.000,Elexon BMRS FUELHH
2024-02-25T20:30:00Z,Hydro,589.000,Elexon BMRS FUELHH
2024-02-25T20:30:00Z,Imports & Exports,6156.000,Elexon BMRS FUELHH
2024-02-25T20:30:00Z,Nuclear,3781.000,Elexon BMRS FUELHH
2024-02-25T20:30:00Z,Other,166.000,Elexon BMRS FUELHH
2024-02-25T20:30:00Z,Pumped Storage,-14.000,Elexon BMRS FUELHH
2024-02-25T20:30:00Z,Wind,8854.000,Elexon BMRS FUELHH
2024-02-25T21:00:00Z,Biomass,2302.000,Elexon BMRS FUELHH
2024-02-25T21:00:00Z,Coal,0.000,Elexon BMRS FUELHH
2024-02-25T21:00:00Z,Gas,8820.000,Elexon BMRS FUELHH
2024-02-25T21:00:00Z,Hydro,547.000,Elexon BMRS FUELHH
2024-02-25T21:00:00Z,Imports & Exports,5450.000,Elexon BMRS FUELHH
2024-02-25T21:00:00Z,Nuclear,3784.000,Elexon BMRS FUELHH
2024-02-25T21:00:00Z,Other,173.000,Elexon BMRS FUELHH
2024-02-25T21:00:00Z,Pumped Storage,-18.000,Elexon BMRS FUELHH
2024-02-25T21:00:00Z,Wind,9012.000,Elexon BMRS FUELHH
2024-02-25T21:30:00Z,Biomass,2304.000,Elexon BMRS FUELHH
2024-02-25T21:30:00Z,Coal,0.000,Elexon BMRS FUELHH
2024-02-25T21:30:00Z,Gas,7408.000,Elexon BMRS FUELHH
2024-02-25T21:30:00Z,Hydro,538.000,Elexon BMRS FUELHH
2024-02-25T21:30:00Z,Imports & Exports,5278.000,Elexon BMRS FUELHH
2024-02-25T21:30:00Z,Nuclear,3783.000,Elexon BMRS FUELHH
2024-02-25T21:30:00Z,Other,307.000,Elexon BMRS FUELHH
2024-02-25T21:30:00Z,Pumped Storage,-248.000,Elexon BMRS FUELHH
2024-02-25T21:30:00Z,Wind,9227.000,Elexon BMRS FUELHH
2024-02-25T22:00:00Z,Biomass,2307.000,Elexon BMRS FUELHH
2024-02-25T22:00:00Z,Coal,0.000,Elexon BMRS FUELHH
2024-02-25T22:00:00Z,Gas,7727.000,Elexon BMRS FUELHH
2024-02-25T22:00:00Z,Hydro,532.000,Elexon BMRS FUELHH
2024-02-25T22:00:00Z,Imports & Exports,3426.000,Elexon BMRS FUELHH
2024-02-25T22:00:00Z,Nuclear,3787.000,Elexon BMRS FUELHH
2024-02-25T22:00:00Z,Other,191.000,Elexon BMRS FUELHH
2024-02-25T22:00:00Z,Pumped Storage,-568.000,Elexon BMRS FUELHH
2024-02-25T22:00:00Z,Wind,10189.000,Elexon BMRS FUELHH
2024-02-25T22:30:00Z,Biomass,2181.000,Elexon BMRS FUELHH
2024-02-25T22:30:00Z,Coal,0.000,Elexon BMRS FUELHH
2024-02-25T22:30:00Z,Gas,6080.000,Elexon BMRS FUELHH
2024-02-25T22:30:00Z,Hydro,515.000,Elexon BMRS FUELHH
2024-02-25T22:30:00Z,Imports & Exports,3442.000,Elexon BMRS FUELHH
2024-02-25T22:30:00Z,Nuclear,3782.000,Elexon BMRS FUELHH
2024-02-25T22:30:00Z,Other,201.000,Elexon BMRS FUELHH
2024-02-25T22:30:00Z,Pumped Storage,-648.000,Elexon BMRS FUELHH
2024-02-25T22:30:00Z,Wind,10453.000,Elexon BMRS FUELHH
2024-02-25T23:00:00Z,Biomass,1893.000,Elexon BMRS FUELHH
2024-02-25T23:00:00Z,Coal,0.000,Elexon BMRS FUELHH
2024-02-25T23:00:00Z,Gas,4316.000,Elexon BMRS FUELHH
2024-02-25T23:00:00Z,Hydro,476.000,Elexon BMRS FUELHH
2024-02-25T23:00:00Z,Imports & Exports,4326.000,Elexon BMRS FUELHH
2024-02-25T23:00:00Z,Nuclear,3793.000,Elexon BMRS FUELHH
2024-02-25T23:00:00Z,Other,245.000,Elexon BMRS FUELHH
2024-02-25T23:00:00Z,Pumped Storage,-966.000,Elexon BMRS FUELHH
2024-02-25T23:00:00Z,Wind,10547.000,Elexon BMRS FUELHH
2024-02-25T23:30:00Z,Biomass,1476.000,Elexon BMRS FUELHH
2024-02-25T23:30:00Z,Coal,0.000,Elexon BMRS FUELHH
2024-02-25T23:30:00Z,Gas,3773.000,Elexon BMRS FUELHH
2024-02-25T23:30:00Z,Hydro,475.000,Elexon BMRS FUELHH
2024-02-25T23:30:00Z,Imports & Exports,4406.000,Elexon BMRS FUELHH
2024-02-25T23:30:00Z,Nuclear,3792.000,Elexon BMRS FUELHH
2024-02-25T23:30:00Z,Other,269.000,Elexon BMRS FUELHH
2024-02-25T23:30:00Z,Pumped Storage,-1082.000,Elexon BMRS FUELHH
2024-02-25T23:30:00Z,Wind,10823.000,Elexon BMRS FUELHH
2024-02-26T00:00:00Z,Biomass,1476.000,Elexon BMRS FUELHH
2024-02-26T00:00:00Z,Coal,0.000,Elexon BMRS FUELHH
2024-02-26T00:00:00Z,Gas,3769.000,Elexon BMRS FUELHH
2024-02-26T00:00:00Z,Hydro,414.000,Elexon BMRS FUELHH
2024-02-26T00:00:00Z,Imports & Exports,4324.000,Elexon BMRS FUELHH
2024-02-26T00:00:00Z,Nuclear,3794.000,Elexon BMRS FUELHH
2024-02-26T00:00:00Z,Other,244.000,Elexon BMRS FUELHH
2024-02-26T00:00:00Z,Pumped Storage,-1252.000,Elexon BMRS FUELHH
2024-02-26T00:00:00Z,Wind,10918.000,Elexon BMRS FUELHH
2024-02-26T00:30:00Z,Biomass,1751.000,Elexon BMRS FUELHH
2024-02-26T00:30:00Z,Coal,0.000,Elexon BMRS FUELHH
2024-02-26T00:30:00Z,Gas,4119.000,Elexon BMRS FUELHH
2024-02-26T00:30:00Z,Hydro,406.000,Elexon BMRS FUELHH
2024-02-26T00:30:00Z,Imports & Exports,4374.000,Elexon BMRS FUELHH
2024-02-26T00:30:00Z,Nuclear,3798.000,Elexon BMRS FUELHH
2024-02-26T00:30:00Z,Other,253.000,Elexon BMRS FUELHH
2024-02-26T00:30:00Z,Pumped Storage,-1468.000,Elexon BMRS FUELHH
2024-02-26T00:30:00Z,Wind,10774.000,Elexon BMRS FUELHH
2024-02-26T01:00:00Z,Biomass,1980.000,Elexon BMRS FUELHH
2024-02-26T01:00:00Z,Coal,0.000,Elexon BMRS FUELHH
2024-02-26T01:00:00Z,Gas,3929.000,Elexon BMRS FUELHH
2024-02-26T01:00:00Z,Hydro,406.000,Elexon BMRS FUELHH
2024-02-26T01:00:00Z,Imports & Exports,4074.000,Elexon BMRS FUELHH
2024-02-26T01:00:00Z,Nuclear,3795.000,Elexon BMRS FUELHH
2024-02-26T01:00:00Z,Other,267.000,Elexon BMRS FUELHH
2024-02-26T01:00:00Z,Pumped Storage,-1794.000,Elexon BMRS FUELHH
2024-02-26T01:00:00Z,Wind,10978.000,Elexon BMRS FUELHH
2024-02-26T01:30:00Z,Biomass,1921.000,Elexon BMRS FUELHH
2024-02-26T01:30:00Z,Coal,0.000,Elexon BMRS FUELHH
2024-02-26T01:30:00Z,Gas,3820.000,Elexon BMRS FUELHH
2024-02-26T01:30:00Z,Hydro,406.000,Elexon BMRS FUELHH
2024-02-26T01:30:00Z,Imports & Exports,3918.000,Elexon BMRS FUELHH
2024-02-26T01:30:00Z,Nuclear,3790.000,Elexon BMRS FUELHH
2024-02-26T01:30:00Z,Other,251.000,Elexon BMRS FUELHH
2024-02-26T01:30:00Z,Pumped Storage,-1958.000,Elexon BMRS FUELHH
2024-02-26T01:30:00Z,Wind,11264.000,Elexon BMRS FUELHH
2024-02-26T02:00:00Z,Biomass,1834.000,Elexon BMRS FUELHH
2024-02-26T02:00:00Z,Coal,0.000,Elexon BMRS FUELHH
2024-02-26T02:00:00Z,Gas,3634.000,Elexon BMRS FUELHH
2024-02-26T02:00:00Z,Hydro,406.000,Elexon BMRS FUELHH
2024-02-26T02:00:00Z,Imports & Exports,3292.000,Elexon BMRS FUELHH
2024-02-26T02:00:00Z,Nuclear,3791.000,Elexon BMRS FUELHH
2024-02-26T02:00:00Z,Other,256.000,Elexon BMRS FUELHH
2024-02-26T02:00:00Z,Pumped Storage,-1902.000,Elexon BMRS FUELHH
2024-02-26T02:00:00Z,Wind,11626.000,Elexon BMRS FUELHH
2024-02-26T02:30:00Z,Biomass,1813.000,Elexon BMRS FUELHH
2024-02-26T02:30:00Z,Coal,0.000,Elexon BMRS FUELHH
2024-02-26T02:30:00Z,Gas,3623.000,Elexon BMRS FUELHH
2024-02-26T02:30:00Z,Hydro,405.000,Elexon BMRS FUELHH
2024-02-26T02:30:00Z,Imports & Exports,3166.000,Elexon BMRS FUELHH
2024-02-26T02:30:00Z,Nuclear,3791.000,Elexon BMRS FUELHH
2024-02-26T02:30:00Z,Other,251.000,Elexon BMRS FUELHH
2024-02-26T02:30:00Z,Pumped Storage,-1898.000,Elexon BMRS FUELHH
2024-02-26T02:30:00Z,Wind,11851.000,Elexon BMRS FUELHH
2024-02-26T03:00:00Z,Biomass,1843.000,Elexon BMRS FUELHH
2024-02-26T03:00:00Z,Coal,0.000,Elexon BMRS FUELHH
2024-02-26T03:00:00Z,Gas,3442.000,Elexon BMRS FUELHH
2024-02-26T03:00:00Z,Hydro,406.000,Elexon BMRS FUELHH
2024-02-26T03:00:00Z,Imports & Exports,2606.000,Elexon BMRS FUELHH
2024-02-26T03:00:00Z,Nuclear,3784.000,Elexon BMRS FUELHH
2024-02-26T03:00:00Z,Other,253.000,Elexon BMRS FUELHH
2024-02-26T03:00:00Z,Pumped Storage,-1976.000,Elexon BMRS FUELHH
2024-02-26T03:00:00Z,Wind,12007.000,Elexon BMRS FUELHH
2024-02-26T03:30:00Z,Biomass,1956.000,Elexon BMRS FUELHH
2024-02-26T03:30:00Z,Coal,0.000,Elexon BMRS FUELHH
2024-02-26T03:30:00Z,Gas,3458.000,Elexon BMRS FUELHH
2024-02-26T03:30:00Z,Hydro,405.000,Elexon BMRS FUELHH
2024-02-26T03:30:00Z,Imports & Exports,2466.000,Elexon BMRS FUELHH
2024-02-26T03:30:00Z,Nuclear,3783.000,Elexon BMRS FUELHH
2024-02-26T03:30:00Z,Other,241.000,Elexon BMRS FUELHH
2024-02-26T03:30:00Z,Pumped Storage,-2060.000,Elexon BMRS FUELHH
2024-02-26T03:30:00Z,Wind,12109.000,Elexon BMRS FUELHH
2024-02-26T04:00:00Z,Biomass,1991.000,Elexon BMRS FUELHH
2024-02-26T04:00:00Z,Coal,0.000,Elexon BMRS FUELHH
2024-02-26T04:00:00Z,Gas,3487.000,Elexon BMRS FUELHH
2024-02-26T04:00:00Z,Hydro,413.000,Elexon BMRS FUELHH
2024-02-26T04:00:00Z,Imports & Exports,1032.000,Elexon BMRS FUELHH
2024-02-26T04:00:00Z,Nuclear,3784.000,Elexon BMRS FUELHH
2024-02-26T04:00:00Z,Other,259.000,Elexon BMRS FUELHH
2024-02-26T04:00:00Z,Pumped Storage,-1344.000,Elexon BMRS FUELHH
2024-02-26T04:00:00Z,Wind,12090.000,Elexon BMRS FUELHH
2024-02-26T04:30:00Z,Biomass,1935.000,Elexon BMRS FUELHH
2024-02-26T04:30:00Z,Coal,0.000,Elexon BMRS FUELHH
2024-02-26T04:30:00Z,Gas,3551.000,Elexon BMRS FUELHH
2024-02-26T04:30:00Z,Hydro,419.000,Elexon BMRS FUELHH
2024-02-26T04:30:00Z,Imports & Exports,852.000,Elexon BMRS FUELHH
2024-02-26T04:30:00Z,Nuclear,3780.000,Elexon BMRS FUELHH
2024-02-26T04:30:00Z,Other,334.000,Elexon BMRS FUELHH
2024-02-26T04:30:00Z,Pumped Storage,-1094.000,Elexon BMRS FUELHH
2024-02-26T04:30:00Z,Wind,12179.000,Elexon BMRS FUELHH
2024-02-26T05:00:00Z,Biomass,2104.000,Elexon BMRS FUELHH
2024-02-26T05:00:00Z,Coal,0.000,Elexon BMRS FUELHH
2024-02-26T05:00:00Z,Gas,4266.000,Elexon BMRS FUELHH
2024-02-26T05:00:00Z,Hydro,454.000,Elexon BMRS FUELHH
2024-02-26T05:00:00Z,Imports & Exports,-454.000,Elexon BMRS FUELHH
2024-02-26T05:00:00Z,Nuclear,3784.000,Elexon BMRS FUELHH
2024-02-26T05:00:00Z,Other,252.000,Elexon BMRS FUELHH
2024-02-26T05:00:00Z,Pumped Storage,-74.000,Elexon BMRS FUELHH
2024-02-26T05:00:00Z,Wind,12222.000,Elexon BMRS FUELHH
2024-02-26T05:30:00Z,Biomass,2286.000,Elexon BMRS FUELHH
2024-02-26T05:30:00Z,Coal,0.000,Elexon BMRS FUELHH
2024-02-26T05:30:00Z,Gas,5924.000,Elexon BMRS FUELHH
2024-02-26T05:30:00Z,Hydro,472.000,Elexon BMRS FUELHH
2024-02-26T05:30:00Z,Imports & Exports,-584.000,Elexon BMRS FUELHH
2024-02-26T05:30:00Z,Nuclear,3786.000,Elexon BMRS FUELHH
2024-02-26T05:30:00Z,Other,332.000,Elexon BMRS FUELHH
2024-02-26T05:30:00Z,Pumped Storage,-90.000,Elexon BMRS FUELHH
2024-02-26T05:30:00Z,Wind,11851.000,Elexon BMRS FUELHH
2024-02-26T06:00:00Z,Biomass,2295.000,Elexon BMRS FUELHH
2024-02-26T06:00:00Z,Coal,0.000,Elexon BMRS FUELHH
2024-02-26T06:00:00Z,Gas,9641.000,Elexon BMRS FUELHH
2024-02-26T06:00:00Z,Hydro,668.000,Elexon BMRS FUELHH
2024-02-26T06:00:00Z,Imports & Exports,-1058.000,Elexon BMRS FUELHH
2024-02-26T06:00:00Z,Nuclear,3786.000,Elexon BMRS FUELHH
2024-02-26T06:00:00Z,Other,283.000,Elexon BMRS FUELHH
2024-02-26T06:00:00Z,Pumped Storage,-6.000,Elexon BMRS FUELHH
2024-02-26T06:00:00Z,Wind,11513.000,Elexon BMRS FUELHH
2024-02-26T06:30:00Z,Biomass,2296.000,Elexon BMRS FUELHH
2024-02-26T06:30:00Z,Coal,0.000,Elexon BMRS FUELHH
2024-02-26T06:30:00Z,Gas,12276.000,Elexon BMRS FUELHH
2024-02-26T06:30:00Z,Hydro,784.000,Elexon BMRS FUELHH
2024-02-26T06:30:00Z,Imports & Exports,-920.000,Elexon BMRS FUELHH
2024-02-26T06:30:00Z,Nuclear,3785.000,Elexon BMRS FUELHH
2024-02-26T06:30:00Z,Other,382.000,Elexon BMRS FUELHH
2024-02-26T06:30:00Z,Pumped Storage,110.000,Elexon BMRS FUELHH
2024-02-26T06:30:00Z,Wind,11095.000,Elexon BMRS FUELHH
2024-02-26T07:00:00Z,Biomass,2296.000,Elexon BMRS FUELHH
2024-02-26T07:00:00Z,Coal,0.000,Elexon BMRS FUELHH
2024-02-26T07:00:00Z,Gas,14414.000,Elexon BMRS FUELHH
2024-02-26T07:00:00Z,Hydro,758.000,Elexon BMRS FUELHH
2024-02-26T07:00:00Z,Imports & Exports,22.000,Elexon BMRS FUELHH
2024-02-26T07:00:00Z,Nuclear,3788.000,Elexon BMRS FUELHH
2024-02-26T07:00:00Z,Other,550.000,Elexon BMRS FUELHH
2024-02-26T07:00:00Z,Pumped Storage,48.000,Elexon BMRS FUELHH
2024-02-26T07:00:00Z,Wind,10793.000,Elexon BMRS FUELHH
2024-02-26T07:30:00Z,Biomass,2299.000,Elexon BMRS FUELHH
2024-02-26T07:30:00Z,Coal,0.000,Elexon BMRS FUELHH
2024-02-26T07:30:00Z,Gas,14828.000,Elexon BMRS FUELHH
2024-02-26T07:30:00Z,Hydro,908.000,Elexon BMRS FUELHH
2024-02-26T07:30:00Z,Imports & Exports,156.000,Elexon BMRS FUELHH
2024-02-26T07:30:00Z,Nuclear,3782.000,Elexon BMRS FUELHH
2024-02-26T07:30:00Z,Other,832.000,Elexon BMRS FUELHH
2024-02-26T07:30:00Z,Pumped Storage,336.000,Elexon BMRS FUELHH
2024-02-26T07:30:00Z,Wind,10680.000,Elexon BMRS FUELHH
2024-02-26T08:00:00Z,Biomass,2300.000,Elexon BMRS FUELHH
2024-02-26T08:00:00Z,Coal,0.000,Elexon BMRS FUELHH
2024-02-26T08:00:00Z,Gas,14594.000,Elexon BMRS FUELHH
2024-02-26T08:00:00Z,Hydro,785.000,Elexon BMRS FUELHH
2024-02-26T08:00:00Z,Imports & Exports,2694.000,Elexon BMRS FUELHH
2024-02-26T08:00:00Z,Nuclear,3787.000,Elexon BMRS FUELHH
2024-02-26T08:00:00Z,Other,511.000,Elexon BMRS FUELHH
2024-02-26T08:00:00Z,Pumped Storage,262.000,Elexon BMRS FUELHH
2024-02-26T08:00:00Z,Wind,10601.000,Elexon BMRS FUELHH
2024-02-26T08:30:00Z,Biomass,2294.000,Elexon BMRS FUELHH
2024-02-26T08:30:00Z,Coal,0.000,Elexon BMRS FUELHH
2024-02-26T08:30:00Z,Gas,14627.000,Elexon BMRS FUELHH
2024-02-26T08:30:00Z,Hydro,745.000,Elexon BMRS FUELHH
2024-02-26T08:30:00Z,Imports & Exports,2810.000,Elexon BMRS FUELHH
2024-02-26T08:30:00Z,Nuclear,3796.000,Elexon BMRS FUELHH
2024-02-26T08:30:00Z,Other,320.000,Elexon BMRS FUELHH
2024-02-26T08:30:00Z,Pumped Storage,138.000,Elexon BMRS FUELHH
2024-02-26T08:30:00Z,Wind,10656.000,Elexon BMRS FUELHH
2024-02-26T09:00:00Z,Biomass,2299.000,Elexon BMRS FUELHH
2024-02-26T09:00:00Z,Coal,0.000,Elexon BMRS FUELHH
2024-02-26T09:00:00Z,Gas,14692.000,Elexon BMRS FUELHH
2024-02-26T09:00:00Z,Hydro,741.000,Elexon BMRS FUELHH
2024-02-26T09:00:00Z,Imports & Exports,2782.000,Elexon BMRS FUELHH
2024-02-26T09:00:00Z,Nuclear,3787.000,Elexon BMRS FUELHH
2024-02-26T09:00:00Z,Other,344.000,Elexon BMRS FUELHH
2024-02-26T09:00:00Z,Pumped Storage,170.000,Elexon BMRS FUELHH
2024-02-26T09:00:00Z,Wind,10497.000,Elexon BMRS FUELHH
2024-02-26T09:30:00Z,Biomass,2300.000,Elexon BMRS FUELHH
2024-02-26T09:30:00Z,Coal,0.000,Elexon BMRS FUELHH
2024-02-26T09:30:00Z,Gas,14584.000,Elexon BMRS FUELHH
2024-02-26T09:30:00Z,Hydro,802.000,Elexon BMRS FUELHH
2024-02-26T09:30:00Z,Imports & Exports,2526.000,Elexon BMRS FUELHH
2024-02-26T09:30:00Z,Nuclear,3793.000,Elexon BMRS FUELHH
2024-02-26T09:30:00Z,Other,311.000,Elexon BMRS FUELHH
2024-02-26T09:30:00Z,Pumped Storage,350.000,Elexon BMRS FUELHH
2024-02-26T09:30:00Z,Wind,10322.000,Elexon BMRS FUELHH
2024-02-26T10:00:00Z,Biomass,2298.000,Elexon BMRS FUELHH
2024-02-26T10:00:00Z,Coal,0.000,Elexon BMRS FUELHH
2024-02-26T10:00:00Z,Gas,14466.000,Elexon BMRS FUELHH
2024-02-26T10:00:00Z,Hydro,818.000,Elexon BMRS FUELHH
2024-02-26T10:00:00Z,Imports & Exports,2464.000,Elexon BMRS FUELHH
2024-02-26T10:00:00Z,Nuclear,3789.000,Elexon BMRS FUELHH
2024-02-26T10:00:00Z,Other,277.000,Elexon BMRS FUELHH
2024-02-26T10:00:00Z,Pumped Storage,372.000,Elexon BMRS FUELHH
2024-02-26T10:00:00Z,Wind,10158.000,Elexon BMRS FUELHH
2024-02-26T10:30:00Z,Biomass,2296.000,Elexon BMRS FUELHH
2024-02-26T10:30:00Z,Coal,0.000,Elexon BMRS FUELHH
2024-02-26T10:30:00Z,Gas,14571.000,Elexon BMRS FUELHH
2024-02-26T10:30:00Z,Hydro,745.000,Elexon BMRS FUELHH
2024-02-26T10:30:00Z,Imports & Exports,2562.000,Elexon BMRS FUELHH
2024-02-26T10:30:00Z,Nuclear,3791.000,Elexon BMRS FUELHH
2024-02-26T10:30:00Z,Other,299.000,Elexon BMRS FUELHH
2024-02-26T10:30:00Z,Pumped Storage,358.000,Elexon BMRS FUELHH
2024-02-26T10:30:00Z,Wind,10145.000,Elexon BMRS FUELHH
2024-02-26T11:00:00Z,Biomass,2273.000,Elexon BMRS FUELHH
2024-02-26T11:00:00Z,Coal,0.000,Elexon BMRS FUELHH
2024-02-26T11:00:00Z,Gas,14451.000,Elexon BMRS FUELHH
2024-02-26T11:00:00Z,Hydro,707.000,Elexon BMRS FUELHH
2024-02-26T11:00:00Z,Imports & Exports,3324.000,Elexon BMRS FUELHH
2024-02-26T11:00:00Z,Nuclear,3793.000,Elexon BMRS FUELHH
2024-02-26T11:00:00Z,Other,232.000,Elexon BMRS FUELHH
2024-02-26T11:00:00Z,Pumped Storage,32.000,Elexon BMRS FUELHH
2024-02-26T11:00:00Z,Wind,9827.000,Elexon BMRS FUELHH
2024-02-26T11:30:00Z,Biomass,2272.000,Elexon BMRS FUELHH
2024-02-26T11:30:00Z,Coal,0.000,Elexon BMRS FUELHH
2024-02-26T11:30:00Z,Gas,14151.000,Elexon BMRS FUELHH
2024-02-26T11:30:00Z,Hydro,507.000,Elexon BMRS FUELHH
2024-02-26T11:30:00Z,Imports & Exports,3258.000,Elexon BMRS FUELHH
2024-02-26T11:30:00Z,Nuclear,3783.000,Elexon BMRS FUELHH
2024-02-26T11:30:00Z,Other,226.000,Elexon BMRS FUELHH
2024-02-26T11:30:00Z,Pumped Storage,-12.000,Elexon BMRS FUELHH
2024-02-26T11:30:00Z,Wind,9709.000,Elexon BMRS FUELHH
2024-02-26T12:00:00Z,Biomass,2273.000,Elexon BMRS FUELHH
2024-02-26T12:00:00Z,Coal,0.000,Elexon BMRS FUELHH
2024-02-26T12:00:00Z,Gas,14057.000,Elexon BMRS FUELHH
2024-02-26T12:00:00Z,Hydro,482.000,Elexon BMRS FUELHH
2024-02-26T12:00:00Z,Imports & Exports,3758.000,Elexon BMRS FUELHH
2024-02-26T12:00:00Z,Nuclear,3779.000,Elexon BMRS FUELHH
2024-02-26T12:00:00Z,Other,258.000,Elexon BMRS FUELHH
2024-02-26T12:00:00Z,Pumped Storage,-12.000,Elexon BMRS FUELHH
2024-02-26T12:00:00Z,Wind,9398.000,Elexon BMRS FUELHH
2024-02-26T12:30:00Z,Biomass,2274.000,Elexon BMRS FUELHH
2024-02-26T12:30:00Z,Coal,0.000,Elexon BMRS FUELHH
2024-02-26T12:30:00Z,Gas,14285.000,Elexon BMRS FUELHH
2024-02-26T12:30:00Z,Hydro,483.000,Elexon BMRS FUELHH
2024-02-26T12:30:00Z,Imports & Exports,3748.000,Elexon BMRS FUELHH
2024-02-26T12:30:00Z,Nuclear,3783.000,Elexon BMRS FUELHH
2024-02-26T12:30:00Z,Other,272.000,Elexon BMRS FUELHH
2024-02-26T12:30:00Z,Pumped Storage,14.000,Elexon BMRS FUELHH
2024-02-26T12:30:00Z,Wind,8909.000,Elexon BMRS FUELHH
2024-02-26T13:00:00Z,Biomass,2261.000,Elexon BMRS FUELHH
2024-02-26T13:00:00Z,Coal,0.000,Elexon BMRS FUELHH
2024-02-26T13:00:00Z,Gas,14768.000,Elexon BMRS FUELHH
2024-02-26T13:00:00Z,Hydro,492.000,Elexon BMRS FUELHH
2024-02-26T13:00:00Z,Imports & Exports,3136.000,Elexon BMRS FUELHH
2024-02-26T13:00:00Z,Nuclear,3786.000,Elexon BMRS FUELHH
2024-02-26T13:00:00Z,Other,288.000,Elexon BMRS FUELHH
2024-02-26T13:00:00Z,Pumped Storage,-8.000,Elexon BMRS FUELHH
2024-02-26T13:00:00Z,Wind,8829.000,Elexon BMRS FUELHH
2024-02-26T13:30:00Z,Biomass,2270.000,Elexon BMRS FUELHH
2024-02-26T13:30:00Z,Coal,0.000,Elexon BMRS FUELHH
2024-02-26T13:30:00Z,Gas,14598.000,Elexon BMRS FUELHH
2024-02-26T13:30:00Z,Hydro,499.000,Elexon BMRS FUELHH
2024-02-26T13:30:00Z,Imports & Exports,3104.000,Elexon BMRS FUELHH
2024-02-26T13:30:00Z,Nuclear,3785.000,Elexon BMRS FUELHH
2024-02-26T13:30:00Z,Other,271.000,Elexon BMRS FUELHH
2024-02-26T13:30:00Z,Pumped Storage,18.000,Elexon BMRS FUELHH
2024-02-26T13:30:00Z,Wind,8656.000,Elexon BMRS FUELHH
2024-02-26T14:00:00Z,Biomass,2287.000,Elexon BMRS FUELHH
2024-02-26T14:00:00Z,Coal,0.000,Elexon BMRS FUELHH
2024-02-26T14:00:00Z,Gas,14891.000,Elexon BMRS FUELHH
2024-02-26T14:00:00Z,Hydro,492.000,Elexon BMRS FUELHH
2024-02-26T14:00:00Z,Imports & Exports,3188.000,Elexon BMRS FUELHH
2024-02-26T14:00:00Z,Nuclear,3788.000,Elexon BMRS FUELHH
2024-02-26T14:00:00Z,Other,235.000,Elexon BMRS FUELHH
2024-02-26T14:00:00Z,Pumped Storage,-12.000,Elexon BMRS FUELHH
2024-02-26T14:00:00Z,Wind,8376.000,Elexon BMRS FUELHH
2024-02-26T14:30:00Z,Biomass,2296.000,Elexon BMRS FUELHH
2024-02-26T14:30:00Z,Coal,1.000,Elexon BMRS FUELHH
2024-02-26T14:30:00Z,Gas,15203.000,Elexon BMRS FUELHH
2024-02-26T14:30:00Z,Hydro,543.000,Elexon BMRS FUELHH
2024-02-26T14:30:00Z,Imports & Exports,3204.000,Elexon BMRS FUELHH
2024-02-26T14:30:00Z,Nuclear,3785.000,Elexon BMRS FUELHH
2024-02-26T14:30:00Z,Other,245.000,Elexon BMRS FUELHH
2024-02-26T14:30:00Z,Pumped Storage,-18.000,Elexon BMRS FUELHH
2024-02-26T14:30:00Z,Wind,8104.000,Elexon BMRS FUELHH
2024-02-26T15:00:00Z,Biomass,2297.000,Elexon BMRS FUELHH
2024-02-26T15:00:00Z,Coal,91.000,Elexon BMRS FUELHH
2024-02-26T15:00:00Z,Gas,15272.000,Elexon BMRS FUELHH
2024-02-26T15:00:00Z,Hydro,630.000,Elexon BMRS FUELHH
2024-02-26T15:00:00Z,Imports & Exports,3174.000,Elexon BMRS FUELHH
2024-02-26T15:00:00Z,Nuclear,3785.000,Elexon BMRS FUELHH
2024-02-26T15:00:00Z,Other,248.000,Elexon BMRS FUELHH
2024-02-26T15:00:00Z,Pumped Storage,328.000,Elexon BMRS FUELHH
2024-02-26T15:00:00Z,Wind,8028.000,Elexon BMRS FUELHH
2024-02-26T15:30:00Z,Biomass,2297.000,Elexon BMRS FUELHH
2024-02-26T15:30:00Z,Coal,239.000,Elexon BMRS FUELHH
2024-02-26T15:30:00Z,Gas,16166.000,Elexon BMRS FUELHH
2024-02-26T15:30:00Z,Hydro,600.000,Elexon BMRS FUELHH
2024-02-26T15:30:00Z,Imports & Exports,3236.000,Elexon BMRS FUELHH
2024-02-26T15:30:00Z,Nuclear,3785.000,Elexon BMRS FUELHH
2024-02-26T15:30:00Z,Other,192.000,Elexon BMRS FUELHH
2024-02-26T15:30:00Z,Pumped Storage,558.000,Elexon BMRS FUELHH
2024-02-26T15:30:00Z,Wind,7967.000,Elexon BMRS FUELHH
2024-02-26T16:00:00Z,Biomass,2299.000,Elexon BMRS FUELHH
2024-02-26T16:00:00Z,Coal,343.000,Elexon BMRS FUELHH
2024-02-26T16:00:00Z,Gas,16463.000,Elexon BMRS FUELHH
2024-02-26T16:00:00Z,Hydro,655.000,Elexon BMRS FUELHH
2024-02-26T16:00:00Z,Imports & Exports,4066.000,Elexon BMRS FUELHH
2024-02-26T16:00:00Z,Nuclear,3789.000,Elexon BMRS FUELHH
2024-02-26T16:00:00Z,Other,269.000,Elexon BMRS FUELHH
2024-02-26T16:00:00Z,Pumped Storage,614.000,Elexon BMRS FUELHH
2024-02-26T16:00:00Z,Wind,7873.000,Elexon BMRS FUELHH
2024-02-26T16:30:00Z,Biomass,2300.000,Elexon BMRS FUELHH
2024-02-26T16:30:00Z,Coal,443.000,Elexon BMRS FUELHH
2024-02-26T16:30:00Z,Gas,16676.000,Elexon BMRS FUELHH
2024-02-26T16:30:00Z,Hydro,760.000,Elexon BMRS FUELHH
2024-02-26T16:30:00Z,Imports & Exports,4166.000,Elexon BMRS FUELHH
2024-02-26T16:30:00Z,Nuclear,3788.000,Elexon BMRS FUELHH
2024-02-26T16:30:00Z,Other,474.000,Elexon BMRS FUELHH
2024-02-26T16:30:00Z,Pumped Storage,1506.000,Elexon BMRS FUELHH
2024-02-26T16:30:00Z,Wind,7745.000,Elexon BMRS FUELHH
2024-02-26T17:00:00Z,Biomass,2299.000,Elexon BMRS FUELHH
2024-02-26T17:00:00Z,Coal,481.000,Elexon BMRS FUELHH
2024-02-26T17:00:00Z,Gas,16755.000,Elexon BMRS FUELHH
2024-02-26T17:00:00Z,Hydro,788.000,Elexon BMRS FUELHH
2024-02-26T17:00:00Z,Imports & Exports,5490.000,Elexon BMRS FUELHH
2024-02-26T17:00:00Z,Nuclear,3792.000,Elexon BMRS FUELHH
2024-02-26T17:00:00Z,Other,569.000,Elexon BMRS FUELHH
2024-02-26T17:00:00Z,Pumped Storage,1754.000,Elexon BMRS FUELHH
2024-02-26T17:00:00Z,Wind,7708.000,Elexon BMRS FUELHH
2024-02-26T17:30:00Z,Biomass,2299.000,Elexon BMRS FUELHH
2024-02-26T17:30:00Z,Coal,480.000,Elexon BMRS FUELHH
2024-02-26T17:30:00Z,Gas,17220.000,Elexon BMRS FUELHH
2024-02-26T17:30:00Z,Hydro,849.000,Elexon BMRS FUELHH
2024-02-26T17:30:00Z,Imports & Exports,5616.000,Elexon BMRS FUELHH
2024-02-26T17:30:00Z,Nuclear,3789.000,Elexon BMRS FUELHH
2024-02-26T17:30:00Z,Other,895.000,Elexon BMRS FUELHH
2024-02-26T17:30:00Z,Pumped Storage,2062.000,Elexon BMRS FUELHH
2024-02-26T17:30:00Z,Wind,7607.000,Elexon BMRS FUELHH
2024-02-26T18:00:00Z,Biomass,2298.000,Elexon BMRS FUELHH
2024-02-26T18:00:00Z,Coal,480.000,Elexon BMRS FUELHH
2024-02-26T18:00:00Z,Gas,16926.000,Elexon BMRS FUELHH
2024-02-26T18:00:00Z,Hydro,897.000,Elexon BMRS FUELHH
2024-02-26T18:00:00Z,Imports & Exports,6960.000,Elexon BMRS FUELHH
2024-02-26T18:00:00Z,Nuclear,3795.000,Elexon BMRS FUELHH
2024-02-26T18:00:00Z,Other,1010.000,Elexon BMRS FUELHH
2024-02-26T18:00:00Z,Pumped Storage,1702.000,Elexon BMRS FUELHH
2024-02-26T18:00:00Z,Wind,7461.000,Elexon BMRS FUELHH
2024-02-26T18:30:00Z,Biomass,2298.000,Elexon BMRS FUELHH
2024-02-26T18:30:00Z,Coal,479.000,Elexon BMRS FUELHH
2024-02-26T18:30:00Z,Gas,16709.000,Elexon BMRS FUELHH
2024-02-26T18:30:00Z,Hydro,929.000,Elexon BMRS FUELHH
2024-02-26T18:30:00Z,Imports & Exports,7032.000,Elexon BMRS FUELHH
2024-02-26T18:30:00Z,Nuclear,3792.000,Elexon BMRS FUELHH
2024-02-26T18:30:00Z,Other,1017.000,Elexon BMRS FUELHH
2024-02-26T18:30:00Z,Pumped Storage,1392.000,Elexon BMRS FUELHH
2024-02-26T18:30:00Z,Wind,7570.000,Elexon BMRS FUELHH
2024-02-26T19:00:00Z,Biomass,2299.000,Elexon BMRS FUELHH
2024-02-26T19:00:00Z,Coal,478.000,Elexon BMRS FUELHH
2024-02-26T19:00:00Z,Gas,16503.000,Elexon BMRS FUELHH
2024-02-26T19:00:00Z,Hydro,1027.000,Elexon BMRS FUELHH
2024-02-26T19:00:00Z,Imports & Exports,7210.000,Elexon BMRS FUELHH
2024-02-26T19:00:00Z,Nuclear,3787.000,Elexon BMRS FUELHH
2024-02-26T19:00:00Z,Other,780.000,Elexon BMRS FUELHH
2024-02-26T19:00:00Z,Pumped Storage,1038.000,Elexon BMRS FUELHH
2024-02-26T19:00:00Z,Wind,7655.000,Elexon BMRS FUELHH
2024-02-26T19:30:00Z,Biomass,2300.000,Elexon BMRS FUELHH
2024-02-26T19:30:00Z,Coal,477.000,Elexon BMRS FUELHH
2024-02-26T19:30:00Z,Gas,16451.000,Elexon BMRS FUELHH
2024-02-26T19:30:00Z,Hydro,858.000,Elexon BMRS FUELHH
2024-02-26T19:30:00Z,Imports & Exports,7204.000,Elexon BMRS FUELHH
2024-02-26T19:30:00Z,Nuclear,3784.000,Elexon BMRS FUELHH
2024-02-26T19:30:00Z,Other,573.000,Elexon BMRS FUELHH
2024-02-26T19:30:00Z,Pumped Storage,738.000,Elexon BMRS FUELHH
2024-02-26T19:30:00Z,Wind,7852.000,Elexon BMRS FUELHH
2024-02-26T20:00:00Z,Biomass,2296.000,Elexon BMRS FUELHH
2024-02-26T20:00:00Z,Coal,479.000,Elexon BMRS FUELHH
2024-02-26T20:00:00Z,Gas,16054.000,Elexon BMRS FUELHH
2024-02-26T20:00:00Z,Hydro,766.000,Elexon BMRS FUELHH
2024-02-26T20:00:00Z,Imports & Exports,7132.000,Elexon BMRS FUELHH
2024-02-26T20:00:00Z,Nuclear,3789.000,Elexon BMRS FUELHH
2024-02-26T20:00:00Z,Other,375.000,Elexon BMRS FUELHH
2024-02-26T20:00:00Z,Pumped Storage,354.000,Elexon BMRS FUELHH
2024-02-26T20:00:00Z,Wind,7886.000,Elexon BMRS FUELHH
2024-02-26T20:30:00Z,Biomass,2298.000,Elexon BMRS FUELHH
2024-02-26T20:30:00Z,Coal,478.000,Elexon BMRS FUELHH
2024-02-26T20:30:00Z,Gas,14893.000,Elexon BMRS FUELHH
2024-02-26T20:30:00Z,Hydro,591.000,Elexon BMRS FUELHH
2024-02-26T20:30:00Z,Imports & Exports,7088.000,Elexon BMRS FUELHH
2024-02-26T20:30:00Z,Nuclear,3782.000,Elexon BMRS FUELHH
2024-02-26T20:30:00Z,Other,291.000,Elexon BMRS FUELHH
2024-02-26T20:30:00Z,Pumped Storage,98.000,Elexon BMRS FUELHH
2024-02-26T20:30:00Z,Wind,7816.000,Elexon BMRS FUELHH
2024-02-26T21:00:00Z,Biomass,2297.000,Elexon BMRS FUELHH
2024-02-26T21:00:00Z,Coal,480.000,Elexon BMRS FUELHH
2024-02-26T21:00:00Z,Gas,13520.000,Elexon BMRS FUELHH
2024-02-26T21:00:00Z,Hydro,585.000,Elexon BMRS FUELHH
2024-02-26T21:00:00Z,Imports & Exports,6604.000,Elexon BMRS FUELHH
2024-02-26T21:00:00Z,Nuclear,3787.000,Elexon BMRS FUELHH
2024-02-26T21:00:00Z,Other,275.000,Elexon BMRS FUELHH
2024-02-26T21:00:00Z,Pumped Storage,10.000,Elexon BMRS FUELHH
2024-02-26T21:00:00Z,Wind,7676.000,Elexon BMRS FUELHH
2024-02-26T21:30:00Z,Biomass,2295.000,Elexon BMRS FUELHH
2024-02-26T21:30:00Z,Coal,483.000,Elexon BMRS FUELHH
2024-02-26T21:30:00Z,Gas,12003.000,Elexon BMRS FUELHH
2024-02-26T21:30:00Z,Hydro,554.000,Elexon BMRS FUELHH
2024-02-26T21:30:00Z,Imports & Exports,6578.000,Elexon BMRS FUELHH
2024-02-26T21:30:00Z,Nuclear,3790.000,Elexon BMRS FUELHH
2024-02-26T21:30:00Z,Other,278.000,Elexon BMRS FUELHH
2024-02-26T21:30:00Z,Pumped Storage,-178.000,Elexon BMRS FUELHH
2024-02-26T21:30:00Z,Wind,7967.000,Elexon BMRS FUELHH
2024-02-26T22:00:00Z,Biomass,2299.000,Elexon BMRS FUELHH
2024-02-26T22:00:00Z,Coal,463.000,Elexon BMRS FUELHH
2024-02-26T22:00:00Z,Gas,10354.000,Elexon BMRS FUELHH
2024-02-26T22:00:00Z,Hydro,479.000,Elexon BMRS FUELHH
2024-02-26T22:00:00Z,Imports & Exports,6446.000,Elexon BMRS FUELHH
2024-02-26T22:00:00Z,Nuclear,3789.000,Elexon BMRS FUELHH
2024-02-26T22:00:00Z,Other,309.000,Elexon BMRS FUELHH
2024-02-26T22:00:00Z,Pumped Storage,-286.000,Elexon BMRS FUELHH
2024-02-26T22:00:00Z,Wind,7563.000,Elexon BMRS FUELHH
2024-02-26T22:30:00Z,Biomass,2298.000,Elexon BMRS FUELHH
2024-02-26T22:30:00Z,Coal,475.000,Elexon BMRS FUELHH
2024-02-26T22:30:00Z,Gas,8360.000,Elexon BMRS FUELHH
2024-02-26T22:30:00Z,Hydro,451.000,Elexon BMRS FUELHH
2024-02-26T22:30:00Z,Imports & Exports,6588.000,Elexon BMRS FUELHH
2024-02-26T22:30:00Z,Nuclear,3787.000,Elexon BMRS FUELHH
2024-02-26T22:30:00Z,Other,356.000,Elexon BMRS FUELHH
2024-02-26T22:30:00Z,Pumped Storage,-288.000,Elexon BMRS FUELHH
2024-02-26T22:30:00Z,Wind,7494.000,Elexon BMRS FUELHH
2024-02-26T23:00:00Z,Biomass,2304.000,Elexon BMRS FUELHH
2024-02-26T23:00:00Z,Coal,355.000,Elexon BMRS FUELHH
2024-02-26T23:00:00Z,Gas,7366.000,Elexon BMRS FUELHH
2024-02-26T23:00:00Z,Hydro,423.000,Elexon BMRS FUELHH
2024-02-26T23:00:00Z,Imports & Exports,6080.000,Elexon BMRS FUELHH
2024-02-26T23:00:00Z,Nuclear,3792.000,Elexon BMRS FUELHH
2024-02-26T23:00:00Z,Other,468.000,Elexon BMRS FUELHH
2024-02-26T23:00:00Z,Pumped Storage,-322.000,Elexon BMRS FUELHH
2024-02-26T23:00:00Z,Wind,7499.000,Elexon BMRS FUELHH
2024-02-26T23:30:00Z,Biomass,2330.000,Elexon BMRS FUELHH
2024-02-26T23:30:00Z,Coal,229.000,Elexon BMRS FUELHH
2024-02-26T23:30:00Z,Gas,6697.000,Elexon BMRS FUELHH
2024-02-26T23:30:00Z,Hydro,417.000,Elexon BMRS FUELHH
2024-02-26T23:30:00Z,Imports & Exports,6214.000,Elexon BMRS FUELHH
2024-02-26T23:30:00Z,Nuclear,3788.000,Elexon BMRS FUELHH
2024-02-26T23:30:00Z,Other,342.000,Elexon BMRS FUELHH
2024-02-26T23:30:00Z,Pumped Storage,-266.000,Elexon BMRS FUELHH
2024-02-26T23:30:00Z,Wind,7436.000,Elexon BMRS FUELHH
2024-02-27T00:00:00Z,Biomass,2329.000,Elexon BMRS FUELHH
2024-02-27T00:00:00Z,Coal,229.000,Elexon BMRS FUELHH
2024-02-27T00:00:00Z,Gas,6598.000,Elexon BMRS FUELHH
2024-02-27T00:00:00Z,Hydro,405.000,Elexon BMRS FUELHH
2024-02-27T00:00:00Z,Imports & Exports,6382.000,Elexon BMRS FUELHH
2024-02-27T00:00:00Z,Nuclear,3795.000,Elexon BMRS FUELHH
2024-02-27T00:00:00Z,Other,219.000,Elexon BMRS FUELHH
2024-02-27T00:00:00Z,Pumped Storage,-610.000,Elexon BMRS FUELHH
2024-02-27T00:00:00Z,Wind,7606.000,Elexon BMRS FUELHH
2024-02-27T00:30:00Z,Biomass,2306.000,Elexon BMRS FUELHH
2024-02-27T00:30:00Z,Coal,235.000,Elexon BMRS FUELHH
2024-02-27T00:30:00Z,Gas,6464.000,Elexon BMRS FUELHH
2024-02-27T00:30:00Z,Hydro,395.000,Elexon BMRS FUELHH
2024-02-27T00:30:00Z,Imports & Exports,6476.000,Elexon BMRS FUELHH
2024-02-27T00:30:00Z,Nuclear,3795.000,Elexon BMRS FUELHH
2024-02-27T00:30:00Z,Other,227.000,Elexon BMRS FUELHH
2024-02-27T00:30:00Z,Pumped Storage,-534.000,Elexon BMRS FUELHH
2024-02-27T00:30:00Z,Wind,7741.000,Elexon BMRS FUELHH
2024-02-27T01:00:00Z,Biomass,2300.000,Elexon BMRS FUELHH
2024-02-27T01:00:00Z,Coal,361.000,Elexon BMRS FUELHH
2024-02-27T01:00:00Z,Gas,6599.000,Elexon BMRS FUELHH
2024-02-27T01:00:00Z,Hydro,393.000,Elexon BMRS FUELHH
2024-02-27T01:00:00Z,Imports & Exports,6280.000,Elexon BMRS FUELHH
2024-02-27T01:00:00Z,Nuclear,3796.000,Elexon BMRS FUELHH
2024-02-27T01:00:00Z,Other,250.000,Elexon BMRS FUELHH
2024-02-27T01:00:00Z,Pumped Storage,-1050.000,Elexon BMRS FUELHH
2024-02-27T01:00:00Z,Wind,7888.000,Elexon BMRS FUELHH
2024-02-27T01:30:00Z,Biomass,2299.000,Elexon BMRS FUELHH
2024-02-27T01:30:00Z,Coal,449.000,Elexon BMRS FUELHH
2024-02-27T01:30:00Z,Gas,6122.000,Elexon BMRS FUELHH
2024-02-27T01:30:00Z,Hydro,393.000,Elexon BMRS FUELHH
2024-02-27T01:30:00Z,Imports & Exports,6268.000,Elexon BMRS FUELHH
2024-02-27T01:30:00Z,Nuclear,3792.000,Elexon BMRS FUELHH
2024-02-27T01:30:00Z,Other,224.000,Elexon BMRS FUELHH
2024-02-27T01:30:00Z,Pumped Storage,-1374.000,Elexon BMRS FUELHH
2024-02-27T01:30:00Z,Wind,7890.000,Elexon BMRS FUELHH
2024-02-27T02:00:00Z,Biomass,2299.000,Elexon BMRS FUELHH
2024-02-27T02:00:00Z,Coal,467.000,Elexon BMRS FUELHH
2024-02-27T02:00:00Z,Gas,6642.000,Elexon BMRS FUELHH
2024-02-27T02:00:00Z,Hydro,391.000,Elexon BMRS FUELHH
2024-02-27T02:00:00Z,Imports & Exports,5482.000,Elexon BMRS FUELHH
2024-02-27T02:00:00Z,Nuclear,3792.000,Elexon BMRS FUELHH
2024-02-27T02:00:00Z,Other,291.000,Elexon BMRS FUELHH
2024-02-27T02:00:00Z,Pumped Storage,-1486.000,Elexon BMRS FUELHH
2024-02-27T02:00:00Z,Wind,7847.000,Elexon BMRS FUELHH
2024-02-27T02:30:00Z,Biomass,2300.000,Elexon BMRS FUELHH
2024-02-27T02:30:00Z,Coal,469.000,Elexon BMRS FUELHH
2024-02-27T02:30:00Z,Gas,6551.000,Elexon BMRS FUELHH
2024-02-27T02:30:00Z,Hydro,389.000,Elexon BMRS FUELHH
2024-02-27T02:30:00Z,Imports & Exports,5422.000,Elexon BMRS FUELHH
2024-02-27T02:30:00Z,Nuclear,3791.000,Elexon BMRS FUELHH
2024-02-27T02:30:00Z,Other,240.000,Elexon BMRS FUELHH
2024-02-27T02:30:00Z,Pumped Storage,-1642.000,Elexon BMRS FUELHH
2024-02-27T02:30:00Z,Wind,8145.000,Elexon BMRS FUELHH
2024-02-27T03:00:00Z,Biomass,2306.000,Elexon BMRS FUELHH
2024-02-27T03:00:00Z,Coal,473.000,Elexon BMRS FUELHH
2024-02-27T03:00:00Z,Gas,6897.000,Elexon BMRS FUELHH
2024-02-27T03:00:00Z,Hydro,384.000,Elexon BMRS FUELHH
2024-02-27T03:00:00Z,Imports & Exports,4540.000,Elexon BMRS FUELHH
2024-02-27T03:00:00Z,Nuclear,3790.000,Elexon BMRS FUELHH
2024-02-27T03:00:00Z,Other,221.000,Elexon BMRS FUELHH
2024-02-27T03:00:00Z,Pumped Storage,-1638.000,Elexon BMRS FUELHH
2024-02-27T03:00:00Z,Wind,8261.000,Elexon BMRS FUELHH
2024-02-27T03:30:00Z,Biomass,2319.000,Elexon BMRS FUELHH
2024-02-27T03:30:00Z,Coal,475.000,Elexon BMRS FUELHH
2024-02-27T03:30:00Z,Gas,6845.000,Elexon BMRS FUELHH
2024-02-27T03:30:00Z,Hydro,394.000,Elexon BMRS FUELHH
2024-02-27T03:30:00Z,Imports & Exports,4422.000,Elexon BMRS FUELHH
2024-02-27T03:30:00Z,Nuclear,3783.000,Elexon BMRS FUELHH
2024-02-27T03:30:00Z,Other,222.000,Elexon BMRS FUELHH
2024-02-27T03:30:00Z,Pumped Storage,-1882.000,Elexon BMRS FUELHH
2024-02-27T03:30:00Z,Wind,8236.000,Elexon BMRS FUELHH
2024-02-27T04:00:00Z,Biomass,2315.000,Elexon BMRS FUELHH
2024-02-27T04:00:00Z,Coal,475.000,Elexon BMRS FUELHH
2024-02-27T04:00:00Z,Gas,7514.000,Elexon BMRS FUELHH
2024-02-27T04:00:00Z,Hydro,394.000,Elexon BMRS FUELHH
2024-02-27T04:00:00Z,Imports & Exports,2776.000,Elexon BMRS FUELHH
2024-02-27T04:00:00Z,Nuclear,3777.000,Elexon BMRS FUELHH
2024-02-27T04:00:00Z,Other,253.000,Elexon BMRS FUELHH
2024-02-27T04:00:00Z,Pumped Storage,-1282.000,Elexon BMRS FUELHH
2024-02-27T04:00:00Z,Wind,7818.000,Elexon BMRS FUELHH
2024-02-27T04:30:00Z,Biomass,2317.000,Elexon BMRS FUELHH
2024-02-27T04:30:00Z,Coal,460.000,Elexon BMRS FUELHH
2024-02-27T04:30:00Z,Gas,7716.000,Elexon BMRS FUELHH
2024-02-27T04:30:00Z,Hydro,391.000,Elexon BMRS FUELHH
2024-02-27T04:30:00Z,Imports & Exports,2770.000,Elexon BMRS FUELHH
2024-02-27T04:30:00Z,Nuclear,3780.000,Elexon BMRS FUELHH
2024-02-27T04:30:00Z,Other,219.000,Elexon BMRS FUELHH
2024-02-27T04:30:00Z,Pumped Storage,-1244.000,Elexon BMRS FUELHH
2024-02-27T04:30:00Z,Wind,7961.000,Elexon BMRS FUELHH
2024-02-27T05:00:00Z,Biomass,2302.000,Elexon BMRS FUELHH
2024-02-27T05:00:00Z,Coal,461.000,Elexon BMRS FUELHH
2024-02-27T05:00:00Z,Gas,8117.000,Elexon BMRS FUELHH
2024-02-27T05:00:00Z,Hydro,405.000,Elexon BMRS FUELHH
2024-02-27T05:00:00Z,Imports & Exports,1674.000,Elexon BMRS FUELHH
2024-02-27T05:00:00Z,Nuclear,3779.000,Elexon BMRS FUELHH
2024-02-27T05:00:00Z,Other,266.000,Elexon BMRS FUELHH
2024-02-27T05:00:00Z,Pumped Storage,-418.000,Elexon BMRS FUELHH
2024-02-27T05:00:00Z,Wind,7905.000,Elexon BMRS FUELHH
2024-02-27T05:30:00Z,Biomass,2299.000,Elexon BMRS FUELHH
2024-02-27T05:30:00Z,Coal,479.000,Elexon BMRS FUELHH
2024-02-27T05:30:00Z,Gas,9178.000,Elexon BMRS FUELHH
2024-02-27T05:30:00Z,Hydro,408.000,Elexon BMRS FUELHH
2024-02-27T05:30:00Z,Imports & Exports,1712.000,Elexon BMRS FUELHH
2024-02-27T05:30:00Z,Nuclear,3779.000,Elexon BMRS FUELHH
2024-02-27T05:30:00Z,Other,224.000,Elexon BMRS FUELHH
2024-02-27T05:30:00Z,Pumped Storage,-328.000,Elexon BMRS FUELHH
2024-02-27T05:30:00Z,Wind,8103.000,Elexon BMRS FUELHH
2024-02-27T06:00:00Z,Biomass,2287.000,Elexon BMRS FUELHH
2024-02-27T06:00:00Z,Coal,477.000,Elexon BMRS FUELHH
2024-02-27T06:00:00Z,Gas,12428.000,Elexon BMRS FUELHH
2024-02-27T06:00:00Z,Hydro,459.000,Elexon BMRS FUELHH
2024-02-27T06:00:00Z,Imports & Exports,1062.000,Elexon BMRS FUELHH
2024-02-27T06:00:00Z,Nuclear,3779.000,Elexon BMRS FUELHH
2024-02-27T06:00:00Z,Other,306.000,Elexon BMRS FUELHH
2024-02-27T06:00:00Z,Pumped Storage,-328.000,Elexon BMRS FUELHH
2024-02-27T06:00:00Z,Wind,8138.000,Elexon BMRS FUELHH
2024-02-27T06:30:00Z,Biomass,2287.000,Elexon BMRS FUELHH
2024-02-27T06:30:00Z,Coal,373.000,Elexon BMRS FUELHH
2024-02-27T06:30:00Z,Gas,15091.000,Elexon BMRS FUELHH
2024-02-27T06:30:00Z,Hydro,454.000,Elexon BMRS FUELHH
2024-02-27T06:30:00Z,Imports & Exports,1068.000,Elexon BMRS FUELHH
2024-02-27T06:30:00Z,Nuclear,3780.000,Elexon BMRS FUELHH
2024-02-27T06:30:00Z,Other,297.000,Elexon BMRS FUELHH
2024-02-27T06:30:00Z,Pumped Storage,-246.000,Elexon BMRS FUELHH
2024-02-27T06:30:00Z,Wind,7981.000,Elexon BMRS FUELHH
2024-02-27T07:00:00Z,Biomass,2294.000,Elexon BMRS FUELHH
2024-02-27T07:00:00Z,Coal,377.000,Elexon BMRS FUELHH
2024-02-27T07:00:00Z,Gas,16746.000,Elexon BMRS FUELHH
2024-02-27T07:00:00Z,Hydro,501.000,Elexon BMRS FUELHH
2024-02-27T07:00:00Z,Imports & Exports,1716.000,Elexon BMRS FUELHH
2024-02-27T07:00:00Z,Nuclear,3777.000,Elexon BMRS FUELHH
2024-02-27T07:00:00Z,Other,328.000,Elexon BMRS FUELHH
2024-02-27T07:00:00Z,Pumped Storage,-26.000,Elexon BMRS FUELHH
2024-02-27T07:00:00Z,Wind,8151.000,Elexon BMRS FUELHH
2024-02-27T07:30:00Z,Biomass,2297.000,Elexon BMRS FUELHH
2024-02-27T07:30:00Z,Coal,468.000,Elexon BMRS FUELHH
2024-02-27T07:30:00Z,Gas,17143.000,Elexon BMRS FUELHH
2024-02-27T07:30:00Z,Hydro,652.000,Elexon BMRS FUELHH
2024-02-27T07:30:00Z,Imports & Exports,1566.000,Elexon BMRS FUELHH
2024-02-27T07:30:00Z,Nuclear,3782.000,Elexon BMRS FUELHH
2024-02-27T07:30:00Z,Other,568.000,Elexon BMRS FUELHH
2024-02-27T07:30:00Z,Pumped Storage,-106.000,Elexon BMRS FUELHH
2024-02-27T07:30:00Z,Wind,8389.000,Elexon BMRS FUELHH
2024-02-27T08:00:00Z,Biomass,2299.000,Elexon BMRS FUELHH
2024-02-27T08:00:00Z,Coal,483.000,Elexon BMRS FUELHH
2024-02-27T08:00:00Z,Gas,17512.000,Elexon BMRS FUELHH
2024-02-27T08:00:00Z,Hydro,643.000,Elexon BMRS FUELHH
2024-02-27T08:00:00Z,Imports & Exports,2602.000,Elexon BMRS FUELHH
2024-02-27T08:00:00Z,Nuclear,3776.000,Elexon BMRS FUELHH
2024-02-27T08:00:00Z,Other,596.000,Elexon BMRS FUELHH
2024-02-27T08:00:00Z,Pumped Storage,-104.000,Elexon BMRS FUELHH
2024-02-27T08:00:00Z,Wind,8459.000,Elexon BMRS FUELHH
2024-02-27T08:30:00Z,Biomass,2301.000,Elexon BMRS FUELHH
2024-02-27T08:30:00Z,Coal,479.000,Elexon BMRS FUELHH
2024-02-27T08:30:00Z,Gas,17731.000,Elexon BMRS FUELHH
2024-02-27T08:30:00Z,Hydro,598.000,Elexon BMRS FUELHH
2024-02-27T08:30:00Z,Imports & Exports,2576.000,Elexon BMRS FUELHH
2024-02-27T08:30:00Z,Nuclear,3785.000,Elexon BMRS FUELHH
2024-02-27T08:30:00Z,Other,604.000,Elexon BMRS FUELHH
2024-02-27T08:30:00Z,Pumped Storage,-322.000,Elexon BMRS FUELHH
2024-02-27T08:30:00Z,Wind,8537.000,Elexon BMRS FUELHH
2024-02-27T09:00:00Z,Biomass,2311.000,Elexon BMRS FUELHH
2024-02-27T09:00:00Z,Coal,474.000,Elexon BMRS FUELHH
2024-02-27T09:00:00Z,Gas,17368.000,Elexon BMRS FUELHH
2024-02-27T09:00:00Z,Hydro,475.000,Elexon BMRS FUELHH
2024-02-27T09:00:00Z,Imports & Exports,3210.000,Elexon BMRS FUELHH
2024-02-27T09:00:00Z,Nuclear,3788.000,Elexon BMRS FUELHH
2024-02-27T09:00:00Z,Other,407.000,Elexon BMRS FUELHH
2024-02-27T09:00:00Z,Pumped Storage,-262.000,Elexon BMRS FUELHH
2024-02-27T09:00:00Z,Wind,8940.000,Elexon BMRS FUELHH
2024-02-27T09:30:00Z,Biomass,2304.000,Elexon BMRS FUELHH
2024-02-27T09:30:00Z,Coal,468.000,Elexon BMRS FUELHH
2024-02-27T09:30:00Z,Gas,16836.000,Elexon BMRS FUELHH
2024-02-27T09:30:00Z,Hydro,492.000,Elexon BMRS FUELHH
2024-02-27T09:30:00Z,Imports & Exports,3082.000,Elexon BMRS FUELHH
2024-02-27T09:30:00Z,Nuclear,3792.000,Elexon BMRS FUELHH
2024-02-27T09:30:00Z,Other,390.000,Elexon BMRS FUELHH
2024-02-27T09:30:00Z,Pumped Storage,-158.000,Elexon BMRS FUELHH
2024-02-27T09:30:00Z,Wind,9273.000,Elexon BMRS FUELHH
2024-02-27T10:00:00Z,Biomass,2296.000,Elexon BMRS FUELHH
2024-02-27T10:00:00Z,Coal,457.000,Elexon BMRS FUELHH
2024-02-27T10:00:00Z,Gas,16163.000,Elexon BMRS FUELHH
2024-02-27T10:00:00Z,Hydro,472.000,Elexon BMRS FUELHH
2024-02-27T10:00:00Z,Imports & Exports,3536.000,Elexon BMRS FUELHH
2024-02-27T10:00:00Z,Nuclear,3797.000,Elexon BMRS FUELHH
2024-02-27T10:00:00Z,Other,227.000,Elexon BMRS FUELHH
2024-02-27T10:00:00Z,Pumped Storage,-172.000,Elexon BMRS FUELHH
2024-02-27T10:00:00Z,Wind,9534.000,Elexon BMRS FUELHH
2024-02-27T10:30:00Z,Biomass,2298.000,Elexon BMRS FUELHH
2024-02-27T10:30:00Z,Coal,464.000,Elexon BMRS FUELHH
2024-02-27T10:30:00Z,Gas,15452.000,Elexon BMRS FUELHH
2024-02-27T10:30:00Z,Hydro,479.000,Elexon BMRS FUELHH
2024-02-27T10:30:00Z,Imports & Exports,3480.000,Elexon BMRS FUELHH
2024-02-27T10:30:00Z,Nuclear,3794.000,Elexon BMRS FUELHH
2024-02-27T10:30:00Z,Other,229.000,Elexon BMRS FUELHH
2024-02-27T10:30:00Z,Pumped Storage,-170.000,Elexon BMRS FUELHH
2024-02-27T10:30:00Z,Wind,9600.000,Elexon BMRS FUELHH
2024-02-27T11:00:00Z,Biomass,2295.000,Elexon BMRS FUELHH
2024-02-27T11:00:00Z,Coal,360.000,Elexon BMRS FUELHH
2024-02-27T11:00:00Z,Gas,15280.000,Elexon BMRS FUELHH
2024-02-27T11:00:00Z,Hydro,442.000,Elexon BMRS FUELHH
2024-02-27T11:00:00Z,Imports & Exports,3762.000,Elexon BMRS FUELHH
2024-02-27T11:00:00Z,Nuclear,3796.000,Elexon BMRS FUELHH
2024-02-27T11:00:00Z,Other,250.000,Elexon BMRS FUELHH
2024-02-27T11:00:00Z,Pumped Storage,-168.000,Elexon BMRS FUELHH
2024-02-27T11:00:00Z,Wind,9591.000,Elexon BMRS FUELHH
2024-02-27T11:30:00Z,Biomass,2296.000,Elexon BMRS FUELHH
2024-02-27T11:30:00Z,Coal,232.000,Elexon BMRS FUELHH
2024-02-27T11:30:00Z,Gas,14653.000,Elexon BMRS FUELHH
2024-02-27T11:30:00Z,Hydro,444.000,Elexon BMRS FUELHH
2024-02-27T11:30:00Z,Imports & Exports,3848.000,Elexon BMRS FUELHH
2024-02-27T11:30:00Z,Nuclear,3799.000,Elexon BMRS FUELHH
2024-02-27T11:30:00Z,Other,227.000,Elexon BMRS FUELHH
2024-02-27T11:30:00Z,Pumped Storage,-168.000,Elexon BMRS FUELHH
2024-02-27T11:30:00Z,Wind,10589.000,Elexon BMRS FUELHH
2024-02-27T12:00:00Z,Biomass,2295.000,Elexon BMRS FUELHH
2024-02-27T12:00:00Z,Coal,265.000,Elexon BMRS FUELHH
2024-02-27T12:00:00Z,Gas,14060.000,Elexon BMRS FUELHH
2024-02-27T12:00:00Z,Hydro,482.000,Elexon BMRS FUELHH
2024-02-27T12:00:00Z,Imports & Exports,3584.000,Elexon BMRS FUELHH
2024-02-27T12:00:00Z,Nuclear,3795.000,Elexon BMRS FUELHH
2024-02-27T12:00:00Z,Other,198.000,Elexon BMRS FUELHH
2024-02-27T12:00:00Z,Pumped Storage,-168.000,Elexon BMRS FUELHH
2024-02-27T12:00:00Z,Wind,10994.000,Elexon BMRS FUELHH
2024-02-27T12:30:00Z,Biomass,2296.000,Elexon BMRS FUELHH
2024-02-27T12:30:00Z,Coal,285.000,Elexon BMRS FUELHH
2024-02-27T12:30:00Z,Gas,13397.000,Elexon BMRS FUELHH
2024-02-27T12:30:00Z,Hydro,454.000,Elexon BMRS FUELHH
2024-02-27T12:30:00Z,Imports & Exports,3554.000,Elexon BMRS FUELHH
2024-02-27T12:30:00Z,Nuclear,3788.000,Elexon BMRS FUELHH
2024-02-27T12:30:00Z,Other,194.000,Elexon BMRS FUELHH
2024-02-27T12:30:00Z,Pumped Storage,-168.000,Elexon BMRS FUELHH
2024-02-27T12:30:00Z,Wind,11129.000,Elexon BMRS FUELHH
2024-02-27T13:00:00Z,Biomass,2297.000,Elexon BMRS FUELHH
2024-02-27T13:00:00Z,Coal,290.000,Elexon BMRS FUELHH
2024-02-27T13:00:00Z,Gas,13379.000,Elexon BMRS FUELHH
2024-02-27T13:00:00Z,Hydro,451.000,Elexon BMRS FUELHH
2024-02-27T13:00:00Z,Imports & Exports,2602.000,Elexon BMRS FUELHH
2024-02-27T13:00:00Z,Nuclear,3785.000,Elexon BMRS FUELHH
2024-02-27T13:00:00Z,Other,201.000,Elexon BMRS FUELHH
2024-02-27T13:00:00Z,Pumped Storage,-166.000,Elexon BMRS FUELHH
2024-02-27T13:00:00Z,Wind,11549.000,Elexon BMRS FUELHH
2024-02-27T13:30:00Z,Biomass,2297.000,Elexon BMRS FUELHH
2024-02-27T13:30:00Z,Coal,275.000,Elexon BMRS FUELHH
2024-02-27T13:30:00Z,Gas,12906.000,Elexon BMRS FUELHH
2024-02-27T13:30:00Z,Hydro,459.000,Elexon BMRS FUELHH
2024-02-27T13:30:00Z,Imports & Exports,2414.000,Elexon BMRS FUELHH
2024-02-27T13:30:00Z,Nuclear,3783.000,Elexon BMRS FUELHH
2024-02-27T13:30:00Z,Other,229.000,Elexon BMRS FUELHH
2024-02-27T13:30:00Z,Pumped Storage,-166.000,Elexon BMRS FUELHH
2024-02-27T13:30:00Z,Wind,11584.000,Elexon BMRS FUELHH
2024-02-27T14:00:00Z,Biomass,2302.000,Elexon BMRS FUELHH
2024-02-27T14:00:00Z,Coal,412.000,Elexon BMRS FUELHH
2024-02-27T14:00:00Z,Gas,13940.000,Elexon BMRS FUELHH
2024-02-27T14:00:00Z,Hydro,450.000,Elexon BMRS FUELHH
2024-02-27T14:00:00Z,Imports & Exports,1164.000,Elexon BMRS FUELHH
2024-02-27T14:00:00Z,Nuclear,3779.000,Elexon BMRS FUELHH
2024-02-27T14:00:00Z,Other,341.000,Elexon BMRS FUELHH
2024-02-27T14:00:00Z,Pumped Storage,-96.000,Elexon BMRS FUELHH
2024-02-27T14:00:00Z,Wind,11251.000,Elexon BMRS FUELHH
2024-02-27T14:30:00Z,Biomass,2299.000,Elexon BMRS FUELHH
2024-02-27T14:30:00Z,Coal,471.000,Elexon BMRS FUELHH
2024-02-27T14:30:00Z,Gas,14822.000,Elexon BMRS FUELHH
2024-02-27T14:30:00Z,Hydro,458.000,Elexon BMRS FUELHH
2024-02-27T14:30:00Z,Imports & Exports,946.000,Elexon BMRS FUELHH
2024-02-27T14:30:00Z,Nuclear,3778.000,Elexon BMRS FUELHH
2024-02-27T14:30:00Z,Other,305.000,Elexon BMRS FUELHH
2024-02-27T14:30:00Z,Pumped Storage,-122.000,Elexon BMRS FUELHH
2024-02-27T14:30:00Z,Wind,10875.000,Elexon BMRS FUELHH
2024-02-27T15:00:00Z,Biomass,2288.000,Elexon BMRS FUELHH
2024-02-27T15:00:00Z,Coal,475.000,Elexon BMRS FUELHH
2024-02-27T15:00:00Z,Gas,15899.000,Elexon BMRS FUELHH
2024-02-27T15:00:00Z,Hydro,457.000,Elexon BMRS FUELHH
2024-02-27T15:00:00Z,Imports & Exports,514.000,Elexon BMRS FUELHH
2024-02-27T15:00:00Z,Nuclear,3782.000,Elexon BMRS FUELHH
2024-02-27T15:00:00Z,Other,175.000,Elexon BMRS FUELHH
2024-02-27T15:00:00Z,Pumped Storage,-164.000,Elexon BMRS FUELHH
2024-02-27T15:00:00Z,Wind,10940.000,Elexon BMRS FUELHH
2024-02-27T15:30:00Z,Biomass,2291.000,Elexon BMRS FUELHH
2024-02-27T15:30:00Z,Coal,478.000,Elexon BMRS FUELHH
2024-02-27T15:30:00Z,Gas,17083.000,Elexon BMRS FUELHH
2024-02-27T15:30:00Z,Hydro,465.000,Elexon BMRS FUELHH
2024-02-27T15:30:00Z,Imports & Exports,398.000,Elexon BMRS FUELHH
2024-02-27T15:30:00Z,Nuclear,3778.000,Elexon BMRS FUELHH
2024-02-27T15:30:00Z,Other,164.000,Elexon BMRS FUELHH
2024-02-27T15:30:00Z,Pumped Storage,44.000,Elexon BMRS FUELHH
2024-02-27T15:30:00Z,Wind,10770.000,Elexon BMRS FUELHH
2024-02-27T16:00:00Z,Biomass,2286.000,Elexon BMRS FUELHH
2024-02-27T16:00:00Z,Coal,468.000,Elexon BMRS FUELHH
2024-02-27T16:00:00Z,Gas,17650.000,Elexon BMRS FUELHH
2024-02-27T16:00:00Z,Hydro,473.000,Elexon BMRS FUELHH
2024-02-27T16:00:00Z,Imports & Exports,90.000,Elexon BMRS FUELHH
2024-02-27T16:00:00Z,Nuclear,3786.000,Elexon BMRS FUELHH
2024-02-27T16:00:00Z,Other,250.000,Elexon BMRS FUELHH
2024-02-27T16:00:00Z,Pumped Storage,1048.000,Elexon BMRS FUELHH
2024-02-27T16:00:00Z,Wind,10701.000,Elexon BMRS FUELHH
2024-02-27T16:30:00Z,Biomass,2308.000,Elexon BMRS FUELHH
2024-02-27T16:30:00Z,Coal,479.000,Elexon BMRS FUELHH
2024-02-27T16:30:00Z,Gas,18151.000,Elexon BMRS FUELHH
2024-02-27T16:30:00Z,Hydro,524.000,Elexon BMRS FUELHH
2024-02-27T16:30:00Z,Imports & Exports,162.000,Elexon BMRS FUELHH
2024-02-27T16:30:00Z,Nuclear,3779.000,Elexon BMRS FUELHH
2024-02-27T16:30:00Z,Other,359.000,Elexon BMRS FUELHH
2024-02-27T16:30:00Z,Pumped Storage,1096.000,Elexon BMRS FUELHH
2024-02-27T16:30:00Z,Wind,10667.000,Elexon BMRS FUELHH
2024-02-27T17:00:00Z,Biomass,2292.000,Elexon BMRS FUELHH
2024-02-27T17:00:00Z,Coal,472.000,Elexon BMRS FUELHH
2024-02-27T17:00:00Z,Gas,18329.000,Elexon BMRS FUELHH
2024-02-27T17:00:00Z,Hydro,736.000,Elexon BMRS FUELHH
2024-02-27T17:00:00Z,Imports & Exports,-288.000,Elexon BMRS FUELHH
2024-02-27T17:00:00Z,Nuclear,3787.000,Elexon BMRS FUELHH
2024-02-27T17:00:00Z,Other,813.000,Elexon BMRS FUELHH
2024-02-27T17:00:00Z,Pumped Storage,1526.000,Elexon BMRS FUELHH
2024-02-27T17:00:00Z,Wind,10815.000,Elexon BMRS FUELHH
2024-02-27T17:30:00Z,Biomass,2305.000,Elexon BMRS FUELHH
2024-02-27T17:30:00Z,Coal,475.000,Elexon BMRS FUELHH
2024-02-27T17:30:00Z,Gas,18391.000,Elexon BMRS FUELHH
2024-02-27T17:30:00Z,Hydro,766.000,Elexon BMRS FUELHH
2024-02-27T17:30:00Z,Imports & Exports,-312.000,Elexon BMRS FUELHH
2024-02-27T17:30:00Z,Nuclear,3789.000,Elexon BMRS FUELHH
2024-02-27T17:30:00Z,Other,1160.000,Elexon BMRS FUELHH
2024-02-27T17:30:00Z,Pumped Storage,1686.000,Elexon BMRS FUELHH
2024-02-27T17:30:00Z,Wind,10715.000,Elexon BMRS FUELHH
2024-02-27T18:00:00Z,Biomass,2294.000,Elexon BMRS FUELHH
2024-02-27T18:00:00Z,Coal,470.000,Elexon BMRS FUELHH
2024-02-27T18:00:00Z,Gas,18192.000,Elexon BMRS FUELHH
2024-02-27T18:00:00Z,Hydro,766.000,Elexon BMRS FUELHH
2024-02-27T18:00:00Z,Imports & Exports,330.000,Elexon BMRS FUELHH
2024-02-27T18:00:00Z,Nuclear,3794.000,Elexon BMRS FUELHH
2024-02-27T18:00:00Z,Other,1725.000,Elexon BMRS FUELHH
2024-02-27T18:00:00Z,Pumped Storage,1728.000,Elexon BMRS FUELHH
2024-02-27T18:00:00Z,Wind,10934.000,Elexon BMRS FUELHH
2024-02-27T18:30:00Z,Biomass,2319.000,Elexon BMRS FUELHH
2024-02-27T18:30:00Z,Coal,374.000,Elexon BMRS FUELHH
2024-02-27T18:30:00Z,Gas,17922.000,Elexon BMRS FUELHH
2024-02-27T18:30:00Z,Hydro,770.000,Elexon BMRS FUELHH
2024-02-27T18:30:00Z,Imports & Exports,400.000,Elexon BMRS FUELHH
2024-02-27T18:30:00Z,Nuclear,3789.000,Elexon BMRS FUELHH
2024-02-27T18:30:00Z,Other,1484.000,Elexon BMRS FUELHH
2024-02-27T18:30:00Z,Pumped Storage,1720.000,Elexon BMRS FUELHH
2024-02-27T18:30:00Z,Wind,10963.000,Elexon BMRS FUELHH
2024-02-27T19:00:00Z,Biomass,2308.000,Elexon BMRS FUELHH
2024-02-27T19:00:00Z,Coal,400.000,Elexon BMRS FUELHH
2024-02-27T19:00:00Z,Gas,18574.000,Elexon BMRS FUELHH
2024-02-27T19:00:00Z,Hydro,768.000,Elexon BMRS FUELHH
2024-02-27T19:00:00Z,Imports & Exports,416.000,Elexon BMRS FUELHH
2024-02-27T19:00:00Z,Nuclear,3792.000,Elexon BMRS FUELHH
2024-02-27T19:00:00Z,Other,904.000,Elexon BMRS FUELHH
2024-02-27T19:00:00Z,Pumped Storage,1914.000,Elexon BMRS FUELHH
2024-02-27T19:00:00Z,Wind,10566.000,Elexon BMRS FUELHH
2024-02-27T19:30:00Z,Biomass,2282.000,Elexon BMRS FUELHH
2024-02-27T19:30:00Z,Coal,472.000,Elexon BMRS FUELHH
2024-02-27T19:30:00Z,Gas,19145.000,Elexon BMRS FUELHH
2024-02-27T19:30:00Z,Hydro,803.000,Elexon BMRS FUELHH
2024-02-27T19:30:00Z,Imports & Exports,380.000,Elexon BMRS FUELHH
2024-02-27T19:30:00Z,Nuclear,3792.000,Elexon BMRS FUELHH
2024-02-27T19:30:00Z,Other,635.000,Elexon BMRS FUELHH
2024-02-27T19:30:00Z,Pumped Storage,1298.000,Elexon BMRS FUELHH
2024-02-27T19:30:00Z,Wind,10276.000,Elexon BMRS FUELHH
2024-02-27T20:00:00Z,Biomass,2291.000,Elexon BMRS FUELHH
2024-02-27T20:00:00Z,Coal,479.000,Elexon BMRS FUELHH
2024-02-27T20:00:00Z,Gas,19396.000,Elexon BMRS FUELHH
2024-02-27T20:00:00Z,Hydro,806.000,Elexon BMRS FUELHH
2024-02-27T20:00:00Z,Imports & Exports,-334.000,Elexon BMRS FUELHH
2024-02-27T20:00:00Z,Nuclear,3789.000,Elexon BMRS FUELHH
2024-02-27T20:00:00Z,Other,544.000,Elexon BMRS FUELHH
2024-02-27T20:00:00Z,Pumped Storage,310.000,Elexon BMRS FUELHH
2024-02-27T20:00:00Z,Wind,10364.000,Elexon BMRS FUELHH
2024-02-27T20:30:00Z,Biomass,2301.000,Elexon BMRS FUELHH
2024-02-27T20:30:00Z,Coal,329.000,Elexon BMRS FUELHH
2024-02-27T20:30:00Z,Gas,19007.000,Elexon BMRS FUELHH
2024-02-27T20:30:00Z,Hydro,719.000,Elexon BMRS FUELHH
2024-02-27T20:30:00Z,Imports & Exports,-356.000,Elexon BMRS FUELHH
2024-02-27T20:30:00Z,Nuclear,3787.000,Elexon BMRS FUELHH
2024-02-27T20:30:00Z,Other,358.000,Elexon BMRS FUELHH
2024-02-27T20:30:00Z,Pumped Storage,48.000,Elexon BMRS FUELHH
2024-02-27T20:30:00Z,Wind,9906.000,Elexon BMRS FUELHH
2024-02-27T21:00:00Z,Biomass,2307.000,Elexon BMRS FUELHH
2024-02-27T21:00:00Z,Coal,10.000,Elexon BMRS FUELHH
2024-02-27T21:00:00Z,Gas,17979.000,Elexon BMRS FUELHH
2024-02-27T21:00:00Z,Hydro,692.000,Elexon BMRS FUELHH
2024-02-27T21:00:00Z,Imports & Exports,-154.000,Elexon BMRS FUELHH
2024-02-27T21:00:00Z,Nuclear,3782.000,Elexon BMRS FUELHH
2024-02-27T21:00:00Z,Other,214.000,Elexon BMRS FUELHH
2024-02-27T21:00:00Z,Pumped Storage,156.000,Elexon BMRS FUELHH
2024-02-27T21:00:00Z,Wind,9579.000,Elexon BMRS FUELHH
2024-02-27T21:30:00Z,Biomass,2309.000,Elexon BMRS FUELHH
2024-02-27T21:30:00Z,Coal,0.000,Elexon BMRS FUELHH
2024-02-27T21:30:00Z,Gas,16642.000,Elexon BMRS FUELHH
2024-02-27T21:30:00Z,Hydro,589.000,Elexon BMRS FUELHH
2024-02-27T21:30:00Z,Imports & Exports,-126.000,Elexon BMRS FUELHH
2024-02-27T21:30:00Z,Nuclear,3785.000,Elexon BMRS FUELHH
2024-02-27T21:30:00Z,Other,173.000,Elexon BMRS FUELHH
2024-02-27T21:30:00Z,Pumped Storage,-14.000,Elexon BMRS FUELHH
2024-02-27T21:30:00Z,Wind,9477.000,Elexon BMRS FUELHH
2024-02-27T22:00:00Z,Biomass,2316.000,Elexon BMRS FUELHH
2024-02-27T22:00:00Z,Coal,0.000,Elexon BMRS FUELHH
2024-02-27T22:00:00Z,Gas,14265.000,Elexon BMRS FUELHH
2024-02-27T22:00:00Z,Hydro,541.000,Elexon BMRS FUELHH
2024-02-27T22:00:00Z,Imports & Exports,492.000,Elexon BMRS FUELHH
2024-02-27T22:00:00Z,Nuclear,3779.000,Elexon BMRS FUELHH
2024-02-27T22:00:00Z,Other,183.000,Elexon BMRS FUELHH
2024-02-27T22:00:00Z,Pumped Storage,-14.000,Elexon BMRS FUELHH
2024-02-27T22:00:00Z,Wind,9213.000,Elexon BMRS FUELHH
2024-02-27T22:30:00Z,Biomass,2318.000,Elexon BMRS FUELHH
2024-02-27T22:30:00Z,Coal,0.000,Elexon BMRS FUELHH
2024-02-27T22:30:00Z,Gas,13312.000,Elexon BMRS FUELHH
2024-02-27T22:30:00Z,Hydro,533.000,Elexon BMRS FUELHH
2024-02-27T22:30:00Z,Imports & Exports,446.000,Elexon BMRS FUELHH
2024-02-27T22:30:00Z,Nuclear,3778.000,Elexon BMRS FUELHH
2024-02-27T22:30:00Z,Other,196.000,Elexon BMRS FUELHH
2024-02-27T22:30:00Z,Pumped Storage,108.000,Elexon BMRS FUELHH
2024-02-27T22:30:00Z,Wind,8481.000,Elexon BMRS FUELHH
2024-02-27T23:00:00Z,Biomass,2322.000,Elexon BMRS FUELHH
2024-02-27T23:00:00Z,Coal,0.000,Elexon BMRS FUELHH
2024-02-27T23:00:00Z,Gas,12062.000,Elexon BMRS FUELHH
2024-02-27T23:00:00Z,Hydro,503.000,Elexon BMRS FUELHH
2024-02-27T23:00:00Z,Imports & Exports,484.000,Elexon BMRS FUELHH
2024-02-27T23:00:00Z,Nuclear,3778.000,Elexon BMRS FUELHH
2024-02-27T23:00:00Z,Other,249.000,Elexon BMRS FUELHH
2024-02-27T23:00:00Z,Pumped Storage,50.000,Elexon BMRS FUELHH
2024-02-27T23:00:00Z,Wind,7950.000,Elexon BMRS FUELHH
2024-02-27T23:30:00Z,Biomass,2319.000,Elexon BMRS FUELHH
2024-02-27T23:30:00Z,Coal,0.000,Elexon BMRS FUELHH
2024-02-27T23:30:00Z,Gas,11383.000,Elexon BMRS FUELHH
2024-02-27T23:30:00Z,Hydro,490.000,Elexon BMRS FUELHH
2024-02-27T23:30:00Z,Imports & Exports,566.000,Elexon BMRS FUELHH
2024-02-27T23:30:00Z,Nuclear,3781.000,Elexon BMRS FUELHH
2024-02-27T23:30:00Z,Other,176.000,Elexon BMRS FUELHH
2024-02-27T23:30:00Z,Pumped Storage,-14.000,Elexon BMRS FUELHH
2024-02-27T23:30:00Z,Wind,7765.000,Elexon BMRS FUELHH
2024-02-28T00:00:00Z,Biomass,2325.000,Elexon BMRS FUELHH
2024-02-28T00:00:00Z,Coal,0.000,Elexon BMRS FUELHH
2024-02-28T00:00:00Z,Gas,11061.000,Elexon BMRS FUELHH
2024-02-28T00:00:00Z,Hydro,445.000,Elexon BMRS FUELHH
2024-02-28T00:00:00Z,Imports & Exports,1440.000,Elexon BMRS FUELHH
2024-02-28T00:00:00Z,Nuclear,3774.000,Elexon BMRS FUELHH
2024-02-28T00:00:00Z,Other,174.000,Elexon BMRS FUELHH
2024-02-28T00:00:00Z,Pumped Storage,256.000,Elexon BMRS FUELHH
2024-02-28T00:00:00Z,Wind,7416.000,Elexon BMRS FUELHH
2024-02-28T00:30:00Z,Biomass,2310.000,Elexon BMRS FUELHH
2024-02-28T00:30:00Z,Coal,0.000,Elexon BMRS FUELHH
2024-02-28T00:30:00Z,Gas,11540.000,Elexon BMRS FUELHH
2024-02-28T00:30:00Z,Hydro,436.000,Elexon BMRS FUELHH
2024-02-28T00:30:00Z,Imports & Exports,1666.000,Elexon BMRS FUELHH
2024-02-28T00:30:00Z,Nuclear,3781.000,Elexon BMRS FUELHH
2024-02-28T00:30:00Z,Other,240.000,Elexon BMRS FUELHH
2024-02-28T00:30:00Z,Pumped Storage,110.000,Elexon BMRS FUELHH
2024-02-28T00:30:00Z,Wind,6925.000,Elexon BMRS FUELHH
2024-02-28T01:00:00Z,Biomass,2307.000,Elexon BMRS FUELHH
2024-02-28T01:00:00Z,Coal,0.000,Elexon BMRS FUELHH
2024-02-28T01:00:00Z,Gas,11163.000,Elexon BMRS FUELHH
2024-02-28T01:00:00Z,Hydro,439.000,Elexon BMRS FUELHH
2024-02-28T01:00:00Z,Imports & Exports,2456.000,Elexon BMRS FUELHH
2024-02-28T01:00:00Z,Nuclear,3778.000,Elexon BMRS FUELHH
2024-02-28T01:00:00Z,Other,190.000,Elexon BMRS FUELHH
2024-02-28T01:00:00Z,Pumped Storage,-156.000,Elexon BMRS FUELHH
2024-02-28T01:00:00Z,Wind,6678.000,Elexon BMRS FUELHH
2024-02-28T01:30:00Z,Biomass,2318.000,Elexon BMRS FUELHH
2024-02-28T01:30:00Z,Coal,0.000,Elexon BMRS FUELHH
2024-02-28T01:30:00Z,Gas,11408.000,Elexon BMRS FUELHH
2024-02-28T01:30:00Z,Hydro,439.000,Elexon BMRS FUELHH
2024-02-28T01:30:00Z,Imports & Exports,2502.000,Elexon BMRS FUELHH
2024-02-28T01:30:00Z,Nuclear,3780.000,Elexon BMRS FUELHH
2024-02-28T01:30:00Z,Other,182.000,Elexon BMRS FUELHH
2024-02-28T01:30:00Z,Pumped Storage,-652.000,Elexon BMRS FUELHH
2024-02-28T01:30:00Z,Wind,6259.000,Elexon BMRS FUELHH
2024-02-28T02:00:00Z,Biomass,2322.000,Elexon BMRS FUELHH
2024-02-28T02:00:00Z,Coal,0.000,Elexon BMRS FUELHH
2024-02-28T02:00:00Z,Gas,11501.000,Elexon BMRS FUELHH
2024-02-28T02:00:00Z,Hydro,439.000,Elexon BMRS FUELHH
2024-02-28T02:00:00Z,Imports & Exports,2770.000,Elexon BMRS FUELHH
2024-02-28T02:00:00Z,Nuclear,3780.000,Elexon BMRS FUELHH
2024-02-28T02:00:00Z,Other,191.000,Elexon BMRS FUELHH
2024-02-28T02:00:00Z,Pumped Storage,-1114.000,Elexon BMRS FUELHH
2024-02-28T02:00:00Z,Wind,5694.000,Elexon BMRS FUELHH
2024-02-28T02:30:00Z,Biomass,2323.000,Elexon BMRS FUELHH
2024-02-28T02:30:00Z,Coal,0.000,Elexon BMRS FUELHH
2024-02-28T02:30:00Z,Gas,11476.000,Elexon BMRS FUELHH
2024-02-28T02:30:00Z,Hydro,420.000,Elexon BMRS FUELHH
2024-02-28T02:30:00Z,Imports & Exports,2916.000,Elexon BMRS FUELHH
2024-02-28T02:30:00Z,Nuclear,3787.000,Elexon BMRS FUELHH
2024-02-28T02:30:00Z,Other,168.000,Elexon BMRS FUELHH
2024-02-28T02:30:00Z,Pumped Storage,-1570.000,Elexon BMRS FUELHH
2024-02-28T02:30:00Z,Wind,5697.000,Elexon BMRS FUELHH
2024-02-28T03:00:00Z,Biomass,2322.000,Elexon BMRS FUELHH
2024-02-28T03:00:00Z,Coal,0.000,Elexon BMRS FUELHH
2024-02-28T03:00:00Z,Gas,10947.000,Elexon BMRS FUELHH
2024-02-28T03:00:00Z,Hydro,419.000,Elexon BMRS FUELHH
2024-02-28T03:00:00Z,Imports & Exports,2948.000,Elexon BMRS FUELHH
2024-02-28T03:00:00Z,Nuclear,3789.000,Elexon BMRS FUELHH
2024-02-28T03:00:00Z,Other,166.000,Elexon BMRS FUELHH
2024-02-28T03:00:00Z,Pumped Storage,-1736.000,Elexon BMRS FUELHH
2024-02-28T03:00:00Z,Wind,6155.000,Elexon BMRS FUELHH
2024-02-28T03:30:00Z,Biomass,2330.000,Elexon BMRS FUELHH
2024-02-28T03:30:00Z,Coal,0.000,Elexon BMRS FUELHH
2024-02-28T03:30:00Z,Gas,10704.000,Elexon BMRS FUELHH
2024-02-28T03:30:00Z,Hydro,419.000,Elexon BMRS FUELHH
2024-02-28T03:30:00Z,Imports & Exports,2980.000,Elexon BMRS FUELHH
2024-02-28T03:30:00Z,Nuclear,3786.000,Elexon BMRS FUELHH
2024-02-28T03:30:00Z,Other,208.000,Elexon BMRS FUELHH
2024-02-28T03:30:00Z,Pumped Storage,-1846.000,Elexon BMRS FUELHH
2024-02-28T03:30:00Z,Wind,6053.000,Elexon BMRS FUELHH
2024-02-28T04:00:00Z,Biomass,2331.000,Elexon BMRS FUELHH
2024-02-28T04:00:00Z,Coal,0.000,Elexon BMRS FUELHH
2024-02-28T04:00:00Z,Gas,11372.000,Elexon BMRS FUELHH
2024-02-28T04:00:00Z,Hydro,419.000,Elexon BMRS FUELHH
2024-02-28T04:00:00Z,Imports & Exports,1864.000,Elexon BMRS FUELHH
2024-02-28T04:00:00Z,Nuclear,3784.000,Elexon BMRS FUELHH
2024-02-28T04:00:00Z,Other,181.000,Elexon BMRS FUELHH
2024-02-28T04:00:00Z,Pumped Storage,-1564.000,Elexon BMRS FUELHH
2024-02-28T04:00:00Z,Wind,5723.000,Elexon BMRS FUELHH
2024-02-28T04:30:00Z,Biomass,2331.000,Elexon BMRS FUELHH
2024-02-28T04:30:00Z,Coal,0.000,Elexon BMRS FUELHH
2024-02-28T04:30:00Z,Gas,12011.000,Elexon BMRS FUELHH
2024-02-28T04:30:00Z,Hydro,422.000,Elexon BMRS FUELHH
2024-02-28T04:30:00Z,Imports & Exports,1788.000,Elexon BMRS FUELHH
2024-02-28T04:30:00Z,Nuclear,3787.000,Elexon BMRS FUELHH
2024-02-28T04:30:00Z,Other,165.000,Elexon BMRS FUELHH
2024-02-28T04:30:00Z,Pumped Storage,-1544.000,Elexon BMRS FUELHH
2024-02-28T04:30:00Z,Wind,5587.000,Elexon BMRS FUELHH
2024-02-28T05:00:00Z,Biomass,2332.000,Elexon BMRS FUELHH
2024-02-28T05:00:00Z,Coal,132.000,Elexon BMRS FUELHH
2024-02-28T05:00:00Z,Gas,14361.000,Elexon BMRS FUELHH
2024-02-28T05:00:00Z,Hydro,474.000,Elexon BMRS FUELHH
2024-02-28T05:00:00Z,Imports & Exports,-1078.000,Elexon BMRS FUELHH
2024-02-28T05:00:00Z,Nuclear,3783.000,Elexon BMRS FUELHH
2024-02-28T05:00:00Z,Other,187.000,Elexon BMRS FUELHH
2024-02-28T05:00:00Z,Pumped Storage,-880.000,Elexon BMRS FUELHH
2024-02-28T05:00:00Z,Wind,5254.000,Elexon BMRS FUELHH
2024-02-28T05:30:00Z,Biomass,2330.000,Elexon BMRS FUELHH
2024-02-28T05:30:00Z,Coal,344.000,Elexon BMRS FUELHH
2024-02-28T05:30:00Z,Gas,15039.000,Elexon BMRS FUELHH
2024-02-28T05:30:00Z,Hydro,514.000,Elexon BMRS FUELHH
2024-02-28T05:30:00Z,Imports & Exports,-1304.000,Elexon BMRS FUELHH
2024-02-28T05:30:00Z,Nuclear,3787.000,Elexon BMRS FUELHH
2024-02-28T05:30:00Z,Other,231.000,Elexon BMRS FUELHH
2024-02-28T05:30:00Z,Pumped Storage,-576.000,Elexon BMRS FUELHH
2024-02-28T05:30:00Z,Wind,5476.000,Elexon BMRS FUELHH
2024-02-28T06:00:00Z,Biomass,2332.000,Elexon BMRS FUELHH
2024-02-28T06:00:00Z,Coal,466.000,Elexon BMRS FUELHH
2024-02-28T06:00:00Z,Gas,16050.000,Elexon BMRS FUELHH
2024-02-28T06:00:00Z,Hydro,747.000,Elexon BMRS FUELHH
2024-02-28T06:00:00Z,Imports & Exports,-642.000,Elexon BMRS FUELHH
2024-02-28T06:00:00Z,Nuclear,3785.000,Elexon BMRS FUELHH
2024-02-28T06:00:00Z,Other,266.000,Elexon BMRS FUELHH
2024-02-28T06:00:00Z,Pumped Storage,146.000,Elexon BMRS FUELHH
2024-02-28T06:00:00Z,Wind,5427.000,Elexon BMRS FUELHH
2024-02-28T06:30:00Z,Biomass,2328.000,Elexon BMRS FUELHH
2024-02-28T06:30:00Z,Coal,479.000,Elexon BMRS FUELHH
2024-02-28T06:30:00Z,Gas,17004.000,Elexon BMRS FUELHH
2024-02-28T06:30:00Z,Hydro,825.000,Elexon BMRS FUELHH
2024-02-28T06:30:00Z,Imports & Exports,-526.000,Elexon BMRS FUELHH
2024-02-28T06:30:00Z,Nuclear,3789.000,Elexon BMRS FUELHH
2024-02-28T06:30:00Z,Other,755.000,Elexon BMRS FUELHH
2024-02-28T06:30:00Z,Pumped Storage,276.000,Elexon BMRS FUELHH
2024-02-28T06:30:00Z,Wind,6032.000,Elexon BMRS FUELHH
2024-02-28T07:00:00Z,Biomass,2328.000,Elexon BMRS FUELHH
2024-02-28T07:00:00Z,Coal,480.000,Elexon BMRS FUELHH
2024-02-28T07:00:00Z,Gas,17892.000,Elexon BMRS FUELHH
2024-02-28T07:00:00Z,Hydro,706.000,Elexon BMRS FUELHH
2024-02-28T07:00:00Z,Imports & Exports,-330.000,Elexon BMRS FUELHH
2024-02-28T07:00:00Z,Nuclear,3782.000,Elexon BMRS FUELHH
2024-02-28T07:00:00Z,Other,1298.000,Elexon BMRS FUELHH
2024-02-28T07:00:00Z,Pumped Storage,498.000,Elexon BMRS FUELHH
2024-02-28T07:00:00Z,Wind,6752.000,Elexon BMRS FUELHH
2024-02-28T07:30:00Z,Biomass,2327.000,Elexon BMRS FUELHH
2024-02-28T07:30:00Z,Coal,479.000,Elexon BMRS FUELHH
2024-02-28T07:30:00Z,Gas,18837.000,Elexon BMRS FUELHH
2024-02-28T07:30:00Z,Hydro,604.000,Elexon BMRS FUELHH
2024-02-28T07:30:00Z,Imports & Exports,-382.000,Elexon BMRS FUELHH
2024-02-28T07:30:00Z,Nuclear,3781.000,Elexon BMRS FUELHH
2024-02-28T07:30:00Z,Other,1412.000,Elexon BMRS FUELHH
2024-02-28T07:30:00Z,Pumped Storage,500.000,Elexon BMRS FUELHH
2024-02-28T07:30:00Z,Wind,7028.000,Elexon BMRS FUELHH
2024-02-28T08:00:00Z,Biomass,2321.000,Elexon BMRS FUELHH
2024-02-28T08:00:00Z,Coal,481.000,Elexon BMRS FUELHH
2024-02-28T08:00:00Z,Gas,18019.000,Elexon BMRS FUELHH
2024-02-28T08:00:00Z,Hydro,667.000,Elexon BMRS FUELHH
2024-02-28T08:00:00Z,Imports & Exports,2172.000,Elexon BMRS FUELHH
2024-02-28T08:00:00Z,Nuclear,3782.000,Elexon BMRS FUELHH
2024-02-28T08:00:00Z,Other,794.000,Elexon BMRS FUELHH
2024-02-28T08:00:00Z,Pumped Storage,230.000,Elexon BMRS FUELHH
2024-02-28T08:00:00Z,Wind,7499.000,Elexon BMRS FUELHH
2024-02-28T08:30:00Z,Biomass,2316.000,Elexon BMRS FUELHH
2024-02-28T08:30:00Z,Coal,481.000,Elexon BMRS FUELHH
2024-02-28T08:30:00Z,Gas,18070.000,Elexon BMRS FUELHH
2024-02-28T08:30:00Z,Hydro,707.000,Elexon BMRS FUELHH
2024-02-28T08:30:00Z,Imports & Exports,2176.000,Elexon BMRS FUELHH
2024-02-28T08:30:00Z,Nuclear,3785.000,Elexon BMRS FUELHH
2024-02-28T08:30:00Z,Other,551.000,Elexon BMRS FUELHH
2024-02-28T08:30:00Z,Pumped Storage,-18.000,Elexon BMRS FUELHH
2024-02-28T08:30:00Z,Wind,7915.000,Elexon BMRS FUELHH
2024-02-28T09:00:00Z,Biomass,2329.000,Elexon BMRS FUELHH
2024-02-28T09:00:00Z,Coal,479.000,Elexon BMRS FUELHH
2024-02-28T09:00:00Z,Gas,17698.000,Elexon BMRS FUELHH
2024-02-28T09:00:00Z,Hydro,619.000,Elexon BMRS FUELHH
2024-02-28T09:00:00Z,Imports & Exports,2944.000,Elexon BMRS FUELHH
2024-02-28T09:00:00Z,Nuclear,3782.000,Elexon BMRS FUELHH
2024-02-28T09:00:00Z,Other,343.000,Elexon BMRS FUELHH
2024-02-28T09:00:00Z,Pumped Storage,-16.000,Elexon BMRS FUELHH
2024-02-28T09:00:00Z,Wind,8532.000,Elexon BMRS FUELHH
2024-02-28T09:30:00Z,Biomass,2328.000,Elexon BMRS FUELHH
2024-02-28T09:30:00Z,Coal,480.000,Elexon BMRS FUELHH
2024-02-28T09:30:00Z,Gas,17935.000,Elexon BMRS FUELHH
2024-02-28T09:30:00Z,Hydro,592.000,Elexon BMRS FUELHH
2024-02-28T09:30:00Z,Imports & Exports,2772.000,Elexon BMRS FUELHH
2024-02-28T09:30:00Z,Nuclear,3785.000,Elexon BMRS FUELHH
2024-02-28T09:30:00Z,Other,262.000,Elexon BMRS FUELHH
2024-02-28T09:30:00Z,Pumped Storage,-16.000,Elexon BMRS FUELHH
2024-02-28T09:30:00Z,Wind,8666.000,Elexon BMRS FUELHH
2024-02-28T10:00:00Z,Biomass,2321.000,Elexon BMRS FUELHH
2024-02-28T10:00:00Z,Coal,480.000,Elexon BMRS FUELHH
2024-02-28T10:00:00Z,Gas,17263.000,Elexon BMRS FUELHH
2024-02-28T10:00:00Z,Hydro,524.000,Elexon BMRS FUELHH
2024-02-28T10:00:00Z,Imports & Exports,2738.000,Elexon BMRS FUELHH
2024-02-28T10:00:00Z,Nuclear,3788.000,Elexon BMRS FUELHH
2024-02-28T10:00:00Z,Other,224.000,Elexon BMRS FUELHH
2024-02-28T10:00:00Z,Pumped Storage,74.000,Elexon BMRS FUELHH
2024-02-28T10:00:00Z,Wind,9255.000,Elexon BMRS FUELHH
2024-02-28T10:30:00Z,Biomass,2312.000,Elexon BMRS FUELHH
2024-02-28T10:30:00Z,Coal,326.000,Elexon BMRS FUELHH
2024-02-28T10:30:00Z,Gas,16711.000,Elexon BMRS FUELHH
2024-02-28T10:30:00Z,Hydro,497.000,Elexon BMRS FUELHH
2024-02-28T10:30:00Z,Imports & Exports,2804.000,Elexon BMRS FUELHH
2024-02-28T10:30:00Z,Nuclear,3796.000,Elexon BMRS FUELHH
2024-02-28T10:30:00Z,Other,203.000,Elexon BMRS FUELHH
2024-02-28T10:30:00Z,Pumped Storage,-12.000,Elexon BMRS FUELHH
2024-02-28T10:30:00Z,Wind,9631.000,Elexon BMRS FUELHH
2024-02-28T11:00:00Z,Biomass,2310.000,Elexon BMRS FUELHH
2024-02-28T11:00:00Z,Coal,229.000,Elexon BMRS FUELHH
2024-02-28T11:00:00Z,Gas,13388.000,Elexon BMRS FUELHH
2024-02-28T11:00:00Z,Hydro,491.000,Elexon BMRS FUELHH
2024-02-28T11:00:00Z,Imports & Exports,5310.000,Elexon BMRS FUELHH
2024-02-28T11:00:00Z,Nuclear,3793.000,Elexon BMRS FUELHH
2024-02-28T11:00:00Z,Other,197.000,Elexon BMRS FUELHH
2024-02-28T11:00:00Z,Pumped Storage,286.000,Elexon BMRS FUELHH
2024-02-28T11:00:00Z,Wind,9982.000,Elexon BMRS FUELHH
2024-02-28T11:30:00Z,Biomass,2312.000,Elexon BMRS FUELHH
2024-02-28T11:30:00Z,Coal,230.000,Elexon BMRS FUELHH
2024-02-28T11:30:00Z,Gas,12378.000,Elexon BMRS FUELHH
2024-02-28T11:30:00Z,Hydro,454.000,Elexon BMRS FUELHH
2024-02-28T11:30:00Z,Imports & Exports,5564.000,Elexon BMRS FUELHH
2024-02-28T11:30:00Z,Nuclear,3795.000,Elexon BMRS FUELHH
2024-02-28T11:30:00Z,Other,193.000,Elexon BMRS FUELHH
2024-02-28T11:30:00Z,Pumped Storage,322.000,Elexon BMRS FUELHH
2024-02-28T11:30:00Z,Wind,10603.000,Elexon BMRS FUELHH
2024-02-28T12:00:00Z,Biomass,2314.000,Elexon BMRS FUELHH
2024-02-28T12:00:00Z,Coal,230.000,Elexon BMRS FUELHH
2024-02-28T12:00:00Z,Gas,12306.000,Elexon BMRS FUELHH
2024-02-28T12:00:00Z,Hydro,450.000,Elexon BMRS FUELHH
2024-02-28T12:00:00Z,Imports & Exports,5210.000,Elexon BMRS FUELHH
2024-02-28T12:00:00Z,Nuclear,3790.000,Elexon BMRS FUELHH
2024-02-28T12:00:00Z,Other,199.000,Elexon BMRS FUELHH
2024-02-28T12:00:00Z,Pumped Storage,252.000,Elexon BMRS FUELHH
2024-02-28T12:00:00Z,Wind,11191.000,Elexon BMRS FUELHH
2024-02-28T12:30:00Z,Biomass,2313.000,Elexon BMRS FUELHH
2024-02-28T12:30:00Z,Coal,229.000,Elexon BMRS FUELHH
2024-02-28T12:30:00Z,Gas,11696.000,Elexon BMRS FUELHH
2024-02-28T12:30:00Z,Hydro,443.000,Elexon BMRS FUELHH
2024-02-28T12:30:00Z,Imports & Exports,5192.000,Elexon BMRS FUELHH
2024-02-28T12:30:00Z,Nuclear,3785.000,Elexon BMRS FUELHH
2024-02-28T12:30:00Z,Other,228.000,Elexon BMRS FUELHH
2024-02-28T12:30:00Z,Pumped Storage,156.000,Elexon BMRS FUELHH
2024-02-28T12:30:00Z,Wind,11589.000,Elexon BMRS FUELHH
2024-02-28T13:00:00Z,Biomass,2283.000,Elexon BMRS FUELHH
2024-02-28T13:00:00Z,Coal,230.000,Elexon BMRS FUELHH
2024-02-28T13:00:00Z,Gas,12114.000,Elexon BMRS FUELHH
2024-02-28T13:00:00Z,Hydro,446.000,Elexon BMRS FUELHH
2024-02-28T13:00:00Z,Imports & Exports,5036.000,Elexon BMRS FUELHH
2024-02-28T13:00:00Z,Nuclear,3792.000,Elexon BMRS FUELHH
2024-02-28T13:00:00Z,Other,242.000,Elexon BMRS FUELHH
2024-02-28T13:00:00Z,Pumped Storage,-254.000,Elexon BMRS FUELHH
2024-02-28T13:00:00Z,Wind,11631.000,Elexon BMRS FUELHH
2024-02-28T13:30:00Z,Biomass,2289.000,Elexon BMRS FUELHH
2024-02-28T13:30:00Z,Coal,230.000,Elexon BMRS FUELHH
2024-02-28T13:30:00Z,Gas,11762.000,Elexon BMRS FUELHH
2024-02-28T13:30:00Z,Hydro,447.000,Elexon BMRS FUELHH
2024-02-28T13:30:00Z,Imports & Exports,5028.000,Elexon BMRS FUELHH
2024-02-28T13:30:00Z,Nuclear,3786.000,Elexon BMRS FUELHH
2024-02-28T13:30:00Z,Other,206.000,Elexon BMRS FUELHH
2024-02-28T13:30:00Z,Pumped Storage,-208.000,Elexon BMRS FUELHH
2024-02-28T13:30:00Z,Wind,11830.000,Elexon BMRS FUELHH
2024-02-28T14:00:00Z,Biomass,2298.000,Elexon BMRS FUELHH
2024-02-28T14:00:00Z,Coal,230.000,Elexon BMRS FUELHH
2024-02-28T14:00:00Z,Gas,12878.000,Elexon BMRS FUELHH
2024-02-28T14:00:00Z,Hydro,448.000,Elexon BMRS FUELHH
2024-02-28T14:00:00Z,Imports & Exports,3332.000,Elexon BMRS FUELHH
2024-02-28T14:00:00Z,Nuclear,3786.000,Elexon BMRS FUELHH
2024-02-28T14:00:00Z,Other,265.000,Elexon BMRS FUELHH
2024-02-28T14:00:00Z,Pumped Storage,-170.000,Elexon BMRS FUELHH
2024-02-28T14:00:00Z,Wind,11905.000,Elexon BMRS FUELHH
2024-02-28T14:30:00Z,Biomass,2310.000,Elexon BMRS FUELHH
2024-02-28T14:30:00Z,Coal,231.000,Elexon BMRS FUELHH
2024-02-28T14:30:00Z,Gas,12730.000,Elexon BMRS FUELHH
2024-02-28T14:30:00Z,Hydro,594.000,Elexon BMRS FUELHH
2024-02-28T14:30:00Z,Imports & Exports,3266.000,Elexon BMRS FUELHH
2024-02-28T14:30:00Z,Nuclear,3784.000,Elexon BMRS FUELHH
2024-02-28T14:30:00Z,Other,178.000,Elexon BMRS FUELHH
2024-02-28T14:30:00Z,Pumped Storage,-170.000,Elexon BMRS FUELHH
2024-02-28T14:30:00Z,Wind,12456.000,Elexon BMRS FUELHH
2024-02-28T15:00:00Z,Biomass,2301.000,Elexon BMRS FUELHH
2024-02-28T15:00:00Z,Coal,288.000,Elexon BMRS FUELHH
2024-02-28T15:00:00Z,Gas,13040.000,Elexon BMRS FUELHH
2024-02-28T15:00:00Z,Hydro,633.000,Elexon BMRS FUELHH
2024-02-28T15:00:00Z,Imports & Exports,1924.000,Elexon BMRS FUELHH
2024-02-28T15:00:00Z,Nuclear,3784.000,Elexon BMRS FUELHH
2024-02-28T15:00:00Z,Other,186.000,Elexon BMRS FUELHH
2024-02-28T15:00:00Z,Pumped Storage,50.000,Elexon BMRS FUELHH
2024-02-28T15:00:00Z,Wind,13223.000,Elexon BMRS FUELHH
2024-02-28T15:30:00Z,Biomass,2316.000,Elexon BMRS FUELHH
2024-02-28T15:30:00Z,Coal,236.000,Elexon BMRS FUELHH
2024-02-28T15:30:00Z,Gas,12880.000,Elexon BMRS FUELHH
2024-02-28T15:30:00Z,Hydro,685.000,Elexon BMRS FUELHH
2024-02-28T15:30:00Z,Imports & Exports,1892.000,Elexon BMRS FUELHH
2024-02-28T15:30:00Z,Nuclear,3768.000,Elexon BMRS FUELHH
2024-02-28T15:30:00Z,Other,219.000,Elexon BMRS FUELHH
2024-02-28T15:30:00Z,Pumped Storage,912.000,Elexon BMRS FUELHH
2024-02-28T15:30:00Z,Wind,13250.000,Elexon BMRS FUELHH
2024-02-28T16:00:00Z,Biomass,2311.000,Elexon BMRS FUELHH
2024-02-28T16:00:00Z,Coal,320.000,Elexon BMRS FUELHH
2024-02-28T16:00:00Z,Gas,13302.000,Elexon BMRS FUELHH
2024-02-28T16:00:00Z,Hydro,776.000,Elexon BMRS FUELHH
2024-02-28T16:00:00Z,Imports & Exports,1350.000,Elexon BMRS FUELHH
2024-02-28T16:00:00Z,Nuclear,3776.000,Elexon BMRS FUELHH
2024-02-28T16:00:00Z,Other,272.000,Elexon BMRS FUELHH
2024-02-28T16:00:00Z,Pumped Storage,1078.000,Elexon BMRS FUELHH
2024-02-28T16:00:00Z,Wind,13703.000,Elexon BMRS FUELHH
2024-02-28T16:30:00Z,Biomass,2301.000,Elexon BMRS FUELHH
2024-02-28T16:30:00Z,Coal,249.000,Elexon BMRS FUELHH
2024-02-28T16:30:00Z,Gas,13253.000,Elexon BMRS FUELHH
2024-02-28T16:30:00Z,Hydro,756.000,Elexon BMRS FUELHH
2024-02-28T16:30:00Z,Imports & Exports,1340.000,Elexon BMRS FUELHH
2024-02-28T16:30:00Z,Nuclear,3774.000,Elexon BMRS FUELHH
2024-02-28T16:30:00Z,Other,332.000,Elexon BMRS FUELHH
2024-02-28T16:30:00Z,Pumped Storage,1108.000,Elexon BMRS FUELHH
2024-02-28T16:30:00Z,Wind,14550.000,Elexon BMRS FUELHH
2024-02-28T17:00:00Z,Biomass,2287.000,Elexon BMRS FUELHH
2024-02-28T17:00:00Z,Coal,229.000,Elexon BMRS FUELHH
2024-02-28T17:00:00Z,Gas,13280.000,Elexon BMRS FUELHH
2024-02-28T17:00:00Z,Hydro,710.000,Elexon BMRS FUELHH
2024-02-28T17:00:00Z,Imports & Exports,1152.000,Elexon BMRS FUELHH
2024-02-28T17:00:00Z,Nuclear,3773.000,Elexon BMRS FUELHH
2024-02-28T17:00:00Z,Other,630.000,Elexon BMRS FUELHH
2024-02-28T17:00:00Z,Pumped Storage,1108.000,Elexon BMRS FUELHH
2024-02-28T17:00:00Z,Wind,14859.000,Elexon BMRS FUELHH
2024-02-28T17:30:00Z,Biomass,2287.000,Elexon BMRS FUELHH
2024-02-28T17:30:00Z,Coal,229.000,Elexon BMRS FUELHH
2024-02-28T17:30:00Z,Gas,13348.000,Elexon BMRS FUELHH
2024-02-28T17:30:00Z,Hydro,753.000,Elexon BMRS FUELHH
2024-02-28T17:30:00Z,Imports & Exports,1212.000,Elexon BMRS FUELHH
2024-02-28T17:30:00Z,Nuclear,3778.000,Elexon BMRS FUELHH
2024-02-28T17:30:00Z,Other,810.000,Elexon BMRS FUELHH
2024-02-28T17:30:00Z,Pumped Storage,1110.000,Elexon BMRS FUELHH
2024-02-28T17:30:00Z,Wind,15310.000,Elexon BMRS FUELHH
2024-02-28T18:00:00Z,Biomass,2311.000,Elexon BMRS FUELHH
2024-02-28T18:00:00Z,Coal,230.000,Elexon BMRS FUELHH
2024-02-28T18:00:00Z,Gas,13230.000,Elexon BMRS FUELHH
2024-02-28T18:00:00Z,Hydro,605.000,Elexon BMRS FUELHH
2024-02-28T18:00:00Z,Imports & Exports,1568.000,Elexon BMRS FUELHH
2024-02-28T18:00:00Z,Nuclear,3782.000,Elexon BMRS FUELHH
2024-02-28T18:00:00Z,Other,733.000,Elexon BMRS FUELHH
2024-02-28T18:00:00Z,Pumped Storage,1110.000,Elexon BMRS FUELHH
2024-02-28T18:00:00Z,Wind,15377.000,Elexon BMRS FUELHH
2024-02-28T18:30:00Z,Biomass,2305.000,Elexon BMRS FUELHH
2024-02-28T18:30:00Z,Coal,230.000,Elexon BMRS FUELHH
2024-02-28T18:30:00Z,Gas,12817.000,Elexon BMRS FUELHH
2024-02-28T18:30:00Z,Hydro,729.000,Elexon BMRS FUELHH
2024-02-28T18:30:00Z,Imports & Exports,1452.000,Elexon BMRS FUELHH
2024-02-28T18:30:00Z,Nuclear,3781.000,Elexon BMRS FUELHH
2024-02-28T18:30:00Z,Other,688.000,Elexon BMRS FUELHH
2024-02-28T18:30:00Z,Pumped Storage,1102.000,Elexon BMRS FUELHH
2024-02-28T18:30:00Z,Wind,15373.000,Elexon BMRS FUELHH
2024-02-28T19:00:00Z,Biomass,2290.000,Elexon BMRS FUELHH
2024-02-28T19:00:00Z,Coal,271.000,Elexon BMRS FUELHH
2024-02-28T19:00:00Z,Gas,10986.000,Elexon BMRS FUELHH
2024-02-28T19:00:00Z,Hydro,568.000,Elexon BMRS FUELHH
2024-02-28T19:00:00Z,Imports & Exports,3294.000,Elexon BMRS FUELHH
2024-02-28T19:00:00Z,Nuclear,3784.000,Elexon BMRS FUELHH
2024-02-28T19:00:00Z,Other,478.000,Elexon BMRS FUELHH
2024-02-28T19:00:00Z,Pumped Storage,700.000,Elexon BMRS FUELHH
2024-02-28T19:00:00Z,Wind,15396.000,Elexon BMRS FUELHH
2024-02-28T19:30:00Z,Biomass,2299.000,Elexon BMRS FUELHH
2024-02-28T19:30:00Z,Coal,349.000,Elexon BMRS FUELHH
2024-02-28T19:30:00Z,Gas,9827.000,Elexon BMRS FUELHH
2024-02-28T19:30:00Z,Hydro,558.000,Elexon BMRS FUELHH
2024-02-28T19:30:00Z,Imports & Exports,3402.000,Elexon BMRS FUELHH
2024-02-28T19:30:00Z,Nuclear,3782.000,Elexon BMRS FUELHH
2024-02-28T19:30:00Z,Other,280.000,Elexon BMRS FUELHH
2024-02-28T19:30:00Z,Pumped Storage,432.000,Elexon BMRS FUELHH
2024-02-28T19:30:00Z,Wind,15293.000,Elexon BMRS FUELHH
2024-02-28T20:00:00Z,Biomass,2299.000,Elexon BMRS FUELHH
2024-02-28T20:00:00Z,Coal,351.000,Elexon BMRS FUELHH
2024-02-28T20:00:00Z,Gas,8447.000,Elexon BMRS FUELHH
2024-02-28T20:00:00Z,Hydro,459.000,Elexon BMRS FUELHH
2024-02-28T20:00:00Z,Imports & Exports,3358.000,Elexon BMRS FUELHH
2024-02-28T20:00:00Z,Nuclear,3784.000,Elexon BMRS FUELHH
2024-02-28T20:00:00Z,Other,236.000,Elexon BMRS FUELHH
2024-02-28T20:00:00Z,Pumped Storage,310.000,Elexon BMRS FUELHH
2024-02-28T20:00:00Z,Wind,15377.000,Elexon BMRS FUELHH
2024-02-28T20:30:00Z,Biomass,2305.000,Elexon BMRS FUELHH
2024-02-28T20:30:00Z,Coal,356.000,Elexon BMRS FUELHH
2024-02-28T20:30:00Z,Gas,6859.000,Elexon BMRS FUELHH
2024-02-28T20:30:00Z,Hydro,468.000,Elexon BMRS FUELHH
2024-02-28T20:30:00Z,Imports & Exports,3322.000,Elexon BMRS FUELHH
2024-02-28T20:30:00Z,Nuclear,3784.000,Elexon BMRS FUELHH
2024-02-28T20:30:00Z,Other,323.000,Elexon BMRS FUELHH
2024-02-28T20:30:00Z,Pumped Storage,214.000,Elexon BMRS FUELHH
2024-02-28T20:30:00Z,Wind,15470.000,Elexon BMRS FUELHH
2024-02-28T21:00:00Z,Biomass,2292.000,Elexon BMRS FUELHH
2024-02-28T21:00:00Z,Coal,289.000,Elexon BMRS FUELHH
2024-02-28T21:00:00Z,Gas,5549.000,Elexon BMRS FUELHH
2024-02-28T21:00:00Z,Hydro,455.000,Elexon BMRS FUELHH
2024-02-28T21:00:00Z,Imports & Exports,3334.000,Elexon BMRS FUELHH
2024-02-28T21:00:00Z,Nuclear,3778.000,Elexon BMRS FUELHH
2024-02-28T21:00:00Z,Other,308.000,Elexon BMRS FUELHH
2024-02-28T21:00:00Z,Pumped Storage,118.000,Elexon BMRS FUELHH
2024-02-28T21:00:00Z,Wind,15267.000,Elexon BMRS FUELHH
2024-02-28T21:30:00Z,Biomass,2224.000,Elexon BMRS FUELHH
2024-02-28T21:30:00Z,Coal,218.000,Elexon BMRS FUELHH
2024-02-28T21:30:00Z,Gas,4400.000,Elexon BMRS FUELHH
2024-02-28T21:30:00Z,Hydro,434.000,Elexon BMRS FUELHH
2024-02-28T21:30:00Z,Imports & Exports,3300.000,Elexon BMRS FUELHH
2024-02-28T21:30:00Z,Nuclear,3784.000,Elexon BMRS FUELHH
2024-02-28T21:30:00Z,Other,210.000,Elexon BMRS FUELHH
2024-02-28T21:30:00Z,Pumped Storage,306.000,Elexon BMRS FUELHH
2024-02-28T21:30:00Z,Wind,14971.000,Elexon BMRS FUELHH
2024-02-28T22:00:00Z,Biomass,1862.000,Elexon BMRS FUELHH
2024-02-28T22:00:00Z,Coal,324.000,Elexon BMRS FUELHH
2024-02-28T22:00:00Z,Gas,4390.000,Elexon BMRS FUELHH
2024-02-28T22:00:00Z,Hydro,495.000,Elexon BMRS FUELHH
2024-02-28T22:00:00Z,Imports & Exports,1594.000,Elexon BMRS FUELHH
2024-02-28T22:00:00Z,Nuclear,3785.000,Elexon BMRS FUELHH
2024-02-28T22:00:00Z,Other,275.000,Elexon BMRS FUELHH
2024-02-28T22:00:00Z,Pumped Storage,396.000,Elexon BMRS FUELHH
2024-02-28T22:00:00Z,Wind,14699.000,Elexon BMRS FUELHH
2024-02-28T22:30:00Z,Biomass,1059.000,Elexon BMRS FUELHH
2024-02-28T22:30:00Z,Coal,292.000,Elexon BMRS FUELHH
2024-02-28T22:30:00Z,Gas,4147.000,Elexon BMRS FUELHH
2024-02-28T22:30:00Z,Hydro,454.000,Elexon BMRS FUELHH
2024-02-28T22:30:00Z,Imports & Exports,1556.000,Elexon BMRS FUELHH
2024-02-28T22:30:00Z,Nuclear,3789.000,Elexon BMRS FUELHH
2024-02-28T22:30:00Z,Other,245.000,Elexon BMRS FUELHH
2024-02-28T22:30:00Z,Pumped Storage,-192.000,Elexon BMRS FUELHH
2024-02-28T22:30:00Z,Wind,15033.000,Elexon BMRS FUELHH
2024-02-28T23:00:00Z,Biomass,860.000,Elexon BMRS FUELHH
2024-02-28T23:00:00Z,Coal,5.000,Elexon BMRS FUELHH
2024-02-28T23:00:00Z,Gas,3928.000,Elexon BMRS FUELHH
2024-02-28T23:00:00Z,Hydro,463.000,Elexon BMRS FUELHH
2024-02-28T23:00:00Z,Imports & Exports,1560.000,Elexon BMRS FUELHH
2024-02-28T23:00:00Z,Nuclear,3783.000,Elexon BMRS FUELHH
2024-02-28T23:00:00Z,Other,252.000,Elexon BMRS FUELHH
2024-02-28T23:00:00Z,Pumped Storage,-1184.000,Elexon BMRS FUELHH
2024-02-28T23:00:00Z,Wind,14615.000,Elexon BMRS FUELHH
2024-02-28T23:30:00Z,Biomass,858.000,Elexon BMRS FUELHH
2024-02-28T23:30:00Z,Coal,0.000,Elexon BMRS FUELHH
2024-02-28T23:30:00Z,Gas,3954.000,Elexon BMRS FUELHH
2024-02-28T23:30:00Z,Hydro,466.000,Elexon BMRS FUELHH
2024-02-28T23:30:00Z,Imports & Exports,1574.000,Elexon BMRS FUELHH
2024-02-28T23:30:00Z,Nuclear,3782.000,Elexon BMRS FUELHH
2024-02-28T23:30:00Z,Other,264.000,Elexon BMRS FUELHH
2024-02-28T23:30:00Z,Pumped Storage,-1642.000,Elexon BMRS FUELHH
2024-02-28T23:30:00Z,Wind,14054.000,Elexon BMRS FUELHH
2024-02-29T00:00:00Z,Biomass,877.000,Elexon BMRS FUELHH
2024-02-29T00:00:00Z,Coal,0.000,Elexon BMRS FUELHH
2024-02-29T00:00:00Z,Gas,4504.000,Elexon BMRS FUELHH
2024-02-29T00:00:00Z,Hydro,488.000,Elexon BMRS FUELHH
2024-02-29T00:00:00Z,Imports & Exports,1908.000,Elexon BMRS FUELHH
2024-02-29T00:00:00Z,Nuclear,3782.000,Elexon BMRS FUELHH
2024-02-29T00:00:00Z,Other,223.000,Elexon BMRS FUELHH
2024-02-29T00:00:00Z,Pumped Storage,-1914.000,Elexon BMRS FUELHH
2024-02-29T00:00:00Z,Wind,13650.000,Elexon BMRS FUELHH
2024-02-29T00:30:00Z,Biomass,1037.000,Elexon BMRS FUELHH
2024-02-29T00:30:00Z,Coal,0.000,Elexon BMRS FUELHH
2024-02-29T00:30:00Z,Gas,4505.000,Elexon BMRS FUELHH
2024-02-29T00:30:00Z,Hydro,475.000,Elexon BMRS FUELHH
2024-02-29T00:30:00Z,Imports & Exports,1950.000,Elexon BMRS FUELHH
2024-02-29T00:30:00Z,Nuclear,3778.000,Elexon BMRS FUELHH
2024-02-29T00:30:00Z,Other,197.000,Elexon BMRS FUELHH
2024-02-29T00:30:00Z,Pumped Storage,-1858.000,Elexon BMRS FUELHH
2024-02-29T00:30:00Z,Wind,13865.000,Elexon BMRS FUELHH
2024-02-29T01:00:00Z,Biomass,1041.000,Elexon BMRS FUELHH
2024-02-29T01:00:00Z,Coal,0.000,Elexon BMRS FUELHH
2024-02-29T01:00:00Z,Gas,4837.000,Elexon BMRS FUELHH
2024-02-29T01:00:00Z,Hydro,418.000,Elexon BMRS FUELHH
2024-02-29T01:00:00Z,Imports & Exports,1466.000,Elexon BMRS FUELHH
2024-02-29T01:00:00Z,Nuclear,3779.000,Elexon BMRS FUELHH
2024-02-29T01:00:00Z,Other,200.000,Elexon BMRS FUELHH
2024-02-29T01:00:00Z,Pumped Storage,-2182.000,Elexon BMRS FUELHH
2024-02-29T01:00:00Z,Wind,14039.000,Elexon BMRS FUELHH
2024-02-29T01:30:00Z,Biomass,974.000,Elexon BMRS FUELHH
2024-02-29T01:30:00Z,Coal,0.000,Elexon BMRS FUELHH
2024-02-29T01:30:00Z,Gas,4447.000,Elexon BMRS FUELHH
2024-02-29T01:30:00Z,Hydro,417.000,Elexon BMRS FUELHH
2024-02-29T01:30:00Z,Imports & Exports,1370.000,Elexon BMRS FUELHH
2024-02-29T01:30:00Z,Nuclear,3783.000,Elexon BMRS FUELHH
2024-02-29T01:30:00Z,Other,193.000,Elexon BMRS FUELHH
2024-02-29T01:30:00Z,Pumped Storage,-2166.000,Elexon BMRS FUELHH
2024-02-29T01:30:00Z,Wind,14153.000,Elexon BMRS FUELHH
2024-02-29T02:00:00Z,Biomass,855.000,Elexon BMRS FUELHH
2024-02-29T02:00:00Z,Coal,0.000,Elexon BMRS FUELHH
2024-02-29T02:00:00Z,Gas,3953.000,Elexon BMRS FUELHH
2024-02-29T02:00:00Z,Hydro,408.000,Elexon BMRS FUELHH
2024-02-29T02:00:00Z,Imports & Exports,1404.000,Elexon BMRS FUELHH
2024-02-29T02:00:00Z,Nuclear,3782.000,Elexon BMRS FUELHH
2024-02-29T02:00:00Z,Other,209.000,Elexon BMRS FUELHH
2024-02-29T02:00:00Z,Pumped Storage,-2092.000,Elexon BMRS FUELHH
2024-02-29T02:00:00Z,Wind,14275.000,Elexon BMRS FUELHH
2024-02-29T02:30:00Z,Biomass,898.000,Elexon BMRS FUELHH
2024-02-29T02:30:00Z,Coal,0.000,Elexon BMRS FUELHH
2024-02-29T02:30:00Z,Gas,4111.000,Elexon BMRS FUELHH
2024-02-29T02:30:00Z,Hydro,423.000,Elexon BMRS FUELHH
2024-02-29T02:30:00Z,Imports & Exports,1324.000,Elexon BMRS FUELHH
2024-02-29T02:30:00Z,Nuclear,3782.000,Elexon BMRS FUELHH
2024-02-29T02:30:00Z,Other,198.000,Elexon BMRS FUELHH
2024-02-29T02:30:00Z,Pumped Storage,-2022.000,Elexon BMRS FUELHH
2024-02-29T02:30:00Z,Wind,14089.000,Elexon BMRS FUELHH
2024-02-29T03:00:00Z,Biomass,868.000,Elexon BMRS FUELHH
2024-02-29T03:00:00Z,Coal,0.000,Elexon BMRS FUELHH
2024-02-29T03:00:00Z,Gas,4241.000,Elexon BMRS FUELHH
2024-02-29T03:00:00Z,Hydro,498.000,Elexon BMRS FUELHH
2024-02-29T03:00:00Z,Imports & Exports,974.000,Elexon BMRS FUELHH
2024-02-29T03:00:00Z,Nuclear,3784.000,Elexon BMRS FUELHH
2024-02-29T03:00:00Z,Other,200.000,Elexon BMRS FUELHH
2024-02-29T03:00:00Z,Pumped Storage,-2118.000,Elexon BMRS FUELHH
2024-02-29T03:00:00Z,Wind,13978.000,Elexon BMRS FUELHH
2024-02-29T03:30:00Z,Biomass,920.000,Elexon BMRS FUELHH
2024-02-29T03:30:00Z,Coal,0.000,Elexon BMRS FUELHH
2024-02-29T03:30:00Z,Gas,4119.000,Elexon BMRS FUELHH
2024-02-29T03:30:00Z,Hydro,557.000,Elexon BMRS FUELHH
2024-02-29T03:30:00Z,Imports & Exports,890.000,Elexon BMRS FUELHH
2024-02-29T03:30:00Z,Nuclear,3783.000,Elexon BMRS FUELHH
2024-02-29T03:30:00Z,Other,194.000,Elexon BMRS FUELHH
2024-02-29T03:30:00Z,Pumped Storage,-2112.000,Elexon BMRS FUELHH
2024-02-29T03:30:00Z,Wind,13933.000,Elexon BMRS FUELHH
2024-02-29T04:00:00Z,Biomass,863.000,Elexon BMRS FUELHH
2024-02-29T04:00:00Z,Coal,0.000,Elexon BMRS FUELHH
2024-02-29T04:00:00Z,Gas,3632.000,Elexon BMRS FUELHH
2024-02-29T04:00:00Z,Hydro,441.000,Elexon BMRS FUELHH
2024-02-29T04:00:00Z,Imports & Exports,1082.000,Elexon BMRS FUELHH
2024-02-29T04:00:00Z,Nuclear,3787.000,Elexon BMRS FUELHH
2024-02-29T04:00:00Z,Other,189.000,Elexon BMRS FUELHH
2024-02-29T04:00:00Z,Pumped Storage,-2098.000,Elexon BMRS FUELHH
2024-02-29T04:00:00Z,Wind,14158.000,Elexon BMRS FUELHH
2024-02-29T04:30:00Z,Biomass,872.000,Elexon BMRS FUELHH
2024-02-29T04:30:00Z,Coal,0.000,Elexon BMRS FUELHH
2024-02-29T04:30:00Z,Gas,3752.000,Elexon BMRS FUELHH
2024-02-29T04:30:00Z,Hydro,427.000,Elexon BMRS FUELHH
2024-02-29T04:30:00Z,Imports & Exports,1158.000,Elexon BMRS FUELHH
2024-02-29T04:30:00Z,Nuclear,3792.000,Elexon BMRS FUELHH
2024-02-29T04:30:00Z,Other,169.000,Elexon BMRS FUELHH
2024-02-29T04:30:00Z,Pumped Storage,-2084.000,Elexon BMRS FUELHH
2024-02-29T04:30:00Z,Wind,14017.000,Elexon BMRS FUELHH
2024-02-29T05:00:00Z,Biomass,1054.000,Elexon BMRS FUELHH
2024-02-29T05:00:00Z,Coal,0.000,Elexon BMRS FUELHH
2024-02-29T05:00:00Z,Gas,4164.000,Elexon BMRS FUELHH
2024-02-29T05:00:00Z,Hydro,480.000,Elexon BMRS FUELHH
2024-02-29T05:00:00Z,Imports & Exports,1228.000,Elexon BMRS FUELHH
2024-02-29T05:00:00Z,Nuclear,3790.000,Elexon BMRS FUELHH
2024-02-29T05:00:00Z,Other,189.000,Elexon BMRS FUELHH
2024-02-29T05:00:00Z,Pumped Storage,-2052.000,Elexon BMRS FUELHH
2024-02-29T05:00:00Z,Wind,13561.000,Elexon BMRS FUELHH
2024-02-29T05:30:00Z,Biomass,1181.000,Elexon BMRS FUELHH
2024-02-29T05:30:00Z,Coal,0.000,Elexon BMRS FUELHH
2024-02-29T05:30:00Z,Gas,4383.000,Elexon BMRS FUELHH
2024-02-29T05:30:00Z,Hydro,485.000,Elexon BMRS FUELHH
2024-02-29T05:30:00Z,Imports & Exports,1222.000,Elexon BMRS FUELHH
2024-02-29T05:30:00Z,Nuclear,3792.000,Elexon BMRS FUELHH
2024-02-29T05:30:00Z,Other,175.000,Elexon BMRS FUELHH
2024-02-29T05:30:00Z,Pumped Storage,-916.000,Elexon BMRS FUELHH
2024-02-29T05:30:00Z,Wind,13398.000,Elexon BMRS FUELHH
2024-02-29T06:00:00Z,Biomass,1441.000,Elexon BMRS FUELHH
2024-02-29T06:00:00Z,Coal,0.000,Elexon BMRS FUELHH
2024-02-29T06:00:00Z,Gas,5639.000,Elexon BMRS FUELHH
2024-02-29T06:00:00Z,Hydro,521.000,Elexon BMRS FUELHH
2024-02-29T06:00:00Z,Imports & Exports,1576.000,Elexon BMRS FUELHH
2024-02-29T06:00:00Z,Nuclear,3789.000,Elexon BMRS FUELHH
2024-02-29T06:00:00Z,Other,213.000,Elexon BMRS FUELHH
2024-02-29T06:00:00Z,Pumped Storage,-248.000,Elexon BMRS FUELHH
2024-02-29T06:00:00Z,Wind,13434.000,Elexon BMRS FUELHH
2024-02-29T06:30:00Z,Biomass,1735.000,Elexon BMRS FUELHH
2024-02-29T06:30:00Z,Coal,0.000,Elexon BMRS FUELHH
2024-02-29T06:30:00Z,Gas,7664.000,Elexon BMRS FUELHH
2024-02-29T06:30:00Z,Hydro,575.000,Elexon BMRS FUELHH
2024-02-29T06:30:00Z,Imports & Exports,1610.000,Elexon BMRS FUELHH
2024-02-29T06:30:00Z,Nuclear,3787.000,Elexon BMRS FUELHH
2024-02-29T06:30:00Z,Other,226.000,Elexon BMRS FUELHH
2024-02-29T06:30:00Z,Pumped Storage,168.000,Elexon BMRS FUELHH
2024-02-29T06:30:00Z,Wind,13077.000,Elexon BMRS FUELHH
2024-02-29T07:00:00Z,Biomass,1842.000,Elexon BMRS FUELHH
2024-02-29T07:00:00Z,Coal,0.000,Elexon BMRS FUELHH
2024-02-29T07:00:00Z,Gas,9536.000,Elexon BMRS FUELHH
2024-02-29T07:00:00Z,Hydro,595.000,Elexon BMRS FUELHH
2024-02-29T07:00:00Z,Imports & Exports,2590.000,Elexon BMRS FUELHH
2024-02-29T07:00:00Z,Nuclear,3789.000,Elexon BMRS FUELHH
2024-02-29T07:00:00Z,Other,265.000,Elexon BMRS FUELHH
2024-02-29T07:00:00Z,Pumped Storage,248.000,Elexon BMRS FUELHH
2024-02-29T07:00:00Z,Wind,12932.000,Elexon BMRS FUELHH
2024-02-29T07:30:00Z,Biomass,2088.000,Elexon BMRS FUELHH
2024-02-29T07:30:00Z,Coal,0.000,Elexon BMRS FUELHH
2024-02-29T07:30:00Z,Gas,10735.000,Elexon BMRS FUELHH
2024-02-29T07:30:00Z,Hydro,628.000,Elexon BMRS FUELHH
2024-02-29T07:30:00Z,Imports & Exports,2526.000,Elexon BMRS FUELHH
2024-02-29T07:30:00Z,Nuclear,3790.000,Elexon BMRS FUELHH
2024-02-29T07:30:00Z,Other,235.000,Elexon BMRS FUELHH
2024-02-29T07:30:00Z,Pumped Storage,308.000,Elexon BMRS FUELHH
2024-02-29T07:30:00Z,Wind,12775.000,Elexon BMRS FUELHH
2024-02-29T08:00:00Z,Biomass,2167.000,Elexon BMRS FUELHH
2024-02-29T08:00:00Z,Coal,0.000,Elexon BMRS FUELHH
2024-02-29T08:00:00Z,Gas,10309.000,Elexon BMRS FUELHH
2024-02-29T08:00:00Z,Hydro,629.000,Elexon BMRS FUELHH
2024-02-29T08:00:00Z,Imports & Exports,4306.000,Elexon BMRS FUELHH
2024-02-29T08:00:00Z,Nuclear,3780.000,Elexon BMRS FUELHH
2024-02-29T08:00:00Z,Other,212.000,Elexon BMRS FUELHH
2024-02-29T08:00:00Z,Pumped Storage,452.000,Elexon BMRS FUELHH
2024-02-29T08:00:00Z,Wind,12537.000,Elexon BMRS FUELHH
2024-02-29T08:30:00Z,Biomass,2170.000,Elexon BMRS FUELHH
2024-02-29T08:30:00Z,Coal,0.000,Elexon BMRS FUELHH
2024-02-29T08:30:00Z,Gas,10867.000,Elexon BMRS FUELHH
2024-02-29T08:30:00Z,Hydro,622.000,Elexon BMRS FUELHH
2024-02-29T08:30:00Z,Imports & Exports,4440.000,Elexon BMRS FUELHH
2024-02-29T08:30:00Z,Nuclear,3780.000,Elexon BMRS FUELHH
2024-02-29T08:30:00Z,Other,426.000,Elexon BMRS FUELHH
2024-02-29T08:30:00Z,Pumped Storage,500.000,Elexon BMRS FUELHH
2024-02-29T08:30:00Z,Wind,11306.000,Elexon BMRS FUELHH
2024-02-29T09:00:00Z,Biomass,2173.000,Elexon BMRS FUELHH
2024-02-29T09:00:00Z,Coal,0.000,Elexon BMRS FUELHH
2024-02-29T09:00:00Z,Gas,10996.000,Elexon BMRS FUELHH
2024-02-29T09:00:00Z,Hydro,600.000,Elexon BMRS FUELHH
2024-02-29T09:00:00Z,Imports & Exports,6334.000,Elexon BMRS FUELHH
2024-02-29T09:00:00Z,Nuclear,3779.000,Elexon BMRS FUELHH
2024-02-29T09:00:00Z,Other,346.000,Elexon BMRS FUELHH
2024-02-29T09:00:00Z,Pumped Storage,450.000,Elexon BMRS FUELHH
2024-02-29T09:00:00Z,Wind,10375.000,Elexon BMRS FUELHH
2024-02-29T09:30:00Z,Biomass,2173.000,Elexon BMRS FUELHH
2024-02-29T09:30:00Z,Coal,0.000,Elexon BMRS FUELHH
2024-02-29T09:30:00Z,Gas,11117.000,Elexon BMRS FUELHH
2024-02-29T09:30:00Z,Hydro,621.000,Elexon BMRS FUELHH
2024-02-29T09:30:00Z,Imports & Exports,6686.000,Elexon BMRS FUELHH
2024-02-29T09:30:00Z,Nuclear,3784.000,Elexon BMRS FUELHH
2024-02-29T09:30:00Z,Other,460.000,Elexon BMRS FUELHH
2024-02-29T09:30:00Z,Pumped Storage,98.000,Elexon BMRS FUELHH
2024-02-29T09:30:00Z,Wind,9770.000,Elexon BMRS FUELHH
2024-02-29T10:00:00Z,Biomass,2196.000,Elexon BMRS FUELHH
2024-02-29T10:00:00Z,Coal,0.000,Elexon BMRS FUELHH
2024-02-29T10:00:00Z,Gas,10875.000,Elexon BMRS FUELHH
2024-02-29T10:00:00Z,Hydro,631.000,Elexon BMRS FUELHH
2024-02-29T10:00:00Z,Imports & Exports,7056.000,Elexon BMRS FUELHH
2024-02-29T10:00:00Z,Nuclear,3782.000,Elexon BMRS FUELHH
2024-02-29T10:00:00Z,Other,469.000,Elexon BMRS FUELHH
2024-02-29T10:00:00Z,Pumped Storage,102.000,Elexon BMRS FUELHH
2024-02-29T10:00:00Z,Wind,9545.000,Elexon BMRS FUELHH
2024-02-29T10:30:00Z,Biomass,2198.000,Elexon BMRS FUELHH
2024-02-29T10:30:00Z,Coal,0.000,Elexon BMRS FUELHH
2024-02-29T10:30:00Z,Gas,10638.000,Elexon BMRS FUELHH
2024-02-29T10:30:00Z,Hydro,730.000,Elexon BMRS FUELHH
2024-02-29T10:30:00Z,Imports & Exports,7340.000,Elexon BMRS FUELHH
2024-02-29T10:30:00Z,Nuclear,3777.000,Elexon BMRS FUELHH
2024-02-29T10:30:00Z,Other,389.000,Elexon BMRS FUELHH
2024-02-29T10:30:00Z,Pumped Storage,98.000,Elexon BMRS FUELHH
2024-02-29T10:30:00Z,Wind,9231.000,Elexon BMRS FUELHH
2024-02-29T11:00:00Z,Biomass,2195.000,Elexon BMRS FUELHH
2024-02-29T11:00:00Z,Coal,0.000,Elexon BMRS FUELHH
2024-02-29T11:00:00Z,Gas,10518.000,Elexon BMRS FUELHH
2024-02-29T11:00:00Z,Hydro,748.000,Elexon BMRS FUELHH
2024-02-29T11:00:00Z,Imports & Exports,7914.000,Elexon BMRS FUELHH
2024-02-29T11:00:00Z,Nuclear,3776.000,Elexon BMRS FUELHH
2024-02-29T11:00:00Z,Other,361.000,Elexon BMRS FUELHH
2024-02-29T11:00:00Z,Pumped Storage,98.000,Elexon BMRS FUELHH
2024-02-29T11:00:00Z,Wind,8645.000,Elexon BMRS FUELHH
2024-02-29T11:30:00Z,Biomass,2186.000,Elexon BMRS FUELHH
2024-02-29T11:30:00Z,Coal,0.000,Elexon BMRS FUELHH
2024-02-29T11:30:00Z,Gas,10855.000,Elexon BMRS FUELHH
2024-02-29T11:30:00Z,Hydro,772.000,Elexon BMRS FUELHH
2024-02-29T11:30:00Z,Imports & Exports,7980.000,Elexon BMRS FUELHH
2024-02-29T11:30:00Z,Nuclear,3778.000,Elexon BMRS FUELHH
2024-02-29T11:30:00Z,Other,348.000,Elexon BMRS FUELHH
2024-02-29T11:30:00Z,Pumped Storage,98.000,Elexon BMRS FUELHH
2024-02-29T11:30:00Z,Wind,8292.000,Elexon BMRS FUELHH
2024-02-29T12:00:00Z,Biomass,2181.000,Elexon BMRS FUELHH
2024-02-29T12:00:00Z,Coal,0.000,Elexon BMRS FUELHH
2024-02-29T12:00:00Z,Gas,11508.000,Elexon BMRS FUELHH
2024-02-29T12:00:00Z,Hydro,755.000,Elexon BMRS FUELHH
2024-02-29T12:00:00Z,Imports & Exports,7896.000,Elexon BMRS FUELHH
2024-02-29T12:00:00Z,Nuclear,3775.000,Elexon BMRS FUELHH
2024-02-29T12:00:00Z,Other,273.000,Elexon BMRS FUELHH
2024-02-29T12:00:00Z,Pumped Storage,164.000,Elexon BMRS FUELHH
2024-02-29T12:00:00Z,Wind,8314.000,Elexon BMRS FUELHH
2024-02-29T12:30:00Z,Biomass,2179.000,Elexon BMRS FUELHH
2024-02-29T12:30:00Z,Coal,0.000,Elexon BMRS FUELHH
2024-02-29T12:30:00Z,Gas,11636.000,Elexon BMRS FUELHH
2024-02-29T12:30:00Z,Hydro,647.000,Elexon BMRS FUELHH
2024-02-29T12:30:00Z,Imports & Exports,7866.000,Elexon BMRS FUELHH
2024-02-29T12:30:00Z,Nuclear,3780.000,Elexon BMRS FUELHH
2024-02-29T12:30:00Z,Other,539.000,Elexon BMRS FUELHH
2024-02-29T12:30:00Z,Pumped Storage,132.000,Elexon BMRS FUELHH
2024-02-29T12:30:00Z,Wind,8149.000,Elexon BMRS FUELHH
2024-02-29T13:00:00Z,Biomass,2170.000,Elexon BMRS FUELHH
2024-02-29T13:00:00Z,Coal,0.000,Elexon BMRS FUELHH
2024-02-29T13:00:00Z,Gas,11747.000,Elexon BMRS FUELHH
2024-02-29T13:00:00Z,Hydro,725.000,Elexon BMRS FUELHH
2024-02-29T13:00:00Z,Imports & Exports,7470.000,Elexon BMRS FUELHH
2024-02-29T13:00:00Z,Nuclear,3783.000,Elexon BMRS FUELHH
2024-02-29T13:00:00Z,Other,656.000,Elexon BMRS FUELHH
2024-02-29T13:00:00Z,Pumped Storage,98.000,Elexon BMRS FUELHH
2024-02-29T13:00:00Z,Wind,8383.000,Elexon BMRS FUELHH
2024-02-29T13:30:00Z,Biomass,2174.000,Elexon BMRS FUELHH
2024-02-29T13:30:00Z,Coal,0.000,Elexon BMRS FUELHH
2024-02-29T13:30:00Z,Gas,11785.000,Elexon BMRS FUELHH
2024-02-29T13:30:00Z,Hydro,719.000,Elexon BMRS FUELHH
2024-02-29T13:30:00Z,Imports & Exports,7364.000,Elexon BMRS FUELHH
2024-02-29T13:30:00Z,Nuclear,3787.000,Elexon BMRS FUELHH
2024-02-29T13:30:00Z,Other,318.000,Elexon BMRS FUELHH
2024-02-29T13:30:00Z,Pumped Storage,96.000,Elexon BMRS FUELHH
2024-02-29T13:30:00Z,Wind,8516.000,Elexon BMRS FUELHH
2024-02-29T14:00:00Z,Biomass,2181.000,Elexon BMRS FUELHH
2024-02-29T14:00:00Z,Coal,0.000,Elexon BMRS FUELHH
2024-02-29T14:00:00Z,Gas,11483.000,Elexon BMRS FUELHH
2024-02-29T14:00:00Z,Hydro,743.000,Elexon BMRS FUELHH
2024-02-29T14:00:00Z,Imports & Exports,7586.000,Elexon BMRS FUELHH
2024-02-29T14:00:00Z,Nuclear,3782.000,Elexon BMRS FUELHH
2024-02-29T14:00:00Z,Other,343.000,Elexon BMRS FUELHH
2024-02-29T14:00:00Z,Pumped Storage,98.000,Elexon BMRS FUELHH
2024-02-29T14:00:00Z,Wind,8498.000,Elexon BMRS FUELHH
2024-02-29T14:30:00Z,Biomass,2179.000,Elexon BMRS FUELHH
2024-02-29T14:30:00Z,Coal,0.000,Elexon BMRS FUELHH
2024-02-29T14:30:00Z,Gas,12130.000,Elexon BMRS FUELHH
2024-02-29T14:30:00Z,Hydro,650.000,Elexon BMRS FUELHH
2024-02-29T14:30:00Z,Imports & Exports,7548.000,Elexon BMRS FUELHH
2024-02-29T14:30:00Z,Nuclear,3783.000,Elexon BMRS FUELHH
2024-02-29T14:30:00Z,Other,264.000,Elexon BMRS FUELHH
2024-02-29T14:30:00Z,Pumped Storage,114.000,Elexon BMRS FUELHH
2024-02-29T14:30:00Z,Wind,8107.000,Elexon BMRS FUELHH
2024-02-29T15:00:00Z,Biomass,2175.000,Elexon BMRS FUELHH
2024-02-29T15:00:00Z,Coal,0.000,Elexon BMRS FUELHH
2024-02-29T15:00:00Z,Gas,12893.000,Elexon BMRS FUELHH
2024-02-29T15:00:00Z,Hydro,595.000,Elexon BMRS FUELHH
2024-02-29T15:00:00Z,Imports & Exports,7430.000,Elexon BMRS FUELHH
2024-02-29T15:00:00Z,Nuclear,3793.000,Elexon BMRS FUELHH
2024-02-29T15:00:00Z,Other,179.000,Elexon BMRS FUELHH
2024-02-29T15:00:00Z,Pumped Storage,98.000,Elexon BMRS FUELHH
2024-02-29T15:00:00Z,Wind,8249.000,Elexon BMRS FUELHH
2024-02-29T15:30:00Z,Biomass,2181.000,Elexon BMRS FUELHH
2024-02-29T15:30:00Z,Coal,0.000,Elexon BMRS FUELHH
2024-02-29T15:30:00Z,Gas,13589.000,Elexon BMRS FUELHH
2024-02-29T15:30:00Z,Hydro,613.000,Elexon BMRS FUELHH
2024-02-29T15:30:00Z,Imports & Exports,7304.000,Elexon BMRS FUELHH
2024-02-29T15:30:00Z,Nuclear,3788.000,Elexon BMRS FUELHH
2024-02-29T15:30:00Z,Other,184.000,Elexon BMRS FUELHH
2024-02-29T15:30:00Z,Pumped Storage,98.000,Elexon BMRS FUELHH
2024-02-29T15:30:00Z,Wind,8292.000,Elexon BMRS FUELHH
2024-02-29T16:00:00Z,Biomass,2181.000,Elexon BMRS FUELHH
2024-02-29T16:00:00Z,Coal,0.000,Elexon BMRS FUELHH
2024-02-29T16:00:00Z,Gas,14096.000,Elexon BMRS FUELHH
2024-02-29T16:00:00Z,Hydro,651.000,Elexon BMRS FUELHH
2024-02-29T16:00:00Z,Imports & Exports,7062.000,Elexon BMRS FUELHH
2024-02-29T16:00:00Z,Nuclear,3794.000,Elexon BMRS FUELHH
2024-02-29T16:00:00Z,Other,252.000,Elexon BMRS FUELHH
2024-02-29T16:00:00Z,Pumped Storage,116.000,Elexon BMRS FUELHH
2024-02-29T16:00:00Z,Wind,8246.000,Elexon BMRS FUELHH
2024-02-29T16:30:00Z,Biomass,2185.000,Elexon BMRS FUELHH
2024-02-29T16:30:00Z,Coal,0.000,Elexon BMRS FUELHH
2024-02-29T16:30:00Z,Gas,14920.000,Elexon BMRS FUELHH
2024-02-29T16:30:00Z,Hydro,635.000,Elexon BMRS FUELHH
2024-02-29T16:30:00Z,Imports & Exports,6966.000,Elexon BMRS FUELHH
2024-02-29T16:30:00Z,Nuclear,3784.000,Elexon BMRS FUELHH
2024-02-29T16:30:00Z,Other,305.000,Elexon BMRS FUELHH
2024-02-29T16:30:00Z,Pumped Storage,510.000,Elexon BMRS FUELHH
2024-02-29T16:30:00Z,Wind,7697.000,Elexon BMRS FUELHH
2024-02-29T17:00:00Z,Biomass,2185.000,Elexon BMRS FUELHH
2024-02-29T17:00:00Z,Coal,0.000,Elexon BMRS FUELHH
2024-02-29T17:00:00Z,Gas,15061.000,Elexon BMRS FUELHH
2024-02-29T17:00:00Z,Hydro,869.000,Elexon BMRS FUELHH
2024-02-29T17:00:00Z,Imports & Exports,7186.000,Elexon BMRS FUELHH
2024-02-29T17:00:00Z,Nuclear,3789.000,Elexon BMRS FUELHH
2024-02-29T17:00:00Z,Other,396.000,Elexon BMRS FUELHH
2024-02-29T17:00:00Z,Pumped Storage,1124.000,Elexon BMRS FUELHH
2024-02-29T17:00:00Z,Wind,7474.000,Elexon BMRS FUELHH
2024-02-29T17:30:00Z,Biomass,2192.000,Elexon BMRS FUELHH
2024-02-29T17:30:00Z,Coal,0.000,Elexon BMRS FUELHH
2024-02-29T17:30:00Z,Gas,15308.000,Elexon BMRS FUELHH
2024-02-29T17:30:00Z,Hydro,836.000,Elexon BMRS FUELHH
2024-02-29T17:30:00Z,Imports & Exports,7216.000,Elexon BMRS FUELHH
2024-02-29T17:30:00Z,Nuclear,3788.000,Elexon BMRS FUELHH
2024-02-29T17:30:00Z,Other,547.000,Elexon BMRS FUELHH
2024-02-29T17:30:00Z,Pumped Storage,1620.000,Elexon BMRS FUELHH
2024-02-29T17:30:00Z,Wind,7097.000,Elexon BMRS FUELHH
2024-02-29T18:00:00Z,Biomass,2188.000,Elexon BMRS FUELHH
2024-02-29T18:00:00Z,Coal,0.000,Elexon BMRS FUELHH
2024-02-29T18:00:00Z,Gas,15282.000,Elexon BMRS FUELHH
2024-02-29T18:00:00Z,Hydro,840.000,Elexon BMRS FUELHH
2024-02-29T18:00:00Z,Imports & Exports,7822.000,Elexon BMRS FUELHH
2024-02-29T18:00:00Z,Nuclear,3789.000,Elexon BMRS FUELHH
2024-02-29T18:00:00Z,Other,639.000,Elexon BMRS FUELHH
2024-02-29T18:00:00Z,Pumped Storage,1642.000,Elexon BMRS FUELHH
2024-02-29T18:00:00Z,Wind,7058.000,Elexon BMRS FUELHH
2024-02-29T18:30:00Z,Biomass,2217.000,Elexon BMRS FUELHH
2024-02-29T18:30:00Z,Coal,0.000,Elexon BMRS FUELHH
2024-02-29T18:30:00Z,Gas,14936.000,Elexon BMRS FUELHH
2024-02-29T18:30:00Z,Hydro,781.000,Elexon BMRS FUELHH
2024-02-29T18:30:00Z,Imports & Exports,7836.000,Elexon BMRS FUELHH
2024-02-29T18:30:00Z,Nuclear,3788.000,Elexon BMRS FUELHH
2024-02-29T18:30:00Z,Other,795.000,Elexon BMRS FUELHH
2024-02-29T18:30:00Z,Pumped Storage,1722.000,Elexon BMRS FUELHH
2024-02-29T18:30:00Z,Wind,6884.000,Elexon BMRS FUELHH
2024-02-29T19:00:00Z,Biomass,2246.000,Elexon BMRS FUELHH
2024-02-29T19:00:00Z,Coal,0.000,Elexon BMRS FUELHH
2024-02-29T19:00:00Z,Gas,14968.000,Elexon BMRS FUELHH
2024-02-29T19:00:00Z,Hydro,775.000,Elexon BMRS FUELHH
2024-02-29T19:00:00Z,Imports & Exports,7834.000,Elexon BMRS FUELHH
2024-02-29T19:00:00Z,Nuclear,3787.000,Elexon BMRS FUELHH
2024-02-29T19:00:00Z,Other,751.000,Elexon BMRS FUELHH
2024-02-29T19:00:00Z,Pumped Storage,1620.000,Elexon BMRS FUELHH
2024-02-29T19:00:00Z,Wind,6603.000,Elexon BMRS FUELHH
2024-02-29T19:30:00Z,Biomass,2265.000,Elexon BMRS FUELHH
2024-02-29T19:30:00Z,Coal,0.000,Elexon BMRS FUELHH
2024-02-29T19:30:00Z,Gas,14644.000,Elexon BMRS FUELHH
2024-02-29T19:30:00Z,Hydro,780.000,Elexon BMRS FUELHH
2024-02-29T19:30:00Z,Imports & Exports,7834.000,Elexon BMRS FUELHH
2024-02-29T19:30:00Z,Nuclear,3790.000,Elexon BMRS FUELHH
2024-02-29T19:30:00Z,Other,530.000,Elexon BMRS FUELHH
2024-02-29T19:30:00Z,Pumped Storage,1272.000,Elexon BMRS FUELHH
2024-02-29T19:30:00Z,Wind,6537.000,Elexon BMRS FUELHH
2024-02-29T20:00:00Z,Biomass,2285.000,Elexon BMRS FUELHH
2024-02-29T20:00:00Z,Coal,0.000,Elexon BMRS FUELHH
2024-02-29T20:00:00Z,Gas,14752.000,Elexon BMRS FUELHH
2024-02-29T20:00:00Z,Hydro,734.000,Elexon BMRS FUELHH
2024-02-29T20:00:00Z,Imports & Exports,7920.000,Elexon BMRS FUELHH
2024-02-29T20:00:00Z,Nuclear,3789.000,Elexon BMRS FUELHH
2024-02-29T20:00:00Z,Other,559.000,Elexon BMRS FUELHH
2024-02-29T20:00:00Z,Pumped Storage,426.000,Elexon BMRS FUELHH
2024-02-29T20:00:00Z,Wind,6189.000,Elexon BMRS FUELHH
2024-02-29T20:30:00Z,Biomass,2288.000,Elexon BMRS FUELHH
2024-02-29T20:30:00Z,Coal,0.000,Elexon BMRS FUELHH
2024-02-29T20:30:00Z,Gas,14166.000,Elexon BMRS FUELHH
2024-02-29T20:30:00Z,Hydro,663.000,Elexon BMRS FUELHH
2024-02-29T20:30:00Z,Imports & Exports,7984.000,Elexon BMRS FUELHH
2024-02-29T20:30:00Z,Nuclear,3782.000,Elexon BMRS FUELHH
2024-02-29T20:30:00Z,Other,243.000,Elexon BMRS FUELHH
2024-02-29T20:30:00Z,Pumped Storage,514.000,Elexon BMRS FUELHH
2024-02-29T20:30:00Z,Wind,5713.000,Elexon BMRS FUELHH
2024-02-29T21:00:00Z,Biomass,2279.000,Elexon BMRS FUELHH
2024-02-29T21:00:00Z,Coal,0.000,Elexon BMRS FUELHH
2024-02-29T21:00:00Z,Gas,13246.000,Elexon BMRS FUELHH
2024-02-29T21:00:00Z,Hydro,667.000,Elexon BMRS FUELHH
2024-02-29T21:00:00Z,Imports & Exports,7836.000,Elexon BMRS FUELHH
2024-02-29T21:00:00Z,Nuclear,3785.000,Elexon BMRS FUELHH
2024-02-29T21:00:00Z,Other,327.000,Elexon BMRS FUELHH
2024-02-29T21:00:00Z,Pumped Storage,318.000,Elexon BMRS FUELHH
2024-02-29T21:00:00Z,Wind,5556.000,Elexon BMRS FUELHH
2024-02-29T21:30:00Z,Biomass,2284.000,Elexon BMRS FUELHH
2024-02-29T21:30:00Z,Coal,0.000,Elexon BMRS FUELHH
2024-02-29T21:30:00Z,Gas,11879.000,Elexon BMRS FUELHH
2024-02-29T21:30:00Z,Hydro,815.000,Elexon BMRS FUELHH
2024-02-29T21:30:00Z,Imports & Exports,7812.000,Elexon BMRS FUELHH
2024-02-29T21:30:00Z,Nuclear,3783.000,Elexon BMRS FUELHH
2024-02-29T21:30:00Z,Other,243.000,Elexon BMRS FUELHH
2024-02-29T21:30:00Z,Pumped Storage,178.000,Elexon BMRS FUELHH
2024-02-29T21:30:00Z,Wind,5246.000,Elexon BMRS FUELHH
2024-02-29T22:00:00Z,Biomass,2288.000,Elexon BMRS FUELHH
2024-02-29T22:00:00Z,Coal,0.000,Elexon BMRS FUELHH
2024-02-29T22:00:00Z,Gas,11311.000,Elexon BMRS FUELHH
2024-02-29T22:00:00Z,Hydro,824.000,Elexon BMRS FUELHH
2024-02-29T22:00:00Z,Imports & Exports,7642.000,Elexon BMRS FUELHH
2024-02-29T22:00:00Z,Nuclear,3787.000,Elexon BMRS FUELHH
2024-02-29T22:00:00Z,Other,198.000,Elexon BMRS FUELHH
2024-02-29T22:00:00Z,Pumped Storage,-14.000,Elexon BMRS FUELHH
2024-02-29T22:00:00Z,Wind,4533.000,Elexon BMRS FUELHH
2024-02-29T22:30:00Z,Biomass,2293.000,Elexon BMRS FUELHH
2024-02-29T22:30:00Z,Coal,0.000,Elexon BMRS FUELHH
2024-02-29T22:30:00Z,Gas,10071.000,Elexon BMRS FUELHH
2024-02-29T22:30:00Z,Hydro,589.000,Elexon BMRS FUELHH
2024-02-29T22:30:00Z,Imports & Exports,7694.000,Elexon BMRS FUELHH
2024-02-29T22:30:00Z,Nuclear,3783.000,Elexon BMRS FUELHH
2024-02-29T22:30:00Z,Other,190.000,Elexon BMRS FUELHH
2024-02-29T22:30:00Z,Pumped Storage,-14.000,Elexon BMRS FUELHH
2024-02-29T22:30:00Z,Wind,4450.000,Elexon BMRS FUELHH
2024-02-29T23:00:00Z,Biomass,2298.000,Elexon BMRS FUELHH
2024-02-29T23:00:00Z,Coal,0.000,Elexon BMRS FUELHH
2024-02-29T23:00:00Z,Gas,8356.000,Elexon BMRS FUELHH
2024-02-29T23:00:00Z,Hydro,537.000,Elexon BMRS FUELHH
2024-02-29T23:00:00Z,Imports & Exports,7932.000,Elexon BMRS FUELHH
2024-02-29T23:00:00Z,Nuclear,3783.000,Elexon BMRS FUELHH
2024-02-29T23:00:00Z,Other,205.000,Elexon BMRS FUELHH
2024-02-29T23:00:00Z,Pumped Storage,-10.000,Elexon BMRS FUELHH
2024-02-29T23:00:00Z,Wind,4191.000,Elexon BMRS FUELHH
2024-02-29T23:30:00Z,Biomass,2297.000,Elexon BMRS FUELHH
2024-02-29T23:30:00Z,Coal,0.000,Elexon BMRS FUELHH
2024-02-29T23:30:00Z,Gas,8069.000,Elexon BMRS FUELHH
2024-02-29T23:30:00Z,Hydro,534.000,Elexon BMRS FUELHH
2024-02-29T23:30:00Z,Imports & Exports,7934.000,Elexon BMRS FUELHH
2024-02-29T23:30:00Z,Nuclear,3784.000,Elexon BMRS FUELHH
2024-02-29T23:30:00Z,Other,191.000,Elexon BMRS FUELHH
2024-02-29T23:30:00Z,Pumped Storage,-12.000,Elexon BMRS FUELHH
2024-02-29T23:30:00Z,Wind,3657.000,Elexon BMRS FUELHH
