time,technology,generationMW,source
2022-02-28T23:30:00Z,Biomass,2898.000,Elexon BMRS FUELHH
2022-02-28T23:30:00Z,Coal,0.000,Elexon BMRS FUELHH
2022-02-28T23:30:00Z,Gas,10406.000,Elexon BMRS FUELHH
2022-02-28T23:30:00Z,Hydro,703.000,Elexon BMRS FUELHH
2022-02-28T23:30:00Z,Imports & Exports,958.000,Elexon BMRS FUELHH
2022-02-28T23:30:00Z,Nuclear,5880.000,Elexon BMRS FUELHH
2022-02-28T23:30:00Z,Other,156.000,Elexon BMRS FUELHH
2022-02-28T23:30:00Z,Pumped Storage,-456.000,Elexon BMRS FUELHH
2022-02-28T23:30:00Z,Wind,5588.000,Elexon BMRS FUELHH
2022-03-01T00:00:00Z,Biomass,2510.000,Elexon BMRS FUELHH
2022-03-01T00:00:00Z,Coal,0.000,Elexon BMRS FUELHH
2022-03-01T00:00:00Z,Gas,9960.000,Elexon BMRS FUELHH
2022-03-01T00:00:00Z,Hydro,721.000,Elexon BMRS FUELHH
2022-03-01T00:00:00Z,Imports & Exports,2002.000,Elexon BMRS FUELHH
2022-03-01T00:00:00Z,Nuclear,5880.000,Elexon BMRS FUELHH
2022-03-01T00:00:00Z,Other,156.000,Elexon BMRS FUELHH
2022-03-01T00:00:00Z,Pumped Storage,-582.000,Elexon BMRS FUELHH
2022-03-01T00:00:00Z,Wind,5398.000,Elexon BMRS FUELHH
2022-03-01T00:30:00Z,Biomass,2671.000,Elexon BMRS FUELHH
2022-03-01T00:30:00Z,Coal,0.000,Elexon BMRS FUELHH
2022-03-01T00:30:00Z,Gas,10448.000,Elexon BMRS FUELHH
2022-03-01T00:30:00Z,Hydro,728.000,Elexon BMRS FUELHH
2022-03-01T00:30:00Z,Imports & Exports,2086.000,Elexon BMRS FUELHH
2022-03-01T00:30:00Z,Nuclear,5883.000,Elexon BMRS FUELHH
2022-03-01T00:30:00Z,Other,157.000,Elexon BMRS FUELHH
2022-03-01T00:30:00Z,Pumped Storage,-592.000,Elexon BMRS FUELHH
2022-03-01T00:30:00Z,Wind,5450.000,Elexon BMRS FUELHH
2022-03-01T01:00:00Z,Biomass,2651.000,Elexon BMRS FUELHH
2022-03-01T01:00:00Z,Coal,0.000,Elexon BMRS FUELHH
2022-03-01T01:00:00Z,Gas,10324.000,Elexon BMRS FUELHH
2022-03-01T01:00:00Z,Hydro,716.000,Elexon BMRS FUELHH
2022-03-01T01:00:00Z,Imports & Exports,2060.000,Elexon BMRS FUELHH
2022-03-01T01:00:00Z,Nuclear,5896.000,Elexon BMRS FUELHH
2022-03-01T01:00:00Z,Other,153.000,Elexon BMRS FUELHH
2022-03-01T01:00:00Z,Pumped Storage,-634.000,Elexon BMRS FUELHH
2022-03-01T01:00:00Z,Wind,5507.000,Elexon BMRS FUELHH
2022-03-01T01:30:00Z,Biomass,2730.000,Elexon BMRS FUELHH
2022-03-01T01:30:00Z,Coal,0.000,Elexon BMRS FUELHH
2022-03-01T01:30:00Z,Gas,10338.000,Elexon BMRS FUELHH
2022-03-01T01:30:00Z,Hydro,719.000,Elexon BMRS FUELHH
2022-03-01T01:30:00Z,Imports & Exports,2032.000,Elexon BMRS FUELHH
2022-03-01T01:30:00Z,Nuclear,5895.000,Elexon BMRS FUELHH
2022-03-01T01:30:00Z,Other,153.000,Elexon BMRS FUELHH
2022-03-01T01:30:00Z,Pumped Storage,-760.000,Elexon BMRS FUELHH
2022-03-01T01:30:00Z,Wind,4867.000,Elexon BMRS FUELHH
2022-03-01T02:00:00Z,Biomass,2899.000,Elexon BMRS FUELHH
2022-03-01T02:00:00Z,Coal,0.000,Elexon BMRS FUELHH
2022-03-01T02:00:00Z,Gas,10555.000,Elexon BMRS FUELHH
2022-03-01T02:00:00Z,Hydro,751.000,Elexon BMRS FUELHH
2022-03-01T02:00:00Z,Imports & Exports,1650.000,Elexon BMRS FUELHH
2022-03-01T02:00:00Z,Nuclear,5896.000,Elexon BMRS FUELHH
2022-03-01T02:00:00Z,Other,147.000,Elexon BMRS FUELHH
2022-03-01T02:00:00Z,Pumped Storage,-1120.000,Elexon BMRS FUELHH
2022-03-01T02:00:00Z,Wind,4754.000,Elexon BMRS FUELHH
2022-03-01T02:30:00Z,Biomass,2916.000,Elexon BMRS FUELHH
2022-03-01T02:30:00Z,Coal,0.000,Elexon BMRS FUELHH
2022-03-01T02:30:00Z,Gas,10403.000,Elexon BMRS FUELHH
2022-03-01T02:30:00Z,Hydro,783.000,Elexon BMRS FUELHH
2022-03-01T02:30:00Z,Imports & Exports,1636.000,Elexon BMRS FUELHH
2022-03-01T02:30:00Z,Nuclear,5881.000,Elexon BMRS FUELHH
2022-03-01T02:30:00Z,Other,147.000,Elexon BMRS FUELHH
2022-03-01T02:30:00Z,Pumped Storage,-1194.000,Elexon BMRS FUELHH
2022-03-01T02:30:00Z,Wind,4489.000,Elexon BMRS FUELHH
2022-03-01T03:00:00Z,Biomass,2917.000,Elexon BMRS FUELHH
2022-03-01T03:00:00Z,Coal,0.000,Elexon BMRS FUELHH
2022-03-01T03:00:00Z,Gas,10160.000,Elexon BMRS FUELHH
2022-03-01T03:00:00Z,Hydro,750.000,Elexon BMRS FUELHH
2022-03-01T03:00:00Z,Imports & Exports,1788.000,Elexon BMRS FUELHH
2022-03-01T03:00:00Z,Nuclear,5885.000,Elexon BMRS FUELHH
2022-03-01T03:00:00Z,Other,142.000,Elexon BMRS FUELHH
2022-03-01T03:00:00Z,Pumped Storage,-1194.000,Elexon BMRS FUELHH
2022-03-01T03:00:00Z,Wind,4361.000,Elexon BMRS FUELHH
2022-03-01T03:30:00Z,Biomass,2916.000,Elexon BMRS FUELHH
2022-03-01T03:30:00Z,Coal,0.000,Elexon BMRS FUELHH
2022-03-01T03:30:00Z,Gas,10055.000,Elexon BMRS FUELHH
2022-03-01T03:30:00Z,Hydro,739.000,Elexon BMRS FUELHH
2022-03-01T03:30:00Z,Imports & Exports,1792.000,Elexon BMRS FUELHH
2022-03-01T03:30:00Z,Nuclear,5884.000,Elexon BMRS FUELHH
2022-03-01T03:30:00Z,Other,134.000,Elexon BMRS FUELHH
2022-03-01T03:30:00Z,Pumped Storage,-1200.000,Elexon BMRS FUELHH
2022-03-01T03:30:00Z,Wind,4271.000,Elexon BMRS FUELHH
2022-03-01T04:00:00Z,Biomass,2917.000,Elexon BMRS FUELHH
2022-03-01T04:00:00Z,Coal,104.000,Elexon BMRS FUELHH
2022-03-01T04:00:00Z,Gas,10370.000,Elexon BMRS FUELHH
2022-03-01T04:00:00Z,Hydro,751.000,Elexon BMRS FUELHH
2022-03-01T04:00:00Z,Imports & Exports,1602.000,Elexon BMRS FUELHH
2022-03-01T04:00:00Z,Nuclear,5884.000,Elexon BMRS FUELHH
2022-03-01T04:00:00Z,Other,137.000,Elexon BMRS FUELHH
2022-03-01T04:00:00Z,Pumped Storage,-1450.000,Elexon BMRS FUELHH
2022-03-01T04:00:00Z,Wind,4094.000,Elexon BMRS FUELHH
2022-03-01T04:30:00Z,Biomass,2913.000,Elexon BMRS FUELHH
2022-03-01T04:30:00Z,Coal,369.000,Elexon BMRS FUELHH
2022-03-01T04:30:00Z,Gas,10082.000,Elexon BMRS FUELHH
2022-03-01T04:30:00Z,Hydro,754.000,Elexon BMRS FUELHH
2022-03-01T04:30:00Z,Imports & Exports,1622.000,Elexon BMRS FUELHH
2022-03-01T04:30:00Z,Nuclear,5894.000,Elexon BMRS FUELHH
2022-03-01T04:30:00Z,Other,134.000,Elexon BMRS FUELHH
2022-03-01T04:30:00Z,Pumped Storage,-1350.000,Elexon BMRS FUELHH
2022-03-01T04:30:00Z,Wind,4108.000,Elexon BMRS FUELHH
2022-03-01T05:00:00Z,Biomass,2906.000,Elexon BMRS FUELHH
2022-03-01T05:00:00Z,Coal,605.000,Elexon BMRS FUELHH
2022-03-01T05:00:00Z,Gas,11409.000,Elexon BMRS FUELHH
2022-03-01T05:00:00Z,Hydro,772.000,Elexon BMRS FUELHH
2022-03-01T05:00:00Z,Imports & Exports,-466.000,Elexon BMRS FUELHH
2022-03-01T05:00:00Z,Nuclear,5892.000,Elexon BMRS FUELHH
2022-03-01T05:00:00Z,Other,144.000,Elexon BMRS FUELHH
2022-03-01T05:00:00Z,Pumped Storage,-210.000,Elexon BMRS FUELHH
2022-03-01T05:00:00Z,Wind,4180.000,Elexon BMRS FUELHH
2022-03-01T05:30:00Z,Biomass,2823.000,Elexon BMRS FUELHH
2022-03-01T05:30:00Z,Coal,806.000,Elexon BMRS FUELHH
2022-03-01T05:30:00Z,Gas,12156.000,Elexon BMRS FUELHH
2022-03-01T05:30:00Z,Hydro,771.000,Elexon BMRS FUELHH
2022-03-01T05:30:00Z,Imports & Exports,-458.000,Elexon BMRS FUELHH
2022-03-01T05:30:00Z,Nuclear,5895.000,Elexon BMRS FUELHH
2022-03-01T05:30:00Z,Other,135.000,Elexon BMRS FUELHH
2022-03-01T05:30:00Z,Pumped Storage,-6.000,Elexon BMRS FUELHH
2022-03-01T05:30:00Z,Wind,4071.000,Elexon BMRS FUELHH
2022-03-01T06:00:00Z,Biomass,2632.000,Elexon BMRS FUELHH
2022-03-01T06:00:00Z,Coal,1064.000,Elexon BMRS FUELHH
2022-03-01T06:00:00Z,Gas,13863.000,Elexon BMRS FUELHH
2022-03-01T06:00:00Z,Hydro,863.000,Elexon BMRS FUELHH
2022-03-01T06:00:00Z,Imports & Exports,390.000,Elexon BMRS FUELHH
2022-03-01T06:00:00Z,Nuclear,5888.000,Elexon BMRS FUELHH
2022-03-01T06:00:00Z,Other,160.000,Elexon BMRS FUELHH
2022-03-01T06:00:00Z,Pumped Storage,66.000,Elexon BMRS FUELHH
2022-03-01T06:00:00Z,Wind,4010.000,Elexon BMRS FUELHH
2022-03-01T06:30:00Z,Biomass,2888.000,Elexon BMRS FUELHH
2022-03-01T06:30:00Z,Coal,1347.000,Elexon BMRS FUELHH
2022-03-01T06:30:00Z,Gas,16180.000,Elexon BMRS FUELHH
2022-03-01T06:30:00Z,Hydro,858.000,Elexon BMRS FUELHH
2022-03-01T06:30:00Z,Imports & Exports,372.000,Elexon BMRS FUELHH
2022-03-01T06:30:00Z,Nuclear,5887.000,Elexon BMRS FUELHH
2022-03-01T06:30:00Z,Other,185.000,Elexon BMRS FUELHH
2022-03-01T06:30:00Z,Pumped Storage,36.000,Elexon BMRS FUELHH
2022-03-01T06:30:00Z,Wind,4038.000,Elexon BMRS FUELHH
2022-03-01T07:00:00Z,Biomass,2913.000,Elexon BMRS FUELHH
2022-03-01T07:00:00Z,Coal,1473.000,Elexon BMRS FUELHH
2022-03-01T07:00:00Z,Gas,17349.000,Elexon BMRS FUELHH
2022-03-01T07:00:00Z,Hydro,895.000,Elexon BMRS FUELHH
2022-03-01T07:00:00Z,Imports & Exports,1116.000,Elexon BMRS FUELHH
2022-03-01T07:00:00Z,Nuclear,5878.000,Elexon BMRS FUELHH
2022-03-01T07:00:00Z,Other,384.000,Elexon BMRS FUELHH
2022-03-01T07:00:00Z,Pumped Storage,454.000,Elexon BMRS FUELHH
2022-03-01T07:00:00Z,Wind,4126.000,Elexon BMRS FUELHH
2022-03-01T07:30:00Z,Biomass,2903.000,Elexon BMRS FUELHH
2022-03-01T07:30:00Z,Coal,1480.000,Elexon BMRS FUELHH
2022-03-01T07:30:00Z,Gas,17976.000,Elexon BMRS FUELHH
2022-03-01T07:30:00Z,Hydro,1082.000,Elexon BMRS FUELHH
2022-03-01T07:30:00Z,Imports & Exports,1174.000,Elexon BMRS FUELHH
2022-03-01T07:30:00Z,Nuclear,5885.000,Elexon BMRS FUELHH
2022-03-01T07:30:00Z,Other,817.000,Elexon BMRS FUELHH
2022-03-01T07:30:00Z,Pumped Storage,502.000,Elexon BMRS FUELHH
2022-03-01T07:30:00Z,Wind,3956.000,Elexon BMRS FUELHH
2022-03-01T08:00:00Z,Biomass,2900.000,Elexon BMRS FUELHH
2022-03-01T08:00:00Z,Coal,1480.000,Elexon BMRS FUELHH
2022-03-01T08:00:00Z,Gas,17664.000,Elexon BMRS FUELHH
2022-03-01T08:00:00Z,Hydro,907.000,Elexon BMRS FUELHH
2022-03-01T08:00:00Z,Imports & Exports,3216.000,Elexon BMRS FUELHH
2022-03-01T08:00:00Z,Nuclear,5878.000,Elexon BMRS FUELHH
2022-03-01T08:00:00Z,Other,571.000,Elexon BMRS FUELHH
2022-03-01T08:00:00Z,Pumped Storage,688.000,Elexon BMRS FUELHH
2022-03-01T08:00:00Z,Wind,3695.000,Elexon BMRS FUELHH
2022-03-01T08:30:00Z,Biomass,2915.000,Elexon BMRS FUELHH
2022-03-01T08:30:00Z,Coal,1478.000,Elexon BMRS FUELHH
2022-03-01T08:30:00Z,Gas,17636.000,Elexon BMRS FUELHH
2022-03-01T08:30:00Z,Hydro,880.000,Elexon BMRS FUELHH
2022-03-01T08:30:00Z,Imports & Exports,3486.000,Elexon BMRS FUELHH
2022-03-01T08:30:00Z,Nuclear,5879.000,Elexon BMRS FUELHH
2022-03-01T08:30:00Z,Other,656.000,Elexon BMRS FUELHH
2022-03-01T08:30:00Z,Pumped Storage,678.000,Elexon BMRS FUELHH
2022-03-01T08:30:00Z,Wind,3636.000,Elexon BMRS FUELHH
2022-03-01T09:00:00Z,Biomass,2913.000,Elexon BMRS FUELHH
2022-03-01T09:00:00Z,Coal,1480.000,Elexon BMRS FUELHH
2022-03-01T09:00:00Z,Gas,17825.000,Elexon BMRS FUELHH
2022-03-01T09:00:00Z,Hydro,858.000,Elexon BMRS FUELHH
2022-03-01T09:00:00Z,Imports & Exports,4042.000,Elexon BMRS FUELHH
2022-03-01T09:00:00Z,Nuclear,5876.000,Elexon BMRS FUELHH
2022-03-01T09:00:00Z,Other,530.000,Elexon BMRS FUELHH
2022-03-01T09:00:00Z,Pumped Storage,392.000,Elexon BMRS FUELHH
2022-03-01T09:00:00Z,Wind,3580.000,Elexon BMRS FUELHH
2022-03-01T09:30:00Z,Biomass,2913.000,Elexon BMRS FUELHH
2022-03-01T09:30:00Z,Coal,1479.000,Elexon BMRS FUELHH
2022-03-01T09:30:00Z,Gas,17927.000,Elexon BMRS FUELHH
2022-03-01T09:30:00Z,Hydro,827.000,Elexon BMRS FUELHH
2022-03-01T09:30:00Z,Imports & Exports,3974.000,Elexon BMRS FUELHH
2022-03-01T09:30:00Z,Nuclear,5880.000,Elexon BMRS FUELHH
2022-03-01T09:30:00Z,Other,482.000,Elexon BMRS FUELHH
2022-03-01T09:30:00Z,Pumped Storage,534.000,Elexon BMRS FUELHH
2022-03-01T09:30:00Z,Wind,3508.000,Elexon BMRS FUELHH
2022-03-01T10:00:00Z,Biomass,2912.000,Elexon BMRS FUELHH
2022-03-01T10:00:00Z,Coal,1478.000,Elexon BMRS FUELHH
2022-03-01T10:00:00Z,Gas,17881.000,Elexon BMRS FUELHH
2022-03-01T10:00:00Z,Hydro,826.000,Elexon BMRS FUELHH
2022-03-01T10:00:00Z,Imports & Exports,4640.000,Elexon BMRS FUELHH
2022-03-01T10:00:00Z,Nuclear,5881.000,Elexon BMRS FUELHH
2022-03-01T10:00:00Z,Other,314.000,Elexon BMRS FUELHH
2022-03-01T10:00:00Z,Pumped Storage,60.000,Elexon BMRS FUELHH
2022-03-01T10:00:00Z,Wind,3407.000,Elexon BMRS FUELHH
2022-03-01T10:30:00Z,Biomass,2911.000,Elexon BMRS FUELHH
2022-03-01T10:30:00Z,Coal,1480.000,Elexon BMRS FUELHH
2022-03-01T10:30:00Z,Gas,17793.000,Elexon BMRS FUELHH
2022-03-01T10:30:00Z,Hydro,855.000,Elexon BMRS FUELHH
2022-03-01T10:30:00Z,Imports & Exports,5042.000,Elexon BMRS FUELHH
2022-03-01T10:30:00Z,Nuclear,5878.000,Elexon BMRS FUELHH
2022-03-01T10:30:00Z,Other,256.000,Elexon BMRS FUELHH
2022-03-01T10:30:00Z,Pumped Storage,-12.000,Elexon BMRS FUELHH
2022-03-01T10:30:00Z,Wind,3445.000,Elexon BMRS FUELHH
2022-03-01T11:00:00Z,Biomass,2913.000,Elexon BMRS FUELHH
2022-03-01T11:00:00Z,Coal,1478.000,Elexon BMRS FUELHH
2022-03-01T11:00:00Z,Gas,17832.000,Elexon BMRS FUELHH
2022-03-01T11:00:00Z,Hydro,872.000,Elexon BMRS FUELHH
2022-03-01T11:00:00Z,Imports & Exports,4984.000,Elexon BMRS FUELHH
2022-03-01T11:00:00Z,Nuclear,5883.000,Elexon BMRS FUELHH
2022-03-01T11:00:00Z,Other,235.000,Elexon BMRS FUELHH
2022-03-01T11:00:00Z,Pumped Storage,-10.000,Elexon BMRS FUELHH
2022-03-01T11:00:00Z,Wind,3376.000,Elexon BMRS FUELHH
2022-03-01T11:30:00Z,Biomass,2915.000,Elexon BMRS FUELHH
2022-03-01T11:30:00Z,Coal,1433.000,Elexon BMRS FUELHH
2022-03-01T11:30:00Z,Gas,17731.000,Elexon BMRS FUELHH
2022-03-01T11:30:00Z,Hydro,872.000,Elexon BMRS FUELHH
2022-03-01T11:30:00Z,Imports & Exports,5008.000,Elexon BMRS FUELHH
2022-03-01T11:30:00Z,Nuclear,5875.000,Elexon BMRS FUELHH
2022-03-01T11:30:00Z,Other,241.000,Elexon BMRS FUELHH
2022-03-01T11:30:00Z,Pumped Storage,-10.000,Elexon BMRS FUELHH
2022-03-01T11:30:00Z,Wind,3181.000,Elexon BMRS FUELHH
2022-03-01T12:00:00Z,Biomass,2911.000,Elexon BMRS FUELHH
2022-03-01T12:00:00Z,Coal,1231.000,Elexon BMRS FUELHH
2022-03-01T12:00:00Z,Gas,18037.000,Elexon BMRS FUELHH
2022-03-01T12:00:00Z,Hydro,886.000,Elexon BMRS FUELHH
2022-03-01T12:00:00Z,Imports & Exports,5216.000,Elexon BMRS FUELHH
2022-03-01T12:00:00Z,Nuclear,5879.000,Elexon BMRS FUELHH
2022-03-01T12:00:00Z,Other,240.000,Elexon BMRS FUELHH
2022-03-01T12:00:00Z,Pumped Storage,-10.000,Elexon BMRS FUELHH
2022-03-01T12:00:00Z,Wind,3123.000,Elexon BMRS FUELHH
2022-03-01T12:30:00Z,Biomass,2903.000,Elexon BMRS FUELHH
2022-03-01T12:30:00Z,Coal,1229.000,Elexon BMRS FUELHH
2022-03-01T12:30:00Z,Gas,18137.000,Elexon BMRS FUELHH
2022-03-01T12:30:00Z,Hydro,873.000,Elexon BMRS FUELHH
2022-03-01T12:30:00Z,Imports & Exports,5230.000,Elexon BMRS FUELHH
2022-03-01T12:30:00Z,Nuclear,5879.000,Elexon BMRS FUELHH
2022-03-01T12:30:00Z,Other,237.000,Elexon BMRS FUELHH
2022-03-01T12:30:00Z,Pumped Storage,-10.000,Elexon BMRS FUELHH
2022-03-01T12:30:00Z,Wind,2942.000,Elexon BMRS FUELHH
2022-03-01T13:00:00Z,Biomass,2811.000,Elexon BMRS FUELHH
2022-03-01T13:00:00Z,Coal,1229.000,Elexon BMRS FUELHH
2022-03-01T13:00:00Z,Gas,18113.000,Elexon BMRS FUELHH
2022-03-01T13:00:00Z,Hydro,874.000,Elexon BMRS FUELHH
2022-03-01T13:00:00Z,Imports & Exports,4890.000,Elexon BMRS FUELHH
2022-03-01T13:00:00Z,Nuclear,5885.000,Elexon BMRS FUELHH
2022-03-01T13:00:00Z,Other,308.000,Elexon BMRS FUELHH
2022-03-01T13:00:00Z,Pumped Storage,108.000,Elexon BMRS FUELHH
2022-03-01T13:00:00Z,Wind,2877.000,Elexon BMRS FUELHH
2022-03-01T13:30:00Z,Biomass,2806.000,Elexon BMRS FUELHH
2022-03-01T13:30:00Z,Coal,1299.000,Elexon BMRS FUELHH
2022-03-01T13:30:00Z,Gas,18075.000,Elexon BMRS FUELHH
2022-03-01T13:30:00Z,Hydro,868.000,Elexon BMRS FUELHH
2022-03-01T13:30:00Z,Imports & Exports,4562.000,Elexon BMRS FUELHH
2022-03-01T13:30:00Z,Nuclear,5884.000,Elexon BMRS FUELHH
2022-03-01T13:30:00Z,Other,353.000,Elexon BMRS FUELHH
2022-03-01T13:30:00Z,Pumped Storage,-10.000,Elexon BMRS FUELHH
2022-03-01T13:30:00Z,Wind,2781.000,Elexon BMRS FUELHH
2022-03-01T14:00:00Z,Biomass,2812.000,Elexon BMRS FUELHH
2022-03-01T14:00:00Z,Coal,1350.000,Elexon BMRS FUELHH
2022-03-01T14:00:00Z,Gas,17856.000,Elexon BMRS FUELHH
2022-03-01T14:00:00Z,Hydro,851.000,Elexon BMRS FUELHH
2022-03-01T14:00:00Z,Imports & Exports,4584.000,Elexon BMRS FUELHH
2022-03-01T14:00:00Z,Nuclear,5883.000,Elexon BMRS FUELHH
2022-03-01T14:00:00Z,Other,281.000,Elexon BMRS FUELHH
2022-03-01T14:00:00Z,Pumped Storage,-10.000,Elexon BMRS FUELHH
2022-03-01T14:00:00Z,Wind,2815.000,Elexon BMRS FUELHH
2022-03-01T14:30:00Z,Biomass,2816.000,Elexon BMRS FUELHH
2022-03-01T14:30:00Z,Coal,1263.000,Elexon BMRS FUELHH
2022-03-01T14:30:00Z,Gas,18147.000,Elexon BMRS FUELHH
2022-03-01T14:30:00Z,Hydro,827.000,Elexon BMRS FUELHH
2022-03-01T14:30:00Z,Imports & Exports,4600.000,Elexon BMRS FUELHH
2022-03-01T14:30:00Z,Nuclear,5872.000,Elexon BMRS FUELHH
2022-03-01T14:30:00Z,Other,284.000,Elexon BMRS FUELHH
2022-03-01T14:30:00Z,Pumped Storage,14.000,Elexon BMRS FUELHH
2022-03-01T14:30:00Z,Wind,2737.000,Elexon BMRS FUELHH
2022-03-01T15:00:00Z,Biomass,2891.000,Elexon BMRS FUELHH
2022-03-01T15:00:00Z,Coal,1449.000,Elexon BMRS FUELHH
2022-03-01T15:00:00Z,Gas,17890.000,Elexon BMRS FUELHH
2022-03-01T15:00:00Z,Hydro,853.000,Elexon BMRS FUELHH
2022-03-01T15:00:00Z,Imports & Exports,4826.000,Elexon BMRS FUELHH
2022-03-01T15:00:00Z,Nuclear,5879.000,Elexon BMRS FUELHH
2022-03-01T15:00:00Z,Other,279.000,Elexon BMRS FUELHH
2022-03-01T15:00:00Z,Pumped Storage,30.000,Elexon BMRS FUELHH
2022-03-01T15:00:00Z,Wind,2804.000,Elexon BMRS FUELHH
2022-03-01T15:30:00Z,Biomass,2915.000,Elexon BMRS FUELHH
2022-03-01T15:30:00Z,Coal,1476.000,Elexon BMRS FUELHH
2022-03-01T15:30:00Z,Gas,18326.000,Elexon BMRS FUELHH
2022-03-01T15:30:00Z,Hydro,898.000,Elexon BMRS FUELHH
2022-03-01T15:30:00Z,Imports & Exports,4838.000,Elexon BMRS FUELHH
2022-03-01T15:30:00Z,Nuclear,5875.000,Elexon BMRS FUELHH
2022-03-01T15:30:00Z,Other,348.000,Elexon BMRS FUELHH
2022-03-01T15:30:00Z,Pumped Storage,130.000,Elexon BMRS FUELHH
2022-03-01T15:30:00Z,Wind,2772.000,Elexon BMRS FUELHH
2022-03-01T16:00:00Z,Biomass,2914.000,Elexon BMRS FUELHH
2022-03-01T16:00:00Z,Coal,1468.000,Elexon BMRS FUELHH
2022-03-01T16:00:00Z,Gas,18495.000,Elexon BMRS FUELHH
2022-03-01T16:00:00Z,Hydro,1034.000,Elexon BMRS FUELHH
2022-03-01T16:00:00Z,Imports & Exports,4572.000,Elexon BMRS FUELHH
2022-03-01T16:00:00Z,Nuclear,5882.000,Elexon BMRS FUELHH
2022-03-01T16:00:00Z,Other,564.000,Elexon BMRS FUELHH
2022-03-01T16:00:00Z,Pumped Storage,820.000,Elexon BMRS FUELHH
2022-03-01T16:00:00Z,Wind,2691.000,Elexon BMRS FUELHH
2022-03-01T16:30:00Z,Biomass,2916.000,Elexon BMRS FUELHH
2022-03-01T16:30:00Z,Coal,1472.000,Elexon BMRS FUELHH
2022-03-01T16:30:00Z,Gas,18562.000,Elexon BMRS FUELHH
2022-03-01T16:30:00Z,Hydro,1042.000,Elexon BMRS FUELHH
2022-03-01T16:30:00Z,Imports & Exports,4558.000,Elexon BMRS FUELHH
2022-03-01T16:30:00Z,Nuclear,5877.000,Elexon BMRS FUELHH
2022-03-01T16:30:00Z,Other,600.000,Elexon BMRS FUELHH
2022-03-01T16:30:00Z,Pumped Storage,1118.000,Elexon BMRS FUELHH
2022-03-01T16:30:00Z,Wind,2956.000,Elexon BMRS FUELHH
2022-03-01T17:00:00Z,Biomass,2906.000,Elexon BMRS FUELHH
2022-03-01T17:00:00Z,Coal,1462.000,Elexon BMRS FUELHH
2022-03-01T17:00:00Z,Gas,18704.000,Elexon BMRS FUELHH
2022-03-01T17:00:00Z,Hydro,1040.000,Elexon BMRS FUELHH
2022-03-01T17:00:00Z,Imports & Exports,4366.000,Elexon BMRS FUELHH
2022-03-01T17:00:00Z,Nuclear,5883.000,Elexon BMRS FUELHH
2022-03-01T17:00:00Z,Other,717.000,Elexon BMRS FUELHH
2022-03-01T17:00:00Z,Pumped Storage,1832.000,Elexon BMRS FUELHH
2022-03-01T17:00:00Z,Wind,3247.000,Elexon BMRS FUELHH
2022-03-01T17:30:00Z,Biomass,2913.000,Elexon BMRS FUELHH
2022-03-01T17:30:00Z,Coal,1468.000,Elexon BMRS FUELHH
2022-03-01T17:30:00Z,Gas,18702.000,Elexon BMRS FUELHH
2022-03-01T17:30:00Z,Hydro,1106.000,Elexon BMRS FUELHH
2022-03-01T17:30:00Z,Imports & Exports,4278.000,Elexon BMRS FUELHH
2022-03-01T17:30:00Z,Nuclear,5884.000,Elexon BMRS FUELHH
2022-03-01T17:30:00Z,Other,997.000,Elexon BMRS FUELHH
2022-03-01T17:30:00Z,Pumped Storage,2118.000,Elexon BMRS FUELHH
2022-03-01T17:30:00Z,Wind,3632.000,Elexon BMRS FUELHH
2022-03-01T18:00:00Z,Biomass,2893.000,Elexon BMRS FUELHH
2022-03-01T18:00:00Z,Coal,1466.000,Elexon BMRS FUELHH
2022-03-01T18:00:00Z,Gas,18714.000,Elexon BMRS FUELHH
2022-03-01T18:00:00Z,Hydro,1112.000,Elexon BMRS FUELHH
2022-03-01T18:00:00Z,Imports & Exports,4412.000,Elexon BMRS FUELHH
2022-03-01T18:00:00Z,Nuclear,5882.000,Elexon BMRS FUELHH
2022-03-01T18:00:00Z,Other,1007.000,Elexon BMRS FUELHH
2022-03-01T18:00:00Z,Pumped Storage,2182.000,Elexon BMRS FUELHH
2022-03-01T18:00:00Z,Wind,3954.000,Elexon BMRS FUELHH
2022-03-01T18:30:00Z,Biomass,2914.000,Elexon BMRS FUELHH
2022-03-01T18:30:00Z,Coal,1468.000,Elexon BMRS FUELHH
2022-03-01T18:30:00Z,Gas,18146.000,Elexon BMRS FUELHH
2022-03-01T18:30:00Z,Hydro,1108.000,Elexon BMRS FUELHH
2022-03-01T18:30:00Z,Imports & Exports,4418.000,Elexon BMRS FUELHH
2022-03-01T18:30:00Z,Nuclear,5884.000,Elexon BMRS FUELHH
2022-03-01T18:30:00Z,Other,985.000,Elexon BMRS FUELHH
2022-03-01T18:30:00Z,Pumped Storage,2180.000,Elexon BMRS FUELHH
2022-03-01T18:30:00Z,Wind,4351.000,Elexon BMRS FUELHH
2022-03-01T19:00:00Z,Biomass,2908.000,Elexon BMRS FUELHH
2022-03-01T19:00:00Z,Coal,1468.000,Elexon BMRS FUELHH
2022-03-01T19:00:00Z,Gas,18026.000,Elexon BMRS FUELHH
2022-03-01T19:00:00Z,Hydro,1091.000,Elexon BMRS FUELHH
2022-03-01T19:00:00Z,Imports & Exports,4474.000,Elexon BMRS FUELHH
2022-03-01T19:00:00Z,Nuclear,5882.000,Elexon BMRS FUELHH
2022-03-01T19:00:00Z,Other,904.000,Elexon BMRS FUELHH
2022-03-01T19:00:00Z,Pumped Storage,1394.000,Elexon BMRS FUELHH
2022-03-01T19:00:00Z,Wind,4715.000,Elexon BMRS FUELHH
2022-03-01T19:30:00Z,Biomass,2915.000,Elexon BMRS FUELHH
2022-03-01T19:30:00Z,Coal,1456.000,Elexon BMRS FUELHH
2022-03-01T19:30:00Z,Gas,17672.000,Elexon BMRS FUELHH
2022-03-01T19:30:00Z,Hydro,1038.000,Elexon BMRS FUELHH
2022-03-01T19:30:00Z,Imports & Exports,4622.000,Elexon BMRS FUELHH
2022-03-01T19:30:00Z,Nuclear,5892.000,Elexon BMRS FUELHH
2022-03-01T19:30:00Z,Other,556.000,Elexon BMRS FUELHH
2022-03-01T19:30:00Z,Pumped Storage,256.000,Elexon BMRS FUELHH
2022-03-01T19:30:00Z,Wind,5182.000,Elexon BMRS FUELHH
2022-03-01T20:00:00Z,Biomass,2914.000,Elexon BMRS FUELHH
2022-03-01T20:00:00Z,Coal,1468.000,Elexon BMRS FUELHH
2022-03-01T20:00:00Z,Gas,17579.000,Elexon BMRS FUELHH
2022-03-01T20:00:00Z,Hydro,1000.000,Elexon BMRS FUELHH
2022-03-01T20:00:00Z,Imports & Exports,3240.000,Elexon BMRS FUELHH
2022-03-01T20:00:00Z,Nuclear,5888.000,Elexon BMRS FUELHH
2022-03-01T20:00:00Z,Other,415.000,Elexon BMRS FUELHH
2022-03-01T20:00:00Z,Pumped Storage,176.000,Elexon BMRS FUELHH
2022-03-01T20:00:00Z,Wind,5460.000,Elexon BMRS FUELHH
2022-03-01T20:30:00Z,Biomass,2909.000,Elexon BMRS FUELHH
2022-03-01T20:30:00Z,Coal,1470.000,Elexon BMRS FUELHH
2022-03-01T20:30:00Z,Gas,16134.000,Elexon BMRS FUELHH
2022-03-01T20:30:00Z,Hydro,891.000,Elexon BMRS FUELHH
2022-03-01T20:30:00Z,Imports & Exports,3294.000,Elexon BMRS FUELHH
2022-03-01T20:30:00Z,Nuclear,5890.000,Elexon BMRS FUELHH
2022-03-01T20:30:00Z,Other,252.000,Elexon BMRS FUELHH
2022-03-01T20:30:00Z,Pumped Storage,146.000,Elexon BMRS FUELHH
2022-03-01T20:30:00Z,Wind,5636.000,Elexon BMRS FUELHH
2022-03-01T21:00:00Z,Biomass,2890.000,Elexon BMRS FUELHH
2022-03-01T21:00:00Z,Coal,1466.000,Elexon BMRS FUELHH
2022-03-01T21:00:00Z,Gas,14898.000,Elexon BMRS FUELHH
2022-03-01T21:00:00Z,Hydro,863.000,Elexon BMRS FUELHH
2022-03-01T21:00:00Z,Imports & Exports,2820.000,Elexon BMRS FUELHH
2022-03-01T21:00:00Z,Nuclear,5897.000,Elexon BMRS FUELHH
2022-03-01T21:00:00Z,Other,213.000,Elexon BMRS FUELHH
2022-03-01T21:00:00Z,Pumped Storage,36.000,Elexon BMRS FUELHH
2022-03-01T21:00:00Z,Wind,5809.000,Elexon BMRS FUELHH
2022-03-01T21:30:00Z,Biomass,2452.000,Elexon BMRS FUELHH
2022-03-01T21:30:00Z,Coal,1346.000,Elexon BMRS FUELHH
2022-03-01T21:30:00Z,Gas,13384.000,Elexon BMRS FUELHH
2022-03-01T21:30:00Z,Hydro,864.000,Elexon BMRS FUELHH
2022-03-01T21:30:00Z,Imports & Exports,2786.000,Elexon BMRS FUELHH
2022-03-01T21:30:00Z,Nuclear,5899.000,Elexon BMRS FUELHH
2022-03-01T21:30:00Z,Other,210.000,Elexon BMRS FUELHH
2022-03-01T21:30:00Z,Pumped Storage,-12.000,Elexon BMRS FUELHH
2022-03-01T21:30:00Z,Wind,5992.000,Elexon BMRS FUELHH
2022-03-01T22:00:00Z,Biomass,2281.000,Elexon BMRS FUELHH
2022-03-01T22:00:00Z,Coal,890.000,Elexon BMRS FUELHH
2022-03-01T22:00:00Z,Gas,11847.000,Elexon BMRS FUELHH
2022-03-01T22:00:00Z,Hydro,858.000,Elexon BMRS FUELHH
2022-03-01T22:00:00Z,Imports & Exports,2714.000,Elexon BMRS FUELHH
2022-03-01T22:00:00Z,Nuclear,5880.000,Elexon BMRS FUELHH
2022-03-01T22:00:00Z,Other,222.000,Elexon BMRS FUELHH
2022-03-01T22:00:00Z,Pumped Storage,-26.000,Elexon BMRS FUELHH
2022-03-01T22:00:00Z,Wind,6305.000,Elexon BMRS FUELHH
2022-03-01T22:30:00Z,Biomass,2459.000,Elexon BMRS FUELHH
2022-03-01T22:30:00Z,Coal,414.000,Elexon BMRS FUELHH
2022-03-01T22:30:00Z,Gas,10476.000,Elexon BMRS FUELHH
2022-03-01T22:30:00Z,Hydro,857.000,Elexon BMRS FUELHH
2022-03-01T22:30:00Z,Imports & Exports,2644.000,Elexon BMRS FUELHH
2022-03-01T22:30:00Z,Nuclear,5870.000,Elexon BMRS FUELHH
2022-03-01T22:30:00Z,Other,212.000,Elexon BMRS FUELHH
2022-03-01T22:30:00Z,Pumped Storage,-162.000,Elexon BMRS FUELHH
2022-03-01T22:30:00Z,Wind,6478.000,Elexon BMRS FUELHH
2022-03-01T23:00:00Z,Biomass,2198.000,Elexon BMRS FUELHH
2022-03-01T23:00:00Z,Coal,40.000,Elexon BMRS FUELHH
2022-03-01T23:00:00Z,Gas,8996.000,Elexon BMRS FUELHH
2022-03-01T23:00:00Z,Hydro,841.000,Elexon BMRS FUELHH
2022-03-01T23:00:00Z,Imports & Exports,2540.000,Elexon BMRS FUELHH
2022-03-01T23:00:00Z,Nuclear,5874.000,Elexon BMRS FUELHH
2022-03-01T23:00:00Z,Other,209.000,Elexon BMRS FUELHH
2022-03-01T23:00:00Z,Pumped Storage,-22.000,Elexon BMRS FUELHH
2022-03-01T23:00:00Z,Wind,6756.000,Elexon BMRS FUELHH
2022-03-01T23:30:00Z,Biomass,2187.000,Elexon BMRS FUELHH
2022-03-01T23:30:00Z,Coal,0.000,Elexon BMRS FUELHH
2022-03-01T23:30:00Z,Gas,7993.000,Elexon BMRS FUELHH
2022-03-01T23:30:00Z,Hydro,833.000,Elexon BMRS FUELHH
2022-03-01T23:30:00Z,Imports & Exports,2410.000,Elexon BMRS FUELHH
2022-03-01T23:30:00Z,Nuclear,5878.000,Elexon BMRS FUELHH
2022-03-01T23:30:00Z,Other,222.000,Elexon BMRS FUELHH
2022-03-01T23:30:00Z,Pumped Storage,-142.000,Elexon BMRS FUELHH
2022-03-01T23:30:00Z,Wind,6765.000,Elexon BMRS FUELHH
2022-03-02T00:00:00Z,Biomass,2302.000,Elexon BMRS FUELHH
2022-03-02T00:00:00Z,Coal,0.000,Elexon BMRS FUELHH
2022-03-02T00:00:00Z,Gas,7466.000,Elexon BMRS FUELHH
2022-03-02T00:00:00Z,Hydro,753.000,Elexon BMRS FUELHH
2022-03-02T00:00:00Z,Imports & Exports,2368.000,Elexon BMRS FUELHH
2022-03-02T00:00:00Z,Nuclear,5878.000,Elexon BMRS FUELHH
2022-03-02T00:00:00Z,Other,199.000,Elexon BMRS FUELHH
2022-03-02T00:00:00Z,Pumped Storage,-528.000,Elexon BMRS FUELHH
2022-03-02T00:00:00Z,Wind,7227.000,Elexon BMRS FUELHH
2022-03-02T00:30:00Z,Biomass,2075.000,Elexon BMRS FUELHH
2022-03-02T00:30:00Z,Coal,0.000,Elexon BMRS FUELHH
2022-03-02T00:30:00Z,Gas,7519.000,Elexon BMRS FUELHH
2022-03-02T00:30:00Z,Hydro,740.000,Elexon BMRS FUELHH
2022-03-02T00:30:00Z,Imports & Exports,2472.000,Elexon BMRS FUELHH
2022-03-02T00:30:00Z,Nuclear,5876.000,Elexon BMRS FUELHH
2022-03-02T00:30:00Z,Other,219.000,Elexon BMRS FUELHH
2022-03-02T00:30:00Z,Pumped Storage,-168.000,Elexon BMRS FUELHH
2022-03-02T00:30:00Z,Wind,7479.000,Elexon BMRS FUELHH
2022-03-02T01:00:00Z,Biomass,1991.000,Elexon BMRS FUELHH
2022-03-02T01:00:00Z,Coal,0.000,Elexon BMRS FUELHH
2022-03-02T01:00:00Z,Gas,6966.000,Elexon BMRS FUELHH
2022-03-02T01:00:00Z,Hydro,744.000,Elexon BMRS FUELHH
2022-03-02T01:00:00Z,Imports & Exports,3046.000,Elexon BMRS FUELHH
2022-03-02T01:00:00Z,Nuclear,5877.000,Elexon BMRS FUELHH
2022-03-02T01:00:00Z,Other,212.000,Elexon BMRS FUELHH
2022-03-02T01:00:00Z,Pumped Storage,-716.000,Elexon BMRS FUELHH
2022-03-02T01:00:00Z,Wind,7802.000,Elexon BMRS FUELHH
2022-03-02T01:30:00Z,Biomass,2142.000,Elexon BMRS FUELHH
2022-03-02T01:30:00Z,Coal,0.000,Elexon BMRS FUELHH
2022-03-02T01:30:00Z,Gas,6723.000,Elexon BMRS FUELHH
2022-03-02T01:30:00Z,Hydro,742.000,Elexon BMRS FUELHH
2022-03-02T01:30:00Z,Imports & Exports,2974.000,Elexon BMRS FUELHH
2022-03-02T01:30:00Z,Nuclear,5877.000,Elexon BMRS FUELHH
2022-03-02T01:30:00Z,Other,228.000,Elexon BMRS FUELHH
2022-03-02T01:30:00Z,Pumped Storage,-1512.000,Elexon BMRS FUELHH
2022-03-02T01:30:00Z,Wind,8123.000,Elexon BMRS FUELHH
2022-03-02T02:00:00Z,Biomass,2303.000,Elexon BMRS FUELHH
2022-03-02T02:00:00Z,Coal,0.000,Elexon BMRS FUELHH
2022-03-02T02:00:00Z,Gas,6573.000,Elexon BMRS FUELHH
2022-03-02T02:00:00Z,Hydro,737.000,Elexon BMRS FUELHH
2022-03-02T02:00:00Z,Imports & Exports,2426.000,Elexon BMRS FUELHH
2022-03-02T02:00:00Z,Nuclear,5879.000,Elexon BMRS FUELHH
2022-03-02T02:00:00Z,Other,213.000,Elexon BMRS FUELHH
2022-03-02T02:00:00Z,Pumped Storage,-1554.000,Elexon BMRS FUELHH
2022-03-02T02:00:00Z,Wind,8287.000,Elexon BMRS FUELHH
2022-03-02T02:30:00Z,Biomass,2249.000,Elexon BMRS FUELHH
2022-03-02T02:30:00Z,Coal,0.000,Elexon BMRS FUELHH
2022-03-02T02:30:00Z,Gas,6322.000,Elexon BMRS FUELHH
2022-03-02T02:30:00Z,Hydro,735.000,Elexon BMRS FUELHH
2022-03-02T02:30:00Z,Imports & Exports,2376.000,Elexon BMRS FUELHH
2022-03-02T02:30:00Z,Nuclear,5878.000,Elexon BMRS FUELHH
2022-03-02T02:30:00Z,Other,221.000,Elexon BMRS FUELHH
2022-03-02T02:30:00Z,Pumped Storage,-1672.000,Elexon BMRS FUELHH
2022-03-02T02:30:00Z,Wind,8394.000,Elexon BMRS FUELHH
2022-03-02T03:00:00Z,Biomass,2302.000,Elexon BMRS FUELHH
2022-03-02T03:00:00Z,Coal,0.000,Elexon BMRS FUELHH
2022-03-02T03:00:00Z,Gas,6844.000,Elexon BMRS FUELHH
2022-03-02T03:00:00Z,Hydro,734.000,Elexon BMRS FUELHH
2022-03-02T03:00:00Z,Imports & Exports,1320.000,Elexon BMRS FUELHH
2022-03-02T03:00:00Z,Nuclear,5881.000,Elexon BMRS FUELHH
2022-03-02T03:00:00Z,Other,279.000,Elexon BMRS FUELHH
2022-03-02T03:00:00Z,Pumped Storage,-1662.000,Elexon BMRS FUELHH
2022-03-02T03:00:00Z,Wind,8507.000,Elexon BMRS FUELHH
2022-03-02T03:30:00Z,Biomass,2571.000,Elexon BMRS FUELHH
2022-03-02T03:30:00Z,Coal,0.000,Elexon BMRS FUELHH
2022-03-02T03:30:00Z,Gas,6433.000,Elexon BMRS FUELHH
2022-03-02T03:30:00Z,Hydro,733.000,Elexon BMRS FUELHH
2022-03-02T03:30:00Z,Imports & Exports,1266.000,Elexon BMRS FUELHH
2022-03-02T03:30:00Z,Nuclear,5876.000,Elexon BMRS FUELHH
2022-03-02T03:30:00Z,Other,273.000,Elexon BMRS FUELHH
2022-03-02T03:30:00Z,Pumped Storage,-1654.000,Elexon BMRS FUELHH
2022-03-02T03:30:00Z,Wind,8319.000,Elexon BMRS FUELHH
2022-03-02T04:00:00Z,Biomass,2680.000,Elexon BMRS FUELHH
2022-03-02T04:00:00Z,Coal,0.000,Elexon BMRS FUELHH
2022-03-02T04:00:00Z,Gas,7524.000,Elexon BMRS FUELHH
2022-03-02T04:00:00Z,Hydro,734.000,Elexon BMRS FUELHH
2022-03-02T04:00:00Z,Imports & Exports,-68.000,Elexon BMRS FUELHH
2022-03-02T04:00:00Z,Nuclear,5880.000,Elexon BMRS FUELHH
2022-03-02T04:00:00Z,Other,210.000,Elexon BMRS FUELHH
2022-03-02T04:00:00Z,Pumped Storage,-1486.000,Elexon BMRS FUELHH
2022-03-02T04:00:00Z,Wind,8078.000,Elexon BMRS FUELHH
2022-03-02T04:30:00Z,Biomass,2818.000,Elexon BMRS FUELHH
2022-03-02T04:30:00Z,Coal,0.000,Elexon BMRS FUELHH
2022-03-02T04:30:00Z,Gas,7520.000,Elexon BMRS FUELHH
2022-03-02T04:30:00Z,Hydro,738.000,Elexon BMRS FUELHH
2022-03-02T04:30:00Z,Imports & Exports,-170.000,Elexon BMRS FUELHH
2022-03-02T04:30:00Z,Nuclear,5884.000,Elexon BMRS FUELHH
2022-03-02T04:30:00Z,Other,159.000,Elexon BMRS FUELHH
2022-03-02T04:30:00Z,Pumped Storage,-1206.000,Elexon BMRS FUELHH
2022-03-02T04:30:00Z,Wind,8092.000,Elexon BMRS FUELHH
2022-03-02T05:00:00Z,Biomass,2917.000,Elexon BMRS FUELHH
2022-03-02T05:00:00Z,Coal,0.000,Elexon BMRS FUELHH
2022-03-02T05:00:00Z,Gas,7601.000,Elexon BMRS FUELHH
2022-03-02T05:00:00Z,Hydro,747.000,Elexon BMRS FUELHH
2022-03-02T05:00:00Z,Imports & Exports,-986.000,Elexon BMRS FUELHH
2022-03-02T05:00:00Z,Nuclear,5881.000,Elexon BMRS FUELHH
2022-03-02T05:00:00Z,Other,167.000,Elexon BMRS FUELHH
2022-03-02T05:00:00Z,Pumped Storage,-210.000,Elexon BMRS FUELHH
2022-03-02T05:00:00Z,Wind,8241.000,Elexon BMRS FUELHH
2022-03-02T05:30:00Z,Biomass,2915.000,Elexon BMRS FUELHH
2022-03-02T05:30:00Z,Coal,198.000,Elexon BMRS FUELHH
2022-03-02T05:30:00Z,Gas,8600.000,Elexon BMRS FUELHH
2022-03-02T05:30:00Z,Hydro,705.000,Elexon BMRS FUELHH
2022-03-02T05:30:00Z,Imports & Exports,-1026.000,Elexon BMRS FUELHH
2022-03-02T05:30:00Z,Nuclear,5883.000,Elexon BMRS FUELHH
2022-03-02T05:30:00Z,Other,165.000,Elexon BMRS FUELHH
2022-03-02T05:30:00Z,Pumped Storage,-124.000,Elexon BMRS FUELHH
2022-03-02T05:30:00Z,Wind,8256.000,Elexon BMRS FUELHH
2022-03-02T06:00:00Z,Biomass,2793.000,Elexon BMRS FUELHH
2022-03-02T06:00:00Z,Coal,421.000,Elexon BMRS FUELHH
2022-03-02T06:00:00Z,Gas,10849.000,Elexon BMRS FUELHH
2022-03-02T06:00:00Z,Hydro,820.000,Elexon BMRS FUELHH
2022-03-02T06:00:00Z,Imports & Exports,-892.000,Elexon BMRS FUELHH
2022-03-02T06:00:00Z,Nuclear,5879.000,Elexon BMRS FUELHH
2022-03-02T06:00:00Z,Other,344.000,Elexon BMRS FUELHH
2022-03-02T06:00:00Z,Pumped Storage,34.000,Elexon BMRS FUELHH
2022-03-02T06:00:00Z,Wind,8259.000,Elexon BMRS FUELHH
2022-03-02T06:30:00Z,Biomass,2910.000,Elexon BMRS FUELHH
2022-03-02T06:30:00Z,Coal,671.000,Elexon BMRS FUELHH
2022-03-02T06:30:00Z,Gas,13024.000,Elexon BMRS FUELHH
2022-03-02T06:30:00Z,Hydro,850.000,Elexon BMRS FUELHH
2022-03-02T06:30:00Z,Imports & Exports,-818.000,Elexon BMRS FUELHH
2022-03-02T06:30:00Z,Nuclear,5884.000,Elexon BMRS FUELHH
2022-03-02T06:30:00Z,Other,395.000,Elexon BMRS FUELHH
2022-03-02T06:30:00Z,Pumped Storage,-16.000,Elexon BMRS FUELHH
2022-03-02T06:30:00Z,Wind,8447.000,Elexon BMRS FUELHH
2022-03-02T07:00:00Z,Biomass,2915.000,Elexon BMRS FUELHH
2022-03-02T07:00:00Z,Coal,907.000,Elexon BMRS FUELHH
2022-03-02T07:00:00Z,Gas,14162.000,Elexon BMRS FUELHH
2022-03-02T07:00:00Z,Hydro,848.000,Elexon BMRS FUELHH
2022-03-02T07:00:00Z,Imports & Exports,274.000,Elexon BMRS FUELHH
2022-03-02T07:00:00Z,Nuclear,5877.000,Elexon BMRS FUELHH
2022-03-02T07:00:00Z,Other,441.000,Elexon BMRS FUELHH
2022-03-02T07:00:00Z,Pumped Storage,146.000,Elexon BMRS FUELHH
2022-03-02T07:00:00Z,Wind,8568.000,Elexon BMRS FUELHH
2022-03-02T07:30:00Z,Biomass,2895.000,Elexon BMRS FUELHH
2022-03-02T07:30:00Z,Coal,1126.000,Elexon BMRS FUELHH
2022-03-02T07:30:00Z,Gas,14579.000,Elexon BMRS FUELHH
2022-03-02T07:30:00Z,Hydro,841.000,Elexon BMRS FUELHH
2022-03-02T07:30:00Z,Imports & Exports,390.000,Elexon BMRS FUELHH
2022-03-02T07:30:00Z,Nuclear,5881.000,Elexon BMRS FUELHH
2022-03-02T07:30:00Z,Other,518.000,Elexon BMRS FUELHH
2022-03-02T07:30:00Z,Pumped Storage,148.000,Elexon BMRS FUELHH
2022-03-02T07:30:00Z,Wind,8854.000,Elexon BMRS FUELHH
2022-03-02T08:00:00Z,Biomass,2818.000,Elexon BMRS FUELHH
2022-03-02T08:00:00Z,Coal,1356.000,Elexon BMRS FUELHH
2022-03-02T08:00:00Z,Gas,14591.000,Elexon BMRS FUELHH
2022-03-02T08:00:00Z,Hydro,833.000,Elexon BMRS FUELHH
2022-03-02T08:00:00Z,Imports & Exports,2132.000,Elexon BMRS FUELHH
2022-03-02T08:00:00Z,Nuclear,5876.000,Elexon BMRS FUELHH
2022-03-02T08:00:00Z,Other,336.000,Elexon BMRS FUELHH
2022-03-02T08:00:00Z,Pumped Storage,300.000,Elexon BMRS FUELHH
2022-03-02T08:00:00Z,Wind,8912.000,Elexon BMRS FUELHH
2022-03-02T08:30:00Z,Biomass,2832.000,Elexon BMRS FUELHH
2022-03-02T08:30:00Z,Coal,1472.000,Elexon BMRS FUELHH
2022-03-02T08:30:00Z,Gas,15135.000,Elexon BMRS FUELHH
2022-03-02T08:30:00Z,Hydro,804.000,Elexon BMRS FUELHH
2022-03-02T08:30:00Z,Imports & Exports,2106.000,Elexon BMRS FUELHH
2022-03-02T08:30:00Z,Nuclear,5879.000,Elexon BMRS FUELHH
2022-03-02T08:30:00Z,Other,317.000,Elexon BMRS FUELHH
2022-03-02T08:30:00Z,Pumped Storage,60.000,Elexon BMRS FUELHH
2022-03-02T08:30:00Z,Wind,9235.000,Elexon BMRS FUELHH
2022-03-02T09:00:00Z,Biomass,2832.000,Elexon BMRS FUELHH
2022-03-02T09:00:00Z,Coal,1475.000,Elexon BMRS FUELHH
2022-03-02T09:00:00Z,Gas,14732.000,Elexon BMRS FUELHH
2022-03-02T09:00:00Z,Hydro,785.000,Elexon BMRS FUELHH
2022-03-02T09:00:00Z,Imports & Exports,2954.000,Elexon BMRS FUELHH
2022-03-02T09:00:00Z,Nuclear,5876.000,Elexon BMRS FUELHH
2022-03-02T09:00:00Z,Other,314.000,Elexon BMRS FUELHH
2022-03-02T09:00:00Z,Pumped Storage,248.000,Elexon BMRS FUELHH
2022-03-02T09:00:00Z,Wind,9500.000,Elexon BMRS FUELHH
2022-03-02T09:30:00Z,Biomass,2908.000,Elexon BMRS FUELHH
2022-03-02T09:30:00Z,Coal,1476.000,Elexon BMRS FUELHH
2022-03-02T09:30:00Z,Gas,14978.000,Elexon BMRS FUELHH
2022-03-02T09:30:00Z,Hydro,754.000,Elexon BMRS FUELHH
2022-03-02T09:30:00Z,Imports & Exports,2838.000,Elexon BMRS FUELHH
2022-03-02T09:30:00Z,Nuclear,5879.000,Elexon BMRS FUELHH
2022-03-02T09:30:00Z,Other,318.000,Elexon BMRS FUELHH
2022-03-02T09:30:00Z,Pumped Storage,10.000,Elexon BMRS FUELHH
2022-03-02T09:30:00Z,Wind,9785.000,Elexon BMRS FUELHH
2022-03-02T10:00:00Z,Biomass,2913.000,Elexon BMRS FUELHH
2022-03-02T10:00:00Z,Coal,1476.000,Elexon BMRS FUELHH
2022-03-02T10:00:00Z,Gas,14632.000,Elexon BMRS FUELHH
2022-03-02T10:00:00Z,Hydro,736.000,Elexon BMRS FUELHH
2022-03-02T10:00:00Z,Imports & Exports,2996.000,Elexon BMRS FUELHH
2022-03-02T10:00:00Z,Nuclear,5876.000,Elexon BMRS FUELHH
2022-03-02T10:00:00Z,Other,339.000,Elexon BMRS FUELHH
2022-03-02T10:00:00Z,Pumped Storage,170.000,Elexon BMRS FUELHH
2022-03-02T10:00:00Z,Wind,9964.000,Elexon BMRS FUELHH
2022-03-02T10:30:00Z,Biomass,2914.000,Elexon BMRS FUELHH
2022-03-02T10:30:00Z,Coal,1457.000,Elexon BMRS FUELHH
2022-03-02T10:30:00Z,Gas,14720.000,Elexon BMRS FUELHH
2022-03-02T10:30:00Z,Hydro,732.000,Elexon BMRS FUELHH
2022-03-02T10:30:00Z,Imports & Exports,2672.000,Elexon BMRS FUELHH
2022-03-02T10:30:00Z,Nuclear,5884.000,Elexon BMRS FUELHH
2022-03-02T10:30:00Z,Other,443.000,Elexon BMRS FUELHH
2022-03-02T10:30:00Z,Pumped Storage,32.000,Elexon BMRS FUELHH
2022-03-02T10:30:00Z,Wind,10151.000,Elexon BMRS FUELHH
2022-03-02T11:00:00Z,Biomass,2915.000,Elexon BMRS FUELHH
2022-03-02T11:00:00Z,Coal,1465.000,Elexon BMRS FUELHH
2022-03-02T11:00:00Z,Gas,14627.000,Elexon BMRS FUELHH
2022-03-02T11:00:00Z,Hydro,708.000,Elexon BMRS FUELHH
2022-03-02T11:00:00Z,Imports & Exports,2862.000,Elexon BMRS FUELHH
2022-03-02T11:00:00Z,Nuclear,5880.000,Elexon BMRS FUELHH
2022-03-02T11:00:00Z,Other,343.000,Elexon BMRS FUELHH
2022-03-02T11:00:00Z,Pumped Storage,-12.000,Elexon BMRS FUELHH
2022-03-02T11:00:00Z,Wind,10099.000,Elexon BMRS FUELHH
2022-03-02T11:30:00Z,Biomass,2915.000,Elexon BMRS FUELHH
2022-03-02T11:30:00Z,Coal,1466.000,Elexon BMRS FUELHH
2022-03-02T11:30:00Z,Gas,14594.000,Elexon BMRS FUELHH
2022-03-02T11:30:00Z,Hydro,693.000,Elexon BMRS FUELHH
2022-03-02T11:30:00Z,Imports & Exports,2924.000,Elexon BMRS FUELHH
2022-03-02T11:30:00Z,Nuclear,5886.000,Elexon BMRS FUELHH
2022-03-02T11:30:00Z,Other,315.000,Elexon BMRS FUELHH
2022-03-02T11:30:00Z,Pumped Storage,-12.000,Elexon BMRS FUELHH
2022-03-02T11:30:00Z,Wind,10231.000,Elexon BMRS FUELHH
2022-03-02T12:00:00Z,Biomass,2917.000,Elexon BMRS FUELHH
2022-03-02T12:00:00Z,Coal,1471.000,Elexon BMRS FUELHH
2022-03-02T12:00:00Z,Gas,14506.000,Elexon BMRS FUELHH
2022-03-02T12:00:00Z,Hydro,730.000,Elexon BMRS FUELHH
2022-03-02T12:00:00Z,Imports & Exports,3038.000,Elexon BMRS FUELHH
2022-03-02T12:00:00Z,Nuclear,5883.000,Elexon BMRS FUELHH
2022-03-02T12:00:00Z,Other,316.000,Elexon BMRS FUELHH
2022-03-02T12:00:00Z,Pumped Storage,-12.000,Elexon BMRS FUELHH
2022-03-02T12:00:00Z,Wind,10249.000,Elexon BMRS FUELHH
2022-03-02T12:30:00Z,Biomass,2917.000,Elexon BMRS FUELHH
2022-03-02T12:30:00Z,Coal,1475.000,Elexon BMRS FUELHH
2022-03-02T12:30:00Z,Gas,14391.000,Elexon BMRS FUELHH
2022-03-02T12:30:00Z,Hydro,782.000,Elexon BMRS FUELHH
2022-03-02T12:30:00Z,Imports & Exports,3008.000,Elexon BMRS FUELHH
2022-03-02T12:30:00Z,Nuclear,5884.000,Elexon BMRS FUELHH
2022-03-02T12:30:00Z,Other,316.000,Elexon BMRS FUELHH
2022-03-02T12:30:00Z,Pumped Storage,-8.000,Elexon BMRS FUELHH
2022-03-02T12:30:00Z,Wind,10291.000,Elexon BMRS FUELHH
2022-03-02T13:00:00Z,Biomass,2915.000,Elexon BMRS FUELHH
2022-03-02T13:00:00Z,Coal,1475.000,Elexon BMRS FUELHH
2022-03-02T13:00:00Z,Gas,13982.000,Elexon BMRS FUELHH
2022-03-02T13:00:00Z,Hydro,699.000,Elexon BMRS FUELHH
2022-03-02T13:00:00Z,Imports & Exports,3168.000,Elexon BMRS FUELHH
2022-03-02T13:00:00Z,Nuclear,5884.000,Elexon BMRS FUELHH
2022-03-02T13:00:00Z,Other,325.000,Elexon BMRS FUELHH
2022-03-02T13:00:00Z,Pumped Storage,-8.000,Elexon BMRS FUELHH
2022-03-02T13:00:00Z,Wind,10526.000,Elexon BMRS FUELHH
2022-03-02T13:30:00Z,Biomass,2914.000,Elexon BMRS FUELHH
2022-03-02T13:30:00Z,Coal,1472.000,Elexon BMRS FUELHH
2022-03-02T13:30:00Z,Gas,13687.000,Elexon BMRS FUELHH
2022-03-02T13:30:00Z,Hydro,669.000,Elexon BMRS FUELHH
2022-03-02T13:30:00Z,Imports & Exports,3076.000,Elexon BMRS FUELHH
2022-03-02T13:30:00Z,Nuclear,5885.000,Elexon BMRS FUELHH
2022-03-02T13:30:00Z,Other,296.000,Elexon BMRS FUELHH
2022-03-02T13:30:00Z,Pumped Storage,-8.000,Elexon BMRS FUELHH
2022-03-02T13:30:00Z,Wind,10562.000,Elexon BMRS FUELHH
2022-03-02T14:00:00Z,Biomass,2914.000,Elexon BMRS FUELHH
2022-03-02T14:00:00Z,Coal,1475.000,Elexon BMRS FUELHH
2022-03-02T14:00:00Z,Gas,14248.000,Elexon BMRS FUELHH
2022-03-02T14:00:00Z,Hydro,672.000,Elexon BMRS FUELHH
2022-03-02T14:00:00Z,Imports & Exports,2376.000,Elexon BMRS FUELHH
2022-03-02T14:00:00Z,Nuclear,5885.000,Elexon BMRS FUELHH
2022-03-02T14:00:00Z,Other,171.000,Elexon BMRS FUELHH
2022-03-02T14:00:00Z,Pumped Storage,-8.000,Elexon BMRS FUELHH
2022-03-02T14:00:00Z,Wind,10360.000,Elexon BMRS FUELHH
2022-03-02T14:30:00Z,Biomass,2916.000,Elexon BMRS FUELHH
2022-03-02T14:30:00Z,Coal,1475.000,Elexon BMRS FUELHH
2022-03-02T14:30:00Z,Gas,13985.000,Elexon BMRS FUELHH
2022-03-02T14:30:00Z,Hydro,672.000,Elexon BMRS FUELHH
2022-03-02T14:30:00Z,Imports & Exports,2374.000,Elexon BMRS FUELHH
2022-03-02T14:30:00Z,Nuclear,5884.000,Elexon BMRS FUELHH
2022-03-02T14:30:00Z,Other,165.000,Elexon BMRS FUELHH
2022-03-02T14:30:00Z,Pumped Storage,-10.000,Elexon BMRS FUELHH
2022-03-02T14:30:00Z,Wind,10469.000,Elexon BMRS FUELHH
2022-03-02T15:00:00Z,Biomass,2917.000,Elexon BMRS FUELHH
2022-03-02T15:00:00Z,Coal,1458.000,Elexon BMRS FUELHH
2022-03-02T15:00:00Z,Gas,14451.000,Elexon BMRS FUELHH
2022-03-02T15:00:00Z,Hydro,674.000,Elexon BMRS FUELHH
2022-03-02T15:00:00Z,Imports & Exports,1840.000,Elexon BMRS FUELHH
2022-03-02T15:00:00Z,Nuclear,5878.000,Elexon BMRS FUELHH
2022-03-02T15:00:00Z,Other,193.000,Elexon BMRS FUELHH
2022-03-02T15:00:00Z,Pumped Storage,-10.000,Elexon BMRS FUELHH
2022-03-02T15:00:00Z,Wind,10468.000,Elexon BMRS FUELHH
2022-03-02T15:30:00Z,Biomass,2916.000,Elexon BMRS FUELHH
2022-03-02T15:30:00Z,Coal,1465.000,Elexon BMRS FUELHH
2022-03-02T15:30:00Z,Gas,15325.000,Elexon BMRS FUELHH
2022-03-02T15:30:00Z,Hydro,662.000,Elexon BMRS FUELHH
2022-03-02T15:30:00Z,Imports & Exports,1928.000,Elexon BMRS FUELHH
2022-03-02T15:30:00Z,Nuclear,5872.000,Elexon BMRS FUELHH
2022-03-02T15:30:00Z,Other,214.000,Elexon BMRS FUELHH
2022-03-02T15:30:00Z,Pumped Storage,86.000,Elexon BMRS FUELHH
2022-03-02T15:30:00Z,Wind,10492.000,Elexon BMRS FUELHH
2022-03-02T16:00:00Z,Biomass,2908.000,Elexon BMRS FUELHH
2022-03-02T16:00:00Z,Coal,1474.000,Elexon BMRS FUELHH
2022-03-02T16:00:00Z,Gas,16084.000,Elexon BMRS FUELHH
2022-03-02T16:00:00Z,Hydro,705.000,Elexon BMRS FUELHH
2022-03-02T16:00:00Z,Imports & Exports,1820.000,Elexon BMRS FUELHH
2022-03-02T16:00:00Z,Nuclear,5875.000,Elexon BMRS FUELHH
2022-03-02T16:00:00Z,Other,203.000,Elexon BMRS FUELHH
2022-03-02T16:00:00Z,Pumped Storage,166.000,Elexon BMRS FUELHH
2022-03-02T16:00:00Z,Wind,10528.000,Elexon BMRS FUELHH
2022-03-02T16:30:00Z,Biomass,2907.000,Elexon BMRS FUELHH
2022-03-02T16:30:00Z,Coal,1477.000,Elexon BMRS FUELHH
2022-03-02T16:30:00Z,Gas,16509.000,Elexon BMRS FUELHH
2022-03-02T16:30:00Z,Hydro,680.000,Elexon BMRS FUELHH
2022-03-02T16:30:00Z,Imports & Exports,2216.000,Elexon BMRS FUELHH
2022-03-02T16:30:00Z,Nuclear,5876.000,Elexon BMRS FUELHH
2022-03-02T16:30:00Z,Other,230.000,Elexon BMRS FUELHH
2022-03-02T16:30:00Z,Pumped Storage,202.000,Elexon BMRS FUELHH
2022-03-02T16:30:00Z,Wind,10614.000,Elexon BMRS FUELHH
2022-03-02T17:00:00Z,Biomass,2918.000,Elexon BMRS FUELHH
2022-03-02T17:00:00Z,Coal,1477.000,Elexon BMRS FUELHH
2022-03-02T17:00:00Z,Gas,17001.000,Elexon BMRS FUELHH
2022-03-02T17:00:00Z,Hydro,710.000,Elexon BMRS FUELHH
2022-03-02T17:00:00Z,Imports & Exports,1190.000,Elexon BMRS FUELHH
2022-03-02T17:00:00Z,Nuclear,5871.000,Elexon BMRS FUELHH
2022-03-02T17:00:00Z,Other,598.000,Elexon BMRS FUELHH
2022-03-02T17:00:00Z,Pumped Storage,1306.000,Elexon BMRS FUELHH
2022-03-02T17:00:00Z,Wind,10440.000,Elexon BMRS FUELHH
2022-03-02T17:30:00Z,Biomass,2914.000,Elexon BMRS FUELHH
2022-03-02T17:30:00Z,Coal,1477.000,Elexon BMRS FUELHH
2022-03-02T17:30:00Z,Gas,17153.000,Elexon BMRS FUELHH
2022-03-02T17:30:00Z,Hydro,855.000,Elexon BMRS FUELHH
2022-03-02T17:30:00Z,Imports & Exports,1284.000,Elexon BMRS FUELHH
2022-03-02T17:30:00Z,Nuclear,5874.000,Elexon BMRS FUELHH
2022-03-02T17:30:00Z,Other,630.000,Elexon BMRS FUELHH
2022-03-02T17:30:00Z,Pumped Storage,1352.000,Elexon BMRS FUELHH
2022-03-02T17:30:00Z,Wind,10514.000,Elexon BMRS FUELHH
2022-03-02T18:00:00Z,Biomass,2917.000,Elexon BMRS FUELHH
2022-03-02T18:00:00Z,Coal,1478.000,Elexon BMRS FUELHH
2022-03-02T18:00:00Z,Gas,17076.000,Elexon BMRS FUELHH
2022-03-02T18:00:00Z,Hydro,841.000,Elexon BMRS FUELHH
2022-03-02T18:00:00Z,Imports & Exports,1944.000,Elexon BMRS FUELHH
2022-03-02T18:00:00Z,Nuclear,5868.000,Elexon BMRS FUELHH
2022-03-02T18:00:00Z,Other,620.000,Elexon BMRS FUELHH
2022-03-02T18:00:00Z,Pumped Storage,1330.000,Elexon BMRS FUELHH
2022-03-02T18:00:00Z,Wind,10552.000,Elexon BMRS FUELHH
2022-03-02T18:30:00Z,Biomass,2915.000,Elexon BMRS FUELHH
2022-03-02T18:30:00Z,Coal,1479.000,Elexon BMRS FUELHH
2022-03-02T18:30:00Z,Gas,16698.000,Elexon BMRS FUELHH
2022-03-02T18:30:00Z,Hydro,847.000,Elexon BMRS FUELHH
2022-03-02T18:30:00Z,Imports & Exports,1864.000,Elexon BMRS FUELHH
2022-03-02T18:30:00Z,Nuclear,5867.000,Elexon BMRS FUELHH
2022-03-02T18:30:00Z,Other,633.000,Elexon BMRS FUELHH
2022-03-02T18:30:00Z,Pumped Storage,1084.000,Elexon BMRS FUELHH
2022-03-02T18:30:00Z,Wind,10417.000,Elexon BMRS FUELHH
2022-03-02T19:00:00Z,Biomass,2916.000,Elexon BMRS FUELHH
2022-03-02T19:00:00Z,Coal,1482.000,Elexon BMRS FUELHH
2022-03-02T19:00:00Z,Gas,16458.000,Elexon BMRS FUELHH
2022-03-02T19:00:00Z,Hydro,762.000,Elexon BMRS FUELHH
2022-03-02T19:00:00Z,Imports & Exports,2250.000,Elexon BMRS FUELHH
2022-03-02T19:00:00Z,Nuclear,5869.000,Elexon BMRS FUELHH
2022-03-02T19:00:00Z,Other,375.000,Elexon BMRS FUELHH
2022-03-02T19:00:00Z,Pumped Storage,396.000,Elexon BMRS FUELHH
2022-03-02T19:00:00Z,Wind,10374.000,Elexon BMRS FUELHH
2022-03-02T19:30:00Z,Biomass,2917.000,Elexon BMRS FUELHH
2022-03-02T19:30:00Z,Coal,1480.000,Elexon BMRS FUELHH
2022-03-02T19:30:00Z,Gas,16192.000,Elexon BMRS FUELHH
2022-03-02T19:30:00Z,Hydro,669.000,Elexon BMRS FUELHH
2022-03-02T19:30:00Z,Imports & Exports,2124.000,Elexon BMRS FUELHH
2022-03-02T19:30:00Z,Nuclear,5873.000,Elexon BMRS FUELHH
2022-03-02T19:30:00Z,Other,235.000,Elexon BMRS FUELHH
2022-03-02T19:30:00Z,Pumped Storage,-14.000,Elexon BMRS FUELHH
2022-03-02T19:30:00Z,Wind,10151.000,Elexon BMRS FUELHH
2022-03-02T20:00:00Z,Biomass,2915.000,Elexon BMRS FUELHH
2022-03-02T20:00:00Z,Coal,1479.000,Elexon BMRS FUELHH
2022-03-02T20:00:00Z,Gas,15120.000,Elexon BMRS FUELHH
2022-03-02T20:00:00Z,Hydro,669.000,Elexon BMRS FUELHH
2022-03-02T20:00:00Z,Imports & Exports,1804.000,Elexon BMRS FUELHH
2022-03-02T20:00:00Z,Nuclear,5871.000,Elexon BMRS FUELHH
2022-03-02T20:00:00Z,Other,233.000,Elexon BMRS FUELHH
2022-03-02T20:00:00Z,Pumped Storage,328.000,Elexon BMRS FUELHH
2022-03-02T20:00:00Z,Wind,9956.000,Elexon BMRS FUELHH
2022-03-02T20:30:00Z,Biomass,2915.000,Elexon BMRS FUELHH
2022-03-02T20:30:00Z,Coal,1480.000,Elexon BMRS FUELHH
2022-03-02T20:30:00Z,Gas,13773.000,Elexon BMRS FUELHH
2022-03-02T20:30:00Z,Hydro,650.000,Elexon BMRS FUELHH
2022-03-02T20:30:00Z,Imports & Exports,1746.000,Elexon BMRS FUELHH
2022-03-02T20:30:00Z,Nuclear,5877.000,Elexon BMRS FUELHH
2022-03-02T20:30:00Z,Other,173.000,Elexon BMRS FUELHH
2022-03-02T20:30:00Z,Pumped Storage,18.000,Elexon BMRS FUELHH
2022-03-02T20:30:00Z,Wind,9855.000,Elexon BMRS FUELHH
2022-03-02T21:00:00Z,Biomass,2916.000,Elexon BMRS FUELHH
2022-03-02T21:00:00Z,Coal,1479.000,Elexon BMRS FUELHH
2022-03-02T21:00:00Z,Gas,12547.000,Elexon BMRS FUELHH
2022-03-02T21:00:00Z,Hydro,606.000,Elexon BMRS FUELHH
2022-03-02T21:00:00Z,Imports & Exports,1548.000,Elexon BMRS FUELHH
2022-03-02T21:00:00Z,Nuclear,5874.000,Elexon BMRS FUELHH
2022-03-02T21:00:00Z,Other,173.000,Elexon BMRS FUELHH
2022-03-02T21:00:00Z,Pumped Storage,82.000,Elexon BMRS FUELHH
2022-03-02T21:00:00Z,Wind,9685.000,Elexon BMRS FUELHH
2022-03-02T21:30:00Z,Biomass,2915.000,Elexon BMRS FUELHH
2022-03-02T21:30:00Z,Coal,1480.000,Elexon BMRS FUELHH
2022-03-02T21:30:00Z,Gas,10806.000,Elexon BMRS FUELHH
2022-03-02T21:30:00Z,Hydro,602.000,Elexon BMRS FUELHH
2022-03-02T21:30:00Z,Imports & Exports,1546.000,Elexon BMRS FUELHH
2022-03-02T21:30:00Z,Nuclear,5876.000,Elexon BMRS FUELHH
2022-03-02T21:30:00Z,Other,179.000,Elexon BMRS FUELHH
2022-03-02T21:30:00Z,Pumped Storage,34.000,Elexon BMRS FUELHH
2022-03-02T21:30:00Z,Wind,9695.000,Elexon BMRS FUELHH
2022-03-02T22:00:00Z,Biomass,2857.000,Elexon BMRS FUELHH
2022-03-02T22:00:00Z,Coal,1355.000,Elexon BMRS FUELHH
2022-03-02T22:00:00Z,Gas,9328.000,Elexon BMRS FUELHH
2022-03-02T22:00:00Z,Hydro,584.000,Elexon BMRS FUELHH
2022-03-02T22:00:00Z,Imports & Exports,1238.000,Elexon BMRS FUELHH
2022-03-02T22:00:00Z,Nuclear,5875.000,Elexon BMRS FUELHH
2022-03-02T22:00:00Z,Other,179.000,Elexon BMRS FUELHH
2022-03-02T22:00:00Z,Pumped Storage,-138.000,Elexon BMRS FUELHH
2022-03-02T22:00:00Z,Wind,9629.000,Elexon BMRS FUELHH
2022-03-02T22:30:00Z,Biomass,2687.000,Elexon BMRS FUELHH
2022-03-02T22:30:00Z,Coal,1201.000,Elexon BMRS FUELHH
2022-03-02T22:30:00Z,Gas,8374.000,Elexon BMRS FUELHH
2022-03-02T22:30:00Z,Hydro,578.000,Elexon BMRS FUELHH
2022-03-02T22:30:00Z,Imports & Exports,1180.000,Elexon BMRS FUELHH
2022-03-02T22:30:00Z,Nuclear,5874.000,Elexon BMRS FUELHH
2022-03-02T22:30:00Z,Other,185.000,Elexon BMRS FUELHH
2022-03-02T22:30:00Z,Pumped Storage,-300.000,Elexon BMRS FUELHH
2022-03-02T22:30:00Z,Wind,9363.000,Elexon BMRS FUELHH
2022-03-02T23:00:00Z,Biomass,2660.000,Elexon BMRS FUELHH
2022-03-02T23:00:00Z,Coal,1051.000,Elexon BMRS FUELHH
2022-03-02T23:00:00Z,Gas,7282.000,Elexon BMRS FUELHH
2022-03-02T23:00:00Z,Hydro,522.000,Elexon BMRS FUELHH
2022-03-02T23:00:00Z,Imports & Exports,976.000,Elexon BMRS FUELHH
2022-03-02T23:00:00Z,Nuclear,5893.000,Elexon BMRS FUELHH
2022-03-02T23:00:00Z,Other,165.000,Elexon BMRS FUELHH
2022-03-02T23:00:00Z,Pumped Storage,-672.000,Elexon BMRS FUELHH
2022-03-02T23:00:00Z,Wind,9445.000,Elexon BMRS FUELHH
2022-03-02T23:30:00Z,Biomass,2593.000,Elexon BMRS FUELHH
2022-03-02T23:30:00Z,Coal,1007.000,Elexon BMRS FUELHH
2022-03-02T23:30:00Z,Gas,6848.000,Elexon BMRS FUELHH
2022-03-02T23:30:00Z,Hydro,491.000,Elexon BMRS FUELHH
2022-03-02T23:30:00Z,Imports & Exports,910.000,Elexon BMRS FUELHH
2022-03-02T23:30:00Z,Nuclear,5912.000,Elexon BMRS FUELHH
2022-03-02T23:30:00Z,Other,164.000,Elexon BMRS FUELHH
2022-03-02T23:30:00Z,Pumped Storage,-1030.000,Elexon BMRS FUELHH
2022-03-02T23:30:00Z,Wind,9459.000,Elexon BMRS FUELHH
2022-03-03T00:00:00Z,Biomass,2722.000,Elexon BMRS FUELHH
2022-03-03T00:00:00Z,Coal,1269.000,Elexon BMRS FUELHH
2022-03-03T00:00:00Z,Gas,6515.000,Elexon BMRS FUELHH
2022-03-03T00:00:00Z,Hydro,469.000,Elexon BMRS FUELHH
2022-03-03T00:00:00Z,Imports & Exports,936.000,Elexon BMRS FUELHH
2022-03-03T00:00:00Z,Nuclear,5913.000,Elexon BMRS FUELHH
2022-03-03T00:00:00Z,Other,164.000,Elexon BMRS FUELHH
2022-03-03T00:00:00Z,Pumped Storage,-1402.000,Elexon BMRS FUELHH
2022-03-03T00:00:00Z,Wind,9478.000,Elexon BMRS FUELHH
2022-03-03T00:30:00Z,Biomass,2732.000,Elexon BMRS FUELHH
2022-03-03T00:30:00Z,Coal,1358.000,Elexon BMRS FUELHH
2022-03-03T00:30:00Z,Gas,6756.000,Elexon BMRS FUELHH
2022-03-03T00:30:00Z,Hydro,468.000,Elexon BMRS FUELHH
2022-03-03T00:30:00Z,Imports & Exports,1088.000,Elexon BMRS FUELHH
2022-03-03T00:30:00Z,Nuclear,5905.000,Elexon BMRS FUELHH
2022-03-03T00:30:00Z,Other,169.000,Elexon BMRS FUELHH
2022-03-03T00:30:00Z,Pumped Storage,-1240.000,Elexon BMRS FUELHH
2022-03-03T00:30:00Z,Wind,9282.000,Elexon BMRS FUELHH
2022-03-03T01:00:00Z,Biomass,2843.000,Elexon BMRS FUELHH
2022-03-03T01:00:00Z,Coal,998.000,Elexon BMRS FUELHH
2022-03-03T01:00:00Z,Gas,6732.000,Elexon BMRS FUELHH
2022-03-03T01:00:00Z,Hydro,466.000,Elexon BMRS FUELHH
2022-03-03T01:00:00Z,Imports & Exports,1710.000,Elexon BMRS FUELHH
2022-03-03T01:00:00Z,Nuclear,5908.000,Elexon BMRS FUELHH
2022-03-03T01:00:00Z,Other,169.000,Elexon BMRS FUELHH
2022-03-03T01:00:00Z,Pumped Storage,-1752.000,Elexon BMRS FUELHH
2022-03-03T01:00:00Z,Wind,9234.000,Elexon BMRS FUELHH
2022-03-03T01:30:00Z,Biomass,2860.000,Elexon BMRS FUELHH
2022-03-03T01:30:00Z,Coal,1005.000,Elexon BMRS FUELHH
2022-03-03T01:30:00Z,Gas,6512.000,Elexon BMRS FUELHH
2022-03-03T01:30:00Z,Hydro,461.000,Elexon BMRS FUELHH
2022-03-03T01:30:00Z,Imports & Exports,1586.000,Elexon BMRS FUELHH
2022-03-03T01:30:00Z,Nuclear,5903.000,Elexon BMRS FUELHH
2022-03-03T01:30:00Z,Other,169.000,Elexon BMRS FUELHH
2022-03-03T01:30:00Z,Pumped Storage,-1728.000,Elexon BMRS FUELHH
2022-03-03T01:30:00Z,Wind,9108.000,Elexon BMRS FUELHH
2022-03-03T02:00:00Z,Biomass,2592.000,Elexon BMRS FUELHH
2022-03-03T02:00:00Z,Coal,959.000,Elexon BMRS FUELHH
2022-03-03T02:00:00Z,Gas,6180.000,Elexon BMRS FUELHH
2022-03-03T02:00:00Z,Hydro,472.000,Elexon BMRS FUELHH
2022-03-03T02:00:00Z,Imports & Exports,1390.000,Elexon BMRS FUELHH
2022-03-03T02:00:00Z,Nuclear,5902.000,Elexon BMRS FUELHH
2022-03-03T02:00:00Z,Other,169.000,Elexon BMRS FUELHH
2022-03-03T02:00:00Z,Pumped Storage,-1642.000,Elexon BMRS FUELHH
2022-03-03T02:00:00Z,Wind,9230.000,Elexon BMRS FUELHH
2022-03-03T03:00:00Z,Biomass,2548.000,Elexon BMRS FUELHH
2022-03-03T03:00:00Z,Coal,960.000,Elexon BMRS FUELHH
2022-03-03T03:00:00Z,Gas,6000.000,Elexon BMRS FUELHH
2022-03-03T03:00:00Z,Hydro,466.000,Elexon BMRS FUELHH
2022-03-03T03:00:00Z,Imports & Exports,900.000,Elexon BMRS FUELHH
2022-03-03T03:00:00Z,Nuclear,5904.000,Elexon BMRS FUELHH
2022-03-03T03:00:00Z,Other,171.000,Elexon BMRS FUELHH
2022-03-03T03:00:00Z,Pumped Storage,-1440.000,Elexon BMRS FUELHH
2022-03-03T03:00:00Z,Wind,8929.000,Elexon BMRS FUELHH
2022-03-03T03:30:00Z,Biomass,2702.000,Elexon BMRS FUELHH
2022-03-03T03:30:00Z,Coal,960.000,Elexon BMRS FUELHH
2022-03-03T03:30:00Z,Gas,5966.000,Elexon BMRS FUELHH
2022-03-03T03:30:00Z,Hydro,445.000,Elexon BMRS FUELHH
2022-03-03T03:30:00Z,Imports & Exports,790.000,Elexon BMRS FUELHH
2022-03-03T03:30:00Z,Nuclear,5907.000,Elexon BMRS FUELHH
2022-03-03T03:30:00Z,Other,168.000,Elexon BMRS FUELHH
2022-03-03T03:30:00Z,Pumped Storage,-1798.000,Elexon BMRS FUELHH
2022-03-03T03:30:00Z,Wind,9132.000,Elexon BMRS FUELHH
2022-03-03T04:00:00Z,Biomass,2747.000,Elexon BMRS FUELHH
2022-03-03T04:00:00Z,Coal,976.000,Elexon BMRS FUELHH
2022-03-03T04:00:00Z,Gas,6028.000,Elexon BMRS FUELHH
2022-03-03T04:00:00Z,Hydro,442.000,Elexon BMRS FUELHH
2022-03-03T04:00:00Z,Imports & Exports,-62.000,Elexon BMRS FUELHH
2022-03-03T04:00:00Z,Nuclear,5940.000,Elexon BMRS FUELHH
2022-03-03T04:00:00Z,Other,166.000,Elexon BMRS FUELHH
2022-03-03T04:00:00Z,Pumped Storage,-1370.000,Elexon BMRS FUELHH
2022-03-03T04:00:00Z,Wind,9208.000,Elexon BMRS FUELHH
2022-03-03T04:30:00Z,Biomass,2632.000,Elexon BMRS FUELHH
2022-03-03T04:30:00Z,Coal,954.000,Elexon BMRS FUELHH
2022-03-03T04:30:00Z,Gas,6025.000,Elexon BMRS FUELHH
2022-03-03T04:30:00Z,Hydro,451.000,Elexon BMRS FUELHH
2022-03-03T04:30:00Z,Imports & Exports,-82.000,Elexon BMRS FUELHH
2022-03-03T04:30:00Z,Nuclear,5963.000,Elexon BMRS FUELHH
2022-03-03T04:30:00Z,Other,171.000,Elexon BMRS FUELHH
2022-03-03T04:30:00Z,Pumped Storage,-896.000,Elexon BMRS FUELHH
2022-03-03T04:30:00Z,Wind,8846.000,Elexon BMRS FUELHH
2022-03-03T05:00:00Z,Biomass,2748.000,Elexon BMRS FUELHH
2022-03-03T05:00:00Z,Coal,1065.000,Elexon BMRS FUELHH
2022-03-03T05:00:00Z,Gas,6488.000,Elexon BMRS FUELHH
2022-03-03T05:00:00Z,Hydro,506.000,Elexon BMRS FUELHH
2022-03-03T05:00:00Z,Imports & Exports,-866.000,Elexon BMRS FUELHH
2022-03-03T05:00:00Z,Nuclear,5963.000,Elexon BMRS FUELHH
2022-03-03T05:00:00Z,Other,186.000,Elexon BMRS FUELHH
2022-03-03T05:00:00Z,Pumped Storage,36.000,Elexon BMRS FUELHH
2022-03-03T05:00:00Z,Wind,8321.000,Elexon BMRS FUELHH
2022-03-03T05:30:00Z,Biomass,2871.000,Elexon BMRS FUELHH
2022-03-03T05:30:00Z,Coal,1295.000,Elexon BMRS FUELHH
2022-03-03T05:30:00Z,Gas,7433.000,Elexon BMRS FUELHH
2022-03-03T05:30:00Z,Hydro,556.000,Elexon BMRS FUELHH
2022-03-03T05:30:00Z,Imports & Exports,-670.000,Elexon BMRS FUELHH
2022-03-03T05:30:00Z,Nuclear,5971.000,Elexon BMRS FUELHH
2022-03-03T05:30:00Z,Other,171.000,Elexon BMRS FUELHH
2022-03-03T05:30:00Z,Pumped Storage,248.000,Elexon BMRS FUELHH
2022-03-03T05:30:00Z,Wind,8039.000,Elexon BMRS FUELHH
2022-03-03T06:00:00Z,Biomass,2866.000,Elexon BMRS FUELHH
2022-03-03T06:00:00Z,Coal,1232.000,Elexon BMRS FUELHH
2022-03-03T06:00:00Z,Gas,10301.000,Elexon BMRS FUELHH
2022-03-03T06:00:00Z,Hydro,650.000,Elexon BMRS FUELHH
2022-03-03T06:00:00Z,Imports & Exports,-240.000,Elexon BMRS FUELHH
2022-03-03T06:00:00Z,Nuclear,5969.000,Elexon BMRS FUELHH
2022-03-03T06:00:00Z,Other,175.000,Elexon BMRS FUELHH
2022-03-03T06:00:00Z,Pumped Storage,356.000,Elexon BMRS FUELHH
2022-03-03T06:00:00Z,Wind,7898.000,Elexon BMRS FUELHH
2022-03-03T06:30:00Z,Biomass,2870.000,Elexon BMRS FUELHH
2022-03-03T06:30:00Z,Coal,1314.000,Elexon BMRS FUELHH
2022-03-03T06:30:00Z,Gas,12343.000,Elexon BMRS FUELHH
2022-03-03T06:30:00Z,Hydro,669.000,Elexon BMRS FUELHH
2022-03-03T06:30:00Z,Imports & Exports,-412.000,Elexon BMRS FUELHH
2022-03-03T06:30:00Z,Nuclear,5970.000,Elexon BMRS FUELHH
2022-03-03T06:30:00Z,Other,337.000,Elexon BMRS FUELHH
2022-03-03T06:30:00Z,Pumped Storage,232.000,Elexon BMRS FUELHH
2022-03-03T06:30:00Z,Wind,7779.000,Elexon BMRS FUELHH
2022-03-03T07:00:00Z,Biomass,2869.000,Elexon BMRS FUELHH
2022-03-03T07:00:00Z,Coal,1396.000,Elexon BMRS FUELHH
2022-03-03T07:00:00Z,Gas,14255.000,Elexon BMRS FUELHH
2022-03-03T07:00:00Z,Hydro,718.000,Elexon BMRS FUELHH
2022-03-03T07:00:00Z,Imports & Exports,952.000,Elexon BMRS FUELHH
2022-03-03T07:00:00Z,Nuclear,5970.000,Elexon BMRS FUELHH
2022-03-03T07:00:00Z,Other,350.000,Elexon BMRS FUELHH
2022-03-03T07:00:00Z,Pumped Storage,384.000,Elexon BMRS FUELHH
2022-03-03T07:00:00Z,Wind,7236.000,Elexon BMRS FUELHH
2022-03-03T07:30:00Z,Biomass,2869.000,Elexon BMRS FUELHH
2022-03-03T07:30:00Z,Coal,1464.000,Elexon BMRS FUELHH
2022-03-03T07:30:00Z,Gas,14978.000,Elexon BMRS FUELHH
2022-03-03T07:30:00Z,Hydro,824.000,Elexon BMRS FUELHH
2022-03-03T07:30:00Z,Imports & Exports,1192.000,Elexon BMRS FUELHH
2022-03-03T07:30:00Z,Nuclear,5966.000,Elexon BMRS FUELHH
2022-03-03T07:30:00Z,Other,437.000,Elexon BMRS FUELHH
2022-03-03T07:30:00Z,Pumped Storage,616.000,Elexon BMRS FUELHH
2022-03-03T07:30:00Z,Wind,6742.000,Elexon BMRS FUELHH
2022-03-03T08:00:00Z,Biomass,2857.000,Elexon BMRS FUELHH
2022-03-03T08:00:00Z,Coal,1465.000,Elexon BMRS FUELHH
2022-03-03T08:00:00Z,Gas,14721.000,Elexon BMRS FUELHH
2022-03-03T08:00:00Z,Hydro,801.000,Elexon BMRS FUELHH
2022-03-03T08:00:00Z,Imports & Exports,4038.000,Elexon BMRS FUELHH
2022-03-03T08:00:00Z,Nuclear,5970.000,Elexon BMRS FUELHH
2022-03-03T08:00:00Z,Other,538.000,Elexon BMRS FUELHH
2022-03-03T08:00:00Z,Pumped Storage,228.000,Elexon BMRS FUELHH
2022-03-03T08:00:00Z,Wind,6263.000,Elexon BMRS FUELHH
2022-03-03T08:30:00Z,Biomass,2865.000,Elexon BMRS FUELHH
2022-03-03T08:30:00Z,Coal,1476.000,Elexon BMRS FUELHH
2022-03-03T08:30:00Z,Gas,15003.000,Elexon BMRS FUELHH
2022-03-03T08:30:00Z,Hydro,775.000,Elexon BMRS FUELHH
2022-03-03T08:30:00Z,Imports & Exports,4042.000,Elexon BMRS FUELHH
2022-03-03T08:30:00Z,Nuclear,5972.000,Elexon BMRS FUELHH
2022-03-03T08:30:00Z,Other,579.000,Elexon BMRS FUELHH
2022-03-03T08:30:00Z,Pumped Storage,236.000,Elexon BMRS FUELHH
2022-03-03T08:30:00Z,Wind,6331.000,Elexon BMRS FUELHH
2022-03-03T09:00:00Z,Biomass,2868.000,Elexon BMRS FUELHH
2022-03-03T09:00:00Z,Coal,1473.000,Elexon BMRS FUELHH
2022-03-03T09:00:00Z,Gas,15039.000,Elexon BMRS FUELHH
2022-03-03T09:00:00Z,Hydro,768.000,Elexon BMRS FUELHH
2022-03-03T09:00:00Z,Imports & Exports,4138.000,Elexon BMRS FUELHH
2022-03-03T09:00:00Z,Nuclear,5969.000,Elexon BMRS FUELHH
2022-03-03T09:00:00Z,Other,560.000,Elexon BMRS FUELHH
2022-03-03T09:00:00Z,Pumped Storage,506.000,Elexon BMRS FUELHH
2022-03-03T09:00:00Z,Wind,6507.000,Elexon BMRS FUELHH
2022-03-03T09:30:00Z,Biomass,2872.000,Elexon BMRS FUELHH
2022-03-03T09:30:00Z,Coal,1470.000,Elexon BMRS FUELHH
2022-03-03T09:30:00Z,Gas,14850.000,Elexon BMRS FUELHH
2022-03-03T09:30:00Z,Hydro,882.000,Elexon BMRS FUELHH
2022-03-03T09:30:00Z,Imports & Exports,4202.000,Elexon BMRS FUELHH
2022-03-03T09:30:00Z,Nuclear,5984.000,Elexon BMRS FUELHH
2022-03-03T09:30:00Z,Other,486.000,Elexon BMRS FUELHH
2022-03-03T09:30:00Z,Pumped Storage,386.000,Elexon BMRS FUELHH
2022-03-03T09:30:00Z,Wind,6539.000,Elexon BMRS FUELHH
2022-03-03T10:00:00Z,Biomass,2912.000,Elexon BMRS FUELHH
2022-03-03T10:00:00Z,Coal,1458.000,Elexon BMRS FUELHH
2022-03-03T10:00:00Z,Gas,14833.000,Elexon BMRS FUELHH
2022-03-03T10:00:00Z,Hydro,918.000,Elexon BMRS FUELHH
2022-03-03T10:00:00Z,Imports & Exports,4734.000,Elexon BMRS FUELHH
2022-03-03T10:00:00Z,Nuclear,5972.000,Elexon BMRS FUELHH
2022-03-03T10:00:00Z,Other,339.000,Elexon BMRS FUELHH
2022-03-03T10:00:00Z,Pumped Storage,240.000,Elexon BMRS FUELHH
2022-03-03T10:00:00Z,Wind,6171.000,Elexon BMRS FUELHH
2022-03-03T10:30:00Z,Biomass,2915.000,Elexon BMRS FUELHH
2022-03-03T10:30:00Z,Coal,1463.000,Elexon BMRS FUELHH
2022-03-03T10:30:00Z,Gas,14792.000,Elexon BMRS FUELHH
2022-03-03T10:30:00Z,Hydro,776.000,Elexon BMRS FUELHH
2022-03-03T10:30:00Z,Imports & Exports,4928.000,Elexon BMRS FUELHH
2022-03-03T10:30:00Z,Nuclear,5972.000,Elexon BMRS FUELHH
2022-03-03T10:30:00Z,Other,472.000,Elexon BMRS FUELHH
2022-03-03T10:30:00Z,Pumped Storage,20.000,Elexon BMRS FUELHH
2022-03-03T10:30:00Z,Wind,6248.000,Elexon BMRS FUELHH
2022-03-03T11:00:00Z,Biomass,2916.000,Elexon BMRS FUELHH
2022-03-03T11:00:00Z,Coal,1469.000,Elexon BMRS FUELHH
2022-03-03T11:00:00Z,Gas,14795.000,Elexon BMRS FUELHH
2022-03-03T11:00:00Z,Hydro,640.000,Elexon BMRS FUELHH
2022-03-03T11:00:00Z,Imports & Exports,4920.000,Elexon BMRS FUELHH
2022-03-03T11:00:00Z,Nuclear,5970.000,Elexon BMRS FUELHH
2022-03-03T11:00:00Z,Other,373.000,Elexon BMRS FUELHH
2022-03-03T11:00:00Z,Pumped Storage,146.000,Elexon BMRS FUELHH
2022-03-03T11:00:00Z,Wind,6475.000,Elexon BMRS FUELHH
2022-03-03T11:30:00Z,Biomass,2915.000,Elexon BMRS FUELHH
2022-03-03T11:30:00Z,Coal,1471.000,Elexon BMRS FUELHH
2022-03-03T11:30:00Z,Gas,14888.000,Elexon BMRS FUELHH
2022-03-03T11:30:00Z,Hydro,639.000,Elexon BMRS FUELHH
2022-03-03T11:30:00Z,Imports & Exports,5012.000,Elexon BMRS FUELHH
2022-03-03T11:30:00Z,Nuclear,6000.000,Elexon BMRS FUELHH
2022-03-03T11:30:00Z,Other,204.000,Elexon BMRS FUELHH
2022-03-03T11:30:00Z,Pumped Storage,144.000,Elexon BMRS FUELHH
2022-03-03T11:30:00Z,Wind,6638.000,Elexon BMRS FUELHH
2022-03-03T12:00:00Z,Biomass,2918.000,Elexon BMRS FUELHH
2022-03-03T12:00:00Z,Coal,1471.000,Elexon BMRS FUELHH
2022-03-03T12:00:00Z,Gas,14930.000,Elexon BMRS FUELHH
2022-03-03T12:00:00Z,Hydro,659.000,Elexon BMRS FUELHH
2022-03-03T12:00:00Z,Imports & Exports,5090.000,Elexon BMRS FUELHH
2022-03-03T12:00:00Z,Nuclear,6006.000,Elexon BMRS FUELHH
2022-03-03T12:00:00Z,Other,176.000,Elexon BMRS FUELHH
2022-03-03T12:00:00Z,Pumped Storage,260.000,Elexon BMRS FUELHH
2022-03-03T12:00:00Z,Wind,6666.000,Elexon BMRS FUELHH
2022-03-03T12:30:00Z,Biomass,2917.000,Elexon BMRS FUELHH
2022-03-03T12:30:00Z,Coal,1471.000,Elexon BMRS FUELHH
2022-03-03T12:30:00Z,Gas,15017.000,Elexon BMRS FUELHH
2022-03-03T12:30:00Z,Hydro,666.000,Elexon BMRS FUELHH
2022-03-03T12:30:00Z,Imports & Exports,5056.000,Elexon BMRS FUELHH
2022-03-03T12:30:00Z,Nuclear,5991.000,Elexon BMRS FUELHH
2022-03-03T12:30:00Z,Other,172.000,Elexon BMRS FUELHH
2022-03-03T12:30:00Z,Pumped Storage,212.000,Elexon BMRS FUELHH
2022-03-03T12:30:00Z,Wind,6753.000,Elexon BMRS FUELHH
2022-03-03T13:00:00Z,Biomass,2914.000,Elexon BMRS FUELHH
2022-03-03T13:00:00Z,Coal,1473.000,Elexon BMRS FUELHH
2022-03-03T13:00:00Z,Gas,14804.000,Elexon BMRS FUELHH
2022-03-03T13:00:00Z,Hydro,767.000,Elexon BMRS FUELHH
2022-03-03T13:00:00Z,Imports & Exports,5144.000,Elexon BMRS FUELHH
2022-03-03T13:00:00Z,Nuclear,5998.000,Elexon BMRS FUELHH
2022-03-03T13:00:00Z,Other,178.000,Elexon BMRS FUELHH
2022-03-03T13:00:00Z,Pumped Storage,356.000,Elexon BMRS FUELHH
2022-03-03T13:00:00Z,Wind,6622.000,Elexon BMRS FUELHH
2022-03-03T13:30:00Z,Biomass,2888.000,Elexon BMRS FUELHH
2022-03-03T13:30:00Z,Coal,1472.000,Elexon BMRS FUELHH
2022-03-03T13:30:00Z,Gas,14813.000,Elexon BMRS FUELHH
2022-03-03T13:30:00Z,Hydro,809.000,Elexon BMRS FUELHH
2022-03-03T13:30:00Z,Imports & Exports,5198.000,Elexon BMRS FUELHH
2022-03-03T13:30:00Z,Nuclear,6002.000,Elexon BMRS FUELHH
2022-03-03T13:30:00Z,Other,176.000,Elexon BMRS FUELHH
2022-03-03T13:30:00Z,Pumped Storage,144.000,Elexon BMRS FUELHH
2022-03-03T13:30:00Z,Wind,6379.000,Elexon BMRS FUELHH
2022-03-03T14:00:00Z,Biomass,2887.000,Elexon BMRS FUELHH
2022-03-03T14:00:00Z,Coal,1476.000,Elexon BMRS FUELHH
2022-03-03T14:00:00Z,Gas,15150.000,Elexon BMRS FUELHH
2022-03-03T14:00:00Z,Hydro,836.000,Elexon BMRS FUELHH
2022-03-03T14:00:00Z,Imports & Exports,5198.000,Elexon BMRS FUELHH
2022-03-03T14:00:00Z,Nuclear,5998.000,Elexon BMRS FUELHH
2022-03-03T14:00:00Z,Other,175.000,Elexon BMRS FUELHH
2022-03-03T14:00:00Z,Pumped Storage,276.000,Elexon BMRS FUELHH
2022-03-03T14:00:00Z,Wind,5902.000,Elexon BMRS FUELHH
2022-03-03T14:30:00Z,Biomass,2592.000,Elexon BMRS FUELHH
2022-03-03T14:30:00Z,Coal,1470.000,Elexon BMRS FUELHH
2022-03-03T14:30:00Z,Gas,15550.000,Elexon BMRS FUELHH
2022-03-03T14:30:00Z,Hydro,863.000,Elexon BMRS FUELHH
2022-03-03T14:30:00Z,Imports & Exports,5148.000,Elexon BMRS FUELHH
2022-03-03T14:30:00Z,Nuclear,6003.000,Elexon BMRS FUELHH
2022-03-03T14:30:00Z,Other,170.000,Elexon BMRS FUELHH
2022-03-03T14:30:00Z,Pumped Storage,58.000,Elexon BMRS FUELHH
2022-03-03T14:30:00Z,Wind,5504.000,Elexon BMRS FUELHH
2022-03-03T15:00:00Z,Biomass,2640.000,Elexon BMRS FUELHH
2022-03-03T15:00:00Z,Coal,1445.000,Elexon BMRS FUELHH
2022-03-03T15:00:00Z,Gas,16140.000,Elexon BMRS FUELHH
2022-03-03T15:00:00Z,Hydro,886.000,Elexon BMRS FUELHH
2022-03-03T15:00:00Z,Imports & Exports,4788.000,Elexon BMRS FUELHH
2022-03-03T15:00:00Z,Nuclear,6047.000,Elexon BMRS FUELHH
2022-03-03T15:00:00Z,Other,168.000,Elexon BMRS FUELHH
2022-03-03T15:00:00Z,Pumped Storage,-12.000,Elexon BMRS FUELHH
2022-03-03T15:00:00Z,Wind,5427.000,Elexon BMRS FUELHH
2022-03-03T15:30:00Z,Biomass,2879.000,Elexon BMRS FUELHH
2022-03-03T15:30:00Z,Coal,1466.000,Elexon BMRS FUELHH
2022-03-03T15:30:00Z,Gas,16819.000,Elexon BMRS FUELHH
2022-03-03T15:30:00Z,Hydro,983.000,Elexon BMRS FUELHH
2022-03-03T15:30:00Z,Imports & Exports,4140.000,Elexon BMRS FUELHH
2022-03-03T15:30:00Z,Nuclear,6047.000,Elexon BMRS FUELHH
2022-03-03T15:30:00Z,Other,167.000,Elexon BMRS FUELHH
2022-03-03T15:30:00Z,Pumped Storage,40.000,Elexon BMRS FUELHH
2022-03-03T15:30:00Z,Wind,5420.000,Elexon BMRS FUELHH
2022-03-03T16:00:00Z,Biomass,2917.000,Elexon BMRS FUELHH
2022-03-03T16:00:00Z,Coal,1473.000,Elexon BMRS FUELHH
2022-03-03T16:00:00Z,Gas,16726.000,Elexon BMRS FUELHH
2022-03-03T16:00:00Z,Hydro,1044.000,Elexon BMRS FUELHH
2022-03-03T16:00:00Z,Imports & Exports,4418.000,Elexon BMRS FUELHH
2022-03-03T16:00:00Z,Nuclear,6074.000,Elexon BMRS FUELHH
2022-03-03T16:00:00Z,Other,285.000,Elexon BMRS FUELHH
2022-03-03T16:00:00Z,Pumped Storage,486.000,Elexon BMRS FUELHH
2022-03-03T16:00:00Z,Wind,5134.000,Elexon BMRS FUELHH
2022-03-03T16:30:00Z,Biomass,2919.000,Elexon BMRS FUELHH
2022-03-03T16:30:00Z,Coal,1468.000,Elexon BMRS FUELHH
2022-03-03T16:30:00Z,Gas,16697.000,Elexon BMRS FUELHH
2022-03-03T16:30:00Z,Hydro,1148.000,Elexon BMRS FUELHH
2022-03-03T16:30:00Z,Imports & Exports,4564.000,Elexon BMRS FUELHH
2022-03-03T16:30:00Z,Nuclear,6115.000,Elexon BMRS FUELHH
2022-03-03T16:30:00Z,Other,741.000,Elexon BMRS FUELHH
2022-03-03T16:30:00Z,Pumped Storage,738.000,Elexon BMRS FUELHH
2022-03-03T16:30:00Z,Wind,4913.000,Elexon BMRS FUELHH
2022-03-03T17:00:00Z,Biomass,2918.000,Elexon BMRS FUELHH
2022-03-03T17:00:00Z,Coal,1467.000,Elexon BMRS FUELHH
2022-03-03T17:00:00Z,Gas,16992.000,Elexon BMRS FUELHH
2022-03-03T17:00:00Z,Hydro,1148.000,Elexon BMRS FUELHH
2022-03-03T17:00:00Z,Imports & Exports,4382.000,Elexon BMRS FUELHH
2022-03-03T17:00:00Z,Nuclear,6133.000,Elexon BMRS FUELHH
2022-03-03T17:00:00Z,Other,772.000,Elexon BMRS FUELHH
2022-03-03T17:00:00Z,Pumped Storage,1824.000,Elexon BMRS FUELHH
2022-03-03T17:00:00Z,Wind,4575.000,Elexon BMRS FUELHH
2022-03-03T17:30:00Z,Biomass,2918.000,Elexon BMRS FUELHH
2022-03-03T17:30:00Z,Coal,1462.000,Elexon BMRS FUELHH
2022-03-03T17:30:00Z,Gas,17871.000,Elexon BMRS FUELHH
2022-03-03T17:30:00Z,Hydro,1141.000,Elexon BMRS FUELHH
2022-03-03T17:30:00Z,Imports & Exports,4380.000,Elexon BMRS FUELHH
2022-03-03T17:30:00Z,Nuclear,6137.000,Elexon BMRS FUELHH
2022-03-03T17:30:00Z,Other,635.000,Elexon BMRS FUELHH
2022-03-03T17:30:00Z,Pumped Storage,2112.000,Elexon BMRS FUELHH
2022-03-03T17:30:00Z,Wind,4372.000,Elexon BMRS FUELHH
2022-03-03T18:00:00Z,Biomass,2917.000,Elexon BMRS FUELHH
2022-03-03T18:00:00Z,Coal,1449.000,Elexon BMRS FUELHH
2022-03-03T18:00:00Z,Gas,18150.000,Elexon BMRS FUELHH
2022-03-03T18:00:00Z,Hydro,1138.000,Elexon BMRS FUELHH
2022-03-03T18:00:00Z,Imports & Exports,4330.000,Elexon BMRS FUELHH
2022-03-03T18:00:00Z,Nuclear,6133.000,Elexon BMRS FUELHH
2022-03-03T18:00:00Z,Other,838.000,Elexon BMRS FUELHH
2022-03-03T18:00:00Z,Pumped Storage,2102.000,Elexon BMRS FUELHH
2022-03-03T18:00:00Z,Wind,4315.000,Elexon BMRS FUELHH
2022-03-03T18:30:00Z,Biomass,2771.000,Elexon BMRS FUELHH
2022-03-03T18:30:00Z,Coal,1459.000,Elexon BMRS FUELHH
2022-03-03T18:30:00Z,Gas,18183.000,Elexon BMRS FUELHH
2022-03-03T18:30:00Z,Hydro,1115.000,Elexon BMRS FUELHH
2022-03-03T18:30:00Z,Imports & Exports,4278.000,Elexon BMRS FUELHH
2022-03-03T18:30:00Z,Nuclear,6130.000,Elexon BMRS FUELHH
2022-03-03T18:30:00Z,Other,885.000,Elexon BMRS FUELHH
2022-03-03T18:30:00Z,Pumped Storage,2028.000,Elexon BMRS FUELHH
2022-03-03T18:30:00Z,Wind,4527.000,Elexon BMRS FUELHH
2022-03-03T19:00:00Z,Biomass,2861.000,Elexon BMRS FUELHH
2022-03-03T19:00:00Z,Coal,1458.000,Elexon BMRS FUELHH
2022-03-03T19:00:00Z,Gas,18619.000,Elexon BMRS FUELHH
2022-03-03T19:00:00Z,Hydro,1128.000,Elexon BMRS FUELHH
2022-03-03T19:00:00Z,Imports & Exports,4396.000,Elexon BMRS FUELHH
2022-03-03T19:00:00Z,Nuclear,6133.000,Elexon BMRS FUELHH
2022-03-03T19:00:00Z,Other,634.000,Elexon BMRS FUELHH
2022-03-03T19:00:00Z,Pumped Storage,706.000,Elexon BMRS FUELHH
2022-03-03T19:00:00Z,Wind,4656.000,Elexon BMRS FUELHH
2022-03-03T19:30:00Z,Biomass,2919.000,Elexon BMRS FUELHH
2022-03-03T19:30:00Z,Coal,1469.000,Elexon BMRS FUELHH
2022-03-03T19:30:00Z,Gas,18150.000,Elexon BMRS FUELHH
2022-03-03T19:30:00Z,Hydro,1118.000,Elexon BMRS FUELHH
2022-03-03T19:30:00Z,Imports & Exports,4420.000,Elexon BMRS FUELHH
2022-03-03T19:30:00Z,Nuclear,6126.000,Elexon BMRS FUELHH
2022-03-03T19:30:00Z,Other,306.000,Elexon BMRS FUELHH
2022-03-03T19:30:00Z,Pumped Storage,292.000,Elexon BMRS FUELHH
2022-03-03T19:30:00Z,Wind,4696.000,Elexon BMRS FUELHH
2022-03-03T20:00:00Z,Biomass,2916.000,Elexon BMRS FUELHH
2022-03-03T20:00:00Z,Coal,1470.000,Elexon BMRS FUELHH
2022-03-03T20:00:00Z,Gas,17423.000,Elexon BMRS FUELHH
2022-03-03T20:00:00Z,Hydro,1062.000,Elexon BMRS FUELHH
2022-03-03T20:00:00Z,Imports & Exports,4354.000,Elexon BMRS FUELHH
2022-03-03T20:00:00Z,Nuclear,6137.000,Elexon BMRS FUELHH
2022-03-03T20:00:00Z,Other,190.000,Elexon BMRS FUELHH
2022-03-03T20:00:00Z,Pumped Storage,90.000,Elexon BMRS FUELHH
2022-03-03T20:00:00Z,Wind,4702.000,Elexon BMRS FUELHH
2022-03-03T20:30:00Z,Biomass,2894.000,Elexon BMRS FUELHH
2022-03-03T20:30:00Z,Coal,1471.000,Elexon BMRS FUELHH
2022-03-03T20:30:00Z,Gas,16288.000,Elexon BMRS FUELHH
2022-03-03T20:30:00Z,Hydro,1036.000,Elexon BMRS FUELHH
2022-03-03T20:30:00Z,Imports & Exports,4202.000,Elexon BMRS FUELHH
2022-03-03T20:30:00Z,Nuclear,6131.000,Elexon BMRS FUELHH
2022-03-03T20:30:00Z,Other,176.000,Elexon BMRS FUELHH
2022-03-03T20:30:00Z,Pumped Storage,14.000,Elexon BMRS FUELHH
2022-03-03T20:30:00Z,Wind,4657.000,Elexon BMRS FUELHH
2022-03-03T21:00:00Z,Biomass,2915.000,Elexon BMRS FUELHH
2022-03-03T21:00:00Z,Coal,1466.000,Elexon BMRS FUELHH
2022-03-03T21:00:00Z,Gas,14852.000,Elexon BMRS FUELHH
2022-03-03T21:00:00Z,Hydro,983.000,Elexon BMRS FUELHH
2022-03-03T21:00:00Z,Imports & Exports,4098.000,Elexon BMRS FUELHH
2022-03-03T21:00:00Z,Nuclear,6167.000,Elexon BMRS FUELHH
2022-03-03T21:00:00Z,Other,178.000,Elexon BMRS FUELHH
2022-03-03T21:00:00Z,Pumped Storage,82.000,Elexon BMRS FUELHH
2022-03-03T21:00:00Z,Wind,4527.000,Elexon BMRS FUELHH
2022-03-03T21:30:00Z,Biomass,2916.000,Elexon BMRS FUELHH
2022-03-03T21:30:00Z,Coal,1302.000,Elexon BMRS FUELHH
2022-03-03T21:30:00Z,Gas,13612.000,Elexon BMRS FUELHH
2022-03-03T21:30:00Z,Hydro,959.000,Elexon BMRS FUELHH
2022-03-03T21:30:00Z,Imports & Exports,3934.000,Elexon BMRS FUELHH
2022-03-03T21:30:00Z,Nuclear,6184.000,Elexon BMRS FUELHH
2022-03-03T21:30:00Z,Other,179.000,Elexon BMRS FUELHH
2022-03-03T21:30:00Z,Pumped Storage,-10.000,Elexon BMRS FUELHH
2022-03-03T21:30:00Z,Wind,4344.000,Elexon BMRS FUELHH
2022-03-03T22:00:00Z,Biomass,2911.000,Elexon BMRS FUELHH
2022-03-03T22:00:00Z,Coal,828.000,Elexon BMRS FUELHH
2022-03-03T22:00:00Z,Gas,12870.000,Elexon BMRS FUELHH
2022-03-03T22:00:00Z,Hydro,825.000,Elexon BMRS FUELHH
2022-03-03T22:00:00Z,Imports & Exports,3526.000,Elexon BMRS FUELHH
2022-03-03T22:00:00Z,Nuclear,6185.000,Elexon BMRS FUELHH
2022-03-03T22:00:00Z,Other,176.000,Elexon BMRS FUELHH
2022-03-03T22:00:00Z,Pumped Storage,14.000,Elexon BMRS FUELHH
2022-03-03T22:00:00Z,Wind,4191.000,Elexon BMRS FUELHH
2022-03-03T22:30:00Z,Biomass,2813.000,Elexon BMRS FUELHH
2022-03-03T22:30:00Z,Coal,341.000,Elexon BMRS FUELHH
2022-03-03T22:30:00Z,Gas,12379.000,Elexon BMRS FUELHH
2022-03-03T22:30:00Z,Hydro,640.000,Elexon BMRS FUELHH
2022-03-03T22:30:00Z,Imports & Exports,3222.000,Elexon BMRS FUELHH
2022-03-03T22:30:00Z,Nuclear,6188.000,Elexon BMRS FUELHH
2022-03-03T22:30:00Z,Other,191.000,Elexon BMRS FUELHH
2022-03-03T22:30:00Z,Pumped Storage,20.000,Elexon BMRS FUELHH
2022-03-03T22:30:00Z,Wind,3940.000,Elexon BMRS FUELHH
2022-03-03T23:00:00Z,Biomass,2804.000,Elexon BMRS FUELHH
2022-03-03T23:00:00Z,Coal,6.000,Elexon BMRS FUELHH
2022-03-03T23:00:00Z,Gas,12100.000,Elexon BMRS FUELHH
2022-03-03T23:00:00Z,Hydro,623.000,Elexon BMRS FUELHH
2022-03-03T23:00:00Z,Imports & Exports,3120.000,Elexon BMRS FUELHH
2022-03-03T23:00:00Z,Nuclear,6215.000,Elexon BMRS FUELHH
2022-03-03T23:00:00Z,Other,174.000,Elexon BMRS FUELHH
2022-03-03T23:00:00Z,Pumped Storage,-706.000,Elexon BMRS FUELHH
2022-03-03T23:00:00Z,Wind,3778.000,Elexon BMRS FUELHH
2022-03-03T23:30:00Z,Biomass,2713.000,Elexon BMRS FUELHH
2022-03-03T23:30:00Z,Coal,0.000,Elexon BMRS FUELHH
2022-03-03T23:30:00Z,Gas,11437.000,Elexon BMRS FUELHH
2022-03-03T23:30:00Z,Hydro,577.000,Elexon BMRS FUELHH
2022-03-03T23:30:00Z,Imports & Exports,3212.000,Elexon BMRS FUELHH
2022-03-03T23:30:00Z,Nuclear,6226.000,Elexon BMRS FUELHH
2022-03-03T23:30:00Z,Other,168.000,Elexon BMRS FUELHH
2022-03-03T23:30:00Z,Pumped Storage,-1044.000,Elexon BMRS FUELHH
2022-03-03T23:30:00Z,Wind,3765.000,Elexon BMRS FUELHH
2022-03-04T00:00:00Z,Biomass,2522.000,Elexon BMRS FUELHH
2022-03-04T00:00:00Z,Coal,0.000,Elexon BMRS FUELHH
2022-03-04T00:00:00Z,Gas,11202.000,Elexon BMRS FUELHH
2022-03-04T00:00:00Z,Hydro,496.000,Elexon BMRS FUELHH
2022-03-04T00:00:00Z,Imports & Exports,3510.000,Elexon BMRS FUELHH
2022-03-04T00:00:00Z,Nuclear,6259.000,Elexon BMRS FUELHH
2022-03-04T00:00:00Z,Other,169.000,Elexon BMRS FUELHH
2022-03-04T00:00:00Z,Pumped Storage,-1206.000,Elexon BMRS FUELHH
2022-03-04T00:00:00Z,Wind,3826.000,Elexon BMRS FUELHH
2022-03-04T00:30:00Z,Biomass,2219.000,Elexon BMRS FUELHH
2022-03-04T00:30:00Z,Coal,0.000,Elexon BMRS FUELHH
2022-03-04T00:30:00Z,Gas,11578.000,Elexon BMRS FUELHH
2022-03-04T00:30:00Z,Hydro,496.000,Elexon BMRS FUELHH
2022-03-04T00:30:00Z,Imports & Exports,3644.000,Elexon BMRS FUELHH
2022-03-04T00:30:00Z,Nuclear,6271.000,Elexon BMRS FUELHH
2022-03-04T00:30:00Z,Other,168.000,Elexon BMRS FUELHH
2022-03-04T00:30:00Z,Pumped Storage,-932.000,Elexon BMRS FUELHH
2022-03-04T00:30:00Z,Wind,3814.000,Elexon BMRS FUELHH
2022-03-04T01:00:00Z,Biomass,2189.000,Elexon BMRS FUELHH
2022-03-04T01:00:00Z,Coal,0.000,Elexon BMRS FUELHH
2022-03-04T01:00:00Z,Gas,11362.000,Elexon BMRS FUELHH
2022-03-04T01:00:00Z,Hydro,495.000,Elexon BMRS FUELHH
2022-03-04T01:00:00Z,Imports & Exports,3826.000,Elexon BMRS FUELHH
2022-03-04T01:00:00Z,Nuclear,6273.000,Elexon BMRS FUELHH
2022-03-04T01:00:00Z,Other,168.000,Elexon BMRS FUELHH
2022-03-04T01:00:00Z,Pumped Storage,-1256.000,Elexon BMRS FUELHH
2022-03-04T01:00:00Z,Wind,3851.000,Elexon BMRS FUELHH
2022-03-04T01:30:00Z,Biomass,2307.000,Elexon BMRS FUELHH
2022-03-04T01:30:00Z,Coal,0.000,Elexon BMRS FUELHH
2022-03-04T01:30:00Z,Gas,10900.000,Elexon BMRS FUELHH
2022-03-04T01:30:00Z,Hydro,494.000,Elexon BMRS FUELHH
2022-03-04T01:30:00Z,Imports & Exports,3728.000,Elexon BMRS FUELHH
2022-03-04T01:30:00Z,Nuclear,6271.000,Elexon BMRS FUELHH
2022-03-04T01:30:00Z,Other,168.000,Elexon BMRS FUELHH
2022-03-04T01:30:00Z,Pumped Storage,-1254.000,Elexon BMRS FUELHH
2022-03-04T01:30:00Z,Wind,3820.000,Elexon BMRS FUELHH
2022-03-04T02:00:00Z,Biomass,2474.000,Elexon BMRS FUELHH
2022-03-04T02:00:00Z,Coal,0.000,Elexon BMRS FUELHH
2022-03-04T02:00:00Z,Gas,11266.000,Elexon BMRS FUELHH
2022-03-04T02:00:00Z,Hydro,492.000,Elexon BMRS FUELHH
2022-03-04T02:00:00Z,Imports & Exports,2548.000,Elexon BMRS FUELHH
2022-03-04T02:00:00Z,Nuclear,6273.000,Elexon BMRS FUELHH
2022-03-04T02:00:00Z,Other,171.000,Elexon BMRS FUELHH
2022-03-04T02:00:00Z,Pumped Storage,-1242.000,Elexon BMRS FUELHH
2022-03-04T02:00:00Z,Wind,3726.000,Elexon BMRS FUELHH
2022-03-04T02:30:00Z,Biomass,2578.000,Elexon BMRS FUELHH
2022-03-04T02:30:00Z,Coal,0.000,Elexon BMRS FUELHH
2022-03-04T02:30:00Z,Gas,11137.000,Elexon BMRS FUELHH
2022-03-04T02:30:00Z,Hydro,490.000,Elexon BMRS FUELHH
2022-03-04T02:30:00Z,Imports & Exports,2508.000,Elexon BMRS FUELHH
2022-03-04T02:30:00Z,Nuclear,6281.000,Elexon BMRS FUELHH
2022-03-04T02:30:00Z,Other,168.000,Elexon BMRS FUELHH
2022-03-04T02:30:00Z,Pumped Storage,-1516.000,Elexon BMRS FUELHH
2022-03-04T02:30:00Z,Wind,3722.000,Elexon BMRS FUELHH
2022-03-04T03:00:00Z,Biomass,2556.000,Elexon BMRS FUELHH
2022-03-04T03:00:00Z,Coal,0.000,Elexon BMRS FUELHH
2022-03-04T03:00:00Z,Gas,11165.000,Elexon BMRS FUELHH
2022-03-04T03:00:00Z,Hydro,490.000,Elexon BMRS FUELHH
2022-03-04T03:00:00Z,Imports & Exports,1978.000,Elexon BMRS FUELHH
2022-03-04T03:00:00Z,Nuclear,6271.000,Elexon BMRS FUELHH
2022-03-04T03:00:00Z,Other,184.000,Elexon BMRS FUELHH
2022-03-04T03:00:00Z,Pumped Storage,-1156.000,Elexon BMRS FUELHH
2022-03-04T03:00:00Z,Wind,3592.000,Elexon BMRS FUELHH
2022-03-04T03:30:00Z,Biomass,2462.000,Elexon BMRS FUELHH
2022-03-04T03:30:00Z,Coal,0.000,Elexon BMRS FUELHH
2022-03-04T03:30:00Z,Gas,11116.000,Elexon BMRS FUELHH
2022-03-04T03:30:00Z,Hydro,487.000,Elexon BMRS FUELHH
2022-03-04T03:30:00Z,Imports & Exports,1924.000,Elexon BMRS FUELHH
2022-03-04T03:30:00Z,Nuclear,6278.000,Elexon BMRS FUELHH
2022-03-04T03:30:00Z,Other,167.000,Elexon BMRS FUELHH
2022-03-04T03:30:00Z,Pumped Storage,-1228.000,Elexon BMRS FUELHH
2022-03-04T03:30:00Z,Wind,3490.000,Elexon BMRS FUELHH
2022-03-04T04:00:00Z,Biomass,2625.000,Elexon BMRS FUELHH
2022-03-04T04:00:00Z,Coal,0.000,Elexon BMRS FUELHH
2022-03-04T04:00:00Z,Gas,11369.000,Elexon BMRS FUELHH
2022-03-04T04:00:00Z,Hydro,487.000,Elexon BMRS FUELHH
2022-03-04T04:00:00Z,Imports & Exports,1544.000,Elexon BMRS FUELHH
2022-03-04T04:00:00Z,Nuclear,6276.000,Elexon BMRS FUELHH
2022-03-04T04:00:00Z,Other,174.000,Elexon BMRS FUELHH
2022-03-04T04:00:00Z,Pumped Storage,-1160.000,Elexon BMRS FUELHH
2022-03-04T04:00:00Z,Wind,3196.000,Elexon BMRS FUELHH
2022-03-04T04:30:00Z,Biomass,2625.000,Elexon BMRS FUELHH
2022-03-04T04:30:00Z,Coal,0.000,Elexon BMRS FUELHH
2022-03-04T04:30:00Z,Gas,11533.000,Elexon BMRS FUELHH
2022-03-04T04:30:00Z,Hydro,486.000,Elexon BMRS FUELHH
2022-03-04T04:30:00Z,Imports & Exports,1590.000,Elexon BMRS FUELHH
2022-03-04T04:30:00Z,Nuclear,6278.000,Elexon BMRS FUELHH
2022-03-04T04:30:00Z,Other,180.000,Elexon BMRS FUELHH
2022-03-04T04:30:00Z,Pumped Storage,-1148.000,Elexon BMRS FUELHH
2022-03-04T04:30:00Z,Wind,2999.000,Elexon BMRS FUELHH
2022-03-04T05:00:00Z,Biomass,2420.000,Elexon BMRS FUELHH
2022-03-04T05:00:00Z,Coal,169.000,Elexon BMRS FUELHH
2022-03-04T05:00:00Z,Gas,12036.000,Elexon BMRS FUELHH
2022-03-04T05:00:00Z,Hydro,537.000,Elexon BMRS FUELHH
2022-03-04T05:00:00Z,Imports & Exports,1236.000,Elexon BMRS FUELHH
2022-03-04T05:00:00Z,Nuclear,6302.000,Elexon BMRS FUELHH
2022-03-04T05:00:00Z,Other,175.000,Elexon BMRS FUELHH
2022-03-04T05:00:00Z,Pumped Storage,-726.000,Elexon BMRS FUELHH
2022-03-04T05:00:00Z,Wind,2995.000,Elexon BMRS FUELHH
2022-03-04T05:30:00Z,Biomass,2311.000,Elexon BMRS FUELHH
2022-03-04T05:30:00Z,Coal,399.000,Elexon BMRS FUELHH
2022-03-04T05:30:00Z,Gas,12693.000,Elexon BMRS FUELHH
2022-03-04T05:30:00Z,Hydro,574.000,Elexon BMRS FUELHH
2022-03-04T05:30:00Z,Imports & Exports,1370.000,Elexon BMRS FUELHH
2022-03-04T05:30:00Z,Nuclear,6308.000,Elexon BMRS FUELHH
2022-03-04T05:30:00Z,Other,193.000,Elexon BMRS FUELHH
2022-03-04T05:30:00Z,Pumped Storage,-556.000,Elexon BMRS FUELHH
2022-03-04T05:30:00Z,Wind,2955.000,Elexon BMRS FUELHH
2022-03-04T06:00:00Z,Biomass,2530.000,Elexon BMRS FUELHH
2022-03-04T06:00:00Z,Coal,676.000,Elexon BMRS FUELHH
2022-03-04T06:00:00Z,Gas,14686.000,Elexon BMRS FUELHH
2022-03-04T06:00:00Z,Hydro,763.000,Elexon BMRS FUELHH
2022-03-04T06:00:00Z,Imports & Exports,1446.000,Elexon BMRS FUELHH
2022-03-04T06:00:00Z,Nuclear,6313.000,Elexon BMRS FUELHH
2022-03-04T06:00:00Z,Other,170.000,Elexon BMRS FUELHH
2022-03-04T06:00:00Z,Pumped Storage,-78.000,Elexon BMRS FUELHH
2022-03-04T06:00:00Z,Wind,2761.000,Elexon BMRS FUELHH
2022-03-04T06:30:00Z,Biomass,2860.000,Elexon BMRS FUELHH
2022-03-04T06:30:00Z,Coal,902.000,Elexon BMRS FUELHH
2022-03-04T06:30:00Z,Gas,16463.000,Elexon BMRS FUELHH
2022-03-04T06:30:00Z,Hydro,764.000,Elexon BMRS FUELHH
2022-03-04T06:30:00Z,Imports & Exports,1538.000,Elexon BMRS FUELHH
2022-03-04T06:30:00Z,Nuclear,6318.000,Elexon BMRS FUELHH
2022-03-04T06:30:00Z,Other,169.000,Elexon BMRS FUELHH
2022-03-04T06:30:00Z,Pumped Storage,-102.000,Elexon BMRS FUELHH
2022-03-04T06:30:00Z,Wind,2800.000,Elexon BMRS FUELHH
2022-03-04T07:00:00Z,Biomass,2900.000,Elexon BMRS FUELHH
2022-03-04T07:00:00Z,Coal,1142.000,Elexon BMRS FUELHH
2022-03-04T07:00:00Z,Gas,17414.000,Elexon BMRS FUELHH
2022-03-04T07:00:00Z,Hydro,799.000,Elexon BMRS FUELHH
2022-03-04T07:00:00Z,Imports & Exports,3020.000,Elexon BMRS FUELHH
2022-03-04T07:00:00Z,Nuclear,6313.000,Elexon BMRS FUELHH
2022-03-04T07:00:00Z,Other,174.000,Elexon BMRS FUELHH
2022-03-04T07:00:00Z,Pumped Storage,18.000,Elexon BMRS FUELHH
2022-03-04T07:00:00Z,Wind,2993.000,Elexon BMRS FUELHH
2022-03-04T07:30:00Z,Biomass,2913.000,Elexon BMRS FUELHH
2022-03-04T07:30:00Z,Coal,1401.000,Elexon BMRS FUELHH
2022-03-04T07:30:00Z,Gas,18342.000,Elexon BMRS FUELHH
2022-03-04T07:30:00Z,Hydro,886.000,Elexon BMRS FUELHH
2022-03-04T07:30:00Z,Imports & Exports,3028.000,Elexon BMRS FUELHH
2022-03-04T07:30:00Z,Nuclear,6315.000,Elexon BMRS FUELHH
2022-03-04T07:30:00Z,Other,186.000,Elexon BMRS FUELHH
2022-03-04T07:30:00Z,Pumped Storage,118.000,Elexon BMRS FUELHH
2022-03-04T07:30:00Z,Wind,2969.000,Elexon BMRS FUELHH
2022-03-04T08:00:00Z,Biomass,2916.000,Elexon BMRS FUELHH
2022-03-04T08:00:00Z,Coal,1477.000,Elexon BMRS FUELHH
2022-03-04T08:00:00Z,Gas,18590.000,Elexon BMRS FUELHH
2022-03-04T08:00:00Z,Hydro,968.000,Elexon BMRS FUELHH
2022-03-04T08:00:00Z,Imports & Exports,3830.000,Elexon BMRS FUELHH
2022-03-04T08:00:00Z,Nuclear,6305.000,Elexon BMRS FUELHH
2022-03-04T08:00:00Z,Other,197.000,Elexon BMRS FUELHH
2022-03-04T08:00:00Z,Pumped Storage,110.000,Elexon BMRS FUELHH
2022-03-04T08:00:00Z,Wind,2921.000,Elexon BMRS FUELHH
2022-03-04T08:30:00Z,Biomass,2915.000,Elexon BMRS FUELHH
2022-03-04T08:30:00Z,Coal,1477.000,Elexon BMRS FUELHH
2022-03-04T08:30:00Z,Gas,18488.000,Elexon BMRS FUELHH
2022-03-04T08:30:00Z,Hydro,1036.000,Elexon BMRS FUELHH
2022-03-04T08:30:00Z,Imports & Exports,3820.000,Elexon BMRS FUELHH
2022-03-04T08:30:00Z,Nuclear,6306.000,Elexon BMRS FUELHH
2022-03-04T08:30:00Z,Other,261.000,Elexon BMRS FUELHH
2022-03-04T08:30:00Z,Pumped Storage,314.000,Elexon BMRS FUELHH
2022-03-04T08:30:00Z,Wind,2850.000,Elexon BMRS FUELHH
2022-03-04T09:00:00Z,Biomass,2915.000,Elexon BMRS FUELHH
2022-03-04T09:00:00Z,Coal,1478.000,Elexon BMRS FUELHH
2022-03-04T09:00:00Z,Gas,18514.000,Elexon BMRS FUELHH
2022-03-04T09:00:00Z,Hydro,1085.000,Elexon BMRS FUELHH
2022-03-04T09:00:00Z,Imports & Exports,4158.000,Elexon BMRS FUELHH
2022-03-04T09:00:00Z,Nuclear,6303.000,Elexon BMRS FUELHH
2022-03-04T09:00:00Z,Other,190.000,Elexon BMRS FUELHH
2022-03-04T09:00:00Z,Pumped Storage,436.000,Elexon BMRS FUELHH
2022-03-04T09:00:00Z,Wind,2729.000,Elexon BMRS FUELHH
2022-03-04T09:30:00Z,Biomass,2918.000,Elexon BMRS FUELHH
2022-03-04T09:30:00Z,Coal,1479.000,Elexon BMRS FUELHH
2022-03-04T09:30:00Z,Gas,18685.000,Elexon BMRS FUELHH
2022-03-04T09:30:00Z,Hydro,1101.000,Elexon BMRS FUELHH
2022-03-04T09:30:00Z,Imports & Exports,4172.000,Elexon BMRS FUELHH
2022-03-04T09:30:00Z,Nuclear,6311.000,Elexon BMRS FUELHH
2022-03-04T09:30:00Z,Other,176.000,Elexon BMRS FUELHH
2022-03-04T09:30:00Z,Pumped Storage,310.000,Elexon BMRS FUELHH
2022-03-04T09:30:00Z,Wind,2630.000,Elexon BMRS FUELHH
2022-03-04T10:00:00Z,Biomass,2917.000,Elexon BMRS FUELHH
2022-03-04T10:00:00Z,Coal,1478.000,Elexon BMRS FUELHH
2022-03-04T10:00:00Z,Gas,18822.000,Elexon BMRS FUELHH
2022-03-04T10:00:00Z,Hydro,1059.000,Elexon BMRS FUELHH
2022-03-04T10:00:00Z,Imports & Exports,4062.000,Elexon BMRS FUELHH
2022-03-04T10:00:00Z,Nuclear,6305.000,Elexon BMRS FUELHH
2022-03-04T10:00:00Z,Other,175.000,Elexon BMRS FUELHH
2022-03-04T10:00:00Z,Pumped Storage,74.000,Elexon BMRS FUELHH
2022-03-04T10:00:00Z,Wind,2598.000,Elexon BMRS FUELHH
2022-03-04T10:30:00Z,Biomass,2915.000,Elexon BMRS FUELHH
2022-03-04T10:30:00Z,Coal,1479.000,Elexon BMRS FUELHH
2022-03-04T10:30:00Z,Gas,18773.000,Elexon BMRS FUELHH
2022-03-04T10:30:00Z,Hydro,1018.000,Elexon BMRS FUELHH
2022-03-04T10:30:00Z,Imports & Exports,4012.000,Elexon BMRS FUELHH
2022-03-04T10:30:00Z,Nuclear,6309.000,Elexon BMRS FUELHH
2022-03-04T10:30:00Z,Other,221.000,Elexon BMRS FUELHH
2022-03-04T10:30:00Z,Pumped Storage,14.000,Elexon BMRS FUELHH
2022-03-04T10:30:00Z,Wind,2615.000,Elexon BMRS FUELHH
2022-03-04T11:00:00Z,Biomass,2917.000,Elexon BMRS FUELHH
2022-03-04T11:00:00Z,Coal,1480.000,Elexon BMRS FUELHH
2022-03-04T11:00:00Z,Gas,18675.000,Elexon BMRS FUELHH
2022-03-04T11:00:00Z,Hydro,1012.000,Elexon BMRS FUELHH
2022-03-04T11:00:00Z,Imports & Exports,3906.000,Elexon BMRS FUELHH
2022-03-04T11:00:00Z,Nuclear,6304.000,Elexon BMRS FUELHH
2022-03-04T11:00:00Z,Other,355.000,Elexon BMRS FUELHH
2022-03-04T11:00:00Z,Pumped Storage,-12.000,Elexon BMRS FUELHH
2022-03-04T11:00:00Z,Wind,2709.000,Elexon BMRS FUELHH
2022-03-04T11:30:00Z,Biomass,2917.000,Elexon BMRS FUELHH
2022-03-04T11:30:00Z,Coal,1479.000,Elexon BMRS FUELHH
2022-03-04T11:30:00Z,Gas,18464.000,Elexon BMRS FUELHH
2022-03-04T11:30:00Z,Hydro,1009.000,Elexon BMRS FUELHH
2022-03-04T11:30:00Z,Imports & Exports,3906.000,Elexon BMRS FUELHH
2022-03-04T11:30:00Z,Nuclear,6308.000,Elexon BMRS FUELHH
2022-03-04T11:30:00Z,Other,327.000,Elexon BMRS FUELHH
2022-03-04T11:30:00Z,Pumped Storage,-12.000,Elexon BMRS FUELHH
2022-03-04T11:30:00Z,Wind,2792.000,Elexon BMRS FUELHH
2022-03-04T12:00:00Z,Biomass,2917.000,Elexon BMRS FUELHH
2022-03-04T12:00:00Z,Coal,1463.000,Elexon BMRS FUELHH
2022-03-04T12:00:00Z,Gas,18444.000,Elexon BMRS FUELHH
2022-03-04T12:00:00Z,Hydro,986.000,Elexon BMRS FUELHH
2022-03-04T12:00:00Z,Imports & Exports,3834.000,Elexon BMRS FUELHH
2022-03-04T12:00:00Z,Nuclear,6304.000,Elexon BMRS FUELHH
2022-03-04T12:00:00Z,Other,384.000,Elexon BMRS FUELHH
2022-03-04T12:00:00Z,Pumped Storage,-12.000,Elexon BMRS FUELHH
2022-03-04T12:00:00Z,Wind,2840.000,Elexon BMRS FUELHH
2022-03-04T12:30:00Z,Biomass,2917.000,Elexon BMRS FUELHH
2022-03-04T12:30:00Z,Coal,1467.000,Elexon BMRS FUELHH
2022-03-04T12:30:00Z,Gas,18006.000,Elexon BMRS FUELHH
2022-03-04T12:30:00Z,Hydro,974.000,Elexon BMRS FUELHH
2022-03-04T12:30:00Z,Imports & Exports,3816.000,Elexon BMRS FUELHH
2022-03-04T12:30:00Z,Nuclear,6304.000,Elexon BMRS FUELHH
2022-03-04T12:30:00Z,Other,343.000,Elexon BMRS FUELHH
2022-03-04T12:30:00Z,Pumped Storage,-8.000,Elexon BMRS FUELHH
2022-03-04T12:30:00Z,Wind,3044.000,Elexon BMRS FUELHH
2022-03-04T13:00:00Z,Biomass,2912.000,Elexon BMRS FUELHH
2022-03-04T13:00:00Z,Coal,1475.000,Elexon BMRS FUELHH
2022-03-04T13:00:00Z,Gas,17661.000,Elexon BMRS FUELHH
2022-03-04T13:00:00Z,Hydro,750.000,Elexon BMRS FUELHH
2022-03-04T13:00:00Z,Imports & Exports,3982.000,Elexon BMRS FUELHH
2022-03-04T13:00:00Z,Nuclear,6304.000,Elexon BMRS FUELHH
2022-03-04T13:00:00Z,Other,236.000,Elexon BMRS FUELHH
2022-03-04T13:00:00Z,Pumped Storage,-8.000,Elexon BMRS FUELHH
2022-03-04T13:00:00Z,Wind,3107.000,Elexon BMRS FUELHH
2022-03-04T13:30:00Z,Biomass,2912.000,Elexon BMRS FUELHH
2022-03-04T13:30:00Z,Coal,1470.000,Elexon BMRS FUELHH
2022-03-04T13:30:00Z,Gas,17208.000,Elexon BMRS FUELHH
2022-03-04T13:30:00Z,Hydro,686.000,Elexon BMRS FUELHH
2022-03-04T13:30:00Z,Imports & Exports,4032.000,Elexon BMRS FUELHH
2022-03-04T13:30:00Z,Nuclear,6330.000,Elexon BMRS FUELHH
2022-03-04T13:30:00Z,Other,210.000,Elexon BMRS FUELHH
2022-03-04T13:30:00Z,Pumped Storage,-8.000,Elexon BMRS FUELHH
2022-03-04T13:30:00Z,Wind,3072.000,Elexon BMRS FUELHH
2022-03-04T14:00:00Z,Biomass,2878.000,Elexon BMRS FUELHH
2022-03-04T14:00:00Z,Coal,1461.000,Elexon BMRS FUELHH
2022-03-04T14:00:00Z,Gas,16617.000,Elexon BMRS FUELHH
2022-03-04T14:00:00Z,Hydro,854.000,Elexon BMRS FUELHH
2022-03-04T14:00:00Z,Imports & Exports,4130.000,Elexon BMRS FUELHH
2022-03-04T14:00:00Z,Nuclear,6354.000,Elexon BMRS FUELHH
2022-03-04T14:00:00Z,Other,173.000,Elexon BMRS FUELHH
2022-03-04T14:00:00Z,Pumped Storage,-8.000,Elexon BMRS FUELHH
2022-03-04T14:00:00Z,Wind,3244.000,Elexon BMRS FUELHH
2022-03-04T14:30:00Z,Biomass,2888.000,Elexon BMRS FUELHH
2022-03-04T14:30:00Z,Coal,1477.000,Elexon BMRS FUELHH
2022-03-04T14:30:00Z,Gas,16415.000,Elexon BMRS FUELHH
2022-03-04T14:30:00Z,Hydro,920.000,Elexon BMRS FUELHH
2022-03-04T14:30:00Z,Imports & Exports,3974.000,Elexon BMRS FUELHH
2022-03-04T14:30:00Z,Nuclear,6363.000,Elexon BMRS FUELHH
2022-03-04T14:30:00Z,Other,185.000,Elexon BMRS FUELHH
2022-03-04T14:30:00Z,Pumped Storage,30.000,Elexon BMRS FUELHH
2022-03-04T14:30:00Z,Wind,3184.000,Elexon BMRS FUELHH
2022-03-04T15:00:00Z,Biomass,2913.000,Elexon BMRS FUELHH
2022-03-04T15:00:00Z,Coal,1450.000,Elexon BMRS FUELHH
2022-03-04T15:00:00Z,Gas,16652.000,Elexon BMRS FUELHH
2022-03-04T15:00:00Z,Hydro,977.000,Elexon BMRS FUELHH
2022-03-04T15:00:00Z,Imports & Exports,3530.000,Elexon BMRS FUELHH
2022-03-04T15:00:00Z,Nuclear,6375.000,Elexon BMRS FUELHH
2022-03-04T15:00:00Z,Other,174.000,Elexon BMRS FUELHH
2022-03-04T15:00:00Z,Pumped Storage,-10.000,Elexon BMRS FUELHH
2022-03-04T15:00:00Z,Wind,3307.000,Elexon BMRS FUELHH
2022-03-04T15:30:00Z,Biomass,2883.000,Elexon BMRS FUELHH
2022-03-04T15:30:00Z,Coal,1458.000,Elexon BMRS FUELHH
2022-03-04T15:30:00Z,Gas,16739.000,Elexon BMRS FUELHH
2022-03-04T15:30:00Z,Hydro,1036.000,Elexon BMRS FUELHH
2022-03-04T15:30:00Z,Imports & Exports,3684.000,Elexon BMRS FUELHH
2022-03-04T15:30:00Z,Nuclear,6370.000,Elexon BMRS FUELHH
2022-03-04T15:30:00Z,Other,192.000,Elexon BMRS FUELHH
2022-03-04T15:30:00Z,Pumped Storage,12.000,Elexon BMRS FUELHH
2022-03-04T15:30:00Z,Wind,3293.000,Elexon BMRS FUELHH
2022-03-04T16:00:00Z,Biomass,2819.000,Elexon BMRS FUELHH
2022-03-04T16:00:00Z,Coal,1466.000,Elexon BMRS FUELHH
2022-03-04T16:00:00Z,Gas,16920.000,Elexon BMRS FUELHH
2022-03-04T16:00:00Z,Hydro,1087.000,Elexon BMRS FUELHH
2022-03-04T16:00:00Z,Imports & Exports,4390.000,Elexon BMRS FUELHH
2022-03-04T16:00:00Z,Nuclear,6372.000,Elexon BMRS FUELHH
2022-03-04T16:00:00Z,Other,225.000,Elexon BMRS FUELHH
2022-03-04T16:00:00Z,Pumped Storage,-14.000,Elexon BMRS FUELHH
2022-03-04T16:00:00Z,Wind,3563.000,Elexon BMRS FUELHH
2022-03-04T16:30:00Z,Biomass,2903.000,Elexon BMRS FUELHH
2022-03-04T16:30:00Z,Coal,1460.000,Elexon BMRS FUELHH
2022-03-04T16:30:00Z,Gas,17044.000,Elexon BMRS FUELHH
2022-03-04T16:30:00Z,Hydro,1089.000,Elexon BMRS FUELHH
2022-03-04T16:30:00Z,Imports & Exports,4500.000,Elexon BMRS FUELHH
2022-03-04T16:30:00Z,Nuclear,6372.000,Elexon BMRS FUELHH
2022-03-04T16:30:00Z,Other,335.000,Elexon BMRS FUELHH
2022-03-04T16:30:00Z,Pumped Storage,46.000,Elexon BMRS FUELHH
2022-03-04T16:30:00Z,Wind,3782.000,Elexon BMRS FUELHH
2022-03-04T17:00:00Z,Biomass,2915.000,Elexon BMRS FUELHH
2022-03-04T17:00:00Z,Coal,1459.000,Elexon BMRS FUELHH
2022-03-04T17:00:00Z,Gas,17270.000,Elexon BMRS FUELHH
2022-03-04T17:00:00Z,Hydro,1153.000,Elexon BMRS FUELHH
2022-03-04T17:00:00Z,Imports & Exports,4544.000,Elexon BMRS FUELHH
2022-03-04T17:00:00Z,Nuclear,6371.000,Elexon BMRS FUELHH
2022-03-04T17:00:00Z,Other,437.000,Elexon BMRS FUELHH
2022-03-04T17:00:00Z,Pumped Storage,900.000,Elexon BMRS FUELHH
2022-03-04T17:00:00Z,Wind,3832.000,Elexon BMRS FUELHH
2022-03-04T17:30:00Z,Biomass,2919.000,Elexon BMRS FUELHH
2022-03-04T17:30:00Z,Coal,1456.000,Elexon BMRS FUELHH
2022-03-04T17:30:00Z,Gas,17562.000,Elexon BMRS FUELHH
2022-03-04T17:30:00Z,Hydro,1138.000,Elexon BMRS FUELHH
2022-03-04T17:30:00Z,Imports & Exports,4534.000,Elexon BMRS FUELHH
2022-03-04T17:30:00Z,Nuclear,6368.000,Elexon BMRS FUELHH
2022-03-04T17:30:00Z,Other,627.000,Elexon BMRS FUELHH
2022-03-04T17:30:00Z,Pumped Storage,1258.000,Elexon BMRS FUELHH
2022-03-04T17:30:00Z,Wind,3929.000,Elexon BMRS FUELHH
2022-03-04T18:00:00Z,Biomass,2919.000,Elexon BMRS FUELHH
2022-03-04T18:00:00Z,Coal,1475.000,Elexon BMRS FUELHH
2022-03-04T18:00:00Z,Gas,17813.000,Elexon BMRS FUELHH
2022-03-04T18:00:00Z,Hydro,1151.000,Elexon BMRS FUELHH
2022-03-04T18:00:00Z,Imports & Exports,4464.000,Elexon BMRS FUELHH
2022-03-04T18:00:00Z,Nuclear,6363.000,Elexon BMRS FUELHH
2022-03-04T18:00:00Z,Other,862.000,Elexon BMRS FUELHH
2022-03-04T18:00:00Z,Pumped Storage,1450.000,Elexon BMRS FUELHH
2022-03-04T18:00:00Z,Wind,4006.000,Elexon BMRS FUELHH
2022-03-04T18:30:00Z,Biomass,2949.000,Elexon BMRS FUELHH
2022-03-04T18:30:00Z,Coal,1459.000,Elexon BMRS FUELHH
2022-03-04T18:30:00Z,Gas,17752.000,Elexon BMRS FUELHH
2022-03-04T18:30:00Z,Hydro,1168.000,Elexon BMRS FUELHH
2022-03-04T18:30:00Z,Imports & Exports,4400.000,Elexon BMRS FUELHH
2022-03-04T18:30:00Z,Nuclear,6369.000,Elexon BMRS FUELHH
2022-03-04T18:30:00Z,Other,863.000,Elexon BMRS FUELHH
2022-03-04T18:30:00Z,Pumped Storage,1700.000,Elexon BMRS FUELHH
2022-03-04T18:30:00Z,Wind,3966.000,Elexon BMRS FUELHH
2022-03-04T19:00:00Z,Biomass,2947.000,Elexon BMRS FUELHH
2022-03-04T19:00:00Z,Coal,1470.000,Elexon BMRS FUELHH
2022-03-04T19:00:00Z,Gas,17686.000,Elexon BMRS FUELHH
2022-03-04T19:00:00Z,Hydro,1181.000,Elexon BMRS FUELHH
2022-03-04T19:00:00Z,Imports & Exports,4364.000,Elexon BMRS FUELHH
2022-03-04T19:00:00Z,Nuclear,6361.000,Elexon BMRS FUELHH
2022-03-04T19:00:00Z,Other,687.000,Elexon BMRS FUELHH
2022-03-04T19:00:00Z,Pumped Storage,612.000,Elexon BMRS FUELHH
2022-03-04T19:00:00Z,Wind,3805.000,Elexon BMRS FUELHH
2022-03-04T19:30:00Z,Biomass,2919.000,Elexon BMRS FUELHH
2022-03-04T19:30:00Z,Coal,1474.000,Elexon BMRS FUELHH
2022-03-04T19:30:00Z,Gas,17275.000,Elexon BMRS FUELHH
2022-03-04T19:30:00Z,Hydro,1174.000,Elexon BMRS FUELHH
2022-03-04T19:30:00Z,Imports & Exports,4424.000,Elexon BMRS FUELHH
2022-03-04T19:30:00Z,Nuclear,6367.000,Elexon BMRS FUELHH
2022-03-04T19:30:00Z,Other,498.000,Elexon BMRS FUELHH
2022-03-04T19:30:00Z,Pumped Storage,194.000,Elexon BMRS FUELHH
2022-03-04T19:30:00Z,Wind,3505.000,Elexon BMRS FUELHH
2022-03-04T20:00:00Z,Biomass,2907.000,Elexon BMRS FUELHH
2022-03-04T20:00:00Z,Coal,1468.000,Elexon BMRS FUELHH
2022-03-04T20:00:00Z,Gas,16702.000,Elexon BMRS FUELHH
2022-03-04T20:00:00Z,Hydro,1104.000,Elexon BMRS FUELHH
2022-03-04T20:00:00Z,Imports & Exports,4394.000,Elexon BMRS FUELHH
2022-03-04T20:00:00Z,Nuclear,6366.000,Elexon BMRS FUELHH
2022-03-04T20:00:00Z,Other,282.000,Elexon BMRS FUELHH
2022-03-04T20:00:00Z,Pumped Storage,68.000,Elexon BMRS FUELHH
2022-03-04T20:00:00Z,Wind,3432.000,Elexon BMRS FUELHH
2022-03-04T20:30:00Z,Biomass,2816.000,Elexon BMRS FUELHH
2022-03-04T20:30:00Z,Coal,1433.000,Elexon BMRS FUELHH
2022-03-04T20:30:00Z,Gas,15534.000,Elexon BMRS FUELHH
2022-03-04T20:30:00Z,Hydro,1068.000,Elexon BMRS FUELHH
2022-03-04T20:30:00Z,Imports & Exports,4282.000,Elexon BMRS FUELHH
2022-03-04T20:30:00Z,Nuclear,6372.000,Elexon BMRS FUELHH
2022-03-04T20:30:00Z,Other,230.000,Elexon BMRS FUELHH
2022-03-04T20:30:00Z,Pumped Storage,42.000,Elexon BMRS FUELHH
2022-03-04T20:30:00Z,Wind,3467.000,Elexon BMRS FUELHH
2022-03-04T21:00:00Z,Biomass,2856.000,Elexon BMRS FUELHH
2022-03-04T21:00:00Z,Coal,1378.000,Elexon BMRS FUELHH
2022-03-04T21:00:00Z,Gas,14265.000,Elexon BMRS FUELHH
2022-03-04T21:00:00Z,Hydro,948.000,Elexon BMRS FUELHH
2022-03-04T21:00:00Z,Imports & Exports,4116.000,Elexon BMRS FUELHH
2022-03-04T21:00:00Z,Nuclear,6367.000,Elexon BMRS FUELHH
2022-03-04T21:00:00Z,Other,198.000,Elexon BMRS FUELHH
2022-03-04T21:00:00Z,Pumped Storage,202.000,Elexon BMRS FUELHH
2022-03-04T21:00:00Z,Wind,3431.000,Elexon BMRS FUELHH
2022-03-04T21:30:00Z,Biomass,2918.000,Elexon BMRS FUELHH
2022-03-04T21:30:00Z,Coal,1375.000,Elexon BMRS FUELHH
2022-03-04T21:30:00Z,Gas,12717.000,Elexon BMRS FUELHH
2022-03-04T21:30:00Z,Hydro,913.000,Elexon BMRS FUELHH
2022-03-04T21:30:00Z,Imports & Exports,4272.000,Elexon BMRS FUELHH
2022-03-04T21:30:00Z,Nuclear,6374.000,Elexon BMRS FUELHH
2022-03-04T21:30:00Z,Other,178.000,Elexon BMRS FUELHH
2022-03-04T21:30:00Z,Pumped Storage,118.000,Elexon BMRS FUELHH
2022-03-04T21:30:00Z,Wind,3597.000,Elexon BMRS FUELHH
2022-03-04T22:00:00Z,Biomass,2917.000,Elexon BMRS FUELHH
2022-03-04T22:00:00Z,Coal,998.000,Elexon BMRS FUELHH
2022-03-04T22:00:00Z,Gas,11595.000,Elexon BMRS FUELHH
2022-03-04T22:00:00Z,Hydro,896.000,Elexon BMRS FUELHH
2022-03-04T22:00:00Z,Imports & Exports,4256.000,Elexon BMRS FUELHH
2022-03-04T22:00:00Z,Nuclear,6355.000,Elexon BMRS FUELHH
2022-03-04T22:00:00Z,Other,169.000,Elexon BMRS FUELHH
2022-03-04T22:00:00Z,Pumped Storage,8.000,Elexon BMRS FUELHH
2022-03-04T22:00:00Z,Wind,3696.000,Elexon BMRS FUELHH
2022-03-04T22:30:00Z,Biomass,2918.000,Elexon BMRS FUELHH
2022-03-04T22:30:00Z,Coal,588.000,Elexon BMRS FUELHH
2022-03-04T22:30:00Z,Gas,10727.000,Elexon BMRS FUELHH
2022-03-04T22:30:00Z,Hydro,878.000,Elexon BMRS FUELHH
2022-03-04T22:30:00Z,Imports & Exports,4204.000,Elexon BMRS FUELHH
2022-03-04T22:30:00Z,Nuclear,6352.000,Elexon BMRS FUELHH
2022-03-04T22:30:00Z,Other,171.000,Elexon BMRS FUELHH
2022-03-04T22:30:00Z,Pumped Storage,-8.000,Elexon BMRS FUELHH
2022-03-04T22:30:00Z,Wind,3441.000,Elexon BMRS FUELHH
2022-03-04T23:00:00Z,Biomass,2758.000,Elexon BMRS FUELHH
2022-03-04T23:00:00Z,Coal,254.000,Elexon BMRS FUELHH
2022-03-04T23:00:00Z,Gas,9700.000,Elexon BMRS FUELHH
2022-03-04T23:00:00Z,Hydro,867.000,Elexon BMRS FUELHH
2022-03-04T23:00:00Z,Imports & Exports,4264.000,Elexon BMRS FUELHH
2022-03-04T23:00:00Z,Nuclear,6359.000,Elexon BMRS FUELHH
2022-03-04T23:00:00Z,Other,186.000,Elexon BMRS FUELHH
2022-03-04T23:00:00Z,Pumped Storage,-10.000,Elexon BMRS FUELHH
2022-03-04T23:00:00Z,Wind,3283.000,Elexon BMRS FUELHH
2022-03-04T23:30:00Z,Biomass,2398.000,Elexon BMRS FUELHH
2022-03-04T23:30:00Z,Coal,230.000,Elexon BMRS FUELHH
2022-03-04T23:30:00Z,Gas,9102.000,Elexon BMRS FUELHH
2022-03-04T23:30:00Z,Hydro,853.000,Elexon BMRS FUELHH
2022-03-04T23:30:00Z,Imports & Exports,4026.000,Elexon BMRS FUELHH
2022-03-04T23:30:00Z,Nuclear,6359.000,Elexon BMRS FUELHH
2022-03-04T23:30:00Z,Other,206.000,Elexon BMRS FUELHH
2022-03-04T23:30:00Z,Pumped Storage,-10.000,Elexon BMRS FUELHH
2022-03-04T23:30:00Z,Wind,3313.000,Elexon BMRS FUELHH
2022-03-05T00:00:00Z,Biomass,2263.000,Elexon BMRS FUELHH
2022-03-05T00:00:00Z,Coal,231.000,Elexon BMRS FUELHH
2022-03-05T00:00:00Z,Gas,9042.000,Elexon BMRS FUELHH
2022-03-05T00:00:00Z,Hydro,732.000,Elexon BMRS FUELHH
2022-03-05T00:00:00Z,Imports & Exports,4128.000,Elexon BMRS FUELHH
2022-03-05T00:00:00Z,Nuclear,6354.000,Elexon BMRS FUELHH
2022-03-05T00:00:00Z,Other,193.000,Elexon BMRS FUELHH
2022-03-05T00:00:00Z,Pumped Storage,-10.000,Elexon BMRS FUELHH
2022-03-05T00:00:00Z,Wind,3216.000,Elexon BMRS FUELHH
2022-03-05T00:30:00Z,Biomass,2261.000,Elexon BMRS FUELHH
2022-03-05T00:30:00Z,Coal,181.000,Elexon BMRS FUELHH
2022-03-05T00:30:00Z,Gas,9074.000,Elexon BMRS FUELHH
2022-03-05T00:30:00Z,Hydro,714.000,Elexon BMRS FUELHH
2022-03-05T00:30:00Z,Imports & Exports,4304.000,Elexon BMRS FUELHH
2022-03-05T00:30:00Z,Nuclear,6357.000,Elexon BMRS FUELHH
2022-03-05T00:30:00Z,Other,225.000,Elexon BMRS FUELHH
2022-03-05T00:30:00Z,Pumped Storage,44.000,Elexon BMRS FUELHH
2022-03-05T00:30:00Z,Wind,3371.000,Elexon BMRS FUELHH
2022-03-05T01:00:00Z,Biomass,2263.000,Elexon BMRS FUELHH
2022-03-05T01:00:00Z,Coal,0.000,Elexon BMRS FUELHH
2022-03-05T01:00:00Z,Gas,8322.000,Elexon BMRS FUELHH
2022-03-05T01:00:00Z,Hydro,709.000,Elexon BMRS FUELHH
2022-03-05T01:00:00Z,Imports & Exports,4416.000,Elexon BMRS FUELHH
2022-03-05T01:00:00Z,Nuclear,6353.000,Elexon BMRS FUELHH
2022-03-05T01:00:00Z,Other,211.000,Elexon BMRS FUELHH
2022-03-05T01:00:00Z,Pumped Storage,-12.000,Elexon BMRS FUELHH
2022-03-05T01:00:00Z,Wind,3570.000,Elexon BMRS FUELHH
2022-03-05T01:30:00Z,Biomass,2205.000,Elexon BMRS FUELHH
2022-03-05T01:30:00Z,Coal,0.000,Elexon BMRS FUELHH
2022-03-05T01:30:00Z,Gas,7628.000,Elexon BMRS FUELHH
2022-03-05T01:30:00Z,Hydro,708.000,Elexon BMRS FUELHH
2022-03-05T01:30:00Z,Imports & Exports,4316.000,Elexon BMRS FUELHH
2022-03-05T01:30:00Z,Nuclear,6355.000,Elexon BMRS FUELHH
2022-03-05T01:30:00Z,Other,173.000,Elexon BMRS FUELHH
2022-03-05T01:30:00Z,Pumped Storage,-16.000,Elexon BMRS FUELHH
2022-03-05T01:30:00Z,Wind,3844.000,Elexon BMRS FUELHH
2022-03-05T02:00:00Z,Biomass,2172.000,Elexon BMRS FUELHH
2022-03-05T02:00:00Z,Coal,0.000,Elexon BMRS FUELHH
2022-03-05T02:00:00Z,Gas,7386.000,Elexon BMRS FUELHH
2022-03-05T02:00:00Z,Hydro,704.000,Elexon BMRS FUELHH
2022-03-05T02:00:00Z,Imports & Exports,4284.000,Elexon BMRS FUELHH
2022-03-05T02:00:00Z,Nuclear,6348.000,Elexon BMRS FUELHH
2022-03-05T02:00:00Z,Other,169.000,Elexon BMRS FUELHH
2022-03-05T02:00:00Z,Pumped Storage,-512.000,Elexon BMRS FUELHH
2022-03-05T02:00:00Z,Wind,3927.000,Elexon BMRS FUELHH
2022-03-05T02:30:00Z,Biomass,2073.000,Elexon BMRS FUELHH
2022-03-05T02:30:00Z,Coal,0.000,Elexon BMRS FUELHH
2022-03-05T02:30:00Z,Gas,7223.000,Elexon BMRS FUELHH
2022-03-05T02:30:00Z,Hydro,617.000,Elexon BMRS FUELHH
2022-03-05T02:30:00Z,Imports & Exports,4300.000,Elexon BMRS FUELHH
2022-03-05T02:30:00Z,Nuclear,6349.000,Elexon BMRS FUELHH
2022-03-05T02:30:00Z,Other,169.000,Elexon BMRS FUELHH
2022-03-05T02:30:00Z,Pumped Storage,-628.000,Elexon BMRS FUELHH
2022-03-05T02:30:00Z,Wind,4128.000,Elexon BMRS FUELHH
2022-03-05T03:00:00Z,Biomass,1899.000,Elexon BMRS FUELHH
2022-03-05T03:00:00Z,Coal,0.000,Elexon BMRS FUELHH
2022-03-05T03:00:00Z,Gas,7256.000,Elexon BMRS FUELHH
2022-03-05T03:00:00Z,Hydro,400.000,Elexon BMRS FUELHH
2022-03-05T03:00:00Z,Imports & Exports,4112.000,Elexon BMRS FUELHH
2022-03-05T03:00:00Z,Nuclear,6355.000,Elexon BMRS FUELHH
2022-03-05T03:00:00Z,Other,165.000,Elexon BMRS FUELHH
2022-03-05T03:00:00Z,Pumped Storage,-630.000,Elexon BMRS FUELHH
2022-03-05T03:00:00Z,Wind,4123.000,Elexon BMRS FUELHH
2022-03-05T03:30:00Z,Biomass,1897.000,Elexon BMRS FUELHH
2022-03-05T03:30:00Z,Coal,0.000,Elexon BMRS FUELHH
2022-03-05T03:30:00Z,Gas,6696.000,Elexon BMRS FUELHH
2022-03-05T03:30:00Z,Hydro,400.000,Elexon BMRS FUELHH
2022-03-05T03:30:00Z,Imports & Exports,3994.000,Elexon BMRS FUELHH
2022-03-05T03:30:00Z,Nuclear,6349.000,Elexon BMRS FUELHH
2022-03-05T03:30:00Z,Other,160.000,Elexon BMRS FUELHH
2022-03-05T03:30:00Z,Pumped Storage,-688.000,Elexon BMRS FUELHH
2022-03-05T03:30:00Z,Wind,4412.000,Elexon BMRS FUELHH
2022-03-05T04:00:00Z,Biomass,1895.000,Elexon BMRS FUELHH
2022-03-05T04:00:00Z,Coal,0.000,Elexon BMRS FUELHH
2022-03-05T04:00:00Z,Gas,6889.000,Elexon BMRS FUELHH
2022-03-05T04:00:00Z,Hydro,400.000,Elexon BMRS FUELHH
2022-03-05T04:00:00Z,Imports & Exports,3496.000,Elexon BMRS FUELHH
2022-03-05T04:00:00Z,Nuclear,6358.000,Elexon BMRS FUELHH
2022-03-05T04:00:00Z,Other,150.000,Elexon BMRS FUELHH
2022-03-05T04:00:00Z,Pumped Storage,-698.000,Elexon BMRS FUELHH
2022-03-05T04:00:00Z,Wind,4461.000,Elexon BMRS FUELHH
2022-03-05T04:30:00Z,Biomass,1908.000,Elexon BMRS FUELHH
2022-03-05T04:30:00Z,Coal,2.000,Elexon BMRS FUELHH
2022-03-05T04:30:00Z,Gas,6928.000,Elexon BMRS FUELHH
2022-03-05T04:30:00Z,Hydro,399.000,Elexon BMRS FUELHH
2022-03-05T04:30:00Z,Imports & Exports,3484.000,Elexon BMRS FUELHH
2022-03-05T04:30:00Z,Nuclear,6352.000,Elexon BMRS FUELHH
2022-03-05T04:30:00Z,Other,138.000,Elexon BMRS FUELHH
2022-03-05T04:30:00Z,Pumped Storage,-1122.000,Elexon BMRS FUELHH
2022-03-05T04:30:00Z,Wind,4570.000,Elexon BMRS FUELHH
2022-03-05T05:00:00Z,Biomass,1916.000,Elexon BMRS FUELHH
2022-03-05T05:00:00Z,Coal,156.000,Elexon BMRS FUELHH
2022-03-05T05:00:00Z,Gas,7439.000,Elexon BMRS FUELHH
2022-03-05T05:00:00Z,Hydro,400.000,Elexon BMRS FUELHH
2022-03-05T05:00:00Z,Imports & Exports,2856.000,Elexon BMRS FUELHH
2022-03-05T05:00:00Z,Nuclear,6359.000,Elexon BMRS FUELHH
2022-03-05T05:00:00Z,Other,132.000,Elexon BMRS FUELHH
2022-03-05T05:00:00Z,Pumped Storage,-826.000,Elexon BMRS FUELHH
2022-03-05T05:00:00Z,Wind,4550.000,Elexon BMRS FUELHH
2022-03-05T05:30:00Z,Biomass,1910.000,Elexon BMRS FUELHH
2022-03-05T05:30:00Z,Coal,394.000,Elexon BMRS FUELHH
2022-03-05T05:30:00Z,Gas,7315.000,Elexon BMRS FUELHH
2022-03-05T05:30:00Z,Hydro,403.000,Elexon BMRS FUELHH
2022-03-05T05:30:00Z,Imports & Exports,2892.000,Elexon BMRS FUELHH
2022-03-05T05:30:00Z,Nuclear,6362.000,Elexon BMRS FUELHH
2022-03-05T05:30:00Z,Other,137.000,Elexon BMRS FUELHH
2022-03-05T05:30:00Z,Pumped Storage,-634.000,Elexon BMRS FUELHH
2022-03-05T05:30:00Z,Wind,4475.000,Elexon BMRS FUELHH
2022-03-05T06:00:00Z,Biomass,1964.000,Elexon BMRS FUELHH
2022-03-05T06:00:00Z,Coal,649.000,Elexon BMRS FUELHH
2022-03-05T06:00:00Z,Gas,7623.000,Elexon BMRS FUELHH
2022-03-05T06:00:00Z,Hydro,479.000,Elexon BMRS FUELHH
2022-03-05T06:00:00Z,Imports & Exports,3400.000,Elexon BMRS FUELHH
2022-03-05T06:00:00Z,Nuclear,6362.000,Elexon BMRS FUELHH
2022-03-05T06:00:00Z,Other,145.000,Elexon BMRS FUELHH
2022-03-05T06:00:00Z,Pumped Storage,-484.000,Elexon BMRS FUELHH
2022-03-05T06:00:00Z,Wind,4576.000,Elexon BMRS FUELHH
2022-03-05T06:30:00Z,Biomass,1806.000,Elexon BMRS FUELHH
2022-03-05T06:30:00Z,Coal,690.000,Elexon BMRS FUELHH
2022-03-05T06:30:00Z,Gas,8179.000,Elexon BMRS FUELHH
2022-03-05T06:30:00Z,Hydro,541.000,Elexon BMRS FUELHH
2022-03-05T06:30:00Z,Imports & Exports,3402.000,Elexon BMRS FUELHH
2022-03-05T06:30:00Z,Nuclear,6365.000,Elexon BMRS FUELHH
2022-03-05T06:30:00Z,Other,188.000,Elexon BMRS FUELHH
2022-03-05T06:30:00Z,Pumped Storage,-278.000,Elexon BMRS FUELHH
2022-03-05T06:30:00Z,Wind,4707.000,Elexon BMRS FUELHH
2022-03-05T07:00:00Z,Biomass,1548.000,Elexon BMRS FUELHH
2022-03-05T07:00:00Z,Coal,939.000,Elexon BMRS FUELHH
2022-03-05T07:00:00Z,Gas,9320.000,Elexon BMRS FUELHH
2022-03-05T07:00:00Z,Hydro,765.000,Elexon BMRS FUELHH
2022-03-05T07:00:00Z,Imports & Exports,3208.000,Elexon BMRS FUELHH
2022-03-05T07:00:00Z,Nuclear,6362.000,Elexon BMRS FUELHH
2022-03-05T07:00:00Z,Other,170.000,Elexon BMRS FUELHH
2022-03-05T07:00:00Z,Pumped Storage,-10.000,Elexon BMRS FUELHH
2022-03-05T07:00:00Z,Wind,4838.000,Elexon BMRS FUELHH
2022-03-05T07:30:00Z,Biomass,1643.000,Elexon BMRS FUELHH
2022-03-05T07:30:00Z,Coal,928.000,Elexon BMRS FUELHH
2022-03-05T07:30:00Z,Gas,9928.000,Elexon BMRS FUELHH
2022-03-05T07:30:00Z,Hydro,837.000,Elexon BMRS FUELHH
2022-03-05T07:30:00Z,Imports & Exports,3292.000,Elexon BMRS FUELHH
2022-03-05T07:30:00Z,Nuclear,6367.000,Elexon BMRS FUELHH
2022-03-05T07:30:00Z,Other,171.000,Elexon BMRS FUELHH
2022-03-05T07:30:00Z,Pumped Storage,-14.000,Elexon BMRS FUELHH
2022-03-05T07:30:00Z,Wind,4891.000,Elexon BMRS FUELHH
2022-03-05T08:00:00Z,Biomass,1967.000,Elexon BMRS FUELHH
2022-03-05T08:00:00Z,Coal,986.000,Elexon BMRS FUELHH
2022-03-05T08:00:00Z,Gas,10673.000,Elexon BMRS FUELHH
2022-03-05T08:00:00Z,Hydro,1030.000,Elexon BMRS FUELHH
2022-03-05T08:00:00Z,Imports & Exports,3384.000,Elexon BMRS FUELHH
2022-03-05T08:00:00Z,Nuclear,6362.000,Elexon BMRS FUELHH
2022-03-05T08:00:00Z,Other,184.000,Elexon BMRS FUELHH
2022-03-05T08:00:00Z,Pumped Storage,-12.000,Elexon BMRS FUELHH
2022-03-05T08:00:00Z,Wind,4982.000,Elexon BMRS FUELHH
2022-03-05T08:30:00Z,Biomass,2155.000,Elexon BMRS FUELHH
2022-03-05T08:30:00Z,Coal,1149.000,Elexon BMRS FUELHH
2022-03-05T08:30:00Z,Gas,10935.000,Elexon BMRS FUELHH
2022-03-05T08:30:00Z,Hydro,1035.000,Elexon BMRS FUELHH
2022-03-05T08:30:00Z,Imports & Exports,3612.000,Elexon BMRS FUELHH
2022-03-05T08:30:00Z,Nuclear,6365.000,Elexon BMRS FUELHH
2022-03-05T08:30:00Z,Other,181.000,Elexon BMRS FUELHH
2022-03-05T08:30:00Z,Pumped Storage,-12.000,Elexon BMRS FUELHH
2022-03-05T08:30:00Z,Wind,4963.000,Elexon BMRS FUELHH
2022-03-05T09:00:00Z,Biomass,2304.000,Elexon BMRS FUELHH
2022-03-05T09:00:00Z,Coal,1360.000,Elexon BMRS FUELHH
2022-03-05T09:00:00Z,Gas,10878.000,Elexon BMRS FUELHH
2022-03-05T09:00:00Z,Hydro,1040.000,Elexon BMRS FUELHH
2022-03-05T09:00:00Z,Imports & Exports,4052.000,Elexon BMRS FUELHH
2022-03-05T09:00:00Z,Nuclear,6372.000,Elexon BMRS FUELHH
2022-03-05T09:00:00Z,Other,176.000,Elexon BMRS FUELHH
2022-03-05T09:00:00Z,Pumped Storage,246.000,Elexon BMRS FUELHH
2022-03-05T09:00:00Z,Wind,4680.000,Elexon BMRS FUELHH
2022-03-05T09:30:00Z,Biomass,2310.000,Elexon BMRS FUELHH
2022-03-05T09:30:00Z,Coal,1415.000,Elexon BMRS FUELHH
2022-03-05T09:30:00Z,Gas,11136.000,Elexon BMRS FUELHH
2022-03-05T09:30:00Z,Hydro,1056.000,Elexon BMRS FUELHH
2022-03-05T09:30:00Z,Imports & Exports,4136.000,Elexon BMRS FUELHH
2022-03-05T09:30:00Z,Nuclear,6375.000,Elexon BMRS FUELHH
2022-03-05T09:30:00Z,Other,170.000,Elexon BMRS FUELHH
2022-03-05T09:30:00Z,Pumped Storage,-12.000,Elexon BMRS FUELHH
2022-03-05T09:30:00Z,Wind,4817.000,Elexon BMRS FUELHH
2022-03-05T10:00:00Z,Biomass,2303.000,Elexon BMRS FUELHH
2022-03-05T10:00:00Z,Coal,1290.000,Elexon BMRS FUELHH
2022-03-05T10:00:00Z,Gas,11084.000,Elexon BMRS FUELHH
2022-03-05T10:00:00Z,Hydro,1049.000,Elexon BMRS FUELHH
2022-03-05T10:00:00Z,Imports & Exports,4356.000,Elexon BMRS FUELHH
2022-03-05T10:00:00Z,Nuclear,6370.000,Elexon BMRS FUELHH
2022-03-05T10:00:00Z,Other,174.000,Elexon BMRS FUELHH
2022-03-05T10:00:00Z,Pumped Storage,-12.000,Elexon BMRS FUELHH
2022-03-05T10:00:00Z,Wind,4925.000,Elexon BMRS FUELHH
2022-03-05T10:30:00Z,Biomass,2313.000,Elexon BMRS FUELHH
2022-03-05T10:30:00Z,Coal,1139.000,Elexon BMRS FUELHH
2022-03-05T10:30:00Z,Gas,11125.000,Elexon BMRS FUELHH
2022-03-05T10:30:00Z,Hydro,1046.000,Elexon BMRS FUELHH
2022-03-05T10:30:00Z,Imports & Exports,4270.000,Elexon BMRS FUELHH
2022-03-05T10:30:00Z,Nuclear,6368.000,Elexon BMRS FUELHH
2022-03-05T10:30:00Z,Other,215.000,Elexon BMRS FUELHH
2022-03-05T10:30:00Z,Pumped Storage,56.000,Elexon BMRS FUELHH
2022-03-05T10:30:00Z,Wind,4765.000,Elexon BMRS FUELHH
2022-03-05T11:00:00Z,Biomass,2301.000,Elexon BMRS FUELHH
2022-03-05T11:00:00Z,Coal,1112.000,Elexon BMRS FUELHH
2022-03-05T11:00:00Z,Gas,11095.000,Elexon BMRS FUELHH
2022-03-05T11:00:00Z,Hydro,1007.000,Elexon BMRS FUELHH
2022-03-05T11:00:00Z,Imports & Exports,4250.000,Elexon BMRS FUELHH
2022-03-05T11:00:00Z,Nuclear,6365.000,Elexon BMRS FUELHH
2022-03-05T11:00:00Z,Other,218.000,Elexon BMRS FUELHH
2022-03-05T11:00:00Z,Pumped Storage,68.000,Elexon BMRS FUELHH
2022-03-05T11:00:00Z,Wind,4725.000,Elexon BMRS FUELHH
2022-03-05T11:30:00Z,Biomass,2089.000,Elexon BMRS FUELHH
2022-03-05T11:30:00Z,Coal,1126.000,Elexon BMRS FUELHH
2022-03-05T11:30:00Z,Gas,11210.000,Elexon BMRS FUELHH
2022-03-05T11:30:00Z,Hydro,965.000,Elexon BMRS FUELHH
2022-03-05T11:30:00Z,Imports & Exports,4264.000,Elexon BMRS FUELHH
2022-03-05T11:30:00Z,Nuclear,6372.000,Elexon BMRS FUELHH
2022-03-05T11:30:00Z,Other,209.000,Elexon BMRS FUELHH
2022-03-05T11:30:00Z,Pumped Storage,-8.000,Elexon BMRS FUELHH
2022-03-05T11:30:00Z,Wind,4833.000,Elexon BMRS FUELHH
2022-03-05T12:00:00Z,Biomass,2080.000,Elexon BMRS FUELHH
2022-03-05T12:00:00Z,Coal,1140.000,Elexon BMRS FUELHH
2022-03-05T12:00:00Z,Gas,11217.000,Elexon BMRS FUELHH
2022-03-05T12:00:00Z,Hydro,951.000,Elexon BMRS FUELHH
2022-03-05T12:00:00Z,Imports & Exports,4288.000,Elexon BMRS FUELHH
2022-03-05T12:00:00Z,Nuclear,6366.000,Elexon BMRS FUELHH
2022-03-05T12:00:00Z,Other,205.000,Elexon BMRS FUELHH
2022-03-05T12:00:00Z,Pumped Storage,-8.000,Elexon BMRS FUELHH
2022-03-05T12:00:00Z,Wind,4759.000,Elexon BMRS FUELHH
2022-03-05T12:30:00Z,Biomass,2006.000,Elexon BMRS FUELHH
2022-03-05T12:30:00Z,Coal,1071.000,Elexon BMRS FUELHH
2022-03-05T12:30:00Z,Gas,11095.000,Elexon BMRS FUELHH
2022-03-05T12:30:00Z,Hydro,922.000,Elexon BMRS FUELHH
2022-03-05T12:30:00Z,Imports & Exports,4250.000,Elexon BMRS FUELHH
2022-03-05T12:30:00Z,Nuclear,6354.000,Elexon BMRS FUELHH
2022-03-05T12:30:00Z,Other,208.000,Elexon BMRS FUELHH
2022-03-05T12:30:00Z,Pumped Storage,-8.000,Elexon BMRS FUELHH
2022-03-05T12:30:00Z,Wind,4870.000,Elexon BMRS FUELHH
2022-03-05T13:00:00Z,Biomass,1904.000,Elexon BMRS FUELHH
2022-03-05T13:00:00Z,Coal,1042.000,Elexon BMRS FUELHH
2022-03-05T13:00:00Z,Gas,10940.000,Elexon BMRS FUELHH
2022-03-05T13:00:00Z,Hydro,841.000,Elexon BMRS FUELHH
2022-03-05T13:00:00Z,Imports & Exports,4210.000,Elexon BMRS FUELHH
2022-03-05T13:00:00Z,Nuclear,6356.000,Elexon BMRS FUELHH
2022-03-05T13:00:00Z,Other,177.000,Elexon BMRS FUELHH
2022-03-05T13:00:00Z,Pumped Storage,-8.000,Elexon BMRS FUELHH
2022-03-05T13:00:00Z,Wind,4835.000,Elexon BMRS FUELHH
2022-03-05T13:30:00Z,Biomass,2148.000,Elexon BMRS FUELHH
2022-03-05T13:30:00Z,Coal,1149.000,Elexon BMRS FUELHH
2022-03-05T13:30:00Z,Gas,10665.000,Elexon BMRS FUELHH
2022-03-05T13:30:00Z,Hydro,829.000,Elexon BMRS FUELHH
2022-03-05T13:30:00Z,Imports & Exports,4056.000,Elexon BMRS FUELHH
2022-03-05T13:30:00Z,Nuclear,6358.000,Elexon BMRS FUELHH
2022-03-05T13:30:00Z,Other,171.000,Elexon BMRS FUELHH
2022-03-05T13:30:00Z,Pumped Storage,-8.000,Elexon BMRS FUELHH
2022-03-05T13:30:00Z,Wind,4618.000,Elexon BMRS FUELHH
2022-03-05T14:00:00Z,Biomass,2307.000,Elexon BMRS FUELHH
2022-03-05T14:00:00Z,Coal,1113.000,Elexon BMRS FUELHH
2022-03-05T14:00:00Z,Gas,10578.000,Elexon BMRS FUELHH
2022-03-05T14:00:00Z,Hydro,584.000,Elexon BMRS FUELHH
2022-03-05T14:00:00Z,Imports & Exports,4092.000,Elexon BMRS FUELHH
2022-03-05T14:00:00Z,Nuclear,6358.000,Elexon BMRS FUELHH
2022-03-05T14:00:00Z,Other,161.000,Elexon BMRS FUELHH
2022-03-05T14:00:00Z,Pumped Storage,-6.000,Elexon BMRS FUELHH
2022-03-05T14:00:00Z,Wind,4618.000,Elexon BMRS FUELHH
2022-03-05T14:30:00Z,Biomass,2317.000,Elexon BMRS FUELHH
2022-03-05T14:30:00Z,Coal,1018.000,Elexon BMRS FUELHH
2022-03-05T14:30:00Z,Gas,10525.000,Elexon BMRS FUELHH
2022-03-05T14:30:00Z,Hydro,565.000,Elexon BMRS FUELHH
2022-03-05T14:30:00Z,Imports & Exports,4082.000,Elexon BMRS FUELHH
2022-03-05T14:30:00Z,Nuclear,6352.000,Elexon BMRS FUELHH
2022-03-05T14:30:00Z,Other,182.000,Elexon BMRS FUELHH
2022-03-05T14:30:00Z,Pumped Storage,32.000,Elexon BMRS FUELHH
2022-03-05T14:30:00Z,Wind,4665.000,Elexon BMRS FUELHH
2022-03-05T15:00:00Z,Biomass,2319.000,Elexon BMRS FUELHH
2022-03-05T15:00:00Z,Coal,1360.000,Elexon BMRS FUELHH
2022-03-05T15:00:00Z,Gas,11131.000,Elexon BMRS FUELHH
2022-03-05T15:00:00Z,Hydro,456.000,Elexon BMRS FUELHH
2022-03-05T15:00:00Z,Imports & Exports,3710.000,Elexon BMRS FUELHH
2022-03-05T15:00:00Z,Nuclear,5933.000,Elexon BMRS FUELHH
2022-03-05T15:00:00Z,Other,234.000,Elexon BMRS FUELHH
2022-03-05T15:00:00Z,Pumped Storage,148.000,Elexon BMRS FUELHH
2022-03-05T15:00:00Z,Wind,4858.000,Elexon BMRS FUELHH
2022-03-05T15:30:00Z,Biomass,2283.000,Elexon BMRS FUELHH
2022-03-05T15:30:00Z,Coal,1207.000,Elexon BMRS FUELHH
2022-03-05T15:30:00Z,Gas,11684.000,Elexon BMRS FUELHH
2022-03-05T15:30:00Z,Hydro,478.000,Elexon BMRS FUELHH
2022-03-05T15:30:00Z,Imports & Exports,3880.000,Elexon BMRS FUELHH
2022-03-05T15:30:00Z,Nuclear,5861.000,Elexon BMRS FUELHH
2022-03-05T15:30:00Z,Other,221.000,Elexon BMRS FUELHH
2022-03-05T15:30:00Z,Pumped Storage,-18.000,Elexon BMRS FUELHH
2022-03-05T15:30:00Z,Wind,5274.000,Elexon BMRS FUELHH
2022-03-05T16:00:00Z,Biomass,2330.000,Elexon BMRS FUELHH
2022-03-05T16:00:00Z,Coal,1265.000,Elexon BMRS FUELHH
2022-03-05T16:00:00Z,Gas,12067.000,Elexon BMRS FUELHH
2022-03-05T16:00:00Z,Hydro,617.000,Elexon BMRS FUELHH
2022-03-05T16:00:00Z,Imports & Exports,4040.000,Elexon BMRS FUELHH
2022-03-05T16:00:00Z,Nuclear,5857.000,Elexon BMRS FUELHH
2022-03-05T16:00:00Z,Other,175.000,Elexon BMRS FUELHH
2022-03-05T16:00:00Z,Pumped Storage,-12.000,Elexon BMRS FUELHH
2022-03-05T16:00:00Z,Wind,5840.000,Elexon BMRS FUELHH
2022-03-05T16:30:00Z,Biomass,2331.000,Elexon BMRS FUELHH
2022-03-05T16:30:00Z,Coal,1373.000,Elexon BMRS FUELHH
2022-03-05T16:30:00Z,Gas,12834.000,Elexon BMRS FUELHH
2022-03-05T16:30:00Z,Hydro,989.000,Elexon BMRS FUELHH
2022-03-05T16:30:00Z,Imports & Exports,4258.000,Elexon BMRS FUELHH
2022-03-05T16:30:00Z,Nuclear,5856.000,Elexon BMRS FUELHH
2022-03-05T16:30:00Z,Other,170.000,Elexon BMRS FUELHH
2022-03-05T16:30:00Z,Pumped Storage,-16.000,Elexon BMRS FUELHH
2022-03-05T16:30:00Z,Wind,5956.000,Elexon BMRS FUELHH
2022-03-05T17:00:00Z,Biomass,2329.000,Elexon BMRS FUELHH
2022-03-05T17:00:00Z,Coal,1454.000,Elexon BMRS FUELHH
2022-03-05T17:00:00Z,Gas,13407.000,Elexon BMRS FUELHH
2022-03-05T17:00:00Z,Hydro,1085.000,Elexon BMRS FUELHH
2022-03-05T17:00:00Z,Imports & Exports,4410.000,Elexon BMRS FUELHH
2022-03-05T17:00:00Z,Nuclear,5857.000,Elexon BMRS FUELHH
2022-03-05T17:00:00Z,Other,175.000,Elexon BMRS FUELHH
2022-03-05T17:00:00Z,Pumped Storage,498.000,Elexon BMRS FUELHH
2022-03-05T17:00:00Z,Wind,6172.000,Elexon BMRS FUELHH
2022-03-05T17:30:00Z,Biomass,2320.000,Elexon BMRS FUELHH
2022-03-05T17:30:00Z,Coal,1403.000,Elexon BMRS FUELHH
2022-03-05T17:30:00Z,Gas,13812.000,Elexon BMRS FUELHH
2022-03-05T17:30:00Z,Hydro,1084.000,Elexon BMRS FUELHH
2022-03-05T17:30:00Z,Imports & Exports,4620.000,Elexon BMRS FUELHH
2022-03-05T17:30:00Z,Nuclear,5851.000,Elexon BMRS FUELHH
2022-03-05T17:30:00Z,Other,228.000,Elexon BMRS FUELHH
2022-03-05T17:30:00Z,Pumped Storage,908.000,Elexon BMRS FUELHH
2022-03-05T17:30:00Z,Wind,6353.000,Elexon BMRS FUELHH
2022-03-05T18:00:00Z,Biomass,2381.000,Elexon BMRS FUELHH
2022-03-05T18:00:00Z,Coal,1436.000,Elexon BMRS FUELHH
2022-03-05T18:00:00Z,Gas,13978.000,Elexon BMRS FUELHH
2022-03-05T18:00:00Z,Hydro,1082.000,Elexon BMRS FUELHH
2022-03-05T18:00:00Z,Imports & Exports,4536.000,Elexon BMRS FUELHH
2022-03-05T18:00:00Z,Nuclear,5852.000,Elexon BMRS FUELHH
2022-03-05T18:00:00Z,Other,229.000,Elexon BMRS FUELHH
2022-03-05T18:00:00Z,Pumped Storage,1450.000,Elexon BMRS FUELHH
2022-03-05T18:00:00Z,Wind,6610.000,Elexon BMRS FUELHH
2022-03-05T18:30:00Z,Biomass,2443.000,Elexon BMRS FUELHH
2022-03-05T18:30:00Z,Coal,1429.000,Elexon BMRS FUELHH
2022-03-05T18:30:00Z,Gas,13899.000,Elexon BMRS FUELHH
2022-03-05T18:30:00Z,Hydro,1083.000,Elexon BMRS FUELHH
2022-03-05T18:30:00Z,Imports & Exports,4496.000,Elexon BMRS FUELHH
2022-03-05T18:30:00Z,Nuclear,5849.000,Elexon BMRS FUELHH
2022-03-05T18:30:00Z,Other,247.000,Elexon BMRS FUELHH
2022-03-05T18:30:00Z,Pumped Storage,1538.000,Elexon BMRS FUELHH
2022-03-05T18:30:00Z,Wind,6475.000,Elexon BMRS FUELHH
2022-03-05T19:00:00Z,Biomass,2671.000,Elexon BMRS FUELHH
2022-03-05T19:00:00Z,Coal,1346.000,Elexon BMRS FUELHH
2022-03-05T19:00:00Z,Gas,13692.000,Elexon BMRS FUELHH
2022-03-05T19:00:00Z,Hydro,1083.000,Elexon BMRS FUELHH
2022-03-05T19:00:00Z,Imports & Exports,4518.000,Elexon BMRS FUELHH
2022-03-05T19:00:00Z,Nuclear,5846.000,Elexon BMRS FUELHH
2022-03-05T19:00:00Z,Other,204.000,Elexon BMRS FUELHH
2022-03-05T19:00:00Z,Pumped Storage,692.000,Elexon BMRS FUELHH
2022-03-05T19:00:00Z,Wind,6363.000,Elexon BMRS FUELHH
2022-03-05T19:30:00Z,Biomass,2504.000,Elexon BMRS FUELHH
2022-03-05T19:30:00Z,Coal,1355.000,Elexon BMRS FUELHH
2022-03-05T19:30:00Z,Gas,13468.000,Elexon BMRS FUELHH
2022-03-05T19:30:00Z,Hydro,1061.000,Elexon BMRS FUELHH
2022-03-05T19:30:00Z,Imports & Exports,4324.000,Elexon BMRS FUELHH
2022-03-05T19:30:00Z,Nuclear,5842.000,Elexon BMRS FUELHH
2022-03-05T19:30:00Z,Other,192.000,Elexon BMRS FUELHH
2022-03-05T19:30:00Z,Pumped Storage,424.000,Elexon BMRS FUELHH
2022-03-05T19:30:00Z,Wind,6161.000,Elexon BMRS FUELHH
2022-03-05T20:00:00Z,Biomass,2714.000,Elexon BMRS FUELHH
2022-03-05T20:00:00Z,Coal,1423.000,Elexon BMRS FUELHH
2022-03-05T20:00:00Z,Gas,13534.000,Elexon BMRS FUELHH
2022-03-05T20:00:00Z,Hydro,922.000,Elexon BMRS FUELHH
2022-03-05T20:00:00Z,Imports & Exports,3874.000,Elexon BMRS FUELHH
2022-03-05T20:00:00Z,Nuclear,5845.000,Elexon BMRS FUELHH
2022-03-05T20:00:00Z,Other,177.000,Elexon BMRS FUELHH
2022-03-05T20:00:00Z,Pumped Storage,36.000,Elexon BMRS FUELHH
2022-03-05T20:00:00Z,Wind,5847.000,Elexon BMRS FUELHH
2022-03-05T20:30:00Z,Biomass,2946.000,Elexon BMRS FUELHH
2022-03-05T20:30:00Z,Coal,1256.000,Elexon BMRS FUELHH
2022-03-05T20:30:00Z,Gas,12721.000,Elexon BMRS FUELHH
2022-03-05T20:30:00Z,Hydro,662.000,Elexon BMRS FUELHH
2022-03-05T20:30:00Z,Imports & Exports,3766.000,Elexon BMRS FUELHH
2022-03-05T20:30:00Z,Nuclear,5852.000,Elexon BMRS FUELHH
2022-03-05T20:30:00Z,Other,161.000,Elexon BMRS FUELHH
2022-03-05T20:30:00Z,Pumped Storage,-10.000,Elexon BMRS FUELHH
2022-03-05T20:30:00Z,Wind,5940.000,Elexon BMRS FUELHH
2022-03-05T21:00:00Z,Biomass,2882.000,Elexon BMRS FUELHH
2022-03-05T21:00:00Z,Coal,993.000,Elexon BMRS FUELHH
2022-03-05T21:00:00Z,Gas,11948.000,Elexon BMRS FUELHH
2022-03-05T21:00:00Z,Hydro,555.000,Elexon BMRS FUELHH
2022-03-05T21:00:00Z,Imports & Exports,3556.000,Elexon BMRS FUELHH
2022-03-05T21:00:00Z,Nuclear,5848.000,Elexon BMRS FUELHH
2022-03-05T21:00:00Z,Other,162.000,Elexon BMRS FUELHH
2022-03-05T21:00:00Z,Pumped Storage,-10.000,Elexon BMRS FUELHH
2022-03-05T21:00:00Z,Wind,6131.000,Elexon BMRS FUELHH
2022-03-05T21:30:00Z,Biomass,2534.000,Elexon BMRS FUELHH
2022-03-05T21:30:00Z,Coal,688.000,Elexon BMRS FUELHH
2022-03-05T21:30:00Z,Gas,11184.000,Elexon BMRS FUELHH
2022-03-05T21:30:00Z,Hydro,517.000,Elexon BMRS FUELHH
2022-03-05T21:30:00Z,Imports & Exports,3410.000,Elexon BMRS FUELHH
2022-03-05T21:30:00Z,Nuclear,5850.000,Elexon BMRS FUELHH
2022-03-05T21:30:00Z,Other,164.000,Elexon BMRS FUELHH
2022-03-05T21:30:00Z,Pumped Storage,-10.000,Elexon BMRS FUELHH
2022-03-05T21:30:00Z,Wind,6456.000,Elexon BMRS FUELHH
2022-03-05T22:00:00Z,Biomass,2345.000,Elexon BMRS FUELHH
2022-03-05T22:00:00Z,Coal,654.000,Elexon BMRS FUELHH
2022-03-05T22:00:00Z,Gas,10229.000,Elexon BMRS FUELHH
2022-03-05T22:00:00Z,Hydro,502.000,Elexon BMRS FUELHH
2022-03-05T22:00:00Z,Imports & Exports,2900.000,Elexon BMRS FUELHH
2022-03-05T22:00:00Z,Nuclear,5850.000,Elexon BMRS FUELHH
2022-03-05T22:00:00Z,Other,181.000,Elexon BMRS FUELHH
2022-03-05T22:00:00Z,Pumped Storage,10.000,Elexon BMRS FUELHH
2022-03-05T22:00:00Z,Wind,6748.000,Elexon BMRS FUELHH
2022-03-05T22:30:00Z,Biomass,2435.000,Elexon BMRS FUELHH
2022-03-05T22:30:00Z,Coal,384.000,Elexon BMRS FUELHH
2022-03-05T22:30:00Z,Gas,9234.000,Elexon BMRS FUELHH
2022-03-05T22:30:00Z,Hydro,484.000,Elexon BMRS FUELHH
2022-03-05T22:30:00Z,Imports & Exports,2734.000,Elexon BMRS FUELHH
2022-03-05T22:30:00Z,Nuclear,5846.000,Elexon BMRS FUELHH
2022-03-05T22:30:00Z,Other,183.000,Elexon BMRS FUELHH
2022-03-05T22:30:00Z,Pumped Storage,16.000,Elexon BMRS FUELHH
2022-03-05T22:30:00Z,Wind,6857.000,Elexon BMRS FUELHH
2022-03-05T23:00:00Z,Biomass,1943.000,Elexon BMRS FUELHH
2022-03-05T23:00:00Z,Coal,36.000,Elexon BMRS FUELHH
2022-03-05T23:00:00Z,Gas,7898.000,Elexon BMRS FUELHH
2022-03-05T23:00:00Z,Hydro,463.000,Elexon BMRS FUELHH
2022-03-05T23:00:00Z,Imports & Exports,3844.000,Elexon BMRS FUELHH
2022-03-05T23:00:00Z,Nuclear,5849.000,Elexon BMRS FUELHH
2022-03-05T23:00:00Z,Other,174.000,Elexon BMRS FUELHH
2022-03-05T23:00:00Z,Pumped Storage,58.000,Elexon BMRS FUELHH
2022-03-05T23:00:00Z,Wind,6653.000,Elexon BMRS FUELHH
2022-03-05T23:30:00Z,Biomass,1789.000,Elexon BMRS FUELHH
2022-03-05T23:30:00Z,Coal,0.000,Elexon BMRS FUELHH
2022-03-05T23:30:00Z,Gas,6942.000,Elexon BMRS FUELHH
2022-03-05T23:30:00Z,Hydro,404.000,Elexon BMRS FUELHH
2022-03-05T23:30:00Z,Imports & Exports,4160.000,Elexon BMRS FUELHH
2022-03-05T23:30:00Z,Nuclear,5856.000,Elexon BMRS FUELHH
2022-03-05T23:30:00Z,Other,166.000,Elexon BMRS FUELHH
2022-03-05T23:30:00Z,Pumped Storage,-10.000,Elexon BMRS FUELHH
2022-03-05T23:30:00Z,Wind,6549.000,Elexon BMRS FUELHH
2022-03-06T00:00:00Z,Biomass,1857.000,Elexon BMRS FUELHH
2022-03-06T00:00:00Z,Coal,0.000,Elexon BMRS FUELHH
2022-03-06T00:00:00Z,Gas,6806.000,Elexon BMRS FUELHH
2022-03-06T00:00:00Z,Hydro,412.000,Elexon BMRS FUELHH
2022-03-06T00:00:00Z,Imports & Exports,4066.000,Elexon BMRS FUELHH
2022-03-06T00:00:00Z,Nuclear,5851.000,Elexon BMRS FUELHH
2022-03-06T00:00:00Z,Other,163.000,Elexon BMRS FUELHH
2022-03-06T00:00:00Z,Pumped Storage,126.000,Elexon BMRS FUELHH
2022-03-06T00:00:00Z,Wind,6486.000,Elexon BMRS FUELHH
2022-03-06T00:30:00Z,Biomass,2114.000,Elexon BMRS FUELHH
2022-03-06T00:30:00Z,Coal,0.000,Elexon BMRS FUELHH
2022-03-06T00:30:00Z,Gas,6935.000,Elexon BMRS FUELHH
2022-03-06T00:30:00Z,Hydro,448.000,Elexon BMRS FUELHH
2022-03-06T00:30:00Z,Imports & Exports,4184.000,Elexon BMRS FUELHH
2022-03-06T00:30:00Z,Nuclear,5852.000,Elexon BMRS FUELHH
2022-03-06T00:30:00Z,Other,165.000,Elexon BMRS FUELHH
2022-03-06T00:30:00Z,Pumped Storage,-32.000,Elexon BMRS FUELHH
2022-03-06T00:30:00Z,Wind,6490.000,Elexon BMRS FUELHH
2022-03-06T01:00:00Z,Biomass,2135.000,Elexon BMRS FUELHH
2022-03-06T01:00:00Z,Coal,0.000,Elexon BMRS FUELHH
2022-03-06T01:00:00Z,Gas,6972.000,Elexon BMRS FUELHH
2022-03-06T01:00:00Z,Hydro,350.000,Elexon BMRS FUELHH
2022-03-06T01:00:00Z,Imports & Exports,4550.000,Elexon BMRS FUELHH
2022-03-06T01:00:00Z,Nuclear,5851.000,Elexon BMRS FUELHH
2022-03-06T01:00:00Z,Other,163.000,Elexon BMRS FUELHH
2022-03-06T01:00:00Z,Pumped Storage,-656.000,Elexon BMRS FUELHH
2022-03-06T01:00:00Z,Wind,6425.000,Elexon BMRS FUELHH
2022-03-06T01:30:00Z,Biomass,1874.000,Elexon BMRS FUELHH
2022-03-06T01:30:00Z,Coal,0.000,Elexon BMRS FUELHH
2022-03-06T01:30:00Z,Gas,6997.000,Elexon BMRS FUELHH
2022-03-06T01:30:00Z,Hydro,340.000,Elexon BMRS FUELHH
2022-03-06T01:30:00Z,Imports & Exports,4530.000,Elexon BMRS FUELHH
2022-03-06T01:30:00Z,Nuclear,5844.000,Elexon BMRS FUELHH
2022-03-06T01:30:00Z,Other,172.000,Elexon BMRS FUELHH
2022-03-06T01:30:00Z,Pumped Storage,-888.000,Elexon BMRS FUELHH
2022-03-06T01:30:00Z,Wind,6192.000,Elexon BMRS FUELHH
2022-03-06T02:00:00Z,Biomass,1701.000,Elexon BMRS FUELHH
2022-03-06T02:00:00Z,Coal,0.000,Elexon BMRS FUELHH
2022-03-06T02:00:00Z,Gas,6854.000,Elexon BMRS FUELHH
2022-03-06T02:00:00Z,Hydro,304.000,Elexon BMRS FUELHH
2022-03-06T02:00:00Z,Imports & Exports,4558.000,Elexon BMRS FUELHH
2022-03-06T02:00:00Z,Nuclear,5849.000,Elexon BMRS FUELHH
2022-03-06T02:00:00Z,Other,165.000,Elexon BMRS FUELHH
2022-03-06T02:00:00Z,Pumped Storage,-892.000,Elexon BMRS FUELHH
2022-03-06T02:00:00Z,Wind,6078.000,Elexon BMRS FUELHH
2022-03-06T02:30:00Z,Biomass,1576.000,Elexon BMRS FUELHH
2022-03-06T02:30:00Z,Coal,0.000,Elexon BMRS FUELHH
2022-03-06T02:30:00Z,Gas,6815.000,Elexon BMRS FUELHH
2022-03-06T02:30:00Z,Hydro,302.000,Elexon BMRS FUELHH
2022-03-06T02:30:00Z,Imports & Exports,4478.000,Elexon BMRS FUELHH
2022-03-06T02:30:00Z,Nuclear,5841.000,Elexon BMRS FUELHH
2022-03-06T02:30:00Z,Other,169.000,Elexon BMRS FUELHH
2022-03-06T02:30:00Z,Pumped Storage,-826.000,Elexon BMRS FUELHH
2022-03-06T02:30:00Z,Wind,6000.000,Elexon BMRS FUELHH
2022-03-06T03:00:00Z,Biomass,1607.000,Elexon BMRS FUELHH
2022-03-06T03:00:00Z,Coal,0.000,Elexon BMRS FUELHH
2022-03-06T03:00:00Z,Gas,6759.000,Elexon BMRS FUELHH
2022-03-06T03:00:00Z,Hydro,302.000,Elexon BMRS FUELHH
2022-03-06T03:00:00Z,Imports & Exports,4468.000,Elexon BMRS FUELHH
2022-03-06T03:00:00Z,Nuclear,5838.000,Elexon BMRS FUELHH
2022-03-06T03:00:00Z,Other,168.000,Elexon BMRS FUELHH
2022-03-06T03:00:00Z,Pumped Storage,-948.000,Elexon BMRS FUELHH
2022-03-06T03:00:00Z,Wind,5758.000,Elexon BMRS FUELHH
2022-03-06T03:30:00Z,Biomass,1689.000,Elexon BMRS FUELHH
2022-03-06T03:30:00Z,Coal,0.000,Elexon BMRS FUELHH
2022-03-06T03:30:00Z,Gas,6712.000,Elexon BMRS FUELHH
2022-03-06T03:30:00Z,Hydro,301.000,Elexon BMRS FUELHH
2022-03-06T03:30:00Z,Imports & Exports,4342.000,Elexon BMRS FUELHH
2022-03-06T03:30:00Z,Nuclear,5845.000,Elexon BMRS FUELHH
2022-03-06T03:30:00Z,Other,171.000,Elexon BMRS FUELHH
2022-03-06T03:30:00Z,Pumped Storage,-1098.000,Elexon BMRS FUELHH
2022-03-06T03:30:00Z,Wind,5391.000,Elexon BMRS FUELHH
2022-03-06T04:00:00Z,Biomass,1596.000,Elexon BMRS FUELHH
2022-03-06T04:00:00Z,Coal,0.000,Elexon BMRS FUELHH
2022-03-06T04:00:00Z,Gas,6595.000,Elexon BMRS FUELHH
2022-03-06T04:00:00Z,Hydro,301.000,Elexon BMRS FUELHH
2022-03-06T04:00:00Z,Imports & Exports,4302.000,Elexon BMRS FUELHH
2022-03-06T04:00:00Z,Nuclear,5850.000,Elexon BMRS FUELHH
2022-03-06T04:00:00Z,Other,162.000,Elexon BMRS FUELHH
2022-03-06T04:00:00Z,Pumped Storage,-1080.000,Elexon BMRS FUELHH
2022-03-06T04:00:00Z,Wind,5480.000,Elexon BMRS FUELHH
2022-03-06T04:30:00Z,Biomass,1472.000,Elexon BMRS FUELHH
2022-03-06T04:30:00Z,Coal,0.000,Elexon BMRS FUELHH
2022-03-06T04:30:00Z,Gas,6197.000,Elexon BMRS FUELHH
2022-03-06T04:30:00Z,Hydro,301.000,Elexon BMRS FUELHH
2022-03-06T04:30:00Z,Imports & Exports,4202.000,Elexon BMRS FUELHH
2022-03-06T04:30:00Z,Nuclear,5851.000,Elexon BMRS FUELHH
2022-03-06T04:30:00Z,Other,163.000,Elexon BMRS FUELHH
2022-03-06T04:30:00Z,Pumped Storage,-1066.000,Elexon BMRS FUELHH
2022-03-06T04:30:00Z,Wind,5801.000,Elexon BMRS FUELHH
2022-03-06T05:00:00Z,Biomass,1429.000,Elexon BMRS FUELHH
2022-03-06T05:00:00Z,Coal,0.000,Elexon BMRS FUELHH
2022-03-06T05:00:00Z,Gas,6242.000,Elexon BMRS FUELHH
2022-03-06T05:00:00Z,Hydro,338.000,Elexon BMRS FUELHH
2022-03-06T05:00:00Z,Imports & Exports,4180.000,Elexon BMRS FUELHH
2022-03-06T05:00:00Z,Nuclear,5848.000,Elexon BMRS FUELHH
2022-03-06T05:00:00Z,Other,162.000,Elexon BMRS FUELHH
2022-03-06T05:00:00Z,Pumped Storage,-1062.000,Elexon BMRS FUELHH
2022-03-06T05:00:00Z,Wind,5911.000,Elexon BMRS FUELHH
2022-03-06T05:30:00Z,Biomass,1376.000,Elexon BMRS FUELHH
2022-03-06T05:30:00Z,Coal,0.000,Elexon BMRS FUELHH
2022-03-06T05:30:00Z,Gas,6383.000,Elexon BMRS FUELHH
2022-03-06T05:30:00Z,Hydro,342.000,Elexon BMRS FUELHH
2022-03-06T05:30:00Z,Imports & Exports,4098.000,Elexon BMRS FUELHH
2022-03-06T05:30:00Z,Nuclear,5855.000,Elexon BMRS FUELHH
2022-03-06T05:30:00Z,Other,161.000,Elexon BMRS FUELHH
2022-03-06T05:30:00Z,Pumped Storage,-910.000,Elexon BMRS FUELHH
2022-03-06T05:30:00Z,Wind,6127.000,Elexon BMRS FUELHH
2022-03-06T06:00:00Z,Biomass,1451.000,Elexon BMRS FUELHH
2022-03-06T06:00:00Z,Coal,136.000,Elexon BMRS FUELHH
2022-03-06T06:00:00Z,Gas,7116.000,Elexon BMRS FUELHH
2022-03-06T06:00:00Z,Hydro,400.000,Elexon BMRS FUELHH
2022-03-06T06:00:00Z,Imports & Exports,3820.000,Elexon BMRS FUELHH
2022-03-06T06:00:00Z,Nuclear,5854.000,Elexon BMRS FUELHH
2022-03-06T06:00:00Z,Other,160.000,Elexon BMRS FUELHH
2022-03-06T06:00:00Z,Pumped Storage,-486.000,Elexon BMRS FUELHH
2022-03-06T06:00:00Z,Wind,5942.000,Elexon BMRS FUELHH
2022-03-06T06:30:00Z,Biomass,1464.000,Elexon BMRS FUELHH
2022-03-06T06:30:00Z,Coal,355.000,Elexon BMRS FUELHH
2022-03-06T06:30:00Z,Gas,7205.000,Elexon BMRS FUELHH
2022-03-06T06:30:00Z,Hydro,436.000,Elexon BMRS FUELHH
2022-03-06T06:30:00Z,Imports & Exports,3820.000,Elexon BMRS FUELHH
2022-03-06T06:30:00Z,Nuclear,5854.000,Elexon BMRS FUELHH
2022-03-06T06:30:00Z,Other,160.000,Elexon BMRS FUELHH
2022-03-06T06:30:00Z,Pumped Storage,-246.000,Elexon BMRS FUELHH
2022-03-06T06:30:00Z,Wind,5865.000,Elexon BMRS FUELHH
2022-03-06T07:00:00Z,Biomass,1474.000,Elexon BMRS FUELHH
2022-03-06T07:00:00Z,Coal,628.000,Elexon BMRS FUELHH
2022-03-06T07:00:00Z,Gas,7798.000,Elexon BMRS FUELHH
2022-03-06T07:00:00Z,Hydro,529.000,Elexon BMRS FUELHH
2022-03-06T07:00:00Z,Imports & Exports,3644.000,Elexon BMRS FUELHH
2022-03-06T07:00:00Z,Nuclear,5852.000,Elexon BMRS FUELHH
2022-03-06T07:00:00Z,Other,174.000,Elexon BMRS FUELHH
2022-03-06T07:00:00Z,Pumped Storage,-88.000,Elexon BMRS FUELHH
2022-03-06T07:00:00Z,Wind,5999.000,Elexon BMRS FUELHH
2022-03-06T07:30:00Z,Biomass,1573.000,Elexon BMRS FUELHH
2022-03-06T07:30:00Z,Coal,790.000,Elexon BMRS FUELHH
2022-03-06T07:30:00Z,Gas,8550.000,Elexon BMRS FUELHH
2022-03-06T07:30:00Z,Hydro,629.000,Elexon BMRS FUELHH
2022-03-06T07:30:00Z,Imports & Exports,3766.000,Elexon BMRS FUELHH
2022-03-06T07:30:00Z,Nuclear,5855.000,Elexon BMRS FUELHH
2022-03-06T07:30:00Z,Other,171.000,Elexon BMRS FUELHH
2022-03-06T07:30:00Z,Pumped Storage,-14.000,Elexon BMRS FUELHH
2022-03-06T07:30:00Z,Wind,5695.000,Elexon BMRS FUELHH
2022-03-06T08:00:00Z,Biomass,1495.000,Elexon BMRS FUELHH
2022-03-06T08:00:00Z,Coal,884.000,Elexon BMRS FUELHH
2022-03-06T08:00:00Z,Gas,9166.000,Elexon BMRS FUELHH
2022-03-06T08:00:00Z,Hydro,720.000,Elexon BMRS FUELHH
2022-03-06T08:00:00Z,Imports & Exports,3932.000,Elexon BMRS FUELHH
2022-03-06T08:00:00Z,Nuclear,5860.000,Elexon BMRS FUELHH
2022-03-06T08:00:00Z,Other,180.000,Elexon BMRS FUELHH
2022-03-06T08:00:00Z,Pumped Storage,-10.000,Elexon BMRS FUELHH
2022-03-06T08:00:00Z,Wind,5770.000,Elexon BMRS FUELHH
2022-03-06T08:30:00Z,Biomass,1589.000,Elexon BMRS FUELHH
2022-03-06T08:30:00Z,Coal,1065.000,Elexon BMRS FUELHH
2022-03-06T08:30:00Z,Gas,9650.000,Elexon BMRS FUELHH
2022-03-06T08:30:00Z,Hydro,723.000,Elexon BMRS FUELHH
2022-03-06T08:30:00Z,Imports & Exports,4092.000,Elexon BMRS FUELHH
2022-03-06T08:30:00Z,Nuclear,5861.000,Elexon BMRS FUELHH
2022-03-06T08:30:00Z,Other,187.000,Elexon BMRS FUELHH
2022-03-06T08:30:00Z,Pumped Storage,-10.000,Elexon BMRS FUELHH
2022-03-06T08:30:00Z,Wind,5661.000,Elexon BMRS FUELHH
2022-03-06T09:00:00Z,Biomass,1571.000,Elexon BMRS FUELHH
2022-03-06T09:00:00Z,Coal,1146.000,Elexon BMRS FUELHH
2022-03-06T09:00:00Z,Gas,10095.000,Elexon BMRS FUELHH
2022-03-06T09:00:00Z,Hydro,725.000,Elexon BMRS FUELHH
2022-03-06T09:00:00Z,Imports & Exports,4498.000,Elexon BMRS FUELHH
2022-03-06T09:00:00Z,Nuclear,5854.000,Elexon BMRS FUELHH
2022-03-06T09:00:00Z,Other,187.000,Elexon BMRS FUELHH
2022-03-06T09:00:00Z,Pumped Storage,38.000,Elexon BMRS FUELHH
2022-03-06T09:00:00Z,Wind,5528.000,Elexon BMRS FUELHH
2022-03-06T09:30:00Z,Biomass,1739.000,Elexon BMRS FUELHH
2022-03-06T09:30:00Z,Coal,1208.000,Elexon BMRS FUELHH
2022-03-06T09:30:00Z,Gas,10383.000,Elexon BMRS FUELHH
2022-03-06T09:30:00Z,Hydro,716.000,Elexon BMRS FUELHH
2022-03-06T09:30:00Z,Imports & Exports,4510.000,Elexon BMRS FUELHH
2022-03-06T09:30:00Z,Nuclear,5857.000,Elexon BMRS FUELHH
2022-03-06T09:30:00Z,Other,166.000,Elexon BMRS FUELHH
2022-03-06T09:30:00Z,Pumped Storage,-10.000,Elexon BMRS FUELHH
2022-03-06T09:30:00Z,Wind,5730.000,Elexon BMRS FUELHH
2022-03-06T10:00:00Z,Biomass,1844.000,Elexon BMRS FUELHH
2022-03-06T10:00:00Z,Coal,1008.000,Elexon BMRS FUELHH
2022-03-06T10:00:00Z,Gas,10833.000,Elexon BMRS FUELHH
2022-03-06T10:00:00Z,Hydro,760.000,Elexon BMRS FUELHH
2022-03-06T10:00:00Z,Imports & Exports,4402.000,Elexon BMRS FUELHH
2022-03-06T10:00:00Z,Nuclear,5847.000,Elexon BMRS FUELHH
2022-03-06T10:00:00Z,Other,167.000,Elexon BMRS FUELHH
2022-03-06T10:00:00Z,Pumped Storage,-10.000,Elexon BMRS FUELHH
2022-03-06T10:00:00Z,Wind,5729.000,Elexon BMRS FUELHH
2022-03-06T10:30:00Z,Biomass,1964.000,Elexon BMRS FUELHH
2022-03-06T10:30:00Z,Coal,1263.000,Elexon BMRS FUELHH
2022-03-06T10:30:00Z,Gas,10959.000,Elexon BMRS FUELHH
2022-03-06T10:30:00Z,Hydro,762.000,Elexon BMRS FUELHH
2022-03-06T10:30:00Z,Imports & Exports,4210.000,Elexon BMRS FUELHH
2022-03-06T10:30:00Z,Nuclear,5841.000,Elexon BMRS FUELHH
2022-03-06T10:30:00Z,Other,172.000,Elexon BMRS FUELHH
2022-03-06T10:30:00Z,Pumped Storage,20.000,Elexon BMRS FUELHH
2022-03-06T10:30:00Z,Wind,5629.000,Elexon BMRS FUELHH
2022-03-06T11:00:00Z,Biomass,2000.000,Elexon BMRS FUELHH
2022-03-06T11:00:00Z,Coal,1345.000,Elexon BMRS FUELHH
2022-03-06T11:00:00Z,Gas,11000.000,Elexon BMRS FUELHH
2022-03-06T11:00:00Z,Hydro,798.000,Elexon BMRS FUELHH
2022-03-06T11:00:00Z,Imports & Exports,4368.000,Elexon BMRS FUELHH
2022-03-06T11:00:00Z,Nuclear,5840.000,Elexon BMRS FUELHH
2022-03-06T11:00:00Z,Other,181.000,Elexon BMRS FUELHH
2022-03-06T11:00:00Z,Pumped Storage,-6.000,Elexon BMRS FUELHH
2022-03-06T11:00:00Z,Wind,5337.000,Elexon BMRS FUELHH
2022-03-06T11:30:00Z,Biomass,2067.000,Elexon BMRS FUELHH
2022-03-06T11:30:00Z,Coal,1368.000,Elexon BMRS FUELHH
2022-03-06T11:30:00Z,Gas,11408.000,Elexon BMRS FUELHH
2022-03-06T11:30:00Z,Hydro,808.000,Elexon BMRS FUELHH
2022-03-06T11:30:00Z,Imports & Exports,4444.000,Elexon BMRS FUELHH
2022-03-06T11:30:00Z,Nuclear,5837.000,Elexon BMRS FUELHH
2022-03-06T11:30:00Z,Other,176.000,Elexon BMRS FUELHH
2022-03-06T11:30:00Z,Pumped Storage,4.000,Elexon BMRS FUELHH
2022-03-06T11:30:00Z,Wind,4879.000,Elexon BMRS FUELHH
2022-03-06T12:00:00Z,Biomass,2137.000,Elexon BMRS FUELHH
2022-03-06T12:00:00Z,Coal,1456.000,Elexon BMRS FUELHH
2022-03-06T12:00:00Z,Gas,11736.000,Elexon BMRS FUELHH
2022-03-06T12:00:00Z,Hydro,861.000,Elexon BMRS FUELHH
2022-03-06T12:00:00Z,Imports & Exports,4544.000,Elexon BMRS FUELHH
2022-03-06T12:00:00Z,Nuclear,5837.000,Elexon BMRS FUELHH
2022-03-06T12:00:00Z,Other,235.000,Elexon BMRS FUELHH
2022-03-06T12:00:00Z,Pumped Storage,-10.000,Elexon BMRS FUELHH
2022-03-06T12:00:00Z,Wind,4766.000,Elexon BMRS FUELHH
2022-03-06T12:30:00Z,Biomass,2222.000,Elexon BMRS FUELHH
2022-03-06T12:30:00Z,Coal,1471.000,Elexon BMRS FUELHH
2022-03-06T12:30:00Z,Gas,11692.000,Elexon BMRS FUELHH
2022-03-06T12:30:00Z,Hydro,822.000,Elexon BMRS FUELHH
2022-03-06T12:30:00Z,Imports & Exports,4538.000,Elexon BMRS FUELHH
2022-03-06T12:30:00Z,Nuclear,5843.000,Elexon BMRS FUELHH
2022-03-06T12:30:00Z,Other,189.000,Elexon BMRS FUELHH
2022-03-06T12:30:00Z,Pumped Storage,50.000,Elexon BMRS FUELHH
2022-03-06T12:30:00Z,Wind,4628.000,Elexon BMRS FUELHH
2022-03-06T13:00:00Z,Biomass,2060.000,Elexon BMRS FUELHH
2022-03-06T13:00:00Z,Coal,1394.000,Elexon BMRS FUELHH
2022-03-06T13:00:00Z,Gas,11663.000,Elexon BMRS FUELHH
2022-03-06T13:00:00Z,Hydro,716.000,Elexon BMRS FUELHH
2022-03-06T13:00:00Z,Imports & Exports,4562.000,Elexon BMRS FUELHH
2022-03-06T13:00:00Z,Nuclear,5839.000,Elexon BMRS FUELHH
2022-03-06T13:00:00Z,Other,171.000,Elexon BMRS FUELHH
2022-03-06T13:00:00Z,Pumped Storage,-10.000,Elexon BMRS FUELHH
2022-03-06T13:00:00Z,Wind,4565.000,Elexon BMRS FUELHH
2022-03-06T13:30:00Z,Biomass,1927.000,Elexon BMRS FUELHH
2022-03-06T13:30:00Z,Coal,1197.000,Elexon BMRS FUELHH
2022-03-06T13:30:00Z,Gas,11822.000,Elexon BMRS FUELHH
2022-03-06T13:30:00Z,Hydro,662.000,Elexon BMRS FUELHH
2022-03-06T13:30:00Z,Imports & Exports,4564.000,Elexon BMRS FUELHH
2022-03-06T13:30:00Z,Nuclear,5838.000,Elexon BMRS FUELHH
2022-03-06T13:30:00Z,Other,163.000,Elexon BMRS FUELHH
2022-03-06T13:30:00Z,Pumped Storage,-8.000,Elexon BMRS FUELHH
2022-03-06T13:30:00Z,Wind,4392.000,Elexon BMRS FUELHH
2022-03-06T14:00:00Z,Biomass,1949.000,Elexon BMRS FUELHH
2022-03-06T14:00:00Z,Coal,1019.000,Elexon BMRS FUELHH
2022-03-06T14:00:00Z,Gas,11792.000,Elexon BMRS FUELHH
2022-03-06T14:00:00Z,Hydro,635.000,Elexon BMRS FUELHH
2022-03-06T14:00:00Z,Imports & Exports,4596.000,Elexon BMRS FUELHH
2022-03-06T14:00:00Z,Nuclear,5841.000,Elexon BMRS FUELHH
2022-03-06T14:00:00Z,Other,163.000,Elexon BMRS FUELHH
2022-03-06T14:00:00Z,Pumped Storage,-8.000,Elexon BMRS FUELHH
2022-03-06T14:00:00Z,Wind,4368.000,Elexon BMRS FUELHH
2022-03-06T14:30:00Z,Biomass,1824.000,Elexon BMRS FUELHH
2022-03-06T14:30:00Z,Coal,1038.000,Elexon BMRS FUELHH
2022-03-06T14:30:00Z,Gas,11701.000,Elexon BMRS FUELHH
2022-03-06T14:30:00Z,Hydro,653.000,Elexon BMRS FUELHH
2022-03-06T14:30:00Z,Imports & Exports,4614.000,Elexon BMRS FUELHH
2022-03-06T14:30:00Z,Nuclear,5845.000,Elexon BMRS FUELHH
2022-03-06T14:30:00Z,Other,164.000,Elexon BMRS FUELHH
2022-03-06T14:30:00Z,Pumped Storage,-8.000,Elexon BMRS FUELHH
2022-03-06T14:30:00Z,Wind,4511.000,Elexon BMRS FUELHH
2022-03-06T15:00:00Z,Biomass,1828.000,Elexon BMRS FUELHH
2022-03-06T15:00:00Z,Coal,1187.000,Elexon BMRS FUELHH
2022-03-06T15:00:00Z,Gas,12029.000,Elexon BMRS FUELHH
2022-03-06T15:00:00Z,Hydro,653.000,Elexon BMRS FUELHH
2022-03-06T15:00:00Z,Imports & Exports,4620.000,Elexon BMRS FUELHH
2022-03-06T15:00:00Z,Nuclear,5846.000,Elexon BMRS FUELHH
2022-03-06T15:00:00Z,Other,173.000,Elexon BMRS FUELHH
2022-03-06T15:00:00Z,Pumped Storage,-8.000,Elexon BMRS FUELHH
2022-03-06T15:00:00Z,Wind,4787.000,Elexon BMRS FUELHH
2022-03-06T15:30:00Z,Biomass,1832.000,Elexon BMRS FUELHH
2022-03-06T15:30:00Z,Coal,1132.000,Elexon BMRS FUELHH
2022-03-06T15:30:00Z,Gas,13013.000,Elexon BMRS FUELHH
2022-03-06T15:30:00Z,Hydro,658.000,Elexon BMRS FUELHH
2022-03-06T15:30:00Z,Imports & Exports,4560.000,Elexon BMRS FUELHH
2022-03-06T15:30:00Z,Nuclear,5849.000,Elexon BMRS FUELHH
2022-03-06T15:30:00Z,Other,165.000,Elexon BMRS FUELHH
2022-03-06T15:30:00Z,Pumped Storage,-8.000,Elexon BMRS FUELHH
2022-03-06T15:30:00Z,Wind,4798.000,Elexon BMRS FUELHH
2022-03-06T16:00:00Z,Biomass,2142.000,Elexon BMRS FUELHH
2022-03-06T16:00:00Z,Coal,1179.000,Elexon BMRS FUELHH
2022-03-06T16:00:00Z,Gas,13783.000,Elexon BMRS FUELHH
2022-03-06T16:00:00Z,Hydro,773.000,Elexon BMRS FUELHH
2022-03-06T16:00:00Z,Imports & Exports,4664.000,Elexon BMRS FUELHH
2022-03-06T16:00:00Z,Nuclear,5846.000,Elexon BMRS FUELHH
2022-03-06T16:00:00Z,Other,191.000,Elexon BMRS FUELHH
2022-03-06T16:00:00Z,Pumped Storage,-12.000,Elexon BMRS FUELHH
2022-03-06T16:00:00Z,Wind,4847.000,Elexon BMRS FUELHH
2022-03-06T16:30:00Z,Biomass,2321.000,Elexon BMRS FUELHH
2022-03-06T16:30:00Z,Coal,1448.000,Elexon BMRS FUELHH
2022-03-06T16:30:00Z,Gas,14824.000,Elexon BMRS FUELHH
2022-03-06T16:30:00Z,Hydro,817.000,Elexon BMRS FUELHH
2022-03-06T16:30:00Z,Imports & Exports,4888.000,Elexon BMRS FUELHH
2022-03-06T16:30:00Z,Nuclear,5853.000,Elexon BMRS FUELHH
2022-03-06T16:30:00Z,Other,179.000,Elexon BMRS FUELHH
2022-03-06T16:30:00Z,Pumped Storage,168.000,Elexon BMRS FUELHH
2022-03-06T16:30:00Z,Wind,4955.000,Elexon BMRS FUELHH
2022-03-06T17:00:00Z,Biomass,2322.000,Elexon BMRS FUELHH
2022-03-06T17:00:00Z,Coal,1474.000,Elexon BMRS FUELHH
2022-03-06T17:00:00Z,Gas,15435.000,Elexon BMRS FUELHH
2022-03-06T17:00:00Z,Hydro,903.000,Elexon BMRS FUELHH
2022-03-06T17:00:00Z,Imports & Exports,4854.000,Elexon BMRS FUELHH
2022-03-06T17:00:00Z,Nuclear,5846.000,Elexon BMRS FUELHH
2022-03-06T17:00:00Z,Other,213.000,Elexon BMRS FUELHH
2022-03-06T17:00:00Z,Pumped Storage,966.000,Elexon BMRS FUELHH
2022-03-06T17:00:00Z,Wind,5052.000,Elexon BMRS FUELHH
2022-03-06T17:30:00Z,Biomass,2322.000,Elexon BMRS FUELHH
2022-03-06T17:30:00Z,Coal,1476.000,Elexon BMRS FUELHH
2022-03-06T17:30:00Z,Gas,15996.000,Elexon BMRS FUELHH
2022-03-06T17:30:00Z,Hydro,906.000,Elexon BMRS FUELHH
2022-03-06T17:30:00Z,Imports & Exports,4882.000,Elexon BMRS FUELHH
2022-03-06T17:30:00Z,Nuclear,5845.000,Elexon BMRS FUELHH
2022-03-06T17:30:00Z,Other,205.000,Elexon BMRS FUELHH
2022-03-06T17:30:00Z,Pumped Storage,1408.000,Elexon BMRS FUELHH
2022-03-06T17:30:00Z,Wind,5143.000,Elexon BMRS FUELHH
2022-03-06T18:00:00Z,Biomass,2354.000,Elexon BMRS FUELHH
2022-03-06T18:00:00Z,Coal,1480.000,Elexon BMRS FUELHH
2022-03-06T18:00:00Z,Gas,16201.000,Elexon BMRS FUELHH
2022-03-06T18:00:00Z,Hydro,1070.000,Elexon BMRS FUELHH
2022-03-06T18:00:00Z,Imports & Exports,4954.000,Elexon BMRS FUELHH
2022-03-06T18:00:00Z,Nuclear,5839.000,Elexon BMRS FUELHH
2022-03-06T18:00:00Z,Other,300.000,Elexon BMRS FUELHH
2022-03-06T18:00:00Z,Pumped Storage,1802.000,Elexon BMRS FUELHH
2022-03-06T18:00:00Z,Wind,5071.000,Elexon BMRS FUELHH
2022-03-06T18:30:00Z,Biomass,2353.000,Elexon BMRS FUELHH
2022-03-06T18:30:00Z,Coal,1477.000,Elexon BMRS FUELHH
2022-03-06T18:30:00Z,Gas,16281.000,Elexon BMRS FUELHH
2022-03-06T18:30:00Z,Hydro,1067.000,Elexon BMRS FUELHH
2022-03-06T18:30:00Z,Imports & Exports,4970.000,Elexon BMRS FUELHH
2022-03-06T18:30:00Z,Nuclear,5837.000,Elexon BMRS FUELHH
2022-03-06T18:30:00Z,Other,406.000,Elexon BMRS FUELHH
2022-03-06T18:30:00Z,Pumped Storage,2038.000,Elexon BMRS FUELHH
2022-03-06T18:30:00Z,Wind,4921.000,Elexon BMRS FUELHH
2022-03-06T19:00:00Z,Biomass,2352.000,Elexon BMRS FUELHH
2022-03-06T19:00:00Z,Coal,1476.000,Elexon BMRS FUELHH
2022-03-06T19:00:00Z,Gas,16162.000,Elexon BMRS FUELHH
2022-03-06T19:00:00Z,Hydro,937.000,Elexon BMRS FUELHH
2022-03-06T19:00:00Z,Imports & Exports,5108.000,Elexon BMRS FUELHH
2022-03-06T19:00:00Z,Nuclear,5839.000,Elexon BMRS FUELHH
2022-03-06T19:00:00Z,Other,319.000,Elexon BMRS FUELHH
2022-03-06T19:00:00Z,Pumped Storage,1392.000,Elexon BMRS FUELHH
2022-03-06T19:00:00Z,Wind,4932.000,Elexon BMRS FUELHH
2022-03-06T19:30:00Z,Biomass,2314.000,Elexon BMRS FUELHH
2022-03-06T19:30:00Z,Coal,1475.000,Elexon BMRS FUELHH
2022-03-06T19:30:00Z,Gas,16043.000,Elexon BMRS FUELHH
2022-03-06T19:30:00Z,Hydro,915.000,Elexon BMRS FUELHH
2022-03-06T19:30:00Z,Imports & Exports,4906.000,Elexon BMRS FUELHH
2022-03-06T19:30:00Z,Nuclear,5839.000,Elexon BMRS FUELHH
2022-03-06T19:30:00Z,Other,257.000,Elexon BMRS FUELHH
2022-03-06T19:30:00Z,Pumped Storage,750.000,Elexon BMRS FUELHH
2022-03-06T19:30:00Z,Wind,4799.000,Elexon BMRS FUELHH
2022-03-06T20:00:00Z,Biomass,2309.000,Elexon BMRS FUELHH
2022-03-06T20:00:00Z,Coal,1475.000,Elexon BMRS FUELHH
2022-03-06T20:00:00Z,Gas,15996.000,Elexon BMRS FUELHH
2022-03-06T20:00:00Z,Hydro,772.000,Elexon BMRS FUELHH
2022-03-06T20:00:00Z,Imports & Exports,4750.000,Elexon BMRS FUELHH
2022-03-06T20:00:00Z,Nuclear,5843.000,Elexon BMRS FUELHH
2022-03-06T20:00:00Z,Other,216.000,Elexon BMRS FUELHH
2022-03-06T20:00:00Z,Pumped Storage,372.000,Elexon BMRS FUELHH
2022-03-06T20:00:00Z,Wind,4881.000,Elexon BMRS FUELHH
2022-03-06T20:30:00Z,Biomass,2312.000,Elexon BMRS FUELHH
2022-03-06T20:30:00Z,Coal,1476.000,Elexon BMRS FUELHH
2022-03-06T20:30:00Z,Gas,15067.000,Elexon BMRS FUELHH
2022-03-06T20:30:00Z,Hydro,686.000,Elexon BMRS FUELHH
2022-03-06T20:30:00Z,Imports & Exports,4494.000,Elexon BMRS FUELHH
2022-03-06T20:30:00Z,Nuclear,5840.000,Elexon BMRS FUELHH
2022-03-06T20:30:00Z,Other,192.000,Elexon BMRS FUELHH
2022-03-06T20:30:00Z,Pumped Storage,-12.000,Elexon BMRS FUELHH
2022-03-06T20:30:00Z,Wind,4902.000,Elexon BMRS FUELHH
2022-03-06T21:00:00Z,Biomass,2312.000,Elexon BMRS FUELHH
2022-03-06T21:00:00Z,Coal,1430.000,Elexon BMRS FUELHH
2022-03-06T21:00:00Z,Gas,13718.000,Elexon BMRS FUELHH
2022-03-06T21:00:00Z,Hydro,629.000,Elexon BMRS FUELHH
2022-03-06T21:00:00Z,Imports & Exports,4644.000,Elexon BMRS FUELHH
2022-03-06T21:00:00Z,Nuclear,5842.000,Elexon BMRS FUELHH
2022-03-06T21:00:00Z,Other,180.000,Elexon BMRS FUELHH
2022-03-06T21:00:00Z,Pumped Storage,-12.000,Elexon BMRS FUELHH
2022-03-06T21:00:00Z,Wind,4811.000,Elexon BMRS FUELHH
2022-03-06T21:30:00Z,Biomass,2163.000,Elexon BMRS FUELHH
2022-03-06T21:30:00Z,Coal,1217.000,Elexon BMRS FUELHH
2022-03-06T21:30:00Z,Gas,12845.000,Elexon BMRS FUELHH
2022-03-06T21:30:00Z,Hydro,603.000,Elexon BMRS FUELHH
2022-03-06T21:30:00Z,Imports & Exports,4432.000,Elexon BMRS FUELHH
2022-03-06T21:30:00Z,Nuclear,5845.000,Elexon BMRS FUELHH
2022-03-06T21:30:00Z,Other,157.000,Elexon BMRS FUELHH
2022-03-06T21:30:00Z,Pumped Storage,-10.000,Elexon BMRS FUELHH
2022-03-06T21:30:00Z,Wind,4825.000,Elexon BMRS FUELHH
2022-03-06T22:00:00Z,Biomass,2180.000,Elexon BMRS FUELHH
2022-03-06T22:00:00Z,Coal,814.000,Elexon BMRS FUELHH
2022-03-06T22:00:00Z,Gas,11958.000,Elexon BMRS FUELHH
2022-03-06T22:00:00Z,Hydro,513.000,Elexon BMRS FUELHH
2022-03-06T22:00:00Z,Imports & Exports,4006.000,Elexon BMRS FUELHH
2022-03-06T22:00:00Z,Nuclear,5846.000,Elexon BMRS FUELHH
2022-03-06T22:00:00Z,Other,163.000,Elexon BMRS FUELHH
2022-03-06T22:00:00Z,Pumped Storage,-10.000,Elexon BMRS FUELHH
2022-03-06T22:00:00Z,Wind,4990.000,Elexon BMRS FUELHH
2022-03-06T22:30:00Z,Biomass,2247.000,Elexon BMRS FUELHH
2022-03-06T22:30:00Z,Coal,345.000,Elexon BMRS FUELHH
2022-03-06T22:30:00Z,Gas,11023.000,Elexon BMRS FUELHH
2022-03-06T22:30:00Z,Hydro,504.000,Elexon BMRS FUELHH
2022-03-06T22:30:00Z,Imports & Exports,3788.000,Elexon BMRS FUELHH
2022-03-06T22:30:00Z,Nuclear,5841.000,Elexon BMRS FUELHH
2022-03-06T22:30:00Z,Other,172.000,Elexon BMRS FUELHH
2022-03-06T22:30:00Z,Pumped Storage,-10.000,Elexon BMRS FUELHH
2022-03-06T22:30:00Z,Wind,4867.000,Elexon BMRS FUELHH
2022-03-06T23:00:00Z,Biomass,1953.000,Elexon BMRS FUELHH
2022-03-06T23:00:00Z,Coal,20.000,Elexon BMRS FUELHH
2022-03-06T23:00:00Z,Gas,10740.000,Elexon BMRS FUELHH
2022-03-06T23:00:00Z,Hydro,340.000,Elexon BMRS FUELHH
2022-03-06T23:00:00Z,Imports & Exports,2932.000,Elexon BMRS FUELHH
2022-03-06T23:00:00Z,Nuclear,5848.000,Elexon BMRS FUELHH
2022-03-06T23:00:00Z,Other,156.000,Elexon BMRS FUELHH
2022-03-06T23:00:00Z,Pumped Storage,-16.000,Elexon BMRS FUELHH
2022-03-06T23:00:00Z,Wind,5079.000,Elexon BMRS FUELHH
2022-03-06T23:30:00Z,Biomass,1705.000,Elexon BMRS FUELHH
2022-03-06T23:30:00Z,Coal,0.000,Elexon BMRS FUELHH
2022-03-06T23:30:00Z,Gas,10147.000,Elexon BMRS FUELHH
2022-03-06T23:30:00Z,Hydro,336.000,Elexon BMRS FUELHH
2022-03-06T23:30:00Z,Imports & Exports,2894.000,Elexon BMRS FUELHH
2022-03-06T23:30:00Z,Nuclear,5837.000,Elexon BMRS FUELHH
2022-03-06T23:30:00Z,Other,163.000,Elexon BMRS FUELHH
2022-03-06T23:30:00Z,Pumped Storage,-76.000,Elexon BMRS FUELHH
2022-03-06T23:30:00Z,Wind,4916.000,Elexon BMRS FUELHH
2022-03-07T00:00:00Z,Biomass,1672.000,Elexon BMRS FUELHH
2022-03-07T00:00:00Z,Coal,0.000,Elexon BMRS FUELHH
2022-03-07T00:00:00Z,Gas,10285.000,Elexon BMRS FUELHH
2022-03-07T00:00:00Z,Hydro,321.000,Elexon BMRS FUELHH
2022-03-07T00:00:00Z,Imports & Exports,3660.000,Elexon BMRS FUELHH
2022-03-07T00:00:00Z,Nuclear,5845.000,Elexon BMRS FUELHH
2022-03-07T00:00:00Z,Other,153.000,Elexon BMRS FUELHH
2022-03-07T00:00:00Z,Pumped Storage,-528.000,Elexon BMRS FUELHH
2022-03-07T00:00:00Z,Wind,4415.000,Elexon BMRS FUELHH
2022-03-07T00:30:00Z,Biomass,1718.000,Elexon BMRS FUELHH
2022-03-07T00:30:00Z,Coal,0.000,Elexon BMRS FUELHH
2022-03-07T00:30:00Z,Gas,10730.000,Elexon BMRS FUELHH
2022-03-07T00:30:00Z,Hydro,302.000,Elexon BMRS FUELHH
2022-03-07T00:30:00Z,Imports & Exports,3884.000,Elexon BMRS FUELHH
2022-03-07T00:30:00Z,Nuclear,5844.000,Elexon BMRS FUELHH
2022-03-07T00:30:00Z,Other,157.000,Elexon BMRS FUELHH
2022-03-07T00:30:00Z,Pumped Storage,-576.000,Elexon BMRS FUELHH
2022-03-07T00:30:00Z,Wind,4404.000,Elexon BMRS FUELHH
2022-03-07T01:00:00Z,Biomass,1849.000,Elexon BMRS FUELHH
2022-03-07T01:00:00Z,Coal,0.000,Elexon BMRS FUELHH
2022-03-07T01:00:00Z,Gas,10717.000,Elexon BMRS FUELHH
2022-03-07T01:00:00Z,Hydro,298.000,Elexon BMRS FUELHH
2022-03-07T01:00:00Z,Imports & Exports,3662.000,Elexon BMRS FUELHH
2022-03-07T01:00:00Z,Nuclear,5843.000,Elexon BMRS FUELHH
2022-03-07T01:00:00Z,Other,159.000,Elexon BMRS FUELHH
2022-03-07T01:00:00Z,Pumped Storage,-756.000,Elexon BMRS FUELHH
2022-03-07T01:00:00Z,Wind,4401.000,Elexon BMRS FUELHH
2022-03-07T01:30:00Z,Biomass,1701.000,Elexon BMRS FUELHH
2022-03-07T01:30:00Z,Coal,0.000,Elexon BMRS FUELHH
2022-03-07T01:30:00Z,Gas,10403.000,Elexon BMRS FUELHH
2022-03-07T01:30:00Z,Hydro,297.000,Elexon BMRS FUELHH
2022-03-07T01:30:00Z,Imports & Exports,3710.000,Elexon BMRS FUELHH
2022-03-07T01:30:00Z,Nuclear,5845.000,Elexon BMRS FUELHH
2022-03-07T01:30:00Z,Other,154.000,Elexon BMRS FUELHH
2022-03-07T01:30:00Z,Pumped Storage,-824.000,Elexon BMRS FUELHH
2022-03-07T01:30:00Z,Wind,4385.000,Elexon BMRS FUELHH
2022-03-07T02:00:00Z,Biomass,1683.000,Elexon BMRS FUELHH
2022-03-07T02:00:00Z,Coal,0.000,Elexon BMRS FUELHH
2022-03-07T02:00:00Z,Gas,10018.000,Elexon BMRS FUELHH
2022-03-07T02:00:00Z,Hydro,297.000,Elexon BMRS FUELHH
2022-03-07T02:00:00Z,Imports & Exports,3840.000,Elexon BMRS FUELHH
2022-03-07T02:00:00Z,Nuclear,5839.000,Elexon BMRS FUELHH
2022-03-07T02:00:00Z,Other,155.000,Elexon BMRS FUELHH
2022-03-07T02:00:00Z,Pumped Storage,-886.000,Elexon BMRS FUELHH
2022-03-07T02:00:00Z,Wind,4391.000,Elexon BMRS FUELHH
2022-03-07T02:30:00Z,Biomass,1729.000,Elexon BMRS FUELHH
2022-03-07T02:30:00Z,Coal,0.000,Elexon BMRS FUELHH
2022-03-07T02:30:00Z,Gas,10014.000,Elexon BMRS FUELHH
2022-03-07T02:30:00Z,Hydro,295.000,Elexon BMRS FUELHH
2022-03-07T02:30:00Z,Imports & Exports,3744.000,Elexon BMRS FUELHH
2022-03-07T02:30:00Z,Nuclear,5839.000,Elexon BMRS FUELHH
2022-03-07T02:30:00Z,Other,160.000,Elexon BMRS FUELHH
2022-03-07T02:30:00Z,Pumped Storage,-882.000,Elexon BMRS FUELHH
2022-03-07T02:30:00Z,Wind,4232.000,Elexon BMRS FUELHH
2022-03-07T03:00:00Z,Biomass,2081.000,Elexon BMRS FUELHH
2022-03-07T03:00:00Z,Coal,0.000,Elexon BMRS FUELHH
2022-03-07T03:00:00Z,Gas,10538.000,Elexon BMRS FUELHH
2022-03-07T03:00:00Z,Hydro,293.000,Elexon BMRS FUELHH
2022-03-07T03:00:00Z,Imports & Exports,2620.000,Elexon BMRS FUELHH
2022-03-07T03:00:00Z,Nuclear,5842.000,Elexon BMRS FUELHH
2022-03-07T03:00:00Z,Other,169.000,Elexon BMRS FUELHH
2022-03-07T03:00:00Z,Pumped Storage,-876.000,Elexon BMRS FUELHH
2022-03-07T03:00:00Z,Wind,4147.000,Elexon BMRS FUELHH
2022-03-07T03:30:00Z,Biomass,2101.000,Elexon BMRS FUELHH
2022-03-07T03:30:00Z,Coal,0.000,Elexon BMRS FUELHH
2022-03-07T03:30:00Z,Gas,10500.000,Elexon BMRS FUELHH
2022-03-07T03:30:00Z,Hydro,291.000,Elexon BMRS FUELHH
2022-03-07T03:30:00Z,Imports & Exports,2608.000,Elexon BMRS FUELHH
2022-03-07T03:30:00Z,Nuclear,5844.000,Elexon BMRS FUELHH
2022-03-07T03:30:00Z,Other,165.000,Elexon BMRS FUELHH
2022-03-07T03:30:00Z,Pumped Storage,-874.000,Elexon BMRS FUELHH
2022-03-07T03:30:00Z,Wind,3910.000,Elexon BMRS FUELHH
2022-03-07T04:00:00Z,Biomass,2244.000,Elexon BMRS FUELHH
2022-03-07T04:00:00Z,Coal,0.000,Elexon BMRS FUELHH
2022-03-07T04:00:00Z,Gas,10710.000,Elexon BMRS FUELHH
2022-03-07T04:00:00Z,Hydro,291.000,Elexon BMRS FUELHH
2022-03-07T04:00:00Z,Imports & Exports,2194.000,Elexon BMRS FUELHH
2022-03-07T04:00:00Z,Nuclear,5849.000,Elexon BMRS FUELHH
2022-03-07T04:00:00Z,Other,161.000,Elexon BMRS FUELHH
2022-03-07T04:00:00Z,Pumped Storage,-874.000,Elexon BMRS FUELHH
2022-03-07T04:00:00Z,Wind,3932.000,Elexon BMRS FUELHH
2022-03-07T04:30:00Z,Biomass,2125.000,Elexon BMRS FUELHH
2022-03-07T04:30:00Z,Coal,0.000,Elexon BMRS FUELHH
2022-03-07T04:30:00Z,Gas,10732.000,Elexon BMRS FUELHH
2022-03-07T04:30:00Z,Hydro,291.000,Elexon BMRS FUELHH
2022-03-07T04:30:00Z,Imports & Exports,2240.000,Elexon BMRS FUELHH
2022-03-07T04:30:00Z,Nuclear,5846.000,Elexon BMRS FUELHH
2022-03-07T04:30:00Z,Other,160.000,Elexon BMRS FUELHH
2022-03-07T04:30:00Z,Pumped Storage,-796.000,Elexon BMRS FUELHH
2022-03-07T04:30:00Z,Wind,4039.000,Elexon BMRS FUELHH
2022-03-07T05:00:00Z,Biomass,1805.000,Elexon BMRS FUELHH
2022-03-07T05:00:00Z,Coal,170.000,Elexon BMRS FUELHH
2022-03-07T05:00:00Z,Gas,11099.000,Elexon BMRS FUELHH
2022-03-07T05:00:00Z,Hydro,292.000,Elexon BMRS FUELHH
2022-03-07T05:00:00Z,Imports & Exports,2244.000,Elexon BMRS FUELHH
2022-03-07T05:00:00Z,Nuclear,5850.000,Elexon BMRS FUELHH
2022-03-07T05:00:00Z,Other,161.000,Elexon BMRS FUELHH
2022-03-07T05:00:00Z,Pumped Storage,-368.000,Elexon BMRS FUELHH
2022-03-07T05:00:00Z,Wind,4298.000,Elexon BMRS FUELHH
2022-03-07T05:30:00Z,Biomass,1690.000,Elexon BMRS FUELHH
2022-03-07T05:30:00Z,Coal,359.000,Elexon BMRS FUELHH
2022-03-07T05:30:00Z,Gas,12090.000,Elexon BMRS FUELHH
2022-03-07T05:30:00Z,Hydro,291.000,Elexon BMRS FUELHH
2022-03-07T05:30:00Z,Imports & Exports,2234.000,Elexon BMRS FUELHH
2022-03-07T05:30:00Z,Nuclear,5849.000,Elexon BMRS FUELHH
2022-03-07T05:30:00Z,Other,161.000,Elexon BMRS FUELHH
2022-03-07T05:30:00Z,Pumped Storage,-344.000,Elexon BMRS FUELHH
2022-03-07T05:30:00Z,Wind,4421.000,Elexon BMRS FUELHH
2022-03-07T06:30:00Z,Biomass,2117.000,Elexon BMRS FUELHH
2022-03-07T06:30:00Z,Coal,822.000,Elexon BMRS FUELHH
2022-03-07T06:30:00Z,Gas,15397.000,Elexon BMRS FUELHH
2022-03-07T06:30:00Z,Hydro,620.000,Elexon BMRS FUELHH
2022-03-07T06:30:00Z,Imports & Exports,2124.000,Elexon BMRS FUELHH
2022-03-07T06:30:00Z,Nuclear,5844.000,Elexon BMRS FUELHH
2022-03-07T06:30:00Z,Other,178.000,Elexon BMRS FUELHH
2022-03-07T06:30:00Z,Pumped Storage,354.000,Elexon BMRS FUELHH
2022-03-07T06:30:00Z,Wind,4709.000,Elexon BMRS FUELHH
2022-03-07T07:00:00Z,Biomass,2112.000,Elexon BMRS FUELHH
2022-03-07T07:00:00Z,Coal,1048.000,Elexon BMRS FUELHH
2022-03-07T07:00:00Z,Gas,16745.000,Elexon BMRS FUELHH
2022-03-07T07:00:00Z,Hydro,799.000,Elexon BMRS FUELHH
2022-03-07T07:00:00Z,Imports & Exports,3664.000,Elexon BMRS FUELHH
2022-03-07T07:00:00Z,Nuclear,5843.000,Elexon BMRS FUELHH
2022-03-07T07:00:00Z,Other,186.000,Elexon BMRS FUELHH
2022-03-07T07:00:00Z,Pumped Storage,306.000,Elexon BMRS FUELHH
2022-03-07T07:00:00Z,Wind,4537.000,Elexon BMRS FUELHH
2022-03-07T07:30:00Z,Biomass,2159.000,Elexon BMRS FUELHH
2022-03-07T07:30:00Z,Coal,1352.000,Elexon BMRS FUELHH
2022-03-07T07:30:00Z,Gas,17107.000,Elexon BMRS FUELHH
2022-03-07T07:30:00Z,Hydro,828.000,Elexon BMRS FUELHH
2022-03-07T07:30:00Z,Imports & Exports,3732.000,Elexon BMRS FUELHH
2022-03-07T07:30:00Z,Nuclear,5847.000,Elexon BMRS FUELHH
2022-03-07T07:30:00Z,Other,236.000,Elexon BMRS FUELHH
2022-03-07T07:30:00Z,Pumped Storage,466.000,Elexon BMRS FUELHH
2022-03-07T07:30:00Z,Wind,4665.000,Elexon BMRS FUELHH
2022-03-07T08:00:00Z,Biomass,2282.000,Elexon BMRS FUELHH
2022-03-07T08:00:00Z,Coal,1460.000,Elexon BMRS FUELHH
2022-03-07T08:00:00Z,Gas,17118.000,Elexon BMRS FUELHH
2022-03-07T08:00:00Z,Hydro,862.000,Elexon BMRS FUELHH
2022-03-07T08:00:00Z,Imports & Exports,4424.000,Elexon BMRS FUELHH
2022-03-07T08:00:00Z,Nuclear,5845.000,Elexon BMRS FUELHH
2022-03-07T08:00:00Z,Other,316.000,Elexon BMRS FUELHH
2022-03-07T08:00:00Z,Pumped Storage,460.000,Elexon BMRS FUELHH
2022-03-07T08:00:00Z,Wind,4784.000,Elexon BMRS FUELHH
2022-03-07T08:30:00Z,Biomass,2304.000,Elexon BMRS FUELHH
2022-03-07T08:30:00Z,Coal,1475.000,Elexon BMRS FUELHH
2022-03-07T08:30:00Z,Gas,17394.000,Elexon BMRS FUELHH
2022-03-07T08:30:00Z,Hydro,852.000,Elexon BMRS FUELHH
2022-03-07T08:30:00Z,Imports & Exports,4464.000,Elexon BMRS FUELHH
2022-03-07T08:30:00Z,Nuclear,5843.000,Elexon BMRS FUELHH
2022-03-07T08:30:00Z,Other,414.000,Elexon BMRS FUELHH
2022-03-07T08:30:00Z,Pumped Storage,432.000,Elexon BMRS FUELHH
2022-03-07T08:30:00Z,Wind,4901.000,Elexon BMRS FUELHH
2022-03-07T09:00:00Z,Biomass,2304.000,Elexon BMRS FUELHH
2022-03-07T09:00:00Z,Coal,1468.000,Elexon BMRS FUELHH
2022-03-07T09:00:00Z,Gas,17444.000,Elexon BMRS FUELHH
2022-03-07T09:00:00Z,Hydro,826.000,Elexon BMRS FUELHH
2022-03-07T09:00:00Z,Imports & Exports,4386.000,Elexon BMRS FUELHH
2022-03-07T09:00:00Z,Nuclear,5846.000,Elexon BMRS FUELHH
2022-03-07T09:00:00Z,Other,440.000,Elexon BMRS FUELHH
2022-03-07T09:00:00Z,Pumped Storage,522.000,Elexon BMRS FUELHH
2022-03-07T09:00:00Z,Wind,5046.000,Elexon BMRS FUELHH
2022-03-07T09:30:00Z,Biomass,2308.000,Elexon BMRS FUELHH
2022-03-07T09:30:00Z,Coal,1473.000,Elexon BMRS FUELHH
2022-03-07T09:30:00Z,Gas,17484.000,Elexon BMRS FUELHH
2022-03-07T09:30:00Z,Hydro,851.000,Elexon BMRS FUELHH
2022-03-07T09:30:00Z,Imports & Exports,4296.000,Elexon BMRS FUELHH
2022-03-07T09:30:00Z,Nuclear,5840.000,Elexon BMRS FUELHH
2022-03-07T09:30:00Z,Other,429.000,Elexon BMRS FUELHH
2022-03-07T09:30:00Z,Pumped Storage,314.000,Elexon BMRS FUELHH
2022-03-07T09:30:00Z,Wind,5112.000,Elexon BMRS FUELHH
2022-03-07T10:00:00Z,Biomass,2297.000,Elexon BMRS FUELHH
2022-03-07T10:00:00Z,Coal,1464.000,Elexon BMRS FUELHH
2022-03-07T10:00:00Z,Gas,17448.000,Elexon BMRS FUELHH
2022-03-07T10:00:00Z,Hydro,852.000,Elexon BMRS FUELHH
2022-03-07T10:00:00Z,Imports & Exports,4442.000,Elexon BMRS FUELHH
2022-03-07T10:00:00Z,Nuclear,5844.000,Elexon BMRS FUELHH
2022-03-07T10:00:00Z,Other,255.000,Elexon BMRS FUELHH
2022-03-07T10:00:00Z,Pumped Storage,0.000,Elexon BMRS FUELHH
2022-03-07T10:00:00Z,Wind,5257.000,Elexon BMRS FUELHH
2022-03-07T10:30:00Z,Biomass,2290.000,Elexon BMRS FUELHH
2022-03-07T10:30:00Z,Coal,1465.000,Elexon BMRS FUELHH
2022-03-07T10:30:00Z,Gas,17204.000,Elexon BMRS FUELHH
2022-03-07T10:30:00Z,Hydro,843.000,Elexon BMRS FUELHH
2022-03-07T10:30:00Z,Imports & Exports,4426.000,Elexon BMRS FUELHH
2022-03-07T10:30:00Z,Nuclear,5844.000,Elexon BMRS FUELHH
2022-03-07T10:30:00Z,Other,191.000,Elexon BMRS FUELHH
2022-03-07T10:30:00Z,Pumped Storage,-12.000,Elexon BMRS FUELHH
2022-03-07T10:30:00Z,Wind,5175.000,Elexon BMRS FUELHH
2022-03-07T11:00:00Z,Biomass,2286.000,Elexon BMRS FUELHH
2022-03-07T11:00:00Z,Coal,1450.000,Elexon BMRS FUELHH
2022-03-07T11:00:00Z,Gas,16551.000,Elexon BMRS FUELHH
2022-03-07T11:00:00Z,Hydro,827.000,Elexon BMRS FUELHH
2022-03-07T11:00:00Z,Imports & Exports,4316.000,Elexon BMRS FUELHH
2022-03-07T11:00:00Z,Nuclear,5842.000,Elexon BMRS FUELHH
2022-03-07T11:00:00Z,Other,200.000,Elexon BMRS FUELHH
2022-03-07T11:00:00Z,Pumped Storage,-12.000,Elexon BMRS FUELHH
2022-03-07T11:00:00Z,Wind,5000.000,Elexon BMRS FUELHH
2022-03-07T11:30:00Z,Biomass,2296.000,Elexon BMRS FUELHH
2022-03-07T11:30:00Z,Coal,1467.000,Elexon BMRS FUELHH
2022-03-07T11:30:00Z,Gas,16324.000,Elexon BMRS FUELHH
2022-03-07T11:30:00Z,Hydro,811.000,Elexon BMRS FUELHH
2022-03-07T11:30:00Z,Imports & Exports,3956.000,Elexon BMRS FUELHH
2022-03-07T11:30:00Z,Nuclear,5843.000,Elexon BMRS FUELHH
2022-03-07T11:30:00Z,Other,202.000,Elexon BMRS FUELHH
2022-03-07T11:30:00Z,Pumped Storage,-8.000,Elexon BMRS FUELHH
2022-03-07T11:30:00Z,Wind,4902.000,Elexon BMRS FUELHH
2022-03-07T12:00:00Z,Biomass,2271.000,Elexon BMRS FUELHH
2022-03-07T12:00:00Z,Coal,1472.000,Elexon BMRS FUELHH
2022-03-07T12:00:00Z,Gas,16192.000,Elexon BMRS FUELHH
2022-03-07T12:00:00Z,Hydro,534.000,Elexon BMRS FUELHH
2022-03-07T12:00:00Z,Imports & Exports,4002.000,Elexon BMRS FUELHH
2022-03-07T12:00:00Z,Nuclear,5842.000,Elexon BMRS FUELHH
2022-03-07T12:00:00Z,Other,206.000,Elexon BMRS FUELHH
2022-03-07T12:00:00Z,Pumped Storage,6.000,Elexon BMRS FUELHH
2022-03-07T12:00:00Z,Wind,4809.000,Elexon BMRS FUELHH
2022-03-07T12:30:00Z,Biomass,2137.000,Elexon BMRS FUELHH
2022-03-07T12:30:00Z,Coal,1466.000,Elexon BMRS FUELHH
2022-03-07T12:30:00Z,Gas,15758.000,Elexon BMRS FUELHH
2022-03-07T12:30:00Z,Hydro,491.000,Elexon BMRS FUELHH
2022-03-07T12:30:00Z,Imports & Exports,3936.000,Elexon BMRS FUELHH
2022-03-07T12:30:00Z,Nuclear,5851.000,Elexon BMRS FUELHH
2022-03-07T12:30:00Z,Other,173.000,Elexon BMRS FUELHH
2022-03-07T12:30:00Z,Pumped Storage,-8.000,Elexon BMRS FUELHH
2022-03-07T12:30:00Z,Wind,4767.000,Elexon BMRS FUELHH
2022-03-07T13:00:00Z,Biomass,2100.000,Elexon BMRS FUELHH
2022-03-07T13:00:00Z,Coal,1246.000,Elexon BMRS FUELHH
2022-03-07T13:00:00Z,Gas,14835.000,Elexon BMRS FUELHH
2022-03-07T13:00:00Z,Hydro,462.000,Elexon BMRS FUELHH
2022-03-07T13:00:00Z,Imports & Exports,4082.000,Elexon BMRS FUELHH
2022-03-07T13:00:00Z,Nuclear,5843.000,Elexon BMRS FUELHH
2022-03-07T13:00:00Z,Other,170.000,Elexon BMRS FUELHH
2022-03-07T13:00:00Z,Pumped Storage,-8.000,Elexon BMRS FUELHH
2022-03-07T13:00:00Z,Wind,4914.000,Elexon BMRS FUELHH
2022-03-07T13:30:00Z,Biomass,2116.000,Elexon BMRS FUELHH
2022-03-07T13:30:00Z,Coal,1094.000,Elexon BMRS FUELHH
2022-03-07T13:30:00Z,Gas,13996.000,Elexon BMRS FUELHH
2022-03-07T13:30:00Z,Hydro,455.000,Elexon BMRS FUELHH
2022-03-07T13:30:00Z,Imports & Exports,4090.000,Elexon BMRS FUELHH
2022-03-07T13:30:00Z,Nuclear,5850.000,Elexon BMRS FUELHH
2022-03-07T13:30:00Z,Other,161.000,Elexon BMRS FUELHH
2022-03-07T13:30:00Z,Pumped Storage,-8.000,Elexon BMRS FUELHH
2022-03-07T13:30:00Z,Wind,5143.000,Elexon BMRS FUELHH
2022-03-07T14:00:00Z,Biomass,1785.000,Elexon BMRS FUELHH
2022-03-07T14:00:00Z,Coal,1156.000,Elexon BMRS FUELHH
2022-03-07T14:00:00Z,Gas,13534.000,Elexon BMRS FUELHH
2022-03-07T14:00:00Z,Hydro,458.000,Elexon BMRS FUELHH
2022-03-07T14:00:00Z,Imports & Exports,4116.000,Elexon BMRS FUELHH
2022-03-07T14:00:00Z,Nuclear,5845.000,Elexon BMRS FUELHH
2022-03-07T14:00:00Z,Other,163.000,Elexon BMRS FUELHH
2022-03-07T14:00:00Z,Pumped Storage,-8.000,Elexon BMRS FUELHH
2022-03-07T14:00:00Z,Wind,5491.000,Elexon BMRS FUELHH
2022-03-07T14:30:00Z,Biomass,1614.000,Elexon BMRS FUELHH
2022-03-07T14:30:00Z,Coal,1193.000,Elexon BMRS FUELHH
2022-03-07T14:30:00Z,Gas,13693.000,Elexon BMRS FUELHH
2022-03-07T14:30:00Z,Hydro,459.000,Elexon BMRS FUELHH
2022-03-07T14:30:00Z,Imports & Exports,4046.000,Elexon BMRS FUELHH
2022-03-07T14:30:00Z,Nuclear,5845.000,Elexon BMRS FUELHH
2022-03-07T14:30:00Z,Other,170.000,Elexon BMRS FUELHH
2022-03-07T14:30:00Z,Pumped Storage,-8.000,Elexon BMRS FUELHH
2022-03-07T14:30:00Z,Wind,5554.000,Elexon BMRS FUELHH
2022-03-07T15:00:00Z,Biomass,1890.000,Elexon BMRS FUELHH
2022-03-07T15:00:00Z,Coal,1135.000,Elexon BMRS FUELHH
2022-03-07T15:00:00Z,Gas,13367.000,Elexon BMRS FUELHH
2022-03-07T15:00:00Z,Hydro,480.000,Elexon BMRS FUELHH
2022-03-07T15:00:00Z,Imports & Exports,3974.000,Elexon BMRS FUELHH
2022-03-07T15:00:00Z,Nuclear,5840.000,Elexon BMRS FUELHH
2022-03-07T15:00:00Z,Other,180.000,Elexon BMRS FUELHH
2022-03-07T15:00:00Z,Pumped Storage,-6.000,Elexon BMRS FUELHH
2022-03-07T15:00:00Z,Wind,5936.000,Elexon BMRS FUELHH
2022-03-07T15:30:00Z,Biomass,1941.000,Elexon BMRS FUELHH
2022-03-07T15:30:00Z,Coal,1410.000,Elexon BMRS FUELHH
2022-03-07T15:30:00Z,Gas,13203.000,Elexon BMRS FUELHH
2022-03-07T15:30:00Z,Hydro,490.000,Elexon BMRS FUELHH
2022-03-07T15:30:00Z,Imports & Exports,4694.000,Elexon BMRS FUELHH
2022-03-07T15:30:00Z,Nuclear,5841.000,Elexon BMRS FUELHH
2022-03-07T15:30:00Z,Other,178.000,Elexon BMRS FUELHH
2022-03-07T15:30:00Z,Pumped Storage,4.000,Elexon BMRS FUELHH
2022-03-07T15:30:00Z,Wind,6280.000,Elexon BMRS FUELHH
2022-03-07T16:00:00Z,Biomass,1690.000,Elexon BMRS FUELHH
2022-03-07T16:00:00Z,Coal,1798.000,Elexon BMRS FUELHH
2022-03-07T16:00:00Z,Gas,14021.000,Elexon BMRS FUELHH
2022-03-07T16:00:00Z,Hydro,565.000,Elexon BMRS FUELHH
2022-03-07T16:00:00Z,Imports & Exports,4168.000,Elexon BMRS FUELHH
2022-03-07T16:00:00Z,Nuclear,5840.000,Elexon BMRS FUELHH
2022-03-07T16:00:00Z,Other,165.000,Elexon BMRS FUELHH
2022-03-07T16:00:00Z,Pumped Storage,694.000,Elexon BMRS FUELHH
2022-03-07T16:00:00Z,Wind,6632.000,Elexon BMRS FUELHH
2022-03-07T16:30:00Z,Biomass,1654.000,Elexon BMRS FUELHH
2022-03-07T16:30:00Z,Coal,1869.000,Elexon BMRS FUELHH
2022-03-07T16:30:00Z,Gas,14965.000,Elexon BMRS FUELHH
2022-03-07T16:30:00Z,Hydro,741.000,Elexon BMRS FUELHH
2022-03-07T16:30:00Z,Imports & Exports,4152.000,Elexon BMRS FUELHH
2022-03-07T16:30:00Z,Nuclear,5844.000,Elexon BMRS FUELHH
2022-03-07T16:30:00Z,Other,206.000,Elexon BMRS FUELHH
2022-03-07T16:30:00Z,Pumped Storage,900.000,Elexon BMRS FUELHH
2022-03-07T16:30:00Z,Wind,7135.000,Elexon BMRS FUELHH
2022-03-07T17:00:00Z,Biomass,1986.000,Elexon BMRS FUELHH
2022-03-07T17:00:00Z,Coal,1868.000,Elexon BMRS FUELHH
2022-03-07T17:00:00Z,Gas,15433.000,Elexon BMRS FUELHH
2022-03-07T17:00:00Z,Hydro,781.000,Elexon BMRS FUELHH
2022-03-07T17:00:00Z,Imports & Exports,3524.000,Elexon BMRS FUELHH
2022-03-07T17:00:00Z,Nuclear,5845.000,Elexon BMRS FUELHH
2022-03-07T17:00:00Z,Other,225.000,Elexon BMRS FUELHH
2022-03-07T17:00:00Z,Pumped Storage,1776.000,Elexon BMRS FUELHH
2022-03-07T17:00:00Z,Wind,7825.000,Elexon BMRS FUELHH
2022-03-07T17:30:00Z,Biomass,2242.000,Elexon BMRS FUELHH
2022-03-07T17:30:00Z,Coal,1871.000,Elexon BMRS FUELHH
2022-03-07T17:30:00Z,Gas,15057.000,Elexon BMRS FUELHH
2022-03-07T17:30:00Z,Hydro,802.000,Elexon BMRS FUELHH
2022-03-07T17:30:00Z,Imports & Exports,3550.000,Elexon BMRS FUELHH
2022-03-07T17:30:00Z,Nuclear,5845.000,Elexon BMRS FUELHH
2022-03-07T17:30:00Z,Other,429.000,Elexon BMRS FUELHH
2022-03-07T17:30:00Z,Pumped Storage,1756.000,Elexon BMRS FUELHH
2022-03-07T17:30:00Z,Wind,8766.000,Elexon BMRS FUELHH
2022-03-07T18:00:00Z,Biomass,2312.000,Elexon BMRS FUELHH
2022-03-07T18:00:00Z,Coal,1888.000,Elexon BMRS FUELHH
2022-03-07T18:00:00Z,Gas,14480.000,Elexon BMRS FUELHH
2022-03-07T18:00:00Z,Hydro,930.000,Elexon BMRS FUELHH
2022-03-07T18:00:00Z,Imports & Exports,4160.000,Elexon BMRS FUELHH
2022-03-07T18:00:00Z,Nuclear,5844.000,Elexon BMRS FUELHH
2022-03-07T18:00:00Z,Other,583.000,Elexon BMRS FUELHH
2022-03-07T18:00:00Z,Pumped Storage,1512.000,Elexon BMRS FUELHH
2022-03-07T18:00:00Z,Wind,9657.000,Elexon BMRS FUELHH
2022-03-07T18:30:00Z,Biomass,2141.000,Elexon BMRS FUELHH
2022-03-07T18:30:00Z,Coal,1804.000,Elexon BMRS FUELHH
2022-03-07T18:30:00Z,Gas,14352.000,Elexon BMRS FUELHH
2022-03-07T18:30:00Z,Hydro,810.000,Elexon BMRS FUELHH
2022-03-07T18:30:00Z,Imports & Exports,4190.000,Elexon BMRS FUELHH
2022-03-07T18:30:00Z,Nuclear,5840.000,Elexon BMRS FUELHH
2022-03-07T18:30:00Z,Other,565.000,Elexon BMRS FUELHH
2022-03-07T18:30:00Z,Pumped Storage,1550.000,Elexon BMRS FUELHH
2022-03-07T18:30:00Z,Wind,10700.000,Elexon BMRS FUELHH
2022-03-07T19:00:00Z,Biomass,1841.000,Elexon BMRS FUELHH
2022-03-07T19:00:00Z,Coal,1676.000,Elexon BMRS FUELHH
2022-03-07T19:00:00Z,Gas,13721.000,Elexon BMRS FUELHH
2022-03-07T19:00:00Z,Hydro,747.000,Elexon BMRS FUELHH
2022-03-07T19:00:00Z,Imports & Exports,4764.000,Elexon BMRS FUELHH
2022-03-07T19:00:00Z,Nuclear,5836.000,Elexon BMRS FUELHH
2022-03-07T19:00:00Z,Other,237.000,Elexon BMRS FUELHH
2022-03-07T19:00:00Z,Pumped Storage,628.000,Elexon BMRS FUELHH
2022-03-07T19:00:00Z,Wind,11682.000,Elexon BMRS FUELHH
2022-03-07T19:30:00Z,Biomass,1779.000,Elexon BMRS FUELHH
2022-03-07T19:30:00Z,Coal,1414.000,Elexon BMRS FUELHH
2022-03-07T19:30:00Z,Gas,12700.000,Elexon BMRS FUELHH
2022-03-07T19:30:00Z,Hydro,601.000,Elexon BMRS FUELHH
2022-03-07T19:30:00Z,Imports & Exports,4644.000,Elexon BMRS FUELHH
2022-03-07T19:30:00Z,Nuclear,5839.000,Elexon BMRS FUELHH
2022-03-07T19:30:00Z,Other,162.000,Elexon BMRS FUELHH
2022-03-07T19:30:00Z,Pumped Storage,198.000,Elexon BMRS FUELHH
2022-03-07T19:30:00Z,Wind,12426.000,Elexon BMRS FUELHH
2022-03-07T20:00:00Z,Biomass,2028.000,Elexon BMRS FUELHH
2022-03-07T20:00:00Z,Coal,1664.000,Elexon BMRS FUELHH
2022-03-07T20:00:00Z,Gas,12225.000,Elexon BMRS FUELHH
2022-03-07T20:00:00Z,Hydro,520.000,Elexon BMRS FUELHH
2022-03-07T20:00:00Z,Imports & Exports,2886.000,Elexon BMRS FUELHH
2022-03-07T20:00:00Z,Nuclear,5839.000,Elexon BMRS FUELHH
2022-03-07T20:00:00Z,Other,169.000,Elexon BMRS FUELHH
2022-03-07T20:00:00Z,Pumped Storage,-12.000,Elexon BMRS FUELHH
2022-03-07T20:00:00Z,Wind,12750.000,Elexon BMRS FUELHH
2022-03-07T20:30:00Z,Biomass,1987.000,Elexon BMRS FUELHH
2022-03-07T20:30:00Z,Coal,1805.000,Elexon BMRS FUELHH
2022-03-07T20:30:00Z,Gas,10329.000,Elexon BMRS FUELHH
2022-03-07T20:30:00Z,Hydro,471.000,Elexon BMRS FUELHH
2022-03-07T20:30:00Z,Imports & Exports,2760.000,Elexon BMRS FUELHH
2022-03-07T20:30:00Z,Nuclear,5836.000,Elexon BMRS FUELHH
2022-03-07T20:30:00Z,Other,174.000,Elexon BMRS FUELHH
2022-03-07T20:30:00Z,Pumped Storage,72.000,Elexon BMRS FUELHH
2022-03-07T20:30:00Z,Wind,13047.000,Elexon BMRS FUELHH
2022-03-07T21:00:00Z,Biomass,2260.000,Elexon BMRS FUELHH
2022-03-07T21:00:00Z,Coal,1675.000,Elexon BMRS FUELHH
2022-03-07T21:00:00Z,Gas,8037.000,Elexon BMRS FUELHH
2022-03-07T21:00:00Z,Hydro,365.000,Elexon BMRS FUELHH
2022-03-07T21:00:00Z,Imports & Exports,2832.000,Elexon BMRS FUELHH
2022-03-07T21:00:00Z,Nuclear,5840.000,Elexon BMRS FUELHH
2022-03-07T21:00:00Z,Other,162.000,Elexon BMRS FUELHH
2022-03-07T21:00:00Z,Pumped Storage,-10.000,Elexon BMRS FUELHH
2022-03-07T21:00:00Z,Wind,13408.000,Elexon BMRS FUELHH
2022-03-07T21:30:00Z,Biomass,2121.000,Elexon BMRS FUELHH
2022-03-07T21:30:00Z,Coal,1016.000,Elexon BMRS FUELHH
2022-03-07T21:30:00Z,Gas,6809.000,Elexon BMRS FUELHH
2022-03-07T21:30:00Z,Hydro,315.000,Elexon BMRS FUELHH
2022-03-07T21:30:00Z,Imports & Exports,2790.000,Elexon BMRS FUELHH
2022-03-07T21:30:00Z,Nuclear,5840.000,Elexon BMRS FUELHH
2022-03-07T21:30:00Z,Other,160.000,Elexon BMRS FUELHH
2022-03-07T21:30:00Z,Pumped Storage,-10.000,Elexon BMRS FUELHH
2022-03-07T21:30:00Z,Wind,13528.000,Elexon BMRS FUELHH
2022-03-07T22:00:00Z,Biomass,2177.000,Elexon BMRS FUELHH
2022-03-07T22:00:00Z,Coal,631.000,Elexon BMRS FUELHH
2022-03-07T22:00:00Z,Gas,6968.000,Elexon BMRS FUELHH
2022-03-07T22:00:00Z,Hydro,319.000,Elexon BMRS FUELHH
2022-03-07T22:00:00Z,Imports & Exports,1206.000,Elexon BMRS FUELHH
2022-03-07T22:00:00Z,Nuclear,5845.000,Elexon BMRS FUELHH
2022-03-07T22:00:00Z,Other,145.000,Elexon BMRS FUELHH
2022-03-07T22:00:00Z,Pumped Storage,-296.000,Elexon BMRS FUELHH
2022-03-07T22:00:00Z,Wind,13381.000,Elexon BMRS FUELHH
2022-03-07T22:30:00Z,Biomass,1831.000,Elexon BMRS FUELHH
2022-03-07T22:30:00Z,Coal,468.000,Elexon BMRS FUELHH
2022-03-07T22:30:00Z,Gas,5680.000,Elexon BMRS FUELHH
2022-03-07T22:30:00Z,Hydro,322.000,Elexon BMRS FUELHH
2022-03-07T22:30:00Z,Imports & Exports,1206.000,Elexon BMRS FUELHH
2022-03-07T22:30:00Z,Nuclear,5845.000,Elexon BMRS FUELHH
2022-03-07T22:30:00Z,Other,144.000,Elexon BMRS FUELHH
2022-03-07T22:30:00Z,Pumped Storage,-282.000,Elexon BMRS FUELHH
2022-03-07T22:30:00Z,Wind,13284.000,Elexon BMRS FUELHH
2022-03-07T23:00:00Z,Biomass,1537.000,Elexon BMRS FUELHH
2022-03-07T23:00:00Z,Coal,450.000,Elexon BMRS FUELHH
2022-03-07T23:00:00Z,Gas,4042.000,Elexon BMRS FUELHH
2022-03-07T23:00:00Z,Hydro,319.000,Elexon BMRS FUELHH
2022-03-07T23:00:00Z,Imports & Exports,1722.000,Elexon BMRS FUELHH
2022-03-07T23:00:00Z,Nuclear,5846.000,Elexon BMRS FUELHH
2022-03-07T23:00:00Z,Other,136.000,Elexon BMRS FUELHH
2022-03-07T23:00:00Z,Pumped Storage,-512.000,Elexon BMRS FUELHH
2022-03-07T23:00:00Z,Wind,13075.000,Elexon BMRS FUELHH
2022-03-07T23:30:00Z,Biomass,1377.000,Elexon BMRS FUELHH
2022-03-07T23:30:00Z,Coal,244.000,Elexon BMRS FUELHH
2022-03-07T23:30:00Z,Gas,3712.000,Elexon BMRS FUELHH
2022-03-07T23:30:00Z,Hydro,303.000,Elexon BMRS FUELHH
2022-03-07T23:30:00Z,Imports & Exports,1768.000,Elexon BMRS FUELHH
2022-03-07T23:30:00Z,Nuclear,5845.000,Elexon BMRS FUELHH
2022-03-07T23:30:00Z,Other,143.000,Elexon BMRS FUELHH
2022-03-07T23:30:00Z,Pumped Storage,-664.000,Elexon BMRS FUELHH
2022-03-07T23:30:00Z,Wind,12742.000,Elexon BMRS FUELHH
2022-03-08T00:00:00Z,Biomass,1347.000,Elexon BMRS FUELHH
2022-03-08T00:00:00Z,Coal,234.000,Elexon BMRS FUELHH
2022-03-08T00:00:00Z,Gas,3739.000,Elexon BMRS FUELHH
2022-03-08T00:00:00Z,Hydro,284.000,Elexon BMRS FUELHH
2022-03-08T00:00:00Z,Imports & Exports,2038.000,Elexon BMRS FUELHH
2022-03-08T00:00:00Z,Nuclear,5847.000,Elexon BMRS FUELHH
2022-03-08T00:00:00Z,Other,132.000,Elexon BMRS FUELHH
2022-03-08T00:00:00Z,Pumped Storage,-970.000,Elexon BMRS FUELHH
2022-03-08T00:00:00Z,Wind,12745.000,Elexon BMRS FUELHH
2022-03-08T00:30:00Z,Biomass,1371.000,Elexon BMRS FUELHH
2022-03-08T00:30:00Z,Coal,311.000,Elexon BMRS FUELHH
2022-03-08T00:30:00Z,Gas,4052.000,Elexon BMRS FUELHH
2022-03-08T00:30:00Z,Hydro,283.000,Elexon BMRS FUELHH
2022-03-08T00:30:00Z,Imports & Exports,2030.000,Elexon BMRS FUELHH
2022-03-08T00:30:00Z,Nuclear,5843.000,Elexon BMRS FUELHH
2022-03-08T00:30:00Z,Other,139.000,Elexon BMRS FUELHH
2022-03-08T00:30:00Z,Pumped Storage,-910.000,Elexon BMRS FUELHH
2022-03-08T00:30:00Z,Wind,12764.000,Elexon BMRS FUELHH
2022-03-08T01:00:00Z,Biomass,1350.000,Elexon BMRS FUELHH
2022-03-08T01:00:00Z,Coal,424.000,Elexon BMRS FUELHH
2022-03-08T01:00:00Z,Gas,4225.000,Elexon BMRS FUELHH
2022-03-08T01:00:00Z,Hydro,283.000,Elexon BMRS FUELHH
2022-03-08T01:00:00Z,Imports & Exports,1434.000,Elexon BMRS FUELHH
2022-03-08T01:00:00Z,Nuclear,5847.000,Elexon BMRS FUELHH
2022-03-08T01:00:00Z,Other,131.000,Elexon BMRS FUELHH
2022-03-08T01:00:00Z,Pumped Storage,-1002.000,Elexon BMRS FUELHH
2022-03-08T01:00:00Z,Wind,12925.000,Elexon BMRS FUELHH
2022-03-08T01:30:00Z,Biomass,1473.000,Elexon BMRS FUELHH
2022-03-08T01:30:00Z,Coal,370.000,Elexon BMRS FUELHH
2022-03-08T01:30:00Z,Gas,3859.000,Elexon BMRS FUELHH
2022-03-08T01:30:00Z,Hydro,282.000,Elexon BMRS FUELHH
2022-03-08T01:30:00Z,Imports & Exports,1410.000,Elexon BMRS FUELHH
2022-03-08T01:30:00Z,Nuclear,5842.000,Elexon BMRS FUELHH
2022-03-08T01:30:00Z,Other,136.000,Elexon BMRS FUELHH
2022-03-08T01:30:00Z,Pumped Storage,-1204.000,Elexon BMRS FUELHH
2022-03-08T01:30:00Z,Wind,12841.000,Elexon BMRS FUELHH
2022-03-08T02:00:00Z,Biomass,1553.000,Elexon BMRS FUELHH
2022-03-08T02:00:00Z,Coal,454.000,Elexon BMRS FUELHH
2022-03-08T02:00:00Z,Gas,4005.000,Elexon BMRS FUELHH
2022-03-08T02:00:00Z,Hydro,281.000,Elexon BMRS FUELHH
2022-03-08T02:00:00Z,Imports & Exports,798.000,Elexon BMRS FUELHH
2022-03-08T02:00:00Z,Nuclear,5841.000,Elexon BMRS FUELHH
2022-03-08T02:00:00Z,Other,138.000,Elexon BMRS FUELHH
2022-03-08T02:00:00Z,Pumped Storage,-1354.000,Elexon BMRS FUELHH
2022-03-08T02:00:00Z,Wind,12812.000,Elexon BMRS FUELHH
2022-03-08T02:30:00Z,Biomass,1579.000,Elexon BMRS FUELHH
2022-03-08T02:30:00Z,Coal,484.000,Elexon BMRS FUELHH
2022-03-08T02:30:00Z,Gas,3628.000,Elexon BMRS FUELHH
2022-03-08T02:30:00Z,Hydro,280.000,Elexon BMRS FUELHH
2022-03-08T02:30:00Z,Imports & Exports,788.000,Elexon BMRS FUELHH
2022-03-08T02:30:00Z,Nuclear,5836.000,Elexon BMRS FUELHH
2022-03-08T02:30:00Z,Other,146.000,Elexon BMRS FUELHH
2022-03-08T02:30:00Z,Pumped Storage,-1336.000,Elexon BMRS FUELHH
2022-03-08T02:30:00Z,Wind,12826.000,Elexon BMRS FUELHH
2022-03-08T03:00:00Z,Biomass,1521.000,Elexon BMRS FUELHH
2022-03-08T03:00:00Z,Coal,467.000,Elexon BMRS FUELHH
2022-03-08T03:00:00Z,Gas,3289.000,Elexon BMRS FUELHH
2022-03-08T03:00:00Z,Hydro,280.000,Elexon BMRS FUELHH
2022-03-08T03:00:00Z,Imports & Exports,1092.000,Elexon BMRS FUELHH
2022-03-08T03:00:00Z,Nuclear,5835.000,Elexon BMRS FUELHH
2022-03-08T03:00:00Z,Other,141.000,Elexon BMRS FUELHH
2022-03-08T03:00:00Z,Pumped Storage,-1386.000,Elexon BMRS FUELHH
2022-03-08T03:00:00Z,Wind,12780.000,Elexon BMRS FUELHH
2022-03-08T03:30:00Z,Biomass,1437.000,Elexon BMRS FUELHH
2022-03-08T03:30:00Z,Coal,392.000,Elexon BMRS FUELHH
2022-03-08T03:30:00Z,Gas,3013.000,Elexon BMRS FUELHH
2022-03-08T03:30:00Z,Hydro,287.000,Elexon BMRS FUELHH
2022-03-08T03:30:00Z,Imports & Exports,1084.000,Elexon BMRS FUELHH
2022-03-08T03:30:00Z,Nuclear,5845.000,Elexon BMRS FUELHH
2022-03-08T03:30:00Z,Other,136.000,Elexon BMRS FUELHH
2022-03-08T03:30:00Z,Pumped Storage,-1396.000,Elexon BMRS FUELHH
2022-03-08T03:30:00Z,Wind,12997.000,Elexon BMRS FUELHH
2022-03-08T04:00:00Z,Biomass,1857.000,Elexon BMRS FUELHH
2022-03-08T04:00:00Z,Coal,477.000,Elexon BMRS FUELHH
2022-03-08T04:00:00Z,Gas,3419.000,Elexon BMRS FUELHH
2022-03-08T04:00:00Z,Hydro,301.000,Elexon BMRS FUELHH
2022-03-08T04:00:00Z,Imports & Exports,-326.000,Elexon BMRS FUELHH
2022-03-08T04:00:00Z,Nuclear,5840.000,Elexon BMRS FUELHH
2022-03-08T04:00:00Z,Other,148.000,Elexon BMRS FUELHH
2022-03-08T04:00:00Z,Pumped Storage,-1206.000,Elexon BMRS FUELHH
2022-03-08T04:00:00Z,Wind,12880.000,Elexon BMRS FUELHH
2022-03-08T04:30:00Z,Biomass,2063.000,Elexon BMRS FUELHH
2022-03-08T04:30:00Z,Coal,487.000,Elexon BMRS FUELHH
2022-03-08T04:30:00Z,Gas,3498.000,Elexon BMRS FUELHH
2022-03-08T04:30:00Z,Hydro,301.000,Elexon BMRS FUELHH
2022-03-08T04:30:00Z,Imports & Exports,-348.000,Elexon BMRS FUELHH
2022-03-08T04:30:00Z,Nuclear,5845.000,Elexon BMRS FUELHH
2022-03-08T04:30:00Z,Other,150.000,Elexon BMRS FUELHH
2022-03-08T04:30:00Z,Pumped Storage,-1198.000,Elexon BMRS FUELHH
2022-03-08T04:30:00Z,Wind,12819.000,Elexon BMRS FUELHH
2022-03-08T05:00:00Z,Biomass,2048.000,Elexon BMRS FUELHH
2022-03-08T05:00:00Z,Coal,455.000,Elexon BMRS FUELHH
2022-03-08T05:00:00Z,Gas,3333.000,Elexon BMRS FUELHH
2022-03-08T05:00:00Z,Hydro,321.000,Elexon BMRS FUELHH
2022-03-08T05:00:00Z,Imports & Exports,294.000,Elexon BMRS FUELHH
2022-03-08T05:00:00Z,Nuclear,5850.000,Elexon BMRS FUELHH
2022-03-08T05:00:00Z,Other,136.000,Elexon BMRS FUELHH
2022-03-08T05:00:00Z,Pumped Storage,-400.000,Elexon BMRS FUELHH
2022-03-08T05:00:00Z,Wind,12620.000,Elexon BMRS FUELHH
2022-03-08T05:30:00Z,Biomass,2138.000,Elexon BMRS FUELHH
2022-03-08T05:30:00Z,Coal,490.000,Elexon BMRS FUELHH
2022-03-08T05:30:00Z,Gas,3870.000,Elexon BMRS FUELHH
2022-03-08T05:30:00Z,Hydro,346.000,Elexon BMRS FUELHH
2022-03-08T05:30:00Z,Imports & Exports,314.000,Elexon BMRS FUELHH
2022-03-08T05:30:00Z,Nuclear,5850.000,Elexon BMRS FUELHH
2022-03-08T05:30:00Z,Other,142.000,Elexon BMRS FUELHH
2022-03-08T05:30:00Z,Pumped Storage,-272.000,Elexon BMRS FUELHH
2022-03-08T05:30:00Z,Wind,12574.000,Elexon BMRS FUELHH
2022-03-08T06:00:00Z,Biomass,2207.000,Elexon BMRS FUELHH
2022-03-08T06:00:00Z,Coal,600.000,Elexon BMRS FUELHH
2022-03-08T06:00:00Z,Gas,5429.000,Elexon BMRS FUELHH
2022-03-08T06:00:00Z,Hydro,423.000,Elexon BMRS FUELHH
2022-03-08T06:00:00Z,Imports & Exports,858.000,Elexon BMRS FUELHH
2022-03-08T06:00:00Z,Nuclear,5848.000,Elexon BMRS FUELHH
2022-03-08T06:00:00Z,Other,162.000,Elexon BMRS FUELHH
2022-03-08T06:00:00Z,Pumped Storage,148.000,Elexon BMRS FUELHH
2022-03-08T06:00:00Z,Wind,12611.000,Elexon BMRS FUELHH
2022-03-08T06:30:00Z,Biomass,2278.000,Elexon BMRS FUELHH
2022-03-08T06:30:00Z,Coal,839.000,Elexon BMRS FUELHH
2022-03-08T06:30:00Z,Gas,6599.000,Elexon BMRS FUELHH
2022-03-08T06:30:00Z,Hydro,472.000,Elexon BMRS FUELHH
2022-03-08T06:30:00Z,Imports & Exports,860.000,Elexon BMRS FUELHH
2022-03-08T06:30:00Z,Nuclear,5849.000,Elexon BMRS FUELHH
2022-03-08T06:30:00Z,Other,332.000,Elexon BMRS FUELHH
2022-03-08T06:30:00Z,Pumped Storage,506.000,Elexon BMRS FUELHH
2022-03-08T06:30:00Z,Wind,12667.000,Elexon BMRS FUELHH
2022-03-08T07:00:00Z,Biomass,2265.000,Elexon BMRS FUELHH
2022-03-08T07:00:00Z,Coal,1078.000,Elexon BMRS FUELHH
2022-03-08T07:00:00Z,Gas,7873.000,Elexon BMRS FUELHH
2022-03-08T07:00:00Z,Hydro,506.000,Elexon BMRS FUELHH
2022-03-08T07:00:00Z,Imports & Exports,1488.000,Elexon BMRS FUELHH
2022-03-08T07:00:00Z,Nuclear,5853.000,Elexon BMRS FUELHH
2022-03-08T07:00:00Z,Other,401.000,Elexon BMRS FUELHH
2022-03-08T07:00:00Z,Pumped Storage,602.000,Elexon BMRS FUELHH
2022-03-08T07:00:00Z,Wind,13025.000,Elexon BMRS FUELHH
2022-03-08T07:30:00Z,Biomass,2263.000,Elexon BMRS FUELHH
2022-03-08T07:30:00Z,Coal,1548.000,Elexon BMRS FUELHH
2022-03-08T07:30:00Z,Gas,8185.000,Elexon BMRS FUELHH
2022-03-08T07:30:00Z,Hydro,498.000,Elexon BMRS FUELHH
2022-03-08T07:30:00Z,Imports & Exports,1502.000,Elexon BMRS FUELHH
2022-03-08T07:30:00Z,Nuclear,5859.000,Elexon BMRS FUELHH
2022-03-08T07:30:00Z,Other,453.000,Elexon BMRS FUELHH
2022-03-08T07:30:00Z,Pumped Storage,316.000,Elexon BMRS FUELHH
2022-03-08T07:30:00Z,Wind,13347.000,Elexon BMRS FUELHH
2022-03-08T08:00:00Z,Biomass,2277.000,Elexon BMRS FUELHH
2022-03-08T08:00:00Z,Coal,1852.000,Elexon BMRS FUELHH
2022-03-08T08:00:00Z,Gas,7963.000,Elexon BMRS FUELHH
2022-03-08T08:00:00Z,Hydro,440.000,Elexon BMRS FUELHH
2022-03-08T08:00:00Z,Imports & Exports,2680.000,Elexon BMRS FUELHH
2022-03-08T08:00:00Z,Nuclear,5850.000,Elexon BMRS FUELHH
2022-03-08T08:00:00Z,Other,265.000,Elexon BMRS FUELHH
2022-03-08T08:00:00Z,Pumped Storage,174.000,Elexon BMRS FUELHH
2022-03-08T08:00:00Z,Wind,13387.000,Elexon BMRS FUELHH
2022-03-08T08:30:00Z,Biomass,2269.000,Elexon BMRS FUELHH
2022-03-08T08:30:00Z,Coal,1859.000,Elexon BMRS FUELHH
2022-03-08T08:30:00Z,Gas,7696.000,Elexon BMRS FUELHH
2022-03-08T08:30:00Z,Hydro,443.000,Elexon BMRS FUELHH
2022-03-08T08:30:00Z,Imports & Exports,2710.000,Elexon BMRS FUELHH
2022-03-08T08:30:00Z,Nuclear,5853.000,Elexon BMRS FUELHH
2022-03-08T08:30:00Z,Other,239.000,Elexon BMRS FUELHH
2022-03-08T08:30:00Z,Pumped Storage,214.000,Elexon BMRS FUELHH
2022-03-08T08:30:00Z,Wind,13399.000,Elexon BMRS FUELHH
2022-03-08T09:00:00Z,Biomass,2273.000,Elexon BMRS FUELHH
2022-03-08T09:00:00Z,Coal,1864.000,Elexon BMRS FUELHH
2022-03-08T09:00:00Z,Gas,7687.000,Elexon BMRS FUELHH
2022-03-08T09:00:00Z,Hydro,422.000,Elexon BMRS FUELHH
2022-03-08T09:00:00Z,Imports & Exports,2806.000,Elexon BMRS FUELHH
2022-03-08T09:00:00Z,Nuclear,5847.000,Elexon BMRS FUELHH
2022-03-08T09:00:00Z,Other,201.000,Elexon BMRS FUELHH
2022-03-08T09:00:00Z,Pumped Storage,430.000,Elexon BMRS FUELHH
2022-03-08T09:00:00Z,Wind,13046.000,Elexon BMRS FUELHH
2022-03-08T09:30:00Z,Biomass,2267.000,Elexon BMRS FUELHH
2022-03-08T09:30:00Z,Coal,1869.000,Elexon BMRS FUELHH
2022-03-08T09:30:00Z,Gas,7440.000,Elexon BMRS FUELHH
2022-03-08T09:30:00Z,Hydro,417.000,Elexon BMRS FUELHH
2022-03-08T09:30:00Z,Imports & Exports,3068.000,Elexon BMRS FUELHH
2022-03-08T09:30:00Z,Nuclear,5851.000,Elexon BMRS FUELHH
2022-03-08T09:30:00Z,Other,200.000,Elexon BMRS FUELHH
2022-03-08T09:30:00Z,Pumped Storage,70.000,Elexon BMRS FUELHH
2022-03-08T09:30:00Z,Wind,12927.000,Elexon BMRS FUELHH
2022-03-08T10:00:00Z,Biomass,2264.000,Elexon BMRS FUELHH
2022-03-08T10:00:00Z,Coal,1875.000,Elexon BMRS FUELHH
2022-03-08T10:00:00Z,Gas,7045.000,Elexon BMRS FUELHH
2022-03-08T10:00:00Z,Hydro,416.000,Elexon BMRS FUELHH
2022-03-08T10:00:00Z,Imports & Exports,3020.000,Elexon BMRS FUELHH
2022-03-08T10:00:00Z,Nuclear,5842.000,Elexon BMRS FUELHH
2022-03-08T10:00:00Z,Other,163.000,Elexon BMRS FUELHH
2022-03-08T10:00:00Z,Pumped Storage,-88.000,Elexon BMRS FUELHH
2022-03-08T10:00:00Z,Wind,12981.000,Elexon BMRS FUELHH
2022-03-08T10:30:00Z,Biomass,2282.000,Elexon BMRS FUELHH
2022-03-08T10:30:00Z,Coal,1835.000,Elexon BMRS FUELHH
2022-03-08T10:30:00Z,Gas,6574.000,Elexon BMRS FUELHH
2022-03-08T10:30:00Z,Hydro,383.000,Elexon BMRS FUELHH
2022-03-08T10:30:00Z,Imports & Exports,2976.000,Elexon BMRS FUELHH
2022-03-08T10:30:00Z,Nuclear,5846.000,Elexon BMRS FUELHH
2022-03-08T10:30:00Z,Other,164.000,Elexon BMRS FUELHH
2022-03-08T10:30:00Z,Pumped Storage,-156.000,Elexon BMRS FUELHH
2022-03-08T10:30:00Z,Wind,13057.000,Elexon BMRS FUELHH
2022-03-08T11:00:00Z,Biomass,2140.000,Elexon BMRS FUELHH
2022-03-08T11:00:00Z,Coal,1491.000,Elexon BMRS FUELHH
2022-03-08T11:00:00Z,Gas,6029.000,Elexon BMRS FUELHH
2022-03-08T11:00:00Z,Hydro,368.000,Elexon BMRS FUELHH
2022-03-08T11:00:00Z,Imports & Exports,3162.000,Elexon BMRS FUELHH
2022-03-08T11:00:00Z,Nuclear,5830.000,Elexon BMRS FUELHH
2022-03-08T11:00:00Z,Other,169.000,Elexon BMRS FUELHH
2022-03-08T11:00:00Z,Pumped Storage,-166.000,Elexon BMRS FUELHH
2022-03-08T11:00:00Z,Wind,13051.000,Elexon BMRS FUELHH
2022-03-08T11:30:00Z,Biomass,2109.000,Elexon BMRS FUELHH
2022-03-08T11:30:00Z,Coal,1452.000,Elexon BMRS FUELHH
2022-03-08T11:30:00Z,Gas,5997.000,Elexon BMRS FUELHH
2022-03-08T11:30:00Z,Hydro,348.000,Elexon BMRS FUELHH
2022-03-08T11:30:00Z,Imports & Exports,3154.000,Elexon BMRS FUELHH
2022-03-08T11:30:00Z,Nuclear,5822.000,Elexon BMRS FUELHH
2022-03-08T11:30:00Z,Other,166.000,Elexon BMRS FUELHH
2022-03-08T11:30:00Z,Pumped Storage,-166.000,Elexon BMRS FUELHH
2022-03-08T11:30:00Z,Wind,12752.000,Elexon BMRS FUELHH
2022-03-08T12:00:00Z,Biomass,2201.000,Elexon BMRS FUELHH
2022-03-08T12:00:00Z,Coal,1381.000,Elexon BMRS FUELHH
2022-03-08T12:00:00Z,Gas,6324.000,Elexon BMRS FUELHH
2022-03-08T12:00:00Z,Hydro,347.000,Elexon BMRS FUELHH
2022-03-08T12:00:00Z,Imports & Exports,2474.000,Elexon BMRS FUELHH
2022-03-08T12:00:00Z,Nuclear,5828.000,Elexon BMRS FUELHH
2022-03-08T12:00:00Z,Other,167.000,Elexon BMRS FUELHH
2022-03-08T12:00:00Z,Pumped Storage,-168.000,Elexon BMRS FUELHH
2022-03-08T12:00:00Z,Wind,12711.000,Elexon BMRS FUELHH
2022-03-08T12:30:00Z,Biomass,2226.000,Elexon BMRS FUELHH
2022-03-08T12:30:00Z,Coal,1179.000,Elexon BMRS FUELHH
2022-03-08T12:30:00Z,Gas,6241.000,Elexon BMRS FUELHH
2022-03-08T12:30:00Z,Hydro,342.000,Elexon BMRS FUELHH
2022-03-08T12:30:00Z,Imports & Exports,2410.000,Elexon BMRS FUELHH
2022-03-08T12:30:00Z,Nuclear,5826.000,Elexon BMRS FUELHH
2022-03-08T12:30:00Z,Other,173.000,Elexon BMRS FUELHH
2022-03-08T12:30:00Z,Pumped Storage,46.000,Elexon BMRS FUELHH
2022-03-08T12:30:00Z,Wind,12647.000,Elexon BMRS FUELHH
2022-03-08T13:00:00Z,Biomass,2088.000,Elexon BMRS FUELHH
2022-03-08T13:00:00Z,Coal,1411.000,Elexon BMRS FUELHH
2022-03-08T13:00:00Z,Gas,6329.000,Elexon BMRS FUELHH
2022-03-08T13:00:00Z,Hydro,342.000,Elexon BMRS FUELHH
2022-03-08T13:00:00Z,Imports & Exports,2156.000,Elexon BMRS FUELHH
2022-03-08T13:00:00Z,Nuclear,5834.000,Elexon BMRS FUELHH
2022-03-08T13:00:00Z,Other,166.000,Elexon BMRS FUELHH
2022-03-08T13:00:00Z,Pumped Storage,62.000,Elexon BMRS FUELHH
2022-03-08T13:00:00Z,Wind,12668.000,Elexon BMRS FUELHH
2022-03-08T13:30:00Z,Biomass,1920.000,Elexon BMRS FUELHH
2022-03-08T13:30:00Z,Coal,1729.000,Elexon BMRS FUELHH
2022-03-08T13:30:00Z,Gas,6448.000,Elexon BMRS FUELHH
2022-03-08T13:30:00Z,Hydro,353.000,Elexon BMRS FUELHH
2022-03-08T13:30:00Z,Imports & Exports,1902.000,Elexon BMRS FUELHH
2022-03-08T13:30:00Z,Nuclear,5833.000,Elexon BMRS FUELHH
2022-03-08T13:30:00Z,Other,165.000,Elexon BMRS FUELHH
2022-03-08T13:30:00Z,Pumped Storage,38.000,Elexon BMRS FUELHH
2022-03-08T13:30:00Z,Wind,12443.000,Elexon BMRS FUELHH
2022-03-08T14:00:00Z,Biomass,2056.000,Elexon BMRS FUELHH
2022-03-08T14:00:00Z,Coal,1839.000,Elexon BMRS FUELHH
2022-03-08T14:00:00Z,Gas,6608.000,Elexon BMRS FUELHH
2022-03-08T14:00:00Z,Hydro,354.000,Elexon BMRS FUELHH
2022-03-08T14:00:00Z,Imports & Exports,1418.000,Elexon BMRS FUELHH
2022-03-08T14:00:00Z,Nuclear,5833.000,Elexon BMRS FUELHH
2022-03-08T14:00:00Z,Other,157.000,Elexon BMRS FUELHH
2022-03-08T14:00:00Z,Pumped Storage,228.000,Elexon BMRS FUELHH
2022-03-08T14:00:00Z,Wind,12470.000,Elexon BMRS FUELHH
2022-03-08T14:30:00Z,Biomass,2064.000,Elexon BMRS FUELHH
2022-03-08T14:30:00Z,Coal,1786.000,Elexon BMRS FUELHH
2022-03-08T14:30:00Z,Gas,6969.000,Elexon BMRS FUELHH
2022-03-08T14:30:00Z,Hydro,344.000,Elexon BMRS FUELHH
2022-03-08T14:30:00Z,Imports & Exports,1420.000,Elexon BMRS FUELHH
2022-03-08T14:30:00Z,Nuclear,5831.000,Elexon BMRS FUELHH
2022-03-08T14:30:00Z,Other,146.000,Elexon BMRS FUELHH
2022-03-08T14:30:00Z,Pumped Storage,240.000,Elexon BMRS FUELHH
2022-03-08T14:30:00Z,Wind,12701.000,Elexon BMRS FUELHH
2022-03-08T15:00:00Z,Biomass,2139.000,Elexon BMRS FUELHH
2022-03-08T15:00:00Z,Coal,1803.000,Elexon BMRS FUELHH
2022-03-08T15:00:00Z,Gas,8139.000,Elexon BMRS FUELHH
2022-03-08T15:00:00Z,Hydro,331.000,Elexon BMRS FUELHH
2022-03-08T15:00:00Z,Imports & Exports,758.000,Elexon BMRS FUELHH
2022-03-08T15:00:00Z,Nuclear,5831.000,Elexon BMRS FUELHH
2022-03-08T15:00:00Z,Other,155.000,Elexon BMRS FUELHH
2022-03-08T15:00:00Z,Pumped Storage,274.000,Elexon BMRS FUELHH
2022-03-08T15:00:00Z,Wind,12731.000,Elexon BMRS FUELHH
2022-03-08T15:30:00Z,Biomass,2283.000,Elexon BMRS FUELHH
2022-03-08T15:30:00Z,Coal,1761.000,Elexon BMRS FUELHH
2022-03-08T15:30:00Z,Gas,8841.000,Elexon BMRS FUELHH
2022-03-08T15:30:00Z,Hydro,367.000,Elexon BMRS FUELHH
2022-03-08T15:30:00Z,Imports & Exports,754.000,Elexon BMRS FUELHH
2022-03-08T15:30:00Z,Nuclear,5831.000,Elexon BMRS FUELHH
2022-03-08T15:30:00Z,Other,198.000,Elexon BMRS FUELHH
2022-03-08T15:30:00Z,Pumped Storage,478.000,Elexon BMRS FUELHH
2022-03-08T15:30:00Z,Wind,12766.000,Elexon BMRS FUELHH
2022-03-08T16:00:00Z,Biomass,2300.000,Elexon BMRS FUELHH
2022-03-08T16:00:00Z,Coal,1816.000,Elexon BMRS FUELHH
2022-03-08T16:00:00Z,Gas,10283.000,Elexon BMRS FUELHH
2022-03-08T16:00:00Z,Hydro,426.000,Elexon BMRS FUELHH
2022-03-08T16:00:00Z,Imports & Exports,1046.000,Elexon BMRS FUELHH
2022-03-08T16:00:00Z,Nuclear,5834.000,Elexon BMRS FUELHH
2022-03-08T16:00:00Z,Other,350.000,Elexon BMRS FUELHH
2022-03-08T16:00:00Z,Pumped Storage,512.000,Elexon BMRS FUELHH
2022-03-08T16:00:00Z,Wind,12736.000,Elexon BMRS FUELHH
2022-03-08T16:30:00Z,Biomass,2320.000,Elexon BMRS FUELHH
2022-03-08T16:30:00Z,Coal,1810.000,Elexon BMRS FUELHH
2022-03-08T16:30:00Z,Gas,11585.000,Elexon BMRS FUELHH
2022-03-08T16:30:00Z,Hydro,432.000,Elexon BMRS FUELHH
2022-03-08T16:30:00Z,Imports & Exports,1054.000,Elexon BMRS FUELHH
2022-03-08T16:30:00Z,Nuclear,5833.000,Elexon BMRS FUELHH
2022-03-08T16:30:00Z,Other,492.000,Elexon BMRS FUELHH
2022-03-08T16:30:00Z,Pumped Storage,586.000,Elexon BMRS FUELHH
2022-03-08T16:30:00Z,Wind,12643.000,Elexon BMRS FUELHH
2022-03-08T17:00:00Z,Biomass,2328.000,Elexon BMRS FUELHH
2022-03-08T17:00:00Z,Coal,1743.000,Elexon BMRS FUELHH
2022-03-08T17:00:00Z,Gas,12561.000,Elexon BMRS FUELHH
2022-03-08T17:00:00Z,Hydro,431.000,Elexon BMRS FUELHH
2022-03-08T17:00:00Z,Imports & Exports,1638.000,Elexon BMRS FUELHH
2022-03-08T17:00:00Z,Nuclear,5834.000,Elexon BMRS FUELHH
2022-03-08T17:00:00Z,Other,585.000,Elexon BMRS FUELHH
2022-03-08T17:00:00Z,Pumped Storage,700.000,Elexon BMRS FUELHH
2022-03-08T17:00:00Z,Wind,12882.000,Elexon BMRS FUELHH
2022-03-08T17:30:00Z,Biomass,2331.000,Elexon BMRS FUELHH
2022-03-08T17:30:00Z,Coal,1787.000,Elexon BMRS FUELHH
2022-03-08T17:30:00Z,Gas,12872.000,Elexon BMRS FUELHH
2022-03-08T17:30:00Z,Hydro,433.000,Elexon BMRS FUELHH
2022-03-08T17:30:00Z,Imports & Exports,1662.000,Elexon BMRS FUELHH
2022-03-08T17:30:00Z,Nuclear,5831.000,Elexon BMRS FUELHH
2022-03-08T17:30:00Z,Other,654.000,Elexon BMRS FUELHH
2022-03-08T17:30:00Z,Pumped Storage,818.000,Elexon BMRS FUELHH
2022-03-08T17:30:00Z,Wind,12956.000,Elexon BMRS FUELHH
2022-03-08T18:00:00Z,Biomass,2338.000,Elexon BMRS FUELHH
2022-03-08T18:00:00Z,Coal,1809.000,Elexon BMRS FUELHH
2022-03-08T18:00:00Z,Gas,12741.000,Elexon BMRS FUELHH
2022-03-08T18:00:00Z,Hydro,455.000,Elexon BMRS FUELHH
2022-03-08T18:00:00Z,Imports & Exports,1950.000,Elexon BMRS FUELHH
2022-03-08T18:00:00Z,Nuclear,5829.000,Elexon BMRS FUELHH
2022-03-08T18:00:00Z,Other,574.000,Elexon BMRS FUELHH
2022-03-08T18:00:00Z,Pumped Storage,1326.000,Elexon BMRS FUELHH
2022-03-08T18:00:00Z,Wind,13115.000,Elexon BMRS FUELHH
2022-03-08T18:30:00Z,Biomass,2341.000,Elexon BMRS FUELHH
2022-03-08T18:30:00Z,Coal,1806.000,Elexon BMRS FUELHH
2022-03-08T18:30:00Z,Gas,12676.000,Elexon BMRS FUELHH
2022-03-08T18:30:00Z,Hydro,464.000,Elexon BMRS FUELHH
2022-03-08T18:30:00Z,Imports & Exports,2000.000,Elexon BMRS FUELHH
2022-03-08T18:30:00Z,Nuclear,5825.000,Elexon BMRS FUELHH
2022-03-08T18:30:00Z,Other,489.000,Elexon BMRS FUELHH
2022-03-08T18:30:00Z,Pumped Storage,1696.000,Elexon BMRS FUELHH
2022-03-08T18:30:00Z,Wind,13146.000,Elexon BMRS FUELHH
2022-03-08T19:00:00Z,Biomass,2338.000,Elexon BMRS FUELHH
2022-03-08T19:00:00Z,Coal,1816.000,Elexon BMRS FUELHH
2022-03-08T19:00:00Z,Gas,12366.000,Elexon BMRS FUELHH
2022-03-08T19:00:00Z,Hydro,486.000,Elexon BMRS FUELHH
2022-03-08T19:00:00Z,Imports & Exports,2856.000,Elexon BMRS FUELHH
2022-03-08T19:00:00Z,Nuclear,5821.000,Elexon BMRS FUELHH
2022-03-08T19:00:00Z,Other,207.000,Elexon BMRS FUELHH
2022-03-08T19:00:00Z,Pumped Storage,440.000,Elexon BMRS FUELHH
2022-03-08T19:00:00Z,Wind,13145.000,Elexon BMRS FUELHH
2022-03-08T19:30:00Z,Biomass,2340.000,Elexon BMRS FUELHH
2022-03-08T19:30:00Z,Coal,1816.000,Elexon BMRS FUELHH
2022-03-08T19:30:00Z,Gas,11782.000,Elexon BMRS FUELHH
2022-03-08T19:30:00Z,Hydro,475.000,Elexon BMRS FUELHH
2022-03-08T19:30:00Z,Imports & Exports,2632.000,Elexon BMRS FUELHH
2022-03-08T19:30:00Z,Nuclear,5823.000,Elexon BMRS FUELHH
2022-03-08T19:30:00Z,Other,188.000,Elexon BMRS FUELHH
2022-03-08T19:30:00Z,Pumped Storage,82.000,Elexon BMRS FUELHH
2022-03-08T19:30:00Z,Wind,13023.000,Elexon BMRS FUELHH
2022-03-08T20:00:00Z,Biomass,2316.000,Elexon BMRS FUELHH
2022-03-08T20:00:00Z,Coal,1825.000,Elexon BMRS FUELHH
2022-03-08T20:00:00Z,Gas,11426.000,Elexon BMRS FUELHH
2022-03-08T20:00:00Z,Hydro,418.000,Elexon BMRS FUELHH
2022-03-08T20:00:00Z,Imports & Exports,1232.000,Elexon BMRS FUELHH
2022-03-08T20:00:00Z,Nuclear,5822.000,Elexon BMRS FUELHH
2022-03-08T20:00:00Z,Other,199.000,Elexon BMRS FUELHH
2022-03-08T20:00:00Z,Pumped Storage,138.000,Elexon BMRS FUELHH
2022-03-08T20:00:00Z,Wind,13066.000,Elexon BMRS FUELHH
2022-03-08T20:30:00Z,Biomass,2311.000,Elexon BMRS FUELHH
2022-03-08T20:30:00Z,Coal,1830.000,Elexon BMRS FUELHH
2022-03-08T20:30:00Z,Gas,10397.000,Elexon BMRS FUELHH
2022-03-08T20:30:00Z,Hydro,361.000,Elexon BMRS FUELHH
2022-03-08T20:30:00Z,Imports & Exports,1026.000,Elexon BMRS FUELHH
2022-03-08T20:30:00Z,Nuclear,5824.000,Elexon BMRS FUELHH
2022-03-08T20:30:00Z,Other,189.000,Elexon BMRS FUELHH
2022-03-08T20:30:00Z,Pumped Storage,120.000,Elexon BMRS FUELHH
2022-03-08T20:30:00Z,Wind,13012.000,Elexon BMRS FUELHH
2022-03-08T21:00:00Z,Biomass,2306.000,Elexon BMRS FUELHH
2022-03-08T21:00:00Z,Coal,1806.000,Elexon BMRS FUELHH
2022-03-08T21:00:00Z,Gas,9004.000,Elexon BMRS FUELHH
2022-03-08T21:00:00Z,Hydro,321.000,Elexon BMRS FUELHH
2022-03-08T21:00:00Z,Imports & Exports,958.000,Elexon BMRS FUELHH
2022-03-08T21:00:00Z,Nuclear,5824.000,Elexon BMRS FUELHH
2022-03-08T21:00:00Z,Other,208.000,Elexon BMRS FUELHH
2022-03-08T21:00:00Z,Pumped Storage,100.000,Elexon BMRS FUELHH
2022-03-08T21:00:00Z,Wind,12575.000,Elexon BMRS FUELHH
2022-03-08T21:30:00Z,Biomass,2308.000,Elexon BMRS FUELHH
2022-03-08T21:30:00Z,Coal,1591.000,Elexon BMRS FUELHH
2022-03-08T21:30:00Z,Gas,7734.000,Elexon BMRS FUELHH
2022-03-08T21:30:00Z,Hydro,263.000,Elexon BMRS FUELHH
2022-03-08T21:30:00Z,Imports & Exports,890.000,Elexon BMRS FUELHH
2022-03-08T21:30:00Z,Nuclear,5832.000,Elexon BMRS FUELHH
2022-03-08T21:30:00Z,Other,149.000,Elexon BMRS FUELHH
2022-03-08T21:30:00Z,Pumped Storage,-12.000,Elexon BMRS FUELHH
2022-03-08T21:30:00Z,Wind,12512.000,Elexon BMRS FUELHH
2022-03-08T22:00:00Z,Biomass,2106.000,Elexon BMRS FUELHH
2022-03-08T22:00:00Z,Coal,983.000,Elexon BMRS FUELHH
2022-03-08T22:00:00Z,Gas,7082.000,Elexon BMRS FUELHH
2022-03-08T22:00:00Z,Hydro,241.000,Elexon BMRS FUELHH
2022-03-08T22:00:00Z,Imports & Exports,748.000,Elexon BMRS FUELHH
2022-03-08T22:00:00Z,Nuclear,5843.000,Elexon BMRS FUELHH
2022-03-08T22:00:00Z,Other,151.000,Elexon BMRS FUELHH
2022-03-08T22:00:00Z,Pumped Storage,-18.000,Elexon BMRS FUELHH
2022-03-08T22:00:00Z,Wind,12484.000,Elexon BMRS FUELHH
2022-03-08T22:30:00Z,Biomass,1675.000,Elexon BMRS FUELHH
2022-03-08T22:30:00Z,Coal,803.000,Elexon BMRS FUELHH
2022-03-08T22:30:00Z,Gas,5859.000,Elexon BMRS FUELHH
2022-03-08T22:30:00Z,Hydro,240.000,Elexon BMRS FUELHH
2022-03-08T22:30:00Z,Imports & Exports,906.000,Elexon BMRS FUELHH
2022-03-08T22:30:00Z,Nuclear,5826.000,Elexon BMRS FUELHH
2022-03-08T22:30:00Z,Other,175.000,Elexon BMRS FUELHH
2022-03-08T22:30:00Z,Pumped Storage,-36.000,Elexon BMRS FUELHH
2022-03-08T22:30:00Z,Wind,12310.000,Elexon BMRS FUELHH
2022-03-08T23:00:00Z,Biomass,1374.000,Elexon BMRS FUELHH
2022-03-08T23:00:00Z,Coal,687.000,Elexon BMRS FUELHH
2022-03-08T23:00:00Z,Gas,4116.000,Elexon BMRS FUELHH
2022-03-08T23:00:00Z,Hydro,246.000,Elexon BMRS FUELHH
2022-03-08T23:00:00Z,Imports & Exports,2506.000,Elexon BMRS FUELHH
2022-03-08T23:00:00Z,Nuclear,5831.000,Elexon BMRS FUELHH
2022-03-08T23:00:00Z,Other,149.000,Elexon BMRS FUELHH
2022-03-08T23:00:00Z,Pumped Storage,-550.000,Elexon BMRS FUELHH
2022-03-08T23:00:00Z,Wind,11788.000,Elexon BMRS FUELHH
2022-03-08T23:30:00Z,Biomass,1349.000,Elexon BMRS FUELHH
2022-03-08T23:30:00Z,Coal,468.000,Elexon BMRS FUELHH
2022-03-08T23:30:00Z,Gas,3395.000,Elexon BMRS FUELHH
2022-03-08T23:30:00Z,Hydro,267.000,Elexon BMRS FUELHH
2022-03-08T23:30:00Z,Imports & Exports,2606.000,Elexon BMRS FUELHH
2022-03-08T23:30:00Z,Nuclear,5831.000,Elexon BMRS FUELHH
2022-03-08T23:30:00Z,Other,143.000,Elexon BMRS FUELHH
2022-03-08T23:30:00Z,Pumped Storage,-544.000,Elexon BMRS FUELHH
2022-03-08T23:30:00Z,Wind,11432.000,Elexon BMRS FUELHH
2022-03-09T00:00:00Z,Biomass,1437.000,Elexon BMRS FUELHH
2022-03-09T00:00:00Z,Coal,380.000,Elexon BMRS FUELHH
2022-03-09T00:00:00Z,Gas,3672.000,Elexon BMRS FUELHH
2022-03-09T00:00:00Z,Hydro,253.000,Elexon BMRS FUELHH
2022-03-09T00:00:00Z,Imports & Exports,2316.000,Elexon BMRS FUELHH
2022-03-09T00:00:00Z,Nuclear,5828.000,Elexon BMRS FUELHH
2022-03-09T00:00:00Z,Other,156.000,Elexon BMRS FUELHH
2022-03-09T00:00:00Z,Pumped Storage,-672.000,Elexon BMRS FUELHH
2022-03-09T00:00:00Z,Wind,11261.000,Elexon BMRS FUELHH
2022-03-09T00:30:00Z,Biomass,1630.000,Elexon BMRS FUELHH
2022-03-09T00:30:00Z,Coal,396.000,Elexon BMRS FUELHH
2022-03-09T00:30:00Z,Gas,3806.000,Elexon BMRS FUELHH
2022-03-09T00:30:00Z,Hydro,253.000,Elexon BMRS FUELHH
2022-03-09T00:30:00Z,Imports & Exports,2318.000,Elexon BMRS FUELHH
2022-03-09T00:30:00Z,Nuclear,5832.000,Elexon BMRS FUELHH
2022-03-09T00:30:00Z,Other,127.000,Elexon BMRS FUELHH
2022-03-09T00:30:00Z,Pumped Storage,-438.000,Elexon BMRS FUELHH
2022-03-09T00:30:00Z,Wind,11209.000,Elexon BMRS FUELHH
2022-03-09T01:00:00Z,Biomass,1526.000,Elexon BMRS FUELHH
2022-03-09T01:00:00Z,Coal,390.000,Elexon BMRS FUELHH
2022-03-09T01:00:00Z,Gas,3777.000,Elexon BMRS FUELHH
2022-03-09T01:00:00Z,Hydro,252.000,Elexon BMRS FUELHH
2022-03-09T01:00:00Z,Imports & Exports,2398.000,Elexon BMRS FUELHH
2022-03-09T01:00:00Z,Nuclear,5828.000,Elexon BMRS FUELHH
2022-03-09T01:00:00Z,Other,114.000,Elexon BMRS FUELHH
2022-03-09T01:00:00Z,Pumped Storage,-954.000,Elexon BMRS FUELHH
2022-03-09T01:00:00Z,Wind,11453.000,Elexon BMRS FUELHH
2022-03-09T01:30:00Z,Biomass,1347.000,Elexon BMRS FUELHH
2022-03-09T01:30:00Z,Coal,374.000,Elexon BMRS FUELHH
2022-03-09T01:30:00Z,Gas,3478.000,Elexon BMRS FUELHH
2022-03-09T01:30:00Z,Hydro,251.000,Elexon BMRS FUELHH
2022-03-09T01:30:00Z,Imports & Exports,2392.000,Elexon BMRS FUELHH
2022-03-09T01:30:00Z,Nuclear,5830.000,Elexon BMRS FUELHH
2022-03-09T01:30:00Z,Other,127.000,Elexon BMRS FUELHH
2022-03-09T01:30:00Z,Pumped Storage,-1102.000,Elexon BMRS FUELHH
2022-03-09T01:30:00Z,Wind,11392.000,Elexon BMRS FUELHH
2022-03-09T02:00:00Z,Biomass,1394.000,Elexon BMRS FUELHH
2022-03-09T02:00:00Z,Coal,297.000,Elexon BMRS FUELHH
2022-03-09T02:00:00Z,Gas,3375.000,Elexon BMRS FUELHH
2022-03-09T02:00:00Z,Hydro,251.000,Elexon BMRS FUELHH
2022-03-09T02:00:00Z,Imports & Exports,2130.000,Elexon BMRS FUELHH
2022-03-09T02:00:00Z,Nuclear,5820.000,Elexon BMRS FUELHH
2022-03-09T02:00:00Z,Other,151.000,Elexon BMRS FUELHH
2022-03-09T02:00:00Z,Pumped Storage,-1294.000,Elexon BMRS FUELHH
2022-03-09T02:00:00Z,Wind,11296.000,Elexon BMRS FUELHH
2022-03-09T02:30:00Z,Biomass,1426.000,Elexon BMRS FUELHH
2022-03-09T02:30:00Z,Coal,305.000,Elexon BMRS FUELHH
2022-03-09T02:30:00Z,Gas,3532.000,Elexon BMRS FUELHH
2022-03-09T02:30:00Z,Hydro,251.000,Elexon BMRS FUELHH
2022-03-09T02:30:00Z,Imports & Exports,2016.000,Elexon BMRS FUELHH
2022-03-09T02:30:00Z,Nuclear,5825.000,Elexon BMRS FUELHH
2022-03-09T02:30:00Z,Other,149.000,Elexon BMRS FUELHH
2022-03-09T02:30:00Z,Pumped Storage,-1152.000,Elexon BMRS FUELHH
2022-03-09T02:30:00Z,Wind,10870.000,Elexon BMRS FUELHH
2022-03-09T03:00:00Z,Biomass,1646.000,Elexon BMRS FUELHH
2022-03-09T03:00:00Z,Coal,408.000,Elexon BMRS FUELHH
2022-03-09T03:00:00Z,Gas,4221.000,Elexon BMRS FUELHH
2022-03-09T03:00:00Z,Hydro,267.000,Elexon BMRS FUELHH
2022-03-09T03:00:00Z,Imports & Exports,702.000,Elexon BMRS FUELHH
2022-03-09T03:00:00Z,Nuclear,5823.000,Elexon BMRS FUELHH
2022-03-09T03:00:00Z,Other,149.000,Elexon BMRS FUELHH
2022-03-09T03:00:00Z,Pumped Storage,-1110.000,Elexon BMRS FUELHH
2022-03-09T03:00:00Z,Wind,10719.000,Elexon BMRS FUELHH
2022-03-09T03:30:00Z,Biomass,1624.000,Elexon BMRS FUELHH
2022-03-09T03:30:00Z,Coal,400.000,Elexon BMRS FUELHH
2022-03-09T03:30:00Z,Gas,4282.000,Elexon BMRS FUELHH
2022-03-09T03:30:00Z,Hydro,280.000,Elexon BMRS FUELHH
2022-03-09T03:30:00Z,Imports & Exports,686.000,Elexon BMRS FUELHH
2022-03-09T03:30:00Z,Nuclear,5821.000,Elexon BMRS FUELHH
2022-03-09T03:30:00Z,Other,144.000,Elexon BMRS FUELHH
2022-03-09T03:30:00Z,Pumped Storage,-890.000,Elexon BMRS FUELHH
2022-03-09T03:30:00Z,Wind,10445.000,Elexon BMRS FUELHH
2022-03-09T04:00:00Z,Biomass,1836.000,Elexon BMRS FUELHH
2022-03-09T04:00:00Z,Coal,415.000,Elexon BMRS FUELHH
2022-03-09T04:00:00Z,Gas,4349.000,Elexon BMRS FUELHH
2022-03-09T04:00:00Z,Hydro,280.000,Elexon BMRS FUELHH
2022-03-09T04:00:00Z,Imports & Exports,98.000,Elexon BMRS FUELHH
2022-03-09T04:00:00Z,Nuclear,5821.000,Elexon BMRS FUELHH
2022-03-09T04:00:00Z,Other,152.000,Elexon BMRS FUELHH
2022-03-09T04:00:00Z,Pumped Storage,-1084.000,Elexon BMRS FUELHH
2022-03-09T04:00:00Z,Wind,10471.000,Elexon BMRS FUELHH
2022-03-09T04:30:00Z,Biomass,1865.000,Elexon BMRS FUELHH
2022-03-09T04:30:00Z,Coal,404.000,Elexon BMRS FUELHH
2022-03-09T04:30:00Z,Gas,4388.000,Elexon BMRS FUELHH
2022-03-09T04:30:00Z,Hydro,261.000,Elexon BMRS FUELHH
2022-03-09T04:30:00Z,Imports & Exports,84.000,Elexon BMRS FUELHH
2022-03-09T04:30:00Z,Nuclear,5822.000,Elexon BMRS FUELHH
2022-03-09T04:30:00Z,Other,146.000,Elexon BMRS FUELHH
2022-03-09T04:30:00Z,Pumped Storage,-846.000,Elexon BMRS FUELHH
2022-03-09T04:30:00Z,Wind,10367.000,Elexon BMRS FUELHH
2022-03-09T05:00:00Z,Biomass,1831.000,Elexon BMRS FUELHH
2022-03-09T05:00:00Z,Coal,445.000,Elexon BMRS FUELHH
2022-03-09T05:00:00Z,Gas,4681.000,Elexon BMRS FUELHH
2022-03-09T05:00:00Z,Hydro,270.000,Elexon BMRS FUELHH
2022-03-09T05:00:00Z,Imports & Exports,-228.000,Elexon BMRS FUELHH
2022-03-09T05:00:00Z,Nuclear,5826.000,Elexon BMRS FUELHH
2022-03-09T05:00:00Z,Other,142.000,Elexon BMRS FUELHH
2022-03-09T05:00:00Z,Pumped Storage,-216.000,Elexon BMRS FUELHH
2022-03-09T05:00:00Z,Wind,10434.000,Elexon BMRS FUELHH
2022-03-09T05:30:00Z,Biomass,1718.000,Elexon BMRS FUELHH
2022-03-09T05:30:00Z,Coal,446.000,Elexon BMRS FUELHH
2022-03-09T05:30:00Z,Gas,5740.000,Elexon BMRS FUELHH
2022-03-09T05:30:00Z,Hydro,305.000,Elexon BMRS FUELHH
2022-03-09T05:30:00Z,Imports & Exports,-244.000,Elexon BMRS FUELHH
2022-03-09T05:30:00Z,Nuclear,5828.000,Elexon BMRS FUELHH
2022-03-09T05:30:00Z,Other,144.000,Elexon BMRS FUELHH
2022-03-09T05:30:00Z,Pumped Storage,100.000,Elexon BMRS FUELHH
2022-03-09T05:30:00Z,Wind,10352.000,Elexon BMRS FUELHH
2022-03-09T06:00:00Z,Biomass,1956.000,Elexon BMRS FUELHH
2022-03-09T06:00:00Z,Coal,618.000,Elexon BMRS FUELHH
2022-03-09T06:00:00Z,Gas,7297.000,Elexon BMRS FUELHH
2022-03-09T06:00:00Z,Hydro,392.000,Elexon BMRS FUELHH
2022-03-09T06:00:00Z,Imports & Exports,158.000,Elexon BMRS FUELHH
2022-03-09T06:00:00Z,Nuclear,5860.000,Elexon BMRS FUELHH
2022-03-09T06:00:00Z,Other,143.000,Elexon BMRS FUELHH
2022-03-09T06:00:00Z,Pumped Storage,182.000,Elexon BMRS FUELHH
2022-03-09T06:00:00Z,Wind,10357.000,Elexon BMRS FUELHH
2022-03-09T06:30:00Z,Biomass,2169.000,Elexon BMRS FUELHH
2022-03-09T06:30:00Z,Coal,729.000,Elexon BMRS FUELHH
2022-03-09T06:30:00Z,Gas,8633.000,Elexon BMRS FUELHH
2022-03-09T06:30:00Z,Hydro,411.000,Elexon BMRS FUELHH
2022-03-09T06:30:00Z,Imports & Exports,168.000,Elexon BMRS FUELHH
2022-03-09T06:30:00Z,Nuclear,5863.000,Elexon BMRS FUELHH
2022-03-09T06:30:00Z,Other,261.000,Elexon BMRS FUELHH
2022-03-09T06:30:00Z,Pumped Storage,400.000,Elexon BMRS FUELHH
2022-03-09T06:30:00Z,Wind,10652.000,Elexon BMRS FUELHH
2022-03-09T07:00:00Z,Biomass,2320.000,Elexon BMRS FUELHH
2022-03-09T07:00:00Z,Coal,1002.000,Elexon BMRS FUELHH
2022-03-09T07:00:00Z,Gas,9154.000,Elexon BMRS FUELHH
2022-03-09T07:00:00Z,Hydro,413.000,Elexon BMRS FUELHH
2022-03-09T07:00:00Z,Imports & Exports,1268.000,Elexon BMRS FUELHH
2022-03-09T07:00:00Z,Nuclear,5862.000,Elexon BMRS FUELHH
2022-03-09T07:00:00Z,Other,270.000,Elexon BMRS FUELHH
2022-03-09T07:00:00Z,Pumped Storage,322.000,Elexon BMRS FUELHH
2022-03-09T07:00:00Z,Wind,10948.000,Elexon BMRS FUELHH
2022-03-09T07:30:00Z,Biomass,2324.000,Elexon BMRS FUELHH
2022-03-09T07:30:00Z,Coal,1300.000,Elexon BMRS FUELHH
2022-03-09T07:30:00Z,Gas,9790.000,Elexon BMRS FUELHH
2022-03-09T07:30:00Z,Hydro,417.000,Elexon BMRS FUELHH
2022-03-09T07:30:00Z,Imports & Exports,1318.000,Elexon BMRS FUELHH
2022-03-09T07:30:00Z,Nuclear,5863.000,Elexon BMRS FUELHH
2022-03-09T07:30:00Z,Other,461.000,Elexon BMRS FUELHH
2022-03-09T07:30:00Z,Pumped Storage,200.000,Elexon BMRS FUELHH
2022-03-09T07:30:00Z,Wind,11313.000,Elexon BMRS FUELHH
2022-03-09T08:00:00Z,Biomass,1920.000,Elexon BMRS FUELHH
2022-03-09T08:00:00Z,Coal,1196.000,Elexon BMRS FUELHH
2022-03-09T08:00:00Z,Gas,8978.000,Elexon BMRS FUELHH
2022-03-09T08:00:00Z,Hydro,443.000,Elexon BMRS FUELHH
2022-03-09T08:00:00Z,Imports & Exports,3654.000,Elexon BMRS FUELHH
2022-03-09T08:00:00Z,Nuclear,5861.000,Elexon BMRS FUELHH
2022-03-09T08:00:00Z,Other,232.000,Elexon BMRS FUELHH
2022-03-09T08:00:00Z,Pumped Storage,166.000,Elexon BMRS FUELHH
2022-03-09T08:00:00Z,Wind,11451.000,Elexon BMRS FUELHH
2022-03-09T08:30:00Z,Biomass,1715.000,Elexon BMRS FUELHH
2022-03-09T08:30:00Z,Coal,1096.000,Elexon BMRS FUELHH
2022-03-09T08:30:00Z,Gas,8870.000,Elexon BMRS FUELHH
2022-03-09T08:30:00Z,Hydro,421.000,Elexon BMRS FUELHH
2022-03-09T08:30:00Z,Imports & Exports,3852.000,Elexon BMRS FUELHH
2022-03-09T08:30:00Z,Nuclear,5864.000,Elexon BMRS FUELHH
2022-03-09T08:30:00Z,Other,147.000,Elexon BMRS FUELHH
2022-03-09T08:30:00Z,Pumped Storage,24.000,Elexon BMRS FUELHH
2022-03-09T08:30:00Z,Wind,11632.000,Elexon BMRS FUELHH
2022-03-09T09:00:00Z,Biomass,1796.000,Elexon BMRS FUELHH
2022-03-09T09:00:00Z,Coal,1146.000,Elexon BMRS FUELHH
2022-03-09T09:00:00Z,Gas,9073.000,Elexon BMRS FUELHH
2022-03-09T09:00:00Z,Hydro,428.000,Elexon BMRS FUELHH
2022-03-09T09:00:00Z,Imports & Exports,3396.000,Elexon BMRS FUELHH
2022-03-09T09:00:00Z,Nuclear,5856.000,Elexon BMRS FUELHH
2022-03-09T09:00:00Z,Other,160.000,Elexon BMRS FUELHH
2022-03-09T09:00:00Z,Pumped Storage,68.000,Elexon BMRS FUELHH
2022-03-09T09:00:00Z,Wind,11826.000,Elexon BMRS FUELHH
2022-03-09T09:30:00Z,Biomass,2112.000,Elexon BMRS FUELHH
2022-03-09T09:30:00Z,Coal,1189.000,Elexon BMRS FUELHH
2022-03-09T09:30:00Z,Gas,8708.000,Elexon BMRS FUELHH
2022-03-09T09:30:00Z,Hydro,422.000,Elexon BMRS FUELHH
2022-03-09T09:30:00Z,Imports & Exports,2808.000,Elexon BMRS FUELHH
2022-03-09T09:30:00Z,Nuclear,5864.000,Elexon BMRS FUELHH
2022-03-09T09:30:00Z,Other,164.000,Elexon BMRS FUELHH
2022-03-09T09:30:00Z,Pumped Storage,-12.000,Elexon BMRS FUELHH
2022-03-09T09:30:00Z,Wind,12161.000,Elexon BMRS FUELHH
2022-03-09T10:00:00Z,Biomass,2049.000,Elexon BMRS FUELHH
2022-03-09T10:00:00Z,Coal,1224.000,Elexon BMRS FUELHH
2022-03-09T10:00:00Z,Gas,8421.000,Elexon BMRS FUELHH
2022-03-09T10:00:00Z,Hydro,368.000,Elexon BMRS FUELHH
2022-03-09T10:00:00Z,Imports & Exports,2524.000,Elexon BMRS FUELHH
2022-03-09T10:00:00Z,Nuclear,5875.000,Elexon BMRS FUELHH
2022-03-09T10:00:00Z,Other,159.000,Elexon BMRS FUELHH
2022-03-09T10:00:00Z,Pumped Storage,-10.000,Elexon BMRS FUELHH
2022-03-09T10:00:00Z,Wind,12284.000,Elexon BMRS FUELHH
2022-03-09T10:30:00Z,Biomass,1730.000,Elexon BMRS FUELHH
2022-03-09T10:30:00Z,Coal,952.000,Elexon BMRS FUELHH
2022-03-09T10:30:00Z,Gas,8210.000,Elexon BMRS FUELHH
2022-03-09T10:30:00Z,Hydro,313.000,Elexon BMRS FUELHH
2022-03-09T10:30:00Z,Imports & Exports,2254.000,Elexon BMRS FUELHH
2022-03-09T10:30:00Z,Nuclear,5919.000,Elexon BMRS FUELHH
2022-03-09T10:30:00Z,Other,161.000,Elexon BMRS FUELHH
2022-03-09T10:30:00Z,Pumped Storage,-10.000,Elexon BMRS FUELHH
2022-03-09T10:30:00Z,Wind,12500.000,Elexon BMRS FUELHH
2022-03-09T11:00:00Z,Biomass,1608.000,Elexon BMRS FUELHH
2022-03-09T11:00:00Z,Coal,963.000,Elexon BMRS FUELHH
2022-03-09T11:00:00Z,Gas,8316.000,Elexon BMRS FUELHH
2022-03-09T11:00:00Z,Hydro,305.000,Elexon BMRS FUELHH
2022-03-09T11:00:00Z,Imports & Exports,1576.000,Elexon BMRS FUELHH
2022-03-09T11:00:00Z,Nuclear,5917.000,Elexon BMRS FUELHH
2022-03-09T11:00:00Z,Other,173.000,Elexon BMRS FUELHH
2022-03-09T11:00:00Z,Pumped Storage,50.000,Elexon BMRS FUELHH
2022-03-09T11:00:00Z,Wind,12580.000,Elexon BMRS FUELHH
2022-03-09T11:30:00Z,Biomass,1653.000,Elexon BMRS FUELHH
2022-03-09T11:30:00Z,Coal,1081.000,Elexon BMRS FUELHH
2022-03-09T11:30:00Z,Gas,8385.000,Elexon BMRS FUELHH
2022-03-09T11:30:00Z,Hydro,266.000,Elexon BMRS FUELHH
2022-03-09T11:30:00Z,Imports & Exports,1554.000,Elexon BMRS FUELHH
2022-03-09T11:30:00Z,Nuclear,5925.000,Elexon BMRS FUELHH
2022-03-09T11:30:00Z,Other,167.000,Elexon BMRS FUELHH
2022-03-09T11:30:00Z,Pumped Storage,48.000,Elexon BMRS FUELHH
2022-03-09T11:30:00Z,Wind,12182.000,Elexon BMRS FUELHH
2022-03-09T12:00:00Z,Biomass,2051.000,Elexon BMRS FUELHH
2022-03-09T12:00:00Z,Coal,1275.000,Elexon BMRS FUELHH
2022-03-09T12:00:00Z,Gas,8733.000,Elexon BMRS FUELHH
2022-03-09T12:00:00Z,Hydro,274.000,Elexon BMRS FUELHH
2022-03-09T12:00:00Z,Imports & Exports,786.000,Elexon BMRS FUELHH
2022-03-09T12:00:00Z,Nuclear,5922.000,Elexon BMRS FUELHH
2022-03-09T12:00:00Z,Other,172.000,Elexon BMRS FUELHH
2022-03-09T12:00:00Z,Pumped Storage,18.000,Elexon BMRS FUELHH
2022-03-09T12:00:00Z,Wind,12283.000,Elexon BMRS FUELHH
2022-03-09T12:30:00Z,Biomass,2128.000,Elexon BMRS FUELHH
2022-03-09T12:30:00Z,Coal,1177.000,Elexon BMRS FUELHH
2022-03-09T12:30:00Z,Gas,8610.000,Elexon BMRS FUELHH
2022-03-09T12:30:00Z,Hydro,276.000,Elexon BMRS FUELHH
2022-03-09T12:30:00Z,Imports & Exports,1208.000,Elexon BMRS FUELHH
2022-03-09T12:30:00Z,Nuclear,5948.000,Elexon BMRS FUELHH
2022-03-09T12:30:00Z,Other,164.000,Elexon BMRS FUELHH
2022-03-09T12:30:00Z,Pumped Storage,-50.000,Elexon BMRS FUELHH
2022-03-09T12:30:00Z,Wind,12337.000,Elexon BMRS FUELHH
2022-03-09T13:00:00Z,Biomass,2131.000,Elexon BMRS FUELHH
2022-03-09T13:00:00Z,Coal,1175.000,Elexon BMRS FUELHH
2022-03-09T13:00:00Z,Gas,8440.000,Elexon BMRS FUELHH
2022-03-09T13:00:00Z,Hydro,298.000,Elexon BMRS FUELHH
2022-03-09T13:00:00Z,Imports & Exports,1168.000,Elexon BMRS FUELHH
2022-03-09T13:00:00Z,Nuclear,5940.000,Elexon BMRS FUELHH
2022-03-09T13:00:00Z,Other,167.000,Elexon BMRS FUELHH
2022-03-09T13:00:00Z,Pumped Storage,-22.000,Elexon BMRS FUELHH
2022-03-09T13:00:00Z,Wind,12246.000,Elexon BMRS FUELHH
2022-03-09T13:30:00Z,Biomass,2217.000,Elexon BMRS FUELHH
2022-03-09T13:30:00Z,Coal,1155.000,Elexon BMRS FUELHH
2022-03-09T13:30:00Z,Gas,8066.000,Elexon BMRS FUELHH
2022-03-09T13:30:00Z,Hydro,293.000,Elexon BMRS FUELHH
2022-03-09T13:30:00Z,Imports & Exports,1574.000,Elexon BMRS FUELHH
2022-03-09T13:30:00Z,Nuclear,5953.000,Elexon BMRS FUELHH
2022-03-09T13:30:00Z,Other,166.000,Elexon BMRS FUELHH
2022-03-09T13:30:00Z,Pumped Storage,-84.000,Elexon BMRS FUELHH
2022-03-09T13:30:00Z,Wind,12092.000,Elexon BMRS FUELHH
2022-03-09T14:00:00Z,Biomass,2102.000,Elexon BMRS FUELHH
2022-03-09T14:00:00Z,Coal,1178.000,Elexon BMRS FUELHH
2022-03-09T14:00:00Z,Gas,8189.000,Elexon BMRS FUELHH
2022-03-09T14:00:00Z,Hydro,304.000,Elexon BMRS FUELHH
2022-03-09T14:00:00Z,Imports & Exports,1590.000,Elexon BMRS FUELHH
2022-03-09T14:00:00Z,Nuclear,5950.000,Elexon BMRS FUELHH
2022-03-09T14:00:00Z,Other,165.000,Elexon BMRS FUELHH
2022-03-09T14:00:00Z,Pumped Storage,-12.000,Elexon BMRS FUELHH
2022-03-09T14:00:00Z,Wind,11887.000,Elexon BMRS FUELHH
2022-03-09T14:30:00Z,Biomass,2092.000,Elexon BMRS FUELHH
2022-03-09T14:30:00Z,Coal,1034.000,Elexon BMRS FUELHH
2022-03-09T14:30:00Z,Gas,8382.000,Elexon BMRS FUELHH
2022-03-09T14:30:00Z,Hydro,333.000,Elexon BMRS FUELHH
2022-03-09T14:30:00Z,Imports & Exports,1562.000,Elexon BMRS FUELHH
2022-03-09T14:30:00Z,Nuclear,5979.000,Elexon BMRS FUELHH
2022-03-09T14:30:00Z,Other,166.000,Elexon BMRS FUELHH
2022-03-09T14:30:00Z,Pumped Storage,-2.000,Elexon BMRS FUELHH
2022-03-09T14:30:00Z,Wind,12023.000,Elexon BMRS FUELHH
2022-03-09T15:00:00Z,Biomass,2178.000,Elexon BMRS FUELHH
2022-03-09T15:00:00Z,Coal,934.000,Elexon BMRS FUELHH
2022-03-09T15:00:00Z,Gas,9429.000,Elexon BMRS FUELHH
2022-03-09T15:00:00Z,Hydro,373.000,Elexon BMRS FUELHH
2022-03-09T15:00:00Z,Imports & Exports,958.000,Elexon BMRS FUELHH
2022-03-09T15:00:00Z,Nuclear,5979.000,Elexon BMRS FUELHH
2022-03-09T15:00:00Z,Other,172.000,Elexon BMRS FUELHH
2022-03-09T15:00:00Z,Pumped Storage,68.000,Elexon BMRS FUELHH
2022-03-09T15:00:00Z,Wind,12080.000,Elexon BMRS FUELHH
2022-03-09T15:30:00Z,Biomass,2208.000,Elexon BMRS FUELHH
2022-03-09T15:30:00Z,Coal,837.000,Elexon BMRS FUELHH
2022-03-09T15:30:00Z,Gas,10547.000,Elexon BMRS FUELHH
2022-03-09T15:30:00Z,Hydro,388.000,Elexon BMRS FUELHH
2022-03-09T15:30:00Z,Imports & Exports,1012.000,Elexon BMRS FUELHH
2022-03-09T15:30:00Z,Nuclear,5980.000,Elexon BMRS FUELHH
2022-03-09T15:30:00Z,Other,166.000,Elexon BMRS FUELHH
2022-03-09T15:30:00Z,Pumped Storage,-10.000,Elexon BMRS FUELHH
2022-03-09T15:30:00Z,Wind,12155.000,Elexon BMRS FUELHH
2022-03-09T16:00:00Z,Biomass,2337.000,Elexon BMRS FUELHH
2022-03-09T16:00:00Z,Coal,1156.000,Elexon BMRS FUELHH
2022-03-09T16:00:00Z,Gas,12703.000,Elexon BMRS FUELHH
2022-03-09T16:00:00Z,Hydro,642.000,Elexon BMRS FUELHH
2022-03-09T16:00:00Z,Imports & Exports,-232.000,Elexon BMRS FUELHH
2022-03-09T16:00:00Z,Nuclear,5963.000,Elexon BMRS FUELHH
2022-03-09T16:00:00Z,Other,186.000,Elexon BMRS FUELHH
2022-03-09T16:00:00Z,Pumped Storage,192.000,Elexon BMRS FUELHH
2022-03-09T16:00:00Z,Wind,11838.000,Elexon BMRS FUELHH
2022-03-09T16:30:00Z,Biomass,2344.000,Elexon BMRS FUELHH
2022-03-09T16:30:00Z,Coal,1327.000,Elexon BMRS FUELHH
2022-03-09T16:30:00Z,Gas,13962.000,Elexon BMRS FUELHH
2022-03-09T16:30:00Z,Hydro,789.000,Elexon BMRS FUELHH
2022-03-09T16:30:00Z,Imports & Exports,-234.000,Elexon BMRS FUELHH
2022-03-09T16:30:00Z,Nuclear,5968.000,Elexon BMRS FUELHH
2022-03-09T16:30:00Z,Other,256.000,Elexon BMRS FUELHH
2022-03-09T16:30:00Z,Pumped Storage,458.000,Elexon BMRS FUELHH
2022-03-09T16:30:00Z,Wind,10994.000,Elexon BMRS FUELHH
2022-03-09T17:00:00Z,Biomass,2357.000,Elexon BMRS FUELHH
2022-03-09T17:00:00Z,Coal,1332.000,Elexon BMRS FUELHH
2022-03-09T17:00:00Z,Gas,14423.000,Elexon BMRS FUELHH
2022-03-09T17:00:00Z,Hydro,811.000,Elexon BMRS FUELHH
2022-03-09T17:00:00Z,Imports & Exports,710.000,Elexon BMRS FUELHH
2022-03-09T17:00:00Z,Nuclear,5976.000,Elexon BMRS FUELHH
2022-03-09T17:00:00Z,Other,350.000,Elexon BMRS FUELHH
2022-03-09T17:00:00Z,Pumped Storage,928.000,Elexon BMRS FUELHH
2022-03-09T17:00:00Z,Wind,10446.000,Elexon BMRS FUELHH
2022-03-09T17:30:00Z,Biomass,2357.000,Elexon BMRS FUELHH
2022-03-09T17:30:00Z,Coal,1405.000,Elexon BMRS FUELHH
2022-03-09T17:30:00Z,Gas,14532.000,Elexon BMRS FUELHH
2022-03-09T17:30:00Z,Hydro,816.000,Elexon BMRS FUELHH
2022-03-09T17:30:00Z,Imports & Exports,852.000,Elexon BMRS FUELHH
2022-03-09T17:30:00Z,Nuclear,5973.000,Elexon BMRS FUELHH
2022-03-09T17:30:00Z,Other,482.000,Elexon BMRS FUELHH
2022-03-09T17:30:00Z,Pumped Storage,1390.000,Elexon BMRS FUELHH
2022-03-09T17:30:00Z,Wind,10181.000,Elexon BMRS FUELHH
2022-03-09T18:00:00Z,Biomass,2352.000,Elexon BMRS FUELHH
2022-03-09T18:00:00Z,Coal,1389.000,Elexon BMRS FUELHH
2022-03-09T18:00:00Z,Gas,14500.000,Elexon BMRS FUELHH
2022-03-09T18:00:00Z,Hydro,840.000,Elexon BMRS FUELHH
2022-03-09T18:00:00Z,Imports & Exports,2272.000,Elexon BMRS FUELHH
2022-03-09T18:00:00Z,Nuclear,5984.000,Elexon BMRS FUELHH
2022-03-09T18:00:00Z,Other,510.000,Elexon BMRS FUELHH
2022-03-09T18:00:00Z,Pumped Storage,1666.000,Elexon BMRS FUELHH
2022-03-09T18:00:00Z,Wind,9844.000,Elexon BMRS FUELHH
2022-03-09T18:30:00Z,Biomass,2354.000,Elexon BMRS FUELHH
2022-03-09T18:30:00Z,Coal,1337.000,Elexon BMRS FUELHH
2022-03-09T18:30:00Z,Gas,14795.000,Elexon BMRS FUELHH
2022-03-09T18:30:00Z,Hydro,817.000,Elexon BMRS FUELHH
2022-03-09T18:30:00Z,Imports & Exports,2188.000,Elexon BMRS FUELHH
2022-03-09T18:30:00Z,Nuclear,5989.000,Elexon BMRS FUELHH
2022-03-09T18:30:00Z,Other,506.000,Elexon BMRS FUELHH
2022-03-09T18:30:00Z,Pumped Storage,1636.000,Elexon BMRS FUELHH
2022-03-09T18:30:00Z,Wind,9678.000,Elexon BMRS FUELHH
2022-03-09T19:00:00Z,Biomass,2346.000,Elexon BMRS FUELHH
2022-03-09T19:00:00Z,Coal,1296.000,Elexon BMRS FUELHH
2022-03-09T19:00:00Z,Gas,14714.000,Elexon BMRS FUELHH
2022-03-09T19:00:00Z,Hydro,802.000,Elexon BMRS FUELHH
2022-03-09T19:00:00Z,Imports & Exports,2738.000,Elexon BMRS FUELHH
2022-03-09T19:00:00Z,Nuclear,5986.000,Elexon BMRS FUELHH
2022-03-09T19:00:00Z,Other,450.000,Elexon BMRS FUELHH
2022-03-09T19:00:00Z,Pumped Storage,618.000,Elexon BMRS FUELHH
2022-03-09T19:00:00Z,Wind,9513.000,Elexon BMRS FUELHH
2022-03-09T19:30:00Z,Biomass,2168.000,Elexon BMRS FUELHH
2022-03-09T19:30:00Z,Coal,1105.000,Elexon BMRS FUELHH
2022-03-09T19:30:00Z,Gas,14534.000,Elexon BMRS FUELHH
2022-03-09T19:30:00Z,Hydro,821.000,Elexon BMRS FUELHH
2022-03-09T19:30:00Z,Imports & Exports,2582.000,Elexon BMRS FUELHH
2022-03-09T19:30:00Z,Nuclear,5983.000,Elexon BMRS FUELHH
2022-03-09T19:30:00Z,Other,335.000,Elexon BMRS FUELHH
2022-03-09T19:30:00Z,Pumped Storage,224.000,Elexon BMRS FUELHH
2022-03-09T19:30:00Z,Wind,9570.000,Elexon BMRS FUELHH
2022-03-09T20:00:00Z,Biomass,2298.000,Elexon BMRS FUELHH
2022-03-09T20:00:00Z,Coal,915.000,Elexon BMRS FUELHH
2022-03-09T20:00:00Z,Gas,14520.000,Elexon BMRS FUELHH
2022-03-09T20:00:00Z,Hydro,790.000,Elexon BMRS FUELHH
2022-03-09T20:00:00Z,Imports & Exports,1518.000,Elexon BMRS FUELHH
2022-03-09T20:00:00Z,Nuclear,5983.000,Elexon BMRS FUELHH
2022-03-09T20:00:00Z,Other,249.000,Elexon BMRS FUELHH
2022-03-09T20:00:00Z,Pumped Storage,80.000,Elexon BMRS FUELHH
2022-03-09T20:00:00Z,Wind,9813.000,Elexon BMRS FUELHH
2022-03-09T20:30:00Z,Biomass,2302.000,Elexon BMRS FUELHH
2022-03-09T20:30:00Z,Coal,674.000,Elexon BMRS FUELHH
2022-03-09T20:30:00Z,Gas,13947.000,Elexon BMRS FUELHH
2022-03-09T20:30:00Z,Hydro,466.000,Elexon BMRS FUELHH
2022-03-09T20:30:00Z,Imports & Exports,1310.000,Elexon BMRS FUELHH
2022-03-09T20:30:00Z,Nuclear,5981.000,Elexon BMRS FUELHH
2022-03-09T20:30:00Z,Other,165.000,Elexon BMRS FUELHH
2022-03-09T20:30:00Z,Pumped Storage,-10.000,Elexon BMRS FUELHH
2022-03-09T20:30:00Z,Wind,9743.000,Elexon BMRS FUELHH
2022-03-09T21:00:00Z,Biomass,2304.000,Elexon BMRS FUELHH
2022-03-09T21:00:00Z,Coal,448.000,Elexon BMRS FUELHH
2022-03-09T21:00:00Z,Gas,13487.000,Elexon BMRS FUELHH
2022-03-09T21:00:00Z,Hydro,366.000,Elexon BMRS FUELHH
2022-03-09T21:00:00Z,Imports & Exports,12.000,Elexon BMRS FUELHH
2022-03-09T21:00:00Z,Nuclear,5980.000,Elexon BMRS FUELHH
2022-03-09T21:00:00Z,Other,172.000,Elexon BMRS FUELHH
2022-03-09T21:00:00Z,Pumped Storage,88.000,Elexon BMRS FUELHH
2022-03-09T21:00:00Z,Wind,9904.000,Elexon BMRS FUELHH
2022-03-09T21:30:00Z,Biomass,2278.000,Elexon BMRS FUELHH
2022-03-09T21:30:00Z,Coal,227.000,Elexon BMRS FUELHH
2022-03-09T21:30:00Z,Gas,11685.000,Elexon BMRS FUELHH
2022-03-09T21:30:00Z,Hydro,327.000,Elexon BMRS FUELHH
2022-03-09T21:30:00Z,Imports & Exports,130.000,Elexon BMRS FUELHH
2022-03-09T21:30:00Z,Nuclear,5982.000,Elexon BMRS FUELHH
2022-03-09T21:30:00Z,Other,171.000,Elexon BMRS FUELHH
2022-03-09T21:30:00Z,Pumped Storage,70.000,Elexon BMRS FUELHH
2022-03-09T21:30:00Z,Wind,10180.000,Elexon BMRS FUELHH
2022-03-09T22:00:00Z,Biomass,2098.000,Elexon BMRS FUELHH
2022-03-09T22:00:00Z,Coal,1.000,Elexon BMRS FUELHH
2022-03-09T22:00:00Z,Gas,10672.000,Elexon BMRS FUELHH
2022-03-09T22:00:00Z,Hydro,271.000,Elexon BMRS FUELHH
2022-03-09T22:00:00Z,Imports & Exports,-618.000,Elexon BMRS FUELHH
2022-03-09T22:00:00Z,Nuclear,6018.000,Elexon BMRS FUELHH
2022-03-09T22:00:00Z,Other,172.000,Elexon BMRS FUELHH
2022-03-09T22:00:00Z,Pumped Storage,34.000,Elexon BMRS FUELHH
2022-03-09T22:00:00Z,Wind,10347.000,Elexon BMRS FUELHH
2022-03-09T22:30:00Z,Biomass,1866.000,Elexon BMRS FUELHH
2022-03-09T22:30:00Z,Coal,0.000,Elexon BMRS FUELHH
2022-03-09T22:30:00Z,Gas,9108.000,Elexon BMRS FUELHH
2022-03-09T22:30:00Z,Hydro,293.000,Elexon BMRS FUELHH
2022-03-09T22:30:00Z,Imports & Exports,-606.000,Elexon BMRS FUELHH
2022-03-09T22:30:00Z,Nuclear,6034.000,Elexon BMRS FUELHH
2022-03-09T22:30:00Z,Other,208.000,Elexon BMRS FUELHH
2022-03-09T22:30:00Z,Pumped Storage,40.000,Elexon BMRS FUELHH
2022-03-09T22:30:00Z,Wind,10379.000,Elexon BMRS FUELHH
2022-03-09T23:00:00Z,Biomass,1454.000,Elexon BMRS FUELHH
2022-03-09T23:00:00Z,Coal,0.000,Elexon BMRS FUELHH
2022-03-09T23:00:00Z,Gas,6079.000,Elexon BMRS FUELHH
2022-03-09T23:00:00Z,Hydro,309.000,Elexon BMRS FUELHH
2022-03-09T23:00:00Z,Imports & Exports,1490.000,Elexon BMRS FUELHH
2022-03-09T23:00:00Z,Nuclear,6034.000,Elexon BMRS FUELHH
2022-03-09T23:00:00Z,Other,169.000,Elexon BMRS FUELHH
2022-03-09T23:00:00Z,Pumped Storage,-16.000,Elexon BMRS FUELHH
2022-03-09T23:00:00Z,Wind,10323.000,Elexon BMRS FUELHH
2022-03-09T23:30:00Z,Biomass,1337.000,Elexon BMRS FUELHH
2022-03-09T23:30:00Z,Coal,0.000,Elexon BMRS FUELHH
2022-03-09T23:30:00Z,Gas,5282.000,Elexon BMRS FUELHH
2022-03-09T23:30:00Z,Hydro,271.000,Elexon BMRS FUELHH
2022-03-09T23:30:00Z,Imports & Exports,1460.000,Elexon BMRS FUELHH
2022-03-09T23:30:00Z,Nuclear,6036.000,Elexon BMRS FUELHH
2022-03-09T23:30:00Z,Other,162.000,Elexon BMRS FUELHH
2022-03-09T23:30:00Z,Pumped Storage,-160.000,Elexon BMRS FUELHH
2022-03-09T23:30:00Z,Wind,10106.000,Elexon BMRS FUELHH
2022-03-10T00:00:00Z,Biomass,1351.000,Elexon BMRS FUELHH
2022-03-10T00:00:00Z,Coal,0.000,Elexon BMRS FUELHH
2022-03-10T00:00:00Z,Gas,5075.000,Elexon BMRS FUELHH
2022-03-10T00:00:00Z,Hydro,267.000,Elexon BMRS FUELHH
2022-03-10T00:00:00Z,Imports & Exports,2238.000,Elexon BMRS FUELHH
2022-03-10T00:00:00Z,Nuclear,6049.000,Elexon BMRS FUELHH
2022-03-10T00:00:00Z,Other,171.000,Elexon BMRS FUELHH
2022-03-10T00:00:00Z,Pumped Storage,-712.000,Elexon BMRS FUELHH
2022-03-10T00:00:00Z,Wind,9872.000,Elexon BMRS FUELHH
2022-03-10T00:30:00Z,Biomass,1449.000,Elexon BMRS FUELHH
2022-03-10T00:30:00Z,Coal,0.000,Elexon BMRS FUELHH
2022-03-10T00:30:00Z,Gas,5058.000,Elexon BMRS FUELHH
2022-03-10T00:30:00Z,Hydro,267.000,Elexon BMRS FUELHH
2022-03-10T00:30:00Z,Imports & Exports,2406.000,Elexon BMRS FUELHH
2022-03-10T00:30:00Z,Nuclear,6124.000,Elexon BMRS FUELHH
2022-03-10T00:30:00Z,Other,167.000,Elexon BMRS FUELHH
2022-03-10T00:30:00Z,Pumped Storage,-348.000,Elexon BMRS FUELHH
2022-03-10T00:30:00Z,Wind,9789.000,Elexon BMRS FUELHH
2022-03-10T01:00:00Z,Biomass,1507.000,Elexon BMRS FUELHH
2022-03-10T01:00:00Z,Coal,0.000,Elexon BMRS FUELHH
2022-03-10T01:00:00Z,Gas,4999.000,Elexon BMRS FUELHH
2022-03-10T01:00:00Z,Hydro,249.000,Elexon BMRS FUELHH
2022-03-10T01:00:00Z,Imports & Exports,2624.000,Elexon BMRS FUELHH
2022-03-10T01:00:00Z,Nuclear,6131.000,Elexon BMRS FUELHH
2022-03-10T01:00:00Z,Other,163.000,Elexon BMRS FUELHH
2022-03-10T01:00:00Z,Pumped Storage,-602.000,Elexon BMRS FUELHH
2022-03-10T01:00:00Z,Wind,9524.000,Elexon BMRS FUELHH
2022-03-10T01:30:00Z,Biomass,1524.000,Elexon BMRS FUELHH
2022-03-10T01:30:00Z,Coal,0.000,Elexon BMRS FUELHH
2022-03-10T01:30:00Z,Gas,4939.000,Elexon BMRS FUELHH
2022-03-10T01:30:00Z,Hydro,248.000,Elexon BMRS FUELHH
2022-03-10T01:30:00Z,Imports & Exports,2444.000,Elexon BMRS FUELHH
2022-03-10T01:30:00Z,Nuclear,6129.000,Elexon BMRS FUELHH
2022-03-10T01:30:00Z,Other,161.000,Elexon BMRS FUELHH
2022-03-10T01:30:00Z,Pumped Storage,-780.000,Elexon BMRS FUELHH
2022-03-10T01:30:00Z,Wind,9388.000,Elexon BMRS FUELHH
2022-03-10T02:00:00Z,Biomass,1471.000,Elexon BMRS FUELHH
2022-03-10T02:00:00Z,Coal,0.000,Elexon BMRS FUELHH
2022-03-10T02:00:00Z,Gas,5311.000,Elexon BMRS FUELHH
2022-03-10T02:00:00Z,Hydro,248.000,Elexon BMRS FUELHH
2022-03-10T02:00:00Z,Imports & Exports,1978.000,Elexon BMRS FUELHH
2022-03-10T02:00:00Z,Nuclear,6126.000,Elexon BMRS FUELHH
2022-03-10T02:00:00Z,Other,167.000,Elexon BMRS FUELHH
2022-03-10T02:00:00Z,Pumped Storage,-1084.000,Elexon BMRS FUELHH
2022-03-10T02:00:00Z,Wind,9261.000,Elexon BMRS FUELHH
2022-03-10T02:30:00Z,Biomass,1459.000,Elexon BMRS FUELHH
2022-03-10T02:30:00Z,Coal,0.000,Elexon BMRS FUELHH
2022-03-10T02:30:00Z,Gas,5029.000,Elexon BMRS FUELHH
2022-03-10T02:30:00Z,Hydro,248.000,Elexon BMRS FUELHH
2022-03-10T02:30:00Z,Imports & Exports,1972.000,Elexon BMRS FUELHH
2022-03-10T02:30:00Z,Nuclear,6129.000,Elexon BMRS FUELHH
2022-03-10T02:30:00Z,Other,164.000,Elexon BMRS FUELHH
2022-03-10T02:30:00Z,Pumped Storage,-908.000,Elexon BMRS FUELHH
2022-03-10T02:30:00Z,Wind,9225.000,Elexon BMRS FUELHH
2022-03-10T03:00:00Z,Biomass,1457.000,Elexon BMRS FUELHH
2022-03-10T03:00:00Z,Coal,0.000,Elexon BMRS FUELHH
2022-03-10T03:00:00Z,Gas,5228.000,Elexon BMRS FUELHH
2022-03-10T03:00:00Z,Hydro,244.000,Elexon BMRS FUELHH
2022-03-10T03:00:00Z,Imports & Exports,1686.000,Elexon BMRS FUELHH
2022-03-10T03:00:00Z,Nuclear,6122.000,Elexon BMRS FUELHH
2022-03-10T03:00:00Z,Other,159.000,Elexon BMRS FUELHH
2022-03-10T03:00:00Z,Pumped Storage,-1254.000,Elexon BMRS FUELHH
2022-03-10T03:00:00Z,Wind,9337.000,Elexon BMRS FUELHH
2022-03-10T03:30:00Z,Biomass,1451.000,Elexon BMRS FUELHH
2022-03-10T03:30:00Z,Coal,0.000,Elexon BMRS FUELHH
2022-03-10T03:30:00Z,Gas,4860.000,Elexon BMRS FUELHH
2022-03-10T03:30:00Z,Hydro,243.000,Elexon BMRS FUELHH
2022-03-10T03:30:00Z,Imports & Exports,1620.000,Elexon BMRS FUELHH
2022-03-10T03:30:00Z,Nuclear,6181.000,Elexon BMRS FUELHH
2022-03-10T03:30:00Z,Other,158.000,Elexon BMRS FUELHH
2022-03-10T03:30:00Z,Pumped Storage,-1356.000,Elexon BMRS FUELHH
2022-03-10T03:30:00Z,Wind,9476.000,Elexon BMRS FUELHH
2022-03-10T04:00:00Z,Biomass,1461.000,Elexon BMRS FUELHH
2022-03-10T04:00:00Z,Coal,0.000,Elexon BMRS FUELHH
2022-03-10T04:00:00Z,Gas,4783.000,Elexon BMRS FUELHH
2022-03-10T04:00:00Z,Hydro,243.000,Elexon BMRS FUELHH
2022-03-10T04:00:00Z,Imports & Exports,932.000,Elexon BMRS FUELHH
2022-03-10T04:00:00Z,Nuclear,6199.000,Elexon BMRS FUELHH
2022-03-10T04:00:00Z,Other,173.000,Elexon BMRS FUELHH
2022-03-10T04:00:00Z,Pumped Storage,-1200.000,Elexon BMRS FUELHH
2022-03-10T04:00:00Z,Wind,9798.000,Elexon BMRS FUELHH
2022-03-10T04:30:00Z,Biomass,1455.000,Elexon BMRS FUELHH
2022-03-10T04:30:00Z,Coal,0.000,Elexon BMRS FUELHH
2022-03-10T04:30:00Z,Gas,4699.000,Elexon BMRS FUELHH
2022-03-10T04:30:00Z,Hydro,243.000,Elexon BMRS FUELHH
2022-03-10T04:30:00Z,Imports & Exports,1052.000,Elexon BMRS FUELHH
2022-03-10T04:30:00Z,Nuclear,6200.000,Elexon BMRS FUELHH
2022-03-10T04:30:00Z,Other,156.000,Elexon BMRS FUELHH
2022-03-10T04:30:00Z,Pumped Storage,-1172.000,Elexon BMRS FUELHH
2022-03-10T04:30:00Z,Wind,9965.000,Elexon BMRS FUELHH
2022-03-10T05:00:00Z,Biomass,1644.000,Elexon BMRS FUELHH
2022-03-10T05:00:00Z,Coal,0.000,Elexon BMRS FUELHH
2022-03-10T05:00:00Z,Gas,5704.000,Elexon BMRS FUELHH
2022-03-10T05:00:00Z,Hydro,260.000,Elexon BMRS FUELHH
2022-03-10T05:00:00Z,Imports & Exports,-668.000,Elexon BMRS FUELHH
2022-03-10T05:00:00Z,Nuclear,6200.000,Elexon BMRS FUELHH
2022-03-10T05:00:00Z,Other,164.000,Elexon BMRS FUELHH
2022-03-10T05:00:00Z,Pumped Storage,-174.000,Elexon BMRS FUELHH
2022-03-10T05:00:00Z,Wind,10153.000,Elexon BMRS FUELHH
2022-03-10T05:30:00Z,Biomass,1699.000,Elexon BMRS FUELHH
2022-03-10T05:30:00Z,Coal,0.000,Elexon BMRS FUELHH
2022-03-10T05:30:00Z,Gas,6857.000,Elexon BMRS FUELHH
2022-03-10T05:30:00Z,Hydro,274.000,Elexon BMRS FUELHH
2022-03-10T05:30:00Z,Imports & Exports,-662.000,Elexon BMRS FUELHH
2022-03-10T05:30:00Z,Nuclear,6197.000,Elexon BMRS FUELHH
2022-03-10T05:30:00Z,Other,166.000,Elexon BMRS FUELHH
2022-03-10T05:30:00Z,Pumped Storage,-334.000,Elexon BMRS FUELHH
2022-03-10T05:30:00Z,Wind,10440.000,Elexon BMRS FUELHH
2022-03-10T06:00:00Z,Biomass,1748.000,Elexon BMRS FUELHH
2022-03-10T06:00:00Z,Coal,0.000,Elexon BMRS FUELHH
2022-03-10T06:00:00Z,Gas,8376.000,Elexon BMRS FUELHH
2022-03-10T06:00:00Z,Hydro,354.000,Elexon BMRS FUELHH
2022-03-10T06:00:00Z,Imports & Exports,-636.000,Elexon BMRS FUELHH
2022-03-10T06:00:00Z,Nuclear,6244.000,Elexon BMRS FUELHH
2022-03-10T06:00:00Z,Other,166.000,Elexon BMRS FUELHH
2022-03-10T06:00:00Z,Pumped Storage,176.000,Elexon BMRS FUELHH
2022-03-10T06:00:00Z,Wind,10737.000,Elexon BMRS FUELHH
2022-03-10T06:30:00Z,Biomass,2078.000,Elexon BMRS FUELHH
2022-03-10T06:30:00Z,Coal,138.000,Elexon BMRS FUELHH
2022-03-10T06:30:00Z,Gas,9352.000,Elexon BMRS FUELHH
2022-03-10T06:30:00Z,Hydro,405.000,Elexon BMRS FUELHH
2022-03-10T06:30:00Z,Imports & Exports,-564.000,Elexon BMRS FUELHH
2022-03-10T06:30:00Z,Nuclear,6258.000,Elexon BMRS FUELHH
2022-03-10T06:30:00Z,Other,229.000,Elexon BMRS FUELHH
2022-03-10T06:30:00Z,Pumped Storage,358.000,Elexon BMRS FUELHH
2022-03-10T06:30:00Z,Wind,11108.000,Elexon BMRS FUELHH
2022-03-10T07:00:00Z,Biomass,2050.000,Elexon BMRS FUELHH
2022-03-10T07:00:00Z,Coal,486.000,Elexon BMRS FUELHH
2022-03-10T07:00:00Z,Gas,9458.000,Elexon BMRS FUELHH
2022-03-10T07:00:00Z,Hydro,437.000,Elexon BMRS FUELHH
2022-03-10T07:00:00Z,Imports & Exports,1060.000,Elexon BMRS FUELHH
2022-03-10T07:00:00Z,Nuclear,6253.000,Elexon BMRS FUELHH
2022-03-10T07:00:00Z,Other,216.000,Elexon BMRS FUELHH
2022-03-10T07:00:00Z,Pumped Storage,654.000,Elexon BMRS FUELHH
2022-03-10T07:00:00Z,Wind,11591.000,Elexon BMRS FUELHH
2022-03-10T07:30:00Z,Biomass,2165.000,Elexon BMRS FUELHH
2022-03-10T07:30:00Z,Coal,656.000,Elexon BMRS FUELHH
2022-03-10T07:30:00Z,Gas,10299.000,Elexon BMRS FUELHH
2022-03-10T07:30:00Z,Hydro,438.000,Elexon BMRS FUELHH
2022-03-10T07:30:00Z,Imports & Exports,1082.000,Elexon BMRS FUELHH
2022-03-10T07:30:00Z,Nuclear,6262.000,Elexon BMRS FUELHH
2022-03-10T07:30:00Z,Other,261.000,Elexon BMRS FUELHH
2022-03-10T07:30:00Z,Pumped Storage,100.000,Elexon BMRS FUELHH
2022-03-10T07:30:00Z,Wind,11805.000,Elexon BMRS FUELHH
2022-03-10T08:00:00Z,Biomass,2293.000,Elexon BMRS FUELHH
2022-03-10T08:00:00Z,Coal,743.000,Elexon BMRS FUELHH
2022-03-10T08:00:00Z,Gas,10788.000,Elexon BMRS FUELHH
2022-03-10T08:00:00Z,Hydro,470.000,Elexon BMRS FUELHH
2022-03-10T08:00:00Z,Imports & Exports,1190.000,Elexon BMRS FUELHH
2022-03-10T08:00:00Z,Nuclear,6253.000,Elexon BMRS FUELHH
2022-03-10T08:00:00Z,Other,287.000,Elexon BMRS FUELHH
2022-03-10T08:00:00Z,Pumped Storage,22.000,Elexon BMRS FUELHH
2022-03-10T08:00:00Z,Wind,11746.000,Elexon BMRS FUELHH
2022-03-10T08:30:00Z,Biomass,2355.000,Elexon BMRS FUELHH
2022-03-10T08:30:00Z,Coal,762.000,Elexon BMRS FUELHH
2022-03-10T08:30:00Z,Gas,10933.000,Elexon BMRS FUELHH
2022-03-10T08:30:00Z,Hydro,456.000,Elexon BMRS FUELHH
2022-03-10T08:30:00Z,Imports & Exports,1280.000,Elexon BMRS FUELHH
2022-03-10T08:30:00Z,Nuclear,6263.000,Elexon BMRS FUELHH
2022-03-10T08:30:00Z,Other,164.000,Elexon BMRS FUELHH
2022-03-10T08:30:00Z,Pumped Storage,54.000,Elexon BMRS FUELHH
2022-03-10T08:30:00Z,Wind,11501.000,Elexon BMRS FUELHH
2022-03-10T09:00:00Z,Biomass,2067.000,Elexon BMRS FUELHH
2022-03-10T09:00:00Z,Coal,701.000,Elexon BMRS FUELHH
2022-03-10T09:00:00Z,Gas,10409.000,Elexon BMRS FUELHH
2022-03-10T09:00:00Z,Hydro,455.000,Elexon BMRS FUELHH
2022-03-10T09:00:00Z,Imports & Exports,2500.000,Elexon BMRS FUELHH
2022-03-10T09:00:00Z,Nuclear,6261.000,Elexon BMRS FUELHH
2022-03-10T09:00:00Z,Other,172.000,Elexon BMRS FUELHH
2022-03-10T09:00:00Z,Pumped Storage,-12.000,Elexon BMRS FUELHH
2022-03-10T09:00:00Z,Wind,11447.000,Elexon BMRS FUELHH
2022-03-10T09:30:00Z,Biomass,1664.000,Elexon BMRS FUELHH
2022-03-10T09:30:00Z,Coal,647.000,Elexon BMRS FUELHH
2022-03-10T09:30:00Z,Gas,9917.000,Elexon BMRS FUELHH
2022-03-10T09:30:00Z,Hydro,458.000,Elexon BMRS FUELHH
2022-03-10T09:30:00Z,Imports & Exports,2884.000,Elexon BMRS FUELHH
2022-03-10T09:30:00Z,Nuclear,6258.000,Elexon BMRS FUELHH
2022-03-10T09:30:00Z,Other,162.000,Elexon BMRS FUELHH
2022-03-10T09:30:00Z,Pumped Storage,-10.000,Elexon BMRS FUELHH
2022-03-10T09:30:00Z,Wind,11488.000,Elexon BMRS FUELHH
2022-03-10T10:00:00Z,Biomass,1641.000,Elexon BMRS FUELHH
2022-03-10T10:00:00Z,Coal,647.000,Elexon BMRS FUELHH
2022-03-10T10:00:00Z,Gas,9743.000,Elexon BMRS FUELHH
2022-03-10T10:00:00Z,Hydro,372.000,Elexon BMRS FUELHH
2022-03-10T10:00:00Z,Imports & Exports,1882.000,Elexon BMRS FUELHH
2022-03-10T10:00:00Z,Nuclear,6242.000,Elexon BMRS FUELHH
2022-03-10T10:00:00Z,Other,165.000,Elexon BMRS FUELHH
2022-03-10T10:00:00Z,Pumped Storage,-10.000,Elexon BMRS FUELHH
2022-03-10T10:00:00Z,Wind,11737.000,Elexon BMRS FUELHH
2022-03-10T10:30:00Z,Biomass,1857.000,Elexon BMRS FUELHH
2022-03-10T10:30:00Z,Coal,582.000,Elexon BMRS FUELHH
2022-03-10T10:30:00Z,Gas,9429.000,Elexon BMRS FUELHH
2022-03-10T10:30:00Z,Hydro,321.000,Elexon BMRS FUELHH
2022-03-10T10:30:00Z,Imports & Exports,1804.000,Elexon BMRS FUELHH
2022-03-10T10:30:00Z,Nuclear,6235.000,Elexon BMRS FUELHH
2022-03-10T10:30:00Z,Other,170.000,Elexon BMRS FUELHH
2022-03-10T10:30:00Z,Pumped Storage,56.000,Elexon BMRS FUELHH
2022-03-10T10:30:00Z,Wind,11514.000,Elexon BMRS FUELHH
2022-03-10T11:00:00Z,Biomass,1991.000,Elexon BMRS FUELHH
2022-03-10T11:00:00Z,Coal,710.000,Elexon BMRS FUELHH
2022-03-10T11:00:00Z,Gas,9188.000,Elexon BMRS FUELHH
2022-03-10T11:00:00Z,Hydro,285.000,Elexon BMRS FUELHH
2022-03-10T11:00:00Z,Imports & Exports,1618.000,Elexon BMRS FUELHH
2022-03-10T11:00:00Z,Nuclear,6242.000,Elexon BMRS FUELHH
2022-03-10T11:00:00Z,Other,172.000,Elexon BMRS FUELHH
2022-03-10T11:00:00Z,Pumped Storage,-230.000,Elexon BMRS FUELHH
2022-03-10T11:00:00Z,Wind,11583.000,Elexon BMRS FUELHH
2022-03-10T11:30:00Z,Biomass,1756.000,Elexon BMRS FUELHH
2022-03-10T11:30:00Z,Coal,768.000,Elexon BMRS FUELHH
2022-03-10T11:30:00Z,Gas,8616.000,Elexon BMRS FUELHH
2022-03-10T11:30:00Z,Hydro,287.000,Elexon BMRS FUELHH
2022-03-10T11:30:00Z,Imports & Exports,1794.000,Elexon BMRS FUELHH
2022-03-10T11:30:00Z,Nuclear,6234.000,Elexon BMRS FUELHH
2022-03-10T11:30:00Z,Other,164.000,Elexon BMRS FUELHH
2022-03-10T11:30:00Z,Pumped Storage,-254.000,Elexon BMRS FUELHH
2022-03-10T11:30:00Z,Wind,11830.000,Elexon BMRS FUELHH
2022-03-10T12:00:00Z,Biomass,1772.000,Elexon BMRS FUELHH
2022-03-10T12:00:00Z,Coal,797.000,Elexon BMRS FUELHH
2022-03-10T12:00:00Z,Gas,9000.000,Elexon BMRS FUELHH
2022-03-10T12:00:00Z,Hydro,287.000,Elexon BMRS FUELHH
2022-03-10T12:00:00Z,Imports & Exports,1544.000,Elexon BMRS FUELHH
2022-03-10T12:00:00Z,Nuclear,6232.000,Elexon BMRS FUELHH
2022-03-10T12:00:00Z,Other,168.000,Elexon BMRS FUELHH
2022-03-10T12:00:00Z,Pumped Storage,-124.000,Elexon BMRS FUELHH
2022-03-10T12:00:00Z,Wind,11498.000,Elexon BMRS FUELHH
2022-03-10T12:30:00Z,Biomass,1756.000,Elexon BMRS FUELHH
2022-03-10T12:30:00Z,Coal,808.000,Elexon BMRS FUELHH
2022-03-10T12:30:00Z,Gas,9213.000,Elexon BMRS FUELHH
2022-03-10T12:30:00Z,Hydro,285.000,Elexon BMRS FUELHH
2022-03-10T12:30:00Z,Imports & Exports,1720.000,Elexon BMRS FUELHH
2022-03-10T12:30:00Z,Nuclear,6228.000,Elexon BMRS FUELHH
2022-03-10T12:30:00Z,Other,168.000,Elexon BMRS FUELHH
2022-03-10T12:30:00Z,Pumped Storage,-252.000,Elexon BMRS FUELHH
2022-03-10T12:30:00Z,Wind,11385.000,Elexon BMRS FUELHH
2022-03-10T13:00:00Z,Biomass,1689.000,Elexon BMRS FUELHH
2022-03-10T13:00:00Z,Coal,887.000,Elexon BMRS FUELHH
2022-03-10T13:00:00Z,Gas,8588.000,Elexon BMRS FUELHH
2022-03-10T13:00:00Z,Hydro,279.000,Elexon BMRS FUELHH
2022-03-10T13:00:00Z,Imports & Exports,2378.000,Elexon BMRS FUELHH
2022-03-10T13:00:00Z,Nuclear,6225.000,Elexon BMRS FUELHH
2022-03-10T13:00:00Z,Other,175.000,Elexon BMRS FUELHH
2022-03-10T13:00:00Z,Pumped Storage,-252.000,Elexon BMRS FUELHH
2022-03-10T13:00:00Z,Wind,11210.000,Elexon BMRS FUELHH
2022-03-10T13:30:00Z,Biomass,1653.000,Elexon BMRS FUELHH
2022-03-10T13:30:00Z,Coal,885.000,Elexon BMRS FUELHH
2022-03-10T13:30:00Z,Gas,8800.000,Elexon BMRS FUELHH
2022-03-10T13:30:00Z,Hydro,305.000,Elexon BMRS FUELHH
2022-03-10T13:30:00Z,Imports & Exports,2498.000,Elexon BMRS FUELHH
2022-03-10T13:30:00Z,Nuclear,6231.000,Elexon BMRS FUELHH
2022-03-10T13:30:00Z,Other,176.000,Elexon BMRS FUELHH
2022-03-10T13:30:00Z,Pumped Storage,-356.000,Elexon BMRS FUELHH
2022-03-10T13:30:00Z,Wind,10830.000,Elexon BMRS FUELHH
2022-03-10T14:00:00Z,Biomass,1659.000,Elexon BMRS FUELHH
2022-03-10T14:00:00Z,Coal,900.000,Elexon BMRS FUELHH
2022-03-10T14:00:00Z,Gas,8641.000,Elexon BMRS FUELHH
2022-03-10T14:00:00Z,Hydro,296.000,Elexon BMRS FUELHH
2022-03-10T14:00:00Z,Imports & Exports,3140.000,Elexon BMRS FUELHH
2022-03-10T14:00:00Z,Nuclear,6232.000,Elexon BMRS FUELHH
2022-03-10T14:00:00Z,Other,171.000,Elexon BMRS FUELHH
2022-03-10T14:00:00Z,Pumped Storage,-424.000,Elexon BMRS FUELHH
2022-03-10T14:00:00Z,Wind,10752.000,Elexon BMRS FUELHH
2022-03-10T14:30:00Z,Biomass,1752.000,Elexon BMRS FUELHH
2022-03-10T14:30:00Z,Coal,810.000,Elexon BMRS FUELHH
2022-03-10T14:30:00Z,Gas,9011.000,Elexon BMRS FUELHH
2022-03-10T14:30:00Z,Hydro,280.000,Elexon BMRS FUELHH
2022-03-10T14:30:00Z,Imports & Exports,3114.000,Elexon BMRS FUELHH
2022-03-10T14:30:00Z,Nuclear,6263.000,Elexon BMRS FUELHH
2022-03-10T14:30:00Z,Other,167.000,Elexon BMRS FUELHH
2022-03-10T14:30:00Z,Pumped Storage,-480.000,Elexon BMRS FUELHH
2022-03-10T14:30:00Z,Wind,10834.000,Elexon BMRS FUELHH
2022-03-10T15:00:00Z,Biomass,1749.000,Elexon BMRS FUELHH
2022-03-10T15:00:00Z,Coal,805.000,Elexon BMRS FUELHH
2022-03-10T15:00:00Z,Gas,9295.000,Elexon BMRS FUELHH
2022-03-10T15:00:00Z,Hydro,361.000,Elexon BMRS FUELHH
2022-03-10T15:00:00Z,Imports & Exports,2762.000,Elexon BMRS FUELHH
2022-03-10T15:00:00Z,Nuclear,6280.000,Elexon BMRS FUELHH
2022-03-10T15:00:00Z,Other,153.000,Elexon BMRS FUELHH
2022-03-10T15:00:00Z,Pumped Storage,96.000,Elexon BMRS FUELHH
2022-03-10T15:00:00Z,Wind,10803.000,Elexon BMRS FUELHH
2022-03-10T15:30:00Z,Biomass,1992.000,Elexon BMRS FUELHH
2022-03-10T15:30:00Z,Coal,956.000,Elexon BMRS FUELHH
2022-03-10T15:30:00Z,Gas,10677.000,Elexon BMRS FUELHH
2022-03-10T15:30:00Z,Hydro,391.000,Elexon BMRS FUELHH
2022-03-10T15:30:00Z,Imports & Exports,2264.000,Elexon BMRS FUELHH
2022-03-10T15:30:00Z,Nuclear,6283.000,Elexon BMRS FUELHH
2022-03-10T15:30:00Z,Other,158.000,Elexon BMRS FUELHH
2022-03-10T15:30:00Z,Pumped Storage,54.000,Elexon BMRS FUELHH
2022-03-10T15:30:00Z,Wind,10597.000,Elexon BMRS FUELHH
2022-03-10T16:00:00Z,Biomass,1943.000,Elexon BMRS FUELHH
2022-03-10T16:00:00Z,Coal,1251.000,Elexon BMRS FUELHH
2022-03-10T16:00:00Z,Gas,11692.000,Elexon BMRS FUELHH
2022-03-10T16:00:00Z,Hydro,451.000,Elexon BMRS FUELHH
2022-03-10T16:00:00Z,Imports & Exports,2438.000,Elexon BMRS FUELHH
2022-03-10T16:00:00Z,Nuclear,6284.000,Elexon BMRS FUELHH
2022-03-10T16:00:00Z,Other,151.000,Elexon BMRS FUELHH
2022-03-10T16:00:00Z,Pumped Storage,268.000,Elexon BMRS FUELHH
2022-03-10T16:00:00Z,Wind,10460.000,Elexon BMRS FUELHH
2022-03-10T16:30:00Z,Biomass,2238.000,Elexon BMRS FUELHH
2022-03-10T16:30:00Z,Coal,1349.000,Elexon BMRS FUELHH
2022-03-10T16:30:00Z,Gas,12150.000,Elexon BMRS FUELHH
2022-03-10T16:30:00Z,Hydro,467.000,Elexon BMRS FUELHH
2022-03-10T16:30:00Z,Imports & Exports,2460.000,Elexon BMRS FUELHH
2022-03-10T16:30:00Z,Nuclear,6284.000,Elexon BMRS FUELHH
2022-03-10T16:30:00Z,Other,257.000,Elexon BMRS FUELHH
2022-03-10T16:30:00Z,Pumped Storage,454.000,Elexon BMRS FUELHH
2022-03-10T16:30:00Z,Wind,10404.000,Elexon BMRS FUELHH
2022-03-10T17:00:00Z,Biomass,2223.000,Elexon BMRS FUELHH
2022-03-10T17:00:00Z,Coal,1328.000,Elexon BMRS FUELHH
2022-03-10T17:00:00Z,Gas,12929.000,Elexon BMRS FUELHH
2022-03-10T17:00:00Z,Hydro,557.000,Elexon BMRS FUELHH
2022-03-10T17:00:00Z,Imports & Exports,2608.000,Elexon BMRS FUELHH
2022-03-10T17:00:00Z,Nuclear,6291.000,Elexon BMRS FUELHH
2022-03-10T17:00:00Z,Other,464.000,Elexon BMRS FUELHH
2022-03-10T17:00:00Z,Pumped Storage,822.000,Elexon BMRS FUELHH
2022-03-10T17:00:00Z,Wind,10465.000,Elexon BMRS FUELHH
2022-03-10T17:30:00Z,Biomass,2241.000,Elexon BMRS FUELHH
2022-03-10T17:30:00Z,Coal,1362.000,Elexon BMRS FUELHH
2022-03-10T17:30:00Z,Gas,13187.000,Elexon BMRS FUELHH
2022-03-10T17:30:00Z,Hydro,672.000,Elexon BMRS FUELHH
2022-03-10T17:30:00Z,Imports & Exports,2624.000,Elexon BMRS FUELHH
2022-03-10T17:30:00Z,Nuclear,6286.000,Elexon BMRS FUELHH
2022-03-10T17:30:00Z,Other,480.000,Elexon BMRS FUELHH
2022-03-10T17:30:00Z,Pumped Storage,1006.000,Elexon BMRS FUELHH
2022-03-10T17:30:00Z,Wind,10581.000,Elexon BMRS FUELHH
2022-03-10T18:00:00Z,Biomass,2330.000,Elexon BMRS FUELHH
2022-03-10T18:00:00Z,Coal,1356.000,Elexon BMRS FUELHH
2022-03-10T18:00:00Z,Gas,13411.000,Elexon BMRS FUELHH
2022-03-10T18:00:00Z,Hydro,717.000,Elexon BMRS FUELHH
2022-03-10T18:00:00Z,Imports & Exports,2370.000,Elexon BMRS FUELHH
2022-03-10T18:00:00Z,Nuclear,6286.000,Elexon BMRS FUELHH
2022-03-10T18:00:00Z,Other,500.000,Elexon BMRS FUELHH
2022-03-10T18:00:00Z,Pumped Storage,1462.000,Elexon BMRS FUELHH
2022-03-10T18:00:00Z,Wind,10696.000,Elexon BMRS FUELHH
2022-03-10T18:30:00Z,Biomass,2313.000,Elexon BMRS FUELHH
2022-03-10T18:30:00Z,Coal,1349.000,Elexon BMRS FUELHH
2022-03-10T18:30:00Z,Gas,13313.000,Elexon BMRS FUELHH
2022-03-10T18:30:00Z,Hydro,696.000,Elexon BMRS FUELHH
2022-03-10T18:30:00Z,Imports & Exports,2364.000,Elexon BMRS FUELHH
2022-03-10T18:30:00Z,Nuclear,6289.000,Elexon BMRS FUELHH
2022-03-10T18:30:00Z,Other,471.000,Elexon BMRS FUELHH
2022-03-10T18:30:00Z,Pumped Storage,1502.000,Elexon BMRS FUELHH
2022-03-10T18:30:00Z,Wind,10982.000,Elexon BMRS FUELHH
2022-03-10T19:00:00Z,Biomass,2319.000,Elexon BMRS FUELHH
2022-03-10T19:00:00Z,Coal,1334.000,Elexon BMRS FUELHH
2022-03-10T19:00:00Z,Gas,12999.000,Elexon BMRS FUELHH
2022-03-10T19:00:00Z,Hydro,651.000,Elexon BMRS FUELHH
2022-03-10T19:00:00Z,Imports & Exports,2830.000,Elexon BMRS FUELHH
2022-03-10T19:00:00Z,Nuclear,6283.000,Elexon BMRS FUELHH
2022-03-10T19:00:00Z,Other,195.000,Elexon BMRS FUELHH
2022-03-10T19:00:00Z,Pumped Storage,590.000,Elexon BMRS FUELHH
2022-03-10T19:00:00Z,Wind,11130.000,Elexon BMRS FUELHH
2022-03-10T19:30:00Z,Biomass,2315.000,Elexon BMRS FUELHH
2022-03-10T19:30:00Z,Coal,1324.000,Elexon BMRS FUELHH
2022-03-10T19:30:00Z,Gas,12446.000,Elexon BMRS FUELHH
2022-03-10T19:30:00Z,Hydro,654.000,Elexon BMRS FUELHH
2022-03-10T19:30:00Z,Imports & Exports,2776.000,Elexon BMRS FUELHH
2022-03-10T19:30:00Z,Nuclear,6286.000,Elexon BMRS FUELHH
2022-03-10T19:30:00Z,Other,162.000,Elexon BMRS FUELHH
2022-03-10T19:30:00Z,Pumped Storage,106.000,Elexon BMRS FUELHH
2022-03-10T19:30:00Z,Wind,11068.000,Elexon BMRS FUELHH
2022-03-10T20:00:00Z,Biomass,2323.000,Elexon BMRS FUELHH
2022-03-10T20:00:00Z,Coal,1327.000,Elexon BMRS FUELHH
2022-03-10T20:00:00Z,Gas,10632.000,Elexon BMRS FUELHH
2022-03-10T20:00:00Z,Hydro,552.000,Elexon BMRS FUELHH
2022-03-10T20:00:00Z,Imports & Exports,3152.000,Elexon BMRS FUELHH
2022-03-10T20:00:00Z,Nuclear,6281.000,Elexon BMRS FUELHH
2022-03-10T20:00:00Z,Other,173.000,Elexon BMRS FUELHH
2022-03-10T20:00:00Z,Pumped Storage,42.000,Elexon BMRS FUELHH
2022-03-10T20:00:00Z,Wind,11057.000,Elexon BMRS FUELHH
2022-03-10T20:30:00Z,Biomass,2141.000,Elexon BMRS FUELHH
2022-03-10T20:30:00Z,Coal,1332.000,Elexon BMRS FUELHH
2022-03-10T20:30:00Z,Gas,9189.000,Elexon BMRS FUELHH
2022-03-10T20:30:00Z,Hydro,496.000,Elexon BMRS FUELHH
2022-03-10T20:30:00Z,Imports & Exports,3176.000,Elexon BMRS FUELHH
2022-03-10T20:30:00Z,Nuclear,6279.000,Elexon BMRS FUELHH
2022-03-10T20:30:00Z,Other,165.000,Elexon BMRS FUELHH
2022-03-10T20:30:00Z,Pumped Storage,26.000,Elexon BMRS FUELHH
2022-03-10T20:30:00Z,Wind,11333.000,Elexon BMRS FUELHH
2022-03-10T21:00:00Z,Biomass,2190.000,Elexon BMRS FUELHH
2022-03-10T21:00:00Z,Coal,1316.000,Elexon BMRS FUELHH
2022-03-10T21:00:00Z,Gas,7263.000,Elexon BMRS FUELHH
2022-03-10T21:00:00Z,Hydro,418.000,Elexon BMRS FUELHH
2022-03-10T21:00:00Z,Imports & Exports,3048.000,Elexon BMRS FUELHH
2022-03-10T21:00:00Z,Nuclear,6278.000,Elexon BMRS FUELHH
2022-03-10T21:00:00Z,Other,182.000,Elexon BMRS FUELHH
2022-03-10T21:00:00Z,Pumped Storage,162.000,Elexon BMRS FUELHH
2022-03-10T21:00:00Z,Wind,11388.000,Elexon BMRS FUELHH
2022-03-10T21:30:00Z,Biomass,2132.000,Elexon BMRS FUELHH
2022-03-10T21:30:00Z,Coal,1122.000,Elexon BMRS FUELHH
2022-03-10T21:30:00Z,Gas,6040.000,Elexon BMRS FUELHH
2022-03-10T21:30:00Z,Hydro,364.000,Elexon BMRS FUELHH
2022-03-10T21:30:00Z,Imports & Exports,3012.000,Elexon BMRS FUELHH
2022-03-10T21:30:00Z,Nuclear,6279.000,Elexon BMRS FUELHH
2022-03-10T21:30:00Z,Other,154.000,Elexon BMRS FUELHH
2022-03-10T21:30:00Z,Pumped Storage,160.000,Elexon BMRS FUELHH
2022-03-10T21:30:00Z,Wind,11293.000,Elexon BMRS FUELHH
2022-03-10T22:00:00Z,Biomass,2099.000,Elexon BMRS FUELHH
2022-03-10T22:00:00Z,Coal,785.000,Elexon BMRS FUELHH
2022-03-10T22:00:00Z,Gas,5557.000,Elexon BMRS FUELHH
2022-03-10T22:00:00Z,Hydro,327.000,Elexon BMRS FUELHH
2022-03-10T22:00:00Z,Imports & Exports,2208.000,Elexon BMRS FUELHH
2022-03-10T22:00:00Z,Nuclear,6282.000,Elexon BMRS FUELHH
2022-03-10T22:00:00Z,Other,146.000,Elexon BMRS FUELHH
2022-03-10T22:00:00Z,Pumped Storage,76.000,Elexon BMRS FUELHH
2022-03-10T22:00:00Z,Wind,11271.000,Elexon BMRS FUELHH
2022-03-10T22:30:00Z,Biomass,2047.000,Elexon BMRS FUELHH
2022-03-10T22:30:00Z,Coal,591.000,Elexon BMRS FUELHH
2022-03-10T22:30:00Z,Gas,4081.000,Elexon BMRS FUELHH
2022-03-10T22:30:00Z,Hydro,290.000,Elexon BMRS FUELHH
2022-03-10T22:30:00Z,Imports & Exports,2200.000,Elexon BMRS FUELHH
2022-03-10T22:30:00Z,Nuclear,6279.000,Elexon BMRS FUELHH
2022-03-10T22:30:00Z,Other,156.000,Elexon BMRS FUELHH
2022-03-10T22:30:00Z,Pumped Storage,-10.000,Elexon BMRS FUELHH
2022-03-10T22:30:00Z,Wind,11426.000,Elexon BMRS FUELHH
2022-03-10T23:00:00Z,Biomass,1644.000,Elexon BMRS FUELHH
2022-03-10T23:00:00Z,Coal,388.000,Elexon BMRS FUELHH
2022-03-10T23:00:00Z,Gas,3400.000,Elexon BMRS FUELHH
2022-03-10T23:00:00Z,Hydro,267.000,Elexon BMRS FUELHH
2022-03-10T23:00:00Z,Imports & Exports,1550.000,Elexon BMRS FUELHH
2022-03-10T23:00:00Z,Nuclear,6281.000,Elexon BMRS FUELHH
2022-03-10T23:00:00Z,Other,161.000,Elexon BMRS FUELHH
2022-03-10T23:00:00Z,Pumped Storage,18.000,Elexon BMRS FUELHH
2022-03-10T23:00:00Z,Wind,11755.000,Elexon BMRS FUELHH
2022-03-10T23:30:00Z,Biomass,1350.000,Elexon BMRS FUELHH
2022-03-10T23:30:00Z,Coal,334.000,Elexon BMRS FUELHH
2022-03-10T23:30:00Z,Gas,2622.000,Elexon BMRS FUELHH
2022-03-10T23:30:00Z,Hydro,265.000,Elexon BMRS FUELHH
2022-03-10T23:30:00Z,Imports & Exports,1588.000,Elexon BMRS FUELHH
2022-03-10T23:30:00Z,Nuclear,6294.000,Elexon BMRS FUELHH
2022-03-10T23:30:00Z,Other,155.000,Elexon BMRS FUELHH
2022-03-10T23:30:00Z,Pumped Storage,30.000,Elexon BMRS FUELHH
2022-03-10T23:30:00Z,Wind,11692.000,Elexon BMRS FUELHH
2022-03-11T00:00:00Z,Biomass,1027.000,Elexon BMRS FUELHH
2022-03-11T00:00:00Z,Coal,279.000,Elexon BMRS FUELHH
2022-03-11T00:00:00Z,Gas,2528.000,Elexon BMRS FUELHH
2022-03-11T00:00:00Z,Hydro,264.000,Elexon BMRS FUELHH
2022-03-11T00:00:00Z,Imports & Exports,2084.000,Elexon BMRS FUELHH
2022-03-11T00:00:00Z,Nuclear,6301.000,Elexon BMRS FUELHH
2022-03-11T00:00:00Z,Other,140.000,Elexon BMRS FUELHH
2022-03-11T00:00:00Z,Pumped Storage,-48.000,Elexon BMRS FUELHH
2022-03-11T00:00:00Z,Wind,11727.000,Elexon BMRS FUELHH
2022-03-11T00:30:00Z,Biomass,1075.000,Elexon BMRS FUELHH
2022-03-11T00:30:00Z,Coal,294.000,Elexon BMRS FUELHH
2022-03-11T00:30:00Z,Gas,2771.000,Elexon BMRS FUELHH
2022-03-11T00:30:00Z,Hydro,264.000,Elexon BMRS FUELHH
2022-03-11T00:30:00Z,Imports & Exports,2096.000,Elexon BMRS FUELHH
2022-03-11T00:30:00Z,Nuclear,6303.000,Elexon BMRS FUELHH
2022-03-11T00:30:00Z,Other,154.000,Elexon BMRS FUELHH
2022-03-11T00:30:00Z,Pumped Storage,-36.000,Elexon BMRS FUELHH
2022-03-11T00:30:00Z,Wind,11621.000,Elexon BMRS FUELHH
2022-03-11T01:00:00Z,Biomass,1082.000,Elexon BMRS FUELHH
2022-03-11T01:00:00Z,Coal,342.000,Elexon BMRS FUELHH
2022-03-11T01:00:00Z,Gas,2662.000,Elexon BMRS FUELHH
2022-03-11T01:00:00Z,Hydro,263.000,Elexon BMRS FUELHH
2022-03-11T01:00:00Z,Imports & Exports,2470.000,Elexon BMRS FUELHH
2022-03-11T01:00:00Z,Nuclear,6307.000,Elexon BMRS FUELHH
2022-03-11T01:00:00Z,Other,156.000,Elexon BMRS FUELHH
2022-03-11T01:00:00Z,Pumped Storage,-882.000,Elexon BMRS FUELHH
2022-03-11T01:00:00Z,Wind,11739.000,Elexon BMRS FUELHH
2022-03-11T01:30:00Z,Biomass,1080.000,Elexon BMRS FUELHH
2022-03-11T01:30:00Z,Coal,294.000,Elexon BMRS FUELHH
2022-03-11T01:30:00Z,Gas,2427.000,Elexon BMRS FUELHH
2022-03-11T01:30:00Z,Hydro,238.000,Elexon BMRS FUELHH
2022-03-11T01:30:00Z,Imports & Exports,2468.000,Elexon BMRS FUELHH
2022-03-11T01:30:00Z,Nuclear,6312.000,Elexon BMRS FUELHH
2022-03-11T01:30:00Z,Other,151.000,Elexon BMRS FUELHH
2022-03-11T01:30:00Z,Pumped Storage,-1372.000,Elexon BMRS FUELHH
2022-03-11T01:30:00Z,Wind,11787.000,Elexon BMRS FUELHH
2022-03-11T02:00:00Z,Biomass,1098.000,Elexon BMRS FUELHH
2022-03-11T02:00:00Z,Coal,239.000,Elexon BMRS FUELHH
2022-03-11T02:00:00Z,Gas,2363.000,Elexon BMRS FUELHH
2022-03-11T02:00:00Z,Hydro,232.000,Elexon BMRS FUELHH
2022-03-11T02:00:00Z,Imports & Exports,2160.000,Elexon BMRS FUELHH
2022-03-11T02:00:00Z,Nuclear,6304.000,Elexon BMRS FUELHH
2022-03-11T02:00:00Z,Other,143.000,Elexon BMRS FUELHH
2022-03-11T02:00:00Z,Pumped Storage,-1398.000,Elexon BMRS FUELHH
2022-03-11T02:00:00Z,Wind,11776.000,Elexon BMRS FUELHH
2022-03-11T02:30:00Z,Biomass,1044.000,Elexon BMRS FUELHH
2022-03-11T02:30:00Z,Coal,229.000,Elexon BMRS FUELHH
2022-03-11T02:30:00Z,Gas,2358.000,Elexon BMRS FUELHH
2022-03-11T02:30:00Z,Hydro,232.000,Elexon BMRS FUELHH
2022-03-11T02:30:00Z,Imports & Exports,2136.000,Elexon BMRS FUELHH
2022-03-11T02:30:00Z,Nuclear,6305.000,Elexon BMRS FUELHH
2022-03-11T02:30:00Z,Other,142.000,Elexon BMRS FUELHH
2022-03-11T02:30:00Z,Pumped Storage,-1948.000,Elexon BMRS FUELHH
2022-03-11T02:30:00Z,Wind,12048.000,Elexon BMRS FUELHH
2022-03-11T03:00:00Z,Biomass,1057.000,Elexon BMRS FUELHH
2022-03-11T03:00:00Z,Coal,230.000,Elexon BMRS FUELHH
2022-03-11T03:00:00Z,Gas,2390.000,Elexon BMRS FUELHH
2022-03-11T03:00:00Z,Hydro,231.000,Elexon BMRS FUELHH
2022-03-11T03:00:00Z,Imports & Exports,1546.000,Elexon BMRS FUELHH
2022-03-11T03:00:00Z,Nuclear,6300.000,Elexon BMRS FUELHH
2022-03-11T03:00:00Z,Other,153.000,Elexon BMRS FUELHH
2022-03-11T03:00:00Z,Pumped Storage,-1920.000,Elexon BMRS FUELHH
2022-03-11T03:00:00Z,Wind,12049.000,Elexon BMRS FUELHH
2022-03-11T03:30:00Z,Biomass,1053.000,Elexon BMRS FUELHH
2022-03-11T03:30:00Z,Coal,228.000,Elexon BMRS FUELHH
2022-03-11T03:30:00Z,Gas,2376.000,Elexon BMRS FUELHH
2022-03-11T03:30:00Z,Hydro,231.000,Elexon BMRS FUELHH
2022-03-11T03:30:00Z,Imports & Exports,1524.000,Elexon BMRS FUELHH
2022-03-11T03:30:00Z,Nuclear,6295.000,Elexon BMRS FUELHH
2022-03-11T03:30:00Z,Other,147.000,Elexon BMRS FUELHH
2022-03-11T03:30:00Z,Pumped Storage,-1916.000,Elexon BMRS FUELHH
2022-03-11T03:30:00Z,Wind,11721.000,Elexon BMRS FUELHH
2022-03-11T04:00:00Z,Biomass,1063.000,Elexon BMRS FUELHH
2022-03-11T04:00:00Z,Coal,246.000,Elexon BMRS FUELHH
2022-03-11T04:00:00Z,Gas,2483.000,Elexon BMRS FUELHH
2022-03-11T04:00:00Z,Hydro,251.000,Elexon BMRS FUELHH
2022-03-11T04:00:00Z,Imports & Exports,702.000,Elexon BMRS FUELHH
2022-03-11T04:00:00Z,Nuclear,6300.000,Elexon BMRS FUELHH
2022-03-11T04:00:00Z,Other,147.000,Elexon BMRS FUELHH
2022-03-11T04:00:00Z,Pumped Storage,-1830.000,Elexon BMRS FUELHH
2022-03-11T04:00:00Z,Wind,11931.000,Elexon BMRS FUELHH
2022-03-11T04:30:00Z,Biomass,1028.000,Elexon BMRS FUELHH
2022-03-11T04:30:00Z,Coal,230.000,Elexon BMRS FUELHH
2022-03-11T04:30:00Z,Gas,2632.000,Elexon BMRS FUELHH
2022-03-11T04:30:00Z,Hydro,250.000,Elexon BMRS FUELHH
2022-03-11T04:30:00Z,Imports & Exports,684.000,Elexon BMRS FUELHH
2022-03-11T04:30:00Z,Nuclear,6298.000,Elexon BMRS FUELHH
2022-03-11T04:30:00Z,Other,140.000,Elexon BMRS FUELHH
2022-03-11T04:30:00Z,Pumped Storage,-1920.000,Elexon BMRS FUELHH
2022-03-11T04:30:00Z,Wind,12219.000,Elexon BMRS FUELHH
2022-03-11T05:00:00Z,Biomass,1035.000,Elexon BMRS FUELHH
2022-03-11T05:00:00Z,Coal,319.000,Elexon BMRS FUELHH
2022-03-11T05:00:00Z,Gas,2799.000,Elexon BMRS FUELHH
2022-03-11T05:00:00Z,Hydro,250.000,Elexon BMRS FUELHH
2022-03-11T05:00:00Z,Imports & Exports,416.000,Elexon BMRS FUELHH
2022-03-11T05:00:00Z,Nuclear,6296.000,Elexon BMRS FUELHH
2022-03-11T05:00:00Z,Other,145.000,Elexon BMRS FUELHH
2022-03-11T05:00:00Z,Pumped Storage,-1302.000,Elexon BMRS FUELHH
2022-03-11T05:00:00Z,Wind,12190.000,Elexon BMRS FUELHH
2022-03-11T05:30:00Z,Biomass,1032.000,Elexon BMRS FUELHH
2022-03-11T05:30:00Z,Coal,596.000,Elexon BMRS FUELHH
2022-03-11T05:30:00Z,Gas,2892.000,Elexon BMRS FUELHH
2022-03-11T05:30:00Z,Hydro,256.000,Elexon BMRS FUELHH
2022-03-11T05:30:00Z,Imports & Exports,380.000,Elexon BMRS FUELHH
2022-03-11T05:30:00Z,Nuclear,6304.000,Elexon BMRS FUELHH
2022-03-11T05:30:00Z,Other,143.000,Elexon BMRS FUELHH
2022-03-11T05:30:00Z,Pumped Storage,-1150.000,Elexon BMRS FUELHH
2022-03-11T05:30:00Z,Wind,12781.000,Elexon BMRS FUELHH
2022-03-11T06:00:00Z,Biomass,1055.000,Elexon BMRS FUELHH
2022-03-11T06:00:00Z,Coal,637.000,Elexon BMRS FUELHH
2022-03-11T06:00:00Z,Gas,3356.000,Elexon BMRS FUELHH
2022-03-11T06:00:00Z,Hydro,334.000,Elexon BMRS FUELHH
2022-03-11T06:00:00Z,Imports & Exports,1530.000,Elexon BMRS FUELHH
2022-03-11T06:00:00Z,Nuclear,6298.000,Elexon BMRS FUELHH
2022-03-11T06:00:00Z,Other,149.000,Elexon BMRS FUELHH
2022-03-11T06:00:00Z,Pumped Storage,-500.000,Elexon BMRS FUELHH
2022-03-11T06:00:00Z,Wind,13039.000,Elexon BMRS FUELHH
2022-03-11T06:30:00Z,Biomass,1136.000,Elexon BMRS FUELHH
2022-03-11T06:30:00Z,Coal,622.000,Elexon BMRS FUELHH
2022-03-11T06:30:00Z,Gas,4527.000,Elexon BMRS FUELHH
2022-03-11T06:30:00Z,Hydro,350.000,Elexon BMRS FUELHH
2022-03-11T06:30:00Z,Imports & Exports,1760.000,Elexon BMRS FUELHH
2022-03-11T06:30:00Z,Nuclear,6298.000,Elexon BMRS FUELHH
2022-03-11T06:30:00Z,Other,150.000,Elexon BMRS FUELHH
2022-03-11T06:30:00Z,Pumped Storage,-228.000,Elexon BMRS FUELHH
2022-03-11T06:30:00Z,Wind,13397.000,Elexon BMRS FUELHH
2022-03-11T07:00:00Z,Biomass,1069.000,Elexon BMRS FUELHH
2022-03-11T07:00:00Z,Coal,475.000,Elexon BMRS FUELHH
2022-03-11T07:00:00Z,Gas,5730.000,Elexon BMRS FUELHH
2022-03-11T07:00:00Z,Hydro,357.000,Elexon BMRS FUELHH
2022-03-11T07:00:00Z,Imports & Exports,2758.000,Elexon BMRS FUELHH
2022-03-11T07:00:00Z,Nuclear,6298.000,Elexon BMRS FUELHH
2022-03-11T07:00:00Z,Other,158.000,Elexon BMRS FUELHH
2022-03-11T07:00:00Z,Pumped Storage,-84.000,Elexon BMRS FUELHH
2022-03-11T07:00:00Z,Wind,13832.000,Elexon BMRS FUELHH
2022-03-11T07:30:00Z,Biomass,1051.000,Elexon BMRS FUELHH
2022-03-11T07:30:00Z,Coal,461.000,Elexon BMRS FUELHH
2022-03-11T07:30:00Z,Gas,6407.000,Elexon BMRS FUELHH
2022-03-11T07:30:00Z,Hydro,357.000,Elexon BMRS FUELHH
2022-03-11T07:30:00Z,Imports & Exports,2790.000,Elexon BMRS FUELHH
2022-03-11T07:30:00Z,Nuclear,6300.000,Elexon BMRS FUELHH
2022-03-11T07:30:00Z,Other,150.000,Elexon BMRS FUELHH
2022-03-11T07:30:00Z,Pumped Storage,-10.000,Elexon BMRS FUELHH
2022-03-11T07:30:00Z,Wind,14050.000,Elexon BMRS FUELHH
2022-03-11T08:00:00Z,Biomass,1052.000,Elexon BMRS FUELHH
2022-03-11T08:00:00Z,Coal,473.000,Elexon BMRS FUELHH
2022-03-11T08:00:00Z,Gas,6970.000,Elexon BMRS FUELHH
2022-03-11T08:00:00Z,Hydro,368.000,Elexon BMRS FUELHH
2022-03-11T08:00:00Z,Imports & Exports,2994.000,Elexon BMRS FUELHH
2022-03-11T08:00:00Z,Nuclear,6296.000,Elexon BMRS FUELHH
2022-03-11T08:00:00Z,Other,150.000,Elexon BMRS FUELHH
2022-03-11T08:00:00Z,Pumped Storage,18.000,Elexon BMRS FUELHH
2022-03-11T08:00:00Z,Wind,14087.000,Elexon BMRS FUELHH
2022-03-11T08:30:00Z,Biomass,1075.000,Elexon BMRS FUELHH
2022-03-11T08:30:00Z,Coal,472.000,Elexon BMRS FUELHH
2022-03-11T08:30:00Z,Gas,7024.000,Elexon BMRS FUELHH
2022-03-11T08:30:00Z,Hydro,368.000,Elexon BMRS FUELHH
2022-03-11T08:30:00Z,Imports & Exports,2928.000,Elexon BMRS FUELHH
2022-03-11T08:30:00Z,Nuclear,6295.000,Elexon BMRS FUELHH
2022-03-11T08:30:00Z,Other,161.000,Elexon BMRS FUELHH
2022-03-11T08:30:00Z,Pumped Storage,56.000,Elexon BMRS FUELHH
2022-03-11T08:30:00Z,Wind,14093.000,Elexon BMRS FUELHH
2022-03-11T09:00:00Z,Biomass,1143.000,Elexon BMRS FUELHH
2022-03-11T09:00:00Z,Coal,551.000,Elexon BMRS FUELHH
2022-03-11T09:00:00Z,Gas,7037.000,Elexon BMRS FUELHH
2022-03-11T09:00:00Z,Hydro,369.000,Elexon BMRS FUELHH
2022-03-11T09:00:00Z,Imports & Exports,3050.000,Elexon BMRS FUELHH
2022-03-11T09:00:00Z,Nuclear,6295.000,Elexon BMRS FUELHH
2022-03-11T09:00:00Z,Other,151.000,Elexon BMRS FUELHH
2022-03-11T09:00:00Z,Pumped Storage,40.000,Elexon BMRS FUELHH
2022-03-11T09:00:00Z,Wind,14145.000,Elexon BMRS FUELHH
2022-03-11T09:30:00Z,Biomass,1215.000,Elexon BMRS FUELHH
2022-03-11T09:30:00Z,Coal,687.000,Elexon BMRS FUELHH
2022-03-11T09:30:00Z,Gas,6530.000,Elexon BMRS FUELHH
2022-03-11T09:30:00Z,Hydro,360.000,Elexon BMRS FUELHH
2022-03-11T09:30:00Z,Imports & Exports,2984.000,Elexon BMRS FUELHH
2022-03-11T09:30:00Z,Nuclear,6300.000,Elexon BMRS FUELHH
2022-03-11T09:30:00Z,Other,144.000,Elexon BMRS FUELHH
2022-03-11T09:30:00Z,Pumped Storage,-10.000,Elexon BMRS FUELHH
2022-03-11T09:30:00Z,Wind,14458.000,Elexon BMRS FUELHH
2022-03-11T10:00:00Z,Biomass,1366.000,Elexon BMRS FUELHH
2022-03-11T10:00:00Z,Coal,707.000,Elexon BMRS FUELHH
2022-03-11T10:00:00Z,Gas,6474.000,Elexon BMRS FUELHH
2022-03-11T10:00:00Z,Hydro,334.000,Elexon BMRS FUELHH
2022-03-11T10:00:00Z,Imports & Exports,2536.000,Elexon BMRS FUELHH
2022-03-11T10:00:00Z,Nuclear,6294.000,Elexon BMRS FUELHH
2022-03-11T10:00:00Z,Other,166.000,Elexon BMRS FUELHH
2022-03-11T10:00:00Z,Pumped Storage,-10.000,Elexon BMRS FUELHH
2022-03-11T10:00:00Z,Wind,14515.000,Elexon BMRS FUELHH
2022-03-11T10:30:00Z,Biomass,1354.000,Elexon BMRS FUELHH
2022-03-11T10:30:00Z,Coal,695.000,Elexon BMRS FUELHH
2022-03-11T10:30:00Z,Gas,6633.000,Elexon BMRS FUELHH
2022-03-11T10:30:00Z,Hydro,297.000,Elexon BMRS FUELHH
2022-03-11T10:30:00Z,Imports & Exports,2438.000,Elexon BMRS FUELHH
2022-03-11T10:30:00Z,Nuclear,6258.000,Elexon BMRS FUELHH
2022-03-11T10:30:00Z,Other,145.000,Elexon BMRS FUELHH
2022-03-11T10:30:00Z,Pumped Storage,30.000,Elexon BMRS FUELHH
2022-03-11T10:30:00Z,Wind,14587.000,Elexon BMRS FUELHH
2022-03-11T11:00:00Z,Biomass,1416.000,Elexon BMRS FUELHH
2022-03-11T11:00:00Z,Coal,799.000,Elexon BMRS FUELHH
2022-03-11T11:00:00Z,Gas,6853.000,Elexon BMRS FUELHH
2022-03-11T11:00:00Z,Hydro,262.000,Elexon BMRS FUELHH
2022-03-11T11:00:00Z,Imports & Exports,2110.000,Elexon BMRS FUELHH
2022-03-11T11:00:00Z,Nuclear,6187.000,Elexon BMRS FUELHH
2022-03-11T11:00:00Z,Other,160.000,Elexon BMRS FUELHH
2022-03-11T11:00:00Z,Pumped Storage,134.000,Elexon BMRS FUELHH
2022-03-11T11:00:00Z,Wind,14631.000,Elexon BMRS FUELHH
2022-03-11T11:30:00Z,Biomass,1567.000,Elexon BMRS FUELHH
2022-03-11T11:30:00Z,Coal,947.000,Elexon BMRS FUELHH
2022-03-11T11:30:00Z,Gas,6893.000,Elexon BMRS FUELHH
2022-03-11T11:30:00Z,Hydro,262.000,Elexon BMRS FUELHH
2022-03-11T11:30:00Z,Imports & Exports,1958.000,Elexon BMRS FUELHH
2022-03-11T11:30:00Z,Nuclear,6185.000,Elexon BMRS FUELHH
2022-03-11T11:30:00Z,Other,158.000,Elexon BMRS FUELHH
2022-03-11T11:30:00Z,Pumped Storage,280.000,Elexon BMRS FUELHH
2022-03-11T11:30:00Z,Wind,14556.000,Elexon BMRS FUELHH
2022-03-11T12:00:00Z,Biomass,1578.000,Elexon BMRS FUELHH
2022-03-11T12:00:00Z,Coal,912.000,Elexon BMRS FUELHH
2022-03-11T12:00:00Z,Gas,6979.000,Elexon BMRS FUELHH
2022-03-11T12:00:00Z,Hydro,273.000,Elexon BMRS FUELHH
2022-03-11T12:00:00Z,Imports & Exports,2134.000,Elexon BMRS FUELHH
2022-03-11T12:00:00Z,Nuclear,6180.000,Elexon BMRS FUELHH
2022-03-11T12:00:00Z,Other,159.000,Elexon BMRS FUELHH
2022-03-11T12:00:00Z,Pumped Storage,410.000,Elexon BMRS FUELHH
2022-03-11T12:00:00Z,Wind,14513.000,Elexon BMRS FUELHH
2022-03-11T12:30:00Z,Biomass,1567.000,Elexon BMRS FUELHH
2022-03-11T12:30:00Z,Coal,722.000,Elexon BMRS FUELHH
2022-03-11T12:30:00Z,Gas,7128.000,Elexon BMRS FUELHH
2022-03-11T12:30:00Z,Hydro,256.000,Elexon BMRS FUELHH
2022-03-11T12:30:00Z,Imports & Exports,2044.000,Elexon BMRS FUELHH
2022-03-11T12:30:00Z,Nuclear,6181.000,Elexon BMRS FUELHH
2022-03-11T12:30:00Z,Other,229.000,Elexon BMRS FUELHH
2022-03-11T12:30:00Z,Pumped Storage,322.000,Elexon BMRS FUELHH
2022-03-11T12:30:00Z,Wind,14437.000,Elexon BMRS FUELHH
2022-03-11T13:00:00Z,Biomass,1553.000,Elexon BMRS FUELHH
2022-03-11T13:00:00Z,Coal,659.000,Elexon BMRS FUELHH
2022-03-11T13:00:00Z,Gas,7034.000,Elexon BMRS FUELHH
2022-03-11T13:00:00Z,Hydro,245.000,Elexon BMRS FUELHH
2022-03-11T13:00:00Z,Imports & Exports,2236.000,Elexon BMRS FUELHH
2022-03-11T13:00:00Z,Nuclear,6178.000,Elexon BMRS FUELHH
2022-03-11T13:00:00Z,Other,232.000,Elexon BMRS FUELHH
2022-03-11T13:00:00Z,Pumped Storage,210.000,Elexon BMRS FUELHH
2022-03-11T13:00:00Z,Wind,14696.000,Elexon BMRS FUELHH
2022-03-11T13:30:00Z,Biomass,1599.000,Elexon BMRS FUELHH
2022-03-11T13:30:00Z,Coal,666.000,Elexon BMRS FUELHH
2022-03-11T13:30:00Z,Gas,7224.000,Elexon BMRS FUELHH
2022-03-11T13:30:00Z,Hydro,258.000,Elexon BMRS FUELHH
2022-03-11T13:30:00Z,Imports & Exports,2230.000,Elexon BMRS FUELHH
2022-03-11T13:30:00Z,Nuclear,6178.000,Elexon BMRS FUELHH
2022-03-11T13:30:00Z,Other,145.000,Elexon BMRS FUELHH
2022-03-11T13:30:00Z,Pumped Storage,92.000,Elexon BMRS FUELHH
2022-03-11T13:30:00Z,Wind,14700.000,Elexon BMRS FUELHH
2022-03-11T14:00:00Z,Biomass,1585.000,Elexon BMRS FUELHH
2022-03-11T14:00:00Z,Coal,719.000,Elexon BMRS FUELHH
2022-03-11T14:00:00Z,Gas,7535.000,Elexon BMRS FUELHH
2022-03-11T14:00:00Z,Hydro,258.000,Elexon BMRS FUELHH
2022-03-11T14:00:00Z,Imports & Exports,1962.000,Elexon BMRS FUELHH
2022-03-11T14:00:00Z,Nuclear,6177.000,Elexon BMRS FUELHH
2022-03-11T14:00:00Z,Other,155.000,Elexon BMRS FUELHH
2022-03-11T14:00:00Z,Pumped Storage,162.000,Elexon BMRS FUELHH
2022-03-11T14:00:00Z,Wind,14688.000,Elexon BMRS FUELHH
2022-03-11T14:30:00Z,Biomass,1574.000,Elexon BMRS FUELHH
2022-03-11T14:30:00Z,Coal,775.000,Elexon BMRS FUELHH
2022-03-11T14:30:00Z,Gas,7724.000,Elexon BMRS FUELHH
2022-03-11T14:30:00Z,Hydro,271.000,Elexon BMRS FUELHH
2022-03-11T14:30:00Z,Imports & Exports,1950.000,Elexon BMRS FUELHH
2022-03-11T14:30:00Z,Nuclear,6182.000,Elexon BMRS FUELHH
2022-03-11T14:30:00Z,Other,146.000,Elexon BMRS FUELHH
2022-03-11T14:30:00Z,Pumped Storage,32.000,Elexon BMRS FUELHH
2022-03-11T14:30:00Z,Wind,14606.000,Elexon BMRS FUELHH
2022-03-11T15:00:00Z,Biomass,1590.000,Elexon BMRS FUELHH
2022-03-11T15:00:00Z,Coal,859.000,Elexon BMRS FUELHH
2022-03-11T15:00:00Z,Gas,8124.000,Elexon BMRS FUELHH
2022-03-11T15:00:00Z,Hydro,318.000,Elexon BMRS FUELHH
2022-03-11T15:00:00Z,Imports & Exports,1658.000,Elexon BMRS FUELHH
2022-03-11T15:00:00Z,Nuclear,6187.000,Elexon BMRS FUELHH
2022-03-11T15:00:00Z,Other,147.000,Elexon BMRS FUELHH
2022-03-11T15:00:00Z,Pumped Storage,78.000,Elexon BMRS FUELHH
2022-03-11T15:00:00Z,Wind,14457.000,Elexon BMRS FUELHH
2022-03-11T15:30:00Z,Biomass,1560.000,Elexon BMRS FUELHH
2022-03-11T15:30:00Z,Coal,916.000,Elexon BMRS FUELHH
2022-03-11T15:30:00Z,Gas,8692.000,Elexon BMRS FUELHH
2022-03-11T15:30:00Z,Hydro,347.000,Elexon BMRS FUELHH
2022-03-11T15:30:00Z,Imports & Exports,1546.000,Elexon BMRS FUELHH
2022-03-11T15:30:00Z,Nuclear,6189.000,Elexon BMRS FUELHH
2022-03-11T15:30:00Z,Other,153.000,Elexon BMRS FUELHH
2022-03-11T15:30:00Z,Pumped Storage,26.000,Elexon BMRS FUELHH
2022-03-11T15:30:00Z,Wind,14422.000,Elexon BMRS FUELHH
2022-03-11T16:00:00Z,Biomass,1461.000,Elexon BMRS FUELHH
2022-03-11T16:00:00Z,Coal,755.000,Elexon BMRS FUELHH
2022-03-11T16:00:00Z,Gas,8998.000,Elexon BMRS FUELHH
2022-03-11T16:00:00Z,Hydro,410.000,Elexon BMRS FUELHH
2022-03-11T16:00:00Z,Imports & Exports,2090.000,Elexon BMRS FUELHH
2022-03-11T16:00:00Z,Nuclear,6188.000,Elexon BMRS FUELHH
2022-03-11T16:00:00Z,Other,162.000,Elexon BMRS FUELHH
2022-03-11T16:00:00Z,Pumped Storage,-2.000,Elexon BMRS FUELHH
2022-03-11T16:00:00Z,Wind,14520.000,Elexon BMRS FUELHH
2022-03-11T16:30:00Z,Biomass,1420.000,Elexon BMRS FUELHH
2022-03-11T16:30:00Z,Coal,814.000,Elexon BMRS FUELHH
2022-03-11T16:30:00Z,Gas,9433.000,Elexon BMRS FUELHH
2022-03-11T16:30:00Z,Hydro,386.000,Elexon BMRS FUELHH
2022-03-11T16:30:00Z,Imports & Exports,2208.000,Elexon BMRS FUELHH
2022-03-11T16:30:00Z,Nuclear,6187.000,Elexon BMRS FUELHH
2022-03-11T16:30:00Z,Other,191.000,Elexon BMRS FUELHH
2022-03-11T16:30:00Z,Pumped Storage,250.000,Elexon BMRS FUELHH
2022-03-11T16:30:00Z,Wind,14556.000,Elexon BMRS FUELHH
2022-03-11T17:00:00Z,Biomass,1551.000,Elexon BMRS FUELHH
2022-03-11T17:00:00Z,Coal,976.000,Elexon BMRS FUELHH
2022-03-11T17:00:00Z,Gas,10000.000,Elexon BMRS FUELHH
2022-03-11T17:00:00Z,Hydro,386.000,Elexon BMRS FUELHH
2022-03-11T17:00:00Z,Imports & Exports,1660.000,Elexon BMRS FUELHH
2022-03-11T17:00:00Z,Nuclear,6190.000,Elexon BMRS FUELHH
2022-03-11T17:00:00Z,Other,191.000,Elexon BMRS FUELHH
2022-03-11T17:00:00Z,Pumped Storage,1048.000,Elexon BMRS FUELHH
2022-03-11T17:00:00Z,Wind,14490.000,Elexon BMRS FUELHH
2022-03-11T17:30:00Z,Biomass,1690.000,Elexon BMRS FUELHH
2022-03-11T17:30:00Z,Coal,996.000,Elexon BMRS FUELHH
2022-03-11T17:30:00Z,Gas,10402.000,Elexon BMRS FUELHH
2022-03-11T17:30:00Z,Hydro,443.000,Elexon BMRS FUELHH
2022-03-11T17:30:00Z,Imports & Exports,1626.000,Elexon BMRS FUELHH
2022-03-11T17:30:00Z,Nuclear,6193.000,Elexon BMRS FUELHH
2022-03-11T17:30:00Z,Other,204.000,Elexon BMRS FUELHH
2022-03-11T17:30:00Z,Pumped Storage,1188.000,Elexon BMRS FUELHH
2022-03-11T17:30:00Z,Wind,14241.000,Elexon BMRS FUELHH
2022-03-11T18:00:00Z,Biomass,1684.000,Elexon BMRS FUELHH
2022-03-11T18:00:00Z,Coal,928.000,Elexon BMRS FUELHH
2022-03-11T18:00:00Z,Gas,10646.000,Elexon BMRS FUELHH
2022-03-11T18:00:00Z,Hydro,695.000,Elexon BMRS FUELHH
2022-03-11T18:00:00Z,Imports & Exports,1670.000,Elexon BMRS FUELHH
2022-03-11T18:00:00Z,Nuclear,6191.000,Elexon BMRS FUELHH
2022-03-11T18:00:00Z,Other,429.000,Elexon BMRS FUELHH
2022-03-11T18:00:00Z,Pumped Storage,1346.000,Elexon BMRS FUELHH
2022-03-11T18:00:00Z,Wind,13969.000,Elexon BMRS FUELHH
2022-03-11T18:30:00Z,Biomass,1687.000,Elexon BMRS FUELHH
2022-03-11T18:30:00Z,Coal,957.000,Elexon BMRS FUELHH
2022-03-11T18:30:00Z,Gas,10714.000,Elexon BMRS FUELHH
2022-03-11T18:30:00Z,Hydro,699.000,Elexon BMRS FUELHH
2022-03-11T18:30:00Z,Imports & Exports,1696.000,Elexon BMRS FUELHH
2022-03-11T18:30:00Z,Nuclear,6192.000,Elexon BMRS FUELHH
2022-03-11T18:30:00Z,Other,431.000,Elexon BMRS FUELHH
2022-03-11T18:30:00Z,Pumped Storage,1490.000,Elexon BMRS FUELHH
2022-03-11T18:30:00Z,Wind,13452.000,Elexon BMRS FUELHH
2022-03-11T19:00:00Z,Biomass,1689.000,Elexon BMRS FUELHH
2022-03-11T19:00:00Z,Coal,996.000,Elexon BMRS FUELHH
2022-03-11T19:00:00Z,Gas,10642.000,Elexon BMRS FUELHH
2022-03-11T19:00:00Z,Hydro,686.000,Elexon BMRS FUELHH
2022-03-11T19:00:00Z,Imports & Exports,1374.000,Elexon BMRS FUELHH
2022-03-11T19:00:00Z,Nuclear,6185.000,Elexon BMRS FUELHH
2022-03-11T19:00:00Z,Other,407.000,Elexon BMRS FUELHH
2022-03-11T19:00:00Z,Pumped Storage,1330.000,Elexon BMRS FUELHH
2022-03-11T19:00:00Z,Wind,12842.000,Elexon BMRS FUELHH
2022-03-11T19:30:00Z,Biomass,1680.000,Elexon BMRS FUELHH
2022-03-11T19:30:00Z,Coal,996.000,Elexon BMRS FUELHH
2022-03-11T19:30:00Z,Gas,10332.000,Elexon BMRS FUELHH
2022-03-11T19:30:00Z,Hydro,679.000,Elexon BMRS FUELHH
2022-03-11T19:30:00Z,Imports & Exports,1364.000,Elexon BMRS FUELHH
2022-03-11T19:30:00Z,Nuclear,6191.000,Elexon BMRS FUELHH
2022-03-11T19:30:00Z,Other,328.000,Elexon BMRS FUELHH
2022-03-11T19:30:00Z,Pumped Storage,898.000,Elexon BMRS FUELHH
2022-03-11T19:30:00Z,Wind,12579.000,Elexon BMRS FUELHH
2022-03-11T20:00:00Z,Biomass,1595.000,Elexon BMRS FUELHH
2022-03-11T20:00:00Z,Coal,992.000,Elexon BMRS FUELHH
2022-03-11T20:00:00Z,Gas,9975.000,Elexon BMRS FUELHH
2022-03-11T20:00:00Z,Hydro,645.000,Elexon BMRS FUELHH
2022-03-11T20:00:00Z,Imports & Exports,1526.000,Elexon BMRS FUELHH
2022-03-11T20:00:00Z,Nuclear,6186.000,Elexon BMRS FUELHH
2022-03-11T20:00:00Z,Other,220.000,Elexon BMRS FUELHH
2022-03-11T20:00:00Z,Pumped Storage,446.000,Elexon BMRS FUELHH
2022-03-11T20:00:00Z,Wind,12475.000,Elexon BMRS FUELHH
2022-03-11T20:30:00Z,Biomass,1485.000,Elexon BMRS FUELHH
2022-03-11T20:30:00Z,Coal,992.000,Elexon BMRS FUELHH
2022-03-11T20:30:00Z,Gas,9489.000,Elexon BMRS FUELHH
2022-03-11T20:30:00Z,Hydro,457.000,Elexon BMRS FUELHH
2022-03-11T20:30:00Z,Imports & Exports,1544.000,Elexon BMRS FUELHH
2022-03-11T20:30:00Z,Nuclear,6185.000,Elexon BMRS FUELHH
2022-03-11T20:30:00Z,Other,173.000,Elexon BMRS FUELHH
2022-03-11T20:30:00Z,Pumped Storage,40.000,Elexon BMRS FUELHH
2022-03-11T20:30:00Z,Wind,12315.000,Elexon BMRS FUELHH
2022-03-11T21:00:00Z,Biomass,1231.000,Elexon BMRS FUELHH
2022-03-11T21:00:00Z,Coal,997.000,Elexon BMRS FUELHH
2022-03-11T21:00:00Z,Gas,8172.000,Elexon BMRS FUELHH
2022-03-11T21:00:00Z,Hydro,447.000,Elexon BMRS FUELHH
2022-03-11T21:00:00Z,Imports & Exports,1746.000,Elexon BMRS FUELHH
2022-03-11T21:00:00Z,Nuclear,6183.000,Elexon BMRS FUELHH
2022-03-11T21:00:00Z,Other,185.000,Elexon BMRS FUELHH
2022-03-11T21:00:00Z,Pumped Storage,62.000,Elexon BMRS FUELHH
2022-03-11T21:00:00Z,Wind,12244.000,Elexon BMRS FUELHH
2022-03-11T21:30:00Z,Biomass,1253.000,Elexon BMRS FUELHH
2022-03-11T21:30:00Z,Coal,873.000,Elexon BMRS FUELHH
2022-03-11T21:30:00Z,Gas,6932.000,Elexon BMRS FUELHH
2022-03-11T21:30:00Z,Hydro,429.000,Elexon BMRS FUELHH
2022-03-11T21:30:00Z,Imports & Exports,1720.000,Elexon BMRS FUELHH
2022-03-11T21:30:00Z,Nuclear,6185.000,Elexon BMRS FUELHH
2022-03-11T21:30:00Z,Other,169.000,Elexon BMRS FUELHH
2022-03-11T21:30:00Z,Pumped Storage,-14.000,Elexon BMRS FUELHH
2022-03-11T21:30:00Z,Wind,12299.000,Elexon BMRS FUELHH
2022-03-11T22:00:00Z,Biomass,1193.000,Elexon BMRS FUELHH
2022-03-11T22:00:00Z,Coal,663.000,Elexon BMRS FUELHH
2022-03-11T22:00:00Z,Gas,6693.000,Elexon BMRS FUELHH
2022-03-11T22:00:00Z,Hydro,350.000,Elexon BMRS FUELHH
2022-03-11T22:00:00Z,Imports & Exports,792.000,Elexon BMRS FUELHH
2022-03-11T22:00:00Z,Nuclear,6181.000,Elexon BMRS FUELHH
2022-03-11T22:00:00Z,Other,180.000,Elexon BMRS FUELHH
2022-03-11T22:00:00Z,Pumped Storage,-10.000,Elexon BMRS FUELHH
2022-03-11T22:00:00Z,Wind,12270.000,Elexon BMRS FUELHH
2022-03-11T22:30:00Z,Biomass,1070.000,Elexon BMRS FUELHH
2022-03-11T22:30:00Z,Coal,522.000,Elexon BMRS FUELHH
2022-03-11T22:30:00Z,Gas,5550.000,Elexon BMRS FUELHH
2022-03-11T22:30:00Z,Hydro,334.000,Elexon BMRS FUELHH
2022-03-11T22:30:00Z,Imports & Exports,686.000,Elexon BMRS FUELHH
2022-03-11T22:30:00Z,Nuclear,6185.000,Elexon BMRS FUELHH
2022-03-11T22:30:00Z,Other,164.000,Elexon BMRS FUELHH
2022-03-11T22:30:00Z,Pumped Storage,-12.000,Elexon BMRS FUELHH
2022-03-11T22:30:00Z,Wind,12425.000,Elexon BMRS FUELHH
2022-03-11T23:00:00Z,Biomass,1049.000,Elexon BMRS FUELHH
2022-03-11T23:00:00Z,Coal,270.000,Elexon BMRS FUELHH
2022-03-11T23:00:00Z,Gas,3629.000,Elexon BMRS FUELHH
2022-03-11T23:00:00Z,Hydro,364.000,Elexon BMRS FUELHH
2022-03-11T23:00:00Z,Imports & Exports,1256.000,Elexon BMRS FUELHH
2022-03-11T23:00:00Z,Nuclear,6179.000,Elexon BMRS FUELHH
2022-03-11T23:00:00Z,Other,163.000,Elexon BMRS FUELHH
2022-03-11T23:00:00Z,Pumped Storage,-42.000,Elexon BMRS FUELHH
2022-03-11T23:00:00Z,Wind,12697.000,Elexon BMRS FUELHH
2022-03-11T23:30:00Z,Biomass,1045.000,Elexon BMRS FUELHH
2022-03-11T23:30:00Z,Coal,230.000,Elexon BMRS FUELHH
2022-03-11T23:30:00Z,Gas,3154.000,Elexon BMRS FUELHH
2022-03-11T23:30:00Z,Hydro,336.000,Elexon BMRS FUELHH
2022-03-11T23:30:00Z,Imports & Exports,1380.000,Elexon BMRS FUELHH
2022-03-11T23:30:00Z,Nuclear,6084.000,Elexon BMRS FUELHH
2022-03-11T23:30:00Z,Other,162.000,Elexon BMRS FUELHH
2022-03-11T23:30:00Z,Pumped Storage,-620.000,Elexon BMRS FUELHH
2022-03-11T23:30:00Z,Wind,12655.000,Elexon BMRS FUELHH
2022-03-12T00:00:00Z,Biomass,1043.000,Elexon BMRS FUELHH
2022-03-12T00:00:00Z,Coal,229.000,Elexon BMRS FUELHH
2022-03-12T00:00:00Z,Gas,2891.000,Elexon BMRS FUELHH
2022-03-12T00:00:00Z,Hydro,259.000,Elexon BMRS FUELHH
2022-03-12T00:00:00Z,Imports & Exports,1900.000,Elexon BMRS FUELHH
2022-03-12T00:00:00Z,Nuclear,5744.000,Elexon BMRS FUELHH
2022-03-12T00:00:00Z,Other,162.000,Elexon BMRS FUELHH
2022-03-12T00:00:00Z,Pumped Storage,-724.000,Elexon BMRS FUELHH
2022-03-12T00:00:00Z,Wind,12524.000,Elexon BMRS FUELHH
2022-03-12T00:30:00Z,Biomass,1053.000,Elexon BMRS FUELHH
2022-03-12T00:30:00Z,Coal,231.000,Elexon BMRS FUELHH
2022-03-12T00:30:00Z,Gas,2757.000,Elexon BMRS FUELHH
2022-03-12T00:30:00Z,Hydro,246.000,Elexon BMRS FUELHH
2022-03-12T00:30:00Z,Imports & Exports,2010.000,Elexon BMRS FUELHH
2022-03-12T00:30:00Z,Nuclear,5725.000,Elexon BMRS FUELHH
2022-03-12T00:30:00Z,Other,163.000,Elexon BMRS FUELHH
2022-03-12T00:30:00Z,Pumped Storage,-358.000,Elexon BMRS FUELHH
2022-03-12T00:30:00Z,Wind,12643.000,Elexon BMRS FUELHH
2022-03-12T01:00:00Z,Biomass,1045.000,Elexon BMRS FUELHH
2022-03-12T01:00:00Z,Coal,230.000,Elexon BMRS FUELHH
2022-03-12T01:00:00Z,Gas,2847.000,Elexon BMRS FUELHH
2022-03-12T01:00:00Z,Hydro,262.000,Elexon BMRS FUELHH
2022-03-12T01:00:00Z,Imports & Exports,1622.000,Elexon BMRS FUELHH
2022-03-12T01:00:00Z,Nuclear,5698.000,Elexon BMRS FUELHH
2022-03-12T01:00:00Z,Other,163.000,Elexon BMRS FUELHH
2022-03-12T01:00:00Z,Pumped Storage,-618.000,Elexon BMRS FUELHH
2022-03-12T01:00:00Z,Wind,12652.000,Elexon BMRS FUELHH
2022-03-12T01:30:00Z,Biomass,1041.000,Elexon BMRS FUELHH
2022-03-12T01:30:00Z,Coal,230.000,Elexon BMRS FUELHH
2022-03-12T01:30:00Z,Gas,2633.000,Elexon BMRS FUELHH
2022-03-12T01:30:00Z,Hydro,261.000,Elexon BMRS FUELHH
2022-03-12T01:30:00Z,Imports & Exports,1520.000,Elexon BMRS FUELHH
2022-03-12T01:30:00Z,Nuclear,5636.000,Elexon BMRS FUELHH
2022-03-12T01:30:00Z,Other,162.000,Elexon BMRS FUELHH
2022-03-12T01:30:00Z,Pumped Storage,-666.000,Elexon BMRS FUELHH
2022-03-12T01:30:00Z,Wind,12489.000,Elexon BMRS FUELHH
2022-03-12T02:00:00Z,Biomass,1043.000,Elexon BMRS FUELHH
2022-03-12T02:00:00Z,Coal,229.000,Elexon BMRS FUELHH
2022-03-12T02:00:00Z,Gas,2635.000,Elexon BMRS FUELHH
2022-03-12T02:00:00Z,Hydro,260.000,Elexon BMRS FUELHH
2022-03-12T02:00:00Z,Imports & Exports,1640.000,Elexon BMRS FUELHH
2022-03-12T02:00:00Z,Nuclear,5628.000,Elexon BMRS FUELHH
2022-03-12T02:00:00Z,Other,162.000,Elexon BMRS FUELHH
2022-03-12T02:00:00Z,Pumped Storage,-1264.000,Elexon BMRS FUELHH
2022-03-12T02:00:00Z,Wind,12431.000,Elexon BMRS FUELHH
2022-03-12T02:30:00Z,Biomass,1043.000,Elexon BMRS FUELHH
2022-03-12T02:30:00Z,Coal,229.000,Elexon BMRS FUELHH
2022-03-12T02:30:00Z,Gas,2656.000,Elexon BMRS FUELHH
2022-03-12T02:30:00Z,Hydro,261.000,Elexon BMRS FUELHH
2022-03-12T02:30:00Z,Imports & Exports,1546.000,Elexon BMRS FUELHH
2022-03-12T02:30:00Z,Nuclear,5625.000,Elexon BMRS FUELHH
2022-03-12T02:30:00Z,Other,163.000,Elexon BMRS FUELHH
2022-03-12T02:30:00Z,Pumped Storage,-1654.000,Elexon BMRS FUELHH
2022-03-12T02:30:00Z,Wind,12405.000,Elexon BMRS FUELHH
2022-03-12T03:00:00Z,Biomass,1041.000,Elexon BMRS FUELHH
2022-03-12T03:00:00Z,Coal,230.000,Elexon BMRS FUELHH
2022-03-12T03:00:00Z,Gas,2711.000,Elexon BMRS FUELHH
2022-03-12T03:00:00Z,Hydro,260.000,Elexon BMRS FUELHH
2022-03-12T03:00:00Z,Imports & Exports,1658.000,Elexon BMRS FUELHH
2022-03-12T03:00:00Z,Nuclear,5620.000,Elexon BMRS FUELHH
2022-03-12T03:00:00Z,Other,163.000,Elexon BMRS FUELHH
2022-03-12T03:00:00Z,Pumped Storage,-1726.000,Elexon BMRS FUELHH
2022-03-12T03:00:00Z,Wind,11891.000,Elexon BMRS FUELHH
2022-03-12T03:30:00Z,Biomass,1062.000,Elexon BMRS FUELHH
2022-03-12T03:30:00Z,Coal,230.000,Elexon BMRS FUELHH
2022-03-12T03:30:00Z,Gas,2766.000,Elexon BMRS FUELHH
2022-03-12T03:30:00Z,Hydro,261.000,Elexon BMRS FUELHH
2022-03-12T03:30:00Z,Imports & Exports,1520.000,Elexon BMRS FUELHH
2022-03-12T03:30:00Z,Nuclear,5616.000,Elexon BMRS FUELHH
2022-03-12T03:30:00Z,Other,175.000,Elexon BMRS FUELHH
2022-03-12T03:30:00Z,Pumped Storage,-1754.000,Elexon BMRS FUELHH
2022-03-12T03:30:00Z,Wind,11464.000,Elexon BMRS FUELHH
2022-03-12T04:00:00Z,Biomass,1049.000,Elexon BMRS FUELHH
2022-03-12T04:00:00Z,Coal,230.000,Elexon BMRS FUELHH
2022-03-12T04:00:00Z,Gas,2731.000,Elexon BMRS FUELHH
2022-03-12T04:00:00Z,Hydro,261.000,Elexon BMRS FUELHH
2022-03-12T04:00:00Z,Imports & Exports,792.000,Elexon BMRS FUELHH
2022-03-12T04:00:00Z,Nuclear,5617.000,Elexon BMRS FUELHH
2022-03-12T04:00:00Z,Other,167.000,Elexon BMRS FUELHH
2022-03-12T04:00:00Z,Pumped Storage,-1424.000,Elexon BMRS FUELHH
2022-03-12T04:00:00Z,Wind,11739.000,Elexon BMRS FUELHH
2022-03-12T04:30:00Z,Biomass,1040.000,Elexon BMRS FUELHH
2022-03-12T04:30:00Z,Coal,229.000,Elexon BMRS FUELHH
2022-03-12T04:30:00Z,Gas,2631.000,Elexon BMRS FUELHH
2022-03-12T04:30:00Z,Hydro,262.000,Elexon BMRS FUELHH
2022-03-12T04:30:00Z,Imports & Exports,750.000,Elexon BMRS FUELHH
2022-03-12T04:30:00Z,Nuclear,5613.000,Elexon BMRS FUELHH
2022-03-12T04:30:00Z,Other,167.000,Elexon BMRS FUELHH
2022-03-12T04:30:00Z,Pumped Storage,-1750.000,Elexon BMRS FUELHH
2022-03-12T04:30:00Z,Wind,12124.000,Elexon BMRS FUELHH
2022-03-12T05:00:00Z,Biomass,1041.000,Elexon BMRS FUELHH
2022-03-12T05:00:00Z,Coal,230.000,Elexon BMRS FUELHH
2022-03-12T05:00:00Z,Gas,2598.000,Elexon BMRS FUELHH
2022-03-12T05:00:00Z,Hydro,267.000,Elexon BMRS FUELHH
2022-03-12T05:00:00Z,Imports & Exports,710.000,Elexon BMRS FUELHH
2022-03-12T05:00:00Z,Nuclear,5612.000,Elexon BMRS FUELHH
2022-03-12T05:00:00Z,Other,164.000,Elexon BMRS FUELHH
2022-03-12T05:00:00Z,Pumped Storage,-1482.000,Elexon BMRS FUELHH
2022-03-12T05:00:00Z,Wind,12322.000,Elexon BMRS FUELHH
2022-03-12T05:30:00Z,Biomass,1044.000,Elexon BMRS FUELHH
2022-03-12T05:30:00Z,Coal,229.000,Elexon BMRS FUELHH
2022-03-12T05:30:00Z,Gas,2650.000,Elexon BMRS FUELHH
2022-03-12T05:30:00Z,Hydro,277.000,Elexon BMRS FUELHH
2022-03-12T05:30:00Z,Imports & Exports,714.000,Elexon BMRS FUELHH
2022-03-12T05:30:00Z,Nuclear,5609.000,Elexon BMRS FUELHH
2022-03-12T05:30:00Z,Other,163.000,Elexon BMRS FUELHH
2022-03-12T05:30:00Z,Pumped Storage,-936.000,Elexon BMRS FUELHH
2022-03-12T05:30:00Z,Wind,12122.000,Elexon BMRS FUELHH
2022-03-12T06:00:00Z,Biomass,1084.000,Elexon BMRS FUELHH
2022-03-12T06:00:00Z,Coal,229.000,Elexon BMRS FUELHH
2022-03-12T06:00:00Z,Gas,2791.000,Elexon BMRS FUELHH
2022-03-12T06:00:00Z,Hydro,317.000,Elexon BMRS FUELHH
2022-03-12T06:00:00Z,Imports & Exports,1058.000,Elexon BMRS FUELHH
2022-03-12T06:00:00Z,Nuclear,5604.000,Elexon BMRS FUELHH
2022-03-12T06:00:00Z,Other,180.000,Elexon BMRS FUELHH
2022-03-12T06:00:00Z,Pumped Storage,-122.000,Elexon BMRS FUELHH
2022-03-12T06:00:00Z,Wind,12264.000,Elexon BMRS FUELHH
2022-03-12T06:30:00Z,Biomass,1167.000,Elexon BMRS FUELHH
2022-03-12T06:30:00Z,Coal,230.000,Elexon BMRS FUELHH
2022-03-12T06:30:00Z,Gas,3270.000,Elexon BMRS FUELHH
2022-03-12T06:30:00Z,Hydro,464.000,Elexon BMRS FUELHH
2022-03-12T06:30:00Z,Imports & Exports,1124.000,Elexon BMRS FUELHH
2022-03-12T06:30:00Z,Nuclear,5605.000,Elexon BMRS FUELHH
2022-03-12T06:30:00Z,Other,178.000,Elexon BMRS FUELHH
2022-03-12T06:30:00Z,Pumped Storage,66.000,Elexon BMRS FUELHH
2022-03-12T06:30:00Z,Wind,12010.000,Elexon BMRS FUELHH
2022-03-12T07:00:00Z,Biomass,1150.000,Elexon BMRS FUELHH
2022-03-12T07:00:00Z,Coal,235.000,Elexon BMRS FUELHH
2022-03-12T07:00:00Z,Gas,3992.000,Elexon BMRS FUELHH
2022-03-12T07:00:00Z,Hydro,518.000,Elexon BMRS FUELHH
2022-03-12T07:00:00Z,Imports & Exports,1608.000,Elexon BMRS FUELHH
2022-03-12T07:00:00Z,Nuclear,5612.000,Elexon BMRS FUELHH
2022-03-12T07:00:00Z,Other,178.000,Elexon BMRS FUELHH
2022-03-12T07:00:00Z,Pumped Storage,314.000,Elexon BMRS FUELHH
2022-03-12T07:00:00Z,Wind,11935.000,Elexon BMRS FUELHH
2022-03-12T07:30:00Z,Biomass,1401.000,Elexon BMRS FUELHH
2022-03-12T07:30:00Z,Coal,542.000,Elexon BMRS FUELHH
2022-03-12T07:30:00Z,Gas,5050.000,Elexon BMRS FUELHH
2022-03-12T07:30:00Z,Hydro,486.000,Elexon BMRS FUELHH
2022-03-12T07:30:00Z,Imports & Exports,1550.000,Elexon BMRS FUELHH
2022-03-12T07:30:00Z,Nuclear,5612.000,Elexon BMRS FUELHH
2022-03-12T07:30:00Z,Other,160.000,Elexon BMRS FUELHH
2022-03-12T07:30:00Z,Pumped Storage,220.000,Elexon BMRS FUELHH
2022-03-12T07:30:00Z,Wind,11076.000,Elexon BMRS FUELHH
2022-03-12T08:00:00Z,Biomass,1518.000,Elexon BMRS FUELHH
2022-03-12T08:00:00Z,Coal,866.000,Elexon BMRS FUELHH
2022-03-12T08:00:00Z,Gas,5634.000,Elexon BMRS FUELHH
2022-03-12T08:00:00Z,Hydro,481.000,Elexon BMRS FUELHH
2022-03-12T08:00:00Z,Imports & Exports,2144.000,Elexon BMRS FUELHH
2022-03-12T08:00:00Z,Nuclear,5613.000,Elexon BMRS FUELHH
2022-03-12T08:00:00Z,Other,147.000,Elexon BMRS FUELHH
2022-03-12T08:00:00Z,Pumped Storage,-160.000,Elexon BMRS FUELHH
2022-03-12T08:00:00Z,Wind,10604.000,Elexon BMRS FUELHH
2022-03-12T08:30:00Z,Biomass,1520.000,Elexon BMRS FUELHH
2022-03-12T08:30:00Z,Coal,887.000,Elexon BMRS FUELHH
2022-03-12T08:30:00Z,Gas,5478.000,Elexon BMRS FUELHH
2022-03-12T08:30:00Z,Hydro,482.000,Elexon BMRS FUELHH
2022-03-12T08:30:00Z,Imports & Exports,2246.000,Elexon BMRS FUELHH
2022-03-12T08:30:00Z,Nuclear,5614.000,Elexon BMRS FUELHH
2022-03-12T08:30:00Z,Other,180.000,Elexon BMRS FUELHH
2022-03-12T08:30:00Z,Pumped Storage,-98.000,Elexon BMRS FUELHH
2022-03-12T08:30:00Z,Wind,10908.000,Elexon BMRS FUELHH
2022-03-12T09:00:00Z,Biomass,1239.000,Elexon BMRS FUELHH
2022-03-12T09:00:00Z,Coal,573.000,Elexon BMRS FUELHH
2022-03-12T09:00:00Z,Gas,5527.000,Elexon BMRS FUELHH
2022-03-12T09:00:00Z,Hydro,480.000,Elexon BMRS FUELHH
2022-03-12T09:00:00Z,Imports & Exports,2910.000,Elexon BMRS FUELHH
2022-03-12T09:00:00Z,Nuclear,5614.000,Elexon BMRS FUELHH
2022-03-12T09:00:00Z,Other,158.000,Elexon BMRS FUELHH
2022-03-12T09:00:00Z,Pumped Storage,60.000,Elexon BMRS FUELHH
2022-03-12T09:00:00Z,Wind,11184.000,Elexon BMRS FUELHH
2022-03-12T09:30:00Z,Biomass,1072.000,Elexon BMRS FUELHH
2022-03-12T09:30:00Z,Coal,458.000,Elexon BMRS FUELHH
2022-03-12T09:30:00Z,Gas,5369.000,Elexon BMRS FUELHH
2022-03-12T09:30:00Z,Hydro,459.000,Elexon BMRS FUELHH
2022-03-12T09:30:00Z,Imports & Exports,2924.000,Elexon BMRS FUELHH
2022-03-12T09:30:00Z,Nuclear,5621.000,Elexon BMRS FUELHH
2022-03-12T09:30:00Z,Other,147.000,Elexon BMRS FUELHH
2022-03-12T09:30:00Z,Pumped Storage,-10.000,Elexon BMRS FUELHH
2022-03-12T09:30:00Z,Wind,11561.000,Elexon BMRS FUELHH
2022-03-12T10:00:00Z,Biomass,1088.000,Elexon BMRS FUELHH
2022-03-12T10:00:00Z,Coal,573.000,Elexon BMRS FUELHH
2022-03-12T10:00:00Z,Gas,5414.000,Elexon BMRS FUELHH
2022-03-12T10:00:00Z,Hydro,382.000,Elexon BMRS FUELHH
2022-03-12T10:00:00Z,Imports & Exports,2664.000,Elexon BMRS FUELHH
2022-03-12T10:00:00Z,Nuclear,5615.000,Elexon BMRS FUELHH
2022-03-12T10:00:00Z,Other,175.000,Elexon BMRS FUELHH
2022-03-12T10:00:00Z,Pumped Storage,-8.000,Elexon BMRS FUELHH
2022-03-12T10:00:00Z,Wind,11230.000,Elexon BMRS FUELHH
2022-03-12T10:30:00Z,Biomass,1119.000,Elexon BMRS FUELHH
2022-03-12T10:30:00Z,Coal,668.000,Elexon BMRS FUELHH
2022-03-12T10:30:00Z,Gas,4973.000,Elexon BMRS FUELHH
2022-03-12T10:30:00Z,Hydro,353.000,Elexon BMRS FUELHH
2022-03-12T10:30:00Z,Imports & Exports,2634.000,Elexon BMRS FUELHH
2022-03-12T10:30:00Z,Nuclear,5622.000,Elexon BMRS FUELHH
2022-03-12T10:30:00Z,Other,143.000,Elexon BMRS FUELHH
2022-03-12T10:30:00Z,Pumped Storage,-8.000,Elexon BMRS FUELHH
2022-03-12T10:30:00Z,Wind,11206.000,Elexon BMRS FUELHH
2022-03-12T11:00:00Z,Biomass,1181.000,Elexon BMRS FUELHH
2022-03-12T11:00:00Z,Coal,627.000,Elexon BMRS FUELHH
2022-03-12T11:00:00Z,Gas,4540.000,Elexon BMRS FUELHH
2022-03-12T11:00:00Z,Hydro,351.000,Elexon BMRS FUELHH
2022-03-12T11:00:00Z,Imports & Exports,1890.000,Elexon BMRS FUELHH
2022-03-12T11:00:00Z,Nuclear,5623.000,Elexon BMRS FUELHH
2022-03-12T11:00:00Z,Other,141.000,Elexon BMRS FUELHH
2022-03-12T11:00:00Z,Pumped Storage,-8.000,Elexon BMRS FUELHH
2022-03-12T11:00:00Z,Wind,11634.000,Elexon BMRS FUELHH
2022-03-12T11:30:00Z,Biomass,1109.000,Elexon BMRS FUELHH
2022-03-12T11:30:00Z,Coal,516.000,Elexon BMRS FUELHH
2022-03-12T11:30:00Z,Gas,3921.000,Elexon BMRS FUELHH
2022-03-12T11:30:00Z,Hydro,361.000,Elexon BMRS FUELHH
2022-03-12T11:30:00Z,Imports & Exports,2016.000,Elexon BMRS FUELHH
2022-03-12T11:30:00Z,Nuclear,5618.000,Elexon BMRS FUELHH
2022-03-12T11:30:00Z,Other,160.000,Elexon BMRS FUELHH
2022-03-12T11:30:00Z,Pumped Storage,-8.000,Elexon BMRS FUELHH
2022-03-12T11:30:00Z,Wind,11782.000,Elexon BMRS FUELHH
2022-03-12T12:00:00Z,Biomass,1060.000,Elexon BMRS FUELHH
2022-03-12T12:00:00Z,Coal,597.000,Elexon BMRS FUELHH
2022-03-12T12:00:00Z,Gas,3584.000,Elexon BMRS FUELHH
2022-03-12T12:00:00Z,Hydro,374.000,Elexon BMRS FUELHH
2022-03-12T12:00:00Z,Imports & Exports,2388.000,Elexon BMRS FUELHH
2022-03-12T12:00:00Z,Nuclear,5619.000,Elexon BMRS FUELHH
2022-03-12T12:00:00Z,Other,149.000,Elexon BMRS FUELHH
2022-03-12T12:00:00Z,Pumped Storage,-70.000,Elexon BMRS FUELHH
2022-03-12T12:00:00Z,Wind,11872.000,Elexon BMRS FUELHH
2022-03-12T12:30:00Z,Biomass,1077.000,Elexon BMRS FUELHH
2022-03-12T12:30:00Z,Coal,621.000,Elexon BMRS FUELHH
2022-03-12T12:30:00Z,Gas,3540.000,Elexon BMRS FUELHH
2022-03-12T12:30:00Z,Hydro,375.000,Elexon BMRS FUELHH
2022-03-12T12:30:00Z,Imports & Exports,2500.000,Elexon BMRS FUELHH
2022-03-12T12:30:00Z,Nuclear,5624.000,Elexon BMRS FUELHH
2022-03-12T12:30:00Z,Other,157.000,Elexon BMRS FUELHH
2022-03-12T12:30:00Z,Pumped Storage,-128.000,Elexon BMRS FUELHH
2022-03-12T12:30:00Z,Wind,11445.000,Elexon BMRS FUELHH
2022-03-12T13:00:00Z,Biomass,1087.000,Elexon BMRS FUELHH
2022-03-12T13:00:00Z,Coal,560.000,Elexon BMRS FUELHH
2022-03-12T13:00:00Z,Gas,3842.000,Elexon BMRS FUELHH
2022-03-12T13:00:00Z,Hydro,374.000,Elexon BMRS FUELHH
2022-03-12T13:00:00Z,Imports & Exports,2166.000,Elexon BMRS FUELHH
2022-03-12T13:00:00Z,Nuclear,5620.000,Elexon BMRS FUELHH
2022-03-12T13:00:00Z,Other,157.000,Elexon BMRS FUELHH
2022-03-12T13:00:00Z,Pumped Storage,-118.000,Elexon BMRS FUELHH
2022-03-12T13:00:00Z,Wind,11102.000,Elexon BMRS FUELHH
2022-03-12T13:30:00Z,Biomass,1106.000,Elexon BMRS FUELHH
2022-03-12T13:30:00Z,Coal,557.000,Elexon BMRS FUELHH
2022-03-12T13:30:00Z,Gas,3875.000,Elexon BMRS FUELHH
2022-03-12T13:30:00Z,Hydro,375.000,Elexon BMRS FUELHH
2022-03-12T13:30:00Z,Imports & Exports,2290.000,Elexon BMRS FUELHH
2022-03-12T13:30:00Z,Nuclear,5607.000,Elexon BMRS FUELHH
2022-03-12T13:30:00Z,Other,144.000,Elexon BMRS FUELHH
2022-03-12T13:30:00Z,Pumped Storage,-30.000,Elexon BMRS FUELHH
2022-03-12T13:30:00Z,Wind,10700.000,Elexon BMRS FUELHH
2022-03-12T14:00:00Z,Biomass,1189.000,Elexon BMRS FUELHH
2022-03-12T14:00:00Z,Coal,623.000,Elexon BMRS FUELHH
2022-03-12T14:00:00Z,Gas,4155.000,Elexon BMRS FUELHH
2022-03-12T14:00:00Z,Hydro,384.000,Elexon BMRS FUELHH
2022-03-12T14:00:00Z,Imports & Exports,2158.000,Elexon BMRS FUELHH
2022-03-12T14:00:00Z,Nuclear,5520.000,Elexon BMRS FUELHH
2022-03-12T14:00:00Z,Other,156.000,Elexon BMRS FUELHH
2022-03-12T14:00:00Z,Pumped Storage,-6.000,Elexon BMRS FUELHH
2022-03-12T14:00:00Z,Wind,10199.000,Elexon BMRS FUELHH
2022-03-12T14:30:00Z,Biomass,1285.000,Elexon BMRS FUELHH
2022-03-12T14:30:00Z,Coal,802.000,Elexon BMRS FUELHH
2022-03-12T14:30:00Z,Gas,4242.000,Elexon BMRS FUELHH
2022-03-12T14:30:00Z,Hydro,386.000,Elexon BMRS FUELHH
2022-03-12T14:30:00Z,Imports & Exports,2380.000,Elexon BMRS FUELHH
2022-03-12T14:30:00Z,Nuclear,5470.000,Elexon BMRS FUELHH
2022-03-12T14:30:00Z,Other,163.000,Elexon BMRS FUELHH
2022-03-12T14:30:00Z,Pumped Storage,12.000,Elexon BMRS FUELHH
2022-03-12T14:30:00Z,Wind,9760.000,Elexon BMRS FUELHH
2022-03-12T15:00:00Z,Biomass,1404.000,Elexon BMRS FUELHH
2022-03-12T15:00:00Z,Coal,874.000,Elexon BMRS FUELHH
2022-03-12T15:00:00Z,Gas,4241.000,Elexon BMRS FUELHH
2022-03-12T15:00:00Z,Hydro,429.000,Elexon BMRS FUELHH
2022-03-12T15:00:00Z,Imports & Exports,3302.000,Elexon BMRS FUELHH
2022-03-12T15:00:00Z,Nuclear,5468.000,Elexon BMRS FUELHH
2022-03-12T15:00:00Z,Other,172.000,Elexon BMRS FUELHH
2022-03-12T15:00:00Z,Pumped Storage,142.000,Elexon BMRS FUELHH
2022-03-12T15:00:00Z,Wind,9440.000,Elexon BMRS FUELHH
2022-03-12T15:30:00Z,Biomass,1505.000,Elexon BMRS FUELHH
2022-03-12T15:30:00Z,Coal,948.000,Elexon BMRS FUELHH
2022-03-12T15:30:00Z,Gas,4748.000,Elexon BMRS FUELHH
2022-03-12T15:30:00Z,Hydro,450.000,Elexon BMRS FUELHH
2022-03-12T15:30:00Z,Imports & Exports,3530.000,Elexon BMRS FUELHH
2022-03-12T15:30:00Z,Nuclear,5466.000,Elexon BMRS FUELHH
2022-03-12T15:30:00Z,Other,190.000,Elexon BMRS FUELHH
2022-03-12T15:30:00Z,Pumped Storage,298.000,Elexon BMRS FUELHH
2022-03-12T15:30:00Z,Wind,9142.000,Elexon BMRS FUELHH
2022-03-12T16:00:00Z,Biomass,1521.000,Elexon BMRS FUELHH
2022-03-12T16:00:00Z,Coal,966.000,Elexon BMRS FUELHH
2022-03-12T16:00:00Z,Gas,5751.000,Elexon BMRS FUELHH
2022-03-12T16:00:00Z,Hydro,550.000,Elexon BMRS FUELHH
2022-03-12T16:00:00Z,Imports & Exports,3306.000,Elexon BMRS FUELHH
2022-03-12T16:00:00Z,Nuclear,5488.000,Elexon BMRS FUELHH
2022-03-12T16:00:00Z,Other,226.000,Elexon BMRS FUELHH
2022-03-12T16:00:00Z,Pumped Storage,822.000,Elexon BMRS FUELHH
2022-03-12T16:00:00Z,Wind,9189.000,Elexon BMRS FUELHH
2022-03-12T16:30:00Z,Biomass,1522.000,Elexon BMRS FUELHH
2022-03-12T16:30:00Z,Coal,992.000,Elexon BMRS FUELHH
2022-03-12T16:30:00Z,Gas,7190.000,Elexon BMRS FUELHH
2022-03-12T16:30:00Z,Hydro,713.000,Elexon BMRS FUELHH
2022-03-12T16:30:00Z,Imports & Exports,3332.000,Elexon BMRS FUELHH
2022-03-12T16:30:00Z,Nuclear,5567.000,Elexon BMRS FUELHH
2022-03-12T16:30:00Z,Other,275.000,Elexon BMRS FUELHH
2022-03-12T16:30:00Z,Pumped Storage,1046.000,Elexon BMRS FUELHH
2022-03-12T16:30:00Z,Wind,9594.000,Elexon BMRS FUELHH
2022-03-12T17:00:00Z,Biomass,1524.000,Elexon BMRS FUELHH
2022-03-12T17:00:00Z,Coal,996.000,Elexon BMRS FUELHH
2022-03-12T17:00:00Z,Gas,8288.000,Elexon BMRS FUELHH
2022-03-12T17:00:00Z,Hydro,730.000,Elexon BMRS FUELHH
2022-03-12T17:00:00Z,Imports & Exports,3250.000,Elexon BMRS FUELHH
2022-03-12T17:00:00Z,Nuclear,5649.000,Elexon BMRS FUELHH
2022-03-12T17:00:00Z,Other,309.000,Elexon BMRS FUELHH
2022-03-12T17:00:00Z,Pumped Storage,1180.000,Elexon BMRS FUELHH
2022-03-12T17:00:00Z,Wind,10341.000,Elexon BMRS FUELHH
2022-03-12T17:30:00Z,Biomass,1522.000,Elexon BMRS FUELHH
2022-03-12T17:30:00Z,Coal,989.000,Elexon BMRS FUELHH
2022-03-12T17:30:00Z,Gas,8788.000,Elexon BMRS FUELHH
2022-03-12T17:30:00Z,Hydro,744.000,Elexon BMRS FUELHH
2022-03-12T17:30:00Z,Imports & Exports,3288.000,Elexon BMRS FUELHH
2022-03-12T17:30:00Z,Nuclear,5678.000,Elexon BMRS FUELHH
2022-03-12T17:30:00Z,Other,324.000,Elexon BMRS FUELHH
2022-03-12T17:30:00Z,Pumped Storage,1736.000,Elexon BMRS FUELHH
2022-03-12T17:30:00Z,Wind,10589.000,Elexon BMRS FUELHH
2022-03-12T18:00:00Z,Biomass,1521.000,Elexon BMRS FUELHH
2022-03-12T18:00:00Z,Coal,990.000,Elexon BMRS FUELHH
2022-03-12T18:00:00Z,Gas,8409.000,Elexon BMRS FUELHH
2022-03-12T18:00:00Z,Hydro,645.000,Elexon BMRS FUELHH
2022-03-12T18:00:00Z,Imports & Exports,4376.000,Elexon BMRS FUELHH
2022-03-12T18:00:00Z,Nuclear,5676.000,Elexon BMRS FUELHH
2022-03-12T18:00:00Z,Other,303.000,Elexon BMRS FUELHH
2022-03-12T18:00:00Z,Pumped Storage,1786.000,Elexon BMRS FUELHH
2022-03-12T18:00:00Z,Wind,11094.000,Elexon BMRS FUELHH
2022-03-12T18:30:00Z,Biomass,1509.000,Elexon BMRS FUELHH
2022-03-12T18:30:00Z,Coal,988.000,Elexon BMRS FUELHH
2022-03-12T18:30:00Z,Gas,8815.000,Elexon BMRS FUELHH
2022-03-12T18:30:00Z,Hydro,590.000,Elexon BMRS FUELHH
2022-03-12T18:30:00Z,Imports & Exports,4412.000,Elexon BMRS FUELHH
2022-03-12T18:30:00Z,Nuclear,5676.000,Elexon BMRS FUELHH
2022-03-12T18:30:00Z,Other,225.000,Elexon BMRS FUELHH
2022-03-12T18:30:00Z,Pumped Storage,1632.000,Elexon BMRS FUELHH
2022-03-12T18:30:00Z,Wind,11456.000,Elexon BMRS FUELHH
2022-03-12T19:00:00Z,Biomass,1407.000,Elexon BMRS FUELHH
2022-03-12T19:00:00Z,Coal,967.000,Elexon BMRS FUELHH
2022-03-12T19:00:00Z,Gas,8330.000,Elexon BMRS FUELHH
2022-03-12T19:00:00Z,Hydro,577.000,Elexon BMRS FUELHH
2022-03-12T19:00:00Z,Imports & Exports,4516.000,Elexon BMRS FUELHH
2022-03-12T19:00:00Z,Nuclear,5679.000,Elexon BMRS FUELHH
2022-03-12T19:00:00Z,Other,226.000,Elexon BMRS FUELHH
2022-03-12T19:00:00Z,Pumped Storage,722.000,Elexon BMRS FUELHH
2022-03-12T19:00:00Z,Wind,11862.000,Elexon BMRS FUELHH
2022-03-12T19:30:00Z,Biomass,1256.000,Elexon BMRS FUELHH
2022-03-12T19:30:00Z,Coal,845.000,Elexon BMRS FUELHH
2022-03-12T19:30:00Z,Gas,7565.000,Elexon BMRS FUELHH
2022-03-12T19:30:00Z,Hydro,592.000,Elexon BMRS FUELHH
2022-03-12T19:30:00Z,Imports & Exports,4402.000,Elexon BMRS FUELHH
2022-03-12T19:30:00Z,Nuclear,5677.000,Elexon BMRS FUELHH
2022-03-12T19:30:00Z,Other,224.000,Elexon BMRS FUELHH
2022-03-12T19:30:00Z,Pumped Storage,166.000,Elexon BMRS FUELHH
2022-03-12T19:30:00Z,Wind,12327.000,Elexon BMRS FUELHH
2022-03-12T20:00:00Z,Biomass,1145.000,Elexon BMRS FUELHH
2022-03-12T20:00:00Z,Coal,932.000,Elexon BMRS FUELHH
2022-03-12T20:00:00Z,Gas,7507.000,Elexon BMRS FUELHH
2022-03-12T20:00:00Z,Hydro,608.000,Elexon BMRS FUELHH
2022-03-12T20:00:00Z,Imports & Exports,2794.000,Elexon BMRS FUELHH
2022-03-12T20:00:00Z,Nuclear,5675.000,Elexon BMRS FUELHH
2022-03-12T20:00:00Z,Other,193.000,Elexon BMRS FUELHH
2022-03-12T20:00:00Z,Pumped Storage,118.000,Elexon BMRS FUELHH
2022-03-12T20:00:00Z,Wind,12691.000,Elexon BMRS FUELHH
2022-03-12T20:30:00Z,Biomass,1042.000,Elexon BMRS FUELHH
2022-03-12T20:30:00Z,Coal,865.000,Elexon BMRS FUELHH
2022-03-12T20:30:00Z,Gas,6840.000,Elexon BMRS FUELHH
2022-03-12T20:30:00Z,Hydro,603.000,Elexon BMRS FUELHH
2022-03-12T20:30:00Z,Imports & Exports,2482.000,Elexon BMRS FUELHH
2022-03-12T20:30:00Z,Nuclear,5674.000,Elexon BMRS FUELHH
2022-03-12T20:30:00Z,Other,188.000,Elexon BMRS FUELHH
2022-03-12T20:30:00Z,Pumped Storage,-12.000,Elexon BMRS FUELHH
2022-03-12T20:30:00Z,Wind,12757.000,Elexon BMRS FUELHH
2022-03-12T21:00:00Z,Biomass,1077.000,Elexon BMRS FUELHH
2022-03-12T21:00:00Z,Coal,404.000,Elexon BMRS FUELHH
2022-03-12T21:00:00Z,Gas,5963.000,Elexon BMRS FUELHH
2022-03-12T21:00:00Z,Hydro,577.000,Elexon BMRS FUELHH
2022-03-12T21:00:00Z,Imports & Exports,2210.000,Elexon BMRS FUELHH
2022-03-12T21:00:00Z,Nuclear,5667.000,Elexon BMRS FUELHH
2022-03-12T21:00:00Z,Other,245.000,Elexon BMRS FUELHH
2022-03-12T21:00:00Z,Pumped Storage,-18.000,Elexon BMRS FUELHH
2022-03-12T21:00:00Z,Wind,12658.000,Elexon BMRS FUELHH
2022-03-12T21:30:00Z,Biomass,1046.000,Elexon BMRS FUELHH
2022-03-12T21:30:00Z,Coal,32.000,Elexon BMRS FUELHH
2022-03-12T21:30:00Z,Gas,5333.000,Elexon BMRS FUELHH
2022-03-12T21:30:00Z,Hydro,537.000,Elexon BMRS FUELHH
2022-03-12T21:30:00Z,Imports & Exports,2008.000,Elexon BMRS FUELHH
2022-03-12T21:30:00Z,Nuclear,5670.000,Elexon BMRS FUELHH
2022-03-12T21:30:00Z,Other,188.000,Elexon BMRS FUELHH
2022-03-12T21:30:00Z,Pumped Storage,-16.000,Elexon BMRS FUELHH
2022-03-12T21:30:00Z,Wind,12774.000,Elexon BMRS FUELHH
2022-03-12T22:00:00Z,Biomass,1069.000,Elexon BMRS FUELHH
2022-03-12T22:00:00Z,Coal,0.000,Elexon BMRS FUELHH
2022-03-12T22:00:00Z,Gas,3906.000,Elexon BMRS FUELHH
2022-03-12T22:00:00Z,Hydro,496.000,Elexon BMRS FUELHH
2022-03-12T22:00:00Z,Imports & Exports,2130.000,Elexon BMRS FUELHH
2022-03-12T22:00:00Z,Nuclear,5659.000,Elexon BMRS FUELHH
2022-03-12T22:00:00Z,Other,211.000,Elexon BMRS FUELHH
2022-03-12T22:00:00Z,Pumped Storage,-94.000,Elexon BMRS FUELHH
2022-03-12T22:00:00Z,Wind,12668.000,Elexon BMRS FUELHH
2022-03-12T22:30:00Z,Biomass,1049.000,Elexon BMRS FUELHH
2022-03-12T22:30:00Z,Coal,0.000,Elexon BMRS FUELHH
2022-03-12T22:30:00Z,Gas,3238.000,Elexon BMRS FUELHH
2022-03-12T22:30:00Z,Hydro,479.000,Elexon BMRS FUELHH
2022-03-12T22:30:00Z,Imports & Exports,2054.000,Elexon BMRS FUELHH
2022-03-12T22:30:00Z,Nuclear,5593.000,Elexon BMRS FUELHH
2022-03-12T22:30:00Z,Other,188.000,Elexon BMRS FUELHH
2022-03-12T22:30:00Z,Pumped Storage,-486.000,Elexon BMRS FUELHH
2022-03-12T22:30:00Z,Wind,12560.000,Elexon BMRS FUELHH
2022-03-12T23:00:00Z,Biomass,1053.000,Elexon BMRS FUELHH
2022-03-12T23:00:00Z,Coal,0.000,Elexon BMRS FUELHH
2022-03-12T23:00:00Z,Gas,2884.000,Elexon BMRS FUELHH
2022-03-12T23:00:00Z,Hydro,459.000,Elexon BMRS FUELHH
2022-03-12T23:00:00Z,Imports & Exports,592.000,Elexon BMRS FUELHH
2022-03-12T23:00:00Z,Nuclear,5509.000,Elexon BMRS FUELHH
2022-03-12T23:00:00Z,Other,188.000,Elexon BMRS FUELHH
2022-03-12T23:00:00Z,Pumped Storage,-274.000,Elexon BMRS FUELHH
2022-03-12T23:00:00Z,Wind,12959.000,Elexon BMRS FUELHH
2022-03-12T23:30:00Z,Biomass,1042.000,Elexon BMRS FUELHH
2022-03-12T23:30:00Z,Coal,0.000,Elexon BMRS FUELHH
2022-03-12T23:30:00Z,Gas,2791.000,Elexon BMRS FUELHH
2022-03-12T23:30:00Z,Hydro,515.000,Elexon BMRS FUELHH
2022-03-12T23:30:00Z,Imports & Exports,468.000,Elexon BMRS FUELHH
2022-03-12T23:30:00Z,Nuclear,5471.000,Elexon BMRS FUELHH
2022-03-12T23:30:00Z,Other,180.000,Elexon BMRS FUELHH
2022-03-12T23:30:00Z,Pumped Storage,-732.000,Elexon BMRS FUELHH
2022-03-12T23:30:00Z,Wind,12881.000,Elexon BMRS FUELHH
2022-03-13T00:00:00Z,Biomass,1053.000,Elexon BMRS FUELHH
2022-03-13T00:00:00Z,Coal,0.000,Elexon BMRS FUELHH
2022-03-13T00:00:00Z,Gas,2811.000,Elexon BMRS FUELHH
2022-03-13T00:00:00Z,Hydro,522.000,Elexon BMRS FUELHH
2022-03-13T00:00:00Z,Imports & Exports,558.000,Elexon BMRS FUELHH
2022-03-13T00:00:00Z,Nuclear,5465.000,Elexon BMRS FUELHH
2022-03-13T00:00:00Z,Other,170.000,Elexon BMRS FUELHH
2022-03-13T00:00:00Z,Pumped Storage,-892.000,Elexon BMRS FUELHH
2022-03-13T00:00:00Z,Wind,12742.000,Elexon BMRS FUELHH
2022-03-13T00:30:00Z,Biomass,1062.000,Elexon BMRS FUELHH
2022-03-13T00:30:00Z,Coal,0.000,Elexon BMRS FUELHH
2022-03-13T00:30:00Z,Gas,3290.000,Elexon BMRS FUELHH
2022-03-13T00:30:00Z,Hydro,521.000,Elexon BMRS FUELHH
2022-03-13T00:30:00Z,Imports & Exports,556.000,Elexon BMRS FUELHH
2022-03-13T00:30:00Z,Nuclear,5456.000,Elexon BMRS FUELHH
2022-03-13T00:30:00Z,Other,180.000,Elexon BMRS FUELHH
2022-03-13T00:30:00Z,Pumped Storage,-1030.000,Elexon BMRS FUELHH
2022-03-13T00:30:00Z,Wind,12754.000,Elexon BMRS FUELHH
2022-03-13T01:00:00Z,Biomass,1060.000,Elexon BMRS FUELHH
2022-03-13T01:00:00Z,Coal,0.000,Elexon BMRS FUELHH
2022-03-13T01:00:00Z,Gas,3916.000,Elexon BMRS FUELHH
2022-03-13T01:00:00Z,Hydro,513.000,Elexon BMRS FUELHH
2022-03-13T01:00:00Z,Imports & Exports,-256.000,Elexon BMRS FUELHH
2022-03-13T01:00:00Z,Nuclear,5445.000,Elexon BMRS FUELHH
2022-03-13T01:00:00Z,Other,178.000,Elexon BMRS FUELHH
2022-03-13T01:00:00Z,Pumped Storage,-1308.000,Elexon BMRS FUELHH
2022-03-13T01:00:00Z,Wind,12749.000,Elexon BMRS FUELHH
2022-03-13T01:30:00Z,Biomass,1042.000,Elexon BMRS FUELHH
2022-03-13T01:30:00Z,Coal,0.000,Elexon BMRS FUELHH
2022-03-13T01:30:00Z,Gas,3713.000,Elexon BMRS FUELHH
2022-03-13T01:30:00Z,Hydro,515.000,Elexon BMRS FUELHH
2022-03-13T01:30:00Z,Imports & Exports,-538.000,Elexon BMRS FUELHH
2022-03-13T01:30:00Z,Nuclear,5472.000,Elexon BMRS FUELHH
2022-03-13T01:30:00Z,Other,166.000,Elexon BMRS FUELHH
2022-03-13T01:30:00Z,Pumped Storage,-1544.000,Elexon BMRS FUELHH
2022-03-13T01:30:00Z,Wind,12789.000,Elexon BMRS FUELHH
2022-03-13T02:00:00Z,Biomass,1068.000,Elexon BMRS FUELHH
2022-03-13T02:00:00Z,Coal,0.000,Elexon BMRS FUELHH
2022-03-13T02:00:00Z,Gas,3978.000,Elexon BMRS FUELHH
2022-03-13T02:00:00Z,Hydro,525.000,Elexon BMRS FUELHH
2022-03-13T02:00:00Z,Imports & Exports,-1490.000,Elexon BMRS FUELHH
2022-03-13T02:00:00Z,Nuclear,5559.000,Elexon BMRS FUELHH
2022-03-13T02:00:00Z,Other,181.000,Elexon BMRS FUELHH
2022-03-13T02:00:00Z,Pumped Storage,-1418.000,Elexon BMRS FUELHH
2022-03-13T02:00:00Z,Wind,12667.000,Elexon BMRS FUELHH
2022-03-13T02:30:00Z,Biomass,1048.000,Elexon BMRS FUELHH
2022-03-13T02:30:00Z,Coal,0.000,Elexon BMRS FUELHH
2022-03-13T02:30:00Z,Gas,3843.000,Elexon BMRS FUELHH
2022-03-13T02:30:00Z,Hydro,515.000,Elexon BMRS FUELHH
2022-03-13T02:30:00Z,Imports & Exports,-1658.000,Elexon BMRS FUELHH
2022-03-13T02:30:00Z,Nuclear,5642.000,Elexon BMRS FUELHH
2022-03-13T02:30:00Z,Other,169.000,Elexon BMRS FUELHH
2022-03-13T02:30:00Z,Pumped Storage,-1456.000,Elexon BMRS FUELHH
2022-03-13T02:30:00Z,Wind,12632.000,Elexon BMRS FUELHH
2022-03-13T03:00:00Z,Biomass,1056.000,Elexon BMRS FUELHH
2022-03-13T03:00:00Z,Coal,0.000,Elexon BMRS FUELHH
2022-03-13T03:00:00Z,Gas,3435.000,Elexon BMRS FUELHH
2022-03-13T03:00:00Z,Hydro,482.000,Elexon BMRS FUELHH
2022-03-13T03:00:00Z,Imports & Exports,-2000.000,Elexon BMRS FUELHH
2022-03-13T03:00:00Z,Nuclear,5666.000,Elexon BMRS FUELHH
2022-03-13T03:00:00Z,Other,171.000,Elexon BMRS FUELHH
2022-03-13T03:00:00Z,Pumped Storage,-1472.000,Elexon BMRS FUELHH
2022-03-13T03:00:00Z,Wind,12974.000,Elexon BMRS FUELHH
2022-03-13T03:30:00Z,Biomass,1040.000,Elexon BMRS FUELHH
2022-03-13T03:30:00Z,Coal,0.000,Elexon BMRS FUELHH
2022-03-13T03:30:00Z,Gas,2817.000,Elexon BMRS FUELHH
2022-03-13T03:30:00Z,Hydro,482.000,Elexon BMRS FUELHH
2022-03-13T03:30:00Z,Imports & Exports,-2168.000,Elexon BMRS FUELHH
2022-03-13T03:30:00Z,Nuclear,5664.000,Elexon BMRS FUELHH
2022-03-13T03:30:00Z,Other,184.000,Elexon BMRS FUELHH
2022-03-13T03:30:00Z,Pumped Storage,-1470.000,Elexon BMRS FUELHH
2022-03-13T03:30:00Z,Wind,13056.000,Elexon BMRS FUELHH
2022-03-13T04:00:00Z,Biomass,1052.000,Elexon BMRS FUELHH
2022-03-13T04:00:00Z,Coal,0.000,Elexon BMRS FUELHH
2022-03-13T04:00:00Z,Gas,2949.000,Elexon BMRS FUELHH
2022-03-13T04:00:00Z,Hydro,483.000,Elexon BMRS FUELHH
2022-03-13T04:00:00Z,Imports & Exports,-2718.000,Elexon BMRS FUELHH
2022-03-13T04:00:00Z,Nuclear,5659.000,Elexon BMRS FUELHH
2022-03-13T04:00:00Z,Other,188.000,Elexon BMRS FUELHH
2022-03-13T04:00:00Z,Pumped Storage,-1404.000,Elexon BMRS FUELHH
2022-03-13T04:00:00Z,Wind,13092.000,Elexon BMRS FUELHH
2022-03-13T04:30:00Z,Biomass,1104.000,Elexon BMRS FUELHH
2022-03-13T04:30:00Z,Coal,0.000,Elexon BMRS FUELHH
2022-03-13T04:30:00Z,Gas,2946.000,Elexon BMRS FUELHH
2022-03-13T04:30:00Z,Hydro,487.000,Elexon BMRS FUELHH
2022-03-13T04:30:00Z,Imports & Exports,-2914.000,Elexon BMRS FUELHH
2022-03-13T04:30:00Z,Nuclear,5664.000,Elexon BMRS FUELHH
2022-03-13T04:30:00Z,Other,185.000,Elexon BMRS FUELHH
2022-03-13T04:30:00Z,Pumped Storage,-1678.000,Elexon BMRS FUELHH
2022-03-13T04:30:00Z,Wind,13276.000,Elexon BMRS FUELHH
2022-03-13T05:00:00Z,Biomass,1356.000,Elexon BMRS FUELHH
2022-03-13T05:00:00Z,Coal,0.000,Elexon BMRS FUELHH
2022-03-13T05:00:00Z,Gas,3532.000,Elexon BMRS FUELHH
2022-03-13T05:00:00Z,Hydro,491.000,Elexon BMRS FUELHH
2022-03-13T05:00:00Z,Imports & Exports,-3770.000,Elexon BMRS FUELHH
2022-03-13T05:00:00Z,Nuclear,5669.000,Elexon BMRS FUELHH
2022-03-13T05:00:00Z,Other,196.000,Elexon BMRS FUELHH
2022-03-13T05:00:00Z,Pumped Storage,-1654.000,Elexon BMRS FUELHH
2022-03-13T05:00:00Z,Wind,13403.000,Elexon BMRS FUELHH
2022-03-13T05:30:00Z,Biomass,1367.000,Elexon BMRS FUELHH
2022-03-13T05:30:00Z,Coal,0.000,Elexon BMRS FUELHH
2022-03-13T05:30:00Z,Gas,3868.000,Elexon BMRS FUELHH
2022-03-13T05:30:00Z,Hydro,499.000,Elexon BMRS FUELHH
2022-03-13T05:30:00Z,Imports & Exports,-3672.000,Elexon BMRS FUELHH
2022-03-13T05:30:00Z,Nuclear,5664.000,Elexon BMRS FUELHH
2022-03-13T05:30:00Z,Other,196.000,Elexon BMRS FUELHH
2022-03-13T05:30:00Z,Pumped Storage,-1512.000,Elexon BMRS FUELHH
2022-03-13T05:30:00Z,Wind,13306.000,Elexon BMRS FUELHH
2022-03-13T06:00:00Z,Biomass,1321.000,Elexon BMRS FUELHH
2022-03-13T06:00:00Z,Coal,0.000,Elexon BMRS FUELHH
2022-03-13T06:00:00Z,Gas,3246.000,Elexon BMRS FUELHH
2022-03-13T06:00:00Z,Hydro,531.000,Elexon BMRS FUELHH
2022-03-13T06:00:00Z,Imports & Exports,-1994.000,Elexon BMRS FUELHH
2022-03-13T06:00:00Z,Nuclear,5667.000,Elexon BMRS FUELHH
2022-03-13T06:00:00Z,Other,184.000,Elexon BMRS FUELHH
2022-03-13T06:00:00Z,Pumped Storage,-1584.000,Elexon BMRS FUELHH
2022-03-13T06:00:00Z,Wind,13362.000,Elexon BMRS FUELHH
2022-03-13T06:30:00Z,Biomass,1261.000,Elexon BMRS FUELHH
2022-03-13T06:30:00Z,Coal,0.000,Elexon BMRS FUELHH
2022-03-13T06:30:00Z,Gas,3156.000,Elexon BMRS FUELHH
2022-03-13T06:30:00Z,Hydro,550.000,Elexon BMRS FUELHH
2022-03-13T06:30:00Z,Imports & Exports,-1760.000,Elexon BMRS FUELHH
2022-03-13T06:30:00Z,Nuclear,5663.000,Elexon BMRS FUELHH
2022-03-13T06:30:00Z,Other,172.000,Elexon BMRS FUELHH
2022-03-13T06:30:00Z,Pumped Storage,-1326.000,Elexon BMRS FUELHH
2022-03-13T06:30:00Z,Wind,13306.000,Elexon BMRS FUELHH
2022-03-13T07:00:00Z,Biomass,1070.000,Elexon BMRS FUELHH
2022-03-13T07:00:00Z,Coal,0.000,Elexon BMRS FUELHH
2022-03-13T07:00:00Z,Gas,2895.000,Elexon BMRS FUELHH
2022-03-13T07:00:00Z,Hydro,552.000,Elexon BMRS FUELHH
2022-03-13T07:00:00Z,Imports & Exports,-874.000,Elexon BMRS FUELHH
2022-03-13T07:00:00Z,Nuclear,5665.000,Elexon BMRS FUELHH
2022-03-13T07:00:00Z,Other,167.000,Elexon BMRS FUELHH
2022-03-13T07:00:00Z,Pumped Storage,-718.000,Elexon BMRS FUELHH
2022-03-13T07:00:00Z,Wind,13292.000,Elexon BMRS FUELHH
2022-03-13T07:30:00Z,Biomass,1066.000,Elexon BMRS FUELHH
2022-03-13T07:30:00Z,Coal,0.000,Elexon BMRS FUELHH
2022-03-13T07:30:00Z,Gas,3032.000,Elexon BMRS FUELHH
2022-03-13T07:30:00Z,Hydro,538.000,Elexon BMRS FUELHH
2022-03-13T07:30:00Z,Imports & Exports,-722.000,Elexon BMRS FUELHH
2022-03-13T07:30:00Z,Nuclear,5666.000,Elexon BMRS FUELHH
2022-03-13T07:30:00Z,Other,183.000,Elexon BMRS FUELHH
2022-03-13T07:30:00Z,Pumped Storage,-344.000,Elexon BMRS FUELHH
2022-03-13T07:30:00Z,Wind,13284.000,Elexon BMRS FUELHH
2022-03-13T08:00:00Z,Biomass,1105.000,Elexon BMRS FUELHH
2022-03-13T08:00:00Z,Coal,0.000,Elexon BMRS FUELHH
2022-03-13T08:00:00Z,Gas,3182.000,Elexon BMRS FUELHH
2022-03-13T08:00:00Z,Hydro,552.000,Elexon BMRS FUELHH
2022-03-13T08:00:00Z,Imports & Exports,-70.000,Elexon BMRS FUELHH
2022-03-13T08:00:00Z,Nuclear,5667.000,Elexon BMRS FUELHH
2022-03-13T08:00:00Z,Other,186.000,Elexon BMRS FUELHH
2022-03-13T08:00:00Z,Pumped Storage,-196.000,Elexon BMRS FUELHH
2022-03-13T08:00:00Z,Wind,13216.000,Elexon BMRS FUELHH
2022-03-13T08:30:00Z,Biomass,1311.000,Elexon BMRS FUELHH
2022-03-13T08:30:00Z,Coal,0.000,Elexon BMRS FUELHH
2022-03-13T08:30:00Z,Gas,3388.000,Elexon BMRS FUELHH
2022-03-13T08:30:00Z,Hydro,546.000,Elexon BMRS FUELHH
2022-03-13T08:30:00Z,Imports & Exports,82.000,Elexon BMRS FUELHH
2022-03-13T08:30:00Z,Nuclear,5664.000,Elexon BMRS FUELHH
2022-03-13T08:30:00Z,Other,185.000,Elexon BMRS FUELHH
2022-03-13T08:30:00Z,Pumped Storage,20.000,Elexon BMRS FUELHH
2022-03-13T08:30:00Z,Wind,13709.000,Elexon BMRS FUELHH
2022-03-13T09:00:00Z,Biomass,1418.000,Elexon BMRS FUELHH
2022-03-13T09:00:00Z,Coal,0.000,Elexon BMRS FUELHH
2022-03-13T09:00:00Z,Gas,3240.000,Elexon BMRS FUELHH
2022-03-13T09:00:00Z,Hydro,558.000,Elexon BMRS FUELHH
2022-03-13T09:00:00Z,Imports & Exports,964.000,Elexon BMRS FUELHH
2022-03-13T09:00:00Z,Nuclear,5670.000,Elexon BMRS FUELHH
2022-03-13T09:00:00Z,Other,170.000,Elexon BMRS FUELHH
2022-03-13T09:00:00Z,Pumped Storage,-10.000,Elexon BMRS FUELHH
2022-03-13T09:00:00Z,Wind,13705.000,Elexon BMRS FUELHH
2022-03-13T09:30:00Z,Biomass,1393.000,Elexon BMRS FUELHH
2022-03-13T09:30:00Z,Coal,0.000,Elexon BMRS FUELHH
2022-03-13T09:30:00Z,Gas,3154.000,Elexon BMRS FUELHH
2022-03-13T09:30:00Z,Hydro,570.000,Elexon BMRS FUELHH
2022-03-13T09:30:00Z,Imports & Exports,1364.000,Elexon BMRS FUELHH
2022-03-13T09:30:00Z,Nuclear,5667.000,Elexon BMRS FUELHH
2022-03-13T09:30:00Z,Other,181.000,Elexon BMRS FUELHH
2022-03-13T09:30:00Z,Pumped Storage,-10.000,Elexon BMRS FUELHH
2022-03-13T09:30:00Z,Wind,13713.000,Elexon BMRS FUELHH
2022-03-13T10:00:00Z,Biomass,1182.000,Elexon BMRS FUELHH
2022-03-13T10:00:00Z,Coal,0.000,Elexon BMRS FUELHH
2022-03-13T10:00:00Z,Gas,2767.000,Elexon BMRS FUELHH
2022-03-13T10:00:00Z,Hydro,574.000,Elexon BMRS FUELHH
2022-03-13T10:00:00Z,Imports & Exports,2346.000,Elexon BMRS FUELHH
2022-03-13T10:00:00Z,Nuclear,5614.000,Elexon BMRS FUELHH
2022-03-13T10:00:00Z,Other,173.000,Elexon BMRS FUELHH
2022-03-13T10:00:00Z,Pumped Storage,-10.000,Elexon BMRS FUELHH
2022-03-13T10:00:00Z,Wind,13487.000,Elexon BMRS FUELHH
2022-03-13T10:30:00Z,Biomass,1195.000,Elexon BMRS FUELHH
2022-03-13T10:30:00Z,Coal,0.000,Elexon BMRS FUELHH
2022-03-13T10:30:00Z,Gas,2901.000,Elexon BMRS FUELHH
2022-03-13T10:30:00Z,Hydro,572.000,Elexon BMRS FUELHH
2022-03-13T10:30:00Z,Imports & Exports,2514.000,Elexon BMRS FUELHH
2022-03-13T10:30:00Z,Nuclear,5519.000,Elexon BMRS FUELHH
2022-03-13T10:30:00Z,Other,187.000,Elexon BMRS FUELHH
2022-03-13T10:30:00Z,Pumped Storage,42.000,Elexon BMRS FUELHH
2022-03-13T10:30:00Z,Wind,12949.000,Elexon BMRS FUELHH
2022-03-13T11:00:00Z,Biomass,1361.000,Elexon BMRS FUELHH
2022-03-13T11:00:00Z,Coal,0.000,Elexon BMRS FUELHH
2022-03-13T11:00:00Z,Gas,3291.000,Elexon BMRS FUELHH
2022-03-13T11:00:00Z,Hydro,572.000,Elexon BMRS FUELHH
2022-03-13T11:00:00Z,Imports & Exports,2806.000,Elexon BMRS FUELHH
2022-03-13T11:00:00Z,Nuclear,5474.000,Elexon BMRS FUELHH
2022-03-13T11:00:00Z,Other,170.000,Elexon BMRS FUELHH
2022-03-13T11:00:00Z,Pumped Storage,130.000,Elexon BMRS FUELHH
2022-03-13T11:00:00Z,Wind,12521.000,Elexon BMRS FUELHH
2022-03-13T11:30:00Z,Biomass,1369.000,Elexon BMRS FUELHH
2022-03-13T11:30:00Z,Coal,0.000,Elexon BMRS FUELHH
2022-03-13T11:30:00Z,Gas,3966.000,Elexon BMRS FUELHH
2022-03-13T11:30:00Z,Hydro,553.000,Elexon BMRS FUELHH
2022-03-13T11:30:00Z,Imports & Exports,2894.000,Elexon BMRS FUELHH
2022-03-13T11:30:00Z,Nuclear,5468.000,Elexon BMRS FUELHH
2022-03-13T11:30:00Z,Other,173.000,Elexon BMRS FUELHH
2022-03-13T11:30:00Z,Pumped Storage,76.000,Elexon BMRS FUELHH
2022-03-13T11:30:00Z,Wind,12227.000,Elexon BMRS FUELHH
2022-03-13T12:00:00Z,Biomass,1404.000,Elexon BMRS FUELHH
2022-03-13T12:00:00Z,Coal,0.000,Elexon BMRS FUELHH
2022-03-13T12:00:00Z,Gas,4419.000,Elexon BMRS FUELHH
2022-03-13T12:00:00Z,Hydro,552.000,Elexon BMRS FUELHH
2022-03-13T12:00:00Z,Imports & Exports,3120.000,Elexon BMRS FUELHH
2022-03-13T12:00:00Z,Nuclear,5467.000,Elexon BMRS FUELHH
2022-03-13T12:00:00Z,Other,175.000,Elexon BMRS FUELHH
2022-03-13T12:00:00Z,Pumped Storage,274.000,Elexon BMRS FUELHH
2022-03-13T12:00:00Z,Wind,11974.000,Elexon BMRS FUELHH
2022-03-13T12:30:00Z,Biomass,1422.000,Elexon BMRS FUELHH
2022-03-13T12:30:00Z,Coal,0.000,Elexon BMRS FUELHH
2022-03-13T12:30:00Z,Gas,4350.000,Elexon BMRS FUELHH
2022-03-13T12:30:00Z,Hydro,550.000,Elexon BMRS FUELHH
2022-03-13T12:30:00Z,Imports & Exports,3250.000,Elexon BMRS FUELHH
2022-03-13T12:30:00Z,Nuclear,5511.000,Elexon BMRS FUELHH
2022-03-13T12:30:00Z,Other,229.000,Elexon BMRS FUELHH
2022-03-13T12:30:00Z,Pumped Storage,384.000,Elexon BMRS FUELHH
2022-03-13T12:30:00Z,Wind,11959.000,Elexon BMRS FUELHH
2022-03-13T13:00:00Z,Biomass,1430.000,Elexon BMRS FUELHH
2022-03-13T13:00:00Z,Coal,0.000,Elexon BMRS FUELHH
2022-03-13T13:00:00Z,Gas,3969.000,Elexon BMRS FUELHH
2022-03-13T13:00:00Z,Hydro,542.000,Elexon BMRS FUELHH
2022-03-13T13:00:00Z,Imports & Exports,4300.000,Elexon BMRS FUELHH
2022-03-13T13:00:00Z,Nuclear,5606.000,Elexon BMRS FUELHH
2022-03-13T13:00:00Z,Other,203.000,Elexon BMRS FUELHH
2022-03-13T13:00:00Z,Pumped Storage,194.000,Elexon BMRS FUELHH
2022-03-13T13:00:00Z,Wind,11477.000,Elexon BMRS FUELHH
2022-03-13T13:30:00Z,Biomass,1441.000,Elexon BMRS FUELHH
2022-03-13T13:30:00Z,Coal,0.000,Elexon BMRS FUELHH
2022-03-13T13:30:00Z,Gas,4139.000,Elexon BMRS FUELHH
2022-03-13T13:30:00Z,Hydro,541.000,Elexon BMRS FUELHH
2022-03-13T13:30:00Z,Imports & Exports,4336.000,Elexon BMRS FUELHH
2022-03-13T13:30:00Z,Nuclear,5670.000,Elexon BMRS FUELHH
2022-03-13T13:30:00Z,Other,167.000,Elexon BMRS FUELHH
2022-03-13T13:30:00Z,Pumped Storage,230.000,Elexon BMRS FUELHH
2022-03-13T13:30:00Z,Wind,11073.000,Elexon BMRS FUELHH
2022-03-13T14:00:00Z,Biomass,1514.000,Elexon BMRS FUELHH
2022-03-13T14:00:00Z,Coal,0.000,Elexon BMRS FUELHH
2022-03-13T14:00:00Z,Gas,3970.000,Elexon BMRS FUELHH
2022-03-13T14:00:00Z,Hydro,541.000,Elexon BMRS FUELHH
2022-03-13T14:00:00Z,Imports & Exports,4684.000,Elexon BMRS FUELHH
2022-03-13T14:00:00Z,Nuclear,5674.000,Elexon BMRS FUELHH
2022-03-13T14:00:00Z,Other,171.000,Elexon BMRS FUELHH
2022-03-13T14:00:00Z,Pumped Storage,140.000,Elexon BMRS FUELHH
2022-03-13T14:00:00Z,Wind,11017.000,Elexon BMRS FUELHH
2022-03-13T14:30:00Z,Biomass,1408.000,Elexon BMRS FUELHH
2022-03-13T14:30:00Z,Coal,0.000,Elexon BMRS FUELHH
2022-03-13T14:30:00Z,Gas,4284.000,Elexon BMRS FUELHH
2022-03-13T14:30:00Z,Hydro,542.000,Elexon BMRS FUELHH
2022-03-13T14:30:00Z,Imports & Exports,4652.000,Elexon BMRS FUELHH
2022-03-13T14:30:00Z,Nuclear,5674.000,Elexon BMRS FUELHH
2022-03-13T14:30:00Z,Other,175.000,Elexon BMRS FUELHH
2022-03-13T14:30:00Z,Pumped Storage,140.000,Elexon BMRS FUELHH
2022-03-13T14:30:00Z,Wind,10959.000,Elexon BMRS FUELHH
2022-03-13T15:00:00Z,Biomass,1519.000,Elexon BMRS FUELHH
2022-03-13T15:00:00Z,Coal,68.000,Elexon BMRS FUELHH
2022-03-13T15:00:00Z,Gas,5533.000,Elexon BMRS FUELHH
2022-03-13T15:00:00Z,Hydro,542.000,Elexon BMRS FUELHH
2022-03-13T15:00:00Z,Imports & Exports,3954.000,Elexon BMRS FUELHH
2022-03-13T15:00:00Z,Nuclear,5673.000,Elexon BMRS FUELHH
2022-03-13T15:00:00Z,Other,178.000,Elexon BMRS FUELHH
2022-03-13T15:00:00Z,Pumped Storage,276.000,Elexon BMRS FUELHH
2022-03-13T15:00:00Z,Wind,10558.000,Elexon BMRS FUELHH
2022-03-13T15:30:00Z,Biomass,1707.000,Elexon BMRS FUELHH
2022-03-13T15:30:00Z,Coal,287.000,Elexon BMRS FUELHH
2022-03-13T15:30:00Z,Gas,6317.000,Elexon BMRS FUELHH
2022-03-13T15:30:00Z,Hydro,546.000,Elexon BMRS FUELHH
2022-03-13T15:30:00Z,Imports & Exports,4054.000,Elexon BMRS FUELHH
2022-03-13T15:30:00Z,Nuclear,5674.000,Elexon BMRS FUELHH
2022-03-13T15:30:00Z,Other,193.000,Elexon BMRS FUELHH
2022-03-13T15:30:00Z,Pumped Storage,138.000,Elexon BMRS FUELHH
2022-03-13T15:30:00Z,Wind,10352.000,Elexon BMRS FUELHH
2022-03-13T16:00:00Z,Biomass,1873.000,Elexon BMRS FUELHH
2022-03-13T16:00:00Z,Coal,566.000,Elexon BMRS FUELHH
2022-03-13T16:00:00Z,Gas,7319.000,Elexon BMRS FUELHH
2022-03-13T16:00:00Z,Hydro,569.000,Elexon BMRS FUELHH
2022-03-13T16:00:00Z,Imports & Exports,3982.000,Elexon BMRS FUELHH
2022-03-13T16:00:00Z,Nuclear,5678.000,Elexon BMRS FUELHH
2022-03-13T16:00:00Z,Other,193.000,Elexon BMRS FUELHH
2022-03-13T16:00:00Z,Pumped Storage,328.000,Elexon BMRS FUELHH
2022-03-13T16:00:00Z,Wind,10091.000,Elexon BMRS FUELHH
2022-03-13T16:30:00Z,Biomass,1987.000,Elexon BMRS FUELHH
2022-03-13T16:30:00Z,Coal,766.000,Elexon BMRS FUELHH
2022-03-13T16:30:00Z,Gas,8592.000,Elexon BMRS FUELHH
2022-03-13T16:30:00Z,Hydro,585.000,Elexon BMRS FUELHH
2022-03-13T16:30:00Z,Imports & Exports,4116.000,Elexon BMRS FUELHH
2022-03-13T16:30:00Z,Nuclear,5679.000,Elexon BMRS FUELHH
2022-03-13T16:30:00Z,Other,206.000,Elexon BMRS FUELHH
2022-03-13T16:30:00Z,Pumped Storage,402.000,Elexon BMRS FUELHH
2022-03-13T16:30:00Z,Wind,10283.000,Elexon BMRS FUELHH
2022-03-13T17:00:00Z,Biomass,2081.000,Elexon BMRS FUELHH
2022-03-13T17:00:00Z,Coal,954.000,Elexon BMRS FUELHH
2022-03-13T17:00:00Z,Gas,10142.000,Elexon BMRS FUELHH
2022-03-13T17:00:00Z,Hydro,650.000,Elexon BMRS FUELHH
2022-03-13T17:00:00Z,Imports & Exports,3616.000,Elexon BMRS FUELHH
2022-03-13T17:00:00Z,Nuclear,5682.000,Elexon BMRS FUELHH
2022-03-13T17:00:00Z,Other,192.000,Elexon BMRS FUELHH
2022-03-13T17:00:00Z,Pumped Storage,678.000,Elexon BMRS FUELHH
2022-03-13T17:00:00Z,Wind,10198.000,Elexon BMRS FUELHH
2022-03-13T17:30:00Z,Biomass,2083.000,Elexon BMRS FUELHH
2022-03-13T17:30:00Z,Coal,992.000,Elexon BMRS FUELHH
2022-03-13T17:30:00Z,Gas,10689.000,Elexon BMRS FUELHH
2022-03-13T17:30:00Z,Hydro,655.000,Elexon BMRS FUELHH
2022-03-13T17:30:00Z,Imports & Exports,3724.000,Elexon BMRS FUELHH
2022-03-13T17:30:00Z,Nuclear,5681.000,Elexon BMRS FUELHH
2022-03-13T17:30:00Z,Other,214.000,Elexon BMRS FUELHH
2022-03-13T17:30:00Z,Pumped Storage,1178.000,Elexon BMRS FUELHH
2022-03-13T17:30:00Z,Wind,10052.000,Elexon BMRS FUELHH
2022-03-13T18:00:00Z,Biomass,2082.000,Elexon BMRS FUELHH
2022-03-13T18:00:00Z,Coal,991.000,Elexon BMRS FUELHH
2022-03-13T18:00:00Z,Gas,10874.000,Elexon BMRS FUELHH
2022-03-13T18:00:00Z,Hydro,657.000,Elexon BMRS FUELHH
2022-03-13T18:00:00Z,Imports & Exports,3936.000,Elexon BMRS FUELHH
2022-03-13T18:00:00Z,Nuclear,5707.000,Elexon BMRS FUELHH
2022-03-13T18:00:00Z,Other,206.000,Elexon BMRS FUELHH
2022-03-13T18:00:00Z,Pumped Storage,1520.000,Elexon BMRS FUELHH
2022-03-13T18:00:00Z,Wind,10156.000,Elexon BMRS FUELHH
2022-03-13T18:30:00Z,Biomass,2082.000,Elexon BMRS FUELHH
2022-03-13T18:30:00Z,Coal,992.000,Elexon BMRS FUELHH
2022-03-13T18:30:00Z,Gas,10984.000,Elexon BMRS FUELHH
2022-03-13T18:30:00Z,Hydro,656.000,Elexon BMRS FUELHH
2022-03-13T18:30:00Z,Imports & Exports,3970.000,Elexon BMRS FUELHH
2022-03-13T18:30:00Z,Nuclear,5753.000,Elexon BMRS FUELHH
2022-03-13T18:30:00Z,Other,305.000,Elexon BMRS FUELHH
2022-03-13T18:30:00Z,Pumped Storage,1848.000,Elexon BMRS FUELHH
2022-03-13T18:30:00Z,Wind,9826.000,Elexon BMRS FUELHH
2022-03-13T19:00:00Z,Biomass,2081.000,Elexon BMRS FUELHH
2022-03-13T19:00:00Z,Coal,991.000,Elexon BMRS FUELHH
2022-03-13T19:00:00Z,Gas,10781.000,Elexon BMRS FUELHH
2022-03-13T19:00:00Z,Hydro,654.000,Elexon BMRS FUELHH
2022-03-13T19:00:00Z,Imports & Exports,4418.000,Elexon BMRS FUELHH
2022-03-13T19:00:00Z,Nuclear,5692.000,Elexon BMRS FUELHH
2022-03-13T19:00:00Z,Other,350.000,Elexon BMRS FUELHH
2022-03-13T19:00:00Z,Pumped Storage,1442.000,Elexon BMRS FUELHH
2022-03-13T19:00:00Z,Wind,9436.000,Elexon BMRS FUELHH
2022-03-13T19:30:00Z,Biomass,2081.000,Elexon BMRS FUELHH
2022-03-13T19:30:00Z,Coal,992.000,Elexon BMRS FUELHH
2022-03-13T19:30:00Z,Gas,10528.000,Elexon BMRS FUELHH
2022-03-13T19:30:00Z,Hydro,695.000,Elexon BMRS FUELHH
2022-03-13T19:30:00Z,Imports & Exports,4266.000,Elexon BMRS FUELHH
2022-03-13T19:30:00Z,Nuclear,5567.000,Elexon BMRS FUELHH
2022-03-13T19:30:00Z,Other,223.000,Elexon BMRS FUELHH
2022-03-13T19:30:00Z,Pumped Storage,1188.000,Elexon BMRS FUELHH
2022-03-13T19:30:00Z,Wind,8933.000,Elexon BMRS FUELHH
2022-03-13T20:00:00Z,Biomass,2081.000,Elexon BMRS FUELHH
2022-03-13T20:00:00Z,Coal,992.000,Elexon BMRS FUELHH
2022-03-13T20:00:00Z,Gas,10442.000,Elexon BMRS FUELHH
2022-03-13T20:00:00Z,Hydro,845.000,Elexon BMRS FUELHH
2022-03-13T20:00:00Z,Imports & Exports,3668.000,Elexon BMRS FUELHH
2022-03-13T20:00:00Z,Nuclear,5563.000,Elexon BMRS FUELHH
2022-03-13T20:00:00Z,Other,238.000,Elexon BMRS FUELHH
2022-03-13T20:00:00Z,Pumped Storage,876.000,Elexon BMRS FUELHH
2022-03-13T20:00:00Z,Wind,8831.000,Elexon BMRS FUELHH
2022-03-13T20:30:00Z,Biomass,2081.000,Elexon BMRS FUELHH
2022-03-13T20:30:00Z,Coal,993.000,Elexon BMRS FUELHH
2022-03-13T20:30:00Z,Gas,10292.000,Elexon BMRS FUELHH
2022-03-13T20:30:00Z,Hydro,700.000,Elexon BMRS FUELHH
2022-03-13T20:30:00Z,Imports & Exports,3498.000,Elexon BMRS FUELHH
2022-03-13T20:30:00Z,Nuclear,5517.000,Elexon BMRS FUELHH
2022-03-13T20:30:00Z,Other,224.000,Elexon BMRS FUELHH
2022-03-13T20:30:00Z,Pumped Storage,866.000,Elexon BMRS FUELHH
2022-03-13T20:30:00Z,Wind,8121.000,Elexon BMRS FUELHH
2022-03-13T21:00:00Z,Biomass,2078.000,Elexon BMRS FUELHH
2022-03-13T21:00:00Z,Coal,883.000,Elexon BMRS FUELHH
2022-03-13T21:00:00Z,Gas,9525.000,Elexon BMRS FUELHH
2022-03-13T21:00:00Z,Hydro,712.000,Elexon BMRS FUELHH
2022-03-13T21:00:00Z,Imports & Exports,4248.000,Elexon BMRS FUELHH
2022-03-13T21:00:00Z,Nuclear,5427.000,Elexon BMRS FUELHH
2022-03-13T21:00:00Z,Other,195.000,Elexon BMRS FUELHH
2022-03-13T21:00:00Z,Pumped Storage,472.000,Elexon BMRS FUELHH
2022-03-13T21:00:00Z,Wind,7762.000,Elexon BMRS FUELHH
2022-03-13T21:30:00Z,Biomass,2069.000,Elexon BMRS FUELHH
2022-03-13T21:30:00Z,Coal,703.000,Elexon BMRS FUELHH
2022-03-13T21:30:00Z,Gas,8797.000,Elexon BMRS FUELHH
2022-03-13T21:30:00Z,Hydro,869.000,Elexon BMRS FUELHH
2022-03-13T21:30:00Z,Imports & Exports,4122.000,Elexon BMRS FUELHH
2022-03-13T21:30:00Z,Nuclear,5354.000,Elexon BMRS FUELHH
2022-03-13T21:30:00Z,Other,199.000,Elexon BMRS FUELHH
2022-03-13T21:30:00Z,Pumped Storage,74.000,Elexon BMRS FUELHH
2022-03-13T21:30:00Z,Wind,7701.000,Elexon BMRS FUELHH
2022-03-13T22:00:00Z,Biomass,2075.000,Elexon BMRS FUELHH
2022-03-13T22:00:00Z,Coal,459.000,Elexon BMRS FUELHH
2022-03-13T22:00:00Z,Gas,8067.000,Elexon BMRS FUELHH
2022-03-13T22:00:00Z,Hydro,905.000,Elexon BMRS FUELHH
2022-03-13T22:00:00Z,Imports & Exports,3850.000,Elexon BMRS FUELHH
2022-03-13T22:00:00Z,Nuclear,5278.000,Elexon BMRS FUELHH
2022-03-13T22:00:00Z,Other,244.000,Elexon BMRS FUELHH
2022-03-13T22:00:00Z,Pumped Storage,322.000,Elexon BMRS FUELHH
2022-03-13T22:00:00Z,Wind,7435.000,Elexon BMRS FUELHH
2022-03-13T22:30:00Z,Biomass,2084.000,Elexon BMRS FUELHH
2022-03-13T22:30:00Z,Coal,325.000,Elexon BMRS FUELHH
2022-03-13T22:30:00Z,Gas,7556.000,Elexon BMRS FUELHH
2022-03-13T22:30:00Z,Hydro,900.000,Elexon BMRS FUELHH
2022-03-13T22:30:00Z,Imports & Exports,3764.000,Elexon BMRS FUELHH
2022-03-13T22:30:00Z,Nuclear,5285.000,Elexon BMRS FUELHH
2022-03-13T22:30:00Z,Other,215.000,Elexon BMRS FUELHH
2022-03-13T22:30:00Z,Pumped Storage,440.000,Elexon BMRS FUELHH
2022-03-13T22:30:00Z,Wind,6533.000,Elexon BMRS FUELHH
2022-03-13T23:00:00Z,Biomass,2083.000,Elexon BMRS FUELHH
2022-03-13T23:00:00Z,Coal,11.000,Elexon BMRS FUELHH
2022-03-13T23:00:00Z,Gas,8034.000,Elexon BMRS FUELHH
2022-03-13T23:00:00Z,Hydro,786.000,Elexon BMRS FUELHH
2022-03-13T23:00:00Z,Imports & Exports,2540.000,Elexon BMRS FUELHH
2022-03-13T23:00:00Z,Nuclear,5368.000,Elexon BMRS FUELHH
2022-03-13T23:00:00Z,Other,196.000,Elexon BMRS FUELHH
2022-03-13T23:00:00Z,Pumped Storage,438.000,Elexon BMRS FUELHH
2022-03-13T23:00:00Z,Wind,6031.000,Elexon BMRS FUELHH
2022-03-13T23:30:00Z,Biomass,2088.000,Elexon BMRS FUELHH
2022-03-13T23:30:00Z,Coal,0.000,Elexon BMRS FUELHH
2022-03-13T23:30:00Z,Gas,7794.000,Elexon BMRS FUELHH
2022-03-13T23:30:00Z,Hydro,676.000,Elexon BMRS FUELHH
2022-03-13T23:30:00Z,Imports & Exports,2380.000,Elexon BMRS FUELHH
2022-03-13T23:30:00Z,Nuclear,5475.000,Elexon BMRS FUELHH
2022-03-13T23:30:00Z,Other,198.000,Elexon BMRS FUELHH
2022-03-13T23:30:00Z,Pumped Storage,-136.000,Elexon BMRS FUELHH
2022-03-13T23:30:00Z,Wind,6085.000,Elexon BMRS FUELHH
2022-03-14T00:00:00Z,Biomass,2087.000,Elexon BMRS FUELHH
2022-03-14T00:00:00Z,Coal,0.000,Elexon BMRS FUELHH
2022-03-14T00:00:00Z,Gas,7499.000,Elexon BMRS FUELHH
2022-03-14T00:00:00Z,Hydro,675.000,Elexon BMRS FUELHH
2022-03-14T00:00:00Z,Imports & Exports,3198.000,Elexon BMRS FUELHH
2022-03-14T00:00:00Z,Nuclear,5517.000,Elexon BMRS FUELHH
2022-03-14T00:00:00Z,Other,196.000,Elexon BMRS FUELHH
2022-03-14T00:00:00Z,Pumped Storage,-546.000,Elexon BMRS FUELHH
2022-03-14T00:00:00Z,Wind,5996.000,Elexon BMRS FUELHH
2022-03-14T00:30:00Z,Biomass,2084.000,Elexon BMRS FUELHH
2022-03-14T00:30:00Z,Coal,0.000,Elexon BMRS FUELHH
2022-03-14T00:30:00Z,Gas,7486.000,Elexon BMRS FUELHH
2022-03-14T00:30:00Z,Hydro,794.000,Elexon BMRS FUELHH
2022-03-14T00:30:00Z,Imports & Exports,3368.000,Elexon BMRS FUELHH
2022-03-14T00:30:00Z,Nuclear,5524.000,Elexon BMRS FUELHH
2022-03-14T00:30:00Z,Other,195.000,Elexon BMRS FUELHH
2022-03-14T00:30:00Z,Pumped Storage,-224.000,Elexon BMRS FUELHH
2022-03-14T00:30:00Z,Wind,6010.000,Elexon BMRS FUELHH
2022-03-14T01:00:00Z,Biomass,2066.000,Elexon BMRS FUELHH
2022-03-14T01:00:00Z,Coal,0.000,Elexon BMRS FUELHH
2022-03-14T01:00:00Z,Gas,6956.000,Elexon BMRS FUELHH
2022-03-14T01:00:00Z,Hydro,811.000,Elexon BMRS FUELHH
2022-03-14T01:00:00Z,Imports & Exports,4314.000,Elexon BMRS FUELHH
2022-03-14T01:00:00Z,Nuclear,5532.000,Elexon BMRS FUELHH
2022-03-14T01:00:00Z,Other,194.000,Elexon BMRS FUELHH
2022-03-14T01:00:00Z,Pumped Storage,-834.000,Elexon BMRS FUELHH
2022-03-14T01:00:00Z,Wind,5962.000,Elexon BMRS FUELHH
2022-03-14T01:30:00Z,Biomass,2134.000,Elexon BMRS FUELHH
2022-03-14T01:30:00Z,Coal,0.000,Elexon BMRS FUELHH
2022-03-14T01:30:00Z,Gas,6720.000,Elexon BMRS FUELHH
2022-03-14T01:30:00Z,Hydro,741.000,Elexon BMRS FUELHH
2022-03-14T01:30:00Z,Imports & Exports,4280.000,Elexon BMRS FUELHH
2022-03-14T01:30:00Z,Nuclear,5539.000,Elexon BMRS FUELHH
2022-03-14T01:30:00Z,Other,204.000,Elexon BMRS FUELHH
2022-03-14T01:30:00Z,Pumped Storage,-894.000,Elexon BMRS FUELHH
2022-03-14T01:30:00Z,Wind,5637.000,Elexon BMRS FUELHH
2022-03-14T02:00:00Z,Biomass,2100.000,Elexon BMRS FUELHH
2022-03-14T02:00:00Z,Coal,0.000,Elexon BMRS FUELHH
2022-03-14T02:00:00Z,Gas,6710.000,Elexon BMRS FUELHH
2022-03-14T02:00:00Z,Hydro,640.000,Elexon BMRS FUELHH
2022-03-14T02:00:00Z,Imports & Exports,4478.000,Elexon BMRS FUELHH
2022-03-14T02:00:00Z,Nuclear,5552.000,Elexon BMRS FUELHH
2022-03-14T02:00:00Z,Other,190.000,Elexon BMRS FUELHH
2022-03-14T02:00:00Z,Pumped Storage,-996.000,Elexon BMRS FUELHH
2022-03-14T02:00:00Z,Wind,5525.000,Elexon BMRS FUELHH
2022-03-14T02:30:00Z,Biomass,1988.000,Elexon BMRS FUELHH
2022-03-14T02:30:00Z,Coal,0.000,Elexon BMRS FUELHH
2022-03-14T02:30:00Z,Gas,6459.000,Elexon BMRS FUELHH
2022-03-14T02:30:00Z,Hydro,630.000,Elexon BMRS FUELHH
2022-03-14T02:30:00Z,Imports & Exports,4410.000,Elexon BMRS FUELHH
2022-03-14T02:30:00Z,Nuclear,5557.000,Elexon BMRS FUELHH
2022-03-14T02:30:00Z,Other,192.000,Elexon BMRS FUELHH
2022-03-14T02:30:00Z,Pumped Storage,-1094.000,Elexon BMRS FUELHH
2022-03-14T02:30:00Z,Wind,5648.000,Elexon BMRS FUELHH
2022-03-14T03:00:00Z,Biomass,1934.000,Elexon BMRS FUELHH
2022-03-14T03:00:00Z,Coal,12.000,Elexon BMRS FUELHH
2022-03-14T03:00:00Z,Gas,6699.000,Elexon BMRS FUELHH
2022-03-14T03:00:00Z,Hydro,641.000,Elexon BMRS FUELHH
2022-03-14T03:00:00Z,Imports & Exports,3666.000,Elexon BMRS FUELHH
2022-03-14T03:00:00Z,Nuclear,5572.000,Elexon BMRS FUELHH
2022-03-14T03:00:00Z,Other,192.000,Elexon BMRS FUELHH
2022-03-14T03:00:00Z,Pumped Storage,-1190.000,Elexon BMRS FUELHH
2022-03-14T03:00:00Z,Wind,5985.000,Elexon BMRS FUELHH
2022-03-14T03:30:00Z,Biomass,1746.000,Elexon BMRS FUELHH
2022-03-14T03:30:00Z,Coal,35.000,Elexon BMRS FUELHH
2022-03-14T03:30:00Z,Gas,6553.000,Elexon BMRS FUELHH
2022-03-14T03:30:00Z,Hydro,642.000,Elexon BMRS FUELHH
2022-03-14T03:30:00Z,Imports & Exports,3556.000,Elexon BMRS FUELHH
2022-03-14T03:30:00Z,Nuclear,5587.000,Elexon BMRS FUELHH
2022-03-14T03:30:00Z,Other,197.000,Elexon BMRS FUELHH
2022-03-14T03:30:00Z,Pumped Storage,-1134.000,Elexon BMRS FUELHH
2022-03-14T03:30:00Z,Wind,6019.000,Elexon BMRS FUELHH
2022-03-14T04:00:00Z,Biomass,1681.000,Elexon BMRS FUELHH
2022-03-14T04:00:00Z,Coal,250.000,Elexon BMRS FUELHH
2022-03-14T04:00:00Z,Gas,6593.000,Elexon BMRS FUELHH
2022-03-14T04:00:00Z,Hydro,641.000,Elexon BMRS FUELHH
2022-03-14T04:00:00Z,Imports & Exports,3568.000,Elexon BMRS FUELHH
2022-03-14T04:00:00Z,Nuclear,5612.000,Elexon BMRS FUELHH
2022-03-14T04:00:00Z,Other,199.000,Elexon BMRS FUELHH
2022-03-14T04:00:00Z,Pumped Storage,-1022.000,Elexon BMRS FUELHH
2022-03-14T04:00:00Z,Wind,5722.000,Elexon BMRS FUELHH
2022-03-14T04:30:00Z,Biomass,1807.000,Elexon BMRS FUELHH
2022-03-14T04:30:00Z,Coal,641.000,Elexon BMRS FUELHH
2022-03-14T04:30:00Z,Gas,6754.000,Elexon BMRS FUELHH
2022-03-14T04:30:00Z,Hydro,644.000,Elexon BMRS FUELHH
2022-03-14T04:30:00Z,Imports & Exports,3436.000,Elexon BMRS FUELHH
2022-03-14T04:30:00Z,Nuclear,5605.000,Elexon BMRS FUELHH
2022-03-14T04:30:00Z,Other,204.000,Elexon BMRS FUELHH
2022-03-14T04:30:00Z,Pumped Storage,-976.000,Elexon BMRS FUELHH
2022-03-14T04:30:00Z,Wind,5371.000,Elexon BMRS FUELHH
2022-03-14T05:00:00Z,Biomass,2101.000,Elexon BMRS FUELHH
2022-03-14T05:00:00Z,Coal,1055.000,Elexon BMRS FUELHH
2022-03-14T05:00:00Z,Gas,8009.000,Elexon BMRS FUELHH
2022-03-14T05:00:00Z,Hydro,758.000,Elexon BMRS FUELHH
2022-03-14T05:00:00Z,Imports & Exports,1262.000,Elexon BMRS FUELHH
2022-03-14T05:00:00Z,Nuclear,5610.000,Elexon BMRS FUELHH
2022-03-14T05:00:00Z,Other,199.000,Elexon BMRS FUELHH
2022-03-14T05:00:00Z,Pumped Storage,110.000,Elexon BMRS FUELHH
2022-03-14T05:00:00Z,Wind,5237.000,Elexon BMRS FUELHH
2022-03-14T05:30:00Z,Biomass,2129.000,Elexon BMRS FUELHH
2022-03-14T05:30:00Z,Coal,1355.000,Elexon BMRS FUELHH
2022-03-14T05:30:00Z,Gas,8941.000,Elexon BMRS FUELHH
2022-03-14T05:30:00Z,Hydro,872.000,Elexon BMRS FUELHH
2022-03-14T05:30:00Z,Imports & Exports,1222.000,Elexon BMRS FUELHH
2022-03-14T05:30:00Z,Nuclear,5610.000,Elexon BMRS FUELHH
2022-03-14T05:30:00Z,Other,220.000,Elexon BMRS FUELHH
2022-03-14T05:30:00Z,Pumped Storage,-112.000,Elexon BMRS FUELHH
2022-03-14T05:30:00Z,Wind,5374.000,Elexon BMRS FUELHH
2022-03-14T06:00:00Z,Biomass,2134.000,Elexon BMRS FUELHH
2022-03-14T06:00:00Z,Coal,1470.000,Elexon BMRS FUELHH
2022-03-14T06:00:00Z,Gas,10397.000,Elexon BMRS FUELHH
2022-03-14T06:00:00Z,Hydro,897.000,Elexon BMRS FUELHH
2022-03-14T06:00:00Z,Imports & Exports,1358.000,Elexon BMRS FUELHH
2022-03-14T06:00:00Z,Nuclear,5602.000,Elexon BMRS FUELHH
2022-03-14T06:00:00Z,Other,242.000,Elexon BMRS FUELHH
2022-03-14T06:00:00Z,Pumped Storage,404.000,Elexon BMRS FUELHH
2022-03-14T06:00:00Z,Wind,5579.000,Elexon BMRS FUELHH
2022-03-14T06:30:00Z,Biomass,2135.000,Elexon BMRS FUELHH
2022-03-14T06:30:00Z,Coal,1478.000,Elexon BMRS FUELHH
2022-03-14T06:30:00Z,Gas,12424.000,Elexon BMRS FUELHH
2022-03-14T06:30:00Z,Hydro,897.000,Elexon BMRS FUELHH
2022-03-14T06:30:00Z,Imports & Exports,1316.000,Elexon BMRS FUELHH
2022-03-14T06:30:00Z,Nuclear,5603.000,Elexon BMRS FUELHH
2022-03-14T06:30:00Z,Other,262.000,Elexon BMRS FUELHH
2022-03-14T06:30:00Z,Pumped Storage,558.000,Elexon BMRS FUELHH
2022-03-14T06:30:00Z,Wind,5845.000,Elexon BMRS FUELHH
2022-03-14T07:00:00Z,Biomass,2127.000,Elexon BMRS FUELHH
2022-03-14T07:00:00Z,Coal,1481.000,Elexon BMRS FUELHH
2022-03-14T07:00:00Z,Gas,14640.000,Elexon BMRS FUELHH
2022-03-14T07:00:00Z,Hydro,861.000,Elexon BMRS FUELHH
2022-03-14T07:00:00Z,Imports & Exports,1778.000,Elexon BMRS FUELHH
2022-03-14T07:00:00Z,Nuclear,5608.000,Elexon BMRS FUELHH
2022-03-14T07:00:00Z,Other,215.000,Elexon BMRS FUELHH
2022-03-14T07:00:00Z,Pumped Storage,458.000,Elexon BMRS FUELHH
2022-03-14T07:00:00Z,Wind,5803.000,Elexon BMRS FUELHH
2022-03-14T07:30:00Z,Biomass,2132.000,Elexon BMRS FUELHH
2022-03-14T07:30:00Z,Coal,1478.000,Elexon BMRS FUELHH
2022-03-14T07:30:00Z,Gas,15427.000,Elexon BMRS FUELHH
2022-03-14T07:30:00Z,Hydro,853.000,Elexon BMRS FUELHH
2022-03-14T07:30:00Z,Imports & Exports,1858.000,Elexon BMRS FUELHH
2022-03-14T07:30:00Z,Nuclear,5605.000,Elexon BMRS FUELHH
2022-03-14T07:30:00Z,Other,276.000,Elexon BMRS FUELHH
2022-03-14T07:30:00Z,Pumped Storage,248.000,Elexon BMRS FUELHH
2022-03-14T07:30:00Z,Wind,5881.000,Elexon BMRS FUELHH
2022-03-14T08:00:00Z,Biomass,2134.000,Elexon BMRS FUELHH
2022-03-14T08:00:00Z,Coal,1478.000,Elexon BMRS FUELHH
2022-03-14T08:00:00Z,Gas,15338.000,Elexon BMRS FUELHH
2022-03-14T08:00:00Z,Hydro,765.000,Elexon BMRS FUELHH
2022-03-14T08:00:00Z,Imports & Exports,2614.000,Elexon BMRS FUELHH
2022-03-14T08:00:00Z,Nuclear,5606.000,Elexon BMRS FUELHH
2022-03-14T08:00:00Z,Other,219.000,Elexon BMRS FUELHH
2022-03-14T08:00:00Z,Pumped Storage,30.000,Elexon BMRS FUELHH
2022-03-14T08:00:00Z,Wind,6015.000,Elexon BMRS FUELHH
2022-03-14T08:30:00Z,Biomass,2129.000,Elexon BMRS FUELHH
2022-03-14T08:30:00Z,Coal,1477.000,Elexon BMRS FUELHH
2022-03-14T08:30:00Z,Gas,14982.000,Elexon BMRS FUELHH
2022-03-14T08:30:00Z,Hydro,724.000,Elexon BMRS FUELHH
2022-03-14T08:30:00Z,Imports & Exports,2522.000,Elexon BMRS FUELHH
2022-03-14T08:30:00Z,Nuclear,5512.000,Elexon BMRS FUELHH
2022-03-14T08:30:00Z,Other,196.000,Elexon BMRS FUELHH
2022-03-14T08:30:00Z,Pumped Storage,-14.000,Elexon BMRS FUELHH
2022-03-14T08:30:00Z,Wind,6151.000,Elexon BMRS FUELHH
2022-03-14T09:00:00Z,Biomass,2148.000,Elexon BMRS FUELHH
2022-03-14T09:00:00Z,Coal,1477.000,Elexon BMRS FUELHH
2022-03-14T09:00:00Z,Gas,14666.000,Elexon BMRS FUELHH
2022-03-14T09:00:00Z,Hydro,836.000,Elexon BMRS FUELHH
2022-03-14T09:00:00Z,Imports & Exports,2058.000,Elexon BMRS FUELHH
2022-03-14T09:00:00Z,Nuclear,5424.000,Elexon BMRS FUELHH
2022-03-14T09:00:00Z,Other,196.000,Elexon BMRS FUELHH
2022-03-14T09:00:00Z,Pumped Storage,-10.000,Elexon BMRS FUELHH
2022-03-14T09:00:00Z,Wind,6397.000,Elexon BMRS FUELHH
2022-03-14T09:30:00Z,Biomass,2046.000,Elexon BMRS FUELHH
2022-03-14T09:30:00Z,Coal,1469.000,Elexon BMRS FUELHH
2022-03-14T09:30:00Z,Gas,14000.000,Elexon BMRS FUELHH
2022-03-14T09:30:00Z,Hydro,687.000,Elexon BMRS FUELHH
2022-03-14T09:30:00Z,Imports & Exports,1854.000,Elexon BMRS FUELHH
2022-03-14T09:30:00Z,Nuclear,5412.000,Elexon BMRS FUELHH
2022-03-14T09:30:00Z,Other,194.000,Elexon BMRS FUELHH
2022-03-14T09:30:00Z,Pumped Storage,-10.000,Elexon BMRS FUELHH
2022-03-14T09:30:00Z,Wind,6719.000,Elexon BMRS FUELHH
2022-03-14T10:00:00Z,Biomass,1963.000,Elexon BMRS FUELHH
2022-03-14T10:00:00Z,Coal,1128.000,Elexon BMRS FUELHH
2022-03-14T10:00:00Z,Gas,13860.000,Elexon BMRS FUELHH
2022-03-14T10:00:00Z,Hydro,660.000,Elexon BMRS FUELHH
2022-03-14T10:00:00Z,Imports & Exports,1164.000,Elexon BMRS FUELHH
2022-03-14T10:00:00Z,Nuclear,5409.000,Elexon BMRS FUELHH
2022-03-14T10:00:00Z,Other,218.000,Elexon BMRS FUELHH
2022-03-14T10:00:00Z,Pumped Storage,-10.000,Elexon BMRS FUELHH
2022-03-14T10:00:00Z,Wind,6970.000,Elexon BMRS FUELHH
2022-03-14T10:30:00Z,Biomass,1770.000,Elexon BMRS FUELHH
2022-03-14T10:30:00Z,Coal,690.000,Elexon BMRS FUELHH
2022-03-14T10:30:00Z,Gas,13235.000,Elexon BMRS FUELHH
2022-03-14T10:30:00Z,Hydro,662.000,Elexon BMRS FUELHH
2022-03-14T10:30:00Z,Imports & Exports,1090.000,Elexon BMRS FUELHH
2022-03-14T10:30:00Z,Nuclear,5485.000,Elexon BMRS FUELHH
2022-03-14T10:30:00Z,Other,209.000,Elexon BMRS FUELHH
2022-03-14T10:30:00Z,Pumped Storage,-10.000,Elexon BMRS FUELHH
2022-03-14T10:30:00Z,Wind,7452.000,Elexon BMRS FUELHH
2022-03-14T11:00:00Z,Biomass,1803.000,Elexon BMRS FUELHH
2022-03-14T11:00:00Z,Coal,691.000,Elexon BMRS FUELHH
2022-03-14T11:00:00Z,Gas,12547.000,Elexon BMRS FUELHH
2022-03-14T11:00:00Z,Hydro,657.000,Elexon BMRS FUELHH
2022-03-14T11:00:00Z,Imports & Exports,1338.000,Elexon BMRS FUELHH
2022-03-14T11:00:00Z,Nuclear,5590.000,Elexon BMRS FUELHH
2022-03-14T11:00:00Z,Other,197.000,Elexon BMRS FUELHH
2022-03-14T11:00:00Z,Pumped Storage,-10.000,Elexon BMRS FUELHH
2022-03-14T11:00:00Z,Wind,7535.000,Elexon BMRS FUELHH
2022-03-14T11:30:00Z,Biomass,1827.000,Elexon BMRS FUELHH
2022-03-14T11:30:00Z,Coal,691.000,Elexon BMRS FUELHH
2022-03-14T11:30:00Z,Gas,12073.000,Elexon BMRS FUELHH
2022-03-14T11:30:00Z,Hydro,646.000,Elexon BMRS FUELHH
2022-03-14T11:30:00Z,Imports & Exports,1300.000,Elexon BMRS FUELHH
2022-03-14T11:30:00Z,Nuclear,5615.000,Elexon BMRS FUELHH
2022-03-14T11:30:00Z,Other,226.000,Elexon BMRS FUELHH
2022-03-14T11:30:00Z,Pumped Storage,-6.000,Elexon BMRS FUELHH
2022-03-14T11:30:00Z,Wind,7799.000,Elexon BMRS FUELHH
2022-03-14T12:00:00Z,Biomass,1786.000,Elexon BMRS FUELHH
2022-03-14T12:00:00Z,Coal,689.000,Elexon BMRS FUELHH
2022-03-14T12:00:00Z,Gas,12852.000,Elexon BMRS FUELHH
2022-03-14T12:00:00Z,Hydro,644.000,Elexon BMRS FUELHH
2022-03-14T12:00:00Z,Imports & Exports,854.000,Elexon BMRS FUELHH
2022-03-14T12:00:00Z,Nuclear,5624.000,Elexon BMRS FUELHH
2022-03-14T12:00:00Z,Other,197.000,Elexon BMRS FUELHH
2022-03-14T12:00:00Z,Pumped Storage,-8.000,Elexon BMRS FUELHH
2022-03-14T12:00:00Z,Wind,7886.000,Elexon BMRS FUELHH
2022-03-14T12:30:00Z,Biomass,1707.000,Elexon BMRS FUELHH
2022-03-14T12:30:00Z,Coal,688.000,Elexon BMRS FUELHH
2022-03-14T12:30:00Z,Gas,12869.000,Elexon BMRS FUELHH
2022-03-14T12:30:00Z,Hydro,646.000,Elexon BMRS FUELHH
2022-03-14T12:30:00Z,Imports & Exports,850.000,Elexon BMRS FUELHH
2022-03-14T12:30:00Z,Nuclear,5621.000,Elexon BMRS FUELHH
2022-03-14T12:30:00Z,Other,199.000,Elexon BMRS FUELHH
2022-03-14T12:30:00Z,Pumped Storage,-42.000,Elexon BMRS FUELHH
2022-03-14T12:30:00Z,Wind,7964.000,Elexon BMRS FUELHH
2022-03-14T13:00:00Z,Biomass,1814.000,Elexon BMRS FUELHH
2022-03-14T13:00:00Z,Coal,690.000,Elexon BMRS FUELHH
2022-03-14T13:00:00Z,Gas,12338.000,Elexon BMRS FUELHH
2022-03-14T13:00:00Z,Hydro,644.000,Elexon BMRS FUELHH
2022-03-14T13:00:00Z,Imports & Exports,852.000,Elexon BMRS FUELHH
2022-03-14T13:00:00Z,Nuclear,5631.000,Elexon BMRS FUELHH
2022-03-14T13:00:00Z,Other,198.000,Elexon BMRS FUELHH
2022-03-14T13:00:00Z,Pumped Storage,-116.000,Elexon BMRS FUELHH
2022-03-14T13:00:00Z,Wind,8091.000,Elexon BMRS FUELHH
2022-03-14T13:30:00Z,Biomass,2008.000,Elexon BMRS FUELHH
2022-03-14T13:30:00Z,Coal,691.000,Elexon BMRS FUELHH
2022-03-14T13:30:00Z,Gas,12216.000,Elexon BMRS FUELHH
2022-03-14T13:30:00Z,Hydro,643.000,Elexon BMRS FUELHH
2022-03-14T13:30:00Z,Imports & Exports,644.000,Elexon BMRS FUELHH
2022-03-14T13:30:00Z,Nuclear,5637.000,Elexon BMRS FUELHH
2022-03-14T13:30:00Z,Other,207.000,Elexon BMRS FUELHH
2022-03-14T13:30:00Z,Pumped Storage,-166.000,Elexon BMRS FUELHH
2022-03-14T13:30:00Z,Wind,7941.000,Elexon BMRS FUELHH
2022-03-14T14:00:00Z,Biomass,2024.000,Elexon BMRS FUELHH
2022-03-14T14:00:00Z,Coal,689.000,Elexon BMRS FUELHH
2022-03-14T14:00:00Z,Gas,13011.000,Elexon BMRS FUELHH
2022-03-14T14:00:00Z,Hydro,646.000,Elexon BMRS FUELHH
2022-03-14T14:00:00Z,Imports & Exports,190.000,Elexon BMRS FUELHH
2022-03-14T14:00:00Z,Nuclear,5647.000,Elexon BMRS FUELHH
2022-03-14T14:00:00Z,Other,202.000,Elexon BMRS FUELHH
2022-03-14T14:00:00Z,Pumped Storage,-392.000,Elexon BMRS FUELHH
2022-03-14T14:00:00Z,Wind,7891.000,Elexon BMRS FUELHH
2022-03-14T14:30:00Z,Biomass,2022.000,Elexon BMRS FUELHH
2022-03-14T14:30:00Z,Coal,691.000,Elexon BMRS FUELHH
2022-03-14T14:30:00Z,Gas,13019.000,Elexon BMRS FUELHH
2022-03-14T14:30:00Z,Hydro,639.000,Elexon BMRS FUELHH
2022-03-14T14:30:00Z,Imports & Exports,480.000,Elexon BMRS FUELHH
2022-03-14T14:30:00Z,Nuclear,5647.000,Elexon BMRS FUELHH
2022-03-14T14:30:00Z,Other,193.000,Elexon BMRS FUELHH
2022-03-14T14:30:00Z,Pumped Storage,-448.000,Elexon BMRS FUELHH
2022-03-14T14:30:00Z,Wind,7992.000,Elexon BMRS FUELHH
2022-03-14T15:00:00Z,Biomass,2031.000,Elexon BMRS FUELHH
2022-03-14T15:00:00Z,Coal,904.000,Elexon BMRS FUELHH
2022-03-14T15:00:00Z,Gas,13527.000,Elexon BMRS FUELHH
2022-03-14T15:00:00Z,Hydro,642.000,Elexon BMRS FUELHH
2022-03-14T15:00:00Z,Imports & Exports,-370.000,Elexon BMRS FUELHH
2022-03-14T15:00:00Z,Nuclear,5598.000,Elexon BMRS FUELHH
2022-03-14T15:00:00Z,Other,198.000,Elexon BMRS FUELHH
2022-03-14T15:00:00Z,Pumped Storage,-14.000,Elexon BMRS FUELHH
2022-03-14T15:00:00Z,Wind,8129.000,Elexon BMRS FUELHH
2022-03-14T15:30:00Z,Biomass,2022.000,Elexon BMRS FUELHH
2022-03-14T15:30:00Z,Coal,1357.000,Elexon BMRS FUELHH
2022-03-14T15:30:00Z,Gas,14353.000,Elexon BMRS FUELHH
2022-03-14T15:30:00Z,Hydro,652.000,Elexon BMRS FUELHH
2022-03-14T15:30:00Z,Imports & Exports,-428.000,Elexon BMRS FUELHH
2022-03-14T15:30:00Z,Nuclear,5533.000,Elexon BMRS FUELHH
2022-03-14T15:30:00Z,Other,194.000,Elexon BMRS FUELHH
2022-03-14T15:30:00Z,Pumped Storage,-6.000,Elexon BMRS FUELHH
2022-03-14T15:30:00Z,Wind,8346.000,Elexon BMRS FUELHH
2022-03-14T16:00:00Z,Biomass,2124.000,Elexon BMRS FUELHH
2022-03-14T16:00:00Z,Coal,1468.000,Elexon BMRS FUELHH
2022-03-14T16:00:00Z,Gas,15753.000,Elexon BMRS FUELHH
2022-03-14T16:00:00Z,Hydro,716.000,Elexon BMRS FUELHH
2022-03-14T16:00:00Z,Imports & Exports,-1054.000,Elexon BMRS FUELHH
2022-03-14T16:00:00Z,Nuclear,5537.000,Elexon BMRS FUELHH
2022-03-14T16:00:00Z,Other,208.000,Elexon BMRS FUELHH
2022-03-14T16:00:00Z,Pumped Storage,-2.000,Elexon BMRS FUELHH
2022-03-14T16:00:00Z,Wind,8437.000,Elexon BMRS FUELHH
2022-03-14T16:30:00Z,Biomass,2293.000,Elexon BMRS FUELHH
2022-03-14T16:30:00Z,Coal,1469.000,Elexon BMRS FUELHH
2022-03-14T16:30:00Z,Gas,16227.000,Elexon BMRS FUELHH
2022-03-14T16:30:00Z,Hydro,926.000,Elexon BMRS FUELHH
2022-03-14T16:30:00Z,Imports & Exports,-1034.000,Elexon BMRS FUELHH
2022-03-14T16:30:00Z,Nuclear,5536.000,Elexon BMRS FUELHH
2022-03-14T16:30:00Z,Other,282.000,Elexon BMRS FUELHH
2022-03-14T16:30:00Z,Pumped Storage,650.000,Elexon BMRS FUELHH
2022-03-14T16:30:00Z,Wind,8400.000,Elexon BMRS FUELHH
2022-03-14T17:00:00Z,Biomass,2287.000,Elexon BMRS FUELHH
2022-03-14T17:00:00Z,Coal,1469.000,Elexon BMRS FUELHH
2022-03-14T17:00:00Z,Gas,17449.000,Elexon BMRS FUELHH
2022-03-14T17:00:00Z,Hydro,989.000,Elexon BMRS FUELHH
2022-03-14T17:00:00Z,Imports & Exports,-810.000,Elexon BMRS FUELHH
2022-03-14T17:00:00Z,Nuclear,5542.000,Elexon BMRS FUELHH
2022-03-14T17:00:00Z,Other,274.000,Elexon BMRS FUELHH
2022-03-14T17:00:00Z,Pumped Storage,1090.000,Elexon BMRS FUELHH
2022-03-14T17:00:00Z,Wind,8469.000,Elexon BMRS FUELHH
2022-03-14T17:30:00Z,Biomass,2273.000,Elexon BMRS FUELHH
2022-03-14T17:30:00Z,Coal,1363.000,Elexon BMRS FUELHH
2022-03-14T17:30:00Z,Gas,18148.000,Elexon BMRS FUELHH
2022-03-14T17:30:00Z,Hydro,1014.000,Elexon BMRS FUELHH
2022-03-14T17:30:00Z,Imports & Exports,-778.000,Elexon BMRS FUELHH
2022-03-14T17:30:00Z,Nuclear,5648.000,Elexon BMRS FUELHH
2022-03-14T17:30:00Z,Other,359.000,Elexon BMRS FUELHH
2022-03-14T17:30:00Z,Pumped Storage,1746.000,Elexon BMRS FUELHH
2022-03-14T17:30:00Z,Wind,8367.000,Elexon BMRS FUELHH
2022-03-14T18:00:00Z,Biomass,2266.000,Elexon BMRS FUELHH
2022-03-14T18:00:00Z,Coal,1215.000,Elexon BMRS FUELHH
2022-03-14T18:00:00Z,Gas,18397.000,Elexon BMRS FUELHH
2022-03-14T18:00:00Z,Hydro,1023.000,Elexon BMRS FUELHH
2022-03-14T18:00:00Z,Imports & Exports,216.000,Elexon BMRS FUELHH
2022-03-14T18:00:00Z,Nuclear,5681.000,Elexon BMRS FUELHH
2022-03-14T18:00:00Z,Other,377.000,Elexon BMRS FUELHH
2022-03-14T18:00:00Z,Pumped Storage,2034.000,Elexon BMRS FUELHH
2022-03-14T18:00:00Z,Wind,8085.000,Elexon BMRS FUELHH
2022-03-14T18:30:00Z,Biomass,2250.000,Elexon BMRS FUELHH
2022-03-14T18:30:00Z,Coal,1277.000,Elexon BMRS FUELHH
2022-03-14T18:30:00Z,Gas,19369.000,Elexon BMRS FUELHH
2022-03-14T18:30:00Z,Hydro,1025.000,Elexon BMRS FUELHH
2022-03-14T18:30:00Z,Imports & Exports,344.000,Elexon BMRS FUELHH
2022-03-14T18:30:00Z,Nuclear,5682.000,Elexon BMRS FUELHH
2022-03-14T18:30:00Z,Other,313.000,Elexon BMRS FUELHH
2022-03-14T18:30:00Z,Pumped Storage,2196.000,Elexon BMRS FUELHH
2022-03-14T18:30:00Z,Wind,7665.000,Elexon BMRS FUELHH
2022-03-14T19:00:00Z,Biomass,2233.000,Elexon BMRS FUELHH
2022-03-14T19:00:00Z,Coal,1383.000,Elexon BMRS FUELHH
2022-03-14T19:00:00Z,Gas,19232.000,Elexon BMRS FUELHH
2022-03-14T19:00:00Z,Hydro,957.000,Elexon BMRS FUELHH
2022-03-14T19:00:00Z,Imports & Exports,1272.000,Elexon BMRS FUELHH
2022-03-14T19:00:00Z,Nuclear,5689.000,Elexon BMRS FUELHH
2022-03-14T19:00:00Z,Other,268.000,Elexon BMRS FUELHH
2022-03-14T19:00:00Z,Pumped Storage,1284.000,Elexon BMRS FUELHH
2022-03-14T19:00:00Z,Wind,7230.000,Elexon BMRS FUELHH
2022-03-14T19:30:00Z,Biomass,2235.000,Elexon BMRS FUELHH
2022-03-14T19:30:00Z,Coal,1375.000,Elexon BMRS FUELHH
2022-03-14T19:30:00Z,Gas,19165.000,Elexon BMRS FUELHH
2022-03-14T19:30:00Z,Hydro,932.000,Elexon BMRS FUELHH
2022-03-14T19:30:00Z,Imports & Exports,1336.000,Elexon BMRS FUELHH
2022-03-14T19:30:00Z,Nuclear,5693.000,Elexon BMRS FUELHH
2022-03-14T19:30:00Z,Other,192.000,Elexon BMRS FUELHH
2022-03-14T19:30:00Z,Pumped Storage,564.000,Elexon BMRS FUELHH
2022-03-14T19:30:00Z,Wind,6591.000,Elexon BMRS FUELHH
2022-03-14T20:00:00Z,Biomass,2265.000,Elexon BMRS FUELHH
2022-03-14T20:00:00Z,Coal,1444.000,Elexon BMRS FUELHH
2022-03-14T20:00:00Z,Gas,18701.000,Elexon BMRS FUELHH
2022-03-14T20:00:00Z,Hydro,848.000,Elexon BMRS FUELHH
2022-03-14T20:00:00Z,Imports & Exports,1306.000,Elexon BMRS FUELHH
2022-03-14T20:00:00Z,Nuclear,5690.000,Elexon BMRS FUELHH
2022-03-14T20:00:00Z,Other,219.000,Elexon BMRS FUELHH
2022-03-14T20:00:00Z,Pumped Storage,510.000,Elexon BMRS FUELHH
2022-03-14T20:00:00Z,Wind,6063.000,Elexon BMRS FUELHH
2022-03-14T20:30:00Z,Biomass,2268.000,Elexon BMRS FUELHH
2022-03-14T20:30:00Z,Coal,1474.000,Elexon BMRS FUELHH
2022-03-14T20:30:00Z,Gas,18219.000,Elexon BMRS FUELHH
2022-03-14T20:30:00Z,Hydro,842.000,Elexon BMRS FUELHH
2022-03-14T20:30:00Z,Imports & Exports,1404.000,Elexon BMRS FUELHH
2022-03-14T20:30:00Z,Nuclear,5691.000,Elexon BMRS FUELHH
2022-03-14T20:30:00Z,Other,191.000,Elexon BMRS FUELHH
2022-03-14T20:30:00Z,Pumped Storage,32.000,Elexon BMRS FUELHH
2022-03-14T20:30:00Z,Wind,5344.000,Elexon BMRS FUELHH
2022-03-14T21:00:00Z,Biomass,2274.000,Elexon BMRS FUELHH
2022-03-14T21:00:00Z,Coal,1475.000,Elexon BMRS FUELHH
2022-03-14T21:00:00Z,Gas,16936.000,Elexon BMRS FUELHH
2022-03-14T21:00:00Z,Hydro,817.000,Elexon BMRS FUELHH
2022-03-14T21:00:00Z,Imports & Exports,1504.000,Elexon BMRS FUELHH
2022-03-14T21:00:00Z,Nuclear,5689.000,Elexon BMRS FUELHH
2022-03-14T21:00:00Z,Other,209.000,Elexon BMRS FUELHH
2022-03-14T21:00:00Z,Pumped Storage,52.000,Elexon BMRS FUELHH
2022-03-14T21:00:00Z,Wind,4988.000,Elexon BMRS FUELHH
2022-03-14T21:30:00Z,Biomass,2267.000,Elexon BMRS FUELHH
2022-03-14T21:30:00Z,Coal,1473.000,Elexon BMRS FUELHH
2022-03-14T21:30:00Z,Gas,15503.000,Elexon BMRS FUELHH
2022-03-14T21:30:00Z,Hydro,773.000,Elexon BMRS FUELHH
2022-03-14T21:30:00Z,Imports & Exports,1616.000,Elexon BMRS FUELHH
2022-03-14T21:30:00Z,Nuclear,5641.000,Elexon BMRS FUELHH
2022-03-14T21:30:00Z,Other,164.000,Elexon BMRS FUELHH
2022-03-14T21:30:00Z,Pumped Storage,48.000,Elexon BMRS FUELHH
2022-03-14T21:30:00Z,Wind,4867.000,Elexon BMRS FUELHH
2022-03-14T22:00:00Z,Biomass,2264.000,Elexon BMRS FUELHH
2022-03-14T22:00:00Z,Coal,1152.000,Elexon BMRS FUELHH
2022-03-14T22:00:00Z,Gas,14614.000,Elexon BMRS FUELHH
2022-03-14T22:00:00Z,Hydro,734.000,Elexon BMRS FUELHH
2022-03-14T22:00:00Z,Imports & Exports,1260.000,Elexon BMRS FUELHH
2022-03-14T22:00:00Z,Nuclear,5578.000,Elexon BMRS FUELHH
2022-03-14T22:00:00Z,Other,163.000,Elexon BMRS FUELHH
2022-03-14T22:00:00Z,Pumped Storage,30.000,Elexon BMRS FUELHH
2022-03-14T22:00:00Z,Wind,4626.000,Elexon BMRS FUELHH
2022-03-14T22:30:00Z,Biomass,2243.000,Elexon BMRS FUELHH
2022-03-14T22:30:00Z,Coal,455.000,Elexon BMRS FUELHH
2022-03-14T22:30:00Z,Gas,13688.000,Elexon BMRS FUELHH
2022-03-14T22:30:00Z,Hydro,687.000,Elexon BMRS FUELHH
2022-03-14T22:30:00Z,Imports & Exports,1222.000,Elexon BMRS FUELHH
2022-03-14T22:30:00Z,Nuclear,5587.000,Elexon BMRS FUELHH
2022-03-14T22:30:00Z,Other,167.000,Elexon BMRS FUELHH
2022-03-14T22:30:00Z,Pumped Storage,50.000,Elexon BMRS FUELHH
2022-03-14T22:30:00Z,Wind,4523.000,Elexon BMRS FUELHH
2022-03-14T23:00:00Z,Biomass,2094.000,Elexon BMRS FUELHH
2022-03-14T23:00:00Z,Coal,152.000,Elexon BMRS FUELHH
2022-03-14T23:00:00Z,Gas,11068.000,Elexon BMRS FUELHH
2022-03-14T23:00:00Z,Hydro,653.000,Elexon BMRS FUELHH
2022-03-14T23:00:00Z,Imports & Exports,2762.000,Elexon BMRS FUELHH
2022-03-14T23:00:00Z,Nuclear,5590.000,Elexon BMRS FUELHH
2022-03-14T23:00:00Z,Other,162.000,Elexon BMRS FUELHH
2022-03-14T23:00:00Z,Pumped Storage,-158.000,Elexon BMRS FUELHH
2022-03-14T23:00:00Z,Wind,4609.000,Elexon BMRS FUELHH
2022-03-14T23:30:00Z,Biomass,1963.000,Elexon BMRS FUELHH
2022-03-14T23:30:00Z,Coal,0.000,Elexon BMRS FUELHH
2022-03-14T23:30:00Z,Gas,10010.000,Elexon BMRS FUELHH
2022-03-14T23:30:00Z,Hydro,623.000,Elexon BMRS FUELHH
2022-03-14T23:30:00Z,Imports & Exports,2892.000,Elexon BMRS FUELHH
2022-03-14T23:30:00Z,Nuclear,5643.000,Elexon BMRS FUELHH
2022-03-14T23:30:00Z,Other,168.000,Elexon BMRS FUELHH
2022-03-14T23:30:00Z,Pumped Storage,-18.000,Elexon BMRS FUELHH
2022-03-14T23:30:00Z,Wind,4454.000,Elexon BMRS FUELHH
2022-03-15T00:00:00Z,Biomass,1729.000,Elexon BMRS FUELHH
2022-03-15T00:00:00Z,Coal,0.000,Elexon BMRS FUELHH
2022-03-15T00:00:00Z,Gas,10329.000,Elexon BMRS FUELHH
2022-03-15T00:00:00Z,Hydro,599.000,Elexon BMRS FUELHH
2022-03-15T00:00:00Z,Imports & Exports,3054.000,Elexon BMRS FUELHH
2022-03-15T00:00:00Z,Nuclear,5758.000,Elexon BMRS FUELHH
2022-03-15T00:00:00Z,Other,165.000,Elexon BMRS FUELHH
2022-03-15T00:00:00Z,Pumped Storage,42.000,Elexon BMRS FUELHH
2022-03-15T00:00:00Z,Wind,3915.000,Elexon BMRS FUELHH
2022-03-15T00:30:00Z,Biomass,1730.000,Elexon BMRS FUELHH
2022-03-15T00:30:00Z,Coal,0.000,Elexon BMRS FUELHH
2022-03-15T00:30:00Z,Gas,10969.000,Elexon BMRS FUELHH
2022-03-15T00:30:00Z,Hydro,596.000,Elexon BMRS FUELHH
2022-03-15T00:30:00Z,Imports & Exports,3172.000,Elexon BMRS FUELHH
2022-03-15T00:30:00Z,Nuclear,5815.000,Elexon BMRS FUELHH
2022-03-15T00:30:00Z,Other,164.000,Elexon BMRS FUELHH
2022-03-15T00:30:00Z,Pumped Storage,-20.000,Elexon BMRS FUELHH
2022-03-15T00:30:00Z,Wind,3702.000,Elexon BMRS FUELHH
2022-03-15T01:00:00Z,Biomass,2128.000,Elexon BMRS FUELHH
2022-03-15T01:00:00Z,Coal,0.000,Elexon BMRS FUELHH
2022-03-15T01:00:00Z,Gas,11043.000,Elexon BMRS FUELHH
2022-03-15T01:00:00Z,Hydro,581.000,Elexon BMRS FUELHH
2022-03-15T01:00:00Z,Imports & Exports,2452.000,Elexon BMRS FUELHH
2022-03-15T01:00:00Z,Nuclear,5825.000,Elexon BMRS FUELHH
2022-03-15T01:00:00Z,Other,163.000,Elexon BMRS FUELHH
2022-03-15T01:00:00Z,Pumped Storage,-284.000,Elexon BMRS FUELHH
2022-03-15T01:00:00Z,Wind,3710.000,Elexon BMRS FUELHH
2022-03-15T01:30:00Z,Biomass,2221.000,Elexon BMRS FUELHH
2022-03-15T01:30:00Z,Coal,0.000,Elexon BMRS FUELHH
2022-03-15T01:30:00Z,Gas,10916.000,Elexon BMRS FUELHH
2022-03-15T01:30:00Z,Hydro,580.000,Elexon BMRS FUELHH
2022-03-15T01:30:00Z,Imports & Exports,2376.000,Elexon BMRS FUELHH
2022-03-15T01:30:00Z,Nuclear,5822.000,Elexon BMRS FUELHH
2022-03-15T01:30:00Z,Other,166.000,Elexon BMRS FUELHH
2022-03-15T01:30:00Z,Pumped Storage,-748.000,Elexon BMRS FUELHH
2022-03-15T01:30:00Z,Wind,3718.000,Elexon BMRS FUELHH
2022-03-15T02:00:00Z,Biomass,2184.000,Elexon BMRS FUELHH
2022-03-15T02:00:00Z,Coal,0.000,Elexon BMRS FUELHH
2022-03-15T02:00:00Z,Gas,10854.000,Elexon BMRS FUELHH
2022-03-15T02:00:00Z,Hydro,565.000,Elexon BMRS FUELHH
2022-03-15T02:00:00Z,Imports & Exports,2764.000,Elexon BMRS FUELHH
2022-03-15T02:00:00Z,Nuclear,5825.000,Elexon BMRS FUELHH
2022-03-15T02:00:00Z,Other,164.000,Elexon BMRS FUELHH
2022-03-15T02:00:00Z,Pumped Storage,-1452.000,Elexon BMRS FUELHH
2022-03-15T02:00:00Z,Wind,3865.000,Elexon BMRS FUELHH
2022-03-15T02:30:00Z,Biomass,2189.000,Elexon BMRS FUELHH
2022-03-15T02:30:00Z,Coal,0.000,Elexon BMRS FUELHH
2022-03-15T02:30:00Z,Gas,10685.000,Elexon BMRS FUELHH
2022-03-15T02:30:00Z,Hydro,565.000,Elexon BMRS FUELHH
2022-03-15T02:30:00Z,Imports & Exports,2692.000,Elexon BMRS FUELHH
2022-03-15T02:30:00Z,Nuclear,5822.000,Elexon BMRS FUELHH
2022-03-15T02:30:00Z,Other,164.000,Elexon BMRS FUELHH
2022-03-15T02:30:00Z,Pumped Storage,-1528.000,Elexon BMRS FUELHH
2022-03-15T02:30:00Z,Wind,3849.000,Elexon BMRS FUELHH
2022-03-15T03:00:00Z,Biomass,2133.000,Elexon BMRS FUELHH
2022-03-15T03:00:00Z,Coal,0.000,Elexon BMRS FUELHH
2022-03-15T03:00:00Z,Gas,10858.000,Elexon BMRS FUELHH
2022-03-15T03:00:00Z,Hydro,551.000,Elexon BMRS FUELHH
2022-03-15T03:00:00Z,Imports & Exports,2116.000,Elexon BMRS FUELHH
2022-03-15T03:00:00Z,Nuclear,5822.000,Elexon BMRS FUELHH
2022-03-15T03:00:00Z,Other,161.000,Elexon BMRS FUELHH
2022-03-15T03:00:00Z,Pumped Storage,-1382.000,Elexon BMRS FUELHH
2022-03-15T03:00:00Z,Wind,3982.000,Elexon BMRS FUELHH
2022-03-15T03:30:00Z,Biomass,2122.000,Elexon BMRS FUELHH
2022-03-15T03:30:00Z,Coal,0.000,Elexon BMRS FUELHH
2022-03-15T03:30:00Z,Gas,10447.000,Elexon BMRS FUELHH
2022-03-15T03:30:00Z,Hydro,551.000,Elexon BMRS FUELHH
2022-03-15T03:30:00Z,Imports & Exports,2120.000,Elexon BMRS FUELHH
2022-03-15T03:30:00Z,Nuclear,5828.000,Elexon BMRS FUELHH
2022-03-15T03:30:00Z,Other,162.000,Elexon BMRS FUELHH
2022-03-15T03:30:00Z,Pumped Storage,-1518.000,Elexon BMRS FUELHH
2022-03-15T03:30:00Z,Wind,4286.000,Elexon BMRS FUELHH
2022-03-15T04:00:00Z,Biomass,2180.000,Elexon BMRS FUELHH
2022-03-15T04:00:00Z,Coal,0.000,Elexon BMRS FUELHH
2022-03-15T04:00:00Z,Gas,10986.000,Elexon BMRS FUELHH
2022-03-15T04:00:00Z,Hydro,551.000,Elexon BMRS FUELHH
2022-03-15T04:00:00Z,Imports & Exports,912.000,Elexon BMRS FUELHH
2022-03-15T04:00:00Z,Nuclear,5834.000,Elexon BMRS FUELHH
2022-03-15T04:00:00Z,Other,167.000,Elexon BMRS FUELHH
2022-03-15T04:00:00Z,Pumped Storage,-1330.000,Elexon BMRS FUELHH
2022-03-15T04:00:00Z,Wind,4492.000,Elexon BMRS FUELHH
2022-03-15T04:30:00Z,Biomass,2153.000,Elexon BMRS FUELHH
2022-03-15T04:30:00Z,Coal,133.000,Elexon BMRS FUELHH
2022-03-15T04:30:00Z,Gas,10755.000,Elexon BMRS FUELHH
2022-03-15T04:30:00Z,Hydro,551.000,Elexon BMRS FUELHH
2022-03-15T04:30:00Z,Imports & Exports,878.000,Elexon BMRS FUELHH
2022-03-15T04:30:00Z,Nuclear,5838.000,Elexon BMRS FUELHH
2022-03-15T04:30:00Z,Other,161.000,Elexon BMRS FUELHH
2022-03-15T04:30:00Z,Pumped Storage,-1192.000,Elexon BMRS FUELHH
2022-03-15T04:30:00Z,Wind,4726.000,Elexon BMRS FUELHH
2022-03-15T05:00:00Z,Biomass,1907.000,Elexon BMRS FUELHH
2022-03-15T05:00:00Z,Coal,387.000,Elexon BMRS FUELHH
2022-03-15T05:00:00Z,Gas,10837.000,Elexon BMRS FUELHH
2022-03-15T05:00:00Z,Hydro,527.000,Elexon BMRS FUELHH
2022-03-15T05:00:00Z,Imports & Exports,530.000,Elexon BMRS FUELHH
2022-03-15T05:00:00Z,Nuclear,5842.000,Elexon BMRS FUELHH
2022-03-15T05:00:00Z,Other,174.000,Elexon BMRS FUELHH
2022-03-15T05:00:00Z,Pumped Storage,-336.000,Elexon BMRS FUELHH
2022-03-15T05:00:00Z,Wind,4968.000,Elexon BMRS FUELHH
2022-03-15T05:30:00Z,Biomass,1837.000,Elexon BMRS FUELHH
2022-03-15T05:30:00Z,Coal,621.000,Elexon BMRS FUELHH
2022-03-15T05:30:00Z,Gas,11366.000,Elexon BMRS FUELHH
2022-03-15T05:30:00Z,Hydro,451.000,Elexon BMRS FUELHH
2022-03-15T05:30:00Z,Imports & Exports,532.000,Elexon BMRS FUELHH
2022-03-15T05:30:00Z,Nuclear,5844.000,Elexon BMRS FUELHH
2022-03-15T05:30:00Z,Other,168.000,Elexon BMRS FUELHH
2022-03-15T05:30:00Z,Pumped Storage,-76.000,Elexon BMRS FUELHH
2022-03-15T05:30:00Z,Wind,5093.000,Elexon BMRS FUELHH
2022-03-15T06:00:00Z,Biomass,2111.000,Elexon BMRS FUELHH
2022-03-15T06:00:00Z,Coal,887.000,Elexon BMRS FUELHH
2022-03-15T06:00:00Z,Gas,13256.000,Elexon BMRS FUELHH
2022-03-15T06:00:00Z,Hydro,546.000,Elexon BMRS FUELHH
2022-03-15T06:00:00Z,Imports & Exports,644.000,Elexon BMRS FUELHH
2022-03-15T06:00:00Z,Nuclear,5844.000,Elexon BMRS FUELHH
2022-03-15T06:00:00Z,Other,171.000,Elexon BMRS FUELHH
2022-03-15T06:00:00Z,Pumped Storage,0.000,Elexon BMRS FUELHH
2022-03-15T06:00:00Z,Wind,5297.000,Elexon BMRS FUELHH
2022-03-15T06:30:00Z,Biomass,2262.000,Elexon BMRS FUELHH
2022-03-15T06:30:00Z,Coal,1110.000,Elexon BMRS FUELHH
2022-03-15T06:30:00Z,Gas,14616.000,Elexon BMRS FUELHH
2022-03-15T06:30:00Z,Hydro,579.000,Elexon BMRS FUELHH
2022-03-15T06:30:00Z,Imports & Exports,658.000,Elexon BMRS FUELHH
2022-03-15T06:30:00Z,Nuclear,5842.000,Elexon BMRS FUELHH
2022-03-15T06:30:00Z,Other,244.000,Elexon BMRS FUELHH
2022-03-15T06:30:00Z,Pumped Storage,140.000,Elexon BMRS FUELHH
2022-03-15T06:30:00Z,Wind,5388.000,Elexon BMRS FUELHH
2022-03-15T07:00:00Z,Biomass,2257.000,Elexon BMRS FUELHH
2022-03-15T07:00:00Z,Coal,1381.000,Elexon BMRS FUELHH
2022-03-15T07:00:00Z,Gas,16129.000,Elexon BMRS FUELHH
2022-03-15T07:00:00Z,Hydro,611.000,Elexon BMRS FUELHH
2022-03-15T07:00:00Z,Imports & Exports,878.000,Elexon BMRS FUELHH
2022-03-15T07:00:00Z,Nuclear,5826.000,Elexon BMRS FUELHH
2022-03-15T07:00:00Z,Other,275.000,Elexon BMRS FUELHH
2022-03-15T07:00:00Z,Pumped Storage,276.000,Elexon BMRS FUELHH
2022-03-15T07:00:00Z,Wind,5509.000,Elexon BMRS FUELHH
2022-03-15T07:30:00Z,Biomass,2248.000,Elexon BMRS FUELHH
2022-03-15T07:30:00Z,Coal,1471.000,Elexon BMRS FUELHH
2022-03-15T07:30:00Z,Gas,16372.000,Elexon BMRS FUELHH
2022-03-15T07:30:00Z,Hydro,725.000,Elexon BMRS FUELHH
2022-03-15T07:30:00Z,Imports & Exports,890.000,Elexon BMRS FUELHH
2022-03-15T07:30:00Z,Nuclear,5823.000,Elexon BMRS FUELHH
2022-03-15T07:30:00Z,Other,453.000,Elexon BMRS FUELHH
2022-03-15T07:30:00Z,Pumped Storage,272.000,Elexon BMRS FUELHH
2022-03-15T07:30:00Z,Wind,5625.000,Elexon BMRS FUELHH
2022-03-15T08:00:00Z,Biomass,2259.000,Elexon BMRS FUELHH
2022-03-15T08:00:00Z,Coal,1472.000,Elexon BMRS FUELHH
2022-03-15T08:00:00Z,Gas,16582.000,Elexon BMRS FUELHH
2022-03-15T08:00:00Z,Hydro,768.000,Elexon BMRS FUELHH
2022-03-15T08:00:00Z,Imports & Exports,1354.000,Elexon BMRS FUELHH
2022-03-15T08:00:00Z,Nuclear,5809.000,Elexon BMRS FUELHH
2022-03-15T08:00:00Z,Other,289.000,Elexon BMRS FUELHH
2022-03-15T08:00:00Z,Pumped Storage,-12.000,Elexon BMRS FUELHH
2022-03-15T08:00:00Z,Wind,5957.000,Elexon BMRS FUELHH
2022-03-15T08:30:00Z,Biomass,2264.000,Elexon BMRS FUELHH
2022-03-15T08:30:00Z,Coal,1472.000,Elexon BMRS FUELHH
2022-03-15T08:30:00Z,Gas,16284.000,Elexon BMRS FUELHH
2022-03-15T08:30:00Z,Hydro,761.000,Elexon BMRS FUELHH
2022-03-15T08:30:00Z,Imports & Exports,1254.000,Elexon BMRS FUELHH
2022-03-15T08:30:00Z,Nuclear,5800.000,Elexon BMRS FUELHH
2022-03-15T08:30:00Z,Other,269.000,Elexon BMRS FUELHH
2022-03-15T08:30:00Z,Pumped Storage,50.000,Elexon BMRS FUELHH
2022-03-15T08:30:00Z,Wind,6062.000,Elexon BMRS FUELHH
2022-03-15T09:00:00Z,Biomass,2269.000,Elexon BMRS FUELHH
2022-03-15T09:00:00Z,Coal,1473.000,Elexon BMRS FUELHH
2022-03-15T09:00:00Z,Gas,16151.000,Elexon BMRS FUELHH
2022-03-15T09:00:00Z,Hydro,739.000,Elexon BMRS FUELHH
2022-03-15T09:00:00Z,Imports & Exports,340.000,Elexon BMRS FUELHH
2022-03-15T09:00:00Z,Nuclear,5789.000,Elexon BMRS FUELHH
2022-03-15T09:00:00Z,Other,353.000,Elexon BMRS FUELHH
2022-03-15T09:00:00Z,Pumped Storage,580.000,Elexon BMRS FUELHH
2022-03-15T09:00:00Z,Wind,6196.000,Elexon BMRS FUELHH
2022-03-15T09:30:00Z,Biomass,2263.000,Elexon BMRS FUELHH
2022-03-15T09:30:00Z,Coal,1473.000,Elexon BMRS FUELHH
2022-03-15T09:30:00Z,Gas,16201.000,Elexon BMRS FUELHH
2022-03-15T09:30:00Z,Hydro,736.000,Elexon BMRS FUELHH
2022-03-15T09:30:00Z,Imports & Exports,176.000,Elexon BMRS FUELHH
2022-03-15T09:30:00Z,Nuclear,5750.000,Elexon BMRS FUELHH
2022-03-15T09:30:00Z,Other,339.000,Elexon BMRS FUELHH
2022-03-15T09:30:00Z,Pumped Storage,216.000,Elexon BMRS FUELHH
2022-03-15T09:30:00Z,Wind,6349.000,Elexon BMRS FUELHH
2022-03-15T10:00:00Z,Biomass,2269.000,Elexon BMRS FUELHH
2022-03-15T10:00:00Z,Coal,1474.000,Elexon BMRS FUELHH
2022-03-15T10:00:00Z,Gas,16114.000,Elexon BMRS FUELHH
2022-03-15T10:00:00Z,Hydro,718.000,Elexon BMRS FUELHH
2022-03-15T10:00:00Z,Imports & Exports,-770.000,Elexon BMRS FUELHH
2022-03-15T10:00:00Z,Nuclear,5650.000,Elexon BMRS FUELHH
2022-03-15T10:00:00Z,Other,328.000,Elexon BMRS FUELHH
2022-03-15T10:00:00Z,Pumped Storage,748.000,Elexon BMRS FUELHH
2022-03-15T10:00:00Z,Wind,6002.000,Elexon BMRS FUELHH
2022-03-15T10:30:00Z,Biomass,2265.000,Elexon BMRS FUELHH
2022-03-15T10:30:00Z,Coal,1471.000,Elexon BMRS FUELHH
2022-03-15T10:30:00Z,Gas,15784.000,Elexon BMRS FUELHH
2022-03-15T10:30:00Z,Hydro,708.000,Elexon BMRS FUELHH
2022-03-15T10:30:00Z,Imports & Exports,-758.000,Elexon BMRS FUELHH
2022-03-15T10:30:00Z,Nuclear,5581.000,Elexon BMRS FUELHH
2022-03-15T10:30:00Z,Other,306.000,Elexon BMRS FUELHH
2022-03-15T10:30:00Z,Pumped Storage,348.000,Elexon BMRS FUELHH
2022-03-15T10:30:00Z,Wind,6285.000,Elexon BMRS FUELHH
2022-03-15T11:00:00Z,Biomass,2259.000,Elexon BMRS FUELHH
2022-03-15T11:00:00Z,Coal,1473.000,Elexon BMRS FUELHH
2022-03-15T11:00:00Z,Gas,15404.000,Elexon BMRS FUELHH
2022-03-15T11:00:00Z,Hydro,649.000,Elexon BMRS FUELHH
2022-03-15T11:00:00Z,Imports & Exports,-134.000,Elexon BMRS FUELHH
2022-03-15T11:00:00Z,Nuclear,5578.000,Elexon BMRS FUELHH
2022-03-15T11:00:00Z,Other,224.000,Elexon BMRS FUELHH
2022-03-15T11:00:00Z,Pumped Storage,-20.000,Elexon BMRS FUELHH
2022-03-15T11:00:00Z,Wind,6570.000,Elexon BMRS FUELHH
2022-03-15T11:30:00Z,Biomass,2247.000,Elexon BMRS FUELHH
2022-03-15T11:30:00Z,Coal,1472.000,Elexon BMRS FUELHH
2022-03-15T11:30:00Z,Gas,15021.000,Elexon BMRS FUELHH
2022-03-15T11:30:00Z,Hydro,600.000,Elexon BMRS FUELHH
2022-03-15T11:30:00Z,Imports & Exports,-222.000,Elexon BMRS FUELHH
2022-03-15T11:30:00Z,Nuclear,5579.000,Elexon BMRS FUELHH
2022-03-15T11:30:00Z,Other,151.000,Elexon BMRS FUELHH
2022-03-15T11:30:00Z,Pumped Storage,14.000,Elexon BMRS FUELHH
2022-03-15T11:30:00Z,Wind,6543.000,Elexon BMRS FUELHH
2022-03-15T12:00:00Z,Biomass,2097.000,Elexon BMRS FUELHH
2022-03-15T12:00:00Z,Coal,1468.000,Elexon BMRS FUELHH
2022-03-15T12:00:00Z,Gas,14598.000,Elexon BMRS FUELHH
2022-03-15T12:00:00Z,Hydro,572.000,Elexon BMRS FUELHH
2022-03-15T12:00:00Z,Imports & Exports,286.000,Elexon BMRS FUELHH
2022-03-15T12:00:00Z,Nuclear,5628.000,Elexon BMRS FUELHH
2022-03-15T12:00:00Z,Other,120.000,Elexon BMRS FUELHH
2022-03-15T12:00:00Z,Pumped Storage,-12.000,Elexon BMRS FUELHH
2022-03-15T12:00:00Z,Wind,6540.000,Elexon BMRS FUELHH
2022-03-15T12:30:00Z,Biomass,2016.000,Elexon BMRS FUELHH
2022-03-15T12:30:00Z,Coal,1470.000,Elexon BMRS FUELHH
2022-03-15T12:30:00Z,Gas,14334.000,Elexon BMRS FUELHH
2022-03-15T12:30:00Z,Hydro,572.000,Elexon BMRS FUELHH
2022-03-15T12:30:00Z,Imports & Exports,296.000,Elexon BMRS FUELHH
2022-03-15T12:30:00Z,Nuclear,5695.000,Elexon BMRS FUELHH
2022-03-15T12:30:00Z,Other,115.000,Elexon BMRS FUELHH
2022-03-15T12:30:00Z,Pumped Storage,-12.000,Elexon BMRS FUELHH
2022-03-15T12:30:00Z,Wind,6755.000,Elexon BMRS FUELHH
2022-03-15T13:00:00Z,Biomass,2137.000,Elexon BMRS FUELHH
2022-03-15T13:00:00Z,Coal,1320.000,Elexon BMRS FUELHH
2022-03-15T13:00:00Z,Gas,14091.000,Elexon BMRS FUELHH
2022-03-15T13:00:00Z,Hydro,573.000,Elexon BMRS FUELHH
2022-03-15T13:00:00Z,Imports & Exports,22.000,Elexon BMRS FUELHH
2022-03-15T13:00:00Z,Nuclear,5690.000,Elexon BMRS FUELHH
2022-03-15T13:00:00Z,Other,162.000,Elexon BMRS FUELHH
2022-03-15T13:00:00Z,Pumped Storage,-10.000,Elexon BMRS FUELHH
2022-03-15T13:00:00Z,Wind,6826.000,Elexon BMRS FUELHH
2022-03-15T13:30:00Z,Biomass,2142.000,Elexon BMRS FUELHH
2022-03-15T13:30:00Z,Coal,1133.000,Elexon BMRS FUELHH
2022-03-15T13:30:00Z,Gas,14206.000,Elexon BMRS FUELHH
2022-03-15T13:30:00Z,Hydro,574.000,Elexon BMRS FUELHH
2022-03-15T13:30:00Z,Imports & Exports,-76.000,Elexon BMRS FUELHH
2022-03-15T13:30:00Z,Nuclear,5680.000,Elexon BMRS FUELHH
2022-03-15T13:30:00Z,Other,118.000,Elexon BMRS FUELHH
2022-03-15T13:30:00Z,Pumped Storage,-10.000,Elexon BMRS FUELHH
2022-03-15T13:30:00Z,Wind,6972.000,Elexon BMRS FUELHH
2022-03-15T14:00:00Z,Biomass,2048.000,Elexon BMRS FUELHH
2022-03-15T14:00:00Z,Coal,990.000,Elexon BMRS FUELHH
2022-03-15T14:00:00Z,Gas,14470.000,Elexon BMRS FUELHH
2022-03-15T14:00:00Z,Hydro,574.000,Elexon BMRS FUELHH
2022-03-15T14:00:00Z,Imports & Exports,210.000,Elexon BMRS FUELHH
2022-03-15T14:00:00Z,Nuclear,5602.000,Elexon BMRS FUELHH
2022-03-15T14:00:00Z,Other,132.000,Elexon BMRS FUELHH
2022-03-15T14:00:00Z,Pumped Storage,64.000,Elexon BMRS FUELHH
2022-03-15T14:00:00Z,Wind,7030.000,Elexon BMRS FUELHH
2022-03-15T14:30:00Z,Biomass,2102.000,Elexon BMRS FUELHH
2022-03-15T14:30:00Z,Coal,1406.000,Elexon BMRS FUELHH
2022-03-15T14:30:00Z,Gas,14596.000,Elexon BMRS FUELHH
2022-03-15T14:30:00Z,Hydro,574.000,Elexon BMRS FUELHH
2022-03-15T14:30:00Z,Imports & Exports,154.000,Elexon BMRS FUELHH
2022-03-15T14:30:00Z,Nuclear,5537.000,Elexon BMRS FUELHH
2022-03-15T14:30:00Z,Other,147.000,Elexon BMRS FUELHH
2022-03-15T14:30:00Z,Pumped Storage,-10.000,Elexon BMRS FUELHH
2022-03-15T14:30:00Z,Wind,7134.000,Elexon BMRS FUELHH
2022-03-15T15:00:00Z,Biomass,2227.000,Elexon BMRS FUELHH
2022-03-15T15:00:00Z,Coal,1460.000,Elexon BMRS FUELHH
2022-03-15T15:00:00Z,Gas,15175.000,Elexon BMRS FUELHH
2022-03-15T15:00:00Z,Hydro,618.000,Elexon BMRS FUELHH
2022-03-15T15:00:00Z,Imports & Exports,-154.000,Elexon BMRS FUELHH
2022-03-15T15:00:00Z,Nuclear,5526.000,Elexon BMRS FUELHH
2022-03-15T15:00:00Z,Other,164.000,Elexon BMRS FUELHH
2022-03-15T15:00:00Z,Pumped Storage,50.000,Elexon BMRS FUELHH
2022-03-15T15:00:00Z,Wind,7247.000,Elexon BMRS FUELHH
2022-03-15T15:30:00Z,Biomass,2252.000,Elexon BMRS FUELHH
2022-03-15T15:30:00Z,Coal,1472.000,Elexon BMRS FUELHH
2022-03-15T15:30:00Z,Gas,16501.000,Elexon BMRS FUELHH
2022-03-15T15:30:00Z,Hydro,677.000,Elexon BMRS FUELHH
2022-03-15T15:30:00Z,Imports & Exports,-138.000,Elexon BMRS FUELHH
2022-03-15T15:30:00Z,Nuclear,5529.000,Elexon BMRS FUELHH
2022-03-15T15:30:00Z,Other,160.000,Elexon BMRS FUELHH
2022-03-15T15:30:00Z,Pumped Storage,82.000,Elexon BMRS FUELHH
2022-03-15T15:30:00Z,Wind,6970.000,Elexon BMRS FUELHH
2022-03-15T16:00:00Z,Biomass,2257.000,Elexon BMRS FUELHH
2022-03-15T16:00:00Z,Coal,1472.000,Elexon BMRS FUELHH
2022-03-15T16:00:00Z,Gas,18266.000,Elexon BMRS FUELHH
2022-03-15T16:00:00Z,Hydro,730.000,Elexon BMRS FUELHH
2022-03-15T16:00:00Z,Imports & Exports,-832.000,Elexon BMRS FUELHH
2022-03-15T16:00:00Z,Nuclear,5593.000,Elexon BMRS FUELHH
2022-03-15T16:00:00Z,Other,172.000,Elexon BMRS FUELHH
2022-03-15T16:00:00Z,Pumped Storage,154.000,Elexon BMRS FUELHH
2022-03-15T16:00:00Z,Wind,6799.000,Elexon BMRS FUELHH
2022-03-15T16:30:00Z,Biomass,2259.000,Elexon BMRS FUELHH
2022-03-15T16:30:00Z,Coal,1473.000,Elexon BMRS FUELHH
2022-03-15T16:30:00Z,Gas,19043.000,Elexon BMRS FUELHH
2022-03-15T16:30:00Z,Hydro,769.000,Elexon BMRS FUELHH
2022-03-15T16:30:00Z,Imports & Exports,-892.000,Elexon BMRS FUELHH
2022-03-15T16:30:00Z,Nuclear,5669.000,Elexon BMRS FUELHH
2022-03-15T16:30:00Z,Other,287.000,Elexon BMRS FUELHH
2022-03-15T16:30:00Z,Pumped Storage,636.000,Elexon BMRS FUELHH
2022-03-15T16:30:00Z,Wind,6891.000,Elexon BMRS FUELHH
2022-03-15T17:00:00Z,Biomass,2269.000,Elexon BMRS FUELHH
2022-03-15T17:00:00Z,Coal,1478.000,Elexon BMRS FUELHH
2022-03-15T17:00:00Z,Gas,18949.000,Elexon BMRS FUELHH
2022-03-15T17:00:00Z,Hydro,903.000,Elexon BMRS FUELHH
2022-03-15T17:00:00Z,Imports & Exports,-382.000,Elexon BMRS FUELHH
2022-03-15T17:00:00Z,Nuclear,5685.000,Elexon BMRS FUELHH
2022-03-15T17:00:00Z,Other,382.000,Elexon BMRS FUELHH
2022-03-15T17:00:00Z,Pumped Storage,1414.000,Elexon BMRS FUELHH
2022-03-15T17:00:00Z,Wind,6947.000,Elexon BMRS FUELHH
2022-03-15T17:30:00Z,Biomass,2286.000,Elexon BMRS FUELHH
2022-03-15T17:30:00Z,Coal,1448.000,Elexon BMRS FUELHH
2022-03-15T17:30:00Z,Gas,19162.000,Elexon BMRS FUELHH
2022-03-15T17:30:00Z,Hydro,935.000,Elexon BMRS FUELHH
2022-03-15T17:30:00Z,Imports & Exports,-530.000,Elexon BMRS FUELHH
2022-03-15T17:30:00Z,Nuclear,5677.000,Elexon BMRS FUELHH
2022-03-15T17:30:00Z,Other,595.000,Elexon BMRS FUELHH
2022-03-15T17:30:00Z,Pumped Storage,1798.000,Elexon BMRS FUELHH
2022-03-15T17:30:00Z,Wind,7062.000,Elexon BMRS FUELHH
2022-03-15T18:00:00Z,Biomass,2291.000,Elexon BMRS FUELHH
2022-03-15T18:00:00Z,Coal,1444.000,Elexon BMRS FUELHH
2022-03-15T18:00:00Z,Gas,19467.000,Elexon BMRS FUELHH
2022-03-15T18:00:00Z,Hydro,941.000,Elexon BMRS FUELHH
2022-03-15T18:00:00Z,Imports & Exports,276.000,Elexon BMRS FUELHH
2022-03-15T18:00:00Z,Nuclear,5664.000,Elexon BMRS FUELHH
2022-03-15T18:00:00Z,Other,743.000,Elexon BMRS FUELHH
2022-03-15T18:00:00Z,Pumped Storage,1492.000,Elexon BMRS FUELHH
2022-03-15T18:00:00Z,Wind,7039.000,Elexon BMRS FUELHH
2022-03-15T18:30:00Z,Biomass,2291.000,Elexon BMRS FUELHH
2022-03-15T18:30:00Z,Coal,1469.000,Elexon BMRS FUELHH
2022-03-15T18:30:00Z,Gas,19340.000,Elexon BMRS FUELHH
2022-03-15T18:30:00Z,Hydro,961.000,Elexon BMRS FUELHH
2022-03-15T18:30:00Z,Imports & Exports,412.000,Elexon BMRS FUELHH
2022-03-15T18:30:00Z,Nuclear,5654.000,Elexon BMRS FUELHH
2022-03-15T18:30:00Z,Other,621.000,Elexon BMRS FUELHH
2022-03-15T18:30:00Z,Pumped Storage,1506.000,Elexon BMRS FUELHH
2022-03-15T18:30:00Z,Wind,7314.000,Elexon BMRS FUELHH
2022-03-15T19:00:00Z,Biomass,2292.000,Elexon BMRS FUELHH
2022-03-15T19:00:00Z,Coal,1469.000,Elexon BMRS FUELHH
2022-03-15T19:00:00Z,Gas,19392.000,Elexon BMRS FUELHH
2022-03-15T19:00:00Z,Hydro,962.000,Elexon BMRS FUELHH
2022-03-15T19:00:00Z,Imports & Exports,900.000,Elexon BMRS FUELHH
2022-03-15T19:00:00Z,Nuclear,5642.000,Elexon BMRS FUELHH
2022-03-15T19:00:00Z,Other,311.000,Elexon BMRS FUELHH
2022-03-15T19:00:00Z,Pumped Storage,782.000,Elexon BMRS FUELHH
2022-03-15T19:00:00Z,Wind,7285.000,Elexon BMRS FUELHH
2022-03-15T19:30:00Z,Biomass,2290.000,Elexon BMRS FUELHH
2022-03-15T19:30:00Z,Coal,1473.000,Elexon BMRS FUELHH
2022-03-15T19:30:00Z,Gas,18671.000,Elexon BMRS FUELHH
2022-03-15T19:30:00Z,Hydro,954.000,Elexon BMRS FUELHH
2022-03-15T19:30:00Z,Imports & Exports,848.000,Elexon BMRS FUELHH
2022-03-15T19:30:00Z,Nuclear,5640.000,Elexon BMRS FUELHH
2022-03-15T19:30:00Z,Other,176.000,Elexon BMRS FUELHH
2022-03-15T19:30:00Z,Pumped Storage,346.000,Elexon BMRS FUELHH
2022-03-15T19:30:00Z,Wind,7540.000,Elexon BMRS FUELHH
2022-03-15T20:00:00Z,Biomass,2218.000,Elexon BMRS FUELHH
2022-03-15T20:00:00Z,Coal,1450.000,Elexon BMRS FUELHH
2022-03-15T20:00:00Z,Gas,18307.000,Elexon BMRS FUELHH
2022-03-15T20:00:00Z,Hydro,778.000,Elexon BMRS FUELHH
2022-03-15T20:00:00Z,Imports & Exports,24.000,Elexon BMRS FUELHH
2022-03-15T20:00:00Z,Nuclear,5631.000,Elexon BMRS FUELHH
2022-03-15T20:00:00Z,Other,155.000,Elexon BMRS FUELHH
2022-03-15T20:00:00Z,Pumped Storage,16.000,Elexon BMRS FUELHH
2022-03-15T20:00:00Z,Wind,7863.000,Elexon BMRS FUELHH
2022-03-15T20:30:00Z,Biomass,2006.000,Elexon BMRS FUELHH
2022-03-15T20:30:00Z,Coal,1246.000,Elexon BMRS FUELHH
2022-03-15T20:30:00Z,Gas,17063.000,Elexon BMRS FUELHH
2022-03-15T20:30:00Z,Hydro,773.000,Elexon BMRS FUELHH
2022-03-15T20:30:00Z,Imports & Exports,-18.000,Elexon BMRS FUELHH
2022-03-15T20:30:00Z,Nuclear,5617.000,Elexon BMRS FUELHH
2022-03-15T20:30:00Z,Other,153.000,Elexon BMRS FUELHH
2022-03-15T20:30:00Z,Pumped Storage,16.000,Elexon BMRS FUELHH
2022-03-15T20:30:00Z,Wind,8117.000,Elexon BMRS FUELHH
2022-03-15T21:00:00Z,Biomass,2101.000,Elexon BMRS FUELHH
2022-03-15T21:00:00Z,Coal,1110.000,Elexon BMRS FUELHH
2022-03-15T21:00:00Z,Gas,15650.000,Elexon BMRS FUELHH
2022-03-15T21:00:00Z,Hydro,726.000,Elexon BMRS FUELHH
2022-03-15T21:00:00Z,Imports & Exports,-154.000,Elexon BMRS FUELHH
2022-03-15T21:00:00Z,Nuclear,5594.000,Elexon BMRS FUELHH
2022-03-15T21:00:00Z,Other,149.000,Elexon BMRS FUELHH
2022-03-15T21:00:00Z,Pumped Storage,-14.000,Elexon BMRS FUELHH
2022-03-15T21:00:00Z,Wind,8141.000,Elexon BMRS FUELHH
2022-03-15T21:30:00Z,Biomass,2253.000,Elexon BMRS FUELHH
2022-03-15T21:30:00Z,Coal,766.000,Elexon BMRS FUELHH
2022-03-15T21:30:00Z,Gas,13920.000,Elexon BMRS FUELHH
2022-03-15T21:30:00Z,Hydro,705.000,Elexon BMRS FUELHH
2022-03-15T21:30:00Z,Imports & Exports,-188.000,Elexon BMRS FUELHH
2022-03-15T21:30:00Z,Nuclear,5547.000,Elexon BMRS FUELHH
2022-03-15T21:30:00Z,Other,151.000,Elexon BMRS FUELHH
2022-03-15T21:30:00Z,Pumped Storage,-16.000,Elexon BMRS FUELHH
2022-03-15T21:30:00Z,Wind,8084.000,Elexon BMRS FUELHH
2022-03-15T22:00:00Z,Biomass,2244.000,Elexon BMRS FUELHH
2022-03-15T22:00:00Z,Coal,315.000,Elexon BMRS FUELHH
2022-03-15T22:00:00Z,Gas,12954.000,Elexon BMRS FUELHH
2022-03-15T22:00:00Z,Hydro,627.000,Elexon BMRS FUELHH
2022-03-15T22:00:00Z,Imports & Exports,-452.000,Elexon BMRS FUELHH
2022-03-15T22:00:00Z,Nuclear,5341.000,Elexon BMRS FUELHH
2022-03-15T22:00:00Z,Other,154.000,Elexon BMRS FUELHH
2022-03-15T22:00:00Z,Pumped Storage,-2.000,Elexon BMRS FUELHH
2022-03-15T22:00:00Z,Wind,8070.000,Elexon BMRS FUELHH
2022-03-15T22:30:00Z,Biomass,1993.000,Elexon BMRS FUELHH
2022-03-15T22:30:00Z,Coal,2.000,Elexon BMRS FUELHH
2022-03-15T22:30:00Z,Gas,12392.000,Elexon BMRS FUELHH
2022-03-15T22:30:00Z,Hydro,573.000,Elexon BMRS FUELHH
2022-03-15T22:30:00Z,Imports & Exports,-430.000,Elexon BMRS FUELHH
2022-03-15T22:30:00Z,Nuclear,5227.000,Elexon BMRS FUELHH
2022-03-15T22:30:00Z,Other,166.000,Elexon BMRS FUELHH
2022-03-15T22:30:00Z,Pumped Storage,64.000,Elexon BMRS FUELHH
2022-03-15T22:30:00Z,Wind,7552.000,Elexon BMRS FUELHH
2022-03-15T23:00:00Z,Biomass,1678.000,Elexon BMRS FUELHH
2022-03-15T23:00:00Z,Coal,0.000,Elexon BMRS FUELHH
2022-03-15T23:00:00Z,Gas,11887.000,Elexon BMRS FUELHH
2022-03-15T23:00:00Z,Hydro,578.000,Elexon BMRS FUELHH
2022-03-15T23:00:00Z,Imports & Exports,-322.000,Elexon BMRS FUELHH
2022-03-15T23:00:00Z,Nuclear,5210.000,Elexon BMRS FUELHH
2022-03-15T23:00:00Z,Other,151.000,Elexon BMRS FUELHH
2022-03-15T23:00:00Z,Pumped Storage,-330.000,Elexon BMRS FUELHH
2022-03-15T23:00:00Z,Wind,7247.000,Elexon BMRS FUELHH
2022-03-15T23:30:00Z,Biomass,1696.000,Elexon BMRS FUELHH
2022-03-15T23:30:00Z,Coal,0.000,Elexon BMRS FUELHH
2022-03-15T23:30:00Z,Gas,11430.000,Elexon BMRS FUELHH
2022-03-15T23:30:00Z,Hydro,581.000,Elexon BMRS FUELHH
2022-03-15T23:30:00Z,Imports & Exports,-288.000,Elexon BMRS FUELHH
2022-03-15T23:30:00Z,Nuclear,5089.000,Elexon BMRS FUELHH
2022-03-15T23:30:00Z,Other,151.000,Elexon BMRS FUELHH
2022-03-15T23:30:00Z,Pumped Storage,-920.000,Elexon BMRS FUELHH
2022-03-15T23:30:00Z,Wind,7189.000,Elexon BMRS FUELHH
2022-03-16T00:00:00Z,Biomass,1679.000,Elexon BMRS FUELHH
2022-03-16T00:00:00Z,Coal,0.000,Elexon BMRS FUELHH
2022-03-16T00:00:00Z,Gas,11164.000,Elexon BMRS FUELHH
2022-03-16T00:00:00Z,Hydro,397.000,Elexon BMRS FUELHH
2022-03-16T00:00:00Z,Imports & Exports,794.000,Elexon BMRS FUELHH
2022-03-16T00:00:00Z,Nuclear,4865.000,Elexon BMRS FUELHH
2022-03-16T00:00:00Z,Other,152.000,Elexon BMRS FUELHH
2022-03-16T00:00:00Z,Pumped Storage,-1220.000,Elexon BMRS FUELHH
2022-03-16T00:00:00Z,Wind,6898.000,Elexon BMRS FUELHH
2022-03-16T00:30:00Z,Biomass,1694.000,Elexon BMRS FUELHH
2022-03-16T00:30:00Z,Coal,0.000,Elexon BMRS FUELHH
2022-03-16T00:30:00Z,Gas,11648.000,Elexon BMRS FUELHH
2022-03-16T00:30:00Z,Hydro,397.000,Elexon BMRS FUELHH
2022-03-16T00:30:00Z,Imports & Exports,942.000,Elexon BMRS FUELHH
2022-03-16T00:30:00Z,Nuclear,4862.000,Elexon BMRS FUELHH
2022-03-16T00:30:00Z,Other,153.000,Elexon BMRS FUELHH
2022-03-16T00:30:00Z,Pumped Storage,-984.000,Elexon BMRS FUELHH
2022-03-16T00:30:00Z,Wind,6404.000,Elexon BMRS FUELHH
2022-03-16T01:00:00Z,Biomass,1693.000,Elexon BMRS FUELHH
2022-03-16T01:00:00Z,Coal,0.000,Elexon BMRS FUELHH
2022-03-16T01:00:00Z,Gas,11593.000,Elexon BMRS FUELHH
2022-03-16T01:00:00Z,Hydro,396.000,Elexon BMRS FUELHH
2022-03-16T01:00:00Z,Imports & Exports,912.000,Elexon BMRS FUELHH
2022-03-16T01:00:00Z,Nuclear,4940.000,Elexon BMRS FUELHH
2022-03-16T01:00:00Z,Other,153.000,Elexon BMRS FUELHH
2022-03-16T01:00:00Z,Pumped Storage,-968.000,Elexon BMRS FUELHH
2022-03-16T01:00:00Z,Wind,6056.000,Elexon BMRS FUELHH
2022-03-16T01:30:00Z,Biomass,1689.000,Elexon BMRS FUELHH
2022-03-16T01:30:00Z,Coal,0.000,Elexon BMRS FUELHH
2022-03-16T01:30:00Z,Gas,11331.000,Elexon BMRS FUELHH
2022-03-16T01:30:00Z,Hydro,397.000,Elexon BMRS FUELHH
2022-03-16T01:30:00Z,Imports & Exports,886.000,Elexon BMRS FUELHH
2022-03-16T01:30:00Z,Nuclear,4985.000,Elexon BMRS FUELHH
2022-03-16T01:30:00Z,Other,154.000,Elexon BMRS FUELHH
2022-03-16T01:30:00Z,Pumped Storage,-970.000,Elexon BMRS FUELHH
2022-03-16T01:30:00Z,Wind,5741.000,Elexon BMRS FUELHH
2022-03-16T02:00:00Z,Biomass,1688.000,Elexon BMRS FUELHH
2022-03-16T02:00:00Z,Coal,0.000,Elexon BMRS FUELHH
2022-03-16T02:00:00Z,Gas,11366.000,Elexon BMRS FUELHH
2022-03-16T02:00:00Z,Hydro,397.000,Elexon BMRS FUELHH
2022-03-16T02:00:00Z,Imports & Exports,1056.000,Elexon BMRS FUELHH
2022-03-16T02:00:00Z,Nuclear,4986.000,Elexon BMRS FUELHH
2022-03-16T02:00:00Z,Other,153.000,Elexon BMRS FUELHH
2022-03-16T02:00:00Z,Pumped Storage,-1180.000,Elexon BMRS FUELHH
2022-03-16T02:00:00Z,Wind,5360.000,Elexon BMRS FUELHH
2022-03-16T02:30:00Z,Biomass,1676.000,Elexon BMRS FUELHH
2022-03-16T02:30:00Z,Coal,0.000,Elexon BMRS FUELHH
2022-03-16T02:30:00Z,Gas,11518.000,Elexon BMRS FUELHH
2022-03-16T02:30:00Z,Hydro,396.000,Elexon BMRS FUELHH
2022-03-16T02:30:00Z,Imports & Exports,1108.000,Elexon BMRS FUELHH
2022-03-16T02:30:00Z,Nuclear,4983.000,Elexon BMRS FUELHH
2022-03-16T02:30:00Z,Other,152.000,Elexon BMRS FUELHH
2022-03-16T02:30:00Z,Pumped Storage,-1518.000,Elexon BMRS FUELHH
2022-03-16T02:30:00Z,Wind,5258.000,Elexon BMRS FUELHH
2022-03-16T03:00:00Z,Biomass,1716.000,Elexon BMRS FUELHH
2022-03-16T03:00:00Z,Coal,0.000,Elexon BMRS FUELHH
2022-03-16T03:00:00Z,Gas,11577.000,Elexon BMRS FUELHH
2022-03-16T03:00:00Z,Hydro,397.000,Elexon BMRS FUELHH
2022-03-16T03:00:00Z,Imports & Exports,622.000,Elexon BMRS FUELHH
2022-03-16T03:00:00Z,Nuclear,4935.000,Elexon BMRS FUELHH
2022-03-16T03:00:00Z,Other,154.000,Elexon BMRS FUELHH
2022-03-16T03:00:00Z,Pumped Storage,-1310.000,Elexon BMRS FUELHH
2022-03-16T03:00:00Z,Wind,5087.000,Elexon BMRS FUELHH
2022-03-16T03:30:00Z,Biomass,1691.000,Elexon BMRS FUELHH
2022-03-16T03:30:00Z,Coal,0.000,Elexon BMRS FUELHH
2022-03-16T03:30:00Z,Gas,11733.000,Elexon BMRS FUELHH
2022-03-16T03:30:00Z,Hydro,397.000,Elexon BMRS FUELHH
2022-03-16T03:30:00Z,Imports & Exports,678.000,Elexon BMRS FUELHH
2022-03-16T03:30:00Z,Nuclear,4866.000,Elexon BMRS FUELHH
2022-03-16T03:30:00Z,Other,152.000,Elexon BMRS FUELHH
2022-03-16T03:30:00Z,Pumped Storage,-1306.000,Elexon BMRS FUELHH
2022-03-16T03:30:00Z,Wind,4809.000,Elexon BMRS FUELHH
2022-03-16T04:00:00Z,Biomass,1733.000,Elexon BMRS FUELHH
2022-03-16T04:00:00Z,Coal,1.000,Elexon BMRS FUELHH
2022-03-16T04:00:00Z,Gas,12325.000,Elexon BMRS FUELHH
2022-03-16T04:00:00Z,Hydro,396.000,Elexon BMRS FUELHH
2022-03-16T04:00:00Z,Imports & Exports,140.000,Elexon BMRS FUELHH
2022-03-16T04:00:00Z,Nuclear,4869.000,Elexon BMRS FUELHH
2022-03-16T04:00:00Z,Other,152.000,Elexon BMRS FUELHH
2022-03-16T04:00:00Z,Pumped Storage,-1104.000,Elexon BMRS FUELHH
2022-03-16T04:00:00Z,Wind,4646.000,Elexon BMRS FUELHH
2022-03-16T04:30:00Z,Biomass,1850.000,Elexon BMRS FUELHH
2022-03-16T04:30:00Z,Coal,148.000,Elexon BMRS FUELHH
2022-03-16T04:30:00Z,Gas,12347.000,Elexon BMRS FUELHH
2022-03-16T04:30:00Z,Hydro,396.000,Elexon BMRS FUELHH
2022-03-16T04:30:00Z,Imports & Exports,108.000,Elexon BMRS FUELHH
2022-03-16T04:30:00Z,Nuclear,4890.000,Elexon BMRS FUELHH
2022-03-16T04:30:00Z,Other,150.000,Elexon BMRS FUELHH
2022-03-16T04:30:00Z,Pumped Storage,-1108.000,Elexon BMRS FUELHH
2022-03-16T04:30:00Z,Wind,4481.000,Elexon BMRS FUELHH
2022-03-16T05:00:00Z,Biomass,1793.000,Elexon BMRS FUELHH
2022-03-16T05:00:00Z,Coal,354.000,Elexon BMRS FUELHH
2022-03-16T05:00:00Z,Gas,13205.000,Elexon BMRS FUELHH
2022-03-16T05:00:00Z,Hydro,517.000,Elexon BMRS FUELHH
2022-03-16T05:00:00Z,Imports & Exports,-1032.000,Elexon BMRS FUELHH
2022-03-16T05:00:00Z,Nuclear,4983.000,Elexon BMRS FUELHH
2022-03-16T05:00:00Z,Other,151.000,Elexon BMRS FUELHH
2022-03-16T05:00:00Z,Pumped Storage,-592.000,Elexon BMRS FUELHH
2022-03-16T05:00:00Z,Wind,4468.000,Elexon BMRS FUELHH
2022-03-16T05:30:00Z,Biomass,1831.000,Elexon BMRS FUELHH
2022-03-16T05:30:00Z,Coal,527.000,Elexon BMRS FUELHH
2022-03-16T05:30:00Z,Gas,13882.000,Elexon BMRS FUELHH
2022-03-16T05:30:00Z,Hydro,523.000,Elexon BMRS FUELHH
2022-03-16T05:30:00Z,Imports & Exports,-980.000,Elexon BMRS FUELHH
2022-03-16T05:30:00Z,Nuclear,5168.000,Elexon BMRS FUELHH
2022-03-16T05:30:00Z,Other,152.000,Elexon BMRS FUELHH
2022-03-16T05:30:00Z,Pumped Storage,-36.000,Elexon BMRS FUELHH
2022-03-16T05:30:00Z,Wind,4303.000,Elexon BMRS FUELHH
2022-03-16T06:00:00Z,Biomass,2083.000,Elexon BMRS FUELHH
2022-03-16T06:00:00Z,Coal,863.000,Elexon BMRS FUELHH
2022-03-16T06:00:00Z,Gas,16217.000,Elexon BMRS FUELHH
2022-03-16T06:00:00Z,Hydro,542.000,Elexon BMRS FUELHH
2022-03-16T06:00:00Z,Imports & Exports,-1108.000,Elexon BMRS FUELHH
2022-03-16T06:00:00Z,Nuclear,5253.000,Elexon BMRS FUELHH
2022-03-16T06:00:00Z,Other,150.000,Elexon BMRS FUELHH
2022-03-16T06:00:00Z,Pumped Storage,-20.000,Elexon BMRS FUELHH
2022-03-16T06:00:00Z,Wind,4271.000,Elexon BMRS FUELHH
2022-03-16T06:30:00Z,Biomass,2196.000,Elexon BMRS FUELHH
2022-03-16T06:30:00Z,Coal,1099.000,Elexon BMRS FUELHH
2022-03-16T06:30:00Z,Gas,18189.000,Elexon BMRS FUELHH
2022-03-16T06:30:00Z,Hydro,560.000,Elexon BMRS FUELHH
2022-03-16T06:30:00Z,Imports & Exports,-1074.000,Elexon BMRS FUELHH
2022-03-16T06:30:00Z,Nuclear,5305.000,Elexon BMRS FUELHH
2022-03-16T06:30:00Z,Other,191.000,Elexon BMRS FUELHH
2022-03-16T06:30:00Z,Pumped Storage,56.000,Elexon BMRS FUELHH
2022-03-16T06:30:00Z,Wind,4079.000,Elexon BMRS FUELHH
2022-03-16T07:00:00Z,Biomass,2162.000,Elexon BMRS FUELHH
2022-03-16T07:00:00Z,Coal,1091.000,Elexon BMRS FUELHH
2022-03-16T07:00:00Z,Gas,18442.000,Elexon BMRS FUELHH
2022-03-16T07:00:00Z,Hydro,581.000,Elexon BMRS FUELHH
2022-03-16T07:00:00Z,Imports & Exports,1712.000,Elexon BMRS FUELHH
2022-03-16T07:00:00Z,Nuclear,5352.000,Elexon BMRS FUELHH
2022-03-16T07:00:00Z,Other,164.000,Elexon BMRS FUELHH
2022-03-16T07:00:00Z,Pumped Storage,-16.000,Elexon BMRS FUELHH
2022-03-16T07:00:00Z,Wind,3971.000,Elexon BMRS FUELHH
2022-03-16T07:30:00Z,Biomass,2293.000,Elexon BMRS FUELHH
2022-03-16T07:30:00Z,Coal,1098.000,Elexon BMRS FUELHH
2022-03-16T07:30:00Z,Gas,19621.000,Elexon BMRS FUELHH
2022-03-16T07:30:00Z,Hydro,585.000,Elexon BMRS FUELHH
2022-03-16T07:30:00Z,Imports & Exports,1752.000,Elexon BMRS FUELHH
2022-03-16T07:30:00Z,Nuclear,5388.000,Elexon BMRS FUELHH
2022-03-16T07:30:00Z,Other,173.000,Elexon BMRS FUELHH
2022-03-16T07:30:00Z,Pumped Storage,14.000,Elexon BMRS FUELHH
2022-03-16T07:30:00Z,Wind,3804.000,Elexon BMRS FUELHH
2022-03-16T08:00:00Z,Biomass,2288.000,Elexon BMRS FUELHH
2022-03-16T08:00:00Z,Coal,1244.000,Elexon BMRS FUELHH
2022-03-16T08:00:00Z,Gas,19644.000,Elexon BMRS FUELHH
2022-03-16T08:00:00Z,Hydro,586.000,Elexon BMRS FUELHH
2022-03-16T08:00:00Z,Imports & Exports,2920.000,Elexon BMRS FUELHH
2022-03-16T08:00:00Z,Nuclear,5431.000,Elexon BMRS FUELHH
2022-03-16T08:00:00Z,Other,161.000,Elexon BMRS FUELHH
2022-03-16T08:00:00Z,Pumped Storage,134.000,Elexon BMRS FUELHH
2022-03-16T08:00:00Z,Wind,3737.000,Elexon BMRS FUELHH
2022-03-16T08:30:00Z,Biomass,2292.000,Elexon BMRS FUELHH
2022-03-16T08:30:00Z,Coal,1451.000,Elexon BMRS FUELHH
2022-03-16T08:30:00Z,Gas,19809.000,Elexon BMRS FUELHH
2022-03-16T08:30:00Z,Hydro,593.000,Elexon BMRS FUELHH
2022-03-16T08:30:00Z,Imports & Exports,2944.000,Elexon BMRS FUELHH
2022-03-16T08:30:00Z,Nuclear,5474.000,Elexon BMRS FUELHH
2022-03-16T08:30:00Z,Other,163.000,Elexon BMRS FUELHH
2022-03-16T08:30:00Z,Pumped Storage,10.000,Elexon BMRS FUELHH
2022-03-16T08:30:00Z,Wind,3778.000,Elexon BMRS FUELHH
2022-03-16T09:00:00Z,Biomass,2292.000,Elexon BMRS FUELHH
2022-03-16T09:00:00Z,Coal,1475.000,Elexon BMRS FUELHH
2022-03-16T09:00:00Z,Gas,20180.000,Elexon BMRS FUELHH
2022-03-16T09:00:00Z,Hydro,582.000,Elexon BMRS FUELHH
2022-03-16T09:00:00Z,Imports & Exports,3108.000,Elexon BMRS FUELHH
2022-03-16T09:00:00Z,Nuclear,5519.000,Elexon BMRS FUELHH
2022-03-16T09:00:00Z,Other,192.000,Elexon BMRS FUELHH
2022-03-16T09:00:00Z,Pumped Storage,322.000,Elexon BMRS FUELHH
2022-03-16T09:00:00Z,Wind,3618.000,Elexon BMRS FUELHH
2022-03-16T09:30:00Z,Biomass,2292.000,Elexon BMRS FUELHH
2022-03-16T09:30:00Z,Coal,1474.000,Elexon BMRS FUELHH
2022-03-16T09:30:00Z,Gas,20387.000,Elexon BMRS FUELHH
2022-03-16T09:30:00Z,Hydro,581.000,Elexon BMRS FUELHH
2022-03-16T09:30:00Z,Imports & Exports,3048.000,Elexon BMRS FUELHH
2022-03-16T09:30:00Z,Nuclear,5547.000,Elexon BMRS FUELHH
2022-03-16T09:30:00Z,Other,201.000,Elexon BMRS FUELHH
2022-03-16T09:30:00Z,Pumped Storage,16.000,Elexon BMRS FUELHH
2022-03-16T09:30:00Z,Wind,3694.000,Elexon BMRS FUELHH
2022-03-16T10:00:00Z,Biomass,2290.000,Elexon BMRS FUELHH
2022-03-16T10:00:00Z,Coal,1471.000,Elexon BMRS FUELHH
2022-03-16T10:00:00Z,Gas,20412.000,Elexon BMRS FUELHH
2022-03-16T10:00:00Z,Hydro,583.000,Elexon BMRS FUELHH
2022-03-16T10:00:00Z,Imports & Exports,2804.000,Elexon BMRS FUELHH
2022-03-16T10:00:00Z,Nuclear,5550.000,Elexon BMRS FUELHH
2022-03-16T10:00:00Z,Other,162.000,Elexon BMRS FUELHH
2022-03-16T10:00:00Z,Pumped Storage,410.000,Elexon BMRS FUELHH
2022-03-16T10:00:00Z,Wind,3577.000,Elexon BMRS FUELHH
2022-03-16T10:30:00Z,Biomass,2288.000,Elexon BMRS FUELHH
2022-03-16T10:30:00Z,Coal,1469.000,Elexon BMRS FUELHH
2022-03-16T10:30:00Z,Gas,20372.000,Elexon BMRS FUELHH
2022-03-16T10:30:00Z,Hydro,575.000,Elexon BMRS FUELHH
2022-03-16T10:30:00Z,Imports & Exports,2796.000,Elexon BMRS FUELHH
2022-03-16T10:30:00Z,Nuclear,5552.000,Elexon BMRS FUELHH
2022-03-16T10:30:00Z,Other,183.000,Elexon BMRS FUELHH
2022-03-16T10:30:00Z,Pumped Storage,492.000,Elexon BMRS FUELHH
2022-03-16T10:30:00Z,Wind,3457.000,Elexon BMRS FUELHH
2022-03-16T11:00:00Z,Biomass,2291.000,Elexon BMRS FUELHH
2022-03-16T11:00:00Z,Coal,1472.000,Elexon BMRS FUELHH
2022-03-16T11:00:00Z,Gas,20505.000,Elexon BMRS FUELHH
2022-03-16T11:00:00Z,Hydro,594.000,Elexon BMRS FUELHH
2022-03-16T11:00:00Z,Imports & Exports,2406.000,Elexon BMRS FUELHH
2022-03-16T11:00:00Z,Nuclear,5552.000,Elexon BMRS FUELHH
2022-03-16T11:00:00Z,Other,172.000,Elexon BMRS FUELHH
2022-03-16T11:00:00Z,Pumped Storage,810.000,Elexon BMRS FUELHH
2022-03-16T11:00:00Z,Wind,3559.000,Elexon BMRS FUELHH
2022-03-16T11:30:00Z,Biomass,2287.000,Elexon BMRS FUELHH
2022-03-16T11:30:00Z,Coal,1471.000,Elexon BMRS FUELHH
2022-03-16T11:30:00Z,Gas,20529.000,Elexon BMRS FUELHH
2022-03-16T11:30:00Z,Hydro,564.000,Elexon BMRS FUELHH
2022-03-16T11:30:00Z,Imports & Exports,2826.000,Elexon BMRS FUELHH
2022-03-16T11:30:00Z,Nuclear,5552.000,Elexon BMRS FUELHH
2022-03-16T11:30:00Z,Other,172.000,Elexon BMRS FUELHH
2022-03-16T11:30:00Z,Pumped Storage,360.000,Elexon BMRS FUELHH
2022-03-16T11:30:00Z,Wind,3656.000,Elexon BMRS FUELHH
2022-03-16T12:00:00Z,Biomass,2268.000,Elexon BMRS FUELHH
2022-03-16T12:00:00Z,Coal,1467.000,Elexon BMRS FUELHH
2022-03-16T12:00:00Z,Gas,20638.000,Elexon BMRS FUELHH
2022-03-16T12:00:00Z,Hydro,563.000,Elexon BMRS FUELHH
2022-03-16T12:00:00Z,Imports & Exports,2980.000,Elexon BMRS FUELHH
2022-03-16T12:00:00Z,Nuclear,5556.000,Elexon BMRS FUELHH
2022-03-16T12:00:00Z,Other,188.000,Elexon BMRS FUELHH
2022-03-16T12:00:00Z,Pumped Storage,202.000,Elexon BMRS FUELHH
2022-03-16T12:00:00Z,Wind,3960.000,Elexon BMRS FUELHH
2022-03-16T12:30:00Z,Biomass,2267.000,Elexon BMRS FUELHH
2022-03-16T12:30:00Z,Coal,1463.000,Elexon BMRS FUELHH
2022-03-16T12:30:00Z,Gas,20626.000,Elexon BMRS FUELHH
2022-03-16T12:30:00Z,Hydro,564.000,Elexon BMRS FUELHH
2022-03-16T12:30:00Z,Imports & Exports,2964.000,Elexon BMRS FUELHH
2022-03-16T12:30:00Z,Nuclear,5564.000,Elexon BMRS FUELHH
2022-03-16T12:30:00Z,Other,209.000,Elexon BMRS FUELHH
2022-03-16T12:30:00Z,Pumped Storage,136.000,Elexon BMRS FUELHH
2022-03-16T12:30:00Z,Wind,4112.000,Elexon BMRS FUELHH
2022-03-16T13:00:00Z,Biomass,2266.000,Elexon BMRS FUELHH
2022-03-16T13:00:00Z,Coal,1470.000,Elexon BMRS FUELHH
2022-03-16T13:00:00Z,Gas,20512.000,Elexon BMRS FUELHH
2022-03-16T13:00:00Z,Hydro,545.000,Elexon BMRS FUELHH
2022-03-16T13:00:00Z,Imports & Exports,3070.000,Elexon BMRS FUELHH
2022-03-16T13:00:00Z,Nuclear,5564.000,Elexon BMRS FUELHH
2022-03-16T13:00:00Z,Other,172.000,Elexon BMRS FUELHH
2022-03-16T13:00:00Z,Pumped Storage,442.000,Elexon BMRS FUELHH
2022-03-16T13:00:00Z,Wind,4166.000,Elexon BMRS FUELHH
2022-03-16T13:30:00Z,Biomass,2265.000,Elexon BMRS FUELHH
2022-03-16T13:30:00Z,Coal,1475.000,Elexon BMRS FUELHH
2022-03-16T13:30:00Z,Gas,20569.000,Elexon BMRS FUELHH
2022-03-16T13:30:00Z,Hydro,555.000,Elexon BMRS FUELHH
2022-03-16T13:30:00Z,Imports & Exports,3070.000,Elexon BMRS FUELHH
2022-03-16T13:30:00Z,Nuclear,5576.000,Elexon BMRS FUELHH
2022-03-16T13:30:00Z,Other,167.000,Elexon BMRS FUELHH
2022-03-16T13:30:00Z,Pumped Storage,240.000,Elexon BMRS FUELHH
2022-03-16T13:30:00Z,Wind,4179.000,Elexon BMRS FUELHH
2022-03-16T14:00:00Z,Biomass,2256.000,Elexon BMRS FUELHH
2022-03-16T14:00:00Z,Coal,1475.000,Elexon BMRS FUELHH
2022-03-16T14:00:00Z,Gas,20439.000,Elexon BMRS FUELHH
2022-03-16T14:00:00Z,Hydro,555.000,Elexon BMRS FUELHH
2022-03-16T14:00:00Z,Imports & Exports,2612.000,Elexon BMRS FUELHH
2022-03-16T14:00:00Z,Nuclear,5576.000,Elexon BMRS FUELHH
2022-03-16T14:00:00Z,Other,149.000,Elexon BMRS FUELHH
2022-03-16T14:00:00Z,Pumped Storage,110.000,Elexon BMRS FUELHH
2022-03-16T14:00:00Z,Wind,4567.000,Elexon BMRS FUELHH
2022-03-16T14:30:00Z,Biomass,2255.000,Elexon BMRS FUELHH
2022-03-16T14:30:00Z,Coal,1476.000,Elexon BMRS FUELHH
2022-03-16T14:30:00Z,Gas,20275.000,Elexon BMRS FUELHH
2022-03-16T14:30:00Z,Hydro,557.000,Elexon BMRS FUELHH
2022-03-16T14:30:00Z,Imports & Exports,2610.000,Elexon BMRS FUELHH
2022-03-16T14:30:00Z,Nuclear,5540.000,Elexon BMRS FUELHH
2022-03-16T14:30:00Z,Other,153.000,Elexon BMRS FUELHH
2022-03-16T14:30:00Z,Pumped Storage,16.000,Elexon BMRS FUELHH
2022-03-16T14:30:00Z,Wind,4922.000,Elexon BMRS FUELHH
2022-03-16T15:00:00Z,Biomass,2257.000,Elexon BMRS FUELHH
2022-03-16T15:00:00Z,Coal,1472.000,Elexon BMRS FUELHH
2022-03-16T15:00:00Z,Gas,20567.000,Elexon BMRS FUELHH
2022-03-16T15:00:00Z,Hydro,556.000,Elexon BMRS FUELHH
2022-03-16T15:00:00Z,Imports & Exports,2590.000,Elexon BMRS FUELHH
2022-03-16T15:00:00Z,Nuclear,5458.000,Elexon BMRS FUELHH
2022-03-16T15:00:00Z,Other,161.000,Elexon BMRS FUELHH
2022-03-16T15:00:00Z,Pumped Storage,162.000,Elexon BMRS FUELHH
2022-03-16T15:00:00Z,Wind,4930.000,Elexon BMRS FUELHH
2022-03-16T15:30:00Z,Biomass,2258.000,Elexon BMRS FUELHH
2022-03-16T15:30:00Z,Coal,1470.000,Elexon BMRS FUELHH
2022-03-16T15:30:00Z,Gas,20748.000,Elexon BMRS FUELHH
2022-03-16T15:30:00Z,Hydro,554.000,Elexon BMRS FUELHH
2022-03-16T15:30:00Z,Imports & Exports,2684.000,Elexon BMRS FUELHH
2022-03-16T15:30:00Z,Nuclear,5410.000,Elexon BMRS FUELHH
2022-03-16T15:30:00Z,Other,155.000,Elexon BMRS FUELHH
2022-03-16T15:30:00Z,Pumped Storage,44.000,Elexon BMRS FUELHH
2022-03-16T15:30:00Z,Wind,5029.000,Elexon BMRS FUELHH
2022-03-16T16:00:00Z,Biomass,2261.000,Elexon BMRS FUELHH
2022-03-16T16:00:00Z,Coal,1466.000,Elexon BMRS FUELHH
2022-03-16T16:00:00Z,Gas,20793.000,Elexon BMRS FUELHH
2022-03-16T16:00:00Z,Hydro,672.000,Elexon BMRS FUELHH
2022-03-16T16:00:00Z,Imports & Exports,2562.000,Elexon BMRS FUELHH
2022-03-16T16:00:00Z,Nuclear,5403.000,Elexon BMRS FUELHH
2022-03-16T16:00:00Z,Other,197.000,Elexon BMRS FUELHH
2022-03-16T16:00:00Z,Pumped Storage,182.000,Elexon BMRS FUELHH
2022-03-16T16:00:00Z,Wind,5164.000,Elexon BMRS FUELHH
2022-03-16T16:30:00Z,Biomass,2260.000,Elexon BMRS FUELHH
2022-03-16T16:30:00Z,Coal,1467.000,Elexon BMRS FUELHH
2022-03-16T16:30:00Z,Gas,20834.000,Elexon BMRS FUELHH
2022-03-16T16:30:00Z,Hydro,688.000,Elexon BMRS FUELHH
2022-03-16T16:30:00Z,Imports & Exports,2650.000,Elexon BMRS FUELHH
2022-03-16T16:30:00Z,Nuclear,5411.000,Elexon BMRS FUELHH
2022-03-16T16:30:00Z,Other,197.000,Elexon BMRS FUELHH
2022-03-16T16:30:00Z,Pumped Storage,854.000,Elexon BMRS FUELHH
2022-03-16T16:30:00Z,Wind,5220.000,Elexon BMRS FUELHH
2022-03-16T17:00:00Z,Biomass,2260.000,Elexon BMRS FUELHH
2022-03-16T17:00:00Z,Coal,1284.000,Elexon BMRS FUELHH
2022-03-16T17:00:00Z,Gas,20727.000,Elexon BMRS FUELHH
2022-03-16T17:00:00Z,Hydro,833.000,Elexon BMRS FUELHH
2022-03-16T17:00:00Z,Imports & Exports,2808.000,Elexon BMRS FUELHH
2022-03-16T17:00:00Z,Nuclear,5474.000,Elexon BMRS FUELHH
2022-03-16T17:00:00Z,Other,265.000,Elexon BMRS FUELHH
2022-03-16T17:00:00Z,Pumped Storage,1402.000,Elexon BMRS FUELHH
2022-03-16T17:00:00Z,Wind,5601.000,Elexon BMRS FUELHH
2022-03-16T17:30:00Z,Biomass,2280.000,Elexon BMRS FUELHH
2022-03-16T17:30:00Z,Coal,973.000,Elexon BMRS FUELHH
2022-03-16T17:30:00Z,Gas,20607.000,Elexon BMRS FUELHH
2022-03-16T17:30:00Z,Hydro,832.000,Elexon BMRS FUELHH
2022-03-16T17:30:00Z,Imports & Exports,2888.000,Elexon BMRS FUELHH
2022-03-16T17:30:00Z,Nuclear,5571.000,Elexon BMRS FUELHH
2022-03-16T17:30:00Z,Other,479.000,Elexon BMRS FUELHH
2022-03-16T17:30:00Z,Pumped Storage,1438.000,Elexon BMRS FUELHH
2022-03-16T17:30:00Z,Wind,6011.000,Elexon BMRS FUELHH
2022-03-16T18:00:00Z,Biomass,2294.000,Elexon BMRS FUELHH
2022-03-16T18:00:00Z,Coal,969.000,Elexon BMRS FUELHH
2022-03-16T18:00:00Z,Gas,20186.000,Elexon BMRS FUELHH
2022-03-16T18:00:00Z,Hydro,833.000,Elexon BMRS FUELHH
2022-03-16T18:00:00Z,Imports & Exports,2696.000,Elexon BMRS FUELHH
2022-03-16T18:00:00Z,Nuclear,5600.000,Elexon BMRS FUELHH
2022-03-16T18:00:00Z,Other,578.000,Elexon BMRS FUELHH
2022-03-16T18:00:00Z,Pumped Storage,2024.000,Elexon BMRS FUELHH
2022-03-16T18:00:00Z,Wind,5907.000,Elexon BMRS FUELHH
2022-03-16T18:30:00Z,Biomass,2295.000,Elexon BMRS FUELHH
2022-03-16T18:30:00Z,Coal,970.000,Elexon BMRS FUELHH
2022-03-16T18:30:00Z,Gas,20797.000,Elexon BMRS FUELHH
2022-03-16T18:30:00Z,Hydro,836.000,Elexon BMRS FUELHH
2022-03-16T18:30:00Z,Imports & Exports,2678.000,Elexon BMRS FUELHH
2022-03-16T18:30:00Z,Nuclear,5609.000,Elexon BMRS FUELHH
2022-03-16T18:30:00Z,Other,442.000,Elexon BMRS FUELHH
2022-03-16T18:30:00Z,Pumped Storage,1916.000,Elexon BMRS FUELHH
2022-03-16T18:30:00Z,Wind,5522.000,Elexon BMRS FUELHH
2022-03-16T19:00:00Z,Biomass,2260.000,Elexon BMRS FUELHH
2022-03-16T19:00:00Z,Coal,1102.000,Elexon BMRS FUELHH
2022-03-16T19:00:00Z,Gas,20867.000,Elexon BMRS FUELHH
2022-03-16T19:00:00Z,Hydro,839.000,Elexon BMRS FUELHH
2022-03-16T19:00:00Z,Imports & Exports,2928.000,Elexon BMRS FUELHH
2022-03-16T19:00:00Z,Nuclear,5609.000,Elexon BMRS FUELHH
2022-03-16T19:00:00Z,Other,312.000,Elexon BMRS FUELHH
2022-03-16T19:00:00Z,Pumped Storage,954.000,Elexon BMRS FUELHH
2022-03-16T19:00:00Z,Wind,5334.000,Elexon BMRS FUELHH
2022-03-16T19:30:00Z,Biomass,2189.000,Elexon BMRS FUELHH
2022-03-16T19:30:00Z,Coal,1090.000,Elexon BMRS FUELHH
2022-03-16T19:30:00Z,Gas,19849.000,Elexon BMRS FUELHH
2022-03-16T19:30:00Z,Hydro,835.000,Elexon BMRS FUELHH
2022-03-16T19:30:00Z,Imports & Exports,2756.000,Elexon BMRS FUELHH
2022-03-16T19:30:00Z,Nuclear,5607.000,Elexon BMRS FUELHH
2022-03-16T19:30:00Z,Other,243.000,Elexon BMRS FUELHH
2022-03-16T19:30:00Z,Pumped Storage,528.000,Elexon BMRS FUELHH
2022-03-16T19:30:00Z,Wind,5541.000,Elexon BMRS FUELHH
2022-03-16T20:00:00Z,Biomass,2147.000,Elexon BMRS FUELHH
2022-03-16T20:00:00Z,Coal,1017.000,Elexon BMRS FUELHH
2022-03-16T20:00:00Z,Gas,19435.000,Elexon BMRS FUELHH
2022-03-16T20:00:00Z,Hydro,769.000,Elexon BMRS FUELHH
2022-03-16T20:00:00Z,Imports & Exports,2046.000,Elexon BMRS FUELHH
2022-03-16T20:00:00Z,Nuclear,5607.000,Elexon BMRS FUELHH
2022-03-16T20:00:00Z,Other,206.000,Elexon BMRS FUELHH
2022-03-16T20:00:00Z,Pumped Storage,54.000,Elexon BMRS FUELHH
2022-03-16T20:00:00Z,Wind,6064.000,Elexon BMRS FUELHH
2022-03-16T20:30:00Z,Biomass,2097.000,Elexon BMRS FUELHH
2022-03-16T20:30:00Z,Coal,855.000,Elexon BMRS FUELHH
2022-03-16T20:30:00Z,Gas,17219.000,Elexon BMRS FUELHH
2022-03-16T20:30:00Z,Hydro,616.000,Elexon BMRS FUELHH
2022-03-16T20:30:00Z,Imports & Exports,2136.000,Elexon BMRS FUELHH
2022-03-16T20:30:00Z,Nuclear,5606.000,Elexon BMRS FUELHH
2022-03-16T20:30:00Z,Other,205.000,Elexon BMRS FUELHH
2022-03-16T20:30:00Z,Pumped Storage,-14.000,Elexon BMRS FUELHH
2022-03-16T20:30:00Z,Wind,6879.000,Elexon BMRS FUELHH
2022-03-16T21:00:00Z,Biomass,2106.000,Elexon BMRS FUELHH
2022-03-16T21:00:00Z,Coal,858.000,Elexon BMRS FUELHH
2022-03-16T21:00:00Z,Gas,14762.000,Elexon BMRS FUELHH
2022-03-16T21:00:00Z,Hydro,516.000,Elexon BMRS FUELHH
2022-03-16T21:00:00Z,Imports & Exports,2380.000,Elexon BMRS FUELHH
2022-03-16T21:00:00Z,Nuclear,5610.000,Elexon BMRS FUELHH
2022-03-16T21:00:00Z,Other,179.000,Elexon BMRS FUELHH
2022-03-16T21:00:00Z,Pumped Storage,366.000,Elexon BMRS FUELHH
2022-03-16T21:00:00Z,Wind,7215.000,Elexon BMRS FUELHH
2022-03-16T21:30:00Z,Biomass,2087.000,Elexon BMRS FUELHH
2022-03-16T21:30:00Z,Coal,668.000,Elexon BMRS FUELHH
2022-03-16T21:30:00Z,Gas,13404.000,Elexon BMRS FUELHH
2022-03-16T21:30:00Z,Hydro,511.000,Elexon BMRS FUELHH
2022-03-16T21:30:00Z,Imports & Exports,2356.000,Elexon BMRS FUELHH
2022-03-16T21:30:00Z,Nuclear,5615.000,Elexon BMRS FUELHH
2022-03-16T21:30:00Z,Other,151.000,Elexon BMRS FUELHH
2022-03-16T21:30:00Z,Pumped Storage,82.000,Elexon BMRS FUELHH
2022-03-16T21:30:00Z,Wind,7207.000,Elexon BMRS FUELHH
2022-03-16T22:00:00Z,Biomass,1970.000,Elexon BMRS FUELHH
2022-03-16T22:00:00Z,Coal,321.000,Elexon BMRS FUELHH
2022-03-16T22:00:00Z,Gas,12040.000,Elexon BMRS FUELHH
2022-03-16T22:00:00Z,Hydro,473.000,Elexon BMRS FUELHH
2022-03-16T22:00:00Z,Imports & Exports,2218.000,Elexon BMRS FUELHH
2022-03-16T22:00:00Z,Nuclear,5612.000,Elexon BMRS FUELHH
2022-03-16T22:00:00Z,Other,156.000,Elexon BMRS FUELHH
2022-03-16T22:00:00Z,Pumped Storage,86.000,Elexon BMRS FUELHH
2022-03-16T22:00:00Z,Wind,7251.000,Elexon BMRS FUELHH
2022-03-16T22:30:00Z,Biomass,1835.000,Elexon BMRS FUELHH
2022-03-16T22:30:00Z,Coal,7.000,Elexon BMRS FUELHH
2022-03-16T22:30:00Z,Gas,10595.000,Elexon BMRS FUELHH
2022-03-16T22:30:00Z,Hydro,451.000,Elexon BMRS FUELHH
2022-03-16T22:30:00Z,Imports & Exports,2300.000,Elexon BMRS FUELHH
2022-03-16T22:30:00Z,Nuclear,5613.000,Elexon BMRS FUELHH
2022-03-16T22:30:00Z,Other,155.000,Elexon BMRS FUELHH
2022-03-16T22:30:00Z,Pumped Storage,-18.000,Elexon BMRS FUELHH
2022-03-16T22:30:00Z,Wind,7295.000,Elexon BMRS FUELHH
2022-03-16T23:00:00Z,Biomass,1629.000,Elexon BMRS FUELHH
2022-03-16T23:00:00Z,Coal,0.000,Elexon BMRS FUELHH
2022-03-16T23:00:00Z,Gas,7883.000,Elexon BMRS FUELHH
2022-03-16T23:00:00Z,Hydro,449.000,Elexon BMRS FUELHH
2022-03-16T23:00:00Z,Imports & Exports,3574.000,Elexon BMRS FUELHH
2022-03-16T23:00:00Z,Nuclear,5634.000,Elexon BMRS FUELHH
2022-03-16T23:00:00Z,Other,151.000,Elexon BMRS FUELHH
2022-03-16T23:00:00Z,Pumped Storage,-14.000,Elexon BMRS FUELHH
2022-03-16T23:00:00Z,Wind,7359.000,Elexon BMRS FUELHH
2022-03-16T23:30:00Z,Biomass,1562.000,Elexon BMRS FUELHH
2022-03-16T23:30:00Z,Coal,0.000,Elexon BMRS FUELHH
2022-03-16T23:30:00Z,Gas,6469.000,Elexon BMRS FUELHH
2022-03-16T23:30:00Z,Hydro,442.000,Elexon BMRS FUELHH
2022-03-16T23:30:00Z,Imports & Exports,3578.000,Elexon BMRS FUELHH
2022-03-16T23:30:00Z,Nuclear,5658.000,Elexon BMRS FUELHH
2022-03-16T23:30:00Z,Other,150.000,Elexon BMRS FUELHH
2022-03-16T23:30:00Z,Pumped Storage,-58.000,Elexon BMRS FUELHH
2022-03-16T23:30:00Z,Wind,7505.000,Elexon BMRS FUELHH
2022-03-17T00:00:00Z,Biomass,1694.000,Elexon BMRS FUELHH
2022-03-17T00:00:00Z,Coal,0.000,Elexon BMRS FUELHH
2022-03-17T00:00:00Z,Gas,6110.000,Elexon BMRS FUELHH
2022-03-17T00:00:00Z,Hydro,331.000,Elexon BMRS FUELHH
2022-03-17T00:00:00Z,Imports & Exports,3742.000,Elexon BMRS FUELHH
2022-03-17T00:00:00Z,Nuclear,5660.000,Elexon BMRS FUELHH
2022-03-17T00:00:00Z,Other,149.000,Elexon BMRS FUELHH
2022-03-17T00:00:00Z,Pumped Storage,-140.000,Elexon BMRS FUELHH
2022-03-17T00:00:00Z,Wind,7839.000,Elexon BMRS FUELHH
2022-03-17T00:30:00Z,Biomass,1671.000,Elexon BMRS FUELHH
2022-03-17T00:30:00Z,Coal,0.000,Elexon BMRS FUELHH
2022-03-17T00:30:00Z,Gas,6302.000,Elexon BMRS FUELHH
2022-03-17T00:30:00Z,Hydro,327.000,Elexon BMRS FUELHH
2022-03-17T00:30:00Z,Imports & Exports,3898.000,Elexon BMRS FUELHH
2022-03-17T00:30:00Z,Nuclear,5660.000,Elexon BMRS FUELHH
2022-03-17T00:30:00Z,Other,150.000,Elexon BMRS FUELHH
2022-03-17T00:30:00Z,Pumped Storage,-176.000,Elexon BMRS FUELHH
2022-03-17T00:30:00Z,Wind,8007.000,Elexon BMRS FUELHH
2022-03-17T01:00:00Z,Biomass,1552.000,Elexon BMRS FUELHH
2022-03-17T01:00:00Z,Coal,0.000,Elexon BMRS FUELHH
2022-03-17T01:00:00Z,Gas,6323.000,Elexon BMRS FUELHH
2022-03-17T01:00:00Z,Hydro,325.000,Elexon BMRS FUELHH
2022-03-17T01:00:00Z,Imports & Exports,4030.000,Elexon BMRS FUELHH
2022-03-17T01:00:00Z,Nuclear,5668.000,Elexon BMRS FUELHH
2022-03-17T01:00:00Z,Other,149.000,Elexon BMRS FUELHH
2022-03-17T01:00:00Z,Pumped Storage,-464.000,Elexon BMRS FUELHH
2022-03-17T01:00:00Z,Wind,7985.000,Elexon BMRS FUELHH
2022-03-17T01:30:00Z,Biomass,1555.000,Elexon BMRS FUELHH
2022-03-17T01:30:00Z,Coal,0.000,Elexon BMRS FUELHH
2022-03-17T01:30:00Z,Gas,5944.000,Elexon BMRS FUELHH
2022-03-17T01:30:00Z,Hydro,326.000,Elexon BMRS FUELHH
2022-03-17T01:30:00Z,Imports & Exports,4158.000,Elexon BMRS FUELHH
2022-03-17T01:30:00Z,Nuclear,5674.000,Elexon BMRS FUELHH
2022-03-17T01:30:00Z,Other,150.000,Elexon BMRS FUELHH
2022-03-17T01:30:00Z,Pumped Storage,-884.000,Elexon BMRS FUELHH
2022-03-17T01:30:00Z,Wind,8024.000,Elexon BMRS FUELHH
2022-03-17T02:00:00Z,Biomass,1586.000,Elexon BMRS FUELHH
2022-03-17T02:00:00Z,Coal,0.000,Elexon BMRS FUELHH
2022-03-17T02:00:00Z,Gas,5835.000,Elexon BMRS FUELHH
2022-03-17T02:00:00Z,Hydro,325.000,Elexon BMRS FUELHH
2022-03-17T02:00:00Z,Imports & Exports,4312.000,Elexon BMRS FUELHH
2022-03-17T02:00:00Z,Nuclear,5712.000,Elexon BMRS FUELHH
2022-03-17T02:00:00Z,Other,152.000,Elexon BMRS FUELHH
2022-03-17T02:00:00Z,Pumped Storage,-1444.000,Elexon BMRS FUELHH
2022-03-17T02:00:00Z,Wind,8049.000,Elexon BMRS FUELHH
2022-03-17T02:30:00Z,Biomass,1638.000,Elexon BMRS FUELHH
2022-03-17T02:30:00Z,Coal,0.000,Elexon BMRS FUELHH
2022-03-17T02:30:00Z,Gas,5864.000,Elexon BMRS FUELHH
2022-03-17T02:30:00Z,Hydro,325.000,Elexon BMRS FUELHH
2022-03-17T02:30:00Z,Imports & Exports,4314.000,Elexon BMRS FUELHH
2022-03-17T02:30:00Z,Nuclear,5739.000,Elexon BMRS FUELHH
2022-03-17T02:30:00Z,Other,160.000,Elexon BMRS FUELHH
2022-03-17T02:30:00Z,Pumped Storage,-1544.000,Elexon BMRS FUELHH
2022-03-17T02:30:00Z,Wind,7718.000,Elexon BMRS FUELHH
2022-03-17T03:00:00Z,Biomass,1679.000,Elexon BMRS FUELHH
2022-03-17T03:00:00Z,Coal,0.000,Elexon BMRS FUELHH
2022-03-17T03:00:00Z,Gas,5592.000,Elexon BMRS FUELHH
2022-03-17T03:00:00Z,Hydro,323.000,Elexon BMRS FUELHH
2022-03-17T03:00:00Z,Imports & Exports,4446.000,Elexon BMRS FUELHH
2022-03-17T03:00:00Z,Nuclear,5753.000,Elexon BMRS FUELHH
2022-03-17T03:00:00Z,Other,150.000,Elexon BMRS FUELHH
2022-03-17T03:00:00Z,Pumped Storage,-1658.000,Elexon BMRS FUELHH
2022-03-17T03:00:00Z,Wind,7772.000,Elexon BMRS FUELHH
2022-03-17T03:30:00Z,Biomass,1623.000,Elexon BMRS FUELHH
2022-03-17T03:30:00Z,Coal,0.000,Elexon BMRS FUELHH
2022-03-17T03:30:00Z,Gas,5247.000,Elexon BMRS FUELHH
2022-03-17T03:30:00Z,Hydro,323.000,Elexon BMRS FUELHH
2022-03-17T03:30:00Z,Imports & Exports,4450.000,Elexon BMRS FUELHH
2022-03-17T03:30:00Z,Nuclear,5756.000,Elexon BMRS FUELHH
2022-03-17T03:30:00Z,Other,148.000,Elexon BMRS FUELHH
2022-03-17T03:30:00Z,Pumped Storage,-1644.000,Elexon BMRS FUELHH
2022-03-17T03:30:00Z,Wind,7951.000,Elexon BMRS FUELHH
2022-03-17T04:00:00Z,Biomass,1654.000,Elexon BMRS FUELHH
2022-03-17T04:00:00Z,Coal,0.000,Elexon BMRS FUELHH
2022-03-17T04:00:00Z,Gas,5654.000,Elexon BMRS FUELHH
2022-03-17T04:00:00Z,Hydro,320.000,Elexon BMRS FUELHH
2022-03-17T04:00:00Z,Imports & Exports,4096.000,Elexon BMRS FUELHH
2022-03-17T04:00:00Z,Nuclear,5752.000,Elexon BMRS FUELHH
2022-03-17T04:00:00Z,Other,151.000,Elexon BMRS FUELHH
2022-03-17T04:00:00Z,Pumped Storage,-1626.000,Elexon BMRS FUELHH
2022-03-17T04:00:00Z,Wind,7829.000,Elexon BMRS FUELHH
2022-03-17T04:30:00Z,Biomass,1686.000,Elexon BMRS FUELHH
2022-03-17T04:30:00Z,Coal,0.000,Elexon BMRS FUELHH
2022-03-17T04:30:00Z,Gas,5908.000,Elexon BMRS FUELHH
2022-03-17T04:30:00Z,Hydro,319.000,Elexon BMRS FUELHH
2022-03-17T04:30:00Z,Imports & Exports,4078.000,Elexon BMRS FUELHH
2022-03-17T04:30:00Z,Nuclear,5755.000,Elexon BMRS FUELHH
2022-03-17T04:30:00Z,Other,150.000,Elexon BMRS FUELHH
2022-03-17T04:30:00Z,Pumped Storage,-1502.000,Elexon BMRS FUELHH
2022-03-17T04:30:00Z,Wind,7675.000,Elexon BMRS FUELHH
2022-03-17T05:00:00Z,Biomass,1920.000,Elexon BMRS FUELHH
2022-03-17T05:00:00Z,Coal,169.000,Elexon BMRS FUELHH
2022-03-17T05:00:00Z,Gas,6449.000,Elexon BMRS FUELHH
2022-03-17T05:00:00Z,Hydro,319.000,Elexon BMRS FUELHH
2022-03-17T05:00:00Z,Imports & Exports,3018.000,Elexon BMRS FUELHH
2022-03-17T05:00:00Z,Nuclear,5754.000,Elexon BMRS FUELHH
2022-03-17T05:00:00Z,Other,159.000,Elexon BMRS FUELHH
2022-03-17T05:00:00Z,Pumped Storage,-356.000,Elexon BMRS FUELHH
2022-03-17T05:00:00Z,Wind,7550.000,Elexon BMRS FUELHH
2022-03-17T05:30:00Z,Biomass,2063.000,Elexon BMRS FUELHH
2022-03-17T05:30:00Z,Coal,351.000,Elexon BMRS FUELHH
2022-03-17T05:30:00Z,Gas,7186.000,Elexon BMRS FUELHH
2022-03-17T05:30:00Z,Hydro,364.000,Elexon BMRS FUELHH
2022-03-17T05:30:00Z,Imports & Exports,3002.000,Elexon BMRS FUELHH
2022-03-17T05:30:00Z,Nuclear,5758.000,Elexon BMRS FUELHH
2022-03-17T05:30:00Z,Other,148.000,Elexon BMRS FUELHH
2022-03-17T05:30:00Z,Pumped Storage,48.000,Elexon BMRS FUELHH
2022-03-17T05:30:00Z,Wind,7686.000,Elexon BMRS FUELHH
2022-03-17T06:00:00Z,Biomass,1844.000,Elexon BMRS FUELHH
2022-03-17T06:00:00Z,Coal,507.000,Elexon BMRS FUELHH
2022-03-17T06:00:00Z,Gas,9036.000,Elexon BMRS FUELHH
2022-03-17T06:00:00Z,Hydro,464.000,Elexon BMRS FUELHH
2022-03-17T06:00:00Z,Imports & Exports,3346.000,Elexon BMRS FUELHH
2022-03-17T06:00:00Z,Nuclear,5754.000,Elexon BMRS FUELHH
2022-03-17T06:00:00Z,Other,152.000,Elexon BMRS FUELHH
2022-03-17T06:00:00Z,Pumped Storage,44.000,Elexon BMRS FUELHH
2022-03-17T06:00:00Z,Wind,7749.000,Elexon BMRS FUELHH
2022-03-17T06:30:00Z,Biomass,1951.000,Elexon BMRS FUELHH
2022-03-17T06:30:00Z,Coal,719.000,Elexon BMRS FUELHH
2022-03-17T06:30:00Z,Gas,10700.000,Elexon BMRS FUELHH
2022-03-17T06:30:00Z,Hydro,502.000,Elexon BMRS FUELHH
2022-03-17T06:30:00Z,Imports & Exports,3364.000,Elexon BMRS FUELHH
2022-03-17T06:30:00Z,Nuclear,5760.000,Elexon BMRS FUELHH
2022-03-17T06:30:00Z,Other,196.000,Elexon BMRS FUELHH
2022-03-17T06:30:00Z,Pumped Storage,-16.000,Elexon BMRS FUELHH
2022-03-17T06:30:00Z,Wind,7856.000,Elexon BMRS FUELHH
2022-03-17T07:00:00Z,Biomass,2213.000,Elexon BMRS FUELHH
2022-03-17T07:00:00Z,Coal,962.000,Elexon BMRS FUELHH
2022-03-17T07:00:00Z,Gas,11396.000,Elexon BMRS FUELHH
2022-03-17T07:00:00Z,Hydro,540.000,Elexon BMRS FUELHH
2022-03-17T07:00:00Z,Imports & Exports,3654.000,Elexon BMRS FUELHH
2022-03-17T07:00:00Z,Nuclear,5759.000,Elexon BMRS FUELHH
2022-03-17T07:00:00Z,Other,248.000,Elexon BMRS FUELHH
2022-03-17T07:00:00Z,Pumped Storage,-16.000,Elexon BMRS FUELHH
2022-03-17T07:00:00Z,Wind,8508.000,Elexon BMRS FUELHH
2022-03-17T07:30:00Z,Biomass,2005.000,Elexon BMRS FUELHH
2022-03-17T07:30:00Z,Coal,1011.000,Elexon BMRS FUELHH
2022-03-17T07:30:00Z,Gas,11119.000,Elexon BMRS FUELHH
2022-03-17T07:30:00Z,Hydro,550.000,Elexon BMRS FUELHH
2022-03-17T07:30:00Z,Imports & Exports,3658.000,Elexon BMRS FUELHH
2022-03-17T07:30:00Z,Nuclear,5761.000,Elexon BMRS FUELHH
2022-03-17T07:30:00Z,Other,316.000,Elexon BMRS FUELHH
2022-03-17T07:30:00Z,Pumped Storage,-16.000,Elexon BMRS FUELHH
2022-03-17T07:30:00Z,Wind,9333.000,Elexon BMRS FUELHH
2022-03-17T08:00:00Z,Biomass,2024.000,Elexon BMRS FUELHH
2022-03-17T08:00:00Z,Coal,929.000,Elexon BMRS FUELHH
2022-03-17T08:00:00Z,Gas,10922.000,Elexon BMRS FUELHH
2022-03-17T08:00:00Z,Hydro,541.000,Elexon BMRS FUELHH
2022-03-17T08:00:00Z,Imports & Exports,3154.000,Elexon BMRS FUELHH
2022-03-17T08:00:00Z,Nuclear,5753.000,Elexon BMRS FUELHH
2022-03-17T08:00:00Z,Other,263.000,Elexon BMRS FUELHH
2022-03-17T08:00:00Z,Pumped Storage,-16.000,Elexon BMRS FUELHH
2022-03-17T08:00:00Z,Wind,9744.000,Elexon BMRS FUELHH
2022-03-17T08:30:00Z,Biomass,1969.000,Elexon BMRS FUELHH
2022-03-17T08:30:00Z,Coal,835.000,Elexon BMRS FUELHH
2022-03-17T08:30:00Z,Gas,10812.000,Elexon BMRS FUELHH
2022-03-17T08:30:00Z,Hydro,530.000,Elexon BMRS FUELHH
2022-03-17T08:30:00Z,Imports & Exports,2808.000,Elexon BMRS FUELHH
2022-03-17T08:30:00Z,Nuclear,5752.000,Elexon BMRS FUELHH
2022-03-17T08:30:00Z,Other,175.000,Elexon BMRS FUELHH
2022-03-17T08:30:00Z,Pumped Storage,-16.000,Elexon BMRS FUELHH
2022-03-17T08:30:00Z,Wind,9867.000,Elexon BMRS FUELHH
2022-03-17T09:00:00Z,Biomass,2135.000,Elexon BMRS FUELHH
2022-03-17T09:00:00Z,Coal,1258.000,Elexon BMRS FUELHH
2022-03-17T09:00:00Z,Gas,11110.000,Elexon BMRS FUELHH
2022-03-17T09:00:00Z,Hydro,531.000,Elexon BMRS FUELHH
2022-03-17T09:00:00Z,Imports & Exports,944.000,Elexon BMRS FUELHH
2022-03-17T09:00:00Z,Nuclear,5747.000,Elexon BMRS FUELHH
2022-03-17T09:00:00Z,Other,169.000,Elexon BMRS FUELHH
2022-03-17T09:00:00Z,Pumped Storage,122.000,Elexon BMRS FUELHH
2022-03-17T09:00:00Z,Wind,10081.000,Elexon BMRS FUELHH
2022-03-17T09:30:00Z,Biomass,2055.000,Elexon BMRS FUELHH
2022-03-17T09:30:00Z,Coal,1023.000,Elexon BMRS FUELHH
2022-03-17T09:30:00Z,Gas,10728.000,Elexon BMRS FUELHH
2022-03-17T09:30:00Z,Hydro,416.000,Elexon BMRS FUELHH
2022-03-17T09:30:00Z,Imports & Exports,810.000,Elexon BMRS FUELHH
2022-03-17T09:30:00Z,Nuclear,5752.000,Elexon BMRS FUELHH
2022-03-17T09:30:00Z,Other,172.000,Elexon BMRS FUELHH
2022-03-17T09:30:00Z,Pumped Storage,-16.000,Elexon BMRS FUELHH
2022-03-17T09:30:00Z,Wind,10169.000,Elexon BMRS FUELHH
2022-03-17T10:00:00Z,Biomass,1970.000,Elexon BMRS FUELHH
2022-03-17T10:00:00Z,Coal,971.000,Elexon BMRS FUELHH
2022-03-17T10:00:00Z,Gas,10139.000,Elexon BMRS FUELHH
2022-03-17T10:00:00Z,Hydro,309.000,Elexon BMRS FUELHH
2022-03-17T10:00:00Z,Imports & Exports,470.000,Elexon BMRS FUELHH
2022-03-17T10:00:00Z,Nuclear,5741.000,Elexon BMRS FUELHH
2022-03-17T10:00:00Z,Other,152.000,Elexon BMRS FUELHH
2022-03-17T10:00:00Z,Pumped Storage,-16.000,Elexon BMRS FUELHH
2022-03-17T10:00:00Z,Wind,10129.000,Elexon BMRS FUELHH
2022-03-17T10:30:00Z,Biomass,291.000,Elexon BMRS FUELHH
2022-03-17T10:30:00Z,Coal,212.000,Elexon BMRS FUELHH
2022-03-17T10:30:00Z,Gas,1609.000,Elexon BMRS FUELHH
2022-03-17T10:30:00Z,Hydro,50.000,Elexon BMRS FUELHH
2022-03-17T10:30:00Z,Imports & Exports,520.000,Elexon BMRS FUELHH
2022-03-17T10:30:00Z,Nuclear,956.000,Elexon BMRS FUELHH
2022-03-17T10:30:00Z,Other,28.000,Elexon BMRS FUELHH
2022-03-17T10:30:00Z,Pumped Storage,-2.000,Elexon BMRS FUELHH
2022-03-17T10:30:00Z,Wind,1643.000,Elexon BMRS FUELHH
2022-03-17T11:00:00Z,Biomass,0.000,Elexon BMRS FUELHH
2022-03-17T11:00:00Z,Coal,0.000,Elexon BMRS FUELHH
2022-03-17T11:00:00Z,Gas,0.000,Elexon BMRS FUELHH
2022-03-17T11:00:00Z,Hydro,0.000,Elexon BMRS FUELHH
2022-03-17T11:00:00Z,Imports & Exports,646.000,Elexon BMRS FUELHH
2022-03-17T11:00:00Z,Nuclear,0.000,Elexon BMRS FUELHH
2022-03-17T11:00:00Z,Other,0.000,Elexon BMRS FUELHH
2022-03-17T11:00:00Z,Pumped Storage,0.000,Elexon BMRS FUELHH
2022-03-17T11:00:00Z,Wind,0.000,Elexon BMRS FUELHH
2022-03-17T11:30:00Z,Biomass,573.000,Elexon BMRS FUELHH
2022-03-17T11:30:00Z,Coal,425.000,Elexon BMRS FUELHH
2022-03-17T11:30:00Z,Gas,3231.000,Elexon BMRS FUELHH
2022-03-17T11:30:00Z,Hydro,100.000,Elexon BMRS FUELHH
2022-03-17T11:30:00Z,Imports & Exports,1154.000,Elexon BMRS FUELHH
2022-03-17T11:30:00Z,Nuclear,1909.000,Elexon BMRS FUELHH
2022-03-17T11:30:00Z,Other,54.000,Elexon BMRS FUELHH
2022-03-17T11:30:00Z,Pumped Storage,-6.000,Elexon BMRS FUELHH
2022-03-17T11:30:00Z,Wind,3278.000,Elexon BMRS FUELHH
2022-03-17T12:00:00Z,Biomass,1719.000,Elexon BMRS FUELHH
2022-03-17T12:00:00Z,Coal,1275.000,Elexon BMRS FUELHH
2022-03-17T12:00:00Z,Gas,9691.000,Elexon BMRS FUELHH
2022-03-17T12:00:00Z,Hydro,301.000,Elexon BMRS FUELHH
2022-03-17T12:00:00Z,Imports & Exports,1230.000,Elexon BMRS FUELHH
2022-03-17T12:00:00Z,Nuclear,5728.000,Elexon BMRS FUELHH
2022-03-17T12:00:00Z,Other,163.000,Elexon BMRS FUELHH
2022-03-17T12:00:00Z,Pumped Storage,-16.000,Elexon BMRS FUELHH
2022-03-17T12:00:00Z,Wind,9835.000,Elexon BMRS FUELHH
2022-03-17T12:30:00Z,Biomass,1561.000,Elexon BMRS FUELHH
2022-03-17T12:30:00Z,Coal,696.000,Elexon BMRS FUELHH
2022-03-17T12:30:00Z,Gas,7923.000,Elexon BMRS FUELHH
2022-03-17T12:30:00Z,Hydro,303.000,Elexon BMRS FUELHH
2022-03-17T12:30:00Z,Imports & Exports,1638.000,Elexon BMRS FUELHH
2022-03-17T12:30:00Z,Nuclear,5745.000,Elexon BMRS FUELHH
2022-03-17T12:30:00Z,Other,149.000,Elexon BMRS FUELHH
2022-03-17T12:30:00Z,Pumped Storage,-172.000,Elexon BMRS FUELHH
2022-03-17T12:30:00Z,Wind,10853.000,Elexon BMRS FUELHH
2022-03-17T13:00:00Z,Biomass,1558.000,Elexon BMRS FUELHH
2022-03-17T13:00:00Z,Coal,687.000,Elexon BMRS FUELHH
2022-03-17T13:00:00Z,Gas,7973.000,Elexon BMRS FUELHH
2022-03-17T13:00:00Z,Hydro,327.000,Elexon BMRS FUELHH
2022-03-17T13:00:00Z,Imports & Exports,1684.000,Elexon BMRS FUELHH
2022-03-17T13:00:00Z,Nuclear,5747.000,Elexon BMRS FUELHH
2022-03-17T13:00:00Z,Other,151.000,Elexon BMRS FUELHH
2022-03-17T13:00:00Z,Pumped Storage,-452.000,Elexon BMRS FUELHH
2022-03-17T13:00:00Z,Wind,10936.000,Elexon BMRS FUELHH
2022-03-17T13:30:00Z,Biomass,1557.000,Elexon BMRS FUELHH
2022-03-17T13:30:00Z,Coal,689.000,Elexon BMRS FUELHH
2022-03-17T13:30:00Z,Gas,7810.000,Elexon BMRS FUELHH
2022-03-17T13:30:00Z,Hydro,323.000,Elexon BMRS FUELHH
2022-03-17T13:30:00Z,Imports & Exports,1568.000,Elexon BMRS FUELHH
2022-03-17T13:30:00Z,Nuclear,5756.000,Elexon BMRS FUELHH
2022-03-17T13:30:00Z,Other,153.000,Elexon BMRS FUELHH
2022-03-17T13:30:00Z,Pumped Storage,-356.000,Elexon BMRS FUELHH
2022-03-17T13:30:00Z,Wind,11179.000,Elexon BMRS FUELHH
2022-03-17T14:00:00Z,Biomass,1578.000,Elexon BMRS FUELHH
2022-03-17T14:00:00Z,Coal,773.000,Elexon BMRS FUELHH
2022-03-17T14:00:00Z,Gas,8335.000,Elexon BMRS FUELHH
2022-03-17T14:00:00Z,Hydro,321.000,Elexon BMRS FUELHH
2022-03-17T14:00:00Z,Imports & Exports,806.000,Elexon BMRS FUELHH
2022-03-17T14:00:00Z,Nuclear,5751.000,Elexon BMRS FUELHH
2022-03-17T14:00:00Z,Other,161.000,Elexon BMRS FUELHH
2022-03-17T14:00:00Z,Pumped Storage,-166.000,Elexon BMRS FUELHH
2022-03-17T14:00:00Z,Wind,11115.000,Elexon BMRS FUELHH
2022-03-17T14:30:00Z,Biomass,1594.000,Elexon BMRS FUELHH
2022-03-17T14:30:00Z,Coal,1022.000,Elexon BMRS FUELHH
2022-03-17T14:30:00Z,Gas,8712.000,Elexon BMRS FUELHH
2022-03-17T14:30:00Z,Hydro,335.000,Elexon BMRS FUELHH
2022-03-17T14:30:00Z,Imports & Exports,816.000,Elexon BMRS FUELHH
2022-03-17T14:30:00Z,Nuclear,5754.000,Elexon BMRS FUELHH
2022-03-17T14:30:00Z,Other,165.000,Elexon BMRS FUELHH
2022-03-17T14:30:00Z,Pumped Storage,-108.000,Elexon BMRS FUELHH
2022-03-17T14:30:00Z,Wind,10704.000,Elexon BMRS FUELHH
2022-03-17T15:00:00Z,Biomass,1879.000,Elexon BMRS FUELHH
2022-03-17T15:00:00Z,Coal,1301.000,Elexon BMRS FUELHH
2022-03-17T15:00:00Z,Gas,9123.000,Elexon BMRS FUELHH
2022-03-17T15:00:00Z,Hydro,333.000,Elexon BMRS FUELHH
2022-03-17T15:00:00Z,Imports & Exports,666.000,Elexon BMRS FUELHH
2022-03-17T15:00:00Z,Nuclear,5757.000,Elexon BMRS FUELHH
2022-03-17T15:00:00Z,Other,156.000,Elexon BMRS FUELHH
2022-03-17T15:00:00Z,Pumped Storage,-164.000,Elexon BMRS FUELHH
2022-03-17T15:00:00Z,Wind,10510.000,Elexon BMRS FUELHH
2022-03-17T15:30:00Z,Biomass,2286.000,Elexon BMRS FUELHH
2022-03-17T15:30:00Z,Coal,1297.000,Elexon BMRS FUELHH
2022-03-17T15:30:00Z,Gas,9740.000,Elexon BMRS FUELHH
2022-03-17T15:30:00Z,Hydro,347.000,Elexon BMRS FUELHH
2022-03-17T15:30:00Z,Imports & Exports,724.000,Elexon BMRS FUELHH
2022-03-17T15:30:00Z,Nuclear,5753.000,Elexon BMRS FUELHH
2022-03-17T15:30:00Z,Other,161.000,Elexon BMRS FUELHH
2022-03-17T15:30:00Z,Pumped Storage,-116.000,Elexon BMRS FUELHH
2022-03-17T15:30:00Z,Wind,10848.000,Elexon BMRS FUELHH
2022-03-17T16:00:00Z,Biomass,2291.000,Elexon BMRS FUELHH
2022-03-17T16:00:00Z,Coal,1299.000,Elexon BMRS FUELHH
2022-03-17T16:00:00Z,Gas,12161.000,Elexon BMRS FUELHH
2022-03-17T16:00:00Z,Hydro,403.000,Elexon BMRS FUELHH
2022-03-17T16:00:00Z,Imports & Exports,-314.000,Elexon BMRS FUELHH
2022-03-17T16:00:00Z,Nuclear,5759.000,Elexon BMRS FUELHH
2022-03-17T16:00:00Z,Other,147.000,Elexon BMRS FUELHH
2022-03-17T16:00:00Z,Pumped Storage,-116.000,Elexon BMRS FUELHH
2022-03-17T16:00:00Z,Wind,11034.000,Elexon BMRS FUELHH
2022-03-17T16:30:00Z,Biomass,2293.000,Elexon BMRS FUELHH
2022-03-17T16:30:00Z,Coal,1336.000,Elexon BMRS FUELHH
2022-03-17T16:30:00Z,Gas,13668.000,Elexon BMRS FUELHH
2022-03-17T16:30:00Z,Hydro,393.000,Elexon BMRS FUELHH
2022-03-17T16:30:00Z,Imports & Exports,-390.000,Elexon BMRS FUELHH
2022-03-17T16:30:00Z,Nuclear,5757.000,Elexon BMRS FUELHH
2022-03-17T16:30:00Z,Other,153.000,Elexon BMRS FUELHH
2022-03-17T16:30:00Z,Pumped Storage,200.000,Elexon BMRS FUELHH
2022-03-17T16:30:00Z,Wind,10981.000,Elexon BMRS FUELHH
2022-03-17T17:00:00Z,Biomass,2159.000,Elexon BMRS FUELHH
2022-03-17T17:00:00Z,Coal,1352.000,Elexon BMRS FUELHH
2022-03-17T17:00:00Z,Gas,15077.000,Elexon BMRS FUELHH
2022-03-17T17:00:00Z,Hydro,444.000,Elexon BMRS FUELHH
2022-03-17T17:00:00Z,Imports & Exports,-604.000,Elexon BMRS FUELHH
2022-03-17T17:00:00Z,Nuclear,5778.000,Elexon BMRS FUELHH
2022-03-17T17:00:00Z,Other,167.000,Elexon BMRS FUELHH
2022-03-17T17:00:00Z,Pumped Storage,1026.000,Elexon BMRS FUELHH
2022-03-17T17:00:00Z,Wind,10734.000,Elexon BMRS FUELHH
2022-03-17T17:30:00Z,Biomass,2193.000,Elexon BMRS FUELHH
2022-03-17T17:30:00Z,Coal,1348.000,Elexon BMRS FUELHH
2022-03-17T17:30:00Z,Gas,16039.000,Elexon BMRS FUELHH
2022-03-17T17:30:00Z,Hydro,458.000,Elexon BMRS FUELHH
2022-03-17T17:30:00Z,Imports & Exports,-646.000,Elexon BMRS FUELHH
2022-03-17T17:30:00Z,Nuclear,5781.000,Elexon BMRS FUELHH
2022-03-17T17:30:00Z,Other,371.000,Elexon BMRS FUELHH
2022-03-17T17:30:00Z,Pumped Storage,1530.000,Elexon BMRS FUELHH
2022-03-17T17:30:00Z,Wind,9858.000,Elexon BMRS FUELHH
2022-03-17T18:00:00Z,Biomass,2290.000,Elexon BMRS FUELHH
2022-03-17T18:00:00Z,Coal,1350.000,Elexon BMRS FUELHH
2022-03-17T18:00:00Z,Gas,16861.000,Elexon BMRS FUELHH
2022-03-17T18:00:00Z,Hydro,630.000,Elexon BMRS FUELHH
2022-03-17T18:00:00Z,Imports & Exports,-130.000,Elexon BMRS FUELHH
2022-03-17T18:00:00Z,Nuclear,5784.000,Elexon BMRS FUELHH
2022-03-17T18:00:00Z,Other,632.000,Elexon BMRS FUELHH
2022-03-17T18:00:00Z,Pumped Storage,1080.000,Elexon BMRS FUELHH
2022-03-17T18:00:00Z,Wind,9429.000,Elexon BMRS FUELHH
2022-03-17T18:30:00Z,Biomass,2272.000,Elexon BMRS FUELHH
2022-03-17T18:30:00Z,Coal,1348.000,Elexon BMRS FUELHH
2022-03-17T18:30:00Z,Gas,17060.000,Elexon BMRS FUELHH
2022-03-17T18:30:00Z,Hydro,697.000,Elexon BMRS FUELHH
2022-03-17T18:30:00Z,Imports & Exports,-58.000,Elexon BMRS FUELHH
2022-03-17T18:30:00Z,Nuclear,5776.000,Elexon BMRS FUELHH
2022-03-17T18:30:00Z,Other,798.000,Elexon BMRS FUELHH
2022-03-17T18:30:00Z,Pumped Storage,1810.000,Elexon BMRS FUELHH
2022-03-17T18:30:00Z,Wind,8909.000,Elexon BMRS FUELHH
2022-03-17T19:00:00Z,Biomass,2282.000,Elexon BMRS FUELHH
2022-03-17T19:00:00Z,Coal,1279.000,Elexon BMRS FUELHH
2022-03-17T19:00:00Z,Gas,16708.000,Elexon BMRS FUELHH
2022-03-17T19:00:00Z,Hydro,693.000,Elexon BMRS FUELHH
2022-03-17T19:00:00Z,Imports & Exports,2286.000,Elexon BMRS FUELHH
2022-03-17T19:00:00Z,Nuclear,5778.000,Elexon BMRS FUELHH
2022-03-17T19:00:00Z,Other,664.000,Elexon BMRS FUELHH
2022-03-17T19:00:00Z,Pumped Storage,574.000,Elexon BMRS FUELHH
2022-03-17T19:00:00Z,Wind,8591.000,Elexon BMRS FUELHH
2022-03-17T19:30:00Z,Biomass,2274.000,Elexon BMRS FUELHH
2022-03-17T19:30:00Z,Coal,1352.000,Elexon BMRS FUELHH
2022-03-17T19:30:00Z,Gas,16433.000,Elexon BMRS FUELHH
2022-03-17T19:30:00Z,Hydro,692.000,Elexon BMRS FUELHH
2022-03-17T19:30:00Z,Imports & Exports,2302.000,Elexon BMRS FUELHH
2022-03-17T19:30:00Z,Nuclear,5773.000,Elexon BMRS FUELHH
2022-03-17T19:30:00Z,Other,253.000,Elexon BMRS FUELHH
2022-03-17T19:30:00Z,Pumped Storage,696.000,Elexon BMRS FUELHH
2022-03-17T19:30:00Z,Wind,8447.000,Elexon BMRS FUELHH
2022-03-17T20:00:00Z,Biomass,2260.000,Elexon BMRS FUELHH
2022-03-17T20:00:00Z,Coal,1344.000,Elexon BMRS FUELHH
2022-03-17T20:00:00Z,Gas,16444.000,Elexon BMRS FUELHH
2022-03-17T20:00:00Z,Hydro,584.000,Elexon BMRS FUELHH
2022-03-17T20:00:00Z,Imports & Exports,1654.000,Elexon BMRS FUELHH
2022-03-17T20:00:00Z,Nuclear,5778.000,Elexon BMRS FUELHH
2022-03-17T20:00:00Z,Other,222.000,Elexon BMRS FUELHH
2022-03-17T20:00:00Z,Pumped Storage,412.000,Elexon BMRS FUELHH
2022-03-17T20:00:00Z,Wind,8176.000,Elexon BMRS FUELHH
2022-03-17T20:30:00Z,Biomass,2264.000,Elexon BMRS FUELHH
2022-03-17T20:30:00Z,Coal,1317.000,Elexon BMRS FUELHH
2022-03-17T20:30:00Z,Gas,15882.000,Elexon BMRS FUELHH
2022-03-17T20:30:00Z,Hydro,539.000,Elexon BMRS FUELHH
2022-03-17T20:30:00Z,Imports & Exports,1626.000,Elexon BMRS FUELHH
2022-03-17T20:30:00Z,Nuclear,5776.000,Elexon BMRS FUELHH
2022-03-17T20:30:00Z,Other,169.000,Elexon BMRS FUELHH
2022-03-17T20:30:00Z,Pumped Storage,-12.000,Elexon BMRS FUELHH
2022-03-17T20:30:00Z,Wind,8193.000,Elexon BMRS FUELHH
2022-03-17T21:00:00Z,Biomass,2274.000,Elexon BMRS FUELHH
2022-03-17T21:00:00Z,Coal,1334.000,Elexon BMRS FUELHH
2022-03-17T21:00:00Z,Gas,14536.000,Elexon BMRS FUELHH
2022-03-17T21:00:00Z,Hydro,450.000,Elexon BMRS FUELHH
2022-03-17T21:00:00Z,Imports & Exports,1484.000,Elexon BMRS FUELHH
2022-03-17T21:00:00Z,Nuclear,5781.000,Elexon BMRS FUELHH
2022-03-17T21:00:00Z,Other,163.000,Elexon BMRS FUELHH
2022-03-17T21:00:00Z,Pumped Storage,-12.000,Elexon BMRS FUELHH
2022-03-17T21:00:00Z,Wind,8199.000,Elexon BMRS FUELHH
2022-03-17T21:30:00Z,Biomass,2137.000,Elexon BMRS FUELHH
2022-03-17T21:30:00Z,Coal,1217.000,Elexon BMRS FUELHH
2022-03-17T21:30:00Z,Gas,13315.000,Elexon BMRS FUELHH
2022-03-17T21:30:00Z,Hydro,469.000,Elexon BMRS FUELHH
2022-03-17T21:30:00Z,Imports & Exports,1478.000,Elexon BMRS FUELHH
2022-03-17T21:30:00Z,Nuclear,5778.000,Elexon BMRS FUELHH
2022-03-17T21:30:00Z,Other,165.000,Elexon BMRS FUELHH
2022-03-17T21:30:00Z,Pumped Storage,-8.000,Elexon BMRS FUELHH
2022-03-17T21:30:00Z,Wind,7685.000,Elexon BMRS FUELHH
2022-03-17T22:00:00Z,Biomass,2279.000,Elexon BMRS FUELHH
2022-03-17T22:00:00Z,Coal,770.000,Elexon BMRS FUELHH
2022-03-17T22:00:00Z,Gas,12647.000,Elexon BMRS FUELHH
2022-03-17T22:00:00Z,Hydro,440.000,Elexon BMRS FUELHH
2022-03-17T22:00:00Z,Imports & Exports,1312.000,Elexon BMRS FUELHH
2022-03-17T22:00:00Z,Nuclear,5777.000,Elexon BMRS FUELHH
2022-03-17T22:00:00Z,Other,168.000,Elexon BMRS FUELHH
2022-03-17T22:00:00Z,Pumped Storage,216.000,Elexon BMRS FUELHH
2022-03-17T22:00:00Z,Wind,7116.000,Elexon BMRS FUELHH
2022-03-17T22:30:00Z,Biomass,2173.000,Elexon BMRS FUELHH
2022-03-17T22:30:00Z,Coal,306.000,Elexon BMRS FUELHH
2022-03-17T22:30:00Z,Gas,12214.000,Elexon BMRS FUELHH
2022-03-17T22:30:00Z,Hydro,438.000,Elexon BMRS FUELHH
2022-03-17T22:30:00Z,Imports & Exports,1342.000,Elexon BMRS FUELHH
2022-03-17T22:30:00Z,Nuclear,5773.000,Elexon BMRS FUELHH
2022-03-17T22:30:00Z,Other,163.000,Elexon BMRS FUELHH
2022-03-17T22:30:00Z,Pumped Storage,138.000,Elexon BMRS FUELHH
2022-03-17T22:30:00Z,Wind,6610.000,Elexon BMRS FUELHH
2022-03-17T23:00:00Z,Biomass,2093.000,Elexon BMRS FUELHH
2022-03-17T23:00:00Z,Coal,1.000,Elexon BMRS FUELHH
2022-03-17T23:00:00Z,Gas,11152.000,Elexon BMRS FUELHH
2022-03-17T23:00:00Z,Hydro,421.000,Elexon BMRS FUELHH
2022-03-17T23:00:00Z,Imports & Exports,1594.000,Elexon BMRS FUELHH
2022-03-17T23:00:00Z,Nuclear,5768.000,Elexon BMRS FUELHH
2022-03-17T23:00:00Z,Other,160.000,Elexon BMRS FUELHH
2022-03-17T23:00:00Z,Pumped Storage,292.000,Elexon BMRS FUELHH
2022-03-17T23:00:00Z,Wind,5994.000,Elexon BMRS FUELHH
2022-03-17T23:30:00Z,Biomass,2265.000,Elexon BMRS FUELHH
2022-03-17T23:30:00Z,Coal,0.000,Elexon BMRS FUELHH
2022-03-17T23:30:00Z,Gas,10469.000,Elexon BMRS FUELHH
2022-03-17T23:30:00Z,Hydro,400.000,Elexon BMRS FUELHH
2022-03-17T23:30:00Z,Imports & Exports,1638.000,Elexon BMRS FUELHH
2022-03-17T23:30:00Z,Nuclear,5774.000,Elexon BMRS FUELHH
2022-03-17T23:30:00Z,Other,148.000,Elexon BMRS FUELHH
2022-03-17T23:30:00Z,Pumped Storage,212.000,Elexon BMRS FUELHH
2022-03-17T23:30:00Z,Wind,5546.000,Elexon BMRS FUELHH
2022-03-18T00:00:00Z,Biomass,2223.000,Elexon BMRS FUELHH
2022-03-18T00:00:00Z,Coal,0.000,Elexon BMRS FUELHH
2022-03-18T00:00:00Z,Gas,10456.000,Elexon BMRS FUELHH
2022-03-18T00:00:00Z,Hydro,325.000,Elexon BMRS FUELHH
2022-03-18T00:00:00Z,Imports & Exports,2270.000,Elexon BMRS FUELHH
2022-03-18T00:00:00Z,Nuclear,5778.000,Elexon BMRS FUELHH
2022-03-18T00:00:00Z,Other,151.000,Elexon BMRS FUELHH
2022-03-18T00:00:00Z,Pumped Storage,-12.000,Elexon BMRS FUELHH
2022-03-18T00:00:00Z,Wind,5175.000,Elexon BMRS FUELHH
2022-03-18T00:30:00Z,Biomass,2267.000,Elexon BMRS FUELHH
2022-03-18T00:30:00Z,Coal,0.000,Elexon BMRS FUELHH
2022-03-18T00:30:00Z,Gas,10920.000,Elexon BMRS FUELHH
2022-03-18T00:30:00Z,Hydro,411.000,Elexon BMRS FUELHH
2022-03-18T00:30:00Z,Imports & Exports,2318.000,Elexon BMRS FUELHH
2022-03-18T00:30:00Z,Nuclear,5794.000,Elexon BMRS FUELHH
2022-03-18T00:30:00Z,Other,158.000,Elexon BMRS FUELHH
2022-03-18T00:30:00Z,Pumped Storage,408.000,Elexon BMRS FUELHH
2022-03-18T00:30:00Z,Wind,4663.000,Elexon BMRS FUELHH
2022-03-18T01:00:00Z,Biomass,2266.000,Elexon BMRS FUELHH
2022-03-18T01:00:00Z,Coal,0.000,Elexon BMRS FUELHH
2022-03-18T01:00:00Z,Gas,10997.000,Elexon BMRS FUELHH
2022-03-18T01:00:00Z,Hydro,458.000,Elexon BMRS FUELHH
2022-03-18T01:00:00Z,Imports & Exports,2982.000,Elexon BMRS FUELHH
2022-03-18T01:00:00Z,Nuclear,5797.000,Elexon BMRS FUELHH
2022-03-18T01:00:00Z,Other,169.000,Elexon BMRS FUELHH
2022-03-18T01:00:00Z,Pumped Storage,-254.000,Elexon BMRS FUELHH
2022-03-18T01:00:00Z,Wind,4111.000,Elexon BMRS FUELHH
2022-03-18T01:30:00Z,Biomass,2267.000,Elexon BMRS FUELHH
2022-03-18T01:30:00Z,Coal,0.000,Elexon BMRS FUELHH
2022-03-18T01:30:00Z,Gas,11259.000,Elexon BMRS FUELHH
2022-03-18T01:30:00Z,Hydro,448.000,Elexon BMRS FUELHH
2022-03-18T01:30:00Z,Imports & Exports,3048.000,Elexon BMRS FUELHH
2022-03-18T01:30:00Z,Nuclear,5791.000,Elexon BMRS FUELHH
2022-03-18T01:30:00Z,Other,154.000,Elexon BMRS FUELHH
2022-03-18T01:30:00Z,Pumped Storage,-628.000,Elexon BMRS FUELHH
2022-03-18T01:30:00Z,Wind,3503.000,Elexon BMRS FUELHH
2022-03-18T02:00:00Z,Biomass,2270.000,Elexon BMRS FUELHH
2022-03-18T02:00:00Z,Coal,0.000,Elexon BMRS FUELHH
2022-03-18T02:00:00Z,Gas,11321.000,Elexon BMRS FUELHH
2022-03-18T02:00:00Z,Hydro,376.000,Elexon BMRS FUELHH
2022-03-18T02:00:00Z,Imports & Exports,2974.000,Elexon BMRS FUELHH
2022-03-18T02:00:00Z,Nuclear,5800.000,Elexon BMRS FUELHH
2022-03-18T02:00:00Z,Other,152.000,Elexon BMRS FUELHH
2022-03-18T02:00:00Z,Pumped Storage,-760.000,Elexon BMRS FUELHH
2022-03-18T02:00:00Z,Wind,3403.000,Elexon BMRS FUELHH
2022-03-18T02:30:00Z,Biomass,2127.000,Elexon BMRS FUELHH
2022-03-18T02:30:00Z,Coal,0.000,Elexon BMRS FUELHH
2022-03-18T02:30:00Z,Gas,11466.000,Elexon BMRS FUELHH
2022-03-18T02:30:00Z,Hydro,305.000,Elexon BMRS FUELHH
2022-03-18T02:30:00Z,Imports & Exports,2996.000,Elexon BMRS FUELHH
2022-03-18T02:30:00Z,Nuclear,5803.000,Elexon BMRS FUELHH
2022-03-18T02:30:00Z,Other,155.000,Elexon BMRS FUELHH
2022-03-18T02:30:00Z,Pumped Storage,-684.000,Elexon BMRS FUELHH
2022-03-18T02:30:00Z,Wind,3097.000,Elexon BMRS FUELHH
2022-03-18T03:00:00Z,Biomass,2025.000,Elexon BMRS FUELHH
2022-03-18T03:00:00Z,Coal,0.000,Elexon BMRS FUELHH
2022-03-18T03:00:00Z,Gas,11916.000,Elexon BMRS FUELHH
2022-03-18T03:00:00Z,Hydro,298.000,Elexon BMRS FUELHH
2022-03-18T03:00:00Z,Imports & Exports,2678.000,Elexon BMRS FUELHH
2022-03-18T03:00:00Z,Nuclear,5806.000,Elexon BMRS FUELHH
2022-03-18T03:00:00Z,Other,154.000,Elexon BMRS FUELHH
2022-03-18T03:00:00Z,Pumped Storage,-776.000,Elexon BMRS FUELHH
2022-03-18T03:00:00Z,Wind,2833.000,Elexon BMRS FUELHH
2022-03-18T03:30:00Z,Biomass,2030.000,Elexon BMRS FUELHH
2022-03-18T03:30:00Z,Coal,0.000,Elexon BMRS FUELHH
2022-03-18T03:30:00Z,Gas,11948.000,Elexon BMRS FUELHH
2022-03-18T03:30:00Z,Hydro,291.000,Elexon BMRS FUELHH
2022-03-18T03:30:00Z,Imports & Exports,2740.000,Elexon BMRS FUELHH
2022-03-18T03:30:00Z,Nuclear,5815.000,Elexon BMRS FUELHH
2022-03-18T03:30:00Z,Other,151.000,Elexon BMRS FUELHH
2022-03-18T03:30:00Z,Pumped Storage,-868.000,Elexon BMRS FUELHH
2022-03-18T03:30:00Z,Wind,2642.000,Elexon BMRS FUELHH
2022-03-18T04:00:00Z,Biomass,2055.000,Elexon BMRS FUELHH
2022-03-18T04:00:00Z,Coal,0.000,Elexon BMRS FUELHH
2022-03-18T04:00:00Z,Gas,12081.000,Elexon BMRS FUELHH
2022-03-18T04:00:00Z,Hydro,400.000,Elexon BMRS FUELHH
2022-03-18T04:00:00Z,Imports & Exports,2198.000,Elexon BMRS FUELHH
2022-03-18T04:00:00Z,Nuclear,5821.000,Elexon BMRS FUELHH
2022-03-18T04:00:00Z,Other,149.000,Elexon BMRS FUELHH
2022-03-18T04:00:00Z,Pumped Storage,-640.000,Elexon BMRS FUELHH
2022-03-18T04:00:00Z,Wind,2544.000,Elexon BMRS FUELHH
2022-03-18T04:30:00Z,Biomass,2055.000,Elexon BMRS FUELHH
2022-03-18T04:30:00Z,Coal,0.000,Elexon BMRS FUELHH
2022-03-18T04:30:00Z,Gas,12322.000,Elexon BMRS FUELHH
2022-03-18T04:30:00Z,Hydro,402.000,Elexon BMRS FUELHH
2022-03-18T04:30:00Z,Imports & Exports,2260.000,Elexon BMRS FUELHH
2022-03-18T04:30:00Z,Nuclear,5832.000,Elexon BMRS FUELHH
2022-03-18T04:30:00Z,Other,150.000,Elexon BMRS FUELHH
2022-03-18T04:30:00Z,Pumped Storage,-730.000,Elexon BMRS FUELHH
2022-03-18T04:30:00Z,Wind,2529.000,Elexon BMRS FUELHH
2022-03-18T05:00:00Z,Biomass,2187.000,Elexon BMRS FUELHH
2022-03-18T05:00:00Z,Coal,166.000,Elexon BMRS FUELHH
2022-03-18T05:00:00Z,Gas,12300.000,Elexon BMRS FUELHH
2022-03-18T05:00:00Z,Hydro,420.000,Elexon BMRS FUELHH
2022-03-18T05:00:00Z,Imports & Exports,1730.000,Elexon BMRS FUELHH
2022-03-18T05:00:00Z,Nuclear,5834.000,Elexon BMRS FUELHH
2022-03-18T05:00:00Z,Other,148.000,Elexon BMRS FUELHH
2022-03-18T05:00:00Z,Pumped Storage,-216.000,Elexon BMRS FUELHH
2022-03-18T05:00:00Z,Wind,2965.000,Elexon BMRS FUELHH
2022-03-18T05:30:00Z,Biomass,2271.000,Elexon BMRS FUELHH
2022-03-18T05:30:00Z,Coal,386.000,Elexon BMRS FUELHH
2022-03-18T05:30:00Z,Gas,12580.000,Elexon BMRS FUELHH
2022-03-18T05:30:00Z,Hydro,442.000,Elexon BMRS FUELHH
2022-03-18T05:30:00Z,Imports & Exports,1724.000,Elexon BMRS FUELHH
2022-03-18T05:30:00Z,Nuclear,5835.000,Elexon BMRS FUELHH
2022-03-18T05:30:00Z,Other,149.000,Elexon BMRS FUELHH
2022-03-18T05:30:00Z,Pumped Storage,40.000,Elexon BMRS FUELHH
2022-03-18T05:30:00Z,Wind,3138.000,Elexon BMRS FUELHH
2022-03-18T06:00:00Z,Biomass,2266.000,Elexon BMRS FUELHH
2022-03-18T06:00:00Z,Coal,599.000,Elexon BMRS FUELHH
2022-03-18T06:00:00Z,Gas,13863.000,Elexon BMRS FUELHH
2022-03-18T06:00:00Z,Hydro,526.000,Elexon BMRS FUELHH
2022-03-18T06:00:00Z,Imports & Exports,2456.000,Elexon BMRS FUELHH
2022-03-18T06:00:00Z,Nuclear,5837.000,Elexon BMRS FUELHH
2022-03-18T06:00:00Z,Other,153.000,Elexon BMRS FUELHH
2022-03-18T06:00:00Z,Pumped Storage,-58.000,Elexon BMRS FUELHH
2022-03-18T06:00:00Z,Wind,3349.000,Elexon BMRS FUELHH
2022-03-18T06:30:00Z,Biomass,2280.000,Elexon BMRS FUELHH
2022-03-18T06:30:00Z,Coal,839.000,Elexon BMRS FUELHH
2022-03-18T06:30:00Z,Gas,15198.000,Elexon BMRS FUELHH
2022-03-18T06:30:00Z,Hydro,545.000,Elexon BMRS FUELHH
2022-03-18T06:30:00Z,Imports & Exports,2478.000,Elexon BMRS FUELHH
2022-03-18T06:30:00Z,Nuclear,5838.000,Elexon BMRS FUELHH
2022-03-18T06:30:00Z,Other,211.000,Elexon BMRS FUELHH
2022-03-18T06:30:00Z,Pumped Storage,232.000,Elexon BMRS FUELHH
2022-03-18T06:30:00Z,Wind,3390.000,Elexon BMRS FUELHH
2022-03-18T07:00:00Z,Biomass,2286.000,Elexon BMRS FUELHH
2022-03-18T07:00:00Z,Coal,903.000,Elexon BMRS FUELHH
2022-03-18T07:00:00Z,Gas,15413.000,Elexon BMRS FUELHH
2022-03-18T07:00:00Z,Hydro,616.000,Elexon BMRS FUELHH
2022-03-18T07:00:00Z,Imports & Exports,4420.000,Elexon BMRS FUELHH
2022-03-18T07:00:00Z,Nuclear,5839.000,Elexon BMRS FUELHH
2022-03-18T07:00:00Z,Other,161.000,Elexon BMRS FUELHH
2022-03-18T07:00:00Z,Pumped Storage,84.000,Elexon BMRS FUELHH
2022-03-18T07:00:00Z,Wind,3901.000,Elexon BMRS FUELHH
2022-03-18T07:30:00Z,Biomass,2292.000,Elexon BMRS FUELHH
2022-03-18T07:30:00Z,Coal,749.000,Elexon BMRS FUELHH
2022-03-18T07:30:00Z,Gas,15444.000,Elexon BMRS FUELHH
2022-03-18T07:30:00Z,Hydro,618.000,Elexon BMRS FUELHH
2022-03-18T07:30:00Z,Imports & Exports,4488.000,Elexon BMRS FUELHH
2022-03-18T07:30:00Z,Nuclear,5838.000,Elexon BMRS FUELHH
2022-03-18T07:30:00Z,Other,178.000,Elexon BMRS FUELHH
2022-03-18T07:30:00Z,Pumped Storage,206.000,Elexon BMRS FUELHH
2022-03-18T07:30:00Z,Wind,4359.000,Elexon BMRS FUELHH
2022-03-18T08:00:00Z,Biomass,2292.000,Elexon BMRS FUELHH
2022-03-18T08:00:00Z,Coal,676.000,Elexon BMRS FUELHH
2022-03-18T08:00:00Z,Gas,15607.000,Elexon BMRS FUELHH
2022-03-18T08:00:00Z,Hydro,621.000,Elexon BMRS FUELHH
2022-03-18T08:00:00Z,Imports & Exports,4444.000,Elexon BMRS FUELHH
2022-03-18T08:00:00Z,Nuclear,5836.000,Elexon BMRS FUELHH
2022-03-18T08:00:00Z,Other,207.000,Elexon BMRS FUELHH
2022-03-18T08:00:00Z,Pumped Storage,216.000,Elexon BMRS FUELHH
2022-03-18T08:00:00Z,Wind,4502.000,Elexon BMRS FUELHH
2022-03-18T08:30:00Z,Biomass,2272.000,Elexon BMRS FUELHH
2022-03-18T08:30:00Z,Coal,680.000,Elexon BMRS FUELHH
2022-03-18T08:30:00Z,Gas,15456.000,Elexon BMRS FUELHH
2022-03-18T08:30:00Z,Hydro,615.000,Elexon BMRS FUELHH
2022-03-18T08:30:00Z,Imports & Exports,4314.000,Elexon BMRS FUELHH
2022-03-18T08:30:00Z,Nuclear,5839.000,Elexon BMRS FUELHH
2022-03-18T08:30:00Z,Other,175.000,Elexon BMRS FUELHH
2022-03-18T08:30:00Z,Pumped Storage,-10.000,Elexon BMRS FUELHH
2022-03-18T08:30:00Z,Wind,4500.000,Elexon BMRS FUELHH
2022-03-18T09:00:00Z,Biomass,2238.000,Elexon BMRS FUELHH
2022-03-18T09:00:00Z,Coal,731.000,Elexon BMRS FUELHH
2022-03-18T09:00:00Z,Gas,15390.000,Elexon BMRS FUELHH
2022-03-18T09:00:00Z,Hydro,534.000,Elexon BMRS FUELHH
2022-03-18T09:00:00Z,Imports & Exports,3894.000,Elexon BMRS FUELHH
2022-03-18T09:00:00Z,Nuclear,5837.000,Elexon BMRS FUELHH
2022-03-18T09:00:00Z,Other,160.000,Elexon BMRS FUELHH
2022-03-18T09:00:00Z,Pumped Storage,-10.000,Elexon BMRS FUELHH
2022-03-18T09:00:00Z,Wind,4514.000,Elexon BMRS FUELHH
2022-03-18T09:30:00Z,Biomass,2039.000,Elexon BMRS FUELHH
2022-03-18T09:30:00Z,Coal,552.000,Elexon BMRS FUELHH
2022-03-18T09:30:00Z,Gas,14095.000,Elexon BMRS FUELHH
2022-03-18T09:30:00Z,Hydro,478.000,Elexon BMRS FUELHH
2022-03-18T09:30:00Z,Imports & Exports,4124.000,Elexon BMRS FUELHH
2022-03-18T09:30:00Z,Nuclear,5834.000,Elexon BMRS FUELHH
2022-03-18T09:30:00Z,Other,185.000,Elexon BMRS FUELHH
2022-03-18T09:30:00Z,Pumped Storage,-10.000,Elexon BMRS FUELHH
2022-03-18T09:30:00Z,Wind,4549.000,Elexon BMRS FUELHH
2022-03-18T10:00:00Z,Biomass,1867.000,Elexon BMRS FUELHH
2022-03-18T10:00:00Z,Coal,554.000,Elexon BMRS FUELHH
2022-03-18T10:00:00Z,Gas,13353.000,Elexon BMRS FUELHH
2022-03-18T10:00:00Z,Hydro,382.000,Elexon BMRS FUELHH
2022-03-18T10:00:00Z,Imports & Exports,3590.000,Elexon BMRS FUELHH
2022-03-18T10:00:00Z,Nuclear,5835.000,Elexon BMRS FUELHH
2022-03-18T10:00:00Z,Other,161.000,Elexon BMRS FUELHH
2022-03-18T10:00:00Z,Pumped Storage,-10.000,Elexon BMRS FUELHH
2022-03-18T10:00:00Z,Wind,4767.000,Elexon BMRS FUELHH
2022-03-18T10:30:00Z,Biomass,1705.000,Elexon BMRS FUELHH
2022-03-18T10:30:00Z,Coal,514.000,Elexon BMRS FUELHH
2022-03-18T10:30:00Z,Gas,12344.000,Elexon BMRS FUELHH
2022-03-18T10:30:00Z,Hydro,357.000,Elexon BMRS FUELHH
2022-03-18T10:30:00Z,Imports & Exports,3512.000,Elexon BMRS FUELHH
2022-03-18T10:30:00Z,Nuclear,5831.000,Elexon BMRS FUELHH
2022-03-18T10:30:00Z,Other,149.000,Elexon BMRS FUELHH
2022-03-18T10:30:00Z,Pumped Storage,-10.000,Elexon BMRS FUELHH
2022-03-18T10:30:00Z,Wind,5195.000,Elexon BMRS FUELHH
2022-03-18T11:00:00Z,Biomass,1847.000,Elexon BMRS FUELHH
2022-03-18T11:00:00Z,Coal,497.000,Elexon BMRS FUELHH
2022-03-18T11:00:00Z,Gas,11337.000,Elexon BMRS FUELHH
2022-03-18T11:00:00Z,Hydro,348.000,Elexon BMRS FUELHH
2022-03-18T11:00:00Z,Imports & Exports,3370.000,Elexon BMRS FUELHH
2022-03-18T11:00:00Z,Nuclear,5826.000,Elexon BMRS FUELHH
2022-03-18T11:00:00Z,Other,150.000,Elexon BMRS FUELHH
2022-03-18T11:00:00Z,Pumped Storage,-10.000,Elexon BMRS FUELHH
2022-03-18T11:00:00Z,Wind,5433.000,Elexon BMRS FUELHH
2022-03-18T11:30:00Z,Biomass,1987.000,Elexon BMRS FUELHH
2022-03-18T11:30:00Z,Coal,490.000,Elexon BMRS FUELHH
2022-03-18T11:30:00Z,Gas,11817.000,Elexon BMRS FUELHH
2022-03-18T11:30:00Z,Hydro,333.000,Elexon BMRS FUELHH
2022-03-18T11:30:00Z,Imports & Exports,2112.000,Elexon BMRS FUELHH
2022-03-18T11:30:00Z,Nuclear,5822.000,Elexon BMRS FUELHH
2022-03-18T11:30:00Z,Other,170.000,Elexon BMRS FUELHH
2022-03-18T11:30:00Z,Pumped Storage,52.000,Elexon BMRS FUELHH
2022-03-18T11:30:00Z,Wind,5556.000,Elexon BMRS FUELHH
2022-03-18T12:00:00Z,Biomass,1899.000,Elexon BMRS FUELHH
2022-03-18T12:00:00Z,Coal,486.000,Elexon BMRS FUELHH
2022-03-18T12:00:00Z,Gas,11247.000,Elexon BMRS FUELHH
2022-03-18T12:00:00Z,Hydro,397.000,Elexon BMRS FUELHH
2022-03-18T12:00:00Z,Imports & Exports,2836.000,Elexon BMRS FUELHH
2022-03-18T12:00:00Z,Nuclear,5828.000,Elexon BMRS FUELHH
2022-03-18T12:00:00Z,Other,167.000,Elexon BMRS FUELHH
2022-03-18T12:00:00Z,Pumped Storage,-8.000,Elexon BMRS FUELHH
2022-03-18T12:00:00Z,Wind,5544.000,Elexon BMRS FUELHH
2022-03-18T12:30:00Z,Biomass,1707.000,Elexon BMRS FUELHH
2022-03-18T12:30:00Z,Coal,478.000,Elexon BMRS FUELHH
2022-03-18T12:30:00Z,Gas,10893.000,Elexon BMRS FUELHH
2022-03-18T12:30:00Z,Hydro,397.000,Elexon BMRS FUELHH
2022-03-18T12:30:00Z,Imports & Exports,2950.000,Elexon BMRS FUELHH
2022-03-18T12:30:00Z,Nuclear,5829.000,Elexon BMRS FUELHH
2022-03-18T12:30:00Z,Other,158.000,Elexon BMRS FUELHH
2022-03-18T12:30:00Z,Pumped Storage,-12.000,Elexon BMRS FUELHH
2022-03-18T12:30:00Z,Wind,5752.000,Elexon BMRS FUELHH
2022-03-18T13:00:00Z,Biomass,1722.000,Elexon BMRS FUELHH
2022-03-18T13:00:00Z,Coal,488.000,Elexon BMRS FUELHH
2022-03-18T13:00:00Z,Gas,10289.000,Elexon BMRS FUELHH
2022-03-18T13:00:00Z,Hydro,296.000,Elexon BMRS FUELHH
2022-03-18T13:00:00Z,Imports & Exports,3008.000,Elexon BMRS FUELHH
2022-03-18T13:00:00Z,Nuclear,5819.000,Elexon BMRS FUELHH
2022-03-18T13:00:00Z,Other,214.000,Elexon BMRS FUELHH
2022-03-18T13:00:00Z,Pumped Storage,-10.000,Elexon BMRS FUELHH
2022-03-18T13:00:00Z,Wind,5902.000,Elexon BMRS FUELHH
2022-03-18T13:30:00Z,Biomass,1723.000,Elexon BMRS FUELHH
2022-03-18T13:30:00Z,Coal,490.000,Elexon BMRS FUELHH
2022-03-18T13:30:00Z,Gas,9958.000,Elexon BMRS FUELHH
2022-03-18T13:30:00Z,Hydro,304.000,Elexon BMRS FUELHH
2022-03-18T13:30:00Z,Imports & Exports,3126.000,Elexon BMRS FUELHH
2022-03-18T13:30:00Z,Nuclear,5821.000,Elexon BMRS FUELHH
2022-03-18T13:30:00Z,Other,207.000,Elexon BMRS FUELHH
2022-03-18T13:30:00Z,Pumped Storage,-162.000,Elexon BMRS FUELHH
2022-03-18T13:30:00Z,Wind,6032.000,Elexon BMRS FUELHH
2022-03-18T14:00:00Z,Biomass,1653.000,Elexon BMRS FUELHH
2022-03-18T14:00:00Z,Coal,482.000,Elexon BMRS FUELHH
2022-03-18T14:00:00Z,Gas,9300.000,Elexon BMRS FUELHH
2022-03-18T14:00:00Z,Hydro,311.000,Elexon BMRS FUELHH
2022-03-18T14:00:00Z,Imports & Exports,3686.000,Elexon BMRS FUELHH
2022-03-18T14:00:00Z,Nuclear,5826.000,Elexon BMRS FUELHH
2022-03-18T14:00:00Z,Other,166.000,Elexon BMRS FUELHH
2022-03-18T14:00:00Z,Pumped Storage,-166.000,Elexon BMRS FUELHH
2022-03-18T14:00:00Z,Wind,6246.000,Elexon BMRS FUELHH
2022-03-18T14:30:00Z,Biomass,1560.000,Elexon BMRS FUELHH
2022-03-18T14:30:00Z,Coal,514.000,Elexon BMRS FUELHH
2022-03-18T14:30:00Z,Gas,9209.000,Elexon BMRS FUELHH
2022-03-18T14:30:00Z,Hydro,316.000,Elexon BMRS FUELHH
2022-03-18T14:30:00Z,Imports & Exports,3748.000,Elexon BMRS FUELHH
2022-03-18T14:30:00Z,Nuclear,5831.000,Elexon BMRS FUELHH
2022-03-18T14:30:00Z,Other,152.000,Elexon BMRS FUELHH
2022-03-18T14:30:00Z,Pumped Storage,-166.000,Elexon BMRS FUELHH
2022-03-18T14:30:00Z,Wind,6397.000,Elexon BMRS FUELHH
2022-03-18T15:00:00Z,Biomass,1663.000,Elexon BMRS FUELHH
2022-03-18T15:00:00Z,Coal,610.000,Elexon BMRS FUELHH
2022-03-18T15:00:00Z,Gas,10598.000,Elexon BMRS FUELHH
2022-03-18T15:00:00Z,Hydro,302.000,Elexon BMRS FUELHH
2022-03-18T15:00:00Z,Imports & Exports,2252.000,Elexon BMRS FUELHH
2022-03-18T15:00:00Z,Nuclear,5832.000,Elexon BMRS FUELHH
2022-03-18T15:00:00Z,Other,149.000,Elexon BMRS FUELHH
2022-03-18T15:00:00Z,Pumped Storage,-46.000,Elexon BMRS FUELHH
2022-03-18T15:00:00Z,Wind,6387.000,Elexon BMRS FUELHH
2022-03-18T15:30:00Z,Biomass,1811.000,Elexon BMRS FUELHH
2022-03-18T15:30:00Z,Coal,526.000,Elexon BMRS FUELHH
2022-03-18T15:30:00Z,Gas,11420.000,Elexon BMRS FUELHH
2022-03-18T15:30:00Z,Hydro,323.000,Elexon BMRS FUELHH
2022-03-18T15:30:00Z,Imports & Exports,2222.000,Elexon BMRS FUELHH
2022-03-18T15:30:00Z,Nuclear,5832.000,Elexon BMRS FUELHH
2022-03-18T15:30:00Z,Other,154.000,Elexon BMRS FUELHH
2022-03-18T15:30:00Z,Pumped Storage,-10.000,Elexon BMRS FUELHH
2022-03-18T15:30:00Z,Wind,6316.000,Elexon BMRS FUELHH
2022-03-18T16:00:00Z,Biomass,1976.000,Elexon BMRS FUELHH
2022-03-18T16:00:00Z,Coal,531.000,Elexon BMRS FUELHH
2022-03-18T16:00:00Z,Gas,12554.000,Elexon BMRS FUELHH
2022-03-18T16:00:00Z,Hydro,540.000,Elexon BMRS FUELHH
2022-03-18T16:00:00Z,Imports & Exports,2322.000,Elexon BMRS FUELHH
2022-03-18T16:00:00Z,Nuclear,5832.000,Elexon BMRS FUELHH
2022-03-18T16:00:00Z,Other,154.000,Elexon BMRS FUELHH
2022-03-18T16:00:00Z,Pumped Storage,44.000,Elexon BMRS FUELHH
2022-03-18T16:00:00Z,Wind,6402.000,Elexon BMRS FUELHH
2022-03-18T16:30:00Z,Biomass,2202.000,Elexon BMRS FUELHH
2022-03-18T16:30:00Z,Coal,741.000,Elexon BMRS FUELHH
2022-03-18T16:30:00Z,Gas,13317.000,Elexon BMRS FUELHH
2022-03-18T16:30:00Z,Hydro,608.000,Elexon BMRS FUELHH
2022-03-18T16:30:00Z,Imports & Exports,2350.000,Elexon BMRS FUELHH
2022-03-18T16:30:00Z,Nuclear,5829.000,Elexon BMRS FUELHH
2022-03-18T16:30:00Z,Other,162.000,Elexon BMRS FUELHH
2022-03-18T16:30:00Z,Pumped Storage,50.000,Elexon BMRS FUELHH
2022-03-18T16:30:00Z,Wind,6568.000,Elexon BMRS FUELHH
2022-03-18T17:00:00Z,Biomass,2287.000,Elexon BMRS FUELHH
2022-03-18T17:00:00Z,Coal,892.000,Elexon BMRS FUELHH
2022-03-18T17:00:00Z,Gas,13878.000,Elexon BMRS FUELHH
2022-03-18T17:00:00Z,Hydro,621.000,Elexon BMRS FUELHH
2022-03-18T17:00:00Z,Imports & Exports,2694.000,Elexon BMRS FUELHH
2022-03-18T17:00:00Z,Nuclear,5823.000,Elexon BMRS FUELHH
2022-03-18T17:00:00Z,Other,171.000,Elexon BMRS FUELHH
2022-03-18T17:00:00Z,Pumped Storage,278.000,Elexon BMRS FUELHH
2022-03-18T17:00:00Z,Wind,6822.000,Elexon BMRS FUELHH
2022-03-18T17:30:00Z,Biomass,2295.000,Elexon BMRS FUELHH
2022-03-18T17:30:00Z,Coal,892.000,Elexon BMRS FUELHH
2022-03-18T17:30:00Z,Gas,14503.000,Elexon BMRS FUELHH
2022-03-18T17:30:00Z,Hydro,527.000,Elexon BMRS FUELHH
2022-03-18T17:30:00Z,Imports & Exports,2794.000,Elexon BMRS FUELHH
2022-03-18T17:30:00Z,Nuclear,5816.000,Elexon BMRS FUELHH
2022-03-18T17:30:00Z,Other,233.000,Elexon BMRS FUELHH
2022-03-18T17:30:00Z,Pumped Storage,482.000,Elexon BMRS FUELHH
2022-03-18T17:30:00Z,Wind,7075.000,Elexon BMRS FUELHH
2022-03-18T18:00:00Z,Biomass,2295.000,Elexon BMRS FUELHH
2022-03-18T18:00:00Z,Coal,878.000,Elexon BMRS FUELHH
2022-03-18T18:00:00Z,Gas,14638.000,Elexon BMRS FUELHH
2022-03-18T18:00:00Z,Hydro,626.000,Elexon BMRS FUELHH
2022-03-18T18:00:00Z,Imports & Exports,3360.000,Elexon BMRS FUELHH
2022-03-18T18:00:00Z,Nuclear,5818.000,Elexon BMRS FUELHH
2022-03-18T18:00:00Z,Other,264.000,Elexon BMRS FUELHH
2022-03-18T18:00:00Z,Pumped Storage,682.000,Elexon BMRS FUELHH
2022-03-18T18:00:00Z,Wind,7360.000,Elexon BMRS FUELHH
2022-03-18T18:30:00Z,Biomass,2223.000,Elexon BMRS FUELHH
2022-03-18T18:30:00Z,Coal,904.000,Elexon BMRS FUELHH
2022-03-18T18:30:00Z,Gas,14758.000,Elexon BMRS FUELHH
2022-03-18T18:30:00Z,Hydro,563.000,Elexon BMRS FUELHH
2022-03-18T18:30:00Z,Imports & Exports,3438.000,Elexon BMRS FUELHH
2022-03-18T18:30:00Z,Nuclear,5812.000,Elexon BMRS FUELHH
2022-03-18T18:30:00Z,Other,266.000,Elexon BMRS FUELHH
2022-03-18T18:30:00Z,Pumped Storage,844.000,Elexon BMRS FUELHH
2022-03-18T18:30:00Z,Wind,7674.000,Elexon BMRS FUELHH
2022-03-18T19:00:00Z,Biomass,2291.000,Elexon BMRS FUELHH
2022-03-18T19:00:00Z,Coal,904.000,Elexon BMRS FUELHH
2022-03-18T19:00:00Z,Gas,14590.000,Elexon BMRS FUELHH
2022-03-18T19:00:00Z,Hydro,645.000,Elexon BMRS FUELHH
2022-03-18T19:00:00Z,Imports & Exports,3578.000,Elexon BMRS FUELHH
2022-03-18T19:00:00Z,Nuclear,5814.000,Elexon BMRS FUELHH
2022-03-18T19:00:00Z,Other,212.000,Elexon BMRS FUELHH
2022-03-18T19:00:00Z,Pumped Storage,454.000,Elexon BMRS FUELHH
2022-03-18T19:00:00Z,Wind,7948.000,Elexon BMRS FUELHH
2022-03-18T19:30:00Z,Biomass,2217.000,Elexon BMRS FUELHH
2022-03-18T19:30:00Z,Coal,805.000,Elexon BMRS FUELHH
2022-03-18T19:30:00Z,Gas,13930.000,Elexon BMRS FUELHH
2022-03-18T19:30:00Z,Hydro,639.000,Elexon BMRS FUELHH
2022-03-18T19:30:00Z,Imports & Exports,3464.000,Elexon BMRS FUELHH
2022-03-18T19:30:00Z,Nuclear,5815.000,Elexon BMRS FUELHH
2022-03-18T19:30:00Z,Other,169.000,Elexon BMRS FUELHH
2022-03-18T19:30:00Z,Pumped Storage,-12.000,Elexon BMRS FUELHH
2022-03-18T19:30:00Z,Wind,8554.000,Elexon BMRS FUELHH
2022-03-18T20:00:00Z,Biomass,1836.000,Elexon BMRS FUELHH
2022-03-18T20:00:00Z,Coal,692.000,Elexon BMRS FUELHH
2022-03-18T20:00:00Z,Gas,12667.000,Elexon BMRS FUELHH
2022-03-18T20:00:00Z,Hydro,527.000,Elexon BMRS FUELHH
2022-03-18T20:00:00Z,Imports & Exports,3460.000,Elexon BMRS FUELHH
2022-03-18T20:00:00Z,Nuclear,5814.000,Elexon BMRS FUELHH
2022-03-18T20:00:00Z,Other,166.000,Elexon BMRS FUELHH
2022-03-18T20:00:00Z,Pumped Storage,-12.000,Elexon BMRS FUELHH
2022-03-18T20:00:00Z,Wind,9076.000,Elexon BMRS FUELHH
2022-03-18T20:30:00Z,Biomass,1552.000,Elexon BMRS FUELHH
2022-03-18T20:30:00Z,Coal,625.000,Elexon BMRS FUELHH
2022-03-18T20:30:00Z,Gas,11285.000,Elexon BMRS FUELHH
2022-03-18T20:30:00Z,Hydro,560.000,Elexon BMRS FUELHH
2022-03-18T20:30:00Z,Imports & Exports,3464.000,Elexon BMRS FUELHH
2022-03-18T20:30:00Z,Nuclear,5814.000,Elexon BMRS FUELHH
2022-03-18T20:30:00Z,Other,158.000,Elexon BMRS FUELHH
2022-03-18T20:30:00Z,Pumped Storage,-12.000,Elexon BMRS FUELHH
2022-03-18T20:30:00Z,Wind,9320.000,Elexon BMRS FUELHH
2022-03-18T21:00:00Z,Biomass,1445.000,Elexon BMRS FUELHH
2022-03-18T21:00:00Z,Coal,525.000,Elexon BMRS FUELHH
2022-03-18T21:00:00Z,Gas,8982.000,Elexon BMRS FUELHH
2022-03-18T21:00:00Z,Hydro,484.000,Elexon BMRS FUELHH
2022-03-18T21:00:00Z,Imports & Exports,4240.000,Elexon BMRS FUELHH
2022-03-18T21:00:00Z,Nuclear,5818.000,Elexon BMRS FUELHH
2022-03-18T21:00:00Z,Other,150.000,Elexon BMRS FUELHH
2022-03-18T21:00:00Z,Pumped Storage,-12.000,Elexon BMRS FUELHH
2022-03-18T21:00:00Z,Wind,9834.000,Elexon BMRS FUELHH
2022-03-18T21:30:00Z,Biomass,1322.000,Elexon BMRS FUELHH
2022-03-18T21:30:00Z,Coal,262.000,Elexon BMRS FUELHH
2022-03-18T21:30:00Z,Gas,7739.000,Elexon BMRS FUELHH
2022-03-18T21:30:00Z,Hydro,469.000,Elexon BMRS FUELHH
2022-03-18T21:30:00Z,Imports & Exports,4198.000,Elexon BMRS FUELHH
2022-03-18T21:30:00Z,Nuclear,5819.000,Elexon BMRS FUELHH
2022-03-18T21:30:00Z,Other,151.000,Elexon BMRS FUELHH
2022-03-18T21:30:00Z,Pumped Storage,-12.000,Elexon BMRS FUELHH
2022-03-18T21:30:00Z,Wind,10155.000,Elexon BMRS FUELHH
2022-03-18T22:00:00Z,Biomass,1308.000,Elexon BMRS FUELHH
2022-03-18T22:00:00Z,Coal,230.000,Elexon BMRS FUELHH
2022-03-18T22:00:00Z,Gas,6837.000,Elexon BMRS FUELHH
2022-03-18T22:00:00Z,Hydro,350.000,Elexon BMRS FUELHH
2022-03-18T22:00:00Z,Imports & Exports,3218.000,Elexon BMRS FUELHH
2022-03-18T22:00:00Z,Nuclear,5817.000,Elexon BMRS FUELHH
2022-03-18T22:00:00Z,Other,150.000,Elexon BMRS FUELHH
2022-03-18T22:00:00Z,Pumped Storage,-14.000,Elexon BMRS FUELHH
2022-03-18T22:00:00Z,Wind,10289.000,Elexon BMRS FUELHH
2022-03-18T22:30:00Z,Biomass,1235.000,Elexon BMRS FUELHH
2022-03-18T22:30:00Z,Coal,230.000,Elexon BMRS FUELHH
2022-03-18T22:30:00Z,Gas,5539.000,Elexon BMRS FUELHH
2022-03-18T22:30:00Z,Hydro,314.000,Elexon BMRS FUELHH
2022-03-18T22:30:00Z,Imports & Exports,3170.000,Elexon BMRS FUELHH
2022-03-18T22:30:00Z,Nuclear,5815.000,Elexon BMRS FUELHH
2022-03-18T22:30:00Z,Other,149.000,Elexon BMRS FUELHH
2022-03-18T22:30:00Z,Pumped Storage,-18.000,Elexon BMRS FUELHH
2022-03-18T22:30:00Z,Wind,10429.000,Elexon BMRS FUELHH
2022-03-18T23:00:00Z,Biomass,1150.000,Elexon BMRS FUELHH
2022-03-18T23:00:00Z,Coal,228.000,Elexon BMRS FUELHH
2022-03-18T23:00:00Z,Gas,3845.000,Elexon BMRS FUELHH
2022-03-18T23:00:00Z,Hydro,297.000,Elexon BMRS FUELHH
2022-03-18T23:00:00Z,Imports & Exports,3690.000,Elexon BMRS FUELHH
2022-03-18T23:00:00Z,Nuclear,5812.000,Elexon BMRS FUELHH
2022-03-18T23:00:00Z,Other,152.000,Elexon BMRS FUELHH
2022-03-18T23:00:00Z,Pumped Storage,-280.000,Elexon BMRS FUELHH
2022-03-18T23:00:00Z,Wind,10328.000,Elexon BMRS FUELHH
2022-03-18T23:30:00Z,Biomass,1137.000,Elexon BMRS FUELHH
2022-03-18T23:30:00Z,Coal,222.000,Elexon BMRS FUELHH
2022-03-18T23:30:00Z,Gas,3408.000,Elexon BMRS FUELHH
2022-03-18T23:30:00Z,Hydro,286.000,Elexon BMRS FUELHH
2022-03-18T23:30:00Z,Imports & Exports,3776.000,Elexon BMRS FUELHH
2022-03-18T23:30:00Z,Nuclear,5814.000,Elexon BMRS FUELHH
2022-03-18T23:30:00Z,Other,154.000,Elexon BMRS FUELHH
2022-03-18T23:30:00Z,Pumped Storage,-530.000,Elexon BMRS FUELHH
2022-03-18T23:30:00Z,Wind,9926.000,Elexon BMRS FUELHH
2022-03-19T00:00:00Z,Biomass,1145.000,Elexon BMRS FUELHH
2022-03-19T00:00:00Z,Coal,0.000,Elexon BMRS FUELHH
2022-03-19T00:00:00Z,Gas,3437.000,Elexon BMRS FUELHH
2022-03-19T00:00:00Z,Hydro,271.000,Elexon BMRS FUELHH
2022-03-19T00:00:00Z,Imports & Exports,4278.000,Elexon BMRS FUELHH
2022-03-19T00:00:00Z,Nuclear,5812.000,Elexon BMRS FUELHH
2022-03-19T00:00:00Z,Other,162.000,Elexon BMRS FUELHH
2022-03-19T00:00:00Z,Pumped Storage,-832.000,Elexon BMRS FUELHH
2022-03-19T00:00:00Z,Wind,9596.000,Elexon BMRS FUELHH
2022-03-19T00:30:00Z,Biomass,1148.000,Elexon BMRS FUELHH
2022-03-19T00:30:00Z,Coal,0.000,Elexon BMRS FUELHH
2022-03-19T00:30:00Z,Gas,3231.000,Elexon BMRS FUELHH
2022-03-19T00:30:00Z,Hydro,385.000,Elexon BMRS FUELHH
2022-03-19T00:30:00Z,Imports & Exports,4288.000,Elexon BMRS FUELHH
2022-03-19T00:30:00Z,Nuclear,5819.000,Elexon BMRS FUELHH
2022-03-19T00:30:00Z,Other,151.000,Elexon BMRS FUELHH
2022-03-19T00:30:00Z,Pumped Storage,-730.000,Elexon BMRS FUELHH
2022-03-19T00:30:00Z,Wind,9785.000,Elexon BMRS FUELHH
2022-03-19T01:00:00Z,Biomass,1156.000,Elexon BMRS FUELHH
2022-03-19T01:00:00Z,Coal,0.000,Elexon BMRS FUELHH
2022-03-19T01:00:00Z,Gas,3065.000,Elexon BMRS FUELHH
2022-03-19T01:00:00Z,Hydro,384.000,Elexon BMRS FUELHH
2022-03-19T01:00:00Z,Imports & Exports,3944.000,Elexon BMRS FUELHH
2022-03-19T01:00:00Z,Nuclear,5814.000,Elexon BMRS FUELHH
2022-03-19T01:00:00Z,Other,157.000,Elexon BMRS FUELHH
2022-03-19T01:00:00Z,Pumped Storage,-726.000,Elexon BMRS FUELHH
2022-03-19T01:00:00Z,Wind,9754.000,Elexon BMRS FUELHH
2022-03-19T01:30:00Z,Biomass,1135.000,Elexon BMRS FUELHH
2022-03-19T01:30:00Z,Coal,0.000,Elexon BMRS FUELHH
2022-03-19T01:30:00Z,Gas,2887.000,Elexon BMRS FUELHH
2022-03-19T01:30:00Z,Hydro,385.000,Elexon BMRS FUELHH
2022-03-19T01:30:00Z,Imports & Exports,3926.000,Elexon BMRS FUELHH
2022-03-19T01:30:00Z,Nuclear,5815.000,Elexon BMRS FUELHH
2022-03-19T01:30:00Z,Other,154.000,Elexon BMRS FUELHH
2022-03-19T01:30:00Z,Pumped Storage,-950.000,Elexon BMRS FUELHH
2022-03-19T01:30:00Z,Wind,9570.000,Elexon BMRS FUELHH
2022-03-19T02:00:00Z,Biomass,1148.000,Elexon BMRS FUELHH
2022-03-19T02:00:00Z,Coal,0.000,Elexon BMRS FUELHH
2022-03-19T02:00:00Z,Gas,2969.000,Elexon BMRS FUELHH
2022-03-19T02:00:00Z,Hydro,368.000,Elexon BMRS FUELHH
2022-03-19T02:00:00Z,Imports & Exports,3276.000,Elexon BMRS FUELHH
2022-03-19T02:00:00Z,Nuclear,5818.000,Elexon BMRS FUELHH
2022-03-19T02:00:00Z,Other,160.000,Elexon BMRS FUELHH
2022-03-19T02:00:00Z,Pumped Storage,-680.000,Elexon BMRS FUELHH
2022-03-19T02:00:00Z,Wind,9328.000,Elexon BMRS FUELHH
2022-03-19T02:30:00Z,Biomass,1243.000,Elexon BMRS FUELHH
2022-03-19T02:30:00Z,Coal,0.000,Elexon BMRS FUELHH
2022-03-19T02:30:00Z,Gas,2878.000,Elexon BMRS FUELHH
2022-03-19T02:30:00Z,Hydro,347.000,Elexon BMRS FUELHH
2022-03-19T02:30:00Z,Imports & Exports,3246.000,Elexon BMRS FUELHH
2022-03-19T02:30:00Z,Nuclear,5812.000,Elexon BMRS FUELHH
2022-03-19T02:30:00Z,Other,160.000,Elexon BMRS FUELHH
2022-03-19T02:30:00Z,Pumped Storage,-942.000,Elexon BMRS FUELHH
2022-03-19T02:30:00Z,Wind,9214.000,Elexon BMRS FUELHH
2022-03-19T03:00:00Z,Biomass,1276.000,Elexon BMRS FUELHH
2022-03-19T03:00:00Z,Coal,0.000,Elexon BMRS FUELHH
2022-03-19T03:00:00Z,Gas,3065.000,Elexon BMRS FUELHH
2022-03-19T03:00:00Z,Hydro,359.000,Elexon BMRS FUELHH
2022-03-19T03:00:00Z,Imports & Exports,2522.000,Elexon BMRS FUELHH
2022-03-19T03:00:00Z,Nuclear,5813.000,Elexon BMRS FUELHH
2022-03-19T03:00:00Z,Other,164.000,Elexon BMRS FUELHH
2022-03-19T03:00:00Z,Pumped Storage,-906.000,Elexon BMRS FUELHH
2022-03-19T03:00:00Z,Wind,9175.000,Elexon BMRS FUELHH
2022-03-19T03:30:00Z,Biomass,1294.000,Elexon BMRS FUELHH
2022-03-19T03:30:00Z,Coal,0.000,Elexon BMRS FUELHH
2022-03-19T03:30:00Z,Gas,3129.000,Elexon BMRS FUELHH
2022-03-19T03:30:00Z,Hydro,365.000,Elexon BMRS FUELHH
2022-03-19T03:30:00Z,Imports & Exports,2518.000,Elexon BMRS FUELHH
2022-03-19T03:30:00Z,Nuclear,5816.000,Elexon BMRS FUELHH
2022-03-19T03:30:00Z,Other,170.000,Elexon BMRS FUELHH
2022-03-19T03:30:00Z,Pumped Storage,-1206.000,Elexon BMRS FUELHH
2022-03-19T03:30:00Z,Wind,9088.000,Elexon BMRS FUELHH
2022-03-19T04:00:00Z,Biomass,1305.000,Elexon BMRS FUELHH
2022-03-19T04:00:00Z,Coal,0.000,Elexon BMRS FUELHH
2022-03-19T04:00:00Z,Gas,3222.000,Elexon BMRS FUELHH
2022-03-19T04:00:00Z,Hydro,251.000,Elexon BMRS FUELHH
2022-03-19T04:00:00Z,Imports & Exports,2274.000,Elexon BMRS FUELHH
2022-03-19T04:00:00Z,Nuclear,5815.000,Elexon BMRS FUELHH
2022-03-19T04:00:00Z,Other,175.000,Elexon BMRS FUELHH
2022-03-19T04:00:00Z,Pumped Storage,-1036.000,Elexon BMRS FUELHH
2022-03-19T04:00:00Z,Wind,8941.000,Elexon BMRS FUELHH
2022-03-19T04:30:00Z,Biomass,1283.000,Elexon BMRS FUELHH
2022-03-19T04:30:00Z,Coal,0.000,Elexon BMRS FUELHH
2022-03-19T04:30:00Z,Gas,3032.000,Elexon BMRS FUELHH
2022-03-19T04:30:00Z,Hydro,250.000,Elexon BMRS FUELHH
2022-03-19T04:30:00Z,Imports & Exports,2262.000,Elexon BMRS FUELHH
2022-03-19T04:30:00Z,Nuclear,5822.000,Elexon BMRS FUELHH
2022-03-19T04:30:00Z,Other,151.000,Elexon BMRS FUELHH
2022-03-19T04:30:00Z,Pumped Storage,-942.000,Elexon BMRS FUELHH
2022-03-19T04:30:00Z,Wind,9035.000,Elexon BMRS FUELHH
2022-03-19T05:00:00Z,Biomass,1198.000,Elexon BMRS FUELHH
2022-03-19T05:00:00Z,Coal,0.000,Elexon BMRS FUELHH
2022-03-19T05:00:00Z,Gas,2831.000,Elexon BMRS FUELHH
2022-03-19T05:00:00Z,Hydro,250.000,Elexon BMRS FUELHH
2022-03-19T05:00:00Z,Imports & Exports,2602.000,Elexon BMRS FUELHH
2022-03-19T05:00:00Z,Nuclear,5823.000,Elexon BMRS FUELHH
2022-03-19T05:00:00Z,Other,148.000,Elexon BMRS FUELHH
2022-03-19T05:00:00Z,Pumped Storage,-784.000,Elexon BMRS FUELHH
2022-03-19T05:00:00Z,Wind,9156.000,Elexon BMRS FUELHH
2022-03-19T05:30:00Z,Biomass,1183.000,Elexon BMRS FUELHH
2022-03-19T05:30:00Z,Coal,0.000,Elexon BMRS FUELHH
2022-03-19T05:30:00Z,Gas,2877.000,Elexon BMRS FUELHH
2022-03-19T05:30:00Z,Hydro,254.000,Elexon BMRS FUELHH
2022-03-19T05:30:00Z,Imports & Exports,2590.000,Elexon BMRS FUELHH
2022-03-19T05:30:00Z,Nuclear,5825.000,Elexon BMRS FUELHH
2022-03-19T05:30:00Z,Other,148.000,Elexon BMRS FUELHH
2022-03-19T05:30:00Z,Pumped Storage,-616.000,Elexon BMRS FUELHH
2022-03-19T05:30:00Z,Wind,9371.000,Elexon BMRS FUELHH
2022-03-19T06:00:00Z,Biomass,1142.000,Elexon BMRS FUELHH
2022-03-19T06:00:00Z,Coal,0.000,Elexon BMRS FUELHH
2022-03-19T06:00:00Z,Gas,2836.000,Elexon BMRS FUELHH
2022-03-19T06:00:00Z,Hydro,379.000,Elexon BMRS FUELHH
2022-03-19T06:00:00Z,Imports & Exports,3672.000,Elexon BMRS FUELHH
2022-03-19T06:00:00Z,Nuclear,5825.000,Elexon BMRS FUELHH
2022-03-19T06:00:00Z,Other,154.000,Elexon BMRS FUELHH
2022-03-19T06:00:00Z,Pumped Storage,-658.000,Elexon BMRS FUELHH
2022-03-19T06:00:00Z,Wind,9363.000,Elexon BMRS FUELHH
2022-03-19T06:30:00Z,Biomass,1206.000,Elexon BMRS FUELHH
2022-03-19T06:30:00Z,Coal,0.000,Elexon BMRS FUELHH
2022-03-19T06:30:00Z,Gas,3068.000,Elexon BMRS FUELHH
2022-03-19T06:30:00Z,Hydro,423.000,Elexon BMRS FUELHH
2022-03-19T06:30:00Z,Imports & Exports,3708.000,Elexon BMRS FUELHH
2022-03-19T06:30:00Z,Nuclear,5824.000,Elexon BMRS FUELHH
2022-03-19T06:30:00Z,Other,185.000,Elexon BMRS FUELHH
2022-03-19T06:30:00Z,Pumped Storage,-144.000,Elexon BMRS FUELHH
2022-03-19T06:30:00Z,Wind,9252.000,Elexon BMRS FUELHH
2022-03-19T07:00:00Z,Biomass,1277.000,Elexon BMRS FUELHH
2022-03-19T07:00:00Z,Coal,0.000,Elexon BMRS FUELHH
2022-03-19T07:00:00Z,Gas,3507.000,Elexon BMRS FUELHH
2022-03-19T07:00:00Z,Hydro,471.000,Elexon BMRS FUELHH
2022-03-19T07:00:00Z,Imports & Exports,4174.000,Elexon BMRS FUELHH
2022-03-19T07:00:00Z,Nuclear,5830.000,Elexon BMRS FUELHH
2022-03-19T07:00:00Z,Other,162.000,Elexon BMRS FUELHH
2022-03-19T07:00:00Z,Pumped Storage,-64.000,Elexon BMRS FUELHH
2022-03-19T07:00:00Z,Wind,9246.000,Elexon BMRS FUELHH
2022-03-19T07:30:00Z,Biomass,1261.000,Elexon BMRS FUELHH
2022-03-19T07:30:00Z,Coal,0.000,Elexon BMRS FUELHH
2022-03-19T07:30:00Z,Gas,3607.000,Elexon BMRS FUELHH
2022-03-19T07:30:00Z,Hydro,473.000,Elexon BMRS FUELHH
2022-03-19T07:30:00Z,Imports & Exports,4192.000,Elexon BMRS FUELHH
2022-03-19T07:30:00Z,Nuclear,5834.000,Elexon BMRS FUELHH
2022-03-19T07:30:00Z,Other,159.000,Elexon BMRS FUELHH
2022-03-19T07:30:00Z,Pumped Storage,20.000,Elexon BMRS FUELHH
2022-03-19T07:30:00Z,Wind,9314.000,Elexon BMRS FUELHH
2022-03-19T08:00:00Z,Biomass,1066.000,Elexon BMRS FUELHH
2022-03-19T08:00:00Z,Coal,0.000,Elexon BMRS FUELHH
2022-03-19T08:00:00Z,Gas,3748.000,Elexon BMRS FUELHH
2022-03-19T08:00:00Z,Hydro,523.000,Elexon BMRS FUELHH
2022-03-19T08:00:00Z,Imports & Exports,4094.000,Elexon BMRS FUELHH
2022-03-19T08:00:00Z,Nuclear,5827.000,Elexon BMRS FUELHH
2022-03-19T08:00:00Z,Other,189.000,Elexon BMRS FUELHH
2022-03-19T08:00:00Z,Pumped Storage,234.000,Elexon BMRS FUELHH
2022-03-19T08:00:00Z,Wind,9521.000,Elexon BMRS FUELHH
2022-03-19T08:30:00Z,Biomass,945.000,Elexon BMRS FUELHH
2022-03-19T08:30:00Z,Coal,0.000,Elexon BMRS FUELHH
2022-03-19T08:30:00Z,Gas,3521.000,Elexon BMRS FUELHH
2022-03-19T08:30:00Z,Hydro,538.000,Elexon BMRS FUELHH
2022-03-19T08:30:00Z,Imports & Exports,4088.000,Elexon BMRS FUELHH
2022-03-19T08:30:00Z,Nuclear,5829.000,Elexon BMRS FUELHH
2022-03-19T08:30:00Z,Other,185.000,Elexon BMRS FUELHH
2022-03-19T08:30:00Z,Pumped Storage,344.000,Elexon BMRS FUELHH
2022-03-19T08:30:00Z,Wind,9557.000,Elexon BMRS FUELHH
2022-03-19T09:00:00Z,Biomass,925.000,Elexon BMRS FUELHH
2022-03-19T09:00:00Z,Coal,0.000,Elexon BMRS FUELHH
2022-03-19T09:00:00Z,Gas,3381.000,Elexon BMRS FUELHH
2022-03-19T09:00:00Z,Hydro,540.000,Elexon BMRS FUELHH
2022-03-19T09:00:00Z,Imports & Exports,4074.000,Elexon BMRS FUELHH
2022-03-19T09:00:00Z,Nuclear,5830.000,Elexon BMRS FUELHH
2022-03-19T09:00:00Z,Other,165.000,Elexon BMRS FUELHH
2022-03-19T09:00:00Z,Pumped Storage,-120.000,Elexon BMRS FUELHH
2022-03-19T09:00:00Z,Wind,10068.000,Elexon BMRS FUELHH
2022-03-19T09:30:00Z,Biomass,841.000,Elexon BMRS FUELHH
2022-03-19T09:30:00Z,Coal,0.000,Elexon BMRS FUELHH
2022-03-19T09:30:00Z,Gas,2833.000,Elexon BMRS FUELHH
2022-03-19T09:30:00Z,Hydro,453.000,Elexon BMRS FUELHH
2022-03-19T09:30:00Z,Imports & Exports,4074.000,Elexon BMRS FUELHH
2022-03-19T09:30:00Z,Nuclear,5829.000,Elexon BMRS FUELHH
2022-03-19T09:30:00Z,Other,160.000,Elexon BMRS FUELHH
2022-03-19T09:30:00Z,Pumped Storage,-150.000,Elexon BMRS FUELHH
2022-03-19T09:30:00Z,Wind,10317.000,Elexon BMRS FUELHH
2022-03-19T10:00:00Z,Biomass,811.000,Elexon BMRS FUELHH
2022-03-19T10:00:00Z,Coal,0.000,Elexon BMRS FUELHH
2022-03-19T10:00:00Z,Gas,2553.000,Elexon BMRS FUELHH
2022-03-19T10:00:00Z,Hydro,385.000,Elexon BMRS FUELHH
2022-03-19T10:00:00Z,Imports & Exports,3682.000,Elexon BMRS FUELHH
2022-03-19T10:00:00Z,Nuclear,5829.000,Elexon BMRS FUELHH
2022-03-19T10:00:00Z,Other,150.000,Elexon BMRS FUELHH
2022-03-19T10:00:00Z,Pumped Storage,-342.000,Elexon BMRS FUELHH
2022-03-19T10:00:00Z,Wind,10579.000,Elexon BMRS FUELHH
2022-03-19T10:30:00Z,Biomass,791.000,Elexon BMRS FUELHH
2022-03-19T10:30:00Z,Coal,0.000,Elexon BMRS FUELHH
2022-03-19T10:30:00Z,Gas,2494.000,Elexon BMRS FUELHH
2022-03-19T10:30:00Z,Hydro,362.000,Elexon BMRS FUELHH
2022-03-19T10:30:00Z,Imports & Exports,3554.000,Elexon BMRS FUELHH
2022-03-19T10:30:00Z,Nuclear,5824.000,Elexon BMRS FUELHH
2022-03-19T10:30:00Z,Other,149.000,Elexon BMRS FUELHH
2022-03-19T10:30:00Z,Pumped Storage,-698.000,Elexon BMRS FUELHH
2022-03-19T10:30:00Z,Wind,10373.000,Elexon BMRS FUELHH
2022-03-19T11:00:00Z,Biomass,793.000,Elexon BMRS FUELHH
2022-03-19T11:00:00Z,Coal,0.000,Elexon BMRS FUELHH
2022-03-19T11:00:00Z,Gas,2509.000,Elexon BMRS FUELHH
2022-03-19T11:00:00Z,Hydro,330.000,Elexon BMRS FUELHH
2022-03-19T11:00:00Z,Imports & Exports,2376.000,Elexon BMRS FUELHH
2022-03-19T11:00:00Z,Nuclear,5818.000,Elexon BMRS FUELHH
2022-03-19T11:00:00Z,Other,151.000,Elexon BMRS FUELHH
2022-03-19T11:00:00Z,Pumped Storage,-348.000,Elexon BMRS FUELHH
2022-03-19T11:00:00Z,Wind,10079.000,Elexon BMRS FUELHH
2022-03-19T11:30:00Z,Biomass,790.000,Elexon BMRS FUELHH
2022-03-19T11:30:00Z,Coal,0.000,Elexon BMRS FUELHH
2022-03-19T11:30:00Z,Gas,2354.000,Elexon BMRS FUELHH
2022-03-19T11:30:00Z,Hydro,314.000,Elexon BMRS FUELHH
2022-03-19T11:30:00Z,Imports & Exports,2356.000,Elexon BMRS FUELHH
2022-03-19T11:30:00Z,Nuclear,5820.000,Elexon BMRS FUELHH
2022-03-19T11:30:00Z,Other,149.000,Elexon BMRS FUELHH
2022-03-19T11:30:00Z,Pumped Storage,-458.000,Elexon BMRS FUELHH
2022-03-19T11:30:00Z,Wind,10298.000,Elexon BMRS FUELHH
2022-03-19T12:00:00Z,Biomass,795.000,Elexon BMRS FUELHH
2022-03-19T12:00:00Z,Coal,0.000,Elexon BMRS FUELHH
2022-03-19T12:00:00Z,Gas,2358.000,Elexon BMRS FUELHH
2022-03-19T12:00:00Z,Hydro,231.000,Elexon BMRS FUELHH
2022-03-19T12:00:00Z,Imports & Exports,2112.000,Elexon BMRS FUELHH
2022-03-19T12:00:00Z,Nuclear,5818.000,Elexon BMRS FUELHH
2022-03-19T12:00:00Z,Other,150.000,Elexon BMRS FUELHH
2022-03-19T12:00:00Z,Pumped Storage,-1036.000,Elexon BMRS FUELHH
2022-03-19T12:00:00Z,Wind,10456.000,Elexon BMRS FUELHH
2022-03-19T12:30:00Z,Biomass,801.000,Elexon BMRS FUELHH
2022-03-19T12:30:00Z,Coal,0.000,Elexon BMRS FUELHH
2022-03-19T12:30:00Z,Gas,2160.000,Elexon BMRS FUELHH
2022-03-19T12:30:00Z,Hydro,185.000,Elexon BMRS FUELHH
2022-03-19T12:30:00Z,Imports & Exports,2186.000,Elexon BMRS FUELHH
2022-03-19T12:30:00Z,Nuclear,5821.000,Elexon BMRS FUELHH
2022-03-19T12:30:00Z,Other,150.000,Elexon BMRS FUELHH
2022-03-19T12:30:00Z,Pumped Storage,-1204.000,Elexon BMRS FUELHH
2022-03-19T12:30:00Z,Wind,10496.000,Elexon BMRS FUELHH
2022-03-19T13:00:00Z,Biomass,801.000,Elexon BMRS FUELHH
2022-03-19T13:00:00Z,Coal,0.000,Elexon BMRS FUELHH
2022-03-19T13:00:00Z,Gas,2072.000,Elexon BMRS FUELHH
2022-03-19T13:00:00Z,Hydro,184.000,Elexon BMRS FUELHH
2022-03-19T13:00:00Z,Imports & Exports,1774.000,Elexon BMRS FUELHH
2022-03-19T13:00:00Z,Nuclear,5820.000,Elexon BMRS FUELHH
2022-03-19T13:00:00Z,Other,157.000,Elexon BMRS FUELHH
2022-03-19T13:00:00Z,Pumped Storage,-1338.000,Elexon BMRS FUELHH
2022-03-19T13:00:00Z,Wind,10647.000,Elexon BMRS FUELHH
2022-03-19T13:30:00Z,Biomass,805.000,Elexon BMRS FUELHH
2022-03-19T13:30:00Z,Coal,0.000,Elexon BMRS FUELHH
2022-03-19T13:30:00Z,Gas,2093.000,Elexon BMRS FUELHH
2022-03-19T13:30:00Z,Hydro,185.000,Elexon BMRS FUELHH
2022-03-19T13:30:00Z,Imports & Exports,1724.000,Elexon BMRS FUELHH
2022-03-19T13:30:00Z,Nuclear,5817.000,Elexon BMRS FUELHH
2022-03-19T13:30:00Z,Other,168.000,Elexon BMRS FUELHH
2022-03-19T13:30:00Z,Pumped Storage,-1340.000,Elexon BMRS FUELHH
2022-03-19T13:30:00Z,Wind,10364.000,Elexon BMRS FUELHH
2022-03-19T14:00:00Z,Biomass,807.000,Elexon BMRS FUELHH
2022-03-19T14:00:00Z,Coal,0.000,Elexon BMRS FUELHH
2022-03-19T14:00:00Z,Gas,2119.000,Elexon BMRS FUELHH
2022-03-19T14:00:00Z,Hydro,184.000,Elexon BMRS FUELHH
2022-03-19T14:00:00Z,Imports & Exports,1578.000,Elexon BMRS FUELHH
2022-03-19T14:00:00Z,Nuclear,5821.000,Elexon BMRS FUELHH
2022-03-19T14:00:00Z,Other,160.000,Elexon BMRS FUELHH
2022-03-19T14:00:00Z,Pumped Storage,-1334.000,Elexon BMRS FUELHH
2022-03-19T14:00:00Z,Wind,10576.000,Elexon BMRS FUELHH
2022-03-19T14:30:00Z,Biomass,791.000,Elexon BMRS FUELHH
2022-03-19T14:30:00Z,Coal,0.000,Elexon BMRS FUELHH
2022-03-19T14:30:00Z,Gas,2442.000,Elexon BMRS FUELHH
2022-03-19T14:30:00Z,Hydro,184.000,Elexon BMRS FUELHH
2022-03-19T14:30:00Z,Imports & Exports,1642.000,Elexon BMRS FUELHH
2022-03-19T14:30:00Z,Nuclear,5818.000,Elexon BMRS FUELHH
2022-03-19T14:30:00Z,Other,150.000,Elexon BMRS FUELHH
2022-03-19T14:30:00Z,Pumped Storage,-1452.000,Elexon BMRS FUELHH
2022-03-19T14:30:00Z,Wind,10871.000,Elexon BMRS FUELHH
2022-03-19T15:00:00Z,Biomass,803.000,Elexon BMRS FUELHH
2022-03-19T15:00:00Z,Coal,0.000,Elexon BMRS FUELHH
2022-03-19T15:00:00Z,Gas,2642.000,Elexon BMRS FUELHH
2022-03-19T15:00:00Z,Hydro,200.000,Elexon BMRS FUELHH
2022-03-19T15:00:00Z,Imports & Exports,2082.000,Elexon BMRS FUELHH
2022-03-19T15:00:00Z,Nuclear,5817.000,Elexon BMRS FUELHH
2022-03-19T15:00:00Z,Other,161.000,Elexon BMRS FUELHH
2022-03-19T15:00:00Z,Pumped Storage,-1288.000,Elexon BMRS FUELHH
2022-03-19T15:00:00Z,Wind,10641.000,Elexon BMRS FUELHH
2022-03-19T15:30:00Z,Biomass,816.000,Elexon BMRS FUELHH
2022-03-19T15:30:00Z,Coal,0.000,Elexon BMRS FUELHH
2022-03-19T15:30:00Z,Gas,2877.000,Elexon BMRS FUELHH
2022-03-19T15:30:00Z,Hydro,204.000,Elexon BMRS FUELHH
2022-03-19T15:30:00Z,Imports & Exports,2076.000,Elexon BMRS FUELHH
2022-03-19T15:30:00Z,Nuclear,5817.000,Elexon BMRS FUELHH
2022-03-19T15:30:00Z,Other,189.000,Elexon BMRS FUELHH
2022-03-19T15:30:00Z,Pumped Storage,-978.000,Elexon BMRS FUELHH
2022-03-19T15:30:00Z,Wind,11033.000,Elexon BMRS FUELHH
2022-03-19T16:00:00Z,Biomass,814.000,Elexon BMRS FUELHH
2022-03-19T16:00:00Z,Coal,0.000,Elexon BMRS FUELHH
2022-03-19T16:00:00Z,Gas,3617.000,Elexon BMRS FUELHH
2022-03-19T16:00:00Z,Hydro,203.000,Elexon BMRS FUELHH
2022-03-19T16:00:00Z,Imports & Exports,1436.000,Elexon BMRS FUELHH
2022-03-19T16:00:00Z,Nuclear,5822.000,Elexon BMRS FUELHH
2022-03-19T16:00:00Z,Other,198.000,Elexon BMRS FUELHH
2022-03-19T16:00:00Z,Pumped Storage,-230.000,Elexon BMRS FUELHH
2022-03-19T16:00:00Z,Wind,12028.000,Elexon BMRS FUELHH
2022-03-19T16:30:00Z,Biomass,849.000,Elexon BMRS FUELHH
2022-03-19T16:30:00Z,Coal,0.000,Elexon BMRS FUELHH
2022-03-19T16:30:00Z,Gas,4921.000,Elexon BMRS FUELHH
2022-03-19T16:30:00Z,Hydro,292.000,Elexon BMRS FUELHH
2022-03-19T16:30:00Z,Imports & Exports,1400.000,Elexon BMRS FUELHH
2022-03-19T16:30:00Z,Nuclear,5823.000,Elexon BMRS FUELHH
2022-03-19T16:30:00Z,Other,203.000,Elexon BMRS FUELHH
2022-03-19T16:30:00Z,Pumped Storage,36.000,Elexon BMRS FUELHH
2022-03-19T16:30:00Z,Wind,12643.000,Elexon BMRS FUELHH
2022-03-19T17:00:00Z,Biomass,819.000,Elexon BMRS FUELHH
2022-03-19T17:00:00Z,Coal,0.000,Elexon BMRS FUELHH
2022-03-19T17:00:00Z,Gas,5457.000,Elexon BMRS FUELHH
2022-03-19T17:00:00Z,Hydro,346.000,Elexon BMRS FUELHH
2022-03-19T17:00:00Z,Imports & Exports,2172.000,Elexon BMRS FUELHH
2022-03-19T17:00:00Z,Nuclear,5821.000,Elexon BMRS FUELHH
2022-03-19T17:00:00Z,Other,187.000,Elexon BMRS FUELHH
2022-03-19T17:00:00Z,Pumped Storage,424.000,Elexon BMRS FUELHH
2022-03-19T17:00:00Z,Wind,13275.000,Elexon BMRS FUELHH
2022-03-19T17:30:00Z,Biomass,909.000,Elexon BMRS FUELHH
2022-03-19T17:30:00Z,Coal,0.000,Elexon BMRS FUELHH
2022-03-19T17:30:00Z,Gas,6272.000,Elexon BMRS FUELHH
2022-03-19T17:30:00Z,Hydro,387.000,Elexon BMRS FUELHH
2022-03-19T17:30:00Z,Imports & Exports,2324.000,Elexon BMRS FUELHH
2022-03-19T17:30:00Z,Nuclear,5823.000,Elexon BMRS FUELHH
2022-03-19T17:30:00Z,Other,211.000,Elexon BMRS FUELHH
2022-03-19T17:30:00Z,Pumped Storage,532.000,Elexon BMRS FUELHH
2022-03-19T17:30:00Z,Wind,14023.000,Elexon BMRS FUELHH
2022-03-19T18:00:00Z,Biomass,904.000,Elexon BMRS FUELHH
2022-03-19T18:00:00Z,Coal,0.000,Elexon BMRS FUELHH
2022-03-19T18:00:00Z,Gas,6507.000,Elexon BMRS FUELHH
2022-03-19T18:00:00Z,Hydro,385.000,Elexon BMRS FUELHH
2022-03-19T18:00:00Z,Imports & Exports,2518.000,Elexon BMRS FUELHH
2022-03-19T18:00:00Z,Nuclear,5821.000,Elexon BMRS FUELHH
2022-03-19T18:00:00Z,Other,167.000,Elexon BMRS FUELHH
2022-03-19T18:00:00Z,Pumped Storage,1108.000,Elexon BMRS FUELHH
2022-03-19T18:00:00Z,Wind,14349.000,Elexon BMRS FUELHH
2022-03-19T18:30:00Z,Biomass,936.000,Elexon BMRS FUELHH
2022-03-19T18:30:00Z,Coal,0.000,Elexon BMRS FUELHH
2022-03-19T18:30:00Z,Gas,7183.000,Elexon BMRS FUELHH
2022-03-19T18:30:00Z,Hydro,385.000,Elexon BMRS FUELHH
2022-03-19T18:30:00Z,Imports & Exports,2574.000,Elexon BMRS FUELHH
2022-03-19T18:30:00Z,Nuclear,5815.000,Elexon BMRS FUELHH
2022-03-19T18:30:00Z,Other,211.000,Elexon BMRS FUELHH
2022-03-19T18:30:00Z,Pumped Storage,1196.000,Elexon BMRS FUELHH
2022-03-19T18:30:00Z,Wind,14427.000,Elexon BMRS FUELHH
2022-03-19T19:00:00Z,Biomass,935.000,Elexon BMRS FUELHH
2022-03-19T19:00:00Z,Coal,0.000,Elexon BMRS FUELHH
2022-03-19T19:00:00Z,Gas,6934.000,Elexon BMRS FUELHH
2022-03-19T19:00:00Z,Hydro,386.000,Elexon BMRS FUELHH
2022-03-19T19:00:00Z,Imports & Exports,3002.000,Elexon BMRS FUELHH
2022-03-19T19:00:00Z,Nuclear,5820.000,Elexon BMRS FUELHH
2022-03-19T19:00:00Z,Other,182.000,Elexon BMRS FUELHH
2022-03-19T19:00:00Z,Pumped Storage,1122.000,Elexon BMRS FUELHH
2022-03-19T19:00:00Z,Wind,14556.000,Elexon BMRS FUELHH
2022-03-19T19:30:00Z,Biomass,886.000,Elexon BMRS FUELHH
2022-03-19T19:30:00Z,Coal,0.000,Elexon BMRS FUELHH
2022-03-19T19:30:00Z,Gas,6269.000,Elexon BMRS FUELHH
2022-03-19T19:30:00Z,Hydro,381.000,Elexon BMRS FUELHH
2022-03-19T19:30:00Z,Imports & Exports,2932.000,Elexon BMRS FUELHH
2022-03-19T19:30:00Z,Nuclear,5818.000,Elexon BMRS FUELHH
2022-03-19T19:30:00Z,Other,158.000,Elexon BMRS FUELHH
2022-03-19T19:30:00Z,Pumped Storage,1024.000,Elexon BMRS FUELHH
2022-03-19T19:30:00Z,Wind,14500.000,Elexon BMRS FUELHH
2022-03-19T20:00:00Z,Biomass,930.000,Elexon BMRS FUELHH
2022-03-19T20:00:00Z,Coal,0.000,Elexon BMRS FUELHH
2022-03-19T20:00:00Z,Gas,6428.000,Elexon BMRS FUELHH
2022-03-19T20:00:00Z,Hydro,293.000,Elexon BMRS FUELHH
2022-03-19T20:00:00Z,Imports & Exports,2206.000,Elexon BMRS FUELHH
2022-03-19T20:00:00Z,Nuclear,5816.000,Elexon BMRS FUELHH
2022-03-19T20:00:00Z,Other,159.000,Elexon BMRS FUELHH
2022-03-19T20:00:00Z,Pumped Storage,364.000,Elexon BMRS FUELHH
2022-03-19T20:00:00Z,Wind,14526.000,Elexon BMRS FUELHH
2022-03-19T20:30:00Z,Biomass,914.000,Elexon BMRS FUELHH
2022-03-19T20:30:00Z,Coal,0.000,Elexon BMRS FUELHH
2022-03-19T20:30:00Z,Gas,6038.000,Elexon BMRS FUELHH
2022-03-19T20:30:00Z,Hydro,278.000,Elexon BMRS FUELHH
2022-03-19T20:30:00Z,Imports & Exports,2148.000,Elexon BMRS FUELHH
2022-03-19T20:30:00Z,Nuclear,5818.000,Elexon BMRS FUELHH
2022-03-19T20:30:00Z,Other,172.000,Elexon BMRS FUELHH
2022-03-19T20:30:00Z,Pumped Storage,88.000,Elexon BMRS FUELHH
2022-03-19T20:30:00Z,Wind,14479.000,Elexon BMRS FUELHH
2022-03-19T21:00:00Z,Biomass,919.000,Elexon BMRS FUELHH
2022-03-19T21:00:00Z,Coal,0.000,Elexon BMRS FUELHH
2022-03-19T21:00:00Z,Gas,5199.000,Elexon BMRS FUELHH
2022-03-19T21:00:00Z,Hydro,278.000,Elexon BMRS FUELHH
2022-03-19T21:00:00Z,Imports & Exports,2220.000,Elexon BMRS FUELHH
2022-03-19T21:00:00Z,Nuclear,5819.000,Elexon BMRS FUELHH
2022-03-19T21:00:00Z,Other,161.000,Elexon BMRS FUELHH
2022-03-19T21:00:00Z,Pumped Storage,-16.000,Elexon BMRS FUELHH
2022-03-19T21:00:00Z,Wind,14420.000,Elexon BMRS FUELHH
2022-03-19T21:30:00Z,Biomass,969.000,Elexon BMRS FUELHH
2022-03-19T21:30:00Z,Coal,0.000,Elexon BMRS FUELHH
2022-03-19T21:30:00Z,Gas,4078.000,Elexon BMRS FUELHH
2022-03-19T21:30:00Z,Hydro,278.000,Elexon BMRS FUELHH
2022-03-19T21:30:00Z,Imports & Exports,2198.000,Elexon BMRS FUELHH
2022-03-19T21:30:00Z,Nuclear,5824.000,Elexon BMRS FUELHH
2022-03-19T21:30:00Z,Other,141.000,Elexon BMRS FUELHH
2022-03-19T21:30:00Z,Pumped Storage,-110.000,Elexon BMRS FUELHH
2022-03-19T21:30:00Z,Wind,14163.000,Elexon BMRS FUELHH
2022-03-19T22:00:00Z,Biomass,1100.000,Elexon BMRS FUELHH
2022-03-19T22:00:00Z,Coal,0.000,Elexon BMRS FUELHH
2022-03-19T22:00:00Z,Gas,3467.000,Elexon BMRS FUELHH
2022-03-19T22:00:00Z,Hydro,258.000,Elexon BMRS FUELHH
2022-03-19T22:00:00Z,Imports & Exports,1718.000,Elexon BMRS FUELHH
2022-03-19T22:00:00Z,Nuclear,5827.000,Elexon BMRS FUELHH
2022-03-19T22:00:00Z,Other,140.000,Elexon BMRS FUELHH
2022-03-19T22:00:00Z,Pumped Storage,-196.000,Elexon BMRS FUELHH
2022-03-19T22:00:00Z,Wind,13892.000,Elexon BMRS FUELHH
2022-03-19T22:30:00Z,Biomass,1094.000,Elexon BMRS FUELHH
2022-03-19T22:30:00Z,Coal,0.000,Elexon BMRS FUELHH
2022-03-19T22:30:00Z,Gas,3005.000,Elexon BMRS FUELHH
2022-03-19T22:30:00Z,Hydro,254.000,Elexon BMRS FUELHH
2022-03-19T22:30:00Z,Imports & Exports,1746.000,Elexon BMRS FUELHH
2022-03-19T22:30:00Z,Nuclear,5821.000,Elexon BMRS FUELHH
2022-03-19T22:30:00Z,Other,136.000,Elexon BMRS FUELHH
2022-03-19T22:30:00Z,Pumped Storage,-142.000,Elexon BMRS FUELHH
2022-03-19T22:30:00Z,Wind,13195.000,Elexon BMRS FUELHH
2022-03-19T23:00:00Z,Biomass,1071.000,Elexon BMRS FUELHH
2022-03-19T23:00:00Z,Coal,0.000,Elexon BMRS FUELHH
2022-03-19T23:00:00Z,Gas,2976.000,Elexon BMRS FUELHH
2022-03-19T23:00:00Z,Hydro,254.000,Elexon BMRS FUELHH
2022-03-19T23:00:00Z,Imports & Exports,1026.000,Elexon BMRS FUELHH
2022-03-19T23:00:00Z,Nuclear,5823.000,Elexon BMRS FUELHH
2022-03-19T23:00:00Z,Other,147.000,Elexon BMRS FUELHH
2022-03-19T23:00:00Z,Pumped Storage,-334.000,Elexon BMRS FUELHH
2022-03-19T23:00:00Z,Wind,12605.000,Elexon BMRS FUELHH
2022-03-19T23:30:00Z,Biomass,1066.000,Elexon BMRS FUELHH
2022-03-19T23:30:00Z,Coal,0.000,Elexon BMRS FUELHH
2022-03-19T23:30:00Z,Gas,2994.000,Elexon BMRS FUELHH
2022-03-19T23:30:00Z,Hydro,251.000,Elexon BMRS FUELHH
2022-03-19T23:30:00Z,Imports & Exports,976.000,Elexon BMRS FUELHH
2022-03-19T23:30:00Z,Nuclear,5821.000,Elexon BMRS FUELHH
2022-03-19T23:30:00Z,Other,149.000,Elexon BMRS FUELHH
2022-03-19T23:30:00Z,Pumped Storage,-606.000,Elexon BMRS FUELHH
2022-03-19T23:30:00Z,Wind,12114.000,Elexon BMRS FUELHH
2022-03-20T00:00:00Z,Biomass,1067.000,Elexon BMRS FUELHH
2022-03-20T00:00:00Z,Coal,0.000,Elexon BMRS FUELHH
2022-03-20T00:00:00Z,Gas,2882.000,Elexon BMRS FUELHH
2022-03-20T00:00:00Z,Hydro,238.000,Elexon BMRS FUELHH
2022-03-20T00:00:00Z,Imports & Exports,1612.000,Elexon BMRS FUELHH
2022-03-20T00:00:00Z,Nuclear,5815.000,Elexon BMRS FUELHH
2022-03-20T00:00:00Z,Other,148.000,Elexon BMRS FUELHH
2022-03-20T00:00:00Z,Pumped Storage,-630.000,Elexon BMRS FUELHH
2022-03-20T00:00:00Z,Wind,11857.000,Elexon BMRS FUELHH
2022-03-20T00:30:00Z,Biomass,1190.000,Elexon BMRS FUELHH
2022-03-20T00:30:00Z,Coal,0.000,Elexon BMRS FUELHH
2022-03-20T00:30:00Z,Gas,3109.000,Elexon BMRS FUELHH
2022-03-20T00:30:00Z,Hydro,218.000,Elexon BMRS FUELHH
2022-03-20T00:30:00Z,Imports & Exports,1732.000,Elexon BMRS FUELHH
2022-03-20T00:30:00Z,Nuclear,5817.000,Elexon BMRS FUELHH
2022-03-20T00:30:00Z,Other,145.000,Elexon BMRS FUELHH
2022-03-20T00:30:00Z,Pumped Storage,-802.000,Elexon BMRS FUELHH
2022-03-20T00:30:00Z,Wind,11513.000,Elexon BMRS FUELHH
2022-03-20T01:00:00Z,Biomass,1206.000,Elexon BMRS FUELHH
2022-03-20T01:00:00Z,Coal,0.000,Elexon BMRS FUELHH
2022-03-20T01:00:00Z,Gas,3111.000,Elexon BMRS FUELHH
2022-03-20T01:00:00Z,Hydro,216.000,Elexon BMRS FUELHH
2022-03-20T01:00:00Z,Imports & Exports,1060.000,Elexon BMRS FUELHH
2022-03-20T01:00:00Z,Nuclear,5815.000,Elexon BMRS FUELHH
2022-03-20T01:00:00Z,Other,136.000,Elexon BMRS FUELHH
2022-03-20T01:00:00Z,Pumped Storage,-256.000,Elexon BMRS FUELHH
2022-03-20T01:00:00Z,Wind,11228.000,Elexon BMRS FUELHH
2022-03-20T01:30:00Z,Biomass,1071.000,Elexon BMRS FUELHH
2022-03-20T01:30:00Z,Coal,0.000,Elexon BMRS FUELHH
2022-03-20T01:30:00Z,Gas,3110.000,Elexon BMRS FUELHH
2022-03-20T01:30:00Z,Hydro,215.000,Elexon BMRS FUELHH
2022-03-20T01:30:00Z,Imports & Exports,992.000,Elexon BMRS FUELHH
2022-03-20T01:30:00Z,Nuclear,5822.000,Elexon BMRS FUELHH
2022-03-20T01:30:00Z,Other,134.000,Elexon BMRS FUELHH
2022-03-20T01:30:00Z,Pumped Storage,-344.000,Elexon BMRS FUELHH
2022-03-20T01:30:00Z,Wind,10779.000,Elexon BMRS FUELHH
2022-03-20T02:00:00Z,Biomass,1108.000,Elexon BMRS FUELHH
2022-03-20T02:00:00Z,Coal,0.000,Elexon BMRS FUELHH
2022-03-20T02:00:00Z,Gas,3341.000,Elexon BMRS FUELHH
2022-03-20T02:00:00Z,Hydro,216.000,Elexon BMRS FUELHH
2022-03-20T02:00:00Z,Imports & Exports,554.000,Elexon BMRS FUELHH
2022-03-20T02:00:00Z,Nuclear,5823.000,Elexon BMRS FUELHH
2022-03-20T02:00:00Z,Other,132.000,Elexon BMRS FUELHH
2022-03-20T02:00:00Z,Pumped Storage,-440.000,Elexon BMRS FUELHH
2022-03-20T02:00:00Z,Wind,10478.000,Elexon BMRS FUELHH
2022-03-20T02:30:00Z,Biomass,1108.000,Elexon BMRS FUELHH
2022-03-20T02:30:00Z,Coal,0.000,Elexon BMRS FUELHH
2022-03-20T02:30:00Z,Gas,3370.000,Elexon BMRS FUELHH
2022-03-20T02:30:00Z,Hydro,215.000,Elexon BMRS FUELHH
2022-03-20T02:30:00Z,Imports & Exports,500.000,Elexon BMRS FUELHH
2022-03-20T02:30:00Z,Nuclear,5826.000,Elexon BMRS FUELHH
2022-03-20T02:30:00Z,Other,136.000,Elexon BMRS FUELHH
2022-03-20T02:30:00Z,Pumped Storage,-356.000,Elexon BMRS FUELHH
2022-03-20T02:30:00Z,Wind,10218.000,Elexon BMRS FUELHH
2022-03-20T03:00:00Z,Biomass,1171.000,Elexon BMRS FUELHH
2022-03-20T03:00:00Z,Coal,0.000,Elexon BMRS FUELHH
2022-03-20T03:00:00Z,Gas,3485.000,Elexon BMRS FUELHH
2022-03-20T03:00:00Z,Hydro,215.000,Elexon BMRS FUELHH
2022-03-20T03:00:00Z,Imports & Exports,292.000,Elexon BMRS FUELHH
2022-03-20T03:00:00Z,Nuclear,5825.000,Elexon BMRS FUELHH
2022-03-20T03:00:00Z,Other,137.000,Elexon BMRS FUELHH
2022-03-20T03:00:00Z,Pumped Storage,-372.000,Elexon BMRS FUELHH
2022-03-20T03:00:00Z,Wind,9973.000,Elexon BMRS FUELHH
2022-03-20T03:30:00Z,Biomass,1166.000,Elexon BMRS FUELHH
2022-03-20T03:30:00Z,Coal,0.000,Elexon BMRS FUELHH
2022-03-20T03:30:00Z,Gas,3495.000,Elexon BMRS FUELHH
2022-03-20T03:30:00Z,Hydro,216.000,Elexon BMRS FUELHH
2022-03-20T03:30:00Z,Imports & Exports,222.000,Elexon BMRS FUELHH
2022-03-20T03:30:00Z,Nuclear,5827.000,Elexon BMRS FUELHH
2022-03-20T03:30:00Z,Other,134.000,Elexon BMRS FUELHH
2022-03-20T03:30:00Z,Pumped Storage,-598.000,Elexon BMRS FUELHH
2022-03-20T03:30:00Z,Wind,10062.000,Elexon BMRS FUELHH
2022-03-20T04:00:00Z,Biomass,1161.000,Elexon BMRS FUELHH
2022-03-20T04:00:00Z,Coal,0.000,Elexon BMRS FUELHH
2022-03-20T04:00:00Z,Gas,3468.000,Elexon BMRS FUELHH
2022-03-20T04:00:00Z,Hydro,215.000,Elexon BMRS FUELHH
2022-03-20T04:00:00Z,Imports & Exports,188.000,Elexon BMRS FUELHH
2022-03-20T04:00:00Z,Nuclear,5826.000,Elexon BMRS FUELHH
2022-03-20T04:00:00Z,Other,136.000,Elexon BMRS FUELHH
2022-03-20T04:00:00Z,Pumped Storage,-614.000,Elexon BMRS FUELHH
2022-03-20T04:00:00Z,Wind,10058.000,Elexon BMRS FUELHH
2022-03-20T04:30:00Z,Biomass,1166.000,Elexon BMRS FUELHH
2022-03-20T04:30:00Z,Coal,0.000,Elexon BMRS FUELHH
2022-03-20T04:30:00Z,Gas,3748.000,Elexon BMRS FUELHH
2022-03-20T04:30:00Z,Hydro,216.000,Elexon BMRS FUELHH
2022-03-20T04:30:00Z,Imports & Exports,222.000,Elexon BMRS FUELHH
2022-03-20T04:30:00Z,Nuclear,5822.000,Elexon BMRS FUELHH
2022-03-20T04:30:00Z,Other,139.000,Elexon BMRS FUELHH
2022-03-20T04:30:00Z,Pumped Storage,-570.000,Elexon BMRS FUELHH
2022-03-20T04:30:00Z,Wind,9583.000,Elexon BMRS FUELHH
2022-03-20T05:00:00Z,Biomass,1244.000,Elexon BMRS FUELHH
2022-03-20T05:00:00Z,Coal,0.000,Elexon BMRS FUELHH
2022-03-20T05:00:00Z,Gas,4004.000,Elexon BMRS FUELHH
2022-03-20T05:00:00Z,Hydro,220.000,Elexon BMRS FUELHH
2022-03-20T05:00:00Z,Imports & Exports,298.000,Elexon BMRS FUELHH
2022-03-20T05:00:00Z,Nuclear,5826.000,Elexon BMRS FUELHH
2022-03-20T05:00:00Z,Other,138.000,Elexon BMRS FUELHH
2022-03-20T05:00:00Z,Pumped Storage,-520.000,Elexon BMRS FUELHH
2022-03-20T05:00:00Z,Wind,9459.000,Elexon BMRS FUELHH
2022-03-20T05:30:00Z,Biomass,1161.000,Elexon BMRS FUELHH
2022-03-20T05:30:00Z,Coal,0.000,Elexon BMRS FUELHH
2022-03-20T05:30:00Z,Gas,4046.000,Elexon BMRS FUELHH
2022-03-20T05:30:00Z,Hydro,231.000,Elexon BMRS FUELHH
2022-03-20T05:30:00Z,Imports & Exports,278.000,Elexon BMRS FUELHH
2022-03-20T05:30:00Z,Nuclear,5829.000,Elexon BMRS FUELHH
2022-03-20T05:30:00Z,Other,147.000,Elexon BMRS FUELHH
2022-03-20T05:30:00Z,Pumped Storage,-538.000,Elexon BMRS FUELHH
2022-03-20T05:30:00Z,Wind,9846.000,Elexon BMRS FUELHH
2022-03-20T06:00:00Z,Biomass,1085.000,Elexon BMRS FUELHH
2022-03-20T06:00:00Z,Coal,0.000,Elexon BMRS FUELHH
2022-03-20T06:00:00Z,Gas,3937.000,Elexon BMRS FUELHH
2022-03-20T06:00:00Z,Hydro,232.000,Elexon BMRS FUELHH
2022-03-20T06:00:00Z,Imports & Exports,314.000,Elexon BMRS FUELHH
2022-03-20T06:00:00Z,Nuclear,5825.000,Elexon BMRS FUELHH
2022-03-20T06:00:00Z,Other,183.000,Elexon BMRS FUELHH
2022-03-20T06:00:00Z,Pumped Storage,-156.000,Elexon BMRS FUELHH
2022-03-20T06:00:00Z,Wind,10193.000,Elexon BMRS FUELHH
2022-03-20T06:30:00Z,Biomass,1201.000,Elexon BMRS FUELHH
2022-03-20T06:30:00Z,Coal,0.000,Elexon BMRS FUELHH
2022-03-20T06:30:00Z,Gas,4544.000,Elexon BMRS FUELHH
2022-03-20T06:30:00Z,Hydro,232.000,Elexon BMRS FUELHH
2022-03-20T06:30:00Z,Imports & Exports,154.000,Elexon BMRS FUELHH
2022-03-20T06:30:00Z,Nuclear,5825.000,Elexon BMRS FUELHH
2022-03-20T06:30:00Z,Other,155.000,Elexon BMRS FUELHH
2022-03-20T06:30:00Z,Pumped Storage,158.000,Elexon BMRS FUELHH
2022-03-20T06:30:00Z,Wind,9866.000,Elexon BMRS FUELHH
2022-03-20T07:00:00Z,Biomass,1204.000,Elexon BMRS FUELHH
2022-03-20T07:00:00Z,Coal,0.000,Elexon BMRS FUELHH
2022-03-20T07:00:00Z,Gas,4820.000,Elexon BMRS FUELHH
2022-03-20T07:00:00Z,Hydro,248.000,Elexon BMRS FUELHH
2022-03-20T07:00:00Z,Imports & Exports,566.000,Elexon BMRS FUELHH
2022-03-20T07:00:00Z,Nuclear,5828.000,Elexon BMRS FUELHH
2022-03-20T07:00:00Z,Other,152.000,Elexon BMRS FUELHH
2022-03-20T07:00:00Z,Pumped Storage,-18.000,Elexon BMRS FUELHH
2022-03-20T07:00:00Z,Wind,10028.000,Elexon BMRS FUELHH
2022-03-20T07:30:00Z,Biomass,1218.000,Elexon BMRS FUELHH
2022-03-20T07:30:00Z,Coal,0.000,Elexon BMRS FUELHH
2022-03-20T07:30:00Z,Gas,5267.000,Elexon BMRS FUELHH
2022-03-20T07:30:00Z,Hydro,250.000,Elexon BMRS FUELHH
2022-03-20T07:30:00Z,Imports & Exports,644.000,Elexon BMRS FUELHH
2022-03-20T07:30:00Z,Nuclear,5827.000,Elexon BMRS FUELHH
2022-03-20T07:30:00Z,Other,159.000,Elexon BMRS FUELHH
2022-03-20T07:30:00Z,Pumped Storage,-16.000,Elexon BMRS FUELHH
2022-03-20T07:30:00Z,Wind,9685.000,Elexon BMRS FUELHH
2022-03-20T08:00:00Z,Biomass,1289.000,Elexon BMRS FUELHH
2022-03-20T08:00:00Z,Coal,0.000,Elexon BMRS FUELHH
2022-03-20T08:00:00Z,Gas,4354.000,Elexon BMRS FUELHH
2022-03-20T08:00:00Z,Hydro,293.000,Elexon BMRS FUELHH
2022-03-20T08:00:00Z,Imports & Exports,2146.000,Elexon BMRS FUELHH
2022-03-20T08:00:00Z,Nuclear,5829.000,Elexon BMRS FUELHH
2022-03-20T08:00:00Z,Other,149.000,Elexon BMRS FUELHH
2022-03-20T08:00:00Z,Pumped Storage,-62.000,Elexon BMRS FUELHH
2022-03-20T08:00:00Z,Wind,9731.000,Elexon BMRS FUELHH
2022-03-20T08:30:00Z,Biomass,1294.000,Elexon BMRS FUELHH
2022-03-20T08:30:00Z,Coal,0.000,Elexon BMRS FUELHH
2022-03-20T08:30:00Z,Gas,4382.000,Elexon BMRS FUELHH
2022-03-20T08:30:00Z,Hydro,310.000,Elexon BMRS FUELHH
2022-03-20T08:30:00Z,Imports & Exports,2248.000,Elexon BMRS FUELHH
2022-03-20T08:30:00Z,Nuclear,5827.000,Elexon BMRS FUELHH
2022-03-20T08:30:00Z,Other,137.000,Elexon BMRS FUELHH
2022-03-20T08:30:00Z,Pumped Storage,-14.000,Elexon BMRS FUELHH
2022-03-20T08:30:00Z,Wind,9713.000,Elexon BMRS FUELHH
2022-03-20T09:00:00Z,Biomass,1344.000,Elexon BMRS FUELHH
2022-03-20T09:00:00Z,Coal,0.000,Elexon BMRS FUELHH
2022-03-20T09:00:00Z,Gas,5169.000,Elexon BMRS FUELHH
2022-03-20T09:00:00Z,Hydro,295.000,Elexon BMRS FUELHH
2022-03-20T09:00:00Z,Imports & Exports,1668.000,Elexon BMRS FUELHH
2022-03-20T09:00:00Z,Nuclear,5825.000,Elexon BMRS FUELHH
2022-03-20T09:00:00Z,Other,147.000,Elexon BMRS FUELHH
2022-03-20T09:00:00Z,Pumped Storage,-14.000,Elexon BMRS FUELHH
2022-03-20T09:00:00Z,Wind,9614.000,Elexon BMRS FUELHH
2022-03-20T09:30:00Z,Biomass,1335.000,Elexon BMRS FUELHH
2022-03-20T09:30:00Z,Coal,0.000,Elexon BMRS FUELHH
2022-03-20T09:30:00Z,Gas,5536.000,Elexon BMRS FUELHH
2022-03-20T09:30:00Z,Hydro,300.000,Elexon BMRS FUELHH
2022-03-20T09:30:00Z,Imports & Exports,1648.000,Elexon BMRS FUELHH
2022-03-20T09:30:00Z,Nuclear,5828.000,Elexon BMRS FUELHH
2022-03-20T09:30:00Z,Other,153.000,Elexon BMRS FUELHH
2022-03-20T09:30:00Z,Pumped Storage,-14.000,Elexon BMRS FUELHH
2022-03-20T09:30:00Z,Wind,9217.000,Elexon BMRS FUELHH
2022-03-20T10:00:00Z,Biomass,1235.000,Elexon BMRS FUELHH
2022-03-20T10:00:00Z,Coal,0.000,Elexon BMRS FUELHH
2022-03-20T10:00:00Z,Gas,5469.000,Elexon BMRS FUELHH
2022-03-20T10:00:00Z,Hydro,307.000,Elexon BMRS FUELHH
2022-03-20T10:00:00Z,Imports & Exports,1840.000,Elexon BMRS FUELHH
2022-03-20T10:00:00Z,Nuclear,5827.000,Elexon BMRS FUELHH
2022-03-20T10:00:00Z,Other,132.000,Elexon BMRS FUELHH
2022-03-20T10:00:00Z,Pumped Storage,-14.000,Elexon BMRS FUELHH
2022-03-20T10:00:00Z,Wind,9333.000,Elexon BMRS FUELHH
2022-03-20T10:30:00Z,Biomass,1230.000,Elexon BMRS FUELHH
2022-03-20T10:30:00Z,Coal,0.000,Elexon BMRS FUELHH
2022-03-20T10:30:00Z,Gas,5002.000,Elexon BMRS FUELHH
2022-03-20T10:30:00Z,Hydro,314.000,Elexon BMRS FUELHH
2022-03-20T10:30:00Z,Imports & Exports,1838.000,Elexon BMRS FUELHH
2022-03-20T10:30:00Z,Nuclear,5821.000,Elexon BMRS FUELHH
2022-03-20T10:30:00Z,Other,136.000,Elexon BMRS FUELHH
2022-03-20T10:30:00Z,Pumped Storage,-14.000,Elexon BMRS FUELHH
2022-03-20T10:30:00Z,Wind,9360.000,Elexon BMRS FUELHH
2022-03-20T11:00:00Z,Biomass,1220.000,Elexon BMRS FUELHH
2022-03-20T11:00:00Z,Coal,0.000,Elexon BMRS FUELHH
2022-03-20T11:00:00Z,Gas,5035.000,Elexon BMRS FUELHH
2022-03-20T11:00:00Z,Hydro,289.000,Elexon BMRS FUELHH
2022-03-20T11:00:00Z,Imports & Exports,1954.000,Elexon BMRS FUELHH
2022-03-20T11:00:00Z,Nuclear,5813.000,Elexon BMRS FUELHH
2022-03-20T11:00:00Z,Other,136.000,Elexon BMRS FUELHH
2022-03-20T11:00:00Z,Pumped Storage,-12.000,Elexon BMRS FUELHH
2022-03-20T11:00:00Z,Wind,9129.000,Elexon BMRS FUELHH
2022-03-20T11:30:00Z,Biomass,1226.000,Elexon BMRS FUELHH
2022-03-20T11:30:00Z,Coal,0.000,Elexon BMRS FUELHH
2022-03-20T11:30:00Z,Gas,5227.000,Elexon BMRS FUELHH
2022-03-20T11:30:00Z,Hydro,281.000,Elexon BMRS FUELHH
2022-03-20T11:30:00Z,Imports & Exports,1932.000,Elexon BMRS FUELHH
2022-03-20T11:30:00Z,Nuclear,5813.000,Elexon BMRS FUELHH
2022-03-20T11:30:00Z,Other,133.000,Elexon BMRS FUELHH
2022-03-20T11:30:00Z,Pumped Storage,-10.000,Elexon BMRS FUELHH
2022-03-20T11:30:00Z,Wind,9098.000,Elexon BMRS FUELHH
2022-03-20T12:00:00Z,Biomass,1278.000,Elexon BMRS FUELHH
2022-03-20T12:00:00Z,Coal,0.000,Elexon BMRS FUELHH
2022-03-20T12:00:00Z,Gas,5571.000,Elexon BMRS FUELHH
2022-03-20T12:00:00Z,Hydro,266.000,Elexon BMRS FUELHH
2022-03-20T12:00:00Z,Imports & Exports,1956.000,Elexon BMRS FUELHH
2022-03-20T12:00:00Z,Nuclear,5809.000,Elexon BMRS FUELHH
2022-03-20T12:00:00Z,Other,143.000,Elexon BMRS FUELHH
2022-03-20T12:00:00Z,Pumped Storage,-12.000,Elexon BMRS FUELHH
2022-03-20T12:00:00Z,Wind,8991.000,Elexon BMRS FUELHH
2022-03-20T12:30:00Z,Biomass,1297.000,Elexon BMRS FUELHH
2022-03-20T12:30:00Z,Coal,0.000,Elexon BMRS FUELHH
2022-03-20T12:30:00Z,Gas,5860.000,Elexon BMRS FUELHH
2022-03-20T12:30:00Z,Hydro,268.000,Elexon BMRS FUELHH
2022-03-20T12:30:00Z,Imports & Exports,1954.000,Elexon BMRS FUELHH
2022-03-20T12:30:00Z,Nuclear,5811.000,Elexon BMRS FUELHH
2022-03-20T12:30:00Z,Other,134.000,Elexon BMRS FUELHH
2022-03-20T12:30:00Z,Pumped Storage,-10.000,Elexon BMRS FUELHH
2022-03-20T12:30:00Z,Wind,8872.000,Elexon BMRS FUELHH
2022-03-20T13:00:00Z,Biomass,1377.000,Elexon BMRS FUELHH
2022-03-20T13:00:00Z,Coal,0.000,Elexon BMRS FUELHH
2022-03-20T13:00:00Z,Gas,6100.000,Elexon BMRS FUELHH
2022-03-20T13:00:00Z,Hydro,276.000,Elexon BMRS FUELHH
2022-03-20T13:00:00Z,Imports & Exports,2044.000,Elexon BMRS FUELHH
2022-03-20T13:00:00Z,Nuclear,5815.000,Elexon BMRS FUELHH
2022-03-20T13:00:00Z,Other,135.000,Elexon BMRS FUELHH
2022-03-20T13:00:00Z,Pumped Storage,-10.000,Elexon BMRS FUELHH
2022-03-20T13:00:00Z,Wind,8493.000,Elexon BMRS FUELHH
2022-03-20T13:30:00Z,Biomass,1365.000,Elexon BMRS FUELHH
2022-03-20T13:30:00Z,Coal,0.000,Elexon BMRS FUELHH
2022-03-20T13:30:00Z,Gas,6611.000,Elexon BMRS FUELHH
2022-03-20T13:30:00Z,Hydro,277.000,Elexon BMRS FUELHH
2022-03-20T13:30:00Z,Imports & Exports,2048.000,Elexon BMRS FUELHH
2022-03-20T13:30:00Z,Nuclear,5813.000,Elexon BMRS FUELHH
2022-03-20T13:30:00Z,Other,137.000,Elexon BMRS FUELHH
2022-03-20T13:30:00Z,Pumped Storage,-12.000,Elexon BMRS FUELHH
2022-03-20T13:30:00Z,Wind,7999.000,Elexon BMRS FUELHH
2022-03-20T14:00:00Z,Biomass,1500.000,Elexon BMRS FUELHH
2022-03-20T14:00:00Z,Coal,0.000,Elexon BMRS FUELHH
2022-03-20T14:00:00Z,Gas,7338.000,Elexon BMRS FUELHH
2022-03-20T14:00:00Z,Hydro,277.000,Elexon BMRS FUELHH
2022-03-20T14:00:00Z,Imports & Exports,1948.000,Elexon BMRS FUELHH
2022-03-20T14:00:00Z,Nuclear,5816.000,Elexon BMRS FUELHH
2022-03-20T14:00:00Z,Other,138.000,Elexon BMRS FUELHH
2022-03-20T14:00:00Z,Pumped Storage,20.000,Elexon BMRS FUELHH
2022-03-20T14:00:00Z,Wind,7347.000,Elexon BMRS FUELHH
2022-03-20T14:30:00Z,Biomass,1553.000,Elexon BMRS FUELHH
2022-03-20T14:30:00Z,Coal,0.000,Elexon BMRS FUELHH
2022-03-20T14:30:00Z,Gas,8185.000,Elexon BMRS FUELHH
2022-03-20T14:30:00Z,Hydro,272.000,Elexon BMRS FUELHH
2022-03-20T14:30:00Z,Imports & Exports,1962.000,Elexon BMRS FUELHH
2022-03-20T14:30:00Z,Nuclear,5816.000,Elexon BMRS FUELHH
2022-03-20T14:30:00Z,Other,152.000,Elexon BMRS FUELHH
2022-03-20T14:30:00Z,Pumped Storage,30.000,Elexon BMRS FUELHH
2022-03-20T14:30:00Z,Wind,6927.000,Elexon BMRS FUELHH
2022-03-20T15:00:00Z,Biomass,1551.000,Elexon BMRS FUELHH
2022-03-20T15:00:00Z,Coal,27.000,Elexon BMRS FUELHH
2022-03-20T15:00:00Z,Gas,8980.000,Elexon BMRS FUELHH
2022-03-20T15:00:00Z,Hydro,272.000,Elexon BMRS FUELHH
2022-03-20T15:00:00Z,Imports & Exports,2498.000,Elexon BMRS FUELHH
2022-03-20T15:00:00Z,Nuclear,5824.000,Elexon BMRS FUELHH
2022-03-20T15:00:00Z,Other,140.000,Elexon BMRS FUELHH
2022-03-20T15:00:00Z,Pumped Storage,62.000,Elexon BMRS FUELHH
2022-03-20T15:00:00Z,Wind,6320.000,Elexon BMRS FUELHH
2022-03-20T15:30:00Z,Biomass,1563.000,Elexon BMRS FUELHH
2022-03-20T15:30:00Z,Coal,196.000,Elexon BMRS FUELHH
2022-03-20T15:30:00Z,Gas,10340.000,Elexon BMRS FUELHH
2022-03-20T15:30:00Z,Hydro,291.000,Elexon BMRS FUELHH
2022-03-20T15:30:00Z,Imports & Exports,2518.000,Elexon BMRS FUELHH
2022-03-20T15:30:00Z,Nuclear,5824.000,Elexon BMRS FUELHH
2022-03-20T15:30:00Z,Other,144.000,Elexon BMRS FUELHH
2022-03-20T15:30:00Z,Pumped Storage,146.000,Elexon BMRS FUELHH
2022-03-20T15:30:00Z,Wind,5880.000,Elexon BMRS FUELHH
2022-03-20T16:00:00Z,Biomass,1620.000,Elexon BMRS FUELHH
2022-03-20T16:00:00Z,Coal,472.000,Elexon BMRS FUELHH
2022-03-20T16:00:00Z,Gas,11908.000,Elexon BMRS FUELHH
2022-03-20T16:00:00Z,Hydro,331.000,Elexon BMRS FUELHH
2022-03-20T16:00:00Z,Imports & Exports,3044.000,Elexon BMRS FUELHH
2022-03-20T16:00:00Z,Nuclear,5826.000,Elexon BMRS FUELHH
2022-03-20T16:00:00Z,Other,166.000,Elexon BMRS FUELHH
2022-03-20T16:00:00Z,Pumped Storage,4.000,Elexon BMRS FUELHH
2022-03-20T16:00:00Z,Wind,5317.000,Elexon BMRS FUELHH
2022-03-20T16:30:00Z,Biomass,1665.000,Elexon BMRS FUELHH
2022-03-20T16:30:00Z,Coal,681.000,Elexon BMRS FUELHH
2022-03-20T16:30:00Z,Gas,13664.000,Elexon BMRS FUELHH
2022-03-20T16:30:00Z,Hydro,538.000,Elexon BMRS FUELHH
2022-03-20T16:30:00Z,Imports & Exports,3086.000,Elexon BMRS FUELHH
2022-03-20T16:30:00Z,Nuclear,5827.000,Elexon BMRS FUELHH
2022-03-20T16:30:00Z,Other,247.000,Elexon BMRS FUELHH
2022-03-20T16:30:00Z,Pumped Storage,404.000,Elexon BMRS FUELHH
2022-03-20T16:30:00Z,Wind,4818.000,Elexon BMRS FUELHH
2022-03-20T17:00:00Z,Biomass,1684.000,Elexon BMRS FUELHH
2022-03-20T17:00:00Z,Coal,859.000,Elexon BMRS FUELHH
2022-03-20T17:00:00Z,Gas,14858.000,Elexon BMRS FUELHH
2022-03-20T17:00:00Z,Hydro,705.000,Elexon BMRS FUELHH
2022-03-20T17:00:00Z,Imports & Exports,3108.000,Elexon BMRS FUELHH
2022-03-20T17:00:00Z,Nuclear,5828.000,Elexon BMRS FUELHH
2022-03-20T17:00:00Z,Other,438.000,Elexon BMRS FUELHH
2022-03-20T17:00:00Z,Pumped Storage,724.000,Elexon BMRS FUELHH
2022-03-20T17:00:00Z,Wind,4388.000,Elexon BMRS FUELHH
2022-03-20T17:30:00Z,Biomass,1804.000,Elexon BMRS FUELHH
2022-03-20T17:30:00Z,Coal,899.000,Elexon BMRS FUELHH
2022-03-20T17:30:00Z,Gas,15658.000,Elexon BMRS FUELHH
2022-03-20T17:30:00Z,Hydro,764.000,Elexon BMRS FUELHH
2022-03-20T17:30:00Z,Imports & Exports,3236.000,Elexon BMRS FUELHH
2022-03-20T17:30:00Z,Nuclear,5829.000,Elexon BMRS FUELHH
2022-03-20T17:30:00Z,Other,654.000,Elexon BMRS FUELHH
2022-03-20T17:30:00Z,Pumped Storage,1086.000,Elexon BMRS FUELHH
2022-03-20T17:30:00Z,Wind,3954.000,Elexon BMRS FUELHH
2022-03-20T18:00:00Z,Biomass,2045.000,Elexon BMRS FUELHH
2022-03-20T18:00:00Z,Coal,900.000,Elexon BMRS FUELHH
2022-03-20T18:00:00Z,Gas,15893.000,Elexon BMRS FUELHH
2022-03-20T18:00:00Z,Hydro,771.000,Elexon BMRS FUELHH
2022-03-20T18:00:00Z,Imports & Exports,3378.000,Elexon BMRS FUELHH
2022-03-20T18:00:00Z,Nuclear,5828.000,Elexon BMRS FUELHH
2022-03-20T18:00:00Z,Other,733.000,Elexon BMRS FUELHH
2022-03-20T18:00:00Z,Pumped Storage,1756.000,Elexon BMRS FUELHH
2022-03-20T18:00:00Z,Wind,3756.000,Elexon BMRS FUELHH
2022-03-20T18:30:00Z,Biomass,2205.000,Elexon BMRS FUELHH
2022-03-20T18:30:00Z,Coal,899.000,Elexon BMRS FUELHH
2022-03-20T18:30:00Z,Gas,16486.000,Elexon BMRS FUELHH
2022-03-20T18:30:00Z,Hydro,703.000,Elexon BMRS FUELHH
2022-03-20T18:30:00Z,Imports & Exports,3492.000,Elexon BMRS FUELHH
2022-03-20T18:30:00Z,Nuclear,5825.000,Elexon BMRS FUELHH
2022-03-20T18:30:00Z,Other,765.000,Elexon BMRS FUELHH
2022-03-20T18:30:00Z,Pumped Storage,1984.000,Elexon BMRS FUELHH
2022-03-20T18:30:00Z,Wind,3629.000,Elexon BMRS FUELHH
2022-03-20T19:00:00Z,Biomass,2224.000,Elexon BMRS FUELHH
2022-03-20T19:00:00Z,Coal,890.000,Elexon BMRS FUELHH
2022-03-20T19:00:00Z,Gas,16210.000,Elexon BMRS FUELHH
2022-03-20T19:00:00Z,Hydro,723.000,Elexon BMRS FUELHH
2022-03-20T19:00:00Z,Imports & Exports,4000.000,Elexon BMRS FUELHH
2022-03-20T19:00:00Z,Nuclear,5825.000,Elexon BMRS FUELHH
2022-03-20T19:00:00Z,Other,722.000,Elexon BMRS FUELHH
2022-03-20T19:00:00Z,Pumped Storage,1816.000,Elexon BMRS FUELHH
2022-03-20T19:00:00Z,Wind,3702.000,Elexon BMRS FUELHH
2022-03-20T19:30:00Z,Biomass,2240.000,Elexon BMRS FUELHH
2022-03-20T19:30:00Z,Coal,851.000,Elexon BMRS FUELHH
2022-03-20T19:30:00Z,Gas,16349.000,Elexon BMRS FUELHH
2022-03-20T19:30:00Z,Hydro,611.000,Elexon BMRS FUELHH
2022-03-20T19:30:00Z,Imports & Exports,3978.000,Elexon BMRS FUELHH
2022-03-20T19:30:00Z,Nuclear,5827.000,Elexon BMRS FUELHH
2022-03-20T19:30:00Z,Other,499.000,Elexon BMRS FUELHH
2022-03-20T19:30:00Z,Pumped Storage,1028.000,Elexon BMRS FUELHH
2022-03-20T19:30:00Z,Wind,3839.000,Elexon BMRS FUELHH
2022-03-20T20:00:00Z,Biomass,2252.000,Elexon BMRS FUELHH
2022-03-20T20:00:00Z,Coal,814.000,Elexon BMRS FUELHH
2022-03-20T20:00:00Z,Gas,16560.000,Elexon BMRS FUELHH
2022-03-20T20:00:00Z,Hydro,523.000,Elexon BMRS FUELHH
2022-03-20T20:00:00Z,Imports & Exports,3552.000,Elexon BMRS FUELHH
2022-03-20T20:00:00Z,Nuclear,5825.000,Elexon BMRS FUELHH
2022-03-20T20:00:00Z,Other,410.000,Elexon BMRS FUELHH
2022-03-20T20:00:00Z,Pumped Storage,556.000,Elexon BMRS FUELHH
2022-03-20T20:00:00Z,Wind,3814.000,Elexon BMRS FUELHH
2022-03-20T20:30:00Z,Biomass,2252.000,Elexon BMRS FUELHH
2022-03-20T20:30:00Z,Coal,737.000,Elexon BMRS FUELHH
2022-03-20T20:30:00Z,Gas,16178.000,Elexon BMRS FUELHH
2022-03-20T20:30:00Z,Hydro,514.000,Elexon BMRS FUELHH
2022-03-20T20:30:00Z,Imports & Exports,3314.000,Elexon BMRS FUELHH
2022-03-20T20:30:00Z,Nuclear,5824.000,Elexon BMRS FUELHH
2022-03-20T20:30:00Z,Other,381.000,Elexon BMRS FUELHH
2022-03-20T20:30:00Z,Pumped Storage,-4.000,Elexon BMRS FUELHH
2022-03-20T20:30:00Z,Wind,3740.000,Elexon BMRS FUELHH
2022-03-20T21:00:00Z,Biomass,2251.000,Elexon BMRS FUELHH
2022-03-20T21:00:00Z,Coal,836.000,Elexon BMRS FUELHH
2022-03-20T21:00:00Z,Gas,15945.000,Elexon BMRS FUELHH
2022-03-20T21:00:00Z,Hydro,508.000,Elexon BMRS FUELHH
2022-03-20T21:00:00Z,Imports & Exports,2082.000,Elexon BMRS FUELHH
2022-03-20T21:00:00Z,Nuclear,5821.000,Elexon BMRS FUELHH
2022-03-20T21:00:00Z,Other,282.000,Elexon BMRS FUELHH
2022-03-20T21:00:00Z,Pumped Storage,150.000,Elexon BMRS FUELHH
2022-03-20T21:00:00Z,Wind,3724.000,Elexon BMRS FUELHH
2022-03-20T21:30:00Z,Biomass,2251.000,Elexon BMRS FUELHH
2022-03-20T21:30:00Z,Coal,721.000,Elexon BMRS FUELHH
2022-03-20T21:30:00Z,Gas,15127.000,Elexon BMRS FUELHH
2022-03-20T21:30:00Z,Hydro,469.000,Elexon BMRS FUELHH
2022-03-20T21:30:00Z,Imports & Exports,2022.000,Elexon BMRS FUELHH
2022-03-20T21:30:00Z,Nuclear,5822.000,Elexon BMRS FUELHH
2022-03-20T21:30:00Z,Other,267.000,Elexon BMRS FUELHH
2022-03-20T21:30:00Z,Pumped Storage,192.000,Elexon BMRS FUELHH
2022-03-20T21:30:00Z,Wind,3555.000,Elexon BMRS FUELHH
2022-03-20T22:00:00Z,Biomass,2215.000,Elexon BMRS FUELHH
2022-03-20T22:00:00Z,Coal,836.000,Elexon BMRS FUELHH
2022-03-20T22:00:00Z,Gas,14183.000,Elexon BMRS FUELHH
2022-03-20T22:00:00Z,Hydro,437.000,Elexon BMRS FUELHH
2022-03-20T22:00:00Z,Imports & Exports,1768.000,Elexon BMRS FUELHH
2022-03-20T22:00:00Z,Nuclear,5822.000,Elexon BMRS FUELHH
2022-03-20T22:00:00Z,Other,261.000,Elexon BMRS FUELHH
2022-03-20T22:00:00Z,Pumped Storage,44.000,Elexon BMRS FUELHH
2022-03-20T22:00:00Z,Wind,3459.000,Elexon BMRS FUELHH
2022-03-20T22:30:00Z,Biomass,2248.000,Elexon BMRS FUELHH
2022-03-20T22:30:00Z,Coal,801.000,Elexon BMRS FUELHH
2022-03-20T22:30:00Z,Gas,12944.000,Elexon BMRS FUELHH
2022-03-20T22:30:00Z,Hydro,412.000,Elexon BMRS FUELHH
2022-03-20T22:30:00Z,Imports & Exports,1890.000,Elexon BMRS FUELHH
2022-03-20T22:30:00Z,Nuclear,5823.000,Elexon BMRS FUELHH
2022-03-20T22:30:00Z,Other,248.000,Elexon BMRS FUELHH
2022-03-20T22:30:00Z,Pumped Storage,32.000,Elexon BMRS FUELHH
2022-03-20T22:30:00Z,Wind,3364.000,Elexon BMRS FUELHH
2022-03-20T23:00:00Z,Biomass,2129.000,Elexon BMRS FUELHH
2022-03-20T23:00:00Z,Coal,331.000,Elexon BMRS FUELHH
2022-03-20T23:00:00Z,Gas,11732.000,Elexon BMRS FUELHH
2022-03-20T23:00:00Z,Hydro,385.000,Elexon BMRS FUELHH
2022-03-20T23:00:00Z,Imports & Exports,2444.000,Elexon BMRS FUELHH
2022-03-20T23:00:00Z,Nuclear,5824.000,Elexon BMRS FUELHH
2022-03-20T23:00:00Z,Other,244.000,Elexon BMRS FUELHH
2022-03-20T23:00:00Z,Pumped Storage,-314.000,Elexon BMRS FUELHH
2022-03-20T23:00:00Z,Wind,3253.000,Elexon BMRS FUELHH
2022-03-20T23:30:00Z,Biomass,2075.000,Elexon BMRS FUELHH
2022-03-20T23:30:00Z,Coal,261.000,Elexon BMRS FUELHH
2022-03-20T23:30:00Z,Gas,11352.000,Elexon BMRS FUELHH
2022-03-20T23:30:00Z,Hydro,377.000,Elexon BMRS FUELHH
2022-03-20T23:30:00Z,Imports & Exports,2364.000,Elexon BMRS FUELHH
2022-03-20T23:30:00Z,Nuclear,5821.000,Elexon BMRS FUELHH
2022-03-20T23:30:00Z,Other,192.000,Elexon BMRS FUELHH
2022-03-20T23:30:00Z,Pumped Storage,-558.000,Elexon BMRS FUELHH
2022-03-20T23:30:00Z,Wind,3114.000,Elexon BMRS FUELHH
2022-03-21T00:00:00Z,Biomass,1992.000,Elexon BMRS FUELHH
2022-03-21T00:00:00Z,Coal,277.000,Elexon BMRS FUELHH
2022-03-21T00:00:00Z,Gas,11213.000,Elexon BMRS FUELHH
2022-03-21T00:00:00Z,Hydro,260.000,Elexon BMRS FUELHH
2022-03-21T00:00:00Z,Imports & Exports,2902.000,Elexon BMRS FUELHH
2022-03-21T00:00:00Z,Nuclear,5825.000,Elexon BMRS FUELHH
2022-03-21T00:00:00Z,Other,115.000,Elexon BMRS FUELHH
2022-03-21T00:00:00Z,Pumped Storage,-770.000,Elexon BMRS FUELHH
2022-03-21T00:00:00Z,Wind,2853.000,Elexon BMRS FUELHH
2022-03-21T00:30:00Z,Biomass,2081.000,Elexon BMRS FUELHH
2022-03-21T00:30:00Z,Coal,280.000,Elexon BMRS FUELHH
2022-03-21T00:30:00Z,Gas,11403.000,Elexon BMRS FUELHH
2022-03-21T00:30:00Z,Hydro,261.000,Elexon BMRS FUELHH
2022-03-21T00:30:00Z,Imports & Exports,3018.000,Elexon BMRS FUELHH
2022-03-21T00:30:00Z,Nuclear,5820.000,Elexon BMRS FUELHH
2022-03-21T00:30:00Z,Other,129.000,Elexon BMRS FUELHH
2022-03-21T00:30:00Z,Pumped Storage,-490.000,Elexon BMRS FUELHH
2022-03-21T00:30:00Z,Wind,2671.000,Elexon BMRS FUELHH
2022-03-21T01:00:00Z,Biomass,2106.000,Elexon BMRS FUELHH
2022-03-21T01:00:00Z,Coal,257.000,Elexon BMRS FUELHH
2022-03-21T01:00:00Z,Gas,11420.000,Elexon BMRS FUELHH
2022-03-21T01:00:00Z,Hydro,234.000,Elexon BMRS FUELHH
2022-03-21T01:00:00Z,Imports & Exports,2916.000,Elexon BMRS FUELHH
2022-03-21T01:00:00Z,Nuclear,5823.000,Elexon BMRS FUELHH
2022-03-21T01:00:00Z,Other,132.000,Elexon BMRS FUELHH
2022-03-21T01:00:00Z,Pumped Storage,-508.000,Elexon BMRS FUELHH
2022-03-21T01:00:00Z,Wind,2415.000,Elexon BMRS FUELHH
2022-03-21T01:30:00Z,Biomass,2057.000,Elexon BMRS FUELHH
2022-03-21T01:30:00Z,Coal,282.000,Elexon BMRS FUELHH
2022-03-21T01:30:00Z,Gas,11482.000,Elexon BMRS FUELHH
2022-03-21T01:30:00Z,Hydro,215.000,Elexon BMRS FUELHH
2022-03-21T01:30:00Z,Imports & Exports,2912.000,Elexon BMRS FUELHH
2022-03-21T01:30:00Z,Nuclear,5820.000,Elexon BMRS FUELHH
2022-03-21T01:30:00Z,Other,133.000,Elexon BMRS FUELHH
2022-03-21T01:30:00Z,Pumped Storage,-816.000,Elexon BMRS FUELHH
2022-03-21T01:30:00Z,Wind,2227.000,Elexon BMRS FUELHH
2022-03-21T02:00:00Z,Biomass,2134.000,Elexon BMRS FUELHH
2022-03-21T02:00:00Z,Coal,235.000,Elexon BMRS FUELHH
2022-03-21T02:00:00Z,Gas,11042.000,Elexon BMRS FUELHH
2022-03-21T02:00:00Z,Hydro,213.000,Elexon BMRS FUELHH
2022-03-21T02:00:00Z,Imports & Exports,3182.000,Elexon BMRS FUELHH
2022-03-21T02:00:00Z,Nuclear,5826.000,Elexon BMRS FUELHH
2022-03-21T02:00:00Z,Other,131.000,Elexon BMRS FUELHH
2022-03-21T02:00:00Z,Pumped Storage,-874.000,Elexon BMRS FUELHH
2022-03-21T02:00:00Z,Wind,2110.000,Elexon BMRS FUELHH
2022-03-21T02:30:00Z,Biomass,2107.000,Elexon BMRS FUELHH
2022-03-21T02:30:00Z,Coal,231.000,Elexon BMRS FUELHH
2022-03-21T02:30:00Z,Gas,10890.000,Elexon BMRS FUELHH
2022-03-21T02:30:00Z,Hydro,210.000,Elexon BMRS FUELHH
2022-03-21T02:30:00Z,Imports & Exports,3188.000,Elexon BMRS FUELHH
2022-03-21T02:30:00Z,Nuclear,5828.000,Elexon BMRS FUELHH
2022-03-21T02:30:00Z,Other,132.000,Elexon BMRS FUELHH
2022-03-21T02:30:00Z,Pumped Storage,-870.000,Elexon BMRS FUELHH
2022-03-21T02:30:00Z,Wind,2069.000,Elexon BMRS FUELHH
2022-03-21T03:00:00Z,Biomass,2080.000,Elexon BMRS FUELHH
2022-03-21T03:00:00Z,Coal,230.000,Elexon BMRS FUELHH
2022-03-21T03:00:00Z,Gas,11133.000,Elexon BMRS FUELHH
2022-03-21T03:00:00Z,Hydro,209.000,Elexon BMRS FUELHH
2022-03-21T03:00:00Z,Imports & Exports,2940.000,Elexon BMRS FUELHH
2022-03-21T03:00:00Z,Nuclear,5824.000,Elexon BMRS FUELHH
2022-03-21T03:00:00Z,Other,131.000,Elexon BMRS FUELHH
2022-03-21T03:00:00Z,Pumped Storage,-860.000,Elexon BMRS FUELHH
2022-03-21T03:00:00Z,Wind,1977.000,Elexon BMRS FUELHH
2022-03-21T03:30:00Z,Biomass,2015.000,Elexon BMRS FUELHH
2022-03-21T03:30:00Z,Coal,231.000,Elexon BMRS FUELHH
2022-03-21T03:30:00Z,Gas,11118.000,Elexon BMRS FUELHH
2022-03-21T03:30:00Z,Hydro,207.000,Elexon BMRS FUELHH
2022-03-21T03:30:00Z,Imports & Exports,2998.000,Elexon BMRS FUELHH
2022-03-21T03:30:00Z,Nuclear,5823.000,Elexon BMRS FUELHH
2022-03-21T03:30:00Z,Other,133.000,Elexon BMRS FUELHH
2022-03-21T03:30:00Z,Pumped Storage,-858.000,Elexon BMRS FUELHH
2022-03-21T03:30:00Z,Wind,1853.000,Elexon BMRS FUELHH
2022-03-21T04:00:00Z,Biomass,2000.000,Elexon BMRS FUELHH
2022-03-21T04:00:00Z,Coal,294.000,Elexon BMRS FUELHH
2022-03-21T04:00:00Z,Gas,11393.000,Elexon BMRS FUELHH
2022-03-21T04:00:00Z,Hydro,207.000,Elexon BMRS FUELHH
2022-03-21T04:00:00Z,Imports & Exports,2446.000,Elexon BMRS FUELHH
2022-03-21T04:00:00Z,Nuclear,5824.000,Elexon BMRS FUELHH
2022-03-21T04:00:00Z,Other,133.000,Elexon BMRS FUELHH
2022-03-21T04:00:00Z,Pumped Storage,-636.000,Elexon BMRS FUELHH
2022-03-21T04:00:00Z,Wind,1846.000,Elexon BMRS FUELHH
2022-03-21T04:30:00Z,Biomass,2041.000,Elexon BMRS FUELHH
2022-03-21T04:30:00Z,Coal,232.000,Elexon BMRS FUELHH
2022-03-21T04:30:00Z,Gas,11758.000,Elexon BMRS FUELHH
2022-03-21T04:30:00Z,Hydro,206.000,Elexon BMRS FUELHH
2022-03-21T04:30:00Z,Imports & Exports,2394.000,Elexon BMRS FUELHH
2022-03-21T04:30:00Z,Nuclear,5830.000,Elexon BMRS FUELHH
2022-03-21T04:30:00Z,Other,130.000,Elexon BMRS FUELHH
2022-03-21T04:30:00Z,Pumped Storage,-662.000,Elexon BMRS FUELHH
2022-03-21T04:30:00Z,Wind,1863.000,Elexon BMRS FUELHH
2022-03-21T05:00:00Z,Biomass,2069.000,Elexon BMRS FUELHH
2022-03-21T05:00:00Z,Coal,282.000,Elexon BMRS FUELHH
2022-03-21T05:00:00Z,Gas,12442.000,Elexon BMRS FUELHH
2022-03-21T05:00:00Z,Hydro,286.000,Elexon BMRS FUELHH
2022-03-21T05:00:00Z,Imports & Exports,1546.000,Elexon BMRS FUELHH
2022-03-21T05:00:00Z,Nuclear,5826.000,Elexon BMRS FUELHH
2022-03-21T05:00:00Z,Other,137.000,Elexon BMRS FUELHH
2022-03-21T05:00:00Z,Pumped Storage,-46.000,Elexon BMRS FUELHH
2022-03-21T05:00:00Z,Wind,1875.000,Elexon BMRS FUELHH
2022-03-21T05:30:00Z,Biomass,2102.000,Elexon BMRS FUELHH
2022-03-21T05:30:00Z,Coal,464.000,Elexon BMRS FUELHH
2022-03-21T05:30:00Z,Gas,13676.000,Elexon BMRS FUELHH
2022-03-21T05:30:00Z,Hydro,286.000,Elexon BMRS FUELHH
2022-03-21T05:30:00Z,Imports & Exports,1552.000,Elexon BMRS FUELHH
2022-03-21T05:30:00Z,Nuclear,5829.000,Elexon BMRS FUELHH
2022-03-21T05:30:00Z,Other,140.000,Elexon BMRS FUELHH
2022-03-21T05:30:00Z,Pumped Storage,-46.000,Elexon BMRS FUELHH
2022-03-21T05:30:00Z,Wind,1939.000,Elexon BMRS FUELHH
2022-03-21T06:00:00Z,Biomass,1989.000,Elexon BMRS FUELHH
2022-03-21T06:00:00Z,Coal,810.000,Elexon BMRS FUELHH
2022-03-21T06:00:00Z,Gas,15069.000,Elexon BMRS FUELHH
2022-03-21T06:00:00Z,Hydro,354.000,Elexon BMRS FUELHH
2022-03-21T06:00:00Z,Imports & Exports,2412.000,Elexon BMRS FUELHH
2022-03-21T06:00:00Z,Nuclear,5829.000,Elexon BMRS FUELHH
2022-03-21T06:00:00Z,Other,160.000,Elexon BMRS FUELHH
2022-03-21T06:00:00Z,Pumped Storage,50.000,Elexon BMRS FUELHH
2022-03-21T06:00:00Z,Wind,1985.000,Elexon BMRS FUELHH
2022-03-21T06:30:00Z,Biomass,2120.000,Elexon BMRS FUELHH
2022-03-21T06:30:00Z,Coal,1085.000,Elexon BMRS FUELHH
2022-03-21T06:30:00Z,Gas,16649.000,Elexon BMRS FUELHH
2022-03-21T06:30:00Z,Hydro,389.000,Elexon BMRS FUELHH
2022-03-21T06:30:00Z,Imports & Exports,2314.000,Elexon BMRS FUELHH
2022-03-21T06:30:00Z,Nuclear,5831.000,Elexon BMRS FUELHH
2022-03-21T06:30:00Z,Other,330.000,Elexon BMRS FUELHH
2022-03-21T06:30:00Z,Pumped Storage,14.000,Elexon BMRS FUELHH
2022-03-21T06:30:00Z,Wind,1961.000,Elexon BMRS FUELHH
2022-03-21T07:00:00Z,Biomass,2151.000,Elexon BMRS FUELHH
2022-03-21T07:00:00Z,Coal,1017.000,Elexon BMRS FUELHH
2022-03-21T07:00:00Z,Gas,17375.000,Elexon BMRS FUELHH
2022-03-21T07:00:00Z,Hydro,521.000,Elexon BMRS FUELHH
2022-03-21T07:00:00Z,Imports & Exports,3706.000,Elexon BMRS FUELHH
2022-03-21T07:00:00Z,Nuclear,5827.000,Elexon BMRS FUELHH
2022-03-21T07:00:00Z,Other,435.000,Elexon BMRS FUELHH
2022-03-21T07:00:00Z,Pumped Storage,116.000,Elexon BMRS FUELHH
2022-03-21T07:00:00Z,Wind,1861.000,Elexon BMRS FUELHH
2022-03-21T07:30:00Z,Biomass,2154.000,Elexon BMRS FUELHH
2022-03-21T07:30:00Z,Coal,1147.000,Elexon BMRS FUELHH
2022-03-21T07:30:00Z,Gas,18424.000,Elexon BMRS FUELHH
2022-03-21T07:30:00Z,Hydro,536.000,Elexon BMRS FUELHH
2022-03-21T07:30:00Z,Imports & Exports,3616.000,Elexon BMRS FUELHH
2022-03-21T07:30:00Z,Nuclear,5832.000,Elexon BMRS FUELHH
2022-03-21T07:30:00Z,Other,571.000,Elexon BMRS FUELHH
2022-03-21T07:30:00Z,Pumped Storage,286.000,Elexon BMRS FUELHH
2022-03-21T07:30:00Z,Wind,1755.000,Elexon BMRS FUELHH
2022-03-21T08:00:00Z,Biomass,2155.000,Elexon BMRS FUELHH
2022-03-21T08:00:00Z,Coal,1246.000,Elexon BMRS FUELHH
2022-03-21T08:00:00Z,Gas,18838.000,Elexon BMRS FUELHH
2022-03-21T08:00:00Z,Hydro,530.000,Elexon BMRS FUELHH
2022-03-21T08:00:00Z,Imports & Exports,4312.000,Elexon BMRS FUELHH
2022-03-21T08:00:00Z,Nuclear,5831.000,Elexon BMRS FUELHH
2022-03-21T08:00:00Z,Other,275.000,Elexon BMRS FUELHH
2022-03-21T08:00:00Z,Pumped Storage,258.000,Elexon BMRS FUELHH
2022-03-21T08:00:00Z,Wind,1602.000,Elexon BMRS FUELHH
2022-03-21T08:30:00Z,Biomass,2156.000,Elexon BMRS FUELHH
2022-03-21T08:30:00Z,Coal,1290.000,Elexon BMRS FUELHH
2022-03-21T08:30:00Z,Gas,18762.000,Elexon BMRS FUELHH
2022-03-21T08:30:00Z,Hydro,513.000,Elexon BMRS FUELHH
2022-03-21T08:30:00Z,Imports & Exports,4664.000,Elexon BMRS FUELHH
2022-03-21T08:30:00Z,Nuclear,5833.000,Elexon BMRS FUELHH
2022-03-21T08:30:00Z,Other,174.000,Elexon BMRS FUELHH
2022-03-21T08:30:00Z,Pumped Storage,-8.000,Elexon BMRS FUELHH
2022-03-21T08:30:00Z,Wind,1436.000,Elexon BMRS FUELHH
2022-03-21T09:00:00Z,Biomass,2172.000,Elexon BMRS FUELHH
2022-03-21T09:00:00Z,Coal,1334.000,Elexon BMRS FUELHH
2022-03-21T09:00:00Z,Gas,18688.000,Elexon BMRS FUELHH
2022-03-21T09:00:00Z,Hydro,372.000,Elexon BMRS FUELHH
2022-03-21T09:00:00Z,Imports & Exports,4784.000,Elexon BMRS FUELHH
2022-03-21T09:00:00Z,Nuclear,5830.000,Elexon BMRS FUELHH
2022-03-21T09:00:00Z,Other,186.000,Elexon BMRS FUELHH
2022-03-21T09:00:00Z,Pumped Storage,60.000,Elexon BMRS FUELHH
2022-03-21T09:00:00Z,Wind,1413.000,Elexon BMRS FUELHH
2022-03-21T09:30:00Z,Biomass,2168.000,Elexon BMRS FUELHH
2022-03-21T09:30:00Z,Coal,1341.000,Elexon BMRS FUELHH
2022-03-21T09:30:00Z,Gas,18149.000,Elexon BMRS FUELHH
2022-03-21T09:30:00Z,Hydro,344.000,Elexon BMRS FUELHH
2022-03-21T09:30:00Z,Imports & Exports,4798.000,Elexon BMRS FUELHH
2022-03-21T09:30:00Z,Nuclear,5850.000,Elexon BMRS FUELHH
2022-03-21T09:30:00Z,Other,155.000,Elexon BMRS FUELHH
2022-03-21T09:30:00Z,Pumped Storage,-10.000,Elexon BMRS FUELHH
2022-03-21T09:30:00Z,Wind,1279.000,Elexon BMRS FUELHH
2022-03-21T10:00:00Z,Biomass,1956.000,Elexon BMRS FUELHH
2022-03-21T10:00:00Z,Coal,1344.000,Elexon BMRS FUELHH
2022-03-21T10:00:00Z,Gas,18128.000,Elexon BMRS FUELHH
2022-03-21T10:00:00Z,Hydro,317.000,Elexon BMRS FUELHH
2022-03-21T10:00:00Z,Imports & Exports,4294.000,Elexon BMRS FUELHH
2022-03-21T10:00:00Z,Nuclear,5834.000,Elexon BMRS FUELHH
2022-03-21T10:00:00Z,Other,135.000,Elexon BMRS FUELHH
2022-03-21T10:00:00Z,Pumped Storage,20.000,Elexon BMRS FUELHH
2022-03-21T10:00:00Z,Wind,1205.000,Elexon BMRS FUELHH
2022-03-21T10:30:00Z,Biomass,1759.000,Elexon BMRS FUELHH
2022-03-21T10:30:00Z,Coal,1108.000,Elexon BMRS FUELHH
2022-03-21T10:30:00Z,Gas,18148.000,Elexon BMRS FUELHH
2022-03-21T10:30:00Z,Hydro,323.000,Elexon BMRS FUELHH
2022-03-21T10:30:00Z,Imports & Exports,4252.000,Elexon BMRS FUELHH
2022-03-21T10:30:00Z,Nuclear,5827.000,Elexon BMRS FUELHH
2022-03-21T10:30:00Z,Other,154.000,Elexon BMRS FUELHH
2022-03-21T10:30:00Z,Pumped Storage,-10.000,Elexon BMRS FUELHH
2022-03-21T10:30:00Z,Wind,1142.000,Elexon BMRS FUELHH
2022-03-21T11:00:00Z,Biomass,1923.000,Elexon BMRS FUELHH
2022-03-21T11:00:00Z,Coal,1034.000,Elexon BMRS FUELHH
2022-03-21T11:00:00Z,Gas,17859.000,Elexon BMRS FUELHH
2022-03-21T11:00:00Z,Hydro,228.000,Elexon BMRS FUELHH
2022-03-21T11:00:00Z,Imports & Exports,3938.000,Elexon BMRS FUELHH
2022-03-21T11:00:00Z,Nuclear,5823.000,Elexon BMRS FUELHH
2022-03-21T11:00:00Z,Other,171.000,Elexon BMRS FUELHH
2022-03-21T11:00:00Z,Pumped Storage,122.000,Elexon BMRS FUELHH
2022-03-21T11:00:00Z,Wind,1052.000,Elexon BMRS FUELHH
2022-03-21T11:30:00Z,Biomass,1817.000,Elexon BMRS FUELHH
2022-03-21T11:30:00Z,Coal,847.000,Elexon BMRS FUELHH
2022-03-21T11:30:00Z,Gas,18107.000,Elexon BMRS FUELHH
2022-03-21T11:30:00Z,Hydro,231.000,Elexon BMRS FUELHH
2022-03-21T11:30:00Z,Imports & Exports,3930.000,Elexon BMRS FUELHH
2022-03-21T11:30:00Z,Nuclear,5821.000,Elexon BMRS FUELHH
2022-03-21T11:30:00Z,Other,153.000,Elexon BMRS FUELHH
2022-03-21T11:30:00Z,Pumped Storage,-10.000,Elexon BMRS FUELHH
2022-03-21T11:30:00Z,Wind,1004.000,Elexon BMRS FUELHH
2022-03-21T12:00:00Z,Biomass,1842.000,Elexon BMRS FUELHH
2022-03-21T12:00:00Z,Coal,821.000,Elexon BMRS FUELHH
2022-03-21T12:00:00Z,Gas,18112.000,Elexon BMRS FUELHH
2022-03-21T12:00:00Z,Hydro,240.000,Elexon BMRS FUELHH
2022-03-21T12:00:00Z,Imports & Exports,4140.000,Elexon BMRS FUELHH
2022-03-21T12:00:00Z,Nuclear,5818.000,Elexon BMRS FUELHH
2022-03-21T12:00:00Z,Other,147.000,Elexon BMRS FUELHH
2022-03-21T12:00:00Z,Pumped Storage,-10.000,Elexon BMRS FUELHH
2022-03-21T12:00:00Z,Wind,1007.000,Elexon BMRS FUELHH
2022-03-21T12:30:00Z,Biomass,2192.000,Elexon BMRS FUELHH
2022-03-21T12:30:00Z,Coal,854.000,Elexon BMRS FUELHH
2022-03-21T12:30:00Z,Gas,17600.000,Elexon BMRS FUELHH
2022-03-21T12:30:00Z,Hydro,242.000,Elexon BMRS FUELHH
2022-03-21T12:30:00Z,Imports & Exports,4204.000,Elexon BMRS FUELHH
2022-03-21T12:30:00Z,Nuclear,5814.000,Elexon BMRS FUELHH
2022-03-21T12:30:00Z,Other,147.000,Elexon BMRS FUELHH
2022-03-21T12:30:00Z,Pumped Storage,44.000,Elexon BMRS FUELHH
2022-03-21T12:30:00Z,Wind,1060.000,Elexon BMRS FUELHH
2022-03-21T13:00:00Z,Biomass,2229.000,Elexon BMRS FUELHH
2022-03-21T13:00:00Z,Coal,988.000,Elexon BMRS FUELHH
2022-03-21T13:00:00Z,Gas,16917.000,Elexon BMRS FUELHH
2022-03-21T13:00:00Z,Hydro,258.000,Elexon BMRS FUELHH
2022-03-21T13:00:00Z,Imports & Exports,4438.000,Elexon BMRS FUELHH
2022-03-21T13:00:00Z,Nuclear,5814.000,Elexon BMRS FUELHH
2022-03-21T13:00:00Z,Other,148.000,Elexon BMRS FUELHH
2022-03-21T13:00:00Z,Pumped Storage,42.000,Elexon BMRS FUELHH
2022-03-21T13:00:00Z,Wind,1009.000,Elexon BMRS FUELHH
2022-03-21T13:30:00Z,Biomass,2232.000,Elexon BMRS FUELHH
2022-03-21T13:30:00Z,Coal,1307.000,Elexon BMRS FUELHH
2022-03-21T13:30:00Z,Gas,16527.000,Elexon BMRS FUELHH
2022-03-21T13:30:00Z,Hydro,272.000,Elexon BMRS FUELHH
2022-03-21T13:30:00Z,Imports & Exports,4326.000,Elexon BMRS FUELHH
2022-03-21T13:30:00Z,Nuclear,5818.000,Elexon BMRS FUELHH
2022-03-21T13:30:00Z,Other,149.000,Elexon BMRS FUELHH
2022-03-21T13:30:00Z,Pumped Storage,-78.000,Elexon BMRS FUELHH
2022-03-21T13:30:00Z,Wind,1102.000,Elexon BMRS FUELHH
2022-03-21T14:00:00Z,Biomass,2231.000,Elexon BMRS FUELHH
2022-03-21T14:00:00Z,Coal,1317.000,Elexon BMRS FUELHH
2022-03-21T14:00:00Z,Gas,17476.000,Elexon BMRS FUELHH
2022-03-21T14:00:00Z,Hydro,270.000,Elexon BMRS FUELHH
2022-03-21T14:00:00Z,Imports & Exports,3196.000,Elexon BMRS FUELHH
2022-03-21T14:00:00Z,Nuclear,5814.000,Elexon BMRS FUELHH
2022-03-21T14:00:00Z,Other,149.000,Elexon BMRS FUELHH
2022-03-21T14:00:00Z,Pumped Storage,-168.000,Elexon BMRS FUELHH
2022-03-21T14:00:00Z,Wind,1244.000,Elexon BMRS FUELHH
2022-03-21T14:30:00Z,Biomass,2202.000,Elexon BMRS FUELHH
2022-03-21T14:30:00Z,Coal,1170.000,Elexon BMRS FUELHH
2022-03-21T14:30:00Z,Gas,17577.000,Elexon BMRS FUELHH
2022-03-21T14:30:00Z,Hydro,284.000,Elexon BMRS FUELHH
2022-03-21T14:30:00Z,Imports & Exports,3286.000,Elexon BMRS FUELHH
2022-03-21T14:30:00Z,Nuclear,5820.000,Elexon BMRS FUELHH
2022-03-21T14:30:00Z,Other,147.000,Elexon BMRS FUELHH
2022-03-21T14:30:00Z,Pumped Storage,-166.000,Elexon BMRS FUELHH
2022-03-21T14:30:00Z,Wind,1490.000,Elexon BMRS FUELHH
2022-03-21T15:00:00Z,Biomass,2083.000,Elexon BMRS FUELHH
2022-03-21T15:00:00Z,Coal,1175.000,Elexon BMRS FUELHH
2022-03-21T15:00:00Z,Gas,17885.000,Elexon BMRS FUELHH
2022-03-21T15:00:00Z,Hydro,413.000,Elexon BMRS FUELHH
2022-03-21T15:00:00Z,Imports & Exports,3006.000,Elexon BMRS FUELHH
2022-03-21T15:00:00Z,Nuclear,5821.000,Elexon BMRS FUELHH
2022-03-21T15:00:00Z,Other,150.000,Elexon BMRS FUELHH
2022-03-21T15:00:00Z,Pumped Storage,-32.000,Elexon BMRS FUELHH
2022-03-21T15:00:00Z,Wind,1779.000,Elexon BMRS FUELHH
2022-03-21T15:30:00Z,Biomass,2124.000,Elexon BMRS FUELHH
2022-03-21T15:30:00Z,Coal,1262.000,Elexon BMRS FUELHH
2022-03-21T15:30:00Z,Gas,18374.000,Elexon BMRS FUELHH
2022-03-21T15:30:00Z,Hydro,467.000,Elexon BMRS FUELHH
2022-03-21T15:30:00Z,Imports & Exports,3098.000,Elexon BMRS FUELHH
2022-03-21T15:30:00Z,Nuclear,5826.000,Elexon BMRS FUELHH
2022-03-21T15:30:00Z,Other,148.000,Elexon BMRS FUELHH
2022-03-21T15:30:00Z,Pumped Storage,-10.000,Elexon BMRS FUELHH
2022-03-21T15:30:00Z,Wind,2023.000,Elexon BMRS FUELHH
2022-03-21T16:00:00Z,Biomass,2228.000,Elexon BMRS FUELHH
2022-03-21T16:00:00Z,Coal,1351.000,Elexon BMRS FUELHH
2022-03-21T16:00:00Z,Gas,19135.000,Elexon BMRS FUELHH
2022-03-21T16:00:00Z,Hydro,565.000,Elexon BMRS FUELHH
2022-03-21T16:00:00Z,Imports & Exports,2958.000,Elexon BMRS FUELHH
2022-03-21T16:00:00Z,Nuclear,5826.000,Elexon BMRS FUELHH
2022-03-21T16:00:00Z,Other,168.000,Elexon BMRS FUELHH
2022-03-21T16:00:00Z,Pumped Storage,-8.000,Elexon BMRS FUELHH
2022-03-21T16:00:00Z,Wind,2179.000,Elexon BMRS FUELHH
2022-03-21T16:30:00Z,Biomass,2231.000,Elexon BMRS FUELHH
2022-03-21T16:30:00Z,Coal,1349.000,Elexon BMRS FUELHH
2022-03-21T16:30:00Z,Gas,19446.000,Elexon BMRS FUELHH
2022-03-21T16:30:00Z,Hydro,639.000,Elexon BMRS FUELHH
2022-03-21T16:30:00Z,Imports & Exports,3052.000,Elexon BMRS FUELHH
2022-03-21T16:30:00Z,Nuclear,5827.000,Elexon BMRS FUELHH
2022-03-21T16:30:00Z,Other,217.000,Elexon BMRS FUELHH
2022-03-21T16:30:00Z,Pumped Storage,368.000,Elexon BMRS FUELHH
2022-03-21T16:30:00Z,Wind,2456.000,Elexon BMRS FUELHH
2022-03-21T17:00:00Z,Biomass,2228.000,Elexon BMRS FUELHH
2022-03-21T17:00:00Z,Coal,1349.000,Elexon BMRS FUELHH
2022-03-21T17:00:00Z,Gas,19340.000,Elexon BMRS FUELHH
2022-03-21T17:00:00Z,Hydro,819.000,Elexon BMRS FUELHH
2022-03-21T17:00:00Z,Imports & Exports,2856.000,Elexon BMRS FUELHH
2022-03-21T17:00:00Z,Nuclear,5836.000,Elexon BMRS FUELHH
2022-03-21T17:00:00Z,Other,230.000,Elexon BMRS FUELHH
2022-03-21T17:00:00Z,Pumped Storage,1656.000,Elexon BMRS FUELHH
2022-03-21T17:00:00Z,Wind,2610.000,Elexon BMRS FUELHH
2022-03-21T17:30:00Z,Biomass,2229.000,Elexon BMRS FUELHH
2022-03-21T17:30:00Z,Coal,1350.000,Elexon BMRS FUELHH
2022-03-21T17:30:00Z,Gas,19628.000,Elexon BMRS FUELHH
2022-03-21T17:30:00Z,Hydro,818.000,Elexon BMRS FUELHH
2022-03-21T17:30:00Z,Imports & Exports,2948.000,Elexon BMRS FUELHH
2022-03-21T17:30:00Z,Nuclear,5846.000,Elexon BMRS FUELHH
2022-03-21T17:30:00Z,Other,470.000,Elexon BMRS FUELHH
2022-03-21T17:30:00Z,Pumped Storage,1858.000,Elexon BMRS FUELHH
2022-03-21T17:30:00Z,Wind,2802.000,Elexon BMRS FUELHH
2022-03-21T18:00:00Z,Biomass,2230.000,Elexon BMRS FUELHH
2022-03-21T18:00:00Z,Coal,1347.000,Elexon BMRS FUELHH
2022-03-21T18:00:00Z,Gas,19899.000,Elexon BMRS FUELHH
2022-03-21T18:00:00Z,Hydro,863.000,Elexon BMRS FUELHH
2022-03-21T18:00:00Z,Imports & Exports,2910.000,Elexon BMRS FUELHH
2022-03-21T18:00:00Z,Nuclear,5830.000,Elexon BMRS FUELHH
2022-03-21T18:00:00Z,Other,649.000,Elexon BMRS FUELHH
2022-03-21T18:00:00Z,Pumped Storage,1882.000,Elexon BMRS FUELHH
2022-03-21T18:00:00Z,Wind,3027.000,Elexon BMRS FUELHH
2022-03-21T18:30:00Z,Biomass,2229.000,Elexon BMRS FUELHH
2022-03-21T18:30:00Z,Coal,1348.000,Elexon BMRS FUELHH
2022-03-21T18:30:00Z,Gas,20048.000,Elexon BMRS FUELHH
2022-03-21T18:30:00Z,Hydro,905.000,Elexon BMRS FUELHH
2022-03-21T18:30:00Z,Imports & Exports,3012.000,Elexon BMRS FUELHH
2022-03-21T18:30:00Z,Nuclear,5833.000,Elexon BMRS FUELHH
2022-03-21T18:30:00Z,Other,670.000,Elexon BMRS FUELHH
2022-03-21T18:30:00Z,Pumped Storage,1922.000,Elexon BMRS FUELHH
2022-03-21T18:30:00Z,Wind,3239.000,Elexon BMRS FUELHH
2022-03-21T19:00:00Z,Biomass,2229.000,Elexon BMRS FUELHH
2022-03-21T19:00:00Z,Coal,1353.000,Elexon BMRS FUELHH
2022-03-21T19:00:00Z,Gas,19949.000,Elexon BMRS FUELHH
2022-03-21T19:00:00Z,Hydro,853.000,Elexon BMRS FUELHH
2022-03-21T19:00:00Z,Imports & Exports,3982.000,Elexon BMRS FUELHH
2022-03-21T19:00:00Z,Nuclear,5830.000,Elexon BMRS FUELHH
2022-03-21T19:00:00Z,Other,534.000,Elexon BMRS FUELHH
2022-03-21T19:00:00Z,Pumped Storage,814.000,Elexon BMRS FUELHH
2022-03-21T19:00:00Z,Wind,3530.000,Elexon BMRS FUELHH
2022-03-21T19:30:00Z,Biomass,2226.000,Elexon BMRS FUELHH
2022-03-21T19:30:00Z,Coal,1350.000,Elexon BMRS FUELHH
2022-03-21T19:30:00Z,Gas,19758.000,Elexon BMRS FUELHH
2022-03-21T19:30:00Z,Hydro,804.000,Elexon BMRS FUELHH
2022-03-21T19:30:00Z,Imports & Exports,3894.000,Elexon BMRS FUELHH
2022-03-21T19:30:00Z,Nuclear,5829.000,Elexon BMRS FUELHH
2022-03-21T19:30:00Z,Other,333.000,Elexon BMRS FUELHH
2022-03-21T19:30:00Z,Pumped Storage,38.000,Elexon BMRS FUELHH
2022-03-21T19:30:00Z,Wind,3684.000,Elexon BMRS FUELHH
2022-03-21T20:00:00Z,Biomass,2223.000,Elexon BMRS FUELHH
2022-03-21T20:00:00Z,Coal,1351.000,Elexon BMRS FUELHH
2022-03-21T20:00:00Z,Gas,19642.000,Elexon BMRS FUELHH
2022-03-21T20:00:00Z,Hydro,609.000,Elexon BMRS FUELHH
2022-03-21T20:00:00Z,Imports & Exports,2828.000,Elexon BMRS FUELHH
2022-03-21T20:00:00Z,Nuclear,5826.000,Elexon BMRS FUELHH
2022-03-21T20:00:00Z,Other,181.000,Elexon BMRS FUELHH
2022-03-21T20:00:00Z,Pumped Storage,56.000,Elexon BMRS FUELHH
2022-03-21T20:00:00Z,Wind,3767.000,Elexon BMRS FUELHH
2022-03-21T20:30:00Z,Biomass,2229.000,Elexon BMRS FUELHH
2022-03-21T20:30:00Z,Coal,1345.000,Elexon BMRS FUELHH
2022-03-21T20:30:00Z,Gas,18596.000,Elexon BMRS FUELHH
2022-03-21T20:30:00Z,Hydro,446.000,Elexon BMRS FUELHH
2022-03-21T20:30:00Z,Imports & Exports,2744.000,Elexon BMRS FUELHH
2022-03-21T20:30:00Z,Nuclear,5828.000,Elexon BMRS FUELHH
2022-03-21T20:30:00Z,Other,163.000,Elexon BMRS FUELHH
2022-03-21T20:30:00Z,Pumped Storage,14.000,Elexon BMRS FUELHH
2022-03-21T20:30:00Z,Wind,3728.000,Elexon BMRS FUELHH
2022-03-21T21:00:00Z,Biomass,2208.000,Elexon BMRS FUELHH
2022-03-21T21:00:00Z,Coal,1291.000,Elexon BMRS FUELHH
2022-03-21T21:00:00Z,Gas,16714.000,Elexon BMRS FUELHH
2022-03-21T21:00:00Z,Hydro,413.000,Elexon BMRS FUELHH
2022-03-21T21:00:00Z,Imports & Exports,3098.000,Elexon BMRS FUELHH
2022-03-21T21:00:00Z,Nuclear,5829.000,Elexon BMRS FUELHH
2022-03-21T21:00:00Z,Other,145.000,Elexon BMRS FUELHH
2022-03-21T21:00:00Z,Pumped Storage,-10.000,Elexon BMRS FUELHH
2022-03-21T21:00:00Z,Wind,3706.000,Elexon BMRS FUELHH
2022-03-21T21:30:00Z,Biomass,1916.000,Elexon BMRS FUELHH
2022-03-21T21:30:00Z,Coal,1041.000,Elexon BMRS FUELHH
2022-03-21T21:30:00Z,Gas,15185.000,Elexon BMRS FUELHH
2022-03-21T21:30:00Z,Hydro,407.000,Elexon BMRS FUELHH
2022-03-21T21:30:00Z,Imports & Exports,3164.000,Elexon BMRS FUELHH
2022-03-21T21:30:00Z,Nuclear,5832.000,Elexon BMRS FUELHH
2022-03-21T21:30:00Z,Other,148.000,Elexon BMRS FUELHH
2022-03-21T21:30:00Z,Pumped Storage,-10.000,Elexon BMRS FUELHH
2022-03-21T21:30:00Z,Wind,3780.000,Elexon BMRS FUELHH
2022-03-21T22:00:00Z,Biomass,1590.000,Elexon BMRS FUELHH
2022-03-21T22:00:00Z,Coal,799.000,Elexon BMRS FUELHH
2022-03-21T22:00:00Z,Gas,14218.000,Elexon BMRS FUELHH
2022-03-21T22:00:00Z,Hydro,374.000,Elexon BMRS FUELHH
2022-03-21T22:00:00Z,Imports & Exports,2608.000,Elexon BMRS FUELHH
2022-03-21T22:00:00Z,Nuclear,5832.000,Elexon BMRS FUELHH
2022-03-21T22:00:00Z,Other,152.000,Elexon BMRS FUELHH
2022-03-21T22:00:00Z,Pumped Storage,26.000,Elexon BMRS FUELHH
2022-03-21T22:00:00Z,Wind,3900.000,Elexon BMRS FUELHH
2022-03-21T22:30:00Z,Biomass,1438.000,Elexon BMRS FUELHH
2022-03-21T22:30:00Z,Coal,428.000,Elexon BMRS FUELHH
2022-03-21T22:30:00Z,Gas,13167.000,Elexon BMRS FUELHH
2022-03-21T22:30:00Z,Hydro,360.000,Elexon BMRS FUELHH
2022-03-21T22:30:00Z,Imports & Exports,2512.000,Elexon BMRS FUELHH
2022-03-21T22:30:00Z,Nuclear,5829.000,Elexon BMRS FUELHH
2022-03-21T22:30:00Z,Other,162.000,Elexon BMRS FUELHH
2022-03-21T22:30:00Z,Pumped Storage,4.000,Elexon BMRS FUELHH
2022-03-21T22:30:00Z,Wind,4025.000,Elexon BMRS FUELHH
2022-03-21T23:00:00Z,Biomass,1253.000,Elexon BMRS FUELHH
2022-03-21T23:00:00Z,Coal,234.000,Elexon BMRS FUELHH
2022-03-21T23:00:00Z,Gas,12002.000,Elexon BMRS FUELHH
2022-03-21T23:00:00Z,Hydro,361.000,Elexon BMRS FUELHH
2022-03-21T23:00:00Z,Imports & Exports,2830.000,Elexon BMRS FUELHH
2022-03-21T23:00:00Z,Nuclear,5832.000,Elexon BMRS FUELHH
2022-03-21T23:00:00Z,Other,148.000,Elexon BMRS FUELHH
2022-03-21T23:00:00Z,Pumped Storage,-456.000,Elexon BMRS FUELHH
2022-03-21T23:00:00Z,Wind,4111.000,Elexon BMRS FUELHH
2022-03-21T23:30:00Z,Biomass,1264.000,Elexon BMRS FUELHH
2022-03-21T23:30:00Z,Coal,245.000,Elexon BMRS FUELHH
2022-03-21T23:30:00Z,Gas,10990.000,Elexon BMRS FUELHH
2022-03-21T23:30:00Z,Hydro,361.000,Elexon BMRS FUELHH
2022-03-21T23:30:00Z,Imports & Exports,3008.000,Elexon BMRS FUELHH
2022-03-21T23:30:00Z,Nuclear,5830.000,Elexon BMRS FUELHH
2022-03-21T23:30:00Z,Other,149.000,Elexon BMRS FUELHH
2022-03-21T23:30:00Z,Pumped Storage,-618.000,Elexon BMRS FUELHH
2022-03-21T23:30:00Z,Wind,3933.000,Elexon BMRS FUELHH
2022-03-22T00:00:00Z,Biomass,1257.000,Elexon BMRS FUELHH
2022-03-22T00:00:00Z,Coal,239.000,Elexon BMRS FUELHH
2022-03-22T00:00:00Z,Gas,10980.000,Elexon BMRS FUELHH
2022-03-22T00:00:00Z,Hydro,253.000,Elexon BMRS FUELHH
2022-03-22T00:00:00Z,Imports & Exports,3270.000,Elexon BMRS FUELHH
2022-03-22T00:00:00Z,Nuclear,5834.000,Elexon BMRS FUELHH
2022-03-22T00:00:00Z,Other,144.000,Elexon BMRS FUELHH
2022-03-22T00:00:00Z,Pumped Storage,-678.000,Elexon BMRS FUELHH
2022-03-22T00:00:00Z,Wind,3596.000,Elexon BMRS FUELHH
2022-03-22T00:30:00Z,Biomass,1258.000,Elexon BMRS FUELHH
2022-03-22T00:30:00Z,Coal,229.000,Elexon BMRS FUELHH
2022-03-22T00:30:00Z,Gas,11922.000,Elexon BMRS FUELHH
2022-03-22T00:30:00Z,Hydro,248.000,Elexon BMRS FUELHH
2022-03-22T00:30:00Z,Imports & Exports,3010.000,Elexon BMRS FUELHH
2022-03-22T00:30:00Z,Nuclear,5830.000,Elexon BMRS FUELHH
2022-03-22T00:30:00Z,Other,146.000,Elexon BMRS FUELHH
2022-03-22T00:30:00Z,Pumped Storage,-692.000,Elexon BMRS FUELHH
2022-03-22T00:30:00Z,Wind,3382.000,Elexon BMRS FUELHH
2022-03-22T01:00:00Z,Biomass,1250.000,Elexon BMRS FUELHH
2022-03-22T01:00:00Z,Coal,233.000,Elexon BMRS FUELHH
2022-03-22T01:00:00Z,Gas,11767.000,Elexon BMRS FUELHH
2022-03-22T01:00:00Z,Hydro,247.000,Elexon BMRS FUELHH
2022-03-22T01:00:00Z,Imports & Exports,3120.000,Elexon BMRS FUELHH
2022-03-22T01:00:00Z,Nuclear,5830.000,Elexon BMRS FUELHH
2022-03-22T01:00:00Z,Other,145.000,Elexon BMRS FUELHH
2022-03-22T01:00:00Z,Pumped Storage,-834.000,Elexon BMRS FUELHH
2022-03-22T01:00:00Z,Wind,3138.000,Elexon BMRS FUELHH
2022-03-22T01:30:00Z,Biomass,1249.000,Elexon BMRS FUELHH
2022-03-22T01:30:00Z,Coal,231.000,Elexon BMRS FUELHH
2022-03-22T01:30:00Z,Gas,11422.000,Elexon BMRS FUELHH
2022-03-22T01:30:00Z,Hydro,248.000,Elexon BMRS FUELHH
2022-03-22T01:30:00Z,Imports & Exports,3108.000,Elexon BMRS FUELHH
2022-03-22T01:30:00Z,Nuclear,5829.000,Elexon BMRS FUELHH
2022-03-22T01:30:00Z,Other,144.000,Elexon BMRS FUELHH
2022-03-22T01:30:00Z,Pumped Storage,-940.000,Elexon BMRS FUELHH
2022-03-22T01:30:00Z,Wind,3019.000,Elexon BMRS FUELHH
2022-03-22T02:00:00Z,Biomass,1253.000,Elexon BMRS FUELHH
2022-03-22T02:00:00Z,Coal,233.000,Elexon BMRS FUELHH
2022-03-22T02:00:00Z,Gas,11424.000,Elexon BMRS FUELHH
2022-03-22T02:00:00Z,Hydro,229.000,Elexon BMRS FUELHH
2022-03-22T02:00:00Z,Imports & Exports,2704.000,Elexon BMRS FUELHH
2022-03-22T02:00:00Z,Nuclear,5829.000,Elexon BMRS FUELHH
2022-03-22T02:00:00Z,Other,146.000,Elexon BMRS FUELHH
2022-03-22T02:00:00Z,Pumped Storage,-932.000,Elexon BMRS FUELHH
2022-03-22T02:00:00Z,Wind,2935.000,Elexon BMRS FUELHH
2022-03-22T02:30:00Z,Biomass,1258.000,Elexon BMRS FUELHH
2022-03-22T02:30:00Z,Coal,239.000,Elexon BMRS FUELHH
2022-03-22T02:30:00Z,Gas,11343.000,Elexon BMRS FUELHH
2022-03-22T02:30:00Z,Hydro,225.000,Elexon BMRS FUELHH
2022-03-22T02:30:00Z,Imports & Exports,2686.000,Elexon BMRS FUELHH
2022-03-22T02:30:00Z,Nuclear,5824.000,Elexon BMRS FUELHH
2022-03-22T02:30:00Z,Other,146.000,Elexon BMRS FUELHH
2022-03-22T02:30:00Z,Pumped Storage,-926.000,Elexon BMRS FUELHH
2022-03-22T02:30:00Z,Wind,2852.000,Elexon BMRS FUELHH
2022-03-22T03:00:00Z,Biomass,1258.000,Elexon BMRS FUELHH
2022-03-22T03:00:00Z,Coal,237.000,Elexon BMRS FUELHH
2022-03-22T03:00:00Z,Gas,11886.000,Elexon BMRS FUELHH
2022-03-22T03:00:00Z,Hydro,224.000,Elexon BMRS FUELHH
2022-03-22T03:00:00Z,Imports & Exports,1774.000,Elexon BMRS FUELHH
2022-03-22T03:00:00Z,Nuclear,5827.000,Elexon BMRS FUELHH
2022-03-22T03:00:00Z,Other,148.000,Elexon BMRS FUELHH
2022-03-22T03:00:00Z,Pumped Storage,-924.000,Elexon BMRS FUELHH
2022-03-22T03:00:00Z,Wind,2870.000,Elexon BMRS FUELHH
2022-03-22T03:30:00Z,Biomass,1261.000,Elexon BMRS FUELHH
2022-03-22T03:30:00Z,Coal,240.000,Elexon BMRS FUELHH
2022-03-22T03:30:00Z,Gas,11775.000,Elexon BMRS FUELHH
2022-03-22T03:30:00Z,Hydro,224.000,Elexon BMRS FUELHH
2022-03-22T03:30:00Z,Imports & Exports,1762.000,Elexon BMRS FUELHH
2022-03-22T03:30:00Z,Nuclear,5823.000,Elexon BMRS FUELHH
2022-03-22T03:30:00Z,Other,149.000,Elexon BMRS FUELHH
2022-03-22T03:30:00Z,Pumped Storage,-896.000,Elexon BMRS FUELHH
2022-03-22T03:30:00Z,Wind,2788.000,Elexon BMRS FUELHH
2022-03-22T04:00:00Z,Biomass,1252.000,Elexon BMRS FUELHH
2022-03-22T04:00:00Z,Coal,237.000,Elexon BMRS FUELHH
2022-03-22T04:00:00Z,Gas,12070.000,Elexon BMRS FUELHH
2022-03-22T04:00:00Z,Hydro,243.000,Elexon BMRS FUELHH
2022-03-22T04:00:00Z,Imports & Exports,1182.000,Elexon BMRS FUELHH
2022-03-22T04:00:00Z,Nuclear,5827.000,Elexon BMRS FUELHH
2022-03-22T04:00:00Z,Other,146.000,Elexon BMRS FUELHH
2022-03-22T04:00:00Z,Pumped Storage,-602.000,Elexon BMRS FUELHH
2022-03-22T04:00:00Z,Wind,2697.000,Elexon BMRS FUELHH
2022-03-22T04:30:00Z,Biomass,1251.000,Elexon BMRS FUELHH
2022-03-22T04:30:00Z,Coal,295.000,Elexon BMRS FUELHH
2022-03-22T04:30:00Z,Gas,12200.000,Elexon BMRS FUELHH
2022-03-22T04:30:00Z,Hydro,244.000,Elexon BMRS FUELHH
2022-03-22T04:30:00Z,Imports & Exports,1118.000,Elexon BMRS FUELHH
2022-03-22T04:30:00Z,Nuclear,5825.000,Elexon BMRS FUELHH
2022-03-22T04:30:00Z,Other,147.000,Elexon BMRS FUELHH
2022-03-22T04:30:00Z,Pumped Storage,-520.000,Elexon BMRS FUELHH
2022-03-22T04:30:00Z,Wind,2596.000,Elexon BMRS FUELHH
2022-03-22T05:00:00Z,Biomass,1256.000,Elexon BMRS FUELHH
2022-03-22T05:00:00Z,Coal,573.000,Elexon BMRS FUELHH
2022-03-22T05:00:00Z,Gas,12888.000,Elexon BMRS FUELHH
2022-03-22T05:00:00Z,Hydro,342.000,Elexon BMRS FUELHH
2022-03-22T05:00:00Z,Imports & Exports,188.000,Elexon BMRS FUELHH
2022-03-22T05:00:00Z,Nuclear,5826.000,Elexon BMRS FUELHH
2022-03-22T05:00:00Z,Other,174.000,Elexon BMRS FUELHH
2022-03-22T05:00:00Z,Pumped Storage,38.000,Elexon BMRS FUELHH
2022-03-22T05:00:00Z,Wind,2484.000,Elexon BMRS FUELHH
2022-03-22T05:30:00Z,Biomass,1273.000,Elexon BMRS FUELHH
2022-03-22T05:30:00Z,Coal,869.000,Elexon BMRS FUELHH
2022-03-22T05:30:00Z,Gas,13522.000,Elexon BMRS FUELHH
2022-03-22T05:30:00Z,Hydro,357.000,Elexon BMRS FUELHH
2022-03-22T05:30:00Z,Imports & Exports,178.000,Elexon BMRS FUELHH
2022-03-22T05:30:00Z,Nuclear,5829.000,Elexon BMRS FUELHH
2022-03-22T05:30:00Z,Other,272.000,Elexon BMRS FUELHH
2022-03-22T05:30:00Z,Pumped Storage,104.000,Elexon BMRS FUELHH
2022-03-22T05:30:00Z,Wind,2413.000,Elexon BMRS FUELHH
2022-03-22T06:00:00Z,Biomass,1509.000,Elexon BMRS FUELHH
2022-03-22T06:00:00Z,Coal,1231.000,Elexon BMRS FUELHH
2022-03-22T06:00:00Z,Gas,14261.000,Elexon BMRS FUELHH
2022-03-22T06:00:00Z,Hydro,499.000,Elexon BMRS FUELHH
2022-03-22T06:00:00Z,Imports & Exports,1392.000,Elexon BMRS FUELHH
2022-03-22T06:00:00Z,Nuclear,5833.000,Elexon BMRS FUELHH
2022-03-22T06:00:00Z,Other,303.000,Elexon BMRS FUELHH
2022-03-22T06:00:00Z,Pumped Storage,20.000,Elexon BMRS FUELHH
2022-03-22T06:00:00Z,Wind,2397.000,Elexon BMRS FUELHH
2022-03-22T06:30:00Z,Biomass,1589.000,Elexon BMRS FUELHH
2022-03-22T06:30:00Z,Coal,1515.000,Elexon BMRS FUELHH
2022-03-22T06:30:00Z,Gas,14628.000,Elexon BMRS FUELHH
2022-03-22T06:30:00Z,Hydro,623.000,Elexon BMRS FUELHH
2022-03-22T06:30:00Z,Imports & Exports,1630.000,Elexon BMRS FUELHH
2022-03-22T06:30:00Z,Nuclear,5831.000,Elexon BMRS FUELHH
2022-03-22T06:30:00Z,Other,424.000,Elexon BMRS FUELHH
2022-03-22T06:30:00Z,Pumped Storage,640.000,Elexon BMRS FUELHH
2022-03-22T06:30:00Z,Wind,2734.000,Elexon BMRS FUELHH
2022-03-22T07:00:00Z,Biomass,1596.000,Elexon BMRS FUELHH
2022-03-22T07:00:00Z,Coal,1586.000,Elexon BMRS FUELHH
2022-03-22T07:00:00Z,Gas,14540.000,Elexon BMRS FUELHH
2022-03-22T07:00:00Z,Hydro,586.000,Elexon BMRS FUELHH
2022-03-22T07:00:00Z,Imports & Exports,4570.000,Elexon BMRS FUELHH
2022-03-22T07:00:00Z,Nuclear,5833.000,Elexon BMRS FUELHH
2022-03-22T07:00:00Z,Other,269.000,Elexon BMRS FUELHH
2022-03-22T07:00:00Z,Pumped Storage,348.000,Elexon BMRS FUELHH
2022-03-22T07:00:00Z,Wind,2870.000,Elexon BMRS FUELHH
2022-03-22T07:30:00Z,Biomass,1599.000,Elexon BMRS FUELHH
2022-03-22T07:30:00Z,Coal,1736.000,Elexon BMRS FUELHH
2022-03-22T07:30:00Z,Gas,14957.000,Elexon BMRS FUELHH
2022-03-22T07:30:00Z,Hydro,576.000,Elexon BMRS FUELHH
2022-03-22T07:30:00Z,Imports & Exports,4652.000,Elexon BMRS FUELHH
2022-03-22T07:30:00Z,Nuclear,5833.000,Elexon BMRS FUELHH
2022-03-22T07:30:00Z,Other,256.000,Elexon BMRS FUELHH
2022-03-22T07:30:00Z,Pumped Storage,300.000,Elexon BMRS FUELHH
2022-03-22T07:30:00Z,Wind,2927.000,Elexon BMRS FUELHH
2022-03-22T08:00:00Z,Biomass,1448.000,Elexon BMRS FUELHH
2022-03-22T08:00:00Z,Coal,1793.000,Elexon BMRS FUELHH
2022-03-22T08:00:00Z,Gas,15056.000,Elexon BMRS FUELHH
2022-03-22T08:00:00Z,Hydro,522.000,Elexon BMRS FUELHH
2022-03-22T08:00:00Z,Imports & Exports,4960.000,Elexon BMRS FUELHH
2022-03-22T08:00:00Z,Nuclear,5832.000,Elexon BMRS FUELHH
2022-03-22T08:00:00Z,Other,179.000,Elexon BMRS FUELHH
2022-03-22T08:00:00Z,Pumped Storage,170.000,Elexon BMRS FUELHH
2022-03-22T08:00:00Z,Wind,3019.000,Elexon BMRS FUELHH
2022-03-22T08:30:00Z,Biomass,1415.000,Elexon BMRS FUELHH
2022-03-22T08:30:00Z,Coal,1778.000,Elexon BMRS FUELHH
2022-03-22T08:30:00Z,Gas,14980.000,Elexon BMRS FUELHH
2022-03-22T08:30:00Z,Hydro,473.000,Elexon BMRS FUELHH
2022-03-22T08:30:00Z,Imports & Exports,4822.000,Elexon BMRS FUELHH
2022-03-22T08:30:00Z,Nuclear,5836.000,Elexon BMRS FUELHH
2022-03-22T08:30:00Z,Other,157.000,Elexon BMRS FUELHH
2022-03-22T08:30:00Z,Pumped Storage,-16.000,Elexon BMRS FUELHH
2022-03-22T08:30:00Z,Wind,2937.000,Elexon BMRS FUELHH
2022-03-22T09:00:00Z,Biomass,1418.000,Elexon BMRS FUELHH
2022-03-22T09:00:00Z,Coal,1753.000,Elexon BMRS FUELHH
2022-03-22T09:00:00Z,Gas,15140.000,Elexon BMRS FUELHH
2022-03-22T09:00:00Z,Hydro,375.000,Elexon BMRS FUELHH
2022-03-22T09:00:00Z,Imports & Exports,4286.000,Elexon BMRS FUELHH
2022-03-22T09:00:00Z,Nuclear,5829.000,Elexon BMRS FUELHH
2022-03-22T09:00:00Z,Other,163.000,Elexon BMRS FUELHH
2022-03-22T09:00:00Z,Pumped Storage,-18.000,Elexon BMRS FUELHH
2022-03-22T09:00:00Z,Wind,2791.000,Elexon BMRS FUELHH
2022-03-22T09:30:00Z,Biomass,1316.000,Elexon BMRS FUELHH
2022-03-22T09:30:00Z,Coal,1666.000,Elexon BMRS FUELHH
2022-03-22T09:30:00Z,Gas,14588.000,Elexon BMRS FUELHH
2022-03-22T09:30:00Z,Hydro,372.000,Elexon BMRS FUELHH
2022-03-22T09:30:00Z,Imports & Exports,4100.000,Elexon BMRS FUELHH
2022-03-22T09:30:00Z,Nuclear,5832.000,Elexon BMRS FUELHH
2022-03-22T09:30:00Z,Other,165.000,Elexon BMRS FUELHH
2022-03-22T09:30:00Z,Pumped Storage,-18.000,Elexon BMRS FUELHH
2022-03-22T09:30:00Z,Wind,2897.000,Elexon BMRS FUELHH
2022-03-22T10:00:00Z,Biomass,1341.000,Elexon BMRS FUELHH
2022-03-22T10:00:00Z,Coal,1759.000,Elexon BMRS FUELHH
2022-03-22T10:00:00Z,Gas,14540.000,Elexon BMRS FUELHH
2022-03-22T10:00:00Z,Hydro,343.000,Elexon BMRS FUELHH
2022-03-22T10:00:00Z,Imports & Exports,2888.000,Elexon BMRS FUELHH
2022-03-22T10:00:00Z,Nuclear,5829.000,Elexon BMRS FUELHH
2022-03-22T10:00:00Z,Other,209.000,Elexon BMRS FUELHH
2022-03-22T10:00:00Z,Pumped Storage,-18.000,Elexon BMRS FUELHH
2022-03-22T10:00:00Z,Wind,3003.000,Elexon BMRS FUELHH
2022-03-22T10:30:00Z,Biomass,1424.000,Elexon BMRS FUELHH
2022-03-22T10:30:00Z,Coal,1761.000,Elexon BMRS FUELHH
2022-03-22T10:30:00Z,Gas,13619.000,Elexon BMRS FUELHH
2022-03-22T10:30:00Z,Hydro,345.000,Elexon BMRS FUELHH
2022-03-22T10:30:00Z,Imports & Exports,2844.000,Elexon BMRS FUELHH
2022-03-22T10:30:00Z,Nuclear,5819.000,Elexon BMRS FUELHH
2022-03-22T10:30:00Z,Other,206.000,Elexon BMRS FUELHH
2022-03-22T10:30:00Z,Pumped Storage,-10.000,Elexon BMRS FUELHH
2022-03-22T10:30:00Z,Wind,3144.000,Elexon BMRS FUELHH
2022-03-22T11:00:00Z,Biomass,1441.000,Elexon BMRS FUELHH
2022-03-22T11:00:00Z,Coal,1451.000,Elexon BMRS FUELHH
2022-03-22T11:00:00Z,Gas,12900.000,Elexon BMRS FUELHH
2022-03-22T11:00:00Z,Hydro,347.000,Elexon BMRS FUELHH
2022-03-22T11:00:00Z,Imports & Exports,3114.000,Elexon BMRS FUELHH
2022-03-22T11:00:00Z,Nuclear,5825.000,Elexon BMRS FUELHH
2022-03-22T11:00:00Z,Other,166.000,Elexon BMRS FUELHH
2022-03-22T11:00:00Z,Pumped Storage,-10.000,Elexon BMRS FUELHH
2022-03-22T11:00:00Z,Wind,3360.000,Elexon BMRS FUELHH
2022-03-22T11:30:00Z,Biomass,1440.000,Elexon BMRS FUELHH
2022-03-22T11:30:00Z,Coal,1223.000,Elexon BMRS FUELHH
2022-03-22T11:30:00Z,Gas,12285.000,Elexon BMRS FUELHH
2022-03-22T11:30:00Z,Hydro,346.000,Elexon BMRS FUELHH
2022-03-22T11:30:00Z,Imports & Exports,3122.000,Elexon BMRS FUELHH
2022-03-22T11:30:00Z,Nuclear,5823.000,Elexon BMRS FUELHH
2022-03-22T11:30:00Z,Other,155.000,Elexon BMRS FUELHH
2022-03-22T11:30:00Z,Pumped Storage,20.000,Elexon BMRS FUELHH
2022-03-22T11:30:00Z,Wind,3533.000,Elexon BMRS FUELHH
2022-03-22T12:00:00Z,Biomass,1440.000,Elexon BMRS FUELHH
2022-03-22T12:00:00Z,Coal,1222.000,Elexon BMRS FUELHH
2022-03-22T12:00:00Z,Gas,11873.000,Elexon BMRS FUELHH
2022-03-22T12:00:00Z,Hydro,330.000,Elexon BMRS FUELHH
2022-03-22T12:00:00Z,Imports & Exports,3372.000,Elexon BMRS FUELHH
2022-03-22T12:00:00Z,Nuclear,5819.000,Elexon BMRS FUELHH
2022-03-22T12:00:00Z,Other,151.000,Elexon BMRS FUELHH
2022-03-22T12:00:00Z,Pumped Storage,-10.000,Elexon BMRS FUELHH
2022-03-22T12:00:00Z,Wind,3760.000,Elexon BMRS FUELHH
2022-03-22T12:30:00Z,Biomass,1443.000,Elexon BMRS FUELHH
2022-03-22T12:30:00Z,Coal,1146.000,Elexon BMRS FUELHH
2022-03-22T12:30:00Z,Gas,11564.000,Elexon BMRS FUELHH
2022-03-22T12:30:00Z,Hydro,331.000,Elexon BMRS FUELHH
2022-03-22T12:30:00Z,Imports & Exports,3388.000,Elexon BMRS FUELHH
2022-03-22T12:30:00Z,Nuclear,5814.000,Elexon BMRS FUELHH
2022-03-22T12:30:00Z,Other,153.000,Elexon BMRS FUELHH
2022-03-22T12:30:00Z,Pumped Storage,-86.000,Elexon BMRS FUELHH
2022-03-22T12:30:00Z,Wind,3743.000,Elexon BMRS FUELHH
2022-03-22T13:00:00Z,Biomass,1359.000,Elexon BMRS FUELHH
2022-03-22T13:00:00Z,Coal,929.000,Elexon BMRS FUELHH
2022-03-22T13:00:00Z,Gas,12051.000,Elexon BMRS FUELHH
2022-03-22T13:00:00Z,Hydro,330.000,Elexon BMRS FUELHH
2022-03-22T13:00:00Z,Imports & Exports,2872.000,Elexon BMRS FUELHH
2022-03-22T13:00:00Z,Nuclear,5817.000,Elexon BMRS FUELHH
2022-03-22T13:00:00Z,Other,161.000,Elexon BMRS FUELHH
2022-03-22T13:00:00Z,Pumped Storage,-122.000,Elexon BMRS FUELHH
2022-03-22T13:00:00Z,Wind,3902.000,Elexon BMRS FUELHH
2022-03-22T13:30:00Z,Biomass,1325.000,Elexon BMRS FUELHH
2022-03-22T13:30:00Z,Coal,918.000,Elexon BMRS FUELHH
2022-03-22T13:30:00Z,Gas,11849.000,Elexon BMRS FUELHH
2022-03-22T13:30:00Z,Hydro,339.000,Elexon BMRS FUELHH
2022-03-22T13:30:00Z,Imports & Exports,2820.000,Elexon BMRS FUELHH
2022-03-22T13:30:00Z,Nuclear,5821.000,Elexon BMRS FUELHH
2022-03-22T13:30:00Z,Other,161.000,Elexon BMRS FUELHH
2022-03-22T13:30:00Z,Pumped Storage,-164.000,Elexon BMRS FUELHH
2022-03-22T13:30:00Z,Wind,3925.000,Elexon BMRS FUELHH
2022-03-22T14:00:00Z,Biomass,1342.000,Elexon BMRS FUELHH
2022-03-22T14:00:00Z,Coal,1119.000,Elexon BMRS FUELHH
2022-03-22T14:00:00Z,Gas,12364.000,Elexon BMRS FUELHH
2022-03-22T14:00:00Z,Hydro,341.000,Elexon BMRS FUELHH
2022-03-22T14:00:00Z,Imports & Exports,2348.000,Elexon BMRS FUELHH
2022-03-22T14:00:00Z,Nuclear,5816.000,Elexon BMRS FUELHH
2022-03-22T14:00:00Z,Other,174.000,Elexon BMRS FUELHH
2022-03-22T14:00:00Z,Pumped Storage,-162.000,Elexon BMRS FUELHH
2022-03-22T14:00:00Z,Wind,3891.000,Elexon BMRS FUELHH
2022-03-22T14:30:00Z,Biomass,1302.000,Elexon BMRS FUELHH
2022-03-22T14:30:00Z,Coal,1482.000,Elexon BMRS FUELHH
2022-03-22T14:30:00Z,Gas,12701.000,Elexon BMRS FUELHH
2022-03-22T14:30:00Z,Hydro,340.000,Elexon BMRS FUELHH
2022-03-22T14:30:00Z,Imports & Exports,2232.000,Elexon BMRS FUELHH
2022-03-22T14:30:00Z,Nuclear,5821.000,Elexon BMRS FUELHH
2022-03-22T14:30:00Z,Other,156.000,Elexon BMRS FUELHH
2022-03-22T14:30:00Z,Pumped Storage,-164.000,Elexon BMRS FUELHH
2022-03-22T14:30:00Z,Wind,3733.000,Elexon BMRS FUELHH
2022-03-22T15:00:00Z,Biomass,1309.000,Elexon BMRS FUELHH
2022-03-22T15:00:00Z,Coal,1789.000,Elexon BMRS FUELHH
2022-03-22T15:00:00Z,Gas,14322.000,Elexon BMRS FUELHH
2022-03-22T15:00:00Z,Hydro,366.000,Elexon BMRS FUELHH
2022-03-22T15:00:00Z,Imports & Exports,826.000,Elexon BMRS FUELHH
2022-03-22T15:00:00Z,Nuclear,5820.000,Elexon BMRS FUELHH
2022-03-22T15:00:00Z,Other,162.000,Elexon BMRS FUELHH
2022-03-22T15:00:00Z,Pumped Storage,30.000,Elexon BMRS FUELHH
2022-03-22T15:00:00Z,Wind,3559.000,Elexon BMRS FUELHH
2022-03-22T15:30:00Z,Biomass,1414.000,Elexon BMRS FUELHH
2022-03-22T15:30:00Z,Coal,1786.000,Elexon BMRS FUELHH
2022-03-22T15:30:00Z,Gas,16302.000,Elexon BMRS FUELHH
2022-03-22T15:30:00Z,Hydro,390.000,Elexon BMRS FUELHH
2022-03-22T15:30:00Z,Imports & Exports,-128.000,Elexon BMRS FUELHH
2022-03-22T15:30:00Z,Nuclear,5821.000,Elexon BMRS FUELHH
2022-03-22T15:30:00Z,Other,183.000,Elexon BMRS FUELHH
2022-03-22T15:30:00Z,Pumped Storage,124.000,Elexon BMRS FUELHH
2022-03-22T15:30:00Z,Wind,3492.000,Elexon BMRS FUELHH
2022-03-22T16:00:00Z,Biomass,1432.000,Elexon BMRS FUELHH
2022-03-22T16:00:00Z,Coal,1800.000,Elexon BMRS FUELHH
2022-03-22T16:00:00Z,Gas,18212.000,Elexon BMRS FUELHH
2022-03-22T16:00:00Z,Hydro,457.000,Elexon BMRS FUELHH
2022-03-22T16:00:00Z,Imports & Exports,-728.000,Elexon BMRS FUELHH
2022-03-22T16:00:00Z,Nuclear,5823.000,Elexon BMRS FUELHH
2022-03-22T16:00:00Z,Other,164.000,Elexon BMRS FUELHH
2022-03-22T16:00:00Z,Pumped Storage,-12.000,Elexon BMRS FUELHH
2022-03-22T16:00:00Z,Wind,3407.000,Elexon BMRS FUELHH
2022-03-22T16:30:00Z,Biomass,1553.000,Elexon BMRS FUELHH
2022-03-22T16:30:00Z,Coal,1797.000,Elexon BMRS FUELHH
2022-03-22T16:30:00Z,Gas,19855.000,Elexon BMRS FUELHH
2022-03-22T16:30:00Z,Hydro,494.000,Elexon BMRS FUELHH
2022-03-22T16:30:00Z,Imports & Exports,-674.000,Elexon BMRS FUELHH
2022-03-22T16:30:00Z,Nuclear,5821.000,Elexon BMRS FUELHH
2022-03-22T16:30:00Z,Other,204.000,Elexon BMRS FUELHH
2022-03-22T16:30:00Z,Pumped Storage,256.000,Elexon BMRS FUELHH
2022-03-22T16:30:00Z,Wind,3313.000,Elexon BMRS FUELHH
2022-03-22T17:00:00Z,Biomass,1627.000,Elexon BMRS FUELHH
2022-03-22T17:00:00Z,Coal,1795.000,Elexon BMRS FUELHH
2022-03-22T17:00:00Z,Gas,20195.000,Elexon BMRS FUELHH
2022-03-22T17:00:00Z,Hydro,712.000,Elexon BMRS FUELHH
2022-03-22T17:00:00Z,Imports & Exports,-762.000,Elexon BMRS FUELHH
2022-03-22T17:00:00Z,Nuclear,5825.000,Elexon BMRS FUELHH
2022-03-22T17:00:00Z,Other,329.000,Elexon BMRS FUELHH
2022-03-22T17:00:00Z,Pumped Storage,1150.000,Elexon BMRS FUELHH
2022-03-22T17:00:00Z,Wind,3378.000,Elexon BMRS FUELHH
2022-03-22T17:30:00Z,Biomass,1627.000,Elexon BMRS FUELHH
2022-03-22T17:30:00Z,Coal,1796.000,Elexon BMRS FUELHH
2022-03-22T17:30:00Z,Gas,20123.000,Elexon BMRS FUELHH
2022-03-22T17:30:00Z,Hydro,741.000,Elexon BMRS FUELHH
2022-03-22T17:30:00Z,Imports & Exports,-674.000,Elexon BMRS FUELHH
2022-03-22T17:30:00Z,Nuclear,5824.000,Elexon BMRS FUELHH
2022-03-22T17:30:00Z,Other,422.000,Elexon BMRS FUELHH
2022-03-22T17:30:00Z,Pumped Storage,1984.000,Elexon BMRS FUELHH
2022-03-22T17:30:00Z,Wind,3480.000,Elexon BMRS FUELHH
2022-03-22T18:00:00Z,Biomass,1614.000,Elexon BMRS FUELHH
2022-03-22T18:00:00Z,Coal,1625.000,Elexon BMRS FUELHH
2022-03-22T18:00:00Z,Gas,20150.000,Elexon BMRS FUELHH
2022-03-22T18:00:00Z,Hydro,847.000,Elexon BMRS FUELHH
2022-03-22T18:00:00Z,Imports & Exports,-118.000,Elexon BMRS FUELHH
2022-03-22T18:00:00Z,Nuclear,5825.000,Elexon BMRS FUELHH
2022-03-22T18:00:00Z,Other,519.000,Elexon BMRS FUELHH
2022-03-22T18:00:00Z,Pumped Storage,2238.000,Elexon BMRS FUELHH
2022-03-22T18:00:00Z,Wind,3669.000,Elexon BMRS FUELHH
2022-03-22T18:30:00Z,Biomass,1605.000,Elexon BMRS FUELHH
2022-03-22T18:30:00Z,Coal,1750.000,Elexon BMRS FUELHH
2022-03-22T18:30:00Z,Gas,20640.000,Elexon BMRS FUELHH
2022-03-22T18:30:00Z,Hydro,834.000,Elexon BMRS FUELHH
2022-03-22T18:30:00Z,Imports & Exports,-32.000,Elexon BMRS FUELHH
2022-03-22T18:30:00Z,Nuclear,5826.000,Elexon BMRS FUELHH
2022-03-22T18:30:00Z,Other,579.000,Elexon BMRS FUELHH
2022-03-22T18:30:00Z,Pumped Storage,2244.000,Elexon BMRS FUELHH
2022-03-22T18:30:00Z,Wind,3812.000,Elexon BMRS FUELHH
2022-03-22T19:00:00Z,Biomass,1608.000,Elexon BMRS FUELHH
2022-03-22T19:00:00Z,Coal,1785.000,Elexon BMRS FUELHH
2022-03-22T19:00:00Z,Gas,20298.000,Elexon BMRS FUELHH
2022-03-22T19:00:00Z,Hydro,690.000,Elexon BMRS FUELHH
2022-03-22T19:00:00Z,Imports & Exports,1844.000,Elexon BMRS FUELHH
2022-03-22T19:00:00Z,Nuclear,5826.000,Elexon BMRS FUELHH
2022-03-22T19:00:00Z,Other,433.000,Elexon BMRS FUELHH
2022-03-22T19:00:00Z,Pumped Storage,874.000,Elexon BMRS FUELHH
2022-03-22T19:00:00Z,Wind,4079.000,Elexon BMRS FUELHH
2022-03-22T19:30:00Z,Biomass,1596.000,Elexon BMRS FUELHH
2022-03-22T19:30:00Z,Coal,1736.000,Elexon BMRS FUELHH
2022-03-22T19:30:00Z,Gas,19825.000,Elexon BMRS FUELHH
2022-03-22T19:30:00Z,Hydro,704.000,Elexon BMRS FUELHH
2022-03-22T19:30:00Z,Imports & Exports,1798.000,Elexon BMRS FUELHH
2022-03-22T19:30:00Z,Nuclear,5828.000,Elexon BMRS FUELHH
2022-03-22T19:30:00Z,Other,340.000,Elexon BMRS FUELHH
2022-03-22T19:30:00Z,Pumped Storage,124.000,Elexon BMRS FUELHH
2022-03-22T19:30:00Z,Wind,4314.000,Elexon BMRS FUELHH
2022-03-22T20:00:00Z,Biomass,1592.000,Elexon BMRS FUELHH
2022-03-22T20:00:00Z,Coal,1609.000,Elexon BMRS FUELHH
2022-03-22T20:00:00Z,Gas,19631.000,Elexon BMRS FUELHH
2022-03-22T20:00:00Z,Hydro,521.000,Elexon BMRS FUELHH
2022-03-22T20:00:00Z,Imports & Exports,892.000,Elexon BMRS FUELHH
2022-03-22T20:00:00Z,Nuclear,5824.000,Elexon BMRS FUELHH
2022-03-22T20:00:00Z,Other,210.000,Elexon BMRS FUELHH
2022-03-22T20:00:00Z,Pumped Storage,604.000,Elexon BMRS FUELHH
2022-03-22T20:00:00Z,Wind,4279.000,Elexon BMRS FUELHH
2022-03-22T20:30:00Z,Biomass,1594.000,Elexon BMRS FUELHH
2022-03-22T20:30:00Z,Coal,1561.000,Elexon BMRS FUELHH
2022-03-22T20:30:00Z,Gas,19255.000,Elexon BMRS FUELHH
2022-03-22T20:30:00Z,Hydro,449.000,Elexon BMRS FUELHH
2022-03-22T20:30:00Z,Imports & Exports,738.000,Elexon BMRS FUELHH
2022-03-22T20:30:00Z,Nuclear,5822.000,Elexon BMRS FUELHH
2022-03-22T20:30:00Z,Other,182.000,Elexon BMRS FUELHH
2022-03-22T20:30:00Z,Pumped Storage,52.000,Elexon BMRS FUELHH
2022-03-22T20:30:00Z,Wind,4280.000,Elexon BMRS FUELHH
2022-03-22T21:00:00Z,Biomass,1580.000,Elexon BMRS FUELHH
2022-03-22T21:00:00Z,Coal,1582.000,Elexon BMRS FUELHH
2022-03-22T21:00:00Z,Gas,18584.000,Elexon BMRS FUELHH
2022-03-22T21:00:00Z,Hydro,393.000,Elexon BMRS FUELHH
2022-03-22T21:00:00Z,Imports & Exports,10.000,Elexon BMRS FUELHH
2022-03-22T21:00:00Z,Nuclear,5821.000,Elexon BMRS FUELHH
2022-03-22T21:00:00Z,Other,181.000,Elexon BMRS FUELHH
2022-03-22T21:00:00Z,Pumped Storage,-12.000,Elexon BMRS FUELHH
2022-03-22T21:00:00Z,Wind,4206.000,Elexon BMRS FUELHH
2022-03-22T21:30:00Z,Biomass,1559.000,Elexon BMRS FUELHH
2022-03-22T21:30:00Z,Coal,1028.000,Elexon BMRS FUELHH
2022-03-22T21:30:00Z,Gas,17487.000,Elexon BMRS FUELHH
2022-03-22T21:30:00Z,Hydro,372.000,Elexon BMRS FUELHH
2022-03-22T21:30:00Z,Imports & Exports,112.000,Elexon BMRS FUELHH
2022-03-22T21:30:00Z,Nuclear,5824.000,Elexon BMRS FUELHH
2022-03-22T21:30:00Z,Other,162.000,Elexon BMRS FUELHH
2022-03-22T21:30:00Z,Pumped Storage,28.000,Elexon BMRS FUELHH
2022-03-22T21:30:00Z,Wind,4092.000,Elexon BMRS FUELHH
2022-03-22T22:00:00Z,Biomass,1559.000,Elexon BMRS FUELHH
2022-03-22T22:00:00Z,Coal,624.000,Elexon BMRS FUELHH
2022-03-22T22:00:00Z,Gas,16021.000,Elexon BMRS FUELHH
2022-03-22T22:00:00Z,Hydro,360.000,Elexon BMRS FUELHH
2022-03-22T22:00:00Z,Imports & Exports,322.000,Elexon BMRS FUELHH
2022-03-22T22:00:00Z,Nuclear,5823.000,Elexon BMRS FUELHH
2022-03-22T22:00:00Z,Other,167.000,Elexon BMRS FUELHH
2022-03-22T22:00:00Z,Pumped Storage,96.000,Elexon BMRS FUELHH
2022-03-22T22:00:00Z,Wind,3943.000,Elexon BMRS FUELHH
2022-03-22T22:30:00Z,Biomass,1559.000,Elexon BMRS FUELHH
2022-03-22T22:30:00Z,Coal,354.000,Elexon BMRS FUELHH
2022-03-22T22:30:00Z,Gas,14850.000,Elexon BMRS FUELHH
2022-03-22T22:30:00Z,Hydro,359.000,Elexon BMRS FUELHH
2022-03-22T22:30:00Z,Imports & Exports,286.000,Elexon BMRS FUELHH
2022-03-22T22:30:00Z,Nuclear,5824.000,Elexon BMRS FUELHH
2022-03-22T22:30:00Z,Other,173.000,Elexon BMRS FUELHH
2022-03-22T22:30:00Z,Pumped Storage,112.000,Elexon BMRS FUELHH
2022-03-22T22:30:00Z,Wind,3598.000,Elexon BMRS FUELHH
2022-03-22T23:00:00Z,Biomass,1559.000,Elexon BMRS FUELHH
2022-03-22T23:00:00Z,Coal,318.000,Elexon BMRS FUELHH
2022-03-22T23:00:00Z,Gas,13359.000,Elexon BMRS FUELHH
2022-03-22T23:00:00Z,Hydro,360.000,Elexon BMRS FUELHH
2022-03-22T23:00:00Z,Imports & Exports,872.000,Elexon BMRS FUELHH
2022-03-22T23:00:00Z,Nuclear,5825.000,Elexon BMRS FUELHH
2022-03-22T23:00:00Z,Other,155.000,Elexon BMRS FUELHH
2022-03-22T23:00:00Z,Pumped Storage,34.000,Elexon BMRS FUELHH
2022-03-22T23:00:00Z,Wind,3306.000,Elexon BMRS FUELHH
2022-03-22T23:30:00Z,Biomass,1559.000,Elexon BMRS FUELHH
2022-03-22T23:30:00Z,Coal,235.000,Elexon BMRS FUELHH
2022-03-22T23:30:00Z,Gas,12721.000,Elexon BMRS FUELHH
2022-03-22T23:30:00Z,Hydro,361.000,Elexon BMRS FUELHH
2022-03-22T23:30:00Z,Imports & Exports,738.000,Elexon BMRS FUELHH
2022-03-22T23:30:00Z,Nuclear,5824.000,Elexon BMRS FUELHH
2022-03-22T23:30:00Z,Other,154.000,Elexon BMRS FUELHH
2022-03-22T23:30:00Z,Pumped Storage,-14.000,Elexon BMRS FUELHH
2022-03-22T23:30:00Z,Wind,3127.000,Elexon BMRS FUELHH
2022-03-23T00:00:00Z,Biomass,1558.000,Elexon BMRS FUELHH
2022-03-23T00:00:00Z,Coal,232.000,Elexon BMRS FUELHH
2022-03-23T00:00:00Z,Gas,12273.000,Elexon BMRS FUELHH
2022-03-23T00:00:00Z,Hydro,327.000,Elexon BMRS FUELHH
2022-03-23T00:00:00Z,Imports & Exports,1134.000,Elexon BMRS FUELHH
2022-03-23T00:00:00Z,Nuclear,5827.000,Elexon BMRS FUELHH
2022-03-23T00:00:00Z,Other,155.000,Elexon BMRS FUELHH
2022-03-23T00:00:00Z,Pumped Storage,-14.000,Elexon BMRS FUELHH
2022-03-23T00:00:00Z,Wind,2985.000,Elexon BMRS FUELHH
2022-03-23T00:30:00Z,Biomass,1557.000,Elexon BMRS FUELHH
2022-03-23T00:30:00Z,Coal,230.000,Elexon BMRS FUELHH
2022-03-23T00:30:00Z,Gas,12709.000,Elexon BMRS FUELHH
2022-03-23T00:30:00Z,Hydro,327.000,Elexon BMRS FUELHH
2022-03-23T00:30:00Z,Imports & Exports,1212.000,Elexon BMRS FUELHH
2022-03-23T00:30:00Z,Nuclear,5827.000,Elexon BMRS FUELHH
2022-03-23T00:30:00Z,Other,156.000,Elexon BMRS FUELHH
2022-03-23T00:30:00Z,Pumped Storage,-24.000,Elexon BMRS FUELHH
2022-03-23T00:30:00Z,Wind,2715.000,Elexon BMRS FUELHH
2022-03-23T01:00:00Z,Biomass,1412.000,Elexon BMRS FUELHH
2022-03-23T01:00:00Z,Coal,231.000,Elexon BMRS FUELHH
2022-03-23T01:00:00Z,Gas,12906.000,Elexon BMRS FUELHH
2022-03-23T01:00:00Z,Hydro,320.000,Elexon BMRS FUELHH
2022-03-23T01:00:00Z,Imports & Exports,1832.000,Elexon BMRS FUELHH
2022-03-23T01:00:00Z,Nuclear,5830.000,Elexon BMRS FUELHH
2022-03-23T01:00:00Z,Other,153.000,Elexon BMRS FUELHH
2022-03-23T01:00:00Z,Pumped Storage,-716.000,Elexon BMRS FUELHH
2022-03-23T01:00:00Z,Wind,2531.000,Elexon BMRS FUELHH
2022-03-23T01:30:00Z,Biomass,1262.000,Elexon BMRS FUELHH
2022-03-23T01:30:00Z,Coal,231.000,Elexon BMRS FUELHH
2022-03-23T01:30:00Z,Gas,12918.000,Elexon BMRS FUELHH
2022-03-23T01:30:00Z,Hydro,313.000,Elexon BMRS FUELHH
2022-03-23T01:30:00Z,Imports & Exports,1852.000,Elexon BMRS FUELHH
2022-03-23T01:30:00Z,Nuclear,5829.000,Elexon BMRS FUELHH
2022-03-23T01:30:00Z,Other,152.000,Elexon BMRS FUELHH
2022-03-23T01:30:00Z,Pumped Storage,-960.000,Elexon BMRS FUELHH
2022-03-23T01:30:00Z,Wind,2333.000,Elexon BMRS FUELHH
2022-03-23T02:00:00Z,Biomass,1263.000,Elexon BMRS FUELHH
2022-03-23T02:00:00Z,Coal,233.000,Elexon BMRS FUELHH
2022-03-23T02:00:00Z,Gas,13248.000,Elexon BMRS FUELHH
2022-03-23T02:00:00Z,Hydro,292.000,Elexon BMRS FUELHH
2022-03-23T02:00:00Z,Imports & Exports,1470.000,Elexon BMRS FUELHH
2022-03-23T02:00:00Z,Nuclear,5828.000,Elexon BMRS FUELHH
2022-03-23T02:00:00Z,Other,156.000,Elexon BMRS FUELHH
2022-03-23T02:00:00Z,Pumped Storage,-980.000,Elexon BMRS FUELHH
2022-03-23T02:00:00Z,Wind,2051.000,Elexon BMRS FUELHH
2022-03-23T02:30:00Z,Biomass,1525.000,Elexon BMRS FUELHH
2022-03-23T02:30:00Z,Coal,231.000,Elexon BMRS FUELHH
2022-03-23T02:30:00Z,Gas,13243.000,Elexon BMRS FUELHH
2022-03-23T02:30:00Z,Hydro,287.000,Elexon BMRS FUELHH
2022-03-23T02:30:00Z,Imports & Exports,1454.000,Elexon BMRS FUELHH
2022-03-23T02:30:00Z,Nuclear,5808.000,Elexon BMRS FUELHH
2022-03-23T02:30:00Z,Other,153.000,Elexon BMRS FUELHH
2022-03-23T02:30:00Z,Pumped Storage,-1224.000,Elexon BMRS FUELHH
2022-03-23T02:30:00Z,Wind,1780.000,Elexon BMRS FUELHH
2022-03-23T03:00:00Z,Biomass,1560.000,Elexon BMRS FUELHH
2022-03-23T03:00:00Z,Coal,271.000,Elexon BMRS FUELHH
2022-03-23T03:00:00Z,Gas,13478.000,Elexon BMRS FUELHH
2022-03-23T03:00:00Z,Hydro,286.000,Elexon BMRS FUELHH
2022-03-23T03:00:00Z,Imports & Exports,1028.000,Elexon BMRS FUELHH
2022-03-23T03:00:00Z,Nuclear,5745.000,Elexon BMRS FUELHH
2022-03-23T03:00:00Z,Other,160.000,Elexon BMRS FUELHH
2022-03-23T03:00:00Z,Pumped Storage,-1206.000,Elexon BMRS FUELHH
2022-03-23T03:00:00Z,Wind,1635.000,Elexon BMRS FUELHH
2022-03-23T03:30:00Z,Biomass,1560.000,Elexon BMRS FUELHH
2022-03-23T03:30:00Z,Coal,322.000,Elexon BMRS FUELHH
2022-03-23T03:30:00Z,Gas,13442.000,Elexon BMRS FUELHH
2022-03-23T03:30:00Z,Hydro,286.000,Elexon BMRS FUELHH
2022-03-23T03:30:00Z,Imports & Exports,1030.000,Elexon BMRS FUELHH
2022-03-23T03:30:00Z,Nuclear,5751.000,Elexon BMRS FUELHH
2022-03-23T03:30:00Z,Other,154.000,Elexon BMRS FUELHH
2022-03-23T03:30:00Z,Pumped Storage,-1128.000,Elexon BMRS FUELHH
2022-03-23T03:30:00Z,Wind,1450.000,Elexon BMRS FUELHH
2022-03-23T04:00:00Z,Biomass,1561.000,Elexon BMRS FUELHH
2022-03-23T04:00:00Z,Coal,242.000,Elexon BMRS FUELHH
2022-03-23T04:00:00Z,Gas,13424.000,Elexon BMRS FUELHH
2022-03-23T04:00:00Z,Hydro,285.000,Elexon BMRS FUELHH
2022-03-23T04:00:00Z,Imports & Exports,692.000,Elexon BMRS FUELHH
2022-03-23T04:00:00Z,Nuclear,5749.000,Elexon BMRS FUELHH
2022-03-23T04:00:00Z,Other,156.000,Elexon BMRS FUELHH
2022-03-23T04:00:00Z,Pumped Storage,-556.000,Elexon BMRS FUELHH
2022-03-23T04:00:00Z,Wind,1376.000,Elexon BMRS FUELHH
2022-03-23T04:30:00Z,Biomass,1613.000,Elexon BMRS FUELHH
2022-03-23T04:30:00Z,Coal,391.000,Elexon BMRS FUELHH
2022-03-23T04:30:00Z,Gas,13581.000,Elexon BMRS FUELHH
2022-03-23T04:30:00Z,Hydro,291.000,Elexon BMRS FUELHH
2022-03-23T04:30:00Z,Imports & Exports,540.000,Elexon BMRS FUELHH
2022-03-23T04:30:00Z,Nuclear,5750.000,Elexon BMRS FUELHH
2022-03-23T04:30:00Z,Other,156.000,Elexon BMRS FUELHH
2022-03-23T04:30:00Z,Pumped Storage,-468.000,Elexon BMRS FUELHH
2022-03-23T04:30:00Z,Wind,1293.000,Elexon BMRS FUELHH
2022-03-23T05:00:00Z,Biomass,1643.000,Elexon BMRS FUELHH
2022-03-23T05:00:00Z,Coal,797.000,Elexon BMRS FUELHH
2022-03-23T05:00:00Z,Gas,14961.000,Elexon BMRS FUELHH
2022-03-23T05:00:00Z,Hydro,396.000,Elexon BMRS FUELHH
2022-03-23T05:00:00Z,Imports & Exports,-1224.000,Elexon BMRS FUELHH
2022-03-23T05:00:00Z,Nuclear,5753.000,Elexon BMRS FUELHH
2022-03-23T05:00:00Z,Other,157.000,Elexon BMRS FUELHH
2022-03-23T05:00:00Z,Pumped Storage,120.000,Elexon BMRS FUELHH
2022-03-23T05:00:00Z,Wind,1231.000,Elexon BMRS FUELHH
2022-03-23T05:30:00Z,Biomass,1673.000,Elexon BMRS FUELHH
2022-03-23T05:30:00Z,Coal,917.000,Elexon BMRS FUELHH
2022-03-23T05:30:00Z,Gas,16044.000,Elexon BMRS FUELHH
2022-03-23T05:30:00Z,Hydro,437.000,Elexon BMRS FUELHH
2022-03-23T05:30:00Z,Imports & Exports,-1110.000,Elexon BMRS FUELHH
2022-03-23T05:30:00Z,Nuclear,5748.000,Elexon BMRS FUELHH
2022-03-23T05:30:00Z,Other,157.000,Elexon BMRS FUELHH
2022-03-23T05:30:00Z,Pumped Storage,12.000,Elexon BMRS FUELHH
2022-03-23T05:30:00Z,Wind,1201.000,Elexon BMRS FUELHH
2022-03-23T06:00:00Z,Biomass,1717.000,Elexon BMRS FUELHH
2022-03-23T06:00:00Z,Coal,977.000,Elexon BMRS FUELHH
2022-03-23T06:00:00Z,Gas,15638.000,Elexon BMRS FUELHH
2022-03-23T06:00:00Z,Hydro,569.000,Elexon BMRS FUELHH
2022-03-23T06:00:00Z,Imports & Exports,1390.000,Elexon BMRS FUELHH
2022-03-23T06:00:00Z,Nuclear,5750.000,Elexon BMRS FUELHH
2022-03-23T06:00:00Z,Other,196.000,Elexon BMRS FUELHH
2022-03-23T06:00:00Z,Pumped Storage,88.000,Elexon BMRS FUELHH
2022-03-23T06:00:00Z,Wind,1177.000,Elexon BMRS FUELHH
2022-03-23T06:30:00Z,Biomass,2001.000,Elexon BMRS FUELHH
2022-03-23T06:30:00Z,Coal,1194.000,Elexon BMRS FUELHH
2022-03-23T06:30:00Z,Gas,16372.000,Elexon BMRS FUELHH
2022-03-23T06:30:00Z,Hydro,591.000,Elexon BMRS FUELHH
2022-03-23T06:30:00Z,Imports & Exports,1596.000,Elexon BMRS FUELHH
2022-03-23T06:30:00Z,Nuclear,5745.000,Elexon BMRS FUELHH
2022-03-23T06:30:00Z,Other,336.000,Elexon BMRS FUELHH
2022-03-23T06:30:00Z,Pumped Storage,352.000,Elexon BMRS FUELHH
2022-03-23T06:30:00Z,Wind,1161.000,Elexon BMRS FUELHH
2022-03-23T07:00:00Z,Biomass,2250.000,Elexon BMRS FUELHH
2022-03-23T07:00:00Z,Coal,1501.000,Elexon BMRS FUELHH
2022-03-23T07:00:00Z,Gas,16593.000,Elexon BMRS FUELHH
2022-03-23T07:00:00Z,Hydro,591.000,Elexon BMRS FUELHH
2022-03-23T07:00:00Z,Imports & Exports,3504.000,Elexon BMRS FUELHH
2022-03-23T07:00:00Z,Nuclear,5746.000,Elexon BMRS FUELHH
2022-03-23T07:00:00Z,Other,229.000,Elexon BMRS FUELHH
2022-03-23T07:00:00Z,Pumped Storage,180.000,Elexon BMRS FUELHH
2022-03-23T07:00:00Z,Wind,1149.000,Elexon BMRS FUELHH
2022-03-23T07:30:00Z,Biomass,2285.000,Elexon BMRS FUELHH
2022-03-23T07:30:00Z,Coal,1576.000,Elexon BMRS FUELHH
2022-03-23T07:30:00Z,Gas,16741.000,Elexon BMRS FUELHH
2022-03-23T07:30:00Z,Hydro,573.000,Elexon BMRS FUELHH
2022-03-23T07:30:00Z,Imports & Exports,3484.000,Elexon BMRS FUELHH
2022-03-23T07:30:00Z,Nuclear,5745.000,Elexon BMRS FUELHH
2022-03-23T07:30:00Z,Other,283.000,Elexon BMRS FUELHH
2022-03-23T07:30:00Z,Pumped Storage,432.000,Elexon BMRS FUELHH
2022-03-23T07:30:00Z,Wind,1168.000,Elexon BMRS FUELHH
2022-03-23T08:00:00Z,Biomass,2251.000,Elexon BMRS FUELHH
2022-03-23T08:00:00Z,Coal,1631.000,Elexon BMRS FUELHH
2022-03-23T08:00:00Z,Gas,16671.000,Elexon BMRS FUELHH
2022-03-23T08:00:00Z,Hydro,442.000,Elexon BMRS FUELHH
2022-03-23T08:00:00Z,Imports & Exports,4222.000,Elexon BMRS FUELHH
2022-03-23T08:00:00Z,Nuclear,5741.000,Elexon BMRS FUELHH
2022-03-23T08:00:00Z,Other,208.000,Elexon BMRS FUELHH
2022-03-23T08:00:00Z,Pumped Storage,174.000,Elexon BMRS FUELHH
2022-03-23T08:00:00Z,Wind,1177.000,Elexon BMRS FUELHH
2022-03-23T08:30:00Z,Biomass,2251.000,Elexon BMRS FUELHH
2022-03-23T08:30:00Z,Coal,1767.000,Elexon BMRS FUELHH
2022-03-23T08:30:00Z,Gas,16464.000,Elexon BMRS FUELHH
2022-03-23T08:30:00Z,Hydro,423.000,Elexon BMRS FUELHH
2022-03-23T08:30:00Z,Imports & Exports,4120.000,Elexon BMRS FUELHH
2022-03-23T08:30:00Z,Nuclear,5749.000,Elexon BMRS FUELHH
2022-03-23T08:30:00Z,Other,167.000,Elexon BMRS FUELHH
2022-03-23T08:30:00Z,Pumped Storage,-18.000,Elexon BMRS FUELHH
2022-03-23T08:30:00Z,Wind,1116.000,Elexon BMRS FUELHH
2022-03-23T09:00:00Z,Biomass,2286.000,Elexon BMRS FUELHH
2022-03-23T09:00:00Z,Coal,1797.000,Elexon BMRS FUELHH
2022-03-23T09:00:00Z,Gas,16489.000,Elexon BMRS FUELHH
2022-03-23T09:00:00Z,Hydro,372.000,Elexon BMRS FUELHH
2022-03-23T09:00:00Z,Imports & Exports,3262.000,Elexon BMRS FUELHH
2022-03-23T09:00:00Z,Nuclear,5744.000,Elexon BMRS FUELHH
2022-03-23T09:00:00Z,Other,173.000,Elexon BMRS FUELHH
2022-03-23T09:00:00Z,Pumped Storage,278.000,Elexon BMRS FUELHH
2022-03-23T09:00:00Z,Wind,943.000,Elexon BMRS FUELHH
2022-03-23T09:30:00Z,Biomass,2288.000,Elexon BMRS FUELHH
2022-03-23T09:30:00Z,Coal,1750.000,Elexon BMRS FUELHH
2022-03-23T09:30:00Z,Gas,16238.000,Elexon BMRS FUELHH
2022-03-23T09:30:00Z,Hydro,371.000,Elexon BMRS FUELHH
2022-03-23T09:30:00Z,Imports & Exports,3096.000,Elexon BMRS FUELHH
2022-03-23T09:30:00Z,Nuclear,5754.000,Elexon BMRS FUELHH
2022-03-23T09:30:00Z,Other,160.000,Elexon BMRS FUELHH
2022-03-23T09:30:00Z,Pumped Storage,30.000,Elexon BMRS FUELHH
2022-03-23T09:30:00Z,Wind,918.000,Elexon BMRS FUELHH
2022-03-23T10:00:00Z,Biomass,2287.000,Elexon BMRS FUELHH
2022-03-23T10:00:00Z,Coal,1782.000,Elexon BMRS FUELHH
2022-03-23T10:00:00Z,Gas,15986.000,Elexon BMRS FUELHH
2022-03-23T10:00:00Z,Hydro,364.000,Elexon BMRS FUELHH
2022-03-23T10:00:00Z,Imports & Exports,2064.000,Elexon BMRS FUELHH
2022-03-23T10:00:00Z,Nuclear,5748.000,Elexon BMRS FUELHH
2022-03-23T10:00:00Z,Other,165.000,Elexon BMRS FUELHH
2022-03-23T10:00:00Z,Pumped Storage,68.000,Elexon BMRS FUELHH
2022-03-23T10:00:00Z,Wind,952.000,Elexon BMRS FUELHH
2022-03-23T10:30:00Z,Biomass,2285.000,Elexon BMRS FUELHH
2022-03-23T10:30:00Z,Coal,1798.000,Elexon BMRS FUELHH
2022-03-23T10:30:00Z,Gas,15479.000,Elexon BMRS FUELHH
2022-03-23T10:30:00Z,Hydro,295.000,Elexon BMRS FUELHH
2022-03-23T10:30:00Z,Imports & Exports,1992.000,Elexon BMRS FUELHH
2022-03-23T10:30:00Z,Nuclear,5755.000,Elexon BMRS FUELHH
2022-03-23T10:30:00Z,Other,162.000,Elexon BMRS FUELHH
2022-03-23T10:30:00Z,Pumped Storage,-10.000,Elexon BMRS FUELHH
2022-03-23T10:30:00Z,Wind,1100.000,Elexon BMRS FUELHH
2022-03-23T11:00:00Z,Biomass,2272.000,Elexon BMRS FUELHH
2022-03-23T11:00:00Z,Coal,1783.000,Elexon BMRS FUELHH
2022-03-23T11:00:00Z,Gas,15621.000,Elexon BMRS FUELHH
2022-03-23T11:00:00Z,Hydro,242.000,Elexon BMRS FUELHH
2022-03-23T11:00:00Z,Imports & Exports,1290.000,Elexon BMRS FUELHH
2022-03-23T11:00:00Z,Nuclear,5752.000,Elexon BMRS FUELHH
2022-03-23T11:00:00Z,Other,158.000,Elexon BMRS FUELHH
2022-03-23T11:00:00Z,Pumped Storage,-10.000,Elexon BMRS FUELHH
2022-03-23T11:00:00Z,Wind,1269.000,Elexon BMRS FUELHH
2022-03-23T11:30:00Z,Biomass,2260.000,Elexon BMRS FUELHH
2022-03-23T11:30:00Z,Coal,1794.000,Elexon BMRS FUELHH
2022-03-23T11:30:00Z,Gas,15236.000,Elexon BMRS FUELHH
2022-03-23T11:30:00Z,Hydro,148.000,Elexon BMRS FUELHH
2022-03-23T11:30:00Z,Imports & Exports,1266.000,Elexon BMRS FUELHH
2022-03-23T11:30:00Z,Nuclear,5761.000,Elexon BMRS FUELHH
2022-03-23T11:30:00Z,Other,158.000,Elexon BMRS FUELHH
2022-03-23T11:30:00Z,Pumped Storage,-10.000,Elexon BMRS FUELHH
2022-03-23T11:30:00Z,Wind,1382.000,Elexon BMRS FUELHH
2022-03-23T12:00:00Z,Biomass,2219.000,Elexon BMRS FUELHH
2022-03-23T12:00:00Z,Coal,1798.000,Elexon BMRS FUELHH
2022-03-23T12:00:00Z,Gas,14524.000,Elexon BMRS FUELHH
2022-03-23T12:00:00Z,Hydro,144.000,Elexon BMRS FUELHH
2022-03-23T12:00:00Z,Imports & Exports,1934.000,Elexon BMRS FUELHH
2022-03-23T12:00:00Z,Nuclear,5762.000,Elexon BMRS FUELHH
2022-03-23T12:00:00Z,Other,156.000,Elexon BMRS FUELHH
2022-03-23T12:00:00Z,Pumped Storage,-10.000,Elexon BMRS FUELHH
2022-03-23T12:00:00Z,Wind,1517.000,Elexon BMRS FUELHH
2022-03-23T12:30:00Z,Biomass,2114.000,Elexon BMRS FUELHH
2022-03-23T12:30:00Z,Coal,1799.000,Elexon BMRS FUELHH
2022-03-23T12:30:00Z,Gas,14139.000,Elexon BMRS FUELHH
2022-03-23T12:30:00Z,Hydro,144.000,Elexon BMRS FUELHH
2022-03-23T12:30:00Z,Imports & Exports,1972.000,Elexon BMRS FUELHH
2022-03-23T12:30:00Z,Nuclear,5749.000,Elexon BMRS FUELHH
2022-03-23T12:30:00Z,Other,157.000,Elexon BMRS FUELHH
2022-03-23T12:30:00Z,Pumped Storage,-6.000,Elexon BMRS FUELHH
2022-03-23T12:30:00Z,Wind,1725.000,Elexon BMRS FUELHH
2022-03-23T13:00:00Z,Biomass,2237.000,Elexon BMRS FUELHH
2022-03-23T13:00:00Z,Coal,1749.000,Elexon BMRS FUELHH
2022-03-23T13:00:00Z,Gas,14252.000,Elexon BMRS FUELHH
2022-03-23T13:00:00Z,Hydro,144.000,Elexon BMRS FUELHH
2022-03-23T13:00:00Z,Imports & Exports,1626.000,Elexon BMRS FUELHH
2022-03-23T13:00:00Z,Nuclear,5749.000,Elexon BMRS FUELHH
2022-03-23T13:00:00Z,Other,154.000,Elexon BMRS FUELHH
2022-03-23T13:00:00Z,Pumped Storage,-160.000,Elexon BMRS FUELHH
2022-03-23T13:00:00Z,Wind,1929.000,Elexon BMRS FUELHH
2022-03-23T13:30:00Z,Biomass,2248.000,Elexon BMRS FUELHH
2022-03-23T13:30:00Z,Coal,1713.000,Elexon BMRS FUELHH
2022-03-23T13:30:00Z,Gas,13939.000,Elexon BMRS FUELHH
2022-03-23T13:30:00Z,Hydro,144.000,Elexon BMRS FUELHH
2022-03-23T13:30:00Z,Imports & Exports,1594.000,Elexon BMRS FUELHH
2022-03-23T13:30:00Z,Nuclear,5747.000,Elexon BMRS FUELHH
2022-03-23T13:30:00Z,Other,150.000,Elexon BMRS FUELHH
2022-03-23T13:30:00Z,Pumped Storage,-160.000,Elexon BMRS FUELHH
2022-03-23T13:30:00Z,Wind,1995.000,Elexon BMRS FUELHH
2022-03-23T14:00:00Z,Biomass,2249.000,Elexon BMRS FUELHH
2022-03-23T14:00:00Z,Coal,1614.000,Elexon BMRS FUELHH
2022-03-23T14:00:00Z,Gas,14542.000,Elexon BMRS FUELHH
2022-03-23T14:00:00Z,Hydro,146.000,Elexon BMRS FUELHH
2022-03-23T14:00:00Z,Imports & Exports,1270.000,Elexon BMRS FUELHH
2022-03-23T14:00:00Z,Nuclear,5755.000,Elexon BMRS FUELHH
2022-03-23T14:00:00Z,Other,152.000,Elexon BMRS FUELHH
2022-03-23T14:00:00Z,Pumped Storage,-160.000,Elexon BMRS FUELHH
2022-03-23T14:00:00Z,Wind,1973.000,Elexon BMRS FUELHH
2022-03-23T14:30:00Z,Biomass,2250.000,Elexon BMRS FUELHH
2022-03-23T14:30:00Z,Coal,1643.000,Elexon BMRS FUELHH
2022-03-23T14:30:00Z,Gas,14958.000,Elexon BMRS FUELHH
2022-03-23T14:30:00Z,Hydro,156.000,Elexon BMRS FUELHH
2022-03-23T14:30:00Z,Imports & Exports,1254.000,Elexon BMRS FUELHH
2022-03-23T14:30:00Z,Nuclear,5765.000,Elexon BMRS FUELHH
2022-03-23T14:30:00Z,Other,152.000,Elexon BMRS FUELHH
2022-03-23T14:30:00Z,Pumped Storage,-160.000,Elexon BMRS FUELHH
2022-03-23T14:30:00Z,Wind,1912.000,Elexon BMRS FUELHH
2022-03-23T15:00:00Z,Biomass,2254.000,Elexon BMRS FUELHH
2022-03-23T15:00:00Z,Coal,1784.000,Elexon BMRS FUELHH
2022-03-23T15:00:00Z,Gas,15840.000,Elexon BMRS FUELHH
2022-03-23T15:00:00Z,Hydro,302.000,Elexon BMRS FUELHH
2022-03-23T15:00:00Z,Imports & Exports,714.000,Elexon BMRS FUELHH
2022-03-23T15:00:00Z,Nuclear,5785.000,Elexon BMRS FUELHH
2022-03-23T15:00:00Z,Other,152.000,Elexon BMRS FUELHH
2022-03-23T15:00:00Z,Pumped Storage,-72.000,Elexon BMRS FUELHH
2022-03-23T15:00:00Z,Wind,1833.000,Elexon BMRS FUELHH
2022-03-23T15:30:00Z,Biomass,2265.000,Elexon BMRS FUELHH
2022-03-23T15:30:00Z,Coal,1802.000,Elexon BMRS FUELHH
2022-03-23T15:30:00Z,Gas,16954.000,Elexon BMRS FUELHH
2022-03-23T15:30:00Z,Hydro,343.000,Elexon BMRS FUELHH
2022-03-23T15:30:00Z,Imports & Exports,676.000,Elexon BMRS FUELHH
2022-03-23T15:30:00Z,Nuclear,5792.000,Elexon BMRS FUELHH
2022-03-23T15:30:00Z,Other,155.000,Elexon BMRS FUELHH
2022-03-23T15:30:00Z,Pumped Storage,-10.000,Elexon BMRS FUELHH
2022-03-23T15:30:00Z,Wind,1751.000,Elexon BMRS FUELHH
2022-03-23T16:00:00Z,Biomass,2287.000,Elexon BMRS FUELHH
2022-03-23T16:00:00Z,Coal,1798.000,Elexon BMRS FUELHH
2022-03-23T16:00:00Z,Gas,18815.000,Elexon BMRS FUELHH
2022-03-23T16:00:00Z,Hydro,412.000,Elexon BMRS FUELHH
2022-03-23T16:00:00Z,Imports & Exports,384.000,Elexon BMRS FUELHH
2022-03-23T16:00:00Z,Nuclear,5800.000,Elexon BMRS FUELHH
2022-03-23T16:00:00Z,Other,176.000,Elexon BMRS FUELHH
2022-03-23T16:00:00Z,Pumped Storage,-12.000,Elexon BMRS FUELHH
2022-03-23T16:00:00Z,Wind,1630.000,Elexon BMRS FUELHH
2022-03-23T16:30:00Z,Biomass,2298.000,Elexon BMRS FUELHH
2022-03-23T16:30:00Z,Coal,1799.000,Elexon BMRS FUELHH
2022-03-23T16:30:00Z,Gas,20224.000,Elexon BMRS FUELHH
2022-03-23T16:30:00Z,Hydro,445.000,Elexon BMRS FUELHH
2022-03-23T16:30:00Z,Imports & Exports,372.000,Elexon BMRS FUELHH
2022-03-23T16:30:00Z,Nuclear,5798.000,Elexon BMRS FUELHH
2022-03-23T16:30:00Z,Other,325.000,Elexon BMRS FUELHH
2022-03-23T16:30:00Z,Pumped Storage,124.000,Elexon BMRS FUELHH
2022-03-23T16:30:00Z,Wind,1404.000,Elexon BMRS FUELHH
2022-03-23T17:00:00Z,Biomass,2300.000,Elexon BMRS FUELHH
2022-03-23T17:00:00Z,Coal,1802.000,Elexon BMRS FUELHH
2022-03-23T17:00:00Z,Gas,19833.000,Elexon BMRS FUELHH
2022-03-23T17:00:00Z,Hydro,724.000,Elexon BMRS FUELHH
2022-03-23T17:00:00Z,Imports & Exports,1172.000,Elexon BMRS FUELHH
2022-03-23T17:00:00Z,Nuclear,5818.000,Elexon BMRS FUELHH
2022-03-23T17:00:00Z,Other,346.000,Elexon BMRS FUELHH
2022-03-23T17:00:00Z,Pumped Storage,1196.000,Elexon BMRS FUELHH
2022-03-23T17:00:00Z,Wind,1225.000,Elexon BMRS FUELHH
2022-03-23T17:30:00Z,Biomass,2302.000,Elexon BMRS FUELHH
2022-03-23T17:30:00Z,Coal,1800.000,Elexon BMRS FUELHH
2022-03-23T17:30:00Z,Gas,20046.000,Elexon BMRS FUELHH
2022-03-23T17:30:00Z,Hydro,848.000,Elexon BMRS FUELHH
2022-03-23T17:30:00Z,Imports & Exports,1210.000,Elexon BMRS FUELHH
2022-03-23T17:30:00Z,Nuclear,5816.000,Elexon BMRS FUELHH
2022-03-23T17:30:00Z,Other,522.000,Elexon BMRS FUELHH
2022-03-23T17:30:00Z,Pumped Storage,1878.000,Elexon BMRS FUELHH
2022-03-23T17:30:00Z,Wind,1121.000,Elexon BMRS FUELHH
2022-03-23T18:00:00Z,Biomass,2301.000,Elexon BMRS FUELHH
2022-03-23T18:00:00Z,Coal,1803.000,Elexon BMRS FUELHH
2022-03-23T18:00:00Z,Gas,19999.000,Elexon BMRS FUELHH
2022-03-23T18:00:00Z,Hydro,891.000,Elexon BMRS FUELHH
2022-03-23T18:00:00Z,Imports & Exports,1836.000,Elexon BMRS FUELHH
2022-03-23T18:00:00Z,Nuclear,5819.000,Elexon BMRS FUELHH
2022-03-23T18:00:00Z,Other,674.000,Elexon BMRS FUELHH
2022-03-23T18:00:00Z,Pumped Storage,1972.000,Elexon BMRS FUELHH
2022-03-23T18:00:00Z,Wind,1017.000,Elexon BMRS FUELHH
2022-03-23T18:30:00Z,Biomass,2299.000,Elexon BMRS FUELHH
2022-03-23T18:30:00Z,Coal,1798.000,Elexon BMRS FUELHH
2022-03-23T18:30:00Z,Gas,20913.000,Elexon BMRS FUELHH
2022-03-23T18:30:00Z,Hydro,887.000,Elexon BMRS FUELHH
2022-03-23T18:30:00Z,Imports & Exports,1980.000,Elexon BMRS FUELHH
2022-03-23T18:30:00Z,Nuclear,5817.000,Elexon BMRS FUELHH
2022-03-23T18:30:00Z,Other,788.000,Elexon BMRS FUELHH
2022-03-23T18:30:00Z,Pumped Storage,1916.000,Elexon BMRS FUELHH
2022-03-23T18:30:00Z,Wind,904.000,Elexon BMRS FUELHH
2022-03-23T19:00:00Z,Biomass,2299.000,Elexon BMRS FUELHH
2022-03-23T19:00:00Z,Coal,1800.000,Elexon BMRS FUELHH
2022-03-23T19:00:00Z,Gas,20919.000,Elexon BMRS FUELHH
2022-03-23T19:00:00Z,Hydro,742.000,Elexon BMRS FUELHH
2022-03-23T19:00:00Z,Imports & Exports,3148.000,Elexon BMRS FUELHH
2022-03-23T19:00:00Z,Nuclear,5817.000,Elexon BMRS FUELHH
2022-03-23T19:00:00Z,Other,498.000,Elexon BMRS FUELHH
2022-03-23T19:00:00Z,Pumped Storage,1582.000,Elexon BMRS FUELHH
2022-03-23T19:00:00Z,Wind,857.000,Elexon BMRS FUELHH
2022-03-23T19:30:00Z,Biomass,2299.000,Elexon BMRS FUELHH
2022-03-23T19:30:00Z,Coal,1800.000,Elexon BMRS FUELHH
2022-03-23T19:30:00Z,Gas,20821.000,Elexon BMRS FUELHH
2022-03-23T19:30:00Z,Hydro,741.000,Elexon BMRS FUELHH
2022-03-23T19:30:00Z,Imports & Exports,3184.000,Elexon BMRS FUELHH
2022-03-23T19:30:00Z,Nuclear,5815.000,Elexon BMRS FUELHH
2022-03-23T19:30:00Z,Other,412.000,Elexon BMRS FUELHH
2022-03-23T19:30:00Z,Pumped Storage,948.000,Elexon BMRS FUELHH
2022-03-23T19:30:00Z,Wind,778.000,Elexon BMRS FUELHH
2022-03-23T20:00:00Z,Biomass,2298.000,Elexon BMRS FUELHH
2022-03-23T20:00:00Z,Coal,1802.000,Elexon BMRS FUELHH
2022-03-23T20:00:00Z,Gas,20958.000,Elexon BMRS FUELHH
2022-03-23T20:00:00Z,Hydro,700.000,Elexon BMRS FUELHH
2022-03-23T20:00:00Z,Imports & Exports,2098.000,Elexon BMRS FUELHH
2022-03-23T20:00:00Z,Nuclear,5814.000,Elexon BMRS FUELHH
2022-03-23T20:00:00Z,Other,327.000,Elexon BMRS FUELHH
2022-03-23T20:00:00Z,Pumped Storage,300.000,Elexon BMRS FUELHH
2022-03-23T20:00:00Z,Wind,718.000,Elexon BMRS FUELHH
2022-03-23T20:30:00Z,Biomass,2295.000,Elexon BMRS FUELHH
2022-03-23T20:30:00Z,Coal,1692.000,Elexon BMRS FUELHH
2022-03-23T20:30:00Z,Gas,20884.000,Elexon BMRS FUELHH
2022-03-23T20:30:00Z,Hydro,436.000,Elexon BMRS FUELHH
2022-03-23T20:30:00Z,Imports & Exports,2036.000,Elexon BMRS FUELHH
2022-03-23T20:30:00Z,Nuclear,5808.000,Elexon BMRS FUELHH
2022-03-23T20:30:00Z,Other,193.000,Elexon BMRS FUELHH
2022-03-23T20:30:00Z,Pumped Storage,98.000,Elexon BMRS FUELHH
2022-03-23T20:30:00Z,Wind,655.000,Elexon BMRS FUELHH
2022-03-23T21:00:00Z,Biomass,2298.000,Elexon BMRS FUELHH
2022-03-23T21:00:00Z,Coal,1358.000,Elexon BMRS FUELHH
2022-03-23T21:00:00Z,Gas,20619.000,Elexon BMRS FUELHH
2022-03-23T21:00:00Z,Hydro,370.000,Elexon BMRS FUELHH
2022-03-23T21:00:00Z,Imports & Exports,1456.000,Elexon BMRS FUELHH
2022-03-23T21:00:00Z,Nuclear,5809.000,Elexon BMRS FUELHH
2022-03-23T21:00:00Z,Other,159.000,Elexon BMRS FUELHH
2022-03-23T21:00:00Z,Pumped Storage,72.000,Elexon BMRS FUELHH
2022-03-23T21:00:00Z,Wind,638.000,Elexon BMRS FUELHH
2022-03-23T21:30:00Z,Biomass,2297.000,Elexon BMRS FUELHH
2022-03-23T21:30:00Z,Coal,1234.000,Elexon BMRS FUELHH
2022-03-23T21:30:00Z,Gas,19461.000,Elexon BMRS FUELHH
2022-03-23T21:30:00Z,Hydro,343.000,Elexon BMRS FUELHH
2022-03-23T21:30:00Z,Imports & Exports,1442.000,Elexon BMRS FUELHH
2022-03-23T21:30:00Z,Nuclear,5805.000,Elexon BMRS FUELHH
2022-03-23T21:30:00Z,Other,164.000,Elexon BMRS FUELHH
2022-03-23T21:30:00Z,Pumped Storage,-122.000,Elexon BMRS FUELHH
2022-03-23T21:30:00Z,Wind,654.000,Elexon BMRS FUELHH
2022-03-23T22:00:00Z,Biomass,2257.000,Elexon BMRS FUELHH
2022-03-23T22:00:00Z,Coal,789.000,Elexon BMRS FUELHH
2022-03-23T22:00:00Z,Gas,17925.000,Elexon BMRS FUELHH
2022-03-23T22:00:00Z,Hydro,310.000,Elexon BMRS FUELHH
2022-03-23T22:00:00Z,Imports & Exports,1606.000,Elexon BMRS FUELHH
2022-03-23T22:00:00Z,Nuclear,5808.000,Elexon BMRS FUELHH
2022-03-23T22:00:00Z,Other,154.000,Elexon BMRS FUELHH
2022-03-23T22:00:00Z,Pumped Storage,-150.000,Elexon BMRS FUELHH
2022-03-23T22:00:00Z,Wind,641.000,Elexon BMRS FUELHH
2022-03-23T22:30:00Z,Biomass,1989.000,Elexon BMRS FUELHH
2022-03-23T22:30:00Z,Coal,392.000,Elexon BMRS FUELHH
2022-03-23T22:30:00Z,Gas,16808.000,Elexon BMRS FUELHH
2022-03-23T22:30:00Z,Hydro,307.000,Elexon BMRS FUELHH
2022-03-23T22:30:00Z,Imports & Exports,1540.000,Elexon BMRS FUELHH
2022-03-23T22:30:00Z,Nuclear,5804.000,Elexon BMRS FUELHH
2022-03-23T22:30:00Z,Other,169.000,Elexon BMRS FUELHH
2022-03-23T22:30:00Z,Pumped Storage,-120.000,Elexon BMRS FUELHH
2022-03-23T22:30:00Z,Wind,641.000,Elexon BMRS FUELHH
2022-03-23T23:00:00Z,Biomass,1559.000,Elexon BMRS FUELHH
2022-03-23T23:00:00Z,Coal,109.000,Elexon BMRS FUELHH
2022-03-23T23:00:00Z,Gas,15909.000,Elexon BMRS FUELHH
2022-03-23T23:00:00Z,Hydro,305.000,Elexon BMRS FUELHH
2022-03-23T23:00:00Z,Imports & Exports,1946.000,Elexon BMRS FUELHH
2022-03-23T23:00:00Z,Nuclear,5808.000,Elexon BMRS FUELHH
2022-03-23T23:00:00Z,Other,158.000,Elexon BMRS FUELHH
2022-03-23T23:00:00Z,Pumped Storage,-344.000,Elexon BMRS FUELHH
2022-03-23T23:00:00Z,Wind,682.000,Elexon BMRS FUELHH
2022-03-23T23:30:00Z,Biomass,1509.000,Elexon BMRS FUELHH
2022-03-23T23:30:00Z,Coal,0.000,Elexon BMRS FUELHH
2022-03-23T23:30:00Z,Gas,15066.000,Elexon BMRS FUELHH
2022-03-23T23:30:00Z,Hydro,299.000,Elexon BMRS FUELHH
2022-03-23T23:30:00Z,Imports & Exports,2026.000,Elexon BMRS FUELHH
2022-03-23T23:30:00Z,Nuclear,5808.000,Elexon BMRS FUELHH
2022-03-23T23:30:00Z,Other,153.000,Elexon BMRS FUELHH
2022-03-23T23:30:00Z,Pumped Storage,-404.000,Elexon BMRS FUELHH
2022-03-23T23:30:00Z,Wind,749.000,Elexon BMRS FUELHH
2022-03-24T00:00:00Z,Biomass,1596.000,Elexon BMRS FUELHH
2022-03-24T00:00:00Z,Coal,0.000,Elexon BMRS FUELHH
2022-03-24T00:00:00Z,Gas,14814.000,Elexon BMRS FUELHH
2022-03-24T00:00:00Z,Hydro,273.000,Elexon BMRS FUELHH
2022-03-24T00:00:00Z,Imports & Exports,2230.000,Elexon BMRS FUELHH
2022-03-24T00:00:00Z,Nuclear,5814.000,Elexon BMRS FUELHH
2022-03-24T00:00:00Z,Other,152.000,Elexon BMRS FUELHH
2022-03-24T00:00:00Z,Pumped Storage,-702.000,Elexon BMRS FUELHH
2022-03-24T00:00:00Z,Wind,753.000,Elexon BMRS FUELHH
2022-03-24T00:30:00Z,Biomass,1601.000,Elexon BMRS FUELHH
2022-03-24T00:30:00Z,Coal,0.000,Elexon BMRS FUELHH
2022-03-24T00:30:00Z,Gas,15193.000,Elexon BMRS FUELHH
2022-03-24T00:30:00Z,Hydro,254.000,Elexon BMRS FUELHH
2022-03-24T00:30:00Z,Imports & Exports,2396.000,Elexon BMRS FUELHH
2022-03-24T00:30:00Z,Nuclear,5819.000,Elexon BMRS FUELHH
2022-03-24T00:30:00Z,Other,171.000,Elexon BMRS FUELHH
2022-03-24T00:30:00Z,Pumped Storage,-978.000,Elexon BMRS FUELHH
2022-03-24T00:30:00Z,Wind,805.000,Elexon BMRS FUELHH
2022-03-24T01:00:00Z,Biomass,1627.000,Elexon BMRS FUELHH
2022-03-24T01:00:00Z,Coal,0.000,Elexon BMRS FUELHH
2022-03-24T01:00:00Z,Gas,15258.000,Elexon BMRS FUELHH
2022-03-24T01:00:00Z,Hydro,233.000,Elexon BMRS FUELHH
2022-03-24T01:00:00Z,Imports & Exports,2254.000,Elexon BMRS FUELHH
2022-03-24T01:00:00Z,Nuclear,5822.000,Elexon BMRS FUELHH
2022-03-24T01:00:00Z,Other,152.000,Elexon BMRS FUELHH
2022-03-24T01:00:00Z,Pumped Storage,-1498.000,Elexon BMRS FUELHH
2022-03-24T01:00:00Z,Wind,840.000,Elexon BMRS FUELHH
2022-03-24T01:30:00Z,Biomass,1566.000,Elexon BMRS FUELHH
2022-03-24T01:30:00Z,Coal,0.000,Elexon BMRS FUELHH
2022-03-24T01:30:00Z,Gas,14909.000,Elexon BMRS FUELHH
2022-03-24T01:30:00Z,Hydro,232.000,Elexon BMRS FUELHH
2022-03-24T01:30:00Z,Imports & Exports,2120.000,Elexon BMRS FUELHH
2022-03-24T01:30:00Z,Nuclear,5824.000,Elexon BMRS FUELHH
2022-03-24T01:30:00Z,Other,152.000,Elexon BMRS FUELHH
2022-03-24T01:30:00Z,Pumped Storage,-1532.000,Elexon BMRS FUELHH
2022-03-24T01:30:00Z,Wind,813.000,Elexon BMRS FUELHH
2022-03-24T02:00:00Z,Biomass,1513.000,Elexon BMRS FUELHH
2022-03-24T02:00:00Z,Coal,0.000,Elexon BMRS FUELHH
2022-03-24T02:00:00Z,Gas,15349.000,Elexon BMRS FUELHH
2022-03-24T02:00:00Z,Hydro,146.000,Elexon BMRS FUELHH
2022-03-24T02:00:00Z,Imports & Exports,1620.000,Elexon BMRS FUELHH
2022-03-24T02:00:00Z,Nuclear,5826.000,Elexon BMRS FUELHH
2022-03-24T02:00:00Z,Other,152.000,Elexon BMRS FUELHH
2022-03-24T02:00:00Z,Pumped Storage,-1680.000,Elexon BMRS FUELHH
2022-03-24T02:00:00Z,Wind,801.000,Elexon BMRS FUELHH
2022-03-24T02:30:00Z,Biomass,1526.000,Elexon BMRS FUELHH
2022-03-24T02:30:00Z,Coal,0.000,Elexon BMRS FUELHH
2022-03-24T02:30:00Z,Gas,15095.000,Elexon BMRS FUELHH
2022-03-24T02:30:00Z,Hydro,140.000,Elexon BMRS FUELHH
2022-03-24T02:30:00Z,Imports & Exports,1516.000,Elexon BMRS FUELHH
2022-03-24T02:30:00Z,Nuclear,5828.000,Elexon BMRS FUELHH
2022-03-24T02:30:00Z,Other,150.000,Elexon BMRS FUELHH
2022-03-24T02:30:00Z,Pumped Storage,-1674.000,Elexon BMRS FUELHH
2022-03-24T02:30:00Z,Wind,882.000,Elexon BMRS FUELHH
2022-03-24T03:00:00Z,Biomass,1567.000,Elexon BMRS FUELHH
2022-03-24T03:00:00Z,Coal,0.000,Elexon BMRS FUELHH
2022-03-24T03:00:00Z,Gas,15218.000,Elexon BMRS FUELHH
2022-03-24T03:00:00Z,Hydro,125.000,Elexon BMRS FUELHH
2022-03-24T03:00:00Z,Imports & Exports,1016.000,Elexon BMRS FUELHH
2022-03-24T03:00:00Z,Nuclear,5824.000,Elexon BMRS FUELHH
2022-03-24T03:00:00Z,Other,154.000,Elexon BMRS FUELHH
2022-03-24T03:00:00Z,Pumped Storage,-1660.000,Elexon BMRS FUELHH
2022-03-24T03:00:00Z,Wind,958.000,Elexon BMRS FUELHH
2022-03-24T03:30:00Z,Biomass,1596.000,Elexon BMRS FUELHH
2022-03-24T03:30:00Z,Coal,0.000,Elexon BMRS FUELHH
2022-03-24T03:30:00Z,Gas,14977.000,Elexon BMRS FUELHH
2022-03-24T03:30:00Z,Hydro,125.000,Elexon BMRS FUELHH
2022-03-24T03:30:00Z,Imports & Exports,920.000,Elexon BMRS FUELHH
2022-03-24T03:30:00Z,Nuclear,5824.000,Elexon BMRS FUELHH
2022-03-24T03:30:00Z,Other,151.000,Elexon BMRS FUELHH
2022-03-24T03:30:00Z,Pumped Storage,-1652.000,Elexon BMRS FUELHH
2022-03-24T03:30:00Z,Wind,972.000,Elexon BMRS FUELHH
2022-03-24T04:00:00Z,Biomass,1608.000,Elexon BMRS FUELHH
2022-03-24T04:00:00Z,Coal,0.000,Elexon BMRS FUELHH
2022-03-24T04:00:00Z,Gas,15528.000,Elexon BMRS FUELHH
2022-03-24T04:00:00Z,Hydro,232.000,Elexon BMRS FUELHH
2022-03-24T04:00:00Z,Imports & Exports,-532.000,Elexon BMRS FUELHH
2022-03-24T04:00:00Z,Nuclear,5827.000,Elexon BMRS FUELHH
2022-03-24T04:00:00Z,Other,161.000,Elexon BMRS FUELHH
2022-03-24T04:00:00Z,Pumped Storage,-850.000,Elexon BMRS FUELHH
2022-03-24T04:00:00Z,Wind,912.000,Elexon BMRS FUELHH
2022-03-24T04:30:00Z,Biomass,1618.000,Elexon BMRS FUELHH
2022-03-24T04:30:00Z,Coal,108.000,Elexon BMRS FUELHH
2022-03-24T04:30:00Z,Gas,15390.000,Elexon BMRS FUELHH
2022-03-24T04:30:00Z,Hydro,231.000,Elexon BMRS FUELHH
2022-03-24T04:30:00Z,Imports & Exports,-632.000,Elexon BMRS FUELHH
2022-03-24T04:30:00Z,Nuclear,5821.000,Elexon BMRS FUELHH
2022-03-24T04:30:00Z,Other,158.000,Elexon BMRS FUELHH
2022-03-24T04:30:00Z,Pumped Storage,-652.000,Elexon BMRS FUELHH
2022-03-24T04:30:00Z,Wind,927.000,Elexon BMRS FUELHH
2022-03-24T05:00:00Z,Biomass,1597.000,Elexon BMRS FUELHH
2022-03-24T05:00:00Z,Coal,381.000,Elexon BMRS FUELHH
2022-03-24T05:00:00Z,Gas,15739.000,Elexon BMRS FUELHH
2022-03-24T05:00:00Z,Hydro,404.000,Elexon BMRS FUELHH
2022-03-24T05:00:00Z,Imports & Exports,-1118.000,Elexon BMRS FUELHH
2022-03-24T05:00:00Z,Nuclear,5820.000,Elexon BMRS FUELHH
2022-03-24T05:00:00Z,Other,141.000,Elexon BMRS FUELHH
2022-03-24T05:00:00Z,Pumped Storage,84.000,Elexon BMRS FUELHH
2022-03-24T05:00:00Z,Wind,997.000,Elexon BMRS FUELHH
2022-03-24T05:30:00Z,Biomass,1597.000,Elexon BMRS FUELHH
2022-03-24T05:30:00Z,Coal,604.000,Elexon BMRS FUELHH
2022-03-24T05:30:00Z,Gas,16087.000,Elexon BMRS FUELHH
2022-03-24T05:30:00Z,Hydro,462.000,Elexon BMRS FUELHH
2022-03-24T05:30:00Z,Imports & Exports,-1052.000,Elexon BMRS FUELHH
2022-03-24T05:30:00Z,Nuclear,5822.000,Elexon BMRS FUELHH
2022-03-24T05:30:00Z,Other,151.000,Elexon BMRS FUELHH
2022-03-24T05:30:00Z,Pumped Storage,208.000,Elexon BMRS FUELHH
2022-03-24T05:30:00Z,Wind,1037.000,Elexon BMRS FUELHH
2022-03-24T06:00:00Z,Biomass,1591.000,Elexon BMRS FUELHH
2022-03-24T06:00:00Z,Coal,831.000,Elexon BMRS FUELHH
2022-03-24T06:00:00Z,Gas,16438.000,Elexon BMRS FUELHH
2022-03-24T06:00:00Z,Hydro,529.000,Elexon BMRS FUELHH
2022-03-24T06:00:00Z,Imports & Exports,858.000,Elexon BMRS FUELHH
2022-03-24T06:00:00Z,Nuclear,5821.000,Elexon BMRS FUELHH
2022-03-24T06:00:00Z,Other,134.000,Elexon BMRS FUELHH
2022-03-24T06:00:00Z,Pumped Storage,172.000,Elexon BMRS FUELHH
2022-03-24T06:00:00Z,Wind,1046.000,Elexon BMRS FUELHH
2022-03-24T06:30:00Z,Biomass,1593.000,Elexon BMRS FUELHH
2022-03-24T06:30:00Z,Coal,1039.000,Elexon BMRS FUELHH
2022-03-24T06:30:00Z,Gas,16916.000,Elexon BMRS FUELHH
2022-03-24T06:30:00Z,Hydro,745.000,Elexon BMRS FUELHH
2022-03-24T06:30:00Z,Imports & Exports,1140.000,Elexon BMRS FUELHH
2022-03-24T06:30:00Z,Nuclear,5822.000,Elexon BMRS FUELHH
2022-03-24T06:30:00Z,Other,375.000,Elexon BMRS FUELHH
2022-03-24T06:30:00Z,Pumped Storage,704.000,Elexon BMRS FUELHH
2022-03-24T06:30:00Z,Wind,969.000,Elexon BMRS FUELHH
2022-03-24T07:00:00Z,Biomass,1598.000,Elexon BMRS FUELHH
2022-03-24T07:00:00Z,Coal,1015.000,Elexon BMRS FUELHH
2022-03-24T07:00:00Z,Gas,16732.000,Elexon BMRS FUELHH
2022-03-24T07:00:00Z,Hydro,569.000,Elexon BMRS FUELHH
2022-03-24T07:00:00Z,Imports & Exports,4176.000,Elexon BMRS FUELHH
2022-03-24T07:00:00Z,Nuclear,5821.000,Elexon BMRS FUELHH
2022-03-24T07:00:00Z,Other,239.000,Elexon BMRS FUELHH
2022-03-24T07:00:00Z,Pumped Storage,484.000,Elexon BMRS FUELHH
2022-03-24T07:00:00Z,Wind,912.000,Elexon BMRS FUELHH
2022-03-24T07:30:00Z,Biomass,1621.000,Elexon BMRS FUELHH
2022-03-24T07:30:00Z,Coal,1382.000,Elexon BMRS FUELHH
2022-03-24T07:30:00Z,Gas,16905.000,Elexon BMRS FUELHH
2022-03-24T07:30:00Z,Hydro,693.000,Elexon BMRS FUELHH
2022-03-24T07:30:00Z,Imports & Exports,4208.000,Elexon BMRS FUELHH
2022-03-24T07:30:00Z,Nuclear,5824.000,Elexon BMRS FUELHH
2022-03-24T07:30:00Z,Other,257.000,Elexon BMRS FUELHH
2022-03-24T07:30:00Z,Pumped Storage,476.000,Elexon BMRS FUELHH
2022-03-24T07:30:00Z,Wind,851.000,Elexon BMRS FUELHH
2022-03-24T08:00:00Z,Biomass,1622.000,Elexon BMRS FUELHH
2022-03-24T08:00:00Z,Coal,1655.000,Elexon BMRS FUELHH
2022-03-24T08:00:00Z,Gas,16937.000,Elexon BMRS FUELHH
2022-03-24T08:00:00Z,Hydro,662.000,Elexon BMRS FUELHH
2022-03-24T08:00:00Z,Imports & Exports,4406.000,Elexon BMRS FUELHH
2022-03-24T08:00:00Z,Nuclear,5823.000,Elexon BMRS FUELHH
2022-03-24T08:00:00Z,Other,151.000,Elexon BMRS FUELHH
2022-03-24T08:00:00Z,Pumped Storage,228.000,Elexon BMRS FUELHH
2022-03-24T08:00:00Z,Wind,847.000,Elexon BMRS FUELHH
2022-03-24T08:30:00Z,Biomass,1623.000,Elexon BMRS FUELHH
2022-03-24T08:30:00Z,Coal,1757.000,Elexon BMRS FUELHH
2022-03-24T08:30:00Z,Gas,16722.000,Elexon BMRS FUELHH
2022-03-24T08:30:00Z,Hydro,589.000,Elexon BMRS FUELHH
2022-03-24T08:30:00Z,Imports & Exports,4290.000,Elexon BMRS FUELHH
2022-03-24T08:30:00Z,Nuclear,5822.000,Elexon BMRS FUELHH
2022-03-24T08:30:00Z,Other,120.000,Elexon BMRS FUELHH
2022-03-24T08:30:00Z,Pumped Storage,16.000,Elexon BMRS FUELHH
2022-03-24T08:30:00Z,Wind,761.000,Elexon BMRS FUELHH
2022-03-24T09:00:00Z,Biomass,1609.000,Elexon BMRS FUELHH
2022-03-24T09:00:00Z,Coal,1695.000,Elexon BMRS FUELHH
2022-03-24T09:00:00Z,Gas,16778.000,Elexon BMRS FUELHH
2022-03-24T09:00:00Z,Hydro,369.000,Elexon BMRS FUELHH
2022-03-24T09:00:00Z,Imports & Exports,3886.000,Elexon BMRS FUELHH
2022-03-24T09:00:00Z,Nuclear,5821.000,Elexon BMRS FUELHH
2022-03-24T09:00:00Z,Other,123.000,Elexon BMRS FUELHH
2022-03-24T09:00:00Z,Pumped Storage,336.000,Elexon BMRS FUELHH
2022-03-24T09:00:00Z,Wind,643.000,Elexon BMRS FUELHH
2022-03-24T09:30:00Z,Biomass,1477.000,Elexon BMRS FUELHH
2022-03-24T09:30:00Z,Coal,1744.000,Elexon BMRS FUELHH
2022-03-24T09:30:00Z,Gas,16387.000,Elexon BMRS FUELHH
2022-03-24T09:30:00Z,Hydro,355.000,Elexon BMRS FUELHH
2022-03-24T09:30:00Z,Imports & Exports,3870.000,Elexon BMRS FUELHH
2022-03-24T09:30:00Z,Nuclear,5821.000,Elexon BMRS FUELHH
2022-03-24T09:30:00Z,Other,114.000,Elexon BMRS FUELHH
2022-03-24T09:30:00Z,Pumped Storage,-22.000,Elexon BMRS FUELHH
2022-03-24T09:30:00Z,Wind,691.000,Elexon BMRS FUELHH
2022-03-24T10:00:00Z,Biomass,1545.000,Elexon BMRS FUELHH
2022-03-24T10:00:00Z,Coal,1802.000,Elexon BMRS FUELHH
2022-03-24T10:00:00Z,Gas,16273.000,Elexon BMRS FUELHH
2022-03-24T10:00:00Z,Hydro,310.000,Elexon BMRS FUELHH
2022-03-24T10:00:00Z,Imports & Exports,2650.000,Elexon BMRS FUELHH
2022-03-24T10:00:00Z,Nuclear,5823.000,Elexon BMRS FUELHH
2022-03-24T10:00:00Z,Other,113.000,Elexon BMRS FUELHH
2022-03-24T10:00:00Z,Pumped Storage,94.000,Elexon BMRS FUELHH
2022-03-24T10:00:00Z,Wind,697.000,Elexon BMRS FUELHH
2022-03-24T10:30:00Z,Biomass,1558.000,Elexon BMRS FUELHH
2022-03-24T10:30:00Z,Coal,1799.000,Elexon BMRS FUELHH
2022-03-24T10:30:00Z,Gas,15832.000,Elexon BMRS FUELHH
2022-03-24T10:30:00Z,Hydro,248.000,Elexon BMRS FUELHH
2022-03-24T10:30:00Z,Imports & Exports,2582.000,Elexon BMRS FUELHH
2022-03-24T10:30:00Z,Nuclear,5823.000,Elexon BMRS FUELHH
2022-03-24T10:30:00Z,Other,113.000,Elexon BMRS FUELHH
2022-03-24T10:30:00Z,Pumped Storage,-16.000,Elexon BMRS FUELHH
2022-03-24T10:30:00Z,Wind,797.000,Elexon BMRS FUELHH
2022-03-24T11:00:00Z,Biomass,1587.000,Elexon BMRS FUELHH
2022-03-24T11:00:00Z,Coal,1801.000,Elexon BMRS FUELHH
2022-03-24T11:00:00Z,Gas,15507.000,Elexon BMRS FUELHH
2022-03-24T11:00:00Z,Hydro,525.000,Elexon BMRS FUELHH
2022-03-24T11:00:00Z,Imports & Exports,1898.000,Elexon BMRS FUELHH
2022-03-24T11:00:00Z,Nuclear,5824.000,Elexon BMRS FUELHH
2022-03-24T11:00:00Z,Other,112.000,Elexon BMRS FUELHH
2022-03-24T11:00:00Z,Pumped Storage,14.000,Elexon BMRS FUELHH
2022-03-24T11:00:00Z,Wind,896.000,Elexon BMRS FUELHH
2022-03-24T11:30:00Z,Biomass,1548.000,Elexon BMRS FUELHH
2022-03-24T11:30:00Z,Coal,1773.000,Elexon BMRS FUELHH
2022-03-24T11:30:00Z,Gas,15390.000,Elexon BMRS FUELHH
2022-03-24T11:30:00Z,Hydro,453.000,Elexon BMRS FUELHH
2022-03-24T11:30:00Z,Imports & Exports,1890.000,Elexon BMRS FUELHH
2022-03-24T11:30:00Z,Nuclear,5823.000,Elexon BMRS FUELHH
2022-03-24T11:30:00Z,Other,114.000,Elexon BMRS FUELHH
2022-03-24T11:30:00Z,Pumped Storage,-134.000,Elexon BMRS FUELHH
2022-03-24T11:30:00Z,Wind,1048.000,Elexon BMRS FUELHH
2022-03-24T12:00:00Z,Biomass,1444.000,Elexon BMRS FUELHH
2022-03-24T12:00:00Z,Coal,1748.000,Elexon BMRS FUELHH
2022-03-24T12:00:00Z,Gas,15379.000,Elexon BMRS FUELHH
2022-03-24T12:00:00Z,Hydro,277.000,Elexon BMRS FUELHH
2022-03-24T12:00:00Z,Imports & Exports,2236.000,Elexon BMRS FUELHH
2022-03-24T12:00:00Z,Nuclear,5826.000,Elexon BMRS FUELHH
2022-03-24T12:00:00Z,Other,120.000,Elexon BMRS FUELHH
2022-03-24T12:00:00Z,Pumped Storage,-34.000,Elexon BMRS FUELHH
2022-03-24T12:00:00Z,Wind,980.000,Elexon BMRS FUELHH
2022-03-24T12:30:00Z,Biomass,1431.000,Elexon BMRS FUELHH
2022-03-24T12:30:00Z,Coal,1748.000,Elexon BMRS FUELHH
2022-03-24T12:30:00Z,Gas,15480.000,Elexon BMRS FUELHH
2022-03-24T12:30:00Z,Hydro,197.000,Elexon BMRS FUELHH
2022-03-24T12:30:00Z,Imports & Exports,2250.000,Elexon BMRS FUELHH
2022-03-24T12:30:00Z,Nuclear,5739.000,Elexon BMRS FUELHH
2022-03-24T12:30:00Z,Other,116.000,Elexon BMRS FUELHH
2022-03-24T12:30:00Z,Pumped Storage,-70.000,Elexon BMRS FUELHH
2022-03-24T12:30:00Z,Wind,918.000,Elexon BMRS FUELHH
2022-03-24T13:00:00Z,Biomass,1430.000,Elexon BMRS FUELHH
2022-03-24T13:00:00Z,Coal,1750.000,Elexon BMRS FUELHH
2022-03-24T13:00:00Z,Gas,15569.000,Elexon BMRS FUELHH
2022-03-24T13:00:00Z,Hydro,160.000,Elexon BMRS FUELHH
2022-03-24T13:00:00Z,Imports & Exports,2162.000,Elexon BMRS FUELHH
2022-03-24T13:00:00Z,Nuclear,5670.000,Elexon BMRS FUELHH
2022-03-24T13:00:00Z,Other,113.000,Elexon BMRS FUELHH
2022-03-24T13:00:00Z,Pumped Storage,-96.000,Elexon BMRS FUELHH
2022-03-24T13:00:00Z,Wind,858.000,Elexon BMRS FUELHH
2022-03-24T13:30:00Z,Biomass,1429.000,Elexon BMRS FUELHH
2022-03-24T13:30:00Z,Coal,1749.000,Elexon BMRS FUELHH
2022-03-24T13:30:00Z,Gas,15479.000,Elexon BMRS FUELHH
2022-03-24T13:30:00Z,Hydro,159.000,Elexon BMRS FUELHH
2022-03-24T13:30:00Z,Imports & Exports,2170.000,Elexon BMRS FUELHH
2022-03-24T13:30:00Z,Nuclear,5648.000,Elexon BMRS FUELHH
2022-03-24T13:30:00Z,Other,125.000,Elexon BMRS FUELHH
2022-03-24T13:30:00Z,Pumped Storage,-44.000,Elexon BMRS FUELHH
2022-03-24T13:30:00Z,Wind,883.000,Elexon BMRS FUELHH
2022-03-24T14:00:00Z,Biomass,1427.000,Elexon BMRS FUELHH
2022-03-24T14:00:00Z,Coal,1749.000,Elexon BMRS FUELHH
2022-03-24T14:00:00Z,Gas,15656.000,Elexon BMRS FUELHH
2022-03-24T14:00:00Z,Hydro,158.000,Elexon BMRS FUELHH
2022-03-24T14:00:00Z,Imports & Exports,2444.000,Elexon BMRS FUELHH
2022-03-24T14:00:00Z,Nuclear,5633.000,Elexon BMRS FUELHH
2022-03-24T14:00:00Z,Other,116.000,Elexon BMRS FUELHH
2022-03-24T14:00:00Z,Pumped Storage,-136.000,Elexon BMRS FUELHH
2022-03-24T14:00:00Z,Wind,848.000,Elexon BMRS FUELHH
2022-03-24T14:30:00Z,Biomass,1431.000,Elexon BMRS FUELHH
2022-03-24T14:30:00Z,Coal,1750.000,Elexon BMRS FUELHH
2022-03-24T14:30:00Z,Gas,15844.000,Elexon BMRS FUELHH
2022-03-24T14:30:00Z,Hydro,161.000,Elexon BMRS FUELHH
2022-03-24T14:30:00Z,Imports & Exports,2458.000,Elexon BMRS FUELHH
2022-03-24T14:30:00Z,Nuclear,5624.000,Elexon BMRS FUELHH
2022-03-24T14:30:00Z,Other,116.000,Elexon BMRS FUELHH
2022-03-24T14:30:00Z,Pumped Storage,-94.000,Elexon BMRS FUELHH
2022-03-24T14:30:00Z,Wind,798.000,Elexon BMRS FUELHH
2022-03-24T15:00:00Z,Biomass,1438.000,Elexon BMRS FUELHH
2022-03-24T15:00:00Z,Coal,1749.000,Elexon BMRS FUELHH
2022-03-24T15:00:00Z,Gas,16070.000,Elexon BMRS FUELHH
2022-03-24T15:00:00Z,Hydro,202.000,Elexon BMRS FUELHH
2022-03-24T15:00:00Z,Imports & Exports,2748.000,Elexon BMRS FUELHH
2022-03-24T15:00:00Z,Nuclear,5608.000,Elexon BMRS FUELHH
2022-03-24T15:00:00Z,Other,115.000,Elexon BMRS FUELHH
2022-03-24T15:00:00Z,Pumped Storage,30.000,Elexon BMRS FUELHH
2022-03-24T15:00:00Z,Wind,779.000,Elexon BMRS FUELHH
2022-03-24T15:30:00Z,Biomass,1438.000,Elexon BMRS FUELHH
2022-03-24T15:30:00Z,Coal,1791.000,Elexon BMRS FUELHH
2022-03-24T15:30:00Z,Gas,17405.000,Elexon BMRS FUELHH
2022-03-24T15:30:00Z,Hydro,258.000,Elexon BMRS FUELHH
2022-03-24T15:30:00Z,Imports & Exports,2744.000,Elexon BMRS FUELHH
2022-03-24T15:30:00Z,Nuclear,5595.000,Elexon BMRS FUELHH
2022-03-24T15:30:00Z,Other,114.000,Elexon BMRS FUELHH
2022-03-24T15:30:00Z,Pumped Storage,138.000,Elexon BMRS FUELHH
2022-03-24T15:30:00Z,Wind,702.000,Elexon BMRS FUELHH
2022-03-24T16:00:00Z,Biomass,1438.000,Elexon BMRS FUELHH
2022-03-24T16:00:00Z,Coal,1784.000,Elexon BMRS FUELHH
2022-03-24T16:00:00Z,Gas,18880.000,Elexon BMRS FUELHH
2022-03-24T16:00:00Z,Hydro,463.000,Elexon BMRS FUELHH
2022-03-24T16:00:00Z,Imports & Exports,2470.000,Elexon BMRS FUELHH
2022-03-24T16:00:00Z,Nuclear,5448.000,Elexon BMRS FUELHH
2022-03-24T16:00:00Z,Other,142.000,Elexon BMRS FUELHH
2022-03-24T16:00:00Z,Pumped Storage,-20.000,Elexon BMRS FUELHH
2022-03-24T16:00:00Z,Wind,680.000,Elexon BMRS FUELHH
2022-03-24T16:30:00Z,Biomass,1469.000,Elexon BMRS FUELHH
2022-03-24T16:30:00Z,Coal,1574.000,Elexon BMRS FUELHH
2022-03-24T16:30:00Z,Gas,19587.000,Elexon BMRS FUELHH
2022-03-24T16:30:00Z,Hydro,580.000,Elexon BMRS FUELHH
2022-03-24T16:30:00Z,Imports & Exports,2496.000,Elexon BMRS FUELHH
2022-03-24T16:30:00Z,Nuclear,5247.000,Elexon BMRS FUELHH
2022-03-24T16:30:00Z,Other,308.000,Elexon BMRS FUELHH
2022-03-24T16:30:00Z,Pumped Storage,588.000,Elexon BMRS FUELHH
2022-03-24T16:30:00Z,Wind,661.000,Elexon BMRS FUELHH
2022-03-24T17:00:00Z,Biomass,1431.000,Elexon BMRS FUELHH
2022-03-24T17:00:00Z,Coal,1475.000,Elexon BMRS FUELHH
2022-03-24T17:00:00Z,Gas,19933.000,Elexon BMRS FUELHH
2022-03-24T17:00:00Z,Hydro,682.000,Elexon BMRS FUELHH
2022-03-24T17:00:00Z,Imports & Exports,3360.000,Elexon BMRS FUELHH
2022-03-24T17:00:00Z,Nuclear,5246.000,Elexon BMRS FUELHH
2022-03-24T17:00:00Z,Other,434.000,Elexon BMRS FUELHH
2022-03-24T17:00:00Z,Pumped Storage,1478.000,Elexon BMRS FUELHH
2022-03-24T17:00:00Z,Wind,604.000,Elexon BMRS FUELHH
2022-03-24T17:30:00Z,Biomass,1486.000,Elexon BMRS FUELHH
2022-03-24T17:30:00Z,Coal,1652.000,Elexon BMRS FUELHH
2022-03-24T17:30:00Z,Gas,20306.000,Elexon BMRS FUELHH
2022-03-24T17:30:00Z,Hydro,683.000,Elexon BMRS FUELHH
2022-03-24T17:30:00Z,Imports & Exports,3394.000,Elexon BMRS FUELHH
2022-03-24T17:30:00Z,Nuclear,5249.000,Elexon BMRS FUELHH
2022-03-24T17:30:00Z,Other,445.000,Elexon BMRS FUELHH
2022-03-24T17:30:00Z,Pumped Storage,1656.000,Elexon BMRS FUELHH
2022-03-24T17:30:00Z,Wind,580.000,Elexon BMRS FUELHH
2022-03-24T18:00:00Z,Biomass,1455.000,Elexon BMRS FUELHH
2022-03-24T18:00:00Z,Coal,1793.000,Elexon BMRS FUELHH
2022-03-24T18:00:00Z,Gas,20783.000,Elexon BMRS FUELHH
2022-03-24T18:00:00Z,Hydro,752.000,Elexon BMRS FUELHH
2022-03-24T18:00:00Z,Imports & Exports,2640.000,Elexon BMRS FUELHH
2022-03-24T18:00:00Z,Nuclear,5252.000,Elexon BMRS FUELHH
2022-03-24T18:00:00Z,Other,619.000,Elexon BMRS FUELHH
2022-03-24T18:00:00Z,Pumped Storage,1816.000,Elexon BMRS FUELHH
2022-03-24T18:00:00Z,Wind,567.000,Elexon BMRS FUELHH
2022-03-24T18:30:00Z,Biomass,1442.000,Elexon BMRS FUELHH
2022-03-24T18:30:00Z,Coal,1800.000,Elexon BMRS FUELHH
2022-03-24T18:30:00Z,Gas,21078.000,Elexon BMRS FUELHH
2022-03-24T18:30:00Z,Hydro,753.000,Elexon BMRS FUELHH
2022-03-24T18:30:00Z,Imports & Exports,2678.000,Elexon BMRS FUELHH
2022-03-24T18:30:00Z,Nuclear,5249.000,Elexon BMRS FUELHH
2022-03-24T18:30:00Z,Other,832.000,Elexon BMRS FUELHH
2022-03-24T18:30:00Z,Pumped Storage,1912.000,Elexon BMRS FUELHH
2022-03-24T18:30:00Z,Wind,603.000,Elexon BMRS FUELHH
2022-03-24T19:00:00Z,Biomass,1441.000,Elexon BMRS FUELHH
2022-03-24T19:00:00Z,Coal,1800.000,Elexon BMRS FUELHH
2022-03-24T19:00:00Z,Gas,20804.000,Elexon BMRS FUELHH
2022-03-24T19:00:00Z,Hydro,753.000,Elexon BMRS FUELHH
2022-03-24T19:00:00Z,Imports & Exports,4242.000,Elexon BMRS FUELHH
2022-03-24T19:00:00Z,Nuclear,5250.000,Elexon BMRS FUELHH
2022-03-24T19:00:00Z,Other,608.000,Elexon BMRS FUELHH
2022-03-24T19:00:00Z,Pumped Storage,1668.000,Elexon BMRS FUELHH
2022-03-24T19:00:00Z,Wind,573.000,Elexon BMRS FUELHH
2022-03-24T19:30:00Z,Biomass,1441.000,Elexon BMRS FUELHH
2022-03-24T19:30:00Z,Coal,1800.000,Elexon BMRS FUELHH
2022-03-24T19:30:00Z,Gas,21025.000,Elexon BMRS FUELHH
2022-03-24T19:30:00Z,Hydro,753.000,Elexon BMRS FUELHH
2022-03-24T19:30:00Z,Imports & Exports,4302.000,Elexon BMRS FUELHH
2022-03-24T19:30:00Z,Nuclear,5250.000,Elexon BMRS FUELHH
2022-03-24T19:30:00Z,Other,511.000,Elexon BMRS FUELHH
2022-03-24T19:30:00Z,Pumped Storage,626.000,Elexon BMRS FUELHH
2022-03-24T19:30:00Z,Wind,512.000,Elexon BMRS FUELHH
2022-03-24T20:00:00Z,Biomass,1486.000,Elexon BMRS FUELHH
2022-03-24T20:00:00Z,Coal,1798.000,Elexon BMRS FUELHH
2022-03-24T20:00:00Z,Gas,21072.000,Elexon BMRS FUELHH
2022-03-24T20:00:00Z,Hydro,572.000,Elexon BMRS FUELHH
2022-03-24T20:00:00Z,Imports & Exports,3916.000,Elexon BMRS FUELHH
2022-03-24T20:00:00Z,Nuclear,5250.000,Elexon BMRS FUELHH
2022-03-24T20:00:00Z,Other,215.000,Elexon BMRS FUELHH
2022-03-24T20:00:00Z,Pumped Storage,158.000,Elexon BMRS FUELHH
2022-03-24T20:00:00Z,Wind,521.000,Elexon BMRS FUELHH
2022-03-24T20:30:00Z,Biomass,1487.000,Elexon BMRS FUELHH
2022-03-24T20:30:00Z,Coal,1802.000,Elexon BMRS FUELHH
2022-03-24T20:30:00Z,Gas,20432.000,Elexon BMRS FUELHH
2022-03-24T20:30:00Z,Hydro,441.000,Elexon BMRS FUELHH
2022-03-24T20:30:00Z,Imports & Exports,3904.000,Elexon BMRS FUELHH
2022-03-24T20:30:00Z,Nuclear,5246.000,Elexon BMRS FUELHH
2022-03-24T20:30:00Z,Other,134.000,Elexon BMRS FUELHH
2022-03-24T20:30:00Z,Pumped Storage,174.000,Elexon BMRS FUELHH
2022-03-24T20:30:00Z,Wind,555.000,Elexon BMRS FUELHH
2022-03-24T21:00:00Z,Biomass,1486.000,Elexon BMRS FUELHH
2022-03-24T21:00:00Z,Coal,1666.000,Elexon BMRS FUELHH
2022-03-24T21:00:00Z,Gas,20555.000,Elexon BMRS FUELHH
2022-03-24T21:00:00Z,Hydro,391.000,Elexon BMRS FUELHH
2022-03-24T21:00:00Z,Imports & Exports,2568.000,Elexon BMRS FUELHH
2022-03-24T21:00:00Z,Nuclear,5246.000,Elexon BMRS FUELHH
2022-03-24T21:00:00Z,Other,115.000,Elexon BMRS FUELHH
2022-03-24T21:00:00Z,Pumped Storage,36.000,Elexon BMRS FUELHH
2022-03-24T21:00:00Z,Wind,546.000,Elexon BMRS FUELHH
2022-03-24T21:30:00Z,Biomass,1484.000,Elexon BMRS FUELHH
2022-03-24T21:30:00Z,Coal,1228.000,Elexon BMRS FUELHH
2022-03-24T21:30:00Z,Gas,19602.000,Elexon BMRS FUELHH
2022-03-24T21:30:00Z,Hydro,313.000,Elexon BMRS FUELHH
2022-03-24T21:30:00Z,Imports & Exports,2546.000,Elexon BMRS FUELHH
2022-03-24T21:30:00Z,Nuclear,5246.000,Elexon BMRS FUELHH
2022-03-24T21:30:00Z,Other,114.000,Elexon BMRS FUELHH
2022-03-24T21:30:00Z,Pumped Storage,-164.000,Elexon BMRS FUELHH
2022-03-24T21:30:00Z,Wind,573.000,Elexon BMRS FUELHH
2022-03-24T22:00:00Z,Biomass,1484.000,Elexon BMRS FUELHH
2022-03-24T22:00:00Z,Coal,781.000,Elexon BMRS FUELHH
2022-03-24T22:00:00Z,Gas,17857.000,Elexon BMRS FUELHH
2022-03-24T22:00:00Z,Hydro,282.000,Elexon BMRS FUELHH
2022-03-24T22:00:00Z,Imports & Exports,2952.000,Elexon BMRS FUELHH
2022-03-24T22:00:00Z,Nuclear,5242.000,Elexon BMRS FUELHH
2022-03-24T22:00:00Z,Other,119.000,Elexon BMRS FUELHH
2022-03-24T22:00:00Z,Pumped Storage,-128.000,Elexon BMRS FUELHH
2022-03-24T22:00:00Z,Wind,574.000,Elexon BMRS FUELHH
2022-03-24T22:30:00Z,Biomass,1279.000,Elexon BMRS FUELHH
2022-03-24T22:30:00Z,Coal,343.000,Elexon BMRS FUELHH
2022-03-24T22:30:00Z,Gas,16831.000,Elexon BMRS FUELHH
2022-03-24T22:30:00Z,Hydro,355.000,Elexon BMRS FUELHH
2022-03-24T22:30:00Z,Imports & Exports,2952.000,Elexon BMRS FUELHH
2022-03-24T22:30:00Z,Nuclear,5241.000,Elexon BMRS FUELHH
2022-03-24T22:30:00Z,Other,118.000,Elexon BMRS FUELHH
2022-03-24T22:30:00Z,Pumped Storage,-14.000,Elexon BMRS FUELHH
2022-03-24T22:30:00Z,Wind,567.000,Elexon BMRS FUELHH
2022-03-24T23:00:00Z,Biomass,946.000,Elexon BMRS FUELHH
2022-03-24T23:00:00Z,Coal,36.000,Elexon BMRS FUELHH
2022-03-24T23:00:00Z,Gas,16447.000,Elexon BMRS FUELHH
2022-03-24T23:00:00Z,Hydro,323.000,Elexon BMRS FUELHH
2022-03-24T23:00:00Z,Imports & Exports,2378.000,Elexon BMRS FUELHH
2022-03-24T23:00:00Z,Nuclear,5245.000,Elexon BMRS FUELHH
2022-03-24T23:00:00Z,Other,113.000,Elexon BMRS FUELHH
2022-03-24T23:00:00Z,Pumped Storage,82.000,Elexon BMRS FUELHH
2022-03-24T23:00:00Z,Wind,544.000,Elexon BMRS FUELHH
2022-03-24T23:30:00Z,Biomass,951.000,Elexon BMRS FUELHH
2022-03-24T23:30:00Z,Coal,0.000,Elexon BMRS FUELHH
2022-03-24T23:30:00Z,Gas,15785.000,Elexon BMRS FUELHH
2022-03-24T23:30:00Z,Hydro,235.000,Elexon BMRS FUELHH
2022-03-24T23:30:00Z,Imports & Exports,2514.000,Elexon BMRS FUELHH
2022-03-24T23:30:00Z,Nuclear,5241.000,Elexon BMRS FUELHH
2022-03-24T23:30:00Z,Other,109.000,Elexon BMRS FUELHH
2022-03-24T23:30:00Z,Pumped Storage,-360.000,Elexon BMRS FUELHH
2022-03-24T23:30:00Z,Wind,608.000,Elexon BMRS FUELHH
2022-03-25T00:00:00Z,Biomass,953.000,Elexon BMRS FUELHH
2022-03-25T00:00:00Z,Coal,0.000,Elexon BMRS FUELHH
2022-03-25T00:00:00Z,Gas,15452.000,Elexon BMRS FUELHH
2022-03-25T00:00:00Z,Hydro,163.000,Elexon BMRS FUELHH
2022-03-25T00:00:00Z,Imports & Exports,2702.000,Elexon BMRS FUELHH
2022-03-25T00:00:00Z,Nuclear,5157.000,Elexon BMRS FUELHH
2022-03-25T00:00:00Z,Other,111.000,Elexon BMRS FUELHH
2022-03-25T00:00:00Z,Pumped Storage,-498.000,Elexon BMRS FUELHH
2022-03-25T00:00:00Z,Wind,687.000,Elexon BMRS FUELHH
2022-03-25T00:30:00Z,Biomass,955.000,Elexon BMRS FUELHH
2022-03-25T00:30:00Z,Coal,0.000,Elexon BMRS FUELHH
2022-03-25T00:30:00Z,Gas,15723.000,Elexon BMRS FUELHH
2022-03-25T00:30:00Z,Hydro,154.000,Elexon BMRS FUELHH
2022-03-25T00:30:00Z,Imports & Exports,2832.000,Elexon BMRS FUELHH
2022-03-25T00:30:00Z,Nuclear,5031.000,Elexon BMRS FUELHH
2022-03-25T00:30:00Z,Other,110.000,Elexon BMRS FUELHH
2022-03-25T00:30:00Z,Pumped Storage,-520.000,Elexon BMRS FUELHH
2022-03-25T00:30:00Z,Wind,801.000,Elexon BMRS FUELHH
2022-03-25T01:00:00Z,Biomass,888.000,Elexon BMRS FUELHH
2022-03-25T01:00:00Z,Coal,0.000,Elexon BMRS FUELHH
2022-03-25T01:00:00Z,Gas,15314.000,Elexon BMRS FUELHH
2022-03-25T01:00:00Z,Hydro,151.000,Elexon BMRS FUELHH
2022-03-25T01:00:00Z,Imports & Exports,2810.000,Elexon BMRS FUELHH
2022-03-25T01:00:00Z,Nuclear,5015.000,Elexon BMRS FUELHH
2022-03-25T01:00:00Z,Other,110.000,Elexon BMRS FUELHH
2022-03-25T01:00:00Z,Pumped Storage,-530.000,Elexon BMRS FUELHH
2022-03-25T01:00:00Z,Wind,902.000,Elexon BMRS FUELHH
2022-03-25T01:30:00Z,Biomass,924.000,Elexon BMRS FUELHH
2022-03-25T01:30:00Z,Coal,0.000,Elexon BMRS FUELHH
2022-03-25T01:30:00Z,Gas,15460.000,Elexon BMRS FUELHH
2022-03-25T01:30:00Z,Hydro,149.000,Elexon BMRS FUELHH
2022-03-25T01:30:00Z,Imports & Exports,2708.000,Elexon BMRS FUELHH
2022-03-25T01:30:00Z,Nuclear,5020.000,Elexon BMRS FUELHH
2022-03-25T01:30:00Z,Other,109.000,Elexon BMRS FUELHH
2022-03-25T01:30:00Z,Pumped Storage,-1300.000,Elexon BMRS FUELHH
2022-03-25T01:30:00Z,Wind,942.000,Elexon BMRS FUELHH
2022-03-25T02:00:00Z,Biomass,846.000,Elexon BMRS FUELHH
2022-03-25T02:00:00Z,Coal,0.000,Elexon BMRS FUELHH
2022-03-25T02:00:00Z,Gas,15016.000,Elexon BMRS FUELHH
2022-03-25T02:00:00Z,Hydro,148.000,Elexon BMRS FUELHH
2022-03-25T02:00:00Z,Imports & Exports,2774.000,Elexon BMRS FUELHH
2022-03-25T02:00:00Z,Nuclear,5019.000,Elexon BMRS FUELHH
2022-03-25T02:00:00Z,Other,109.000,Elexon BMRS FUELHH
2022-03-25T02:00:00Z,Pumped Storage,-1416.000,Elexon BMRS FUELHH
2022-03-25T02:00:00Z,Wind,979.000,Elexon BMRS FUELHH
2022-03-25T02:30:00Z,Biomass,853.000,Elexon BMRS FUELHH
2022-03-25T02:30:00Z,Coal,0.000,Elexon BMRS FUELHH
2022-03-25T02:30:00Z,Gas,14868.000,Elexon BMRS FUELHH
2022-03-25T02:30:00Z,Hydro,147.000,Elexon BMRS FUELHH
2022-03-25T02:30:00Z,Imports & Exports,2694.000,Elexon BMRS FUELHH
2022-03-25T02:30:00Z,Nuclear,5018.000,Elexon BMRS FUELHH
2022-03-25T02:30:00Z,Other,108.000,Elexon BMRS FUELHH
2022-03-25T02:30:00Z,Pumped Storage,-1520.000,Elexon BMRS FUELHH
2022-03-25T02:30:00Z,Wind,1000.000,Elexon BMRS FUELHH
2022-03-25T03:00:00Z,Biomass,956.000,Elexon BMRS FUELHH
2022-03-25T03:00:00Z,Coal,0.000,Elexon BMRS FUELHH
2022-03-25T03:00:00Z,Gas,15244.000,Elexon BMRS FUELHH
2022-03-25T03:00:00Z,Hydro,146.000,Elexon BMRS FUELHH
2022-03-25T03:00:00Z,Imports & Exports,1998.000,Elexon BMRS FUELHH
2022-03-25T03:00:00Z,Nuclear,5023.000,Elexon BMRS FUELHH
2022-03-25T03:00:00Z,Other,109.000,Elexon BMRS FUELHH
2022-03-25T03:00:00Z,Pumped Storage,-1516.000,Elexon BMRS FUELHH
2022-03-25T03:00:00Z,Wind,996.000,Elexon BMRS FUELHH
2022-03-25T03:30:00Z,Biomass,956.000,Elexon BMRS FUELHH
2022-03-25T03:30:00Z,Coal,0.000,Elexon BMRS FUELHH
2022-03-25T03:30:00Z,Gas,15080.000,Elexon BMRS FUELHH
2022-03-25T03:30:00Z,Hydro,147.000,Elexon BMRS FUELHH
2022-03-25T03:30:00Z,Imports & Exports,1912.000,Elexon BMRS FUELHH
2022-03-25T03:30:00Z,Nuclear,5022.000,Elexon BMRS FUELHH
2022-03-25T03:30:00Z,Other,110.000,Elexon BMRS FUELHH
2022-03-25T03:30:00Z,Pumped Storage,-1446.000,Elexon BMRS FUELHH
2022-03-25T03:30:00Z,Wind,970.000,Elexon BMRS FUELHH
2022-03-25T04:00:00Z,Biomass,957.000,Elexon BMRS FUELHH
2022-03-25T04:00:00Z,Coal,0.000,Elexon BMRS FUELHH
2022-03-25T04:00:00Z,Gas,15368.000,Elexon BMRS FUELHH
2022-03-25T04:00:00Z,Hydro,178.000,Elexon BMRS FUELHH
2022-03-25T04:00:00Z,Imports & Exports,958.000,Elexon BMRS FUELHH
2022-03-25T04:00:00Z,Nuclear,5026.000,Elexon BMRS FUELHH
2022-03-25T04:00:00Z,Other,109.000,Elexon BMRS FUELHH
2022-03-25T04:00:00Z,Pumped Storage,-852.000,Elexon BMRS FUELHH
2022-03-25T04:00:00Z,Wind,923.000,Elexon BMRS FUELHH
2022-03-25T04:30:00Z,Biomass,954.000,Elexon BMRS FUELHH
2022-03-25T04:30:00Z,Coal,153.000,Elexon BMRS FUELHH
2022-03-25T04:30:00Z,Gas,15204.000,Elexon BMRS FUELHH
2022-03-25T04:30:00Z,Hydro,179.000,Elexon BMRS FUELHH
2022-03-25T04:30:00Z,Imports & Exports,1020.000,Elexon BMRS FUELHH
2022-03-25T04:30:00Z,Nuclear,5024.000,Elexon BMRS FUELHH
2022-03-25T04:30:00Z,Other,108.000,Elexon BMRS FUELHH
2022-03-25T04:30:00Z,Pumped Storage,-542.000,Elexon BMRS FUELHH
2022-03-25T04:30:00Z,Wind,871.000,Elexon BMRS FUELHH
2022-03-25T05:00:00Z,Biomass,956.000,Elexon BMRS FUELHH
2022-03-25T05:00:00Z,Coal,345.000,Elexon BMRS FUELHH
2022-03-25T05:00:00Z,Gas,15475.000,Elexon BMRS FUELHH
2022-03-25T05:00:00Z,Hydro,248.000,Elexon BMRS FUELHH
2022-03-25T05:00:00Z,Imports & Exports,860.000,Elexon BMRS FUELHH
2022-03-25T05:00:00Z,Nuclear,5024.000,Elexon BMRS FUELHH
2022-03-25T05:00:00Z,Other,109.000,Elexon BMRS FUELHH
2022-03-25T05:00:00Z,Pumped Storage,-176.000,Elexon BMRS FUELHH
2022-03-25T05:00:00Z,Wind,824.000,Elexon BMRS FUELHH
2022-03-25T05:30:00Z,Biomass,957.000,Elexon BMRS FUELHH
2022-03-25T05:30:00Z,Coal,535.000,Elexon BMRS FUELHH
2022-03-25T05:30:00Z,Gas,15945.000,Elexon BMRS FUELHH
2022-03-25T05:30:00Z,Hydro,278.000,Elexon BMRS FUELHH
2022-03-25T05:30:00Z,Imports & Exports,1004.000,Elexon BMRS FUELHH
2022-03-25T05:30:00Z,Nuclear,5022.000,Elexon BMRS FUELHH
2022-03-25T05:30:00Z,Other,120.000,Elexon BMRS FUELHH
2022-03-25T05:30:00Z,Pumped Storage,-168.000,Elexon BMRS FUELHH
2022-03-25T05:30:00Z,Wind,805.000,Elexon BMRS FUELHH
2022-03-25T06:00:00Z,Biomass,957.000,Elexon BMRS FUELHH
2022-03-25T06:00:00Z,Coal,581.000,Elexon BMRS FUELHH
2022-03-25T06:00:00Z,Gas,15530.000,Elexon BMRS FUELHH
2022-03-25T06:00:00Z,Hydro,449.000,Elexon BMRS FUELHH
2022-03-25T06:00:00Z,Imports & Exports,3702.000,Elexon BMRS FUELHH
2022-03-25T06:00:00Z,Nuclear,5019.000,Elexon BMRS FUELHH
2022-03-25T06:00:00Z,Other,152.000,Elexon BMRS FUELHH
2022-03-25T06:00:00Z,Pumped Storage,-148.000,Elexon BMRS FUELHH
2022-03-25T06:00:00Z,Wind,748.000,Elexon BMRS FUELHH
2022-03-25T06:30:00Z,Biomass,962.000,Elexon BMRS FUELHH
2022-03-25T06:30:00Z,Coal,894.000,Elexon BMRS FUELHH
2022-03-25T06:30:00Z,Gas,16541.000,Elexon BMRS FUELHH
2022-03-25T06:30:00Z,Hydro,483.000,Elexon BMRS FUELHH
2022-03-25T06:30:00Z,Imports & Exports,3778.000,Elexon BMRS FUELHH
2022-03-25T06:30:00Z,Nuclear,5019.000,Elexon BMRS FUELHH
2022-03-25T06:30:00Z,Other,394.000,Elexon BMRS FUELHH
2022-03-25T06:30:00Z,Pumped Storage,-126.000,Elexon BMRS FUELHH
2022-03-25T06:30:00Z,Wind,753.000,Elexon BMRS FUELHH
2022-03-25T07:00:00Z,Biomass,961.000,Elexon BMRS FUELHH
2022-03-25T07:00:00Z,Coal,1291.000,Elexon BMRS FUELHH
2022-03-25T07:00:00Z,Gas,17098.000,Elexon BMRS FUELHH
2022-03-25T07:00:00Z,Hydro,493.000,Elexon BMRS FUELHH
2022-03-25T07:00:00Z,Imports & Exports,4472.000,Elexon BMRS FUELHH
2022-03-25T07:00:00Z,Nuclear,5020.000,Elexon BMRS FUELHH
2022-03-25T07:00:00Z,Other,349.000,Elexon BMRS FUELHH
2022-03-25T07:00:00Z,Pumped Storage,254.000,Elexon BMRS FUELHH
2022-03-25T07:00:00Z,Wind,779.000,Elexon BMRS FUELHH
2022-03-25T07:30:00Z,Biomass,958.000,Elexon BMRS FUELHH
2022-03-25T07:30:00Z,Coal,1442.000,Elexon BMRS FUELHH
2022-03-25T07:30:00Z,Gas,17223.000,Elexon BMRS FUELHH
2022-03-25T07:30:00Z,Hydro,474.000,Elexon BMRS FUELHH
2022-03-25T07:30:00Z,Imports & Exports,4364.000,Elexon BMRS FUELHH
2022-03-25T07:30:00Z,Nuclear,5024.000,Elexon BMRS FUELHH
2022-03-25T07:30:00Z,Other,520.000,Elexon BMRS FUELHH
2022-03-25T07:30:00Z,Pumped Storage,312.000,Elexon BMRS FUELHH
2022-03-25T07:30:00Z,Wind,748.000,Elexon BMRS FUELHH
2022-03-25T08:00:00Z,Biomass,956.000,Elexon BMRS FUELHH
2022-03-25T08:00:00Z,Coal,1649.000,Elexon BMRS FUELHH
2022-03-25T08:00:00Z,Gas,17173.000,Elexon BMRS FUELHH
2022-03-25T08:00:00Z,Hydro,466.000,Elexon BMRS FUELHH
2022-03-25T08:00:00Z,Imports & Exports,4426.000,Elexon BMRS FUELHH
2022-03-25T08:00:00Z,Nuclear,5018.000,Elexon BMRS FUELHH
2022-03-25T08:00:00Z,Other,414.000,Elexon BMRS FUELHH
2022-03-25T08:00:00Z,Pumped Storage,460.000,Elexon BMRS FUELHH
2022-03-25T08:00:00Z,Wind,695.000,Elexon BMRS FUELHH
2022-03-25T08:30:00Z,Biomass,954.000,Elexon BMRS FUELHH
2022-03-25T08:30:00Z,Coal,1770.000,Elexon BMRS FUELHH
2022-03-25T08:30:00Z,Gas,17033.000,Elexon BMRS FUELHH
2022-03-25T08:30:00Z,Hydro,443.000,Elexon BMRS FUELHH
2022-03-25T08:30:00Z,Imports & Exports,4294.000,Elexon BMRS FUELHH
2022-03-25T08:30:00Z,Nuclear,5005.000,Elexon BMRS FUELHH
2022-03-25T08:30:00Z,Other,433.000,Elexon BMRS FUELHH
2022-03-25T08:30:00Z,Pumped Storage,208.000,Elexon BMRS FUELHH
2022-03-25T08:30:00Z,Wind,682.000,Elexon BMRS FUELHH
2022-03-25T09:00:00Z,Biomass,954.000,Elexon BMRS FUELHH
2022-03-25T09:00:00Z,Coal,1797.000,Elexon BMRS FUELHH
2022-03-25T09:00:00Z,Gas,16884.000,Elexon BMRS FUELHH
2022-03-25T09:00:00Z,Hydro,300.000,Elexon BMRS FUELHH
2022-03-25T09:00:00Z,Imports & Exports,4374.000,Elexon BMRS FUELHH
2022-03-25T09:00:00Z,Nuclear,4901.000,Elexon BMRS FUELHH
2022-03-25T09:00:00Z,Other,250.000,Elexon BMRS FUELHH
2022-03-25T09:00:00Z,Pumped Storage,72.000,Elexon BMRS FUELHH
2022-03-25T09:00:00Z,Wind,729.000,Elexon BMRS FUELHH
2022-03-25T09:30:00Z,Biomass,896.000,Elexon BMRS FUELHH
2022-03-25T09:30:00Z,Coal,1796.000,Elexon BMRS FUELHH
2022-03-25T09:30:00Z,Gas,16617.000,Elexon BMRS FUELHH
2022-03-25T09:30:00Z,Hydro,280.000,Elexon BMRS FUELHH
2022-03-25T09:30:00Z,Imports & Exports,4268.000,Elexon BMRS FUELHH
2022-03-25T09:30:00Z,Nuclear,4901.000,Elexon BMRS FUELHH
2022-03-25T09:30:00Z,Other,129.000,Elexon BMRS FUELHH
2022-03-25T09:30:00Z,Pumped Storage,-14.000,Elexon BMRS FUELHH
2022-03-25T09:30:00Z,Wind,682.000,Elexon BMRS FUELHH
2022-03-25T10:00:00Z,Biomass,939.000,Elexon BMRS FUELHH
2022-03-25T10:00:00Z,Coal,1798.000,Elexon BMRS FUELHH
2022-03-25T10:00:00Z,Gas,16612.000,Elexon BMRS FUELHH
2022-03-25T10:00:00Z,Hydro,223.000,Elexon BMRS FUELHH
2022-03-25T10:00:00Z,Imports & Exports,3282.000,Elexon BMRS FUELHH
2022-03-25T10:00:00Z,Nuclear,4899.000,Elexon BMRS FUELHH
2022-03-25T10:00:00Z,Other,112.000,Elexon BMRS FUELHH
2022-03-25T10:00:00Z,Pumped Storage,48.000,Elexon BMRS FUELHH
2022-03-25T10:00:00Z,Wind,726.000,Elexon BMRS FUELHH
2022-03-25T10:30:00Z,Biomass,882.000,Elexon BMRS FUELHH
2022-03-25T10:30:00Z,Coal,1723.000,Elexon BMRS FUELHH
2022-03-25T10:30:00Z,Gas,16229.000,Elexon BMRS FUELHH
2022-03-25T10:30:00Z,Hydro,216.000,Elexon BMRS FUELHH
2022-03-25T10:30:00Z,Imports & Exports,3200.000,Elexon BMRS FUELHH
2022-03-25T10:30:00Z,Nuclear,4913.000,Elexon BMRS FUELHH
2022-03-25T10:30:00Z,Other,110.000,Elexon BMRS FUELHH
2022-03-25T10:30:00Z,Pumped Storage,-10.000,Elexon BMRS FUELHH
2022-03-25T10:30:00Z,Wind,817.000,Elexon BMRS FUELHH
2022-03-25T11:00:00Z,Biomass,968.000,Elexon BMRS FUELHH
2022-03-25T11:00:00Z,Coal,1773.000,Elexon BMRS FUELHH
2022-03-25T11:00:00Z,Gas,16225.000,Elexon BMRS FUELHH
2022-03-25T11:00:00Z,Hydro,244.000,Elexon BMRS FUELHH
2022-03-25T11:00:00Z,Imports & Exports,2302.000,Elexon BMRS FUELHH
2022-03-25T11:00:00Z,Nuclear,5010.000,Elexon BMRS FUELHH
2022-03-25T11:00:00Z,Other,110.000,Elexon BMRS FUELHH
2022-03-25T11:00:00Z,Pumped Storage,-10.000,Elexon BMRS FUELHH
2022-03-25T11:00:00Z,Wind,793.000,Elexon BMRS FUELHH
2022-03-25T11:30:00Z,Biomass,952.000,Elexon BMRS FUELHH
2022-03-25T11:30:00Z,Coal,1647.000,Elexon BMRS FUELHH
2022-03-25T11:30:00Z,Gas,15941.000,Elexon BMRS FUELHH
2022-03-25T11:30:00Z,Hydro,247.000,Elexon BMRS FUELHH
2022-03-25T11:30:00Z,Imports & Exports,2268.000,Elexon BMRS FUELHH
2022-03-25T11:30:00Z,Nuclear,5029.000,Elexon BMRS FUELHH
2022-03-25T11:30:00Z,Other,111.000,Elexon BMRS FUELHH
2022-03-25T11:30:00Z,Pumped Storage,-10.000,Elexon BMRS FUELHH
2022-03-25T11:30:00Z,Wind,914.000,Elexon BMRS FUELHH
2022-03-25T12:00:00Z,Biomass,945.000,Elexon BMRS FUELHH
2022-03-25T12:00:00Z,Coal,1648.000,Elexon BMRS FUELHH
2022-03-25T12:00:00Z,Gas,15782.000,Elexon BMRS FUELHH
2022-03-25T12:00:00Z,Hydro,198.000,Elexon BMRS FUELHH
2022-03-25T12:00:00Z,Imports & Exports,2146.000,Elexon BMRS FUELHH
2022-03-25T12:00:00Z,Nuclear,5029.000,Elexon BMRS FUELHH
2022-03-25T12:00:00Z,Other,114.000,Elexon BMRS FUELHH
2022-03-25T12:00:00Z,Pumped Storage,-16.000,Elexon BMRS FUELHH
2022-03-25T12:00:00Z,Wind,1011.000,Elexon BMRS FUELHH
2022-03-25T12:30:00Z,Biomass,946.000,Elexon BMRS FUELHH
2022-03-25T12:30:00Z,Coal,1553.000,Elexon BMRS FUELHH
2022-03-25T12:30:00Z,Gas,15699.000,Elexon BMRS FUELHH
2022-03-25T12:30:00Z,Hydro,192.000,Elexon BMRS FUELHH
2022-03-25T12:30:00Z,Imports & Exports,2152.000,Elexon BMRS FUELHH
2022-03-25T12:30:00Z,Nuclear,4981.000,Elexon BMRS FUELHH
2022-03-25T12:30:00Z,Other,142.000,Elexon BMRS FUELHH
2022-03-25T12:30:00Z,Pumped Storage,-164.000,Elexon BMRS FUELHH
2022-03-25T12:30:00Z,Wind,1084.000,Elexon BMRS FUELHH
2022-03-25T13:00:00Z,Biomass,947.000,Elexon BMRS FUELHH
2022-03-25T13:00:00Z,Coal,1565.000,Elexon BMRS FUELHH
2022-03-25T13:00:00Z,Gas,15250.000,Elexon BMRS FUELHH
2022-03-25T13:00:00Z,Hydro,195.000,Elexon BMRS FUELHH
2022-03-25T13:00:00Z,Imports & Exports,2380.000,Elexon BMRS FUELHH
2022-03-25T13:00:00Z,Nuclear,4897.000,Elexon BMRS FUELHH
2022-03-25T13:00:00Z,Other,142.000,Elexon BMRS FUELHH
2022-03-25T13:00:00Z,Pumped Storage,-162.000,Elexon BMRS FUELHH
2022-03-25T13:00:00Z,Wind,1097.000,Elexon BMRS FUELHH
2022-03-25T13:30:00Z,Biomass,947.000,Elexon BMRS FUELHH
2022-03-25T13:30:00Z,Coal,1720.000,Elexon BMRS FUELHH
2022-03-25T13:30:00Z,Gas,14890.000,Elexon BMRS FUELHH
2022-03-25T13:30:00Z,Hydro,184.000,Elexon BMRS FUELHH
2022-03-25T13:30:00Z,Imports & Exports,2388.000,Elexon BMRS FUELHH
2022-03-25T13:30:00Z,Nuclear,4893.000,Elexon BMRS FUELHH
2022-03-25T13:30:00Z,Other,133.000,Elexon BMRS FUELHH
2022-03-25T13:30:00Z,Pumped Storage,-162.000,Elexon BMRS FUELHH
2022-03-25T13:30:00Z,Wind,1160.000,Elexon BMRS FUELHH
2022-03-25T14:00:00Z,Biomass,948.000,Elexon BMRS FUELHH
2022-03-25T14:00:00Z,Coal,1681.000,Elexon BMRS FUELHH
2022-03-25T14:00:00Z,Gas,14770.000,Elexon BMRS FUELHH
2022-03-25T14:00:00Z,Hydro,176.000,Elexon BMRS FUELHH
2022-03-25T14:00:00Z,Imports & Exports,2800.000,Elexon BMRS FUELHH
2022-03-25T14:00:00Z,Nuclear,4920.000,Elexon BMRS FUELHH
2022-03-25T14:00:00Z,Other,117.000,Elexon BMRS FUELHH
2022-03-25T14:00:00Z,Pumped Storage,-272.000,Elexon BMRS FUELHH
2022-03-25T14:00:00Z,Wind,1196.000,Elexon BMRS FUELHH
2022-03-25T14:30:00Z,Biomass,952.000,Elexon BMRS FUELHH
2022-03-25T14:30:00Z,Coal,1729.000,Elexon BMRS FUELHH
2022-03-25T14:30:00Z,Gas,14659.000,Elexon BMRS FUELHH
2022-03-25T14:30:00Z,Hydro,181.000,Elexon BMRS FUELHH
2022-03-25T14:30:00Z,Imports & Exports,2798.000,Elexon BMRS FUELHH
2022-03-25T14:30:00Z,Nuclear,5050.000,Elexon BMRS FUELHH
2022-03-25T14:30:00Z,Other,115.000,Elexon BMRS FUELHH
2022-03-25T14:30:00Z,Pumped Storage,-228.000,Elexon BMRS FUELHH
2022-03-25T14:30:00Z,Wind,1206.000,Elexon BMRS FUELHH
2022-03-25T15:00:00Z,Biomass,972.000,Elexon BMRS FUELHH
2022-03-25T15:00:00Z,Coal,1782.000,Elexon BMRS FUELHH
2022-03-25T15:00:00Z,Gas,15378.000,Elexon BMRS FUELHH
2022-03-25T15:00:00Z,Hydro,195.000,Elexon BMRS FUELHH
2022-03-25T15:00:00Z,Imports & Exports,2292.000,Elexon BMRS FUELHH
2022-03-25T15:00:00Z,Nuclear,5104.000,Elexon BMRS FUELHH
2022-03-25T15:00:00Z,Other,120.000,Elexon BMRS FUELHH
2022-03-25T15:00:00Z,Pumped Storage,-166.000,Elexon BMRS FUELHH
2022-03-25T15:00:00Z,Wind,1192.000,Elexon BMRS FUELHH
2022-03-25T15:30:00Z,Biomass,987.000,Elexon BMRS FUELHH
2022-03-25T15:30:00Z,Coal,1743.000,Elexon BMRS FUELHH
2022-03-25T15:30:00Z,Gas,16247.000,Elexon BMRS FUELHH
2022-03-25T15:30:00Z,Hydro,217.000,Elexon BMRS FUELHH
2022-03-25T15:30:00Z,Imports & Exports,2356.000,Elexon BMRS FUELHH
2022-03-25T15:30:00Z,Nuclear,5101.000,Elexon BMRS FUELHH
2022-03-25T15:30:00Z,Other,116.000,Elexon BMRS FUELHH
2022-03-25T15:30:00Z,Pumped Storage,-164.000,Elexon BMRS FUELHH
2022-03-25T15:30:00Z,Wind,1203.000,Elexon BMRS FUELHH
2022-03-25T16:00:00Z,Biomass,990.000,Elexon BMRS FUELHH
2022-03-25T16:00:00Z,Coal,1734.000,Elexon BMRS FUELHH
2022-03-25T16:00:00Z,Gas,17427.000,Elexon BMRS FUELHH
2022-03-25T16:00:00Z,Hydro,373.000,Elexon BMRS FUELHH
2022-03-25T16:00:00Z,Imports & Exports,2192.000,Elexon BMRS FUELHH
2022-03-25T16:00:00Z,Nuclear,5107.000,Elexon BMRS FUELHH
2022-03-25T16:00:00Z,Other,124.000,Elexon BMRS FUELHH
2022-03-25T16:00:00Z,Pumped Storage,36.000,Elexon BMRS FUELHH
2022-03-25T16:00:00Z,Wind,1191.000,Elexon BMRS FUELHH
2022-03-25T16:30:00Z,Biomass,990.000,Elexon BMRS FUELHH
2022-03-25T16:30:00Z,Coal,1662.000,Elexon BMRS FUELHH
2022-03-25T16:30:00Z,Gas,18335.000,Elexon BMRS FUELHH
2022-03-25T16:30:00Z,Hydro,488.000,Elexon BMRS FUELHH
2022-03-25T16:30:00Z,Imports & Exports,2306.000,Elexon BMRS FUELHH
2022-03-25T16:30:00Z,Nuclear,5103.000,Elexon BMRS FUELHH
2022-03-25T16:30:00Z,Other,154.000,Elexon BMRS FUELHH
2022-03-25T16:30:00Z,Pumped Storage,556.000,Elexon BMRS FUELHH
2022-03-25T16:30:00Z,Wind,1212.000,Elexon BMRS FUELHH
2022-03-25T17:00:00Z,Biomass,976.000,Elexon BMRS FUELHH
2022-03-25T17:00:00Z,Coal,1603.000,Elexon BMRS FUELHH
2022-03-25T17:00:00Z,Gas,18985.000,Elexon BMRS FUELHH
2022-03-25T17:00:00Z,Hydro,588.000,Elexon BMRS FUELHH
2022-03-25T17:00:00Z,Imports & Exports,3482.000,Elexon BMRS FUELHH
2022-03-25T17:00:00Z,Nuclear,5109.000,Elexon BMRS FUELHH
2022-03-25T17:00:00Z,Other,147.000,Elexon BMRS FUELHH
2022-03-25T17:00:00Z,Pumped Storage,856.000,Elexon BMRS FUELHH
2022-03-25T17:00:00Z,Wind,1170.000,Elexon BMRS FUELHH
2022-03-25T17:30:00Z,Biomass,988.000,Elexon BMRS FUELHH
2022-03-25T17:30:00Z,Coal,1767.000,Elexon BMRS FUELHH
2022-03-25T17:30:00Z,Gas,19157.000,Elexon BMRS FUELHH
2022-03-25T17:30:00Z,Hydro,533.000,Elexon BMRS FUELHH
2022-03-25T17:30:00Z,Imports & Exports,3610.000,Elexon BMRS FUELHH
2022-03-25T17:30:00Z,Nuclear,5109.000,Elexon BMRS FUELHH
2022-03-25T17:30:00Z,Other,188.000,Elexon BMRS FUELHH
2022-03-25T17:30:00Z,Pumped Storage,1074.000,Elexon BMRS FUELHH
2022-03-25T17:30:00Z,Wind,1140.000,Elexon BMRS FUELHH
2022-03-25T18:00:00Z,Biomass,990.000,Elexon BMRS FUELHH
2022-03-25T18:00:00Z,Coal,1783.000,Elexon BMRS FUELHH
2022-03-25T18:00:00Z,Gas,18992.000,Elexon BMRS FUELHH
2022-03-25T18:00:00Z,Hydro,555.000,Elexon BMRS FUELHH
2022-03-25T18:00:00Z,Imports & Exports,4048.000,Elexon BMRS FUELHH
2022-03-25T18:00:00Z,Nuclear,5112.000,Elexon BMRS FUELHH
2022-03-25T18:00:00Z,Other,307.000,Elexon BMRS FUELHH
2022-03-25T18:00:00Z,Pumped Storage,1250.000,Elexon BMRS FUELHH
2022-03-25T18:00:00Z,Wind,1179.000,Elexon BMRS FUELHH
2022-03-25T18:30:00Z,Biomass,988.000,Elexon BMRS FUELHH
2022-03-25T18:30:00Z,Coal,1750.000,Elexon BMRS FUELHH
2022-03-25T18:30:00Z,Gas,19063.000,Elexon BMRS FUELHH
2022-03-25T18:30:00Z,Hydro,547.000,Elexon BMRS FUELHH
2022-03-25T18:30:00Z,Imports & Exports,4106.000,Elexon BMRS FUELHH
2022-03-25T18:30:00Z,Nuclear,5116.000,Elexon BMRS FUELHH
2022-03-25T18:30:00Z,Other,425.000,Elexon BMRS FUELHH
2022-03-25T18:30:00Z,Pumped Storage,1860.000,Elexon BMRS FUELHH
2022-03-25T18:30:00Z,Wind,1285.000,Elexon BMRS FUELHH
2022-03-25T19:00:00Z,Biomass,1011.000,Elexon BMRS FUELHH
2022-03-25T19:00:00Z,Coal,1798.000,Elexon BMRS FUELHH
2022-03-25T19:00:00Z,Gas,19515.000,Elexon BMRS FUELHH
2022-03-25T19:00:00Z,Hydro,555.000,Elexon BMRS FUELHH
2022-03-25T19:00:00Z,Imports & Exports,3842.000,Elexon BMRS FUELHH
2022-03-25T19:00:00Z,Nuclear,5116.000,Elexon BMRS FUELHH
2022-03-25T19:00:00Z,Other,474.000,Elexon BMRS FUELHH
2022-03-25T19:00:00Z,Pumped Storage,1594.000,Elexon BMRS FUELHH
2022-03-25T19:00:00Z,Wind,1342.000,Elexon BMRS FUELHH
2022-03-25T19:30:00Z,Biomass,1010.000,Elexon BMRS FUELHH
2022-03-25T19:30:00Z,Coal,1797.000,Elexon BMRS FUELHH
2022-03-25T19:30:00Z,Gas,19562.000,Elexon BMRS FUELHH
2022-03-25T19:30:00Z,Hydro,491.000,Elexon BMRS FUELHH
2022-03-25T19:30:00Z,Imports & Exports,3808.000,Elexon BMRS FUELHH
2022-03-25T19:30:00Z,Nuclear,5119.000,Elexon BMRS FUELHH
2022-03-25T19:30:00Z,Other,454.000,Elexon BMRS FUELHH
2022-03-25T19:30:00Z,Pumped Storage,806.000,Elexon BMRS FUELHH
2022-03-25T19:30:00Z,Wind,1374.000,Elexon BMRS FUELHH
2022-03-25T20:00:00Z,Biomass,1009.000,Elexon BMRS FUELHH
2022-03-25T20:00:00Z,Coal,1801.000,Elexon BMRS FUELHH
2022-03-25T20:00:00Z,Gas,19351.000,Elexon BMRS FUELHH
2022-03-25T20:00:00Z,Hydro,438.000,Elexon BMRS FUELHH
2022-03-25T20:00:00Z,Imports & Exports,3874.000,Elexon BMRS FUELHH
2022-03-25T20:00:00Z,Nuclear,5116.000,Elexon BMRS FUELHH
2022-03-25T20:00:00Z,Other,257.000,Elexon BMRS FUELHH
2022-03-25T20:00:00Z,Pumped Storage,100.000,Elexon BMRS FUELHH
2022-03-25T20:00:00Z,Wind,1407.000,Elexon BMRS FUELHH
2022-03-25T20:30:00Z,Biomass,1007.000,Elexon BMRS FUELHH
2022-03-25T20:30:00Z,Coal,1798.000,Elexon BMRS FUELHH
2022-03-25T20:30:00Z,Gas,18643.000,Elexon BMRS FUELHH
2022-03-25T20:30:00Z,Hydro,406.000,Elexon BMRS FUELHH
2022-03-25T20:30:00Z,Imports & Exports,3830.000,Elexon BMRS FUELHH
2022-03-25T20:30:00Z,Nuclear,5113.000,Elexon BMRS FUELHH
2022-03-25T20:30:00Z,Other,145.000,Elexon BMRS FUELHH
2022-03-25T20:30:00Z,Pumped Storage,84.000,Elexon BMRS FUELHH
2022-03-25T20:30:00Z,Wind,1484.000,Elexon BMRS FUELHH
2022-03-25T21:00:00Z,Biomass,1003.000,Elexon BMRS FUELHH
2022-03-25T21:00:00Z,Coal,1670.000,Elexon BMRS FUELHH
2022-03-25T21:00:00Z,Gas,17896.000,Elexon BMRS FUELHH
2022-03-25T21:00:00Z,Hydro,288.000,Elexon BMRS FUELHH
2022-03-25T21:00:00Z,Imports & Exports,3378.000,Elexon BMRS FUELHH
2022-03-25T21:00:00Z,Nuclear,5113.000,Elexon BMRS FUELHH
2022-03-25T21:00:00Z,Other,145.000,Elexon BMRS FUELHH
2022-03-25T21:00:00Z,Pumped Storage,30.000,Elexon BMRS FUELHH
2022-03-25T21:00:00Z,Wind,1515.000,Elexon BMRS FUELHH
2022-03-25T21:30:00Z,Biomass,1001.000,Elexon BMRS FUELHH
2022-03-25T21:30:00Z,Coal,1151.000,Elexon BMRS FUELHH
2022-03-25T21:30:00Z,Gas,17255.000,Elexon BMRS FUELHH
2022-03-25T21:30:00Z,Hydro,281.000,Elexon BMRS FUELHH
2022-03-25T21:30:00Z,Imports & Exports,3396.000,Elexon BMRS FUELHH
2022-03-25T21:30:00Z,Nuclear,5020.000,Elexon BMRS FUELHH
2022-03-25T21:30:00Z,Other,150.000,Elexon BMRS FUELHH
2022-03-25T21:30:00Z,Pumped Storage,26.000,Elexon BMRS FUELHH
2022-03-25T21:30:00Z,Wind,1512.000,Elexon BMRS FUELHH
2022-03-25T22:00:00Z,Biomass,1002.000,Elexon BMRS FUELHH
2022-03-25T22:00:00Z,Coal,692.000,Elexon BMRS FUELHH
2022-03-25T22:00:00Z,Gas,16636.000,Elexon BMRS FUELHH
2022-03-25T22:00:00Z,Hydro,232.000,Elexon BMRS FUELHH
2022-03-25T22:00:00Z,Imports & Exports,3228.000,Elexon BMRS FUELHH
2022-03-25T22:00:00Z,Nuclear,4910.000,Elexon BMRS FUELHH
2022-03-25T22:00:00Z,Other,145.000,Elexon BMRS FUELHH
2022-03-25T22:00:00Z,Pumped Storage,24.000,Elexon BMRS FUELHH
2022-03-25T22:00:00Z,Wind,1387.000,Elexon BMRS FUELHH
2022-03-25T22:30:00Z,Biomass,1003.000,Elexon BMRS FUELHH
2022-03-25T22:30:00Z,Coal,337.000,Elexon BMRS FUELHH
2022-03-25T22:30:00Z,Gas,15807.000,Elexon BMRS FUELHH
2022-03-25T22:30:00Z,Hydro,232.000,Elexon BMRS FUELHH
2022-03-25T22:30:00Z,Imports & Exports,3316.000,Elexon BMRS FUELHH
2022-03-25T22:30:00Z,Nuclear,4899.000,Elexon BMRS FUELHH
2022-03-25T22:30:00Z,Other,140.000,Elexon BMRS FUELHH
2022-03-25T22:30:00Z,Pumped Storage,-14.000,Elexon BMRS FUELHH
2022-03-25T22:30:00Z,Wind,1279.000,Elexon BMRS FUELHH
2022-03-25T23:00:00Z,Biomass,982.000,Elexon BMRS FUELHH
2022-03-25T23:00:00Z,Coal,1.000,Elexon BMRS FUELHH
2022-03-25T23:00:00Z,Gas,13750.000,Elexon BMRS FUELHH
2022-03-25T23:00:00Z,Hydro,223.000,Elexon BMRS FUELHH
2022-03-25T23:00:00Z,Imports & Exports,4318.000,Elexon BMRS FUELHH
2022-03-25T23:00:00Z,Nuclear,4899.000,Elexon BMRS FUELHH
2022-03-25T23:00:00Z,Other,108.000,Elexon BMRS FUELHH
2022-03-25T23:00:00Z,Pumped Storage,166.000,Elexon BMRS FUELHH
2022-03-25T23:00:00Z,Wind,1206.000,Elexon BMRS FUELHH
2022-03-25T23:30:00Z,Biomass,951.000,Elexon BMRS FUELHH
2022-03-25T23:30:00Z,Coal,0.000,Elexon BMRS FUELHH
2022-03-25T23:30:00Z,Gas,13067.000,Elexon BMRS FUELHH
2022-03-25T23:30:00Z,Hydro,215.000,Elexon BMRS FUELHH
2022-03-25T23:30:00Z,Imports & Exports,4184.000,Elexon BMRS FUELHH
2022-03-25T23:30:00Z,Nuclear,4900.000,Elexon BMRS FUELHH
2022-03-25T23:30:00Z,Other,104.000,Elexon BMRS FUELHH
2022-03-25T23:30:00Z,Pumped Storage,74.000,Elexon BMRS FUELHH
2022-03-25T23:30:00Z,Wind,1151.000,Elexon BMRS FUELHH
2022-03-26T00:00:00Z,Biomass,950.000,Elexon BMRS FUELHH
2022-03-26T00:00:00Z,Coal,0.000,Elexon BMRS FUELHH
2022-03-26T00:00:00Z,Gas,12763.000,Elexon BMRS FUELHH
2022-03-26T00:00:00Z,Hydro,167.000,Elexon BMRS FUELHH
2022-03-26T00:00:00Z,Imports & Exports,4214.000,Elexon BMRS FUELHH
2022-03-26T00:00:00Z,Nuclear,4966.000,Elexon BMRS FUELHH
2022-03-26T00:00:00Z,Other,102.000,Elexon BMRS FUELHH
2022-03-26T00:00:00Z,Pumped Storage,-54.000,Elexon BMRS FUELHH
2022-03-26T00:00:00Z,Wind,1100.000,Elexon BMRS FUELHH
2022-03-26T00:30:00Z,Biomass,950.000,Elexon BMRS FUELHH
2022-03-26T00:30:00Z,Coal,0.000,Elexon BMRS FUELHH
2022-03-26T00:30:00Z,Gas,12709.000,Elexon BMRS FUELHH
2022-03-26T00:30:00Z,Hydro,166.000,Elexon BMRS FUELHH
2022-03-26T00:30:00Z,Imports & Exports,4366.000,Elexon BMRS FUELHH
2022-03-26T00:30:00Z,Nuclear,5024.000,Elexon BMRS FUELHH
2022-03-26T00:30:00Z,Other,104.000,Elexon BMRS FUELHH
2022-03-26T00:30:00Z,Pumped Storage,-32.000,Elexon BMRS FUELHH
2022-03-26T00:30:00Z,Wind,1027.000,Elexon BMRS FUELHH
2022-03-26T01:00:00Z,Biomass,948.000,Elexon BMRS FUELHH
2022-03-26T01:00:00Z,Coal,0.000,Elexon BMRS FUELHH
2022-03-26T01:00:00Z,Gas,12463.000,Elexon BMRS FUELHH
2022-03-26T01:00:00Z,Hydro,152.000,Elexon BMRS FUELHH
2022-03-26T01:00:00Z,Imports & Exports,4522.000,Elexon BMRS FUELHH
2022-03-26T01:00:00Z,Nuclear,5021.000,Elexon BMRS FUELHH
2022-03-26T01:00:00Z,Other,101.000,Elexon BMRS FUELHH
2022-03-26T01:00:00Z,Pumped Storage,-342.000,Elexon BMRS FUELHH
2022-03-26T01:00:00Z,Wind,947.000,Elexon BMRS FUELHH
2022-03-26T01:30:00Z,Biomass,948.000,Elexon BMRS FUELHH
2022-03-26T01:30:00Z,Coal,0.000,Elexon BMRS FUELHH
2022-03-26T01:30:00Z,Gas,12006.000,Elexon BMRS FUELHH
2022-03-26T01:30:00Z,Hydro,150.000,Elexon BMRS FUELHH
2022-03-26T01:30:00Z,Imports & Exports,4420.000,Elexon BMRS FUELHH
2022-03-26T01:30:00Z,Nuclear,5026.000,Elexon BMRS FUELHH
2022-03-26T01:30:00Z,Other,101.000,Elexon BMRS FUELHH
2022-03-26T01:30:00Z,Pumped Storage,-364.000,Elexon BMRS FUELHH
2022-03-26T01:30:00Z,Wind,896.000,Elexon BMRS FUELHH
2022-03-26T02:00:00Z,Biomass,948.000,Elexon BMRS FUELHH
2022-03-26T02:00:00Z,Coal,0.000,Elexon BMRS FUELHH
2022-03-26T02:00:00Z,Gas,12277.000,Elexon BMRS FUELHH
2022-03-26T02:00:00Z,Hydro,150.000,Elexon BMRS FUELHH
2022-03-26T02:00:00Z,Imports & Exports,4164.000,Elexon BMRS FUELHH
2022-03-26T02:00:00Z,Nuclear,5024.000,Elexon BMRS FUELHH
2022-03-26T02:00:00Z,Other,104.000,Elexon BMRS FUELHH
2022-03-26T02:00:00Z,Pumped Storage,-828.000,Elexon BMRS FUELHH
2022-03-26T02:00:00Z,Wind,862.000,Elexon BMRS FUELHH
2022-03-26T02:30:00Z,Biomass,949.000,Elexon BMRS FUELHH
2022-03-26T02:30:00Z,Coal,0.000,Elexon BMRS FUELHH
2022-03-26T02:30:00Z,Gas,12155.000,Elexon BMRS FUELHH
2022-03-26T02:30:00Z,Hydro,149.000,Elexon BMRS FUELHH
2022-03-26T02:30:00Z,Imports & Exports,4152.000,Elexon BMRS FUELHH
2022-03-26T02:30:00Z,Nuclear,4973.000,Elexon BMRS FUELHH
2022-03-26T02:30:00Z,Other,102.000,Elexon BMRS FUELHH
2022-03-26T02:30:00Z,Pumped Storage,-1016.000,Elexon BMRS FUELHH
2022-03-26T02:30:00Z,Wind,924.000,Elexon BMRS FUELHH
2022-03-26T03:00:00Z,Biomass,949.000,Elexon BMRS FUELHH
2022-03-26T03:00:00Z,Coal,0.000,Elexon BMRS FUELHH
2022-03-26T03:00:00Z,Gas,12529.000,Elexon BMRS FUELHH
2022-03-26T03:00:00Z,Hydro,148.000,Elexon BMRS FUELHH
2022-03-26T03:00:00Z,Imports & Exports,4010.000,Elexon BMRS FUELHH
2022-03-26T03:00:00Z,Nuclear,4901.000,Elexon BMRS FUELHH
2022-03-26T03:00:00Z,Other,101.000,Elexon BMRS FUELHH
2022-03-26T03:00:00Z,Pumped Storage,-1576.000,Elexon BMRS FUELHH
2022-03-26T03:00:00Z,Wind,904.000,Elexon BMRS FUELHH
2022-03-26T03:30:00Z,Biomass,949.000,Elexon BMRS FUELHH
2022-03-26T03:30:00Z,Coal,0.000,Elexon BMRS FUELHH
2022-03-26T03:30:00Z,Gas,12447.000,Elexon BMRS FUELHH
2022-03-26T03:30:00Z,Hydro,151.000,Elexon BMRS FUELHH
2022-03-26T03:30:00Z,Imports & Exports,3858.000,Elexon BMRS FUELHH
2022-03-26T03:30:00Z,Nuclear,4897.000,Elexon BMRS FUELHH
2022-03-26T03:30:00Z,Other,103.000,Elexon BMRS FUELHH
2022-03-26T03:30:00Z,Pumped Storage,-1674.000,Elexon BMRS FUELHH
2022-03-26T03:30:00Z,Wind,894.000,Elexon BMRS FUELHH
2022-03-26T04:00:00Z,Biomass,953.000,Elexon BMRS FUELHH
2022-03-26T04:00:00Z,Coal,0.000,Elexon BMRS FUELHH
2022-03-26T04:00:00Z,Gas,12351.000,Elexon BMRS FUELHH
2022-03-26T04:00:00Z,Hydro,182.000,Elexon BMRS FUELHH
2022-03-26T04:00:00Z,Imports & Exports,3594.000,Elexon BMRS FUELHH
2022-03-26T04:00:00Z,Nuclear,4898.000,Elexon BMRS FUELHH
2022-03-26T04:00:00Z,Other,103.000,Elexon BMRS FUELHH
2022-03-26T04:00:00Z,Pumped Storage,-1438.000,Elexon BMRS FUELHH
2022-03-26T04:00:00Z,Wind,955.000,Elexon BMRS FUELHH
2022-03-26T04:30:00Z,Biomass,954.000,Elexon BMRS FUELHH
2022-03-26T04:30:00Z,Coal,0.000,Elexon BMRS FUELHH
2022-03-26T04:30:00Z,Gas,12274.000,Elexon BMRS FUELHH
2022-03-26T04:30:00Z,Hydro,184.000,Elexon BMRS FUELHH
2022-03-26T04:30:00Z,Imports & Exports,3632.000,Elexon BMRS FUELHH
2022-03-26T04:30:00Z,Nuclear,4904.000,Elexon BMRS FUELHH
2022-03-26T04:30:00Z,Other,129.000,Elexon BMRS FUELHH
2022-03-26T04:30:00Z,Pumped Storage,-1572.000,Elexon BMRS FUELHH
2022-03-26T04:30:00Z,Wind,988.000,Elexon BMRS FUELHH
2022-03-26T05:00:00Z,Biomass,955.000,Elexon BMRS FUELHH
2022-03-26T05:00:00Z,Coal,0.000,Elexon BMRS FUELHH
2022-03-26T05:00:00Z,Gas,12108.000,Elexon BMRS FUELHH
2022-03-26T05:00:00Z,Hydro,259.000,Elexon BMRS FUELHH
2022-03-26T05:00:00Z,Imports & Exports,3482.000,Elexon BMRS FUELHH
2022-03-26T05:00:00Z,Nuclear,5021.000,Elexon BMRS FUELHH
2022-03-26T05:00:00Z,Other,104.000,Elexon BMRS FUELHH
2022-03-26T05:00:00Z,Pumped Storage,-724.000,Elexon BMRS FUELHH
2022-03-26T05:00:00Z,Wind,933.000,Elexon BMRS FUELHH
2022-03-26T05:30:00Z,Biomass,953.000,Elexon BMRS FUELHH
2022-03-26T05:30:00Z,Coal,0.000,Elexon BMRS FUELHH
2022-03-26T05:30:00Z,Gas,12046.000,Elexon BMRS FUELHH
2022-03-26T05:30:00Z,Hydro,351.000,Elexon BMRS FUELHH
2022-03-26T05:30:00Z,Imports & Exports,3564.000,Elexon BMRS FUELHH
2022-03-26T05:30:00Z,Nuclear,5103.000,Elexon BMRS FUELHH
2022-03-26T05:30:00Z,Other,101.000,Elexon BMRS FUELHH
2022-03-26T05:30:00Z,Pumped Storage,-680.000,Elexon BMRS FUELHH
2022-03-26T05:30:00Z,Wind,876.000,Elexon BMRS FUELHH
2022-03-26T06:00:00Z,Biomass,953.000,Elexon BMRS FUELHH
2022-03-26T06:00:00Z,Coal,142.000,Elexon BMRS FUELHH
2022-03-26T06:00:00Z,Gas,12109.000,Elexon BMRS FUELHH
2022-03-26T06:00:00Z,Hydro,489.000,Elexon BMRS FUELHH
2022-03-26T06:00:00Z,Imports & Exports,4028.000,Elexon BMRS FUELHH
2022-03-26T06:00:00Z,Nuclear,5103.000,Elexon BMRS FUELHH
2022-03-26T06:00:00Z,Other,105.000,Elexon BMRS FUELHH
2022-03-26T06:00:00Z,Pumped Storage,-464.000,Elexon BMRS FUELHH
2022-03-26T06:00:00Z,Wind,832.000,Elexon BMRS FUELHH
2022-03-26T06:30:00Z,Biomass,952.000,Elexon BMRS FUELHH
2022-03-26T06:30:00Z,Coal,376.000,Elexon BMRS FUELHH
2022-03-26T06:30:00Z,Gas,12259.000,Elexon BMRS FUELHH
2022-03-26T06:30:00Z,Hydro,490.000,Elexon BMRS FUELHH
2022-03-26T06:30:00Z,Imports & Exports,4172.000,Elexon BMRS FUELHH
2022-03-26T06:30:00Z,Nuclear,5098.000,Elexon BMRS FUELHH
2022-03-26T06:30:00Z,Other,107.000,Elexon BMRS FUELHH
2022-03-26T06:30:00Z,Pumped Storage,-426.000,Elexon BMRS FUELHH
2022-03-26T06:30:00Z,Wind,909.000,Elexon BMRS FUELHH
2022-03-26T07:00:00Z,Biomass,953.000,Elexon BMRS FUELHH
2022-03-26T07:00:00Z,Coal,582.000,Elexon BMRS FUELHH
2022-03-26T07:00:00Z,Gas,12324.000,Elexon BMRS FUELHH
2022-03-26T07:00:00Z,Hydro,490.000,Elexon BMRS FUELHH
2022-03-26T07:00:00Z,Imports & Exports,4532.000,Elexon BMRS FUELHH
2022-03-26T07:00:00Z,Nuclear,5103.000,Elexon BMRS FUELHH
2022-03-26T07:00:00Z,Other,108.000,Elexon BMRS FUELHH
2022-03-26T07:00:00Z,Pumped Storage,-96.000,Elexon BMRS FUELHH
2022-03-26T07:00:00Z,Wind,883.000,Elexon BMRS FUELHH
2022-03-26T07:30:00Z,Biomass,951.000,Elexon BMRS FUELHH
2022-03-26T07:30:00Z,Coal,835.000,Elexon BMRS FUELHH
2022-03-26T07:30:00Z,Gas,12264.000,Elexon BMRS FUELHH
2022-03-26T07:30:00Z,Hydro,489.000,Elexon BMRS FUELHH
2022-03-26T07:30:00Z,Imports & Exports,4432.000,Elexon BMRS FUELHH
2022-03-26T07:30:00Z,Nuclear,5100.000,Elexon BMRS FUELHH
2022-03-26T07:30:00Z,Other,125.000,Elexon BMRS FUELHH
2022-03-26T07:30:00Z,Pumped Storage,102.000,Elexon BMRS FUELHH
2022-03-26T07:30:00Z,Wind,854.000,Elexon BMRS FUELHH
2022-03-26T08:00:00Z,Biomass,949.000,Elexon BMRS FUELHH
2022-03-26T08:00:00Z,Coal,1060.000,Elexon BMRS FUELHH
2022-03-26T08:00:00Z,Gas,12276.000,Elexon BMRS FUELHH
2022-03-26T08:00:00Z,Hydro,382.000,Elexon BMRS FUELHH
2022-03-26T08:00:00Z,Imports & Exports,4636.000,Elexon BMRS FUELHH
2022-03-26T08:00:00Z,Nuclear,5104.000,Elexon BMRS FUELHH
2022-03-26T08:00:00Z,Other,150.000,Elexon BMRS FUELHH
2022-03-26T08:00:00Z,Pumped Storage,272.000,Elexon BMRS FUELHH
2022-03-26T08:00:00Z,Wind,783.000,Elexon BMRS FUELHH
2022-03-26T08:30:00Z,Biomass,951.000,Elexon BMRS FUELHH
2022-03-26T08:30:00Z,Coal,1289.000,Elexon BMRS FUELHH
2022-03-26T08:30:00Z,Gas,12212.000,Elexon BMRS FUELHH
2022-03-26T08:30:00Z,Hydro,379.000,Elexon BMRS FUELHH
2022-03-26T08:30:00Z,Imports & Exports,4482.000,Elexon BMRS FUELHH
2022-03-26T08:30:00Z,Nuclear,5111.000,Elexon BMRS FUELHH
2022-03-26T08:30:00Z,Other,152.000,Elexon BMRS FUELHH
2022-03-26T08:30:00Z,Pumped Storage,238.000,Elexon BMRS FUELHH
2022-03-26T08:30:00Z,Wind,777.000,Elexon BMRS FUELHH
2022-03-26T09:00:00Z,Biomass,951.000,Elexon BMRS FUELHH
2022-03-26T09:00:00Z,Coal,1349.000,Elexon BMRS FUELHH
2022-03-26T09:00:00Z,Gas,12225.000,Elexon BMRS FUELHH
2022-03-26T09:00:00Z,Hydro,297.000,Elexon BMRS FUELHH
2022-03-26T09:00:00Z,Imports & Exports,4176.000,Elexon BMRS FUELHH
2022-03-26T09:00:00Z,Nuclear,5106.000,Elexon BMRS FUELHH
2022-03-26T09:00:00Z,Other,138.000,Elexon BMRS FUELHH
2022-03-26T09:00:00Z,Pumped Storage,92.000,Elexon BMRS FUELHH
2022-03-26T09:00:00Z,Wind,872.000,Elexon BMRS FUELHH
2022-03-26T09:30:00Z,Biomass,947.000,Elexon BMRS FUELHH
2022-03-26T09:30:00Z,Coal,1346.000,Elexon BMRS FUELHH
2022-03-26T09:30:00Z,Gas,11919.000,Elexon BMRS FUELHH
2022-03-26T09:30:00Z,Hydro,293.000,Elexon BMRS FUELHH
2022-03-26T09:30:00Z,Imports & Exports,4118.000,Elexon BMRS FUELHH
2022-03-26T09:30:00Z,Nuclear,5111.000,Elexon BMRS FUELHH
2022-03-26T09:30:00Z,Other,117.000,Elexon BMRS FUELHH
2022-03-26T09:30:00Z,Pumped Storage,-12.000,Elexon BMRS FUELHH
2022-03-26T09:30:00Z,Wind,884.000,Elexon BMRS FUELHH
2022-03-26T10:00:00Z,Biomass,941.000,Elexon BMRS FUELHH
2022-03-26T10:00:00Z,Coal,1204.000,Elexon BMRS FUELHH
2022-03-26T10:00:00Z,Gas,11215.000,Elexon BMRS FUELHH
2022-03-26T10:00:00Z,Hydro,237.000,Elexon BMRS FUELHH
2022-03-26T10:00:00Z,Imports & Exports,4162.000,Elexon BMRS FUELHH
2022-03-26T10:00:00Z,Nuclear,5111.000,Elexon BMRS FUELHH
2022-03-26T10:00:00Z,Other,111.000,Elexon BMRS FUELHH
2022-03-26T10:00:00Z,Pumped Storage,-114.000,Elexon BMRS FUELHH
2022-03-26T10:00:00Z,Wind,985.000,Elexon BMRS FUELHH
2022-03-26T10:30:00Z,Biomass,948.000,Elexon BMRS FUELHH
2022-03-26T10:30:00Z,Coal,1173.000,Elexon BMRS FUELHH
2022-03-26T10:30:00Z,Gas,10463.000,Elexon BMRS FUELHH
2022-03-26T10:30:00Z,Hydro,209.000,Elexon BMRS FUELHH
2022-03-26T10:30:00Z,Imports & Exports,4148.000,Elexon BMRS FUELHH
2022-03-26T10:30:00Z,Nuclear,5113.000,Elexon BMRS FUELHH
2022-03-26T10:30:00Z,Other,104.000,Elexon BMRS FUELHH
2022-03-26T10:30:00Z,Pumped Storage,-108.000,Elexon BMRS FUELHH
2022-03-26T10:30:00Z,Wind,1154.000,Elexon BMRS FUELHH
2022-03-26T11:00:00Z,Biomass,947.000,Elexon BMRS FUELHH
2022-03-26T11:00:00Z,Coal,1315.000,Elexon BMRS FUELHH
2022-03-26T11:00:00Z,Gas,10363.000,Elexon BMRS FUELHH
2022-03-26T11:00:00Z,Hydro,184.000,Elexon BMRS FUELHH
2022-03-26T11:00:00Z,Imports & Exports,3724.000,Elexon BMRS FUELHH
2022-03-26T11:00:00Z,Nuclear,5114.000,Elexon BMRS FUELHH
2022-03-26T11:00:00Z,Other,102.000,Elexon BMRS FUELHH
2022-03-26T11:00:00Z,Pumped Storage,-378.000,Elexon BMRS FUELHH
2022-03-26T11:00:00Z,Wind,1198.000,Elexon BMRS FUELHH
2022-03-26T11:30:00Z,Biomass,948.000,Elexon BMRS FUELHH
2022-03-26T11:30:00Z,Coal,1299.000,Elexon BMRS FUELHH
2022-03-26T11:30:00Z,Gas,9951.000,Elexon BMRS FUELHH
2022-03-26T11:30:00Z,Hydro,184.000,Elexon BMRS FUELHH
2022-03-26T11:30:00Z,Imports & Exports,3696.000,Elexon BMRS FUELHH
2022-03-26T11:30:00Z,Nuclear,5110.000,Elexon BMRS FUELHH
2022-03-26T11:30:00Z,Other,104.000,Elexon BMRS FUELHH
2022-03-26T11:30:00Z,Pumped Storage,-374.000,Elexon BMRS FUELHH
2022-03-26T11:30:00Z,Wind,1156.000,Elexon BMRS FUELHH
2022-03-26T12:00:00Z,Biomass,947.000,Elexon BMRS FUELHH
2022-03-26T12:00:00Z,Coal,1131.000,Elexon BMRS FUELHH
2022-03-26T12:00:00Z,Gas,10118.000,Elexon BMRS FUELHH
2022-03-26T12:00:00Z,Hydro,195.000,Elexon BMRS FUELHH
2022-03-26T12:00:00Z,Imports & Exports,3542.000,Elexon BMRS FUELHH
2022-03-26T12:00:00Z,Nuclear,5095.000,Elexon BMRS FUELHH
2022-03-26T12:00:00Z,Other,102.000,Elexon BMRS FUELHH
2022-03-26T12:00:00Z,Pumped Storage,-404.000,Elexon BMRS FUELHH
2022-03-26T12:00:00Z,Wind,1173.000,Elexon BMRS FUELHH
2022-03-26T12:30:00Z,Biomass,945.000,Elexon BMRS FUELHH
2022-03-26T12:30:00Z,Coal,937.000,Elexon BMRS FUELHH
2022-03-26T12:30:00Z,Gas,10063.000,Elexon BMRS FUELHH
2022-03-26T12:30:00Z,Hydro,197.000,Elexon BMRS FUELHH
2022-03-26T12:30:00Z,Imports & Exports,3560.000,Elexon BMRS FUELHH
2022-03-26T12:30:00Z,Nuclear,4950.000,Elexon BMRS FUELHH
2022-03-26T12:30:00Z,Other,103.000,Elexon BMRS FUELHH
2022-03-26T12:30:00Z,Pumped Storage,-404.000,Elexon BMRS FUELHH
2022-03-26T12:30:00Z,Wind,1177.000,Elexon BMRS FUELHH
2022-03-26T13:00:00Z,Biomass,839.000,Elexon BMRS FUELHH
2022-03-26T13:00:00Z,Coal,723.000,Elexon BMRS FUELHH
2022-03-26T13:00:00Z,Gas,9532.000,Elexon BMRS FUELHH
2022-03-26T13:00:00Z,Hydro,196.000,Elexon BMRS FUELHH
2022-03-26T13:00:00Z,Imports & Exports,4248.000,Elexon BMRS FUELHH
2022-03-26T13:00:00Z,Nuclear,4898.000,Elexon BMRS FUELHH
2022-03-26T13:00:00Z,Other,106.000,Elexon BMRS FUELHH
2022-03-26T13:00:00Z,Pumped Storage,-348.000,Elexon BMRS FUELHH
2022-03-26T13:00:00Z,Wind,1131.000,Elexon BMRS FUELHH
2022-03-26T13:30:00Z,Biomass,695.000,Elexon BMRS FUELHH
2022-03-26T13:30:00Z,Coal,699.000,Elexon BMRS FUELHH
2022-03-26T13:30:00Z,Gas,9512.000,Elexon BMRS FUELHH
2022-03-26T13:30:00Z,Hydro,201.000,Elexon BMRS FUELHH
2022-03-26T13:30:00Z,Imports & Exports,4282.000,Elexon BMRS FUELHH
2022-03-26T13:30:00Z,Nuclear,4897.000,Elexon BMRS FUELHH
2022-03-26T13:30:00Z,Other,105.000,Elexon BMRS FUELHH
2022-03-26T13:30:00Z,Pumped Storage,-344.000,Elexon BMRS FUELHH
2022-03-26T13:30:00Z,Wind,1075.000,Elexon BMRS FUELHH
2022-03-26T14:00:00Z,Biomass,808.000,Elexon BMRS FUELHH
2022-03-26T14:00:00Z,Coal,716.000,Elexon BMRS FUELHH
2022-03-26T14:00:00Z,Gas,9444.000,Elexon BMRS FUELHH
2022-03-26T14:00:00Z,Hydro,225.000,Elexon BMRS FUELHH
2022-03-26T14:00:00Z,Imports & Exports,4282.000,Elexon BMRS FUELHH
2022-03-26T14:00:00Z,Nuclear,4893.000,Elexon BMRS FUELHH
2022-03-26T14:00:00Z,Other,110.000,Elexon BMRS FUELHH
2022-03-26T14:00:00Z,Pumped Storage,-374.000,Elexon BMRS FUELHH
2022-03-26T14:00:00Z,Wind,1087.000,Elexon BMRS FUELHH
2022-03-26T14:30:00Z,Biomass,883.000,Elexon BMRS FUELHH
2022-03-26T14:30:00Z,Coal,706.000,Elexon BMRS FUELHH
2022-03-26T14:30:00Z,Gas,9554.000,Elexon BMRS FUELHH
2022-03-26T14:30:00Z,Hydro,225.000,Elexon BMRS FUELHH
2022-03-26T14:30:00Z,Imports & Exports,4274.000,Elexon BMRS FUELHH
2022-03-26T14:30:00Z,Nuclear,4892.000,Elexon BMRS FUELHH
2022-03-26T14:30:00Z,Other,108.000,Elexon BMRS FUELHH
2022-03-26T14:30:00Z,Pumped Storage,-374.000,Elexon BMRS FUELHH
2022-03-26T14:30:00Z,Wind,1213.000,Elexon BMRS FUELHH
2022-03-26T15:00:00Z,Biomass,748.000,Elexon BMRS FUELHH
2022-03-26T15:00:00Z,Coal,703.000,Elexon BMRS FUELHH
2022-03-26T15:00:00Z,Gas,10579.000,Elexon BMRS FUELHH
2022-03-26T15:00:00Z,Hydro,226.000,Elexon BMRS FUELHH
2022-03-26T15:00:00Z,Imports & Exports,4076.000,Elexon BMRS FUELHH
2022-03-26T15:00:00Z,Nuclear,4883.000,Elexon BMRS FUELHH
2022-03-26T15:00:00Z,Other,110.000,Elexon BMRS FUELHH
2022-03-26T15:00:00Z,Pumped Storage,-402.000,Elexon BMRS FUELHH
2022-03-26T15:00:00Z,Wind,1352.000,Elexon BMRS FUELHH
2022-03-26T15:30:00Z,Biomass,759.000,Elexon BMRS FUELHH
2022-03-26T15:30:00Z,Coal,716.000,Elexon BMRS FUELHH
2022-03-26T15:30:00Z,Gas,11630.000,Elexon BMRS FUELHH
2022-03-26T15:30:00Z,Hydro,234.000,Elexon BMRS FUELHH
2022-03-26T15:30:00Z,Imports & Exports,4034.000,Elexon BMRS FUELHH
2022-03-26T15:30:00Z,Nuclear,4885.000,Elexon BMRS FUELHH
2022-03-26T15:30:00Z,Other,107.000,Elexon BMRS FUELHH
2022-03-26T15:30:00Z,Pumped Storage,-354.000,Elexon BMRS FUELHH
2022-03-26T15:30:00Z,Wind,1425.000,Elexon BMRS FUELHH
2022-03-26T16:00:00Z,Biomass,910.000,Elexon BMRS FUELHH
2022-03-26T16:00:00Z,Coal,1032.000,Elexon BMRS FUELHH
2022-03-26T16:00:00Z,Gas,13038.000,Elexon BMRS FUELHH
2022-03-26T16:00:00Z,Hydro,307.000,Elexon BMRS FUELHH
2022-03-26T16:00:00Z,Imports & Exports,2964.000,Elexon BMRS FUELHH
2022-03-26T16:00:00Z,Nuclear,4883.000,Elexon BMRS FUELHH
2022-03-26T16:00:00Z,Other,110.000,Elexon BMRS FUELHH
2022-03-26T16:00:00Z,Pumped Storage,-118.000,Elexon BMRS FUELHH
2022-03-26T16:00:00Z,Wind,1658.000,Elexon BMRS FUELHH
2022-03-26T16:30:00Z,Biomass,924.000,Elexon BMRS FUELHH
2022-03-26T16:30:00Z,Coal,1344.000,Elexon BMRS FUELHH
2022-03-26T16:30:00Z,Gas,14548.000,Elexon BMRS FUELHH
2022-03-26T16:30:00Z,Hydro,342.000,Elexon BMRS FUELHH
2022-03-26T16:30:00Z,Imports & Exports,2934.000,Elexon BMRS FUELHH
2022-03-26T16:30:00Z,Nuclear,4888.000,Elexon BMRS FUELHH
2022-03-26T16:30:00Z,Other,115.000,Elexon BMRS FUELHH
2022-03-26T16:30:00Z,Pumped Storage,-94.000,Elexon BMRS FUELHH
2022-03-26T16:30:00Z,Wind,1876.000,Elexon BMRS FUELHH
2022-03-26T17:00:00Z,Biomass,940.000,Elexon BMRS FUELHH
2022-03-26T17:00:00Z,Coal,1327.000,Elexon BMRS FUELHH
2022-03-26T17:00:00Z,Gas,15428.000,Elexon BMRS FUELHH
2022-03-26T17:00:00Z,Hydro,541.000,Elexon BMRS FUELHH
2022-03-26T17:00:00Z,Imports & Exports,3582.000,Elexon BMRS FUELHH
2022-03-26T17:00:00Z,Nuclear,4896.000,Elexon BMRS FUELHH
2022-03-26T17:00:00Z,Other,129.000,Elexon BMRS FUELHH
2022-03-26T17:00:00Z,Pumped Storage,-54.000,Elexon BMRS FUELHH
2022-03-26T17:00:00Z,Wind,2136.000,Elexon BMRS FUELHH
2022-03-26T17:30:00Z,Biomass,947.000,Elexon BMRS FUELHH
2022-03-26T17:30:00Z,Coal,1329.000,Elexon BMRS FUELHH
2022-03-26T17:30:00Z,Gas,16099.000,Elexon BMRS FUELHH
2022-03-26T17:30:00Z,Hydro,506.000,Elexon BMRS FUELHH
2022-03-26T17:30:00Z,Imports & Exports,3764.000,Elexon BMRS FUELHH
2022-03-26T17:30:00Z,Nuclear,4996.000,Elexon BMRS FUELHH
2022-03-26T17:30:00Z,Other,197.000,Elexon BMRS FUELHH
2022-03-26T17:30:00Z,Pumped Storage,52.000,Elexon BMRS FUELHH
2022-03-26T17:30:00Z,Wind,2353.000,Elexon BMRS FUELHH
2022-03-26T18:00:00Z,Biomass,824.000,Elexon BMRS FUELHH
2022-03-26T18:00:00Z,Coal,1344.000,Elexon BMRS FUELHH
2022-03-26T18:00:00Z,Gas,15728.000,Elexon BMRS FUELHH
2022-03-26T18:00:00Z,Hydro,506.000,Elexon BMRS FUELHH
2022-03-26T18:00:00Z,Imports & Exports,4382.000,Elexon BMRS FUELHH
2022-03-26T18:00:00Z,Nuclear,5021.000,Elexon BMRS FUELHH
2022-03-26T18:00:00Z,Other,268.000,Elexon BMRS FUELHH
2022-03-26T18:00:00Z,Pumped Storage,682.000,Elexon BMRS FUELHH
2022-03-26T18:00:00Z,Wind,2474.000,Elexon BMRS FUELHH
2022-03-26T18:30:00Z,Biomass,903.000,Elexon BMRS FUELHH
2022-03-26T18:30:00Z,Coal,1346.000,Elexon BMRS FUELHH
2022-03-26T18:30:00Z,Gas,16051.000,Elexon BMRS FUELHH
2022-03-26T18:30:00Z,Hydro,589.000,Elexon BMRS FUELHH
2022-03-26T18:30:00Z,Imports & Exports,4416.000,Elexon BMRS FUELHH
2022-03-26T18:30:00Z,Nuclear,5020.000,Elexon BMRS FUELHH
2022-03-26T18:30:00Z,Other,436.000,Elexon BMRS FUELHH
2022-03-26T18:30:00Z,Pumped Storage,1090.000,Elexon BMRS FUELHH
2022-03-26T18:30:00Z,Wind,2533.000,Elexon BMRS FUELHH
2022-03-26T19:00:00Z,Biomass,908.000,Elexon BMRS FUELHH
2022-03-26T19:00:00Z,Coal,1216.000,Elexon BMRS FUELHH
2022-03-26T19:00:00Z,Gas,16359.000,Elexon BMRS FUELHH
2022-03-26T19:00:00Z,Hydro,549.000,Elexon BMRS FUELHH
2022-03-26T19:00:00Z,Imports & Exports,4312.000,Elexon BMRS FUELHH
2022-03-26T19:00:00Z,Nuclear,5020.000,Elexon BMRS FUELHH
2022-03-26T19:00:00Z,Other,446.000,Elexon BMRS FUELHH
2022-03-26T19:00:00Z,Pumped Storage,1042.000,Elexon BMRS FUELHH
2022-03-26T19:00:00Z,Wind,2656.000,Elexon BMRS FUELHH
2022-03-26T19:30:00Z,Biomass,959.000,Elexon BMRS FUELHH
2022-03-26T19:30:00Z,Coal,1144.000,Elexon BMRS FUELHH
2022-03-26T19:30:00Z,Gas,16208.000,Elexon BMRS FUELHH
2022-03-26T19:30:00Z,Hydro,440.000,Elexon BMRS FUELHH
2022-03-26T19:30:00Z,Imports & Exports,4280.000,Elexon BMRS FUELHH
2022-03-26T19:30:00Z,Nuclear,5025.000,Elexon BMRS FUELHH
2022-03-26T19:30:00Z,Other,216.000,Elexon BMRS FUELHH
2022-03-26T19:30:00Z,Pumped Storage,780.000,Elexon BMRS FUELHH
2022-03-26T19:30:00Z,Wind,2703.000,Elexon BMRS FUELHH
2022-03-26T20:00:00Z,Biomass,966.000,Elexon BMRS FUELHH
2022-03-26T20:00:00Z,Coal,1322.000,Elexon BMRS FUELHH
2022-03-26T20:00:00Z,Gas,16506.000,Elexon BMRS FUELHH
2022-03-26T20:00:00Z,Hydro,391.000,Elexon BMRS FUELHH
2022-03-26T20:00:00Z,Imports & Exports,3718.000,Elexon BMRS FUELHH
2022-03-26T20:00:00Z,Nuclear,5024.000,Elexon BMRS FUELHH
2022-03-26T20:00:00Z,Other,128.000,Elexon BMRS FUELHH
2022-03-26T20:00:00Z,Pumped Storage,200.000,Elexon BMRS FUELHH
2022-03-26T20:00:00Z,Wind,2645.000,Elexon BMRS FUELHH
2022-03-26T20:30:00Z,Biomass,967.000,Elexon BMRS FUELHH
2022-03-26T20:30:00Z,Coal,1172.000,Elexon BMRS FUELHH
2022-03-26T20:30:00Z,Gas,15909.000,Elexon BMRS FUELHH
2022-03-26T20:30:00Z,Hydro,277.000,Elexon BMRS FUELHH
2022-03-26T20:30:00Z,Imports & Exports,3644.000,Elexon BMRS FUELHH
2022-03-26T20:30:00Z,Nuclear,5026.000,Elexon BMRS FUELHH
2022-03-26T20:30:00Z,Other,110.000,Elexon BMRS FUELHH
2022-03-26T20:30:00Z,Pumped Storage,-16.000,Elexon BMRS FUELHH
2022-03-26T20:30:00Z,Wind,2904.000,Elexon BMRS FUELHH
2022-03-26T21:00:00Z,Biomass,967.000,Elexon BMRS FUELHH
2022-03-26T21:00:00Z,Coal,923.000,Elexon BMRS FUELHH
2022-03-26T21:00:00Z,Gas,16098.000,Elexon BMRS FUELHH
2022-03-26T21:00:00Z,Hydro,236.000,Elexon BMRS FUELHH
2022-03-26T21:00:00Z,Imports & Exports,2480.000,Elexon BMRS FUELHH
2022-03-26T21:00:00Z,Nuclear,5023.000,Elexon BMRS FUELHH
2022-03-26T21:00:00Z,Other,112.000,Elexon BMRS FUELHH
2022-03-26T21:00:00Z,Pumped Storage,-14.000,Elexon BMRS FUELHH
2022-03-26T21:00:00Z,Wind,2982.000,Elexon BMRS FUELHH
2022-03-26T21:30:00Z,Biomass,967.000,Elexon BMRS FUELHH
2022-03-26T21:30:00Z,Coal,505.000,Elexon BMRS FUELHH
2022-03-26T21:30:00Z,Gas,15641.000,Elexon BMRS FUELHH
2022-03-26T21:30:00Z,Hydro,226.000,Elexon BMRS FUELHH
2022-03-26T21:30:00Z,Imports & Exports,2448.000,Elexon BMRS FUELHH
2022-03-26T21:30:00Z,Nuclear,5007.000,Elexon BMRS FUELHH
2022-03-26T21:30:00Z,Other,111.000,Elexon BMRS FUELHH
2022-03-26T21:30:00Z,Pumped Storage,56.000,Elexon BMRS FUELHH
2022-03-26T21:30:00Z,Wind,2894.000,Elexon BMRS FUELHH
2022-03-26T22:00:00Z,Biomass,968.000,Elexon BMRS FUELHH
2022-03-26T22:00:00Z,Coal,220.000,Elexon BMRS FUELHH
2022-03-26T22:00:00Z,Gas,14955.000,Elexon BMRS FUELHH
2022-03-26T22:00:00Z,Hydro,222.000,Elexon BMRS FUELHH
2022-03-26T22:00:00Z,Imports & Exports,2444.000,Elexon BMRS FUELHH
2022-03-26T22:00:00Z,Nuclear,4902.000,Elexon BMRS FUELHH
2022-03-26T22:00:00Z,Other,112.000,Elexon BMRS FUELHH
2022-03-26T22:00:00Z,Pumped Storage,36.000,Elexon BMRS FUELHH
2022-03-26T22:00:00Z,Wind,2717.000,Elexon BMRS FUELHH
2022-03-26T22:30:00Z,Biomass,986.000,Elexon BMRS FUELHH
2022-03-26T22:30:00Z,Coal,2.000,Elexon BMRS FUELHH
2022-03-26T22:30:00Z,Gas,14017.000,Elexon BMRS FUELHH
2022-03-26T22:30:00Z,Hydro,211.000,Elexon BMRS FUELHH
2022-03-26T22:30:00Z,Imports & Exports,2530.000,Elexon BMRS FUELHH
2022-03-26T22:30:00Z,Nuclear,4876.000,Elexon BMRS FUELHH
2022-03-26T22:30:00Z,Other,125.000,Elexon BMRS FUELHH
2022-03-26T22:30:00Z,Pumped Storage,102.000,Elexon BMRS FUELHH
2022-03-26T22:30:00Z,Wind,2448.000,Elexon BMRS FUELHH
2022-03-26T23:00:00Z,Biomass,911.000,Elexon BMRS FUELHH
2022-03-26T23:00:00Z,Coal,0.000,Elexon BMRS FUELHH
2022-03-26T23:00:00Z,Gas,11757.000,Elexon BMRS FUELHH
2022-03-26T23:00:00Z,Hydro,178.000,Elexon BMRS FUELHH
2022-03-26T23:00:00Z,Imports & Exports,3896.000,Elexon BMRS FUELHH
2022-03-26T23:00:00Z,Nuclear,4873.000,Elexon BMRS FUELHH
2022-03-26T23:00:00Z,Other,103.000,Elexon BMRS FUELHH
2022-03-26T23:00:00Z,Pumped Storage,142.000,Elexon BMRS FUELHH
2022-03-26T23:00:00Z,Wind,2080.000,Elexon BMRS FUELHH
2022-03-26T23:30:00Z,Biomass,838.000,Elexon BMRS FUELHH
2022-03-26T23:30:00Z,Coal,0.000,Elexon BMRS FUELHH
2022-03-26T23:30:00Z,Gas,11386.000,Elexon BMRS FUELHH
2022-03-26T23:30:00Z,Hydro,178.000,Elexon BMRS FUELHH
2022-03-26T23:30:00Z,Imports & Exports,3944.000,Elexon BMRS FUELHH
2022-03-26T23:30:00Z,Nuclear,4895.000,Elexon BMRS FUELHH
2022-03-26T23:30:00Z,Other,101.000,Elexon BMRS FUELHH
2022-03-26T23:30:00Z,Pumped Storage,142.000,Elexon BMRS FUELHH
2022-03-26T23:30:00Z,Wind,2002.000,Elexon BMRS FUELHH
2022-03-27T00:00:00Z,Biomass,945.000,Elexon BMRS FUELHH
2022-03-27T00:00:00Z,Coal,0.000,Elexon BMRS FUELHH
2022-03-27T00:00:00Z,Gas,10884.000,Elexon BMRS FUELHH
2022-03-27T00:00:00Z,Hydro,162.000,Elexon BMRS FUELHH
2022-03-27T00:00:00Z,Imports & Exports,4152.000,Elexon BMRS FUELHH
2022-03-27T00:00:00Z,Nuclear,5040.000,Elexon BMRS FUELHH
2022-03-27T00:00:00Z,Other,101.000,Elexon BMRS FUELHH
2022-03-27T00:00:00Z,Pumped Storage,-106.000,Elexon BMRS FUELHH
2022-03-27T00:00:00Z,Wind,1985.000,Elexon BMRS FUELHH
2022-03-27T00:30:00Z,Biomass,913.000,Elexon BMRS FUELHH
2022-03-27T00:30:00Z,Coal,0.000,Elexon BMRS FUELHH
2022-03-27T00:30:00Z,Gas,10981.000,Elexon BMRS FUELHH
2022-03-27T00:30:00Z,Hydro,162.000,Elexon BMRS FUELHH
2022-03-27T00:30:00Z,Imports & Exports,4316.000,Elexon BMRS FUELHH
2022-03-27T00:30:00Z,Nuclear,5091.000,Elexon BMRS FUELHH
2022-03-27T00:30:00Z,Other,102.000,Elexon BMRS FUELHH
2022-03-27T00:30:00Z,Pumped Storage,-18.000,Elexon BMRS FUELHH
2022-03-27T00:30:00Z,Wind,1730.000,Elexon BMRS FUELHH
2022-03-27T01:00:00Z,Biomass,730.000,Elexon BMRS FUELHH
2022-03-27T01:00:00Z,Coal,0.000,Elexon BMRS FUELHH
2022-03-27T01:00:00Z,Gas,10866.000,Elexon BMRS FUELHH
2022-03-27T01:00:00Z,Hydro,44.000,Elexon BMRS FUELHH
2022-03-27T01:00:00Z,Imports & Exports,3762.000,Elexon BMRS FUELHH
2022-03-27T01:00:00Z,Nuclear,5093.000,Elexon BMRS FUELHH
2022-03-27T01:00:00Z,Other,91.000,Elexon BMRS FUELHH
2022-03-27T01:00:00Z,Pumped Storage,-490.000,Elexon BMRS FUELHH
2022-03-27T01:00:00Z,Wind,1574.000,Elexon BMRS FUELHH
2022-03-27T01:30:00Z,Biomass,688.000,Elexon BMRS FUELHH
2022-03-27T01:30:00Z,Coal,0.000,Elexon BMRS FUELHH
2022-03-27T01:30:00Z,Gas,10709.000,Elexon BMRS FUELHH
2022-03-27T01:30:00Z,Hydro,84.000,Elexon BMRS FUELHH
2022-03-27T01:30:00Z,Imports & Exports,3100.000,Elexon BMRS FUELHH
2022-03-27T01:30:00Z,Nuclear,5093.000,Elexon BMRS FUELHH
2022-03-27T01:30:00Z,Other,99.000,Elexon BMRS FUELHH
2022-03-27T01:30:00Z,Pumped Storage,-874.000,Elexon BMRS FUELHH
2022-03-27T01:30:00Z,Wind,1558.000,Elexon BMRS FUELHH
2022-03-27T02:00:00Z,Biomass,695.000,Elexon BMRS FUELHH
2022-03-27T02:00:00Z,Coal,0.000,Elexon BMRS FUELHH
2022-03-27T02:00:00Z,Gas,10640.000,Elexon BMRS FUELHH
2022-03-27T02:00:00Z,Hydro,112.000,Elexon BMRS FUELHH
2022-03-27T02:00:00Z,Imports & Exports,4126.000,Elexon BMRS FUELHH
2022-03-27T02:00:00Z,Nuclear,5088.000,Elexon BMRS FUELHH
2022-03-27T02:00:00Z,Other,136.000,Elexon BMRS FUELHH
2022-03-27T02:00:00Z,Pumped Storage,-894.000,Elexon BMRS FUELHH
2022-03-27T02:00:00Z,Wind,1580.000,Elexon BMRS FUELHH
2022-03-27T02:30:00Z,Biomass,696.000,Elexon BMRS FUELHH
2022-03-27T02:30:00Z,Coal,0.000,Elexon BMRS FUELHH
2022-03-27T02:30:00Z,Gas,10604.000,Elexon BMRS FUELHH
2022-03-27T02:30:00Z,Hydro,114.000,Elexon BMRS FUELHH
2022-03-27T02:30:00Z,Imports & Exports,4104.000,Elexon BMRS FUELHH
2022-03-27T02:30:00Z,Nuclear,5084.000,Elexon BMRS FUELHH
2022-03-27T02:30:00Z,Other,107.000,Elexon BMRS FUELHH
2022-03-27T02:30:00Z,Pumped Storage,-1016.000,Elexon BMRS FUELHH
2022-03-27T02:30:00Z,Wind,1476.000,Elexon BMRS FUELHH
2022-03-27T03:00:00Z,Biomass,772.000,Elexon BMRS FUELHH
2022-03-27T03:00:00Z,Coal,0.000,Elexon BMRS FUELHH
2022-03-27T03:00:00Z,Gas,10712.000,Elexon BMRS FUELHH
2022-03-27T03:00:00Z,Hydro,113.000,Elexon BMRS FUELHH
2022-03-27T03:00:00Z,Imports & Exports,3810.000,Elexon BMRS FUELHH
2022-03-27T03:00:00Z,Nuclear,5091.000,Elexon BMRS FUELHH
2022-03-27T03:00:00Z,Other,103.000,Elexon BMRS FUELHH
2022-03-27T03:00:00Z,Pumped Storage,-1262.000,Elexon BMRS FUELHH
2022-03-27T03:00:00Z,Wind,1455.000,Elexon BMRS FUELHH
2022-03-27T03:30:00Z,Biomass,848.000,Elexon BMRS FUELHH
2022-03-27T03:30:00Z,Coal,0.000,Elexon BMRS FUELHH
2022-03-27T03:30:00Z,Gas,10544.000,Elexon BMRS FUELHH
2022-03-27T03:30:00Z,Hydro,111.000,Elexon BMRS FUELHH
2022-03-27T03:30:00Z,Imports & Exports,3804.000,Elexon BMRS FUELHH
2022-03-27T03:30:00Z,Nuclear,5097.000,Elexon BMRS FUELHH
2022-03-27T03:30:00Z,Other,103.000,Elexon BMRS FUELHH
2022-03-27T03:30:00Z,Pumped Storage,-1428.000,Elexon BMRS FUELHH
2022-03-27T03:30:00Z,Wind,1510.000,Elexon BMRS FUELHH
2022-03-27T04:00:00Z,Biomass,937.000,Elexon BMRS FUELHH
2022-03-27T04:00:00Z,Coal,0.000,Elexon BMRS FUELHH
2022-03-27T04:00:00Z,Gas,10757.000,Elexon BMRS FUELHH
2022-03-27T04:00:00Z,Hydro,111.000,Elexon BMRS FUELHH
2022-03-27T04:00:00Z,Imports & Exports,3504.000,Elexon BMRS FUELHH
2022-03-27T04:00:00Z,Nuclear,5093.000,Elexon BMRS FUELHH
2022-03-27T04:00:00Z,Other,108.000,Elexon BMRS FUELHH
2022-03-27T04:00:00Z,Pumped Storage,-1458.000,Elexon BMRS FUELHH
2022-03-27T04:00:00Z,Wind,1525.000,Elexon BMRS FUELHH
2022-03-27T04:30:00Z,Biomass,858.000,Elexon BMRS FUELHH
2022-03-27T04:30:00Z,Coal,0.000,Elexon BMRS FUELHH
2022-03-27T04:30:00Z,Gas,10709.000,Elexon BMRS FUELHH
2022-03-27T04:30:00Z,Hydro,111.000,Elexon BMRS FUELHH
2022-03-27T04:30:00Z,Imports & Exports,3594.000,Elexon BMRS FUELHH
2022-03-27T04:30:00Z,Nuclear,5098.000,Elexon BMRS FUELHH
2022-03-27T04:30:00Z,Other,103.000,Elexon BMRS FUELHH
2022-03-27T04:30:00Z,Pumped Storage,-1284.000,Elexon BMRS FUELHH
2022-03-27T04:30:00Z,Wind,1525.000,Elexon BMRS FUELHH
2022-03-27T05:00:00Z,Biomass,944.000,Elexon BMRS FUELHH
2022-03-27T05:00:00Z,Coal,0.000,Elexon BMRS FUELHH
2022-03-27T05:00:00Z,Gas,11097.000,Elexon BMRS FUELHH
2022-03-27T05:00:00Z,Hydro,183.000,Elexon BMRS FUELHH
2022-03-27T05:00:00Z,Imports & Exports,3040.000,Elexon BMRS FUELHH
2022-03-27T05:00:00Z,Nuclear,5098.000,Elexon BMRS FUELHH
2022-03-27T05:00:00Z,Other,109.000,Elexon BMRS FUELHH
2022-03-27T05:00:00Z,Pumped Storage,-534.000,Elexon BMRS FUELHH
2022-03-27T05:00:00Z,Wind,1442.000,Elexon BMRS FUELHH
2022-03-27T05:30:00Z,Biomass,931.000,Elexon BMRS FUELHH
2022-03-27T05:30:00Z,Coal,127.000,Elexon BMRS FUELHH
2022-03-27T05:30:00Z,Gas,11268.000,Elexon BMRS FUELHH
2022-03-27T05:30:00Z,Hydro,197.000,Elexon BMRS FUELHH
2022-03-27T05:30:00Z,Imports & Exports,3018.000,Elexon BMRS FUELHH
2022-03-27T05:30:00Z,Nuclear,5099.000,Elexon BMRS FUELHH
2022-03-27T05:30:00Z,Other,101.000,Elexon BMRS FUELHH
2022-03-27T05:30:00Z,Pumped Storage,-514.000,Elexon BMRS FUELHH
2022-03-27T05:30:00Z,Wind,1280.000,Elexon BMRS FUELHH
2022-03-27T06:00:00Z,Biomass,821.000,Elexon BMRS FUELHH
2022-03-27T06:00:00Z,Coal,529.000,Elexon BMRS FUELHH
2022-03-27T06:00:00Z,Gas,11612.000,Elexon BMRS FUELHH
2022-03-27T06:00:00Z,Hydro,166.000,Elexon BMRS FUELHH
2022-03-27T06:00:00Z,Imports & Exports,3252.000,Elexon BMRS FUELHH
2022-03-27T06:00:00Z,Nuclear,5098.000,Elexon BMRS FUELHH
2022-03-27T06:00:00Z,Other,113.000,Elexon BMRS FUELHH
2022-03-27T06:00:00Z,Pumped Storage,-164.000,Elexon BMRS FUELHH
2022-03-27T06:00:00Z,Wind,1186.000,Elexon BMRS FUELHH
2022-03-27T06:30:00Z,Biomass,790.000,Elexon BMRS FUELHH
2022-03-27T06:30:00Z,Coal,822.000,Elexon BMRS FUELHH
2022-03-27T06:30:00Z,Gas,12053.000,Elexon BMRS FUELHH
2022-03-27T06:30:00Z,Hydro,167.000,Elexon BMRS FUELHH
2022-03-27T06:30:00Z,Imports & Exports,3282.000,Elexon BMRS FUELHH
2022-03-27T06:30:00Z,Nuclear,5098.000,Elexon BMRS FUELHH
2022-03-27T06:30:00Z,Other,105.000,Elexon BMRS FUELHH
2022-03-27T06:30:00Z,Pumped Storage,-136.000,Elexon BMRS FUELHH
2022-03-27T06:30:00Z,Wind,1204.000,Elexon BMRS FUELHH
2022-03-27T07:00:00Z,Biomass,782.000,Elexon BMRS FUELHH
2022-03-27T07:00:00Z,Coal,1020.000,Elexon BMRS FUELHH
2022-03-27T07:00:00Z,Gas,12130.000,Elexon BMRS FUELHH
2022-03-27T07:00:00Z,Hydro,189.000,Elexon BMRS FUELHH
2022-03-27T07:00:00Z,Imports & Exports,3610.000,Elexon BMRS FUELHH
2022-03-27T07:00:00Z,Nuclear,5092.000,Elexon BMRS FUELHH
2022-03-27T07:00:00Z,Other,117.000,Elexon BMRS FUELHH
2022-03-27T07:00:00Z,Pumped Storage,104.000,Elexon BMRS FUELHH
2022-03-27T07:00:00Z,Wind,1212.000,Elexon BMRS FUELHH
2022-03-27T07:30:00Z,Biomass,932.000,Elexon BMRS FUELHH
2022-03-27T07:30:00Z,Coal,1278.000,Elexon BMRS FUELHH
2022-03-27T07:30:00Z,Gas,12417.000,Elexon BMRS FUELHH
2022-03-27T07:30:00Z,Hydro,253.000,Elexon BMRS FUELHH
2022-03-27T07:30:00Z,Imports & Exports,3552.000,Elexon BMRS FUELHH
2022-03-27T07:30:00Z,Nuclear,5077.000,Elexon BMRS FUELHH
2022-03-27T07:30:00Z,Other,126.000,Elexon BMRS FUELHH
2022-03-27T07:30:00Z,Pumped Storage,54.000,Elexon BMRS FUELHH
2022-03-27T07:30:00Z,Wind,1170.000,Elexon BMRS FUELHH
2022-03-27T08:00:00Z,Biomass,947.000,Elexon BMRS FUELHH
2022-03-27T08:00:00Z,Coal,1348.000,Elexon BMRS FUELHH
2022-03-27T08:00:00Z,Gas,12426.000,Elexon BMRS FUELHH
2022-03-27T08:00:00Z,Hydro,261.000,Elexon BMRS FUELHH
2022-03-27T08:00:00Z,Imports & Exports,4344.000,Elexon BMRS FUELHH
2022-03-27T08:00:00Z,Nuclear,4929.000,Elexon BMRS FUELHH
2022-03-27T08:00:00Z,Other,111.000,Elexon BMRS FUELHH
2022-03-27T08:00:00Z,Pumped Storage,196.000,Elexon BMRS FUELHH
2022-03-27T08:00:00Z,Wind,1058.000,Elexon BMRS FUELHH
2022-03-27T08:30:00Z,Biomass,948.000,Elexon BMRS FUELHH
2022-03-27T08:30:00Z,Coal,1351.000,Elexon BMRS FUELHH
2022-03-27T08:30:00Z,Gas,12796.000,Elexon BMRS FUELHH
2022-03-27T08:30:00Z,Hydro,260.000,Elexon BMRS FUELHH
2022-03-27T08:30:00Z,Imports & Exports,4358.000,Elexon BMRS FUELHH
2022-03-27T08:30:00Z,Nuclear,4893.000,Elexon BMRS FUELHH
2022-03-27T08:30:00Z,Other,127.000,Elexon BMRS FUELHH
2022-03-27T08:30:00Z,Pumped Storage,208.000,Elexon BMRS FUELHH
2022-03-27T08:30:00Z,Wind,998.000,Elexon BMRS FUELHH
2022-03-27T09:00:00Z,Biomass,949.000,Elexon BMRS FUELHH
2022-03-27T09:00:00Z,Coal,1348.000,Elexon BMRS FUELHH
2022-03-27T09:00:00Z,Gas,13037.000,Elexon BMRS FUELHH
2022-03-27T09:00:00Z,Hydro,247.000,Elexon BMRS FUELHH
2022-03-27T09:00:00Z,Imports & Exports,4244.000,Elexon BMRS FUELHH
2022-03-27T09:00:00Z,Nuclear,4896.000,Elexon BMRS FUELHH
2022-03-27T09:00:00Z,Other,115.000,Elexon BMRS FUELHH
2022-03-27T09:00:00Z,Pumped Storage,344.000,Elexon BMRS FUELHH
2022-03-27T09:00:00Z,Wind,934.000,Elexon BMRS FUELHH
2022-03-27T09:30:00Z,Biomass,951.000,Elexon BMRS FUELHH
2022-03-27T09:30:00Z,Coal,1349.000,Elexon BMRS FUELHH
2022-03-27T09:30:00Z,Gas,13266.000,Elexon BMRS FUELHH
2022-03-27T09:30:00Z,Hydro,247.000,Elexon BMRS FUELHH
2022-03-27T09:30:00Z,Imports & Exports,4210.000,Elexon BMRS FUELHH
2022-03-27T09:30:00Z,Nuclear,4895.000,Elexon BMRS FUELHH
2022-03-27T09:30:00Z,Other,129.000,Elexon BMRS FUELHH
2022-03-27T09:30:00Z,Pumped Storage,142.000,Elexon BMRS FUELHH
2022-03-27T09:30:00Z,Wind,840.000,Elexon BMRS FUELHH
2022-03-27T10:00:00Z,Biomass,951.000,Elexon BMRS FUELHH
2022-03-27T10:00:00Z,Coal,1350.000,Elexon BMRS FUELHH
2022-03-27T10:00:00Z,Gas,13414.000,Elexon BMRS FUELHH
2022-03-27T10:00:00Z,Hydro,221.000,Elexon BMRS FUELHH
2022-03-27T10:00:00Z,Imports & Exports,4304.000,Elexon BMRS FUELHH
2022-03-27T10:00:00Z,Nuclear,4903.000,Elexon BMRS FUELHH
2022-03-27T10:00:00Z,Other,109.000,Elexon BMRS FUELHH
2022-03-27T10:00:00Z,Pumped Storage,-12.000,Elexon BMRS FUELHH
2022-03-27T10:00:00Z,Wind,808.000,Elexon BMRS FUELHH
2022-03-27T10:30:00Z,Biomass,897.000,Elexon BMRS FUELHH
2022-03-27T10:30:00Z,Coal,1349.000,Elexon BMRS FUELHH
2022-03-27T10:30:00Z,Gas,13250.000,Elexon BMRS FUELHH
2022-03-27T10:30:00Z,Hydro,167.000,Elexon BMRS FUELHH
2022-03-27T10:30:00Z,Imports & Exports,4182.000,Elexon BMRS FUELHH
2022-03-27T10:30:00Z,Nuclear,5042.000,Elexon BMRS FUELHH
2022-03-27T10:30:00Z,Other,105.000,Elexon BMRS FUELHH
2022-03-27T10:30:00Z,Pumped Storage,-10.000,Elexon BMRS FUELHH
2022-03-27T10:30:00Z,Wind,813.000,Elexon BMRS FUELHH
2022-03-27T11:00:00Z,Biomass,820.000,Elexon BMRS FUELHH
2022-03-27T11:00:00Z,Coal,1328.000,Elexon BMRS FUELHH
2022-03-27T11:00:00Z,Gas,13187.000,Elexon BMRS FUELHH
2022-03-27T11:00:00Z,Hydro,127.000,Elexon BMRS FUELHH
2022-03-27T11:00:00Z,Imports & Exports,4020.000,Elexon BMRS FUELHH
2022-03-27T11:00:00Z,Nuclear,5098.000,Elexon BMRS FUELHH
2022-03-27T11:00:00Z,Other,101.000,Elexon BMRS FUELHH
2022-03-27T11:00:00Z,Pumped Storage,-10.000,Elexon BMRS FUELHH
2022-03-27T11:00:00Z,Wind,755.000,Elexon BMRS FUELHH
2022-03-27T11:30:00Z,Biomass,799.000,Elexon BMRS FUELHH
2022-03-27T11:30:00Z,Coal,1302.000,Elexon BMRS FUELHH
2022-03-27T11:30:00Z,Gas,13008.000,Elexon BMRS FUELHH
2022-03-27T11:30:00Z,Hydro,132.000,Elexon BMRS FUELHH
2022-03-27T11:30:00Z,Imports & Exports,4018.000,Elexon BMRS FUELHH
2022-03-27T11:30:00Z,Nuclear,5099.000,Elexon BMRS FUELHH
2022-03-27T11:30:00Z,Other,106.000,Elexon BMRS FUELHH
2022-03-27T11:30:00Z,Pumped Storage,-10.000,Elexon BMRS FUELHH
2022-03-27T11:30:00Z,Wind,700.000,Elexon BMRS FUELHH
2022-03-27T12:00:00Z,Biomass,787.000,Elexon BMRS FUELHH
2022-03-27T12:00:00Z,Coal,1318.000,Elexon BMRS FUELHH
2022-03-27T12:00:00Z,Gas,12740.000,Elexon BMRS FUELHH
2022-03-27T12:00:00Z,Hydro,128.000,Elexon BMRS FUELHH
2022-03-27T12:00:00Z,Imports & Exports,3772.000,Elexon BMRS FUELHH
2022-03-27T12:00:00Z,Nuclear,5103.000,Elexon BMRS FUELHH
2022-03-27T12:00:00Z,Other,105.000,Elexon BMRS FUELHH
2022-03-27T12:00:00Z,Pumped Storage,14.000,Elexon BMRS FUELHH
2022-03-27T12:00:00Z,Wind,779.000,Elexon BMRS FUELHH
2022-03-27T12:30:00Z,Biomass,786.000,Elexon BMRS FUELHH
2022-03-27T12:30:00Z,Coal,899.000,Elexon BMRS FUELHH
2022-03-27T12:30:00Z,Gas,12597.000,Elexon BMRS FUELHH
2022-03-27T12:30:00Z,Hydro,150.000,Elexon BMRS FUELHH
2022-03-27T12:30:00Z,Imports & Exports,3756.000,Elexon BMRS FUELHH
2022-03-27T12:30:00Z,Nuclear,5104.000,Elexon BMRS FUELHH
2022-03-27T12:30:00Z,Other,103.000,Elexon BMRS FUELHH
2022-03-27T12:30:00Z,Pumped Storage,-10.000,Elexon BMRS FUELHH
2022-03-27T12:30:00Z,Wind,826.000,Elexon BMRS FUELHH
2022-03-27T13:00:00Z,Biomass,795.000,Elexon BMRS FUELHH
2022-03-27T13:00:00Z,Coal,690.000,Elexon BMRS FUELHH
2022-03-27T13:00:00Z,Gas,12525.000,Elexon BMRS FUELHH
2022-03-27T13:00:00Z,Hydro,171.000,Elexon BMRS FUELHH
2022-03-27T13:00:00Z,Imports & Exports,3710.000,Elexon BMRS FUELHH
2022-03-27T13:00:00Z,Nuclear,5100.000,Elexon BMRS FUELHH
2022-03-27T13:00:00Z,Other,103.000,Elexon BMRS FUELHH
2022-03-27T13:00:00Z,Pumped Storage,-10.000,Elexon BMRS FUELHH
2022-03-27T13:00:00Z,Wind,797.000,Elexon BMRS FUELHH
2022-03-27T13:30:00Z,Biomass,792.000,Elexon BMRS FUELHH
2022-03-27T13:30:00Z,Coal,689.000,Elexon BMRS FUELHH
2022-03-27T13:30:00Z,Gas,12183.000,Elexon BMRS FUELHH
2022-03-27T13:30:00Z,Hydro,174.000,Elexon BMRS FUELHH
2022-03-27T13:30:00Z,Imports & Exports,3746.000,Elexon BMRS FUELHH
2022-03-27T13:30:00Z,Nuclear,5100.000,Elexon BMRS FUELHH
2022-03-27T13:30:00Z,Other,102.000,Elexon BMRS FUELHH
2022-03-27T13:30:00Z,Pumped Storage,0.000,Elexon BMRS FUELHH
2022-03-27T13:30:00Z,Wind,796.000,Elexon BMRS FUELHH
2022-03-27T14:00:00Z,Biomass,799.000,Elexon BMRS FUELHH
2022-03-27T14:00:00Z,Coal,688.000,Elexon BMRS FUELHH
2022-03-27T14:00:00Z,Gas,12046.000,Elexon BMRS FUELHH
2022-03-27T14:00:00Z,Hydro,209.000,Elexon BMRS FUELHH
2022-03-27T14:00:00Z,Imports & Exports,4328.000,Elexon BMRS FUELHH
2022-03-27T14:00:00Z,Nuclear,5098.000,Elexon BMRS FUELHH
2022-03-27T14:00:00Z,Other,107.000,Elexon BMRS FUELHH
2022-03-27T14:00:00Z,Pumped Storage,-64.000,Elexon BMRS FUELHH
2022-03-27T14:00:00Z,Wind,741.000,Elexon BMRS FUELHH
2022-03-27T14:30:00Z,Biomass,867.000,Elexon BMRS FUELHH
2022-03-27T14:30:00Z,Coal,689.000,Elexon BMRS FUELHH
2022-03-27T14:30:00Z,Gas,12567.000,Elexon BMRS FUELHH
2022-03-27T14:30:00Z,Hydro,217.000,Elexon BMRS FUELHH
2022-03-27T14:30:00Z,Imports & Exports,4382.000,Elexon BMRS FUELHH
2022-03-27T14:30:00Z,Nuclear,5100.000,Elexon BMRS FUELHH
2022-03-27T14:30:00Z,Other,114.000,Elexon BMRS FUELHH
2022-03-27T14:30:00Z,Pumped Storage,12.000,Elexon BMRS FUELHH
2022-03-27T14:30:00Z,Wind,665.000,Elexon BMRS FUELHH
2022-03-27T15:00:00Z,Biomass,947.000,Elexon BMRS FUELHH
2022-03-27T15:00:00Z,Coal,913.000,Elexon BMRS FUELHH
2022-03-27T15:00:00Z,Gas,13080.000,Elexon BMRS FUELHH
2022-03-27T15:00:00Z,Hydro,264.000,Elexon BMRS FUELHH
2022-03-27T15:00:00Z,Imports & Exports,4358.000,Elexon BMRS FUELHH
2022-03-27T15:00:00Z,Nuclear,5096.000,Elexon BMRS FUELHH
2022-03-27T15:00:00Z,Other,121.000,Elexon BMRS FUELHH
2022-03-27T15:00:00Z,Pumped Storage,-220.000,Elexon BMRS FUELHH
2022-03-27T15:00:00Z,Wind,646.000,Elexon BMRS FUELHH
2022-03-27T15:30:00Z,Biomass,956.000,Elexon BMRS FUELHH
2022-03-27T15:30:00Z,Coal,962.000,Elexon BMRS FUELHH
2022-03-27T15:30:00Z,Gas,14369.000,Elexon BMRS FUELHH
2022-03-27T15:30:00Z,Hydro,319.000,Elexon BMRS FUELHH
2022-03-27T15:30:00Z,Imports & Exports,4342.000,Elexon BMRS FUELHH
2022-03-27T15:30:00Z,Nuclear,5020.000,Elexon BMRS FUELHH
2022-03-27T15:30:00Z,Other,117.000,Elexon BMRS FUELHH
2022-03-27T15:30:00Z,Pumped Storage,-82.000,Elexon BMRS FUELHH
2022-03-27T15:30:00Z,Wind,659.000,Elexon BMRS FUELHH
2022-03-27T16:00:00Z,Biomass,966.000,Elexon BMRS FUELHH
2022-03-27T16:00:00Z,Coal,974.000,Elexon BMRS FUELHH
2022-03-27T16:00:00Z,Gas,16191.000,Elexon BMRS FUELHH
2022-03-27T16:00:00Z,Hydro,344.000,Elexon BMRS FUELHH
2022-03-27T16:00:00Z,Imports & Exports,3948.000,Elexon BMRS FUELHH
2022-03-27T16:00:00Z,Nuclear,4904.000,Elexon BMRS FUELHH
2022-03-27T16:00:00Z,Other,115.000,Elexon BMRS FUELHH
2022-03-27T16:00:00Z,Pumped Storage,-64.000,Elexon BMRS FUELHH
2022-03-27T16:00:00Z,Wind,690.000,Elexon BMRS FUELHH
2022-03-27T16:30:00Z,Biomass,965.000,Elexon BMRS FUELHH
2022-03-27T16:30:00Z,Coal,1082.000,Elexon BMRS FUELHH
2022-03-27T16:30:00Z,Gas,16863.000,Elexon BMRS FUELHH
2022-03-27T16:30:00Z,Hydro,413.000,Elexon BMRS FUELHH
2022-03-27T16:30:00Z,Imports & Exports,3940.000,Elexon BMRS FUELHH
2022-03-27T16:30:00Z,Nuclear,4896.000,Elexon BMRS FUELHH
2022-03-27T16:30:00Z,Other,116.000,Elexon BMRS FUELHH
2022-03-27T16:30:00Z,Pumped Storage,-18.000,Elexon BMRS FUELHH
2022-03-27T16:30:00Z,Wind,745.000,Elexon BMRS FUELHH
2022-03-27T17:00:00Z,Biomass,962.000,Elexon BMRS FUELHH
2022-03-27T17:00:00Z,Coal,1334.000,Elexon BMRS FUELHH
2022-03-27T17:00:00Z,Gas,17649.000,Elexon BMRS FUELHH
2022-03-27T17:00:00Z,Hydro,448.000,Elexon BMRS FUELHH
2022-03-27T17:00:00Z,Imports & Exports,3860.000,Elexon BMRS FUELHH
2022-03-27T17:00:00Z,Nuclear,4897.000,Elexon BMRS FUELHH
2022-03-27T17:00:00Z,Other,141.000,Elexon BMRS FUELHH
2022-03-27T17:00:00Z,Pumped Storage,72.000,Elexon BMRS FUELHH
2022-03-27T17:00:00Z,Wind,839.000,Elexon BMRS FUELHH
2022-03-27T17:30:00Z,Biomass,967.000,Elexon BMRS FUELHH
2022-03-27T17:30:00Z,Coal,1348.000,Elexon BMRS FUELHH
2022-03-27T17:30:00Z,Gas,17655.000,Elexon BMRS FUELHH
2022-03-27T17:30:00Z,Hydro,466.000,Elexon BMRS FUELHH
2022-03-27T17:30:00Z,Imports & Exports,3848.000,Elexon BMRS FUELHH
2022-03-27T17:30:00Z,Nuclear,4898.000,Elexon BMRS FUELHH
2022-03-27T17:30:00Z,Other,183.000,Elexon BMRS FUELHH
2022-03-27T17:30:00Z,Pumped Storage,514.000,Elexon BMRS FUELHH
2022-03-27T17:30:00Z,Wind,970.000,Elexon BMRS FUELHH
2022-03-27T18:00:00Z,Biomass,969.000,Elexon BMRS FUELHH
2022-03-27T18:00:00Z,Coal,1348.000,Elexon BMRS FUELHH
2022-03-27T18:00:00Z,Gas,17864.000,Elexon BMRS FUELHH
2022-03-27T18:00:00Z,Hydro,467.000,Elexon BMRS FUELHH
2022-03-27T18:00:00Z,Imports & Exports,4210.000,Elexon BMRS FUELHH
2022-03-27T18:00:00Z,Nuclear,4899.000,Elexon BMRS FUELHH
2022-03-27T18:00:00Z,Other,152.000,Elexon BMRS FUELHH
2022-03-27T18:00:00Z,Pumped Storage,516.000,Elexon BMRS FUELHH
2022-03-27T18:00:00Z,Wind,1125.000,Elexon BMRS FUELHH
2022-03-27T18:30:00Z,Biomass,971.000,Elexon BMRS FUELHH
2022-03-27T18:30:00Z,Coal,1349.000,Elexon BMRS FUELHH
2022-03-27T18:30:00Z,Gas,18661.000,Elexon BMRS FUELHH
2022-03-27T18:30:00Z,Hydro,472.000,Elexon BMRS FUELHH
2022-03-27T18:30:00Z,Imports & Exports,4234.000,Elexon BMRS FUELHH
2022-03-27T18:30:00Z,Nuclear,4903.000,Elexon BMRS FUELHH
2022-03-27T18:30:00Z,Other,170.000,Elexon BMRS FUELHH
2022-03-27T18:30:00Z,Pumped Storage,178.000,Elexon BMRS FUELHH
2022-03-27T18:30:00Z,Wind,1117.000,Elexon BMRS FUELHH
2022-03-27T19:00:00Z,Biomass,968.000,Elexon BMRS FUELHH
2022-03-27T19:00:00Z,Coal,1348.000,Elexon BMRS FUELHH
2022-03-27T19:00:00Z,Gas,18871.000,Elexon BMRS FUELHH
2022-03-27T19:00:00Z,Hydro,445.000,Elexon BMRS FUELHH
2022-03-27T19:00:00Z,Imports & Exports,4186.000,Elexon BMRS FUELHH
2022-03-27T19:00:00Z,Nuclear,4905.000,Elexon BMRS FUELHH
2022-03-27T19:00:00Z,Other,165.000,Elexon BMRS FUELHH
2022-03-27T19:00:00Z,Pumped Storage,402.000,Elexon BMRS FUELHH
2022-03-27T19:00:00Z,Wind,959.000,Elexon BMRS FUELHH
2022-03-27T19:30:00Z,Biomass,969.000,Elexon BMRS FUELHH
2022-03-27T19:30:00Z,Coal,1218.000,Elexon BMRS FUELHH
2022-03-27T19:30:00Z,Gas,18489.000,Elexon BMRS FUELHH
2022-03-27T19:30:00Z,Hydro,412.000,Elexon BMRS FUELHH
2022-03-27T19:30:00Z,Imports & Exports,4108.000,Elexon BMRS FUELHH
2022-03-27T19:30:00Z,Nuclear,5011.000,Elexon BMRS FUELHH
2022-03-27T19:30:00Z,Other,130.000,Elexon BMRS FUELHH
2022-03-27T19:30:00Z,Pumped Storage,240.000,Elexon BMRS FUELHH
2022-03-27T19:30:00Z,Wind,930.000,Elexon BMRS FUELHH
2022-03-27T20:00:00Z,Biomass,967.000,Elexon BMRS FUELHH
2022-03-27T20:00:00Z,Coal,1092.000,Elexon BMRS FUELHH
2022-03-27T20:00:00Z,Gas,18283.000,Elexon BMRS FUELHH
2022-03-27T20:00:00Z,Hydro,334.000,Elexon BMRS FUELHH
2022-03-27T20:00:00Z,Imports & Exports,3578.000,Elexon BMRS FUELHH
2022-03-27T20:00:00Z,Nuclear,5095.000,Elexon BMRS FUELHH
2022-03-27T20:00:00Z,Other,131.000,Elexon BMRS FUELHH
2022-03-27T20:00:00Z,Pumped Storage,326.000,Elexon BMRS FUELHH
2022-03-27T20:00:00Z,Wind,846.000,Elexon BMRS FUELHH
2022-03-27T20:30:00Z,Biomass,966.000,Elexon BMRS FUELHH
2022-03-27T20:30:00Z,Coal,968.000,Elexon BMRS FUELHH
2022-03-27T20:30:00Z,Gas,17619.000,Elexon BMRS FUELHH
2022-03-27T20:30:00Z,Hydro,278.000,Elexon BMRS FUELHH
2022-03-27T20:30:00Z,Imports & Exports,3646.000,Elexon BMRS FUELHH
2022-03-27T20:30:00Z,Nuclear,5098.000,Elexon BMRS FUELHH
2022-03-27T20:30:00Z,Other,109.000,Elexon BMRS FUELHH
2022-03-27T20:30:00Z,Pumped Storage,60.000,Elexon BMRS FUELHH
2022-03-27T20:30:00Z,Wind,725.000,Elexon BMRS FUELHH
2022-03-27T21:00:00Z,Biomass,966.000,Elexon BMRS FUELHH
2022-03-27T21:00:00Z,Coal,631.000,Elexon BMRS FUELHH
2022-03-27T21:00:00Z,Gas,16862.000,Elexon BMRS FUELHH
2022-03-27T21:00:00Z,Hydro,283.000,Elexon BMRS FUELHH
2022-03-27T21:00:00Z,Imports & Exports,3258.000,Elexon BMRS FUELHH
2022-03-27T21:00:00Z,Nuclear,5093.000,Elexon BMRS FUELHH
2022-03-27T21:00:00Z,Other,119.000,Elexon BMRS FUELHH
2022-03-27T21:00:00Z,Pumped Storage,120.000,Elexon BMRS FUELHH
2022-03-27T21:00:00Z,Wind,704.000,Elexon BMRS FUELHH
2022-03-27T21:30:00Z,Biomass,962.000,Elexon BMRS FUELHH
2022-03-27T21:30:00Z,Coal,338.000,Elexon BMRS FUELHH
2022-03-27T21:30:00Z,Gas,15440.000,Elexon BMRS FUELHH
2022-03-27T21:30:00Z,Hydro,280.000,Elexon BMRS FUELHH
2022-03-27T21:30:00Z,Imports & Exports,3312.000,Elexon BMRS FUELHH
2022-03-27T21:30:00Z,Nuclear,5091.000,Elexon BMRS FUELHH
2022-03-27T21:30:00Z,Other,121.000,Elexon BMRS FUELHH
2022-03-27T21:30:00Z,Pumped Storage,208.000,Elexon BMRS FUELHH
2022-03-27T21:30:00Z,Wind,715.000,Elexon BMRS FUELHH
2022-03-27T22:00:00Z,Biomass,948.000,Elexon BMRS FUELHH
2022-03-27T22:00:00Z,Coal,6.000,Elexon BMRS FUELHH
2022-03-27T22:00:00Z,Gas,15633.000,Elexon BMRS FUELHH
2022-03-27T22:00:00Z,Hydro,261.000,Elexon BMRS FUELHH
2022-03-27T22:00:00Z,Imports & Exports,1720.000,Elexon BMRS FUELHH
2022-03-27T22:00:00Z,Nuclear,5093.000,Elexon BMRS FUELHH
2022-03-27T22:00:00Z,Other,105.000,Elexon BMRS FUELHH
2022-03-27T22:00:00Z,Pumped Storage,476.000,Elexon BMRS FUELHH
2022-03-27T22:00:00Z,Wind,677.000,Elexon BMRS FUELHH
2022-03-27T22:30:00Z,Biomass,950.000,Elexon BMRS FUELHH
2022-03-27T22:30:00Z,Coal,0.000,Elexon BMRS FUELHH
2022-03-27T22:30:00Z,Gas,14939.000,Elexon BMRS FUELHH
2022-03-27T22:30:00Z,Hydro,355.000,Elexon BMRS FUELHH
2022-03-27T22:30:00Z,Imports & Exports,1598.000,Elexon BMRS FUELHH
2022-03-27T22:30:00Z,Nuclear,5093.000,Elexon BMRS FUELHH
2022-03-27T22:30:00Z,Other,101.000,Elexon BMRS FUELHH
2022-03-27T22:30:00Z,Pumped Storage,-58.000,Elexon BMRS FUELHH
2022-03-27T22:30:00Z,Wind,588.000,Elexon BMRS FUELHH
2022-03-27T23:00:00Z,Biomass,951.000,Elexon BMRS FUELHH
2022-03-27T23:00:00Z,Coal,0.000,Elexon BMRS FUELHH
2022-03-27T23:00:00Z,Gas,14738.000,Elexon BMRS FUELHH
2022-03-27T23:00:00Z,Hydro,212.000,Elexon BMRS FUELHH
2022-03-27T23:00:00Z,Imports & Exports,1718.000,Elexon BMRS FUELHH
2022-03-27T23:00:00Z,Nuclear,5081.000,Elexon BMRS FUELHH
2022-03-27T23:00:00Z,Other,102.000,Elexon BMRS FUELHH
2022-03-27T23:00:00Z,Pumped Storage,-386.000,Elexon BMRS FUELHH
2022-03-27T23:00:00Z,Wind,547.000,Elexon BMRS FUELHH
2022-03-27T23:30:00Z,Biomass,949.000,Elexon BMRS FUELHH
2022-03-27T23:30:00Z,Coal,0.000,Elexon BMRS FUELHH
2022-03-27T23:30:00Z,Gas,14880.000,Elexon BMRS FUELHH
2022-03-27T23:30:00Z,Hydro,188.000,Elexon BMRS FUELHH
2022-03-27T23:30:00Z,Imports & Exports,1712.000,Elexon BMRS FUELHH
2022-03-27T23:30:00Z,Nuclear,4971.000,Elexon BMRS FUELHH
2022-03-27T23:30:00Z,Other,102.000,Elexon BMRS FUELHH
2022-03-27T23:30:00Z,Pumped Storage,-620.000,Elexon BMRS FUELHH
2022-03-27T23:30:00Z,Wind,410.000,Elexon BMRS FUELHH
2022-03-28T00:00:00Z,Biomass,965.000,Elexon BMRS FUELHH
2022-03-28T00:00:00Z,Coal,0.000,Elexon BMRS FUELHH
2022-03-28T00:00:00Z,Gas,14469.000,Elexon BMRS FUELHH
2022-03-28T00:00:00Z,Hydro,156.000,Elexon BMRS FUELHH
2022-03-28T00:00:00Z,Imports & Exports,2744.000,Elexon BMRS FUELHH
2022-03-28T00:00:00Z,Nuclear,4882.000,Elexon BMRS FUELHH
2022-03-28T00:00:00Z,Other,101.000,Elexon BMRS FUELHH
2022-03-28T00:00:00Z,Pumped Storage,-1120.000,Elexon BMRS FUELHH
2022-03-28T00:00:00Z,Wind,387.000,Elexon BMRS FUELHH
2022-03-28T00:30:00Z,Biomass,971.000,Elexon BMRS FUELHH
2022-03-28T00:30:00Z,Coal,0.000,Elexon BMRS FUELHH
2022-03-28T00:30:00Z,Gas,14748.000,Elexon BMRS FUELHH
2022-03-28T00:30:00Z,Hydro,235.000,Elexon BMRS FUELHH
2022-03-28T00:30:00Z,Imports & Exports,2784.000,Elexon BMRS FUELHH
2022-03-28T00:30:00Z,Nuclear,4877.000,Elexon BMRS FUELHH
2022-03-28T00:30:00Z,Other,101.000,Elexon BMRS FUELHH
2022-03-28T00:30:00Z,Pumped Storage,-684.000,Elexon BMRS FUELHH
2022-03-28T00:30:00Z,Wind,354.000,Elexon BMRS FUELHH
2022-03-28T01:00:00Z,Biomass,1011.000,Elexon BMRS FUELHH
2022-03-28T01:00:00Z,Coal,0.000,Elexon BMRS FUELHH
2022-03-28T01:00:00Z,Gas,14573.000,Elexon BMRS FUELHH
2022-03-28T01:00:00Z,Hydro,162.000,Elexon BMRS FUELHH
2022-03-28T01:00:00Z,Imports & Exports,3026.000,Elexon BMRS FUELHH
2022-03-28T01:00:00Z,Nuclear,4878.000,Elexon BMRS FUELHH
2022-03-28T01:00:00Z,Other,103.000,Elexon BMRS FUELHH
2022-03-28T01:00:00Z,Pumped Storage,-1248.000,Elexon BMRS FUELHH
2022-03-28T01:00:00Z,Wind,314.000,Elexon BMRS FUELHH
2022-03-28T01:30:00Z,Biomass,1050.000,Elexon BMRS FUELHH
2022-03-28T01:30:00Z,Coal,0.000,Elexon BMRS FUELHH
2022-03-28T01:30:00Z,Gas,14397.000,Elexon BMRS FUELHH
2022-03-28T01:30:00Z,Hydro,159.000,Elexon BMRS FUELHH
2022-03-28T01:30:00Z,Imports & Exports,2982.000,Elexon BMRS FUELHH
2022-03-28T01:30:00Z,Nuclear,4924.000,Elexon BMRS FUELHH
2022-03-28T01:30:00Z,Other,100.000,Elexon BMRS FUELHH
2022-03-28T01:30:00Z,Pumped Storage,-1392.000,Elexon BMRS FUELHH
2022-03-28T01:30:00Z,Wind,294.000,Elexon BMRS FUELHH
2022-03-28T02:00:00Z,Biomass,1175.000,Elexon BMRS FUELHH
2022-03-28T02:00:00Z,Coal,0.000,Elexon BMRS FUELHH
2022-03-28T02:00:00Z,Gas,14519.000,Elexon BMRS FUELHH
2022-03-28T02:00:00Z,Hydro,171.000,Elexon BMRS FUELHH
2022-03-28T02:00:00Z,Imports & Exports,2378.000,Elexon BMRS FUELHH
2022-03-28T02:00:00Z,Nuclear,5057.000,Elexon BMRS FUELHH
2022-03-28T02:00:00Z,Other,100.000,Elexon BMRS FUELHH
2022-03-28T02:00:00Z,Pumped Storage,-1384.000,Elexon BMRS FUELHH
2022-03-28T02:00:00Z,Wind,310.000,Elexon BMRS FUELHH
2022-03-28T02:30:00Z,Biomass,1426.000,Elexon BMRS FUELHH
2022-03-28T02:30:00Z,Coal,0.000,Elexon BMRS FUELHH
2022-03-28T02:30:00Z,Gas,14400.000,Elexon BMRS FUELHH
2022-03-28T02:30:00Z,Hydro,155.000,Elexon BMRS FUELHH
2022-03-28T02:30:00Z,Imports & Exports,2300.000,Elexon BMRS FUELHH
2022-03-28T02:30:00Z,Nuclear,5092.000,Elexon BMRS FUELHH
2022-03-28T02:30:00Z,Other,107.000,Elexon BMRS FUELHH
2022-03-28T02:30:00Z,Pumped Storage,-1490.000,Elexon BMRS FUELHH
2022-03-28T02:30:00Z,Wind,310.000,Elexon BMRS FUELHH
2022-03-28T03:00:00Z,Biomass,1648.000,Elexon BMRS FUELHH
2022-03-28T03:00:00Z,Coal,92.000,Elexon BMRS FUELHH
2022-03-28T03:00:00Z,Gas,14878.000,Elexon BMRS FUELHH
2022-03-28T03:00:00Z,Hydro,149.000,Elexon BMRS FUELHH
2022-03-28T03:00:00Z,Imports & Exports,1460.000,Elexon BMRS FUELHH
2022-03-28T03:00:00Z,Nuclear,5092.000,Elexon BMRS FUELHH
2022-03-28T03:00:00Z,Other,100.000,Elexon BMRS FUELHH
2022-03-28T03:00:00Z,Pumped Storage,-1610.000,Elexon BMRS FUELHH
2022-03-28T03:00:00Z,Wind,308.000,Elexon BMRS FUELHH
2022-03-28T03:30:00Z,Biomass,1712.000,Elexon BMRS FUELHH
2022-03-28T03:30:00Z,Coal,249.000,Elexon BMRS FUELHH
2022-03-28T03:30:00Z,Gas,14842.000,Elexon BMRS FUELHH
2022-03-28T03:30:00Z,Hydro,144.000,Elexon BMRS FUELHH
2022-03-28T03:30:00Z,Imports & Exports,1244.000,Elexon BMRS FUELHH
2022-03-28T03:30:00Z,Nuclear,5097.000,Elexon BMRS FUELHH
2022-03-28T03:30:00Z,Other,102.000,Elexon BMRS FUELHH
2022-03-28T03:30:00Z,Pumped Storage,-1442.000,Elexon BMRS FUELHH
2022-03-28T03:30:00Z,Wind,327.000,Elexon BMRS FUELHH
2022-03-28T04:00:00Z,Biomass,1784.000,Elexon BMRS FUELHH
2022-03-28T04:00:00Z,Coal,516.000,Elexon BMRS FUELHH
2022-03-28T04:00:00Z,Gas,16481.000,Elexon BMRS FUELHH
2022-03-28T04:00:00Z,Hydro,177.000,Elexon BMRS FUELHH
2022-03-28T04:00:00Z,Imports & Exports,-1500.000,Elexon BMRS FUELHH
2022-03-28T04:00:00Z,Nuclear,5095.000,Elexon BMRS FUELHH
2022-03-28T04:00:00Z,Other,103.000,Elexon BMRS FUELHH
2022-03-28T04:00:00Z,Pumped Storage,-92.000,Elexon BMRS FUELHH
2022-03-28T04:00:00Z,Wind,314.000,Elexon BMRS FUELHH
2022-03-28T04:30:00Z,Biomass,1998.000,Elexon BMRS FUELHH
2022-03-28T04:30:00Z,Coal,784.000,Elexon BMRS FUELHH
2022-03-28T04:30:00Z,Gas,17414.000,Elexon BMRS FUELHH
2022-03-28T04:30:00Z,Hydro,193.000,Elexon BMRS FUELHH
2022-03-28T04:30:00Z,Imports & Exports,-1622.000,Elexon BMRS FUELHH
2022-03-28T04:30:00Z,Nuclear,5101.000,Elexon BMRS FUELHH
2022-03-28T04:30:00Z,Other,104.000,Elexon BMRS FUELHH
2022-03-28T04:30:00Z,Pumped Storage,2.000,Elexon BMRS FUELHH
2022-03-28T04:30:00Z,Wind,305.000,Elexon BMRS FUELHH
2022-03-28T05:00:00Z,Biomass,2110.000,Elexon BMRS FUELHH
2022-03-28T05:00:00Z,Coal,1044.000,Elexon BMRS FUELHH
2022-03-28T05:00:00Z,Gas,18319.000,Elexon BMRS FUELHH
2022-03-28T05:00:00Z,Hydro,417.000,Elexon BMRS FUELHH
2022-03-28T05:00:00Z,Imports & Exports,-564.000,Elexon BMRS FUELHH
2022-03-28T05:00:00Z,Nuclear,5099.000,Elexon BMRS FUELHH
2022-03-28T05:00:00Z,Other,121.000,Elexon BMRS FUELHH
2022-03-28T05:00:00Z,Pumped Storage,-122.000,Elexon BMRS FUELHH
2022-03-28T05:00:00Z,Wind,239.000,Elexon BMRS FUELHH
2022-03-28T05:30:00Z,Biomass,2094.000,Elexon BMRS FUELHH
2022-03-28T05:30:00Z,Coal,1281.000,Elexon BMRS FUELHH
2022-03-28T05:30:00Z,Gas,20148.000,Elexon BMRS FUELHH
2022-03-28T05:30:00Z,Hydro,419.000,Elexon BMRS FUELHH
2022-03-28T05:30:00Z,Imports & Exports,-518.000,Elexon BMRS FUELHH
2022-03-28T05:30:00Z,Nuclear,5099.000,Elexon BMRS FUELHH
2022-03-28T05:30:00Z,Other,168.000,Elexon BMRS FUELHH
2022-03-28T05:30:00Z,Pumped Storage,-90.000,Elexon BMRS FUELHH
2022-03-28T05:30:00Z,Wind,207.000,Elexon BMRS FUELHH
2022-03-28T06:00:00Z,Biomass,2070.000,Elexon BMRS FUELHH
2022-03-28T06:00:00Z,Coal,1399.000,Elexon BMRS FUELHH
2022-03-28T06:00:00Z,Gas,20345.000,Elexon BMRS FUELHH
2022-03-28T06:00:00Z,Hydro,419.000,Elexon BMRS FUELHH
2022-03-28T06:00:00Z,Imports & Exports,1476.000,Elexon BMRS FUELHH
2022-03-28T06:00:00Z,Nuclear,5098.000,Elexon BMRS FUELHH
2022-03-28T06:00:00Z,Other,305.000,Elexon BMRS FUELHH
2022-03-28T06:00:00Z,Pumped Storage,146.000,Elexon BMRS FUELHH
2022-03-28T06:00:00Z,Wind,186.000,Elexon BMRS FUELHH
2022-03-28T06:30:00Z,Biomass,1965.000,Elexon BMRS FUELHH
2022-03-28T06:30:00Z,Coal,1549.000,Elexon BMRS FUELHH
2022-03-28T06:30:00Z,Gas,20851.000,Elexon BMRS FUELHH
2022-03-28T06:30:00Z,Hydro,421.000,Elexon BMRS FUELHH
2022-03-28T06:30:00Z,Imports & Exports,1470.000,Elexon BMRS FUELHH
2022-03-28T06:30:00Z,Nuclear,5098.000,Elexon BMRS FUELHH
2022-03-28T06:30:00Z,Other,633.000,Elexon BMRS FUELHH
2022-03-28T06:30:00Z,Pumped Storage,1026.000,Elexon BMRS FUELHH
2022-03-28T06:30:00Z,Wind,176.000,Elexon BMRS FUELHH
2022-03-28T07:00:00Z,Biomass,1998.000,Elexon BMRS FUELHH
2022-03-28T07:00:00Z,Coal,1492.000,Elexon BMRS FUELHH
2022-03-28T07:00:00Z,Gas,21185.000,Elexon BMRS FUELHH
2022-03-28T07:00:00Z,Hydro,421.000,Elexon BMRS FUELHH
2022-03-28T07:00:00Z,Imports & Exports,2870.000,Elexon BMRS FUELHH
2022-03-28T07:00:00Z,Nuclear,5093.000,Elexon BMRS FUELHH
2022-03-28T07:00:00Z,Other,433.000,Elexon BMRS FUELHH
2022-03-28T07:00:00Z,Pumped Storage,910.000,Elexon BMRS FUELHH
2022-03-28T07:00:00Z,Wind,193.000,Elexon BMRS FUELHH
2022-03-28T07:30:00Z,Biomass,2109.000,Elexon BMRS FUELHH
2022-03-28T07:30:00Z,Coal,1677.000,Elexon BMRS FUELHH
2022-03-28T07:30:00Z,Gas,21299.000,Elexon BMRS FUELHH
2022-03-28T07:30:00Z,Hydro,420.000,Elexon BMRS FUELHH
2022-03-28T07:30:00Z,Imports & Exports,2966.000,Elexon BMRS FUELHH
2022-03-28T07:30:00Z,Nuclear,5090.000,Elexon BMRS FUELHH
2022-03-28T07:30:00Z,Other,403.000,Elexon BMRS FUELHH
2022-03-28T07:30:00Z,Pumped Storage,284.000,Elexon BMRS FUELHH
2022-03-28T07:30:00Z,Wind,186.000,Elexon BMRS FUELHH
2022-03-28T08:00:00Z,Biomass,2109.000,Elexon BMRS FUELHH
2022-03-28T08:00:00Z,Coal,1795.000,Elexon BMRS FUELHH
2022-03-28T08:00:00Z,Gas,21633.000,Elexon BMRS FUELHH
2022-03-28T08:00:00Z,Hydro,307.000,Elexon BMRS FUELHH
2022-03-28T08:00:00Z,Imports & Exports,2976.000,Elexon BMRS FUELHH
2022-03-28T08:00:00Z,Nuclear,5088.000,Elexon BMRS FUELHH
2022-03-28T08:00:00Z,Other,188.000,Elexon BMRS FUELHH
2022-03-28T08:00:00Z,Pumped Storage,182.000,Elexon BMRS FUELHH
2022-03-28T08:00:00Z,Wind,181.000,Elexon BMRS FUELHH
2022-03-28T08:30:00Z,Biomass,2109.000,Elexon BMRS FUELHH
2022-03-28T08:30:00Z,Coal,1757.000,Elexon BMRS FUELHH
2022-03-28T08:30:00Z,Gas,21436.000,Elexon BMRS FUELHH
2022-03-28T08:30:00Z,Hydro,305.000,Elexon BMRS FUELHH
2022-03-28T08:30:00Z,Imports & Exports,2976.000,Elexon BMRS FUELHH
2022-03-28T08:30:00Z,Nuclear,5090.000,Elexon BMRS FUELHH
2022-03-28T08:30:00Z,Other,145.000,Elexon BMRS FUELHH
2022-03-28T08:30:00Z,Pumped Storage,-20.000,Elexon BMRS FUELHH
2022-03-28T08:30:00Z,Wind,165.000,Elexon BMRS FUELHH
2022-03-28T09:00:00Z,Biomass,2111.000,Elexon BMRS FUELHH
2022-03-28T09:00:00Z,Coal,1773.000,Elexon BMRS FUELHH
2022-03-28T09:00:00Z,Gas,21521.000,Elexon BMRS FUELHH
2022-03-28T09:00:00Z,Hydro,233.000,Elexon BMRS FUELHH
2022-03-28T09:00:00Z,Imports & Exports,2428.000,Elexon BMRS FUELHH
2022-03-28T09:00:00Z,Nuclear,5089.000,Elexon BMRS FUELHH
2022-03-28T09:00:00Z,Other,119.000,Elexon BMRS FUELHH
2022-03-28T09:00:00Z,Pumped Storage,-16.000,Elexon BMRS FUELHH
2022-03-28T09:00:00Z,Wind,145.000,Elexon BMRS FUELHH
2022-03-28T09:30:00Z,Biomass,2108.000,Elexon BMRS FUELHH
2022-03-28T09:30:00Z,Coal,1657.000,Elexon BMRS FUELHH
2022-03-28T09:30:00Z,Gas,20878.000,Elexon BMRS FUELHH
2022-03-28T09:30:00Z,Hydro,230.000,Elexon BMRS FUELHH
2022-03-28T09:30:00Z,Imports & Exports,2380.000,Elexon BMRS FUELHH
2022-03-28T09:30:00Z,Nuclear,5134.000,Elexon BMRS FUELHH
2022-03-28T09:30:00Z,Other,116.000,Elexon BMRS FUELHH
2022-03-28T09:30:00Z,Pumped Storage,14.000,Elexon BMRS FUELHH
2022-03-28T09:30:00Z,Wind,163.000,Elexon BMRS FUELHH
2022-03-28T10:00:00Z,Biomass,2014.000,Elexon BMRS FUELHH
2022-03-28T10:00:00Z,Coal,1563.000,Elexon BMRS FUELHH
2022-03-28T10:00:00Z,Gas,20607.000,Elexon BMRS FUELHH
2022-03-28T10:00:00Z,Hydro,176.000,Elexon BMRS FUELHH
2022-03-28T10:00:00Z,Imports & Exports,2044.000,Elexon BMRS FUELHH
2022-03-28T10:00:00Z,Nuclear,5157.000,Elexon BMRS FUELHH
2022-03-28T10:00:00Z,Other,117.000,Elexon BMRS FUELHH
2022-03-28T10:00:00Z,Pumped Storage,-10.000,Elexon BMRS FUELHH
2022-03-28T10:00:00Z,Wind,180.000,Elexon BMRS FUELHH
2022-03-28T10:30:00Z,Biomass,1987.000,Elexon BMRS FUELHH
2022-03-28T10:30:00Z,Coal,1507.000,Elexon BMRS FUELHH
2022-03-28T10:30:00Z,Gas,20054.000,Elexon BMRS FUELHH
2022-03-28T10:30:00Z,Hydro,156.000,Elexon BMRS FUELHH
2022-03-28T10:30:00Z,Imports & Exports,2030.000,Elexon BMRS FUELHH
2022-03-28T10:30:00Z,Nuclear,5156.000,Elexon BMRS FUELHH
2022-03-28T10:30:00Z,Other,115.000,Elexon BMRS FUELHH
2022-03-28T10:30:00Z,Pumped Storage,-114.000,Elexon BMRS FUELHH
2022-03-28T10:30:00Z,Wind,187.000,Elexon BMRS FUELHH
2022-03-28T11:00:00Z,Biomass,1984.000,Elexon BMRS FUELHH
2022-03-28T11:00:00Z,Coal,1621.000,Elexon BMRS FUELHH
2022-03-28T11:00:00Z,Gas,19878.000,Elexon BMRS FUELHH
2022-03-28T11:00:00Z,Hydro,174.000,Elexon BMRS FUELHH
2022-03-28T11:00:00Z,Imports & Exports,1488.000,Elexon BMRS FUELHH
2022-03-28T11:00:00Z,Nuclear,5160.000,Elexon BMRS FUELHH
2022-03-28T11:00:00Z,Other,107.000,Elexon BMRS FUELHH
2022-03-28T11:00:00Z,Pumped Storage,22.000,Elexon BMRS FUELHH
2022-03-28T11:00:00Z,Wind,218.000,Elexon BMRS FUELHH
2022-03-28T11:30:00Z,Biomass,1871.000,Elexon BMRS FUELHH
2022-03-28T11:30:00Z,Coal,1794.000,Elexon BMRS FUELHH
2022-03-28T11:30:00Z,Gas,19435.000,Elexon BMRS FUELHH
2022-03-28T11:30:00Z,Hydro,161.000,Elexon BMRS FUELHH
2022-03-28T11:30:00Z,Imports & Exports,1456.000,Elexon BMRS FUELHH
2022-03-28T11:30:00Z,Nuclear,5178.000,Elexon BMRS FUELHH
2022-03-28T11:30:00Z,Other,107.000,Elexon BMRS FUELHH
2022-03-28T11:30:00Z,Pumped Storage,-10.000,Elexon BMRS FUELHH
2022-03-28T11:30:00Z,Wind,201.000,Elexon BMRS FUELHH
2022-03-28T12:00:00Z,Biomass,1882.000,Elexon BMRS FUELHH
2022-03-28T12:00:00Z,Coal,1780.000,Elexon BMRS FUELHH
2022-03-28T12:00:00Z,Gas,19270.000,Elexon BMRS FUELHH
2022-03-28T12:00:00Z,Hydro,187.000,Elexon BMRS FUELHH
2022-03-28T12:00:00Z,Imports & Exports,1496.000,Elexon BMRS FUELHH
2022-03-28T12:00:00Z,Nuclear,5177.000,Elexon BMRS FUELHH
2022-03-28T12:00:00Z,Other,104.000,Elexon BMRS FUELHH
2022-03-28T12:00:00Z,Pumped Storage,-10.000,Elexon BMRS FUELHH
2022-03-28T12:00:00Z,Wind,198.000,Elexon BMRS FUELHH
2022-03-28T12:30:00Z,Biomass,1922.000,Elexon BMRS FUELHH
2022-03-28T12:30:00Z,Coal,1518.000,Elexon BMRS FUELHH
2022-03-28T12:30:00Z,Gas,19027.000,Elexon BMRS FUELHH
2022-03-28T12:30:00Z,Hydro,211.000,Elexon BMRS FUELHH
2022-03-28T12:30:00Z,Imports & Exports,1490.000,Elexon BMRS FUELHH
2022-03-28T12:30:00Z,Nuclear,5188.000,Elexon BMRS FUELHH
2022-03-28T12:30:00Z,Other,104.000,Elexon BMRS FUELHH
2022-03-28T12:30:00Z,Pumped Storage,-10.000,Elexon BMRS FUELHH
2022-03-28T12:30:00Z,Wind,201.000,Elexon BMRS FUELHH
2022-03-28T13:00:00Z,Biomass,1994.000,Elexon BMRS FUELHH
2022-03-28T13:00:00Z,Coal,1142.000,Elexon BMRS FUELHH
2022-03-28T13:00:00Z,Gas,19198.000,Elexon BMRS FUELHH
2022-03-28T13:00:00Z,Hydro,219.000,Elexon BMRS FUELHH
2022-03-28T13:00:00Z,Imports & Exports,1534.000,Elexon BMRS FUELHH
2022-03-28T13:00:00Z,Nuclear,5168.000,Elexon BMRS FUELHH
2022-03-28T13:00:00Z,Other,110.000,Elexon BMRS FUELHH
2022-03-28T13:00:00Z,Pumped Storage,-10.000,Elexon BMRS FUELHH
2022-03-28T13:00:00Z,Wind,229.000,Elexon BMRS FUELHH
2022-03-28T13:30:00Z,Biomass,1992.000,Elexon BMRS FUELHH
2022-03-28T13:30:00Z,Coal,1213.000,Elexon BMRS FUELHH
2022-03-28T13:30:00Z,Gas,19223.000,Elexon BMRS FUELHH
2022-03-28T13:30:00Z,Hydro,229.000,Elexon BMRS FUELHH
2022-03-28T13:30:00Z,Imports & Exports,1534.000,Elexon BMRS FUELHH
2022-03-28T13:30:00Z,Nuclear,5169.000,Elexon BMRS FUELHH
2022-03-28T13:30:00Z,Other,109.000,Elexon BMRS FUELHH
2022-03-28T13:30:00Z,Pumped Storage,20.000,Elexon BMRS FUELHH
2022-03-28T13:30:00Z,Wind,228.000,Elexon BMRS FUELHH
2022-03-28T14:00:00Z,Biomass,1983.000,Elexon BMRS FUELHH
2022-03-28T14:00:00Z,Coal,1349.000,Elexon BMRS FUELHH
2022-03-28T14:00:00Z,Gas,19477.000,Elexon BMRS FUELHH
2022-03-28T14:00:00Z,Hydro,247.000,Elexon BMRS FUELHH
2022-03-28T14:00:00Z,Imports & Exports,1628.000,Elexon BMRS FUELHH
2022-03-28T14:00:00Z,Nuclear,5172.000,Elexon BMRS FUELHH
2022-03-28T14:00:00Z,Other,105.000,Elexon BMRS FUELHH
2022-03-28T14:00:00Z,Pumped Storage,-150.000,Elexon BMRS FUELHH
2022-03-28T14:00:00Z,Wind,239.000,Elexon BMRS FUELHH
2022-03-28T14:30:00Z,Biomass,1985.000,Elexon BMRS FUELHH
2022-03-28T14:30:00Z,Coal,1602.000,Elexon BMRS FUELHH
2022-03-28T14:30:00Z,Gas,19460.000,Elexon BMRS FUELHH
2022-03-28T14:30:00Z,Hydro,273.000,Elexon BMRS FUELHH
2022-03-28T14:30:00Z,Imports & Exports,1666.000,Elexon BMRS FUELHH
2022-03-28T14:30:00Z,Nuclear,5171.000,Elexon BMRS FUELHH
2022-03-28T14:30:00Z,Other,124.000,Elexon BMRS FUELHH
2022-03-28T14:30:00Z,Pumped Storage,-46.000,Elexon BMRS FUELHH
2022-03-28T14:30:00Z,Wind,267.000,Elexon BMRS FUELHH
2022-03-28T15:00:00Z,Biomass,2007.000,Elexon BMRS FUELHH
2022-03-28T15:00:00Z,Coal,1939.000,Elexon BMRS FUELHH
2022-03-28T15:00:00Z,Gas,19287.000,Elexon BMRS FUELHH
2022-03-28T15:00:00Z,Hydro,327.000,Elexon BMRS FUELHH
2022-03-28T15:00:00Z,Imports & Exports,2358.000,Elexon BMRS FUELHH
2022-03-28T15:00:00Z,Nuclear,5179.000,Elexon BMRS FUELHH
2022-03-28T15:00:00Z,Other,120.000,Elexon BMRS FUELHH
2022-03-28T15:00:00Z,Pumped Storage,-134.000,Elexon BMRS FUELHH
2022-03-28T15:00:00Z,Wind,243.000,Elexon BMRS FUELHH
2022-03-28T15:30:00Z,Biomass,2080.000,Elexon BMRS FUELHH
2022-03-28T15:30:00Z,Coal,1962.000,Elexon BMRS FUELHH
2022-03-28T15:30:00Z,Gas,19983.000,Elexon BMRS FUELHH
2022-03-28T15:30:00Z,Hydro,438.000,Elexon BMRS FUELHH
2022-03-28T15:30:00Z,Imports & Exports,2392.000,Elexon BMRS FUELHH
2022-03-28T15:30:00Z,Nuclear,5173.000,Elexon BMRS FUELHH
2022-03-28T15:30:00Z,Other,135.000,Elexon BMRS FUELHH
2022-03-28T15:30:00Z,Pumped Storage,84.000,Elexon BMRS FUELHH
2022-03-28T15:30:00Z,Wind,222.000,Elexon BMRS FUELHH
2022-03-28T16:00:00Z,Biomass,2182.000,Elexon BMRS FUELHH
2022-03-28T16:00:00Z,Coal,1957.000,Elexon BMRS FUELHH
2022-03-28T16:00:00Z,Gas,20633.000,Elexon BMRS FUELHH
2022-03-28T16:00:00Z,Hydro,474.000,Elexon BMRS FUELHH
2022-03-28T16:00:00Z,Imports & Exports,2566.000,Elexon BMRS FUELHH
2022-03-28T16:00:00Z,Nuclear,5178.000,Elexon BMRS FUELHH
2022-03-28T16:00:00Z,Other,154.000,Elexon BMRS FUELHH
2022-03-28T16:00:00Z,Pumped Storage,196.000,Elexon BMRS FUELHH
2022-03-28T16:00:00Z,Wind,257.000,Elexon BMRS FUELHH
2022-03-28T16:30:00Z,Biomass,2211.000,Elexon BMRS FUELHH
2022-03-28T16:30:00Z,Coal,1956.000,Elexon BMRS FUELHH
2022-03-28T16:30:00Z,Gas,20843.000,Elexon BMRS FUELHH
2022-03-28T16:30:00Z,Hydro,481.000,Elexon BMRS FUELHH
2022-03-28T16:30:00Z,Imports & Exports,2576.000,Elexon BMRS FUELHH
2022-03-28T16:30:00Z,Nuclear,5177.000,Elexon BMRS FUELHH
2022-03-28T16:30:00Z,Other,189.000,Elexon BMRS FUELHH
2022-03-28T16:30:00Z,Pumped Storage,878.000,Elexon BMRS FUELHH
2022-03-28T16:30:00Z,Wind,303.000,Elexon BMRS FUELHH
2022-03-28T17:00:00Z,Biomass,2211.000,Elexon BMRS FUELHH
2022-03-28T17:00:00Z,Coal,1956.000,Elexon BMRS FUELHH
2022-03-28T17:00:00Z,Gas,21006.000,Elexon BMRS FUELHH
2022-03-28T17:00:00Z,Hydro,599.000,Elexon BMRS FUELHH
2022-03-28T17:00:00Z,Imports & Exports,2366.000,Elexon BMRS FUELHH
2022-03-28T17:00:00Z,Nuclear,5177.000,Elexon BMRS FUELHH
2022-03-28T17:00:00Z,Other,288.000,Elexon BMRS FUELHH
2022-03-28T17:00:00Z,Pumped Storage,1050.000,Elexon BMRS FUELHH
2022-03-28T17:00:00Z,Wind,358.000,Elexon BMRS FUELHH
2022-03-28T17:30:00Z,Biomass,2211.000,Elexon BMRS FUELHH
2022-03-28T17:30:00Z,Coal,1957.000,Elexon BMRS FUELHH
2022-03-28T17:30:00Z,Gas,21143.000,Elexon BMRS FUELHH
2022-03-28T17:30:00Z,Hydro,642.000,Elexon BMRS FUELHH
2022-03-28T17:30:00Z,Imports & Exports,2360.000,Elexon BMRS FUELHH
2022-03-28T17:30:00Z,Nuclear,5177.000,Elexon BMRS FUELHH
2022-03-28T17:30:00Z,Other,315.000,Elexon BMRS FUELHH
2022-03-28T17:30:00Z,Pumped Storage,1052.000,Elexon BMRS FUELHH
2022-03-28T17:30:00Z,Wind,428.000,Elexon BMRS FUELHH
2022-03-28T18:00:00Z,Biomass,2213.000,Elexon BMRS FUELHH
2022-03-28T18:00:00Z,Coal,1857.000,Elexon BMRS FUELHH
2022-03-28T18:00:00Z,Gas,21134.000,Elexon BMRS FUELHH
2022-03-28T18:00:00Z,Hydro,595.000,Elexon BMRS FUELHH
2022-03-28T18:00:00Z,Imports & Exports,2776.000,Elexon BMRS FUELHH
2022-03-28T18:00:00Z,Nuclear,5174.000,Elexon BMRS FUELHH
2022-03-28T18:00:00Z,Other,321.000,Elexon BMRS FUELHH
2022-03-28T18:00:00Z,Pumped Storage,1298.000,Elexon BMRS FUELHH
2022-03-28T18:00:00Z,Wind,439.000,Elexon BMRS FUELHH
2022-03-28T18:30:00Z,Biomass,2173.000,Elexon BMRS FUELHH
2022-03-28T18:30:00Z,Coal,1960.000,Elexon BMRS FUELHH
2022-03-28T18:30:00Z,Gas,21241.000,Elexon BMRS FUELHH
2022-03-28T18:30:00Z,Hydro,581.000,Elexon BMRS FUELHH
2022-03-28T18:30:00Z,Imports & Exports,2804.000,Elexon BMRS FUELHH
2022-03-28T18:30:00Z,Nuclear,5175.000,Elexon BMRS FUELHH
2022-03-28T18:30:00Z,Other,301.000,Elexon BMRS FUELHH
2022-03-28T18:30:00Z,Pumped Storage,1342.000,Elexon BMRS FUELHH
2022-03-28T18:30:00Z,Wind,482.000,Elexon BMRS FUELHH
2022-03-28T19:00:00Z,Biomass,2160.000,Elexon BMRS FUELHH
2022-03-28T19:00:00Z,Coal,1895.000,Elexon BMRS FUELHH
2022-03-28T19:00:00Z,Gas,21170.000,Elexon BMRS FUELHH
2022-03-28T19:00:00Z,Hydro,587.000,Elexon BMRS FUELHH
2022-03-28T19:00:00Z,Imports & Exports,3308.000,Elexon BMRS FUELHH
2022-03-28T19:00:00Z,Nuclear,5177.000,Elexon BMRS FUELHH
2022-03-28T19:00:00Z,Other,267.000,Elexon BMRS FUELHH
2022-03-28T19:00:00Z,Pumped Storage,646.000,Elexon BMRS FUELHH
2022-03-28T19:00:00Z,Wind,574.000,Elexon BMRS FUELHH
2022-03-28T19:30:00Z,Biomass,2131.000,Elexon BMRS FUELHH
2022-03-28T19:30:00Z,Coal,1715.000,Elexon BMRS FUELHH
2022-03-28T19:30:00Z,Gas,20930.000,Elexon BMRS FUELHH
2022-03-28T19:30:00Z,Hydro,573.000,Elexon BMRS FUELHH
2022-03-28T19:30:00Z,Imports & Exports,3324.000,Elexon BMRS FUELHH
2022-03-28T19:30:00Z,Nuclear,5178.000,Elexon BMRS FUELHH
2022-03-28T19:30:00Z,Other,172.000,Elexon BMRS FUELHH
2022-03-28T19:30:00Z,Pumped Storage,52.000,Elexon BMRS FUELHH
2022-03-28T19:30:00Z,Wind,720.000,Elexon BMRS FUELHH
2022-03-28T20:00:00Z,Biomass,2151.000,Elexon BMRS FUELHH
2022-03-28T20:00:00Z,Coal,1733.000,Elexon BMRS FUELHH
2022-03-28T20:00:00Z,Gas,20691.000,Elexon BMRS FUELHH
2022-03-28T20:00:00Z,Hydro,421.000,Elexon BMRS FUELHH
2022-03-28T20:00:00Z,Imports & Exports,2170.000,Elexon BMRS FUELHH
2022-03-28T20:00:00Z,Nuclear,5178.000,Elexon BMRS FUELHH
2022-03-28T20:00:00Z,Other,114.000,Elexon BMRS FUELHH
2022-03-28T20:00:00Z,Pumped Storage,28.000,Elexon BMRS FUELHH
2022-03-28T20:00:00Z,Wind,741.000,Elexon BMRS FUELHH
2022-03-28T20:30:00Z,Biomass,2152.000,Elexon BMRS FUELHH
2022-03-28T20:30:00Z,Coal,1196.000,Elexon BMRS FUELHH
2022-03-28T20:30:00Z,Gas,19565.000,Elexon BMRS FUELHH
2022-03-28T20:30:00Z,Hydro,388.000,Elexon BMRS FUELHH
2022-03-28T20:30:00Z,Imports & Exports,2102.000,Elexon BMRS FUELHH
2022-03-28T20:30:00Z,Nuclear,5179.000,Elexon BMRS FUELHH
2022-03-28T20:30:00Z,Other,102.000,Elexon BMRS FUELHH
2022-03-28T20:30:00Z,Pumped Storage,-12.000,Elexon BMRS FUELHH
2022-03-28T20:30:00Z,Wind,766.000,Elexon BMRS FUELHH
2022-03-28T21:00:00Z,Biomass,2140.000,Elexon BMRS FUELHH
2022-03-28T21:00:00Z,Coal,676.000,Elexon BMRS FUELHH
2022-03-28T21:00:00Z,Gas,19307.000,Elexon BMRS FUELHH
2022-03-28T21:00:00Z,Hydro,305.000,Elexon BMRS FUELHH
2022-03-28T21:00:00Z,Imports & Exports,1090.000,Elexon BMRS FUELHH
2022-03-28T21:00:00Z,Nuclear,5181.000,Elexon BMRS FUELHH
2022-03-28T21:00:00Z,Other,102.000,Elexon BMRS FUELHH
2022-03-28T21:00:00Z,Pumped Storage,-12.000,Elexon BMRS FUELHH
2022-03-28T21:00:00Z,Wind,766.000,Elexon BMRS FUELHH
2022-03-28T21:30:00Z,Biomass,2090.000,Elexon BMRS FUELHH
2022-03-28T21:30:00Z,Coal,311.000,Elexon BMRS FUELHH
2022-03-28T21:30:00Z,Gas,18144.000,Elexon BMRS FUELHH
2022-03-28T21:30:00Z,Hydro,289.000,Elexon BMRS FUELHH
2022-03-28T21:30:00Z,Imports & Exports,1014.000,Elexon BMRS FUELHH
2022-03-28T21:30:00Z,Nuclear,5180.000,Elexon BMRS FUELHH
2022-03-28T21:30:00Z,Other,104.000,Elexon BMRS FUELHH
2022-03-28T21:30:00Z,Pumped Storage,-12.000,Elexon BMRS FUELHH
2022-03-28T21:30:00Z,Wind,761.000,Elexon BMRS FUELHH
2022-03-28T22:00:00Z,Biomass,1956.000,Elexon BMRS FUELHH
2022-03-28T22:00:00Z,Coal,236.000,Elexon BMRS FUELHH
2022-03-28T22:00:00Z,Gas,16042.000,Elexon BMRS FUELHH
2022-03-28T22:00:00Z,Hydro,236.000,Elexon BMRS FUELHH
2022-03-28T22:00:00Z,Imports & Exports,1456.000,Elexon BMRS FUELHH
2022-03-28T22:00:00Z,Nuclear,5181.000,Elexon BMRS FUELHH
2022-03-28T22:00:00Z,Other,104.000,Elexon BMRS FUELHH
2022-03-28T22:00:00Z,Pumped Storage,70.000,Elexon BMRS FUELHH
2022-03-28T22:00:00Z,Wind,708.000,Elexon BMRS FUELHH
2022-03-28T22:30:00Z,Biomass,1890.000,Elexon BMRS FUELHH
2022-03-28T22:30:00Z,Coal,234.000,Elexon BMRS FUELHH
2022-03-28T22:30:00Z,Gas,14813.000,Elexon BMRS FUELHH
2022-03-28T22:30:00Z,Hydro,228.000,Elexon BMRS FUELHH
2022-03-28T22:30:00Z,Imports & Exports,1600.000,Elexon BMRS FUELHH
2022-03-28T22:30:00Z,Nuclear,5180.000,Elexon BMRS FUELHH
2022-03-28T22:30:00Z,Other,105.000,Elexon BMRS FUELHH
2022-03-28T22:30:00Z,Pumped Storage,18.000,Elexon BMRS FUELHH
2022-03-28T22:30:00Z,Wind,717.000,Elexon BMRS FUELHH
2022-03-28T23:00:00Z,Biomass,1832.000,Elexon BMRS FUELHH
2022-03-28T23:00:00Z,Coal,235.000,Elexon BMRS FUELHH
2022-03-28T23:00:00Z,Gas,14269.000,Elexon BMRS FUELHH
2022-03-28T23:00:00Z,Hydro,181.000,Elexon BMRS FUELHH
2022-03-28T23:00:00Z,Imports & Exports,1972.000,Elexon BMRS FUELHH
2022-03-28T23:00:00Z,Nuclear,5178.000,Elexon BMRS FUELHH
2022-03-28T23:00:00Z,Other,104.000,Elexon BMRS FUELHH
2022-03-28T23:00:00Z,Pumped Storage,-742.000,Elexon BMRS FUELHH
2022-03-28T23:00:00Z,Wind,691.000,Elexon BMRS FUELHH
2022-03-28T23:30:00Z,Biomass,1842.000,Elexon BMRS FUELHH
2022-03-28T23:30:00Z,Coal,242.000,Elexon BMRS FUELHH
2022-03-28T23:30:00Z,Gas,14093.000,Elexon BMRS FUELHH
2022-03-28T23:30:00Z,Hydro,181.000,Elexon BMRS FUELHH
2022-03-28T23:30:00Z,Imports & Exports,1994.000,Elexon BMRS FUELHH
2022-03-28T23:30:00Z,Nuclear,5175.000,Elexon BMRS FUELHH
2022-03-28T23:30:00Z,Other,108.000,Elexon BMRS FUELHH
2022-03-28T23:30:00Z,Pumped Storage,-1132.000,Elexon BMRS FUELHH
2022-03-28T23:30:00Z,Wind,671.000,Elexon BMRS FUELHH
2022-03-29T00:00:00Z,Biomass,1840.000,Elexon BMRS FUELHH
2022-03-29T00:00:00Z,Coal,231.000,Elexon BMRS FUELHH
2022-03-29T00:00:00Z,Gas,13723.000,Elexon BMRS FUELHH
2022-03-29T00:00:00Z,Hydro,181.000,Elexon BMRS FUELHH
2022-03-29T00:00:00Z,Imports & Exports,2558.000,Elexon BMRS FUELHH
2022-03-29T00:00:00Z,Nuclear,5178.000,Elexon BMRS FUELHH
2022-03-29T00:00:00Z,Other,103.000,Elexon BMRS FUELHH
2022-03-29T00:00:00Z,Pumped Storage,-1162.000,Elexon BMRS FUELHH
2022-03-29T00:00:00Z,Wind,665.000,Elexon BMRS FUELHH
2022-03-29T00:30:00Z,Biomass,1784.000,Elexon BMRS FUELHH
2022-03-29T00:30:00Z,Coal,238.000,Elexon BMRS FUELHH
2022-03-29T00:30:00Z,Gas,13976.000,Elexon BMRS FUELHH
2022-03-29T00:30:00Z,Hydro,181.000,Elexon BMRS FUELHH
2022-03-29T00:30:00Z,Imports & Exports,2682.000,Elexon BMRS FUELHH
2022-03-29T00:30:00Z,Nuclear,5173.000,Elexon BMRS FUELHH
2022-03-29T00:30:00Z,Other,109.000,Elexon BMRS FUELHH
2022-03-29T00:30:00Z,Pumped Storage,-1138.000,Elexon BMRS FUELHH
2022-03-29T00:30:00Z,Wind,634.000,Elexon BMRS FUELHH
2022-03-29T01:00:00Z,Biomass,1734.000,Elexon BMRS FUELHH
2022-03-29T01:00:00Z,Coal,237.000,Elexon BMRS FUELHH
2022-03-29T01:00:00Z,Gas,13838.000,Elexon BMRS FUELHH
2022-03-29T01:00:00Z,Hydro,181.000,Elexon BMRS FUELHH
2022-03-29T01:00:00Z,Imports & Exports,2792.000,Elexon BMRS FUELHH
2022-03-29T01:00:00Z,Nuclear,5178.000,Elexon BMRS FUELHH
2022-03-29T01:00:00Z,Other,105.000,Elexon BMRS FUELHH
2022-03-29T01:00:00Z,Pumped Storage,-1168.000,Elexon BMRS FUELHH
2022-03-29T01:00:00Z,Wind,703.000,Elexon BMRS FUELHH
2022-03-29T01:30:00Z,Biomass,1771.000,Elexon BMRS FUELHH
2022-03-29T01:30:00Z,Coal,242.000,Elexon BMRS FUELHH
2022-03-29T01:30:00Z,Gas,13584.000,Elexon BMRS FUELHH
2022-03-29T01:30:00Z,Hydro,162.000,Elexon BMRS FUELHH
2022-03-29T01:30:00Z,Imports & Exports,2674.000,Elexon BMRS FUELHH
2022-03-29T01:30:00Z,Nuclear,5174.000,Elexon BMRS FUELHH
2022-03-29T01:30:00Z,Other,105.000,Elexon BMRS FUELHH
2022-03-29T01:30:00Z,Pumped Storage,-1296.000,Elexon BMRS FUELHH
2022-03-29T01:30:00Z,Wind,743.000,Elexon BMRS FUELHH
2022-03-29T02:00:00Z,Biomass,1947.000,Elexon BMRS FUELHH
2022-03-29T02:00:00Z,Coal,235.000,Elexon BMRS FUELHH
2022-03-29T02:00:00Z,Gas,13796.000,Elexon BMRS FUELHH
2022-03-29T02:00:00Z,Hydro,127.000,Elexon BMRS FUELHH
2022-03-29T02:00:00Z,Imports & Exports,2064.000,Elexon BMRS FUELHH
2022-03-29T02:00:00Z,Nuclear,5179.000,Elexon BMRS FUELHH
2022-03-29T02:00:00Z,Other,101.000,Elexon BMRS FUELHH
2022-03-29T02:00:00Z,Pumped Storage,-1432.000,Elexon BMRS FUELHH
2022-03-29T02:00:00Z,Wind,792.000,Elexon BMRS FUELHH
2022-03-29T02:30:00Z,Biomass,1954.000,Elexon BMRS FUELHH
2022-03-29T02:30:00Z,Coal,243.000,Elexon BMRS FUELHH
2022-03-29T02:30:00Z,Gas,13638.000,Elexon BMRS FUELHH
2022-03-29T02:30:00Z,Hydro,127.000,Elexon BMRS FUELHH
2022-03-29T02:30:00Z,Imports & Exports,1970.000,Elexon BMRS FUELHH
2022-03-29T02:30:00Z,Nuclear,5174.000,Elexon BMRS FUELHH
2022-03-29T02:30:00Z,Other,106.000,Elexon BMRS FUELHH
2022-03-29T02:30:00Z,Pumped Storage,-1418.000,Elexon BMRS FUELHH
2022-03-29T02:30:00Z,Wind,845.000,Elexon BMRS FUELHH
2022-03-29T03:00:00Z,Biomass,1861.000,Elexon BMRS FUELHH
2022-03-29T03:00:00Z,Coal,241.000,Elexon BMRS FUELHH
2022-03-29T03:00:00Z,Gas,14333.000,Elexon BMRS FUELHH
2022-03-29T03:00:00Z,Hydro,130.000,Elexon BMRS FUELHH
2022-03-29T03:00:00Z,Imports & Exports,1404.000,Elexon BMRS FUELHH
2022-03-29T03:00:00Z,Nuclear,5176.000,Elexon BMRS FUELHH
2022-03-29T03:00:00Z,Other,104.000,Elexon BMRS FUELHH
2022-03-29T03:00:00Z,Pumped Storage,-1408.000,Elexon BMRS FUELHH
2022-03-29T03:00:00Z,Wind,743.000,Elexon BMRS FUELHH
2022-03-29T03:30:00Z,Biomass,1872.000,Elexon BMRS FUELHH
2022-03-29T03:30:00Z,Coal,369.000,Elexon BMRS FUELHH
2022-03-29T03:30:00Z,Gas,14078.000,Elexon BMRS FUELHH
2022-03-29T03:30:00Z,Hydro,145.000,Elexon BMRS FUELHH
2022-03-29T03:30:00Z,Imports & Exports,1386.000,Elexon BMRS FUELHH
2022-03-29T03:30:00Z,Nuclear,5172.000,Elexon BMRS FUELHH
2022-03-29T03:30:00Z,Other,102.000,Elexon BMRS FUELHH
2022-03-29T03:30:00Z,Pumped Storage,-1154.000,Elexon BMRS FUELHH
2022-03-29T03:30:00Z,Wind,607.000,Elexon BMRS FUELHH
2022-03-29T04:00:00Z,Biomass,1884.000,Elexon BMRS FUELHH
2022-03-29T04:00:00Z,Coal,602.000,Elexon BMRS FUELHH
2022-03-29T04:00:00Z,Gas,15506.000,Elexon BMRS FUELHH
2022-03-29T04:00:00Z,Hydro,177.000,Elexon BMRS FUELHH
2022-03-29T04:00:00Z,Imports & Exports,-482.000,Elexon BMRS FUELHH
2022-03-29T04:00:00Z,Nuclear,5178.000,Elexon BMRS FUELHH
2022-03-29T04:00:00Z,Other,103.000,Elexon BMRS FUELHH
2022-03-29T04:00:00Z,Pumped Storage,-426.000,Elexon BMRS FUELHH
2022-03-29T04:00:00Z,Wind,630.000,Elexon BMRS FUELHH
2022-03-29T04:30:00Z,Biomass,1941.000,Elexon BMRS FUELHH
2022-03-29T04:30:00Z,Coal,905.000,Elexon BMRS FUELHH
2022-03-29T04:30:00Z,Gas,16264.000,Elexon BMRS FUELHH
2022-03-29T04:30:00Z,Hydro,196.000,Elexon BMRS FUELHH
2022-03-29T04:30:00Z,Imports & Exports,-746.000,Elexon BMRS FUELHH
2022-03-29T04:30:00Z,Nuclear,5182.000,Elexon BMRS FUELHH
2022-03-29T04:30:00Z,Other,102.000,Elexon BMRS FUELHH
2022-03-29T04:30:00Z,Pumped Storage,-130.000,Elexon BMRS FUELHH
2022-03-29T04:30:00Z,Wind,673.000,Elexon BMRS FUELHH
2022-03-29T05:00:00Z,Biomass,2059.000,Elexon BMRS FUELHH
2022-03-29T05:00:00Z,Coal,1102.000,Elexon BMRS FUELHH
2022-03-29T05:00:00Z,Gas,18772.000,Elexon BMRS FUELHH
2022-03-29T05:00:00Z,Hydro,327.000,Elexon BMRS FUELHH
2022-03-29T05:00:00Z,Imports & Exports,-1628.000,Elexon BMRS FUELHH
2022-03-29T05:00:00Z,Nuclear,5178.000,Elexon BMRS FUELHH
2022-03-29T05:00:00Z,Other,113.000,Elexon BMRS FUELHH
2022-03-29T05:00:00Z,Pumped Storage,108.000,Elexon BMRS FUELHH
2022-03-29T05:00:00Z,Wind,718.000,Elexon BMRS FUELHH
2022-03-29T05:30:00Z,Biomass,2071.000,Elexon BMRS FUELHH
2022-03-29T05:30:00Z,Coal,1405.000,Elexon BMRS FUELHH
2022-03-29T05:30:00Z,Gas,20709.000,Elexon BMRS FUELHH
2022-03-29T05:30:00Z,Hydro,344.000,Elexon BMRS FUELHH
2022-03-29T05:30:00Z,Imports & Exports,-1722.000,Elexon BMRS FUELHH
2022-03-29T05:30:00Z,Nuclear,5179.000,Elexon BMRS FUELHH
2022-03-29T05:30:00Z,Other,127.000,Elexon BMRS FUELHH
2022-03-29T05:30:00Z,Pumped Storage,254.000,Elexon BMRS FUELHH
2022-03-29T05:30:00Z,Wind,735.000,Elexon BMRS FUELHH
2022-03-29T06:00:00Z,Biomass,2073.000,Elexon BMRS FUELHH
2022-03-29T06:00:00Z,Coal,1582.000,Elexon BMRS FUELHH
2022-03-29T06:00:00Z,Gas,21322.000,Elexon BMRS FUELHH
2022-03-29T06:00:00Z,Hydro,377.000,Elexon BMRS FUELHH
2022-03-29T06:00:00Z,Imports & Exports,-84.000,Elexon BMRS FUELHH
2022-03-29T06:00:00Z,Nuclear,5182.000,Elexon BMRS FUELHH
2022-03-29T06:00:00Z,Other,142.000,Elexon BMRS FUELHH
2022-03-29T06:00:00Z,Pumped Storage,530.000,Elexon BMRS FUELHH
2022-03-29T06:00:00Z,Wind,857.000,Elexon BMRS FUELHH
2022-03-29T06:30:00Z,Biomass,2072.000,Elexon BMRS FUELHH
2022-03-29T06:30:00Z,Coal,1724.000,Elexon BMRS FUELHH
2022-03-29T06:30:00Z,Gas,21833.000,Elexon BMRS FUELHH
2022-03-29T06:30:00Z,Hydro,464.000,Elexon BMRS FUELHH
2022-03-29T06:30:00Z,Imports & Exports,-140.000,Elexon BMRS FUELHH
2022-03-29T06:30:00Z,Nuclear,5184.000,Elexon BMRS FUELHH
2022-03-29T06:30:00Z,Other,316.000,Elexon BMRS FUELHH
2022-03-29T06:30:00Z,Pumped Storage,980.000,Elexon BMRS FUELHH
2022-03-29T06:30:00Z,Wind,1066.000,Elexon BMRS FUELHH
2022-03-29T07:00:00Z,Biomass,2069.000,Elexon BMRS FUELHH
2022-03-29T07:00:00Z,Coal,1714.000,Elexon BMRS FUELHH
2022-03-29T07:00:00Z,Gas,21730.000,Elexon BMRS FUELHH
2022-03-29T07:00:00Z,Hydro,465.000,Elexon BMRS FUELHH
2022-03-29T07:00:00Z,Imports & Exports,1340.000,Elexon BMRS FUELHH
2022-03-29T07:00:00Z,Nuclear,5185.000,Elexon BMRS FUELHH
2022-03-29T07:00:00Z,Other,333.000,Elexon BMRS FUELHH
2022-03-29T07:00:00Z,Pumped Storage,894.000,Elexon BMRS FUELHH
2022-03-29T07:00:00Z,Wind,1183.000,Elexon BMRS FUELHH
2022-03-29T07:30:00Z,Biomass,2084.000,Elexon BMRS FUELHH
2022-03-29T07:30:00Z,Coal,1714.000,Elexon BMRS FUELHH
2022-03-29T07:30:00Z,Gas,21670.000,Elexon BMRS FUELHH
2022-03-29T07:30:00Z,Hydro,465.000,Elexon BMRS FUELHH
2022-03-29T07:30:00Z,Imports & Exports,1388.000,Elexon BMRS FUELHH
2022-03-29T07:30:00Z,Nuclear,5179.000,Elexon BMRS FUELHH
2022-03-29T07:30:00Z,Other,449.000,Elexon BMRS FUELHH
2022-03-29T07:30:00Z,Pumped Storage,672.000,Elexon BMRS FUELHH
2022-03-29T07:30:00Z,Wind,1219.000,Elexon BMRS FUELHH
2022-03-29T08:00:00Z,Biomass,2095.000,Elexon BMRS FUELHH
2022-03-29T08:00:00Z,Coal,1673.000,Elexon BMRS FUELHH
2022-03-29T08:00:00Z,Gas,21038.000,Elexon BMRS FUELHH
2022-03-29T08:00:00Z,Hydro,454.000,Elexon BMRS FUELHH
2022-03-29T08:00:00Z,Imports & Exports,3054.000,Elexon BMRS FUELHH
2022-03-29T08:00:00Z,Nuclear,5190.000,Elexon BMRS FUELHH
2022-03-29T08:00:00Z,Other,443.000,Elexon BMRS FUELHH
2022-03-29T08:00:00Z,Pumped Storage,778.000,Elexon BMRS FUELHH
2022-03-29T08:00:00Z,Wind,1463.000,Elexon BMRS FUELHH
2022-03-29T08:30:00Z,Biomass,2095.000,Elexon BMRS FUELHH
2022-03-29T08:30:00Z,Coal,1715.000,Elexon BMRS FUELHH
2022-03-29T08:30:00Z,Gas,21472.000,Elexon BMRS FUELHH
2022-03-29T08:30:00Z,Hydro,448.000,Elexon BMRS FUELHH
2022-03-29T08:30:00Z,Imports & Exports,3090.000,Elexon BMRS FUELHH
2022-03-29T08:30:00Z,Nuclear,5196.000,Elexon BMRS FUELHH
2022-03-29T08:30:00Z,Other,326.000,Elexon BMRS FUELHH
2022-03-29T08:30:00Z,Pumped Storage,380.000,Elexon BMRS FUELHH
2022-03-29T08:30:00Z,Wind,1492.000,Elexon BMRS FUELHH
2022-03-29T09:00:00Z,Biomass,2092.000,Elexon BMRS FUELHH
2022-03-29T09:00:00Z,Coal,1831.000,Elexon BMRS FUELHH
2022-03-29T09:00:00Z,Gas,22008.000,Elexon BMRS FUELHH
2022-03-29T09:00:00Z,Hydro,394.000,Elexon BMRS FUELHH
2022-03-29T09:00:00Z,Imports & Exports,2716.000,Elexon BMRS FUELHH
2022-03-29T09:00:00Z,Nuclear,5198.000,Elexon BMRS FUELHH
2022-03-29T09:00:00Z,Other,226.000,Elexon BMRS FUELHH
2022-03-29T09:00:00Z,Pumped Storage,220.000,Elexon BMRS FUELHH
2022-03-29T09:00:00Z,Wind,1287.000,Elexon BMRS FUELHH
2022-03-29T09:30:00Z,Biomass,2062.000,Elexon BMRS FUELHH
2022-03-29T09:30:00Z,Coal,1832.000,Elexon BMRS FUELHH
2022-03-29T09:30:00Z,Gas,22120.000,Elexon BMRS FUELHH
2022-03-29T09:30:00Z,Hydro,363.000,Elexon BMRS FUELHH
2022-03-29T09:30:00Z,Imports & Exports,2700.000,Elexon BMRS FUELHH
2022-03-29T09:30:00Z,Nuclear,5220.000,Elexon BMRS FUELHH
2022-03-29T09:30:00Z,Other,169.000,Elexon BMRS FUELHH
2022-03-29T09:30:00Z,Pumped Storage,276.000,Elexon BMRS FUELHH
2022-03-29T09:30:00Z,Wind,1153.000,Elexon BMRS FUELHH
2022-03-29T10:00:00Z,Biomass,2059.000,Elexon BMRS FUELHH
2022-03-29T10:00:00Z,Coal,1948.000,Elexon BMRS FUELHH
2022-03-29T10:00:00Z,Gas,21826.000,Elexon BMRS FUELHH
2022-03-29T10:00:00Z,Hydro,303.000,Elexon BMRS FUELHH
2022-03-29T10:00:00Z,Imports & Exports,2734.000,Elexon BMRS FUELHH
2022-03-29T10:00:00Z,Nuclear,5217.000,Elexon BMRS FUELHH
2022-03-29T10:00:00Z,Other,196.000,Elexon BMRS FUELHH
2022-03-29T10:00:00Z,Pumped Storage,10.000,Elexon BMRS FUELHH
2022-03-29T10:00:00Z,Wind,1124.000,Elexon BMRS FUELHH
2022-03-29T10:30:00Z,Biomass,2061.000,Elexon BMRS FUELHH
2022-03-29T10:30:00Z,Coal,1876.000,Elexon BMRS FUELHH
2022-03-29T10:30:00Z,Gas,21739.000,Elexon BMRS FUELHH
2022-03-29T10:30:00Z,Hydro,260.000,Elexon BMRS FUELHH
2022-03-29T10:30:00Z,Imports & Exports,2768.000,Elexon BMRS FUELHH
2022-03-29T10:30:00Z,Nuclear,5210.000,Elexon BMRS FUELHH
2022-03-29T10:30:00Z,Other,127.000,Elexon BMRS FUELHH
2022-03-29T10:30:00Z,Pumped Storage,-8.000,Elexon BMRS FUELHH
2022-03-29T10:30:00Z,Wind,1157.000,Elexon BMRS FUELHH
2022-03-29T11:00:00Z,Biomass,2062.000,Elexon BMRS FUELHH
2022-03-29T11:00:00Z,Coal,1958.000,Elexon BMRS FUELHH
2022-03-29T11:00:00Z,Gas,20956.000,Elexon BMRS FUELHH
2022-03-29T11:00:00Z,Hydro,266.000,Elexon BMRS FUELHH
2022-03-29T11:00:00Z,Imports & Exports,3580.000,Elexon BMRS FUELHH
2022-03-29T11:00:00Z,Nuclear,5216.000,Elexon BMRS FUELHH
2022-03-29T11:00:00Z,Other,165.000,Elexon BMRS FUELHH
2022-03-29T11:00:00Z,Pumped Storage,36.000,Elexon BMRS FUELHH
2022-03-29T11:00:00Z,Wind,1367.000,Elexon BMRS FUELHH
2022-03-29T11:30:00Z,Biomass,2047.000,Elexon BMRS FUELHH
2022-03-29T11:30:00Z,Coal,1963.000,Elexon BMRS FUELHH
2022-03-29T11:30:00Z,Gas,20786.000,Elexon BMRS FUELHH
2022-03-29T11:30:00Z,Hydro,207.000,Elexon BMRS FUELHH
2022-03-29T11:30:00Z,Imports & Exports,3560.000,Elexon BMRS FUELHH
2022-03-29T11:30:00Z,Nuclear,5225.000,Elexon BMRS FUELHH
2022-03-29T11:30:00Z,Other,113.000,Elexon BMRS FUELHH
2022-03-29T11:30:00Z,Pumped Storage,30.000,Elexon BMRS FUELHH
2022-03-29T11:30:00Z,Wind,1529.000,Elexon BMRS FUELHH
2022-03-29T12:00:00Z,Biomass,1965.000,Elexon BMRS FUELHH
2022-03-29T12:00:00Z,Coal,1962.000,Elexon BMRS FUELHH
2022-03-29T12:00:00Z,Gas,21095.000,Elexon BMRS FUELHH
2022-03-29T12:00:00Z,Hydro,275.000,Elexon BMRS FUELHH
2022-03-29T12:00:00Z,Imports & Exports,2168.000,Elexon BMRS FUELHH
2022-03-29T12:00:00Z,Nuclear,5228.000,Elexon BMRS FUELHH
2022-03-29T12:00:00Z,Other,334.000,Elexon BMRS FUELHH
2022-03-29T12:00:00Z,Pumped Storage,152.000,Elexon BMRS FUELHH
2022-03-29T12:00:00Z,Wind,1598.000,Elexon BMRS FUELHH
2022-03-29T12:30:00Z,Biomass,1962.000,Elexon BMRS FUELHH
2022-03-29T12:30:00Z,Coal,1966.000,Elexon BMRS FUELHH
2022-03-29T12:30:00Z,Gas,21113.000,Elexon BMRS FUELHH
2022-03-29T12:30:00Z,Hydro,244.000,Elexon BMRS FUELHH
2022-03-29T12:30:00Z,Imports & Exports,2100.000,Elexon BMRS FUELHH
2022-03-29T12:30:00Z,Nuclear,5218.000,Elexon BMRS FUELHH
2022-03-29T12:30:00Z,Other,147.000,Elexon BMRS FUELHH
2022-03-29T12:30:00Z,Pumped Storage,10.000,Elexon BMRS FUELHH
2022-03-29T12:30:00Z,Wind,1420.000,Elexon BMRS FUELHH
2022-03-29T13:00:00Z,Biomass,1974.000,Elexon BMRS FUELHH
2022-03-29T13:00:00Z,Coal,1962.000,Elexon BMRS FUELHH
2022-03-29T13:00:00Z,Gas,21101.000,Elexon BMRS FUELHH
2022-03-29T13:00:00Z,Hydro,276.000,Elexon BMRS FUELHH
2022-03-29T13:00:00Z,Imports & Exports,1834.000,Elexon BMRS FUELHH
2022-03-29T13:00:00Z,Nuclear,5221.000,Elexon BMRS FUELHH
2022-03-29T13:00:00Z,Other,115.000,Elexon BMRS FUELHH
2022-03-29T13:00:00Z,Pumped Storage,264.000,Elexon BMRS FUELHH
2022-03-29T13:00:00Z,Wind,1242.000,Elexon BMRS FUELHH
2022-03-29T13:30:00Z,Biomass,2059.000,Elexon BMRS FUELHH
2022-03-29T13:30:00Z,Coal,1966.000,Elexon BMRS FUELHH
2022-03-29T13:30:00Z,Gas,21056.000,Elexon BMRS FUELHH
2022-03-29T13:30:00Z,Hydro,313.000,Elexon BMRS FUELHH
2022-03-29T13:30:00Z,Imports & Exports,1806.000,Elexon BMRS FUELHH
2022-03-29T13:30:00Z,Nuclear,5218.000,Elexon BMRS FUELHH
2022-03-29T13:30:00Z,Other,108.000,Elexon BMRS FUELHH
2022-03-29T13:30:00Z,Pumped Storage,22.000,Elexon BMRS FUELHH
2022-03-29T13:30:00Z,Wind,1251.000,Elexon BMRS FUELHH
2022-03-29T14:00:00Z,Biomass,2061.000,Elexon BMRS FUELHH
2022-03-29T14:00:00Z,Coal,1964.000,Elexon BMRS FUELHH
2022-03-29T14:00:00Z,Gas,20993.000,Elexon BMRS FUELHH
2022-03-29T14:00:00Z,Hydro,310.000,Elexon BMRS FUELHH
2022-03-29T14:00:00Z,Imports & Exports,1388.000,Elexon BMRS FUELHH
2022-03-29T14:00:00Z,Nuclear,5222.000,Elexon BMRS FUELHH
2022-03-29T14:00:00Z,Other,110.000,Elexon BMRS FUELHH
2022-03-29T14:00:00Z,Pumped Storage,296.000,Elexon BMRS FUELHH
2022-03-29T14:00:00Z,Wind,1210.000,Elexon BMRS FUELHH
2022-03-29T14:30:00Z,Biomass,2063.000,Elexon BMRS FUELHH
2022-03-29T14:30:00Z,Coal,1967.000,Elexon BMRS FUELHH
2022-03-29T14:30:00Z,Gas,21094.000,Elexon BMRS FUELHH
2022-03-29T14:30:00Z,Hydro,323.000,Elexon BMRS FUELHH
2022-03-29T14:30:00Z,Imports & Exports,1452.000,Elexon BMRS FUELHH
2022-03-29T14:30:00Z,Nuclear,5227.000,Elexon BMRS FUELHH
2022-03-29T14:30:00Z,Other,130.000,Elexon BMRS FUELHH
2022-03-29T14:30:00Z,Pumped Storage,472.000,Elexon BMRS FUELHH
2022-03-29T14:30:00Z,Wind,1185.000,Elexon BMRS FUELHH
2022-03-29T15:00:00Z,Biomass,2061.000,Elexon BMRS FUELHH
2022-03-29T15:00:00Z,Coal,1965.000,Elexon BMRS FUELHH
2022-03-29T15:00:00Z,Gas,20661.000,Elexon BMRS FUELHH
2022-03-29T15:00:00Z,Hydro,379.000,Elexon BMRS FUELHH
2022-03-29T15:00:00Z,Imports & Exports,2978.000,Elexon BMRS FUELHH
2022-03-29T15:00:00Z,Nuclear,5229.000,Elexon BMRS FUELHH
2022-03-29T15:00:00Z,Other,135.000,Elexon BMRS FUELHH
2022-03-29T15:00:00Z,Pumped Storage,236.000,Elexon BMRS FUELHH
2022-03-29T15:00:00Z,Wind,1247.000,Elexon BMRS FUELHH
2022-03-29T15:30:00Z,Biomass,2062.000,Elexon BMRS FUELHH
2022-03-29T15:30:00Z,Coal,1968.000,Elexon BMRS FUELHH
2022-03-29T15:30:00Z,Gas,20894.000,Elexon BMRS FUELHH
2022-03-29T15:30:00Z,Hydro,423.000,Elexon BMRS FUELHH
2022-03-29T15:30:00Z,Imports & Exports,3056.000,Elexon BMRS FUELHH
2022-03-29T15:30:00Z,Nuclear,5225.000,Elexon BMRS FUELHH
2022-03-29T15:30:00Z,Other,166.000,Elexon BMRS FUELHH
2022-03-29T15:30:00Z,Pumped Storage,306.000,Elexon BMRS FUELHH
2022-03-29T15:30:00Z,Wind,1267.000,Elexon BMRS FUELHH
2022-03-29T16:00:00Z,Biomass,2063.000,Elexon BMRS FUELHH
2022-03-29T16:00:00Z,Coal,1968.000,Elexon BMRS FUELHH
2022-03-29T16:00:00Z,Gas,20883.000,Elexon BMRS FUELHH
2022-03-29T16:00:00Z,Hydro,501.000,Elexon BMRS FUELHH
2022-03-29T16:00:00Z,Imports & Exports,2728.000,Elexon BMRS FUELHH
2022-03-29T16:00:00Z,Nuclear,5223.000,Elexon BMRS FUELHH
2022-03-29T16:00:00Z,Other,171.000,Elexon BMRS FUELHH
2022-03-29T16:00:00Z,Pumped Storage,1116.000,Elexon BMRS FUELHH
2022-03-29T16:00:00Z,Wind,1368.000,Elexon BMRS FUELHH
2022-03-29T16:30:00Z,Biomass,2061.000,Elexon BMRS FUELHH
2022-03-29T16:30:00Z,Coal,1965.000,Elexon BMRS FUELHH
2022-03-29T16:30:00Z,Gas,20747.000,Elexon BMRS FUELHH
2022-03-29T16:30:00Z,Hydro,515.000,Elexon BMRS FUELHH
2022-03-29T16:30:00Z,Imports & Exports,2726.000,Elexon BMRS FUELHH
2022-03-29T16:30:00Z,Nuclear,5222.000,Elexon BMRS FUELHH
2022-03-29T16:30:00Z,Other,303.000,Elexon BMRS FUELHH
2022-03-29T16:30:00Z,Pumped Storage,1200.000,Elexon BMRS FUELHH
2022-03-29T16:30:00Z,Wind,1509.000,Elexon BMRS FUELHH
2022-03-29T17:00:00Z,Biomass,2062.000,Elexon BMRS FUELHH
2022-03-29T17:00:00Z,Coal,1967.000,Elexon BMRS FUELHH
2022-03-29T17:00:00Z,Gas,20678.000,Elexon BMRS FUELHH
2022-03-29T17:00:00Z,Hydro,587.000,Elexon BMRS FUELHH
2022-03-29T17:00:00Z,Imports & Exports,2220.000,Elexon BMRS FUELHH
2022-03-29T17:00:00Z,Nuclear,5218.000,Elexon BMRS FUELHH
2022-03-29T17:00:00Z,Other,372.000,Elexon BMRS FUELHH
2022-03-29T17:00:00Z,Pumped Storage,1754.000,Elexon BMRS FUELHH
2022-03-29T17:00:00Z,Wind,1861.000,Elexon BMRS FUELHH
2022-03-29T17:30:00Z,Biomass,2058.000,Elexon BMRS FUELHH
2022-03-29T17:30:00Z,Coal,1966.000,Elexon BMRS FUELHH
2022-03-29T17:30:00Z,Gas,20802.000,Elexon BMRS FUELHH
2022-03-29T17:30:00Z,Hydro,606.000,Elexon BMRS FUELHH
2022-03-29T17:30:00Z,Imports & Exports,2122.000,Elexon BMRS FUELHH
2022-03-29T17:30:00Z,Nuclear,5213.000,Elexon BMRS FUELHH
2022-03-29T17:30:00Z,Other,394.000,Elexon BMRS FUELHH
2022-03-29T17:30:00Z,Pumped Storage,1884.000,Elexon BMRS FUELHH
2022-03-29T17:30:00Z,Wind,1855.000,Elexon BMRS FUELHH
2022-03-29T18:00:00Z,Biomass,2051.000,Elexon BMRS FUELHH
2022-03-29T18:00:00Z,Coal,1973.000,Elexon BMRS FUELHH
2022-03-29T18:00:00Z,Gas,21058.000,Elexon BMRS FUELHH
2022-03-29T18:00:00Z,Hydro,592.000,Elexon BMRS FUELHH
2022-03-29T18:00:00Z,Imports & Exports,1706.000,Elexon BMRS FUELHH
2022-03-29T18:00:00Z,Nuclear,5217.000,Elexon BMRS FUELHH
2022-03-29T18:00:00Z,Other,586.000,Elexon BMRS FUELHH
2022-03-29T18:00:00Z,Pumped Storage,1472.000,Elexon BMRS FUELHH
2022-03-29T18:00:00Z,Wind,2021.000,Elexon BMRS FUELHH
2022-03-29T18:30:00Z,Biomass,2023.000,Elexon BMRS FUELHH
2022-03-29T18:30:00Z,Coal,1972.000,Elexon BMRS FUELHH
2022-03-29T18:30:00Z,Gas,21049.000,Elexon BMRS FUELHH
2022-03-29T18:30:00Z,Hydro,602.000,Elexon BMRS FUELHH
2022-03-29T18:30:00Z,Imports & Exports,1758.000,Elexon BMRS FUELHH
2022-03-29T18:30:00Z,Nuclear,5214.000,Elexon BMRS FUELHH
2022-03-29T18:30:00Z,Other,594.000,Elexon BMRS FUELHH
2022-03-29T18:30:00Z,Pumped Storage,710.000,Elexon BMRS FUELHH
2022-03-29T18:30:00Z,Wind,2421.000,Elexon BMRS FUELHH
2022-03-29T19:00:00Z,Biomass,1978.000,Elexon BMRS FUELHH
2022-03-29T19:00:00Z,Coal,1969.000,Elexon BMRS FUELHH
2022-03-29T19:00:00Z,Gas,20954.000,Elexon BMRS FUELHH
2022-03-29T19:00:00Z,Hydro,591.000,Elexon BMRS FUELHH
2022-03-29T19:00:00Z,Imports & Exports,1814.000,Elexon BMRS FUELHH
2022-03-29T19:00:00Z,Nuclear,5211.000,Elexon BMRS FUELHH
2022-03-29T19:00:00Z,Other,323.000,Elexon BMRS FUELHH
2022-03-29T19:00:00Z,Pumped Storage,840.000,Elexon BMRS FUELHH
2022-03-29T19:00:00Z,Wind,2535.000,Elexon BMRS FUELHH
2022-03-29T19:30:00Z,Biomass,2012.000,Elexon BMRS FUELHH
2022-03-29T19:30:00Z,Coal,1967.000,Elexon BMRS FUELHH
2022-03-29T19:30:00Z,Gas,20872.000,Elexon BMRS FUELHH
2022-03-29T19:30:00Z,Hydro,486.000,Elexon BMRS FUELHH
2022-03-29T19:30:00Z,Imports & Exports,1740.000,Elexon BMRS FUELHH
2022-03-29T19:30:00Z,Nuclear,5217.000,Elexon BMRS FUELHH
2022-03-29T19:30:00Z,Other,220.000,Elexon BMRS FUELHH
2022-03-29T19:30:00Z,Pumped Storage,58.000,Elexon BMRS FUELHH
2022-03-29T19:30:00Z,Wind,2545.000,Elexon BMRS FUELHH
2022-03-29T20:00:00Z,Biomass,2056.000,Elexon BMRS FUELHH
2022-03-29T20:00:00Z,Coal,1789.000,Elexon BMRS FUELHH
2022-03-29T20:00:00Z,Gas,20731.000,Elexon BMRS FUELHH
2022-03-29T20:00:00Z,Hydro,306.000,Elexon BMRS FUELHH
2022-03-29T20:00:00Z,Imports & Exports,692.000,Elexon BMRS FUELHH
2022-03-29T20:00:00Z,Nuclear,5215.000,Elexon BMRS FUELHH
2022-03-29T20:00:00Z,Other,187.000,Elexon BMRS FUELHH
2022-03-29T20:00:00Z,Pumped Storage,120.000,Elexon BMRS FUELHH
2022-03-29T20:00:00Z,Wind,2335.000,Elexon BMRS FUELHH
2022-03-29T20:30:00Z,Biomass,2057.000,Elexon BMRS FUELHH
2022-03-29T20:30:00Z,Coal,1290.000,Elexon BMRS FUELHH
2022-03-29T20:30:00Z,Gas,19461.000,Elexon BMRS FUELHH
2022-03-29T20:30:00Z,Hydro,289.000,Elexon BMRS FUELHH
2022-03-29T20:30:00Z,Imports & Exports,782.000,Elexon BMRS FUELHH
2022-03-29T20:30:00Z,Nuclear,5222.000,Elexon BMRS FUELHH
2022-03-29T20:30:00Z,Other,127.000,Elexon BMRS FUELHH
2022-03-29T20:30:00Z,Pumped Storage,-10.000,Elexon BMRS FUELHH
2022-03-29T20:30:00Z,Wind,2628.000,Elexon BMRS FUELHH
2022-03-29T21:00:00Z,Biomass,2044.000,Elexon BMRS FUELHH
2022-03-29T21:00:00Z,Coal,816.000,Elexon BMRS FUELHH
2022-03-29T21:00:00Z,Gas,17688.000,Elexon BMRS FUELHH
2022-03-29T21:00:00Z,Hydro,292.000,Elexon BMRS FUELHH
2022-03-29T21:00:00Z,Imports & Exports,858.000,Elexon BMRS FUELHH
2022-03-29T21:00:00Z,Nuclear,5223.000,Elexon BMRS FUELHH
2022-03-29T21:00:00Z,Other,116.000,Elexon BMRS FUELHH
2022-03-29T21:00:00Z,Pumped Storage,78.000,Elexon BMRS FUELHH
2022-03-29T21:00:00Z,Wind,2870.000,Elexon BMRS FUELHH
2022-03-29T21:30:00Z,Biomass,2019.000,Elexon BMRS FUELHH
2022-03-29T21:30:00Z,Coal,502.000,Elexon BMRS FUELHH
2022-03-29T21:30:00Z,Gas,16252.000,Elexon BMRS FUELHH
2022-03-29T21:30:00Z,Hydro,290.000,Elexon BMRS FUELHH
2022-03-29T21:30:00Z,Imports & Exports,1044.000,Elexon BMRS FUELHH
2022-03-29T21:30:00Z,Nuclear,5218.000,Elexon BMRS FUELHH
2022-03-29T21:30:00Z,Other,122.000,Elexon BMRS FUELHH
2022-03-29T21:30:00Z,Pumped Storage,40.000,Elexon BMRS FUELHH
2022-03-29T21:30:00Z,Wind,2645.000,Elexon BMRS FUELHH
2022-03-29T22:00:00Z,Biomass,1912.000,Elexon BMRS FUELHH
2022-03-29T22:00:00Z,Coal,492.000,Elexon BMRS FUELHH
2022-03-29T22:00:00Z,Gas,13291.000,Elexon BMRS FUELHH
2022-03-29T22:00:00Z,Hydro,272.000,Elexon BMRS FUELHH
2022-03-29T22:00:00Z,Imports & Exports,2356.000,Elexon BMRS FUELHH
2022-03-29T22:00:00Z,Nuclear,5223.000,Elexon BMRS FUELHH
2022-03-29T22:00:00Z,Other,113.000,Elexon BMRS FUELHH
2022-03-29T22:00:00Z,Pumped Storage,-164.000,Elexon BMRS FUELHH
2022-03-29T22:00:00Z,Wind,2869.000,Elexon BMRS FUELHH
2022-03-29T22:30:00Z,Biomass,1908.000,Elexon BMRS FUELHH
2022-03-29T22:30:00Z,Coal,499.000,Elexon BMRS FUELHH
2022-03-29T22:30:00Z,Gas,12009.000,Elexon BMRS FUELHH
2022-03-29T22:30:00Z,Hydro,271.000,Elexon BMRS FUELHH
2022-03-29T22:30:00Z,Imports & Exports,2356.000,Elexon BMRS FUELHH
2022-03-29T22:30:00Z,Nuclear,5218.000,Elexon BMRS FUELHH
2022-03-29T22:30:00Z,Other,115.000,Elexon BMRS FUELHH
2022-03-29T22:30:00Z,Pumped Storage,-266.000,Elexon BMRS FUELHH
2022-03-29T22:30:00Z,Wind,2988.000,Elexon BMRS FUELHH
2022-03-29T23:00:00Z,Biomass,1908.000,Elexon BMRS FUELHH
2022-03-29T23:00:00Z,Coal,504.000,Elexon BMRS FUELHH
2022-03-29T23:00:00Z,Gas,12347.000,Elexon BMRS FUELHH
2022-03-29T23:00:00Z,Hydro,256.000,Elexon BMRS FUELHH
2022-03-29T23:00:00Z,Imports & Exports,1586.000,Elexon BMRS FUELHH
2022-03-29T23:00:00Z,Nuclear,5215.000,Elexon BMRS FUELHH
2022-03-29T23:00:00Z,Other,115.000,Elexon BMRS FUELHH
2022-03-29T23:00:00Z,Pumped Storage,-674.000,Elexon BMRS FUELHH
2022-03-29T23:00:00Z,Wind,2723.000,Elexon BMRS FUELHH
2022-03-29T23:30:00Z,Biomass,1987.000,Elexon BMRS FUELHH
2022-03-29T23:30:00Z,Coal,496.000,Elexon BMRS FUELHH
2022-03-29T23:30:00Z,Gas,12398.000,Elexon BMRS FUELHH
2022-03-29T23:30:00Z,Hydro,255.000,Elexon BMRS FUELHH
2022-03-29T23:30:00Z,Imports & Exports,1526.000,Elexon BMRS FUELHH
2022-03-29T23:30:00Z,Nuclear,5219.000,Elexon BMRS FUELHH
2022-03-29T23:30:00Z,Other,115.000,Elexon BMRS FUELHH
2022-03-29T23:30:00Z,Pumped Storage,-932.000,Elexon BMRS FUELHH
2022-03-29T23:30:00Z,Wind,2629.000,Elexon BMRS FUELHH
2022-03-30T00:00:00Z,Biomass,2027.000,Elexon BMRS FUELHH
2022-03-30T00:00:00Z,Coal,491.000,Elexon BMRS FUELHH
2022-03-30T00:00:00Z,Gas,12097.000,Elexon BMRS FUELHH
2022-03-30T00:00:00Z,Hydro,256.000,Elexon BMRS FUELHH
2022-03-30T00:00:00Z,Imports & Exports,1906.000,Elexon BMRS FUELHH
2022-03-30T00:00:00Z,Nuclear,5224.000,Elexon BMRS FUELHH
2022-03-30T00:00:00Z,Other,115.000,Elexon BMRS FUELHH
2022-03-30T00:00:00Z,Pumped Storage,-1212.000,Elexon BMRS FUELHH
2022-03-30T00:00:00Z,Wind,2812.000,Elexon BMRS FUELHH
2022-03-30T00:30:00Z,Biomass,2037.000,Elexon BMRS FUELHH
2022-03-30T00:30:00Z,Coal,498.000,Elexon BMRS FUELHH
2022-03-30T00:30:00Z,Gas,12188.000,Elexon BMRS FUELHH
2022-03-30T00:30:00Z,Hydro,256.000,Elexon BMRS FUELHH
2022-03-30T00:30:00Z,Imports & Exports,1988.000,Elexon BMRS FUELHH
2022-03-30T00:30:00Z,Nuclear,5214.000,Elexon BMRS FUELHH
2022-03-30T00:30:00Z,Other,123.000,Elexon BMRS FUELHH
2022-03-30T00:30:00Z,Pumped Storage,-1070.000,Elexon BMRS FUELHH
2022-03-30T00:30:00Z,Wind,2850.000,Elexon BMRS FUELHH
2022-03-30T01:00:00Z,Biomass,2043.000,Elexon BMRS FUELHH
2022-03-30T01:00:00Z,Coal,499.000,Elexon BMRS FUELHH
2022-03-30T01:00:00Z,Gas,11616.000,Elexon BMRS FUELHH
2022-03-30T01:00:00Z,Hydro,256.000,Elexon BMRS FUELHH
2022-03-30T01:00:00Z,Imports & Exports,2732.000,Elexon BMRS FUELHH
2022-03-30T01:00:00Z,Nuclear,5225.000,Elexon BMRS FUELHH
2022-03-30T01:00:00Z,Other,115.000,Elexon BMRS FUELHH
2022-03-30T01:00:00Z,Pumped Storage,-1454.000,Elexon BMRS FUELHH
2022-03-30T01:00:00Z,Wind,3044.000,Elexon BMRS FUELHH
2022-03-30T01:30:00Z,Biomass,2057.000,Elexon BMRS FUELHH
2022-03-30T01:30:00Z,Coal,500.000,Elexon BMRS FUELHH
2022-03-30T01:30:00Z,Gas,11168.000,Elexon BMRS FUELHH
2022-03-30T01:30:00Z,Hydro,255.000,Elexon BMRS FUELHH
2022-03-30T01:30:00Z,Imports & Exports,2772.000,Elexon BMRS FUELHH
2022-03-30T01:30:00Z,Nuclear,5226.000,Elexon BMRS FUELHH
2022-03-30T01:30:00Z,Other,116.000,Elexon BMRS FUELHH
2022-03-30T01:30:00Z,Pumped Storage,-1610.000,Elexon BMRS FUELHH
2022-03-30T01:30:00Z,Wind,3206.000,Elexon BMRS FUELHH
2022-03-30T02:00:00Z,Biomass,2047.000,Elexon BMRS FUELHH
2022-03-30T02:00:00Z,Coal,499.000,Elexon BMRS FUELHH
2022-03-30T02:00:00Z,Gas,11596.000,Elexon BMRS FUELHH
2022-03-30T02:00:00Z,Hydro,255.000,Elexon BMRS FUELHH
2022-03-30T02:00:00Z,Imports & Exports,1946.000,Elexon BMRS FUELHH
2022-03-30T02:00:00Z,Nuclear,5225.000,Elexon BMRS FUELHH
2022-03-30T02:00:00Z,Other,128.000,Elexon BMRS FUELHH
2022-03-30T02:00:00Z,Pumped Storage,-1300.000,Elexon BMRS FUELHH
2022-03-30T02:00:00Z,Wind,2993.000,Elexon BMRS FUELHH
2022-03-30T02:30:00Z,Biomass,2049.000,Elexon BMRS FUELHH
2022-03-30T02:30:00Z,Coal,499.000,Elexon BMRS FUELHH
2022-03-30T02:30:00Z,Gas,11511.000,Elexon BMRS FUELHH
2022-03-30T02:30:00Z,Hydro,253.000,Elexon BMRS FUELHH
2022-03-30T02:30:00Z,Imports & Exports,1942.000,Elexon BMRS FUELHH
2022-03-30T02:30:00Z,Nuclear,5233.000,Elexon BMRS FUELHH
2022-03-30T02:30:00Z,Other,114.000,Elexon BMRS FUELHH
2022-03-30T02:30:00Z,Pumped Storage,-1332.000,Elexon BMRS FUELHH
2022-03-30T02:30:00Z,Wind,3196.000,Elexon BMRS FUELHH
2022-03-30T03:00:00Z,Biomass,2042.000,Elexon BMRS FUELHH
2022-03-30T03:00:00Z,Coal,499.000,Elexon BMRS FUELHH
2022-03-30T03:00:00Z,Gas,11649.000,Elexon BMRS FUELHH
2022-03-30T03:00:00Z,Hydro,254.000,Elexon BMRS FUELHH
2022-03-30T03:00:00Z,Imports & Exports,918.000,Elexon BMRS FUELHH
2022-03-30T03:00:00Z,Nuclear,5226.000,Elexon BMRS FUELHH
2022-03-30T03:00:00Z,Other,123.000,Elexon BMRS FUELHH
2022-03-30T03:00:00Z,Pumped Storage,-1008.000,Elexon BMRS FUELHH
2022-03-30T03:00:00Z,Wind,3536.000,Elexon BMRS FUELHH
2022-03-30T03:30:00Z,Biomass,2025.000,Elexon BMRS FUELHH
2022-03-30T03:30:00Z,Coal,501.000,Elexon BMRS FUELHH
2022-03-30T03:30:00Z,Gas,11612.000,Elexon BMRS FUELHH
2022-03-30T03:30:00Z,Hydro,254.000,Elexon BMRS FUELHH
2022-03-30T03:30:00Z,Imports & Exports,874.000,Elexon BMRS FUELHH
2022-03-30T03:30:00Z,Nuclear,5226.000,Elexon BMRS FUELHH
2022-03-30T03:30:00Z,Other,117.000,Elexon BMRS FUELHH
2022-03-30T03:30:00Z,Pumped Storage,-788.000,Elexon BMRS FUELHH
2022-03-30T03:30:00Z,Wind,3475.000,Elexon BMRS FUELHH
2022-03-30T04:00:00Z,Biomass,2024.000,Elexon BMRS FUELHH
2022-03-30T04:00:00Z,Coal,634.000,Elexon BMRS FUELHH
2022-03-30T04:00:00Z,Gas,12152.000,Elexon BMRS FUELHH
2022-03-30T04:00:00Z,Hydro,286.000,Elexon BMRS FUELHH
2022-03-30T04:00:00Z,Imports & Exports,-62.000,Elexon BMRS FUELHH
2022-03-30T04:00:00Z,Nuclear,5226.000,Elexon BMRS FUELHH
2022-03-30T04:00:00Z,Other,191.000,Elexon BMRS FUELHH
2022-03-30T04:00:00Z,Pumped Storage,-72.000,Elexon BMRS FUELHH
2022-03-30T04:00:00Z,Wind,3449.000,Elexon BMRS FUELHH
2022-03-30T04:30:00Z,Biomass,2022.000,Elexon BMRS FUELHH
2022-03-30T04:30:00Z,Coal,906.000,Elexon BMRS FUELHH
2022-03-30T04:30:00Z,Gas,12832.000,Elexon BMRS FUELHH
2022-03-30T04:30:00Z,Hydro,298.000,Elexon BMRS FUELHH
2022-03-30T04:30:00Z,Imports & Exports,-110.000,Elexon BMRS FUELHH
2022-03-30T04:30:00Z,Nuclear,5229.000,Elexon BMRS FUELHH
2022-03-30T04:30:00Z,Other,342.000,Elexon BMRS FUELHH
2022-03-30T04:30:00Z,Pumped Storage,-168.000,Elexon BMRS FUELHH
2022-03-30T04:30:00Z,Wind,4058.000,Elexon BMRS FUELHH
2022-03-30T05:00:00Z,Biomass,2023.000,Elexon BMRS FUELHH
2022-03-30T05:00:00Z,Coal,1140.000,Elexon BMRS FUELHH
2022-03-30T05:00:00Z,Gas,15282.000,Elexon BMRS FUELHH
2022-03-30T05:00:00Z,Hydro,384.000,Elexon BMRS FUELHH
2022-03-30T05:00:00Z,Imports & Exports,-1104.000,Elexon BMRS FUELHH
2022-03-30T05:00:00Z,Nuclear,5227.000,Elexon BMRS FUELHH
2022-03-30T05:00:00Z,Other,263.000,Elexon BMRS FUELHH
2022-03-30T05:00:00Z,Pumped Storage,-64.000,Elexon BMRS FUELHH
2022-03-30T05:00:00Z,Wind,4649.000,Elexon BMRS FUELHH
2022-03-30T05:30:00Z,Biomass,2024.000,Elexon BMRS FUELHH
2022-03-30T05:30:00Z,Coal,1393.000,Elexon BMRS FUELHH
2022-03-30T05:30:00Z,Gas,17500.000,Elexon BMRS FUELHH
2022-03-30T05:30:00Z,Hydro,401.000,Elexon BMRS FUELHH
2022-03-30T05:30:00Z,Imports & Exports,-1236.000,Elexon BMRS FUELHH
2022-03-30T05:30:00Z,Nuclear,5227.000,Elexon BMRS FUELHH
2022-03-30T05:30:00Z,Other,117.000,Elexon BMRS FUELHH
2022-03-30T05:30:00Z,Pumped Storage,100.000,Elexon BMRS FUELHH
2022-03-30T05:30:00Z,Wind,4744.000,Elexon BMRS FUELHH
2022-03-30T06:00:00Z,Biomass,2027.000,Elexon BMRS FUELHH
2022-03-30T06:00:00Z,Coal,1589.000,Elexon BMRS FUELHH
2022-03-30T06:00:00Z,Gas,18795.000,Elexon BMRS FUELHH
2022-03-30T06:00:00Z,Hydro,531.000,Elexon BMRS FUELHH
2022-03-30T06:00:00Z,Imports & Exports,-748.000,Elexon BMRS FUELHH
2022-03-30T06:00:00Z,Nuclear,5225.000,Elexon BMRS FUELHH
2022-03-30T06:00:00Z,Other,211.000,Elexon BMRS FUELHH
2022-03-30T06:00:00Z,Pumped Storage,410.000,Elexon BMRS FUELHH
2022-03-30T06:00:00Z,Wind,4740.000,Elexon BMRS FUELHH
2022-03-30T06:30:00Z,Biomass,2012.000,Elexon BMRS FUELHH
2022-03-30T06:30:00Z,Coal,1842.000,Elexon BMRS FUELHH
2022-03-30T06:30:00Z,Gas,19542.000,Elexon BMRS FUELHH
2022-03-30T06:30:00Z,Hydro,529.000,Elexon BMRS FUELHH
2022-03-30T06:30:00Z,Imports & Exports,-712.000,Elexon BMRS FUELHH
2022-03-30T06:30:00Z,Nuclear,5225.000,Elexon BMRS FUELHH
2022-03-30T06:30:00Z,Other,420.000,Elexon BMRS FUELHH
2022-03-30T06:30:00Z,Pumped Storage,574.000,Elexon BMRS FUELHH
2022-03-30T06:30:00Z,Wind,4863.000,Elexon BMRS FUELHH
2022-03-30T07:00:00Z,Biomass,2027.000,Elexon BMRS FUELHH
2022-03-30T07:00:00Z,Coal,1966.000,Elexon BMRS FUELHH
2022-03-30T07:00:00Z,Gas,19340.000,Elexon BMRS FUELHH
2022-03-30T07:00:00Z,Hydro,510.000,Elexon BMRS FUELHH
2022-03-30T07:00:00Z,Imports & Exports,634.000,Elexon BMRS FUELHH
2022-03-30T07:00:00Z,Nuclear,5224.000,Elexon BMRS FUELHH
2022-03-30T07:00:00Z,Other,384.000,Elexon BMRS FUELHH
2022-03-30T07:00:00Z,Pumped Storage,208.000,Elexon BMRS FUELHH
2022-03-30T07:00:00Z,Wind,5371.000,Elexon BMRS FUELHH
2022-03-30T07:30:00Z,Biomass,2022.000,Elexon BMRS FUELHH
2022-03-30T07:30:00Z,Coal,1974.000,Elexon BMRS FUELHH
2022-03-30T07:30:00Z,Gas,19414.000,Elexon BMRS FUELHH
2022-03-30T07:30:00Z,Hydro,522.000,Elexon BMRS FUELHH
2022-03-30T07:30:00Z,Imports & Exports,542.000,Elexon BMRS FUELHH
2022-03-30T07:30:00Z,Nuclear,5224.000,Elexon BMRS FUELHH
2022-03-30T07:30:00Z,Other,266.000,Elexon BMRS FUELHH
2022-03-30T07:30:00Z,Pumped Storage,392.000,Elexon BMRS FUELHH
2022-03-30T07:30:00Z,Wind,5664.000,Elexon BMRS FUELHH
2022-03-30T08:00:00Z,Biomass,1995.000,Elexon BMRS FUELHH
2022-03-30T08:00:00Z,Coal,1980.000,Elexon BMRS FUELHH
2022-03-30T08:00:00Z,Gas,19614.000,Elexon BMRS FUELHH
2022-03-30T08:00:00Z,Hydro,502.000,Elexon BMRS FUELHH
2022-03-30T08:00:00Z,Imports & Exports,440.000,Elexon BMRS FUELHH
2022-03-30T08:00:00Z,Nuclear,5225.000,Elexon BMRS FUELHH
2022-03-30T08:00:00Z,Other,335.000,Elexon BMRS FUELHH
2022-03-30T08:00:00Z,Pumped Storage,874.000,Elexon BMRS FUELHH
2022-03-30T08:00:00Z,Wind,5681.000,Elexon BMRS FUELHH
2022-03-30T08:30:00Z,Biomass,1990.000,Elexon BMRS FUELHH
2022-03-30T08:30:00Z,Coal,1978.000,Elexon BMRS FUELHH
2022-03-30T08:30:00Z,Gas,19685.000,Elexon BMRS FUELHH
2022-03-30T08:30:00Z,Hydro,497.000,Elexon BMRS FUELHH
2022-03-30T08:30:00Z,Imports & Exports,512.000,Elexon BMRS FUELHH
2022-03-30T08:30:00Z,Nuclear,5221.000,Elexon BMRS FUELHH
2022-03-30T08:30:00Z,Other,264.000,Elexon BMRS FUELHH
2022-03-30T08:30:00Z,Pumped Storage,110.000,Elexon BMRS FUELHH
2022-03-30T08:30:00Z,Wind,6137.000,Elexon BMRS FUELHH
2022-03-30T09:00:00Z,Biomass,1994.000,Elexon BMRS FUELHH
2022-03-30T09:00:00Z,Coal,1937.000,Elexon BMRS FUELHH
2022-03-30T09:00:00Z,Gas,18543.000,Elexon BMRS FUELHH
2022-03-30T09:00:00Z,Hydro,648.000,Elexon BMRS FUELHH
2022-03-30T09:00:00Z,Imports & Exports,414.000,Elexon BMRS FUELHH
2022-03-30T09:00:00Z,Nuclear,4678.000,Elexon BMRS FUELHH
2022-03-30T09:00:00Z,Other,901.000,Elexon BMRS FUELHH
2022-03-30T09:00:00Z,Pumped Storage,112.000,Elexon BMRS FUELHH
2022-03-30T09:00:00Z,Wind,6694.000,Elexon BMRS FUELHH
2022-03-30T09:30:00Z,Biomass,1901.000,Elexon BMRS FUELHH
2022-03-30T09:30:00Z,Coal,1975.000,Elexon BMRS FUELHH
2022-03-30T09:30:00Z,Gas,19083.000,Elexon BMRS FUELHH
2022-03-30T09:30:00Z,Hydro,469.000,Elexon BMRS FUELHH
2022-03-30T09:30:00Z,Imports & Exports,412.000,Elexon BMRS FUELHH
2022-03-30T09:30:00Z,Nuclear,4760.000,Elexon BMRS FUELHH
2022-03-30T09:30:00Z,Other,295.000,Elexon BMRS FUELHH
2022-03-30T09:30:00Z,Pumped Storage,-12.000,Elexon BMRS FUELHH
2022-03-30T09:30:00Z,Wind,6523.000,Elexon BMRS FUELHH
2022-03-30T10:00:00Z,Biomass,1909.000,Elexon BMRS FUELHH
2022-03-30T10:00:00Z,Coal,1834.000,Elexon BMRS FUELHH
2022-03-30T10:00:00Z,Gas,19554.000,Elexon BMRS FUELHH
2022-03-30T10:00:00Z,Hydro,398.000,Elexon BMRS FUELHH
2022-03-30T10:00:00Z,Imports & Exports,356.000,Elexon BMRS FUELHH
2022-03-30T10:00:00Z,Nuclear,5216.000,Elexon BMRS FUELHH
2022-03-30T10:00:00Z,Other,160.000,Elexon BMRS FUELHH
2022-03-30T10:00:00Z,Pumped Storage,218.000,Elexon BMRS FUELHH
2022-03-30T10:00:00Z,Wind,5957.000,Elexon BMRS FUELHH
2022-03-30T10:30:00Z,Biomass,1907.000,Elexon BMRS FUELHH
2022-03-30T10:30:00Z,Coal,1737.000,Elexon BMRS FUELHH
2022-03-30T10:30:00Z,Gas,19841.000,Elexon BMRS FUELHH
2022-03-30T10:30:00Z,Hydro,352.000,Elexon BMRS FUELHH
2022-03-30T10:30:00Z,Imports & Exports,384.000,Elexon BMRS FUELHH
2022-03-30T10:30:00Z,Nuclear,5215.000,Elexon BMRS FUELHH
2022-03-30T10:30:00Z,Other,109.000,Elexon BMRS FUELHH
2022-03-30T10:30:00Z,Pumped Storage,18.000,Elexon BMRS FUELHH
2022-03-30T10:30:00Z,Wind,5758.000,Elexon BMRS FUELHH
2022-03-30T11:00:00Z,Biomass,1908.000,Elexon BMRS FUELHH
2022-03-30T11:00:00Z,Coal,1841.000,Elexon BMRS FUELHH
2022-03-30T11:00:00Z,Gas,19566.000,Elexon BMRS FUELHH
2022-03-30T11:00:00Z,Hydro,245.000,Elexon BMRS FUELHH
2022-03-30T11:00:00Z,Imports & Exports,522.000,Elexon BMRS FUELHH
2022-03-30T11:00:00Z,Nuclear,5215.000,Elexon BMRS FUELHH
2022-03-30T11:00:00Z,Other,109.000,Elexon BMRS FUELHH
2022-03-30T11:00:00Z,Pumped Storage,-14.000,Elexon BMRS FUELHH
2022-03-30T11:00:00Z,Wind,6047.000,Elexon BMRS FUELHH
2022-03-30T11:30:00Z,Biomass,1881.000,Elexon BMRS FUELHH
2022-03-30T11:30:00Z,Coal,1678.000,Elexon BMRS FUELHH
2022-03-30T11:30:00Z,Gas,19149.000,Elexon BMRS FUELHH
2022-03-30T11:30:00Z,Hydro,185.000,Elexon BMRS FUELHH
2022-03-30T11:30:00Z,Imports & Exports,588.000,Elexon BMRS FUELHH
2022-03-30T11:30:00Z,Nuclear,5211.000,Elexon BMRS FUELHH
2022-03-30T11:30:00Z,Other,139.000,Elexon BMRS FUELHH
2022-03-30T11:30:00Z,Pumped Storage,-14.000,Elexon BMRS FUELHH
2022-03-30T11:30:00Z,Wind,6243.000,Elexon BMRS FUELHH
2022-03-30T12:00:00Z,Biomass,1787.000,Elexon BMRS FUELHH
2022-03-30T12:00:00Z,Coal,1412.000,Elexon BMRS FUELHH
2022-03-30T12:00:00Z,Gas,18622.000,Elexon BMRS FUELHH
2022-03-30T12:00:00Z,Hydro,178.000,Elexon BMRS FUELHH
2022-03-30T12:00:00Z,Imports & Exports,732.000,Elexon BMRS FUELHH
2022-03-30T12:00:00Z,Nuclear,5212.000,Elexon BMRS FUELHH
2022-03-30T12:00:00Z,Other,114.000,Elexon BMRS FUELHH
2022-03-30T12:00:00Z,Pumped Storage,42.000,Elexon BMRS FUELHH
2022-03-30T12:00:00Z,Wind,6581.000,Elexon BMRS FUELHH
2022-03-30T12:30:00Z,Biomass,1786.000,Elexon BMRS FUELHH
2022-03-30T12:30:00Z,Coal,1379.000,Elexon BMRS FUELHH
2022-03-30T12:30:00Z,Gas,18002.000,Elexon BMRS FUELHH
2022-03-30T12:30:00Z,Hydro,179.000,Elexon BMRS FUELHH
2022-03-30T12:30:00Z,Imports & Exports,862.000,Elexon BMRS FUELHH
2022-03-30T12:30:00Z,Nuclear,5210.000,Elexon BMRS FUELHH
2022-03-30T12:30:00Z,Other,110.000,Elexon BMRS FUELHH
2022-03-30T12:30:00Z,Pumped Storage,-8.000,Elexon BMRS FUELHH
2022-03-30T12:30:00Z,Wind,6694.000,Elexon BMRS FUELHH
2022-03-30T13:00:00Z,Biomass,1787.000,Elexon BMRS FUELHH
2022-03-30T13:00:00Z,Coal,1417.000,Elexon BMRS FUELHH
2022-03-30T13:00:00Z,Gas,17921.000,Elexon BMRS FUELHH
2022-03-30T13:00:00Z,Hydro,179.000,Elexon BMRS FUELHH
2022-03-30T13:00:00Z,Imports & Exports,924.000,Elexon BMRS FUELHH
2022-03-30T13:00:00Z,Nuclear,5186.000,Elexon BMRS FUELHH
2022-03-30T13:00:00Z,Other,115.000,Elexon BMRS FUELHH
2022-03-30T13:00:00Z,Pumped Storage,120.000,Elexon BMRS FUELHH
2022-03-30T13:00:00Z,Wind,6587.000,Elexon BMRS FUELHH
2022-03-30T13:30:00Z,Biomass,1787.000,Elexon BMRS FUELHH
2022-03-30T13:30:00Z,Coal,1736.000,Elexon BMRS FUELHH
2022-03-30T13:30:00Z,Gas,17555.000,Elexon BMRS FUELHH
2022-03-30T13:30:00Z,Hydro,176.000,Elexon BMRS FUELHH
2022-03-30T13:30:00Z,Imports & Exports,872.000,Elexon BMRS FUELHH
2022-03-30T13:30:00Z,Nuclear,5170.000,Elexon BMRS FUELHH
2022-03-30T13:30:00Z,Other,117.000,Elexon BMRS FUELHH
2022-03-30T13:30:00Z,Pumped Storage,-10.000,Elexon BMRS FUELHH
2022-03-30T13:30:00Z,Wind,6329.000,Elexon BMRS FUELHH
2022-03-30T14:00:00Z,Biomass,1785.000,Elexon BMRS FUELHH
2022-03-30T14:00:00Z,Coal,1853.000,Elexon BMRS FUELHH
2022-03-30T14:00:00Z,Gas,17813.000,Elexon BMRS FUELHH
2022-03-30T14:00:00Z,Hydro,191.000,Elexon BMRS FUELHH
2022-03-30T14:00:00Z,Imports & Exports,618.000,Elexon BMRS FUELHH
2022-03-30T14:00:00Z,Nuclear,5166.000,Elexon BMRS FUELHH
2022-03-30T14:00:00Z,Other,186.000,Elexon BMRS FUELHH
2022-03-30T14:00:00Z,Pumped Storage,20.000,Elexon BMRS FUELHH
2022-03-30T14:00:00Z,Wind,6076.000,Elexon BMRS FUELHH
2022-03-30T14:30:00Z,Biomass,1799.000,Elexon BMRS FUELHH
2022-03-30T14:30:00Z,Coal,1949.000,Elexon BMRS FUELHH
2022-03-30T14:30:00Z,Gas,18364.000,Elexon BMRS FUELHH
2022-03-30T14:30:00Z,Hydro,192.000,Elexon BMRS FUELHH
2022-03-30T14:30:00Z,Imports & Exports,756.000,Elexon BMRS FUELHH
2022-03-30T14:30:00Z,Nuclear,5205.000,Elexon BMRS FUELHH
2022-03-30T14:30:00Z,Other,107.000,Elexon BMRS FUELHH
2022-03-30T14:30:00Z,Pumped Storage,4.000,Elexon BMRS FUELHH
2022-03-30T14:30:00Z,Wind,6075.000,Elexon BMRS FUELHH
2022-03-30T15:00:00Z,Biomass,1876.000,Elexon BMRS FUELHH
2022-03-30T15:00:00Z,Coal,1982.000,Elexon BMRS FUELHH
2022-03-30T15:00:00Z,Gas,18301.000,Elexon BMRS FUELHH
2022-03-30T15:00:00Z,Hydro,229.000,Elexon BMRS FUELHH
2022-03-30T15:00:00Z,Imports & Exports,1340.000,Elexon BMRS FUELHH
2022-03-30T15:00:00Z,Nuclear,5215.000,Elexon BMRS FUELHH
2022-03-30T15:00:00Z,Other,155.000,Elexon BMRS FUELHH
2022-03-30T15:00:00Z,Pumped Storage,-10.000,Elexon BMRS FUELHH
2022-03-30T15:00:00Z,Wind,6374.000,Elexon BMRS FUELHH
2022-03-30T15:30:00Z,Biomass,1880.000,Elexon BMRS FUELHH
2022-03-30T15:30:00Z,Coal,1984.000,Elexon BMRS FUELHH
2022-03-30T15:30:00Z,Gas,18519.000,Elexon BMRS FUELHH
2022-03-30T15:30:00Z,Hydro,222.000,Elexon BMRS FUELHH
2022-03-30T15:30:00Z,Imports & Exports,1394.000,Elexon BMRS FUELHH
2022-03-30T15:30:00Z,Nuclear,5214.000,Elexon BMRS FUELHH
2022-03-30T15:30:00Z,Other,183.000,Elexon BMRS FUELHH
2022-03-30T15:30:00Z,Pumped Storage,84.000,Elexon BMRS FUELHH
2022-03-30T15:30:00Z,Wind,6973.000,Elexon BMRS FUELHH
2022-03-30T16:00:00Z,Biomass,1949.000,Elexon BMRS FUELHH
2022-03-30T16:00:00Z,Coal,1717.000,Elexon BMRS FUELHH
2022-03-30T16:00:00Z,Gas,18362.000,Elexon BMRS FUELHH
2022-03-30T16:00:00Z,Hydro,273.000,Elexon BMRS FUELHH
2022-03-30T16:00:00Z,Imports & Exports,2054.000,Elexon BMRS FUELHH
2022-03-30T16:00:00Z,Nuclear,5211.000,Elexon BMRS FUELHH
2022-03-30T16:00:00Z,Other,247.000,Elexon BMRS FUELHH
2022-03-30T16:00:00Z,Pumped Storage,562.000,Elexon BMRS FUELHH
2022-03-30T16:00:00Z,Wind,7136.000,Elexon BMRS FUELHH
2022-03-30T16:30:00Z,Biomass,1946.000,Elexon BMRS FUELHH
2022-03-30T16:30:00Z,Coal,1928.000,Elexon BMRS FUELHH
2022-03-30T16:30:00Z,Gas,18359.000,Elexon BMRS FUELHH
2022-03-30T16:30:00Z,Hydro,454.000,Elexon BMRS FUELHH
2022-03-30T16:30:00Z,Imports & Exports,2054.000,Elexon BMRS FUELHH
2022-03-30T16:30:00Z,Nuclear,5213.000,Elexon BMRS FUELHH
2022-03-30T16:30:00Z,Other,325.000,Elexon BMRS FUELHH
2022-03-30T16:30:00Z,Pumped Storage,608.000,Elexon BMRS FUELHH
2022-03-30T16:30:00Z,Wind,7005.000,Elexon BMRS FUELHH
2022-03-30T17:00:00Z,Biomass,1947.000,Elexon BMRS FUELHH
2022-03-30T17:00:00Z,Coal,1977.000,Elexon BMRS FUELHH
2022-03-30T17:00:00Z,Gas,18354.000,Elexon BMRS FUELHH
2022-03-30T17:00:00Z,Hydro,543.000,Elexon BMRS FUELHH
2022-03-30T17:00:00Z,Imports & Exports,1360.000,Elexon BMRS FUELHH
2022-03-30T17:00:00Z,Nuclear,5211.000,Elexon BMRS FUELHH
2022-03-30T17:00:00Z,Other,253.000,Elexon BMRS FUELHH
2022-03-30T17:00:00Z,Pumped Storage,1330.000,Elexon BMRS FUELHH
2022-03-30T17:00:00Z,Wind,6624.000,Elexon BMRS FUELHH
2022-03-30T17:30:00Z,Biomass,1949.000,Elexon BMRS FUELHH
2022-03-30T17:30:00Z,Coal,1981.000,Elexon BMRS FUELHH
2022-03-30T17:30:00Z,Gas,18305.000,Elexon BMRS FUELHH
2022-03-30T17:30:00Z,Hydro,565.000,Elexon BMRS FUELHH
2022-03-30T17:30:00Z,Imports & Exports,1332.000,Elexon BMRS FUELHH
2022-03-30T17:30:00Z,Nuclear,5207.000,Elexon BMRS FUELHH
2022-03-30T17:30:00Z,Other,269.000,Elexon BMRS FUELHH
2022-03-30T17:30:00Z,Pumped Storage,1224.000,Elexon BMRS FUELHH
2022-03-30T17:30:00Z,Wind,6769.000,Elexon BMRS FUELHH
2022-03-30T18:00:00Z,Biomass,1949.000,Elexon BMRS FUELHH
2022-03-30T18:00:00Z,Coal,1983.000,Elexon BMRS FUELHH
2022-03-30T18:00:00Z,Gas,18542.000,Elexon BMRS FUELHH
2022-03-30T18:00:00Z,Hydro,545.000,Elexon BMRS FUELHH
2022-03-30T18:00:00Z,Imports & Exports,1552.000,Elexon BMRS FUELHH
2022-03-30T18:00:00Z,Nuclear,5207.000,Elexon BMRS FUELHH
2022-03-30T18:00:00Z,Other,250.000,Elexon BMRS FUELHH
2022-03-30T18:00:00Z,Pumped Storage,802.000,Elexon BMRS FUELHH
2022-03-30T18:00:00Z,Wind,6866.000,Elexon BMRS FUELHH
2022-03-30T18:30:00Z,Biomass,1950.000,Elexon BMRS FUELHH
2022-03-30T18:30:00Z,Coal,1972.000,Elexon BMRS FUELHH
2022-03-30T18:30:00Z,Gas,18377.000,Elexon BMRS FUELHH
2022-03-30T18:30:00Z,Hydro,453.000,Elexon BMRS FUELHH
2022-03-30T18:30:00Z,Imports & Exports,1564.000,Elexon BMRS FUELHH
2022-03-30T18:30:00Z,Nuclear,5213.000,Elexon BMRS FUELHH
2022-03-30T18:30:00Z,Other,246.000,Elexon BMRS FUELHH
2022-03-30T18:30:00Z,Pumped Storage,538.000,Elexon BMRS FUELHH
2022-03-30T18:30:00Z,Wind,7181.000,Elexon BMRS FUELHH
2022-03-30T19:00:00Z,Biomass,1946.000,Elexon BMRS FUELHH
2022-03-30T19:00:00Z,Coal,1840.000,Elexon BMRS FUELHH
2022-03-30T19:00:00Z,Gas,17964.000,Elexon BMRS FUELHH
2022-03-30T19:00:00Z,Hydro,327.000,Elexon BMRS FUELHH
2022-03-30T19:00:00Z,Imports & Exports,2218.000,Elexon BMRS FUELHH
2022-03-30T19:00:00Z,Nuclear,5210.000,Elexon BMRS FUELHH
2022-03-30T19:00:00Z,Other,156.000,Elexon BMRS FUELHH
2022-03-30T19:00:00Z,Pumped Storage,336.000,Elexon BMRS FUELHH
2022-03-30T19:00:00Z,Wind,7452.000,Elexon BMRS FUELHH
2022-03-30T19:30:00Z,Biomass,1947.000,Elexon BMRS FUELHH
2022-03-30T19:30:00Z,Coal,1756.000,Elexon BMRS FUELHH
2022-03-30T19:30:00Z,Gas,16567.000,Elexon BMRS FUELHH
2022-03-30T19:30:00Z,Hydro,303.000,Elexon BMRS FUELHH
2022-03-30T19:30:00Z,Imports & Exports,2052.000,Elexon BMRS FUELHH
2022-03-30T19:30:00Z,Nuclear,5214.000,Elexon BMRS FUELHH
2022-03-30T19:30:00Z,Other,113.000,Elexon BMRS FUELHH
2022-03-30T19:30:00Z,Pumped Storage,112.000,Elexon BMRS FUELHH
2022-03-30T19:30:00Z,Wind,7905.000,Elexon BMRS FUELHH
2022-03-30T20:00:00Z,Biomass,1948.000,Elexon BMRS FUELHH
2022-03-30T20:00:00Z,Coal,1685.000,Elexon BMRS FUELHH
2022-03-30T20:00:00Z,Gas,15876.000,Elexon BMRS FUELHH
2022-03-30T20:00:00Z,Hydro,262.000,Elexon BMRS FUELHH
2022-03-30T20:00:00Z,Imports & Exports,1304.000,Elexon BMRS FUELHH
2022-03-30T20:00:00Z,Nuclear,5210.000,Elexon BMRS FUELHH
2022-03-30T20:00:00Z,Other,118.000,Elexon BMRS FUELHH
2022-03-30T20:00:00Z,Pumped Storage,102.000,Elexon BMRS FUELHH
2022-03-30T20:00:00Z,Wind,8191.000,Elexon BMRS FUELHH
2022-03-30T20:30:00Z,Biomass,1949.000,Elexon BMRS FUELHH
2022-03-30T20:30:00Z,Coal,1247.000,Elexon BMRS FUELHH
2022-03-30T20:30:00Z,Gas,14018.000,Elexon BMRS FUELHH
2022-03-30T20:30:00Z,Hydro,230.000,Elexon BMRS FUELHH
2022-03-30T20:30:00Z,Imports & Exports,1254.000,Elexon BMRS FUELHH
2022-03-30T20:30:00Z,Nuclear,5212.000,Elexon BMRS FUELHH
2022-03-30T20:30:00Z,Other,117.000,Elexon BMRS FUELHH
2022-03-30T20:30:00Z,Pumped Storage,-12.000,Elexon BMRS FUELHH
2022-03-30T20:30:00Z,Wind,8608.000,Elexon BMRS FUELHH
2022-03-30T21:00:00Z,Biomass,1950.000,Elexon BMRS FUELHH
2022-03-30T21:00:00Z,Coal,836.000,Elexon BMRS FUELHH
2022-03-30T21:00:00Z,Gas,12885.000,Elexon BMRS FUELHH
2022-03-30T21:00:00Z,Hydro,199.000,Elexon BMRS FUELHH
2022-03-30T21:00:00Z,Imports & Exports,762.000,Elexon BMRS FUELHH
2022-03-30T21:00:00Z,Nuclear,5214.000,Elexon BMRS FUELHH
2022-03-30T21:00:00Z,Other,105.000,Elexon BMRS FUELHH
2022-03-30T21:00:00Z,Pumped Storage,-32.000,Elexon BMRS FUELHH
2022-03-30T21:00:00Z,Wind,8862.000,Elexon BMRS FUELHH
2022-03-30T21:30:00Z,Biomass,1951.000,Elexon BMRS FUELHH
2022-03-30T21:30:00Z,Coal,515.000,Elexon BMRS FUELHH
2022-03-30T21:30:00Z,Gas,10984.000,Elexon BMRS FUELHH
2022-03-30T21:30:00Z,Hydro,182.000,Elexon BMRS FUELHH
2022-03-30T21:30:00Z,Imports & Exports,730.000,Elexon BMRS FUELHH
2022-03-30T21:30:00Z,Nuclear,5211.000,Elexon BMRS FUELHH
2022-03-30T21:30:00Z,Other,123.000,Elexon BMRS FUELHH
2022-03-30T21:30:00Z,Pumped Storage,-120.000,Elexon BMRS FUELHH
2022-03-30T21:30:00Z,Wind,9308.000,Elexon BMRS FUELHH
2022-03-30T22:00:00Z,Biomass,1939.000,Elexon BMRS FUELHH
2022-03-30T22:00:00Z,Coal,342.000,Elexon BMRS FUELHH
2022-03-30T22:00:00Z,Gas,7866.000,Elexon BMRS FUELHH
2022-03-30T22:00:00Z,Hydro,181.000,Elexon BMRS FUELHH
2022-03-30T22:00:00Z,Imports & Exports,2314.000,Elexon BMRS FUELHH
2022-03-30T22:00:00Z,Nuclear,5211.000,Elexon BMRS FUELHH
2022-03-30T22:00:00Z,Other,107.000,Elexon BMRS FUELHH
2022-03-30T22:00:00Z,Pumped Storage,-302.000,Elexon BMRS FUELHH
2022-03-30T22:00:00Z,Wind,9204.000,Elexon BMRS FUELHH
2022-03-30T22:30:00Z,Biomass,1861.000,Elexon BMRS FUELHH
2022-03-30T22:30:00Z,Coal,290.000,Elexon BMRS FUELHH
2022-03-30T22:30:00Z,Gas,6421.000,Elexon BMRS FUELHH
2022-03-30T22:30:00Z,Hydro,182.000,Elexon BMRS FUELHH
2022-03-30T22:30:00Z,Imports & Exports,2372.000,Elexon BMRS FUELHH
2022-03-30T22:30:00Z,Nuclear,5215.000,Elexon BMRS FUELHH
2022-03-30T22:30:00Z,Other,104.000,Elexon BMRS FUELHH
2022-03-30T22:30:00Z,Pumped Storage,-648.000,Elexon BMRS FUELHH
2022-03-30T22:30:00Z,Wind,9549.000,Elexon BMRS FUELHH
2022-03-30T23:00:00Z,Biomass,1858.000,Elexon BMRS FUELHH
2022-03-30T23:00:00Z,Coal,360.000,Elexon BMRS FUELHH
2022-03-30T23:00:00Z,Gas,6174.000,Elexon BMRS FUELHH
2022-03-30T23:00:00Z,Hydro,183.000,Elexon BMRS FUELHH
2022-03-30T23:00:00Z,Imports & Exports,2058.000,Elexon BMRS FUELHH
2022-03-30T23:00:00Z,Nuclear,5210.000,Elexon BMRS FUELHH
2022-03-30T23:00:00Z,Other,111.000,Elexon BMRS FUELHH
2022-03-30T23:00:00Z,Pumped Storage,-1282.000,Elexon BMRS FUELHH
2022-03-30T23:00:00Z,Wind,9674.000,Elexon BMRS FUELHH
2022-03-30T23:30:00Z,Biomass,1885.000,Elexon BMRS FUELHH
2022-03-30T23:30:00Z,Coal,371.000,Elexon BMRS FUELHH
2022-03-30T23:30:00Z,Gas,5713.000,Elexon BMRS FUELHH
2022-03-30T23:30:00Z,Hydro,183.000,Elexon BMRS FUELHH
2022-03-30T23:30:00Z,Imports & Exports,2066.000,Elexon BMRS FUELHH
2022-03-30T23:30:00Z,Nuclear,5208.000,Elexon BMRS FUELHH
2022-03-30T23:30:00Z,Other,108.000,Elexon BMRS FUELHH
2022-03-30T23:30:00Z,Pumped Storage,-1366.000,Elexon BMRS FUELHH
2022-03-30T23:30:00Z,Wind,9645.000,Elexon BMRS FUELHH
2022-03-31T00:00:00Z,Biomass,1579.000,Elexon BMRS FUELHH
2022-03-31T00:00:00Z,Coal,235.000,Elexon BMRS FUELHH
2022-03-31T00:00:00Z,Gas,5026.000,Elexon BMRS FUELHH
2022-03-31T00:00:00Z,Hydro,184.000,Elexon BMRS FUELHH
2022-03-31T00:00:00Z,Imports & Exports,2702.000,Elexon BMRS FUELHH
2022-03-31T00:00:00Z,Nuclear,5208.000,Elexon BMRS FUELHH
2022-03-31T00:00:00Z,Other,108.000,Elexon BMRS FUELHH
2022-03-31T00:00:00Z,Pumped Storage,-1354.000,Elexon BMRS FUELHH
2022-03-31T00:00:00Z,Wind,10146.000,Elexon BMRS FUELHH
2022-03-31T00:30:00Z,Biomass,1801.000,Elexon BMRS FUELHH
2022-03-31T00:30:00Z,Coal,244.000,Elexon BMRS FUELHH
2022-03-31T00:30:00Z,Gas,5447.000,Elexon BMRS FUELHH
2022-03-31T00:30:00Z,Hydro,185.000,Elexon BMRS FUELHH
2022-03-31T00:30:00Z,Imports & Exports,2734.000,Elexon BMRS FUELHH
2022-03-31T00:30:00Z,Nuclear,5208.000,Elexon BMRS FUELHH
2022-03-31T00:30:00Z,Other,121.000,Elexon BMRS FUELHH
2022-03-31T00:30:00Z,Pumped Storage,-1358.000,Elexon BMRS FUELHH
2022-03-31T00:30:00Z,Wind,9755.000,Elexon BMRS FUELHH
2022-03-31T01:00:00Z,Biomass,1936.000,Elexon BMRS FUELHH
2022-03-31T01:00:00Z,Coal,234.000,Elexon BMRS FUELHH
2022-03-31T01:00:00Z,Gas,5299.000,Elexon BMRS FUELHH
2022-03-31T01:00:00Z,Hydro,166.000,Elexon BMRS FUELHH
2022-03-31T01:00:00Z,Imports & Exports,3242.000,Elexon BMRS FUELHH
2022-03-31T01:00:00Z,Nuclear,5211.000,Elexon BMRS FUELHH
2022-03-31T01:00:00Z,Other,109.000,Elexon BMRS FUELHH
2022-03-31T01:00:00Z,Pumped Storage,-1560.000,Elexon BMRS FUELHH
2022-03-31T01:00:00Z,Wind,9465.000,Elexon BMRS FUELHH
2022-03-31T01:30:00Z,Biomass,1932.000,Elexon BMRS FUELHH
2022-03-31T01:30:00Z,Coal,230.000,Elexon BMRS FUELHH
2022-03-31T01:30:00Z,Gas,5331.000,Elexon BMRS FUELHH
2022-03-31T01:30:00Z,Hydro,164.000,Elexon BMRS FUELHH
2022-03-31T01:30:00Z,Imports & Exports,3260.000,Elexon BMRS FUELHH
2022-03-31T01:30:00Z,Nuclear,5212.000,Elexon BMRS FUELHH
2022-03-31T01:30:00Z,Other,107.000,Elexon BMRS FUELHH
2022-03-31T01:30:00Z,Pumped Storage,-1640.000,Elexon BMRS FUELHH
2022-03-31T01:30:00Z,Wind,9468.000,Elexon BMRS FUELHH
2022-03-31T02:00:00Z,Biomass,1909.000,Elexon BMRS FUELHH
2022-03-31T02:00:00Z,Coal,234.000,Elexon BMRS FUELHH
2022-03-31T02:00:00Z,Gas,5274.000,Elexon BMRS FUELHH
2022-03-31T02:00:00Z,Hydro,163.000,Elexon BMRS FUELHH
2022-03-31T02:00:00Z,Imports & Exports,2840.000,Elexon BMRS FUELHH
2022-03-31T02:00:00Z,Nuclear,5212.000,Elexon BMRS FUELHH
2022-03-31T02:00:00Z,Other,109.000,Elexon BMRS FUELHH
2022-03-31T02:00:00Z,Pumped Storage,-1684.000,Elexon BMRS FUELHH
2022-03-31T02:00:00Z,Wind,9792.000,Elexon BMRS FUELHH
2022-03-31T02:30:00Z,Biomass,1934.000,Elexon BMRS FUELHH
2022-03-31T02:30:00Z,Coal,229.000,Elexon BMRS FUELHH
2022-03-31T02:30:00Z,Gas,4912.000,Elexon BMRS FUELHH
2022-03-31T02:30:00Z,Hydro,163.000,Elexon BMRS FUELHH
2022-03-31T02:30:00Z,Imports & Exports,2824.000,Elexon BMRS FUELHH
2022-03-31T02:30:00Z,Nuclear,5220.000,Elexon BMRS FUELHH
2022-03-31T02:30:00Z,Other,106.000,Elexon BMRS FUELHH
2022-03-31T02:30:00Z,Pumped Storage,-1844.000,Elexon BMRS FUELHH
2022-03-31T02:30:00Z,Wind,10099.000,Elexon BMRS FUELHH
2022-03-31T03:00:00Z,Biomass,1899.000,Elexon BMRS FUELHH
2022-03-31T03:00:00Z,Coal,382.000,Elexon BMRS FUELHH
2022-03-31T03:00:00Z,Gas,4787.000,Elexon BMRS FUELHH
2022-03-31T03:00:00Z,Hydro,163.000,Elexon BMRS FUELHH
2022-03-31T03:00:00Z,Imports & Exports,2140.000,Elexon BMRS FUELHH
2022-03-31T03:00:00Z,Nuclear,5219.000,Elexon BMRS FUELHH
2022-03-31T03:00:00Z,Other,105.000,Elexon BMRS FUELHH
2022-03-31T03:00:00Z,Pumped Storage,-1726.000,Elexon BMRS FUELHH
2022-03-31T03:00:00Z,Wind,10377.000,Elexon BMRS FUELHH
2022-03-31T03:30:00Z,Biomass,1755.000,Elexon BMRS FUELHH
2022-03-31T03:30:00Z,Coal,571.000,Elexon BMRS FUELHH
2022-03-31T03:30:00Z,Gas,4512.000,Elexon BMRS FUELHH
2022-03-31T03:30:00Z,Hydro,168.000,Elexon BMRS FUELHH
2022-03-31T03:30:00Z,Imports & Exports,2018.000,Elexon BMRS FUELHH
2022-03-31T03:30:00Z,Nuclear,5219.000,Elexon BMRS FUELHH
2022-03-31T03:30:00Z,Other,105.000,Elexon BMRS FUELHH
2022-03-31T03:30:00Z,Pumped Storage,-1490.000,Elexon BMRS FUELHH
2022-03-31T03:30:00Z,Wind,10433.000,Elexon BMRS FUELHH
2022-03-31T04:00:00Z,Biomass,1863.000,Elexon BMRS FUELHH
2022-03-31T04:00:00Z,Coal,705.000,Elexon BMRS FUELHH
2022-03-31T04:00:00Z,Gas,5527.000,Elexon BMRS FUELHH
2022-03-31T04:00:00Z,Hydro,211.000,Elexon BMRS FUELHH
2022-03-31T04:00:00Z,Imports & Exports,414.000,Elexon BMRS FUELHH
2022-03-31T04:00:00Z,Nuclear,5217.000,Elexon BMRS FUELHH
2022-03-31T04:00:00Z,Other,115.000,Elexon BMRS FUELHH
2022-03-31T04:00:00Z,Pumped Storage,-474.000,Elexon BMRS FUELHH
2022-03-31T04:00:00Z,Wind,10353.000,Elexon BMRS FUELHH
2022-03-31T04:30:00Z,Biomass,1910.000,Elexon BMRS FUELHH
2022-03-31T04:30:00Z,Coal,834.000,Elexon BMRS FUELHH
2022-03-31T04:30:00Z,Gas,6841.000,Elexon BMRS FUELHH
2022-03-31T04:30:00Z,Hydro,235.000,Elexon BMRS FUELHH
2022-03-31T04:30:00Z,Imports & Exports,374.000,Elexon BMRS FUELHH
2022-03-31T04:30:00Z,Nuclear,5214.000,Elexon BMRS FUELHH
2022-03-31T04:30:00Z,Other,108.000,Elexon BMRS FUELHH
2022-03-31T04:30:00Z,Pumped Storage,-410.000,Elexon BMRS FUELHH
2022-03-31T04:30:00Z,Wind,9861.000,Elexon BMRS FUELHH
2022-03-31T05:00:00Z,Biomass,1883.000,Elexon BMRS FUELHH
2022-03-31T05:00:00Z,Coal,1099.000,Elexon BMRS FUELHH
2022-03-31T05:00:00Z,Gas,9506.000,Elexon BMRS FUELHH
2022-03-31T05:00:00Z,Hydro,241.000,Elexon BMRS FUELHH
2022-03-31T05:00:00Z,Imports & Exports,-1112.000,Elexon BMRS FUELHH
2022-03-31T05:00:00Z,Nuclear,5219.000,Elexon BMRS FUELHH
2022-03-31T05:00:00Z,Other,123.000,Elexon BMRS FUELHH
2022-03-31T05:00:00Z,Pumped Storage,90.000,Elexon BMRS FUELHH
2022-03-31T05:00:00Z,Wind,10676.000,Elexon BMRS FUELHH
2022-03-31T05:30:00Z,Biomass,1936.000,Elexon BMRS FUELHH
2022-03-31T05:30:00Z,Coal,1255.000,Elexon BMRS FUELHH
2022-03-31T05:30:00Z,Gas,11565.000,Elexon BMRS FUELHH
2022-03-31T05:30:00Z,Hydro,253.000,Elexon BMRS FUELHH
2022-03-31T05:30:00Z,Imports & Exports,-996.000,Elexon BMRS FUELHH
2022-03-31T05:30:00Z,Nuclear,5218.000,Elexon BMRS FUELHH
2022-03-31T05:30:00Z,Other,137.000,Elexon BMRS FUELHH
2022-03-31T05:30:00Z,Pumped Storage,56.000,Elexon BMRS FUELHH
2022-03-31T05:30:00Z,Wind,10762.000,Elexon BMRS FUELHH
2022-03-31T06:00:00Z,Biomass,1941.000,Elexon BMRS FUELHH
2022-03-31T06:00:00Z,Coal,1447.000,Elexon BMRS FUELHH
2022-03-31T06:00:00Z,Gas,12290.000,Elexon BMRS FUELHH
2022-03-31T06:00:00Z,Hydro,353.000,Elexon BMRS FUELHH
2022-03-31T06:00:00Z,Imports & Exports,638.000,Elexon BMRS FUELHH
2022-03-31T06:00:00Z,Nuclear,5219.000,Elexon BMRS FUELHH
2022-03-31T06:00:00Z,Other,156.000,Elexon BMRS FUELHH
2022-03-31T06:00:00Z,Pumped Storage,598.000,Elexon BMRS FUELHH
2022-03-31T06:00:00Z,Wind,10679.000,Elexon BMRS FUELHH
2022-03-31T06:30:00Z,Biomass,1945.000,Elexon BMRS FUELHH
2022-03-31T06:30:00Z,Coal,1867.000,Elexon BMRS FUELHH
2022-03-31T06:30:00Z,Gas,12782.000,Elexon BMRS FUELHH
2022-03-31T06:30:00Z,Hydro,491.000,Elexon BMRS FUELHH
2022-03-31T06:30:00Z,Imports & Exports,726.000,Elexon BMRS FUELHH
2022-03-31T06:30:00Z,Nuclear,5224.000,Elexon BMRS FUELHH
2022-03-31T06:30:00Z,Other,336.000,Elexon BMRS FUELHH
2022-03-31T06:30:00Z,Pumped Storage,660.000,Elexon BMRS FUELHH
2022-03-31T06:30:00Z,Wind,10851.000,Elexon BMRS FUELHH
2022-03-31T07:00:00Z,Biomass,1945.000,Elexon BMRS FUELHH
2022-03-31T07:00:00Z,Coal,1983.000,Elexon BMRS FUELHH
2022-03-31T07:00:00Z,Gas,12993.000,Elexon BMRS FUELHH
2022-03-31T07:00:00Z,Hydro,526.000,Elexon BMRS FUELHH
2022-03-31T07:00:00Z,Imports & Exports,922.000,Elexon BMRS FUELHH
2022-03-31T07:00:00Z,Nuclear,5223.000,Elexon BMRS FUELHH
2022-03-31T07:00:00Z,Other,452.000,Elexon BMRS FUELHH
2022-03-31T07:00:00Z,Pumped Storage,502.000,Elexon BMRS FUELHH
2022-03-31T07:00:00Z,Wind,11029.000,Elexon BMRS FUELHH
2022-03-31T07:30:00Z,Biomass,1945.000,Elexon BMRS FUELHH
2022-03-31T07:30:00Z,Coal,1983.000,Elexon BMRS FUELHH
2022-03-31T07:30:00Z,Gas,12919.000,Elexon BMRS FUELHH
2022-03-31T07:30:00Z,Hydro,503.000,Elexon BMRS FUELHH
2022-03-31T07:30:00Z,Imports & Exports,836.000,Elexon BMRS FUELHH
2022-03-31T07:30:00Z,Nuclear,5219.000,Elexon BMRS FUELHH
2022-03-31T07:30:00Z,Other,225.000,Elexon BMRS FUELHH
2022-03-31T07:30:00Z,Pumped Storage,952.000,Elexon BMRS FUELHH
2022-03-31T07:30:00Z,Wind,10672.000,Elexon BMRS FUELHH
2022-03-31T08:00:00Z,Biomass,1945.000,Elexon BMRS FUELHH
2022-03-31T08:00:00Z,Coal,1984.000,Elexon BMRS FUELHH
2022-03-31T08:00:00Z,Gas,12954.000,Elexon BMRS FUELHH
2022-03-31T08:00:00Z,Hydro,456.000,Elexon BMRS FUELHH
2022-03-31T08:00:00Z,Imports & Exports,832.000,Elexon BMRS FUELHH
2022-03-31T08:00:00Z,Nuclear,5223.000,Elexon BMRS FUELHH
2022-03-31T08:00:00Z,Other,155.000,Elexon BMRS FUELHH
2022-03-31T08:00:00Z,Pumped Storage,1010.000,Elexon BMRS FUELHH
2022-03-31T08:00:00Z,Wind,10715.000,Elexon BMRS FUELHH
2022-03-31T08:30:00Z,Biomass,1945.000,Elexon BMRS FUELHH
2022-03-31T08:30:00Z,Coal,1983.000,Elexon BMRS FUELHH
2022-03-31T08:30:00Z,Gas,12998.000,Elexon BMRS FUELHH
2022-03-31T08:30:00Z,Hydro,419.000,Elexon BMRS FUELHH
2022-03-31T08:30:00Z,Imports & Exports,820.000,Elexon BMRS FUELHH
2022-03-31T08:30:00Z,Nuclear,5223.000,Elexon BMRS FUELHH
2022-03-31T08:30:00Z,Other,155.000,Elexon BMRS FUELHH
2022-03-31T08:30:00Z,Pumped Storage,394.000,Elexon BMRS FUELHH
2022-03-31T08:30:00Z,Wind,10912.000,Elexon BMRS FUELHH
2022-03-31T09:00:00Z,Biomass,1943.000,Elexon BMRS FUELHH
2022-03-31T09:00:00Z,Coal,1983.000,Elexon BMRS FUELHH
2022-03-31T09:00:00Z,Gas,13084.000,Elexon BMRS FUELHH
2022-03-31T09:00:00Z,Hydro,390.000,Elexon BMRS FUELHH
2022-03-31T09:00:00Z,Imports & Exports,-36.000,Elexon BMRS FUELHH
2022-03-31T09:00:00Z,Nuclear,5220.000,Elexon BMRS FUELHH
2022-03-31T09:00:00Z,Other,137.000,Elexon BMRS FUELHH
2022-03-31T09:00:00Z,Pumped Storage,244.000,Elexon BMRS FUELHH
2022-03-31T09:00:00Z,Wind,11171.000,Elexon BMRS FUELHH
2022-03-31T09:30:00Z,Biomass,1937.000,Elexon BMRS FUELHH
2022-03-31T09:30:00Z,Coal,1978.000,Elexon BMRS FUELHH
2022-03-31T09:30:00Z,Gas,12899.000,Elexon BMRS FUELHH
2022-03-31T09:30:00Z,Hydro,304.000,Elexon BMRS FUELHH
2022-03-31T09:30:00Z,Imports & Exports,-180.000,Elexon BMRS FUELHH
2022-03-31T09:30:00Z,Nuclear,5216.000,Elexon BMRS FUELHH
2022-03-31T09:30:00Z,Other,137.000,Elexon BMRS FUELHH
2022-03-31T09:30:00Z,Pumped Storage,-24.000,Elexon BMRS FUELHH
2022-03-31T09:30:00Z,Wind,11353.000,Elexon BMRS FUELHH
2022-03-31T10:00:00Z,Biomass,1975.000,Elexon BMRS FUELHH
2022-03-31T10:00:00Z,Coal,1744.000,Elexon BMRS FUELHH
2022-03-31T10:00:00Z,Gas,12455.000,Elexon BMRS FUELHH
2022-03-31T10:00:00Z,Hydro,159.000,Elexon BMRS FUELHH
2022-03-31T10:00:00Z,Imports & Exports,-440.000,Elexon BMRS FUELHH
2022-03-31T10:00:00Z,Nuclear,5211.000,Elexon BMRS FUELHH
2022-03-31T10:00:00Z,Other,110.000,Elexon BMRS FUELHH
2022-03-31T10:00:00Z,Pumped Storage,442.000,Elexon BMRS FUELHH
2022-03-31T10:00:00Z,Wind,11471.000,Elexon BMRS FUELHH
2022-03-31T10:30:00Z,Biomass,1984.000,Elexon BMRS FUELHH
2022-03-31T10:30:00Z,Coal,1631.000,Elexon BMRS FUELHH
2022-03-31T10:30:00Z,Gas,12414.000,Elexon BMRS FUELHH
2022-03-31T10:30:00Z,Hydro,148.000,Elexon BMRS FUELHH
2022-03-31T10:30:00Z,Imports & Exports,-490.000,Elexon BMRS FUELHH
2022-03-31T10:30:00Z,Nuclear,5216.000,Elexon BMRS FUELHH
2022-03-31T10:30:00Z,Other,105.000,Elexon BMRS FUELHH
2022-03-31T10:30:00Z,Pumped Storage,54.000,Elexon BMRS FUELHH
2022-03-31T10:30:00Z,Wind,11343.000,Elexon BMRS FUELHH
2022-03-31T11:00:00Z,Biomass,1990.000,Elexon BMRS FUELHH
2022-03-31T11:00:00Z,Coal,1474.000,Elexon BMRS FUELHH
2022-03-31T11:00:00Z,Gas,12531.000,Elexon BMRS FUELHH
2022-03-31T11:00:00Z,Hydro,117.000,Elexon BMRS FUELHH
2022-03-31T11:00:00Z,Imports & Exports,-686.000,Elexon BMRS FUELHH
2022-03-31T11:00:00Z,Nuclear,5213.000,Elexon BMRS FUELHH
2022-03-31T11:00:00Z,Other,139.000,Elexon BMRS FUELHH
2022-03-31T11:00:00Z,Pumped Storage,106.000,Elexon BMRS FUELHH
2022-03-31T11:00:00Z,Wind,11152.000,Elexon BMRS FUELHH
2022-03-31T11:30:00Z,Biomass,1992.000,Elexon BMRS FUELHH
2022-03-31T11:30:00Z,Coal,1263.000,Elexon BMRS FUELHH
2022-03-31T11:30:00Z,Gas,12647.000,Elexon BMRS FUELHH
2022-03-31T11:30:00Z,Hydro,89.000,Elexon BMRS FUELHH
2022-03-31T11:30:00Z,Imports & Exports,-764.000,Elexon BMRS FUELHH
2022-03-31T11:30:00Z,Nuclear,5208.000,Elexon BMRS FUELHH
2022-03-31T11:30:00Z,Other,165.000,Elexon BMRS FUELHH
2022-03-31T11:30:00Z,Pumped Storage,56.000,Elexon BMRS FUELHH
2022-03-31T11:30:00Z,Wind,11279.000,Elexon BMRS FUELHH
2022-03-31T12:00:00Z,Biomass,1990.000,Elexon BMRS FUELHH
2022-03-31T12:00:00Z,Coal,1224.000,Elexon BMRS FUELHH
2022-03-31T12:00:00Z,Gas,12296.000,Elexon BMRS FUELHH
2022-03-31T12:00:00Z,Hydro,74.000,Elexon BMRS FUELHH
2022-03-31T12:00:00Z,Imports & Exports,-522.000,Elexon BMRS FUELHH
2022-03-31T12:00:00Z,Nuclear,5181.000,Elexon BMRS FUELHH
2022-03-31T12:00:00Z,Other,144.000,Elexon BMRS FUELHH
2022-03-31T12:00:00Z,Pumped Storage,232.000,Elexon BMRS FUELHH
2022-03-31T12:00:00Z,Wind,10608.000,Elexon BMRS FUELHH
2022-03-31T12:30:00Z,Biomass,1990.000,Elexon BMRS FUELHH
2022-03-31T12:30:00Z,Coal,1347.000,Elexon BMRS FUELHH
2022-03-31T12:30:00Z,Gas,11378.000,Elexon BMRS FUELHH
2022-03-31T12:30:00Z,Hydro,70.000,Elexon BMRS FUELHH
2022-03-31T12:30:00Z,Imports & Exports,-400.000,Elexon BMRS FUELHH
2022-03-31T12:30:00Z,Nuclear,5172.000,Elexon BMRS FUELHH
2022-03-31T12:30:00Z,Other,140.000,Elexon BMRS FUELHH
2022-03-31T12:30:00Z,Pumped Storage,28.000,Elexon BMRS FUELHH
2022-03-31T12:30:00Z,Wind,10949.000,Elexon BMRS FUELHH
2022-03-31T13:00:00Z,Biomass,1985.000,Elexon BMRS FUELHH
2022-03-31T13:00:00Z,Coal,1097.000,Elexon BMRS FUELHH
2022-03-31T13:00:00Z,Gas,10035.000,Elexon BMRS FUELHH
2022-03-31T13:00:00Z,Hydro,85.000,Elexon BMRS FUELHH
2022-03-31T13:00:00Z,Imports & Exports,436.000,Elexon BMRS FUELHH
2022-03-31T13:00:00Z,Nuclear,5176.000,Elexon BMRS FUELHH
2022-03-31T13:00:00Z,Other,111.000,Elexon BMRS FUELHH
2022-03-31T13:00:00Z,Pumped Storage,-16.000,Elexon BMRS FUELHH
2022-03-31T13:00:00Z,Wind,11585.000,Elexon BMRS FUELHH
2022-03-31T13:30:00Z,Biomass,1988.000,Elexon BMRS FUELHH
2022-03-31T13:30:00Z,Coal,929.000,Elexon BMRS FUELHH
2022-03-31T13:30:00Z,Gas,10251.000,Elexon BMRS FUELHH
2022-03-31T13:30:00Z,Hydro,88.000,Elexon BMRS FUELHH
2022-03-31T13:30:00Z,Imports & Exports,474.000,Elexon BMRS FUELHH
2022-03-31T13:30:00Z,Nuclear,5180.000,Elexon BMRS FUELHH
2022-03-31T13:30:00Z,Other,110.000,Elexon BMRS FUELHH
2022-03-31T13:30:00Z,Pumped Storage,-50.000,Elexon BMRS FUELHH
2022-03-31T13:30:00Z,Wind,11353.000,Elexon BMRS FUELHH
2022-03-31T14:00:00Z,Biomass,1986.000,Elexon BMRS FUELHH
2022-03-31T14:00:00Z,Coal,763.000,Elexon BMRS FUELHH
2022-03-31T14:00:00Z,Gas,9871.000,Elexon BMRS FUELHH
2022-03-31T14:00:00Z,Hydro,138.000,Elexon BMRS FUELHH
2022-03-31T14:00:00Z,Imports & Exports,1316.000,Elexon BMRS FUELHH
2022-03-31T14:00:00Z,Nuclear,5184.000,Elexon BMRS FUELHH
2022-03-31T14:00:00Z,Other,108.000,Elexon BMRS FUELHH
2022-03-31T14:00:00Z,Pumped Storage,-168.000,Elexon BMRS FUELHH
2022-03-31T14:00:00Z,Wind,11083.000,Elexon BMRS FUELHH
2022-03-31T14:30:00Z,Biomass,1989.000,Elexon BMRS FUELHH
2022-03-31T14:30:00Z,Coal,765.000,Elexon BMRS FUELHH
2022-03-31T14:30:00Z,Gas,10097.000,Elexon BMRS FUELHH
2022-03-31T14:30:00Z,Hydro,155.000,Elexon BMRS FUELHH
2022-03-31T14:30:00Z,Imports & Exports,1474.000,Elexon BMRS FUELHH
2022-03-31T14:30:00Z,Nuclear,5185.000,Elexon BMRS FUELHH
2022-03-31T14:30:00Z,Other,112.000,Elexon BMRS FUELHH
2022-03-31T14:30:00Z,Pumped Storage,-168.000,Elexon BMRS FUELHH
2022-03-31T14:30:00Z,Wind,11371.000,Elexon BMRS FUELHH
2022-03-31T15:00:00Z,Biomass,1991.000,Elexon BMRS FUELHH
2022-03-31T15:00:00Z,Coal,828.000,Elexon BMRS FUELHH
2022-03-31T15:00:00Z,Gas,10919.000,Elexon BMRS FUELHH
2022-03-31T15:00:00Z,Hydro,207.000,Elexon BMRS FUELHH
2022-03-31T15:00:00Z,Imports & Exports,1528.000,Elexon BMRS FUELHH
2022-03-31T15:00:00Z,Nuclear,5185.000,Elexon BMRS FUELHH
2022-03-31T15:00:00Z,Other,124.000,Elexon BMRS FUELHH
2022-03-31T15:00:00Z,Pumped Storage,-122.000,Elexon BMRS FUELHH
2022-03-31T15:00:00Z,Wind,11442.000,Elexon BMRS FUELHH
2022-03-31T15:30:00Z,Biomass,1991.000,Elexon BMRS FUELHH
2022-03-31T15:30:00Z,Coal,748.000,Elexon BMRS FUELHH
2022-03-31T15:30:00Z,Gas,12153.000,Elexon BMRS FUELHH
2022-03-31T15:30:00Z,Hydro,229.000,Elexon BMRS FUELHH
2022-03-31T15:30:00Z,Imports & Exports,1544.000,Elexon BMRS FUELHH
2022-03-31T15:30:00Z,Nuclear,5184.000,Elexon BMRS FUELHH
2022-03-31T15:30:00Z,Other,134.000,Elexon BMRS FUELHH
2022-03-31T15:30:00Z,Pumped Storage,-124.000,Elexon BMRS FUELHH
2022-03-31T15:30:00Z,Wind,11425.000,Elexon BMRS FUELHH
2022-03-31T16:00:00Z,Biomass,1989.000,Elexon BMRS FUELHH
2022-03-31T16:00:00Z,Coal,802.000,Elexon BMRS FUELHH
2022-03-31T16:00:00Z,Gas,13323.000,Elexon BMRS FUELHH
2022-03-31T16:00:00Z,Hydro,286.000,Elexon BMRS FUELHH
2022-03-31T16:00:00Z,Imports & Exports,1766.000,Elexon BMRS FUELHH
2022-03-31T16:00:00Z,Nuclear,5179.000,Elexon BMRS FUELHH
2022-03-31T16:00:00Z,Other,133.000,Elexon BMRS FUELHH
2022-03-31T16:00:00Z,Pumped Storage,80.000,Elexon BMRS FUELHH
2022-03-31T16:00:00Z,Wind,10855.000,Elexon BMRS FUELHH
2022-03-31T16:30:00Z,Biomass,1991.000,Elexon BMRS FUELHH
2022-03-31T16:30:00Z,Coal,1049.000,Elexon BMRS FUELHH
2022-03-31T16:30:00Z,Gas,13504.000,Elexon BMRS FUELHH
2022-03-31T16:30:00Z,Hydro,305.000,Elexon BMRS FUELHH
2022-03-31T16:30:00Z,Imports & Exports,1764.000,Elexon BMRS FUELHH
2022-03-31T16:30:00Z,Nuclear,5193.000,Elexon BMRS FUELHH
2022-03-31T16:30:00Z,Other,168.000,Elexon BMRS FUELHH
2022-03-31T16:30:00Z,Pumped Storage,192.000,Elexon BMRS FUELHH
2022-03-31T16:30:00Z,Wind,11260.000,Elexon BMRS FUELHH
2022-03-31T17:00:00Z,Biomass,1990.000,Elexon BMRS FUELHH
2022-03-31T17:00:00Z,Coal,888.000,Elexon BMRS FUELHH
2022-03-31T17:00:00Z,Gas,14028.000,Elexon BMRS FUELHH
2022-03-31T17:00:00Z,Hydro,316.000,Elexon BMRS FUELHH
2022-03-31T17:00:00Z,Imports & Exports,1622.000,Elexon BMRS FUELHH
2022-03-31T17:00:00Z,Nuclear,5218.000,Elexon BMRS FUELHH
2022-03-31T17:00:00Z,Other,169.000,Elexon BMRS FUELHH
2022-03-31T17:00:00Z,Pumped Storage,890.000,Elexon BMRS FUELHH
2022-03-31T17:00:00Z,Wind,11155.000,Elexon BMRS FUELHH
2022-03-31T17:30:00Z,Biomass,1980.000,Elexon BMRS FUELHH
2022-03-31T17:30:00Z,Coal,1292.000,Elexon BMRS FUELHH
2022-03-31T17:30:00Z,Gas,14553.000,Elexon BMRS FUELHH
2022-03-31T17:30:00Z,Hydro,326.000,Elexon BMRS FUELHH
2022-03-31T17:30:00Z,Imports & Exports,1618.000,Elexon BMRS FUELHH
2022-03-31T17:30:00Z,Nuclear,5219.000,Elexon BMRS FUELHH
2022-03-31T17:30:00Z,Other,172.000,Elexon BMRS FUELHH
2022-03-31T17:30:00Z,Pumped Storage,1164.000,Elexon BMRS FUELHH
2022-03-31T17:30:00Z,Wind,10446.000,Elexon BMRS FUELHH
2022-03-31T18:00:00Z,Biomass,2021.000,Elexon BMRS FUELHH
2022-03-31T18:00:00Z,Coal,1346.000,Elexon BMRS FUELHH
2022-03-31T18:00:00Z,Gas,14094.000,Elexon BMRS FUELHH
2022-03-31T18:00:00Z,Hydro,352.000,Elexon BMRS FUELHH
2022-03-31T18:00:00Z,Imports & Exports,2356.000,Elexon BMRS FUELHH
2022-03-31T18:00:00Z,Nuclear,5219.000,Elexon BMRS FUELHH
2022-03-31T18:00:00Z,Other,158.000,Elexon BMRS FUELHH
2022-03-31T18:00:00Z,Pumped Storage,1032.000,Elexon BMRS FUELHH
2022-03-31T18:00:00Z,Wind,10489.000,Elexon BMRS FUELHH
2022-03-31T18:30:00Z,Biomass,1993.000,Elexon BMRS FUELHH
2022-03-31T18:30:00Z,Coal,1447.000,Elexon BMRS FUELHH
2022-03-31T18:30:00Z,Gas,14574.000,Elexon BMRS FUELHH
2022-03-31T18:30:00Z,Hydro,353.000,Elexon BMRS FUELHH
2022-03-31T18:30:00Z,Imports & Exports,2422.000,Elexon BMRS FUELHH
2022-03-31T18:30:00Z,Nuclear,5219.000,Elexon BMRS FUELHH
2022-03-31T18:30:00Z,Other,150.000,Elexon BMRS FUELHH
2022-03-31T18:30:00Z,Pumped Storage,1074.000,Elexon BMRS FUELHH
2022-03-31T18:30:00Z,Wind,10188.000,Elexon BMRS FUELHH
2022-03-31T19:00:00Z,Biomass,2002.000,Elexon BMRS FUELHH
2022-03-31T19:00:00Z,Coal,1471.000,Elexon BMRS FUELHH
2022-03-31T19:00:00Z,Gas,14498.000,Elexon BMRS FUELHH
2022-03-31T19:00:00Z,Hydro,352.000,Elexon BMRS FUELHH
2022-03-31T19:00:00Z,Imports & Exports,3400.000,Elexon BMRS FUELHH
2022-03-31T19:00:00Z,Nuclear,5219.000,Elexon BMRS FUELHH
2022-03-31T19:00:00Z,Other,138.000,Elexon BMRS FUELHH
2022-03-31T19:00:00Z,Pumped Storage,768.000,Elexon BMRS FUELHH
2022-03-31T19:00:00Z,Wind,9759.000,Elexon BMRS FUELHH
2022-03-31T19:30:00Z,Biomass,2019.000,Elexon BMRS FUELHH
2022-03-31T19:30:00Z,Coal,1443.000,Elexon BMRS FUELHH
2022-03-31T19:30:00Z,Gas,14173.000,Elexon BMRS FUELHH
2022-03-31T19:30:00Z,Hydro,351.000,Elexon BMRS FUELHH
2022-03-31T19:30:00Z,Imports & Exports,3346.000,Elexon BMRS FUELHH
2022-03-31T19:30:00Z,Nuclear,5224.000,Elexon BMRS FUELHH
2022-03-31T19:30:00Z,Other,121.000,Elexon BMRS FUELHH
2022-03-31T19:30:00Z,Pumped Storage,102.000,Elexon BMRS FUELHH
2022-03-31T19:30:00Z,Wind,9753.000,Elexon BMRS FUELHH
2022-03-31T20:00:00Z,Biomass,2022.000,Elexon BMRS FUELHH
2022-03-31T20:00:00Z,Coal,1362.000,Elexon BMRS FUELHH
2022-03-31T20:00:00Z,Gas,13886.000,Elexon BMRS FUELHH
2022-03-31T20:00:00Z,Hydro,298.000,Elexon BMRS FUELHH
2022-03-31T20:00:00Z,Imports & Exports,2204.000,Elexon BMRS FUELHH
2022-03-31T20:00:00Z,Nuclear,5225.000,Elexon BMRS FUELHH
2022-03-31T20:00:00Z,Other,122.000,Elexon BMRS FUELHH
2022-03-31T20:00:00Z,Pumped Storage,136.000,Elexon BMRS FUELHH
2022-03-31T20:00:00Z,Wind,9960.000,Elexon BMRS FUELHH
2022-03-31T20:30:00Z,Biomass,2022.000,Elexon BMRS FUELHH
2022-03-31T20:30:00Z,Coal,1187.000,Elexon BMRS FUELHH
2022-03-31T20:30:00Z,Gas,12373.000,Elexon BMRS FUELHH
2022-03-31T20:30:00Z,Hydro,280.000,Elexon BMRS FUELHH
2022-03-31T20:30:00Z,Imports & Exports,2106.000,Elexon BMRS FUELHH
2022-03-31T20:30:00Z,Nuclear,5224.000,Elexon BMRS FUELHH
2022-03-31T20:30:00Z,Other,124.000,Elexon BMRS FUELHH
2022-03-31T20:30:00Z,Pumped Storage,-12.000,Elexon BMRS FUELHH
2022-03-31T20:30:00Z,Wind,9887.000,Elexon BMRS FUELHH
2022-03-31T21:00:00Z,Biomass,2022.000,Elexon BMRS FUELHH
2022-03-31T21:00:00Z,Coal,669.000,Elexon BMRS FUELHH
2022-03-31T21:00:00Z,Gas,10980.000,Elexon BMRS FUELHH
2022-03-31T21:00:00Z,Hydro,200.000,Elexon BMRS FUELHH
2022-03-31T21:00:00Z,Imports & Exports,2506.000,Elexon BMRS FUELHH
2022-03-31T21:00:00Z,Nuclear,5224.000,Elexon BMRS FUELHH
2022-03-31T21:00:00Z,Other,125.000,Elexon BMRS FUELHH
2022-03-31T21:00:00Z,Pumped Storage,152.000,Elexon BMRS FUELHH
2022-03-31T21:00:00Z,Wind,9533.000,Elexon BMRS FUELHH
2022-03-31T21:30:00Z,Biomass,2020.000,Elexon BMRS FUELHH
2022-03-31T21:30:00Z,Coal,339.000,Elexon BMRS FUELHH
2022-03-31T21:30:00Z,Gas,9771.000,Elexon BMRS FUELHH
2022-03-31T21:30:00Z,Hydro,193.000,Elexon BMRS FUELHH
2022-03-31T21:30:00Z,Imports & Exports,2402.000,Elexon BMRS FUELHH
2022-03-31T21:30:00Z,Nuclear,5225.000,Elexon BMRS FUELHH
2022-03-31T21:30:00Z,Other,106.000,Elexon BMRS FUELHH
2022-03-31T21:30:00Z,Pumped Storage,4.000,Elexon BMRS FUELHH
2022-03-31T21:30:00Z,Wind,9625.000,Elexon BMRS FUELHH
2022-03-31T22:00:00Z,Biomass,2023.000,Elexon BMRS FUELHH
2022-03-31T22:00:00Z,Coal,230.000,Elexon BMRS FUELHH
2022-03-31T22:00:00Z,Gas,9073.000,Elexon BMRS FUELHH
2022-03-31T22:00:00Z,Hydro,152.000,Elexon BMRS FUELHH
2022-03-31T22:00:00Z,Imports & Exports,984.000,Elexon BMRS FUELHH
2022-03-31T22:00:00Z,Nuclear,5227.000,Elexon BMRS FUELHH
2022-03-31T22:00:00Z,Other,111.000,Elexon BMRS FUELHH
2022-03-31T22:00:00Z,Pumped Storage,-28.000,Elexon BMRS FUELHH
2022-03-31T22:00:00Z,Wind,10045.000,Elexon BMRS FUELHH
