time,technology,generationMW,source
2022-01-31T23:30:00Z,Biomass,1199.000,Elexon BMRS FUELHH
2022-01-31T23:30:00Z,Coal,251.000,Elexon BMRS FUELHH
2022-01-31T23:30:00Z,Gas,3017.000,Elexon BMRS FUELHH
2022-01-31T23:30:00Z,Hydro,227.000,Elexon BMRS FUELHH
2022-01-31T23:30:00Z,Imports & Exports,3598.000,Elexon BMRS FUELHH
2022-01-31T23:30:00Z,Nuclear,5010.000,Elexon BMRS FUELHH
2022-01-31T23:30:00Z,Other,146.000,Elexon BMRS FUELHH
2022-01-31T23:30:00Z,Pumped Storage,-376.000,Elexon BMRS FUELHH
2022-01-31T23:30:00Z,Wind,11968.000,Elexon BMRS FUELHH
2022-02-01T00:00:00Z,Biomass,1210.000,Elexon BMRS FUELHH
2022-02-01T00:00:00Z,Coal,297.000,Elexon BMRS FUELHH
2022-02-01T00:00:00Z,Gas,3287.000,Elexon BMRS FUELHH
2022-02-01T00:00:00Z,Hydro,217.000,Elexon BMRS FUELHH
2022-02-01T00:00:00Z,Imports & Exports,2730.000,Elexon BMRS FUELHH
2022-02-01T00:00:00Z,Nuclear,5011.000,Elexon BMRS FUELHH
2022-02-01T00:00:00Z,Other,147.000,Elexon BMRS FUELHH
2022-02-01T00:00:00Z,Pumped Storage,-330.000,Elexon BMRS FUELHH
2022-02-01T00:00:00Z,Wind,12116.000,Elexon BMRS FUELHH
2022-02-01T00:30:00Z,Biomass,1248.000,Elexon BMRS FUELHH
2022-02-01T00:30:00Z,Coal,344.000,Elexon BMRS FUELHH
2022-02-01T00:30:00Z,Gas,3408.000,Elexon BMRS FUELHH
2022-02-01T00:30:00Z,Hydro,212.000,Elexon BMRS FUELHH
2022-02-01T00:30:00Z,Imports & Exports,2696.000,Elexon BMRS FUELHH
2022-02-01T00:30:00Z,Nuclear,5007.000,Elexon BMRS FUELHH
2022-02-01T00:30:00Z,Other,149.000,Elexon BMRS FUELHH
2022-02-01T00:30:00Z,Pumped Storage,-284.000,Elexon BMRS FUELHH
2022-02-01T00:30:00Z,Wind,12346.000,Elexon BMRS FUELHH
2022-02-01T01:00:00Z,Biomass,1396.000,Elexon BMRS FUELHH
2022-02-01T01:00:00Z,Coal,414.000,Elexon BMRS FUELHH
2022-02-01T01:00:00Z,Gas,3536.000,Elexon BMRS FUELHH
2022-02-01T01:00:00Z,Hydro,210.000,Elexon BMRS FUELHH
2022-02-01T01:00:00Z,Imports & Exports,2662.000,Elexon BMRS FUELHH
2022-02-01T01:00:00Z,Nuclear,5006.000,Elexon BMRS FUELHH
2022-02-01T01:00:00Z,Other,141.000,Elexon BMRS FUELHH
2022-02-01T01:00:00Z,Pumped Storage,-1152.000,Elexon BMRS FUELHH
2022-02-01T01:00:00Z,Wind,12581.000,Elexon BMRS FUELHH
2022-02-01T01:30:00Z,Biomass,1398.000,Elexon BMRS FUELHH
2022-02-01T01:30:00Z,Coal,317.000,Elexon BMRS FUELHH
2022-02-01T01:30:00Z,Gas,3243.000,Elexon BMRS FUELHH
2022-02-01T01:30:00Z,Hydro,209.000,Elexon BMRS FUELHH
2022-02-01T01:30:00Z,Imports & Exports,2646.000,Elexon BMRS FUELHH
2022-02-01T01:30:00Z,Nuclear,5010.000,Elexon BMRS FUELHH
2022-02-01T01:30:00Z,Other,141.000,Elexon BMRS FUELHH
2022-02-01T01:30:00Z,Pumped Storage,-1720.000,Elexon BMRS FUELHH
2022-02-01T01:30:00Z,Wind,12757.000,Elexon BMRS FUELHH
2022-02-01T02:00:00Z,Biomass,1374.000,Elexon BMRS FUELHH
2022-02-01T02:00:00Z,Coal,374.000,Elexon BMRS FUELHH
2022-02-01T02:00:00Z,Gas,3465.000,Elexon BMRS FUELHH
2022-02-01T02:00:00Z,Hydro,189.000,Elexon BMRS FUELHH
2022-02-01T02:00:00Z,Imports & Exports,1662.000,Elexon BMRS FUELHH
2022-02-01T02:00:00Z,Nuclear,5009.000,Elexon BMRS FUELHH
2022-02-01T02:00:00Z,Other,148.000,Elexon BMRS FUELHH
2022-02-01T02:00:00Z,Pumped Storage,-1856.000,Elexon BMRS FUELHH
2022-02-01T02:00:00Z,Wind,12982.000,Elexon BMRS FUELHH
2022-02-01T02:30:00Z,Biomass,1314.000,Elexon BMRS FUELHH
2022-02-01T02:30:00Z,Coal,383.000,Elexon BMRS FUELHH
2022-02-01T02:30:00Z,Gas,3329.000,Elexon BMRS FUELHH
2022-02-01T02:30:00Z,Hydro,186.000,Elexon BMRS FUELHH
2022-02-01T02:30:00Z,Imports & Exports,1556.000,Elexon BMRS FUELHH
2022-02-01T02:30:00Z,Nuclear,5013.000,Elexon BMRS FUELHH
2022-02-01T02:30:00Z,Other,145.000,Elexon BMRS FUELHH
2022-02-01T02:30:00Z,Pumped Storage,-2150.000,Elexon BMRS FUELHH
2022-02-01T02:30:00Z,Wind,13244.000,Elexon BMRS FUELHH
2022-02-01T03:00:00Z,Biomass,1315.000,Elexon BMRS FUELHH
2022-02-01T03:00:00Z,Coal,439.000,Elexon BMRS FUELHH
2022-02-01T03:00:00Z,Gas,3736.000,Elexon BMRS FUELHH
2022-02-01T03:00:00Z,Hydro,186.000,Elexon BMRS FUELHH
2022-02-01T03:00:00Z,Imports & Exports,300.000,Elexon BMRS FUELHH
2022-02-01T03:00:00Z,Nuclear,5016.000,Elexon BMRS FUELHH
2022-02-01T03:00:00Z,Other,148.000,Elexon BMRS FUELHH
2022-02-01T03:00:00Z,Pumped Storage,-1920.000,Elexon BMRS FUELHH
2022-02-01T03:00:00Z,Wind,13325.000,Elexon BMRS FUELHH
2022-02-01T03:30:00Z,Biomass,1291.000,Elexon BMRS FUELHH
2022-02-01T03:30:00Z,Coal,478.000,Elexon BMRS FUELHH
2022-02-01T03:30:00Z,Gas,3702.000,Elexon BMRS FUELHH
2022-02-01T03:30:00Z,Hydro,186.000,Elexon BMRS FUELHH
2022-02-01T03:30:00Z,Imports & Exports,244.000,Elexon BMRS FUELHH
2022-02-01T03:30:00Z,Nuclear,5014.000,Elexon BMRS FUELHH
2022-02-01T03:30:00Z,Other,153.000,Elexon BMRS FUELHH
2022-02-01T03:30:00Z,Pumped Storage,-2122.000,Elexon BMRS FUELHH
2022-02-01T03:30:00Z,Wind,13277.000,Elexon BMRS FUELHH
2022-02-01T04:00:00Z,Biomass,1410.000,Elexon BMRS FUELHH
2022-02-01T04:00:00Z,Coal,499.000,Elexon BMRS FUELHH
2022-02-01T04:00:00Z,Gas,4028.000,Elexon BMRS FUELHH
2022-02-01T04:00:00Z,Hydro,199.000,Elexon BMRS FUELHH
2022-02-01T04:00:00Z,Imports & Exports,-396.000,Elexon BMRS FUELHH
2022-02-01T04:00:00Z,Nuclear,5013.000,Elexon BMRS FUELHH
2022-02-01T04:00:00Z,Other,157.000,Elexon BMRS FUELHH
2022-02-01T04:00:00Z,Pumped Storage,-2112.000,Elexon BMRS FUELHH
2022-02-01T04:00:00Z,Wind,13312.000,Elexon BMRS FUELHH
2022-02-01T04:30:00Z,Biomass,1421.000,Elexon BMRS FUELHH
2022-02-01T04:30:00Z,Coal,501.000,Elexon BMRS FUELHH
2022-02-01T04:30:00Z,Gas,3987.000,Elexon BMRS FUELHH
2022-02-01T04:30:00Z,Hydro,201.000,Elexon BMRS FUELHH
2022-02-01T04:30:00Z,Imports & Exports,-408.000,Elexon BMRS FUELHH
2022-02-01T04:30:00Z,Nuclear,5017.000,Elexon BMRS FUELHH
2022-02-01T04:30:00Z,Other,153.000,Elexon BMRS FUELHH
2022-02-01T04:30:00Z,Pumped Storage,-1896.000,Elexon BMRS FUELHH
2022-02-01T04:30:00Z,Wind,13269.000,Elexon BMRS FUELHH
2022-02-01T05:00:00Z,Biomass,1292.000,Elexon BMRS FUELHH
2022-02-01T05:00:00Z,Coal,501.000,Elexon BMRS FUELHH
2022-02-01T05:00:00Z,Gas,4105.000,Elexon BMRS FUELHH
2022-02-01T05:00:00Z,Hydro,217.000,Elexon BMRS FUELHH
2022-02-01T05:00:00Z,Imports & Exports,-120.000,Elexon BMRS FUELHH
2022-02-01T05:00:00Z,Nuclear,5016.000,Elexon BMRS FUELHH
2022-02-01T05:00:00Z,Other,147.000,Elexon BMRS FUELHH
2022-02-01T05:00:00Z,Pumped Storage,-1482.000,Elexon BMRS FUELHH
2022-02-01T05:00:00Z,Wind,13218.000,Elexon BMRS FUELHH
2022-02-01T05:30:00Z,Biomass,1282.000,Elexon BMRS FUELHH
2022-02-01T05:30:00Z,Coal,608.000,Elexon BMRS FUELHH
2022-02-01T05:30:00Z,Gas,4525.000,Elexon BMRS FUELHH
2022-02-01T05:30:00Z,Hydro,217.000,Elexon BMRS FUELHH
2022-02-01T05:30:00Z,Imports & Exports,-98.000,Elexon BMRS FUELHH
2022-02-01T05:30:00Z,Nuclear,5021.000,Elexon BMRS FUELHH
2022-02-01T05:30:00Z,Other,143.000,Elexon BMRS FUELHH
2022-02-01T05:30:00Z,Pumped Storage,-1042.000,Elexon BMRS FUELHH
2022-02-01T05:30:00Z,Wind,13220.000,Elexon BMRS FUELHH
2022-02-01T06:00:00Z,Biomass,1377.000,Elexon BMRS FUELHH
2022-02-01T06:00:00Z,Coal,650.000,Elexon BMRS FUELHH
2022-02-01T06:00:00Z,Gas,5494.000,Elexon BMRS FUELHH
2022-02-01T06:00:00Z,Hydro,262.000,Elexon BMRS FUELHH
2022-02-01T06:00:00Z,Imports & Exports,876.000,Elexon BMRS FUELHH
2022-02-01T06:00:00Z,Nuclear,5020.000,Elexon BMRS FUELHH
2022-02-01T06:00:00Z,Other,147.000,Elexon BMRS FUELHH
2022-02-01T06:00:00Z,Pumped Storage,-268.000,Elexon BMRS FUELHH
2022-02-01T06:00:00Z,Wind,13277.000,Elexon BMRS FUELHH
2022-02-01T06:30:00Z,Biomass,1557.000,Elexon BMRS FUELHH
2022-02-01T06:30:00Z,Coal,793.000,Elexon BMRS FUELHH
2022-02-01T06:30:00Z,Gas,7244.000,Elexon BMRS FUELHH
2022-02-01T06:30:00Z,Hydro,262.000,Elexon BMRS FUELHH
2022-02-01T06:30:00Z,Imports & Exports,916.000,Elexon BMRS FUELHH
2022-02-01T06:30:00Z,Nuclear,5023.000,Elexon BMRS FUELHH
2022-02-01T06:30:00Z,Other,142.000,Elexon BMRS FUELHH
2022-02-01T06:30:00Z,Pumped Storage,-168.000,Elexon BMRS FUELHH
2022-02-01T06:30:00Z,Wind,13468.000,Elexon BMRS FUELHH
2022-02-01T07:00:00Z,Biomass,1559.000,Elexon BMRS FUELHH
2022-02-01T07:00:00Z,Coal,1019.000,Elexon BMRS FUELHH
2022-02-01T07:00:00Z,Gas,9168.000,Elexon BMRS FUELHH
2022-02-01T07:00:00Z,Hydro,349.000,Elexon BMRS FUELHH
2022-02-01T07:00:00Z,Imports & Exports,1772.000,Elexon BMRS FUELHH
2022-02-01T07:00:00Z,Nuclear,5022.000,Elexon BMRS FUELHH
2022-02-01T07:00:00Z,Other,147.000,Elexon BMRS FUELHH
2022-02-01T07:00:00Z,Pumped Storage,-36.000,Elexon BMRS FUELHH
2022-02-01T07:00:00Z,Wind,13619.000,Elexon BMRS FUELHH
2022-02-01T07:30:00Z,Biomass,1565.000,Elexon BMRS FUELHH
2022-02-01T07:30:00Z,Coal,1335.000,Elexon BMRS FUELHH
2022-02-01T07:30:00Z,Gas,10300.000,Elexon BMRS FUELHH
2022-02-01T07:30:00Z,Hydro,364.000,Elexon BMRS FUELHH
2022-02-01T07:30:00Z,Imports & Exports,1794.000,Elexon BMRS FUELHH
2022-02-01T07:30:00Z,Nuclear,5023.000,Elexon BMRS FUELHH
2022-02-01T07:30:00Z,Other,157.000,Elexon BMRS FUELHH
2022-02-01T07:30:00Z,Pumped Storage,-14.000,Elexon BMRS FUELHH
2022-02-01T07:30:00Z,Wind,13538.000,Elexon BMRS FUELHH
2022-02-01T08:00:00Z,Biomass,1564.000,Elexon BMRS FUELHH
2022-02-01T08:00:00Z,Coal,1458.000,Elexon BMRS FUELHH
2022-02-01T08:00:00Z,Gas,10550.000,Elexon BMRS FUELHH
2022-02-01T08:00:00Z,Hydro,366.000,Elexon BMRS FUELHH
2022-02-01T08:00:00Z,Imports & Exports,2538.000,Elexon BMRS FUELHH
2022-02-01T08:00:00Z,Nuclear,5022.000,Elexon BMRS FUELHH
2022-02-01T08:00:00Z,Other,170.000,Elexon BMRS FUELHH
2022-02-01T08:00:00Z,Pumped Storage,-16.000,Elexon BMRS FUELHH
2022-02-01T08:00:00Z,Wind,13644.000,Elexon BMRS FUELHH
2022-02-01T08:30:00Z,Biomass,1569.000,Elexon BMRS FUELHH
2022-02-01T08:30:00Z,Coal,1443.000,Elexon BMRS FUELHH
2022-02-01T08:30:00Z,Gas,10572.000,Elexon BMRS FUELHH
2022-02-01T08:30:00Z,Hydro,366.000,Elexon BMRS FUELHH
2022-02-01T08:30:00Z,Imports & Exports,2556.000,Elexon BMRS FUELHH
2022-02-01T08:30:00Z,Nuclear,5019.000,Elexon BMRS FUELHH
2022-02-01T08:30:00Z,Other,225.000,Elexon BMRS FUELHH
2022-02-01T08:30:00Z,Pumped Storage,-16.000,Elexon BMRS FUELHH
2022-02-01T08:30:00Z,Wind,13799.000,Elexon BMRS FUELHH
2022-02-01T09:00:00Z,Biomass,1568.000,Elexon BMRS FUELHH
2022-02-01T09:00:00Z,Coal,1242.000,Elexon BMRS FUELHH
2022-02-01T09:00:00Z,Gas,10036.000,Elexon BMRS FUELHH
2022-02-01T09:00:00Z,Hydro,350.000,Elexon BMRS FUELHH
2022-02-01T09:00:00Z,Imports & Exports,3938.000,Elexon BMRS FUELHH
2022-02-01T09:00:00Z,Nuclear,5018.000,Elexon BMRS FUELHH
2022-02-01T09:00:00Z,Other,234.000,Elexon BMRS FUELHH
2022-02-01T09:00:00Z,Pumped Storage,38.000,Elexon BMRS FUELHH
2022-02-01T09:00:00Z,Wind,13676.000,Elexon BMRS FUELHH
2022-02-01T09:30:00Z,Biomass,1564.000,Elexon BMRS FUELHH
2022-02-01T09:30:00Z,Coal,1110.000,Elexon BMRS FUELHH
2022-02-01T09:30:00Z,Gas,9475.000,Elexon BMRS FUELHH
2022-02-01T09:30:00Z,Hydro,343.000,Elexon BMRS FUELHH
2022-02-01T09:30:00Z,Imports & Exports,3964.000,Elexon BMRS FUELHH
2022-02-01T09:30:00Z,Nuclear,5018.000,Elexon BMRS FUELHH
2022-02-01T09:30:00Z,Other,152.000,Elexon BMRS FUELHH
2022-02-01T09:30:00Z,Pumped Storage,-16.000,Elexon BMRS FUELHH
2022-02-01T09:30:00Z,Wind,13917.000,Elexon BMRS FUELHH
2022-02-01T10:00:00Z,Biomass,1556.000,Elexon BMRS FUELHH
2022-02-01T10:00:00Z,Coal,991.000,Elexon BMRS FUELHH
2022-02-01T10:00:00Z,Gas,9005.000,Elexon BMRS FUELHH
2022-02-01T10:00:00Z,Hydro,346.000,Elexon BMRS FUELHH
2022-02-01T10:00:00Z,Imports & Exports,3430.000,Elexon BMRS FUELHH
2022-02-01T10:00:00Z,Nuclear,5015.000,Elexon BMRS FUELHH
2022-02-01T10:00:00Z,Other,157.000,Elexon BMRS FUELHH
2022-02-01T10:00:00Z,Pumped Storage,16.000,Elexon BMRS FUELHH
2022-02-01T10:00:00Z,Wind,14046.000,Elexon BMRS FUELHH
2022-02-01T10:30:00Z,Biomass,1552.000,Elexon BMRS FUELHH
2022-02-01T10:30:00Z,Coal,868.000,Elexon BMRS FUELHH
2022-02-01T10:30:00Z,Gas,8654.000,Elexon BMRS FUELHH
2022-02-01T10:30:00Z,Hydro,391.000,Elexon BMRS FUELHH
2022-02-01T10:30:00Z,Imports & Exports,3340.000,Elexon BMRS FUELHH
2022-02-01T10:30:00Z,Nuclear,5017.000,Elexon BMRS FUELHH
2022-02-01T10:30:00Z,Other,172.000,Elexon BMRS FUELHH
2022-02-01T10:30:00Z,Pumped Storage,96.000,Elexon BMRS FUELHH
2022-02-01T10:30:00Z,Wind,13964.000,Elexon BMRS FUELHH
2022-02-01T11:00:00Z,Biomass,1421.000,Elexon BMRS FUELHH
2022-02-01T11:00:00Z,Coal,828.000,Elexon BMRS FUELHH
2022-02-01T11:00:00Z,Gas,8129.000,Elexon BMRS FUELHH
2022-02-01T11:00:00Z,Hydro,411.000,Elexon BMRS FUELHH
2022-02-01T11:00:00Z,Imports & Exports,3396.000,Elexon BMRS FUELHH
2022-02-01T11:00:00Z,Nuclear,5016.000,Elexon BMRS FUELHH
2022-02-01T11:00:00Z,Other,195.000,Elexon BMRS FUELHH
2022-02-01T11:00:00Z,Pumped Storage,96.000,Elexon BMRS FUELHH
2022-02-01T11:00:00Z,Wind,13983.000,Elexon BMRS FUELHH
2022-02-01T11:30:00Z,Biomass,1318.000,Elexon BMRS FUELHH
2022-02-01T11:30:00Z,Coal,606.000,Elexon BMRS FUELHH
2022-02-01T11:30:00Z,Gas,7863.000,Elexon BMRS FUELHH
2022-02-01T11:30:00Z,Hydro,353.000,Elexon BMRS FUELHH
2022-02-01T11:30:00Z,Imports & Exports,3368.000,Elexon BMRS FUELHH
2022-02-01T11:30:00Z,Nuclear,5016.000,Elexon BMRS FUELHH
2022-02-01T11:30:00Z,Other,170.000,Elexon BMRS FUELHH
2022-02-01T11:30:00Z,Pumped Storage,-12.000,Elexon BMRS FUELHH
2022-02-01T11:30:00Z,Wind,14073.000,Elexon BMRS FUELHH
2022-02-01T12:00:00Z,Biomass,1342.000,Elexon BMRS FUELHH
2022-02-01T12:00:00Z,Coal,607.000,Elexon BMRS FUELHH
2022-02-01T12:00:00Z,Gas,7902.000,Elexon BMRS FUELHH
2022-02-01T12:00:00Z,Hydro,358.000,Elexon BMRS FUELHH
2022-02-01T12:00:00Z,Imports & Exports,3386.000,Elexon BMRS FUELHH
2022-02-01T12:00:00Z,Nuclear,5020.000,Elexon BMRS FUELHH
2022-02-01T12:00:00Z,Other,168.000,Elexon BMRS FUELHH
2022-02-01T12:00:00Z,Pumped Storage,-144.000,Elexon BMRS FUELHH
2022-02-01T12:00:00Z,Wind,14048.000,Elexon BMRS FUELHH
2022-02-01T12:30:00Z,Biomass,1288.000,Elexon BMRS FUELHH
2022-02-01T12:30:00Z,Coal,701.000,Elexon BMRS FUELHH
2022-02-01T12:30:00Z,Gas,7863.000,Elexon BMRS FUELHH
2022-02-01T12:30:00Z,Hydro,341.000,Elexon BMRS FUELHH
2022-02-01T12:30:00Z,Imports & Exports,3316.000,Elexon BMRS FUELHH
2022-02-01T12:30:00Z,Nuclear,5020.000,Elexon BMRS FUELHH
2022-02-01T12:30:00Z,Other,172.000,Elexon BMRS FUELHH
2022-02-01T12:30:00Z,Pumped Storage,-286.000,Elexon BMRS FUELHH
2022-02-01T12:30:00Z,Wind,14041.000,Elexon BMRS FUELHH
2022-02-01T13:00:00Z,Biomass,1262.000,Elexon BMRS FUELHH
2022-02-01T13:00:00Z,Coal,647.000,Elexon BMRS FUELHH
2022-02-01T13:00:00Z,Gas,8173.000,Elexon BMRS FUELHH
2022-02-01T13:00:00Z,Hydro,314.000,Elexon BMRS FUELHH
2022-02-01T13:00:00Z,Imports & Exports,3228.000,Elexon BMRS FUELHH
2022-02-01T13:00:00Z,Nuclear,5020.000,Elexon BMRS FUELHH
2022-02-01T13:00:00Z,Other,175.000,Elexon BMRS FUELHH
2022-02-01T13:00:00Z,Pumped Storage,-468.000,Elexon BMRS FUELHH
2022-02-01T13:00:00Z,Wind,14019.000,Elexon BMRS FUELHH
2022-02-01T13:30:00Z,Biomass,1261.000,Elexon BMRS FUELHH
2022-02-01T13:30:00Z,Coal,692.000,Elexon BMRS FUELHH
2022-02-01T13:30:00Z,Gas,8171.000,Elexon BMRS FUELHH
2022-02-01T13:30:00Z,Hydro,317.000,Elexon BMRS FUELHH
2022-02-01T13:30:00Z,Imports & Exports,3180.000,Elexon BMRS FUELHH
2022-02-01T13:30:00Z,Nuclear,5023.000,Elexon BMRS FUELHH
2022-02-01T13:30:00Z,Other,170.000,Elexon BMRS FUELHH
2022-02-01T13:30:00Z,Pumped Storage,-548.000,Elexon BMRS FUELHH
2022-02-01T13:30:00Z,Wind,14082.000,Elexon BMRS FUELHH
2022-02-01T14:00:00Z,Biomass,1267.000,Elexon BMRS FUELHH
2022-02-01T14:00:00Z,Coal,678.000,Elexon BMRS FUELHH
2022-02-01T14:00:00Z,Gas,8246.000,Elexon BMRS FUELHH
2022-02-01T14:00:00Z,Hydro,311.000,Elexon BMRS FUELHH
2022-02-01T14:00:00Z,Imports & Exports,3630.000,Elexon BMRS FUELHH
2022-02-01T14:00:00Z,Nuclear,5021.000,Elexon BMRS FUELHH
2022-02-01T14:00:00Z,Other,171.000,Elexon BMRS FUELHH
2022-02-01T14:00:00Z,Pumped Storage,-796.000,Elexon BMRS FUELHH
2022-02-01T14:00:00Z,Wind,14279.000,Elexon BMRS FUELHH
2022-02-01T14:30:00Z,Biomass,1289.000,Elexon BMRS FUELHH
2022-02-01T14:30:00Z,Coal,712.000,Elexon BMRS FUELHH
2022-02-01T14:30:00Z,Gas,8462.000,Elexon BMRS FUELHH
2022-02-01T14:30:00Z,Hydro,312.000,Elexon BMRS FUELHH
2022-02-01T14:30:00Z,Imports & Exports,3672.000,Elexon BMRS FUELHH
2022-02-01T14:30:00Z,Nuclear,5024.000,Elexon BMRS FUELHH
2022-02-01T14:30:00Z,Other,172.000,Elexon BMRS FUELHH
2022-02-01T14:30:00Z,Pumped Storage,-746.000,Elexon BMRS FUELHH
2022-02-01T14:30:00Z,Wind,14259.000,Elexon BMRS FUELHH
2022-02-01T15:00:00Z,Biomass,1462.000,Elexon BMRS FUELHH
2022-02-01T15:00:00Z,Coal,728.000,Elexon BMRS FUELHH
2022-02-01T15:00:00Z,Gas,8800.000,Elexon BMRS FUELHH
2022-02-01T15:00:00Z,Hydro,319.000,Elexon BMRS FUELHH
2022-02-01T15:00:00Z,Imports & Exports,3214.000,Elexon BMRS FUELHH
2022-02-01T15:00:00Z,Nuclear,5022.000,Elexon BMRS FUELHH
2022-02-01T15:00:00Z,Other,172.000,Elexon BMRS FUELHH
2022-02-01T15:00:00Z,Pumped Storage,-172.000,Elexon BMRS FUELHH
2022-02-01T15:00:00Z,Wind,14228.000,Elexon BMRS FUELHH
2022-02-01T15:30:00Z,Biomass,1554.000,Elexon BMRS FUELHH
2022-02-01T15:30:00Z,Coal,742.000,Elexon BMRS FUELHH
2022-02-01T15:30:00Z,Gas,9467.000,Elexon BMRS FUELHH
2022-02-01T15:30:00Z,Hydro,319.000,Elexon BMRS FUELHH
2022-02-01T15:30:00Z,Imports & Exports,3328.000,Elexon BMRS FUELHH
2022-02-01T15:30:00Z,Nuclear,5019.000,Elexon BMRS FUELHH
2022-02-01T15:30:00Z,Other,178.000,Elexon BMRS FUELHH
2022-02-01T15:30:00Z,Pumped Storage,-14.000,Elexon BMRS FUELHH
2022-02-01T15:30:00Z,Wind,14162.000,Elexon BMRS FUELHH
2022-02-01T16:00:00Z,Biomass,1508.000,Elexon BMRS FUELHH
2022-02-01T16:00:00Z,Coal,709.000,Elexon BMRS FUELHH
2022-02-01T16:00:00Z,Gas,9970.000,Elexon BMRS FUELHH
2022-02-01T16:00:00Z,Hydro,378.000,Elexon BMRS FUELHH
2022-02-01T16:00:00Z,Imports & Exports,3966.000,Elexon BMRS FUELHH
2022-02-01T16:00:00Z,Nuclear,5018.000,Elexon BMRS FUELHH
2022-02-01T16:00:00Z,Other,218.000,Elexon BMRS FUELHH
2022-02-01T16:00:00Z,Pumped Storage,22.000,Elexon BMRS FUELHH
2022-02-01T16:00:00Z,Wind,14115.000,Elexon BMRS FUELHH
2022-02-01T16:30:00Z,Biomass,1473.000,Elexon BMRS FUELHH
2022-02-01T16:30:00Z,Coal,772.000,Elexon BMRS FUELHH
2022-02-01T16:30:00Z,Gas,10624.000,Elexon BMRS FUELHH
2022-02-01T16:30:00Z,Hydro,392.000,Elexon BMRS FUELHH
2022-02-01T16:30:00Z,Imports & Exports,4098.000,Elexon BMRS FUELHH
2022-02-01T16:30:00Z,Nuclear,5014.000,Elexon BMRS FUELHH
2022-02-01T16:30:00Z,Other,234.000,Elexon BMRS FUELHH
2022-02-01T16:30:00Z,Pumped Storage,970.000,Elexon BMRS FUELHH
2022-02-01T16:30:00Z,Wind,13990.000,Elexon BMRS FUELHH
2022-02-01T17:00:00Z,Biomass,1495.000,Elexon BMRS FUELHH
2022-02-01T17:00:00Z,Coal,771.000,Elexon BMRS FUELHH
2022-02-01T17:00:00Z,Gas,11419.000,Elexon BMRS FUELHH
2022-02-01T17:00:00Z,Hydro,474.000,Elexon BMRS FUELHH
2022-02-01T17:00:00Z,Imports & Exports,4270.000,Elexon BMRS FUELHH
2022-02-01T17:00:00Z,Nuclear,5012.000,Elexon BMRS FUELHH
2022-02-01T17:00:00Z,Other,442.000,Elexon BMRS FUELHH
2022-02-01T17:00:00Z,Pumped Storage,1898.000,Elexon BMRS FUELHH
2022-02-01T17:00:00Z,Wind,14093.000,Elexon BMRS FUELHH
2022-02-01T17:30:00Z,Biomass,1501.000,Elexon BMRS FUELHH
2022-02-01T17:30:00Z,Coal,922.000,Elexon BMRS FUELHH
2022-02-01T17:30:00Z,Gas,11816.000,Elexon BMRS FUELHH
2022-02-01T17:30:00Z,Hydro,489.000,Elexon BMRS FUELHH
2022-02-01T17:30:00Z,Imports & Exports,4310.000,Elexon BMRS FUELHH
2022-02-01T17:30:00Z,Nuclear,5011.000,Elexon BMRS FUELHH
2022-02-01T17:30:00Z,Other,586.000,Elexon BMRS FUELHH
2022-02-01T17:30:00Z,Pumped Storage,1966.000,Elexon BMRS FUELHH
2022-02-01T17:30:00Z,Wind,14188.000,Elexon BMRS FUELHH
2022-02-01T18:00:00Z,Biomass,1502.000,Elexon BMRS FUELHH
2022-02-01T18:00:00Z,Coal,944.000,Elexon BMRS FUELHH
2022-02-01T18:00:00Z,Gas,11822.000,Elexon BMRS FUELHH
2022-02-01T18:00:00Z,Hydro,488.000,Elexon BMRS FUELHH
2022-02-01T18:00:00Z,Imports & Exports,3868.000,Elexon BMRS FUELHH
2022-02-01T18:00:00Z,Nuclear,5011.000,Elexon BMRS FUELHH
2022-02-01T18:00:00Z,Other,647.000,Elexon BMRS FUELHH
2022-02-01T18:00:00Z,Pumped Storage,1958.000,Elexon BMRS FUELHH
2022-02-01T18:00:00Z,Wind,14179.000,Elexon BMRS FUELHH
2022-02-01T18:30:00Z,Biomass,1510.000,Elexon BMRS FUELHH
2022-02-01T18:30:00Z,Coal,877.000,Elexon BMRS FUELHH
2022-02-01T18:30:00Z,Gas,11655.000,Elexon BMRS FUELHH
2022-02-01T18:30:00Z,Hydro,497.000,Elexon BMRS FUELHH
2022-02-01T18:30:00Z,Imports & Exports,3820.000,Elexon BMRS FUELHH
2022-02-01T18:30:00Z,Nuclear,5014.000,Elexon BMRS FUELHH
2022-02-01T18:30:00Z,Other,468.000,Elexon BMRS FUELHH
2022-02-01T18:30:00Z,Pumped Storage,1584.000,Elexon BMRS FUELHH
2022-02-01T18:30:00Z,Wind,14033.000,Elexon BMRS FUELHH
2022-02-01T19:00:00Z,Biomass,1507.000,Elexon BMRS FUELHH
2022-02-01T19:00:00Z,Coal,915.000,Elexon BMRS FUELHH
2022-02-01T19:00:00Z,Gas,11370.000,Elexon BMRS FUELHH
2022-02-01T19:00:00Z,Hydro,506.000,Elexon BMRS FUELHH
2022-02-01T19:00:00Z,Imports & Exports,4284.000,Elexon BMRS FUELHH
2022-02-01T19:00:00Z,Nuclear,5012.000,Elexon BMRS FUELHH
2022-02-01T19:00:00Z,Other,423.000,Elexon BMRS FUELHH
2022-02-01T19:00:00Z,Pumped Storage,756.000,Elexon BMRS FUELHH
2022-02-01T19:00:00Z,Wind,13977.000,Elexon BMRS FUELHH
2022-02-01T19:30:00Z,Biomass,1498.000,Elexon BMRS FUELHH
2022-02-01T19:30:00Z,Coal,992.000,Elexon BMRS FUELHH
2022-02-01T19:30:00Z,Gas,10759.000,Elexon BMRS FUELHH
2022-02-01T19:30:00Z,Hydro,517.000,Elexon BMRS FUELHH
2022-02-01T19:30:00Z,Imports & Exports,4196.000,Elexon BMRS FUELHH
2022-02-01T19:30:00Z,Nuclear,5011.000,Elexon BMRS FUELHH
2022-02-01T19:30:00Z,Other,338.000,Elexon BMRS FUELHH
2022-02-01T19:30:00Z,Pumped Storage,314.000,Elexon BMRS FUELHH
2022-02-01T19:30:00Z,Wind,13880.000,Elexon BMRS FUELHH
2022-02-01T20:00:00Z,Biomass,1506.000,Elexon BMRS FUELHH
2022-02-01T20:00:00Z,Coal,931.000,Elexon BMRS FUELHH
2022-02-01T20:00:00Z,Gas,10384.000,Elexon BMRS FUELHH
2022-02-01T20:00:00Z,Hydro,432.000,Elexon BMRS FUELHH
2022-02-01T20:00:00Z,Imports & Exports,3952.000,Elexon BMRS FUELHH
2022-02-01T20:00:00Z,Nuclear,5012.000,Elexon BMRS FUELHH
2022-02-01T20:00:00Z,Other,230.000,Elexon BMRS FUELHH
2022-02-01T20:00:00Z,Pumped Storage,30.000,Elexon BMRS FUELHH
2022-02-01T20:00:00Z,Wind,13842.000,Elexon BMRS FUELHH
2022-02-01T20:30:00Z,Biomass,1502.000,Elexon BMRS FUELHH
2022-02-01T20:30:00Z,Coal,750.000,Elexon BMRS FUELHH
2022-02-01T20:30:00Z,Gas,9166.000,Elexon BMRS FUELHH
2022-02-01T20:30:00Z,Hydro,426.000,Elexon BMRS FUELHH
2022-02-01T20:30:00Z,Imports & Exports,4042.000,Elexon BMRS FUELHH
2022-02-01T20:30:00Z,Nuclear,5011.000,Elexon BMRS FUELHH
2022-02-01T20:30:00Z,Other,216.000,Elexon BMRS FUELHH
2022-02-01T20:30:00Z,Pumped Storage,-10.000,Elexon BMRS FUELHH
2022-02-01T20:30:00Z,Wind,13673.000,Elexon BMRS FUELHH
2022-02-01T21:00:00Z,Biomass,1462.000,Elexon BMRS FUELHH
2022-02-01T21:00:00Z,Coal,704.000,Elexon BMRS FUELHH
2022-02-01T21:00:00Z,Gas,7302.000,Elexon BMRS FUELHH
2022-02-01T21:00:00Z,Hydro,382.000,Elexon BMRS FUELHH
2022-02-01T21:00:00Z,Imports & Exports,4262.000,Elexon BMRS FUELHH
2022-02-01T21:00:00Z,Nuclear,5019.000,Elexon BMRS FUELHH
2022-02-01T21:00:00Z,Other,218.000,Elexon BMRS FUELHH
2022-02-01T21:00:00Z,Pumped Storage,-8.000,Elexon BMRS FUELHH
2022-02-01T21:00:00Z,Wind,13743.000,Elexon BMRS FUELHH
2022-02-01T21:30:00Z,Biomass,1439.000,Elexon BMRS FUELHH
2022-02-01T21:30:00Z,Coal,526.000,Elexon BMRS FUELHH
2022-02-01T21:30:00Z,Gas,5576.000,Elexon BMRS FUELHH
2022-02-01T21:30:00Z,Hydro,391.000,Elexon BMRS FUELHH
2022-02-01T21:30:00Z,Imports & Exports,4350.000,Elexon BMRS FUELHH
2022-02-01T21:30:00Z,Nuclear,5017.000,Elexon BMRS FUELHH
2022-02-01T21:30:00Z,Other,188.000,Elexon BMRS FUELHH
2022-02-01T21:30:00Z,Pumped Storage,38.000,Elexon BMRS FUELHH
2022-02-01T21:30:00Z,Wind,13447.000,Elexon BMRS FUELHH
2022-02-01T22:00:00Z,Biomass,1528.000,Elexon BMRS FUELHH
2022-02-01T22:00:00Z,Coal,224.000,Elexon BMRS FUELHH
2022-02-01T22:00:00Z,Gas,5272.000,Elexon BMRS FUELHH
2022-02-01T22:00:00Z,Hydro,375.000,Elexon BMRS FUELHH
2022-02-01T22:00:00Z,Imports & Exports,3928.000,Elexon BMRS FUELHH
2022-02-01T22:00:00Z,Nuclear,5019.000,Elexon BMRS FUELHH
2022-02-01T22:00:00Z,Other,196.000,Elexon BMRS FUELHH
2022-02-01T22:00:00Z,Pumped Storage,18.000,Elexon BMRS FUELHH
2022-02-01T22:00:00Z,Wind,12680.000,Elexon BMRS FUELHH
2022-02-01T22:30:00Z,Biomass,1473.000,Elexon BMRS FUELHH
2022-02-01T22:30:00Z,Coal,1.000,Elexon BMRS FUELHH
2022-02-01T22:30:00Z,Gas,4756.000,Elexon BMRS FUELHH
2022-02-01T22:30:00Z,Hydro,485.000,Elexon BMRS FUELHH
2022-02-01T22:30:00Z,Imports & Exports,3812.000,Elexon BMRS FUELHH
2022-02-01T22:30:00Z,Nuclear,5015.000,Elexon BMRS FUELHH
2022-02-01T22:30:00Z,Other,198.000,Elexon BMRS FUELHH
2022-02-01T22:30:00Z,Pumped Storage,-50.000,Elexon BMRS FUELHH
2022-02-01T22:30:00Z,Wind,12094.000,Elexon BMRS FUELHH
2022-02-01T23:00:00Z,Biomass,1437.000,Elexon BMRS FUELHH
2022-02-01T23:00:00Z,Coal,0.000,Elexon BMRS FUELHH
2022-02-01T23:00:00Z,Gas,4554.000,Elexon BMRS FUELHH
2022-02-01T23:00:00Z,Hydro,375.000,Elexon BMRS FUELHH
2022-02-01T23:00:00Z,Imports & Exports,3006.000,Elexon BMRS FUELHH
2022-02-01T23:00:00Z,Nuclear,5017.000,Elexon BMRS FUELHH
2022-02-01T23:00:00Z,Other,223.000,Elexon BMRS FUELHH
2022-02-01T23:00:00Z,Pumped Storage,42.000,Elexon BMRS FUELHH
2022-02-01T23:00:00Z,Wind,11548.000,Elexon BMRS FUELHH
2022-02-01T23:30:00Z,Biomass,1397.000,Elexon BMRS FUELHH
2022-02-01T23:30:00Z,Coal,0.000,Elexon BMRS FUELHH
2022-02-01T23:30:00Z,Gas,4167.000,Elexon BMRS FUELHH
2022-02-01T23:30:00Z,Hydro,365.000,Elexon BMRS FUELHH
2022-02-01T23:30:00Z,Imports & Exports,2816.000,Elexon BMRS FUELHH
2022-02-01T23:30:00Z,Nuclear,5017.000,Elexon BMRS FUELHH
2022-02-01T23:30:00Z,Other,182.000,Elexon BMRS FUELHH
2022-02-01T23:30:00Z,Pumped Storage,-364.000,Elexon BMRS FUELHH
2022-02-01T23:30:00Z,Wind,11640.000,Elexon BMRS FUELHH
2022-02-02T00:00:00Z,Biomass,1341.000,Elexon BMRS FUELHH
2022-02-02T00:00:00Z,Coal,0.000,Elexon BMRS FUELHH
2022-02-02T00:00:00Z,Gas,3912.000,Elexon BMRS FUELHH
2022-02-02T00:00:00Z,Hydro,328.000,Elexon BMRS FUELHH
2022-02-02T00:00:00Z,Imports & Exports,3082.000,Elexon BMRS FUELHH
2022-02-02T00:00:00Z,Nuclear,5018.000,Elexon BMRS FUELHH
2022-02-02T00:00:00Z,Other,231.000,Elexon BMRS FUELHH
2022-02-02T00:00:00Z,Pumped Storage,-368.000,Elexon BMRS FUELHH
2022-02-02T00:00:00Z,Wind,11997.000,Elexon BMRS FUELHH
2022-02-02T00:30:00Z,Biomass,1366.000,Elexon BMRS FUELHH
2022-02-02T00:30:00Z,Coal,0.000,Elexon BMRS FUELHH
2022-02-02T00:30:00Z,Gas,4016.000,Elexon BMRS FUELHH
2022-02-02T00:30:00Z,Hydro,328.000,Elexon BMRS FUELHH
2022-02-02T00:30:00Z,Imports & Exports,3214.000,Elexon BMRS FUELHH
2022-02-02T00:30:00Z,Nuclear,5012.000,Elexon BMRS FUELHH
2022-02-02T00:30:00Z,Other,196.000,Elexon BMRS FUELHH
2022-02-02T00:30:00Z,Pumped Storage,-160.000,Elexon BMRS FUELHH
2022-02-02T00:30:00Z,Wind,11870.000,Elexon BMRS FUELHH
2022-02-02T01:00:00Z,Biomass,1553.000,Elexon BMRS FUELHH
2022-02-02T01:00:00Z,Coal,0.000,Elexon BMRS FUELHH
2022-02-02T01:00:00Z,Gas,4057.000,Elexon BMRS FUELHH
2022-02-02T01:00:00Z,Hydro,327.000,Elexon BMRS FUELHH
2022-02-02T01:00:00Z,Imports & Exports,3840.000,Elexon BMRS FUELHH
2022-02-02T01:00:00Z,Nuclear,5012.000,Elexon BMRS FUELHH
2022-02-02T01:00:00Z,Other,192.000,Elexon BMRS FUELHH
2022-02-02T01:00:00Z,Pumped Storage,-560.000,Elexon BMRS FUELHH
2022-02-02T01:00:00Z,Wind,11539.000,Elexon BMRS FUELHH
2022-02-02T01:30:00Z,Biomass,1506.000,Elexon BMRS FUELHH
2022-02-02T01:30:00Z,Coal,0.000,Elexon BMRS FUELHH
2022-02-02T01:30:00Z,Gas,4001.000,Elexon BMRS FUELHH
2022-02-02T01:30:00Z,Hydro,325.000,Elexon BMRS FUELHH
2022-02-02T01:30:00Z,Imports & Exports,3820.000,Elexon BMRS FUELHH
2022-02-02T01:30:00Z,Nuclear,5015.000,Elexon BMRS FUELHH
2022-02-02T01:30:00Z,Other,237.000,Elexon BMRS FUELHH
2022-02-02T01:30:00Z,Pumped Storage,-1182.000,Elexon BMRS FUELHH
2022-02-02T01:30:00Z,Wind,11769.000,Elexon BMRS FUELHH
2022-02-02T02:00:00Z,Biomass,1306.000,Elexon BMRS FUELHH
2022-02-02T02:00:00Z,Coal,0.000,Elexon BMRS FUELHH
2022-02-02T02:00:00Z,Gas,3884.000,Elexon BMRS FUELHH
2022-02-02T02:00:00Z,Hydro,308.000,Elexon BMRS FUELHH
2022-02-02T02:00:00Z,Imports & Exports,3930.000,Elexon BMRS FUELHH
2022-02-02T02:00:00Z,Nuclear,5009.000,Elexon BMRS FUELHH
2022-02-02T02:00:00Z,Other,195.000,Elexon BMRS FUELHH
2022-02-02T02:00:00Z,Pumped Storage,-1438.000,Elexon BMRS FUELHH
2022-02-02T02:00:00Z,Wind,11590.000,Elexon BMRS FUELHH
2022-02-02T02:30:00Z,Biomass,1293.000,Elexon BMRS FUELHH
2022-02-02T02:30:00Z,Coal,0.000,Elexon BMRS FUELHH
2022-02-02T02:30:00Z,Gas,4051.000,Elexon BMRS FUELHH
2022-02-02T02:30:00Z,Hydro,306.000,Elexon BMRS FUELHH
2022-02-02T02:30:00Z,Imports & Exports,3832.000,Elexon BMRS FUELHH
2022-02-02T02:30:00Z,Nuclear,5011.000,Elexon BMRS FUELHH
2022-02-02T02:30:00Z,Other,189.000,Elexon BMRS FUELHH
2022-02-02T02:30:00Z,Pumped Storage,-1390.000,Elexon BMRS FUELHH
2022-02-02T02:30:00Z,Wind,11294.000,Elexon BMRS FUELHH
2022-02-02T03:00:00Z,Biomass,1322.000,Elexon BMRS FUELHH
2022-02-02T03:00:00Z,Coal,0.000,Elexon BMRS FUELHH
2022-02-02T03:00:00Z,Gas,3608.000,Elexon BMRS FUELHH
2022-02-02T03:00:00Z,Hydro,306.000,Elexon BMRS FUELHH
2022-02-02T03:00:00Z,Imports & Exports,3738.000,Elexon BMRS FUELHH
2022-02-02T03:00:00Z,Nuclear,5013.000,Elexon BMRS FUELHH
2022-02-02T03:00:00Z,Other,188.000,Elexon BMRS FUELHH
2022-02-02T03:00:00Z,Pumped Storage,-1620.000,Elexon BMRS FUELHH
2022-02-02T03:00:00Z,Wind,11718.000,Elexon BMRS FUELHH
2022-02-02T03:30:00Z,Biomass,1257.000,Elexon BMRS FUELHH
2022-02-02T03:30:00Z,Coal,0.000,Elexon BMRS FUELHH
2022-02-02T03:30:00Z,Gas,3444.000,Elexon BMRS FUELHH
2022-02-02T03:30:00Z,Hydro,306.000,Elexon BMRS FUELHH
2022-02-02T03:30:00Z,Imports & Exports,3620.000,Elexon BMRS FUELHH
2022-02-02T03:30:00Z,Nuclear,5014.000,Elexon BMRS FUELHH
2022-02-02T03:30:00Z,Other,238.000,Elexon BMRS FUELHH
2022-02-02T03:30:00Z,Pumped Storage,-1772.000,Elexon BMRS FUELHH
2022-02-02T03:30:00Z,Wind,11866.000,Elexon BMRS FUELHH
2022-02-02T04:00:00Z,Biomass,1432.000,Elexon BMRS FUELHH
2022-02-02T04:00:00Z,Coal,0.000,Elexon BMRS FUELHH
2022-02-02T04:00:00Z,Gas,3894.000,Elexon BMRS FUELHH
2022-02-02T04:00:00Z,Hydro,290.000,Elexon BMRS FUELHH
2022-02-02T04:00:00Z,Imports & Exports,2858.000,Elexon BMRS FUELHH
2022-02-02T04:00:00Z,Nuclear,5015.000,Elexon BMRS FUELHH
2022-02-02T04:00:00Z,Other,194.000,Elexon BMRS FUELHH
2022-02-02T04:00:00Z,Pumped Storage,-1518.000,Elexon BMRS FUELHH
2022-02-02T04:00:00Z,Wind,11335.000,Elexon BMRS FUELHH
2022-02-02T04:30:00Z,Biomass,1467.000,Elexon BMRS FUELHH
2022-02-02T04:30:00Z,Coal,0.000,Elexon BMRS FUELHH
2022-02-02T04:30:00Z,Gas,4444.000,Elexon BMRS FUELHH
2022-02-02T04:30:00Z,Hydro,295.000,Elexon BMRS FUELHH
2022-02-02T04:30:00Z,Imports & Exports,2736.000,Elexon BMRS FUELHH
2022-02-02T04:30:00Z,Nuclear,5014.000,Elexon BMRS FUELHH
2022-02-02T04:30:00Z,Other,238.000,Elexon BMRS FUELHH
2022-02-02T04:30:00Z,Pumped Storage,-992.000,Elexon BMRS FUELHH
2022-02-02T04:30:00Z,Wind,10484.000,Elexon BMRS FUELHH
2022-02-02T05:00:00Z,Biomass,1483.000,Elexon BMRS FUELHH
2022-02-02T05:00:00Z,Coal,0.000,Elexon BMRS FUELHH
2022-02-02T05:00:00Z,Gas,5598.000,Elexon BMRS FUELHH
2022-02-02T05:00:00Z,Hydro,343.000,Elexon BMRS FUELHH
2022-02-02T05:00:00Z,Imports & Exports,1740.000,Elexon BMRS FUELHH
2022-02-02T05:00:00Z,Nuclear,5014.000,Elexon BMRS FUELHH
2022-02-02T05:00:00Z,Other,192.000,Elexon BMRS FUELHH
2022-02-02T05:00:00Z,Pumped Storage,-416.000,Elexon BMRS FUELHH
2022-02-02T05:00:00Z,Wind,10269.000,Elexon BMRS FUELHH
2022-02-02T05:30:00Z,Biomass,1713.000,Elexon BMRS FUELHH
2022-02-02T05:30:00Z,Coal,0.000,Elexon BMRS FUELHH
2022-02-02T05:30:00Z,Gas,6589.000,Elexon BMRS FUELHH
2022-02-02T05:30:00Z,Hydro,345.000,Elexon BMRS FUELHH
2022-02-02T05:30:00Z,Imports & Exports,1674.000,Elexon BMRS FUELHH
2022-02-02T05:30:00Z,Nuclear,5014.000,Elexon BMRS FUELHH
2022-02-02T05:30:00Z,Other,196.000,Elexon BMRS FUELHH
2022-02-02T05:30:00Z,Pumped Storage,-14.000,Elexon BMRS FUELHH
2022-02-02T05:30:00Z,Wind,10009.000,Elexon BMRS FUELHH
2022-02-02T06:00:00Z,Biomass,2056.000,Elexon BMRS FUELHH
2022-02-02T06:00:00Z,Coal,72.000,Elexon BMRS FUELHH
2022-02-02T06:00:00Z,Gas,8155.000,Elexon BMRS FUELHH
2022-02-02T06:00:00Z,Hydro,562.000,Elexon BMRS FUELHH
2022-02-02T06:00:00Z,Imports & Exports,1946.000,Elexon BMRS FUELHH
2022-02-02T06:00:00Z,Nuclear,5016.000,Elexon BMRS FUELHH
2022-02-02T06:00:00Z,Other,498.000,Elexon BMRS FUELHH
2022-02-02T06:00:00Z,Pumped Storage,126.000,Elexon BMRS FUELHH
2022-02-02T06:00:00Z,Wind,9941.000,Elexon BMRS FUELHH
2022-02-02T06:30:00Z,Biomass,2457.000,Elexon BMRS FUELHH
2022-02-02T06:30:00Z,Coal,255.000,Elexon BMRS FUELHH
2022-02-02T06:30:00Z,Gas,10118.000,Elexon BMRS FUELHH
2022-02-02T06:30:00Z,Hydro,527.000,Elexon BMRS FUELHH
2022-02-02T06:30:00Z,Imports & Exports,2160.000,Elexon BMRS FUELHH
2022-02-02T06:30:00Z,Nuclear,5016.000,Elexon BMRS FUELHH
2022-02-02T06:30:00Z,Other,626.000,Elexon BMRS FUELHH
2022-02-02T06:30:00Z,Pumped Storage,-4.000,Elexon BMRS FUELHH
2022-02-02T06:30:00Z,Wind,9964.000,Elexon BMRS FUELHH
2022-02-02T07:00:00Z,Biomass,2807.000,Elexon BMRS FUELHH
2022-02-02T07:00:00Z,Coal,606.000,Elexon BMRS FUELHH
2022-02-02T07:00:00Z,Gas,13010.000,Elexon BMRS FUELHH
2022-02-02T07:00:00Z,Hydro,587.000,Elexon BMRS FUELHH
2022-02-02T07:00:00Z,Imports & Exports,1556.000,Elexon BMRS FUELHH
2022-02-02T07:00:00Z,Nuclear,5014.000,Elexon BMRS FUELHH
2022-02-02T07:00:00Z,Other,631.000,Elexon BMRS FUELHH
2022-02-02T07:00:00Z,Pumped Storage,108.000,Elexon BMRS FUELHH
2022-02-02T07:00:00Z,Wind,9813.000,Elexon BMRS FUELHH
2022-02-02T07:30:00Z,Biomass,2930.000,Elexon BMRS FUELHH
2022-02-02T07:30:00Z,Coal,891.000,Elexon BMRS FUELHH
2022-02-02T07:30:00Z,Gas,14919.000,Elexon BMRS FUELHH
2022-02-02T07:30:00Z,Hydro,799.000,Elexon BMRS FUELHH
2022-02-02T07:30:00Z,Imports & Exports,1376.000,Elexon BMRS FUELHH
2022-02-02T07:30:00Z,Nuclear,5011.000,Elexon BMRS FUELHH
2022-02-02T07:30:00Z,Other,472.000,Elexon BMRS FUELHH
2022-02-02T07:30:00Z,Pumped Storage,192.000,Elexon BMRS FUELHH
2022-02-02T07:30:00Z,Wind,8899.000,Elexon BMRS FUELHH
2022-02-02T08:00:00Z,Biomass,2942.000,Elexon BMRS FUELHH
2022-02-02T08:00:00Z,Coal,1127.000,Elexon BMRS FUELHH
2022-02-02T08:00:00Z,Gas,15816.000,Elexon BMRS FUELHH
2022-02-02T08:00:00Z,Hydro,848.000,Elexon BMRS FUELHH
2022-02-02T08:00:00Z,Imports & Exports,1842.000,Elexon BMRS FUELHH
2022-02-02T08:00:00Z,Nuclear,5013.000,Elexon BMRS FUELHH
2022-02-02T08:00:00Z,Other,375.000,Elexon BMRS FUELHH
2022-02-02T08:00:00Z,Pumped Storage,148.000,Elexon BMRS FUELHH
2022-02-02T08:00:00Z,Wind,8665.000,Elexon BMRS FUELHH
2022-02-02T08:30:00Z,Biomass,2944.000,Elexon BMRS FUELHH
2022-02-02T08:30:00Z,Coal,1213.000,Elexon BMRS FUELHH
2022-02-02T08:30:00Z,Gas,15821.000,Elexon BMRS FUELHH
2022-02-02T08:30:00Z,Hydro,857.000,Elexon BMRS FUELHH
2022-02-02T08:30:00Z,Imports & Exports,1828.000,Elexon BMRS FUELHH
2022-02-02T08:30:00Z,Nuclear,5015.000,Elexon BMRS FUELHH
2022-02-02T08:30:00Z,Other,321.000,Elexon BMRS FUELHH
2022-02-02T08:30:00Z,Pumped Storage,148.000,Elexon BMRS FUELHH
2022-02-02T08:30:00Z,Wind,8840.000,Elexon BMRS FUELHH
2022-02-02T09:00:00Z,Biomass,2935.000,Elexon BMRS FUELHH
2022-02-02T09:00:00Z,Coal,1204.000,Elexon BMRS FUELHH
2022-02-02T09:00:00Z,Gas,15808.000,Elexon BMRS FUELHH
2022-02-02T09:00:00Z,Hydro,857.000,Elexon BMRS FUELHH
2022-02-02T09:00:00Z,Imports & Exports,1792.000,Elexon BMRS FUELHH
2022-02-02T09:00:00Z,Nuclear,5009.000,Elexon BMRS FUELHH
2022-02-02T09:00:00Z,Other,320.000,Elexon BMRS FUELHH
2022-02-02T09:00:00Z,Pumped Storage,80.000,Elexon BMRS FUELHH
2022-02-02T09:00:00Z,Wind,9521.000,Elexon BMRS FUELHH
2022-02-02T09:30:00Z,Biomass,2938.000,Elexon BMRS FUELHH
2022-02-02T09:30:00Z,Coal,1065.000,Elexon BMRS FUELHH
2022-02-02T09:30:00Z,Gas,15817.000,Elexon BMRS FUELHH
2022-02-02T09:30:00Z,Hydro,836.000,Elexon BMRS FUELHH
2022-02-02T09:30:00Z,Imports & Exports,1702.000,Elexon BMRS FUELHH
2022-02-02T09:30:00Z,Nuclear,5012.000,Elexon BMRS FUELHH
2022-02-02T09:30:00Z,Other,300.000,Elexon BMRS FUELHH
2022-02-02T09:30:00Z,Pumped Storage,-12.000,Elexon BMRS FUELHH
2022-02-02T09:30:00Z,Wind,9720.000,Elexon BMRS FUELHH
2022-02-02T10:00:00Z,Biomass,2934.000,Elexon BMRS FUELHH
2022-02-02T10:00:00Z,Coal,1064.000,Elexon BMRS FUELHH
2022-02-02T10:00:00Z,Gas,16356.000,Elexon BMRS FUELHH
2022-02-02T10:00:00Z,Hydro,829.000,Elexon BMRS FUELHH
2022-02-02T10:00:00Z,Imports & Exports,1090.000,Elexon BMRS FUELHH
2022-02-02T10:00:00Z,Nuclear,5008.000,Elexon BMRS FUELHH
2022-02-02T10:00:00Z,Other,304.000,Elexon BMRS FUELHH
2022-02-02T10:00:00Z,Pumped Storage,364.000,Elexon BMRS FUELHH
2022-02-02T10:00:00Z,Wind,9193.000,Elexon BMRS FUELHH
2022-02-02T10:30:00Z,Biomass,2936.000,Elexon BMRS FUELHH
2022-02-02T10:30:00Z,Coal,1294.000,Elexon BMRS FUELHH
2022-02-02T10:30:00Z,Gas,16571.000,Elexon BMRS FUELHH
2022-02-02T10:30:00Z,Hydro,677.000,Elexon BMRS FUELHH
2022-02-02T10:30:00Z,Imports & Exports,960.000,Elexon BMRS FUELHH
2022-02-02T10:30:00Z,Nuclear,5011.000,Elexon BMRS FUELHH
2022-02-02T10:30:00Z,Other,388.000,Elexon BMRS FUELHH
2022-02-02T10:30:00Z,Pumped Storage,30.000,Elexon BMRS FUELHH
2022-02-02T10:30:00Z,Wind,8779.000,Elexon BMRS FUELHH
2022-02-02T11:00:00Z,Biomass,2949.000,Elexon BMRS FUELHH
2022-02-02T11:00:00Z,Coal,1359.000,Elexon BMRS FUELHH
2022-02-02T11:00:00Z,Gas,16661.000,Elexon BMRS FUELHH
2022-02-02T11:00:00Z,Hydro,716.000,Elexon BMRS FUELHH
2022-02-02T11:00:00Z,Imports & Exports,112.000,Elexon BMRS FUELHH
2022-02-02T11:00:00Z,Nuclear,5014.000,Elexon BMRS FUELHH
2022-02-02T11:00:00Z,Other,477.000,Elexon BMRS FUELHH
2022-02-02T11:00:00Z,Pumped Storage,10.000,Elexon BMRS FUELHH
2022-02-02T11:00:00Z,Wind,8619.000,Elexon BMRS FUELHH
2022-02-02T11:30:00Z,Biomass,2947.000,Elexon BMRS FUELHH
2022-02-02T11:30:00Z,Coal,1265.000,Elexon BMRS FUELHH
2022-02-02T11:30:00Z,Gas,16521.000,Elexon BMRS FUELHH
2022-02-02T11:30:00Z,Hydro,683.000,Elexon BMRS FUELHH
2022-02-02T11:30:00Z,Imports & Exports,116.000,Elexon BMRS FUELHH
2022-02-02T11:30:00Z,Nuclear,5009.000,Elexon BMRS FUELHH
2022-02-02T11:30:00Z,Other,464.000,Elexon BMRS FUELHH
2022-02-02T11:30:00Z,Pumped Storage,44.000,Elexon BMRS FUELHH
2022-02-02T11:30:00Z,Wind,8770.000,Elexon BMRS FUELHH
2022-02-02T12:00:00Z,Biomass,2947.000,Elexon BMRS FUELHH
2022-02-02T12:00:00Z,Coal,1067.000,Elexon BMRS FUELHH
2022-02-02T12:00:00Z,Gas,16068.000,Elexon BMRS FUELHH
2022-02-02T12:00:00Z,Hydro,544.000,Elexon BMRS FUELHH
2022-02-02T12:00:00Z,Imports & Exports,1684.000,Elexon BMRS FUELHH
2022-02-02T12:00:00Z,Nuclear,5009.000,Elexon BMRS FUELHH
2022-02-02T12:00:00Z,Other,440.000,Elexon BMRS FUELHH
2022-02-02T12:00:00Z,Pumped Storage,326.000,Elexon BMRS FUELHH
2022-02-02T12:00:00Z,Wind,8175.000,Elexon BMRS FUELHH
2022-02-02T12:30:00Z,Biomass,2947.000,Elexon BMRS FUELHH
2022-02-02T12:30:00Z,Coal,1035.000,Elexon BMRS FUELHH
2022-02-02T12:30:00Z,Gas,16172.000,Elexon BMRS FUELHH
2022-02-02T12:30:00Z,Hydro,612.000,Elexon BMRS FUELHH
2022-02-02T12:30:00Z,Imports & Exports,1898.000,Elexon BMRS FUELHH
2022-02-02T12:30:00Z,Nuclear,5009.000,Elexon BMRS FUELHH
2022-02-02T12:30:00Z,Other,463.000,Elexon BMRS FUELHH
2022-02-02T12:30:00Z,Pumped Storage,38.000,Elexon BMRS FUELHH
2022-02-02T12:30:00Z,Wind,8109.000,Elexon BMRS FUELHH
2022-02-02T13:00:00Z,Biomass,2845.000,Elexon BMRS FUELHH
2022-02-02T13:00:00Z,Coal,1123.000,Elexon BMRS FUELHH
2022-02-02T13:00:00Z,Gas,15672.000,Elexon BMRS FUELHH
2022-02-02T13:00:00Z,Hydro,578.000,Elexon BMRS FUELHH
2022-02-02T13:00:00Z,Imports & Exports,2116.000,Elexon BMRS FUELHH
2022-02-02T13:00:00Z,Nuclear,5012.000,Elexon BMRS FUELHH
2022-02-02T13:00:00Z,Other,398.000,Elexon BMRS FUELHH
2022-02-02T13:00:00Z,Pumped Storage,-12.000,Elexon BMRS FUELHH
2022-02-02T13:00:00Z,Wind,8478.000,Elexon BMRS FUELHH
2022-02-02T13:30:00Z,Biomass,2792.000,Elexon BMRS FUELHH
2022-02-02T13:30:00Z,Coal,1080.000,Elexon BMRS FUELHH
2022-02-02T13:30:00Z,Gas,15683.000,Elexon BMRS FUELHH
2022-02-02T13:30:00Z,Hydro,565.000,Elexon BMRS FUELHH
2022-02-02T13:30:00Z,Imports & Exports,2104.000,Elexon BMRS FUELHH
2022-02-02T13:30:00Z,Nuclear,5009.000,Elexon BMRS FUELHH
2022-02-02T13:30:00Z,Other,264.000,Elexon BMRS FUELHH
2022-02-02T13:30:00Z,Pumped Storage,168.000,Elexon BMRS FUELHH
2022-02-02T13:30:00Z,Wind,8290.000,Elexon BMRS FUELHH
2022-02-02T14:00:00Z,Biomass,2746.000,Elexon BMRS FUELHH
2022-02-02T14:00:00Z,Coal,949.000,Elexon BMRS FUELHH
2022-02-02T14:00:00Z,Gas,16025.000,Elexon BMRS FUELHH
2022-02-02T14:00:00Z,Hydro,543.000,Elexon BMRS FUELHH
2022-02-02T14:00:00Z,Imports & Exports,2536.000,Elexon BMRS FUELHH
2022-02-02T14:00:00Z,Nuclear,5013.000,Elexon BMRS FUELHH
2022-02-02T14:00:00Z,Other,257.000,Elexon BMRS FUELHH
2022-02-02T14:00:00Z,Pumped Storage,24.000,Elexon BMRS FUELHH
2022-02-02T14:00:00Z,Wind,7972.000,Elexon BMRS FUELHH
2022-02-02T14:30:00Z,Biomass,2731.000,Elexon BMRS FUELHH
2022-02-02T14:30:00Z,Coal,852.000,Elexon BMRS FUELHH
2022-02-02T14:30:00Z,Gas,16495.000,Elexon BMRS FUELHH
2022-02-02T14:30:00Z,Hydro,545.000,Elexon BMRS FUELHH
2022-02-02T14:30:00Z,Imports & Exports,2494.000,Elexon BMRS FUELHH
2022-02-02T14:30:00Z,Nuclear,5019.000,Elexon BMRS FUELHH
2022-02-02T14:30:00Z,Other,315.000,Elexon BMRS FUELHH
2022-02-02T14:30:00Z,Pumped Storage,132.000,Elexon BMRS FUELHH
2022-02-02T14:30:00Z,Wind,7594.000,Elexon BMRS FUELHH
2022-02-02T15:00:00Z,Biomass,2775.000,Elexon BMRS FUELHH
2022-02-02T15:00:00Z,Coal,1190.000,Elexon BMRS FUELHH
2022-02-02T15:00:00Z,Gas,17860.000,Elexon BMRS FUELHH
2022-02-02T15:00:00Z,Hydro,559.000,Elexon BMRS FUELHH
2022-02-02T15:00:00Z,Imports & Exports,1650.000,Elexon BMRS FUELHH
2022-02-02T15:00:00Z,Nuclear,5009.000,Elexon BMRS FUELHH
2022-02-02T15:00:00Z,Other,276.000,Elexon BMRS FUELHH
2022-02-02T15:00:00Z,Pumped Storage,14.000,Elexon BMRS FUELHH
2022-02-02T15:00:00Z,Wind,7303.000,Elexon BMRS FUELHH
2022-02-02T15:30:00Z,Biomass,2833.000,Elexon BMRS FUELHH
2022-02-02T15:30:00Z,Coal,1298.000,Elexon BMRS FUELHH
2022-02-02T15:30:00Z,Gas,18809.000,Elexon BMRS FUELHH
2022-02-02T15:30:00Z,Hydro,577.000,Elexon BMRS FUELHH
2022-02-02T15:30:00Z,Imports & Exports,1614.000,Elexon BMRS FUELHH
2022-02-02T15:30:00Z,Nuclear,5005.000,Elexon BMRS FUELHH
2022-02-02T15:30:00Z,Other,261.000,Elexon BMRS FUELHH
2022-02-02T15:30:00Z,Pumped Storage,-16.000,Elexon BMRS FUELHH
2022-02-02T15:30:00Z,Wind,6984.000,Elexon BMRS FUELHH
2022-02-02T16:00:00Z,Biomass,2919.000,Elexon BMRS FUELHH
2022-02-02T16:00:00Z,Coal,1269.000,Elexon BMRS FUELHH
2022-02-02T16:00:00Z,Gas,18982.000,Elexon BMRS FUELHH
2022-02-02T16:00:00Z,Hydro,693.000,Elexon BMRS FUELHH
2022-02-02T16:00:00Z,Imports & Exports,1784.000,Elexon BMRS FUELHH
2022-02-02T16:00:00Z,Nuclear,5004.000,Elexon BMRS FUELHH
2022-02-02T16:00:00Z,Other,325.000,Elexon BMRS FUELHH
2022-02-02T16:00:00Z,Pumped Storage,130.000,Elexon BMRS FUELHH
2022-02-02T16:00:00Z,Wind,7062.000,Elexon BMRS FUELHH
2022-02-02T16:30:00Z,Biomass,2937.000,Elexon BMRS FUELHH
2022-02-02T16:30:00Z,Coal,1240.000,Elexon BMRS FUELHH
2022-02-02T16:30:00Z,Gas,18600.000,Elexon BMRS FUELHH
2022-02-02T16:30:00Z,Hydro,889.000,Elexon BMRS FUELHH
2022-02-02T16:30:00Z,Imports & Exports,1872.000,Elexon BMRS FUELHH
2022-02-02T16:30:00Z,Nuclear,5007.000,Elexon BMRS FUELHH
2022-02-02T16:30:00Z,Other,456.000,Elexon BMRS FUELHH
2022-02-02T16:30:00Z,Pumped Storage,872.000,Elexon BMRS FUELHH
2022-02-02T16:30:00Z,Wind,7531.000,Elexon BMRS FUELHH
2022-02-02T17:00:00Z,Biomass,2941.000,Elexon BMRS FUELHH
2022-02-02T17:00:00Z,Coal,1049.000,Elexon BMRS FUELHH
2022-02-02T17:00:00Z,Gas,19145.000,Elexon BMRS FUELHH
2022-02-02T17:00:00Z,Hydro,849.000,Elexon BMRS FUELHH
2022-02-02T17:00:00Z,Imports & Exports,2924.000,Elexon BMRS FUELHH
2022-02-02T17:00:00Z,Nuclear,5007.000,Elexon BMRS FUELHH
2022-02-02T17:00:00Z,Other,477.000,Elexon BMRS FUELHH
2022-02-02T17:00:00Z,Pumped Storage,1808.000,Elexon BMRS FUELHH
2022-02-02T17:00:00Z,Wind,7414.000,Elexon BMRS FUELHH
2022-02-02T17:30:00Z,Biomass,2938.000,Elexon BMRS FUELHH
2022-02-02T17:30:00Z,Coal,1052.000,Elexon BMRS FUELHH
2022-02-02T17:30:00Z,Gas,19330.000,Elexon BMRS FUELHH
2022-02-02T17:30:00Z,Hydro,882.000,Elexon BMRS FUELHH
2022-02-02T17:30:00Z,Imports & Exports,2812.000,Elexon BMRS FUELHH
2022-02-02T17:30:00Z,Nuclear,5006.000,Elexon BMRS FUELHH
2022-02-02T17:30:00Z,Other,586.000,Elexon BMRS FUELHH
2022-02-02T17:30:00Z,Pumped Storage,1870.000,Elexon BMRS FUELHH
2022-02-02T17:30:00Z,Wind,7576.000,Elexon BMRS FUELHH
2022-02-02T18:00:00Z,Biomass,2943.000,Elexon BMRS FUELHH
2022-02-02T18:00:00Z,Coal,1291.000,Elexon BMRS FUELHH
2022-02-02T18:00:00Z,Gas,19331.000,Elexon BMRS FUELHH
2022-02-02T18:00:00Z,Hydro,882.000,Elexon BMRS FUELHH
2022-02-02T18:00:00Z,Imports & Exports,1882.000,Elexon BMRS FUELHH
2022-02-02T18:00:00Z,Nuclear,5005.000,Elexon BMRS FUELHH
2022-02-02T18:00:00Z,Other,556.000,Elexon BMRS FUELHH
2022-02-02T18:00:00Z,Pumped Storage,1896.000,Elexon BMRS FUELHH
2022-02-02T18:00:00Z,Wind,7741.000,Elexon BMRS FUELHH
2022-02-02T18:30:00Z,Biomass,2941.000,Elexon BMRS FUELHH
2022-02-02T18:30:00Z,Coal,1228.000,Elexon BMRS FUELHH
2022-02-02T18:30:00Z,Gas,18521.000,Elexon BMRS FUELHH
2022-02-02T18:30:00Z,Hydro,884.000,Elexon BMRS FUELHH
2022-02-02T18:30:00Z,Imports & Exports,1972.000,Elexon BMRS FUELHH
2022-02-02T18:30:00Z,Nuclear,5008.000,Elexon BMRS FUELHH
2022-02-02T18:30:00Z,Other,475.000,Elexon BMRS FUELHH
2022-02-02T18:30:00Z,Pumped Storage,1530.000,Elexon BMRS FUELHH
2022-02-02T18:30:00Z,Wind,8511.000,Elexon BMRS FUELHH
2022-02-02T19:00:00Z,Biomass,2924.000,Elexon BMRS FUELHH
2022-02-02T19:00:00Z,Coal,1275.000,Elexon BMRS FUELHH
2022-02-02T19:00:00Z,Gas,18300.000,Elexon BMRS FUELHH
2022-02-02T19:00:00Z,Hydro,845.000,Elexon BMRS FUELHH
2022-02-02T19:00:00Z,Imports & Exports,1844.000,Elexon BMRS FUELHH
2022-02-02T19:00:00Z,Nuclear,5005.000,Elexon BMRS FUELHH
2022-02-02T19:00:00Z,Other,411.000,Elexon BMRS FUELHH
2022-02-02T19:00:00Z,Pumped Storage,506.000,Elexon BMRS FUELHH
2022-02-02T19:00:00Z,Wind,8846.000,Elexon BMRS FUELHH
2022-02-02T19:30:00Z,Biomass,2918.000,Elexon BMRS FUELHH
2022-02-02T19:30:00Z,Coal,1396.000,Elexon BMRS FUELHH
2022-02-02T19:30:00Z,Gas,17896.000,Elexon BMRS FUELHH
2022-02-02T19:30:00Z,Hydro,834.000,Elexon BMRS FUELHH
2022-02-02T19:30:00Z,Imports & Exports,1692.000,Elexon BMRS FUELHH
2022-02-02T19:30:00Z,Nuclear,5005.000,Elexon BMRS FUELHH
2022-02-02T19:30:00Z,Other,295.000,Elexon BMRS FUELHH
2022-02-02T19:30:00Z,Pumped Storage,74.000,Elexon BMRS FUELHH
2022-02-02T19:30:00Z,Wind,8468.000,Elexon BMRS FUELHH
2022-02-02T20:00:00Z,Biomass,3026.000,Elexon BMRS FUELHH
2022-02-02T20:00:00Z,Coal,1279.000,Elexon BMRS FUELHH
2022-02-02T20:00:00Z,Gas,17379.000,Elexon BMRS FUELHH
2022-02-02T20:00:00Z,Hydro,742.000,Elexon BMRS FUELHH
2022-02-02T20:00:00Z,Imports & Exports,924.000,Elexon BMRS FUELHH
2022-02-02T20:00:00Z,Nuclear,5002.000,Elexon BMRS FUELHH
2022-02-02T20:00:00Z,Other,267.000,Elexon BMRS FUELHH
2022-02-02T20:00:00Z,Pumped Storage,0.000,Elexon BMRS FUELHH
2022-02-02T20:00:00Z,Wind,8627.000,Elexon BMRS FUELHH
2022-02-02T20:30:00Z,Biomass,3066.000,Elexon BMRS FUELHH
2022-02-02T20:30:00Z,Coal,740.000,Elexon BMRS FUELHH
2022-02-02T20:30:00Z,Gas,15380.000,Elexon BMRS FUELHH
2022-02-02T20:30:00Z,Hydro,717.000,Elexon BMRS FUELHH
2022-02-02T20:30:00Z,Imports & Exports,960.000,Elexon BMRS FUELHH
2022-02-02T20:30:00Z,Nuclear,5002.000,Elexon BMRS FUELHH
2022-02-02T20:30:00Z,Other,272.000,Elexon BMRS FUELHH
2022-02-02T20:30:00Z,Pumped Storage,118.000,Elexon BMRS FUELHH
2022-02-02T20:30:00Z,Wind,9131.000,Elexon BMRS FUELHH
2022-02-02T21:00:00Z,Biomass,3067.000,Elexon BMRS FUELHH
2022-02-02T21:00:00Z,Coal,479.000,Elexon BMRS FUELHH
2022-02-02T21:00:00Z,Gas,13414.000,Elexon BMRS FUELHH
2022-02-02T21:00:00Z,Hydro,672.000,Elexon BMRS FUELHH
2022-02-02T21:00:00Z,Imports & Exports,1656.000,Elexon BMRS FUELHH
2022-02-02T21:00:00Z,Nuclear,5001.000,Elexon BMRS FUELHH
2022-02-02T21:00:00Z,Other,268.000,Elexon BMRS FUELHH
2022-02-02T21:00:00Z,Pumped Storage,66.000,Elexon BMRS FUELHH
2022-02-02T21:00:00Z,Wind,9138.000,Elexon BMRS FUELHH
2022-02-02T21:30:00Z,Biomass,3065.000,Elexon BMRS FUELHH
2022-02-02T21:30:00Z,Coal,412.000,Elexon BMRS FUELHH
2022-02-02T21:30:00Z,Gas,11558.000,Elexon BMRS FUELHH
2022-02-02T21:30:00Z,Hydro,576.000,Elexon BMRS FUELHH
2022-02-02T21:30:00Z,Imports & Exports,1798.000,Elexon BMRS FUELHH
2022-02-02T21:30:00Z,Nuclear,5004.000,Elexon BMRS FUELHH
2022-02-02T21:30:00Z,Other,264.000,Elexon BMRS FUELHH
2022-02-02T21:30:00Z,Pumped Storage,54.000,Elexon BMRS FUELHH
2022-02-02T21:30:00Z,Wind,9355.000,Elexon BMRS FUELHH
2022-02-02T22:00:00Z,Biomass,3040.000,Elexon BMRS FUELHH
2022-02-02T22:00:00Z,Coal,325.000,Elexon BMRS FUELHH
2022-02-02T22:00:00Z,Gas,9405.000,Elexon BMRS FUELHH
2022-02-02T22:00:00Z,Hydro,569.000,Elexon BMRS FUELHH
2022-02-02T22:00:00Z,Imports & Exports,1814.000,Elexon BMRS FUELHH
2022-02-02T22:00:00Z,Nuclear,5003.000,Elexon BMRS FUELHH
2022-02-02T22:00:00Z,Other,273.000,Elexon BMRS FUELHH
2022-02-02T22:00:00Z,Pumped Storage,22.000,Elexon BMRS FUELHH
2022-02-02T22:00:00Z,Wind,9806.000,Elexon BMRS FUELHH
2022-02-02T22:30:00Z,Biomass,2748.000,Elexon BMRS FUELHH
2022-02-02T22:30:00Z,Coal,261.000,Elexon BMRS FUELHH
2022-02-02T22:30:00Z,Gas,8270.000,Elexon BMRS FUELHH
2022-02-02T22:30:00Z,Hydro,398.000,Elexon BMRS FUELHH
2022-02-02T22:30:00Z,Imports & Exports,1720.000,Elexon BMRS FUELHH
2022-02-02T22:30:00Z,Nuclear,5004.000,Elexon BMRS FUELHH
2022-02-02T22:30:00Z,Other,276.000,Elexon BMRS FUELHH
2022-02-02T22:30:00Z,Pumped Storage,158.000,Elexon BMRS FUELHH
2022-02-02T22:30:00Z,Wind,9531.000,Elexon BMRS FUELHH
2022-02-02T23:00:00Z,Biomass,2379.000,Elexon BMRS FUELHH
2022-02-02T23:00:00Z,Coal,242.000,Elexon BMRS FUELHH
2022-02-02T23:00:00Z,Gas,6667.000,Elexon BMRS FUELHH
2022-02-02T23:00:00Z,Hydro,350.000,Elexon BMRS FUELHH
2022-02-02T23:00:00Z,Imports & Exports,2126.000,Elexon BMRS FUELHH
2022-02-02T23:00:00Z,Nuclear,5004.000,Elexon BMRS FUELHH
2022-02-02T23:00:00Z,Other,265.000,Elexon BMRS FUELHH
2022-02-02T23:00:00Z,Pumped Storage,22.000,Elexon BMRS FUELHH
2022-02-02T23:00:00Z,Wind,9412.000,Elexon BMRS FUELHH
2022-02-02T23:30:00Z,Biomass,2353.000,Elexon BMRS FUELHH
2022-02-02T23:30:00Z,Coal,236.000,Elexon BMRS FUELHH
2022-02-02T23:30:00Z,Gas,5912.000,Elexon BMRS FUELHH
2022-02-02T23:30:00Z,Hydro,343.000,Elexon BMRS FUELHH
2022-02-02T23:30:00Z,Imports & Exports,2134.000,Elexon BMRS FUELHH
2022-02-02T23:30:00Z,Nuclear,5006.000,Elexon BMRS FUELHH
2022-02-02T23:30:00Z,Other,257.000,Elexon BMRS FUELHH
2022-02-02T23:30:00Z,Pumped Storage,-58.000,Elexon BMRS FUELHH
2022-02-02T23:30:00Z,Wind,9212.000,Elexon BMRS FUELHH
2022-02-03T00:00:00Z,Biomass,2322.000,Elexon BMRS FUELHH
2022-02-03T00:00:00Z,Coal,320.000,Elexon BMRS FUELHH
2022-02-03T00:00:00Z,Gas,5803.000,Elexon BMRS FUELHH
2022-02-03T00:00:00Z,Hydro,310.000,Elexon BMRS FUELHH
2022-02-03T00:00:00Z,Imports & Exports,1780.000,Elexon BMRS FUELHH
2022-02-03T00:00:00Z,Nuclear,5009.000,Elexon BMRS FUELHH
2022-02-03T00:00:00Z,Other,266.000,Elexon BMRS FUELHH
2022-02-03T00:00:00Z,Pumped Storage,-218.000,Elexon BMRS FUELHH
2022-02-03T00:00:00Z,Wind,9503.000,Elexon BMRS FUELHH
2022-02-03T00:30:00Z,Biomass,2344.000,Elexon BMRS FUELHH
2022-02-03T00:30:00Z,Coal,332.000,Elexon BMRS FUELHH
2022-02-03T00:30:00Z,Gas,6259.000,Elexon BMRS FUELHH
2022-02-03T00:30:00Z,Hydro,295.000,Elexon BMRS FUELHH
2022-02-03T00:30:00Z,Imports & Exports,1864.000,Elexon BMRS FUELHH
2022-02-03T00:30:00Z,Nuclear,5006.000,Elexon BMRS FUELHH
2022-02-03T00:30:00Z,Other,251.000,Elexon BMRS FUELHH
2022-02-03T00:30:00Z,Pumped Storage,100.000,Elexon BMRS FUELHH
2022-02-03T00:30:00Z,Wind,9107.000,Elexon BMRS FUELHH
2022-02-03T01:00:00Z,Biomass,2363.000,Elexon BMRS FUELHH
2022-02-03T01:00:00Z,Coal,392.000,Elexon BMRS FUELHH
2022-02-03T01:00:00Z,Gas,6281.000,Elexon BMRS FUELHH
2022-02-03T01:00:00Z,Hydro,301.000,Elexon BMRS FUELHH
2022-02-03T01:00:00Z,Imports & Exports,2088.000,Elexon BMRS FUELHH
2022-02-03T01:00:00Z,Nuclear,5008.000,Elexon BMRS FUELHH
2022-02-03T01:00:00Z,Other,240.000,Elexon BMRS FUELHH
2022-02-03T01:00:00Z,Pumped Storage,38.000,Elexon BMRS FUELHH
2022-02-03T01:00:00Z,Wind,8572.000,Elexon BMRS FUELHH
2022-02-03T01:30:00Z,Biomass,2366.000,Elexon BMRS FUELHH
2022-02-03T01:30:00Z,Coal,420.000,Elexon BMRS FUELHH
2022-02-03T01:30:00Z,Gas,5990.000,Elexon BMRS FUELHH
2022-02-03T01:30:00Z,Hydro,305.000,Elexon BMRS FUELHH
2022-02-03T01:30:00Z,Imports & Exports,2078.000,Elexon BMRS FUELHH
2022-02-03T01:30:00Z,Nuclear,5006.000,Elexon BMRS FUELHH
2022-02-03T01:30:00Z,Other,255.000,Elexon BMRS FUELHH
2022-02-03T01:30:00Z,Pumped Storage,-740.000,Elexon BMRS FUELHH
2022-02-03T01:30:00Z,Wind,8962.000,Elexon BMRS FUELHH
2022-02-03T02:00:00Z,Biomass,2338.000,Elexon BMRS FUELHH
2022-02-03T02:00:00Z,Coal,422.000,Elexon BMRS FUELHH
2022-02-03T02:00:00Z,Gas,6306.000,Elexon BMRS FUELHH
2022-02-03T02:00:00Z,Hydro,274.000,Elexon BMRS FUELHH
2022-02-03T02:00:00Z,Imports & Exports,1494.000,Elexon BMRS FUELHH
2022-02-03T02:00:00Z,Nuclear,5005.000,Elexon BMRS FUELHH
2022-02-03T02:00:00Z,Other,257.000,Elexon BMRS FUELHH
2022-02-03T02:00:00Z,Pumped Storage,-1050.000,Elexon BMRS FUELHH
2022-02-03T02:00:00Z,Wind,9185.000,Elexon BMRS FUELHH
2022-02-03T02:30:00Z,Biomass,2187.000,Elexon BMRS FUELHH
2022-02-03T02:30:00Z,Coal,364.000,Elexon BMRS FUELHH
2022-02-03T02:30:00Z,Gas,5803.000,Elexon BMRS FUELHH
2022-02-03T02:30:00Z,Hydro,283.000,Elexon BMRS FUELHH
2022-02-03T02:30:00Z,Imports & Exports,1548.000,Elexon BMRS FUELHH
2022-02-03T02:30:00Z,Nuclear,5004.000,Elexon BMRS FUELHH
2022-02-03T02:30:00Z,Other,256.000,Elexon BMRS FUELHH
2022-02-03T02:30:00Z,Pumped Storage,-1156.000,Elexon BMRS FUELHH
2022-02-03T02:30:00Z,Wind,9532.000,Elexon BMRS FUELHH
2022-02-03T03:00:00Z,Biomass,2141.000,Elexon BMRS FUELHH
2022-02-03T03:00:00Z,Coal,261.000,Elexon BMRS FUELHH
2022-02-03T03:00:00Z,Gas,5246.000,Elexon BMRS FUELHH
2022-02-03T03:00:00Z,Hydro,281.000,Elexon BMRS FUELHH
2022-02-03T03:00:00Z,Imports & Exports,1166.000,Elexon BMRS FUELHH
2022-02-03T03:00:00Z,Nuclear,5004.000,Elexon BMRS FUELHH
2022-02-03T03:00:00Z,Other,262.000,Elexon BMRS FUELHH
2022-02-03T03:00:00Z,Pumped Storage,-1190.000,Elexon BMRS FUELHH
2022-02-03T03:00:00Z,Wind,10124.000,Elexon BMRS FUELHH
2022-02-03T03:30:00Z,Biomass,2141.000,Elexon BMRS FUELHH
2022-02-03T03:30:00Z,Coal,281.000,Elexon BMRS FUELHH
2022-02-03T03:30:00Z,Gas,5068.000,Elexon BMRS FUELHH
2022-02-03T03:30:00Z,Hydro,271.000,Elexon BMRS FUELHH
2022-02-03T03:30:00Z,Imports & Exports,1170.000,Elexon BMRS FUELHH
2022-02-03T03:30:00Z,Nuclear,5005.000,Elexon BMRS FUELHH
2022-02-03T03:30:00Z,Other,275.000,Elexon BMRS FUELHH
2022-02-03T03:30:00Z,Pumped Storage,-1380.000,Elexon BMRS FUELHH
2022-02-03T03:30:00Z,Wind,10245.000,Elexon BMRS FUELHH
2022-02-03T04:00:00Z,Biomass,2173.000,Elexon BMRS FUELHH
2022-02-03T04:00:00Z,Coal,296.000,Elexon BMRS FUELHH
2022-02-03T04:00:00Z,Gas,4963.000,Elexon BMRS FUELHH
2022-02-03T04:00:00Z,Hydro,258.000,Elexon BMRS FUELHH
2022-02-03T04:00:00Z,Imports & Exports,690.000,Elexon BMRS FUELHH
2022-02-03T04:00:00Z,Nuclear,5006.000,Elexon BMRS FUELHH
2022-02-03T04:00:00Z,Other,254.000,Elexon BMRS FUELHH
2022-02-03T04:00:00Z,Pumped Storage,-1188.000,Elexon BMRS FUELHH
2022-02-03T04:00:00Z,Wind,10387.000,Elexon BMRS FUELHH
2022-02-03T04:30:00Z,Biomass,2093.000,Elexon BMRS FUELHH
2022-02-03T04:30:00Z,Coal,230.000,Elexon BMRS FUELHH
2022-02-03T04:30:00Z,Gas,5062.000,Elexon BMRS FUELHH
2022-02-03T04:30:00Z,Hydro,277.000,Elexon BMRS FUELHH
2022-02-03T04:30:00Z,Imports & Exports,690.000,Elexon BMRS FUELHH
2022-02-03T04:30:00Z,Nuclear,5010.000,Elexon BMRS FUELHH
2022-02-03T04:30:00Z,Other,307.000,Elexon BMRS FUELHH
2022-02-03T04:30:00Z,Pumped Storage,-1126.000,Elexon BMRS FUELHH
2022-02-03T04:30:00Z,Wind,10473.000,Elexon BMRS FUELHH
2022-02-03T05:00:00Z,Biomass,2244.000,Elexon BMRS FUELHH
2022-02-03T05:00:00Z,Coal,229.000,Elexon BMRS FUELHH
2022-02-03T05:00:00Z,Gas,5816.000,Elexon BMRS FUELHH
2022-02-03T05:00:00Z,Hydro,311.000,Elexon BMRS FUELHH
2022-02-03T05:00:00Z,Imports & Exports,-346.000,Elexon BMRS FUELHH
2022-02-03T05:00:00Z,Nuclear,5009.000,Elexon BMRS FUELHH
2022-02-03T05:00:00Z,Other,252.000,Elexon BMRS FUELHH
2022-02-03T05:00:00Z,Pumped Storage,-374.000,Elexon BMRS FUELHH
2022-02-03T05:00:00Z,Wind,10531.000,Elexon BMRS FUELHH
2022-02-03T05:30:00Z,Biomass,2172.000,Elexon BMRS FUELHH
2022-02-03T05:30:00Z,Coal,362.000,Elexon BMRS FUELHH
2022-02-03T05:30:00Z,Gas,6581.000,Elexon BMRS FUELHH
2022-02-03T05:30:00Z,Hydro,300.000,Elexon BMRS FUELHH
2022-02-03T05:30:00Z,Imports & Exports,-390.000,Elexon BMRS FUELHH
2022-02-03T05:30:00Z,Nuclear,5012.000,Elexon BMRS FUELHH
2022-02-03T05:30:00Z,Other,245.000,Elexon BMRS FUELHH
2022-02-03T05:30:00Z,Pumped Storage,-72.000,Elexon BMRS FUELHH
2022-02-03T05:30:00Z,Wind,10738.000,Elexon BMRS FUELHH
2022-02-03T06:00:00Z,Biomass,2112.000,Elexon BMRS FUELHH
2022-02-03T06:00:00Z,Coal,616.000,Elexon BMRS FUELHH
2022-02-03T06:00:00Z,Gas,9050.000,Elexon BMRS FUELHH
2022-02-03T06:00:00Z,Hydro,532.000,Elexon BMRS FUELHH
2022-02-03T06:00:00Z,Imports & Exports,-776.000,Elexon BMRS FUELHH
2022-02-03T06:00:00Z,Nuclear,5011.000,Elexon BMRS FUELHH
2022-02-03T06:00:00Z,Other,236.000,Elexon BMRS FUELHH
2022-02-03T06:00:00Z,Pumped Storage,-16.000,Elexon BMRS FUELHH
2022-02-03T06:00:00Z,Wind,10963.000,Elexon BMRS FUELHH
2022-02-03T06:30:00Z,Biomass,2511.000,Elexon BMRS FUELHH
2022-02-03T06:30:00Z,Coal,700.000,Elexon BMRS FUELHH
2022-02-03T06:30:00Z,Gas,11105.000,Elexon BMRS FUELHH
2022-02-03T06:30:00Z,Hydro,497.000,Elexon BMRS FUELHH
2022-02-03T06:30:00Z,Imports & Exports,-770.000,Elexon BMRS FUELHH
2022-02-03T06:30:00Z,Nuclear,5009.000,Elexon BMRS FUELHH
2022-02-03T06:30:00Z,Other,241.000,Elexon BMRS FUELHH
2022-02-03T06:30:00Z,Pumped Storage,-16.000,Elexon BMRS FUELHH
2022-02-03T06:30:00Z,Wind,10837.000,Elexon BMRS FUELHH
2022-02-03T07:00:00Z,Biomass,2845.000,Elexon BMRS FUELHH
2022-02-03T07:00:00Z,Coal,826.000,Elexon BMRS FUELHH
2022-02-03T07:00:00Z,Gas,13109.000,Elexon BMRS FUELHH
2022-02-03T07:00:00Z,Hydro,551.000,Elexon BMRS FUELHH
2022-02-03T07:00:00Z,Imports & Exports,-270.000,Elexon BMRS FUELHH
2022-02-03T07:00:00Z,Nuclear,5009.000,Elexon BMRS FUELHH
2022-02-03T07:00:00Z,Other,210.000,Elexon BMRS FUELHH
2022-02-03T07:00:00Z,Pumped Storage,278.000,Elexon BMRS FUELHH
2022-02-03T07:00:00Z,Wind,10789.000,Elexon BMRS FUELHH
2022-02-03T07:30:00Z,Biomass,2935.000,Elexon BMRS FUELHH
2022-02-03T07:30:00Z,Coal,907.000,Elexon BMRS FUELHH
2022-02-03T07:30:00Z,Gas,14445.000,Elexon BMRS FUELHH
2022-02-03T07:30:00Z,Hydro,579.000,Elexon BMRS FUELHH
2022-02-03T07:30:00Z,Imports & Exports,-150.000,Elexon BMRS FUELHH
2022-02-03T07:30:00Z,Nuclear,5010.000,Elexon BMRS FUELHH
2022-02-03T07:30:00Z,Other,182.000,Elexon BMRS FUELHH
2022-02-03T07:30:00Z,Pumped Storage,378.000,Elexon BMRS FUELHH
2022-02-03T07:30:00Z,Wind,10942.000,Elexon BMRS FUELHH
2022-02-03T08:00:00Z,Biomass,2943.000,Elexon BMRS FUELHH
2022-02-03T08:00:00Z,Coal,929.000,Elexon BMRS FUELHH
2022-02-03T08:00:00Z,Gas,14459.000,Elexon BMRS FUELHH
2022-02-03T08:00:00Z,Hydro,683.000,Elexon BMRS FUELHH
2022-02-03T08:00:00Z,Imports & Exports,530.000,Elexon BMRS FUELHH
2022-02-03T08:00:00Z,Nuclear,5010.000,Elexon BMRS FUELHH
2022-02-03T08:00:00Z,Other,201.000,Elexon BMRS FUELHH
2022-02-03T08:00:00Z,Pumped Storage,220.000,Elexon BMRS FUELHH
2022-02-03T08:00:00Z,Wind,11395.000,Elexon BMRS FUELHH
2022-02-03T08:30:00Z,Biomass,2944.000,Elexon BMRS FUELHH
2022-02-03T08:30:00Z,Coal,979.000,Elexon BMRS FUELHH
2022-02-03T08:30:00Z,Gas,14251.000,Elexon BMRS FUELHH
2022-02-03T08:30:00Z,Hydro,691.000,Elexon BMRS FUELHH
2022-02-03T08:30:00Z,Imports & Exports,586.000,Elexon BMRS FUELHH
2022-02-03T08:30:00Z,Nuclear,5027.000,Elexon BMRS FUELHH
2022-02-03T08:30:00Z,Other,205.000,Elexon BMRS FUELHH
2022-02-03T08:30:00Z,Pumped Storage,304.000,Elexon BMRS FUELHH
2022-02-03T08:30:00Z,Wind,11684.000,Elexon BMRS FUELHH
2022-02-03T09:00:00Z,Biomass,2947.000,Elexon BMRS FUELHH
2022-02-03T09:00:00Z,Coal,979.000,Elexon BMRS FUELHH
2022-02-03T09:00:00Z,Gas,14207.000,Elexon BMRS FUELHH
2022-02-03T09:00:00Z,Hydro,720.000,Elexon BMRS FUELHH
2022-02-03T09:00:00Z,Imports & Exports,956.000,Elexon BMRS FUELHH
2022-02-03T09:00:00Z,Nuclear,5068.000,Elexon BMRS FUELHH
2022-02-03T09:00:00Z,Other,155.000,Elexon BMRS FUELHH
2022-02-03T09:00:00Z,Pumped Storage,184.000,Elexon BMRS FUELHH
2022-02-03T09:00:00Z,Wind,11766.000,Elexon BMRS FUELHH
2022-02-03T09:30:00Z,Biomass,2946.000,Elexon BMRS FUELHH
2022-02-03T09:30:00Z,Coal,980.000,Elexon BMRS FUELHH
2022-02-03T09:30:00Z,Gas,14227.000,Elexon BMRS FUELHH
2022-02-03T09:30:00Z,Hydro,743.000,Elexon BMRS FUELHH
2022-02-03T09:30:00Z,Imports & Exports,934.000,Elexon BMRS FUELHH
2022-02-03T09:30:00Z,Nuclear,5091.000,Elexon BMRS FUELHH
2022-02-03T09:30:00Z,Other,168.000,Elexon BMRS FUELHH
2022-02-03T09:30:00Z,Pumped Storage,256.000,Elexon BMRS FUELHH
2022-02-03T09:30:00Z,Wind,11562.000,Elexon BMRS FUELHH
2022-02-03T10:00:00Z,Biomass,2923.000,Elexon BMRS FUELHH
2022-02-03T10:00:00Z,Coal,959.000,Elexon BMRS FUELHH
2022-02-03T10:00:00Z,Gas,14183.000,Elexon BMRS FUELHH
2022-02-03T10:00:00Z,Hydro,761.000,Elexon BMRS FUELHH
2022-02-03T10:00:00Z,Imports & Exports,412.000,Elexon BMRS FUELHH
2022-02-03T10:00:00Z,Nuclear,5095.000,Elexon BMRS FUELHH
2022-02-03T10:00:00Z,Other,232.000,Elexon BMRS FUELHH
2022-02-03T10:00:00Z,Pumped Storage,150.000,Elexon BMRS FUELHH
2022-02-03T10:00:00Z,Wind,11672.000,Elexon BMRS FUELHH
2022-02-03T10:30:00Z,Biomass,2943.000,Elexon BMRS FUELHH
2022-02-03T10:30:00Z,Coal,980.000,Elexon BMRS FUELHH
2022-02-03T10:30:00Z,Gas,14158.000,Elexon BMRS FUELHH
2022-02-03T10:30:00Z,Hydro,704.000,Elexon BMRS FUELHH
2022-02-03T10:30:00Z,Imports & Exports,322.000,Elexon BMRS FUELHH
2022-02-03T10:30:00Z,Nuclear,5099.000,Elexon BMRS FUELHH
2022-02-03T10:30:00Z,Other,199.000,Elexon BMRS FUELHH
2022-02-03T10:30:00Z,Pumped Storage,158.000,Elexon BMRS FUELHH
2022-02-03T10:30:00Z,Wind,11588.000,Elexon BMRS FUELHH
2022-02-03T11:00:00Z,Biomass,2954.000,Elexon BMRS FUELHH
2022-02-03T11:00:00Z,Coal,978.000,Elexon BMRS FUELHH
2022-02-03T11:00:00Z,Gas,14217.000,Elexon BMRS FUELHH
2022-02-03T11:00:00Z,Hydro,606.000,Elexon BMRS FUELHH
2022-02-03T11:00:00Z,Imports & Exports,108.000,Elexon BMRS FUELHH
2022-02-03T11:00:00Z,Nuclear,5104.000,Elexon BMRS FUELHH
2022-02-03T11:00:00Z,Other,206.000,Elexon BMRS FUELHH
2022-02-03T11:00:00Z,Pumped Storage,348.000,Elexon BMRS FUELHH
2022-02-03T11:00:00Z,Wind,11375.000,Elexon BMRS FUELHH
2022-02-03T11:30:00Z,Biomass,2946.000,Elexon BMRS FUELHH
2022-02-03T11:30:00Z,Coal,979.000,Elexon BMRS FUELHH
2022-02-03T11:30:00Z,Gas,14263.000,Elexon BMRS FUELHH
2022-02-03T11:30:00Z,Hydro,443.000,Elexon BMRS FUELHH
2022-02-03T11:30:00Z,Imports & Exports,216.000,Elexon BMRS FUELHH
2022-02-03T11:30:00Z,Nuclear,5105.000,Elexon BMRS FUELHH
2022-02-03T11:30:00Z,Other,290.000,Elexon BMRS FUELHH
2022-02-03T11:30:00Z,Pumped Storage,16.000,Elexon BMRS FUELHH
2022-02-03T11:30:00Z,Wind,11419.000,Elexon BMRS FUELHH
2022-02-03T12:00:00Z,Biomass,2930.000,Elexon BMRS FUELHH
2022-02-03T12:00:00Z,Coal,979.000,Elexon BMRS FUELHH
2022-02-03T12:00:00Z,Gas,14373.000,Elexon BMRS FUELHH
2022-02-03T12:00:00Z,Hydro,419.000,Elexon BMRS FUELHH
2022-02-03T12:00:00Z,Imports & Exports,264.000,Elexon BMRS FUELHH
2022-02-03T12:00:00Z,Nuclear,5102.000,Elexon BMRS FUELHH
2022-02-03T12:00:00Z,Other,220.000,Elexon BMRS FUELHH
2022-02-03T12:00:00Z,Pumped Storage,214.000,Elexon BMRS FUELHH
2022-02-03T12:00:00Z,Wind,11403.000,Elexon BMRS FUELHH
2022-02-03T12:30:00Z,Biomass,2936.000,Elexon BMRS FUELHH
2022-02-03T12:30:00Z,Coal,979.000,Elexon BMRS FUELHH
2022-02-03T12:30:00Z,Gas,14354.000,Elexon BMRS FUELHH
2022-02-03T12:30:00Z,Hydro,418.000,Elexon BMRS FUELHH
2022-02-03T12:30:00Z,Imports & Exports,264.000,Elexon BMRS FUELHH
2022-02-03T12:30:00Z,Nuclear,5112.000,Elexon BMRS FUELHH
2022-02-03T12:30:00Z,Other,176.000,Elexon BMRS FUELHH
2022-02-03T12:30:00Z,Pumped Storage,0.000,Elexon BMRS FUELHH
2022-02-03T12:30:00Z,Wind,11552.000,Elexon BMRS FUELHH
2022-02-03T13:00:00Z,Biomass,2924.000,Elexon BMRS FUELHH
2022-02-03T13:00:00Z,Coal,878.000,Elexon BMRS FUELHH
2022-02-03T13:00:00Z,Gas,14359.000,Elexon BMRS FUELHH
2022-02-03T13:00:00Z,Hydro,418.000,Elexon BMRS FUELHH
2022-02-03T13:00:00Z,Imports & Exports,-42.000,Elexon BMRS FUELHH
2022-02-03T13:00:00Z,Nuclear,5115.000,Elexon BMRS FUELHH
2022-02-03T13:00:00Z,Other,179.000,Elexon BMRS FUELHH
2022-02-03T13:00:00Z,Pumped Storage,64.000,Elexon BMRS FUELHH
2022-02-03T13:00:00Z,Wind,11752.000,Elexon BMRS FUELHH
2022-02-03T13:30:00Z,Biomass,2931.000,Elexon BMRS FUELHH
2022-02-03T13:30:00Z,Coal,710.000,Elexon BMRS FUELHH
2022-02-03T13:30:00Z,Gas,14159.000,Elexon BMRS FUELHH
2022-02-03T13:30:00Z,Hydro,418.000,Elexon BMRS FUELHH
2022-02-03T13:30:00Z,Imports & Exports,-2.000,Elexon BMRS FUELHH
2022-02-03T13:30:00Z,Nuclear,5113.000,Elexon BMRS FUELHH
2022-02-03T13:30:00Z,Other,143.000,Elexon BMRS FUELHH
2022-02-03T13:30:00Z,Pumped Storage,-12.000,Elexon BMRS FUELHH
2022-02-03T13:30:00Z,Wind,11723.000,Elexon BMRS FUELHH
2022-02-03T14:00:00Z,Biomass,2954.000,Elexon BMRS FUELHH
2022-02-03T14:00:00Z,Coal,727.000,Elexon BMRS FUELHH
2022-02-03T14:00:00Z,Gas,14434.000,Elexon BMRS FUELHH
2022-02-03T14:00:00Z,Hydro,422.000,Elexon BMRS FUELHH
2022-02-03T14:00:00Z,Imports & Exports,-464.000,Elexon BMRS FUELHH
2022-02-03T14:00:00Z,Nuclear,5116.000,Elexon BMRS FUELHH
2022-02-03T14:00:00Z,Other,146.000,Elexon BMRS FUELHH
2022-02-03T14:00:00Z,Pumped Storage,64.000,Elexon BMRS FUELHH
2022-02-03T14:00:00Z,Wind,11483.000,Elexon BMRS FUELHH
2022-02-03T14:30:00Z,Biomass,2950.000,Elexon BMRS FUELHH
2022-02-03T14:30:00Z,Coal,755.000,Elexon BMRS FUELHH
2022-02-03T14:30:00Z,Gas,14724.000,Elexon BMRS FUELHH
2022-02-03T14:30:00Z,Hydro,426.000,Elexon BMRS FUELHH
2022-02-03T14:30:00Z,Imports & Exports,-498.000,Elexon BMRS FUELHH
2022-02-03T14:30:00Z,Nuclear,5133.000,Elexon BMRS FUELHH
2022-02-03T14:30:00Z,Other,142.000,Elexon BMRS FUELHH
2022-02-03T14:30:00Z,Pumped Storage,0.000,Elexon BMRS FUELHH
2022-02-03T14:30:00Z,Wind,11517.000,Elexon BMRS FUELHH
2022-02-03T15:00:00Z,Biomass,2938.000,Elexon BMRS FUELHH
2022-02-03T15:00:00Z,Coal,880.000,Elexon BMRS FUELHH
2022-02-03T15:00:00Z,Gas,14688.000,Elexon BMRS FUELHH
2022-02-03T15:00:00Z,Hydro,436.000,Elexon BMRS FUELHH
2022-02-03T15:00:00Z,Imports & Exports,-292.000,Elexon BMRS FUELHH
2022-02-03T15:00:00Z,Nuclear,5138.000,Elexon BMRS FUELHH
2022-02-03T15:00:00Z,Other,143.000,Elexon BMRS FUELHH
2022-02-03T15:00:00Z,Pumped Storage,-12.000,Elexon BMRS FUELHH
2022-02-03T15:00:00Z,Wind,11460.000,Elexon BMRS FUELHH
2022-02-03T15:30:00Z,Biomass,2949.000,Elexon BMRS FUELHH
2022-02-03T15:30:00Z,Coal,1104.000,Elexon BMRS FUELHH
2022-02-03T15:30:00Z,Gas,15092.000,Elexon BMRS FUELHH
2022-02-03T15:30:00Z,Hydro,474.000,Elexon BMRS FUELHH
2022-02-03T15:30:00Z,Imports & Exports,-194.000,Elexon BMRS FUELHH
2022-02-03T15:30:00Z,Nuclear,5154.000,Elexon BMRS FUELHH
2022-02-03T15:30:00Z,Other,153.000,Elexon BMRS FUELHH
2022-02-03T15:30:00Z,Pumped Storage,62.000,Elexon BMRS FUELHH
2022-02-03T15:30:00Z,Wind,11486.000,Elexon BMRS FUELHH
2022-02-03T16:00:00Z,Biomass,2950.000,Elexon BMRS FUELHH
2022-02-03T16:00:00Z,Coal,1243.000,Elexon BMRS FUELHH
2022-02-03T16:00:00Z,Gas,15589.000,Elexon BMRS FUELHH
2022-02-03T16:00:00Z,Hydro,543.000,Elexon BMRS FUELHH
2022-02-03T16:00:00Z,Imports & Exports,-346.000,Elexon BMRS FUELHH
2022-02-03T16:00:00Z,Nuclear,5161.000,Elexon BMRS FUELHH
2022-02-03T16:00:00Z,Other,232.000,Elexon BMRS FUELHH
2022-02-03T16:00:00Z,Pumped Storage,436.000,Elexon BMRS FUELHH
2022-02-03T16:00:00Z,Wind,11487.000,Elexon BMRS FUELHH
2022-02-03T16:30:00Z,Biomass,2949.000,Elexon BMRS FUELHH
2022-02-03T16:30:00Z,Coal,1294.000,Elexon BMRS FUELHH
2022-02-03T16:30:00Z,Gas,15899.000,Elexon BMRS FUELHH
2022-02-03T16:30:00Z,Hydro,544.000,Elexon BMRS FUELHH
2022-02-03T16:30:00Z,Imports & Exports,-324.000,Elexon BMRS FUELHH
2022-02-03T16:30:00Z,Nuclear,5160.000,Elexon BMRS FUELHH
2022-02-03T16:30:00Z,Other,373.000,Elexon BMRS FUELHH
2022-02-03T16:30:00Z,Pumped Storage,1128.000,Elexon BMRS FUELHH
2022-02-03T16:30:00Z,Wind,11608.000,Elexon BMRS FUELHH
2022-02-03T17:00:00Z,Biomass,2951.000,Elexon BMRS FUELHH
2022-02-03T17:00:00Z,Coal,1383.000,Elexon BMRS FUELHH
2022-02-03T17:00:00Z,Gas,16018.000,Elexon BMRS FUELHH
2022-02-03T17:00:00Z,Hydro,601.000,Elexon BMRS FUELHH
2022-02-03T17:00:00Z,Imports & Exports,602.000,Elexon BMRS FUELHH
2022-02-03T17:00:00Z,Nuclear,5160.000,Elexon BMRS FUELHH
2022-02-03T17:00:00Z,Other,433.000,Elexon BMRS FUELHH
2022-02-03T17:00:00Z,Pumped Storage,1596.000,Elexon BMRS FUELHH
2022-02-03T17:00:00Z,Wind,11476.000,Elexon BMRS FUELHH
2022-02-03T17:30:00Z,Biomass,2950.000,Elexon BMRS FUELHH
2022-02-03T17:30:00Z,Coal,1308.000,Elexon BMRS FUELHH
2022-02-03T17:30:00Z,Gas,15895.000,Elexon BMRS FUELHH
2022-02-03T17:30:00Z,Hydro,605.000,Elexon BMRS FUELHH
2022-02-03T17:30:00Z,Imports & Exports,586.000,Elexon BMRS FUELHH
2022-02-03T17:30:00Z,Nuclear,5191.000,Elexon BMRS FUELHH
2022-02-03T17:30:00Z,Other,460.000,Elexon BMRS FUELHH
2022-02-03T17:30:00Z,Pumped Storage,1528.000,Elexon BMRS FUELHH
2022-02-03T17:30:00Z,Wind,12284.000,Elexon BMRS FUELHH
2022-02-03T18:00:00Z,Biomass,2949.000,Elexon BMRS FUELHH
2022-02-03T18:00:00Z,Coal,1221.000,Elexon BMRS FUELHH
2022-02-03T18:00:00Z,Gas,15347.000,Elexon BMRS FUELHH
2022-02-03T18:00:00Z,Hydro,590.000,Elexon BMRS FUELHH
2022-02-03T18:00:00Z,Imports & Exports,634.000,Elexon BMRS FUELHH
2022-02-03T18:00:00Z,Nuclear,5205.000,Elexon BMRS FUELHH
2022-02-03T18:00:00Z,Other,353.000,Elexon BMRS FUELHH
2022-02-03T18:00:00Z,Pumped Storage,1630.000,Elexon BMRS FUELHH
2022-02-03T18:00:00Z,Wind,12405.000,Elexon BMRS FUELHH
2022-02-03T18:30:00Z,Biomass,2952.000,Elexon BMRS FUELHH
2022-02-03T18:30:00Z,Coal,1221.000,Elexon BMRS FUELHH
2022-02-03T18:30:00Z,Gas,15403.000,Elexon BMRS FUELHH
2022-02-03T18:30:00Z,Hydro,566.000,Elexon BMRS FUELHH
2022-02-03T18:30:00Z,Imports & Exports,424.000,Elexon BMRS FUELHH
2022-02-03T18:30:00Z,Nuclear,5216.000,Elexon BMRS FUELHH
2022-02-03T18:30:00Z,Other,268.000,Elexon BMRS FUELHH
2022-02-03T18:30:00Z,Pumped Storage,930.000,Elexon BMRS FUELHH
2022-02-03T18:30:00Z,Wind,12481.000,Elexon BMRS FUELHH
2022-02-03T19:00:00Z,Biomass,2953.000,Elexon BMRS FUELHH
2022-02-03T19:00:00Z,Coal,1350.000,Elexon BMRS FUELHH
2022-02-03T19:00:00Z,Gas,14514.000,Elexon BMRS FUELHH
2022-02-03T19:00:00Z,Hydro,514.000,Elexon BMRS FUELHH
2022-02-03T19:00:00Z,Imports & Exports,602.000,Elexon BMRS FUELHH
2022-02-03T19:00:00Z,Nuclear,5217.000,Elexon BMRS FUELHH
2022-02-03T19:00:00Z,Other,190.000,Elexon BMRS FUELHH
2022-02-03T19:00:00Z,Pumped Storage,274.000,Elexon BMRS FUELHH
2022-02-03T19:00:00Z,Wind,12780.000,Elexon BMRS FUELHH
2022-02-03T19:30:00Z,Biomass,2956.000,Elexon BMRS FUELHH
2022-02-03T19:30:00Z,Coal,1379.000,Elexon BMRS FUELHH
2022-02-03T19:30:00Z,Gas,12983.000,Elexon BMRS FUELHH
2022-02-03T19:30:00Z,Hydro,515.000,Elexon BMRS FUELHH
2022-02-03T19:30:00Z,Imports & Exports,442.000,Elexon BMRS FUELHH
2022-02-03T19:30:00Z,Nuclear,5215.000,Elexon BMRS FUELHH
2022-02-03T19:30:00Z,Other,170.000,Elexon BMRS FUELHH
2022-02-03T19:30:00Z,Pumped Storage,16.000,Elexon BMRS FUELHH
2022-02-03T19:30:00Z,Wind,13475.000,Elexon BMRS FUELHH
2022-02-03T20:00:00Z,Biomass,2922.000,Elexon BMRS FUELHH
2022-02-03T20:00:00Z,Coal,1356.000,Elexon BMRS FUELHH
2022-02-03T20:00:00Z,Gas,11463.000,Elexon BMRS FUELHH
2022-02-03T20:00:00Z,Hydro,622.000,Elexon BMRS FUELHH
2022-02-03T20:00:00Z,Imports & Exports,134.000,Elexon BMRS FUELHH
2022-02-03T20:00:00Z,Nuclear,5214.000,Elexon BMRS FUELHH
2022-02-03T20:00:00Z,Other,160.000,Elexon BMRS FUELHH
2022-02-03T20:00:00Z,Pumped Storage,110.000,Elexon BMRS FUELHH
2022-02-03T20:00:00Z,Wind,13361.000,Elexon BMRS FUELHH
2022-02-03T20:30:00Z,Biomass,2866.000,Elexon BMRS FUELHH
2022-02-03T20:30:00Z,Coal,1314.000,Elexon BMRS FUELHH
2022-02-03T20:30:00Z,Gas,10146.000,Elexon BMRS FUELHH
2022-02-03T20:30:00Z,Hydro,526.000,Elexon BMRS FUELHH
2022-02-03T20:30:00Z,Imports & Exports,50.000,Elexon BMRS FUELHH
2022-02-03T20:30:00Z,Nuclear,5215.000,Elexon BMRS FUELHH
2022-02-03T20:30:00Z,Other,164.000,Elexon BMRS FUELHH
2022-02-03T20:30:00Z,Pumped Storage,32.000,Elexon BMRS FUELHH
2022-02-03T20:30:00Z,Wind,13911.000,Elexon BMRS FUELHH
2022-02-03T21:00:00Z,Biomass,2828.000,Elexon BMRS FUELHH
2022-02-03T21:00:00Z,Coal,1021.000,Elexon BMRS FUELHH
2022-02-03T21:00:00Z,Gas,8275.000,Elexon BMRS FUELHH
2022-02-03T21:00:00Z,Hydro,506.000,Elexon BMRS FUELHH
2022-02-03T21:00:00Z,Imports & Exports,352.000,Elexon BMRS FUELHH
2022-02-03T21:00:00Z,Nuclear,5215.000,Elexon BMRS FUELHH
2022-02-03T21:00:00Z,Other,151.000,Elexon BMRS FUELHH
2022-02-03T21:00:00Z,Pumped Storage,58.000,Elexon BMRS FUELHH
2022-02-03T21:00:00Z,Wind,14002.000,Elexon BMRS FUELHH
2022-02-03T21:30:00Z,Biomass,2960.000,Elexon BMRS FUELHH
2022-02-03T21:30:00Z,Coal,756.000,Elexon BMRS FUELHH
2022-02-03T21:30:00Z,Gas,6907.000,Elexon BMRS FUELHH
2022-02-03T21:30:00Z,Hydro,465.000,Elexon BMRS FUELHH
2022-02-03T21:30:00Z,Imports & Exports,296.000,Elexon BMRS FUELHH
2022-02-03T21:30:00Z,Nuclear,5217.000,Elexon BMRS FUELHH
2022-02-03T21:30:00Z,Other,154.000,Elexon BMRS FUELHH
2022-02-03T21:30:00Z,Pumped Storage,-10.000,Elexon BMRS FUELHH
2022-02-03T21:30:00Z,Wind,13789.000,Elexon BMRS FUELHH
2022-02-03T22:00:00Z,Biomass,2908.000,Elexon BMRS FUELHH
2022-02-03T22:00:00Z,Coal,503.000,Elexon BMRS FUELHH
2022-02-03T22:00:00Z,Gas,5370.000,Elexon BMRS FUELHH
2022-02-03T22:00:00Z,Hydro,460.000,Elexon BMRS FUELHH
2022-02-03T22:00:00Z,Imports & Exports,414.000,Elexon BMRS FUELHH
2022-02-03T22:00:00Z,Nuclear,5217.000,Elexon BMRS FUELHH
2022-02-03T22:00:00Z,Other,155.000,Elexon BMRS FUELHH
2022-02-03T22:00:00Z,Pumped Storage,8.000,Elexon BMRS FUELHH
2022-02-03T22:00:00Z,Wind,13745.000,Elexon BMRS FUELHH
2022-02-03T22:30:00Z,Biomass,2550.000,Elexon BMRS FUELHH
2022-02-03T22:30:00Z,Coal,461.000,Elexon BMRS FUELHH
2022-02-03T22:30:00Z,Gas,4210.000,Elexon BMRS FUELHH
2022-02-03T22:30:00Z,Hydro,459.000,Elexon BMRS FUELHH
2022-02-03T22:30:00Z,Imports & Exports,240.000,Elexon BMRS FUELHH
2022-02-03T22:30:00Z,Nuclear,5221.000,Elexon BMRS FUELHH
2022-02-03T22:30:00Z,Other,166.000,Elexon BMRS FUELHH
2022-02-03T22:30:00Z,Pumped Storage,52.000,Elexon BMRS FUELHH
2022-02-03T22:30:00Z,Wind,13617.000,Elexon BMRS FUELHH
2022-02-03T23:00:00Z,Biomass,1697.000,Elexon BMRS FUELHH
2022-02-03T23:00:00Z,Coal,256.000,Elexon BMRS FUELHH
2022-02-03T23:00:00Z,Gas,3276.000,Elexon BMRS FUELHH
2022-02-03T23:00:00Z,Hydro,424.000,Elexon BMRS FUELHH
2022-02-03T23:00:00Z,Imports & Exports,750.000,Elexon BMRS FUELHH
2022-02-03T23:00:00Z,Nuclear,5221.000,Elexon BMRS FUELHH
2022-02-03T23:00:00Z,Other,148.000,Elexon BMRS FUELHH
2022-02-03T23:00:00Z,Pumped Storage,-2.000,Elexon BMRS FUELHH
2022-02-03T23:00:00Z,Wind,13594.000,Elexon BMRS FUELHH
2022-02-03T23:30:00Z,Biomass,1365.000,Elexon BMRS FUELHH
2022-02-03T23:30:00Z,Coal,229.000,Elexon BMRS FUELHH
2022-02-03T23:30:00Z,Gas,2953.000,Elexon BMRS FUELHH
2022-02-03T23:30:00Z,Hydro,402.000,Elexon BMRS FUELHH
2022-02-03T23:30:00Z,Imports & Exports,716.000,Elexon BMRS FUELHH
2022-02-03T23:30:00Z,Nuclear,5219.000,Elexon BMRS FUELHH
2022-02-03T23:30:00Z,Other,149.000,Elexon BMRS FUELHH
2022-02-03T23:30:00Z,Pumped Storage,-18.000,Elexon BMRS FUELHH
2022-02-03T23:30:00Z,Wind,13378.000,Elexon BMRS FUELHH
2022-02-04T00:00:00Z,Biomass,1374.000,Elexon BMRS FUELHH
2022-02-04T00:00:00Z,Coal,229.000,Elexon BMRS FUELHH
2022-02-04T00:00:00Z,Gas,3003.000,Elexon BMRS FUELHH
2022-02-04T00:00:00Z,Hydro,380.000,Elexon BMRS FUELHH
2022-02-04T00:00:00Z,Imports & Exports,1150.000,Elexon BMRS FUELHH
2022-02-04T00:00:00Z,Nuclear,5218.000,Elexon BMRS FUELHH
2022-02-04T00:00:00Z,Other,161.000,Elexon BMRS FUELHH
2022-02-04T00:00:00Z,Pumped Storage,52.000,Elexon BMRS FUELHH
2022-02-04T00:00:00Z,Wind,12603.000,Elexon BMRS FUELHH
2022-02-04T00:30:00Z,Biomass,1374.000,Elexon BMRS FUELHH
2022-02-04T00:30:00Z,Coal,266.000,Elexon BMRS FUELHH
2022-02-04T00:30:00Z,Gas,3371.000,Elexon BMRS FUELHH
2022-02-04T00:30:00Z,Hydro,483.000,Elexon BMRS FUELHH
2022-02-04T00:30:00Z,Imports & Exports,1340.000,Elexon BMRS FUELHH
2022-02-04T00:30:00Z,Nuclear,5222.000,Elexon BMRS FUELHH
2022-02-04T00:30:00Z,Other,148.000,Elexon BMRS FUELHH
2022-02-04T00:30:00Z,Pumped Storage,276.000,Elexon BMRS FUELHH
2022-02-04T00:30:00Z,Wind,12281.000,Elexon BMRS FUELHH
2022-02-04T01:00:00Z,Biomass,1361.000,Elexon BMRS FUELHH
2022-02-04T01:00:00Z,Coal,360.000,Elexon BMRS FUELHH
2022-02-04T01:00:00Z,Gas,3410.000,Elexon BMRS FUELHH
2022-02-04T01:00:00Z,Hydro,402.000,Elexon BMRS FUELHH
2022-02-04T01:00:00Z,Imports & Exports,1068.000,Elexon BMRS FUELHH
2022-02-04T01:00:00Z,Nuclear,5219.000,Elexon BMRS FUELHH
2022-02-04T01:00:00Z,Other,159.000,Elexon BMRS FUELHH
2022-02-04T01:00:00Z,Pumped Storage,8.000,Elexon BMRS FUELHH
2022-02-04T01:00:00Z,Wind,12485.000,Elexon BMRS FUELHH
2022-02-04T01:30:00Z,Biomass,1349.000,Elexon BMRS FUELHH
2022-02-04T01:30:00Z,Coal,315.000,Elexon BMRS FUELHH
2022-02-04T01:30:00Z,Gas,3367.000,Elexon BMRS FUELHH
2022-02-04T01:30:00Z,Hydro,345.000,Elexon BMRS FUELHH
2022-02-04T01:30:00Z,Imports & Exports,1002.000,Elexon BMRS FUELHH
2022-02-04T01:30:00Z,Nuclear,5218.000,Elexon BMRS FUELHH
2022-02-04T01:30:00Z,Other,150.000,Elexon BMRS FUELHH
2022-02-04T01:30:00Z,Pumped Storage,8.000,Elexon BMRS FUELHH
2022-02-04T01:30:00Z,Wind,12308.000,Elexon BMRS FUELHH
2022-02-04T02:00:00Z,Biomass,1357.000,Elexon BMRS FUELHH
2022-02-04T02:00:00Z,Coal,236.000,Elexon BMRS FUELHH
2022-02-04T02:00:00Z,Gas,2931.000,Elexon BMRS FUELHH
2022-02-04T02:00:00Z,Hydro,337.000,Elexon BMRS FUELHH
2022-02-04T02:00:00Z,Imports & Exports,1808.000,Elexon BMRS FUELHH
2022-02-04T02:00:00Z,Nuclear,5217.000,Elexon BMRS FUELHH
2022-02-04T02:00:00Z,Other,151.000,Elexon BMRS FUELHH
2022-02-04T02:00:00Z,Pumped Storage,-574.000,Elexon BMRS FUELHH
2022-02-04T02:00:00Z,Wind,12081.000,Elexon BMRS FUELHH
2022-02-04T02:30:00Z,Biomass,1355.000,Elexon BMRS FUELHH
2022-02-04T02:30:00Z,Coal,230.000,Elexon BMRS FUELHH
2022-02-04T02:30:00Z,Gas,2986.000,Elexon BMRS FUELHH
2022-02-04T02:30:00Z,Hydro,337.000,Elexon BMRS FUELHH
2022-02-04T02:30:00Z,Imports & Exports,1916.000,Elexon BMRS FUELHH
2022-02-04T02:30:00Z,Nuclear,5215.000,Elexon BMRS FUELHH
2022-02-04T02:30:00Z,Other,147.000,Elexon BMRS FUELHH
2022-02-04T02:30:00Z,Pumped Storage,-938.000,Elexon BMRS FUELHH
2022-02-04T02:30:00Z,Wind,11966.000,Elexon BMRS FUELHH
2022-02-04T03:00:00Z,Biomass,1353.000,Elexon BMRS FUELHH
2022-02-04T03:00:00Z,Coal,230.000,Elexon BMRS FUELHH
2022-02-04T03:00:00Z,Gas,2861.000,Elexon BMRS FUELHH
2022-02-04T03:00:00Z,Hydro,337.000,Elexon BMRS FUELHH
2022-02-04T03:00:00Z,Imports & Exports,2164.000,Elexon BMRS FUELHH
2022-02-04T03:00:00Z,Nuclear,5216.000,Elexon BMRS FUELHH
2022-02-04T03:00:00Z,Other,166.000,Elexon BMRS FUELHH
2022-02-04T03:00:00Z,Pumped Storage,-1338.000,Elexon BMRS FUELHH
2022-02-04T03:00:00Z,Wind,12185.000,Elexon BMRS FUELHH
2022-02-04T03:30:00Z,Biomass,1358.000,Elexon BMRS FUELHH
2022-02-04T03:30:00Z,Coal,238.000,Elexon BMRS FUELHH
2022-02-04T03:30:00Z,Gas,2776.000,Elexon BMRS FUELHH
2022-02-04T03:30:00Z,Hydro,323.000,Elexon BMRS FUELHH
2022-02-04T03:30:00Z,Imports & Exports,2040.000,Elexon BMRS FUELHH
2022-02-04T03:30:00Z,Nuclear,5215.000,Elexon BMRS FUELHH
2022-02-04T03:30:00Z,Other,153.000,Elexon BMRS FUELHH
2022-02-04T03:30:00Z,Pumped Storage,-1166.000,Elexon BMRS FUELHH
2022-02-04T03:30:00Z,Wind,11858.000,Elexon BMRS FUELHH
2022-02-04T04:00:00Z,Biomass,1356.000,Elexon BMRS FUELHH
2022-02-04T04:00:00Z,Coal,357.000,Elexon BMRS FUELHH
2022-02-04T04:00:00Z,Gas,3060.000,Elexon BMRS FUELHH
2022-02-04T04:00:00Z,Hydro,425.000,Elexon BMRS FUELHH
2022-02-04T04:00:00Z,Imports & Exports,1678.000,Elexon BMRS FUELHH
2022-02-04T04:00:00Z,Nuclear,5218.000,Elexon BMRS FUELHH
2022-02-04T04:00:00Z,Other,152.000,Elexon BMRS FUELHH
2022-02-04T04:00:00Z,Pumped Storage,-734.000,Elexon BMRS FUELHH
2022-02-04T04:00:00Z,Wind,11200.000,Elexon BMRS FUELHH
2022-02-04T04:30:00Z,Biomass,1358.000,Elexon BMRS FUELHH
2022-02-04T04:30:00Z,Coal,369.000,Elexon BMRS FUELHH
2022-02-04T04:30:00Z,Gas,3430.000,Elexon BMRS FUELHH
2022-02-04T04:30:00Z,Hydro,434.000,Elexon BMRS FUELHH
2022-02-04T04:30:00Z,Imports & Exports,1738.000,Elexon BMRS FUELHH
2022-02-04T04:30:00Z,Nuclear,5223.000,Elexon BMRS FUELHH
2022-02-04T04:30:00Z,Other,149.000,Elexon BMRS FUELHH
2022-02-04T04:30:00Z,Pumped Storage,-754.000,Elexon BMRS FUELHH
2022-02-04T04:30:00Z,Wind,11204.000,Elexon BMRS FUELHH
2022-02-04T05:00:00Z,Biomass,1352.000,Elexon BMRS FUELHH
2022-02-04T05:00:00Z,Coal,421.000,Elexon BMRS FUELHH
2022-02-04T05:00:00Z,Gas,3598.000,Elexon BMRS FUELHH
2022-02-04T05:00:00Z,Hydro,449.000,Elexon BMRS FUELHH
2022-02-04T05:00:00Z,Imports & Exports,1436.000,Elexon BMRS FUELHH
2022-02-04T05:00:00Z,Nuclear,5220.000,Elexon BMRS FUELHH
2022-02-04T05:00:00Z,Other,150.000,Elexon BMRS FUELHH
2022-02-04T05:00:00Z,Pumped Storage,-10.000,Elexon BMRS FUELHH
2022-02-04T05:00:00Z,Wind,11169.000,Elexon BMRS FUELHH
2022-02-04T05:30:00Z,Biomass,1541.000,Elexon BMRS FUELHH
2022-02-04T05:30:00Z,Coal,419.000,Elexon BMRS FUELHH
2022-02-04T05:30:00Z,Gas,4139.000,Elexon BMRS FUELHH
2022-02-04T05:30:00Z,Hydro,449.000,Elexon BMRS FUELHH
2022-02-04T05:30:00Z,Imports & Exports,1494.000,Elexon BMRS FUELHH
2022-02-04T05:30:00Z,Nuclear,5223.000,Elexon BMRS FUELHH
2022-02-04T05:30:00Z,Other,164.000,Elexon BMRS FUELHH
2022-02-04T05:30:00Z,Pumped Storage,-224.000,Elexon BMRS FUELHH
2022-02-04T05:30:00Z,Wind,11688.000,Elexon BMRS FUELHH
2022-02-04T06:00:00Z,Biomass,1847.000,Elexon BMRS FUELHH
2022-02-04T06:00:00Z,Coal,610.000,Elexon BMRS FUELHH
2022-02-04T06:00:00Z,Gas,5806.000,Elexon BMRS FUELHH
2022-02-04T06:00:00Z,Hydro,681.000,Elexon BMRS FUELHH
2022-02-04T06:00:00Z,Imports & Exports,1694.000,Elexon BMRS FUELHH
2022-02-04T06:00:00Z,Nuclear,5228.000,Elexon BMRS FUELHH
2022-02-04T06:00:00Z,Other,163.000,Elexon BMRS FUELHH
2022-02-04T06:00:00Z,Pumped Storage,-66.000,Elexon BMRS FUELHH
2022-02-04T06:00:00Z,Wind,11966.000,Elexon BMRS FUELHH
2022-02-04T06:30:00Z,Biomass,2180.000,Elexon BMRS FUELHH
2022-02-04T06:30:00Z,Coal,807.000,Elexon BMRS FUELHH
2022-02-04T06:30:00Z,Gas,7624.000,Elexon BMRS FUELHH
2022-02-04T06:30:00Z,Hydro,681.000,Elexon BMRS FUELHH
2022-02-04T06:30:00Z,Imports & Exports,1708.000,Elexon BMRS FUELHH
2022-02-04T06:30:00Z,Nuclear,5224.000,Elexon BMRS FUELHH
2022-02-04T06:30:00Z,Other,175.000,Elexon BMRS FUELHH
2022-02-04T06:30:00Z,Pumped Storage,-16.000,Elexon BMRS FUELHH
2022-02-04T06:30:00Z,Wind,12233.000,Elexon BMRS FUELHH
2022-02-04T07:00:00Z,Biomass,2239.000,Elexon BMRS FUELHH
2022-02-04T07:00:00Z,Coal,872.000,Elexon BMRS FUELHH
2022-02-04T07:00:00Z,Gas,9140.000,Elexon BMRS FUELHH
2022-02-04T07:00:00Z,Hydro,713.000,Elexon BMRS FUELHH
2022-02-04T07:00:00Z,Imports & Exports,2966.000,Elexon BMRS FUELHH
2022-02-04T07:00:00Z,Nuclear,5228.000,Elexon BMRS FUELHH
2022-02-04T07:00:00Z,Other,183.000,Elexon BMRS FUELHH
2022-02-04T07:00:00Z,Pumped Storage,176.000,Elexon BMRS FUELHH
2022-02-04T07:00:00Z,Wind,12177.000,Elexon BMRS FUELHH
2022-02-04T07:30:00Z,Biomass,2265.000,Elexon BMRS FUELHH
2022-02-04T07:30:00Z,Coal,973.000,Elexon BMRS FUELHH
2022-02-04T07:30:00Z,Gas,9953.000,Elexon BMRS FUELHH
2022-02-04T07:30:00Z,Hydro,715.000,Elexon BMRS FUELHH
2022-02-04T07:30:00Z,Imports & Exports,3038.000,Elexon BMRS FUELHH
2022-02-04T07:30:00Z,Nuclear,5227.000,Elexon BMRS FUELHH
2022-02-04T07:30:00Z,Other,271.000,Elexon BMRS FUELHH
2022-02-04T07:30:00Z,Pumped Storage,396.000,Elexon BMRS FUELHH
2022-02-04T07:30:00Z,Wind,12512.000,Elexon BMRS FUELHH
2022-02-04T08:00:00Z,Biomass,2437.000,Elexon BMRS FUELHH
2022-02-04T08:00:00Z,Coal,977.000,Elexon BMRS FUELHH
2022-02-04T08:00:00Z,Gas,10007.000,Elexon BMRS FUELHH
2022-02-04T08:00:00Z,Hydro,755.000,Elexon BMRS FUELHH
2022-02-04T08:00:00Z,Imports & Exports,4190.000,Elexon BMRS FUELHH
2022-02-04T08:00:00Z,Nuclear,5223.000,Elexon BMRS FUELHH
2022-02-04T08:00:00Z,Other,268.000,Elexon BMRS FUELHH
2022-02-04T08:00:00Z,Pumped Storage,518.000,Elexon BMRS FUELHH
2022-02-04T08:00:00Z,Wind,12640.000,Elexon BMRS FUELHH
2022-02-04T08:30:00Z,Biomass,2772.000,Elexon BMRS FUELHH
2022-02-04T08:30:00Z,Coal,977.000,Elexon BMRS FUELHH
2022-02-04T08:30:00Z,Gas,10166.000,Elexon BMRS FUELHH
2022-02-04T08:30:00Z,Hydro,746.000,Elexon BMRS FUELHH
2022-02-04T08:30:00Z,Imports & Exports,4258.000,Elexon BMRS FUELHH
2022-02-04T08:30:00Z,Nuclear,5226.000,Elexon BMRS FUELHH
2022-02-04T08:30:00Z,Other,279.000,Elexon BMRS FUELHH
2022-02-04T08:30:00Z,Pumped Storage,594.000,Elexon BMRS FUELHH
2022-02-04T08:30:00Z,Wind,12583.000,Elexon BMRS FUELHH
2022-02-04T09:00:00Z,Biomass,2944.000,Elexon BMRS FUELHH
2022-02-04T09:00:00Z,Coal,979.000,Elexon BMRS FUELHH
2022-02-04T09:00:00Z,Gas,10612.000,Elexon BMRS FUELHH
2022-02-04T09:00:00Z,Hydro,744.000,Elexon BMRS FUELHH
2022-02-04T09:00:00Z,Imports & Exports,4452.000,Elexon BMRS FUELHH
2022-02-04T09:00:00Z,Nuclear,5227.000,Elexon BMRS FUELHH
2022-02-04T09:00:00Z,Other,287.000,Elexon BMRS FUELHH
2022-02-04T09:00:00Z,Pumped Storage,494.000,Elexon BMRS FUELHH
2022-02-04T09:00:00Z,Wind,12404.000,Elexon BMRS FUELHH
2022-02-04T09:30:00Z,Biomass,2973.000,Elexon BMRS FUELHH
2022-02-04T09:30:00Z,Coal,978.000,Elexon BMRS FUELHH
2022-02-04T09:30:00Z,Gas,10560.000,Elexon BMRS FUELHH
2022-02-04T09:30:00Z,Hydro,762.000,Elexon BMRS FUELHH
2022-02-04T09:30:00Z,Imports & Exports,4414.000,Elexon BMRS FUELHH
2022-02-04T09:30:00Z,Nuclear,5231.000,Elexon BMRS FUELHH
2022-02-04T09:30:00Z,Other,344.000,Elexon BMRS FUELHH
2022-02-04T09:30:00Z,Pumped Storage,304.000,Elexon BMRS FUELHH
2022-02-04T09:30:00Z,Wind,12076.000,Elexon BMRS FUELHH
2022-02-04T10:00:00Z,Biomass,2971.000,Elexon BMRS FUELHH
2022-02-04T10:00:00Z,Coal,978.000,Elexon BMRS FUELHH
2022-02-04T10:00:00Z,Gas,10727.000,Elexon BMRS FUELHH
2022-02-04T10:00:00Z,Hydro,757.000,Elexon BMRS FUELHH
2022-02-04T10:00:00Z,Imports & Exports,3432.000,Elexon BMRS FUELHH
2022-02-04T10:00:00Z,Nuclear,5241.000,Elexon BMRS FUELHH
2022-02-04T10:00:00Z,Other,617.000,Elexon BMRS FUELHH
2022-02-04T10:00:00Z,Pumped Storage,430.000,Elexon BMRS FUELHH
2022-02-04T10:00:00Z,Wind,11493.000,Elexon BMRS FUELHH
2022-02-04T10:30:00Z,Biomass,2959.000,Elexon BMRS FUELHH
2022-02-04T10:30:00Z,Coal,976.000,Elexon BMRS FUELHH
2022-02-04T10:30:00Z,Gas,9698.000,Elexon BMRS FUELHH
2022-02-04T10:30:00Z,Hydro,759.000,Elexon BMRS FUELHH
2022-02-04T10:30:00Z,Imports & Exports,3204.000,Elexon BMRS FUELHH
2022-02-04T10:30:00Z,Nuclear,5287.000,Elexon BMRS FUELHH
2022-02-04T10:30:00Z,Other,619.000,Elexon BMRS FUELHH
2022-02-04T10:30:00Z,Pumped Storage,30.000,Elexon BMRS FUELHH
2022-02-04T10:30:00Z,Wind,12194.000,Elexon BMRS FUELHH
2022-02-04T11:00:00Z,Biomass,2951.000,Elexon BMRS FUELHH
2022-02-04T11:00:00Z,Coal,962.000,Elexon BMRS FUELHH
2022-02-04T11:00:00Z,Gas,9050.000,Elexon BMRS FUELHH
2022-02-04T11:00:00Z,Hydro,722.000,Elexon BMRS FUELHH
2022-02-04T11:00:00Z,Imports & Exports,2366.000,Elexon BMRS FUELHH
2022-02-04T11:00:00Z,Nuclear,5295.000,Elexon BMRS FUELHH
2022-02-04T11:00:00Z,Other,229.000,Elexon BMRS FUELHH
2022-02-04T11:00:00Z,Pumped Storage,-12.000,Elexon BMRS FUELHH
2022-02-04T11:00:00Z,Wind,13080.000,Elexon BMRS FUELHH
2022-02-04T11:30:00Z,Biomass,2735.000,Elexon BMRS FUELHH
2022-02-04T11:30:00Z,Coal,968.000,Elexon BMRS FUELHH
2022-02-04T11:30:00Z,Gas,7904.000,Elexon BMRS FUELHH
2022-02-04T11:30:00Z,Hydro,703.000,Elexon BMRS FUELHH
2022-02-04T11:30:00Z,Imports & Exports,2580.000,Elexon BMRS FUELHH
2022-02-04T11:30:00Z,Nuclear,5295.000,Elexon BMRS FUELHH
2022-02-04T11:30:00Z,Other,168.000,Elexon BMRS FUELHH
2022-02-04T11:30:00Z,Pumped Storage,50.000,Elexon BMRS FUELHH
2022-02-04T11:30:00Z,Wind,13878.000,Elexon BMRS FUELHH
2022-02-04T12:00:00Z,Biomass,2879.000,Elexon BMRS FUELHH
2022-02-04T12:00:00Z,Coal,904.000,Elexon BMRS FUELHH
2022-02-04T12:00:00Z,Gas,8294.000,Elexon BMRS FUELHH
2022-02-04T12:00:00Z,Hydro,688.000,Elexon BMRS FUELHH
2022-02-04T12:00:00Z,Imports & Exports,2364.000,Elexon BMRS FUELHH
2022-02-04T12:00:00Z,Nuclear,5296.000,Elexon BMRS FUELHH
2022-02-04T12:00:00Z,Other,146.000,Elexon BMRS FUELHH
2022-02-04T12:00:00Z,Pumped Storage,268.000,Elexon BMRS FUELHH
2022-02-04T12:00:00Z,Wind,13262.000,Elexon BMRS FUELHH
2022-02-04T12:30:00Z,Biomass,2942.000,Elexon BMRS FUELHH
2022-02-04T12:30:00Z,Coal,964.000,Elexon BMRS FUELHH
2022-02-04T12:30:00Z,Gas,7947.000,Elexon BMRS FUELHH
2022-02-04T12:30:00Z,Hydro,692.000,Elexon BMRS FUELHH
2022-02-04T12:30:00Z,Imports & Exports,2386.000,Elexon BMRS FUELHH
2022-02-04T12:30:00Z,Nuclear,5300.000,Elexon BMRS FUELHH
2022-02-04T12:30:00Z,Other,141.000,Elexon BMRS FUELHH
2022-02-04T12:30:00Z,Pumped Storage,-12.000,Elexon BMRS FUELHH
2022-02-04T12:30:00Z,Wind,13307.000,Elexon BMRS FUELHH
2022-02-04T13:00:00Z,Biomass,2892.000,Elexon BMRS FUELHH
2022-02-04T13:00:00Z,Coal,752.000,Elexon BMRS FUELHH
2022-02-04T13:00:00Z,Gas,8506.000,Elexon BMRS FUELHH
2022-02-04T13:00:00Z,Hydro,692.000,Elexon BMRS FUELHH
2022-02-04T13:00:00Z,Imports & Exports,1064.000,Elexon BMRS FUELHH
2022-02-04T13:00:00Z,Nuclear,5298.000,Elexon BMRS FUELHH
2022-02-04T13:00:00Z,Other,144.000,Elexon BMRS FUELHH
2022-02-04T13:00:00Z,Pumped Storage,230.000,Elexon BMRS FUELHH
2022-02-04T13:00:00Z,Wind,13589.000,Elexon BMRS FUELHH
2022-02-04T13:30:00Z,Biomass,2908.000,Elexon BMRS FUELHH
2022-02-04T13:30:00Z,Coal,575.000,Elexon BMRS FUELHH
2022-02-04T13:30:00Z,Gas,8275.000,Elexon BMRS FUELHH
2022-02-04T13:30:00Z,Hydro,691.000,Elexon BMRS FUELHH
2022-02-04T13:30:00Z,Imports & Exports,1120.000,Elexon BMRS FUELHH
2022-02-04T13:30:00Z,Nuclear,5314.000,Elexon BMRS FUELHH
2022-02-04T13:30:00Z,Other,153.000,Elexon BMRS FUELHH
2022-02-04T13:30:00Z,Pumped Storage,62.000,Elexon BMRS FUELHH
2022-02-04T13:30:00Z,Wind,13835.000,Elexon BMRS FUELHH
2022-02-04T14:00:00Z,Biomass,2905.000,Elexon BMRS FUELHH
2022-02-04T14:00:00Z,Coal,613.000,Elexon BMRS FUELHH
2022-02-04T14:00:00Z,Gas,7918.000,Elexon BMRS FUELHH
2022-02-04T14:00:00Z,Hydro,690.000,Elexon BMRS FUELHH
2022-02-04T14:00:00Z,Imports & Exports,1062.000,Elexon BMRS FUELHH
2022-02-04T14:00:00Z,Nuclear,5339.000,Elexon BMRS FUELHH
2022-02-04T14:00:00Z,Other,166.000,Elexon BMRS FUELHH
2022-02-04T14:00:00Z,Pumped Storage,102.000,Elexon BMRS FUELHH
2022-02-04T14:00:00Z,Wind,14041.000,Elexon BMRS FUELHH
2022-02-04T14:30:00Z,Biomass,2885.000,Elexon BMRS FUELHH
2022-02-04T14:30:00Z,Coal,825.000,Elexon BMRS FUELHH
2022-02-04T14:30:00Z,Gas,8276.000,Elexon BMRS FUELHH
2022-02-04T14:30:00Z,Hydro,563.000,Elexon BMRS FUELHH
2022-02-04T14:30:00Z,Imports & Exports,1064.000,Elexon BMRS FUELHH
2022-02-04T14:30:00Z,Nuclear,5348.000,Elexon BMRS FUELHH
2022-02-04T14:30:00Z,Other,178.000,Elexon BMRS FUELHH
2022-02-04T14:30:00Z,Pumped Storage,-12.000,Elexon BMRS FUELHH
2022-02-04T14:30:00Z,Wind,13960.000,Elexon BMRS FUELHH
2022-02-04T15:00:00Z,Biomass,2839.000,Elexon BMRS FUELHH
2022-02-04T15:00:00Z,Coal,928.000,Elexon BMRS FUELHH
2022-02-04T15:00:00Z,Gas,8025.000,Elexon BMRS FUELHH
2022-02-04T15:00:00Z,Hydro,430.000,Elexon BMRS FUELHH
2022-02-04T15:00:00Z,Imports & Exports,1786.000,Elexon BMRS FUELHH
2022-02-04T15:00:00Z,Nuclear,5346.000,Elexon BMRS FUELHH
2022-02-04T15:00:00Z,Other,184.000,Elexon BMRS FUELHH
2022-02-04T15:00:00Z,Pumped Storage,-10.000,Elexon BMRS FUELHH
2022-02-04T15:00:00Z,Wind,14004.000,Elexon BMRS FUELHH
2022-02-04T15:30:00Z,Biomass,2737.000,Elexon BMRS FUELHH
2022-02-04T15:30:00Z,Coal,949.000,Elexon BMRS FUELHH
2022-02-04T15:30:00Z,Gas,9181.000,Elexon BMRS FUELHH
2022-02-04T15:30:00Z,Hydro,462.000,Elexon BMRS FUELHH
2022-02-04T15:30:00Z,Imports & Exports,1938.000,Elexon BMRS FUELHH
2022-02-04T15:30:00Z,Nuclear,5347.000,Elexon BMRS FUELHH
2022-02-04T15:30:00Z,Other,179.000,Elexon BMRS FUELHH
2022-02-04T15:30:00Z,Pumped Storage,30.000,Elexon BMRS FUELHH
2022-02-04T15:30:00Z,Wind,13958.000,Elexon BMRS FUELHH
2022-02-04T16:00:00Z,Biomass,2724.000,Elexon BMRS FUELHH
2022-02-04T16:00:00Z,Coal,1104.000,Elexon BMRS FUELHH
2022-02-04T16:00:00Z,Gas,9975.000,Elexon BMRS FUELHH
2022-02-04T16:00:00Z,Hydro,553.000,Elexon BMRS FUELHH
2022-02-04T16:00:00Z,Imports & Exports,2146.000,Elexon BMRS FUELHH
2022-02-04T16:00:00Z,Nuclear,5348.000,Elexon BMRS FUELHH
2022-02-04T16:00:00Z,Other,216.000,Elexon BMRS FUELHH
2022-02-04T16:00:00Z,Pumped Storage,32.000,Elexon BMRS FUELHH
2022-02-04T16:00:00Z,Wind,14119.000,Elexon BMRS FUELHH
2022-02-04T16:30:00Z,Biomass,2865.000,Elexon BMRS FUELHH
2022-02-04T16:30:00Z,Coal,1353.000,Elexon BMRS FUELHH
2022-02-04T16:30:00Z,Gas,10842.000,Elexon BMRS FUELHH
2022-02-04T16:30:00Z,Hydro,700.000,Elexon BMRS FUELHH
2022-02-04T16:30:00Z,Imports & Exports,2260.000,Elexon BMRS FUELHH
2022-02-04T16:30:00Z,Nuclear,5348.000,Elexon BMRS FUELHH
2022-02-04T16:30:00Z,Other,223.000,Elexon BMRS FUELHH
2022-02-04T16:30:00Z,Pumped Storage,204.000,Elexon BMRS FUELHH
2022-02-04T16:30:00Z,Wind,14050.000,Elexon BMRS FUELHH
2022-02-04T17:00:00Z,Biomass,2859.000,Elexon BMRS FUELHH
2022-02-04T17:00:00Z,Coal,1322.000,Elexon BMRS FUELHH
2022-02-04T17:00:00Z,Gas,11201.000,Elexon BMRS FUELHH
2022-02-04T17:00:00Z,Hydro,798.000,Elexon BMRS FUELHH
2022-02-04T17:00:00Z,Imports & Exports,2996.000,Elexon BMRS FUELHH
2022-02-04T17:00:00Z,Nuclear,5349.000,Elexon BMRS FUELHH
2022-02-04T17:00:00Z,Other,291.000,Elexon BMRS FUELHH
2022-02-04T17:00:00Z,Pumped Storage,1292.000,Elexon BMRS FUELHH
2022-02-04T17:00:00Z,Wind,13903.000,Elexon BMRS FUELHH
2022-02-04T17:30:00Z,Biomass,2873.000,Elexon BMRS FUELHH
2022-02-04T17:30:00Z,Coal,1286.000,Elexon BMRS FUELHH
2022-02-04T17:30:00Z,Gas,11925.000,Elexon BMRS FUELHH
2022-02-04T17:30:00Z,Hydro,800.000,Elexon BMRS FUELHH
2022-02-04T17:30:00Z,Imports & Exports,2920.000,Elexon BMRS FUELHH
2022-02-04T17:30:00Z,Nuclear,5348.000,Elexon BMRS FUELHH
2022-02-04T17:30:00Z,Other,445.000,Elexon BMRS FUELHH
2022-02-04T17:30:00Z,Pumped Storage,1508.000,Elexon BMRS FUELHH
2022-02-04T17:30:00Z,Wind,14072.000,Elexon BMRS FUELHH
2022-02-04T18:00:00Z,Biomass,2930.000,Elexon BMRS FUELHH
2022-02-04T18:00:00Z,Coal,1296.000,Elexon BMRS FUELHH
2022-02-04T18:00:00Z,Gas,11338.000,Elexon BMRS FUELHH
2022-02-04T18:00:00Z,Hydro,819.000,Elexon BMRS FUELHH
2022-02-04T18:00:00Z,Imports & Exports,2816.000,Elexon BMRS FUELHH
2022-02-04T18:00:00Z,Nuclear,5344.000,Elexon BMRS FUELHH
2022-02-04T18:00:00Z,Other,458.000,Elexon BMRS FUELHH
2022-02-04T18:00:00Z,Pumped Storage,1686.000,Elexon BMRS FUELHH
2022-02-04T18:00:00Z,Wind,13967.000,Elexon BMRS FUELHH
2022-02-04T18:30:00Z,Biomass,2929.000,Elexon BMRS FUELHH
2022-02-04T18:30:00Z,Coal,1273.000,Elexon BMRS FUELHH
2022-02-04T18:30:00Z,Gas,11236.000,Elexon BMRS FUELHH
2022-02-04T18:30:00Z,Hydro,820.000,Elexon BMRS FUELHH
2022-02-04T18:30:00Z,Imports & Exports,2770.000,Elexon BMRS FUELHH
2022-02-04T18:30:00Z,Nuclear,5353.000,Elexon BMRS FUELHH
2022-02-04T18:30:00Z,Other,298.000,Elexon BMRS FUELHH
2022-02-04T18:30:00Z,Pumped Storage,1514.000,Elexon BMRS FUELHH
2022-02-04T18:30:00Z,Wind,13583.000,Elexon BMRS FUELHH
2022-02-04T19:00:00Z,Biomass,2931.000,Elexon BMRS FUELHH
2022-02-04T19:00:00Z,Coal,1289.000,Elexon BMRS FUELHH
2022-02-04T19:00:00Z,Gas,10905.000,Elexon BMRS FUELHH
2022-02-04T19:00:00Z,Hydro,795.000,Elexon BMRS FUELHH
2022-02-04T19:00:00Z,Imports & Exports,2960.000,Elexon BMRS FUELHH
2022-02-04T19:00:00Z,Nuclear,5354.000,Elexon BMRS FUELHH
2022-02-04T19:00:00Z,Other,251.000,Elexon BMRS FUELHH
2022-02-04T19:00:00Z,Pumped Storage,404.000,Elexon BMRS FUELHH
2022-02-04T19:00:00Z,Wind,13548.000,Elexon BMRS FUELHH
2022-02-04T19:30:00Z,Biomass,2932.000,Elexon BMRS FUELHH
2022-02-04T19:30:00Z,Coal,1300.000,Elexon BMRS FUELHH
2022-02-04T19:30:00Z,Gas,10027.000,Elexon BMRS FUELHH
2022-02-04T19:30:00Z,Hydro,789.000,Elexon BMRS FUELHH
2022-02-04T19:30:00Z,Imports & Exports,2902.000,Elexon BMRS FUELHH
2022-02-04T19:30:00Z,Nuclear,5349.000,Elexon BMRS FUELHH
2022-02-04T19:30:00Z,Other,215.000,Elexon BMRS FUELHH
2022-02-04T19:30:00Z,Pumped Storage,50.000,Elexon BMRS FUELHH
2022-02-04T19:30:00Z,Wind,13813.000,Elexon BMRS FUELHH
2022-02-04T20:00:00Z,Biomass,2924.000,Elexon BMRS FUELHH
2022-02-04T20:00:00Z,Coal,1301.000,Elexon BMRS FUELHH
2022-02-04T20:00:00Z,Gas,9141.000,Elexon BMRS FUELHH
2022-02-04T20:00:00Z,Hydro,735.000,Elexon BMRS FUELHH
2022-02-04T20:00:00Z,Imports & Exports,2404.000,Elexon BMRS FUELHH
2022-02-04T20:00:00Z,Nuclear,5348.000,Elexon BMRS FUELHH
2022-02-04T20:00:00Z,Other,186.000,Elexon BMRS FUELHH
2022-02-04T20:00:00Z,Pumped Storage,36.000,Elexon BMRS FUELHH
2022-02-04T20:00:00Z,Wind,13950.000,Elexon BMRS FUELHH
2022-02-04T20:30:00Z,Biomass,2924.000,Elexon BMRS FUELHH
2022-02-04T20:30:00Z,Coal,1299.000,Elexon BMRS FUELHH
2022-02-04T20:30:00Z,Gas,8061.000,Elexon BMRS FUELHH
2022-02-04T20:30:00Z,Hydro,720.000,Elexon BMRS FUELHH
2022-02-04T20:30:00Z,Imports & Exports,2306.000,Elexon BMRS FUELHH
2022-02-04T20:30:00Z,Nuclear,5346.000,Elexon BMRS FUELHH
2022-02-04T20:30:00Z,Other,232.000,Elexon BMRS FUELHH
2022-02-04T20:30:00Z,Pumped Storage,78.000,Elexon BMRS FUELHH
2022-02-04T20:30:00Z,Wind,13753.000,Elexon BMRS FUELHH
2022-02-04T21:00:00Z,Biomass,2925.000,Elexon BMRS FUELHH
2022-02-04T21:00:00Z,Coal,1296.000,Elexon BMRS FUELHH
2022-02-04T21:00:00Z,Gas,6797.000,Elexon BMRS FUELHH
2022-02-04T21:00:00Z,Hydro,651.000,Elexon BMRS FUELHH
2022-02-04T21:00:00Z,Imports & Exports,2148.000,Elexon BMRS FUELHH
2022-02-04T21:00:00Z,Nuclear,5354.000,Elexon BMRS FUELHH
2022-02-04T21:00:00Z,Other,165.000,Elexon BMRS FUELHH
2022-02-04T21:00:00Z,Pumped Storage,30.000,Elexon BMRS FUELHH
2022-02-04T21:00:00Z,Wind,13603.000,Elexon BMRS FUELHH
2022-02-04T21:30:00Z,Biomass,2872.000,Elexon BMRS FUELHH
2022-02-04T21:30:00Z,Coal,989.000,Elexon BMRS FUELHH
2022-02-04T21:30:00Z,Gas,5883.000,Elexon BMRS FUELHH
2022-02-04T21:30:00Z,Hydro,464.000,Elexon BMRS FUELHH
2022-02-04T21:30:00Z,Imports & Exports,2184.000,Elexon BMRS FUELHH
2022-02-04T21:30:00Z,Nuclear,5353.000,Elexon BMRS FUELHH
2022-02-04T21:30:00Z,Other,163.000,Elexon BMRS FUELHH
2022-02-04T21:30:00Z,Pumped Storage,94.000,Elexon BMRS FUELHH
2022-02-04T21:30:00Z,Wind,13527.000,Elexon BMRS FUELHH
2022-02-04T22:00:00Z,Biomass,2597.000,Elexon BMRS FUELHH
2022-02-04T22:00:00Z,Coal,496.000,Elexon BMRS FUELHH
2022-02-04T22:00:00Z,Gas,5458.000,Elexon BMRS FUELHH
2022-02-04T22:00:00Z,Hydro,480.000,Elexon BMRS FUELHH
2022-02-04T22:00:00Z,Imports & Exports,1830.000,Elexon BMRS FUELHH
2022-02-04T22:00:00Z,Nuclear,5354.000,Elexon BMRS FUELHH
2022-02-04T22:00:00Z,Other,152.000,Elexon BMRS FUELHH
2022-02-04T22:00:00Z,Pumped Storage,18.000,Elexon BMRS FUELHH
2022-02-04T22:00:00Z,Wind,13588.000,Elexon BMRS FUELHH
2022-02-04T22:30:00Z,Biomass,2267.000,Elexon BMRS FUELHH
2022-02-04T22:30:00Z,Coal,495.000,Elexon BMRS FUELHH
2022-02-04T22:30:00Z,Gas,4340.000,Elexon BMRS FUELHH
2022-02-04T22:30:00Z,Hydro,468.000,Elexon BMRS FUELHH
2022-02-04T22:30:00Z,Imports & Exports,1840.000,Elexon BMRS FUELHH
2022-02-04T22:30:00Z,Nuclear,5358.000,Elexon BMRS FUELHH
2022-02-04T22:30:00Z,Other,145.000,Elexon BMRS FUELHH
2022-02-04T22:30:00Z,Pumped Storage,-106.000,Elexon BMRS FUELHH
2022-02-04T22:30:00Z,Wind,13657.000,Elexon BMRS FUELHH
2022-02-04T23:00:00Z,Biomass,2104.000,Elexon BMRS FUELHH
2022-02-04T23:00:00Z,Coal,338.000,Elexon BMRS FUELHH
2022-02-04T23:00:00Z,Gas,3000.000,Elexon BMRS FUELHH
2022-02-04T23:00:00Z,Hydro,410.000,Elexon BMRS FUELHH
2022-02-04T23:00:00Z,Imports & Exports,2158.000,Elexon BMRS FUELHH
2022-02-04T23:00:00Z,Nuclear,5361.000,Elexon BMRS FUELHH
2022-02-04T23:00:00Z,Other,143.000,Elexon BMRS FUELHH
2022-02-04T23:00:00Z,Pumped Storage,-172.000,Elexon BMRS FUELHH
2022-02-04T23:00:00Z,Wind,13662.000,Elexon BMRS FUELHH
2022-02-04T23:30:00Z,Biomass,1690.000,Elexon BMRS FUELHH
2022-02-04T23:30:00Z,Coal,232.000,Elexon BMRS FUELHH
2022-02-04T23:30:00Z,Gas,2430.000,Elexon BMRS FUELHH
2022-02-04T23:30:00Z,Hydro,388.000,Elexon BMRS FUELHH
2022-02-04T23:30:00Z,Imports & Exports,2218.000,Elexon BMRS FUELHH
2022-02-04T23:30:00Z,Nuclear,5364.000,Elexon BMRS FUELHH
2022-02-04T23:30:00Z,Other,149.000,Elexon BMRS FUELHH
2022-02-04T23:30:00Z,Pumped Storage,-176.000,Elexon BMRS FUELHH
2022-02-04T23:30:00Z,Wind,13469.000,Elexon BMRS FUELHH
2022-02-05T00:00:00Z,Biomass,1438.000,Elexon BMRS FUELHH
2022-02-05T00:00:00Z,Coal,232.000,Elexon BMRS FUELHH
2022-02-05T00:00:00Z,Gas,2399.000,Elexon BMRS FUELHH
2022-02-05T00:00:00Z,Hydro,365.000,Elexon BMRS FUELHH
2022-02-05T00:00:00Z,Imports & Exports,2652.000,Elexon BMRS FUELHH
2022-02-05T00:00:00Z,Nuclear,5363.000,Elexon BMRS FUELHH
2022-02-05T00:00:00Z,Other,151.000,Elexon BMRS FUELHH
2022-02-05T00:00:00Z,Pumped Storage,-22.000,Elexon BMRS FUELHH
2022-02-05T00:00:00Z,Wind,12908.000,Elexon BMRS FUELHH
2022-02-05T00:30:00Z,Biomass,1502.000,Elexon BMRS FUELHH
2022-02-05T00:30:00Z,Coal,233.000,Elexon BMRS FUELHH
2022-02-05T00:30:00Z,Gas,2425.000,Elexon BMRS FUELHH
2022-02-05T00:30:00Z,Hydro,354.000,Elexon BMRS FUELHH
2022-02-05T00:30:00Z,Imports & Exports,2820.000,Elexon BMRS FUELHH
2022-02-05T00:30:00Z,Nuclear,5365.000,Elexon BMRS FUELHH
2022-02-05T00:30:00Z,Other,147.000,Elexon BMRS FUELHH
2022-02-05T00:30:00Z,Pumped Storage,-22.000,Elexon BMRS FUELHH
2022-02-05T00:30:00Z,Wind,13098.000,Elexon BMRS FUELHH
2022-02-05T01:00:00Z,Biomass,1561.000,Elexon BMRS FUELHH
2022-02-05T01:00:00Z,Coal,235.000,Elexon BMRS FUELHH
2022-02-05T01:00:00Z,Gas,2304.000,Elexon BMRS FUELHH
2022-02-05T01:00:00Z,Hydro,340.000,Elexon BMRS FUELHH
2022-02-05T01:00:00Z,Imports & Exports,2478.000,Elexon BMRS FUELHH
2022-02-05T01:00:00Z,Nuclear,5361.000,Elexon BMRS FUELHH
2022-02-05T01:00:00Z,Other,155.000,Elexon BMRS FUELHH
2022-02-05T01:00:00Z,Pumped Storage,-26.000,Elexon BMRS FUELHH
2022-02-05T01:00:00Z,Wind,12811.000,Elexon BMRS FUELHH
2022-02-05T01:30:00Z,Biomass,1440.000,Elexon BMRS FUELHH
2022-02-05T01:30:00Z,Coal,239.000,Elexon BMRS FUELHH
2022-02-05T01:30:00Z,Gas,2237.000,Elexon BMRS FUELHH
2022-02-05T01:30:00Z,Hydro,340.000,Elexon BMRS FUELHH
2022-02-05T01:30:00Z,Imports & Exports,2666.000,Elexon BMRS FUELHH
2022-02-05T01:30:00Z,Nuclear,5361.000,Elexon BMRS FUELHH
2022-02-05T01:30:00Z,Other,154.000,Elexon BMRS FUELHH
2022-02-05T01:30:00Z,Pumped Storage,-390.000,Elexon BMRS FUELHH
2022-02-05T01:30:00Z,Wind,12877.000,Elexon BMRS FUELHH
2022-02-05T02:00:00Z,Biomass,1482.000,Elexon BMRS FUELHH
2022-02-05T02:00:00Z,Coal,322.000,Elexon BMRS FUELHH
2022-02-05T02:00:00Z,Gas,2595.000,Elexon BMRS FUELHH
2022-02-05T02:00:00Z,Hydro,324.000,Elexon BMRS FUELHH
2022-02-05T02:00:00Z,Imports & Exports,2180.000,Elexon BMRS FUELHH
2022-02-05T02:00:00Z,Nuclear,5360.000,Elexon BMRS FUELHH
2022-02-05T02:00:00Z,Other,147.000,Elexon BMRS FUELHH
2022-02-05T02:00:00Z,Pumped Storage,-874.000,Elexon BMRS FUELHH
2022-02-05T02:00:00Z,Wind,12869.000,Elexon BMRS FUELHH
2022-02-05T02:30:00Z,Biomass,1103.000,Elexon BMRS FUELHH
2022-02-05T02:30:00Z,Coal,486.000,Elexon BMRS FUELHH
2022-02-05T02:30:00Z,Gas,2440.000,Elexon BMRS FUELHH
2022-02-05T02:30:00Z,Hydro,324.000,Elexon BMRS FUELHH
2022-02-05T02:30:00Z,Imports & Exports,2258.000,Elexon BMRS FUELHH
2022-02-05T02:30:00Z,Nuclear,5364.000,Elexon BMRS FUELHH
2022-02-05T02:30:00Z,Other,151.000,Elexon BMRS FUELHH
2022-02-05T02:30:00Z,Pumped Storage,-904.000,Elexon BMRS FUELHH
2022-02-05T02:30:00Z,Wind,12941.000,Elexon BMRS FUELHH
2022-02-05T03:00:00Z,Biomass,965.000,Elexon BMRS FUELHH
2022-02-05T03:00:00Z,Coal,498.000,Elexon BMRS FUELHH
2022-02-05T03:00:00Z,Gas,2937.000,Elexon BMRS FUELHH
2022-02-05T03:00:00Z,Hydro,324.000,Elexon BMRS FUELHH
2022-02-05T03:00:00Z,Imports & Exports,1762.000,Elexon BMRS FUELHH
2022-02-05T03:00:00Z,Nuclear,5388.000,Elexon BMRS FUELHH
2022-02-05T03:00:00Z,Other,162.000,Elexon BMRS FUELHH
2022-02-05T03:00:00Z,Pumped Storage,-1178.000,Elexon BMRS FUELHH
2022-02-05T03:00:00Z,Wind,12772.000,Elexon BMRS FUELHH
2022-02-05T03:30:00Z,Biomass,955.000,Elexon BMRS FUELHH
2022-02-05T03:30:00Z,Coal,491.000,Elexon BMRS FUELHH
2022-02-05T03:30:00Z,Gas,2579.000,Elexon BMRS FUELHH
2022-02-05T03:30:00Z,Hydro,324.000,Elexon BMRS FUELHH
2022-02-05T03:30:00Z,Imports & Exports,1746.000,Elexon BMRS FUELHH
2022-02-05T03:30:00Z,Nuclear,5390.000,Elexon BMRS FUELHH
2022-02-05T03:30:00Z,Other,151.000,Elexon BMRS FUELHH
2022-02-05T03:30:00Z,Pumped Storage,-1360.000,Elexon BMRS FUELHH
2022-02-05T03:30:00Z,Wind,12820.000,Elexon BMRS FUELHH
2022-02-05T04:00:00Z,Biomass,921.000,Elexon BMRS FUELHH
2022-02-05T04:00:00Z,Coal,402.000,Elexon BMRS FUELHH
2022-02-05T04:00:00Z,Gas,2380.000,Elexon BMRS FUELHH
2022-02-05T04:00:00Z,Hydro,324.000,Elexon BMRS FUELHH
2022-02-05T04:00:00Z,Imports & Exports,1912.000,Elexon BMRS FUELHH
2022-02-05T04:00:00Z,Nuclear,5387.000,Elexon BMRS FUELHH
2022-02-05T04:00:00Z,Other,151.000,Elexon BMRS FUELHH
2022-02-05T04:00:00Z,Pumped Storage,-1308.000,Elexon BMRS FUELHH
2022-02-05T04:00:00Z,Wind,12497.000,Elexon BMRS FUELHH
2022-02-05T04:30:00Z,Biomass,789.000,Elexon BMRS FUELHH
2022-02-05T04:30:00Z,Coal,289.000,Elexon BMRS FUELHH
2022-02-05T04:30:00Z,Gas,2557.000,Elexon BMRS FUELHH
2022-02-05T04:30:00Z,Hydro,323.000,Elexon BMRS FUELHH
2022-02-05T04:30:00Z,Imports & Exports,1912.000,Elexon BMRS FUELHH
2022-02-05T04:30:00Z,Nuclear,5409.000,Elexon BMRS FUELHH
2022-02-05T04:30:00Z,Other,151.000,Elexon BMRS FUELHH
2022-02-05T04:30:00Z,Pumped Storage,-1540.000,Elexon BMRS FUELHH
2022-02-05T04:30:00Z,Wind,12437.000,Elexon BMRS FUELHH
2022-02-05T05:00:00Z,Biomass,999.000,Elexon BMRS FUELHH
2022-02-05T05:00:00Z,Coal,234.000,Elexon BMRS FUELHH
2022-02-05T05:00:00Z,Gas,2600.000,Elexon BMRS FUELHH
2022-02-05T05:00:00Z,Hydro,322.000,Elexon BMRS FUELHH
2022-02-05T05:00:00Z,Imports & Exports,1404.000,Elexon BMRS FUELHH
2022-02-05T05:00:00Z,Nuclear,5425.000,Elexon BMRS FUELHH
2022-02-05T05:00:00Z,Other,148.000,Elexon BMRS FUELHH
2022-02-05T05:00:00Z,Pumped Storage,-1044.000,Elexon BMRS FUELHH
2022-02-05T05:00:00Z,Wind,12361.000,Elexon BMRS FUELHH
2022-02-05T05:30:00Z,Biomass,1270.000,Elexon BMRS FUELHH
2022-02-05T05:30:00Z,Coal,284.000,Elexon BMRS FUELHH
2022-02-05T05:30:00Z,Gas,2458.000,Elexon BMRS FUELHH
2022-02-05T05:30:00Z,Hydro,323.000,Elexon BMRS FUELHH
2022-02-05T05:30:00Z,Imports & Exports,1382.000,Elexon BMRS FUELHH
2022-02-05T05:30:00Z,Nuclear,5428.000,Elexon BMRS FUELHH
2022-02-05T05:30:00Z,Other,142.000,Elexon BMRS FUELHH
2022-02-05T05:30:00Z,Pumped Storage,-942.000,Elexon BMRS FUELHH
2022-02-05T05:30:00Z,Wind,12398.000,Elexon BMRS FUELHH
2022-02-05T06:00:00Z,Biomass,1385.000,Elexon BMRS FUELHH
2022-02-05T06:00:00Z,Coal,462.000,Elexon BMRS FUELHH
2022-02-05T06:00:00Z,Gas,2948.000,Elexon BMRS FUELHH
2022-02-05T06:00:00Z,Hydro,406.000,Elexon BMRS FUELHH
2022-02-05T06:00:00Z,Imports & Exports,1130.000,Elexon BMRS FUELHH
2022-02-05T06:00:00Z,Nuclear,5426.000,Elexon BMRS FUELHH
2022-02-05T06:00:00Z,Other,151.000,Elexon BMRS FUELHH
2022-02-05T06:00:00Z,Pumped Storage,-192.000,Elexon BMRS FUELHH
2022-02-05T06:00:00Z,Wind,12438.000,Elexon BMRS FUELHH
2022-02-05T06:30:00Z,Biomass,1551.000,Elexon BMRS FUELHH
2022-02-05T06:30:00Z,Coal,497.000,Elexon BMRS FUELHH
2022-02-05T06:30:00Z,Gas,3702.000,Elexon BMRS FUELHH
2022-02-05T06:30:00Z,Hydro,421.000,Elexon BMRS FUELHH
2022-02-05T06:30:00Z,Imports & Exports,1114.000,Elexon BMRS FUELHH
2022-02-05T06:30:00Z,Nuclear,5432.000,Elexon BMRS FUELHH
2022-02-05T06:30:00Z,Other,159.000,Elexon BMRS FUELHH
2022-02-05T06:30:00Z,Pumped Storage,-158.000,Elexon BMRS FUELHH
2022-02-05T06:30:00Z,Wind,12536.000,Elexon BMRS FUELHH
2022-02-05T07:00:00Z,Biomass,1556.000,Elexon BMRS FUELHH
2022-02-05T07:00:00Z,Coal,498.000,Elexon BMRS FUELHH
2022-02-05T07:00:00Z,Gas,5187.000,Elexon BMRS FUELHH
2022-02-05T07:00:00Z,Hydro,458.000,Elexon BMRS FUELHH
2022-02-05T07:00:00Z,Imports & Exports,686.000,Elexon BMRS FUELHH
2022-02-05T07:00:00Z,Nuclear,5470.000,Elexon BMRS FUELHH
2022-02-05T07:00:00Z,Other,306.000,Elexon BMRS FUELHH
2022-02-05T07:00:00Z,Pumped Storage,52.000,Elexon BMRS FUELHH
2022-02-05T07:00:00Z,Wind,12243.000,Elexon BMRS FUELHH
2022-02-05T07:30:00Z,Biomass,1557.000,Elexon BMRS FUELHH
2022-02-05T07:30:00Z,Coal,498.000,Elexon BMRS FUELHH
2022-02-05T07:30:00Z,Gas,5655.000,Elexon BMRS FUELHH
2022-02-05T07:30:00Z,Hydro,437.000,Elexon BMRS FUELHH
2022-02-05T07:30:00Z,Imports & Exports,786.000,Elexon BMRS FUELHH
2022-02-05T07:30:00Z,Nuclear,5484.000,Elexon BMRS FUELHH
2022-02-05T07:30:00Z,Other,393.000,Elexon BMRS FUELHH
2022-02-05T07:30:00Z,Pumped Storage,76.000,Elexon BMRS FUELHH
2022-02-05T07:30:00Z,Wind,12572.000,Elexon BMRS FUELHH
2022-02-05T08:00:00Z,Biomass,1538.000,Elexon BMRS FUELHH
2022-02-05T08:00:00Z,Coal,501.000,Elexon BMRS FUELHH
2022-02-05T08:00:00Z,Gas,5438.000,Elexon BMRS FUELHH
2022-02-05T08:00:00Z,Hydro,494.000,Elexon BMRS FUELHH
2022-02-05T08:00:00Z,Imports & Exports,2752.000,Elexon BMRS FUELHH
2022-02-05T08:00:00Z,Nuclear,5485.000,Elexon BMRS FUELHH
2022-02-05T08:00:00Z,Other,265.000,Elexon BMRS FUELHH
2022-02-05T08:00:00Z,Pumped Storage,198.000,Elexon BMRS FUELHH
2022-02-05T08:00:00Z,Wind,12793.000,Elexon BMRS FUELHH
2022-02-05T08:30:00Z,Biomass,1561.000,Elexon BMRS FUELHH
2022-02-05T08:30:00Z,Coal,499.000,Elexon BMRS FUELHH
2022-02-05T08:30:00Z,Gas,6050.000,Elexon BMRS FUELHH
2022-02-05T08:30:00Z,Hydro,522.000,Elexon BMRS FUELHH
2022-02-05T08:30:00Z,Imports & Exports,2902.000,Elexon BMRS FUELHH
2022-02-05T08:30:00Z,Nuclear,5487.000,Elexon BMRS FUELHH
2022-02-05T08:30:00Z,Other,235.000,Elexon BMRS FUELHH
2022-02-05T08:30:00Z,Pumped Storage,274.000,Elexon BMRS FUELHH
2022-02-05T08:30:00Z,Wind,12783.000,Elexon BMRS FUELHH
2022-02-05T09:00:00Z,Biomass,1560.000,Elexon BMRS FUELHH
2022-02-05T09:00:00Z,Coal,500.000,Elexon BMRS FUELHH
2022-02-05T09:00:00Z,Gas,5991.000,Elexon BMRS FUELHH
2022-02-05T09:00:00Z,Hydro,524.000,Elexon BMRS FUELHH
2022-02-05T09:00:00Z,Imports & Exports,4038.000,Elexon BMRS FUELHH
2022-02-05T09:00:00Z,Nuclear,5490.000,Elexon BMRS FUELHH
2022-02-05T09:00:00Z,Other,229.000,Elexon BMRS FUELHH
2022-02-05T09:00:00Z,Pumped Storage,72.000,Elexon BMRS FUELHH
2022-02-05T09:00:00Z,Wind,12952.000,Elexon BMRS FUELHH
2022-02-05T09:30:00Z,Biomass,1552.000,Elexon BMRS FUELHH
2022-02-05T09:30:00Z,Coal,500.000,Elexon BMRS FUELHH
2022-02-05T09:30:00Z,Gas,5860.000,Elexon BMRS FUELHH
2022-02-05T09:30:00Z,Hydro,524.000,Elexon BMRS FUELHH
2022-02-05T09:30:00Z,Imports & Exports,4040.000,Elexon BMRS FUELHH
2022-02-05T09:30:00Z,Nuclear,5492.000,Elexon BMRS FUELHH
2022-02-05T09:30:00Z,Other,219.000,Elexon BMRS FUELHH
2022-02-05T09:30:00Z,Pumped Storage,-10.000,Elexon BMRS FUELHH
2022-02-05T09:30:00Z,Wind,13202.000,Elexon BMRS FUELHH
2022-02-05T10:00:00Z,Biomass,1554.000,Elexon BMRS FUELHH
2022-02-05T10:00:00Z,Coal,500.000,Elexon BMRS FUELHH
2022-02-05T10:00:00Z,Gas,5769.000,Elexon BMRS FUELHH
2022-02-05T10:00:00Z,Hydro,509.000,Elexon BMRS FUELHH
2022-02-05T10:00:00Z,Imports & Exports,3858.000,Elexon BMRS FUELHH
2022-02-05T10:00:00Z,Nuclear,5491.000,Elexon BMRS FUELHH
2022-02-05T10:00:00Z,Other,223.000,Elexon BMRS FUELHH
2022-02-05T10:00:00Z,Pumped Storage,-10.000,Elexon BMRS FUELHH
2022-02-05T10:00:00Z,Wind,13207.000,Elexon BMRS FUELHH
2022-02-05T10:30:00Z,Biomass,1546.000,Elexon BMRS FUELHH
2022-02-05T10:30:00Z,Coal,500.000,Elexon BMRS FUELHH
2022-02-05T10:30:00Z,Gas,5523.000,Elexon BMRS FUELHH
2022-02-05T10:30:00Z,Hydro,507.000,Elexon BMRS FUELHH
2022-02-05T10:30:00Z,Imports & Exports,3850.000,Elexon BMRS FUELHH
2022-02-05T10:30:00Z,Nuclear,5491.000,Elexon BMRS FUELHH
2022-02-05T10:30:00Z,Other,215.000,Elexon BMRS FUELHH
2022-02-05T10:30:00Z,Pumped Storage,32.000,Elexon BMRS FUELHH
2022-02-05T10:30:00Z,Wind,13209.000,Elexon BMRS FUELHH
2022-02-05T11:00:00Z,Biomass,1501.000,Elexon BMRS FUELHH
2022-02-05T11:00:00Z,Coal,499.000,Elexon BMRS FUELHH
2022-02-05T11:00:00Z,Gas,4591.000,Elexon BMRS FUELHH
2022-02-05T11:00:00Z,Hydro,463.000,Elexon BMRS FUELHH
2022-02-05T11:00:00Z,Imports & Exports,4138.000,Elexon BMRS FUELHH
2022-02-05T11:00:00Z,Nuclear,5485.000,Elexon BMRS FUELHH
2022-02-05T11:00:00Z,Other,214.000,Elexon BMRS FUELHH
2022-02-05T11:00:00Z,Pumped Storage,-6.000,Elexon BMRS FUELHH
2022-02-05T11:00:00Z,Wind,13680.000,Elexon BMRS FUELHH
2022-02-05T11:30:00Z,Biomass,1520.000,Elexon BMRS FUELHH
2022-02-05T11:30:00Z,Coal,495.000,Elexon BMRS FUELHH
2022-02-05T11:30:00Z,Gas,4539.000,Elexon BMRS FUELHH
2022-02-05T11:30:00Z,Hydro,448.000,Elexon BMRS FUELHH
2022-02-05T11:30:00Z,Imports & Exports,4070.000,Elexon BMRS FUELHH
2022-02-05T11:30:00Z,Nuclear,5489.000,Elexon BMRS FUELHH
2022-02-05T11:30:00Z,Other,217.000,Elexon BMRS FUELHH
2022-02-05T11:30:00Z,Pumped Storage,22.000,Elexon BMRS FUELHH
2022-02-05T11:30:00Z,Wind,13711.000,Elexon BMRS FUELHH
2022-02-05T12:00:00Z,Biomass,1614.000,Elexon BMRS FUELHH
2022-02-05T12:00:00Z,Coal,499.000,Elexon BMRS FUELHH
2022-02-05T12:00:00Z,Gas,5209.000,Elexon BMRS FUELHH
2022-02-05T12:00:00Z,Hydro,422.000,Elexon BMRS FUELHH
2022-02-05T12:00:00Z,Imports & Exports,3452.000,Elexon BMRS FUELHH
2022-02-05T12:00:00Z,Nuclear,5498.000,Elexon BMRS FUELHH
2022-02-05T12:00:00Z,Other,215.000,Elexon BMRS FUELHH
2022-02-05T12:00:00Z,Pumped Storage,162.000,Elexon BMRS FUELHH
2022-02-05T12:00:00Z,Wind,13603.000,Elexon BMRS FUELHH
2022-02-05T12:30:00Z,Biomass,1628.000,Elexon BMRS FUELHH
2022-02-05T12:30:00Z,Coal,472.000,Elexon BMRS FUELHH
2022-02-05T12:30:00Z,Gas,5063.000,Elexon BMRS FUELHH
2022-02-05T12:30:00Z,Hydro,391.000,Elexon BMRS FUELHH
2022-02-05T12:30:00Z,Imports & Exports,3416.000,Elexon BMRS FUELHH
2022-02-05T12:30:00Z,Nuclear,5539.000,Elexon BMRS FUELHH
2022-02-05T12:30:00Z,Other,213.000,Elexon BMRS FUELHH
2022-02-05T12:30:00Z,Pumped Storage,206.000,Elexon BMRS FUELHH
2022-02-05T12:30:00Z,Wind,13751.000,Elexon BMRS FUELHH
2022-02-05T13:00:00Z,Biomass,1572.000,Elexon BMRS FUELHH
2022-02-05T13:00:00Z,Coal,466.000,Elexon BMRS FUELHH
2022-02-05T13:00:00Z,Gas,5063.000,Elexon BMRS FUELHH
2022-02-05T13:00:00Z,Hydro,391.000,Elexon BMRS FUELHH
2022-02-05T13:00:00Z,Imports & Exports,3418.000,Elexon BMRS FUELHH
2022-02-05T13:00:00Z,Nuclear,5541.000,Elexon BMRS FUELHH
2022-02-05T13:00:00Z,Other,217.000,Elexon BMRS FUELHH
2022-02-05T13:00:00Z,Pumped Storage,218.000,Elexon BMRS FUELHH
2022-02-05T13:00:00Z,Wind,13770.000,Elexon BMRS FUELHH
2022-02-05T13:30:00Z,Biomass,1579.000,Elexon BMRS FUELHH
2022-02-05T13:30:00Z,Coal,464.000,Elexon BMRS FUELHH
2022-02-05T13:30:00Z,Gas,5232.000,Elexon BMRS FUELHH
2022-02-05T13:30:00Z,Hydro,399.000,Elexon BMRS FUELHH
2022-02-05T13:30:00Z,Imports & Exports,3420.000,Elexon BMRS FUELHH
2022-02-05T13:30:00Z,Nuclear,5545.000,Elexon BMRS FUELHH
2022-02-05T13:30:00Z,Other,216.000,Elexon BMRS FUELHH
2022-02-05T13:30:00Z,Pumped Storage,166.000,Elexon BMRS FUELHH
2022-02-05T13:30:00Z,Wind,13743.000,Elexon BMRS FUELHH
2022-02-05T14:00:00Z,Biomass,1580.000,Elexon BMRS FUELHH
2022-02-05T14:00:00Z,Coal,463.000,Elexon BMRS FUELHH
2022-02-05T14:00:00Z,Gas,5234.000,Elexon BMRS FUELHH
2022-02-05T14:00:00Z,Hydro,425.000,Elexon BMRS FUELHH
2022-02-05T14:00:00Z,Imports & Exports,3562.000,Elexon BMRS FUELHH
2022-02-05T14:00:00Z,Nuclear,5562.000,Elexon BMRS FUELHH
2022-02-05T14:00:00Z,Other,216.000,Elexon BMRS FUELHH
2022-02-05T14:00:00Z,Pumped Storage,302.000,Elexon BMRS FUELHH
2022-02-05T14:00:00Z,Wind,13487.000,Elexon BMRS FUELHH
2022-02-05T14:30:00Z,Biomass,1583.000,Elexon BMRS FUELHH
2022-02-05T14:30:00Z,Coal,463.000,Elexon BMRS FUELHH
2022-02-05T14:30:00Z,Gas,5212.000,Elexon BMRS FUELHH
2022-02-05T14:30:00Z,Hydro,447.000,Elexon BMRS FUELHH
2022-02-05T14:30:00Z,Imports & Exports,3598.000,Elexon BMRS FUELHH
2022-02-05T14:30:00Z,Nuclear,5608.000,Elexon BMRS FUELHH
2022-02-05T14:30:00Z,Other,217.000,Elexon BMRS FUELHH
2022-02-05T14:30:00Z,Pumped Storage,116.000,Elexon BMRS FUELHH
2022-02-05T14:30:00Z,Wind,13692.000,Elexon BMRS FUELHH
2022-02-05T15:00:00Z,Biomass,1479.000,Elexon BMRS FUELHH
2022-02-05T15:00:00Z,Coal,481.000,Elexon BMRS FUELHH
2022-02-05T15:00:00Z,Gas,4908.000,Elexon BMRS FUELHH
2022-02-05T15:00:00Z,Hydro,452.000,Elexon BMRS FUELHH
2022-02-05T15:00:00Z,Imports & Exports,4424.000,Elexon BMRS FUELHH
2022-02-05T15:00:00Z,Nuclear,5611.000,Elexon BMRS FUELHH
2022-02-05T15:00:00Z,Other,220.000,Elexon BMRS FUELHH
2022-02-05T15:00:00Z,Pumped Storage,14.000,Elexon BMRS FUELHH
2022-02-05T15:00:00Z,Wind,14045.000,Elexon BMRS FUELHH
2022-02-05T15:30:00Z,Biomass,1513.000,Elexon BMRS FUELHH
2022-02-05T15:30:00Z,Coal,673.000,Elexon BMRS FUELHH
2022-02-05T15:30:00Z,Gas,5219.000,Elexon BMRS FUELHH
2022-02-05T15:30:00Z,Hydro,467.000,Elexon BMRS FUELHH
2022-02-05T15:30:00Z,Imports & Exports,4416.000,Elexon BMRS FUELHH
2022-02-05T15:30:00Z,Nuclear,5611.000,Elexon BMRS FUELHH
2022-02-05T15:30:00Z,Other,218.000,Elexon BMRS FUELHH
2022-02-05T15:30:00Z,Pumped Storage,-12.000,Elexon BMRS FUELHH
2022-02-05T15:30:00Z,Wind,13935.000,Elexon BMRS FUELHH
2022-02-05T16:00:00Z,Biomass,1591.000,Elexon BMRS FUELHH
2022-02-05T16:00:00Z,Coal,883.000,Elexon BMRS FUELHH
2022-02-05T16:00:00Z,Gas,5628.000,Elexon BMRS FUELHH
2022-02-05T16:00:00Z,Hydro,507.000,Elexon BMRS FUELHH
2022-02-05T16:00:00Z,Imports & Exports,4542.000,Elexon BMRS FUELHH
2022-02-05T16:00:00Z,Nuclear,5609.000,Elexon BMRS FUELHH
2022-02-05T16:00:00Z,Other,216.000,Elexon BMRS FUELHH
2022-02-05T16:00:00Z,Pumped Storage,4.000,Elexon BMRS FUELHH
2022-02-05T16:00:00Z,Wind,14043.000,Elexon BMRS FUELHH
2022-02-05T16:30:00Z,Biomass,1703.000,Elexon BMRS FUELHH
2022-02-05T16:30:00Z,Coal,957.000,Elexon BMRS FUELHH
2022-02-05T16:30:00Z,Gas,6256.000,Elexon BMRS FUELHH
2022-02-05T16:30:00Z,Hydro,508.000,Elexon BMRS FUELHH
2022-02-05T16:30:00Z,Imports & Exports,4626.000,Elexon BMRS FUELHH
2022-02-05T16:30:00Z,Nuclear,5606.000,Elexon BMRS FUELHH
2022-02-05T16:30:00Z,Other,243.000,Elexon BMRS FUELHH
2022-02-05T16:30:00Z,Pumped Storage,788.000,Elexon BMRS FUELHH
2022-02-05T16:30:00Z,Wind,13730.000,Elexon BMRS FUELHH
2022-02-05T17:00:00Z,Biomass,1718.000,Elexon BMRS FUELHH
2022-02-05T17:00:00Z,Coal,980.000,Elexon BMRS FUELHH
2022-02-05T17:00:00Z,Gas,6644.000,Elexon BMRS FUELHH
2022-02-05T17:00:00Z,Hydro,575.000,Elexon BMRS FUELHH
2022-02-05T17:00:00Z,Imports & Exports,5232.000,Elexon BMRS FUELHH
2022-02-05T17:00:00Z,Nuclear,5609.000,Elexon BMRS FUELHH
2022-02-05T17:00:00Z,Other,256.000,Elexon BMRS FUELHH
2022-02-05T17:00:00Z,Pumped Storage,1776.000,Elexon BMRS FUELHH
2022-02-05T17:00:00Z,Wind,13598.000,Elexon BMRS FUELHH
2022-02-05T17:30:00Z,Biomass,1719.000,Elexon BMRS FUELHH
2022-02-05T17:30:00Z,Coal,979.000,Elexon BMRS FUELHH
2022-02-05T17:30:00Z,Gas,6765.000,Elexon BMRS FUELHH
2022-02-05T17:30:00Z,Hydro,595.000,Elexon BMRS FUELHH
2022-02-05T17:30:00Z,Imports & Exports,5266.000,Elexon BMRS FUELHH
2022-02-05T17:30:00Z,Nuclear,5604.000,Elexon BMRS FUELHH
2022-02-05T17:30:00Z,Other,253.000,Elexon BMRS FUELHH
2022-02-05T17:30:00Z,Pumped Storage,2300.000,Elexon BMRS FUELHH
2022-02-05T17:30:00Z,Wind,13559.000,Elexon BMRS FUELHH
2022-02-05T18:00:00Z,Biomass,1715.000,Elexon BMRS FUELHH
2022-02-05T18:00:00Z,Coal,980.000,Elexon BMRS FUELHH
2022-02-05T18:00:00Z,Gas,6408.000,Elexon BMRS FUELHH
2022-02-05T18:00:00Z,Hydro,599.000,Elexon BMRS FUELHH
2022-02-05T18:00:00Z,Imports & Exports,5296.000,Elexon BMRS FUELHH
2022-02-05T18:00:00Z,Nuclear,5611.000,Elexon BMRS FUELHH
2022-02-05T18:00:00Z,Other,252.000,Elexon BMRS FUELHH
2022-02-05T18:00:00Z,Pumped Storage,2232.000,Elexon BMRS FUELHH
2022-02-05T18:00:00Z,Wind,13558.000,Elexon BMRS FUELHH
2022-02-05T18:30:00Z,Biomass,1710.000,Elexon BMRS FUELHH
2022-02-05T18:30:00Z,Coal,980.000,Elexon BMRS FUELHH
2022-02-05T18:30:00Z,Gas,5955.000,Elexon BMRS FUELHH
2022-02-05T18:30:00Z,Hydro,596.000,Elexon BMRS FUELHH
2022-02-05T18:30:00Z,Imports & Exports,5252.000,Elexon BMRS FUELHH
2022-02-05T18:30:00Z,Nuclear,5604.000,Elexon BMRS FUELHH
2022-02-05T18:30:00Z,Other,252.000,Elexon BMRS FUELHH
2022-02-05T18:30:00Z,Pumped Storage,1804.000,Elexon BMRS FUELHH
2022-02-05T18:30:00Z,Wind,13656.000,Elexon BMRS FUELHH
2022-02-05T19:00:00Z,Biomass,1712.000,Elexon BMRS FUELHH
2022-02-05T19:00:00Z,Coal,978.000,Elexon BMRS FUELHH
2022-02-05T19:00:00Z,Gas,6409.000,Elexon BMRS FUELHH
2022-02-05T19:00:00Z,Hydro,582.000,Elexon BMRS FUELHH
2022-02-05T19:00:00Z,Imports & Exports,5010.000,Elexon BMRS FUELHH
2022-02-05T19:00:00Z,Nuclear,5604.000,Elexon BMRS FUELHH
2022-02-05T19:00:00Z,Other,231.000,Elexon BMRS FUELHH
2022-02-05T19:00:00Z,Pumped Storage,698.000,Elexon BMRS FUELHH
2022-02-05T19:00:00Z,Wind,13750.000,Elexon BMRS FUELHH
2022-02-05T19:30:00Z,Biomass,1716.000,Elexon BMRS FUELHH
2022-02-05T19:30:00Z,Coal,980.000,Elexon BMRS FUELHH
2022-02-05T19:30:00Z,Gas,5650.000,Elexon BMRS FUELHH
2022-02-05T19:30:00Z,Hydro,607.000,Elexon BMRS FUELHH
2022-02-05T19:30:00Z,Imports & Exports,4966.000,Elexon BMRS FUELHH
2022-02-05T19:30:00Z,Nuclear,5600.000,Elexon BMRS FUELHH
2022-02-05T19:30:00Z,Other,222.000,Elexon BMRS FUELHH
2022-02-05T19:30:00Z,Pumped Storage,26.000,Elexon BMRS FUELHH
2022-02-05T19:30:00Z,Wind,13719.000,Elexon BMRS FUELHH
2022-02-05T20:00:00Z,Biomass,1712.000,Elexon BMRS FUELHH
2022-02-05T20:00:00Z,Coal,976.000,Elexon BMRS FUELHH
2022-02-05T20:00:00Z,Gas,5014.000,Elexon BMRS FUELHH
2022-02-05T20:00:00Z,Hydro,784.000,Elexon BMRS FUELHH
2022-02-05T20:00:00Z,Imports & Exports,4090.000,Elexon BMRS FUELHH
2022-02-05T20:00:00Z,Nuclear,5598.000,Elexon BMRS FUELHH
2022-02-05T20:00:00Z,Other,213.000,Elexon BMRS FUELHH
2022-02-05T20:00:00Z,Pumped Storage,-14.000,Elexon BMRS FUELHH
2022-02-05T20:00:00Z,Wind,13727.000,Elexon BMRS FUELHH
2022-02-05T20:30:00Z,Biomass,1684.000,Elexon BMRS FUELHH
2022-02-05T20:30:00Z,Coal,882.000,Elexon BMRS FUELHH
2022-02-05T20:30:00Z,Gas,3969.000,Elexon BMRS FUELHH
2022-02-05T20:30:00Z,Hydro,784.000,Elexon BMRS FUELHH
2022-02-05T20:30:00Z,Imports & Exports,4032.000,Elexon BMRS FUELHH
2022-02-05T20:30:00Z,Nuclear,5596.000,Elexon BMRS FUELHH
2022-02-05T20:30:00Z,Other,222.000,Elexon BMRS FUELHH
2022-02-05T20:30:00Z,Pumped Storage,82.000,Elexon BMRS FUELHH
2022-02-05T20:30:00Z,Wind,13668.000,Elexon BMRS FUELHH
2022-02-05T21:00:00Z,Biomass,1551.000,Elexon BMRS FUELHH
2022-02-05T21:00:00Z,Coal,663.000,Elexon BMRS FUELHH
2022-02-05T21:00:00Z,Gas,3259.000,Elexon BMRS FUELHH
2022-02-05T21:00:00Z,Hydro,755.000,Elexon BMRS FUELHH
2022-02-05T21:00:00Z,Imports & Exports,4286.000,Elexon BMRS FUELHH
2022-02-05T21:00:00Z,Nuclear,5600.000,Elexon BMRS FUELHH
2022-02-05T21:00:00Z,Other,213.000,Elexon BMRS FUELHH
2022-02-05T21:00:00Z,Pumped Storage,-16.000,Elexon BMRS FUELHH
2022-02-05T21:00:00Z,Wind,13460.000,Elexon BMRS FUELHH
2022-02-05T21:30:00Z,Biomass,1417.000,Elexon BMRS FUELHH
2022-02-05T21:30:00Z,Coal,521.000,Elexon BMRS FUELHH
2022-02-05T21:30:00Z,Gas,2777.000,Elexon BMRS FUELHH
2022-02-05T21:30:00Z,Hydro,643.000,Elexon BMRS FUELHH
2022-02-05T21:30:00Z,Imports & Exports,4226.000,Elexon BMRS FUELHH
2022-02-05T21:30:00Z,Nuclear,5606.000,Elexon BMRS FUELHH
2022-02-05T21:30:00Z,Other,224.000,Elexon BMRS FUELHH
2022-02-05T21:30:00Z,Pumped Storage,-180.000,Elexon BMRS FUELHH
2022-02-05T21:30:00Z,Wind,13534.000,Elexon BMRS FUELHH
2022-02-05T22:00:00Z,Biomass,1509.000,Elexon BMRS FUELHH
2022-02-05T22:00:00Z,Coal,460.000,Elexon BMRS FUELHH
2022-02-05T22:00:00Z,Gas,2836.000,Elexon BMRS FUELHH
2022-02-05T22:00:00Z,Hydro,523.000,Elexon BMRS FUELHH
2022-02-05T22:00:00Z,Imports & Exports,2610.000,Elexon BMRS FUELHH
2022-02-05T22:00:00Z,Nuclear,5605.000,Elexon BMRS FUELHH
2022-02-05T22:00:00Z,Other,219.000,Elexon BMRS FUELHH
2022-02-05T22:00:00Z,Pumped Storage,-16.000,Elexon BMRS FUELHH
2022-02-05T22:00:00Z,Wind,13609.000,Elexon BMRS FUELHH
2022-02-05T22:30:00Z,Biomass,1434.000,Elexon BMRS FUELHH
2022-02-05T22:30:00Z,Coal,459.000,Elexon BMRS FUELHH
2022-02-05T22:30:00Z,Gas,2240.000,Elexon BMRS FUELHH
2022-02-05T22:30:00Z,Hydro,498.000,Elexon BMRS FUELHH
2022-02-05T22:30:00Z,Imports & Exports,2496.000,Elexon BMRS FUELHH
2022-02-05T22:30:00Z,Nuclear,5603.000,Elexon BMRS FUELHH
2022-02-05T22:30:00Z,Other,231.000,Elexon BMRS FUELHH
2022-02-05T22:30:00Z,Pumped Storage,-128.000,Elexon BMRS FUELHH
2022-02-05T22:30:00Z,Wind,13171.000,Elexon BMRS FUELHH
2022-02-05T23:00:00Z,Biomass,1362.000,Elexon BMRS FUELHH
2022-02-05T23:00:00Z,Coal,458.000,Elexon BMRS FUELHH
2022-02-05T23:00:00Z,Gas,2198.000,Elexon BMRS FUELHH
2022-02-05T23:00:00Z,Hydro,456.000,Elexon BMRS FUELHH
2022-02-05T23:00:00Z,Imports & Exports,1700.000,Elexon BMRS FUELHH
2022-02-05T23:00:00Z,Nuclear,5602.000,Elexon BMRS FUELHH
2022-02-05T23:00:00Z,Other,210.000,Elexon BMRS FUELHH
2022-02-05T23:00:00Z,Pumped Storage,-842.000,Elexon BMRS FUELHH
2022-02-05T23:00:00Z,Wind,13353.000,Elexon BMRS FUELHH
2022-02-05T23:30:00Z,Biomass,1265.000,Elexon BMRS FUELHH
2022-02-05T23:30:00Z,Coal,474.000,Elexon BMRS FUELHH
2022-02-05T23:30:00Z,Gas,2128.000,Elexon BMRS FUELHH
2022-02-05T23:30:00Z,Hydro,429.000,Elexon BMRS FUELHH
2022-02-05T23:30:00Z,Imports & Exports,1610.000,Elexon BMRS FUELHH
2022-02-05T23:30:00Z,Nuclear,5606.000,Elexon BMRS FUELHH
2022-02-05T23:30:00Z,Other,177.000,Elexon BMRS FUELHH
2022-02-05T23:30:00Z,Pumped Storage,-1026.000,Elexon BMRS FUELHH
2022-02-05T23:30:00Z,Wind,12731.000,Elexon BMRS FUELHH
2022-02-06T00:00:00Z,Biomass,1320.000,Elexon BMRS FUELHH
2022-02-06T00:00:00Z,Coal,523.000,Elexon BMRS FUELHH
2022-02-06T00:00:00Z,Gas,2241.000,Elexon BMRS FUELHH
2022-02-06T00:00:00Z,Hydro,417.000,Elexon BMRS FUELHH
2022-02-06T00:00:00Z,Imports & Exports,1408.000,Elexon BMRS FUELHH
2022-02-06T00:00:00Z,Nuclear,5607.000,Elexon BMRS FUELHH
2022-02-06T00:00:00Z,Other,174.000,Elexon BMRS FUELHH
2022-02-06T00:00:00Z,Pumped Storage,-944.000,Elexon BMRS FUELHH
2022-02-06T00:00:00Z,Wind,12505.000,Elexon BMRS FUELHH
2022-02-06T00:30:00Z,Biomass,1324.000,Elexon BMRS FUELHH
2022-02-06T00:30:00Z,Coal,482.000,Elexon BMRS FUELHH
2022-02-06T00:30:00Z,Gas,2354.000,Elexon BMRS FUELHH
2022-02-06T00:30:00Z,Hydro,414.000,Elexon BMRS FUELHH
2022-02-06T00:30:00Z,Imports & Exports,1402.000,Elexon BMRS FUELHH
2022-02-06T00:30:00Z,Nuclear,5611.000,Elexon BMRS FUELHH
2022-02-06T00:30:00Z,Other,176.000,Elexon BMRS FUELHH
2022-02-06T00:30:00Z,Pumped Storage,-1008.000,Elexon BMRS FUELHH
2022-02-06T00:30:00Z,Wind,12950.000,Elexon BMRS FUELHH
2022-02-06T01:00:00Z,Biomass,1295.000,Elexon BMRS FUELHH
2022-02-06T01:00:00Z,Coal,464.000,Elexon BMRS FUELHH
2022-02-06T01:00:00Z,Gas,2310.000,Elexon BMRS FUELHH
2022-02-06T01:00:00Z,Hydro,408.000,Elexon BMRS FUELHH
2022-02-06T01:00:00Z,Imports & Exports,1028.000,Elexon BMRS FUELHH
2022-02-06T01:00:00Z,Nuclear,5611.000,Elexon BMRS FUELHH
2022-02-06T01:00:00Z,Other,180.000,Elexon BMRS FUELHH
2022-02-06T01:00:00Z,Pumped Storage,-1036.000,Elexon BMRS FUELHH
2022-02-06T01:00:00Z,Wind,12917.000,Elexon BMRS FUELHH
2022-02-06T01:30:00Z,Biomass,1224.000,Elexon BMRS FUELHH
2022-02-06T01:30:00Z,Coal,459.000,Elexon BMRS FUELHH
2022-02-06T01:30:00Z,Gas,2265.000,Elexon BMRS FUELHH
2022-02-06T01:30:00Z,Hydro,386.000,Elexon BMRS FUELHH
2022-02-06T01:30:00Z,Imports & Exports,954.000,Elexon BMRS FUELHH
2022-02-06T01:30:00Z,Nuclear,5623.000,Elexon BMRS FUELHH
2022-02-06T01:30:00Z,Other,173.000,Elexon BMRS FUELHH
2022-02-06T01:30:00Z,Pumped Storage,-1342.000,Elexon BMRS FUELHH
2022-02-06T01:30:00Z,Wind,12721.000,Elexon BMRS FUELHH
2022-02-06T02:00:00Z,Biomass,1224.000,Elexon BMRS FUELHH
2022-02-06T02:00:00Z,Coal,461.000,Elexon BMRS FUELHH
2022-02-06T02:00:00Z,Gas,2285.000,Elexon BMRS FUELHH
2022-02-06T02:00:00Z,Hydro,360.000,Elexon BMRS FUELHH
2022-02-06T02:00:00Z,Imports & Exports,630.000,Elexon BMRS FUELHH
2022-02-06T02:00:00Z,Nuclear,5636.000,Elexon BMRS FUELHH
2022-02-06T02:00:00Z,Other,172.000,Elexon BMRS FUELHH
2022-02-06T02:00:00Z,Pumped Storage,-1762.000,Elexon BMRS FUELHH
2022-02-06T02:00:00Z,Wind,12860.000,Elexon BMRS FUELHH
2022-02-06T02:30:00Z,Biomass,1228.000,Elexon BMRS FUELHH
2022-02-06T02:30:00Z,Coal,460.000,Elexon BMRS FUELHH
2022-02-06T02:30:00Z,Gas,2306.000,Elexon BMRS FUELHH
2022-02-06T02:30:00Z,Hydro,360.000,Elexon BMRS FUELHH
2022-02-06T02:30:00Z,Imports & Exports,290.000,Elexon BMRS FUELHH
2022-02-06T02:30:00Z,Nuclear,5635.000,Elexon BMRS FUELHH
2022-02-06T02:30:00Z,Other,173.000,Elexon BMRS FUELHH
2022-02-06T02:30:00Z,Pumped Storage,-1908.000,Elexon BMRS FUELHH
2022-02-06T02:30:00Z,Wind,12826.000,Elexon BMRS FUELHH
2022-02-06T03:00:00Z,Biomass,1258.000,Elexon BMRS FUELHH
2022-02-06T03:00:00Z,Coal,468.000,Elexon BMRS FUELHH
2022-02-06T03:00:00Z,Gas,2422.000,Elexon BMRS FUELHH
2022-02-06T03:00:00Z,Hydro,357.000,Elexon BMRS FUELHH
2022-02-06T03:00:00Z,Imports & Exports,-910.000,Elexon BMRS FUELHH
2022-02-06T03:00:00Z,Nuclear,5631.000,Elexon BMRS FUELHH
2022-02-06T03:00:00Z,Other,184.000,Elexon BMRS FUELHH
2022-02-06T03:00:00Z,Pumped Storage,-1950.000,Elexon BMRS FUELHH
2022-02-06T03:00:00Z,Wind,13438.000,Elexon BMRS FUELHH
2022-02-06T03:30:00Z,Biomass,1229.000,Elexon BMRS FUELHH
2022-02-06T03:30:00Z,Coal,463.000,Elexon BMRS FUELHH
2022-02-06T03:30:00Z,Gas,2322.000,Elexon BMRS FUELHH
2022-02-06T03:30:00Z,Hydro,357.000,Elexon BMRS FUELHH
2022-02-06T03:30:00Z,Imports & Exports,-1042.000,Elexon BMRS FUELHH
2022-02-06T03:30:00Z,Nuclear,5631.000,Elexon BMRS FUELHH
2022-02-06T03:30:00Z,Other,183.000,Elexon BMRS FUELHH
2022-02-06T03:30:00Z,Pumped Storage,-1986.000,Elexon BMRS FUELHH
2022-02-06T03:30:00Z,Wind,13200.000,Elexon BMRS FUELHH
2022-02-06T04:00:00Z,Biomass,1233.000,Elexon BMRS FUELHH
2022-02-06T04:00:00Z,Coal,466.000,Elexon BMRS FUELHH
2022-02-06T04:00:00Z,Gas,2346.000,Elexon BMRS FUELHH
2022-02-06T04:00:00Z,Hydro,340.000,Elexon BMRS FUELHH
2022-02-06T04:00:00Z,Imports & Exports,-1492.000,Elexon BMRS FUELHH
2022-02-06T04:00:00Z,Nuclear,5625.000,Elexon BMRS FUELHH
2022-02-06T04:00:00Z,Other,185.000,Elexon BMRS FUELHH
2022-02-06T04:00:00Z,Pumped Storage,-1954.000,Elexon BMRS FUELHH
2022-02-06T04:00:00Z,Wind,13338.000,Elexon BMRS FUELHH
2022-02-06T05:00:00Z,Biomass,1232.000,Elexon BMRS FUELHH
2022-02-06T05:00:00Z,Coal,464.000,Elexon BMRS FUELHH
2022-02-06T05:00:00Z,Gas,2545.000,Elexon BMRS FUELHH
2022-02-06T05:00:00Z,Hydro,332.000,Elexon BMRS FUELHH
2022-02-06T05:00:00Z,Imports & Exports,-1160.000,Elexon BMRS FUELHH
2022-02-06T05:00:00Z,Nuclear,5625.000,Elexon BMRS FUELHH
2022-02-06T05:00:00Z,Other,182.000,Elexon BMRS FUELHH
2022-02-06T05:00:00Z,Pumped Storage,-1976.000,Elexon BMRS FUELHH
2022-02-06T05:00:00Z,Wind,12831.000,Elexon BMRS FUELHH
2022-02-06T05:30:00Z,Biomass,1245.000,Elexon BMRS FUELHH
2022-02-06T05:30:00Z,Coal,467.000,Elexon BMRS FUELHH
2022-02-06T05:30:00Z,Gas,2603.000,Elexon BMRS FUELHH
2022-02-06T05:30:00Z,Hydro,337.000,Elexon BMRS FUELHH
2022-02-06T05:30:00Z,Imports & Exports,-1072.000,Elexon BMRS FUELHH
2022-02-06T05:30:00Z,Nuclear,5626.000,Elexon BMRS FUELHH
2022-02-06T05:30:00Z,Other,184.000,Elexon BMRS FUELHH
2022-02-06T05:30:00Z,Pumped Storage,-1864.000,Elexon BMRS FUELHH
2022-02-06T05:30:00Z,Wind,12768.000,Elexon BMRS FUELHH
2022-02-06T06:00:00Z,Biomass,1231.000,Elexon BMRS FUELHH
2022-02-06T06:00:00Z,Coal,461.000,Elexon BMRS FUELHH
2022-02-06T06:00:00Z,Gas,2539.000,Elexon BMRS FUELHH
2022-02-06T06:00:00Z,Hydro,377.000,Elexon BMRS FUELHH
2022-02-06T06:00:00Z,Imports & Exports,438.000,Elexon BMRS FUELHH
2022-02-06T06:00:00Z,Nuclear,5629.000,Elexon BMRS FUELHH
2022-02-06T06:00:00Z,Other,173.000,Elexon BMRS FUELHH
2022-02-06T06:00:00Z,Pumped Storage,-1902.000,Elexon BMRS FUELHH
2022-02-06T06:00:00Z,Wind,12340.000,Elexon BMRS FUELHH
2022-02-06T06:30:00Z,Biomass,1234.000,Elexon BMRS FUELHH
2022-02-06T06:30:00Z,Coal,464.000,Elexon BMRS FUELHH
2022-02-06T06:30:00Z,Gas,2542.000,Elexon BMRS FUELHH
2022-02-06T06:30:00Z,Hydro,408.000,Elexon BMRS FUELHH
2022-02-06T06:30:00Z,Imports & Exports,572.000,Elexon BMRS FUELHH
2022-02-06T06:30:00Z,Nuclear,5626.000,Elexon BMRS FUELHH
2022-02-06T06:30:00Z,Other,177.000,Elexon BMRS FUELHH
2022-02-06T06:30:00Z,Pumped Storage,-1600.000,Elexon BMRS FUELHH
2022-02-06T06:30:00Z,Wind,12397.000,Elexon BMRS FUELHH
2022-02-06T07:00:00Z,Biomass,1240.000,Elexon BMRS FUELHH
2022-02-06T07:00:00Z,Coal,461.000,Elexon BMRS FUELHH
2022-02-06T07:00:00Z,Gas,2373.000,Elexon BMRS FUELHH
2022-02-06T07:00:00Z,Hydro,489.000,Elexon BMRS FUELHH
2022-02-06T07:00:00Z,Imports & Exports,1144.000,Elexon BMRS FUELHH
2022-02-06T07:00:00Z,Nuclear,5627.000,Elexon BMRS FUELHH
2022-02-06T07:00:00Z,Other,217.000,Elexon BMRS FUELHH
2022-02-06T07:00:00Z,Pumped Storage,-986.000,Elexon BMRS FUELHH
2022-02-06T07:00:00Z,Wind,12495.000,Elexon BMRS FUELHH
2022-02-06T07:30:00Z,Biomass,1234.000,Elexon BMRS FUELHH
2022-02-06T07:30:00Z,Coal,486.000,Elexon BMRS FUELHH
2022-02-06T07:30:00Z,Gas,2329.000,Elexon BMRS FUELHH
2022-02-06T07:30:00Z,Hydro,486.000,Elexon BMRS FUELHH
2022-02-06T07:30:00Z,Imports & Exports,1196.000,Elexon BMRS FUELHH
2022-02-06T07:30:00Z,Nuclear,5628.000,Elexon BMRS FUELHH
2022-02-06T07:30:00Z,Other,181.000,Elexon BMRS FUELHH
2022-02-06T07:30:00Z,Pumped Storage,-386.000,Elexon BMRS FUELHH
2022-02-06T07:30:00Z,Wind,12620.000,Elexon BMRS FUELHH
2022-02-06T08:00:00Z,Biomass,1230.000,Elexon BMRS FUELHH
2022-02-06T08:00:00Z,Coal,603.000,Elexon BMRS FUELHH
2022-02-06T08:00:00Z,Gas,2359.000,Elexon BMRS FUELHH
2022-02-06T08:00:00Z,Hydro,543.000,Elexon BMRS FUELHH
2022-02-06T08:00:00Z,Imports & Exports,2042.000,Elexon BMRS FUELHH
2022-02-06T08:00:00Z,Nuclear,5629.000,Elexon BMRS FUELHH
2022-02-06T08:00:00Z,Other,176.000,Elexon BMRS FUELHH
2022-02-06T08:00:00Z,Pumped Storage,-260.000,Elexon BMRS FUELHH
2022-02-06T08:00:00Z,Wind,13097.000,Elexon BMRS FUELHH
2022-02-06T08:30:00Z,Biomass,1298.000,Elexon BMRS FUELHH
2022-02-06T08:30:00Z,Coal,643.000,Elexon BMRS FUELHH
2022-02-06T08:30:00Z,Gas,2745.000,Elexon BMRS FUELHH
2022-02-06T08:30:00Z,Hydro,531.000,Elexon BMRS FUELHH
2022-02-06T08:30:00Z,Imports & Exports,2212.000,Elexon BMRS FUELHH
2022-02-06T08:30:00Z,Nuclear,5623.000,Elexon BMRS FUELHH
2022-02-06T08:30:00Z,Other,206.000,Elexon BMRS FUELHH
2022-02-06T08:30:00Z,Pumped Storage,672.000,Elexon BMRS FUELHH
2022-02-06T08:30:00Z,Wind,12897.000,Elexon BMRS FUELHH
2022-02-06T09:00:00Z,Biomass,1304.000,Elexon BMRS FUELHH
2022-02-06T09:00:00Z,Coal,580.000,Elexon BMRS FUELHH
2022-02-06T09:00:00Z,Gas,2462.000,Elexon BMRS FUELHH
2022-02-06T09:00:00Z,Hydro,535.000,Elexon BMRS FUELHH
2022-02-06T09:00:00Z,Imports & Exports,4296.000,Elexon BMRS FUELHH
2022-02-06T09:00:00Z,Nuclear,5625.000,Elexon BMRS FUELHH
2022-02-06T09:00:00Z,Other,184.000,Elexon BMRS FUELHH
2022-02-06T09:00:00Z,Pumped Storage,146.000,Elexon BMRS FUELHH
2022-02-06T09:00:00Z,Wind,12845.000,Elexon BMRS FUELHH
2022-02-06T09:30:00Z,Biomass,1413.000,Elexon BMRS FUELHH
2022-02-06T09:30:00Z,Coal,841.000,Elexon BMRS FUELHH
2022-02-06T09:30:00Z,Gas,2424.000,Elexon BMRS FUELHH
2022-02-06T09:30:00Z,Hydro,530.000,Elexon BMRS FUELHH
2022-02-06T09:30:00Z,Imports & Exports,4408.000,Elexon BMRS FUELHH
2022-02-06T09:30:00Z,Nuclear,5626.000,Elexon BMRS FUELHH
2022-02-06T09:30:00Z,Other,250.000,Elexon BMRS FUELHH
2022-02-06T09:30:00Z,Pumped Storage,342.000,Elexon BMRS FUELHH
2022-02-06T09:30:00Z,Wind,13148.000,Elexon BMRS FUELHH
2022-02-06T10:00:00Z,Biomass,1261.000,Elexon BMRS FUELHH
2022-02-06T10:00:00Z,Coal,606.000,Elexon BMRS FUELHH
2022-02-06T10:00:00Z,Gas,2211.000,Elexon BMRS FUELHH
2022-02-06T10:00:00Z,Hydro,510.000,Elexon BMRS FUELHH
2022-02-06T10:00:00Z,Imports & Exports,5414.000,Elexon BMRS FUELHH
2022-02-06T10:00:00Z,Nuclear,5623.000,Elexon BMRS FUELHH
2022-02-06T10:00:00Z,Other,182.000,Elexon BMRS FUELHH
2022-02-06T10:00:00Z,Pumped Storage,366.000,Elexon BMRS FUELHH
2022-02-06T10:00:00Z,Wind,13196.000,Elexon BMRS FUELHH
2022-02-06T10:30:00Z,Biomass,1229.000,Elexon BMRS FUELHH
2022-02-06T10:30:00Z,Coal,605.000,Elexon BMRS FUELHH
2022-02-06T10:30:00Z,Gas,2174.000,Elexon BMRS FUELHH
2022-02-06T10:30:00Z,Hydro,507.000,Elexon BMRS FUELHH
2022-02-06T10:30:00Z,Imports & Exports,5454.000,Elexon BMRS FUELHH
2022-02-06T10:30:00Z,Nuclear,5631.000,Elexon BMRS FUELHH
2022-02-06T10:30:00Z,Other,175.000,Elexon BMRS FUELHH
2022-02-06T10:30:00Z,Pumped Storage,108.000,Elexon BMRS FUELHH
2022-02-06T10:30:00Z,Wind,13891.000,Elexon BMRS FUELHH
2022-02-06T11:00:00Z,Biomass,1334.000,Elexon BMRS FUELHH
2022-02-06T11:00:00Z,Coal,710.000,Elexon BMRS FUELHH
2022-02-06T11:00:00Z,Gas,2561.000,Elexon BMRS FUELHH
2022-02-06T11:00:00Z,Hydro,457.000,Elexon BMRS FUELHH
2022-02-06T11:00:00Z,Imports & Exports,4754.000,Elexon BMRS FUELHH
2022-02-06T11:00:00Z,Nuclear,5629.000,Elexon BMRS FUELHH
2022-02-06T11:00:00Z,Other,181.000,Elexon BMRS FUELHH
2022-02-06T11:00:00Z,Pumped Storage,216.000,Elexon BMRS FUELHH
2022-02-06T11:00:00Z,Wind,14031.000,Elexon BMRS FUELHH
2022-02-06T11:30:00Z,Biomass,1515.000,Elexon BMRS FUELHH
2022-02-06T11:30:00Z,Coal,633.000,Elexon BMRS FUELHH
2022-02-06T11:30:00Z,Gas,2671.000,Elexon BMRS FUELHH
2022-02-06T11:30:00Z,Hydro,456.000,Elexon BMRS FUELHH
2022-02-06T11:30:00Z,Imports & Exports,4734.000,Elexon BMRS FUELHH
2022-02-06T11:30:00Z,Nuclear,5631.000,Elexon BMRS FUELHH
2022-02-06T11:30:00Z,Other,176.000,Elexon BMRS FUELHH
2022-02-06T11:30:00Z,Pumped Storage,86.000,Elexon BMRS FUELHH
2022-02-06T11:30:00Z,Wind,14177.000,Elexon BMRS FUELHH
2022-02-06T12:00:00Z,Biomass,1482.000,Elexon BMRS FUELHH
2022-02-06T12:00:00Z,Coal,729.000,Elexon BMRS FUELHH
2022-02-06T12:00:00Z,Gas,2943.000,Elexon BMRS FUELHH
2022-02-06T12:00:00Z,Hydro,439.000,Elexon BMRS FUELHH
2022-02-06T12:00:00Z,Imports & Exports,4958.000,Elexon BMRS FUELHH
2022-02-06T12:00:00Z,Nuclear,5627.000,Elexon BMRS FUELHH
2022-02-06T12:00:00Z,Other,178.000,Elexon BMRS FUELHH
2022-02-06T12:00:00Z,Pumped Storage,318.000,Elexon BMRS FUELHH
2022-02-06T12:00:00Z,Wind,14057.000,Elexon BMRS FUELHH
2022-02-06T12:30:00Z,Biomass,1501.000,Elexon BMRS FUELHH
2022-02-06T12:30:00Z,Coal,754.000,Elexon BMRS FUELHH
2022-02-06T12:30:00Z,Gas,3516.000,Elexon BMRS FUELHH
2022-02-06T12:30:00Z,Hydro,439.000,Elexon BMRS FUELHH
2022-02-06T12:30:00Z,Imports & Exports,4970.000,Elexon BMRS FUELHH
2022-02-06T12:30:00Z,Nuclear,5635.000,Elexon BMRS FUELHH
2022-02-06T12:30:00Z,Other,175.000,Elexon BMRS FUELHH
2022-02-06T12:30:00Z,Pumped Storage,-146.000,Elexon BMRS FUELHH
2022-02-06T12:30:00Z,Wind,14182.000,Elexon BMRS FUELHH
2022-02-06T13:00:00Z,Biomass,1506.000,Elexon BMRS FUELHH
2022-02-06T13:00:00Z,Coal,773.000,Elexon BMRS FUELHH
2022-02-06T13:00:00Z,Gas,3412.000,Elexon BMRS FUELHH
2022-02-06T13:00:00Z,Hydro,424.000,Elexon BMRS FUELHH
2022-02-06T13:00:00Z,Imports & Exports,5098.000,Elexon BMRS FUELHH
2022-02-06T13:00:00Z,Nuclear,5630.000,Elexon BMRS FUELHH
2022-02-06T13:00:00Z,Other,179.000,Elexon BMRS FUELHH
2022-02-06T13:00:00Z,Pumped Storage,-412.000,Elexon BMRS FUELHH
2022-02-06T13:00:00Z,Wind,14141.000,Elexon BMRS FUELHH
2022-02-06T13:30:00Z,Biomass,1503.000,Elexon BMRS FUELHH
2022-02-06T13:30:00Z,Coal,766.000,Elexon BMRS FUELHH
2022-02-06T13:30:00Z,Gas,3236.000,Elexon BMRS FUELHH
2022-02-06T13:30:00Z,Hydro,423.000,Elexon BMRS FUELHH
2022-02-06T13:30:00Z,Imports & Exports,5104.000,Elexon BMRS FUELHH
2022-02-06T13:30:00Z,Nuclear,5631.000,Elexon BMRS FUELHH
2022-02-06T13:30:00Z,Other,171.000,Elexon BMRS FUELHH
2022-02-06T13:30:00Z,Pumped Storage,-426.000,Elexon BMRS FUELHH
2022-02-06T13:30:00Z,Wind,14182.000,Elexon BMRS FUELHH
2022-02-06T14:00:00Z,Biomass,1506.000,Elexon BMRS FUELHH
2022-02-06T14:00:00Z,Coal,545.000,Elexon BMRS FUELHH
2022-02-06T14:00:00Z,Gas,3283.000,Elexon BMRS FUELHH
2022-02-06T14:00:00Z,Hydro,456.000,Elexon BMRS FUELHH
2022-02-06T14:00:00Z,Imports & Exports,5510.000,Elexon BMRS FUELHH
2022-02-06T14:00:00Z,Nuclear,5630.000,Elexon BMRS FUELHH
2022-02-06T14:00:00Z,Other,175.000,Elexon BMRS FUELHH
2022-02-06T14:00:00Z,Pumped Storage,-148.000,Elexon BMRS FUELHH
2022-02-06T14:00:00Z,Wind,14180.000,Elexon BMRS FUELHH
2022-02-06T14:30:00Z,Biomass,1497.000,Elexon BMRS FUELHH
2022-02-06T14:30:00Z,Coal,716.000,Elexon BMRS FUELHH
2022-02-06T14:30:00Z,Gas,3595.000,Elexon BMRS FUELHH
2022-02-06T14:30:00Z,Hydro,460.000,Elexon BMRS FUELHH
2022-02-06T14:30:00Z,Imports & Exports,5486.000,Elexon BMRS FUELHH
2022-02-06T14:30:00Z,Nuclear,5633.000,Elexon BMRS FUELHH
2022-02-06T14:30:00Z,Other,173.000,Elexon BMRS FUELHH
2022-02-06T14:30:00Z,Pumped Storage,-270.000,Elexon BMRS FUELHH
2022-02-06T14:30:00Z,Wind,14150.000,Elexon BMRS FUELHH
2022-02-06T15:00:00Z,Biomass,1504.000,Elexon BMRS FUELHH
2022-02-06T15:00:00Z,Coal,615.000,Elexon BMRS FUELHH
2022-02-06T15:00:00Z,Gas,4175.000,Elexon BMRS FUELHH
2022-02-06T15:00:00Z,Hydro,490.000,Elexon BMRS FUELHH
2022-02-06T15:00:00Z,Imports & Exports,5266.000,Elexon BMRS FUELHH
2022-02-06T15:00:00Z,Nuclear,5633.000,Elexon BMRS FUELHH
2022-02-06T15:00:00Z,Other,182.000,Elexon BMRS FUELHH
2022-02-06T15:00:00Z,Pumped Storage,-266.000,Elexon BMRS FUELHH
2022-02-06T15:00:00Z,Wind,14100.000,Elexon BMRS FUELHH
2022-02-06T15:30:00Z,Biomass,1479.000,Elexon BMRS FUELHH
2022-02-06T15:30:00Z,Coal,591.000,Elexon BMRS FUELHH
2022-02-06T15:30:00Z,Gas,4904.000,Elexon BMRS FUELHH
2022-02-06T15:30:00Z,Hydro,500.000,Elexon BMRS FUELHH
2022-02-06T15:30:00Z,Imports & Exports,5306.000,Elexon BMRS FUELHH
2022-02-06T15:30:00Z,Nuclear,5637.000,Elexon BMRS FUELHH
2022-02-06T15:30:00Z,Other,174.000,Elexon BMRS FUELHH
2022-02-06T15:30:00Z,Pumped Storage,-12.000,Elexon BMRS FUELHH
2022-02-06T15:30:00Z,Wind,14022.000,Elexon BMRS FUELHH
2022-02-06T16:00:00Z,Biomass,1504.000,Elexon BMRS FUELHH
2022-02-06T16:00:00Z,Coal,697.000,Elexon BMRS FUELHH
2022-02-06T16:00:00Z,Gas,5601.000,Elexon BMRS FUELHH
2022-02-06T16:00:00Z,Hydro,534.000,Elexon BMRS FUELHH
2022-02-06T16:00:00Z,Imports & Exports,5340.000,Elexon BMRS FUELHH
2022-02-06T16:00:00Z,Nuclear,5643.000,Elexon BMRS FUELHH
2022-02-06T16:00:00Z,Other,197.000,Elexon BMRS FUELHH
2022-02-06T16:00:00Z,Pumped Storage,-10.000,Elexon BMRS FUELHH
2022-02-06T16:00:00Z,Wind,14136.000,Elexon BMRS FUELHH
2022-02-06T16:30:00Z,Biomass,1520.000,Elexon BMRS FUELHH
2022-02-06T16:30:00Z,Coal,885.000,Elexon BMRS FUELHH
2022-02-06T16:30:00Z,Gas,6751.000,Elexon BMRS FUELHH
2022-02-06T16:30:00Z,Hydro,541.000,Elexon BMRS FUELHH
2022-02-06T16:30:00Z,Imports & Exports,5466.000,Elexon BMRS FUELHH
2022-02-06T16:30:00Z,Nuclear,5639.000,Elexon BMRS FUELHH
2022-02-06T16:30:00Z,Other,223.000,Elexon BMRS FUELHH
2022-02-06T16:30:00Z,Pumped Storage,348.000,Elexon BMRS FUELHH
2022-02-06T16:30:00Z,Wind,13847.000,Elexon BMRS FUELHH
2022-02-06T17:00:00Z,Biomass,1519.000,Elexon BMRS FUELHH
2022-02-06T17:00:00Z,Coal,962.000,Elexon BMRS FUELHH
2022-02-06T17:00:00Z,Gas,7227.000,Elexon BMRS FUELHH
2022-02-06T17:00:00Z,Hydro,586.000,Elexon BMRS FUELHH
2022-02-06T17:00:00Z,Imports & Exports,5302.000,Elexon BMRS FUELHH
2022-02-06T17:00:00Z,Nuclear,5645.000,Elexon BMRS FUELHH
2022-02-06T17:00:00Z,Other,248.000,Elexon BMRS FUELHH
2022-02-06T17:00:00Z,Pumped Storage,1794.000,Elexon BMRS FUELHH
2022-02-06T17:00:00Z,Wind,13962.000,Elexon BMRS FUELHH
2022-02-06T17:30:00Z,Biomass,1517.000,Elexon BMRS FUELHH
2022-02-06T17:30:00Z,Coal,977.000,Elexon BMRS FUELHH
2022-02-06T17:30:00Z,Gas,7856.000,Elexon BMRS FUELHH
2022-02-06T17:30:00Z,Hydro,591.000,Elexon BMRS FUELHH
2022-02-06T17:30:00Z,Imports & Exports,5234.000,Elexon BMRS FUELHH
2022-02-06T17:30:00Z,Nuclear,5649.000,Elexon BMRS FUELHH
2022-02-06T17:30:00Z,Other,359.000,Elexon BMRS FUELHH
2022-02-06T17:30:00Z,Pumped Storage,2058.000,Elexon BMRS FUELHH
2022-02-06T17:30:00Z,Wind,13905.000,Elexon BMRS FUELHH
2022-02-06T18:00:00Z,Biomass,1518.000,Elexon BMRS FUELHH
2022-02-06T18:00:00Z,Coal,976.000,Elexon BMRS FUELHH
2022-02-06T18:00:00Z,Gas,8001.000,Elexon BMRS FUELHH
2022-02-06T18:00:00Z,Hydro,588.000,Elexon BMRS FUELHH
2022-02-06T18:00:00Z,Imports & Exports,4986.000,Elexon BMRS FUELHH
2022-02-06T18:00:00Z,Nuclear,5655.000,Elexon BMRS FUELHH
2022-02-06T18:00:00Z,Other,358.000,Elexon BMRS FUELHH
2022-02-06T18:00:00Z,Pumped Storage,1742.000,Elexon BMRS FUELHH
2022-02-06T18:00:00Z,Wind,13837.000,Elexon BMRS FUELHH
2022-02-06T18:30:00Z,Biomass,1520.000,Elexon BMRS FUELHH
2022-02-06T18:30:00Z,Coal,975.000,Elexon BMRS FUELHH
2022-02-06T18:30:00Z,Gas,7788.000,Elexon BMRS FUELHH
2022-02-06T18:30:00Z,Hydro,587.000,Elexon BMRS FUELHH
2022-02-06T18:30:00Z,Imports & Exports,4808.000,Elexon BMRS FUELHH
2022-02-06T18:30:00Z,Nuclear,5660.000,Elexon BMRS FUELHH
2022-02-06T18:30:00Z,Other,351.000,Elexon BMRS FUELHH
2022-02-06T18:30:00Z,Pumped Storage,1112.000,Elexon BMRS FUELHH
2022-02-06T18:30:00Z,Wind,14067.000,Elexon BMRS FUELHH
2022-02-06T19:00:00Z,Biomass,1510.000,Elexon BMRS FUELHH
2022-02-06T19:00:00Z,Coal,972.000,Elexon BMRS FUELHH
2022-02-06T19:00:00Z,Gas,7505.000,Elexon BMRS FUELHH
2022-02-06T19:00:00Z,Hydro,587.000,Elexon BMRS FUELHH
2022-02-06T19:00:00Z,Imports & Exports,4762.000,Elexon BMRS FUELHH
2022-02-06T19:00:00Z,Nuclear,5660.000,Elexon BMRS FUELHH
2022-02-06T19:00:00Z,Other,281.000,Elexon BMRS FUELHH
2022-02-06T19:00:00Z,Pumped Storage,316.000,Elexon BMRS FUELHH
2022-02-06T19:00:00Z,Wind,14166.000,Elexon BMRS FUELHH
2022-02-06T19:30:00Z,Biomass,1515.000,Elexon BMRS FUELHH
2022-02-06T19:30:00Z,Coal,919.000,Elexon BMRS FUELHH
2022-02-06T19:30:00Z,Gas,6884.000,Elexon BMRS FUELHH
2022-02-06T19:30:00Z,Hydro,587.000,Elexon BMRS FUELHH
2022-02-06T19:30:00Z,Imports & Exports,4474.000,Elexon BMRS FUELHH
2022-02-06T19:30:00Z,Nuclear,5657.000,Elexon BMRS FUELHH
2022-02-06T19:30:00Z,Other,230.000,Elexon BMRS FUELHH
2022-02-06T19:30:00Z,Pumped Storage,50.000,Elexon BMRS FUELHH
2022-02-06T19:30:00Z,Wind,13986.000,Elexon BMRS FUELHH
2022-02-06T20:00:00Z,Biomass,1466.000,Elexon BMRS FUELHH
2022-02-06T20:00:00Z,Coal,665.000,Elexon BMRS FUELHH
2022-02-06T20:00:00Z,Gas,6618.000,Elexon BMRS FUELHH
2022-02-06T20:00:00Z,Hydro,589.000,Elexon BMRS FUELHH
2022-02-06T20:00:00Z,Imports & Exports,4298.000,Elexon BMRS FUELHH
2022-02-06T20:00:00Z,Nuclear,5654.000,Elexon BMRS FUELHH
2022-02-06T20:00:00Z,Other,235.000,Elexon BMRS FUELHH
2022-02-06T20:00:00Z,Pumped Storage,50.000,Elexon BMRS FUELHH
2022-02-06T20:00:00Z,Wind,13718.000,Elexon BMRS FUELHH
2022-02-06T20:30:00Z,Biomass,1230.000,Elexon BMRS FUELHH
2022-02-06T20:30:00Z,Coal,483.000,Elexon BMRS FUELHH
2022-02-06T20:30:00Z,Gas,5873.000,Elexon BMRS FUELHH
2022-02-06T20:30:00Z,Hydro,748.000,Elexon BMRS FUELHH
2022-02-06T20:30:00Z,Imports & Exports,3990.000,Elexon BMRS FUELHH
2022-02-06T20:30:00Z,Nuclear,5652.000,Elexon BMRS FUELHH
2022-02-06T20:30:00Z,Other,193.000,Elexon BMRS FUELHH
2022-02-06T20:30:00Z,Pumped Storage,186.000,Elexon BMRS FUELHH
2022-02-06T20:30:00Z,Wind,13547.000,Elexon BMRS FUELHH
2022-02-06T21:00:00Z,Biomass,1371.000,Elexon BMRS FUELHH
2022-02-06T21:00:00Z,Coal,773.000,Elexon BMRS FUELHH
2022-02-06T21:00:00Z,Gas,4820.000,Elexon BMRS FUELHH
2022-02-06T21:00:00Z,Hydro,689.000,Elexon BMRS FUELHH
2022-02-06T21:00:00Z,Imports & Exports,3946.000,Elexon BMRS FUELHH
2022-02-06T21:00:00Z,Nuclear,5654.000,Elexon BMRS FUELHH
2022-02-06T21:00:00Z,Other,203.000,Elexon BMRS FUELHH
2022-02-06T21:00:00Z,Pumped Storage,80.000,Elexon BMRS FUELHH
2022-02-06T21:00:00Z,Wind,13230.000,Elexon BMRS FUELHH
2022-02-06T21:30:00Z,Biomass,1464.000,Elexon BMRS FUELHH
2022-02-06T21:30:00Z,Coal,966.000,Elexon BMRS FUELHH
2022-02-06T21:30:00Z,Gas,3977.000,Elexon BMRS FUELHH
2022-02-06T21:30:00Z,Hydro,611.000,Elexon BMRS FUELHH
2022-02-06T21:30:00Z,Imports & Exports,3790.000,Elexon BMRS FUELHH
2022-02-06T21:30:00Z,Nuclear,5657.000,Elexon BMRS FUELHH
2022-02-06T21:30:00Z,Other,211.000,Elexon BMRS FUELHH
2022-02-06T21:30:00Z,Pumped Storage,30.000,Elexon BMRS FUELHH
2022-02-06T21:30:00Z,Wind,12934.000,Elexon BMRS FUELHH
2022-02-06T22:00:00Z,Biomass,1471.000,Elexon BMRS FUELHH
2022-02-06T22:00:00Z,Coal,865.000,Elexon BMRS FUELHH
2022-02-06T22:00:00Z,Gas,3426.000,Elexon BMRS FUELHH
2022-02-06T22:00:00Z,Hydro,559.000,Elexon BMRS FUELHH
2022-02-06T22:00:00Z,Imports & Exports,2592.000,Elexon BMRS FUELHH
2022-02-06T22:00:00Z,Nuclear,5656.000,Elexon BMRS FUELHH
2022-02-06T22:00:00Z,Other,184.000,Elexon BMRS FUELHH
2022-02-06T22:00:00Z,Pumped Storage,8.000,Elexon BMRS FUELHH
2022-02-06T22:00:00Z,Wind,13109.000,Elexon BMRS FUELHH
2022-02-06T22:30:00Z,Biomass,1437.000,Elexon BMRS FUELHH
2022-02-06T22:30:00Z,Coal,591.000,Elexon BMRS FUELHH
2022-02-06T22:30:00Z,Gas,3062.000,Elexon BMRS FUELHH
2022-02-06T22:30:00Z,Hydro,444.000,Elexon BMRS FUELHH
2022-02-06T22:30:00Z,Imports & Exports,2542.000,Elexon BMRS FUELHH
2022-02-06T22:30:00Z,Nuclear,5656.000,Elexon BMRS FUELHH
2022-02-06T22:30:00Z,Other,204.000,Elexon BMRS FUELHH
2022-02-06T22:30:00Z,Pumped Storage,-216.000,Elexon BMRS FUELHH
2022-02-06T22:30:00Z,Wind,13146.000,Elexon BMRS FUELHH
2022-02-06T23:00:00Z,Biomass,1472.000,Elexon BMRS FUELHH
2022-02-06T23:00:00Z,Coal,460.000,Elexon BMRS FUELHH
2022-02-06T23:00:00Z,Gas,2516.000,Elexon BMRS FUELHH
2022-02-06T23:00:00Z,Hydro,397.000,Elexon BMRS FUELHH
2022-02-06T23:00:00Z,Imports & Exports,2064.000,Elexon BMRS FUELHH
2022-02-06T23:00:00Z,Nuclear,5658.000,Elexon BMRS FUELHH
2022-02-06T23:00:00Z,Other,170.000,Elexon BMRS FUELHH
2022-02-06T23:00:00Z,Pumped Storage,-410.000,Elexon BMRS FUELHH
2022-02-06T23:00:00Z,Wind,12996.000,Elexon BMRS FUELHH
2022-02-06T23:30:00Z,Biomass,1489.000,Elexon BMRS FUELHH
2022-02-06T23:30:00Z,Coal,588.000,Elexon BMRS FUELHH
2022-02-06T23:30:00Z,Gas,2494.000,Elexon BMRS FUELHH
2022-02-06T23:30:00Z,Hydro,396.000,Elexon BMRS FUELHH
2022-02-06T23:30:00Z,Imports & Exports,2052.000,Elexon BMRS FUELHH
2022-02-06T23:30:00Z,Nuclear,5656.000,Elexon BMRS FUELHH
2022-02-06T23:30:00Z,Other,177.000,Elexon BMRS FUELHH
2022-02-06T23:30:00Z,Pumped Storage,-1004.000,Elexon BMRS FUELHH
2022-02-06T23:30:00Z,Wind,12400.000,Elexon BMRS FUELHH
2022-02-07T00:00:00Z,Biomass,1502.000,Elexon BMRS FUELHH
2022-02-07T00:00:00Z,Coal,653.000,Elexon BMRS FUELHH
2022-02-07T00:00:00Z,Gas,2853.000,Elexon BMRS FUELHH
2022-02-07T00:00:00Z,Hydro,421.000,Elexon BMRS FUELHH
2022-02-07T00:00:00Z,Imports & Exports,2098.000,Elexon BMRS FUELHH
2022-02-07T00:00:00Z,Nuclear,5656.000,Elexon BMRS FUELHH
2022-02-07T00:00:00Z,Other,214.000,Elexon BMRS FUELHH
2022-02-07T00:00:00Z,Pumped Storage,-932.000,Elexon BMRS FUELHH
2022-02-07T00:00:00Z,Wind,12145.000,Elexon BMRS FUELHH
2022-02-07T00:30:00Z,Biomass,1628.000,Elexon BMRS FUELHH
2022-02-07T00:30:00Z,Coal,934.000,Elexon BMRS FUELHH
2022-02-07T00:30:00Z,Gas,3106.000,Elexon BMRS FUELHH
2022-02-07T00:30:00Z,Hydro,436.000,Elexon BMRS FUELHH
2022-02-07T00:30:00Z,Imports & Exports,2304.000,Elexon BMRS FUELHH
2022-02-07T00:30:00Z,Nuclear,5659.000,Elexon BMRS FUELHH
2022-02-07T00:30:00Z,Other,209.000,Elexon BMRS FUELHH
2022-02-07T00:30:00Z,Pumped Storage,-518.000,Elexon BMRS FUELHH
2022-02-07T00:30:00Z,Wind,11704.000,Elexon BMRS FUELHH
2022-02-07T01:00:00Z,Biomass,1633.000,Elexon BMRS FUELHH
2022-02-07T01:00:00Z,Coal,976.000,Elexon BMRS FUELHH
2022-02-07T01:00:00Z,Gas,3172.000,Elexon BMRS FUELHH
2022-02-07T01:00:00Z,Hydro,433.000,Elexon BMRS FUELHH
2022-02-07T01:00:00Z,Imports & Exports,2484.000,Elexon BMRS FUELHH
2022-02-07T01:00:00Z,Nuclear,5663.000,Elexon BMRS FUELHH
2022-02-07T01:00:00Z,Other,206.000,Elexon BMRS FUELHH
2022-02-07T01:00:00Z,Pumped Storage,-620.000,Elexon BMRS FUELHH
2022-02-07T01:00:00Z,Wind,11463.000,Elexon BMRS FUELHH
2022-02-07T01:30:00Z,Biomass,1583.000,Elexon BMRS FUELHH
2022-02-07T01:30:00Z,Coal,981.000,Elexon BMRS FUELHH
2022-02-07T01:30:00Z,Gas,3468.000,Elexon BMRS FUELHH
2022-02-07T01:30:00Z,Hydro,408.000,Elexon BMRS FUELHH
2022-02-07T01:30:00Z,Imports & Exports,2290.000,Elexon BMRS FUELHH
2022-02-07T01:30:00Z,Nuclear,5660.000,Elexon BMRS FUELHH
2022-02-07T01:30:00Z,Other,209.000,Elexon BMRS FUELHH
2022-02-07T01:30:00Z,Pumped Storage,-590.000,Elexon BMRS FUELHH
2022-02-07T01:30:00Z,Wind,10930.000,Elexon BMRS FUELHH
2022-02-07T02:00:00Z,Biomass,1689.000,Elexon BMRS FUELHH
2022-02-07T02:00:00Z,Coal,977.000,Elexon BMRS FUELHH
2022-02-07T02:00:00Z,Gas,3523.000,Elexon BMRS FUELHH
2022-02-07T02:00:00Z,Hydro,378.000,Elexon BMRS FUELHH
2022-02-07T02:00:00Z,Imports & Exports,2112.000,Elexon BMRS FUELHH
2022-02-07T02:00:00Z,Nuclear,5662.000,Elexon BMRS FUELHH
2022-02-07T02:00:00Z,Other,208.000,Elexon BMRS FUELHH
2022-02-07T02:00:00Z,Pumped Storage,-348.000,Elexon BMRS FUELHH
2022-02-07T02:00:00Z,Wind,10593.000,Elexon BMRS FUELHH
2022-02-07T02:30:00Z,Biomass,1723.000,Elexon BMRS FUELHH
2022-02-07T02:30:00Z,Coal,976.000,Elexon BMRS FUELHH
2022-02-07T02:30:00Z,Gas,3554.000,Elexon BMRS FUELHH
2022-02-07T02:30:00Z,Hydro,364.000,Elexon BMRS FUELHH
2022-02-07T02:30:00Z,Imports & Exports,2478.000,Elexon BMRS FUELHH
2022-02-07T02:30:00Z,Nuclear,5657.000,Elexon BMRS FUELHH
2022-02-07T02:30:00Z,Other,178.000,Elexon BMRS FUELHH
2022-02-07T02:30:00Z,Pumped Storage,-256.000,Elexon BMRS FUELHH
2022-02-07T02:30:00Z,Wind,9997.000,Elexon BMRS FUELHH
2022-02-07T03:00:00Z,Biomass,1750.000,Elexon BMRS FUELHH
2022-02-07T03:00:00Z,Coal,979.000,Elexon BMRS FUELHH
2022-02-07T03:00:00Z,Gas,3712.000,Elexon BMRS FUELHH
2022-02-07T03:00:00Z,Hydro,372.000,Elexon BMRS FUELHH
2022-02-07T03:00:00Z,Imports & Exports,2546.000,Elexon BMRS FUELHH
2022-02-07T03:00:00Z,Nuclear,5659.000,Elexon BMRS FUELHH
2022-02-07T03:00:00Z,Other,159.000,Elexon BMRS FUELHH
2022-02-07T03:00:00Z,Pumped Storage,58.000,Elexon BMRS FUELHH
2022-02-07T03:00:00Z,Wind,9300.000,Elexon BMRS FUELHH
2022-02-07T03:30:00Z,Biomass,1862.000,Elexon BMRS FUELHH
2022-02-07T03:30:00Z,Coal,991.000,Elexon BMRS FUELHH
2022-02-07T03:30:00Z,Gas,3734.000,Elexon BMRS FUELHH
2022-02-07T03:30:00Z,Hydro,587.000,Elexon BMRS FUELHH
2022-02-07T03:30:00Z,Imports & Exports,2588.000,Elexon BMRS FUELHH
2022-02-07T03:30:00Z,Nuclear,5655.000,Elexon BMRS FUELHH
2022-02-07T03:30:00Z,Other,157.000,Elexon BMRS FUELHH
2022-02-07T03:30:00Z,Pumped Storage,52.000,Elexon BMRS FUELHH
2022-02-07T03:30:00Z,Wind,8556.000,Elexon BMRS FUELHH
2022-02-07T04:00:00Z,Biomass,2107.000,Elexon BMRS FUELHH
2022-02-07T04:00:00Z,Coal,1017.000,Elexon BMRS FUELHH
2022-02-07T04:00:00Z,Gas,3803.000,Elexon BMRS FUELHH
2022-02-07T04:00:00Z,Hydro,686.000,Elexon BMRS FUELHH
2022-02-07T04:00:00Z,Imports & Exports,2788.000,Elexon BMRS FUELHH
2022-02-07T04:00:00Z,Nuclear,5654.000,Elexon BMRS FUELHH
2022-02-07T04:00:00Z,Other,157.000,Elexon BMRS FUELHH
2022-02-07T04:00:00Z,Pumped Storage,-18.000,Elexon BMRS FUELHH
2022-02-07T04:00:00Z,Wind,8147.000,Elexon BMRS FUELHH
2022-02-07T04:30:00Z,Biomass,2264.000,Elexon BMRS FUELHH
2022-02-07T04:30:00Z,Coal,1112.000,Elexon BMRS FUELHH
2022-02-07T04:30:00Z,Gas,4009.000,Elexon BMRS FUELHH
2022-02-07T04:30:00Z,Hydro,635.000,Elexon BMRS FUELHH
2022-02-07T04:30:00Z,Imports & Exports,2934.000,Elexon BMRS FUELHH
2022-02-07T04:30:00Z,Nuclear,5656.000,Elexon BMRS FUELHH
2022-02-07T04:30:00Z,Other,171.000,Elexon BMRS FUELHH
2022-02-07T04:30:00Z,Pumped Storage,-18.000,Elexon BMRS FUELHH
2022-02-07T04:30:00Z,Wind,7845.000,Elexon BMRS FUELHH
2022-02-07T05:00:00Z,Biomass,2280.000,Elexon BMRS FUELHH
2022-02-07T05:00:00Z,Coal,1242.000,Elexon BMRS FUELHH
2022-02-07T05:00:00Z,Gas,4724.000,Elexon BMRS FUELHH
2022-02-07T05:00:00Z,Hydro,753.000,Elexon BMRS FUELHH
2022-02-07T05:00:00Z,Imports & Exports,3160.000,Elexon BMRS FUELHH
2022-02-07T05:00:00Z,Nuclear,5652.000,Elexon BMRS FUELHH
2022-02-07T05:00:00Z,Other,211.000,Elexon BMRS FUELHH
2022-02-07T05:00:00Z,Pumped Storage,0.000,Elexon BMRS FUELHH
2022-02-07T05:00:00Z,Wind,7864.000,Elexon BMRS FUELHH
2022-02-07T05:30:00Z,Biomass,2282.000,Elexon BMRS FUELHH
2022-02-07T05:30:00Z,Coal,1216.000,Elexon BMRS FUELHH
2022-02-07T05:30:00Z,Gas,5806.000,Elexon BMRS FUELHH
2022-02-07T05:30:00Z,Hydro,731.000,Elexon BMRS FUELHH
2022-02-07T05:30:00Z,Imports & Exports,3340.000,Elexon BMRS FUELHH
2022-02-07T05:30:00Z,Nuclear,5655.000,Elexon BMRS FUELHH
2022-02-07T05:30:00Z,Other,161.000,Elexon BMRS FUELHH
2022-02-07T05:30:00Z,Pumped Storage,-36.000,Elexon BMRS FUELHH
2022-02-07T05:30:00Z,Wind,7801.000,Elexon BMRS FUELHH
2022-02-07T06:00:00Z,Biomass,2277.000,Elexon BMRS FUELHH
2022-02-07T06:00:00Z,Coal,1284.000,Elexon BMRS FUELHH
2022-02-07T06:00:00Z,Gas,8748.000,Elexon BMRS FUELHH
2022-02-07T06:00:00Z,Hydro,837.000,Elexon BMRS FUELHH
2022-02-07T06:00:00Z,Imports & Exports,3334.000,Elexon BMRS FUELHH
2022-02-07T06:00:00Z,Nuclear,5652.000,Elexon BMRS FUELHH
2022-02-07T06:00:00Z,Other,168.000,Elexon BMRS FUELHH
2022-02-07T06:00:00Z,Pumped Storage,100.000,Elexon BMRS FUELHH
2022-02-07T06:00:00Z,Wind,7281.000,Elexon BMRS FUELHH
2022-02-07T06:30:00Z,Biomass,2278.000,Elexon BMRS FUELHH
2022-02-07T06:30:00Z,Coal,1451.000,Elexon BMRS FUELHH
2022-02-07T06:30:00Z,Gas,11856.000,Elexon BMRS FUELHH
2022-02-07T06:30:00Z,Hydro,891.000,Elexon BMRS FUELHH
2022-02-07T06:30:00Z,Imports & Exports,3320.000,Elexon BMRS FUELHH
2022-02-07T06:30:00Z,Nuclear,5655.000,Elexon BMRS FUELHH
2022-02-07T06:30:00Z,Other,188.000,Elexon BMRS FUELHH
2022-02-07T06:30:00Z,Pumped Storage,-4.000,Elexon BMRS FUELHH
2022-02-07T06:30:00Z,Wind,7044.000,Elexon BMRS FUELHH
2022-02-07T07:00:00Z,Biomass,2275.000,Elexon BMRS FUELHH
2022-02-07T07:00:00Z,Coal,1475.000,Elexon BMRS FUELHH
2022-02-07T07:00:00Z,Gas,14095.000,Elexon BMRS FUELHH
2022-02-07T07:00:00Z,Hydro,911.000,Elexon BMRS FUELHH
2022-02-07T07:00:00Z,Imports & Exports,3440.000,Elexon BMRS FUELHH
2022-02-07T07:00:00Z,Nuclear,5658.000,Elexon BMRS FUELHH
2022-02-07T07:00:00Z,Other,425.000,Elexon BMRS FUELHH
2022-02-07T07:00:00Z,Pumped Storage,740.000,Elexon BMRS FUELHH
2022-02-07T07:00:00Z,Wind,6936.000,Elexon BMRS FUELHH
2022-02-07T07:30:00Z,Biomass,2273.000,Elexon BMRS FUELHH
2022-02-07T07:30:00Z,Coal,1470.000,Elexon BMRS FUELHH
2022-02-07T07:30:00Z,Gas,14867.000,Elexon BMRS FUELHH
2022-02-07T07:30:00Z,Hydro,901.000,Elexon BMRS FUELHH
2022-02-07T07:30:00Z,Imports & Exports,3386.000,Elexon BMRS FUELHH
2022-02-07T07:30:00Z,Nuclear,5658.000,Elexon BMRS FUELHH
2022-02-07T07:30:00Z,Other,581.000,Elexon BMRS FUELHH
2022-02-07T07:30:00Z,Pumped Storage,1230.000,Elexon BMRS FUELHH
2022-02-07T07:30:00Z,Wind,6942.000,Elexon BMRS FUELHH
2022-02-07T08:00:00Z,Biomass,2270.000,Elexon BMRS FUELHH
2022-02-07T08:00:00Z,Coal,1477.000,Elexon BMRS FUELHH
2022-02-07T08:00:00Z,Gas,15387.000,Elexon BMRS FUELHH
2022-02-07T08:00:00Z,Hydro,936.000,Elexon BMRS FUELHH
2022-02-07T08:00:00Z,Imports & Exports,3100.000,Elexon BMRS FUELHH
2022-02-07T08:00:00Z,Nuclear,5656.000,Elexon BMRS FUELHH
2022-02-07T08:00:00Z,Other,732.000,Elexon BMRS FUELHH
2022-02-07T08:00:00Z,Pumped Storage,1764.000,Elexon BMRS FUELHH
2022-02-07T08:00:00Z,Wind,6887.000,Elexon BMRS FUELHH
2022-02-07T08:30:00Z,Biomass,2253.000,Elexon BMRS FUELHH
2022-02-07T08:30:00Z,Coal,1476.000,Elexon BMRS FUELHH
2022-02-07T08:30:00Z,Gas,15298.000,Elexon BMRS FUELHH
2022-02-07T08:30:00Z,Hydro,938.000,Elexon BMRS FUELHH
2022-02-07T08:30:00Z,Imports & Exports,3070.000,Elexon BMRS FUELHH
2022-02-07T08:30:00Z,Nuclear,5660.000,Elexon BMRS FUELHH
2022-02-07T08:30:00Z,Other,747.000,Elexon BMRS FUELHH
2022-02-07T08:30:00Z,Pumped Storage,1558.000,Elexon BMRS FUELHH
2022-02-07T08:30:00Z,Wind,7671.000,Elexon BMRS FUELHH
2022-02-07T09:00:00Z,Biomass,2206.000,Elexon BMRS FUELHH
2022-02-07T09:00:00Z,Coal,1480.000,Elexon BMRS FUELHH
2022-02-07T09:00:00Z,Gas,15250.000,Elexon BMRS FUELHH
2022-02-07T09:00:00Z,Hydro,929.000,Elexon BMRS FUELHH
2022-02-07T09:00:00Z,Imports & Exports,3540.000,Elexon BMRS FUELHH
2022-02-07T09:00:00Z,Nuclear,5658.000,Elexon BMRS FUELHH
2022-02-07T09:00:00Z,Other,611.000,Elexon BMRS FUELHH
2022-02-07T09:00:00Z,Pumped Storage,1496.000,Elexon BMRS FUELHH
2022-02-07T09:00:00Z,Wind,7853.000,Elexon BMRS FUELHH
2022-02-07T09:30:00Z,Biomass,2163.000,Elexon BMRS FUELHH
2022-02-07T09:30:00Z,Coal,1481.000,Elexon BMRS FUELHH
2022-02-07T09:30:00Z,Gas,15269.000,Elexon BMRS FUELHH
2022-02-07T09:30:00Z,Hydro,931.000,Elexon BMRS FUELHH
2022-02-07T09:30:00Z,Imports & Exports,3510.000,Elexon BMRS FUELHH
2022-02-07T09:30:00Z,Nuclear,5657.000,Elexon BMRS FUELHH
2022-02-07T09:30:00Z,Other,494.000,Elexon BMRS FUELHH
2022-02-07T09:30:00Z,Pumped Storage,1170.000,Elexon BMRS FUELHH
2022-02-07T09:30:00Z,Wind,8061.000,Elexon BMRS FUELHH
2022-02-07T10:00:00Z,Biomass,2217.000,Elexon BMRS FUELHH
2022-02-07T10:00:00Z,Coal,1369.000,Elexon BMRS FUELHH
2022-02-07T10:00:00Z,Gas,15294.000,Elexon BMRS FUELHH
2022-02-07T10:00:00Z,Hydro,915.000,Elexon BMRS FUELHH
2022-02-07T10:00:00Z,Imports & Exports,3866.000,Elexon BMRS FUELHH
2022-02-07T10:00:00Z,Nuclear,5663.000,Elexon BMRS FUELHH
2022-02-07T10:00:00Z,Other,314.000,Elexon BMRS FUELHH
2022-02-07T10:00:00Z,Pumped Storage,92.000,Elexon BMRS FUELHH
2022-02-07T10:00:00Z,Wind,8153.000,Elexon BMRS FUELHH
2022-02-07T10:30:00Z,Biomass,2217.000,Elexon BMRS FUELHH
2022-02-07T10:30:00Z,Coal,1315.000,Elexon BMRS FUELHH
2022-02-07T10:30:00Z,Gas,15127.000,Elexon BMRS FUELHH
2022-02-07T10:30:00Z,Hydro,747.000,Elexon BMRS FUELHH
2022-02-07T10:30:00Z,Imports & Exports,3890.000,Elexon BMRS FUELHH
2022-02-07T10:30:00Z,Nuclear,5666.000,Elexon BMRS FUELHH
2022-02-07T10:30:00Z,Other,357.000,Elexon BMRS FUELHH
2022-02-07T10:30:00Z,Pumped Storage,218.000,Elexon BMRS FUELHH
2022-02-07T10:30:00Z,Wind,8231.000,Elexon BMRS FUELHH
2022-02-07T11:00:00Z,Biomass,2214.000,Elexon BMRS FUELHH
2022-02-07T11:00:00Z,Coal,1477.000,Elexon BMRS FUELHH
2022-02-07T11:00:00Z,Gas,14746.000,Elexon BMRS FUELHH
2022-02-07T11:00:00Z,Hydro,503.000,Elexon BMRS FUELHH
2022-02-07T11:00:00Z,Imports & Exports,3990.000,Elexon BMRS FUELHH
2022-02-07T11:00:00Z,Nuclear,5669.000,Elexon BMRS FUELHH
2022-02-07T11:00:00Z,Other,287.000,Elexon BMRS FUELHH
2022-02-07T11:00:00Z,Pumped Storage,-14.000,Elexon BMRS FUELHH
2022-02-07T11:00:00Z,Wind,8824.000,Elexon BMRS FUELHH
2022-02-07T11:30:00Z,Biomass,2213.000,Elexon BMRS FUELHH
2022-02-07T11:30:00Z,Coal,1478.000,Elexon BMRS FUELHH
2022-02-07T11:30:00Z,Gas,14437.000,Elexon BMRS FUELHH
2022-02-07T11:30:00Z,Hydro,490.000,Elexon BMRS FUELHH
2022-02-07T11:30:00Z,Imports & Exports,3858.000,Elexon BMRS FUELHH
2022-02-07T11:30:00Z,Nuclear,5673.000,Elexon BMRS FUELHH
2022-02-07T11:30:00Z,Other,160.000,Elexon BMRS FUELHH
2022-02-07T11:30:00Z,Pumped Storage,-12.000,Elexon BMRS FUELHH
2022-02-07T11:30:00Z,Wind,9071.000,Elexon BMRS FUELHH
2022-02-07T12:00:00Z,Biomass,2173.000,Elexon BMRS FUELHH
2022-02-07T12:00:00Z,Coal,1481.000,Elexon BMRS FUELHH
2022-02-07T12:00:00Z,Gas,14003.000,Elexon BMRS FUELHH
2022-02-07T12:00:00Z,Hydro,450.000,Elexon BMRS FUELHH
2022-02-07T12:00:00Z,Imports & Exports,4288.000,Elexon BMRS FUELHH
2022-02-07T12:00:00Z,Nuclear,5614.000,Elexon BMRS FUELHH
2022-02-07T12:00:00Z,Other,154.000,Elexon BMRS FUELHH
2022-02-07T12:00:00Z,Pumped Storage,30.000,Elexon BMRS FUELHH
2022-02-07T12:00:00Z,Wind,9589.000,Elexon BMRS FUELHH
2022-02-07T12:30:00Z,Biomass,2030.000,Elexon BMRS FUELHH
2022-02-07T12:30:00Z,Coal,1431.000,Elexon BMRS FUELHH
2022-02-07T12:30:00Z,Gas,13672.000,Elexon BMRS FUELHH
2022-02-07T12:30:00Z,Hydro,437.000,Elexon BMRS FUELHH
2022-02-07T12:30:00Z,Imports & Exports,4180.000,Elexon BMRS FUELHH
2022-02-07T12:30:00Z,Nuclear,5587.000,Elexon BMRS FUELHH
2022-02-07T12:30:00Z,Other,149.000,Elexon BMRS FUELHH
2022-02-07T12:30:00Z,Pumped Storage,8.000,Elexon BMRS FUELHH
2022-02-07T12:30:00Z,Wind,10194.000,Elexon BMRS FUELHH
2022-02-07T13:00:00Z,Biomass,2067.000,Elexon BMRS FUELHH
2022-02-07T13:00:00Z,Coal,1428.000,Elexon BMRS FUELHH
2022-02-07T13:00:00Z,Gas,13840.000,Elexon BMRS FUELHH
2022-02-07T13:00:00Z,Hydro,454.000,Elexon BMRS FUELHH
2022-02-07T13:00:00Z,Imports & Exports,3490.000,Elexon BMRS FUELHH
2022-02-07T13:00:00Z,Nuclear,5592.000,Elexon BMRS FUELHH
2022-02-07T13:00:00Z,Other,174.000,Elexon BMRS FUELHH
2022-02-07T13:00:00Z,Pumped Storage,18.000,Elexon BMRS FUELHH
2022-02-07T13:00:00Z,Wind,10705.000,Elexon BMRS FUELHH
2022-02-07T13:30:00Z,Biomass,2033.000,Elexon BMRS FUELHH
2022-02-07T13:30:00Z,Coal,1238.000,Elexon BMRS FUELHH
2022-02-07T13:30:00Z,Gas,13097.000,Elexon BMRS FUELHH
2022-02-07T13:30:00Z,Hydro,460.000,Elexon BMRS FUELHH
2022-02-07T13:30:00Z,Imports & Exports,3348.000,Elexon BMRS FUELHH
2022-02-07T13:30:00Z,Nuclear,5595.000,Elexon BMRS FUELHH
2022-02-07T13:30:00Z,Other,158.000,Elexon BMRS FUELHH
2022-02-07T13:30:00Z,Pumped Storage,-10.000,Elexon BMRS FUELHH
2022-02-07T13:30:00Z,Wind,11623.000,Elexon BMRS FUELHH
2022-02-07T14:00:00Z,Biomass,2031.000,Elexon BMRS FUELHH
2022-02-07T14:00:00Z,Coal,1369.000,Elexon BMRS FUELHH
2022-02-07T14:00:00Z,Gas,13052.000,Elexon BMRS FUELHH
2022-02-07T14:00:00Z,Hydro,449.000,Elexon BMRS FUELHH
2022-02-07T14:00:00Z,Imports & Exports,2658.000,Elexon BMRS FUELHH
2022-02-07T14:00:00Z,Nuclear,5594.000,Elexon BMRS FUELHH
2022-02-07T14:00:00Z,Other,161.000,Elexon BMRS FUELHH
2022-02-07T14:00:00Z,Pumped Storage,-14.000,Elexon BMRS FUELHH
2022-02-07T14:00:00Z,Wind,12000.000,Elexon BMRS FUELHH
2022-02-07T14:30:00Z,Biomass,2067.000,Elexon BMRS FUELHH
2022-02-07T14:30:00Z,Coal,1449.000,Elexon BMRS FUELHH
2022-02-07T14:30:00Z,Gas,12416.000,Elexon BMRS FUELHH
2022-02-07T14:30:00Z,Hydro,431.000,Elexon BMRS FUELHH
2022-02-07T14:30:00Z,Imports & Exports,2678.000,Elexon BMRS FUELHH
2022-02-07T14:30:00Z,Nuclear,5594.000,Elexon BMRS FUELHH
2022-02-07T14:30:00Z,Other,156.000,Elexon BMRS FUELHH
2022-02-07T14:30:00Z,Pumped Storage,-214.000,Elexon BMRS FUELHH
2022-02-07T14:30:00Z,Wind,12508.000,Elexon BMRS FUELHH
2022-02-07T15:00:00Z,Biomass,2234.000,Elexon BMRS FUELHH
2022-02-07T15:00:00Z,Coal,1434.000,Elexon BMRS FUELHH
2022-02-07T15:00:00Z,Gas,12832.000,Elexon BMRS FUELHH
2022-02-07T15:00:00Z,Hydro,452.000,Elexon BMRS FUELHH
2022-02-07T15:00:00Z,Imports & Exports,1764.000,Elexon BMRS FUELHH
2022-02-07T15:00:00Z,Nuclear,5605.000,Elexon BMRS FUELHH
2022-02-07T15:00:00Z,Other,149.000,Elexon BMRS FUELHH
2022-02-07T15:00:00Z,Pumped Storage,-320.000,Elexon BMRS FUELHH
2022-02-07T15:00:00Z,Wind,12818.000,Elexon BMRS FUELHH
2022-02-07T15:30:00Z,Biomass,2174.000,Elexon BMRS FUELHH
2022-02-07T15:30:00Z,Coal,1381.000,Elexon BMRS FUELHH
2022-02-07T15:30:00Z,Gas,13252.000,Elexon BMRS FUELHH
2022-02-07T15:30:00Z,Hydro,469.000,Elexon BMRS FUELHH
2022-02-07T15:30:00Z,Imports & Exports,1856.000,Elexon BMRS FUELHH
2022-02-07T15:30:00Z,Nuclear,5619.000,Elexon BMRS FUELHH
2022-02-07T15:30:00Z,Other,160.000,Elexon BMRS FUELHH
2022-02-07T15:30:00Z,Pumped Storage,-316.000,Elexon BMRS FUELHH
2022-02-07T15:30:00Z,Wind,13111.000,Elexon BMRS FUELHH
2022-02-07T16:00:00Z,Biomass,2222.000,Elexon BMRS FUELHH
2022-02-07T16:00:00Z,Coal,1467.000,Elexon BMRS FUELHH
2022-02-07T16:00:00Z,Gas,14292.000,Elexon BMRS FUELHH
2022-02-07T16:00:00Z,Hydro,700.000,Elexon BMRS FUELHH
2022-02-07T16:00:00Z,Imports & Exports,1172.000,Elexon BMRS FUELHH
2022-02-07T16:00:00Z,Nuclear,5637.000,Elexon BMRS FUELHH
2022-02-07T16:00:00Z,Other,204.000,Elexon BMRS FUELHH
2022-02-07T16:00:00Z,Pumped Storage,-320.000,Elexon BMRS FUELHH
2022-02-07T16:00:00Z,Wind,13406.000,Elexon BMRS FUELHH
2022-02-07T16:30:00Z,Biomass,2264.000,Elexon BMRS FUELHH
2022-02-07T16:30:00Z,Coal,1472.000,Elexon BMRS FUELHH
2022-02-07T16:30:00Z,Gas,14788.000,Elexon BMRS FUELHH
2022-02-07T16:30:00Z,Hydro,744.000,Elexon BMRS FUELHH
2022-02-07T16:30:00Z,Imports & Exports,1264.000,Elexon BMRS FUELHH
2022-02-07T16:30:00Z,Nuclear,5641.000,Elexon BMRS FUELHH
2022-02-07T16:30:00Z,Other,254.000,Elexon BMRS FUELHH
2022-02-07T16:30:00Z,Pumped Storage,390.000,Elexon BMRS FUELHH
2022-02-07T16:30:00Z,Wind,13334.000,Elexon BMRS FUELHH
2022-02-07T17:00:00Z,Biomass,2273.000,Elexon BMRS FUELHH
2022-02-07T17:00:00Z,Coal,1470.000,Elexon BMRS FUELHH
2022-02-07T17:00:00Z,Gas,15285.000,Elexon BMRS FUELHH
2022-02-07T17:00:00Z,Hydro,769.000,Elexon BMRS FUELHH
2022-02-07T17:00:00Z,Imports & Exports,1006.000,Elexon BMRS FUELHH
2022-02-07T17:00:00Z,Nuclear,5650.000,Elexon BMRS FUELHH
2022-02-07T17:00:00Z,Other,298.000,Elexon BMRS FUELHH
2022-02-07T17:00:00Z,Pumped Storage,1276.000,Elexon BMRS FUELHH
2022-02-07T17:00:00Z,Wind,13790.000,Elexon BMRS FUELHH
2022-02-07T17:30:00Z,Biomass,2276.000,Elexon BMRS FUELHH
2022-02-07T17:30:00Z,Coal,1472.000,Elexon BMRS FUELHH
2022-02-07T17:30:00Z,Gas,15152.000,Elexon BMRS FUELHH
2022-02-07T17:30:00Z,Hydro,770.000,Elexon BMRS FUELHH
2022-02-07T17:30:00Z,Imports & Exports,1094.000,Elexon BMRS FUELHH
2022-02-07T17:30:00Z,Nuclear,5654.000,Elexon BMRS FUELHH
2022-02-07T17:30:00Z,Other,403.000,Elexon BMRS FUELHH
2022-02-07T17:30:00Z,Pumped Storage,1714.000,Elexon BMRS FUELHH
2022-02-07T17:30:00Z,Wind,13891.000,Elexon BMRS FUELHH
2022-02-07T18:00:00Z,Biomass,2271.000,Elexon BMRS FUELHH
2022-02-07T18:00:00Z,Coal,1470.000,Elexon BMRS FUELHH
2022-02-07T18:00:00Z,Gas,14925.000,Elexon BMRS FUELHH
2022-02-07T18:00:00Z,Hydro,771.000,Elexon BMRS FUELHH
2022-02-07T18:00:00Z,Imports & Exports,764.000,Elexon BMRS FUELHH
2022-02-07T18:00:00Z,Nuclear,5659.000,Elexon BMRS FUELHH
2022-02-07T18:00:00Z,Other,465.000,Elexon BMRS FUELHH
2022-02-07T18:00:00Z,Pumped Storage,1500.000,Elexon BMRS FUELHH
2022-02-07T18:00:00Z,Wind,13942.000,Elexon BMRS FUELHH
2022-02-07T18:30:00Z,Biomass,2279.000,Elexon BMRS FUELHH
2022-02-07T18:30:00Z,Coal,1473.000,Elexon BMRS FUELHH
2022-02-07T18:30:00Z,Gas,14576.000,Elexon BMRS FUELHH
2022-02-07T18:30:00Z,Hydro,778.000,Elexon BMRS FUELHH
2022-02-07T18:30:00Z,Imports & Exports,806.000,Elexon BMRS FUELHH
2022-02-07T18:30:00Z,Nuclear,5658.000,Elexon BMRS FUELHH
2022-02-07T18:30:00Z,Other,504.000,Elexon BMRS FUELHH
2022-02-07T18:30:00Z,Pumped Storage,732.000,Elexon BMRS FUELHH
2022-02-07T18:30:00Z,Wind,14041.000,Elexon BMRS FUELHH
2022-02-07T19:00:00Z,Biomass,2304.000,Elexon BMRS FUELHH
2022-02-07T19:00:00Z,Coal,1475.000,Elexon BMRS FUELHH
2022-02-07T19:00:00Z,Gas,12900.000,Elexon BMRS FUELHH
2022-02-07T19:00:00Z,Hydro,671.000,Elexon BMRS FUELHH
2022-02-07T19:00:00Z,Imports & Exports,2084.000,Elexon BMRS FUELHH
2022-02-07T19:00:00Z,Nuclear,5658.000,Elexon BMRS FUELHH
2022-02-07T19:00:00Z,Other,326.000,Elexon BMRS FUELHH
2022-02-07T19:00:00Z,Pumped Storage,250.000,Elexon BMRS FUELHH
2022-02-07T19:00:00Z,Wind,14042.000,Elexon BMRS FUELHH
2022-02-07T19:30:00Z,Biomass,2304.000,Elexon BMRS FUELHH
2022-02-07T19:30:00Z,Coal,1468.000,Elexon BMRS FUELHH
2022-02-07T19:30:00Z,Gas,11936.000,Elexon BMRS FUELHH
2022-02-07T19:30:00Z,Hydro,587.000,Elexon BMRS FUELHH
2022-02-07T19:30:00Z,Imports & Exports,2078.000,Elexon BMRS FUELHH
2022-02-07T19:30:00Z,Nuclear,5667.000,Elexon BMRS FUELHH
2022-02-07T19:30:00Z,Other,183.000,Elexon BMRS FUELHH
2022-02-07T19:30:00Z,Pumped Storage,20.000,Elexon BMRS FUELHH
2022-02-07T19:30:00Z,Wind,13887.000,Elexon BMRS FUELHH
2022-02-07T20:00:00Z,Biomass,2326.000,Elexon BMRS FUELHH
2022-02-07T20:00:00Z,Coal,1460.000,Elexon BMRS FUELHH
2022-02-07T20:00:00Z,Gas,10214.000,Elexon BMRS FUELHH
2022-02-07T20:00:00Z,Hydro,515.000,Elexon BMRS FUELHH
2022-02-07T20:00:00Z,Imports & Exports,2254.000,Elexon BMRS FUELHH
2022-02-07T20:00:00Z,Nuclear,5669.000,Elexon BMRS FUELHH
2022-02-07T20:00:00Z,Other,154.000,Elexon BMRS FUELHH
2022-02-07T20:00:00Z,Pumped Storage,12.000,Elexon BMRS FUELHH
2022-02-07T20:00:00Z,Wind,13743.000,Elexon BMRS FUELHH
2022-02-07T20:30:00Z,Biomass,2331.000,Elexon BMRS FUELHH
2022-02-07T20:30:00Z,Coal,1376.000,Elexon BMRS FUELHH
2022-02-07T20:30:00Z,Gas,8680.000,Elexon BMRS FUELHH
2022-02-07T20:30:00Z,Hydro,511.000,Elexon BMRS FUELHH
2022-02-07T20:30:00Z,Imports & Exports,2248.000,Elexon BMRS FUELHH
2022-02-07T20:30:00Z,Nuclear,5667.000,Elexon BMRS FUELHH
2022-02-07T20:30:00Z,Other,157.000,Elexon BMRS FUELHH
2022-02-07T20:30:00Z,Pumped Storage,-16.000,Elexon BMRS FUELHH
2022-02-07T20:30:00Z,Wind,13769.000,Elexon BMRS FUELHH
2022-02-07T21:00:00Z,Biomass,2192.000,Elexon BMRS FUELHH
2022-02-07T21:00:00Z,Coal,1175.000,Elexon BMRS FUELHH
2022-02-07T21:00:00Z,Gas,7461.000,Elexon BMRS FUELHH
2022-02-07T21:00:00Z,Hydro,491.000,Elexon BMRS FUELHH
2022-02-07T21:00:00Z,Imports & Exports,2030.000,Elexon BMRS FUELHH
2022-02-07T21:00:00Z,Nuclear,5664.000,Elexon BMRS FUELHH
2022-02-07T21:00:00Z,Other,153.000,Elexon BMRS FUELHH
2022-02-07T21:00:00Z,Pumped Storage,-16.000,Elexon BMRS FUELHH
2022-02-07T21:00:00Z,Wind,13563.000,Elexon BMRS FUELHH
2022-02-07T21:30:00Z,Biomass,1842.000,Elexon BMRS FUELHH
2022-02-07T21:30:00Z,Coal,745.000,Elexon BMRS FUELHH
2022-02-07T21:30:00Z,Gas,6727.000,Elexon BMRS FUELHH
2022-02-07T21:30:00Z,Hydro,492.000,Elexon BMRS FUELHH
2022-02-07T21:30:00Z,Imports & Exports,1834.000,Elexon BMRS FUELHH
2022-02-07T21:30:00Z,Nuclear,5671.000,Elexon BMRS FUELHH
2022-02-07T21:30:00Z,Other,153.000,Elexon BMRS FUELHH
2022-02-07T21:30:00Z,Pumped Storage,-16.000,Elexon BMRS FUELHH
2022-02-07T21:30:00Z,Wind,13376.000,Elexon BMRS FUELHH
2022-02-07T22:00:00Z,Biomass,1706.000,Elexon BMRS FUELHH
2022-02-07T22:00:00Z,Coal,491.000,Elexon BMRS FUELHH
2022-02-07T22:00:00Z,Gas,6135.000,Elexon BMRS FUELHH
2022-02-07T22:00:00Z,Hydro,494.000,Elexon BMRS FUELHH
2022-02-07T22:00:00Z,Imports & Exports,950.000,Elexon BMRS FUELHH
2022-02-07T22:00:00Z,Nuclear,5676.000,Elexon BMRS FUELHH
2022-02-07T22:00:00Z,Other,176.000,Elexon BMRS FUELHH
2022-02-07T22:00:00Z,Pumped Storage,42.000,Elexon BMRS FUELHH
2022-02-07T22:00:00Z,Wind,12993.000,Elexon BMRS FUELHH
2022-02-07T22:30:00Z,Biomass,1709.000,Elexon BMRS FUELHH
2022-02-07T22:30:00Z,Coal,497.000,Elexon BMRS FUELHH
2022-02-07T22:30:00Z,Gas,4639.000,Elexon BMRS FUELHH
2022-02-07T22:30:00Z,Hydro,490.000,Elexon BMRS FUELHH
2022-02-07T22:30:00Z,Imports & Exports,738.000,Elexon BMRS FUELHH
2022-02-07T22:30:00Z,Nuclear,5675.000,Elexon BMRS FUELHH
2022-02-07T22:30:00Z,Other,181.000,Elexon BMRS FUELHH
2022-02-07T22:30:00Z,Pumped Storage,-78.000,Elexon BMRS FUELHH
2022-02-07T22:30:00Z,Wind,12825.000,Elexon BMRS FUELHH
2022-02-07T23:00:00Z,Biomass,1700.000,Elexon BMRS FUELHH
2022-02-07T23:00:00Z,Coal,493.000,Elexon BMRS FUELHH
2022-02-07T23:00:00Z,Gas,3128.000,Elexon BMRS FUELHH
2022-02-07T23:00:00Z,Hydro,485.000,Elexon BMRS FUELHH
2022-02-07T23:00:00Z,Imports & Exports,1480.000,Elexon BMRS FUELHH
2022-02-07T23:00:00Z,Nuclear,5678.000,Elexon BMRS FUELHH
2022-02-07T23:00:00Z,Other,167.000,Elexon BMRS FUELHH
2022-02-07T23:00:00Z,Pumped Storage,-1108.000,Elexon BMRS FUELHH
2022-02-07T23:00:00Z,Wind,12940.000,Elexon BMRS FUELHH
2022-02-07T23:30:00Z,Biomass,1622.000,Elexon BMRS FUELHH
2022-02-07T23:30:00Z,Coal,495.000,Elexon BMRS FUELHH
2022-02-07T23:30:00Z,Gas,2424.000,Elexon BMRS FUELHH
2022-02-07T23:30:00Z,Hydro,477.000,Elexon BMRS FUELHH
2022-02-07T23:30:00Z,Imports & Exports,1790.000,Elexon BMRS FUELHH
2022-02-07T23:30:00Z,Nuclear,5679.000,Elexon BMRS FUELHH
2022-02-07T23:30:00Z,Other,149.000,Elexon BMRS FUELHH
2022-02-07T23:30:00Z,Pumped Storage,-1860.000,Elexon BMRS FUELHH
2022-02-07T23:30:00Z,Wind,12776.000,Elexon BMRS FUELHH
2022-02-08T00:00:00Z,Biomass,1665.000,Elexon BMRS FUELHH
2022-02-08T00:00:00Z,Coal,488.000,Elexon BMRS FUELHH
2022-02-08T00:00:00Z,Gas,2293.000,Elexon BMRS FUELHH
2022-02-08T00:00:00Z,Hydro,467.000,Elexon BMRS FUELHH
2022-02-08T00:00:00Z,Imports & Exports,1844.000,Elexon BMRS FUELHH
2022-02-08T00:00:00Z,Nuclear,5686.000,Elexon BMRS FUELHH
2022-02-08T00:00:00Z,Other,147.000,Elexon BMRS FUELHH
2022-02-08T00:00:00Z,Pumped Storage,-1868.000,Elexon BMRS FUELHH
2022-02-08T00:00:00Z,Wind,12609.000,Elexon BMRS FUELHH
2022-02-08T00:30:00Z,Biomass,1673.000,Elexon BMRS FUELHH
2022-02-08T00:30:00Z,Coal,486.000,Elexon BMRS FUELHH
2022-02-08T00:30:00Z,Gas,2660.000,Elexon BMRS FUELHH
2022-02-08T00:30:00Z,Hydro,472.000,Elexon BMRS FUELHH
2022-02-08T00:30:00Z,Imports & Exports,1960.000,Elexon BMRS FUELHH
2022-02-08T00:30:00Z,Nuclear,5685.000,Elexon BMRS FUELHH
2022-02-08T00:30:00Z,Other,147.000,Elexon BMRS FUELHH
2022-02-08T00:30:00Z,Pumped Storage,-1746.000,Elexon BMRS FUELHH
2022-02-08T00:30:00Z,Wind,12542.000,Elexon BMRS FUELHH
2022-02-08T01:00:00Z,Biomass,1625.000,Elexon BMRS FUELHH
2022-02-08T01:00:00Z,Coal,379.000,Elexon BMRS FUELHH
2022-02-08T01:00:00Z,Gas,2614.000,Elexon BMRS FUELHH
2022-02-08T01:00:00Z,Hydro,487.000,Elexon BMRS FUELHH
2022-02-08T01:00:00Z,Imports & Exports,1704.000,Elexon BMRS FUELHH
2022-02-08T01:00:00Z,Nuclear,5688.000,Elexon BMRS FUELHH
2022-02-08T01:00:00Z,Other,148.000,Elexon BMRS FUELHH
2022-02-08T01:00:00Z,Pumped Storage,-1842.000,Elexon BMRS FUELHH
2022-02-08T01:00:00Z,Wind,12824.000,Elexon BMRS FUELHH
2022-02-08T01:30:00Z,Biomass,1530.000,Elexon BMRS FUELHH
2022-02-08T01:30:00Z,Coal,301.000,Elexon BMRS FUELHH
2022-02-08T01:30:00Z,Gas,2427.000,Elexon BMRS FUELHH
2022-02-08T01:30:00Z,Hydro,482.000,Elexon BMRS FUELHH
2022-02-08T01:30:00Z,Imports & Exports,1624.000,Elexon BMRS FUELHH
2022-02-08T01:30:00Z,Nuclear,5686.000,Elexon BMRS FUELHH
2022-02-08T01:30:00Z,Other,147.000,Elexon BMRS FUELHH
2022-02-08T01:30:00Z,Pumped Storage,-1832.000,Elexon BMRS FUELHH
2022-02-08T01:30:00Z,Wind,12822.000,Elexon BMRS FUELHH
2022-02-08T02:00:00Z,Biomass,1477.000,Elexon BMRS FUELHH
2022-02-08T02:00:00Z,Coal,305.000,Elexon BMRS FUELHH
2022-02-08T02:00:00Z,Gas,2590.000,Elexon BMRS FUELHH
2022-02-08T02:00:00Z,Hydro,482.000,Elexon BMRS FUELHH
2022-02-08T02:00:00Z,Imports & Exports,1298.000,Elexon BMRS FUELHH
2022-02-08T02:00:00Z,Nuclear,5685.000,Elexon BMRS FUELHH
2022-02-08T02:00:00Z,Other,150.000,Elexon BMRS FUELHH
2022-02-08T02:00:00Z,Pumped Storage,-1892.000,Elexon BMRS FUELHH
2022-02-08T02:00:00Z,Wind,12651.000,Elexon BMRS FUELHH
2022-02-08T02:30:00Z,Biomass,1311.000,Elexon BMRS FUELHH
2022-02-08T02:30:00Z,Coal,289.000,Elexon BMRS FUELHH
2022-02-08T02:30:00Z,Gas,2571.000,Elexon BMRS FUELHH
2022-02-08T02:30:00Z,Hydro,465.000,Elexon BMRS FUELHH
2022-02-08T02:30:00Z,Imports & Exports,1272.000,Elexon BMRS FUELHH
2022-02-08T02:30:00Z,Nuclear,5686.000,Elexon BMRS FUELHH
2022-02-08T02:30:00Z,Other,148.000,Elexon BMRS FUELHH
2022-02-08T02:30:00Z,Pumped Storage,-2014.000,Elexon BMRS FUELHH
2022-02-08T02:30:00Z,Wind,12789.000,Elexon BMRS FUELHH
2022-02-08T03:00:00Z,Biomass,1312.000,Elexon BMRS FUELHH
2022-02-08T03:00:00Z,Coal,292.000,Elexon BMRS FUELHH
2022-02-08T03:00:00Z,Gas,2619.000,Elexon BMRS FUELHH
2022-02-08T03:00:00Z,Hydro,445.000,Elexon BMRS FUELHH
2022-02-08T03:00:00Z,Imports & Exports,922.000,Elexon BMRS FUELHH
2022-02-08T03:00:00Z,Nuclear,5683.000,Elexon BMRS FUELHH
2022-02-08T03:00:00Z,Other,151.000,Elexon BMRS FUELHH
2022-02-08T03:00:00Z,Pumped Storage,-1998.000,Elexon BMRS FUELHH
2022-02-08T03:00:00Z,Wind,12805.000,Elexon BMRS FUELHH
2022-02-08T03:30:00Z,Biomass,1322.000,Elexon BMRS FUELHH
2022-02-08T03:30:00Z,Coal,290.000,Elexon BMRS FUELHH
2022-02-08T03:30:00Z,Gas,2605.000,Elexon BMRS FUELHH
2022-02-08T03:30:00Z,Hydro,441.000,Elexon BMRS FUELHH
2022-02-08T03:30:00Z,Imports & Exports,838.000,Elexon BMRS FUELHH
2022-02-08T03:30:00Z,Nuclear,5685.000,Elexon BMRS FUELHH
2022-02-08T03:30:00Z,Other,151.000,Elexon BMRS FUELHH
2022-02-08T03:30:00Z,Pumped Storage,-1992.000,Elexon BMRS FUELHH
2022-02-08T03:30:00Z,Wind,12660.000,Elexon BMRS FUELHH
2022-02-08T04:00:00Z,Biomass,1324.000,Elexon BMRS FUELHH
2022-02-08T04:00:00Z,Coal,298.000,Elexon BMRS FUELHH
2022-02-08T04:00:00Z,Gas,2634.000,Elexon BMRS FUELHH
2022-02-08T04:00:00Z,Hydro,441.000,Elexon BMRS FUELHH
2022-02-08T04:00:00Z,Imports & Exports,622.000,Elexon BMRS FUELHH
2022-02-08T04:00:00Z,Nuclear,5682.000,Elexon BMRS FUELHH
2022-02-08T04:00:00Z,Other,154.000,Elexon BMRS FUELHH
2022-02-08T04:00:00Z,Pumped Storage,-1974.000,Elexon BMRS FUELHH
2022-02-08T04:00:00Z,Wind,12605.000,Elexon BMRS FUELHH
2022-02-08T04:30:00Z,Biomass,1325.000,Elexon BMRS FUELHH
2022-02-08T04:30:00Z,Coal,307.000,Elexon BMRS FUELHH
2022-02-08T04:30:00Z,Gas,2664.000,Elexon BMRS FUELHH
2022-02-08T04:30:00Z,Hydro,443.000,Elexon BMRS FUELHH
2022-02-08T04:30:00Z,Imports & Exports,652.000,Elexon BMRS FUELHH
2022-02-08T04:30:00Z,Nuclear,5679.000,Elexon BMRS FUELHH
2022-02-08T04:30:00Z,Other,157.000,Elexon BMRS FUELHH
2022-02-08T04:30:00Z,Pumped Storage,-1630.000,Elexon BMRS FUELHH
2022-02-08T04:30:00Z,Wind,12448.000,Elexon BMRS FUELHH
2022-02-08T05:00:00Z,Biomass,1305.000,Elexon BMRS FUELHH
2022-02-08T05:00:00Z,Coal,296.000,Elexon BMRS FUELHH
2022-02-08T05:00:00Z,Gas,2656.000,Elexon BMRS FUELHH
2022-02-08T05:00:00Z,Hydro,462.000,Elexon BMRS FUELHH
2022-02-08T05:00:00Z,Imports & Exports,1594.000,Elexon BMRS FUELHH
2022-02-08T05:00:00Z,Nuclear,5680.000,Elexon BMRS FUELHH
2022-02-08T05:00:00Z,Other,154.000,Elexon BMRS FUELHH
2022-02-08T05:00:00Z,Pumped Storage,-1370.000,Elexon BMRS FUELHH
2022-02-08T05:00:00Z,Wind,12202.000,Elexon BMRS FUELHH
2022-02-08T05:30:00Z,Biomass,1317.000,Elexon BMRS FUELHH
2022-02-08T05:30:00Z,Coal,294.000,Elexon BMRS FUELHH
2022-02-08T05:30:00Z,Gas,2870.000,Elexon BMRS FUELHH
2022-02-08T05:30:00Z,Hydro,488.000,Elexon BMRS FUELHH
2022-02-08T05:30:00Z,Imports & Exports,1878.000,Elexon BMRS FUELHH
2022-02-08T05:30:00Z,Nuclear,5681.000,Elexon BMRS FUELHH
2022-02-08T05:30:00Z,Other,150.000,Elexon BMRS FUELHH
2022-02-08T05:30:00Z,Pumped Storage,-1306.000,Elexon BMRS FUELHH
2022-02-08T05:30:00Z,Wind,12649.000,Elexon BMRS FUELHH
2022-02-08T06:00:00Z,Biomass,1525.000,Elexon BMRS FUELHH
2022-02-08T06:00:00Z,Coal,567.000,Elexon BMRS FUELHH
2022-02-08T06:00:00Z,Gas,4698.000,Elexon BMRS FUELHH
2022-02-08T06:00:00Z,Hydro,543.000,Elexon BMRS FUELHH
2022-02-08T06:00:00Z,Imports & Exports,1618.000,Elexon BMRS FUELHH
2022-02-08T06:00:00Z,Nuclear,5678.000,Elexon BMRS FUELHH
2022-02-08T06:00:00Z,Other,156.000,Elexon BMRS FUELHH
2022-02-08T06:00:00Z,Pumped Storage,-602.000,Elexon BMRS FUELHH
2022-02-08T06:00:00Z,Wind,12832.000,Elexon BMRS FUELHH
2022-02-08T06:30:00Z,Biomass,1973.000,Elexon BMRS FUELHH
2022-02-08T06:30:00Z,Coal,809.000,Elexon BMRS FUELHH
2022-02-08T06:30:00Z,Gas,6499.000,Elexon BMRS FUELHH
2022-02-08T06:30:00Z,Hydro,555.000,Elexon BMRS FUELHH
2022-02-08T06:30:00Z,Imports & Exports,1668.000,Elexon BMRS FUELHH
2022-02-08T06:30:00Z,Nuclear,5679.000,Elexon BMRS FUELHH
2022-02-08T06:30:00Z,Other,158.000,Elexon BMRS FUELHH
2022-02-08T06:30:00Z,Pumped Storage,-408.000,Elexon BMRS FUELHH
2022-02-08T06:30:00Z,Wind,12965.000,Elexon BMRS FUELHH
2022-02-08T07:00:00Z,Biomass,2161.000,Elexon BMRS FUELHH
2022-02-08T07:00:00Z,Coal,923.000,Elexon BMRS FUELHH
2022-02-08T07:00:00Z,Gas,8372.000,Elexon BMRS FUELHH
2022-02-08T07:00:00Z,Hydro,578.000,Elexon BMRS FUELHH
2022-02-08T07:00:00Z,Imports & Exports,1944.000,Elexon BMRS FUELHH
2022-02-08T07:00:00Z,Nuclear,5682.000,Elexon BMRS FUELHH
2022-02-08T07:00:00Z,Other,176.000,Elexon BMRS FUELHH
2022-02-08T07:00:00Z,Pumped Storage,-12.000,Elexon BMRS FUELHH
2022-02-08T07:00:00Z,Wind,13224.000,Elexon BMRS FUELHH
2022-02-08T07:30:00Z,Biomass,2196.000,Elexon BMRS FUELHH
2022-02-08T07:30:00Z,Coal,974.000,Elexon BMRS FUELHH
2022-02-08T07:30:00Z,Gas,9966.000,Elexon BMRS FUELHH
2022-02-08T07:30:00Z,Hydro,617.000,Elexon BMRS FUELHH
2022-02-08T07:30:00Z,Imports & Exports,1830.000,Elexon BMRS FUELHH
2022-02-08T07:30:00Z,Nuclear,5681.000,Elexon BMRS FUELHH
2022-02-08T07:30:00Z,Other,182.000,Elexon BMRS FUELHH
2022-02-08T07:30:00Z,Pumped Storage,264.000,Elexon BMRS FUELHH
2022-02-08T07:30:00Z,Wind,12964.000,Elexon BMRS FUELHH
2022-02-08T08:00:00Z,Biomass,2252.000,Elexon BMRS FUELHH
2022-02-08T08:00:00Z,Coal,975.000,Elexon BMRS FUELHH
2022-02-08T08:00:00Z,Gas,10091.000,Elexon BMRS FUELHH
2022-02-08T08:00:00Z,Hydro,618.000,Elexon BMRS FUELHH
2022-02-08T08:00:00Z,Imports & Exports,2634.000,Elexon BMRS FUELHH
2022-02-08T08:00:00Z,Nuclear,5681.000,Elexon BMRS FUELHH
2022-02-08T08:00:00Z,Other,154.000,Elexon BMRS FUELHH
2022-02-08T08:00:00Z,Pumped Storage,210.000,Elexon BMRS FUELHH
2022-02-08T08:00:00Z,Wind,12967.000,Elexon BMRS FUELHH
2022-02-08T08:30:00Z,Biomass,2175.000,Elexon BMRS FUELHH
2022-02-08T08:30:00Z,Coal,971.000,Elexon BMRS FUELHH
2022-02-08T08:30:00Z,Gas,10126.000,Elexon BMRS FUELHH
2022-02-08T08:30:00Z,Hydro,665.000,Elexon BMRS FUELHH
2022-02-08T08:30:00Z,Imports & Exports,2830.000,Elexon BMRS FUELHH
2022-02-08T08:30:00Z,Nuclear,5684.000,Elexon BMRS FUELHH
2022-02-08T08:30:00Z,Other,183.000,Elexon BMRS FUELHH
2022-02-08T08:30:00Z,Pumped Storage,102.000,Elexon BMRS FUELHH
2022-02-08T08:30:00Z,Wind,12999.000,Elexon BMRS FUELHH
2022-02-08T09:00:00Z,Biomass,2193.000,Elexon BMRS FUELHH
2022-02-08T09:00:00Z,Coal,972.000,Elexon BMRS FUELHH
2022-02-08T09:00:00Z,Gas,10780.000,Elexon BMRS FUELHH
2022-02-08T09:00:00Z,Hydro,829.000,Elexon BMRS FUELHH
2022-02-08T09:00:00Z,Imports & Exports,2304.000,Elexon BMRS FUELHH
2022-02-08T09:00:00Z,Nuclear,5684.000,Elexon BMRS FUELHH
2022-02-08T09:00:00Z,Other,232.000,Elexon BMRS FUELHH
2022-02-08T09:00:00Z,Pumped Storage,100.000,Elexon BMRS FUELHH
2022-02-08T09:00:00Z,Wind,13102.000,Elexon BMRS FUELHH
2022-02-08T09:30:00Z,Biomass,2211.000,Elexon BMRS FUELHH
2022-02-08T09:30:00Z,Coal,968.000,Elexon BMRS FUELHH
2022-02-08T09:30:00Z,Gas,10739.000,Elexon BMRS FUELHH
2022-02-08T09:30:00Z,Hydro,852.000,Elexon BMRS FUELHH
2022-02-08T09:30:00Z,Imports & Exports,2150.000,Elexon BMRS FUELHH
2022-02-08T09:30:00Z,Nuclear,5686.000,Elexon BMRS FUELHH
2022-02-08T09:30:00Z,Other,248.000,Elexon BMRS FUELHH
2022-02-08T09:30:00Z,Pumped Storage,100.000,Elexon BMRS FUELHH
2022-02-08T09:30:00Z,Wind,12937.000,Elexon BMRS FUELHH
2022-02-08T10:00:00Z,Biomass,2289.000,Elexon BMRS FUELHH
2022-02-08T10:00:00Z,Coal,971.000,Elexon BMRS FUELHH
2022-02-08T10:00:00Z,Gas,10877.000,Elexon BMRS FUELHH
2022-02-08T10:00:00Z,Hydro,810.000,Elexon BMRS FUELHH
2022-02-08T10:00:00Z,Imports & Exports,1516.000,Elexon BMRS FUELHH
2022-02-08T10:00:00Z,Nuclear,5690.000,Elexon BMRS FUELHH
2022-02-08T10:00:00Z,Other,222.000,Elexon BMRS FUELHH
2022-02-08T10:00:00Z,Pumped Storage,102.000,Elexon BMRS FUELHH
2022-02-08T10:00:00Z,Wind,12898.000,Elexon BMRS FUELHH
2022-02-08T10:30:00Z,Biomass,2309.000,Elexon BMRS FUELHH
2022-02-08T10:30:00Z,Coal,976.000,Elexon BMRS FUELHH
2022-02-08T10:30:00Z,Gas,10875.000,Elexon BMRS FUELHH
2022-02-08T10:30:00Z,Hydro,793.000,Elexon BMRS FUELHH
2022-02-08T10:30:00Z,Imports & Exports,1556.000,Elexon BMRS FUELHH
2022-02-08T10:30:00Z,Nuclear,5685.000,Elexon BMRS FUELHH
2022-02-08T10:30:00Z,Other,220.000,Elexon BMRS FUELHH
2022-02-08T10:30:00Z,Pumped Storage,102.000,Elexon BMRS FUELHH
2022-02-08T10:30:00Z,Wind,12704.000,Elexon BMRS FUELHH
2022-02-08T11:00:00Z,Biomass,2325.000,Elexon BMRS FUELHH
2022-02-08T11:00:00Z,Coal,966.000,Elexon BMRS FUELHH
2022-02-08T11:00:00Z,Gas,10794.000,Elexon BMRS FUELHH
2022-02-08T11:00:00Z,Hydro,739.000,Elexon BMRS FUELHH
2022-02-08T11:00:00Z,Imports & Exports,1796.000,Elexon BMRS FUELHH
2022-02-08T11:00:00Z,Nuclear,5684.000,Elexon BMRS FUELHH
2022-02-08T11:00:00Z,Other,243.000,Elexon BMRS FUELHH
2022-02-08T11:00:00Z,Pumped Storage,-68.000,Elexon BMRS FUELHH
2022-02-08T11:00:00Z,Wind,12770.000,Elexon BMRS FUELHH
2022-02-08T11:30:00Z,Biomass,2327.000,Elexon BMRS FUELHH
2022-02-08T11:30:00Z,Coal,974.000,Elexon BMRS FUELHH
2022-02-08T11:30:00Z,Gas,10592.000,Elexon BMRS FUELHH
2022-02-08T11:30:00Z,Hydro,716.000,Elexon BMRS FUELHH
2022-02-08T11:30:00Z,Imports & Exports,1774.000,Elexon BMRS FUELHH
2022-02-08T11:30:00Z,Nuclear,5682.000,Elexon BMRS FUELHH
2022-02-08T11:30:00Z,Other,260.000,Elexon BMRS FUELHH
2022-02-08T11:30:00Z,Pumped Storage,-64.000,Elexon BMRS FUELHH
2022-02-08T11:30:00Z,Wind,12878.000,Elexon BMRS FUELHH
2022-02-08T12:00:00Z,Biomass,2362.000,Elexon BMRS FUELHH
2022-02-08T12:00:00Z,Coal,981.000,Elexon BMRS FUELHH
2022-02-08T12:00:00Z,Gas,10645.000,Elexon BMRS FUELHH
2022-02-08T12:00:00Z,Hydro,711.000,Elexon BMRS FUELHH
2022-02-08T12:00:00Z,Imports & Exports,2106.000,Elexon BMRS FUELHH
2022-02-08T12:00:00Z,Nuclear,5683.000,Elexon BMRS FUELHH
2022-02-08T12:00:00Z,Other,250.000,Elexon BMRS FUELHH
2022-02-08T12:00:00Z,Pumped Storage,-64.000,Elexon BMRS FUELHH
2022-02-08T12:00:00Z,Wind,12653.000,Elexon BMRS FUELHH
2022-02-08T12:30:00Z,Biomass,2355.000,Elexon BMRS FUELHH
2022-02-08T12:30:00Z,Coal,983.000,Elexon BMRS FUELHH
2022-02-08T12:30:00Z,Gas,10946.000,Elexon BMRS FUELHH
2022-02-08T12:30:00Z,Hydro,718.000,Elexon BMRS FUELHH
2022-02-08T12:30:00Z,Imports & Exports,2098.000,Elexon BMRS FUELHH
2022-02-08T12:30:00Z,Nuclear,5685.000,Elexon BMRS FUELHH
2022-02-08T12:30:00Z,Other,238.000,Elexon BMRS FUELHH
2022-02-08T12:30:00Z,Pumped Storage,-66.000,Elexon BMRS FUELHH
2022-02-08T12:30:00Z,Wind,12660.000,Elexon BMRS FUELHH
2022-02-08T13:00:00Z,Biomass,2354.000,Elexon BMRS FUELHH
2022-02-08T13:00:00Z,Coal,982.000,Elexon BMRS FUELHH
2022-02-08T13:00:00Z,Gas,10523.000,Elexon BMRS FUELHH
2022-02-08T13:00:00Z,Hydro,726.000,Elexon BMRS FUELHH
2022-02-08T13:00:00Z,Imports & Exports,2862.000,Elexon BMRS FUELHH
2022-02-08T13:00:00Z,Nuclear,5685.000,Elexon BMRS FUELHH
2022-02-08T13:00:00Z,Other,258.000,Elexon BMRS FUELHH
2022-02-08T13:00:00Z,Pumped Storage,-66.000,Elexon BMRS FUELHH
2022-02-08T13:00:00Z,Wind,12532.000,Elexon BMRS FUELHH
2022-02-08T13:30:00Z,Biomass,2336.000,Elexon BMRS FUELHH
2022-02-08T13:30:00Z,Coal,900.000,Elexon BMRS FUELHH
2022-02-08T13:30:00Z,Gas,10562.000,Elexon BMRS FUELHH
2022-02-08T13:30:00Z,Hydro,726.000,Elexon BMRS FUELHH
2022-02-08T13:30:00Z,Imports & Exports,2764.000,Elexon BMRS FUELHH
2022-02-08T13:30:00Z,Nuclear,5691.000,Elexon BMRS FUELHH
2022-02-08T13:30:00Z,Other,236.000,Elexon BMRS FUELHH
2022-02-08T13:30:00Z,Pumped Storage,-66.000,Elexon BMRS FUELHH
2022-02-08T13:30:00Z,Wind,12588.000,Elexon BMRS FUELHH
2022-02-08T14:00:00Z,Biomass,2338.000,Elexon BMRS FUELHH
2022-02-08T14:00:00Z,Coal,759.000,Elexon BMRS FUELHH
2022-02-08T14:00:00Z,Gas,10920.000,Elexon BMRS FUELHH
2022-02-08T14:00:00Z,Hydro,723.000,Elexon BMRS FUELHH
2022-02-08T14:00:00Z,Imports & Exports,2682.000,Elexon BMRS FUELHH
2022-02-08T14:00:00Z,Nuclear,5685.000,Elexon BMRS FUELHH
2022-02-08T14:00:00Z,Other,189.000,Elexon BMRS FUELHH
2022-02-08T14:00:00Z,Pumped Storage,66.000,Elexon BMRS FUELHH
2022-02-08T14:00:00Z,Wind,12239.000,Elexon BMRS FUELHH
2022-02-08T14:30:00Z,Biomass,2319.000,Elexon BMRS FUELHH
2022-02-08T14:30:00Z,Coal,631.000,Elexon BMRS FUELHH
2022-02-08T14:30:00Z,Gas,11445.000,Elexon BMRS FUELHH
2022-02-08T14:30:00Z,Hydro,589.000,Elexon BMRS FUELHH
2022-02-08T14:30:00Z,Imports & Exports,2722.000,Elexon BMRS FUELHH
2022-02-08T14:30:00Z,Nuclear,5688.000,Elexon BMRS FUELHH
2022-02-08T14:30:00Z,Other,175.000,Elexon BMRS FUELHH
2022-02-08T14:30:00Z,Pumped Storage,-38.000,Elexon BMRS FUELHH
2022-02-08T14:30:00Z,Wind,12093.000,Elexon BMRS FUELHH
2022-02-08T15:00:00Z,Biomass,2316.000,Elexon BMRS FUELHH
2022-02-08T15:00:00Z,Coal,713.000,Elexon BMRS FUELHH
2022-02-08T15:00:00Z,Gas,11762.000,Elexon BMRS FUELHH
2022-02-08T15:00:00Z,Hydro,592.000,Elexon BMRS FUELHH
2022-02-08T15:00:00Z,Imports & Exports,2576.000,Elexon BMRS FUELHH
2022-02-08T15:00:00Z,Nuclear,5682.000,Elexon BMRS FUELHH
2022-02-08T15:00:00Z,Other,172.000,Elexon BMRS FUELHH
2022-02-08T15:00:00Z,Pumped Storage,-12.000,Elexon BMRS FUELHH
2022-02-08T15:00:00Z,Wind,12010.000,Elexon BMRS FUELHH
2022-02-08T15:30:00Z,Biomass,2307.000,Elexon BMRS FUELHH
2022-02-08T15:30:00Z,Coal,774.000,Elexon BMRS FUELHH
2022-02-08T15:30:00Z,Gas,12530.000,Elexon BMRS FUELHH
2022-02-08T15:30:00Z,Hydro,701.000,Elexon BMRS FUELHH
2022-02-08T15:30:00Z,Imports & Exports,2526.000,Elexon BMRS FUELHH
2022-02-08T15:30:00Z,Nuclear,5687.000,Elexon BMRS FUELHH
2022-02-08T15:30:00Z,Other,201.000,Elexon BMRS FUELHH
2022-02-08T15:30:00Z,Pumped Storage,30.000,Elexon BMRS FUELHH
2022-02-08T15:30:00Z,Wind,11819.000,Elexon BMRS FUELHH
2022-02-08T16:00:00Z,Biomass,2293.000,Elexon BMRS FUELHH
2022-02-08T16:00:00Z,Coal,1048.000,Elexon BMRS FUELHH
2022-02-08T16:00:00Z,Gas,13224.000,Elexon BMRS FUELHH
2022-02-08T16:00:00Z,Hydro,801.000,Elexon BMRS FUELHH
2022-02-08T16:00:00Z,Imports & Exports,2716.000,Elexon BMRS FUELHH
2022-02-08T16:00:00Z,Nuclear,5685.000,Elexon BMRS FUELHH
2022-02-08T16:00:00Z,Other,227.000,Elexon BMRS FUELHH
2022-02-08T16:00:00Z,Pumped Storage,174.000,Elexon BMRS FUELHH
2022-02-08T16:00:00Z,Wind,11536.000,Elexon BMRS FUELHH
2022-02-08T16:30:00Z,Biomass,2291.000,Elexon BMRS FUELHH
2022-02-08T16:30:00Z,Coal,1499.000,Elexon BMRS FUELHH
2022-02-08T16:30:00Z,Gas,14021.000,Elexon BMRS FUELHH
2022-02-08T16:30:00Z,Hydro,821.000,Elexon BMRS FUELHH
2022-02-08T16:30:00Z,Imports & Exports,2708.000,Elexon BMRS FUELHH
2022-02-08T16:30:00Z,Nuclear,5690.000,Elexon BMRS FUELHH
2022-02-08T16:30:00Z,Other,277.000,Elexon BMRS FUELHH
2022-02-08T16:30:00Z,Pumped Storage,376.000,Elexon BMRS FUELHH
2022-02-08T16:30:00Z,Wind,11645.000,Elexon BMRS FUELHH
2022-02-08T17:00:00Z,Biomass,2290.000,Elexon BMRS FUELHH
2022-02-08T17:00:00Z,Coal,2000.000,Elexon BMRS FUELHH
2022-02-08T17:00:00Z,Gas,14095.000,Elexon BMRS FUELHH
2022-02-08T17:00:00Z,Hydro,806.000,Elexon BMRS FUELHH
2022-02-08T17:00:00Z,Imports & Exports,2672.000,Elexon BMRS FUELHH
2022-02-08T17:00:00Z,Nuclear,5687.000,Elexon BMRS FUELHH
2022-02-08T17:00:00Z,Other,478.000,Elexon BMRS FUELHH
2022-02-08T17:00:00Z,Pumped Storage,898.000,Elexon BMRS FUELHH
2022-02-08T17:00:00Z,Wind,11710.000,Elexon BMRS FUELHH
2022-02-08T17:30:00Z,Biomass,2283.000,Elexon BMRS FUELHH
2022-02-08T17:30:00Z,Coal,2160.000,Elexon BMRS FUELHH
2022-02-08T17:30:00Z,Gas,14196.000,Elexon BMRS FUELHH
2022-02-08T17:30:00Z,Hydro,801.000,Elexon BMRS FUELHH
2022-02-08T17:30:00Z,Imports & Exports,2616.000,Elexon BMRS FUELHH
2022-02-08T17:30:00Z,Nuclear,5690.000,Elexon BMRS FUELHH
2022-02-08T17:30:00Z,Other,548.000,Elexon BMRS FUELHH
2022-02-08T17:30:00Z,Pumped Storage,1634.000,Elexon BMRS FUELHH
2022-02-08T17:30:00Z,Wind,11887.000,Elexon BMRS FUELHH
2022-02-08T18:00:00Z,Biomass,2285.000,Elexon BMRS FUELHH
2022-02-08T18:00:00Z,Coal,2081.000,Elexon BMRS FUELHH
2022-02-08T18:00:00Z,Gas,13787.000,Elexon BMRS FUELHH
2022-02-08T18:00:00Z,Hydro,799.000,Elexon BMRS FUELHH
2022-02-08T18:00:00Z,Imports & Exports,2380.000,Elexon BMRS FUELHH
2022-02-08T18:00:00Z,Nuclear,5693.000,Elexon BMRS FUELHH
2022-02-08T18:00:00Z,Other,564.000,Elexon BMRS FUELHH
2022-02-08T18:00:00Z,Pumped Storage,1502.000,Elexon BMRS FUELHH
2022-02-08T18:00:00Z,Wind,12320.000,Elexon BMRS FUELHH
2022-02-08T18:30:00Z,Biomass,2303.000,Elexon BMRS FUELHH
2022-02-08T18:30:00Z,Coal,2037.000,Elexon BMRS FUELHH
2022-02-08T18:30:00Z,Gas,13469.000,Elexon BMRS FUELHH
2022-02-08T18:30:00Z,Hydro,817.000,Elexon BMRS FUELHH
2022-02-08T18:30:00Z,Imports & Exports,2260.000,Elexon BMRS FUELHH
2022-02-08T18:30:00Z,Nuclear,5694.000,Elexon BMRS FUELHH
2022-02-08T18:30:00Z,Other,463.000,Elexon BMRS FUELHH
2022-02-08T18:30:00Z,Pumped Storage,1184.000,Elexon BMRS FUELHH
2022-02-08T18:30:00Z,Wind,12583.000,Elexon BMRS FUELHH
2022-02-08T19:00:00Z,Biomass,2305.000,Elexon BMRS FUELHH
2022-02-08T19:00:00Z,Coal,2117.000,Elexon BMRS FUELHH
2022-02-08T19:00:00Z,Gas,12938.000,Elexon BMRS FUELHH
2022-02-08T19:00:00Z,Hydro,831.000,Elexon BMRS FUELHH
2022-02-08T19:00:00Z,Imports & Exports,1446.000,Elexon BMRS FUELHH
2022-02-08T19:00:00Z,Nuclear,5693.000,Elexon BMRS FUELHH
2022-02-08T19:00:00Z,Other,364.000,Elexon BMRS FUELHH
2022-02-08T19:00:00Z,Pumped Storage,820.000,Elexon BMRS FUELHH
2022-02-08T19:00:00Z,Wind,12920.000,Elexon BMRS FUELHH
2022-02-08T19:30:00Z,Biomass,2269.000,Elexon BMRS FUELHH
2022-02-08T19:30:00Z,Coal,2068.000,Elexon BMRS FUELHH
2022-02-08T19:30:00Z,Gas,11885.000,Elexon BMRS FUELHH
2022-02-08T19:30:00Z,Hydro,838.000,Elexon BMRS FUELHH
2022-02-08T19:30:00Z,Imports & Exports,1464.000,Elexon BMRS FUELHH
2022-02-08T19:30:00Z,Nuclear,5694.000,Elexon BMRS FUELHH
2022-02-08T19:30:00Z,Other,255.000,Elexon BMRS FUELHH
2022-02-08T19:30:00Z,Pumped Storage,236.000,Elexon BMRS FUELHH
2022-02-08T19:30:00Z,Wind,13278.000,Elexon BMRS FUELHH
2022-02-08T20:00:00Z,Biomass,2271.000,Elexon BMRS FUELHH
2022-02-08T20:00:00Z,Coal,2076.000,Elexon BMRS FUELHH
2022-02-08T20:00:00Z,Gas,11347.000,Elexon BMRS FUELHH
2022-02-08T20:00:00Z,Hydro,666.000,Elexon BMRS FUELHH
2022-02-08T20:00:00Z,Imports & Exports,650.000,Elexon BMRS FUELHH
2022-02-08T20:00:00Z,Nuclear,5691.000,Elexon BMRS FUELHH
2022-02-08T20:00:00Z,Other,267.000,Elexon BMRS FUELHH
2022-02-08T20:00:00Z,Pumped Storage,38.000,Elexon BMRS FUELHH
2022-02-08T20:00:00Z,Wind,13482.000,Elexon BMRS FUELHH
2022-02-08T20:30:00Z,Biomass,2276.000,Elexon BMRS FUELHH
2022-02-08T20:30:00Z,Coal,1976.000,Elexon BMRS FUELHH
2022-02-08T20:30:00Z,Gas,9635.000,Elexon BMRS FUELHH
2022-02-08T20:30:00Z,Hydro,636.000,Elexon BMRS FUELHH
2022-02-08T20:30:00Z,Imports & Exports,618.000,Elexon BMRS FUELHH
2022-02-08T20:30:00Z,Nuclear,5698.000,Elexon BMRS FUELHH
2022-02-08T20:30:00Z,Other,262.000,Elexon BMRS FUELHH
2022-02-08T20:30:00Z,Pumped Storage,32.000,Elexon BMRS FUELHH
2022-02-08T20:30:00Z,Wind,13784.000,Elexon BMRS FUELHH
2022-02-08T21:00:00Z,Biomass,2271.000,Elexon BMRS FUELHH
2022-02-08T21:00:00Z,Coal,1865.000,Elexon BMRS FUELHH
2022-02-08T21:00:00Z,Gas,7744.000,Elexon BMRS FUELHH
2022-02-08T21:00:00Z,Hydro,547.000,Elexon BMRS FUELHH
2022-02-08T21:00:00Z,Imports & Exports,1056.000,Elexon BMRS FUELHH
2022-02-08T21:00:00Z,Nuclear,5698.000,Elexon BMRS FUELHH
2022-02-08T21:00:00Z,Other,260.000,Elexon BMRS FUELHH
2022-02-08T21:00:00Z,Pumped Storage,54.000,Elexon BMRS FUELHH
2022-02-08T21:00:00Z,Wind,13554.000,Elexon BMRS FUELHH
2022-02-08T21:30:00Z,Biomass,2271.000,Elexon BMRS FUELHH
2022-02-08T21:30:00Z,Coal,1354.000,Elexon BMRS FUELHH
2022-02-08T21:30:00Z,Gas,6481.000,Elexon BMRS FUELHH
2022-02-08T21:30:00Z,Hydro,543.000,Elexon BMRS FUELHH
2022-02-08T21:30:00Z,Imports & Exports,1192.000,Elexon BMRS FUELHH
2022-02-08T21:30:00Z,Nuclear,5697.000,Elexon BMRS FUELHH
2022-02-08T21:30:00Z,Other,252.000,Elexon BMRS FUELHH
2022-02-08T21:30:00Z,Pumped Storage,-12.000,Elexon BMRS FUELHH
2022-02-08T21:30:00Z,Wind,13347.000,Elexon BMRS FUELHH
2022-02-08T22:00:00Z,Biomass,2260.000,Elexon BMRS FUELHH
2022-02-08T22:00:00Z,Coal,855.000,Elexon BMRS FUELHH
2022-02-08T22:00:00Z,Gas,4930.000,Elexon BMRS FUELHH
2022-02-08T22:00:00Z,Hydro,512.000,Elexon BMRS FUELHH
2022-02-08T22:00:00Z,Imports & Exports,1628.000,Elexon BMRS FUELHH
2022-02-08T22:00:00Z,Nuclear,5696.000,Elexon BMRS FUELHH
2022-02-08T22:00:00Z,Other,256.000,Elexon BMRS FUELHH
2022-02-08T22:00:00Z,Pumped Storage,80.000,Elexon BMRS FUELHH
2022-02-08T22:00:00Z,Wind,12999.000,Elexon BMRS FUELHH
2022-02-08T22:30:00Z,Biomass,2174.000,Elexon BMRS FUELHH
2022-02-08T22:30:00Z,Coal,436.000,Elexon BMRS FUELHH
2022-02-08T22:30:00Z,Gas,4059.000,Elexon BMRS FUELHH
2022-02-08T22:30:00Z,Hydro,511.000,Elexon BMRS FUELHH
2022-02-08T22:30:00Z,Imports & Exports,1428.000,Elexon BMRS FUELHH
2022-02-08T22:30:00Z,Nuclear,5695.000,Elexon BMRS FUELHH
2022-02-08T22:30:00Z,Other,253.000,Elexon BMRS FUELHH
2022-02-08T22:30:00Z,Pumped Storage,70.000,Elexon BMRS FUELHH
2022-02-08T22:30:00Z,Wind,12524.000,Elexon BMRS FUELHH
2022-02-08T23:00:00Z,Biomass,1915.000,Elexon BMRS FUELHH
2022-02-08T23:00:00Z,Coal,522.000,Elexon BMRS FUELHH
2022-02-08T23:00:00Z,Gas,2816.000,Elexon BMRS FUELHH
2022-02-08T23:00:00Z,Hydro,472.000,Elexon BMRS FUELHH
2022-02-08T23:00:00Z,Imports & Exports,1434.000,Elexon BMRS FUELHH
2022-02-08T23:00:00Z,Nuclear,5661.000,Elexon BMRS FUELHH
2022-02-08T23:00:00Z,Other,246.000,Elexon BMRS FUELHH
2022-02-08T23:00:00Z,Pumped Storage,-20.000,Elexon BMRS FUELHH
2022-02-08T23:00:00Z,Wind,12436.000,Elexon BMRS FUELHH
2022-02-08T23:30:00Z,Biomass,1652.000,Elexon BMRS FUELHH
2022-02-08T23:30:00Z,Coal,577.000,Elexon BMRS FUELHH
2022-02-08T23:30:00Z,Gas,2475.000,Elexon BMRS FUELHH
2022-02-08T23:30:00Z,Hydro,451.000,Elexon BMRS FUELHH
2022-02-08T23:30:00Z,Imports & Exports,1320.000,Elexon BMRS FUELHH
2022-02-08T23:30:00Z,Nuclear,5648.000,Elexon BMRS FUELHH
2022-02-08T23:30:00Z,Other,190.000,Elexon BMRS FUELHH
2022-02-08T23:30:00Z,Pumped Storage,-484.000,Elexon BMRS FUELHH
2022-02-08T23:30:00Z,Wind,12215.000,Elexon BMRS FUELHH
2022-02-09T00:00:00Z,Biomass,1659.000,Elexon BMRS FUELHH
2022-02-09T00:00:00Z,Coal,591.000,Elexon BMRS FUELHH
2022-02-09T00:00:00Z,Gas,2545.000,Elexon BMRS FUELHH
2022-02-09T00:00:00Z,Hydro,441.000,Elexon BMRS FUELHH
2022-02-09T00:00:00Z,Imports & Exports,1038.000,Elexon BMRS FUELHH
2022-02-09T00:00:00Z,Nuclear,5645.000,Elexon BMRS FUELHH
2022-02-09T00:00:00Z,Other,185.000,Elexon BMRS FUELHH
2022-02-09T00:00:00Z,Pumped Storage,-390.000,Elexon BMRS FUELHH
2022-02-09T00:00:00Z,Wind,12014.000,Elexon BMRS FUELHH
2022-02-09T00:30:00Z,Biomass,1698.000,Elexon BMRS FUELHH
2022-02-09T00:30:00Z,Coal,569.000,Elexon BMRS FUELHH
2022-02-09T00:30:00Z,Gas,2620.000,Elexon BMRS FUELHH
2022-02-09T00:30:00Z,Hydro,440.000,Elexon BMRS FUELHH
2022-02-09T00:30:00Z,Imports & Exports,1224.000,Elexon BMRS FUELHH
2022-02-09T00:30:00Z,Nuclear,5651.000,Elexon BMRS FUELHH
2022-02-09T00:30:00Z,Other,186.000,Elexon BMRS FUELHH
2022-02-09T00:30:00Z,Pumped Storage,-284.000,Elexon BMRS FUELHH
2022-02-09T00:30:00Z,Wind,12269.000,Elexon BMRS FUELHH
2022-02-09T01:00:00Z,Biomass,1676.000,Elexon BMRS FUELHH
2022-02-09T01:00:00Z,Coal,530.000,Elexon BMRS FUELHH
2022-02-09T01:00:00Z,Gas,2595.000,Elexon BMRS FUELHH
2022-02-09T01:00:00Z,Hydro,439.000,Elexon BMRS FUELHH
2022-02-09T01:00:00Z,Imports & Exports,1154.000,Elexon BMRS FUELHH
2022-02-09T01:00:00Z,Nuclear,5711.000,Elexon BMRS FUELHH
2022-02-09T01:00:00Z,Other,190.000,Elexon BMRS FUELHH
2022-02-09T01:00:00Z,Pumped Storage,-538.000,Elexon BMRS FUELHH
2022-02-09T01:00:00Z,Wind,12280.000,Elexon BMRS FUELHH
2022-02-09T01:30:00Z,Biomass,1674.000,Elexon BMRS FUELHH
2022-02-09T01:30:00Z,Coal,511.000,Elexon BMRS FUELHH
2022-02-09T01:30:00Z,Gas,2487.000,Elexon BMRS FUELHH
2022-02-09T01:30:00Z,Hydro,440.000,Elexon BMRS FUELHH
2022-02-09T01:30:00Z,Imports & Exports,1034.000,Elexon BMRS FUELHH
2022-02-09T01:30:00Z,Nuclear,5719.000,Elexon BMRS FUELHH
2022-02-09T01:30:00Z,Other,187.000,Elexon BMRS FUELHH
2022-02-09T01:30:00Z,Pumped Storage,-632.000,Elexon BMRS FUELHH
2022-02-09T01:30:00Z,Wind,12072.000,Elexon BMRS FUELHH
2022-02-09T02:00:00Z,Biomass,1690.000,Elexon BMRS FUELHH
2022-02-09T02:00:00Z,Coal,414.000,Elexon BMRS FUELHH
2022-02-09T02:00:00Z,Gas,2652.000,Elexon BMRS FUELHH
2022-02-09T02:00:00Z,Hydro,440.000,Elexon BMRS FUELHH
2022-02-09T02:00:00Z,Imports & Exports,784.000,Elexon BMRS FUELHH
2022-02-09T02:00:00Z,Nuclear,5721.000,Elexon BMRS FUELHH
2022-02-09T02:00:00Z,Other,191.000,Elexon BMRS FUELHH
2022-02-09T02:00:00Z,Pumped Storage,-1138.000,Elexon BMRS FUELHH
2022-02-09T02:00:00Z,Wind,12232.000,Elexon BMRS FUELHH
2022-02-09T02:30:00Z,Biomass,1813.000,Elexon BMRS FUELHH
2022-02-09T02:30:00Z,Coal,78.000,Elexon BMRS FUELHH
2022-02-09T02:30:00Z,Gas,2992.000,Elexon BMRS FUELHH
2022-02-09T02:30:00Z,Hydro,440.000,Elexon BMRS FUELHH
2022-02-09T02:30:00Z,Imports & Exports,658.000,Elexon BMRS FUELHH
2022-02-09T02:30:00Z,Nuclear,5722.000,Elexon BMRS FUELHH
2022-02-09T02:30:00Z,Other,189.000,Elexon BMRS FUELHH
2022-02-09T02:30:00Z,Pumped Storage,-1430.000,Elexon BMRS FUELHH
2022-02-09T02:30:00Z,Wind,12251.000,Elexon BMRS FUELHH
2022-02-09T03:00:00Z,Biomass,1844.000,Elexon BMRS FUELHH
2022-02-09T03:00:00Z,Coal,0.000,Elexon BMRS FUELHH
2022-02-09T03:00:00Z,Gas,2988.000,Elexon BMRS FUELHH
2022-02-09T03:00:00Z,Hydro,449.000,Elexon BMRS FUELHH
2022-02-09T03:00:00Z,Imports & Exports,168.000,Elexon BMRS FUELHH
2022-02-09T03:00:00Z,Nuclear,5719.000,Elexon BMRS FUELHH
2022-02-09T03:00:00Z,Other,189.000,Elexon BMRS FUELHH
2022-02-09T03:00:00Z,Pumped Storage,-1462.000,Elexon BMRS FUELHH
2022-02-09T03:00:00Z,Wind,12327.000,Elexon BMRS FUELHH
2022-02-09T03:30:00Z,Biomass,1726.000,Elexon BMRS FUELHH
2022-02-09T03:30:00Z,Coal,0.000,Elexon BMRS FUELHH
2022-02-09T03:30:00Z,Gas,2729.000,Elexon BMRS FUELHH
2022-02-09T03:30:00Z,Hydro,458.000,Elexon BMRS FUELHH
2022-02-09T03:30:00Z,Imports & Exports,34.000,Elexon BMRS FUELHH
2022-02-09T03:30:00Z,Nuclear,5724.000,Elexon BMRS FUELHH
2022-02-09T03:30:00Z,Other,187.000,Elexon BMRS FUELHH
2022-02-09T03:30:00Z,Pumped Storage,-1268.000,Elexon BMRS FUELHH
2022-02-09T03:30:00Z,Wind,12396.000,Elexon BMRS FUELHH
2022-02-09T04:00:00Z,Biomass,1615.000,Elexon BMRS FUELHH
2022-02-09T04:00:00Z,Coal,0.000,Elexon BMRS FUELHH
2022-02-09T04:00:00Z,Gas,2778.000,Elexon BMRS FUELHH
2022-02-09T04:00:00Z,Hydro,460.000,Elexon BMRS FUELHH
2022-02-09T04:00:00Z,Imports & Exports,-32.000,Elexon BMRS FUELHH
2022-02-09T04:00:00Z,Nuclear,5725.000,Elexon BMRS FUELHH
2022-02-09T04:00:00Z,Other,187.000,Elexon BMRS FUELHH
2022-02-09T04:00:00Z,Pumped Storage,-1442.000,Elexon BMRS FUELHH
2022-02-09T04:00:00Z,Wind,12510.000,Elexon BMRS FUELHH
2022-02-09T04:30:00Z,Biomass,1803.000,Elexon BMRS FUELHH
2022-02-09T04:30:00Z,Coal,0.000,Elexon BMRS FUELHH
2022-02-09T04:30:00Z,Gas,2635.000,Elexon BMRS FUELHH
2022-02-09T04:30:00Z,Hydro,440.000,Elexon BMRS FUELHH
2022-02-09T04:30:00Z,Imports & Exports,94.000,Elexon BMRS FUELHH
2022-02-09T04:30:00Z,Nuclear,5728.000,Elexon BMRS FUELHH
2022-02-09T04:30:00Z,Other,187.000,Elexon BMRS FUELHH
2022-02-09T04:30:00Z,Pumped Storage,-1212.000,Elexon BMRS FUELHH
2022-02-09T04:30:00Z,Wind,12199.000,Elexon BMRS FUELHH
2022-02-09T05:00:00Z,Biomass,2014.000,Elexon BMRS FUELHH
2022-02-09T05:00:00Z,Coal,0.000,Elexon BMRS FUELHH
2022-02-09T05:00:00Z,Gas,2465.000,Elexon BMRS FUELHH
2022-02-09T05:00:00Z,Hydro,474.000,Elexon BMRS FUELHH
2022-02-09T05:00:00Z,Imports & Exports,478.000,Elexon BMRS FUELHH
2022-02-09T05:00:00Z,Nuclear,5731.000,Elexon BMRS FUELHH
2022-02-09T05:00:00Z,Other,187.000,Elexon BMRS FUELHH
2022-02-09T05:00:00Z,Pumped Storage,-300.000,Elexon BMRS FUELHH
2022-02-09T05:00:00Z,Wind,11884.000,Elexon BMRS FUELHH
2022-02-09T05:30:00Z,Biomass,2053.000,Elexon BMRS FUELHH
2022-02-09T05:30:00Z,Coal,154.000,Elexon BMRS FUELHH
2022-02-09T05:30:00Z,Gas,3057.000,Elexon BMRS FUELHH
2022-02-09T05:30:00Z,Hydro,493.000,Elexon BMRS FUELHH
2022-02-09T05:30:00Z,Imports & Exports,570.000,Elexon BMRS FUELHH
2022-02-09T05:30:00Z,Nuclear,5726.000,Elexon BMRS FUELHH
2022-02-09T05:30:00Z,Other,189.000,Elexon BMRS FUELHH
2022-02-09T05:30:00Z,Pumped Storage,34.000,Elexon BMRS FUELHH
2022-02-09T05:30:00Z,Wind,11908.000,Elexon BMRS FUELHH
2022-02-09T06:00:00Z,Biomass,2185.000,Elexon BMRS FUELHH
2022-02-09T06:00:00Z,Coal,230.000,Elexon BMRS FUELHH
2022-02-09T06:00:00Z,Gas,5026.000,Elexon BMRS FUELHH
2022-02-09T06:00:00Z,Hydro,519.000,Elexon BMRS FUELHH
2022-02-09T06:00:00Z,Imports & Exports,1058.000,Elexon BMRS FUELHH
2022-02-09T06:00:00Z,Nuclear,5727.000,Elexon BMRS FUELHH
2022-02-09T06:00:00Z,Other,186.000,Elexon BMRS FUELHH
2022-02-09T06:00:00Z,Pumped Storage,-14.000,Elexon BMRS FUELHH
2022-02-09T06:00:00Z,Wind,12043.000,Elexon BMRS FUELHH
2022-02-09T06:30:00Z,Biomass,2410.000,Elexon BMRS FUELHH
2022-02-09T06:30:00Z,Coal,487.000,Elexon BMRS FUELHH
2022-02-09T06:30:00Z,Gas,6907.000,Elexon BMRS FUELHH
2022-02-09T06:30:00Z,Hydro,518.000,Elexon BMRS FUELHH
2022-02-09T06:30:00Z,Imports & Exports,1218.000,Elexon BMRS FUELHH
2022-02-09T06:30:00Z,Nuclear,5724.000,Elexon BMRS FUELHH
2022-02-09T06:30:00Z,Other,184.000,Elexon BMRS FUELHH
2022-02-09T06:30:00Z,Pumped Storage,0.000,Elexon BMRS FUELHH
2022-02-09T06:30:00Z,Wind,12386.000,Elexon BMRS FUELHH
2022-02-09T07:00:00Z,Biomass,2721.000,Elexon BMRS FUELHH
2022-02-09T07:00:00Z,Coal,862.000,Elexon BMRS FUELHH
2022-02-09T07:00:00Z,Gas,9484.000,Elexon BMRS FUELHH
2022-02-09T07:00:00Z,Hydro,551.000,Elexon BMRS FUELHH
2022-02-09T07:00:00Z,Imports & Exports,1080.000,Elexon BMRS FUELHH
2022-02-09T07:00:00Z,Nuclear,5725.000,Elexon BMRS FUELHH
2022-02-09T07:00:00Z,Other,196.000,Elexon BMRS FUELHH
2022-02-09T07:00:00Z,Pumped Storage,150.000,Elexon BMRS FUELHH
2022-02-09T07:00:00Z,Wind,12212.000,Elexon BMRS FUELHH
2022-02-09T07:30:00Z,Biomass,2893.000,Elexon BMRS FUELHH
2022-02-09T07:30:00Z,Coal,980.000,Elexon BMRS FUELHH
2022-02-09T07:30:00Z,Gas,11186.000,Elexon BMRS FUELHH
2022-02-09T07:30:00Z,Hydro,638.000,Elexon BMRS FUELHH
2022-02-09T07:30:00Z,Imports & Exports,938.000,Elexon BMRS FUELHH
2022-02-09T07:30:00Z,Nuclear,5726.000,Elexon BMRS FUELHH
2022-02-09T07:30:00Z,Other,232.000,Elexon BMRS FUELHH
2022-02-09T07:30:00Z,Pumped Storage,192.000,Elexon BMRS FUELHH
2022-02-09T07:30:00Z,Wind,11741.000,Elexon BMRS FUELHH
2022-02-09T08:00:00Z,Biomass,2929.000,Elexon BMRS FUELHH
2022-02-09T08:00:00Z,Coal,979.000,Elexon BMRS FUELHH
2022-02-09T08:00:00Z,Gas,11409.000,Elexon BMRS FUELHH
2022-02-09T08:00:00Z,Hydro,831.000,Elexon BMRS FUELHH
2022-02-09T08:00:00Z,Imports & Exports,868.000,Elexon BMRS FUELHH
2022-02-09T08:00:00Z,Nuclear,5726.000,Elexon BMRS FUELHH
2022-02-09T08:00:00Z,Other,190.000,Elexon BMRS FUELHH
2022-02-09T08:00:00Z,Pumped Storage,184.000,Elexon BMRS FUELHH
2022-02-09T08:00:00Z,Wind,11277.000,Elexon BMRS FUELHH
2022-02-09T08:30:00Z,Biomass,2920.000,Elexon BMRS FUELHH
2022-02-09T08:30:00Z,Coal,979.000,Elexon BMRS FUELHH
2022-02-09T08:30:00Z,Gas,11754.000,Elexon BMRS FUELHH
2022-02-09T08:30:00Z,Hydro,876.000,Elexon BMRS FUELHH
2022-02-09T08:30:00Z,Imports & Exports,0.000,Elexon BMRS FUELHH
2022-02-09T08:30:00Z,Nuclear,5727.000,Elexon BMRS FUELHH
2022-02-09T08:30:00Z,Other,185.000,Elexon BMRS FUELHH
2022-02-09T08:30:00Z,Pumped Storage,136.000,Elexon BMRS FUELHH
2022-02-09T08:30:00Z,Wind,11310.000,Elexon BMRS FUELHH
2022-02-09T09:00:00Z,Biomass,2927.000,Elexon BMRS FUELHH
2022-02-09T09:00:00Z,Coal,980.000,Elexon BMRS FUELHH
2022-02-09T09:00:00Z,Gas,11510.000,Elexon BMRS FUELHH
2022-02-09T09:00:00Z,Hydro,879.000,Elexon BMRS FUELHH
2022-02-09T09:00:00Z,Imports & Exports,2342.000,Elexon BMRS FUELHH
2022-02-09T09:00:00Z,Nuclear,5725.000,Elexon BMRS FUELHH
2022-02-09T09:00:00Z,Other,193.000,Elexon BMRS FUELHH
2022-02-09T09:00:00Z,Pumped Storage,208.000,Elexon BMRS FUELHH
2022-02-09T09:00:00Z,Wind,11416.000,Elexon BMRS FUELHH
2022-02-09T09:30:00Z,Biomass,2934.000,Elexon BMRS FUELHH
2022-02-09T09:30:00Z,Coal,980.000,Elexon BMRS FUELHH
2022-02-09T09:30:00Z,Gas,11252.000,Elexon BMRS FUELHH
2022-02-09T09:30:00Z,Hydro,891.000,Elexon BMRS FUELHH
2022-02-09T09:30:00Z,Imports & Exports,2336.000,Elexon BMRS FUELHH
2022-02-09T09:30:00Z,Nuclear,5726.000,Elexon BMRS FUELHH
2022-02-09T09:30:00Z,Other,165.000,Elexon BMRS FUELHH
2022-02-09T09:30:00Z,Pumped Storage,212.000,Elexon BMRS FUELHH
2022-02-09T09:30:00Z,Wind,11337.000,Elexon BMRS FUELHH
2022-02-09T10:00:00Z,Biomass,2931.000,Elexon BMRS FUELHH
2022-02-09T10:00:00Z,Coal,979.000,Elexon BMRS FUELHH
2022-02-09T10:00:00Z,Gas,10904.000,Elexon BMRS FUELHH
2022-02-09T10:00:00Z,Hydro,827.000,Elexon BMRS FUELHH
2022-02-09T10:00:00Z,Imports & Exports,2642.000,Elexon BMRS FUELHH
2022-02-09T10:00:00Z,Nuclear,5731.000,Elexon BMRS FUELHH
2022-02-09T10:00:00Z,Other,163.000,Elexon BMRS FUELHH
2022-02-09T10:00:00Z,Pumped Storage,142.000,Elexon BMRS FUELHH
2022-02-09T10:00:00Z,Wind,11091.000,Elexon BMRS FUELHH
2022-02-09T10:30:00Z,Biomass,2952.000,Elexon BMRS FUELHH
2022-02-09T10:30:00Z,Coal,904.000,Elexon BMRS FUELHH
2022-02-09T10:30:00Z,Gas,10613.000,Elexon BMRS FUELHH
2022-02-09T10:30:00Z,Hydro,809.000,Elexon BMRS FUELHH
2022-02-09T10:30:00Z,Imports & Exports,2686.000,Elexon BMRS FUELHH
2022-02-09T10:30:00Z,Nuclear,5733.000,Elexon BMRS FUELHH
2022-02-09T10:30:00Z,Other,165.000,Elexon BMRS FUELHH
2022-02-09T10:30:00Z,Pumped Storage,136.000,Elexon BMRS FUELHH
2022-02-09T10:30:00Z,Wind,11173.000,Elexon BMRS FUELHH
2022-02-09T11:00:00Z,Biomass,2966.000,Elexon BMRS FUELHH
2022-02-09T11:00:00Z,Coal,690.000,Elexon BMRS FUELHH
2022-02-09T11:00:00Z,Gas,10395.000,Elexon BMRS FUELHH
2022-02-09T11:00:00Z,Hydro,763.000,Elexon BMRS FUELHH
2022-02-09T11:00:00Z,Imports & Exports,2934.000,Elexon BMRS FUELHH
2022-02-09T11:00:00Z,Nuclear,5731.000,Elexon BMRS FUELHH
2022-02-09T11:00:00Z,Other,195.000,Elexon BMRS FUELHH
2022-02-09T11:00:00Z,Pumped Storage,2.000,Elexon BMRS FUELHH
2022-02-09T11:00:00Z,Wind,11421.000,Elexon BMRS FUELHH
2022-02-09T11:30:00Z,Biomass,2971.000,Elexon BMRS FUELHH
2022-02-09T11:30:00Z,Coal,660.000,Elexon BMRS FUELHH
2022-02-09T11:30:00Z,Gas,10886.000,Elexon BMRS FUELHH
2022-02-09T11:30:00Z,Hydro,645.000,Elexon BMRS FUELHH
2022-02-09T11:30:00Z,Imports & Exports,3000.000,Elexon BMRS FUELHH
2022-02-09T11:30:00Z,Nuclear,5728.000,Elexon BMRS FUELHH
2022-02-09T11:30:00Z,Other,167.000,Elexon BMRS FUELHH
2022-02-09T11:30:00Z,Pumped Storage,-48.000,Elexon BMRS FUELHH
2022-02-09T11:30:00Z,Wind,10788.000,Elexon BMRS FUELHH
2022-02-09T12:00:00Z,Biomass,2946.000,Elexon BMRS FUELHH
2022-02-09T12:00:00Z,Coal,637.000,Elexon BMRS FUELHH
2022-02-09T12:00:00Z,Gas,10651.000,Elexon BMRS FUELHH
2022-02-09T12:00:00Z,Hydro,629.000,Elexon BMRS FUELHH
2022-02-09T12:00:00Z,Imports & Exports,3826.000,Elexon BMRS FUELHH
2022-02-09T12:00:00Z,Nuclear,5728.000,Elexon BMRS FUELHH
2022-02-09T12:00:00Z,Other,167.000,Elexon BMRS FUELHH
2022-02-09T12:00:00Z,Pumped Storage,112.000,Elexon BMRS FUELHH
2022-02-09T12:00:00Z,Wind,10425.000,Elexon BMRS FUELHH
2022-02-09T12:30:00Z,Biomass,2945.000,Elexon BMRS FUELHH
2022-02-09T12:30:00Z,Coal,733.000,Elexon BMRS FUELHH
2022-02-09T12:30:00Z,Gas,10999.000,Elexon BMRS FUELHH
2022-02-09T12:30:00Z,Hydro,638.000,Elexon BMRS FUELHH
2022-02-09T12:30:00Z,Imports & Exports,3854.000,Elexon BMRS FUELHH
2022-02-09T12:30:00Z,Nuclear,5725.000,Elexon BMRS FUELHH
2022-02-09T12:30:00Z,Other,179.000,Elexon BMRS FUELHH
2022-02-09T12:30:00Z,Pumped Storage,50.000,Elexon BMRS FUELHH
2022-02-09T12:30:00Z,Wind,10204.000,Elexon BMRS FUELHH
2022-02-09T13:00:00Z,Biomass,2939.000,Elexon BMRS FUELHH
2022-02-09T13:00:00Z,Coal,743.000,Elexon BMRS FUELHH
2022-02-09T13:00:00Z,Gas,11182.000,Elexon BMRS FUELHH
2022-02-09T13:00:00Z,Hydro,679.000,Elexon BMRS FUELHH
2022-02-09T13:00:00Z,Imports & Exports,4080.000,Elexon BMRS FUELHH
2022-02-09T13:00:00Z,Nuclear,5725.000,Elexon BMRS FUELHH
2022-02-09T13:00:00Z,Other,171.000,Elexon BMRS FUELHH
2022-02-09T13:00:00Z,Pumped Storage,-46.000,Elexon BMRS FUELHH
2022-02-09T13:00:00Z,Wind,9929.000,Elexon BMRS FUELHH
2022-02-09T13:30:00Z,Biomass,2939.000,Elexon BMRS FUELHH
2022-02-09T13:30:00Z,Coal,816.000,Elexon BMRS FUELHH
2022-02-09T13:30:00Z,Gas,11294.000,Elexon BMRS FUELHH
2022-02-09T13:30:00Z,Hydro,735.000,Elexon BMRS FUELHH
2022-02-09T13:30:00Z,Imports & Exports,4118.000,Elexon BMRS FUELHH
2022-02-09T13:30:00Z,Nuclear,5725.000,Elexon BMRS FUELHH
2022-02-09T13:30:00Z,Other,173.000,Elexon BMRS FUELHH
2022-02-09T13:30:00Z,Pumped Storage,-24.000,Elexon BMRS FUELHH
2022-02-09T13:30:00Z,Wind,9336.000,Elexon BMRS FUELHH
2022-02-09T14:00:00Z,Biomass,2941.000,Elexon BMRS FUELHH
2022-02-09T14:00:00Z,Coal,917.000,Elexon BMRS FUELHH
2022-02-09T14:00:00Z,Gas,11572.000,Elexon BMRS FUELHH
2022-02-09T14:00:00Z,Hydro,741.000,Elexon BMRS FUELHH
2022-02-09T14:00:00Z,Imports & Exports,4302.000,Elexon BMRS FUELHH
2022-02-09T14:00:00Z,Nuclear,5724.000,Elexon BMRS FUELHH
2022-02-09T14:00:00Z,Other,172.000,Elexon BMRS FUELHH
2022-02-09T14:00:00Z,Pumped Storage,18.000,Elexon BMRS FUELHH
2022-02-09T14:00:00Z,Wind,8966.000,Elexon BMRS FUELHH
2022-02-09T14:30:00Z,Biomass,2924.000,Elexon BMRS FUELHH
2022-02-09T14:30:00Z,Coal,1018.000,Elexon BMRS FUELHH
2022-02-09T14:30:00Z,Gas,12477.000,Elexon BMRS FUELHH
2022-02-09T14:30:00Z,Hydro,723.000,Elexon BMRS FUELHH
2022-02-09T14:30:00Z,Imports & Exports,4212.000,Elexon BMRS FUELHH
2022-02-09T14:30:00Z,Nuclear,5728.000,Elexon BMRS FUELHH
2022-02-09T14:30:00Z,Other,190.000,Elexon BMRS FUELHH
2022-02-09T14:30:00Z,Pumped Storage,214.000,Elexon BMRS FUELHH
2022-02-09T14:30:00Z,Wind,8214.000,Elexon BMRS FUELHH
2022-02-09T15:00:00Z,Biomass,2932.000,Elexon BMRS FUELHH
2022-02-09T15:00:00Z,Coal,1046.000,Elexon BMRS FUELHH
2022-02-09T15:00:00Z,Gas,13698.000,Elexon BMRS FUELHH
2022-02-09T15:00:00Z,Hydro,797.000,Elexon BMRS FUELHH
2022-02-09T15:00:00Z,Imports & Exports,3116.000,Elexon BMRS FUELHH
2022-02-09T15:00:00Z,Nuclear,5726.000,Elexon BMRS FUELHH
2022-02-09T15:00:00Z,Other,328.000,Elexon BMRS FUELHH
2022-02-09T15:00:00Z,Pumped Storage,354.000,Elexon BMRS FUELHH
2022-02-09T15:00:00Z,Wind,7906.000,Elexon BMRS FUELHH
2022-02-09T15:30:00Z,Biomass,2938.000,Elexon BMRS FUELHH
2022-02-09T15:30:00Z,Coal,1125.000,Elexon BMRS FUELHH
2022-02-09T15:30:00Z,Gas,14699.000,Elexon BMRS FUELHH
2022-02-09T15:30:00Z,Hydro,869.000,Elexon BMRS FUELHH
2022-02-09T15:30:00Z,Imports & Exports,3082.000,Elexon BMRS FUELHH
2022-02-09T15:30:00Z,Nuclear,5727.000,Elexon BMRS FUELHH
2022-02-09T15:30:00Z,Other,513.000,Elexon BMRS FUELHH
2022-02-09T15:30:00Z,Pumped Storage,398.000,Elexon BMRS FUELHH
2022-02-09T15:30:00Z,Wind,7732.000,Elexon BMRS FUELHH
2022-02-09T16:00:00Z,Biomass,2938.000,Elexon BMRS FUELHH
2022-02-09T16:00:00Z,Coal,1238.000,Elexon BMRS FUELHH
2022-02-09T16:00:00Z,Gas,15553.000,Elexon BMRS FUELHH
2022-02-09T16:00:00Z,Hydro,995.000,Elexon BMRS FUELHH
2022-02-09T16:00:00Z,Imports & Exports,3116.000,Elexon BMRS FUELHH
2022-02-09T16:00:00Z,Nuclear,5723.000,Elexon BMRS FUELHH
2022-02-09T16:00:00Z,Other,615.000,Elexon BMRS FUELHH
2022-02-09T16:00:00Z,Pumped Storage,554.000,Elexon BMRS FUELHH
2022-02-09T16:00:00Z,Wind,7441.000,Elexon BMRS FUELHH
2022-02-09T16:30:00Z,Biomass,2939.000,Elexon BMRS FUELHH
2022-02-09T16:30:00Z,Coal,1332.000,Elexon BMRS FUELHH
2022-02-09T16:30:00Z,Gas,16298.000,Elexon BMRS FUELHH
2022-02-09T16:30:00Z,Hydro,1007.000,Elexon BMRS FUELHH
2022-02-09T16:30:00Z,Imports & Exports,3120.000,Elexon BMRS FUELHH
2022-02-09T16:30:00Z,Nuclear,5726.000,Elexon BMRS FUELHH
2022-02-09T16:30:00Z,Other,715.000,Elexon BMRS FUELHH
2022-02-09T16:30:00Z,Pumped Storage,1228.000,Elexon BMRS FUELHH
2022-02-09T16:30:00Z,Wind,6979.000,Elexon BMRS FUELHH
2022-02-09T17:00:00Z,Biomass,2948.000,Elexon BMRS FUELHH
2022-02-09T17:00:00Z,Coal,1367.000,Elexon BMRS FUELHH
2022-02-09T17:00:00Z,Gas,16524.000,Elexon BMRS FUELHH
2022-02-09T17:00:00Z,Hydro,927.000,Elexon BMRS FUELHH
2022-02-09T17:00:00Z,Imports & Exports,3576.000,Elexon BMRS FUELHH
2022-02-09T17:00:00Z,Nuclear,5727.000,Elexon BMRS FUELHH
2022-02-09T17:00:00Z,Other,818.000,Elexon BMRS FUELHH
2022-02-09T17:00:00Z,Pumped Storage,1800.000,Elexon BMRS FUELHH
2022-02-09T17:00:00Z,Wind,7389.000,Elexon BMRS FUELHH
2022-02-09T17:30:00Z,Biomass,2941.000,Elexon BMRS FUELHH
2022-02-09T17:30:00Z,Coal,1376.000,Elexon BMRS FUELHH
2022-02-09T17:30:00Z,Gas,16943.000,Elexon BMRS FUELHH
2022-02-09T17:30:00Z,Hydro,925.000,Elexon BMRS FUELHH
2022-02-09T17:30:00Z,Imports & Exports,3594.000,Elexon BMRS FUELHH
2022-02-09T17:30:00Z,Nuclear,5725.000,Elexon BMRS FUELHH
2022-02-09T17:30:00Z,Other,884.000,Elexon BMRS FUELHH
2022-02-09T17:30:00Z,Pumped Storage,2218.000,Elexon BMRS FUELHH
2022-02-09T17:30:00Z,Wind,7416.000,Elexon BMRS FUELHH
2022-02-09T18:00:00Z,Biomass,2966.000,Elexon BMRS FUELHH
2022-02-09T18:00:00Z,Coal,1380.000,Elexon BMRS FUELHH
2022-02-09T18:00:00Z,Gas,16626.000,Elexon BMRS FUELHH
2022-02-09T18:00:00Z,Hydro,923.000,Elexon BMRS FUELHH
2022-02-09T18:00:00Z,Imports & Exports,3724.000,Elexon BMRS FUELHH
2022-02-09T18:00:00Z,Nuclear,5729.000,Elexon BMRS FUELHH
2022-02-09T18:00:00Z,Other,886.000,Elexon BMRS FUELHH
2022-02-09T18:00:00Z,Pumped Storage,2180.000,Elexon BMRS FUELHH
2022-02-09T18:00:00Z,Wind,7159.000,Elexon BMRS FUELHH
2022-02-09T18:30:00Z,Biomass,2966.000,Elexon BMRS FUELHH
2022-02-09T18:30:00Z,Coal,1377.000,Elexon BMRS FUELHH
2022-02-09T18:30:00Z,Gas,15842.000,Elexon BMRS FUELHH
2022-02-09T18:30:00Z,Hydro,925.000,Elexon BMRS FUELHH
2022-02-09T18:30:00Z,Imports & Exports,3688.000,Elexon BMRS FUELHH
2022-02-09T18:30:00Z,Nuclear,5731.000,Elexon BMRS FUELHH
2022-02-09T18:30:00Z,Other,667.000,Elexon BMRS FUELHH
2022-02-09T18:30:00Z,Pumped Storage,1980.000,Elexon BMRS FUELHH
2022-02-09T18:30:00Z,Wind,7555.000,Elexon BMRS FUELHH
2022-02-09T19:00:00Z,Biomass,2969.000,Elexon BMRS FUELHH
2022-02-09T19:00:00Z,Coal,1378.000,Elexon BMRS FUELHH
2022-02-09T19:00:00Z,Gas,15286.000,Elexon BMRS FUELHH
2022-02-09T19:00:00Z,Hydro,923.000,Elexon BMRS FUELHH
2022-02-09T19:00:00Z,Imports & Exports,3892.000,Elexon BMRS FUELHH
2022-02-09T19:00:00Z,Nuclear,5731.000,Elexon BMRS FUELHH
2022-02-09T19:00:00Z,Other,406.000,Elexon BMRS FUELHH
2022-02-09T19:00:00Z,Pumped Storage,1630.000,Elexon BMRS FUELHH
2022-02-09T19:00:00Z,Wind,7561.000,Elexon BMRS FUELHH
2022-02-09T19:30:00Z,Biomass,2970.000,Elexon BMRS FUELHH
2022-02-09T19:30:00Z,Coal,1379.000,Elexon BMRS FUELHH
2022-02-09T19:30:00Z,Gas,14791.000,Elexon BMRS FUELHH
2022-02-09T19:30:00Z,Hydro,922.000,Elexon BMRS FUELHH
2022-02-09T19:30:00Z,Imports & Exports,3774.000,Elexon BMRS FUELHH
2022-02-09T19:30:00Z,Nuclear,5733.000,Elexon BMRS FUELHH
2022-02-09T19:30:00Z,Other,275.000,Elexon BMRS FUELHH
2022-02-09T19:30:00Z,Pumped Storage,944.000,Elexon BMRS FUELHH
2022-02-09T19:30:00Z,Wind,8018.000,Elexon BMRS FUELHH
2022-02-09T20:00:00Z,Biomass,2974.000,Elexon BMRS FUELHH
2022-02-09T20:00:00Z,Coal,1374.000,Elexon BMRS FUELHH
2022-02-09T20:00:00Z,Gas,15027.000,Elexon BMRS FUELHH
2022-02-09T20:00:00Z,Hydro,873.000,Elexon BMRS FUELHH
2022-02-09T20:00:00Z,Imports & Exports,2760.000,Elexon BMRS FUELHH
2022-02-09T20:00:00Z,Nuclear,5731.000,Elexon BMRS FUELHH
2022-02-09T20:00:00Z,Other,234.000,Elexon BMRS FUELHH
2022-02-09T20:00:00Z,Pumped Storage,172.000,Elexon BMRS FUELHH
2022-02-09T20:00:00Z,Wind,8415.000,Elexon BMRS FUELHH
2022-02-09T20:30:00Z,Biomass,2972.000,Elexon BMRS FUELHH
2022-02-09T20:30:00Z,Coal,1376.000,Elexon BMRS FUELHH
2022-02-09T20:30:00Z,Gas,13943.000,Elexon BMRS FUELHH
2022-02-09T20:30:00Z,Hydro,849.000,Elexon BMRS FUELHH
2022-02-09T20:30:00Z,Imports & Exports,2568.000,Elexon BMRS FUELHH
2022-02-09T20:30:00Z,Nuclear,5728.000,Elexon BMRS FUELHH
2022-02-09T20:30:00Z,Other,179.000,Elexon BMRS FUELHH
2022-02-09T20:30:00Z,Pumped Storage,56.000,Elexon BMRS FUELHH
2022-02-09T20:30:00Z,Wind,8482.000,Elexon BMRS FUELHH
2022-02-09T21:00:00Z,Biomass,2951.000,Elexon BMRS FUELHH
2022-02-09T21:00:00Z,Coal,1330.000,Elexon BMRS FUELHH
2022-02-09T21:00:00Z,Gas,13160.000,Elexon BMRS FUELHH
2022-02-09T21:00:00Z,Hydro,678.000,Elexon BMRS FUELHH
2022-02-09T21:00:00Z,Imports & Exports,1792.000,Elexon BMRS FUELHH
2022-02-09T21:00:00Z,Nuclear,5730.000,Elexon BMRS FUELHH
2022-02-09T21:00:00Z,Other,168.000,Elexon BMRS FUELHH
2022-02-09T21:00:00Z,Pumped Storage,20.000,Elexon BMRS FUELHH
2022-02-09T21:00:00Z,Wind,8555.000,Elexon BMRS FUELHH
2022-02-09T21:30:00Z,Biomass,2933.000,Elexon BMRS FUELHH
2022-02-09T21:30:00Z,Coal,1177.000,Elexon BMRS FUELHH
2022-02-09T21:30:00Z,Gas,12043.000,Elexon BMRS FUELHH
2022-02-09T21:30:00Z,Hydro,661.000,Elexon BMRS FUELHH
2022-02-09T21:30:00Z,Imports & Exports,1898.000,Elexon BMRS FUELHH
2022-02-09T21:30:00Z,Nuclear,5736.000,Elexon BMRS FUELHH
2022-02-09T21:30:00Z,Other,170.000,Elexon BMRS FUELHH
2022-02-09T21:30:00Z,Pumped Storage,-312.000,Elexon BMRS FUELHH
2022-02-09T21:30:00Z,Wind,8653.000,Elexon BMRS FUELHH
2022-02-09T22:00:00Z,Biomass,2935.000,Elexon BMRS FUELHH
2022-02-09T22:00:00Z,Coal,882.000,Elexon BMRS FUELHH
2022-02-09T22:00:00Z,Gas,10531.000,Elexon BMRS FUELHH
2022-02-09T22:00:00Z,Hydro,617.000,Elexon BMRS FUELHH
2022-02-09T22:00:00Z,Imports & Exports,1756.000,Elexon BMRS FUELHH
2022-02-09T22:00:00Z,Nuclear,5649.000,Elexon BMRS FUELHH
2022-02-09T22:00:00Z,Other,167.000,Elexon BMRS FUELHH
2022-02-09T22:00:00Z,Pumped Storage,-318.000,Elexon BMRS FUELHH
2022-02-09T22:00:00Z,Wind,8696.000,Elexon BMRS FUELHH
2022-02-09T22:30:00Z,Biomass,2931.000,Elexon BMRS FUELHH
2022-02-09T22:30:00Z,Coal,855.000,Elexon BMRS FUELHH
2022-02-09T22:30:00Z,Gas,8833.000,Elexon BMRS FUELHH
2022-02-09T22:30:00Z,Hydro,617.000,Elexon BMRS FUELHH
2022-02-09T22:30:00Z,Imports & Exports,1850.000,Elexon BMRS FUELHH
2022-02-09T22:30:00Z,Nuclear,5427.000,Elexon BMRS FUELHH
2022-02-09T22:30:00Z,Other,169.000,Elexon BMRS FUELHH
2022-02-09T22:30:00Z,Pumped Storage,-270.000,Elexon BMRS FUELHH
2022-02-09T22:30:00Z,Wind,8700.000,Elexon BMRS FUELHH
2022-02-09T23:00:00Z,Biomass,2916.000,Elexon BMRS FUELHH
2022-02-09T23:00:00Z,Coal,784.000,Elexon BMRS FUELHH
2022-02-09T23:00:00Z,Gas,6665.000,Elexon BMRS FUELHH
2022-02-09T23:00:00Z,Hydro,618.000,Elexon BMRS FUELHH
2022-02-09T23:00:00Z,Imports & Exports,2712.000,Elexon BMRS FUELHH
2022-02-09T23:00:00Z,Nuclear,5099.000,Elexon BMRS FUELHH
2022-02-09T23:00:00Z,Other,167.000,Elexon BMRS FUELHH
2022-02-09T23:00:00Z,Pumped Storage,-260.000,Elexon BMRS FUELHH
2022-02-09T23:00:00Z,Wind,8713.000,Elexon BMRS FUELHH
2022-02-09T23:30:00Z,Biomass,2914.000,Elexon BMRS FUELHH
2022-02-09T23:30:00Z,Coal,951.000,Elexon BMRS FUELHH
2022-02-09T23:30:00Z,Gas,5565.000,Elexon BMRS FUELHH
2022-02-09T23:30:00Z,Hydro,617.000,Elexon BMRS FUELHH
2022-02-09T23:30:00Z,Imports & Exports,2610.000,Elexon BMRS FUELHH
2022-02-09T23:30:00Z,Nuclear,5087.000,Elexon BMRS FUELHH
2022-02-09T23:30:00Z,Other,177.000,Elexon BMRS FUELHH
2022-02-09T23:30:00Z,Pumped Storage,-104.000,Elexon BMRS FUELHH
2022-02-09T23:30:00Z,Wind,8244.000,Elexon BMRS FUELHH
2022-02-10T00:00:00Z,Biomass,2894.000,Elexon BMRS FUELHH
2022-02-10T00:00:00Z,Coal,864.000,Elexon BMRS FUELHH
2022-02-10T00:00:00Z,Gas,5280.000,Elexon BMRS FUELHH
2022-02-10T00:00:00Z,Hydro,583.000,Elexon BMRS FUELHH
2022-02-10T00:00:00Z,Imports & Exports,2812.000,Elexon BMRS FUELHH
2022-02-10T00:00:00Z,Nuclear,5087.000,Elexon BMRS FUELHH
2022-02-10T00:00:00Z,Other,163.000,Elexon BMRS FUELHH
2022-02-10T00:00:00Z,Pumped Storage,-132.000,Elexon BMRS FUELHH
2022-02-10T00:00:00Z,Wind,8201.000,Elexon BMRS FUELHH
2022-02-10T00:30:00Z,Biomass,2847.000,Elexon BMRS FUELHH
2022-02-10T00:30:00Z,Coal,771.000,Elexon BMRS FUELHH
2022-02-10T00:30:00Z,Gas,5479.000,Elexon BMRS FUELHH
2022-02-10T00:30:00Z,Hydro,574.000,Elexon BMRS FUELHH
2022-02-10T00:30:00Z,Imports & Exports,3006.000,Elexon BMRS FUELHH
2022-02-10T00:30:00Z,Nuclear,5090.000,Elexon BMRS FUELHH
2022-02-10T00:30:00Z,Other,162.000,Elexon BMRS FUELHH
2022-02-10T00:30:00Z,Pumped Storage,-20.000,Elexon BMRS FUELHH
2022-02-10T00:30:00Z,Wind,8285.000,Elexon BMRS FUELHH
2022-02-10T01:00:00Z,Biomass,2792.000,Elexon BMRS FUELHH
2022-02-10T01:00:00Z,Coal,665.000,Elexon BMRS FUELHH
2022-02-10T01:00:00Z,Gas,4905.000,Elexon BMRS FUELHH
2022-02-10T01:00:00Z,Hydro,572.000,Elexon BMRS FUELHH
2022-02-10T01:00:00Z,Imports & Exports,3132.000,Elexon BMRS FUELHH
2022-02-10T01:00:00Z,Nuclear,5091.000,Elexon BMRS FUELHH
2022-02-10T01:00:00Z,Other,162.000,Elexon BMRS FUELHH
2022-02-10T01:00:00Z,Pumped Storage,-144.000,Elexon BMRS FUELHH
2022-02-10T01:00:00Z,Wind,8807.000,Elexon BMRS FUELHH
2022-02-10T01:30:00Z,Biomass,2644.000,Elexon BMRS FUELHH
2022-02-10T01:30:00Z,Coal,584.000,Elexon BMRS FUELHH
2022-02-10T01:30:00Z,Gas,4491.000,Elexon BMRS FUELHH
2022-02-10T01:30:00Z,Hydro,571.000,Elexon BMRS FUELHH
2022-02-10T01:30:00Z,Imports & Exports,3088.000,Elexon BMRS FUELHH
2022-02-10T01:30:00Z,Nuclear,5089.000,Elexon BMRS FUELHH
2022-02-10T01:30:00Z,Other,165.000,Elexon BMRS FUELHH
2022-02-10T01:30:00Z,Pumped Storage,-156.000,Elexon BMRS FUELHH
2022-02-10T01:30:00Z,Wind,8924.000,Elexon BMRS FUELHH
2022-02-10T02:00:00Z,Biomass,2672.000,Elexon BMRS FUELHH
2022-02-10T02:00:00Z,Coal,665.000,Elexon BMRS FUELHH
2022-02-10T02:00:00Z,Gas,4867.000,Elexon BMRS FUELHH
2022-02-10T02:00:00Z,Hydro,571.000,Elexon BMRS FUELHH
2022-02-10T02:00:00Z,Imports & Exports,2620.000,Elexon BMRS FUELHH
2022-02-10T02:00:00Z,Nuclear,5091.000,Elexon BMRS FUELHH
2022-02-10T02:00:00Z,Other,166.000,Elexon BMRS FUELHH
2022-02-10T02:00:00Z,Pumped Storage,-806.000,Elexon BMRS FUELHH
2022-02-10T02:00:00Z,Wind,8829.000,Elexon BMRS FUELHH
2022-02-10T02:30:00Z,Biomass,2821.000,Elexon BMRS FUELHH
2022-02-10T02:30:00Z,Coal,464.000,Elexon BMRS FUELHH
2022-02-10T02:30:00Z,Gas,4734.000,Elexon BMRS FUELHH
2022-02-10T02:30:00Z,Hydro,556.000,Elexon BMRS FUELHH
2022-02-10T02:30:00Z,Imports & Exports,2578.000,Elexon BMRS FUELHH
2022-02-10T02:30:00Z,Nuclear,5093.000,Elexon BMRS FUELHH
2022-02-10T02:30:00Z,Other,166.000,Elexon BMRS FUELHH
2022-02-10T02:30:00Z,Pumped Storage,-1026.000,Elexon BMRS FUELHH
2022-02-10T02:30:00Z,Wind,8988.000,Elexon BMRS FUELHH
2022-02-10T03:00:00Z,Biomass,2835.000,Elexon BMRS FUELHH
2022-02-10T03:00:00Z,Coal,463.000,Elexon BMRS FUELHH
2022-02-10T03:00:00Z,Gas,5014.000,Elexon BMRS FUELHH
2022-02-10T03:00:00Z,Hydro,555.000,Elexon BMRS FUELHH
2022-02-10T03:00:00Z,Imports & Exports,1726.000,Elexon BMRS FUELHH
2022-02-10T03:00:00Z,Nuclear,5095.000,Elexon BMRS FUELHH
2022-02-10T03:00:00Z,Other,162.000,Elexon BMRS FUELHH
2022-02-10T03:00:00Z,Pumped Storage,-860.000,Elexon BMRS FUELHH
2022-02-10T03:00:00Z,Wind,9037.000,Elexon BMRS FUELHH
2022-02-10T03:30:00Z,Biomass,2811.000,Elexon BMRS FUELHH
2022-02-10T03:30:00Z,Coal,463.000,Elexon BMRS FUELHH
2022-02-10T03:30:00Z,Gas,5028.000,Elexon BMRS FUELHH
2022-02-10T03:30:00Z,Hydro,557.000,Elexon BMRS FUELHH
2022-02-10T03:30:00Z,Imports & Exports,1690.000,Elexon BMRS FUELHH
2022-02-10T03:30:00Z,Nuclear,5095.000,Elexon BMRS FUELHH
2022-02-10T03:30:00Z,Other,167.000,Elexon BMRS FUELHH
2022-02-10T03:30:00Z,Pumped Storage,-1270.000,Elexon BMRS FUELHH
2022-02-10T03:30:00Z,Wind,9248.000,Elexon BMRS FUELHH
2022-02-10T04:00:00Z,Biomass,2811.000,Elexon BMRS FUELHH
2022-02-10T04:00:00Z,Coal,645.000,Elexon BMRS FUELHH
2022-02-10T04:00:00Z,Gas,5283.000,Elexon BMRS FUELHH
2022-02-10T04:00:00Z,Hydro,555.000,Elexon BMRS FUELHH
2022-02-10T04:00:00Z,Imports & Exports,540.000,Elexon BMRS FUELHH
2022-02-10T04:00:00Z,Nuclear,5092.000,Elexon BMRS FUELHH
2022-02-10T04:00:00Z,Other,161.000,Elexon BMRS FUELHH
2022-02-10T04:00:00Z,Pumped Storage,-816.000,Elexon BMRS FUELHH
2022-02-10T04:00:00Z,Wind,9243.000,Elexon BMRS FUELHH
2022-02-10T04:30:00Z,Biomass,2808.000,Elexon BMRS FUELHH
2022-02-10T04:30:00Z,Coal,746.000,Elexon BMRS FUELHH
2022-02-10T04:30:00Z,Gas,5269.000,Elexon BMRS FUELHH
2022-02-10T04:30:00Z,Hydro,558.000,Elexon BMRS FUELHH
2022-02-10T04:30:00Z,Imports & Exports,474.000,Elexon BMRS FUELHH
2022-02-10T04:30:00Z,Nuclear,5094.000,Elexon BMRS FUELHH
2022-02-10T04:30:00Z,Other,163.000,Elexon BMRS FUELHH
2022-02-10T04:30:00Z,Pumped Storage,-748.000,Elexon BMRS FUELHH
2022-02-10T04:30:00Z,Wind,9250.000,Elexon BMRS FUELHH
2022-02-10T05:00:00Z,Biomass,2811.000,Elexon BMRS FUELHH
2022-02-10T05:00:00Z,Coal,1040.000,Elexon BMRS FUELHH
2022-02-10T05:00:00Z,Gas,6063.000,Elexon BMRS FUELHH
2022-02-10T05:00:00Z,Hydro,625.000,Elexon BMRS FUELHH
2022-02-10T05:00:00Z,Imports & Exports,-756.000,Elexon BMRS FUELHH
2022-02-10T05:00:00Z,Nuclear,5097.000,Elexon BMRS FUELHH
2022-02-10T05:00:00Z,Other,163.000,Elexon BMRS FUELHH
2022-02-10T05:00:00Z,Pumped Storage,-162.000,Elexon BMRS FUELHH
2022-02-10T05:00:00Z,Wind,9501.000,Elexon BMRS FUELHH
2022-02-10T05:30:00Z,Biomass,2877.000,Elexon BMRS FUELHH
2022-02-10T05:30:00Z,Coal,1200.000,Elexon BMRS FUELHH
2022-02-10T05:30:00Z,Gas,7060.000,Elexon BMRS FUELHH
2022-02-10T05:30:00Z,Hydro,630.000,Elexon BMRS FUELHH
2022-02-10T05:30:00Z,Imports & Exports,-1074.000,Elexon BMRS FUELHH
2022-02-10T05:30:00Z,Nuclear,5095.000,Elexon BMRS FUELHH
2022-02-10T05:30:00Z,Other,161.000,Elexon BMRS FUELHH
2022-02-10T05:30:00Z,Pumped Storage,-18.000,Elexon BMRS FUELHH
2022-02-10T05:30:00Z,Wind,9464.000,Elexon BMRS FUELHH
2022-02-10T06:00:00Z,Biomass,2862.000,Elexon BMRS FUELHH
2022-02-10T06:00:00Z,Coal,1377.000,Elexon BMRS FUELHH
2022-02-10T06:00:00Z,Gas,8899.000,Elexon BMRS FUELHH
2022-02-10T06:00:00Z,Hydro,684.000,Elexon BMRS FUELHH
2022-02-10T06:00:00Z,Imports & Exports,-442.000,Elexon BMRS FUELHH
2022-02-10T06:00:00Z,Nuclear,5095.000,Elexon BMRS FUELHH
2022-02-10T06:00:00Z,Other,162.000,Elexon BMRS FUELHH
2022-02-10T06:00:00Z,Pumped Storage,-16.000,Elexon BMRS FUELHH
2022-02-10T06:00:00Z,Wind,9837.000,Elexon BMRS FUELHH
2022-02-10T06:30:00Z,Biomass,2879.000,Elexon BMRS FUELHH
2022-02-10T06:30:00Z,Coal,1488.000,Elexon BMRS FUELHH
2022-02-10T06:30:00Z,Gas,10584.000,Elexon BMRS FUELHH
2022-02-10T06:30:00Z,Hydro,685.000,Elexon BMRS FUELHH
2022-02-10T06:30:00Z,Imports & Exports,-418.000,Elexon BMRS FUELHH
2022-02-10T06:30:00Z,Nuclear,5089.000,Elexon BMRS FUELHH
2022-02-10T06:30:00Z,Other,169.000,Elexon BMRS FUELHH
2022-02-10T06:30:00Z,Pumped Storage,200.000,Elexon BMRS FUELHH
2022-02-10T06:30:00Z,Wind,10244.000,Elexon BMRS FUELHH
2022-02-10T07:00:00Z,Biomass,2875.000,Elexon BMRS FUELHH
2022-02-10T07:00:00Z,Coal,1604.000,Elexon BMRS FUELHH
2022-02-10T07:00:00Z,Gas,11916.000,Elexon BMRS FUELHH
2022-02-10T07:00:00Z,Hydro,747.000,Elexon BMRS FUELHH
2022-02-10T07:00:00Z,Imports & Exports,1048.000,Elexon BMRS FUELHH
2022-02-10T07:00:00Z,Nuclear,5090.000,Elexon BMRS FUELHH
2022-02-10T07:00:00Z,Other,173.000,Elexon BMRS FUELHH
2022-02-10T07:00:00Z,Pumped Storage,216.000,Elexon BMRS FUELHH
2022-02-10T07:00:00Z,Wind,10637.000,Elexon BMRS FUELHH
2022-02-10T07:30:00Z,Biomass,2920.000,Elexon BMRS FUELHH
2022-02-10T07:30:00Z,Coal,1769.000,Elexon BMRS FUELHH
2022-02-10T07:30:00Z,Gas,12141.000,Elexon BMRS FUELHH
2022-02-10T07:30:00Z,Hydro,901.000,Elexon BMRS FUELHH
2022-02-10T07:30:00Z,Imports & Exports,1218.000,Elexon BMRS FUELHH
2022-02-10T07:30:00Z,Nuclear,5089.000,Elexon BMRS FUELHH
2022-02-10T07:30:00Z,Other,212.000,Elexon BMRS FUELHH
2022-02-10T07:30:00Z,Pumped Storage,200.000,Elexon BMRS FUELHH
2022-02-10T07:30:00Z,Wind,11070.000,Elexon BMRS FUELHH
2022-02-10T08:00:00Z,Biomass,2920.000,Elexon BMRS FUELHH
2022-02-10T08:00:00Z,Coal,1900.000,Elexon BMRS FUELHH
2022-02-10T08:00:00Z,Gas,11935.000,Elexon BMRS FUELHH
2022-02-10T08:00:00Z,Hydro,941.000,Elexon BMRS FUELHH
2022-02-10T08:00:00Z,Imports & Exports,2410.000,Elexon BMRS FUELHH
2022-02-10T08:00:00Z,Nuclear,5092.000,Elexon BMRS FUELHH
2022-02-10T08:00:00Z,Other,184.000,Elexon BMRS FUELHH
2022-02-10T08:00:00Z,Pumped Storage,88.000,Elexon BMRS FUELHH
2022-02-10T08:00:00Z,Wind,11432.000,Elexon BMRS FUELHH
2022-02-10T08:30:00Z,Biomass,2936.000,Elexon BMRS FUELHH
2022-02-10T08:30:00Z,Coal,1911.000,Elexon BMRS FUELHH
2022-02-10T08:30:00Z,Gas,11996.000,Elexon BMRS FUELHH
2022-02-10T08:30:00Z,Hydro,881.000,Elexon BMRS FUELHH
2022-02-10T08:30:00Z,Imports & Exports,2420.000,Elexon BMRS FUELHH
2022-02-10T08:30:00Z,Nuclear,5089.000,Elexon BMRS FUELHH
2022-02-10T08:30:00Z,Other,189.000,Elexon BMRS FUELHH
2022-02-10T08:30:00Z,Pumped Storage,144.000,Elexon BMRS FUELHH
2022-02-10T08:30:00Z,Wind,11529.000,Elexon BMRS FUELHH
2022-02-10T09:00:00Z,Biomass,2943.000,Elexon BMRS FUELHH
2022-02-10T09:00:00Z,Coal,1865.000,Elexon BMRS FUELHH
2022-02-10T09:00:00Z,Gas,11874.000,Elexon BMRS FUELHH
2022-02-10T09:00:00Z,Hydro,973.000,Elexon BMRS FUELHH
2022-02-10T09:00:00Z,Imports & Exports,2752.000,Elexon BMRS FUELHH
2022-02-10T09:00:00Z,Nuclear,5087.000,Elexon BMRS FUELHH
2022-02-10T09:00:00Z,Other,169.000,Elexon BMRS FUELHH
2022-02-10T09:00:00Z,Pumped Storage,-10.000,Elexon BMRS FUELHH
2022-02-10T09:00:00Z,Wind,11771.000,Elexon BMRS FUELHH
2022-02-10T09:30:00Z,Biomass,2938.000,Elexon BMRS FUELHH
2022-02-10T09:30:00Z,Coal,1467.000,Elexon BMRS FUELHH
2022-02-10T09:30:00Z,Gas,11456.000,Elexon BMRS FUELHH
2022-02-10T09:30:00Z,Hydro,986.000,Elexon BMRS FUELHH
2022-02-10T09:30:00Z,Imports & Exports,2670.000,Elexon BMRS FUELHH
2022-02-10T09:30:00Z,Nuclear,5090.000,Elexon BMRS FUELHH
2022-02-10T09:30:00Z,Other,164.000,Elexon BMRS FUELHH
2022-02-10T09:30:00Z,Pumped Storage,-10.000,Elexon BMRS FUELHH
2022-02-10T09:30:00Z,Wind,12237.000,Elexon BMRS FUELHH
2022-02-10T10:00:00Z,Biomass,2886.000,Elexon BMRS FUELHH
2022-02-10T10:00:00Z,Coal,1371.000,Elexon BMRS FUELHH
2022-02-10T10:00:00Z,Gas,11172.000,Elexon BMRS FUELHH
2022-02-10T10:00:00Z,Hydro,814.000,Elexon BMRS FUELHH
2022-02-10T10:00:00Z,Imports & Exports,2242.000,Elexon BMRS FUELHH
2022-02-10T10:00:00Z,Nuclear,5087.000,Elexon BMRS FUELHH
2022-02-10T10:00:00Z,Other,174.000,Elexon BMRS FUELHH
2022-02-10T10:00:00Z,Pumped Storage,150.000,Elexon BMRS FUELHH
2022-02-10T10:00:00Z,Wind,12151.000,Elexon BMRS FUELHH
2022-02-10T10:30:00Z,Biomass,2854.000,Elexon BMRS FUELHH
2022-02-10T10:30:00Z,Coal,1661.000,Elexon BMRS FUELHH
2022-02-10T10:30:00Z,Gas,10611.000,Elexon BMRS FUELHH
2022-02-10T10:30:00Z,Hydro,801.000,Elexon BMRS FUELHH
2022-02-10T10:30:00Z,Imports & Exports,2308.000,Elexon BMRS FUELHH
2022-02-10T10:30:00Z,Nuclear,5092.000,Elexon BMRS FUELHH
2022-02-10T10:30:00Z,Other,165.000,Elexon BMRS FUELHH
2022-02-10T10:30:00Z,Pumped Storage,112.000,Elexon BMRS FUELHH
2022-02-10T10:30:00Z,Wind,12033.000,Elexon BMRS FUELHH
2022-02-10T11:00:00Z,Biomass,2793.000,Elexon BMRS FUELHH
2022-02-10T11:00:00Z,Coal,1779.000,Elexon BMRS FUELHH
2022-02-10T11:00:00Z,Gas,10626.000,Elexon BMRS FUELHH
2022-02-10T11:00:00Z,Hydro,730.000,Elexon BMRS FUELHH
2022-02-10T11:00:00Z,Imports & Exports,2024.000,Elexon BMRS FUELHH
2022-02-10T11:00:00Z,Nuclear,5092.000,Elexon BMRS FUELHH
2022-02-10T11:00:00Z,Other,167.000,Elexon BMRS FUELHH
2022-02-10T11:00:00Z,Pumped Storage,62.000,Elexon BMRS FUELHH
2022-02-10T11:00:00Z,Wind,11815.000,Elexon BMRS FUELHH
2022-02-10T11:30:00Z,Biomass,2850.000,Elexon BMRS FUELHH
2022-02-10T11:30:00Z,Coal,1622.000,Elexon BMRS FUELHH
2022-02-10T11:30:00Z,Gas,10292.000,Elexon BMRS FUELHH
2022-02-10T11:30:00Z,Hydro,768.000,Elexon BMRS FUELHH
2022-02-10T11:30:00Z,Imports & Exports,2270.000,Elexon BMRS FUELHH
2022-02-10T11:30:00Z,Nuclear,5096.000,Elexon BMRS FUELHH
2022-02-10T11:30:00Z,Other,168.000,Elexon BMRS FUELHH
2022-02-10T11:30:00Z,Pumped Storage,-12.000,Elexon BMRS FUELHH
2022-02-10T11:30:00Z,Wind,11956.000,Elexon BMRS FUELHH
2022-02-10T12:00:00Z,Biomass,2848.000,Elexon BMRS FUELHH
2022-02-10T12:00:00Z,Coal,1595.000,Elexon BMRS FUELHH
2022-02-10T12:00:00Z,Gas,10239.000,Elexon BMRS FUELHH
2022-02-10T12:00:00Z,Hydro,772.000,Elexon BMRS FUELHH
2022-02-10T12:00:00Z,Imports & Exports,2364.000,Elexon BMRS FUELHH
2022-02-10T12:00:00Z,Nuclear,5094.000,Elexon BMRS FUELHH
2022-02-10T12:00:00Z,Other,172.000,Elexon BMRS FUELHH
2022-02-10T12:00:00Z,Pumped Storage,64.000,Elexon BMRS FUELHH
2022-02-10T12:00:00Z,Wind,11914.000,Elexon BMRS FUELHH
2022-02-10T12:30:00Z,Biomass,2834.000,Elexon BMRS FUELHH
2022-02-10T12:30:00Z,Coal,1759.000,Elexon BMRS FUELHH
2022-02-10T12:30:00Z,Gas,9885.000,Elexon BMRS FUELHH
2022-02-10T12:30:00Z,Hydro,778.000,Elexon BMRS FUELHH
2022-02-10T12:30:00Z,Imports & Exports,2344.000,Elexon BMRS FUELHH
2022-02-10T12:30:00Z,Nuclear,5095.000,Elexon BMRS FUELHH
2022-02-10T12:30:00Z,Other,169.000,Elexon BMRS FUELHH
2022-02-10T12:30:00Z,Pumped Storage,-10.000,Elexon BMRS FUELHH
2022-02-10T12:30:00Z,Wind,11837.000,Elexon BMRS FUELHH
2022-02-10T13:00:00Z,Biomass,2845.000,Elexon BMRS FUELHH
2022-02-10T13:00:00Z,Coal,1577.000,Elexon BMRS FUELHH
2022-02-10T13:00:00Z,Gas,9830.000,Elexon BMRS FUELHH
2022-02-10T13:00:00Z,Hydro,711.000,Elexon BMRS FUELHH
2022-02-10T13:00:00Z,Imports & Exports,2188.000,Elexon BMRS FUELHH
2022-02-10T13:00:00Z,Nuclear,5097.000,Elexon BMRS FUELHH
2022-02-10T13:00:00Z,Other,184.000,Elexon BMRS FUELHH
2022-02-10T13:00:00Z,Pumped Storage,-24.000,Elexon BMRS FUELHH
2022-02-10T13:00:00Z,Wind,12221.000,Elexon BMRS FUELHH
2022-02-10T13:30:00Z,Biomass,2878.000,Elexon BMRS FUELHH
2022-02-10T13:30:00Z,Coal,1209.000,Elexon BMRS FUELHH
2022-02-10T13:30:00Z,Gas,9674.000,Elexon BMRS FUELHH
2022-02-10T13:30:00Z,Hydro,631.000,Elexon BMRS FUELHH
2022-02-10T13:30:00Z,Imports & Exports,2188.000,Elexon BMRS FUELHH
2022-02-10T13:30:00Z,Nuclear,5096.000,Elexon BMRS FUELHH
2022-02-10T13:30:00Z,Other,177.000,Elexon BMRS FUELHH
2022-02-10T13:30:00Z,Pumped Storage,-94.000,Elexon BMRS FUELHH
2022-02-10T13:30:00Z,Wind,12381.000,Elexon BMRS FUELHH
2022-02-10T14:00:00Z,Biomass,2906.000,Elexon BMRS FUELHH
2022-02-10T14:00:00Z,Coal,1182.000,Elexon BMRS FUELHH
2022-02-10T14:00:00Z,Gas,9728.000,Elexon BMRS FUELHH
2022-02-10T14:00:00Z,Hydro,633.000,Elexon BMRS FUELHH
2022-02-10T14:00:00Z,Imports & Exports,1742.000,Elexon BMRS FUELHH
2022-02-10T14:00:00Z,Nuclear,5095.000,Elexon BMRS FUELHH
2022-02-10T14:00:00Z,Other,180.000,Elexon BMRS FUELHH
2022-02-10T14:00:00Z,Pumped Storage,-14.000,Elexon BMRS FUELHH
2022-02-10T14:00:00Z,Wind,12458.000,Elexon BMRS FUELHH
2022-02-10T14:30:00Z,Biomass,2933.000,Elexon BMRS FUELHH
2022-02-10T14:30:00Z,Coal,1189.000,Elexon BMRS FUELHH
2022-02-10T14:30:00Z,Gas,9862.000,Elexon BMRS FUELHH
2022-02-10T14:30:00Z,Hydro,619.000,Elexon BMRS FUELHH
2022-02-10T14:30:00Z,Imports & Exports,1740.000,Elexon BMRS FUELHH
2022-02-10T14:30:00Z,Nuclear,5090.000,Elexon BMRS FUELHH
2022-02-10T14:30:00Z,Other,171.000,Elexon BMRS FUELHH
2022-02-10T14:30:00Z,Pumped Storage,-164.000,Elexon BMRS FUELHH
2022-02-10T14:30:00Z,Wind,12568.000,Elexon BMRS FUELHH
2022-02-10T15:00:00Z,Biomass,2905.000,Elexon BMRS FUELHH
2022-02-10T15:00:00Z,Coal,1471.000,Elexon BMRS FUELHH
2022-02-10T15:00:00Z,Gas,10705.000,Elexon BMRS FUELHH
2022-02-10T15:00:00Z,Hydro,624.000,Elexon BMRS FUELHH
2022-02-10T15:00:00Z,Imports & Exports,734.000,Elexon BMRS FUELHH
2022-02-10T15:00:00Z,Nuclear,5089.000,Elexon BMRS FUELHH
2022-02-10T15:00:00Z,Other,185.000,Elexon BMRS FUELHH
2022-02-10T15:00:00Z,Pumped Storage,2.000,Elexon BMRS FUELHH
2022-02-10T15:00:00Z,Wind,12603.000,Elexon BMRS FUELHH
2022-02-10T15:30:00Z,Biomass,2893.000,Elexon BMRS FUELHH
2022-02-10T15:30:00Z,Coal,1948.000,Elexon BMRS FUELHH
2022-02-10T15:30:00Z,Gas,11699.000,Elexon BMRS FUELHH
2022-02-10T15:30:00Z,Hydro,639.000,Elexon BMRS FUELHH
2022-02-10T15:30:00Z,Imports & Exports,676.000,Elexon BMRS FUELHH
2022-02-10T15:30:00Z,Nuclear,5094.000,Elexon BMRS FUELHH
2022-02-10T15:30:00Z,Other,186.000,Elexon BMRS FUELHH
2022-02-10T15:30:00Z,Pumped Storage,28.000,Elexon BMRS FUELHH
2022-02-10T15:30:00Z,Wind,12369.000,Elexon BMRS FUELHH
2022-02-10T16:00:00Z,Biomass,2942.000,Elexon BMRS FUELHH
2022-02-10T16:00:00Z,Coal,2228.000,Elexon BMRS FUELHH
2022-02-10T16:00:00Z,Gas,13168.000,Elexon BMRS FUELHH
2022-02-10T16:00:00Z,Hydro,761.000,Elexon BMRS FUELHH
2022-02-10T16:00:00Z,Imports & Exports,620.000,Elexon BMRS FUELHH
2022-02-10T16:00:00Z,Nuclear,5095.000,Elexon BMRS FUELHH
2022-02-10T16:00:00Z,Other,217.000,Elexon BMRS FUELHH
2022-02-10T16:00:00Z,Pumped Storage,46.000,Elexon BMRS FUELHH
2022-02-10T16:00:00Z,Wind,12207.000,Elexon BMRS FUELHH
2022-02-10T16:30:00Z,Biomass,2941.000,Elexon BMRS FUELHH
2022-02-10T16:30:00Z,Coal,2324.000,Elexon BMRS FUELHH
2022-02-10T16:30:00Z,Gas,14535.000,Elexon BMRS FUELHH
2022-02-10T16:30:00Z,Hydro,805.000,Elexon BMRS FUELHH
2022-02-10T16:30:00Z,Imports & Exports,392.000,Elexon BMRS FUELHH
2022-02-10T16:30:00Z,Nuclear,5094.000,Elexon BMRS FUELHH
2022-02-10T16:30:00Z,Other,246.000,Elexon BMRS FUELHH
2022-02-10T16:30:00Z,Pumped Storage,608.000,Elexon BMRS FUELHH
2022-02-10T16:30:00Z,Wind,12055.000,Elexon BMRS FUELHH
2022-02-10T17:00:00Z,Biomass,2944.000,Elexon BMRS FUELHH
2022-02-10T17:00:00Z,Coal,2366.000,Elexon BMRS FUELHH
2022-02-10T17:00:00Z,Gas,14581.000,Elexon BMRS FUELHH
2022-02-10T17:00:00Z,Hydro,891.000,Elexon BMRS FUELHH
2022-02-10T17:00:00Z,Imports & Exports,1634.000,Elexon BMRS FUELHH
2022-02-10T17:00:00Z,Nuclear,5094.000,Elexon BMRS FUELHH
2022-02-10T17:00:00Z,Other,466.000,Elexon BMRS FUELHH
2022-02-10T17:00:00Z,Pumped Storage,1212.000,Elexon BMRS FUELHH
2022-02-10T17:00:00Z,Wind,11737.000,Elexon BMRS FUELHH
2022-02-10T17:30:00Z,Biomass,2936.000,Elexon BMRS FUELHH
2022-02-10T17:30:00Z,Coal,2370.000,Elexon BMRS FUELHH
2022-02-10T17:30:00Z,Gas,15120.000,Elexon BMRS FUELHH
2022-02-10T17:30:00Z,Hydro,1125.000,Elexon BMRS FUELHH
2022-02-10T17:30:00Z,Imports & Exports,1516.000,Elexon BMRS FUELHH
2022-02-10T17:30:00Z,Nuclear,5096.000,Elexon BMRS FUELHH
2022-02-10T17:30:00Z,Other,632.000,Elexon BMRS FUELHH
2022-02-10T17:30:00Z,Pumped Storage,1544.000,Elexon BMRS FUELHH
2022-02-10T17:30:00Z,Wind,11602.000,Elexon BMRS FUELHH
2022-02-10T18:00:00Z,Biomass,2946.000,Elexon BMRS FUELHH
2022-02-10T18:00:00Z,Coal,2372.000,Elexon BMRS FUELHH
2022-02-10T18:00:00Z,Gas,15166.000,Elexon BMRS FUELHH
2022-02-10T18:00:00Z,Hydro,1145.000,Elexon BMRS FUELHH
2022-02-10T18:00:00Z,Imports & Exports,1504.000,Elexon BMRS FUELHH
2022-02-10T18:00:00Z,Nuclear,5094.000,Elexon BMRS FUELHH
2022-02-10T18:00:00Z,Other,497.000,Elexon BMRS FUELHH
2022-02-10T18:00:00Z,Pumped Storage,1764.000,Elexon BMRS FUELHH
2022-02-10T18:00:00Z,Wind,11362.000,Elexon BMRS FUELHH
2022-02-10T18:30:00Z,Biomass,2946.000,Elexon BMRS FUELHH
2022-02-10T18:30:00Z,Coal,2371.000,Elexon BMRS FUELHH
2022-02-10T18:30:00Z,Gas,15086.000,Elexon BMRS FUELHH
2022-02-10T18:30:00Z,Hydro,1148.000,Elexon BMRS FUELHH
2022-02-10T18:30:00Z,Imports & Exports,1314.000,Elexon BMRS FUELHH
2022-02-10T18:30:00Z,Nuclear,5098.000,Elexon BMRS FUELHH
2022-02-10T18:30:00Z,Other,389.000,Elexon BMRS FUELHH
2022-02-10T18:30:00Z,Pumped Storage,1638.000,Elexon BMRS FUELHH
2022-02-10T18:30:00Z,Wind,11206.000,Elexon BMRS FUELHH
2022-02-10T19:00:00Z,Biomass,2944.000,Elexon BMRS FUELHH
2022-02-10T19:00:00Z,Coal,2058.000,Elexon BMRS FUELHH
2022-02-10T19:00:00Z,Gas,13899.000,Elexon BMRS FUELHH
2022-02-10T19:00:00Z,Hydro,1139.000,Elexon BMRS FUELHH
2022-02-10T19:00:00Z,Imports & Exports,3130.000,Elexon BMRS FUELHH
2022-02-10T19:00:00Z,Nuclear,5098.000,Elexon BMRS FUELHH
2022-02-10T19:00:00Z,Other,309.000,Elexon BMRS FUELHH
2022-02-10T19:00:00Z,Pumped Storage,938.000,Elexon BMRS FUELHH
2022-02-10T19:00:00Z,Wind,11080.000,Elexon BMRS FUELHH
2022-02-10T19:30:00Z,Biomass,2937.000,Elexon BMRS FUELHH
2022-02-10T19:30:00Z,Coal,1971.000,Elexon BMRS FUELHH
2022-02-10T19:30:00Z,Gas,14095.000,Elexon BMRS FUELHH
2022-02-10T19:30:00Z,Hydro,963.000,Elexon BMRS FUELHH
2022-02-10T19:30:00Z,Imports & Exports,3110.000,Elexon BMRS FUELHH
2022-02-10T19:30:00Z,Nuclear,5101.000,Elexon BMRS FUELHH
2022-02-10T19:30:00Z,Other,297.000,Elexon BMRS FUELHH
2022-02-10T19:30:00Z,Pumped Storage,216.000,Elexon BMRS FUELHH
2022-02-10T19:30:00Z,Wind,10991.000,Elexon BMRS FUELHH
2022-02-10T20:00:00Z,Biomass,2943.000,Elexon BMRS FUELHH
2022-02-10T20:00:00Z,Coal,1970.000,Elexon BMRS FUELHH
2022-02-10T20:00:00Z,Gas,14246.000,Elexon BMRS FUELHH
2022-02-10T20:00:00Z,Hydro,910.000,Elexon BMRS FUELHH
2022-02-10T20:00:00Z,Imports & Exports,2374.000,Elexon BMRS FUELHH
2022-02-10T20:00:00Z,Nuclear,5101.000,Elexon BMRS FUELHH
2022-02-10T20:00:00Z,Other,211.000,Elexon BMRS FUELHH
2022-02-10T20:00:00Z,Pumped Storage,-12.000,Elexon BMRS FUELHH
2022-02-10T20:00:00Z,Wind,10624.000,Elexon BMRS FUELHH
2022-02-10T21:00:00Z,Biomass,2939.000,Elexon BMRS FUELHH
2022-02-10T21:00:00Z,Coal,1976.000,Elexon BMRS FUELHH
2022-02-10T21:00:00Z,Gas,12225.000,Elexon BMRS FUELHH
2022-02-10T21:00:00Z,Hydro,822.000,Elexon BMRS FUELHH
2022-02-10T21:00:00Z,Imports & Exports,1950.000,Elexon BMRS FUELHH
2022-02-10T21:00:00Z,Nuclear,5099.000,Elexon BMRS FUELHH
2022-02-10T21:00:00Z,Other,174.000,Elexon BMRS FUELHH
2022-02-10T21:00:00Z,Pumped Storage,56.000,Elexon BMRS FUELHH
2022-02-10T21:00:00Z,Wind,10157.000,Elexon BMRS FUELHH
2022-02-10T21:30:00Z,Biomass,2928.000,Elexon BMRS FUELHH
2022-02-10T21:30:00Z,Coal,1935.000,Elexon BMRS FUELHH
2022-02-10T21:30:00Z,Gas,11213.000,Elexon BMRS FUELHH
2022-02-10T21:30:00Z,Hydro,822.000,Elexon BMRS FUELHH
2022-02-10T21:30:00Z,Imports & Exports,1854.000,Elexon BMRS FUELHH
2022-02-10T21:30:00Z,Nuclear,5101.000,Elexon BMRS FUELHH
2022-02-10T21:30:00Z,Other,174.000,Elexon BMRS FUELHH
2022-02-10T21:30:00Z,Pumped Storage,-142.000,Elexon BMRS FUELHH
2022-02-10T21:30:00Z,Wind,9769.000,Elexon BMRS FUELHH
2022-02-10T22:00:00Z,Biomass,2918.000,Elexon BMRS FUELHH
2022-02-10T22:00:00Z,Coal,1920.000,Elexon BMRS FUELHH
2022-02-10T22:00:00Z,Gas,10240.000,Elexon BMRS FUELHH
2022-02-10T22:00:00Z,Hydro,809.000,Elexon BMRS FUELHH
2022-02-10T22:00:00Z,Imports & Exports,1258.000,Elexon BMRS FUELHH
2022-02-10T22:00:00Z,Nuclear,5101.000,Elexon BMRS FUELHH
2022-02-10T22:00:00Z,Other,173.000,Elexon BMRS FUELHH
2022-02-10T22:00:00Z,Pumped Storage,-126.000,Elexon BMRS FUELHH
2022-02-10T22:00:00Z,Wind,9473.000,Elexon BMRS FUELHH
2022-02-10T22:30:00Z,Biomass,2892.000,Elexon BMRS FUELHH
2022-02-10T22:30:00Z,Coal,1881.000,Elexon BMRS FUELHH
2022-02-10T22:30:00Z,Gas,9266.000,Elexon BMRS FUELHH
2022-02-10T22:30:00Z,Hydro,790.000,Elexon BMRS FUELHH
2022-02-10T22:30:00Z,Imports & Exports,1154.000,Elexon BMRS FUELHH
2022-02-10T22:30:00Z,Nuclear,5098.000,Elexon BMRS FUELHH
2022-02-10T22:30:00Z,Other,171.000,Elexon BMRS FUELHH
2022-02-10T22:30:00Z,Pumped Storage,-108.000,Elexon BMRS FUELHH
2022-02-10T22:30:00Z,Wind,9115.000,Elexon BMRS FUELHH
2022-02-10T23:00:00Z,Biomass,2895.000,Elexon BMRS FUELHH
2022-02-10T23:00:00Z,Coal,1859.000,Elexon BMRS FUELHH
2022-02-10T23:00:00Z,Gas,8796.000,Elexon BMRS FUELHH
2022-02-10T23:00:00Z,Hydro,772.000,Elexon BMRS FUELHH
2022-02-10T23:00:00Z,Imports & Exports,482.000,Elexon BMRS FUELHH
2022-02-10T23:00:00Z,Nuclear,5098.000,Elexon BMRS FUELHH
2022-02-10T23:00:00Z,Other,170.000,Elexon BMRS FUELHH
2022-02-10T23:00:00Z,Pumped Storage,30.000,Elexon BMRS FUELHH
2022-02-10T23:00:00Z,Wind,8612.000,Elexon BMRS FUELHH
2022-02-10T23:30:00Z,Biomass,2891.000,Elexon BMRS FUELHH
2022-02-10T23:30:00Z,Coal,1933.000,Elexon BMRS FUELHH
2022-02-10T23:30:00Z,Gas,8101.000,Elexon BMRS FUELHH
2022-02-10T23:30:00Z,Hydro,759.000,Elexon BMRS FUELHH
2022-02-10T23:30:00Z,Imports & Exports,334.000,Elexon BMRS FUELHH
2022-02-10T23:30:00Z,Nuclear,5096.000,Elexon BMRS FUELHH
2022-02-10T23:30:00Z,Other,174.000,Elexon BMRS FUELHH
2022-02-10T23:30:00Z,Pumped Storage,10.000,Elexon BMRS FUELHH
2022-02-10T23:30:00Z,Wind,8174.000,Elexon BMRS FUELHH
2022-02-11T00:00:00Z,Biomass,2890.000,Elexon BMRS FUELHH
2022-02-11T00:00:00Z,Coal,1892.000,Elexon BMRS FUELHH
2022-02-11T00:00:00Z,Gas,8200.000,Elexon BMRS FUELHH
2022-02-11T00:00:00Z,Hydro,706.000,Elexon BMRS FUELHH
2022-02-11T00:00:00Z,Imports & Exports,796.000,Elexon BMRS FUELHH
2022-02-11T00:00:00Z,Nuclear,5096.000,Elexon BMRS FUELHH
2022-02-11T00:00:00Z,Other,177.000,Elexon BMRS FUELHH
2022-02-11T00:00:00Z,Pumped Storage,-24.000,Elexon BMRS FUELHH
2022-02-11T00:00:00Z,Wind,7785.000,Elexon BMRS FUELHH
2022-02-11T00:30:00Z,Biomass,2889.000,Elexon BMRS FUELHH
2022-02-11T00:30:00Z,Coal,1952.000,Elexon BMRS FUELHH
2022-02-11T00:30:00Z,Gas,8647.000,Elexon BMRS FUELHH
2022-02-11T00:30:00Z,Hydro,704.000,Elexon BMRS FUELHH
2022-02-11T00:30:00Z,Imports & Exports,956.000,Elexon BMRS FUELHH
2022-02-11T00:30:00Z,Nuclear,5101.000,Elexon BMRS FUELHH
2022-02-11T00:30:00Z,Other,173.000,Elexon BMRS FUELHH
2022-02-11T00:30:00Z,Pumped Storage,-18.000,Elexon BMRS FUELHH
2022-02-11T00:30:00Z,Wind,7880.000,Elexon BMRS FUELHH
2022-02-11T01:00:00Z,Biomass,2884.000,Elexon BMRS FUELHH
2022-02-11T01:00:00Z,Coal,1701.000,Elexon BMRS FUELHH
2022-02-11T01:00:00Z,Gas,8214.000,Elexon BMRS FUELHH
2022-02-11T01:00:00Z,Hydro,704.000,Elexon BMRS FUELHH
2022-02-11T01:00:00Z,Imports & Exports,1632.000,Elexon BMRS FUELHH
2022-02-11T01:00:00Z,Nuclear,5102.000,Elexon BMRS FUELHH
2022-02-11T01:00:00Z,Other,175.000,Elexon BMRS FUELHH
2022-02-11T01:00:00Z,Pumped Storage,-28.000,Elexon BMRS FUELHH
2022-02-11T01:00:00Z,Wind,7638.000,Elexon BMRS FUELHH
2022-02-11T01:30:00Z,Biomass,2888.000,Elexon BMRS FUELHH
2022-02-11T01:30:00Z,Coal,1658.000,Elexon BMRS FUELHH
2022-02-11T01:30:00Z,Gas,8262.000,Elexon BMRS FUELHH
2022-02-11T01:30:00Z,Hydro,701.000,Elexon BMRS FUELHH
2022-02-11T01:30:00Z,Imports & Exports,1716.000,Elexon BMRS FUELHH
2022-02-11T01:30:00Z,Nuclear,5098.000,Elexon BMRS FUELHH
2022-02-11T01:30:00Z,Other,173.000,Elexon BMRS FUELHH
2022-02-11T01:30:00Z,Pumped Storage,-322.000,Elexon BMRS FUELHH
2022-02-11T01:30:00Z,Wind,7290.000,Elexon BMRS FUELHH
2022-02-11T02:00:00Z,Biomass,2887.000,Elexon BMRS FUELHH
2022-02-11T02:00:00Z,Coal,1685.000,Elexon BMRS FUELHH
2022-02-11T02:00:00Z,Gas,8217.000,Elexon BMRS FUELHH
2022-02-11T02:00:00Z,Hydro,693.000,Elexon BMRS FUELHH
2022-02-11T02:00:00Z,Imports & Exports,2616.000,Elexon BMRS FUELHH
2022-02-11T02:00:00Z,Nuclear,5100.000,Elexon BMRS FUELHH
2022-02-11T02:00:00Z,Other,174.000,Elexon BMRS FUELHH
2022-02-11T02:00:00Z,Pumped Storage,-1270.000,Elexon BMRS FUELHH
2022-02-11T02:00:00Z,Wind,6923.000,Elexon BMRS FUELHH
2022-02-11T02:30:00Z,Biomass,2890.000,Elexon BMRS FUELHH
2022-02-11T02:30:00Z,Coal,1590.000,Elexon BMRS FUELHH
2022-02-11T02:30:00Z,Gas,8746.000,Elexon BMRS FUELHH
2022-02-11T02:30:00Z,Hydro,631.000,Elexon BMRS FUELHH
2022-02-11T02:30:00Z,Imports & Exports,2666.000,Elexon BMRS FUELHH
2022-02-11T02:30:00Z,Nuclear,5102.000,Elexon BMRS FUELHH
2022-02-11T02:30:00Z,Other,173.000,Elexon BMRS FUELHH
2022-02-11T02:30:00Z,Pumped Storage,-1536.000,Elexon BMRS FUELHH
2022-02-11T02:30:00Z,Wind,6744.000,Elexon BMRS FUELHH
2022-02-11T03:00:00Z,Biomass,2889.000,Elexon BMRS FUELHH
2022-02-11T03:00:00Z,Coal,1502.000,Elexon BMRS FUELHH
2022-02-11T03:00:00Z,Gas,8957.000,Elexon BMRS FUELHH
2022-02-11T03:00:00Z,Hydro,622.000,Elexon BMRS FUELHH
2022-02-11T03:00:00Z,Imports & Exports,2462.000,Elexon BMRS FUELHH
2022-02-11T03:00:00Z,Nuclear,5105.000,Elexon BMRS FUELHH
2022-02-11T03:00:00Z,Other,172.000,Elexon BMRS FUELHH
2022-02-11T03:00:00Z,Pumped Storage,-1522.000,Elexon BMRS FUELHH
2022-02-11T03:00:00Z,Wind,6447.000,Elexon BMRS FUELHH
2022-02-11T03:30:00Z,Biomass,2880.000,Elexon BMRS FUELHH
2022-02-11T03:30:00Z,Coal,1423.000,Elexon BMRS FUELHH
2022-02-11T03:30:00Z,Gas,8946.000,Elexon BMRS FUELHH
2022-02-11T03:30:00Z,Hydro,623.000,Elexon BMRS FUELHH
2022-02-11T03:30:00Z,Imports & Exports,2366.000,Elexon BMRS FUELHH
2022-02-11T03:30:00Z,Nuclear,5107.000,Elexon BMRS FUELHH
2022-02-11T03:30:00Z,Other,194.000,Elexon BMRS FUELHH
2022-02-11T03:30:00Z,Pumped Storage,-1528.000,Elexon BMRS FUELHH
2022-02-11T03:30:00Z,Wind,6492.000,Elexon BMRS FUELHH
2022-02-11T04:00:00Z,Biomass,2888.000,Elexon BMRS FUELHH
2022-02-11T04:00:00Z,Coal,1503.000,Elexon BMRS FUELHH
2022-02-11T04:00:00Z,Gas,8882.000,Elexon BMRS FUELHH
2022-02-11T04:00:00Z,Hydro,623.000,Elexon BMRS FUELHH
2022-02-11T04:00:00Z,Imports & Exports,1954.000,Elexon BMRS FUELHH
2022-02-11T04:00:00Z,Nuclear,5110.000,Elexon BMRS FUELHH
2022-02-11T04:00:00Z,Other,171.000,Elexon BMRS FUELHH
2022-02-11T04:00:00Z,Pumped Storage,-1522.000,Elexon BMRS FUELHH
2022-02-11T04:00:00Z,Wind,6706.000,Elexon BMRS FUELHH
2022-02-11T04:30:00Z,Biomass,2888.000,Elexon BMRS FUELHH
2022-02-11T04:30:00Z,Coal,1583.000,Elexon BMRS FUELHH
2022-02-11T04:30:00Z,Gas,8987.000,Elexon BMRS FUELHH
2022-02-11T04:30:00Z,Hydro,627.000,Elexon BMRS FUELHH
2022-02-11T04:30:00Z,Imports & Exports,1884.000,Elexon BMRS FUELHH
2022-02-11T04:30:00Z,Nuclear,5109.000,Elexon BMRS FUELHH
2022-02-11T04:30:00Z,Other,167.000,Elexon BMRS FUELHH
2022-02-11T04:30:00Z,Pumped Storage,-1380.000,Elexon BMRS FUELHH
2022-02-11T04:30:00Z,Wind,6535.000,Elexon BMRS FUELHH
2022-02-11T05:00:00Z,Biomass,2888.000,Elexon BMRS FUELHH
2022-02-11T05:00:00Z,Coal,1753.000,Elexon BMRS FUELHH
2022-02-11T05:00:00Z,Gas,9758.000,Elexon BMRS FUELHH
2022-02-11T05:00:00Z,Hydro,711.000,Elexon BMRS FUELHH
2022-02-11T05:00:00Z,Imports & Exports,672.000,Elexon BMRS FUELHH
2022-02-11T05:00:00Z,Nuclear,5110.000,Elexon BMRS FUELHH
2022-02-11T05:00:00Z,Other,166.000,Elexon BMRS FUELHH
2022-02-11T05:00:00Z,Pumped Storage,-318.000,Elexon BMRS FUELHH
2022-02-11T05:00:00Z,Wind,6367.000,Elexon BMRS FUELHH
2022-02-11T05:30:00Z,Biomass,2889.000,Elexon BMRS FUELHH
2022-02-11T05:30:00Z,Coal,1810.000,Elexon BMRS FUELHH
2022-02-11T05:30:00Z,Gas,10891.000,Elexon BMRS FUELHH
2022-02-11T05:30:00Z,Hydro,719.000,Elexon BMRS FUELHH
2022-02-11T05:30:00Z,Imports & Exports,668.000,Elexon BMRS FUELHH
2022-02-11T05:30:00Z,Nuclear,5113.000,Elexon BMRS FUELHH
2022-02-11T05:30:00Z,Other,169.000,Elexon BMRS FUELHH
2022-02-11T05:30:00Z,Pumped Storage,-16.000,Elexon BMRS FUELHH
2022-02-11T05:30:00Z,Wind,6321.000,Elexon BMRS FUELHH
2022-02-11T06:00:00Z,Biomass,2888.000,Elexon BMRS FUELHH
2022-02-11T06:00:00Z,Coal,1959.000,Elexon BMRS FUELHH
2022-02-11T06:00:00Z,Gas,14044.000,Elexon BMRS FUELHH
2022-02-11T06:00:00Z,Hydro,750.000,Elexon BMRS FUELHH
2022-02-11T06:00:00Z,Imports & Exports,372.000,Elexon BMRS FUELHH
2022-02-11T06:00:00Z,Nuclear,5114.000,Elexon BMRS FUELHH
2022-02-11T06:00:00Z,Other,170.000,Elexon BMRS FUELHH
2022-02-11T06:00:00Z,Pumped Storage,6.000,Elexon BMRS FUELHH
2022-02-11T06:00:00Z,Wind,6276.000,Elexon BMRS FUELHH
2022-02-11T06:30:00Z,Biomass,2907.000,Elexon BMRS FUELHH
2022-02-11T06:30:00Z,Coal,1967.000,Elexon BMRS FUELHH
2022-02-11T06:30:00Z,Gas,16845.000,Elexon BMRS FUELHH
2022-02-11T06:30:00Z,Hydro,765.000,Elexon BMRS FUELHH
2022-02-11T06:30:00Z,Imports & Exports,416.000,Elexon BMRS FUELHH
2022-02-11T06:30:00Z,Nuclear,5111.000,Elexon BMRS FUELHH
2022-02-11T06:30:00Z,Other,170.000,Elexon BMRS FUELHH
2022-02-11T06:30:00Z,Pumped Storage,30.000,Elexon BMRS FUELHH
2022-02-11T06:30:00Z,Wind,6155.000,Elexon BMRS FUELHH
2022-02-11T07:00:00Z,Biomass,2807.000,Elexon BMRS FUELHH
2022-02-11T07:00:00Z,Coal,1976.000,Elexon BMRS FUELHH
2022-02-11T07:00:00Z,Gas,18762.000,Elexon BMRS FUELHH
2022-02-11T07:00:00Z,Hydro,975.000,Elexon BMRS FUELHH
2022-02-11T07:00:00Z,Imports & Exports,1370.000,Elexon BMRS FUELHH
2022-02-11T07:00:00Z,Nuclear,5107.000,Elexon BMRS FUELHH
2022-02-11T07:00:00Z,Other,184.000,Elexon BMRS FUELHH
2022-02-11T07:00:00Z,Pumped Storage,118.000,Elexon BMRS FUELHH
2022-02-11T07:00:00Z,Wind,5748.000,Elexon BMRS FUELHH
2022-02-11T07:30:00Z,Biomass,2908.000,Elexon BMRS FUELHH
2022-02-11T07:30:00Z,Coal,1976.000,Elexon BMRS FUELHH
2022-02-11T07:30:00Z,Gas,20075.000,Elexon BMRS FUELHH
2022-02-11T07:30:00Z,Hydro,1026.000,Elexon BMRS FUELHH
2022-02-11T07:30:00Z,Imports & Exports,1568.000,Elexon BMRS FUELHH
2022-02-11T07:30:00Z,Nuclear,5107.000,Elexon BMRS FUELHH
2022-02-11T07:30:00Z,Other,569.000,Elexon BMRS FUELHH
2022-02-11T07:30:00Z,Pumped Storage,88.000,Elexon BMRS FUELHH
2022-02-11T07:30:00Z,Wind,5585.000,Elexon BMRS FUELHH
2022-02-11T08:00:00Z,Biomass,2907.000,Elexon BMRS FUELHH
2022-02-11T08:00:00Z,Coal,1979.000,Elexon BMRS FUELHH
2022-02-11T08:00:00Z,Gas,19897.000,Elexon BMRS FUELHH
2022-02-11T08:00:00Z,Hydro,1005.000,Elexon BMRS FUELHH
2022-02-11T08:00:00Z,Imports & Exports,2848.000,Elexon BMRS FUELHH
2022-02-11T08:00:00Z,Nuclear,5107.000,Elexon BMRS FUELHH
2022-02-11T08:00:00Z,Other,833.000,Elexon BMRS FUELHH
2022-02-11T08:00:00Z,Pumped Storage,292.000,Elexon BMRS FUELHH
2022-02-11T08:00:00Z,Wind,5420.000,Elexon BMRS FUELHH
2022-02-11T08:30:00Z,Biomass,2903.000,Elexon BMRS FUELHH
2022-02-11T08:30:00Z,Coal,1983.000,Elexon BMRS FUELHH
2022-02-11T08:30:00Z,Gas,19938.000,Elexon BMRS FUELHH
2022-02-11T08:30:00Z,Hydro,1002.000,Elexon BMRS FUELHH
2022-02-11T08:30:00Z,Imports & Exports,2956.000,Elexon BMRS FUELHH
2022-02-11T08:30:00Z,Nuclear,5110.000,Elexon BMRS FUELHH
2022-02-11T08:30:00Z,Other,537.000,Elexon BMRS FUELHH
2022-02-11T08:30:00Z,Pumped Storage,286.000,Elexon BMRS FUELHH
2022-02-11T08:30:00Z,Wind,5431.000,Elexon BMRS FUELHH
2022-02-11T09:00:00Z,Biomass,2904.000,Elexon BMRS FUELHH
2022-02-11T09:00:00Z,Coal,1981.000,Elexon BMRS FUELHH
2022-02-11T09:00:00Z,Gas,19048.000,Elexon BMRS FUELHH
2022-02-11T09:00:00Z,Hydro,937.000,Elexon BMRS FUELHH
2022-02-11T09:00:00Z,Imports & Exports,4228.000,Elexon BMRS FUELHH
2022-02-11T09:00:00Z,Nuclear,5109.000,Elexon BMRS FUELHH
2022-02-11T09:00:00Z,Other,372.000,Elexon BMRS FUELHH
2022-02-11T09:00:00Z,Pumped Storage,400.000,Elexon BMRS FUELHH
2022-02-11T09:00:00Z,Wind,4987.000,Elexon BMRS FUELHH
2022-02-11T09:30:00Z,Biomass,2909.000,Elexon BMRS FUELHH
2022-02-11T09:30:00Z,Coal,1980.000,Elexon BMRS FUELHH
2022-02-11T09:30:00Z,Gas,18569.000,Elexon BMRS FUELHH
2022-02-11T09:30:00Z,Hydro,996.000,Elexon BMRS FUELHH
2022-02-11T09:30:00Z,Imports & Exports,4332.000,Elexon BMRS FUELHH
2022-02-11T09:30:00Z,Nuclear,5112.000,Elexon BMRS FUELHH
2022-02-11T09:30:00Z,Other,364.000,Elexon BMRS FUELHH
2022-02-11T09:30:00Z,Pumped Storage,146.000,Elexon BMRS FUELHH
2022-02-11T09:30:00Z,Wind,4410.000,Elexon BMRS FUELHH
2022-02-11T10:00:00Z,Biomass,2906.000,Elexon BMRS FUELHH
2022-02-11T10:00:00Z,Coal,1973.000,Elexon BMRS FUELHH
2022-02-11T10:00:00Z,Gas,19645.000,Elexon BMRS FUELHH
2022-02-11T10:00:00Z,Hydro,809.000,Elexon BMRS FUELHH
2022-02-11T10:00:00Z,Imports & Exports,2928.000,Elexon BMRS FUELHH
2022-02-11T10:00:00Z,Nuclear,5113.000,Elexon BMRS FUELHH
2022-02-11T10:00:00Z,Other,208.000,Elexon BMRS FUELHH
2022-02-11T10:00:00Z,Pumped Storage,18.000,Elexon BMRS FUELHH
2022-02-11T10:00:00Z,Wind,4020.000,Elexon BMRS FUELHH
2022-02-11T10:30:00Z,Biomass,2890.000,Elexon BMRS FUELHH
2022-02-11T10:30:00Z,Coal,1976.000,Elexon BMRS FUELHH
2022-02-11T10:30:00Z,Gas,19323.000,Elexon BMRS FUELHH
2022-02-11T10:30:00Z,Hydro,796.000,Elexon BMRS FUELHH
2022-02-11T10:30:00Z,Imports & Exports,2806.000,Elexon BMRS FUELHH
2022-02-11T10:30:00Z,Nuclear,5109.000,Elexon BMRS FUELHH
2022-02-11T10:30:00Z,Other,188.000,Elexon BMRS FUELHH
2022-02-11T10:30:00Z,Pumped Storage,74.000,Elexon BMRS FUELHH
2022-02-11T10:30:00Z,Wind,3650.000,Elexon BMRS FUELHH
2022-02-11T11:00:00Z,Biomass,2904.000,Elexon BMRS FUELHH
2022-02-11T11:00:00Z,Coal,1975.000,Elexon BMRS FUELHH
2022-02-11T11:00:00Z,Gas,18837.000,Elexon BMRS FUELHH
2022-02-11T11:00:00Z,Hydro,708.000,Elexon BMRS FUELHH
2022-02-11T11:00:00Z,Imports & Exports,3078.000,Elexon BMRS FUELHH
2022-02-11T11:00:00Z,Nuclear,5115.000,Elexon BMRS FUELHH
2022-02-11T11:00:00Z,Other,177.000,Elexon BMRS FUELHH
2022-02-11T11:00:00Z,Pumped Storage,16.000,Elexon BMRS FUELHH
2022-02-11T11:00:00Z,Wind,3537.000,Elexon BMRS FUELHH
2022-02-11T11:30:00Z,Biomass,2902.000,Elexon BMRS FUELHH
2022-02-11T11:30:00Z,Coal,1976.000,Elexon BMRS FUELHH
2022-02-11T11:30:00Z,Gas,18610.000,Elexon BMRS FUELHH
2022-02-11T11:30:00Z,Hydro,674.000,Elexon BMRS FUELHH
2022-02-11T11:30:00Z,Imports & Exports,3188.000,Elexon BMRS FUELHH
2022-02-11T11:30:00Z,Nuclear,5122.000,Elexon BMRS FUELHH
2022-02-11T11:30:00Z,Other,175.000,Elexon BMRS FUELHH
2022-02-11T11:30:00Z,Pumped Storage,-14.000,Elexon BMRS FUELHH
2022-02-11T11:30:00Z,Wind,3688.000,Elexon BMRS FUELHH
2022-02-11T12:00:00Z,Biomass,2908.000,Elexon BMRS FUELHH
2022-02-11T12:00:00Z,Coal,1975.000,Elexon BMRS FUELHH
2022-02-11T12:00:00Z,Gas,18538.000,Elexon BMRS FUELHH
2022-02-11T12:00:00Z,Hydro,654.000,Elexon BMRS FUELHH
2022-02-11T12:00:00Z,Imports & Exports,2964.000,Elexon BMRS FUELHH
2022-02-11T12:00:00Z,Nuclear,5123.000,Elexon BMRS FUELHH
2022-02-11T12:00:00Z,Other,177.000,Elexon BMRS FUELHH
2022-02-11T12:00:00Z,Pumped Storage,14.000,Elexon BMRS FUELHH
2022-02-11T12:00:00Z,Wind,3859.000,Elexon BMRS FUELHH
2022-02-11T12:30:00Z,Biomass,2912.000,Elexon BMRS FUELHH
2022-02-11T12:30:00Z,Coal,1838.000,Elexon BMRS FUELHH
2022-02-11T12:30:00Z,Gas,18112.000,Elexon BMRS FUELHH
2022-02-11T12:30:00Z,Hydro,546.000,Elexon BMRS FUELHH
2022-02-11T12:30:00Z,Imports & Exports,2914.000,Elexon BMRS FUELHH
2022-02-11T12:30:00Z,Nuclear,5124.000,Elexon BMRS FUELHH
2022-02-11T12:30:00Z,Other,176.000,Elexon BMRS FUELHH
2022-02-11T12:30:00Z,Pumped Storage,108.000,Elexon BMRS FUELHH
2022-02-11T12:30:00Z,Wind,4281.000,Elexon BMRS FUELHH
2022-02-11T13:00:00Z,Biomass,2896.000,Elexon BMRS FUELHH
2022-02-11T13:00:00Z,Coal,1710.000,Elexon BMRS FUELHH
2022-02-11T13:00:00Z,Gas,17824.000,Elexon BMRS FUELHH
2022-02-11T13:00:00Z,Hydro,492.000,Elexon BMRS FUELHH
2022-02-11T13:00:00Z,Imports & Exports,3298.000,Elexon BMRS FUELHH
2022-02-11T13:00:00Z,Nuclear,5124.000,Elexon BMRS FUELHH
2022-02-11T13:00:00Z,Other,178.000,Elexon BMRS FUELHH
2022-02-11T13:00:00Z,Pumped Storage,-2.000,Elexon BMRS FUELHH
2022-02-11T13:00:00Z,Wind,4485.000,Elexon BMRS FUELHH
2022-02-11T13:30:00Z,Biomass,2858.000,Elexon BMRS FUELHH
2022-02-11T13:30:00Z,Coal,1707.000,Elexon BMRS FUELHH
2022-02-11T13:30:00Z,Gas,17565.000,Elexon BMRS FUELHH
2022-02-11T13:30:00Z,Hydro,449.000,Elexon BMRS FUELHH
2022-02-11T13:30:00Z,Imports & Exports,3390.000,Elexon BMRS FUELHH
2022-02-11T13:30:00Z,Nuclear,5125.000,Elexon BMRS FUELHH
2022-02-11T13:30:00Z,Other,177.000,Elexon BMRS FUELHH
2022-02-11T13:30:00Z,Pumped Storage,10.000,Elexon BMRS FUELHH
2022-02-11T13:30:00Z,Wind,4676.000,Elexon BMRS FUELHH
2022-02-11T14:00:00Z,Biomass,2817.000,Elexon BMRS FUELHH
2022-02-11T14:00:00Z,Coal,1791.000,Elexon BMRS FUELHH
2022-02-11T14:00:00Z,Gas,17200.000,Elexon BMRS FUELHH
2022-02-11T14:00:00Z,Hydro,474.000,Elexon BMRS FUELHH
2022-02-11T14:00:00Z,Imports & Exports,3382.000,Elexon BMRS FUELHH
2022-02-11T14:00:00Z,Nuclear,5122.000,Elexon BMRS FUELHH
2022-02-11T14:00:00Z,Other,175.000,Elexon BMRS FUELHH
2022-02-11T14:00:00Z,Pumped Storage,-12.000,Elexon BMRS FUELHH
2022-02-11T14:00:00Z,Wind,5065.000,Elexon BMRS FUELHH
2022-02-11T14:30:00Z,Biomass,2809.000,Elexon BMRS FUELHH
2022-02-11T14:30:00Z,Coal,1951.000,Elexon BMRS FUELHH
2022-02-11T14:30:00Z,Gas,16923.000,Elexon BMRS FUELHH
2022-02-11T14:30:00Z,Hydro,494.000,Elexon BMRS FUELHH
2022-02-11T14:30:00Z,Imports & Exports,3346.000,Elexon BMRS FUELHH
2022-02-11T14:30:00Z,Nuclear,5121.000,Elexon BMRS FUELHH
2022-02-11T14:30:00Z,Other,178.000,Elexon BMRS FUELHH
2022-02-11T14:30:00Z,Pumped Storage,-12.000,Elexon BMRS FUELHH
2022-02-11T14:30:00Z,Wind,5585.000,Elexon BMRS FUELHH
2022-02-11T15:00:00Z,Biomass,2813.000,Elexon BMRS FUELHH
2022-02-11T15:00:00Z,Coal,1975.000,Elexon BMRS FUELHH
2022-02-11T15:00:00Z,Gas,17169.000,Elexon BMRS FUELHH
2022-02-11T15:00:00Z,Hydro,559.000,Elexon BMRS FUELHH
2022-02-11T15:00:00Z,Imports & Exports,2730.000,Elexon BMRS FUELHH
2022-02-11T15:00:00Z,Nuclear,5117.000,Elexon BMRS FUELHH
2022-02-11T15:00:00Z,Other,176.000,Elexon BMRS FUELHH
2022-02-11T15:00:00Z,Pumped Storage,34.000,Elexon BMRS FUELHH
2022-02-11T15:00:00Z,Wind,5917.000,Elexon BMRS FUELHH
2022-02-11T15:30:00Z,Biomass,2868.000,Elexon BMRS FUELHH
2022-02-11T15:30:00Z,Coal,1977.000,Elexon BMRS FUELHH
2022-02-11T15:30:00Z,Gas,17646.000,Elexon BMRS FUELHH
2022-02-11T15:30:00Z,Hydro,557.000,Elexon BMRS FUELHH
2022-02-11T15:30:00Z,Imports & Exports,2754.000,Elexon BMRS FUELHH
2022-02-11T15:30:00Z,Nuclear,5115.000,Elexon BMRS FUELHH
2022-02-11T15:30:00Z,Other,196.000,Elexon BMRS FUELHH
2022-02-11T15:30:00Z,Pumped Storage,136.000,Elexon BMRS FUELHH
2022-02-11T15:30:00Z,Wind,6098.000,Elexon BMRS FUELHH
2022-02-11T16:00:00Z,Biomass,2879.000,Elexon BMRS FUELHH
2022-02-11T16:00:00Z,Coal,1976.000,Elexon BMRS FUELHH
2022-02-11T16:00:00Z,Gas,18205.000,Elexon BMRS FUELHH
2022-02-11T16:00:00Z,Hydro,666.000,Elexon BMRS FUELHH
2022-02-11T16:00:00Z,Imports & Exports,3052.000,Elexon BMRS FUELHH
2022-02-11T16:00:00Z,Nuclear,5119.000,Elexon BMRS FUELHH
2022-02-11T16:00:00Z,Other,215.000,Elexon BMRS FUELHH
2022-02-11T16:00:00Z,Pumped Storage,-12.000,Elexon BMRS FUELHH
2022-02-11T16:00:00Z,Wind,6351.000,Elexon BMRS FUELHH
2022-02-11T16:30:00Z,Biomass,2925.000,Elexon BMRS FUELHH
2022-02-11T16:30:00Z,Coal,1977.000,Elexon BMRS FUELHH
2022-02-11T16:30:00Z,Gas,18208.000,Elexon BMRS FUELHH
2022-02-11T16:30:00Z,Hydro,742.000,Elexon BMRS FUELHH
2022-02-11T16:30:00Z,Imports & Exports,3032.000,Elexon BMRS FUELHH
2022-02-11T16:30:00Z,Nuclear,5116.000,Elexon BMRS FUELHH
2022-02-11T16:30:00Z,Other,227.000,Elexon BMRS FUELHH
2022-02-11T16:30:00Z,Pumped Storage,464.000,Elexon BMRS FUELHH
2022-02-11T16:30:00Z,Wind,7025.000,Elexon BMRS FUELHH
2022-02-11T17:00:00Z,Biomass,2931.000,Elexon BMRS FUELHH
2022-02-11T17:00:00Z,Coal,1978.000,Elexon BMRS FUELHH
2022-02-11T17:00:00Z,Gas,18624.000,Elexon BMRS FUELHH
2022-02-11T17:00:00Z,Hydro,754.000,Elexon BMRS FUELHH
2022-02-11T17:00:00Z,Imports & Exports,2714.000,Elexon BMRS FUELHH
2022-02-11T17:00:00Z,Nuclear,5115.000,Elexon BMRS FUELHH
2022-02-11T17:00:00Z,Other,314.000,Elexon BMRS FUELHH
2022-02-11T17:00:00Z,Pumped Storage,1404.000,Elexon BMRS FUELHH
2022-02-11T17:00:00Z,Wind,7278.000,Elexon BMRS FUELHH
2022-02-11T17:30:00Z,Biomass,2929.000,Elexon BMRS FUELHH
2022-02-11T17:30:00Z,Coal,1976.000,Elexon BMRS FUELHH
2022-02-11T17:30:00Z,Gas,18871.000,Elexon BMRS FUELHH
2022-02-11T17:30:00Z,Hydro,750.000,Elexon BMRS FUELHH
2022-02-11T17:30:00Z,Imports & Exports,2688.000,Elexon BMRS FUELHH
2022-02-11T17:30:00Z,Nuclear,5118.000,Elexon BMRS FUELHH
2022-02-11T17:30:00Z,Other,324.000,Elexon BMRS FUELHH
2022-02-11T17:30:00Z,Pumped Storage,1672.000,Elexon BMRS FUELHH
2022-02-11T17:30:00Z,Wind,7801.000,Elexon BMRS FUELHH
2022-02-11T18:00:00Z,Biomass,2932.000,Elexon BMRS FUELHH
2022-02-11T18:00:00Z,Coal,1977.000,Elexon BMRS FUELHH
2022-02-11T18:00:00Z,Gas,18243.000,Elexon BMRS FUELHH
2022-02-11T18:00:00Z,Hydro,730.000,Elexon BMRS FUELHH
2022-02-11T18:00:00Z,Imports & Exports,1864.000,Elexon BMRS FUELHH
2022-02-11T18:00:00Z,Nuclear,5116.000,Elexon BMRS FUELHH
2022-02-11T18:00:00Z,Other,347.000,Elexon BMRS FUELHH
2022-02-11T18:00:00Z,Pumped Storage,1602.000,Elexon BMRS FUELHH
2022-02-11T18:00:00Z,Wind,8771.000,Elexon BMRS FUELHH
2022-02-11T18:30:00Z,Biomass,2934.000,Elexon BMRS FUELHH
2022-02-11T18:30:00Z,Coal,1978.000,Elexon BMRS FUELHH
2022-02-11T18:30:00Z,Gas,17658.000,Elexon BMRS FUELHH
2022-02-11T18:30:00Z,Hydro,702.000,Elexon BMRS FUELHH
2022-02-11T18:30:00Z,Imports & Exports,1830.000,Elexon BMRS FUELHH
2022-02-11T18:30:00Z,Nuclear,5120.000,Elexon BMRS FUELHH
2022-02-11T18:30:00Z,Other,332.000,Elexon BMRS FUELHH
2022-02-11T18:30:00Z,Pumped Storage,974.000,Elexon BMRS FUELHH
2022-02-11T18:30:00Z,Wind,9332.000,Elexon BMRS FUELHH
2022-02-11T19:00:00Z,Biomass,2936.000,Elexon BMRS FUELHH
2022-02-11T19:00:00Z,Coal,1978.000,Elexon BMRS FUELHH
2022-02-11T19:00:00Z,Gas,16929.000,Elexon BMRS FUELHH
2022-02-11T19:00:00Z,Hydro,741.000,Elexon BMRS FUELHH
2022-02-11T19:00:00Z,Imports & Exports,1112.000,Elexon BMRS FUELHH
2022-02-11T19:00:00Z,Nuclear,5119.000,Elexon BMRS FUELHH
2022-02-11T19:00:00Z,Other,186.000,Elexon BMRS FUELHH
2022-02-11T19:00:00Z,Pumped Storage,694.000,Elexon BMRS FUELHH
2022-02-11T19:00:00Z,Wind,9941.000,Elexon BMRS FUELHH
2022-02-11T19:30:00Z,Biomass,2936.000,Elexon BMRS FUELHH
2022-02-11T19:30:00Z,Coal,1977.000,Elexon BMRS FUELHH
2022-02-11T19:30:00Z,Gas,15296.000,Elexon BMRS FUELHH
2022-02-11T19:30:00Z,Hydro,694.000,Elexon BMRS FUELHH
2022-02-11T19:30:00Z,Imports & Exports,1032.000,Elexon BMRS FUELHH
2022-02-11T19:30:00Z,Nuclear,5120.000,Elexon BMRS FUELHH
2022-02-11T19:30:00Z,Other,198.000,Elexon BMRS FUELHH
2022-02-11T19:30:00Z,Pumped Storage,-4.000,Elexon BMRS FUELHH
2022-02-11T19:30:00Z,Wind,10738.000,Elexon BMRS FUELHH
2022-02-11T20:00:00Z,Biomass,2939.000,Elexon BMRS FUELHH
2022-02-11T20:00:00Z,Coal,1981.000,Elexon BMRS FUELHH
2022-02-11T20:00:00Z,Gas,14330.000,Elexon BMRS FUELHH
2022-02-11T20:00:00Z,Hydro,561.000,Elexon BMRS FUELHH
2022-02-11T20:00:00Z,Imports & Exports,-42.000,Elexon BMRS FUELHH
2022-02-11T20:00:00Z,Nuclear,5117.000,Elexon BMRS FUELHH
2022-02-11T20:00:00Z,Other,188.000,Elexon BMRS FUELHH
2022-02-11T20:00:00Z,Pumped Storage,18.000,Elexon BMRS FUELHH
2022-02-11T20:00:00Z,Wind,11385.000,Elexon BMRS FUELHH
2022-02-11T20:30:00Z,Biomass,2940.000,Elexon BMRS FUELHH
2022-02-11T20:30:00Z,Coal,1981.000,Elexon BMRS FUELHH
2022-02-11T20:30:00Z,Gas,12815.000,Elexon BMRS FUELHH
2022-02-11T20:30:00Z,Hydro,530.000,Elexon BMRS FUELHH
2022-02-11T20:30:00Z,Imports & Exports,-56.000,Elexon BMRS FUELHH
2022-02-11T20:30:00Z,Nuclear,5119.000,Elexon BMRS FUELHH
2022-02-11T20:30:00Z,Other,175.000,Elexon BMRS FUELHH
2022-02-11T20:30:00Z,Pumped Storage,-10.000,Elexon BMRS FUELHH
2022-02-11T20:30:00Z,Wind,11621.000,Elexon BMRS FUELHH
2022-02-11T21:00:00Z,Biomass,2733.000,Elexon BMRS FUELHH
2022-02-11T21:00:00Z,Coal,1887.000,Elexon BMRS FUELHH
2022-02-11T21:00:00Z,Gas,10937.000,Elexon BMRS FUELHH
2022-02-11T21:00:00Z,Hydro,501.000,Elexon BMRS FUELHH
2022-02-11T21:00:00Z,Imports & Exports,102.000,Elexon BMRS FUELHH
2022-02-11T21:00:00Z,Nuclear,5118.000,Elexon BMRS FUELHH
2022-02-11T21:00:00Z,Other,184.000,Elexon BMRS FUELHH
2022-02-11T21:00:00Z,Pumped Storage,-10.000,Elexon BMRS FUELHH
2022-02-11T21:00:00Z,Wind,11904.000,Elexon BMRS FUELHH
2022-02-11T21:30:00Z,Biomass,2704.000,Elexon BMRS FUELHH
2022-02-11T21:30:00Z,Coal,1647.000,Elexon BMRS FUELHH
2022-02-11T21:30:00Z,Gas,9651.000,Elexon BMRS FUELHH
2022-02-11T21:30:00Z,Hydro,502.000,Elexon BMRS FUELHH
2022-02-11T21:30:00Z,Imports & Exports,80.000,Elexon BMRS FUELHH
2022-02-11T21:30:00Z,Nuclear,5058.000,Elexon BMRS FUELHH
2022-02-11T21:30:00Z,Other,184.000,Elexon BMRS FUELHH
2022-02-11T21:30:00Z,Pumped Storage,-8.000,Elexon BMRS FUELHH
2022-02-11T21:30:00Z,Wind,11986.000,Elexon BMRS FUELHH
2022-02-11T22:00:00Z,Biomass,2854.000,Elexon BMRS FUELHH
2022-02-11T22:00:00Z,Coal,1093.000,Elexon BMRS FUELHH
2022-02-11T22:00:00Z,Gas,9092.000,Elexon BMRS FUELHH
2022-02-11T22:00:00Z,Hydro,433.000,Elexon BMRS FUELHH
2022-02-11T22:00:00Z,Imports & Exports,-450.000,Elexon BMRS FUELHH
2022-02-11T22:00:00Z,Nuclear,4504.000,Elexon BMRS FUELHH
2022-02-11T22:00:00Z,Other,200.000,Elexon BMRS FUELHH
2022-02-11T22:00:00Z,Pumped Storage,84.000,Elexon BMRS FUELHH
2022-02-11T22:00:00Z,Wind,12067.000,Elexon BMRS FUELHH
2022-02-11T22:30:00Z,Biomass,2681.000,Elexon BMRS FUELHH
2022-02-11T22:30:00Z,Coal,660.000,Elexon BMRS FUELHH
2022-02-11T22:30:00Z,Gas,8196.000,Elexon BMRS FUELHH
2022-02-11T22:30:00Z,Hydro,416.000,Elexon BMRS FUELHH
2022-02-11T22:30:00Z,Imports & Exports,-400.000,Elexon BMRS FUELHH
2022-02-11T22:30:00Z,Nuclear,4500.000,Elexon BMRS FUELHH
2022-02-11T22:30:00Z,Other,206.000,Elexon BMRS FUELHH
2022-02-11T22:30:00Z,Pumped Storage,-16.000,Elexon BMRS FUELHH
2022-02-11T22:30:00Z,Wind,12013.000,Elexon BMRS FUELHH
2022-02-11T23:00:00Z,Biomass,2097.000,Elexon BMRS FUELHH
2022-02-11T23:00:00Z,Coal,202.000,Elexon BMRS FUELHH
2022-02-11T23:00:00Z,Gas,6310.000,Elexon BMRS FUELHH
2022-02-11T23:00:00Z,Hydro,387.000,Elexon BMRS FUELHH
2022-02-11T23:00:00Z,Imports & Exports,780.000,Elexon BMRS FUELHH
2022-02-11T23:00:00Z,Nuclear,4503.000,Elexon BMRS FUELHH
2022-02-11T23:00:00Z,Other,195.000,Elexon BMRS FUELHH
2022-02-11T23:00:00Z,Pumped Storage,-144.000,Elexon BMRS FUELHH
2022-02-11T23:00:00Z,Wind,12137.000,Elexon BMRS FUELHH
2022-02-11T23:30:00Z,Biomass,1563.000,Elexon BMRS FUELHH
2022-02-11T23:30:00Z,Coal,0.000,Elexon BMRS FUELHH
2022-02-11T23:30:00Z,Gas,5469.000,Elexon BMRS FUELHH
2022-02-11T23:30:00Z,Hydro,364.000,Elexon BMRS FUELHH
2022-02-11T23:30:00Z,Imports & Exports,902.000,Elexon BMRS FUELHH
2022-02-11T23:30:00Z,Nuclear,4502.000,Elexon BMRS FUELHH
2022-02-11T23:30:00Z,Other,194.000,Elexon BMRS FUELHH
2022-02-11T23:30:00Z,Pumped Storage,-16.000,Elexon BMRS FUELHH
2022-02-11T23:30:00Z,Wind,12118.000,Elexon BMRS FUELHH
2022-02-12T00:00:00Z,Biomass,1261.000,Elexon BMRS FUELHH
2022-02-12T00:00:00Z,Coal,0.000,Elexon BMRS FUELHH
2022-02-12T00:00:00Z,Gas,4376.000,Elexon BMRS FUELHH
2022-02-12T00:00:00Z,Hydro,364.000,Elexon BMRS FUELHH
2022-02-12T00:00:00Z,Imports & Exports,2004.000,Elexon BMRS FUELHH
2022-02-12T00:00:00Z,Nuclear,4502.000,Elexon BMRS FUELHH
2022-02-12T00:00:00Z,Other,198.000,Elexon BMRS FUELHH
2022-02-12T00:00:00Z,Pumped Storage,-16.000,Elexon BMRS FUELHH
2022-02-12T00:00:00Z,Wind,12071.000,Elexon BMRS FUELHH
2022-02-12T00:30:00Z,Biomass,1359.000,Elexon BMRS FUELHH
2022-02-12T00:30:00Z,Coal,0.000,Elexon BMRS FUELHH
2022-02-12T00:30:00Z,Gas,4645.000,Elexon BMRS FUELHH
2022-02-12T00:30:00Z,Hydro,362.000,Elexon BMRS FUELHH
2022-02-12T00:30:00Z,Imports & Exports,2028.000,Elexon BMRS FUELHH
2022-02-12T00:30:00Z,Nuclear,4501.000,Elexon BMRS FUELHH
2022-02-12T00:30:00Z,Other,200.000,Elexon BMRS FUELHH
2022-02-12T00:30:00Z,Pumped Storage,-14.000,Elexon BMRS FUELHH
2022-02-12T00:30:00Z,Wind,12126.000,Elexon BMRS FUELHH
2022-02-12T01:00:00Z,Biomass,1284.000,Elexon BMRS FUELHH
2022-02-12T01:00:00Z,Coal,0.000,Elexon BMRS FUELHH
2022-02-12T01:00:00Z,Gas,3896.000,Elexon BMRS FUELHH
2022-02-12T01:00:00Z,Hydro,348.000,Elexon BMRS FUELHH
2022-02-12T01:00:00Z,Imports & Exports,2110.000,Elexon BMRS FUELHH
2022-02-12T01:00:00Z,Nuclear,4503.000,Elexon BMRS FUELHH
2022-02-12T01:00:00Z,Other,205.000,Elexon BMRS FUELHH
2022-02-12T01:00:00Z,Pumped Storage,-16.000,Elexon BMRS FUELHH
2022-02-12T01:00:00Z,Wind,12298.000,Elexon BMRS FUELHH
2022-02-12T01:30:00Z,Biomass,1097.000,Elexon BMRS FUELHH
2022-02-12T01:30:00Z,Coal,0.000,Elexon BMRS FUELHH
2022-02-12T01:30:00Z,Gas,3401.000,Elexon BMRS FUELHH
2022-02-12T01:30:00Z,Hydro,348.000,Elexon BMRS FUELHH
2022-02-12T01:30:00Z,Imports & Exports,2106.000,Elexon BMRS FUELHH
2022-02-12T01:30:00Z,Nuclear,4503.000,Elexon BMRS FUELHH
2022-02-12T01:30:00Z,Other,187.000,Elexon BMRS FUELHH
2022-02-12T01:30:00Z,Pumped Storage,-110.000,Elexon BMRS FUELHH
2022-02-12T01:30:00Z,Wind,12369.000,Elexon BMRS FUELHH
2022-02-12T02:00:00Z,Biomass,1045.000,Elexon BMRS FUELHH
2022-02-12T02:00:00Z,Coal,0.000,Elexon BMRS FUELHH
2022-02-12T02:00:00Z,Gas,3311.000,Elexon BMRS FUELHH
2022-02-12T02:00:00Z,Hydro,349.000,Elexon BMRS FUELHH
2022-02-12T02:00:00Z,Imports & Exports,1372.000,Elexon BMRS FUELHH
2022-02-12T02:00:00Z,Nuclear,4502.000,Elexon BMRS FUELHH
2022-02-12T02:00:00Z,Other,179.000,Elexon BMRS FUELHH
2022-02-12T02:00:00Z,Pumped Storage,-56.000,Elexon BMRS FUELHH
2022-02-12T02:00:00Z,Wind,12419.000,Elexon BMRS FUELHH
2022-02-12T02:30:00Z,Biomass,1010.000,Elexon BMRS FUELHH
2022-02-12T02:30:00Z,Coal,0.000,Elexon BMRS FUELHH
2022-02-12T02:30:00Z,Gas,3283.000,Elexon BMRS FUELHH
2022-02-12T02:30:00Z,Hydro,346.000,Elexon BMRS FUELHH
2022-02-12T02:30:00Z,Imports & Exports,1336.000,Elexon BMRS FUELHH
2022-02-12T02:30:00Z,Nuclear,4503.000,Elexon BMRS FUELHH
2022-02-12T02:30:00Z,Other,177.000,Elexon BMRS FUELHH
2022-02-12T02:30:00Z,Pumped Storage,-434.000,Elexon BMRS FUELHH
2022-02-12T02:30:00Z,Wind,12505.000,Elexon BMRS FUELHH
2022-02-12T03:00:00Z,Biomass,1030.000,Elexon BMRS FUELHH
2022-02-12T03:00:00Z,Coal,0.000,Elexon BMRS FUELHH
2022-02-12T03:00:00Z,Gas,3522.000,Elexon BMRS FUELHH
2022-02-12T03:00:00Z,Hydro,362.000,Elexon BMRS FUELHH
2022-02-12T03:00:00Z,Imports & Exports,288.000,Elexon BMRS FUELHH
2022-02-12T03:00:00Z,Nuclear,4501.000,Elexon BMRS FUELHH
2022-02-12T03:00:00Z,Other,203.000,Elexon BMRS FUELHH
2022-02-12T03:00:00Z,Pumped Storage,-362.000,Elexon BMRS FUELHH
2022-02-12T03:00:00Z,Wind,12619.000,Elexon BMRS FUELHH
2022-02-12T03:30:00Z,Biomass,1014.000,Elexon BMRS FUELHH
2022-02-12T03:30:00Z,Coal,0.000,Elexon BMRS FUELHH
2022-02-12T03:30:00Z,Gas,3293.000,Elexon BMRS FUELHH
2022-02-12T03:30:00Z,Hydro,362.000,Elexon BMRS FUELHH
2022-02-12T03:30:00Z,Imports & Exports,278.000,Elexon BMRS FUELHH
2022-02-12T03:30:00Z,Nuclear,4504.000,Elexon BMRS FUELHH
2022-02-12T03:30:00Z,Other,183.000,Elexon BMRS FUELHH
2022-02-12T03:30:00Z,Pumped Storage,-514.000,Elexon BMRS FUELHH
2022-02-12T03:30:00Z,Wind,12779.000,Elexon BMRS FUELHH
2022-02-12T04:00:00Z,Biomass,1018.000,Elexon BMRS FUELHH
2022-02-12T04:00:00Z,Coal,0.000,Elexon BMRS FUELHH
2022-02-12T04:00:00Z,Gas,3276.000,Elexon BMRS FUELHH
2022-02-12T04:00:00Z,Hydro,391.000,Elexon BMRS FUELHH
2022-02-12T04:00:00Z,Imports & Exports,-376.000,Elexon BMRS FUELHH
2022-02-12T04:00:00Z,Nuclear,4508.000,Elexon BMRS FUELHH
2022-02-12T04:00:00Z,Other,178.000,Elexon BMRS FUELHH
2022-02-12T04:00:00Z,Pumped Storage,-708.000,Elexon BMRS FUELHH
2022-02-12T04:00:00Z,Wind,13085.000,Elexon BMRS FUELHH
2022-02-12T04:30:00Z,Biomass,1019.000,Elexon BMRS FUELHH
2022-02-12T04:30:00Z,Coal,0.000,Elexon BMRS FUELHH
2022-02-12T04:30:00Z,Gas,3309.000,Elexon BMRS FUELHH
2022-02-12T04:30:00Z,Hydro,392.000,Elexon BMRS FUELHH
2022-02-12T04:30:00Z,Imports & Exports,-378.000,Elexon BMRS FUELHH
2022-02-12T04:30:00Z,Nuclear,4508.000,Elexon BMRS FUELHH
2022-02-12T04:30:00Z,Other,184.000,Elexon BMRS FUELHH
2022-02-12T04:30:00Z,Pumped Storage,-1152.000,Elexon BMRS FUELHH
2022-02-12T04:30:00Z,Wind,13262.000,Elexon BMRS FUELHH
2022-02-12T05:00:00Z,Biomass,1022.000,Elexon BMRS FUELHH
2022-02-12T05:00:00Z,Coal,0.000,Elexon BMRS FUELHH
2022-02-12T05:00:00Z,Gas,3320.000,Elexon BMRS FUELHH
2022-02-12T05:00:00Z,Hydro,392.000,Elexon BMRS FUELHH
2022-02-12T05:00:00Z,Imports & Exports,-262.000,Elexon BMRS FUELHH
2022-02-12T05:00:00Z,Nuclear,4509.000,Elexon BMRS FUELHH
2022-02-12T05:00:00Z,Other,190.000,Elexon BMRS FUELHH
2022-02-12T05:00:00Z,Pumped Storage,-1212.000,Elexon BMRS FUELHH
2022-02-12T05:00:00Z,Wind,13355.000,Elexon BMRS FUELHH
2022-02-12T05:30:00Z,Biomass,1037.000,Elexon BMRS FUELHH
2022-02-12T05:30:00Z,Coal,0.000,Elexon BMRS FUELHH
2022-02-12T05:30:00Z,Gas,3464.000,Elexon BMRS FUELHH
2022-02-12T05:30:00Z,Hydro,393.000,Elexon BMRS FUELHH
2022-02-12T05:30:00Z,Imports & Exports,-266.000,Elexon BMRS FUELHH
2022-02-12T05:30:00Z,Nuclear,4508.000,Elexon BMRS FUELHH
2022-02-12T05:30:00Z,Other,193.000,Elexon BMRS FUELHH
2022-02-12T05:30:00Z,Pumped Storage,-1202.000,Elexon BMRS FUELHH
2022-02-12T05:30:00Z,Wind,13525.000,Elexon BMRS FUELHH
2022-02-12T06:00:00Z,Biomass,1075.000,Elexon BMRS FUELHH
2022-02-12T06:00:00Z,Coal,0.000,Elexon BMRS FUELHH
2022-02-12T06:00:00Z,Gas,3382.000,Elexon BMRS FUELHH
2022-02-12T06:00:00Z,Hydro,451.000,Elexon BMRS FUELHH
2022-02-12T06:00:00Z,Imports & Exports,538.000,Elexon BMRS FUELHH
2022-02-12T06:00:00Z,Nuclear,4509.000,Elexon BMRS FUELHH
2022-02-12T06:00:00Z,Other,167.000,Elexon BMRS FUELHH
2022-02-12T06:00:00Z,Pumped Storage,-672.000,Elexon BMRS FUELHH
2022-02-12T06:00:00Z,Wind,13766.000,Elexon BMRS FUELHH
2022-02-12T06:30:00Z,Biomass,1131.000,Elexon BMRS FUELHH
2022-02-12T06:30:00Z,Coal,0.000,Elexon BMRS FUELHH
2022-02-12T06:30:00Z,Gas,3594.000,Elexon BMRS FUELHH
2022-02-12T06:30:00Z,Hydro,470.000,Elexon BMRS FUELHH
2022-02-12T06:30:00Z,Imports & Exports,640.000,Elexon BMRS FUELHH
2022-02-12T06:30:00Z,Nuclear,4510.000,Elexon BMRS FUELHH
2022-02-12T06:30:00Z,Other,169.000,Elexon BMRS FUELHH
2022-02-12T06:30:00Z,Pumped Storage,-396.000,Elexon BMRS FUELHH
2022-02-12T06:30:00Z,Wind,14148.000,Elexon BMRS FUELHH
2022-02-12T07:00:00Z,Biomass,1282.000,Elexon BMRS FUELHH
2022-02-12T07:00:00Z,Coal,145.000,Elexon BMRS FUELHH
2022-02-12T07:00:00Z,Gas,4639.000,Elexon BMRS FUELHH
2022-02-12T07:00:00Z,Hydro,550.000,Elexon BMRS FUELHH
2022-02-12T07:00:00Z,Imports & Exports,590.000,Elexon BMRS FUELHH
2022-02-12T07:00:00Z,Nuclear,4510.000,Elexon BMRS FUELHH
2022-02-12T07:00:00Z,Other,172.000,Elexon BMRS FUELHH
2022-02-12T07:00:00Z,Pumped Storage,-54.000,Elexon BMRS FUELHH
2022-02-12T07:00:00Z,Wind,14107.000,Elexon BMRS FUELHH
2022-02-12T07:30:00Z,Biomass,1420.000,Elexon BMRS FUELHH
2022-02-12T07:30:00Z,Coal,286.000,Elexon BMRS FUELHH
2022-02-12T07:30:00Z,Gas,5188.000,Elexon BMRS FUELHH
2022-02-12T07:30:00Z,Hydro,571.000,Elexon BMRS FUELHH
2022-02-12T07:30:00Z,Imports & Exports,566.000,Elexon BMRS FUELHH
2022-02-12T07:30:00Z,Nuclear,4508.000,Elexon BMRS FUELHH
2022-02-12T07:30:00Z,Other,178.000,Elexon BMRS FUELHH
2022-02-12T07:30:00Z,Pumped Storage,2.000,Elexon BMRS FUELHH
2022-02-12T07:30:00Z,Wind,14128.000,Elexon BMRS FUELHH
2022-02-12T08:00:00Z,Biomass,1427.000,Elexon BMRS FUELHH
2022-02-12T08:00:00Z,Coal,539.000,Elexon BMRS FUELHH
2022-02-12T08:00:00Z,Gas,5517.000,Elexon BMRS FUELHH
2022-02-12T08:00:00Z,Hydro,645.000,Elexon BMRS FUELHH
2022-02-12T08:00:00Z,Imports & Exports,1744.000,Elexon BMRS FUELHH
2022-02-12T08:00:00Z,Nuclear,4509.000,Elexon BMRS FUELHH
2022-02-12T08:00:00Z,Other,173.000,Elexon BMRS FUELHH
2022-02-12T08:00:00Z,Pumped Storage,58.000,Elexon BMRS FUELHH
2022-02-12T08:00:00Z,Wind,14041.000,Elexon BMRS FUELHH
2022-02-12T08:30:00Z,Biomass,1430.000,Elexon BMRS FUELHH
2022-02-12T08:30:00Z,Coal,869.000,Elexon BMRS FUELHH
2022-02-12T08:30:00Z,Gas,6051.000,Elexon BMRS FUELHH
2022-02-12T08:30:00Z,Hydro,685.000,Elexon BMRS FUELHH
2022-02-12T08:30:00Z,Imports & Exports,1814.000,Elexon BMRS FUELHH
2022-02-12T08:30:00Z,Nuclear,4507.000,Elexon BMRS FUELHH
2022-02-12T08:30:00Z,Other,177.000,Elexon BMRS FUELHH
2022-02-12T08:30:00Z,Pumped Storage,188.000,Elexon BMRS FUELHH
2022-02-12T08:30:00Z,Wind,13962.000,Elexon BMRS FUELHH
2022-02-12T09:00:00Z,Biomass,1434.000,Elexon BMRS FUELHH
2022-02-12T09:00:00Z,Coal,977.000,Elexon BMRS FUELHH
2022-02-12T09:00:00Z,Gas,5852.000,Elexon BMRS FUELHH
2022-02-12T09:00:00Z,Hydro,717.000,Elexon BMRS FUELHH
2022-02-12T09:00:00Z,Imports & Exports,3186.000,Elexon BMRS FUELHH
2022-02-12T09:00:00Z,Nuclear,4508.000,Elexon BMRS FUELHH
2022-02-12T09:00:00Z,Other,171.000,Elexon BMRS FUELHH
2022-02-12T09:00:00Z,Pumped Storage,-4.000,Elexon BMRS FUELHH
2022-02-12T09:00:00Z,Wind,14112.000,Elexon BMRS FUELHH
2022-02-12T09:30:00Z,Biomass,1433.000,Elexon BMRS FUELHH
2022-02-12T09:30:00Z,Coal,969.000,Elexon BMRS FUELHH
2022-02-12T09:30:00Z,Gas,5750.000,Elexon BMRS FUELHH
2022-02-12T09:30:00Z,Hydro,702.000,Elexon BMRS FUELHH
2022-02-12T09:30:00Z,Imports & Exports,3246.000,Elexon BMRS FUELHH
2022-02-12T09:30:00Z,Nuclear,4509.000,Elexon BMRS FUELHH
2022-02-12T09:30:00Z,Other,169.000,Elexon BMRS FUELHH
2022-02-12T09:30:00Z,Pumped Storage,-12.000,Elexon BMRS FUELHH
2022-02-12T09:30:00Z,Wind,14462.000,Elexon BMRS FUELHH
2022-02-12T10:00:00Z,Biomass,1427.000,Elexon BMRS FUELHH
2022-02-12T10:00:00Z,Coal,973.000,Elexon BMRS FUELHH
2022-02-12T10:00:00Z,Gas,5411.000,Elexon BMRS FUELHH
2022-02-12T10:00:00Z,Hydro,633.000,Elexon BMRS FUELHH
2022-02-12T10:00:00Z,Imports & Exports,3558.000,Elexon BMRS FUELHH
2022-02-12T10:00:00Z,Nuclear,4508.000,Elexon BMRS FUELHH
2022-02-12T10:00:00Z,Other,177.000,Elexon BMRS FUELHH
2022-02-12T10:00:00Z,Pumped Storage,72.000,Elexon BMRS FUELHH
2022-02-12T10:00:00Z,Wind,14703.000,Elexon BMRS FUELHH
2022-02-12T10:30:00Z,Biomass,1437.000,Elexon BMRS FUELHH
2022-02-12T10:30:00Z,Coal,967.000,Elexon BMRS FUELHH
2022-02-12T10:30:00Z,Gas,5483.000,Elexon BMRS FUELHH
2022-02-12T10:30:00Z,Hydro,615.000,Elexon BMRS FUELHH
2022-02-12T10:30:00Z,Imports & Exports,3498.000,Elexon BMRS FUELHH
2022-02-12T10:30:00Z,Nuclear,4509.000,Elexon BMRS FUELHH
2022-02-12T10:30:00Z,Other,167.000,Elexon BMRS FUELHH
2022-02-12T10:30:00Z,Pumped Storage,-10.000,Elexon BMRS FUELHH
2022-02-12T10:30:00Z,Wind,14637.000,Elexon BMRS FUELHH
2022-02-12T11:00:00Z,Biomass,1436.000,Elexon BMRS FUELHH
2022-02-12T11:00:00Z,Coal,964.000,Elexon BMRS FUELHH
2022-02-12T11:00:00Z,Gas,5411.000,Elexon BMRS FUELHH
2022-02-12T11:00:00Z,Hydro,561.000,Elexon BMRS FUELHH
2022-02-12T11:00:00Z,Imports & Exports,3444.000,Elexon BMRS FUELHH
2022-02-12T11:00:00Z,Nuclear,4506.000,Elexon BMRS FUELHH
2022-02-12T11:00:00Z,Other,174.000,Elexon BMRS FUELHH
2022-02-12T11:00:00Z,Pumped Storage,-10.000,Elexon BMRS FUELHH
2022-02-12T11:00:00Z,Wind,14696.000,Elexon BMRS FUELHH
2022-02-12T11:30:00Z,Biomass,1436.000,Elexon BMRS FUELHH
2022-02-12T11:30:00Z,Coal,964.000,Elexon BMRS FUELHH
2022-02-12T11:30:00Z,Gas,5186.000,Elexon BMRS FUELHH
2022-02-12T11:30:00Z,Hydro,548.000,Elexon BMRS FUELHH
2022-02-12T11:30:00Z,Imports & Exports,3498.000,Elexon BMRS FUELHH
2022-02-12T11:30:00Z,Nuclear,4505.000,Elexon BMRS FUELHH
2022-02-12T11:30:00Z,Other,173.000,Elexon BMRS FUELHH
2022-02-12T11:30:00Z,Pumped Storage,-10.000,Elexon BMRS FUELHH
2022-02-12T11:30:00Z,Wind,14694.000,Elexon BMRS FUELHH
2022-02-12T12:00:00Z,Biomass,1434.000,Elexon BMRS FUELHH
2022-02-12T12:00:00Z,Coal,965.000,Elexon BMRS FUELHH
2022-02-12T12:00:00Z,Gas,4735.000,Elexon BMRS FUELHH
2022-02-12T12:00:00Z,Hydro,515.000,Elexon BMRS FUELHH
2022-02-12T12:00:00Z,Imports & Exports,3796.000,Elexon BMRS FUELHH
2022-02-12T12:00:00Z,Nuclear,4507.000,Elexon BMRS FUELHH
2022-02-12T12:00:00Z,Other,172.000,Elexon BMRS FUELHH
2022-02-12T12:00:00Z,Pumped Storage,-10.000,Elexon BMRS FUELHH
2022-02-12T12:00:00Z,Wind,14745.000,Elexon BMRS FUELHH
2022-02-12T12:30:00Z,Biomass,1435.000,Elexon BMRS FUELHH
2022-02-12T12:30:00Z,Coal,968.000,Elexon BMRS FUELHH
2022-02-12T12:30:00Z,Gas,4141.000,Elexon BMRS FUELHH
2022-02-12T12:30:00Z,Hydro,486.000,Elexon BMRS FUELHH
2022-02-12T12:30:00Z,Imports & Exports,3818.000,Elexon BMRS FUELHH
2022-02-12T12:30:00Z,Nuclear,4512.000,Elexon BMRS FUELHH
2022-02-12T12:30:00Z,Other,172.000,Elexon BMRS FUELHH
2022-02-12T12:30:00Z,Pumped Storage,-10.000,Elexon BMRS FUELHH
2022-02-12T12:30:00Z,Wind,14634.000,Elexon BMRS FUELHH
2022-02-12T13:00:00Z,Biomass,1434.000,Elexon BMRS FUELHH
2022-02-12T13:00:00Z,Coal,800.000,Elexon BMRS FUELHH
2022-02-12T13:00:00Z,Gas,3960.000,Elexon BMRS FUELHH
2022-02-12T13:00:00Z,Hydro,491.000,Elexon BMRS FUELHH
2022-02-12T13:00:00Z,Imports & Exports,3984.000,Elexon BMRS FUELHH
2022-02-12T13:00:00Z,Nuclear,4510.000,Elexon BMRS FUELHH
2022-02-12T13:00:00Z,Other,173.000,Elexon BMRS FUELHH
2022-02-12T13:00:00Z,Pumped Storage,-16.000,Elexon BMRS FUELHH
2022-02-12T13:00:00Z,Wind,14620.000,Elexon BMRS FUELHH
2022-02-12T13:30:00Z,Biomass,1432.000,Elexon BMRS FUELHH
2022-02-12T13:30:00Z,Coal,727.000,Elexon BMRS FUELHH
2022-02-12T13:30:00Z,Gas,3897.000,Elexon BMRS FUELHH
2022-02-12T13:30:00Z,Hydro,511.000,Elexon BMRS FUELHH
2022-02-12T13:30:00Z,Imports & Exports,3980.000,Elexon BMRS FUELHH
2022-02-12T13:30:00Z,Nuclear,4511.000,Elexon BMRS FUELHH
2022-02-12T13:30:00Z,Other,170.000,Elexon BMRS FUELHH
2022-02-12T13:30:00Z,Pumped Storage,-14.000,Elexon BMRS FUELHH
2022-02-12T13:30:00Z,Wind,14672.000,Elexon BMRS FUELHH
2022-02-12T14:30:00Z,Biomass,1433.000,Elexon BMRS FUELHH
2022-02-12T14:30:00Z,Coal,817.000,Elexon BMRS FUELHH
2022-02-12T14:30:00Z,Gas,4371.000,Elexon BMRS FUELHH
2022-02-12T14:30:00Z,Hydro,501.000,Elexon BMRS FUELHH
2022-02-12T14:30:00Z,Imports & Exports,3952.000,Elexon BMRS FUELHH
2022-02-12T14:30:00Z,Nuclear,4510.000,Elexon BMRS FUELHH
2022-02-12T14:30:00Z,Other,182.000,Elexon BMRS FUELHH
2022-02-12T14:30:00Z,Pumped Storage,-116.000,Elexon BMRS FUELHH
2022-02-12T14:30:00Z,Wind,14700.000,Elexon BMRS FUELHH
2022-02-12T15:00:00Z,Biomass,1433.000,Elexon BMRS FUELHH
2022-02-12T15:00:00Z,Coal,738.000,Elexon BMRS FUELHH
2022-02-12T15:00:00Z,Gas,5221.000,Elexon BMRS FUELHH
2022-02-12T15:00:00Z,Hydro,474.000,Elexon BMRS FUELHH
2022-02-12T15:00:00Z,Imports & Exports,4110.000,Elexon BMRS FUELHH
2022-02-12T15:00:00Z,Nuclear,4512.000,Elexon BMRS FUELHH
2022-02-12T15:00:00Z,Other,170.000,Elexon BMRS FUELHH
2022-02-12T15:00:00Z,Pumped Storage,-168.000,Elexon BMRS FUELHH
2022-02-12T15:00:00Z,Wind,14598.000,Elexon BMRS FUELHH
2022-02-12T15:30:00Z,Biomass,1434.000,Elexon BMRS FUELHH
2022-02-12T15:30:00Z,Coal,644.000,Elexon BMRS FUELHH
2022-02-12T15:30:00Z,Gas,5879.000,Elexon BMRS FUELHH
2022-02-12T15:30:00Z,Hydro,487.000,Elexon BMRS FUELHH
2022-02-12T15:30:00Z,Imports & Exports,4174.000,Elexon BMRS FUELHH
2022-02-12T15:30:00Z,Nuclear,4511.000,Elexon BMRS FUELHH
2022-02-12T15:30:00Z,Other,169.000,Elexon BMRS FUELHH
2022-02-12T15:30:00Z,Pumped Storage,-170.000,Elexon BMRS FUELHH
2022-02-12T15:30:00Z,Wind,14470.000,Elexon BMRS FUELHH
2022-02-12T16:00:00Z,Biomass,1435.000,Elexon BMRS FUELHH
2022-02-12T16:00:00Z,Coal,669.000,Elexon BMRS FUELHH
2022-02-12T16:00:00Z,Gas,6952.000,Elexon BMRS FUELHH
2022-02-12T16:00:00Z,Hydro,578.000,Elexon BMRS FUELHH
2022-02-12T16:00:00Z,Imports & Exports,4034.000,Elexon BMRS FUELHH
2022-02-12T16:00:00Z,Nuclear,4510.000,Elexon BMRS FUELHH
2022-02-12T16:00:00Z,Other,168.000,Elexon BMRS FUELHH
2022-02-12T16:00:00Z,Pumped Storage,-12.000,Elexon BMRS FUELHH
2022-02-12T16:00:00Z,Wind,14221.000,Elexon BMRS FUELHH
2022-02-12T16:30:00Z,Biomass,1436.000,Elexon BMRS FUELHH
2022-02-12T16:30:00Z,Coal,848.000,Elexon BMRS FUELHH
2022-02-12T16:30:00Z,Gas,8323.000,Elexon BMRS FUELHH
2022-02-12T16:30:00Z,Hydro,627.000,Elexon BMRS FUELHH
2022-02-12T16:30:00Z,Imports & Exports,3874.000,Elexon BMRS FUELHH
2022-02-12T16:30:00Z,Nuclear,4507.000,Elexon BMRS FUELHH
2022-02-12T16:30:00Z,Other,175.000,Elexon BMRS FUELHH
2022-02-12T16:30:00Z,Pumped Storage,16.000,Elexon BMRS FUELHH
2022-02-12T16:30:00Z,Wind,14230.000,Elexon BMRS FUELHH
2022-02-12T17:00:00Z,Biomass,1435.000,Elexon BMRS FUELHH
2022-02-12T17:00:00Z,Coal,963.000,Elexon BMRS FUELHH
2022-02-12T17:00:00Z,Gas,8764.000,Elexon BMRS FUELHH
2022-02-12T17:00:00Z,Hydro,654.000,Elexon BMRS FUELHH
2022-02-12T17:00:00Z,Imports & Exports,4080.000,Elexon BMRS FUELHH
2022-02-12T17:00:00Z,Nuclear,4509.000,Elexon BMRS FUELHH
2022-02-12T17:00:00Z,Other,211.000,Elexon BMRS FUELHH
2022-02-12T17:00:00Z,Pumped Storage,814.000,Elexon BMRS FUELHH
2022-02-12T17:00:00Z,Wind,14105.000,Elexon BMRS FUELHH
2022-02-12T17:30:00Z,Biomass,1437.000,Elexon BMRS FUELHH
2022-02-12T17:30:00Z,Coal,976.000,Elexon BMRS FUELHH
2022-02-12T17:30:00Z,Gas,9799.000,Elexon BMRS FUELHH
2022-02-12T17:30:00Z,Hydro,771.000,Elexon BMRS FUELHH
2022-02-12T17:30:00Z,Imports & Exports,3828.000,Elexon BMRS FUELHH
2022-02-12T17:30:00Z,Nuclear,4511.000,Elexon BMRS FUELHH
2022-02-12T17:30:00Z,Other,199.000,Elexon BMRS FUELHH
2022-02-12T17:30:00Z,Pumped Storage,1608.000,Elexon BMRS FUELHH
2022-02-12T17:30:00Z,Wind,13860.000,Elexon BMRS FUELHH
2022-02-12T18:00:00Z,Biomass,1438.000,Elexon BMRS FUELHH
2022-02-12T18:00:00Z,Coal,964.000,Elexon BMRS FUELHH
2022-02-12T18:00:00Z,Gas,10176.000,Elexon BMRS FUELHH
2022-02-12T18:00:00Z,Hydro,797.000,Elexon BMRS FUELHH
2022-02-12T18:00:00Z,Imports & Exports,3352.000,Elexon BMRS FUELHH
2022-02-12T18:00:00Z,Nuclear,4512.000,Elexon BMRS FUELHH
2022-02-12T18:00:00Z,Other,179.000,Elexon BMRS FUELHH
2022-02-12T18:00:00Z,Pumped Storage,1534.000,Elexon BMRS FUELHH
2022-02-12T18:00:00Z,Wind,13862.000,Elexon BMRS FUELHH
2022-02-12T18:30:00Z,Biomass,1437.000,Elexon BMRS FUELHH
2022-02-12T18:30:00Z,Coal,970.000,Elexon BMRS FUELHH
2022-02-12T18:30:00Z,Gas,9847.000,Elexon BMRS FUELHH
2022-02-12T18:30:00Z,Hydro,808.000,Elexon BMRS FUELHH
2022-02-12T18:30:00Z,Imports & Exports,3360.000,Elexon BMRS FUELHH
2022-02-12T18:30:00Z,Nuclear,4510.000,Elexon BMRS FUELHH
2022-02-12T18:30:00Z,Other,164.000,Elexon BMRS FUELHH
2022-02-12T18:30:00Z,Pumped Storage,1162.000,Elexon BMRS FUELHH
2022-02-12T18:30:00Z,Wind,13849.000,Elexon BMRS FUELHH
2022-02-12T19:00:00Z,Biomass,1437.000,Elexon BMRS FUELHH
2022-02-12T19:00:00Z,Coal,962.000,Elexon BMRS FUELHH
2022-02-12T19:00:00Z,Gas,9515.000,Elexon BMRS FUELHH
2022-02-12T19:00:00Z,Hydro,758.000,Elexon BMRS FUELHH
2022-02-12T19:00:00Z,Imports & Exports,3142.000,Elexon BMRS FUELHH
2022-02-12T19:00:00Z,Nuclear,4511.000,Elexon BMRS FUELHH
2022-02-12T19:00:00Z,Other,245.000,Elexon BMRS FUELHH
2022-02-12T19:00:00Z,Pumped Storage,538.000,Elexon BMRS FUELHH
2022-02-12T19:00:00Z,Wind,13902.000,Elexon BMRS FUELHH
2022-02-12T19:30:00Z,Biomass,1436.000,Elexon BMRS FUELHH
2022-02-12T19:30:00Z,Coal,942.000,Elexon BMRS FUELHH
2022-02-12T19:30:00Z,Gas,8978.000,Elexon BMRS FUELHH
2022-02-12T19:30:00Z,Hydro,645.000,Elexon BMRS FUELHH
2022-02-12T19:30:00Z,Imports & Exports,2906.000,Elexon BMRS FUELHH
2022-02-12T19:30:00Z,Nuclear,4511.000,Elexon BMRS FUELHH
2022-02-12T19:30:00Z,Other,265.000,Elexon BMRS FUELHH
2022-02-12T19:30:00Z,Pumped Storage,162.000,Elexon BMRS FUELHH
2022-02-12T19:30:00Z,Wind,13859.000,Elexon BMRS FUELHH
2022-02-12T20:00:00Z,Biomass,1437.000,Elexon BMRS FUELHH
2022-02-12T20:00:00Z,Coal,943.000,Elexon BMRS FUELHH
2022-02-12T20:00:00Z,Gas,9093.000,Elexon BMRS FUELHH
2022-02-12T20:00:00Z,Hydro,562.000,Elexon BMRS FUELHH
2022-02-12T20:00:00Z,Imports & Exports,1538.000,Elexon BMRS FUELHH
2022-02-12T20:00:00Z,Nuclear,4513.000,Elexon BMRS FUELHH
2022-02-12T20:00:00Z,Other,223.000,Elexon BMRS FUELHH
2022-02-12T20:00:00Z,Pumped Storage,328.000,Elexon BMRS FUELHH
2022-02-12T20:00:00Z,Wind,13877.000,Elexon BMRS FUELHH
2022-02-12T20:30:00Z,Biomass,1429.000,Elexon BMRS FUELHH
2022-02-12T20:30:00Z,Coal,784.000,Elexon BMRS FUELHH
2022-02-12T20:30:00Z,Gas,8544.000,Elexon BMRS FUELHH
2022-02-12T20:30:00Z,Hydro,540.000,Elexon BMRS FUELHH
2022-02-12T20:30:00Z,Imports & Exports,1516.000,Elexon BMRS FUELHH
2022-02-12T20:30:00Z,Nuclear,4510.000,Elexon BMRS FUELHH
2022-02-12T20:30:00Z,Other,232.000,Elexon BMRS FUELHH
2022-02-12T20:30:00Z,Pumped Storage,88.000,Elexon BMRS FUELHH
2022-02-12T20:30:00Z,Wind,13773.000,Elexon BMRS FUELHH
2022-02-12T21:00:00Z,Biomass,1435.000,Elexon BMRS FUELHH
2022-02-12T21:00:00Z,Coal,507.000,Elexon BMRS FUELHH
2022-02-12T21:00:00Z,Gas,6823.000,Elexon BMRS FUELHH
2022-02-12T21:00:00Z,Hydro,539.000,Elexon BMRS FUELHH
2022-02-12T21:00:00Z,Imports & Exports,2582.000,Elexon BMRS FUELHH
2022-02-12T21:00:00Z,Nuclear,4511.000,Elexon BMRS FUELHH
2022-02-12T21:00:00Z,Other,209.000,Elexon BMRS FUELHH
2022-02-12T21:00:00Z,Pumped Storage,-88.000,Elexon BMRS FUELHH
2022-02-12T21:00:00Z,Wind,13713.000,Elexon BMRS FUELHH
2022-02-12T21:30:00Z,Biomass,1437.000,Elexon BMRS FUELHH
2022-02-12T21:30:00Z,Coal,387.000,Elexon BMRS FUELHH
2022-02-12T21:30:00Z,Gas,5516.000,Elexon BMRS FUELHH
2022-02-12T21:30:00Z,Hydro,539.000,Elexon BMRS FUELHH
2022-02-12T21:30:00Z,Imports & Exports,2682.000,Elexon BMRS FUELHH
2022-02-12T21:30:00Z,Nuclear,4514.000,Elexon BMRS FUELHH
2022-02-12T21:30:00Z,Other,236.000,Elexon BMRS FUELHH
2022-02-12T21:30:00Z,Pumped Storage,-118.000,Elexon BMRS FUELHH
2022-02-12T21:30:00Z,Wind,13905.000,Elexon BMRS FUELHH
2022-02-12T22:00:00Z,Biomass,1438.000,Elexon BMRS FUELHH
2022-02-12T22:00:00Z,Coal,156.000,Elexon BMRS FUELHH
2022-02-12T22:00:00Z,Gas,4588.000,Elexon BMRS FUELHH
2022-02-12T22:00:00Z,Hydro,471.000,Elexon BMRS FUELHH
2022-02-12T22:00:00Z,Imports & Exports,2612.000,Elexon BMRS FUELHH
2022-02-12T22:00:00Z,Nuclear,4511.000,Elexon BMRS FUELHH
2022-02-12T22:00:00Z,Other,246.000,Elexon BMRS FUELHH
2022-02-12T22:00:00Z,Pumped Storage,-244.000,Elexon BMRS FUELHH
2022-02-12T22:00:00Z,Wind,13796.000,Elexon BMRS FUELHH
2022-02-12T22:30:00Z,Biomass,1417.000,Elexon BMRS FUELHH
2022-02-12T22:30:00Z,Coal,0.000,Elexon BMRS FUELHH
2022-02-12T22:30:00Z,Gas,4017.000,Elexon BMRS FUELHH
2022-02-12T22:30:00Z,Hydro,467.000,Elexon BMRS FUELHH
2022-02-12T22:30:00Z,Imports & Exports,2506.000,Elexon BMRS FUELHH
2022-02-12T22:30:00Z,Nuclear,4512.000,Elexon BMRS FUELHH
2022-02-12T22:30:00Z,Other,224.000,Elexon BMRS FUELHH
2022-02-12T22:30:00Z,Pumped Storage,-544.000,Elexon BMRS FUELHH
2022-02-12T22:30:00Z,Wind,13688.000,Elexon BMRS FUELHH
2022-02-12T23:00:00Z,Biomass,1392.000,Elexon BMRS FUELHH
2022-02-12T23:00:00Z,Coal,0.000,Elexon BMRS FUELHH
2022-02-12T23:00:00Z,Gas,3335.000,Elexon BMRS FUELHH
2022-02-12T23:00:00Z,Hydro,443.000,Elexon BMRS FUELHH
2022-02-12T23:00:00Z,Imports & Exports,2164.000,Elexon BMRS FUELHH
2022-02-12T23:00:00Z,Nuclear,4512.000,Elexon BMRS FUELHH
2022-02-12T23:00:00Z,Other,233.000,Elexon BMRS FUELHH
2022-02-12T23:00:00Z,Pumped Storage,-750.000,Elexon BMRS FUELHH
2022-02-12T23:00:00Z,Wind,13548.000,Elexon BMRS FUELHH
2022-02-12T23:30:00Z,Biomass,1390.000,Elexon BMRS FUELHH
2022-02-12T23:30:00Z,Coal,0.000,Elexon BMRS FUELHH
2022-02-12T23:30:00Z,Gas,3035.000,Elexon BMRS FUELHH
2022-02-12T23:30:00Z,Hydro,444.000,Elexon BMRS FUELHH
2022-02-12T23:30:00Z,Imports & Exports,2288.000,Elexon BMRS FUELHH
2022-02-12T23:30:00Z,Nuclear,4514.000,Elexon BMRS FUELHH
2022-02-12T23:30:00Z,Other,220.000,Elexon BMRS FUELHH
2022-02-12T23:30:00Z,Pumped Storage,-1024.000,Elexon BMRS FUELHH
2022-02-12T23:30:00Z,Wind,12969.000,Elexon BMRS FUELHH
2022-02-13T00:00:00Z,Biomass,1393.000,Elexon BMRS FUELHH
2022-02-13T00:00:00Z,Coal,0.000,Elexon BMRS FUELHH
2022-02-13T00:00:00Z,Gas,3301.000,Elexon BMRS FUELHH
2022-02-13T00:00:00Z,Hydro,443.000,Elexon BMRS FUELHH
2022-02-13T00:00:00Z,Imports & Exports,2112.000,Elexon BMRS FUELHH
2022-02-13T00:00:00Z,Nuclear,4512.000,Elexon BMRS FUELHH
2022-02-13T00:00:00Z,Other,233.000,Elexon BMRS FUELHH
2022-02-13T00:00:00Z,Pumped Storage,-816.000,Elexon BMRS FUELHH
2022-02-13T00:00:00Z,Wind,12388.000,Elexon BMRS FUELHH
2022-02-13T00:30:00Z,Biomass,1391.000,Elexon BMRS FUELHH
2022-02-13T00:30:00Z,Coal,0.000,Elexon BMRS FUELHH
2022-02-13T00:30:00Z,Gas,3453.000,Elexon BMRS FUELHH
2022-02-13T00:30:00Z,Hydro,443.000,Elexon BMRS FUELHH
2022-02-13T00:30:00Z,Imports & Exports,2254.000,Elexon BMRS FUELHH
2022-02-13T00:30:00Z,Nuclear,4515.000,Elexon BMRS FUELHH
2022-02-13T00:30:00Z,Other,227.000,Elexon BMRS FUELHH
2022-02-13T00:30:00Z,Pumped Storage,-536.000,Elexon BMRS FUELHH
2022-02-13T00:30:00Z,Wind,12243.000,Elexon BMRS FUELHH
2022-02-13T01:00:00Z,Biomass,1364.000,Elexon BMRS FUELHH
2022-02-13T01:00:00Z,Coal,0.000,Elexon BMRS FUELHH
2022-02-13T01:00:00Z,Gas,3338.000,Elexon BMRS FUELHH
2022-02-13T01:00:00Z,Hydro,456.000,Elexon BMRS FUELHH
2022-02-13T01:00:00Z,Imports & Exports,1862.000,Elexon BMRS FUELHH
2022-02-13T01:00:00Z,Nuclear,4516.000,Elexon BMRS FUELHH
2022-02-13T01:00:00Z,Other,224.000,Elexon BMRS FUELHH
2022-02-13T01:00:00Z,Pumped Storage,-612.000,Elexon BMRS FUELHH
2022-02-13T01:00:00Z,Wind,12400.000,Elexon BMRS FUELHH
2022-02-13T01:30:00Z,Biomass,1324.000,Elexon BMRS FUELHH
2022-02-13T01:30:00Z,Coal,0.000,Elexon BMRS FUELHH
2022-02-13T01:30:00Z,Gas,3087.000,Elexon BMRS FUELHH
2022-02-13T01:30:00Z,Hydro,461.000,Elexon BMRS FUELHH
2022-02-13T01:30:00Z,Imports & Exports,1804.000,Elexon BMRS FUELHH
2022-02-13T01:30:00Z,Nuclear,4507.000,Elexon BMRS FUELHH
2022-02-13T01:30:00Z,Other,221.000,Elexon BMRS FUELHH
2022-02-13T01:30:00Z,Pumped Storage,-1006.000,Elexon BMRS FUELHH
2022-02-13T01:30:00Z,Wind,12557.000,Elexon BMRS FUELHH
2022-02-13T02:00:00Z,Biomass,1156.000,Elexon BMRS FUELHH
2022-02-13T02:00:00Z,Coal,0.000,Elexon BMRS FUELHH
2022-02-13T02:00:00Z,Gas,3179.000,Elexon BMRS FUELHH
2022-02-13T02:00:00Z,Hydro,458.000,Elexon BMRS FUELHH
2022-02-13T02:00:00Z,Imports & Exports,1654.000,Elexon BMRS FUELHH
2022-02-13T02:00:00Z,Nuclear,4509.000,Elexon BMRS FUELHH
2022-02-13T02:00:00Z,Other,228.000,Elexon BMRS FUELHH
2022-02-13T02:00:00Z,Pumped Storage,-1134.000,Elexon BMRS FUELHH
2022-02-13T02:00:00Z,Wind,12369.000,Elexon BMRS FUELHH
2022-02-13T02:30:00Z,Biomass,1092.000,Elexon BMRS FUELHH
2022-02-13T02:30:00Z,Coal,0.000,Elexon BMRS FUELHH
2022-02-13T02:30:00Z,Gas,3305.000,Elexon BMRS FUELHH
2022-02-13T02:30:00Z,Hydro,456.000,Elexon BMRS FUELHH
2022-02-13T02:30:00Z,Imports & Exports,1578.000,Elexon BMRS FUELHH
2022-02-13T02:30:00Z,Nuclear,4512.000,Elexon BMRS FUELHH
2022-02-13T02:30:00Z,Other,225.000,Elexon BMRS FUELHH
2022-02-13T02:30:00Z,Pumped Storage,-1110.000,Elexon BMRS FUELHH
2022-02-13T02:30:00Z,Wind,11987.000,Elexon BMRS FUELHH
2022-02-13T03:00:00Z,Biomass,1128.000,Elexon BMRS FUELHH
2022-02-13T03:00:00Z,Coal,0.000,Elexon BMRS FUELHH
2022-02-13T03:00:00Z,Gas,3655.000,Elexon BMRS FUELHH
2022-02-13T03:00:00Z,Hydro,456.000,Elexon BMRS FUELHH
2022-02-13T03:00:00Z,Imports & Exports,1096.000,Elexon BMRS FUELHH
2022-02-13T03:00:00Z,Nuclear,4512.000,Elexon BMRS FUELHH
2022-02-13T03:00:00Z,Other,175.000,Elexon BMRS FUELHH
2022-02-13T03:00:00Z,Pumped Storage,-1084.000,Elexon BMRS FUELHH
2022-02-13T03:00:00Z,Wind,11750.000,Elexon BMRS FUELHH
2022-02-13T03:30:00Z,Biomass,1263.000,Elexon BMRS FUELHH
2022-02-13T03:30:00Z,Coal,0.000,Elexon BMRS FUELHH
2022-02-13T03:30:00Z,Gas,3933.000,Elexon BMRS FUELHH
2022-02-13T03:30:00Z,Hydro,456.000,Elexon BMRS FUELHH
2022-02-13T03:30:00Z,Imports & Exports,928.000,Elexon BMRS FUELHH
2022-02-13T03:30:00Z,Nuclear,4514.000,Elexon BMRS FUELHH
2022-02-13T03:30:00Z,Other,170.000,Elexon BMRS FUELHH
2022-02-13T03:30:00Z,Pumped Storage,-1466.000,Elexon BMRS FUELHH
2022-02-13T03:30:00Z,Wind,11538.000,Elexon BMRS FUELHH
2022-02-13T04:00:00Z,Biomass,1421.000,Elexon BMRS FUELHH
2022-02-13T04:00:00Z,Coal,0.000,Elexon BMRS FUELHH
2022-02-13T04:00:00Z,Gas,4242.000,Elexon BMRS FUELHH
2022-02-13T04:00:00Z,Hydro,525.000,Elexon BMRS FUELHH
2022-02-13T04:00:00Z,Imports & Exports,480.000,Elexon BMRS FUELHH
2022-02-13T04:00:00Z,Nuclear,4515.000,Elexon BMRS FUELHH
2022-02-13T04:00:00Z,Other,171.000,Elexon BMRS FUELHH
2022-02-13T04:00:00Z,Pumped Storage,-1456.000,Elexon BMRS FUELHH
2022-02-13T04:00:00Z,Wind,11254.000,Elexon BMRS FUELHH
2022-02-13T04:30:00Z,Biomass,1431.000,Elexon BMRS FUELHH
2022-02-13T04:30:00Z,Coal,0.000,Elexon BMRS FUELHH
2022-02-13T04:30:00Z,Gas,4232.000,Elexon BMRS FUELHH
2022-02-13T04:30:00Z,Hydro,576.000,Elexon BMRS FUELHH
2022-02-13T04:30:00Z,Imports & Exports,352.000,Elexon BMRS FUELHH
2022-02-13T04:30:00Z,Nuclear,4517.000,Elexon BMRS FUELHH
2022-02-13T04:30:00Z,Other,166.000,Elexon BMRS FUELHH
2022-02-13T04:30:00Z,Pumped Storage,-1460.000,Elexon BMRS FUELHH
2022-02-13T04:30:00Z,Wind,11221.000,Elexon BMRS FUELHH
2022-02-13T05:00:00Z,Biomass,1436.000,Elexon BMRS FUELHH
2022-02-13T05:00:00Z,Coal,0.000,Elexon BMRS FUELHH
2022-02-13T05:00:00Z,Gas,3963.000,Elexon BMRS FUELHH
2022-02-13T05:00:00Z,Hydro,614.000,Elexon BMRS FUELHH
2022-02-13T05:00:00Z,Imports & Exports,706.000,Elexon BMRS FUELHH
2022-02-13T05:00:00Z,Nuclear,4515.000,Elexon BMRS FUELHH
2022-02-13T05:00:00Z,Other,164.000,Elexon BMRS FUELHH
2022-02-13T05:00:00Z,Pumped Storage,-1228.000,Elexon BMRS FUELHH
2022-02-13T05:00:00Z,Wind,11003.000,Elexon BMRS FUELHH
2022-02-13T05:30:00Z,Biomass,1497.000,Elexon BMRS FUELHH
2022-02-13T05:30:00Z,Coal,0.000,Elexon BMRS FUELHH
2022-02-13T05:30:00Z,Gas,4037.000,Elexon BMRS FUELHH
2022-02-13T05:30:00Z,Hydro,622.000,Elexon BMRS FUELHH
2022-02-13T05:30:00Z,Imports & Exports,840.000,Elexon BMRS FUELHH
2022-02-13T05:30:00Z,Nuclear,4517.000,Elexon BMRS FUELHH
2022-02-13T05:30:00Z,Other,169.000,Elexon BMRS FUELHH
2022-02-13T05:30:00Z,Pumped Storage,-1262.000,Elexon BMRS FUELHH
2022-02-13T05:30:00Z,Wind,10998.000,Elexon BMRS FUELHH
2022-02-13T06:00:00Z,Biomass,1530.000,Elexon BMRS FUELHH
2022-02-13T06:00:00Z,Coal,0.000,Elexon BMRS FUELHH
2022-02-13T06:00:00Z,Gas,4274.000,Elexon BMRS FUELHH
2022-02-13T06:00:00Z,Hydro,663.000,Elexon BMRS FUELHH
2022-02-13T06:00:00Z,Imports & Exports,1076.000,Elexon BMRS FUELHH
2022-02-13T06:00:00Z,Nuclear,4517.000,Elexon BMRS FUELHH
2022-02-13T06:00:00Z,Other,166.000,Elexon BMRS FUELHH
2022-02-13T06:00:00Z,Pumped Storage,-614.000,Elexon BMRS FUELHH
2022-02-13T06:00:00Z,Wind,10817.000,Elexon BMRS FUELHH
2022-02-13T06:30:00Z,Biomass,1564.000,Elexon BMRS FUELHH
2022-02-13T06:30:00Z,Coal,0.000,Elexon BMRS FUELHH
2022-02-13T06:30:00Z,Gas,4603.000,Elexon BMRS FUELHH
2022-02-13T06:30:00Z,Hydro,657.000,Elexon BMRS FUELHH
2022-02-13T06:30:00Z,Imports & Exports,1160.000,Elexon BMRS FUELHH
2022-02-13T06:30:00Z,Nuclear,4516.000,Elexon BMRS FUELHH
2022-02-13T06:30:00Z,Other,167.000,Elexon BMRS FUELHH
2022-02-13T06:30:00Z,Pumped Storage,-400.000,Elexon BMRS FUELHH
2022-02-13T06:30:00Z,Wind,10787.000,Elexon BMRS FUELHH
2022-02-13T07:00:00Z,Biomass,1630.000,Elexon BMRS FUELHH
2022-02-13T07:00:00Z,Coal,0.000,Elexon BMRS FUELHH
2022-02-13T07:00:00Z,Gas,4111.000,Elexon BMRS FUELHH
2022-02-13T07:00:00Z,Hydro,551.000,Elexon BMRS FUELHH
2022-02-13T07:00:00Z,Imports & Exports,2426.000,Elexon BMRS FUELHH
2022-02-13T07:00:00Z,Nuclear,4515.000,Elexon BMRS FUELHH
2022-02-13T07:00:00Z,Other,172.000,Elexon BMRS FUELHH
2022-02-13T07:00:00Z,Pumped Storage,-112.000,Elexon BMRS FUELHH
2022-02-13T07:00:00Z,Wind,10763.000,Elexon BMRS FUELHH
2022-02-13T07:30:00Z,Biomass,1901.000,Elexon BMRS FUELHH
2022-02-13T07:30:00Z,Coal,0.000,Elexon BMRS FUELHH
2022-02-13T07:30:00Z,Gas,4505.000,Elexon BMRS FUELHH
2022-02-13T07:30:00Z,Hydro,502.000,Elexon BMRS FUELHH
2022-02-13T07:30:00Z,Imports & Exports,2568.000,Elexon BMRS FUELHH
2022-02-13T07:30:00Z,Nuclear,4515.000,Elexon BMRS FUELHH
2022-02-13T07:30:00Z,Other,172.000,Elexon BMRS FUELHH
2022-02-13T07:30:00Z,Pumped Storage,-604.000,Elexon BMRS FUELHH
2022-02-13T07:30:00Z,Wind,10994.000,Elexon BMRS FUELHH
2022-02-13T08:00:00Z,Biomass,2155.000,Elexon BMRS FUELHH
2022-02-13T08:00:00Z,Coal,48.000,Elexon BMRS FUELHH
2022-02-13T08:00:00Z,Gas,4804.000,Elexon BMRS FUELHH
2022-02-13T08:00:00Z,Hydro,610.000,Elexon BMRS FUELHH
2022-02-13T08:00:00Z,Imports & Exports,3450.000,Elexon BMRS FUELHH
2022-02-13T08:00:00Z,Nuclear,4514.000,Elexon BMRS FUELHH
2022-02-13T08:00:00Z,Other,171.000,Elexon BMRS FUELHH
2022-02-13T08:00:00Z,Pumped Storage,-408.000,Elexon BMRS FUELHH
2022-02-13T08:00:00Z,Wind,11103.000,Elexon BMRS FUELHH
2022-02-13T08:30:00Z,Biomass,2289.000,Elexon BMRS FUELHH
2022-02-13T08:30:00Z,Coal,203.000,Elexon BMRS FUELHH
2022-02-13T08:30:00Z,Gas,5367.000,Elexon BMRS FUELHH
2022-02-13T08:30:00Z,Hydro,786.000,Elexon BMRS FUELHH
2022-02-13T08:30:00Z,Imports & Exports,3634.000,Elexon BMRS FUELHH
2022-02-13T08:30:00Z,Nuclear,4515.000,Elexon BMRS FUELHH
2022-02-13T08:30:00Z,Other,173.000,Elexon BMRS FUELHH
2022-02-13T08:30:00Z,Pumped Storage,-294.000,Elexon BMRS FUELHH
2022-02-13T08:30:00Z,Wind,11246.000,Elexon BMRS FUELHH
2022-02-13T09:00:00Z,Biomass,2376.000,Elexon BMRS FUELHH
2022-02-13T09:00:00Z,Coal,533.000,Elexon BMRS FUELHH
2022-02-13T09:00:00Z,Gas,6360.000,Elexon BMRS FUELHH
2022-02-13T09:00:00Z,Hydro,847.000,Elexon BMRS FUELHH
2022-02-13T09:00:00Z,Imports & Exports,4056.000,Elexon BMRS FUELHH
2022-02-13T09:00:00Z,Nuclear,4515.000,Elexon BMRS FUELHH
2022-02-13T09:00:00Z,Other,178.000,Elexon BMRS FUELHH
2022-02-13T09:00:00Z,Pumped Storage,-68.000,Elexon BMRS FUELHH
2022-02-13T09:00:00Z,Wind,10922.000,Elexon BMRS FUELHH
2022-02-13T09:30:00Z,Biomass,2355.000,Elexon BMRS FUELHH
2022-02-13T09:30:00Z,Coal,793.000,Elexon BMRS FUELHH
2022-02-13T09:30:00Z,Gas,6890.000,Elexon BMRS FUELHH
2022-02-13T09:30:00Z,Hydro,845.000,Elexon BMRS FUELHH
2022-02-13T09:30:00Z,Imports & Exports,4410.000,Elexon BMRS FUELHH
2022-02-13T09:30:00Z,Nuclear,4515.000,Elexon BMRS FUELHH
2022-02-13T09:30:00Z,Other,169.000,Elexon BMRS FUELHH
2022-02-13T09:30:00Z,Pumped Storage,168.000,Elexon BMRS FUELHH
2022-02-13T09:30:00Z,Wind,10824.000,Elexon BMRS FUELHH
2022-02-13T10:00:00Z,Biomass,2191.000,Elexon BMRS FUELHH
2022-02-13T10:00:00Z,Coal,1041.000,Elexon BMRS FUELHH
2022-02-13T10:00:00Z,Gas,7689.000,Elexon BMRS FUELHH
2022-02-13T10:00:00Z,Hydro,851.000,Elexon BMRS FUELHH
2022-02-13T10:00:00Z,Imports & Exports,4250.000,Elexon BMRS FUELHH
2022-02-13T10:00:00Z,Nuclear,4516.000,Elexon BMRS FUELHH
2022-02-13T10:00:00Z,Other,166.000,Elexon BMRS FUELHH
2022-02-13T10:00:00Z,Pumped Storage,242.000,Elexon BMRS FUELHH
2022-02-13T10:00:00Z,Wind,10982.000,Elexon BMRS FUELHH
2022-02-13T10:30:00Z,Biomass,2355.000,Elexon BMRS FUELHH
2022-02-13T10:30:00Z,Coal,1352.000,Elexon BMRS FUELHH
2022-02-13T10:30:00Z,Gas,8168.000,Elexon BMRS FUELHH
2022-02-13T10:30:00Z,Hydro,845.000,Elexon BMRS FUELHH
2022-02-13T10:30:00Z,Imports & Exports,4312.000,Elexon BMRS FUELHH
2022-02-13T10:30:00Z,Nuclear,4515.000,Elexon BMRS FUELHH
2022-02-13T10:30:00Z,Other,168.000,Elexon BMRS FUELHH
2022-02-13T10:30:00Z,Pumped Storage,140.000,Elexon BMRS FUELHH
2022-02-13T10:30:00Z,Wind,10880.000,Elexon BMRS FUELHH
2022-02-13T11:00:00Z,Biomass,2475.000,Elexon BMRS FUELHH
2022-02-13T11:00:00Z,Coal,1459.000,Elexon BMRS FUELHH
2022-02-13T11:00:00Z,Gas,8156.000,Elexon BMRS FUELHH
2022-02-13T11:00:00Z,Hydro,817.000,Elexon BMRS FUELHH
2022-02-13T11:00:00Z,Imports & Exports,4752.000,Elexon BMRS FUELHH
2022-02-13T11:00:00Z,Nuclear,4515.000,Elexon BMRS FUELHH
2022-02-13T11:00:00Z,Other,170.000,Elexon BMRS FUELHH
2022-02-13T11:00:00Z,Pumped Storage,100.000,Elexon BMRS FUELHH
2022-02-13T11:00:00Z,Wind,10985.000,Elexon BMRS FUELHH
2022-02-13T11:30:00Z,Biomass,2484.000,Elexon BMRS FUELHH
2022-02-13T11:30:00Z,Coal,1474.000,Elexon BMRS FUELHH
2022-02-13T11:30:00Z,Gas,8652.000,Elexon BMRS FUELHH
2022-02-13T11:30:00Z,Hydro,816.000,Elexon BMRS FUELHH
2022-02-13T11:30:00Z,Imports & Exports,4880.000,Elexon BMRS FUELHH
2022-02-13T11:30:00Z,Nuclear,4516.000,Elexon BMRS FUELHH
2022-02-13T11:30:00Z,Other,170.000,Elexon BMRS FUELHH
2022-02-13T11:30:00Z,Pumped Storage,112.000,Elexon BMRS FUELHH
2022-02-13T11:30:00Z,Wind,11025.000,Elexon BMRS FUELHH
2022-02-13T12:00:00Z,Biomass,2490.000,Elexon BMRS FUELHH
2022-02-13T12:00:00Z,Coal,1476.000,Elexon BMRS FUELHH
2022-02-13T12:00:00Z,Gas,9053.000,Elexon BMRS FUELHH
2022-02-13T12:00:00Z,Hydro,792.000,Elexon BMRS FUELHH
2022-02-13T12:00:00Z,Imports & Exports,4994.000,Elexon BMRS FUELHH
2022-02-13T12:00:00Z,Nuclear,4516.000,Elexon BMRS FUELHH
2022-02-13T12:00:00Z,Other,184.000,Elexon BMRS FUELHH
2022-02-13T12:00:00Z,Pumped Storage,132.000,Elexon BMRS FUELHH
2022-02-13T12:00:00Z,Wind,11148.000,Elexon BMRS FUELHH
2022-02-13T12:30:00Z,Biomass,2552.000,Elexon BMRS FUELHH
2022-02-13T12:30:00Z,Coal,1474.000,Elexon BMRS FUELHH
2022-02-13T12:30:00Z,Gas,9417.000,Elexon BMRS FUELHH
2022-02-13T12:30:00Z,Hydro,793.000,Elexon BMRS FUELHH
2022-02-13T12:30:00Z,Imports & Exports,5010.000,Elexon BMRS FUELHH
2022-02-13T12:30:00Z,Nuclear,4515.000,Elexon BMRS FUELHH
2022-02-13T12:30:00Z,Other,179.000,Elexon BMRS FUELHH
2022-02-13T12:30:00Z,Pumped Storage,122.000,Elexon BMRS FUELHH
2022-02-13T12:30:00Z,Wind,10913.000,Elexon BMRS FUELHH
2022-02-13T13:00:00Z,Biomass,2675.000,Elexon BMRS FUELHH
2022-02-13T13:00:00Z,Coal,1473.000,Elexon BMRS FUELHH
2022-02-13T13:00:00Z,Gas,9491.000,Elexon BMRS FUELHH
2022-02-13T13:00:00Z,Hydro,768.000,Elexon BMRS FUELHH
2022-02-13T13:00:00Z,Imports & Exports,5052.000,Elexon BMRS FUELHH
2022-02-13T13:00:00Z,Nuclear,4516.000,Elexon BMRS FUELHH
2022-02-13T13:00:00Z,Other,169.000,Elexon BMRS FUELHH
2022-02-13T13:00:00Z,Pumped Storage,-124.000,Elexon BMRS FUELHH
2022-02-13T13:00:00Z,Wind,10682.000,Elexon BMRS FUELHH
2022-02-13T13:30:00Z,Biomass,2713.000,Elexon BMRS FUELHH
2022-02-13T13:30:00Z,Coal,1476.000,Elexon BMRS FUELHH
2022-02-13T13:30:00Z,Gas,9740.000,Elexon BMRS FUELHH
2022-02-13T13:30:00Z,Hydro,762.000,Elexon BMRS FUELHH
2022-02-13T13:30:00Z,Imports & Exports,5086.000,Elexon BMRS FUELHH
2022-02-13T13:30:00Z,Nuclear,4516.000,Elexon BMRS FUELHH
2022-02-13T13:30:00Z,Other,172.000,Elexon BMRS FUELHH
2022-02-13T13:30:00Z,Pumped Storage,-266.000,Elexon BMRS FUELHH
2022-02-13T13:30:00Z,Wind,10429.000,Elexon BMRS FUELHH
2022-02-13T14:00:00Z,Biomass,2724.000,Elexon BMRS FUELHH
2022-02-13T14:00:00Z,Coal,1479.000,Elexon BMRS FUELHH
2022-02-13T14:00:00Z,Gas,9827.000,Elexon BMRS FUELHH
2022-02-13T14:00:00Z,Hydro,759.000,Elexon BMRS FUELHH
2022-02-13T14:00:00Z,Imports & Exports,5190.000,Elexon BMRS FUELHH
2022-02-13T14:00:00Z,Nuclear,4514.000,Elexon BMRS FUELHH
2022-02-13T14:00:00Z,Other,171.000,Elexon BMRS FUELHH
2022-02-13T14:00:00Z,Pumped Storage,-272.000,Elexon BMRS FUELHH
2022-02-13T14:00:00Z,Wind,10204.000,Elexon BMRS FUELHH
2022-02-13T14:30:00Z,Biomass,2723.000,Elexon BMRS FUELHH
2022-02-13T14:30:00Z,Coal,1480.000,Elexon BMRS FUELHH
2022-02-13T14:30:00Z,Gas,10142.000,Elexon BMRS FUELHH
2022-02-13T14:30:00Z,Hydro,760.000,Elexon BMRS FUELHH
2022-02-13T14:30:00Z,Imports & Exports,5198.000,Elexon BMRS FUELHH
2022-02-13T14:30:00Z,Nuclear,4512.000,Elexon BMRS FUELHH
2022-02-13T14:30:00Z,Other,164.000,Elexon BMRS FUELHH
2022-02-13T14:30:00Z,Pumped Storage,-228.000,Elexon BMRS FUELHH
2022-02-13T14:30:00Z,Wind,9994.000,Elexon BMRS FUELHH
2022-02-13T15:00:00Z,Biomass,2708.000,Elexon BMRS FUELHH
2022-02-13T15:00:00Z,Coal,1480.000,Elexon BMRS FUELHH
2022-02-13T15:00:00Z,Gas,10430.000,Elexon BMRS FUELHH
2022-02-13T15:00:00Z,Hydro,788.000,Elexon BMRS FUELHH
2022-02-13T15:00:00Z,Imports & Exports,5286.000,Elexon BMRS FUELHH
2022-02-13T15:00:00Z,Nuclear,4513.000,Elexon BMRS FUELHH
2022-02-13T15:00:00Z,Other,167.000,Elexon BMRS FUELHH
2022-02-13T15:00:00Z,Pumped Storage,0.000,Elexon BMRS FUELHH
2022-02-13T15:00:00Z,Wind,9684.000,Elexon BMRS FUELHH
2022-02-13T15:30:00Z,Biomass,2722.000,Elexon BMRS FUELHH
2022-02-13T15:30:00Z,Coal,1482.000,Elexon BMRS FUELHH
2022-02-13T15:30:00Z,Gas,10679.000,Elexon BMRS FUELHH
2022-02-13T15:30:00Z,Hydro,807.000,Elexon BMRS FUELHH
2022-02-13T15:30:00Z,Imports & Exports,5334.000,Elexon BMRS FUELHH
2022-02-13T15:30:00Z,Nuclear,4512.000,Elexon BMRS FUELHH
2022-02-13T15:30:00Z,Other,169.000,Elexon BMRS FUELHH
2022-02-13T15:30:00Z,Pumped Storage,-6.000,Elexon BMRS FUELHH
2022-02-13T15:30:00Z,Wind,9577.000,Elexon BMRS FUELHH
2022-02-13T16:00:00Z,Biomass,2726.000,Elexon BMRS FUELHH
2022-02-13T16:00:00Z,Coal,1479.000,Elexon BMRS FUELHH
2022-02-13T16:00:00Z,Gas,11887.000,Elexon BMRS FUELHH
2022-02-13T16:00:00Z,Hydro,862.000,Elexon BMRS FUELHH
2022-02-13T16:00:00Z,Imports & Exports,4956.000,Elexon BMRS FUELHH
2022-02-13T16:00:00Z,Nuclear,4511.000,Elexon BMRS FUELHH
2022-02-13T16:00:00Z,Other,182.000,Elexon BMRS FUELHH
2022-02-13T16:00:00Z,Pumped Storage,266.000,Elexon BMRS FUELHH
2022-02-13T16:00:00Z,Wind,8995.000,Elexon BMRS FUELHH
2022-02-13T16:30:00Z,Biomass,2726.000,Elexon BMRS FUELHH
2022-02-13T16:30:00Z,Coal,1478.000,Elexon BMRS FUELHH
2022-02-13T16:30:00Z,Gas,12468.000,Elexon BMRS FUELHH
2022-02-13T16:30:00Z,Hydro,895.000,Elexon BMRS FUELHH
2022-02-13T16:30:00Z,Imports & Exports,4958.000,Elexon BMRS FUELHH
2022-02-13T16:30:00Z,Nuclear,4512.000,Elexon BMRS FUELHH
2022-02-13T16:30:00Z,Other,198.000,Elexon BMRS FUELHH
2022-02-13T16:30:00Z,Pumped Storage,980.000,Elexon BMRS FUELHH
2022-02-13T16:30:00Z,Wind,8672.000,Elexon BMRS FUELHH
2022-02-13T17:00:00Z,Biomass,2726.000,Elexon BMRS FUELHH
2022-02-13T17:00:00Z,Coal,1479.000,Elexon BMRS FUELHH
2022-02-13T17:00:00Z,Gas,12845.000,Elexon BMRS FUELHH
2022-02-13T17:00:00Z,Hydro,953.000,Elexon BMRS FUELHH
2022-02-13T17:00:00Z,Imports & Exports,4800.000,Elexon BMRS FUELHH
2022-02-13T17:00:00Z,Nuclear,4512.000,Elexon BMRS FUELHH
2022-02-13T17:00:00Z,Other,297.000,Elexon BMRS FUELHH
2022-02-13T17:00:00Z,Pumped Storage,1732.000,Elexon BMRS FUELHH
2022-02-13T17:00:00Z,Wind,8805.000,Elexon BMRS FUELHH
2022-02-13T17:30:00Z,Biomass,2724.000,Elexon BMRS FUELHH
2022-02-13T17:30:00Z,Coal,1479.000,Elexon BMRS FUELHH
2022-02-13T17:30:00Z,Gas,12752.000,Elexon BMRS FUELHH
2022-02-13T17:30:00Z,Hydro,1081.000,Elexon BMRS FUELHH
2022-02-13T17:30:00Z,Imports & Exports,4784.000,Elexon BMRS FUELHH
2022-02-13T17:30:00Z,Nuclear,4511.000,Elexon BMRS FUELHH
2022-02-13T17:30:00Z,Other,344.000,Elexon BMRS FUELHH
2022-02-13T17:30:00Z,Pumped Storage,2086.000,Elexon BMRS FUELHH
2022-02-13T17:30:00Z,Wind,8935.000,Elexon BMRS FUELHH
2022-02-13T18:00:00Z,Biomass,2722.000,Elexon BMRS FUELHH
2022-02-13T18:00:00Z,Coal,1479.000,Elexon BMRS FUELHH
2022-02-13T18:00:00Z,Gas,12170.000,Elexon BMRS FUELHH
2022-02-13T18:00:00Z,Hydro,1106.000,Elexon BMRS FUELHH
2022-02-13T18:00:00Z,Imports & Exports,4778.000,Elexon BMRS FUELHH
2022-02-13T18:00:00Z,Nuclear,4511.000,Elexon BMRS FUELHH
2022-02-13T18:00:00Z,Other,396.000,Elexon BMRS FUELHH
2022-02-13T18:00:00Z,Pumped Storage,2156.000,Elexon BMRS FUELHH
2022-02-13T18:00:00Z,Wind,9169.000,Elexon BMRS FUELHH
2022-02-13T18:30:00Z,Biomass,2712.000,Elexon BMRS FUELHH
2022-02-13T18:30:00Z,Coal,1478.000,Elexon BMRS FUELHH
2022-02-13T18:30:00Z,Gas,12225.000,Elexon BMRS FUELHH
2022-02-13T18:30:00Z,Hydro,1058.000,Elexon BMRS FUELHH
2022-02-13T18:30:00Z,Imports & Exports,4600.000,Elexon BMRS FUELHH
2022-02-13T18:30:00Z,Nuclear,4510.000,Elexon BMRS FUELHH
2022-02-13T18:30:00Z,Other,219.000,Elexon BMRS FUELHH
2022-02-13T18:30:00Z,Pumped Storage,1884.000,Elexon BMRS FUELHH
2022-02-13T18:30:00Z,Wind,8909.000,Elexon BMRS FUELHH
2022-02-13T19:00:00Z,Biomass,2706.000,Elexon BMRS FUELHH
2022-02-13T19:00:00Z,Coal,1474.000,Elexon BMRS FUELHH
2022-02-13T19:00:00Z,Gas,12529.000,Elexon BMRS FUELHH
2022-02-13T19:00:00Z,Hydro,1059.000,Elexon BMRS FUELHH
2022-02-13T19:00:00Z,Imports & Exports,4512.000,Elexon BMRS FUELHH
2022-02-13T19:00:00Z,Nuclear,4511.000,Elexon BMRS FUELHH
2022-02-13T19:00:00Z,Other,196.000,Elexon BMRS FUELHH
2022-02-13T19:00:00Z,Pumped Storage,690.000,Elexon BMRS FUELHH
2022-02-13T19:00:00Z,Wind,8918.000,Elexon BMRS FUELHH
2022-02-13T19:30:00Z,Biomass,2723.000,Elexon BMRS FUELHH
2022-02-13T19:30:00Z,Coal,1473.000,Elexon BMRS FUELHH
2022-02-13T19:30:00Z,Gas,11773.000,Elexon BMRS FUELHH
2022-02-13T19:30:00Z,Hydro,919.000,Elexon BMRS FUELHH
2022-02-13T19:30:00Z,Imports & Exports,4328.000,Elexon BMRS FUELHH
2022-02-13T19:30:00Z,Nuclear,4511.000,Elexon BMRS FUELHH
2022-02-13T19:30:00Z,Other,172.000,Elexon BMRS FUELHH
2022-02-13T19:30:00Z,Pumped Storage,-10.000,Elexon BMRS FUELHH
2022-02-13T19:30:00Z,Wind,9487.000,Elexon BMRS FUELHH
2022-02-13T20:00:00Z,Biomass,2725.000,Elexon BMRS FUELHH
2022-02-13T20:00:00Z,Coal,1402.000,Elexon BMRS FUELHH
2022-02-13T20:00:00Z,Gas,10652.000,Elexon BMRS FUELHH
2022-02-13T20:00:00Z,Hydro,787.000,Elexon BMRS FUELHH
2022-02-13T20:00:00Z,Imports & Exports,4248.000,Elexon BMRS FUELHH
2022-02-13T20:00:00Z,Nuclear,4508.000,Elexon BMRS FUELHH
2022-02-13T20:00:00Z,Other,192.000,Elexon BMRS FUELHH
2022-02-13T20:00:00Z,Pumped Storage,72.000,Elexon BMRS FUELHH
2022-02-13T20:00:00Z,Wind,9482.000,Elexon BMRS FUELHH
2022-02-13T20:30:00Z,Biomass,2644.000,Elexon BMRS FUELHH
2022-02-13T20:30:00Z,Coal,1380.000,Elexon BMRS FUELHH
2022-02-13T20:30:00Z,Gas,9743.000,Elexon BMRS FUELHH
2022-02-13T20:30:00Z,Hydro,749.000,Elexon BMRS FUELHH
2022-02-13T20:30:00Z,Imports & Exports,4158.000,Elexon BMRS FUELHH
2022-02-13T20:30:00Z,Nuclear,4510.000,Elexon BMRS FUELHH
2022-02-13T20:30:00Z,Other,163.000,Elexon BMRS FUELHH
2022-02-13T20:30:00Z,Pumped Storage,-18.000,Elexon BMRS FUELHH
2022-02-13T20:30:00Z,Wind,9403.000,Elexon BMRS FUELHH
2022-02-13T21:00:00Z,Biomass,2430.000,Elexon BMRS FUELHH
2022-02-13T21:00:00Z,Coal,1067.000,Elexon BMRS FUELHH
2022-02-13T21:00:00Z,Gas,8579.000,Elexon BMRS FUELHH
2022-02-13T21:00:00Z,Hydro,721.000,Elexon BMRS FUELHH
2022-02-13T21:00:00Z,Imports & Exports,4358.000,Elexon BMRS FUELHH
2022-02-13T21:00:00Z,Nuclear,4511.000,Elexon BMRS FUELHH
2022-02-13T21:00:00Z,Other,167.000,Elexon BMRS FUELHH
2022-02-13T21:00:00Z,Pumped Storage,-16.000,Elexon BMRS FUELHH
2022-02-13T21:00:00Z,Wind,9684.000,Elexon BMRS FUELHH
2022-02-13T21:30:00Z,Biomass,2317.000,Elexon BMRS FUELHH
2022-02-13T21:30:00Z,Coal,688.000,Elexon BMRS FUELHH
2022-02-13T21:30:00Z,Gas,7282.000,Elexon BMRS FUELHH
2022-02-13T21:30:00Z,Hydro,748.000,Elexon BMRS FUELHH
2022-02-13T21:30:00Z,Imports & Exports,4372.000,Elexon BMRS FUELHH
2022-02-13T21:30:00Z,Nuclear,4511.000,Elexon BMRS FUELHH
2022-02-13T21:30:00Z,Other,167.000,Elexon BMRS FUELHH
2022-02-13T21:30:00Z,Pumped Storage,-14.000,Elexon BMRS FUELHH
2022-02-13T21:30:00Z,Wind,9841.000,Elexon BMRS FUELHH
2022-02-13T22:00:00Z,Biomass,2122.000,Elexon BMRS FUELHH
2022-02-13T22:00:00Z,Coal,689.000,Elexon BMRS FUELHH
2022-02-13T22:00:00Z,Gas,5714.000,Elexon BMRS FUELHH
2022-02-13T22:00:00Z,Hydro,733.000,Elexon BMRS FUELHH
2022-02-13T22:00:00Z,Imports & Exports,4786.000,Elexon BMRS FUELHH
2022-02-13T22:00:00Z,Nuclear,4511.000,Elexon BMRS FUELHH
2022-02-13T22:00:00Z,Other,166.000,Elexon BMRS FUELHH
2022-02-13T22:00:00Z,Pumped Storage,-18.000,Elexon BMRS FUELHH
2022-02-13T22:00:00Z,Wind,9877.000,Elexon BMRS FUELHH
2022-02-13T22:30:00Z,Biomass,1785.000,Elexon BMRS FUELHH
2022-02-13T22:30:00Z,Coal,696.000,Elexon BMRS FUELHH
2022-02-13T22:30:00Z,Gas,4368.000,Elexon BMRS FUELHH
2022-02-13T22:30:00Z,Hydro,704.000,Elexon BMRS FUELHH
2022-02-13T22:30:00Z,Imports & Exports,4950.000,Elexon BMRS FUELHH
2022-02-13T22:30:00Z,Nuclear,4510.000,Elexon BMRS FUELHH
2022-02-13T22:30:00Z,Other,168.000,Elexon BMRS FUELHH
2022-02-13T22:30:00Z,Pumped Storage,-22.000,Elexon BMRS FUELHH
2022-02-13T22:30:00Z,Wind,9898.000,Elexon BMRS FUELHH
2022-02-13T23:00:00Z,Biomass,1734.000,Elexon BMRS FUELHH
2022-02-13T23:00:00Z,Coal,692.000,Elexon BMRS FUELHH
2022-02-13T23:00:00Z,Gas,3142.000,Elexon BMRS FUELHH
2022-02-13T23:00:00Z,Hydro,622.000,Elexon BMRS FUELHH
2022-02-13T23:00:00Z,Imports & Exports,4696.000,Elexon BMRS FUELHH
2022-02-13T23:00:00Z,Nuclear,4511.000,Elexon BMRS FUELHH
2022-02-13T23:00:00Z,Other,184.000,Elexon BMRS FUELHH
2022-02-13T23:00:00Z,Pumped Storage,-66.000,Elexon BMRS FUELHH
2022-02-13T23:00:00Z,Wind,9999.000,Elexon BMRS FUELHH
2022-02-13T23:30:00Z,Biomass,1729.000,Elexon BMRS FUELHH
2022-02-13T23:30:00Z,Coal,693.000,Elexon BMRS FUELHH
2022-02-13T23:30:00Z,Gas,2504.000,Elexon BMRS FUELHH
2022-02-13T23:30:00Z,Hydro,604.000,Elexon BMRS FUELHH
2022-02-13T23:30:00Z,Imports & Exports,4640.000,Elexon BMRS FUELHH
2022-02-13T23:30:00Z,Nuclear,4512.000,Elexon BMRS FUELHH
2022-02-13T23:30:00Z,Other,170.000,Elexon BMRS FUELHH
2022-02-13T23:30:00Z,Pumped Storage,-116.000,Elexon BMRS FUELHH
2022-02-13T23:30:00Z,Wind,9951.000,Elexon BMRS FUELHH
2022-02-14T00:00:00Z,Biomass,1731.000,Elexon BMRS FUELHH
2022-02-14T00:00:00Z,Coal,700.000,Elexon BMRS FUELHH
2022-02-14T00:00:00Z,Gas,2448.000,Elexon BMRS FUELHH
2022-02-14T00:00:00Z,Hydro,666.000,Elexon BMRS FUELHH
2022-02-14T00:00:00Z,Imports & Exports,4558.000,Elexon BMRS FUELHH
2022-02-14T00:00:00Z,Nuclear,4512.000,Elexon BMRS FUELHH
2022-02-14T00:00:00Z,Other,162.000,Elexon BMRS FUELHH
2022-02-14T00:00:00Z,Pumped Storage,-196.000,Elexon BMRS FUELHH
2022-02-14T00:00:00Z,Wind,9944.000,Elexon BMRS FUELHH
2022-02-14T00:30:00Z,Biomass,1748.000,Elexon BMRS FUELHH
2022-02-14T00:30:00Z,Coal,809.000,Elexon BMRS FUELHH
2022-02-14T00:30:00Z,Gas,2765.000,Elexon BMRS FUELHH
2022-02-14T00:30:00Z,Hydro,674.000,Elexon BMRS FUELHH
2022-02-14T00:30:00Z,Imports & Exports,4742.000,Elexon BMRS FUELHH
2022-02-14T00:30:00Z,Nuclear,4511.000,Elexon BMRS FUELHH
2022-02-14T00:30:00Z,Other,186.000,Elexon BMRS FUELHH
2022-02-14T00:30:00Z,Pumped Storage,-32.000,Elexon BMRS FUELHH
2022-02-14T00:30:00Z,Wind,9746.000,Elexon BMRS FUELHH
2022-02-14T01:00:00Z,Biomass,1661.000,Elexon BMRS FUELHH
2022-02-14T01:00:00Z,Coal,797.000,Elexon BMRS FUELHH
2022-02-14T01:00:00Z,Gas,2850.000,Elexon BMRS FUELHH
2022-02-14T01:00:00Z,Hydro,662.000,Elexon BMRS FUELHH
2022-02-14T01:00:00Z,Imports & Exports,4666.000,Elexon BMRS FUELHH
2022-02-14T01:00:00Z,Nuclear,4514.000,Elexon BMRS FUELHH
2022-02-14T01:00:00Z,Other,178.000,Elexon BMRS FUELHH
2022-02-14T01:00:00Z,Pumped Storage,-122.000,Elexon BMRS FUELHH
2022-02-14T01:00:00Z,Wind,9581.000,Elexon BMRS FUELHH
2022-02-14T01:30:00Z,Biomass,1595.000,Elexon BMRS FUELHH
2022-02-14T01:30:00Z,Coal,737.000,Elexon BMRS FUELHH
2022-02-14T01:30:00Z,Gas,2817.000,Elexon BMRS FUELHH
2022-02-14T01:30:00Z,Hydro,664.000,Elexon BMRS FUELHH
2022-02-14T01:30:00Z,Imports & Exports,4576.000,Elexon BMRS FUELHH
2022-02-14T01:30:00Z,Nuclear,4513.000,Elexon BMRS FUELHH
2022-02-14T01:30:00Z,Other,167.000,Elexon BMRS FUELHH
2022-02-14T01:30:00Z,Pumped Storage,-104.000,Elexon BMRS FUELHH
2022-02-14T01:30:00Z,Wind,9427.000,Elexon BMRS FUELHH
2022-02-14T02:00:00Z,Biomass,1645.000,Elexon BMRS FUELHH
2022-02-14T02:00:00Z,Coal,788.000,Elexon BMRS FUELHH
2022-02-14T02:00:00Z,Gas,2754.000,Elexon BMRS FUELHH
2022-02-14T02:00:00Z,Hydro,640.000,Elexon BMRS FUELHH
2022-02-14T02:00:00Z,Imports & Exports,4808.000,Elexon BMRS FUELHH
2022-02-14T02:00:00Z,Nuclear,4513.000,Elexon BMRS FUELHH
2022-02-14T02:00:00Z,Other,172.000,Elexon BMRS FUELHH
2022-02-14T02:00:00Z,Pumped Storage,-804.000,Elexon BMRS FUELHH
2022-02-14T02:00:00Z,Wind,9480.000,Elexon BMRS FUELHH
2022-02-14T02:30:00Z,Biomass,1721.000,Elexon BMRS FUELHH
2022-02-14T02:30:00Z,Coal,696.000,Elexon BMRS FUELHH
2022-02-14T02:30:00Z,Gas,2572.000,Elexon BMRS FUELHH
2022-02-14T02:30:00Z,Hydro,563.000,Elexon BMRS FUELHH
2022-02-14T02:30:00Z,Imports & Exports,4924.000,Elexon BMRS FUELHH
2022-02-14T02:30:00Z,Nuclear,4511.000,Elexon BMRS FUELHH
2022-02-14T02:30:00Z,Other,175.000,Elexon BMRS FUELHH
2022-02-14T02:30:00Z,Pumped Storage,-946.000,Elexon BMRS FUELHH
2022-02-14T02:30:00Z,Wind,9450.000,Elexon BMRS FUELHH
2022-02-14T03:00:00Z,Biomass,1744.000,Elexon BMRS FUELHH
2022-02-14T03:00:00Z,Coal,757.000,Elexon BMRS FUELHH
2022-02-14T03:00:00Z,Gas,2522.000,Elexon BMRS FUELHH
2022-02-14T03:00:00Z,Hydro,511.000,Elexon BMRS FUELHH
2022-02-14T03:00:00Z,Imports & Exports,5018.000,Elexon BMRS FUELHH
2022-02-14T03:00:00Z,Nuclear,4511.000,Elexon BMRS FUELHH
2022-02-14T03:00:00Z,Other,172.000,Elexon BMRS FUELHH
2022-02-14T03:00:00Z,Pumped Storage,-1354.000,Elexon BMRS FUELHH
2022-02-14T03:00:00Z,Wind,9378.000,Elexon BMRS FUELHH
2022-02-14T03:30:00Z,Biomass,1648.000,Elexon BMRS FUELHH
2022-02-14T03:30:00Z,Coal,783.000,Elexon BMRS FUELHH
2022-02-14T03:30:00Z,Gas,2379.000,Elexon BMRS FUELHH
2022-02-14T03:30:00Z,Hydro,478.000,Elexon BMRS FUELHH
2022-02-14T03:30:00Z,Imports & Exports,5036.000,Elexon BMRS FUELHH
2022-02-14T03:30:00Z,Nuclear,4511.000,Elexon BMRS FUELHH
2022-02-14T03:30:00Z,Other,168.000,Elexon BMRS FUELHH
2022-02-14T03:30:00Z,Pumped Storage,-1774.000,Elexon BMRS FUELHH
2022-02-14T03:30:00Z,Wind,9510.000,Elexon BMRS FUELHH
2022-02-14T04:00:00Z,Biomass,1519.000,Elexon BMRS FUELHH
2022-02-14T04:00:00Z,Coal,810.000,Elexon BMRS FUELHH
2022-02-14T04:00:00Z,Gas,2285.000,Elexon BMRS FUELHH
2022-02-14T04:00:00Z,Hydro,490.000,Elexon BMRS FUELHH
2022-02-14T04:00:00Z,Imports & Exports,4940.000,Elexon BMRS FUELHH
2022-02-14T04:00:00Z,Nuclear,4510.000,Elexon BMRS FUELHH
2022-02-14T04:00:00Z,Other,169.000,Elexon BMRS FUELHH
2022-02-14T04:00:00Z,Pumped Storage,-1650.000,Elexon BMRS FUELHH
2022-02-14T04:00:00Z,Wind,9407.000,Elexon BMRS FUELHH
2022-02-14T04:30:00Z,Biomass,1484.000,Elexon BMRS FUELHH
2022-02-14T04:30:00Z,Coal,759.000,Elexon BMRS FUELHH
2022-02-14T04:30:00Z,Gas,2151.000,Elexon BMRS FUELHH
2022-02-14T04:30:00Z,Hydro,460.000,Elexon BMRS FUELHH
2022-02-14T04:30:00Z,Imports & Exports,4926.000,Elexon BMRS FUELHH
2022-02-14T04:30:00Z,Nuclear,4512.000,Elexon BMRS FUELHH
2022-02-14T04:30:00Z,Other,165.000,Elexon BMRS FUELHH
2022-02-14T04:30:00Z,Pumped Storage,-1716.000,Elexon BMRS FUELHH
2022-02-14T04:30:00Z,Wind,9816.000,Elexon BMRS FUELHH
2022-02-14T05:00:00Z,Biomass,1474.000,Elexon BMRS FUELHH
2022-02-14T05:00:00Z,Coal,696.000,Elexon BMRS FUELHH
2022-02-14T05:00:00Z,Gas,2173.000,Elexon BMRS FUELHH
2022-02-14T05:00:00Z,Hydro,490.000,Elexon BMRS FUELHH
2022-02-14T05:00:00Z,Imports & Exports,4496.000,Elexon BMRS FUELHH
2022-02-14T05:00:00Z,Nuclear,4513.000,Elexon BMRS FUELHH
2022-02-14T05:00:00Z,Other,162.000,Elexon BMRS FUELHH
2022-02-14T05:00:00Z,Pumped Storage,-1032.000,Elexon BMRS FUELHH
2022-02-14T05:00:00Z,Wind,10195.000,Elexon BMRS FUELHH
2022-02-14T05:30:00Z,Biomass,1528.000,Elexon BMRS FUELHH
2022-02-14T05:30:00Z,Coal,771.000,Elexon BMRS FUELHH
2022-02-14T05:30:00Z,Gas,2882.000,Elexon BMRS FUELHH
2022-02-14T05:30:00Z,Hydro,508.000,Elexon BMRS FUELHH
2022-02-14T05:30:00Z,Imports & Exports,4472.000,Elexon BMRS FUELHH
2022-02-14T05:30:00Z,Nuclear,4513.000,Elexon BMRS FUELHH
2022-02-14T05:30:00Z,Other,167.000,Elexon BMRS FUELHH
2022-02-14T05:30:00Z,Pumped Storage,-904.000,Elexon BMRS FUELHH
2022-02-14T05:30:00Z,Wind,10552.000,Elexon BMRS FUELHH
2022-02-14T06:00:00Z,Biomass,1737.000,Elexon BMRS FUELHH
2022-02-14T06:00:00Z,Coal,1176.000,Elexon BMRS FUELHH
2022-02-14T06:00:00Z,Gas,3965.000,Elexon BMRS FUELHH
2022-02-14T06:00:00Z,Hydro,776.000,Elexon BMRS FUELHH
2022-02-14T06:00:00Z,Imports & Exports,4378.000,Elexon BMRS FUELHH
2022-02-14T06:00:00Z,Nuclear,4513.000,Elexon BMRS FUELHH
2022-02-14T06:00:00Z,Other,172.000,Elexon BMRS FUELHH
2022-02-14T06:00:00Z,Pumped Storage,-362.000,Elexon BMRS FUELHH
2022-02-14T06:00:00Z,Wind,10967.000,Elexon BMRS FUELHH
2022-02-14T06:30:00Z,Biomass,2036.000,Elexon BMRS FUELHH
2022-02-14T06:30:00Z,Coal,1608.000,Elexon BMRS FUELHH
2022-02-14T06:30:00Z,Gas,5297.000,Elexon BMRS FUELHH
2022-02-14T06:30:00Z,Hydro,795.000,Elexon BMRS FUELHH
2022-02-14T06:30:00Z,Imports & Exports,4378.000,Elexon BMRS FUELHH
2022-02-14T06:30:00Z,Nuclear,4511.000,Elexon BMRS FUELHH
2022-02-14T06:30:00Z,Other,170.000,Elexon BMRS FUELHH
2022-02-14T06:30:00Z,Pumped Storage,-360.000,Elexon BMRS FUELHH
2022-02-14T06:30:00Z,Wind,11060.000,Elexon BMRS FUELHH
2022-02-14T07:00:00Z,Biomass,2313.000,Elexon BMRS FUELHH
2022-02-14T07:00:00Z,Coal,1836.000,Elexon BMRS FUELHH
2022-02-14T07:00:00Z,Gas,6839.000,Elexon BMRS FUELHH
2022-02-14T07:00:00Z,Hydro,860.000,Elexon BMRS FUELHH
2022-02-14T07:00:00Z,Imports & Exports,4744.000,Elexon BMRS FUELHH
2022-02-14T07:00:00Z,Nuclear,4511.000,Elexon BMRS FUELHH
2022-02-14T07:00:00Z,Other,172.000,Elexon BMRS FUELHH
2022-02-14T07:00:00Z,Pumped Storage,-20.000,Elexon BMRS FUELHH
2022-02-14T07:00:00Z,Wind,11051.000,Elexon BMRS FUELHH
2022-02-14T07:30:00Z,Biomass,2637.000,Elexon BMRS FUELHH
2022-02-14T07:30:00Z,Coal,1659.000,Elexon BMRS FUELHH
2022-02-14T07:30:00Z,Gas,8329.000,Elexon BMRS FUELHH
2022-02-14T07:30:00Z,Hydro,911.000,Elexon BMRS FUELHH
2022-02-14T07:30:00Z,Imports & Exports,4728.000,Elexon BMRS FUELHH
2022-02-14T07:30:00Z,Nuclear,4512.000,Elexon BMRS FUELHH
2022-02-14T07:30:00Z,Other,178.000,Elexon BMRS FUELHH
2022-02-14T07:30:00Z,Pumped Storage,220.000,Elexon BMRS FUELHH
2022-02-14T07:30:00Z,Wind,10846.000,Elexon BMRS FUELHH
2022-02-14T08:00:00Z,Biomass,2735.000,Elexon BMRS FUELHH
2022-02-14T08:00:00Z,Coal,1875.000,Elexon BMRS FUELHH
2022-02-14T08:00:00Z,Gas,9688.000,Elexon BMRS FUELHH
2022-02-14T08:00:00Z,Hydro,923.000,Elexon BMRS FUELHH
2022-02-14T08:00:00Z,Imports & Exports,4298.000,Elexon BMRS FUELHH
2022-02-14T08:00:00Z,Nuclear,4513.000,Elexon BMRS FUELHH
2022-02-14T08:00:00Z,Other,254.000,Elexon BMRS FUELHH
2022-02-14T08:00:00Z,Pumped Storage,250.000,Elexon BMRS FUELHH
2022-02-14T08:00:00Z,Wind,10671.000,Elexon BMRS FUELHH
2022-02-14T08:30:00Z,Biomass,2714.000,Elexon BMRS FUELHH
2022-02-14T08:30:00Z,Coal,1970.000,Elexon BMRS FUELHH
2022-02-14T08:30:00Z,Gas,10079.000,Elexon BMRS FUELHH
2022-02-14T08:30:00Z,Hydro,924.000,Elexon BMRS FUELHH
2022-02-14T08:30:00Z,Imports & Exports,4294.000,Elexon BMRS FUELHH
2022-02-14T08:30:00Z,Nuclear,4510.000,Elexon BMRS FUELHH
2022-02-14T08:30:00Z,Other,229.000,Elexon BMRS FUELHH
2022-02-14T08:30:00Z,Pumped Storage,136.000,Elexon BMRS FUELHH
2022-02-14T08:30:00Z,Wind,10797.000,Elexon BMRS FUELHH
2022-02-14T09:00:00Z,Biomass,2738.000,Elexon BMRS FUELHH
2022-02-14T09:00:00Z,Coal,1887.000,Elexon BMRS FUELHH
2022-02-14T09:00:00Z,Gas,10535.000,Elexon BMRS FUELHH
2022-02-14T09:00:00Z,Hydro,926.000,Elexon BMRS FUELHH
2022-02-14T09:00:00Z,Imports & Exports,4504.000,Elexon BMRS FUELHH
2022-02-14T09:00:00Z,Nuclear,4511.000,Elexon BMRS FUELHH
2022-02-14T09:00:00Z,Other,165.000,Elexon BMRS FUELHH
2022-02-14T09:00:00Z,Pumped Storage,150.000,Elexon BMRS FUELHH
2022-02-14T09:00:00Z,Wind,10916.000,Elexon BMRS FUELHH
2022-02-14T09:30:00Z,Biomass,2748.000,Elexon BMRS FUELHH
2022-02-14T09:30:00Z,Coal,1962.000,Elexon BMRS FUELHH
2022-02-14T09:30:00Z,Gas,10486.000,Elexon BMRS FUELHH
2022-02-14T09:30:00Z,Hydro,918.000,Elexon BMRS FUELHH
2022-02-14T09:30:00Z,Imports & Exports,4498.000,Elexon BMRS FUELHH
2022-02-14T09:30:00Z,Nuclear,4508.000,Elexon BMRS FUELHH
2022-02-14T09:30:00Z,Other,155.000,Elexon BMRS FUELHH
2022-02-14T09:30:00Z,Pumped Storage,36.000,Elexon BMRS FUELHH
2022-02-14T09:30:00Z,Wind,10882.000,Elexon BMRS FUELHH
2022-02-14T10:00:00Z,Biomass,2749.000,Elexon BMRS FUELHH
2022-02-14T10:00:00Z,Coal,1970.000,Elexon BMRS FUELHH
2022-02-14T10:00:00Z,Gas,10379.000,Elexon BMRS FUELHH
2022-02-14T10:00:00Z,Hydro,885.000,Elexon BMRS FUELHH
2022-02-14T10:00:00Z,Imports & Exports,4354.000,Elexon BMRS FUELHH
2022-02-14T10:00:00Z,Nuclear,4506.000,Elexon BMRS FUELHH
2022-02-14T10:00:00Z,Other,160.000,Elexon BMRS FUELHH
2022-02-14T10:00:00Z,Pumped Storage,216.000,Elexon BMRS FUELHH
2022-02-14T10:00:00Z,Wind,10815.000,Elexon BMRS FUELHH
2022-02-14T10:30:00Z,Biomass,2746.000,Elexon BMRS FUELHH
2022-02-14T10:30:00Z,Coal,1974.000,Elexon BMRS FUELHH
2022-02-14T10:30:00Z,Gas,10485.000,Elexon BMRS FUELHH
2022-02-14T10:30:00Z,Hydro,893.000,Elexon BMRS FUELHH
2022-02-14T10:30:00Z,Imports & Exports,4274.000,Elexon BMRS FUELHH
2022-02-14T10:30:00Z,Nuclear,4505.000,Elexon BMRS FUELHH
2022-02-14T10:30:00Z,Other,152.000,Elexon BMRS FUELHH
2022-02-14T10:30:00Z,Pumped Storage,180.000,Elexon BMRS FUELHH
2022-02-14T10:30:00Z,Wind,11125.000,Elexon BMRS FUELHH
2022-02-14T11:00:00Z,Biomass,2713.000,Elexon BMRS FUELHH
2022-02-14T11:00:00Z,Coal,1971.000,Elexon BMRS FUELHH
2022-02-14T11:00:00Z,Gas,9834.000,Elexon BMRS FUELHH
2022-02-14T11:00:00Z,Hydro,833.000,Elexon BMRS FUELHH
2022-02-14T11:00:00Z,Imports & Exports,4700.000,Elexon BMRS FUELHH
2022-02-14T11:00:00Z,Nuclear,4508.000,Elexon BMRS FUELHH
2022-02-14T11:00:00Z,Other,152.000,Elexon BMRS FUELHH
2022-02-14T11:00:00Z,Pumped Storage,48.000,Elexon BMRS FUELHH
2022-02-14T11:00:00Z,Wind,11818.000,Elexon BMRS FUELHH
2022-02-14T11:30:00Z,Biomass,2684.000,Elexon BMRS FUELHH
2022-02-14T11:30:00Z,Coal,1969.000,Elexon BMRS FUELHH
2022-02-14T11:30:00Z,Gas,9620.000,Elexon BMRS FUELHH
2022-02-14T11:30:00Z,Hydro,822.000,Elexon BMRS FUELHH
2022-02-14T11:30:00Z,Imports & Exports,4692.000,Elexon BMRS FUELHH
2022-02-14T11:30:00Z,Nuclear,4510.000,Elexon BMRS FUELHH
2022-02-14T11:30:00Z,Other,179.000,Elexon BMRS FUELHH
2022-02-14T11:30:00Z,Pumped Storage,114.000,Elexon BMRS FUELHH
2022-02-14T11:30:00Z,Wind,12182.000,Elexon BMRS FUELHH
2022-02-14T12:00:00Z,Biomass,2606.000,Elexon BMRS FUELHH
2022-02-14T12:00:00Z,Coal,1979.000,Elexon BMRS FUELHH
2022-02-14T12:00:00Z,Gas,9413.000,Elexon BMRS FUELHH
2022-02-14T12:00:00Z,Hydro,775.000,Elexon BMRS FUELHH
2022-02-14T12:00:00Z,Imports & Exports,5318.000,Elexon BMRS FUELHH
2022-02-14T12:00:00Z,Nuclear,4510.000,Elexon BMRS FUELHH
2022-02-14T12:00:00Z,Other,185.000,Elexon BMRS FUELHH
2022-02-14T12:00:00Z,Pumped Storage,12.000,Elexon BMRS FUELHH
2022-02-14T12:00:00Z,Wind,12438.000,Elexon BMRS FUELHH
2022-02-14T12:30:00Z,Biomass,2572.000,Elexon BMRS FUELHH
2022-02-14T12:30:00Z,Coal,1956.000,Elexon BMRS FUELHH
2022-02-14T12:30:00Z,Gas,9199.000,Elexon BMRS FUELHH
2022-02-14T12:30:00Z,Hydro,767.000,Elexon BMRS FUELHH
2022-02-14T12:30:00Z,Imports & Exports,5308.000,Elexon BMRS FUELHH
2022-02-14T12:30:00Z,Nuclear,4508.000,Elexon BMRS FUELHH
2022-02-14T12:30:00Z,Other,186.000,Elexon BMRS FUELHH
2022-02-14T12:30:00Z,Pumped Storage,-6.000,Elexon BMRS FUELHH
2022-02-14T12:30:00Z,Wind,12769.000,Elexon BMRS FUELHH
2022-02-14T13:00:00Z,Biomass,2531.000,Elexon BMRS FUELHH
2022-02-14T13:00:00Z,Coal,1722.000,Elexon BMRS FUELHH
2022-02-14T13:00:00Z,Gas,9048.000,Elexon BMRS FUELHH
2022-02-14T13:00:00Z,Hydro,793.000,Elexon BMRS FUELHH
2022-02-14T13:00:00Z,Imports & Exports,5368.000,Elexon BMRS FUELHH
2022-02-14T13:00:00Z,Nuclear,4506.000,Elexon BMRS FUELHH
2022-02-14T13:00:00Z,Other,189.000,Elexon BMRS FUELHH
2022-02-14T13:00:00Z,Pumped Storage,-6.000,Elexon BMRS FUELHH
2022-02-14T13:00:00Z,Wind,13022.000,Elexon BMRS FUELHH
2022-02-14T13:30:00Z,Biomass,2561.000,Elexon BMRS FUELHH
2022-02-14T13:30:00Z,Coal,1515.000,Elexon BMRS FUELHH
2022-02-14T13:30:00Z,Gas,8823.000,Elexon BMRS FUELHH
2022-02-14T13:30:00Z,Hydro,782.000,Elexon BMRS FUELHH
2022-02-14T13:30:00Z,Imports & Exports,5262.000,Elexon BMRS FUELHH
2022-02-14T13:30:00Z,Nuclear,4511.000,Elexon BMRS FUELHH
2022-02-14T13:30:00Z,Other,186.000,Elexon BMRS FUELHH
2022-02-14T13:30:00Z,Pumped Storage,-6.000,Elexon BMRS FUELHH
2022-02-14T13:30:00Z,Wind,13082.000,Elexon BMRS FUELHH
2022-02-14T14:00:00Z,Biomass,2533.000,Elexon BMRS FUELHH
2022-02-14T14:00:00Z,Coal,1702.000,Elexon BMRS FUELHH
2022-02-14T14:00:00Z,Gas,8793.000,Elexon BMRS FUELHH
2022-02-14T14:00:00Z,Hydro,772.000,Elexon BMRS FUELHH
2022-02-14T14:00:00Z,Imports & Exports,4904.000,Elexon BMRS FUELHH
2022-02-14T14:00:00Z,Nuclear,4509.000,Elexon BMRS FUELHH
2022-02-14T14:00:00Z,Other,191.000,Elexon BMRS FUELHH
2022-02-14T14:00:00Z,Pumped Storage,44.000,Elexon BMRS FUELHH
2022-02-14T14:00:00Z,Wind,13046.000,Elexon BMRS FUELHH
2022-02-14T14:30:00Z,Biomass,2441.000,Elexon BMRS FUELHH
2022-02-14T14:30:00Z,Coal,1611.000,Elexon BMRS FUELHH
2022-02-14T14:30:00Z,Gas,9074.000,Elexon BMRS FUELHH
2022-02-14T14:30:00Z,Hydro,756.000,Elexon BMRS FUELHH
2022-02-14T14:30:00Z,Imports & Exports,4836.000,Elexon BMRS FUELHH
2022-02-14T14:30:00Z,Nuclear,4509.000,Elexon BMRS FUELHH
2022-02-14T14:30:00Z,Other,180.000,Elexon BMRS FUELHH
2022-02-14T14:30:00Z,Pumped Storage,26.000,Elexon BMRS FUELHH
2022-02-14T14:30:00Z,Wind,12834.000,Elexon BMRS FUELHH
2022-02-14T15:00:00Z,Biomass,2486.000,Elexon BMRS FUELHH
2022-02-14T15:00:00Z,Coal,1261.000,Elexon BMRS FUELHH
2022-02-14T15:00:00Z,Gas,10111.000,Elexon BMRS FUELHH
2022-02-14T15:00:00Z,Hydro,816.000,Elexon BMRS FUELHH
2022-02-14T15:00:00Z,Imports & Exports,4222.000,Elexon BMRS FUELHH
2022-02-14T15:00:00Z,Nuclear,4509.000,Elexon BMRS FUELHH
2022-02-14T15:00:00Z,Other,171.000,Elexon BMRS FUELHH
2022-02-14T15:00:00Z,Pumped Storage,-10.000,Elexon BMRS FUELHH
2022-02-14T15:00:00Z,Wind,12843.000,Elexon BMRS FUELHH
2022-02-14T15:30:00Z,Biomass,2547.000,Elexon BMRS FUELHH
2022-02-14T15:30:00Z,Coal,1137.000,Elexon BMRS FUELHH
2022-02-14T15:30:00Z,Gas,11069.000,Elexon BMRS FUELHH
2022-02-14T15:30:00Z,Hydro,826.000,Elexon BMRS FUELHH
2022-02-14T15:30:00Z,Imports & Exports,4090.000,Elexon BMRS FUELHH
2022-02-14T15:30:00Z,Nuclear,4509.000,Elexon BMRS FUELHH
2022-02-14T15:30:00Z,Other,183.000,Elexon BMRS FUELHH
2022-02-14T15:30:00Z,Pumped Storage,88.000,Elexon BMRS FUELHH
2022-02-14T15:30:00Z,Wind,12607.000,Elexon BMRS FUELHH
2022-02-14T16:00:00Z,Biomass,2653.000,Elexon BMRS FUELHH
2022-02-14T16:00:00Z,Coal,1552.000,Elexon BMRS FUELHH
2022-02-14T16:00:00Z,Gas,13167.000,Elexon BMRS FUELHH
2022-02-14T16:00:00Z,Hydro,853.000,Elexon BMRS FUELHH
2022-02-14T16:00:00Z,Imports & Exports,3270.000,Elexon BMRS FUELHH
2022-02-14T16:00:00Z,Nuclear,4509.000,Elexon BMRS FUELHH
2022-02-14T16:00:00Z,Other,223.000,Elexon BMRS FUELHH
2022-02-14T16:00:00Z,Pumped Storage,-10.000,Elexon BMRS FUELHH
2022-02-14T16:00:00Z,Wind,12115.000,Elexon BMRS FUELHH
2022-02-14T16:30:00Z,Biomass,2677.000,Elexon BMRS FUELHH
2022-02-14T16:30:00Z,Coal,1706.000,Elexon BMRS FUELHH
2022-02-14T16:30:00Z,Gas,14591.000,Elexon BMRS FUELHH
2022-02-14T16:30:00Z,Hydro,874.000,Elexon BMRS FUELHH
2022-02-14T16:30:00Z,Imports & Exports,3124.000,Elexon BMRS FUELHH
2022-02-14T16:30:00Z,Nuclear,4509.000,Elexon BMRS FUELHH
2022-02-14T16:30:00Z,Other,281.000,Elexon BMRS FUELHH
2022-02-14T16:30:00Z,Pumped Storage,174.000,Elexon BMRS FUELHH
2022-02-14T16:30:00Z,Wind,11694.000,Elexon BMRS FUELHH
2022-02-14T17:00:00Z,Biomass,2690.000,Elexon BMRS FUELHH
2022-02-14T17:00:00Z,Coal,1612.000,Elexon BMRS FUELHH
2022-02-14T17:00:00Z,Gas,14851.000,Elexon BMRS FUELHH
2022-02-14T17:00:00Z,Hydro,892.000,Elexon BMRS FUELHH
2022-02-14T17:00:00Z,Imports & Exports,3838.000,Elexon BMRS FUELHH
2022-02-14T17:00:00Z,Nuclear,4514.000,Elexon BMRS FUELHH
2022-02-14T17:00:00Z,Other,362.000,Elexon BMRS FUELHH
2022-02-14T17:00:00Z,Pumped Storage,1020.000,Elexon BMRS FUELHH
2022-02-14T17:00:00Z,Wind,11433.000,Elexon BMRS FUELHH
2022-02-14T17:30:00Z,Biomass,2706.000,Elexon BMRS FUELHH
2022-02-14T17:30:00Z,Coal,1635.000,Elexon BMRS FUELHH
2022-02-14T17:30:00Z,Gas,15290.000,Elexon BMRS FUELHH
2022-02-14T17:30:00Z,Hydro,1071.000,Elexon BMRS FUELHH
2022-02-14T17:30:00Z,Imports & Exports,3710.000,Elexon BMRS FUELHH
2022-02-14T17:30:00Z,Nuclear,4513.000,Elexon BMRS FUELHH
2022-02-14T17:30:00Z,Other,472.000,Elexon BMRS FUELHH
2022-02-14T17:30:00Z,Pumped Storage,2090.000,Elexon BMRS FUELHH
2022-02-14T17:30:00Z,Wind,11191.000,Elexon BMRS FUELHH
2022-02-14T18:00:00Z,Biomass,2748.000,Elexon BMRS FUELHH
2022-02-14T18:00:00Z,Coal,1660.000,Elexon BMRS FUELHH
2022-02-14T18:00:00Z,Gas,15552.000,Elexon BMRS FUELHH
2022-02-14T18:00:00Z,Hydro,1097.000,Elexon BMRS FUELHH
2022-02-14T18:00:00Z,Imports & Exports,3850.000,Elexon BMRS FUELHH
2022-02-14T18:00:00Z,Nuclear,4514.000,Elexon BMRS FUELHH
2022-02-14T18:00:00Z,Other,472.000,Elexon BMRS FUELHH
2022-02-14T18:00:00Z,Pumped Storage,2038.000,Elexon BMRS FUELHH
2022-02-14T18:00:00Z,Wind,10682.000,Elexon BMRS FUELHH
2022-02-14T18:30:00Z,Biomass,2758.000,Elexon BMRS FUELHH
2022-02-14T18:30:00Z,Coal,1759.000,Elexon BMRS FUELHH
2022-02-14T18:30:00Z,Gas,15624.000,Elexon BMRS FUELHH
2022-02-14T18:30:00Z,Hydro,1153.000,Elexon BMRS FUELHH
2022-02-14T18:30:00Z,Imports & Exports,3858.000,Elexon BMRS FUELHH
2022-02-14T18:30:00Z,Nuclear,4518.000,Elexon BMRS FUELHH
2022-02-14T18:30:00Z,Other,345.000,Elexon BMRS FUELHH
2022-02-14T18:30:00Z,Pumped Storage,2168.000,Elexon BMRS FUELHH
2022-02-14T18:30:00Z,Wind,9865.000,Elexon BMRS FUELHH
2022-02-14T19:00:00Z,Biomass,2763.000,Elexon BMRS FUELHH
2022-02-14T19:00:00Z,Coal,1967.000,Elexon BMRS FUELHH
2022-02-14T19:00:00Z,Gas,15470.000,Elexon BMRS FUELHH
2022-02-14T19:00:00Z,Hydro,1119.000,Elexon BMRS FUELHH
2022-02-14T19:00:00Z,Imports & Exports,4098.000,Elexon BMRS FUELHH
2022-02-14T19:00:00Z,Nuclear,4517.000,Elexon BMRS FUELHH
2022-02-14T19:00:00Z,Other,206.000,Elexon BMRS FUELHH
2022-02-14T19:00:00Z,Pumped Storage,1382.000,Elexon BMRS FUELHH
2022-02-14T19:00:00Z,Wind,9114.000,Elexon BMRS FUELHH
2022-02-14T19:30:00Z,Biomass,2767.000,Elexon BMRS FUELHH
2022-02-14T19:30:00Z,Coal,1971.000,Elexon BMRS FUELHH
2022-02-14T19:30:00Z,Gas,14880.000,Elexon BMRS FUELHH
2022-02-14T19:30:00Z,Hydro,1003.000,Elexon BMRS FUELHH
2022-02-14T19:30:00Z,Imports & Exports,4224.000,Elexon BMRS FUELHH
2022-02-14T19:30:00Z,Nuclear,4520.000,Elexon BMRS FUELHH
2022-02-14T19:30:00Z,Other,152.000,Elexon BMRS FUELHH
2022-02-14T19:30:00Z,Pumped Storage,992.000,Elexon BMRS FUELHH
2022-02-14T19:30:00Z,Wind,8868.000,Elexon BMRS FUELHH
2022-02-14T20:00:00Z,Biomass,2840.000,Elexon BMRS FUELHH
2022-02-14T20:00:00Z,Coal,1973.000,Elexon BMRS FUELHH
2022-02-14T20:00:00Z,Gas,14488.000,Elexon BMRS FUELHH
2022-02-14T20:00:00Z,Hydro,973.000,Elexon BMRS FUELHH
2022-02-14T20:00:00Z,Imports & Exports,4068.000,Elexon BMRS FUELHH
2022-02-14T20:00:00Z,Nuclear,4519.000,Elexon BMRS FUELHH
2022-02-14T20:00:00Z,Other,132.000,Elexon BMRS FUELHH
2022-02-14T20:00:00Z,Pumped Storage,652.000,Elexon BMRS FUELHH
2022-02-14T20:00:00Z,Wind,8507.000,Elexon BMRS FUELHH
2022-02-14T20:30:00Z,Biomass,2832.000,Elexon BMRS FUELHH
2022-02-14T20:30:00Z,Coal,1969.000,Elexon BMRS FUELHH
2022-02-14T20:30:00Z,Gas,13810.000,Elexon BMRS FUELHH
2022-02-14T20:30:00Z,Hydro,959.000,Elexon BMRS FUELHH
2022-02-14T20:30:00Z,Imports & Exports,4128.000,Elexon BMRS FUELHH
2022-02-14T20:30:00Z,Nuclear,4520.000,Elexon BMRS FUELHH
2022-02-14T20:30:00Z,Other,128.000,Elexon BMRS FUELHH
2022-02-14T20:30:00Z,Pumped Storage,128.000,Elexon BMRS FUELHH
2022-02-14T20:30:00Z,Wind,8369.000,Elexon BMRS FUELHH
2022-02-14T21:00:00Z,Biomass,2821.000,Elexon BMRS FUELHH
2022-02-14T21:00:00Z,Coal,1975.000,Elexon BMRS FUELHH
2022-02-14T21:00:00Z,Gas,12306.000,Elexon BMRS FUELHH
2022-02-14T21:00:00Z,Hydro,899.000,Elexon BMRS FUELHH
2022-02-14T21:00:00Z,Imports & Exports,4218.000,Elexon BMRS FUELHH
2022-02-14T21:00:00Z,Nuclear,4520.000,Elexon BMRS FUELHH
2022-02-14T21:00:00Z,Other,127.000,Elexon BMRS FUELHH
2022-02-14T21:00:00Z,Pumped Storage,98.000,Elexon BMRS FUELHH
2022-02-14T21:00:00Z,Wind,8284.000,Elexon BMRS FUELHH
2022-02-14T21:30:00Z,Biomass,2857.000,Elexon BMRS FUELHH
2022-02-14T21:30:00Z,Coal,1976.000,Elexon BMRS FUELHH
2022-02-14T21:30:00Z,Gas,10508.000,Elexon BMRS FUELHH
2022-02-14T21:30:00Z,Hydro,844.000,Elexon BMRS FUELHH
2022-02-14T21:30:00Z,Imports & Exports,4470.000,Elexon BMRS FUELHH
2022-02-14T21:30:00Z,Nuclear,4520.000,Elexon BMRS FUELHH
2022-02-14T21:30:00Z,Other,123.000,Elexon BMRS FUELHH
2022-02-14T21:30:00Z,Pumped Storage,-6.000,Elexon BMRS FUELHH
2022-02-14T21:30:00Z,Wind,8105.000,Elexon BMRS FUELHH
2022-02-14T22:00:00Z,Biomass,2890.000,Elexon BMRS FUELHH
2022-02-14T22:00:00Z,Coal,1975.000,Elexon BMRS FUELHH
2022-02-14T22:00:00Z,Gas,8606.000,Elexon BMRS FUELHH
2022-02-14T22:00:00Z,Hydro,846.000,Elexon BMRS FUELHH
2022-02-14T22:00:00Z,Imports & Exports,4786.000,Elexon BMRS FUELHH
2022-02-14T22:00:00Z,Nuclear,4521.000,Elexon BMRS FUELHH
2022-02-14T22:00:00Z,Other,122.000,Elexon BMRS FUELHH
2022-02-14T22:00:00Z,Pumped Storage,88.000,Elexon BMRS FUELHH
2022-02-14T22:00:00Z,Wind,7843.000,Elexon BMRS FUELHH
2022-02-14T22:30:00Z,Biomass,2857.000,Elexon BMRS FUELHH
2022-02-14T22:30:00Z,Coal,1974.000,Elexon BMRS FUELHH
2022-02-14T22:30:00Z,Gas,7227.000,Elexon BMRS FUELHH
2022-02-14T22:30:00Z,Hydro,824.000,Elexon BMRS FUELHH
2022-02-14T22:30:00Z,Imports & Exports,4848.000,Elexon BMRS FUELHH
2022-02-14T22:30:00Z,Nuclear,4521.000,Elexon BMRS FUELHH
2022-02-14T22:30:00Z,Other,119.000,Elexon BMRS FUELHH
2022-02-14T22:30:00Z,Pumped Storage,24.000,Elexon BMRS FUELHH
2022-02-14T22:30:00Z,Wind,7710.000,Elexon BMRS FUELHH
2022-02-14T23:00:00Z,Biomass,2619.000,Elexon BMRS FUELHH
2022-02-14T23:00:00Z,Coal,1953.000,Elexon BMRS FUELHH
2022-02-14T23:00:00Z,Gas,5565.000,Elexon BMRS FUELHH
2022-02-14T23:00:00Z,Hydro,787.000,Elexon BMRS FUELHH
2022-02-14T23:00:00Z,Imports & Exports,5004.000,Elexon BMRS FUELHH
2022-02-14T23:00:00Z,Nuclear,4520.000,Elexon BMRS FUELHH
2022-02-14T23:00:00Z,Other,112.000,Elexon BMRS FUELHH
2022-02-14T23:00:00Z,Pumped Storage,-12.000,Elexon BMRS FUELHH
2022-02-14T23:00:00Z,Wind,7840.000,Elexon BMRS FUELHH
2022-02-14T23:30:00Z,Biomass,2185.000,Elexon BMRS FUELHH
2022-02-14T23:30:00Z,Coal,1973.000,Elexon BMRS FUELHH
2022-02-14T23:30:00Z,Gas,4604.000,Elexon BMRS FUELHH
2022-02-14T23:30:00Z,Hydro,781.000,Elexon BMRS FUELHH
2022-02-14T23:30:00Z,Imports & Exports,5166.000,Elexon BMRS FUELHH
2022-02-14T23:30:00Z,Nuclear,4518.000,Elexon BMRS FUELHH
2022-02-14T23:30:00Z,Other,110.000,Elexon BMRS FUELHH
2022-02-14T23:30:00Z,Pumped Storage,134.000,Elexon BMRS FUELHH
2022-02-14T23:30:00Z,Wind,7749.000,Elexon BMRS FUELHH
2022-02-15T00:00:00Z,Biomass,2069.000,Elexon BMRS FUELHH
2022-02-15T00:00:00Z,Coal,1970.000,Elexon BMRS FUELHH
2022-02-15T00:00:00Z,Gas,4251.000,Elexon BMRS FUELHH
2022-02-15T00:00:00Z,Hydro,561.000,Elexon BMRS FUELHH
2022-02-15T00:00:00Z,Imports & Exports,5494.000,Elexon BMRS FUELHH
2022-02-15T00:00:00Z,Nuclear,4518.000,Elexon BMRS FUELHH
2022-02-15T00:00:00Z,Other,109.000,Elexon BMRS FUELHH
2022-02-15T00:00:00Z,Pumped Storage,16.000,Elexon BMRS FUELHH
2022-02-15T00:00:00Z,Wind,7989.000,Elexon BMRS FUELHH
2022-02-15T00:30:00Z,Biomass,2045.000,Elexon BMRS FUELHH
2022-02-15T00:30:00Z,Coal,1977.000,Elexon BMRS FUELHH
2022-02-15T00:30:00Z,Gas,4260.000,Elexon BMRS FUELHH
2022-02-15T00:30:00Z,Hydro,559.000,Elexon BMRS FUELHH
2022-02-15T00:30:00Z,Imports & Exports,5556.000,Elexon BMRS FUELHH
2022-02-15T00:30:00Z,Nuclear,4517.000,Elexon BMRS FUELHH
2022-02-15T00:30:00Z,Other,122.000,Elexon BMRS FUELHH
2022-02-15T00:30:00Z,Pumped Storage,268.000,Elexon BMRS FUELHH
2022-02-15T00:30:00Z,Wind,8135.000,Elexon BMRS FUELHH
2022-02-15T01:00:00Z,Biomass,2059.000,Elexon BMRS FUELHH
2022-02-15T01:00:00Z,Coal,1973.000,Elexon BMRS FUELHH
2022-02-15T01:00:00Z,Gas,4683.000,Elexon BMRS FUELHH
2022-02-15T01:00:00Z,Hydro,559.000,Elexon BMRS FUELHH
2022-02-15T01:00:00Z,Imports & Exports,4900.000,Elexon BMRS FUELHH
2022-02-15T01:00:00Z,Nuclear,4518.000,Elexon BMRS FUELHH
2022-02-15T01:00:00Z,Other,113.000,Elexon BMRS FUELHH
2022-02-15T01:00:00Z,Pumped Storage,-38.000,Elexon BMRS FUELHH
2022-02-15T01:00:00Z,Wind,8229.000,Elexon BMRS FUELHH
2022-02-15T01:30:00Z,Biomass,2113.000,Elexon BMRS FUELHH
2022-02-15T01:30:00Z,Coal,1939.000,Elexon BMRS FUELHH
2022-02-15T01:30:00Z,Gas,4180.000,Elexon BMRS FUELHH
2022-02-15T01:30:00Z,Hydro,548.000,Elexon BMRS FUELHH
2022-02-15T01:30:00Z,Imports & Exports,4872.000,Elexon BMRS FUELHH
2022-02-15T01:30:00Z,Nuclear,4519.000,Elexon BMRS FUELHH
2022-02-15T01:30:00Z,Other,110.000,Elexon BMRS FUELHH
2022-02-15T01:30:00Z,Pumped Storage,-366.000,Elexon BMRS FUELHH
2022-02-15T01:30:00Z,Wind,8524.000,Elexon BMRS FUELHH
2022-02-15T02:00:00Z,Biomass,2110.000,Elexon BMRS FUELHH
2022-02-15T02:00:00Z,Coal,1810.000,Elexon BMRS FUELHH
2022-02-15T02:00:00Z,Gas,4164.000,Elexon BMRS FUELHH
2022-02-15T02:00:00Z,Hydro,499.000,Elexon BMRS FUELHH
2022-02-15T02:00:00Z,Imports & Exports,4352.000,Elexon BMRS FUELHH
2022-02-15T02:00:00Z,Nuclear,4529.000,Elexon BMRS FUELHH
2022-02-15T02:00:00Z,Other,110.000,Elexon BMRS FUELHH
2022-02-15T02:00:00Z,Pumped Storage,-1114.000,Elexon BMRS FUELHH
2022-02-15T02:00:00Z,Wind,9382.000,Elexon BMRS FUELHH
2022-02-15T02:30:00Z,Biomass,2089.000,Elexon BMRS FUELHH
2022-02-15T02:30:00Z,Coal,1043.000,Elexon BMRS FUELHH
2022-02-15T02:30:00Z,Gas,3771.000,Elexon BMRS FUELHH
2022-02-15T02:30:00Z,Hydro,498.000,Elexon BMRS FUELHH
2022-02-15T02:30:00Z,Imports & Exports,4292.000,Elexon BMRS FUELHH
2022-02-15T02:30:00Z,Nuclear,4556.000,Elexon BMRS FUELHH
2022-02-15T02:30:00Z,Other,109.000,Elexon BMRS FUELHH
2022-02-15T02:30:00Z,Pumped Storage,-1312.000,Elexon BMRS FUELHH
2022-02-15T02:30:00Z,Wind,10349.000,Elexon BMRS FUELHH
2022-02-15T03:00:00Z,Biomass,2150.000,Elexon BMRS FUELHH
2022-02-15T03:00:00Z,Coal,959.000,Elexon BMRS FUELHH
2022-02-15T03:00:00Z,Gas,4187.000,Elexon BMRS FUELHH
2022-02-15T03:00:00Z,Hydro,593.000,Elexon BMRS FUELHH
2022-02-15T03:00:00Z,Imports & Exports,2176.000,Elexon BMRS FUELHH
2022-02-15T03:00:00Z,Nuclear,4555.000,Elexon BMRS FUELHH
2022-02-15T03:00:00Z,Other,110.000,Elexon BMRS FUELHH
2022-02-15T03:00:00Z,Pumped Storage,-1270.000,Elexon BMRS FUELHH
2022-02-15T03:00:00Z,Wind,11227.000,Elexon BMRS FUELHH
2022-02-15T03:30:00Z,Biomass,2007.000,Elexon BMRS FUELHH
2022-02-15T03:30:00Z,Coal,918.000,Elexon BMRS FUELHH
2022-02-15T03:30:00Z,Gas,3458.000,Elexon BMRS FUELHH
2022-02-15T03:30:00Z,Hydro,444.000,Elexon BMRS FUELHH
2022-02-15T03:30:00Z,Imports & Exports,2054.000,Elexon BMRS FUELHH
2022-02-15T03:30:00Z,Nuclear,4576.000,Elexon BMRS FUELHH
2022-02-15T03:30:00Z,Other,110.000,Elexon BMRS FUELHH
2022-02-15T03:30:00Z,Pumped Storage,-1518.000,Elexon BMRS FUELHH
2022-02-15T03:30:00Z,Wind,11859.000,Elexon BMRS FUELHH
2022-02-15T04:00:00Z,Biomass,2000.000,Elexon BMRS FUELHH
2022-02-15T04:00:00Z,Coal,922.000,Elexon BMRS FUELHH
2022-02-15T04:00:00Z,Gas,4062.000,Elexon BMRS FUELHH
2022-02-15T04:00:00Z,Hydro,436.000,Elexon BMRS FUELHH
2022-02-15T04:00:00Z,Imports & Exports,448.000,Elexon BMRS FUELHH
2022-02-15T04:00:00Z,Nuclear,4582.000,Elexon BMRS FUELHH
2022-02-15T04:00:00Z,Other,111.000,Elexon BMRS FUELHH
2022-02-15T04:00:00Z,Pumped Storage,-1094.000,Elexon BMRS FUELHH
2022-02-15T04:00:00Z,Wind,11805.000,Elexon BMRS FUELHH
2022-02-15T04:30:00Z,Biomass,2076.000,Elexon BMRS FUELHH
2022-02-15T04:30:00Z,Coal,1073.000,Elexon BMRS FUELHH
2022-02-15T04:30:00Z,Gas,4144.000,Elexon BMRS FUELHH
2022-02-15T04:30:00Z,Hydro,432.000,Elexon BMRS FUELHH
2022-02-15T04:30:00Z,Imports & Exports,396.000,Elexon BMRS FUELHH
2022-02-15T04:30:00Z,Nuclear,4616.000,Elexon BMRS FUELHH
2022-02-15T04:30:00Z,Other,108.000,Elexon BMRS FUELHH
2022-02-15T04:30:00Z,Pumped Storage,-1120.000,Elexon BMRS FUELHH
2022-02-15T04:30:00Z,Wind,11352.000,Elexon BMRS FUELHH
2022-02-15T05:00:00Z,Biomass,2225.000,Elexon BMRS FUELHH
2022-02-15T05:00:00Z,Coal,1506.000,Elexon BMRS FUELHH
2022-02-15T05:00:00Z,Gas,4631.000,Elexon BMRS FUELHH
2022-02-15T05:00:00Z,Hydro,460.000,Elexon BMRS FUELHH
2022-02-15T05:00:00Z,Imports & Exports,-950.000,Elexon BMRS FUELHH
2022-02-15T05:00:00Z,Nuclear,4627.000,Elexon BMRS FUELHH
2022-02-15T05:00:00Z,Other,108.000,Elexon BMRS FUELHH
2022-02-15T05:00:00Z,Pumped Storage,-442.000,Elexon BMRS FUELHH
2022-02-15T05:00:00Z,Wind,11334.000,Elexon BMRS FUELHH
2022-02-15T05:30:00Z,Biomass,2342.000,Elexon BMRS FUELHH
2022-02-15T05:30:00Z,Coal,1887.000,Elexon BMRS FUELHH
2022-02-15T05:30:00Z,Gas,4793.000,Elexon BMRS FUELHH
2022-02-15T05:30:00Z,Hydro,438.000,Elexon BMRS FUELHH
2022-02-15T05:30:00Z,Imports & Exports,-1010.000,Elexon BMRS FUELHH
2022-02-15T05:30:00Z,Nuclear,4628.000,Elexon BMRS FUELHH
2022-02-15T05:30:00Z,Other,112.000,Elexon BMRS FUELHH
2022-02-15T05:30:00Z,Pumped Storage,-102.000,Elexon BMRS FUELHH
2022-02-15T05:30:00Z,Wind,11412.000,Elexon BMRS FUELHH
2022-02-15T06:00:00Z,Biomass,2526.000,Elexon BMRS FUELHH
2022-02-15T06:00:00Z,Coal,1962.000,Elexon BMRS FUELHH
2022-02-15T06:00:00Z,Gas,6701.000,Elexon BMRS FUELHH
2022-02-15T06:00:00Z,Hydro,565.000,Elexon BMRS FUELHH
2022-02-15T06:00:00Z,Imports & Exports,-1622.000,Elexon BMRS FUELHH
2022-02-15T06:00:00Z,Nuclear,4632.000,Elexon BMRS FUELHH
2022-02-15T06:00:00Z,Other,323.000,Elexon BMRS FUELHH
2022-02-15T06:00:00Z,Pumped Storage,262.000,Elexon BMRS FUELHH
2022-02-15T06:00:00Z,Wind,11561.000,Elexon BMRS FUELHH
2022-02-15T06:30:00Z,Biomass,2788.000,Elexon BMRS FUELHH
2022-02-15T06:30:00Z,Coal,1954.000,Elexon BMRS FUELHH
2022-02-15T06:30:00Z,Gas,9003.000,Elexon BMRS FUELHH
2022-02-15T06:30:00Z,Hydro,630.000,Elexon BMRS FUELHH
2022-02-15T06:30:00Z,Imports & Exports,-1718.000,Elexon BMRS FUELHH
2022-02-15T06:30:00Z,Nuclear,4632.000,Elexon BMRS FUELHH
2022-02-15T06:30:00Z,Other,327.000,Elexon BMRS FUELHH
2022-02-15T06:30:00Z,Pumped Storage,176.000,Elexon BMRS FUELHH
2022-02-15T06:30:00Z,Wind,11875.000,Elexon BMRS FUELHH
2022-02-15T07:00:00Z,Biomass,2888.000,Elexon BMRS FUELHH
2022-02-15T07:00:00Z,Coal,1916.000,Elexon BMRS FUELHH
2022-02-15T07:00:00Z,Gas,9821.000,Elexon BMRS FUELHH
2022-02-15T07:00:00Z,Hydro,806.000,Elexon BMRS FUELHH
2022-02-15T07:00:00Z,Imports & Exports,-584.000,Elexon BMRS FUELHH
2022-02-15T07:00:00Z,Nuclear,4630.000,Elexon BMRS FUELHH
2022-02-15T07:00:00Z,Other,218.000,Elexon BMRS FUELHH
2022-02-15T07:00:00Z,Pumped Storage,184.000,Elexon BMRS FUELHH
2022-02-15T07:00:00Z,Wind,12489.000,Elexon BMRS FUELHH
2022-02-15T07:30:00Z,Biomass,2904.000,Elexon BMRS FUELHH
2022-02-15T07:30:00Z,Coal,1957.000,Elexon BMRS FUELHH
2022-02-15T07:30:00Z,Gas,10202.000,Elexon BMRS FUELHH
2022-02-15T07:30:00Z,Hydro,813.000,Elexon BMRS FUELHH
2022-02-15T07:30:00Z,Imports & Exports,-490.000,Elexon BMRS FUELHH
2022-02-15T07:30:00Z,Nuclear,4631.000,Elexon BMRS FUELHH
2022-02-15T07:30:00Z,Other,199.000,Elexon BMRS FUELHH
2022-02-15T07:30:00Z,Pumped Storage,168.000,Elexon BMRS FUELHH
2022-02-15T07:30:00Z,Wind,13311.000,Elexon BMRS FUELHH
2022-02-15T08:00:00Z,Biomass,2880.000,Elexon BMRS FUELHH
2022-02-15T08:00:00Z,Coal,1970.000,Elexon BMRS FUELHH
2022-02-15T08:00:00Z,Gas,10586.000,Elexon BMRS FUELHH
2022-02-15T08:00:00Z,Hydro,756.000,Elexon BMRS FUELHH
2022-02-15T08:00:00Z,Imports & Exports,862.000,Elexon BMRS FUELHH
2022-02-15T08:00:00Z,Nuclear,4631.000,Elexon BMRS FUELHH
2022-02-15T08:00:00Z,Other,141.000,Elexon BMRS FUELHH
2022-02-15T08:00:00Z,Pumped Storage,210.000,Elexon BMRS FUELHH
2022-02-15T08:00:00Z,Wind,13119.000,Elexon BMRS FUELHH
2022-02-15T08:30:00Z,Biomass,2854.000,Elexon BMRS FUELHH
2022-02-15T08:30:00Z,Coal,1973.000,Elexon BMRS FUELHH
2022-02-15T08:30:00Z,Gas,10808.000,Elexon BMRS FUELHH
2022-02-15T08:30:00Z,Hydro,700.000,Elexon BMRS FUELHH
2022-02-15T08:30:00Z,Imports & Exports,900.000,Elexon BMRS FUELHH
2022-02-15T08:30:00Z,Nuclear,4631.000,Elexon BMRS FUELHH
2022-02-15T08:30:00Z,Other,203.000,Elexon BMRS FUELHH
2022-02-15T08:30:00Z,Pumped Storage,358.000,Elexon BMRS FUELHH
2022-02-15T08:30:00Z,Wind,13309.000,Elexon BMRS FUELHH
2022-02-15T09:00:00Z,Biomass,2849.000,Elexon BMRS FUELHH
2022-02-15T09:00:00Z,Coal,1974.000,Elexon BMRS FUELHH
2022-02-15T09:00:00Z,Gas,10349.000,Elexon BMRS FUELHH
2022-02-15T09:00:00Z,Hydro,610.000,Elexon BMRS FUELHH
2022-02-15T09:00:00Z,Imports & Exports,2358.000,Elexon BMRS FUELHH
2022-02-15T09:00:00Z,Nuclear,4630.000,Elexon BMRS FUELHH
2022-02-15T09:00:00Z,Other,131.000,Elexon BMRS FUELHH
2022-02-15T09:00:00Z,Pumped Storage,476.000,Elexon BMRS FUELHH
2022-02-15T09:00:00Z,Wind,13596.000,Elexon BMRS FUELHH
2022-02-15T09:30:00Z,Biomass,2851.000,Elexon BMRS FUELHH
2022-02-15T09:30:00Z,Coal,1978.000,Elexon BMRS FUELHH
2022-02-15T09:30:00Z,Gas,10341.000,Elexon BMRS FUELHH
2022-02-15T09:30:00Z,Hydro,620.000,Elexon BMRS FUELHH
2022-02-15T09:30:00Z,Imports & Exports,2360.000,Elexon BMRS FUELHH
2022-02-15T09:30:00Z,Nuclear,4630.000,Elexon BMRS FUELHH
2022-02-15T09:30:00Z,Other,153.000,Elexon BMRS FUELHH
2022-02-15T09:30:00Z,Pumped Storage,548.000,Elexon BMRS FUELHH
2022-02-15T09:30:00Z,Wind,13998.000,Elexon BMRS FUELHH
2022-02-15T10:00:00Z,Biomass,2848.000,Elexon BMRS FUELHH
2022-02-15T10:00:00Z,Coal,1970.000,Elexon BMRS FUELHH
2022-02-15T10:00:00Z,Gas,10173.000,Elexon BMRS FUELHH
2022-02-15T10:00:00Z,Hydro,603.000,Elexon BMRS FUELHH
2022-02-15T10:00:00Z,Imports & Exports,3074.000,Elexon BMRS FUELHH
2022-02-15T10:00:00Z,Nuclear,4629.000,Elexon BMRS FUELHH
2022-02-15T10:00:00Z,Other,127.000,Elexon BMRS FUELHH
2022-02-15T10:00:00Z,Pumped Storage,278.000,Elexon BMRS FUELHH
2022-02-15T10:00:00Z,Wind,14387.000,Elexon BMRS FUELHH
2022-02-15T10:30:00Z,Biomass,2846.000,Elexon BMRS FUELHH
2022-02-15T10:30:00Z,Coal,1967.000,Elexon BMRS FUELHH
2022-02-15T10:30:00Z,Gas,10506.000,Elexon BMRS FUELHH
2022-02-15T10:30:00Z,Hydro,636.000,Elexon BMRS FUELHH
2022-02-15T10:30:00Z,Imports & Exports,3014.000,Elexon BMRS FUELHH
2022-02-15T10:30:00Z,Nuclear,4628.000,Elexon BMRS FUELHH
2022-02-15T10:30:00Z,Other,136.000,Elexon BMRS FUELHH
2022-02-15T10:30:00Z,Pumped Storage,468.000,Elexon BMRS FUELHH
2022-02-15T10:30:00Z,Wind,13940.000,Elexon BMRS FUELHH
2022-02-15T11:00:00Z,Biomass,2827.000,Elexon BMRS FUELHH
2022-02-15T11:00:00Z,Coal,1958.000,Elexon BMRS FUELHH
2022-02-15T11:00:00Z,Gas,10642.000,Elexon BMRS FUELHH
2022-02-15T11:00:00Z,Hydro,598.000,Elexon BMRS FUELHH
2022-02-15T11:00:00Z,Imports & Exports,3080.000,Elexon BMRS FUELHH
2022-02-15T11:00:00Z,Nuclear,4632.000,Elexon BMRS FUELHH
2022-02-15T11:00:00Z,Other,182.000,Elexon BMRS FUELHH
2022-02-15T11:00:00Z,Pumped Storage,816.000,Elexon BMRS FUELHH
2022-02-15T11:00:00Z,Wind,13533.000,Elexon BMRS FUELHH
2022-02-15T11:30:00Z,Biomass,2800.000,Elexon BMRS FUELHH
2022-02-15T11:30:00Z,Coal,1966.000,Elexon BMRS FUELHH
2022-02-15T11:30:00Z,Gas,10853.000,Elexon BMRS FUELHH
2022-02-15T11:30:00Z,Hydro,552.000,Elexon BMRS FUELHH
2022-02-15T11:30:00Z,Imports & Exports,3098.000,Elexon BMRS FUELHH
2022-02-15T11:30:00Z,Nuclear,4629.000,Elexon BMRS FUELHH
2022-02-15T11:30:00Z,Other,217.000,Elexon BMRS FUELHH
2022-02-15T11:30:00Z,Pumped Storage,364.000,Elexon BMRS FUELHH
2022-02-15T11:30:00Z,Wind,13768.000,Elexon BMRS FUELHH
2022-02-15T12:00:00Z,Biomass,2796.000,Elexon BMRS FUELHH
2022-02-15T12:00:00Z,Coal,1976.000,Elexon BMRS FUELHH
2022-02-15T12:00:00Z,Gas,10910.000,Elexon BMRS FUELHH
2022-02-15T12:00:00Z,Hydro,549.000,Elexon BMRS FUELHH
2022-02-15T12:00:00Z,Imports & Exports,3694.000,Elexon BMRS FUELHH
2022-02-15T12:00:00Z,Nuclear,4631.000,Elexon BMRS FUELHH
2022-02-15T12:00:00Z,Other,151.000,Elexon BMRS FUELHH
2022-02-15T12:00:00Z,Pumped Storage,380.000,Elexon BMRS FUELHH
2022-02-15T12:00:00Z,Wind,13651.000,Elexon BMRS FUELHH
2022-02-15T12:30:00Z,Biomass,2792.000,Elexon BMRS FUELHH
2022-02-15T12:30:00Z,Coal,1977.000,Elexon BMRS FUELHH
2022-02-15T12:30:00Z,Gas,10941.000,Elexon BMRS FUELHH
2022-02-15T12:30:00Z,Hydro,584.000,Elexon BMRS FUELHH
2022-02-15T12:30:00Z,Imports & Exports,3608.000,Elexon BMRS FUELHH
2022-02-15T12:30:00Z,Nuclear,4632.000,Elexon BMRS FUELHH
2022-02-15T12:30:00Z,Other,117.000,Elexon BMRS FUELHH
2022-02-15T12:30:00Z,Pumped Storage,406.000,Elexon BMRS FUELHH
2022-02-15T12:30:00Z,Wind,13636.000,Elexon BMRS FUELHH
2022-02-15T13:00:00Z,Biomass,2689.000,Elexon BMRS FUELHH
2022-02-15T13:00:00Z,Coal,1977.000,Elexon BMRS FUELHH
2022-02-15T13:00:00Z,Gas,11003.000,Elexon BMRS FUELHH
2022-02-15T13:00:00Z,Hydro,580.000,Elexon BMRS FUELHH
2022-02-15T13:00:00Z,Imports & Exports,3706.000,Elexon BMRS FUELHH
2022-02-15T13:00:00Z,Nuclear,4633.000,Elexon BMRS FUELHH
2022-02-15T13:00:00Z,Other,115.000,Elexon BMRS FUELHH
2022-02-15T13:00:00Z,Pumped Storage,54.000,Elexon BMRS FUELHH
2022-02-15T13:00:00Z,Wind,13685.000,Elexon BMRS FUELHH
2022-02-15T13:30:00Z,Biomass,2735.000,Elexon BMRS FUELHH
2022-02-15T13:30:00Z,Coal,1909.000,Elexon BMRS FUELHH
2022-02-15T13:30:00Z,Gas,10856.000,Elexon BMRS FUELHH
2022-02-15T13:30:00Z,Hydro,569.000,Elexon BMRS FUELHH
2022-02-15T13:30:00Z,Imports & Exports,3716.000,Elexon BMRS FUELHH
2022-02-15T13:30:00Z,Nuclear,4629.000,Elexon BMRS FUELHH
2022-02-15T13:30:00Z,Other,122.000,Elexon BMRS FUELHH
2022-02-15T13:30:00Z,Pumped Storage,156.000,Elexon BMRS FUELHH
2022-02-15T13:30:00Z,Wind,13345.000,Elexon BMRS FUELHH
2022-02-15T14:00:00Z,Biomass,2788.000,Elexon BMRS FUELHH
2022-02-15T14:00:00Z,Coal,1962.000,Elexon BMRS FUELHH
2022-02-15T14:00:00Z,Gas,10903.000,Elexon BMRS FUELHH
2022-02-15T14:00:00Z,Hydro,568.000,Elexon BMRS FUELHH
2022-02-15T14:00:00Z,Imports & Exports,3576.000,Elexon BMRS FUELHH
2022-02-15T14:00:00Z,Nuclear,4632.000,Elexon BMRS FUELHH
2022-02-15T14:00:00Z,Other,114.000,Elexon BMRS FUELHH
2022-02-15T14:00:00Z,Pumped Storage,18.000,Elexon BMRS FUELHH
2022-02-15T14:00:00Z,Wind,13394.000,Elexon BMRS FUELHH
2022-02-15T14:30:00Z,Biomass,2834.000,Elexon BMRS FUELHH
2022-02-15T14:30:00Z,Coal,1798.000,Elexon BMRS FUELHH
2022-02-15T14:30:00Z,Gas,11234.000,Elexon BMRS FUELHH
2022-02-15T14:30:00Z,Hydro,597.000,Elexon BMRS FUELHH
2022-02-15T14:30:00Z,Imports & Exports,3436.000,Elexon BMRS FUELHH
2022-02-15T14:30:00Z,Nuclear,4629.000,Elexon BMRS FUELHH
2022-02-15T14:30:00Z,Other,116.000,Elexon BMRS FUELHH
2022-02-15T14:30:00Z,Pumped Storage,-16.000,Elexon BMRS FUELHH
2022-02-15T14:30:00Z,Wind,13154.000,Elexon BMRS FUELHH
2022-02-15T15:00:00Z,Biomass,2846.000,Elexon BMRS FUELHH
2022-02-15T15:00:00Z,Coal,1735.000,Elexon BMRS FUELHH
2022-02-15T15:00:00Z,Gas,11925.000,Elexon BMRS FUELHH
2022-02-15T15:00:00Z,Hydro,600.000,Elexon BMRS FUELHH
2022-02-15T15:00:00Z,Imports & Exports,3060.000,Elexon BMRS FUELHH
2022-02-15T15:00:00Z,Nuclear,4632.000,Elexon BMRS FUELHH
2022-02-15T15:00:00Z,Other,133.000,Elexon BMRS FUELHH
2022-02-15T15:00:00Z,Pumped Storage,-8.000,Elexon BMRS FUELHH
2022-02-15T15:00:00Z,Wind,13050.000,Elexon BMRS FUELHH
2022-02-15T15:30:00Z,Biomass,2847.000,Elexon BMRS FUELHH
2022-02-15T15:30:00Z,Coal,1335.000,Elexon BMRS FUELHH
2022-02-15T15:30:00Z,Gas,13086.000,Elexon BMRS FUELHH
2022-02-15T15:30:00Z,Hydro,607.000,Elexon BMRS FUELHH
2022-02-15T15:30:00Z,Imports & Exports,3166.000,Elexon BMRS FUELHH
2022-02-15T15:30:00Z,Nuclear,4630.000,Elexon BMRS FUELHH
2022-02-15T15:30:00Z,Other,136.000,Elexon BMRS FUELHH
2022-02-15T15:30:00Z,Pumped Storage,88.000,Elexon BMRS FUELHH
2022-02-15T15:30:00Z,Wind,12899.000,Elexon BMRS FUELHH
2022-02-15T16:00:00Z,Biomass,2839.000,Elexon BMRS FUELHH
2022-02-15T16:00:00Z,Coal,1669.000,Elexon BMRS FUELHH
2022-02-15T16:00:00Z,Gas,13824.000,Elexon BMRS FUELHH
2022-02-15T16:00:00Z,Hydro,683.000,Elexon BMRS FUELHH
2022-02-15T16:00:00Z,Imports & Exports,3250.000,Elexon BMRS FUELHH
2022-02-15T16:00:00Z,Nuclear,4631.000,Elexon BMRS FUELHH
2022-02-15T16:00:00Z,Other,165.000,Elexon BMRS FUELHH
2022-02-15T16:00:00Z,Pumped Storage,62.000,Elexon BMRS FUELHH
2022-02-15T16:00:00Z,Wind,12439.000,Elexon BMRS FUELHH
2022-02-15T16:30:00Z,Biomass,2847.000,Elexon BMRS FUELHH
2022-02-15T16:30:00Z,Coal,1866.000,Elexon BMRS FUELHH
2022-02-15T16:30:00Z,Gas,14861.000,Elexon BMRS FUELHH
2022-02-15T16:30:00Z,Hydro,720.000,Elexon BMRS FUELHH
2022-02-15T16:30:00Z,Imports & Exports,3452.000,Elexon BMRS FUELHH
2022-02-15T16:30:00Z,Nuclear,4640.000,Elexon BMRS FUELHH
2022-02-15T16:30:00Z,Other,179.000,Elexon BMRS FUELHH
2022-02-15T16:30:00Z,Pumped Storage,390.000,Elexon BMRS FUELHH
2022-02-15T16:30:00Z,Wind,11521.000,Elexon BMRS FUELHH
2022-02-15T17:00:00Z,Biomass,2850.000,Elexon BMRS FUELHH
2022-02-15T17:00:00Z,Coal,1970.000,Elexon BMRS FUELHH
2022-02-15T17:00:00Z,Gas,15427.000,Elexon BMRS FUELHH
2022-02-15T17:00:00Z,Hydro,745.000,Elexon BMRS FUELHH
2022-02-15T17:00:00Z,Imports & Exports,4202.000,Elexon BMRS FUELHH
2022-02-15T17:00:00Z,Nuclear,4666.000,Elexon BMRS FUELHH
2022-02-15T17:00:00Z,Other,232.000,Elexon BMRS FUELHH
2022-02-15T17:00:00Z,Pumped Storage,890.000,Elexon BMRS FUELHH
2022-02-15T17:00:00Z,Wind,11021.000,Elexon BMRS FUELHH
2022-02-15T17:30:00Z,Biomass,2849.000,Elexon BMRS FUELHH
2022-02-15T17:30:00Z,Coal,1946.000,Elexon BMRS FUELHH
2022-02-15T17:30:00Z,Gas,15708.000,Elexon BMRS FUELHH
2022-02-15T17:30:00Z,Hydro,750.000,Elexon BMRS FUELHH
2022-02-15T17:30:00Z,Imports & Exports,4510.000,Elexon BMRS FUELHH
2022-02-15T17:30:00Z,Nuclear,4669.000,Elexon BMRS FUELHH
2022-02-15T17:30:00Z,Other,368.000,Elexon BMRS FUELHH
2022-02-15T17:30:00Z,Pumped Storage,1540.000,Elexon BMRS FUELHH
2022-02-15T17:30:00Z,Wind,10650.000,Elexon BMRS FUELHH
2022-02-15T18:00:00Z,Biomass,2845.000,Elexon BMRS FUELHH
2022-02-15T18:00:00Z,Coal,1571.000,Elexon BMRS FUELHH
2022-02-15T18:00:00Z,Gas,15214.000,Elexon BMRS FUELHH
2022-02-15T18:00:00Z,Hydro,786.000,Elexon BMRS FUELHH
2022-02-15T18:00:00Z,Imports & Exports,4908.000,Elexon BMRS FUELHH
2022-02-15T18:00:00Z,Nuclear,4671.000,Elexon BMRS FUELHH
2022-02-15T18:00:00Z,Other,402.000,Elexon BMRS FUELHH
2022-02-15T18:00:00Z,Pumped Storage,1514.000,Elexon BMRS FUELHH
2022-02-15T18:00:00Z,Wind,10915.000,Elexon BMRS FUELHH
2022-02-15T18:30:00Z,Biomass,2850.000,Elexon BMRS FUELHH
2022-02-15T18:30:00Z,Coal,963.000,Elexon BMRS FUELHH
2022-02-15T18:30:00Z,Gas,15340.000,Elexon BMRS FUELHH
2022-02-15T18:30:00Z,Hydro,787.000,Elexon BMRS FUELHH
2022-02-15T18:30:00Z,Imports & Exports,5130.000,Elexon BMRS FUELHH
2022-02-15T18:30:00Z,Nuclear,4670.000,Elexon BMRS FUELHH
2022-02-15T18:30:00Z,Other,304.000,Elexon BMRS FUELHH
2022-02-15T18:30:00Z,Pumped Storage,1600.000,Elexon BMRS FUELHH
2022-02-15T18:30:00Z,Wind,10655.000,Elexon BMRS FUELHH
2022-02-15T19:00:00Z,Biomass,2843.000,Elexon BMRS FUELHH
2022-02-15T19:00:00Z,Coal,922.000,Elexon BMRS FUELHH
2022-02-15T19:00:00Z,Gas,14932.000,Elexon BMRS FUELHH
2022-02-15T19:00:00Z,Hydro,762.000,Elexon BMRS FUELHH
2022-02-15T19:00:00Z,Imports & Exports,5512.000,Elexon BMRS FUELHH
2022-02-15T19:00:00Z,Nuclear,4672.000,Elexon BMRS FUELHH
2022-02-15T19:00:00Z,Other,203.000,Elexon BMRS FUELHH
2022-02-15T19:00:00Z,Pumped Storage,886.000,Elexon BMRS FUELHH
2022-02-15T19:00:00Z,Wind,10645.000,Elexon BMRS FUELHH
2022-02-15T19:30:00Z,Biomass,2743.000,Elexon BMRS FUELHH
2022-02-15T19:30:00Z,Coal,947.000,Elexon BMRS FUELHH
2022-02-15T19:30:00Z,Gas,14268.000,Elexon BMRS FUELHH
2022-02-15T19:30:00Z,Hydro,751.000,Elexon BMRS FUELHH
2022-02-15T19:30:00Z,Imports & Exports,5692.000,Elexon BMRS FUELHH
2022-02-15T19:30:00Z,Nuclear,4669.000,Elexon BMRS FUELHH
2022-02-15T19:30:00Z,Other,146.000,Elexon BMRS FUELHH
2022-02-15T19:30:00Z,Pumped Storage,392.000,Elexon BMRS FUELHH
2022-02-15T19:30:00Z,Wind,10443.000,Elexon BMRS FUELHH
2022-02-15T20:00:00Z,Biomass,2755.000,Elexon BMRS FUELHH
2022-02-15T20:00:00Z,Coal,1131.000,Elexon BMRS FUELHH
2022-02-15T20:00:00Z,Gas,14264.000,Elexon BMRS FUELHH
2022-02-15T20:00:00Z,Hydro,835.000,Elexon BMRS FUELHH
2022-02-15T20:00:00Z,Imports & Exports,4378.000,Elexon BMRS FUELHH
2022-02-15T20:00:00Z,Nuclear,4672.000,Elexon BMRS FUELHH
2022-02-15T20:00:00Z,Other,136.000,Elexon BMRS FUELHH
2022-02-15T20:00:00Z,Pumped Storage,130.000,Elexon BMRS FUELHH
2022-02-15T20:00:00Z,Wind,10078.000,Elexon BMRS FUELHH
2022-02-15T20:30:00Z,Biomass,2740.000,Elexon BMRS FUELHH
2022-02-15T20:30:00Z,Coal,1155.000,Elexon BMRS FUELHH
2022-02-15T20:30:00Z,Gas,13031.000,Elexon BMRS FUELHH
2022-02-15T20:30:00Z,Hydro,815.000,Elexon BMRS FUELHH
2022-02-15T20:30:00Z,Imports & Exports,4262.000,Elexon BMRS FUELHH
2022-02-15T20:30:00Z,Nuclear,4671.000,Elexon BMRS FUELHH
2022-02-15T20:30:00Z,Other,138.000,Elexon BMRS FUELHH
2022-02-15T20:30:00Z,Pumped Storage,58.000,Elexon BMRS FUELHH
2022-02-15T20:30:00Z,Wind,9845.000,Elexon BMRS FUELHH
2022-02-15T21:00:00Z,Biomass,2577.000,Elexon BMRS FUELHH
2022-02-15T21:00:00Z,Coal,1049.000,Elexon BMRS FUELHH
2022-02-15T21:00:00Z,Gas,10831.000,Elexon BMRS FUELHH
2022-02-15T21:00:00Z,Hydro,683.000,Elexon BMRS FUELHH
2022-02-15T21:00:00Z,Imports & Exports,5254.000,Elexon BMRS FUELHH
2022-02-15T21:00:00Z,Nuclear,4674.000,Elexon BMRS FUELHH
2022-02-15T21:00:00Z,Other,134.000,Elexon BMRS FUELHH
2022-02-15T21:00:00Z,Pumped Storage,-18.000,Elexon BMRS FUELHH
2022-02-15T21:00:00Z,Wind,9888.000,Elexon BMRS FUELHH
2022-02-15T21:30:00Z,Biomass,2512.000,Elexon BMRS FUELHH
2022-02-15T21:30:00Z,Coal,716.000,Elexon BMRS FUELHH
2022-02-15T21:30:00Z,Gas,9062.000,Elexon BMRS FUELHH
2022-02-15T21:30:00Z,Hydro,678.000,Elexon BMRS FUELHH
2022-02-15T21:30:00Z,Imports & Exports,5270.000,Elexon BMRS FUELHH
2022-02-15T21:30:00Z,Nuclear,4672.000,Elexon BMRS FUELHH
2022-02-15T21:30:00Z,Other,128.000,Elexon BMRS FUELHH
2022-02-15T21:30:00Z,Pumped Storage,4.000,Elexon BMRS FUELHH
2022-02-15T21:30:00Z,Wind,9853.000,Elexon BMRS FUELHH
2022-02-15T22:00:00Z,Biomass,2316.000,Elexon BMRS FUELHH
2022-02-15T22:00:00Z,Coal,264.000,Elexon BMRS FUELHH
2022-02-15T22:00:00Z,Gas,8623.000,Elexon BMRS FUELHH
2022-02-15T22:00:00Z,Hydro,648.000,Elexon BMRS FUELHH
2022-02-15T22:00:00Z,Imports & Exports,4258.000,Elexon BMRS FUELHH
2022-02-15T22:00:00Z,Nuclear,4702.000,Elexon BMRS FUELHH
2022-02-15T22:00:00Z,Other,131.000,Elexon BMRS FUELHH
2022-02-15T22:00:00Z,Pumped Storage,-14.000,Elexon BMRS FUELHH
2022-02-15T22:00:00Z,Wind,9803.000,Elexon BMRS FUELHH
2022-02-15T22:30:00Z,Biomass,2221.000,Elexon BMRS FUELHH
2022-02-15T22:30:00Z,Coal,34.000,Elexon BMRS FUELHH
2022-02-15T22:30:00Z,Gas,6719.000,Elexon BMRS FUELHH
2022-02-15T22:30:00Z,Hydro,610.000,Elexon BMRS FUELHH
2022-02-15T22:30:00Z,Imports & Exports,4258.000,Elexon BMRS FUELHH
2022-02-15T22:30:00Z,Nuclear,4764.000,Elexon BMRS FUELHH
2022-02-15T22:30:00Z,Other,130.000,Elexon BMRS FUELHH
2022-02-15T22:30:00Z,Pumped Storage,-48.000,Elexon BMRS FUELHH
2022-02-15T22:30:00Z,Wind,9991.000,Elexon BMRS FUELHH
2022-02-15T23:00:00Z,Biomass,1953.000,Elexon BMRS FUELHH
2022-02-15T23:00:00Z,Coal,0.000,Elexon BMRS FUELHH
2022-02-15T23:00:00Z,Gas,4017.000,Elexon BMRS FUELHH
2022-02-15T23:00:00Z,Hydro,561.000,Elexon BMRS FUELHH
2022-02-15T23:00:00Z,Imports & Exports,5848.000,Elexon BMRS FUELHH
2022-02-15T23:00:00Z,Nuclear,4764.000,Elexon BMRS FUELHH
2022-02-15T23:00:00Z,Other,132.000,Elexon BMRS FUELHH
2022-02-15T23:00:00Z,Pumped Storage,-706.000,Elexon BMRS FUELHH
2022-02-15T23:00:00Z,Wind,9973.000,Elexon BMRS FUELHH
2022-02-15T23:30:00Z,Biomass,1934.000,Elexon BMRS FUELHH
2022-02-15T23:30:00Z,Coal,0.000,Elexon BMRS FUELHH
2022-02-15T23:30:00Z,Gas,2809.000,Elexon BMRS FUELHH
2022-02-15T23:30:00Z,Hydro,515.000,Elexon BMRS FUELHH
2022-02-15T23:30:00Z,Imports & Exports,5908.000,Elexon BMRS FUELHH
2022-02-15T23:30:00Z,Nuclear,4765.000,Elexon BMRS FUELHH
2022-02-15T23:30:00Z,Other,126.000,Elexon BMRS FUELHH
2022-02-15T23:30:00Z,Pumped Storage,-698.000,Elexon BMRS FUELHH
2022-02-15T23:30:00Z,Wind,9883.000,Elexon BMRS FUELHH
2022-02-16T00:00:00Z,Biomass,1925.000,Elexon BMRS FUELHH
2022-02-16T00:00:00Z,Coal,0.000,Elexon BMRS FUELHH
2022-02-16T00:00:00Z,Gas,2623.000,Elexon BMRS FUELHH
2022-02-16T00:00:00Z,Hydro,473.000,Elexon BMRS FUELHH
2022-02-16T00:00:00Z,Imports & Exports,5908.000,Elexon BMRS FUELHH
2022-02-16T00:00:00Z,Nuclear,4766.000,Elexon BMRS FUELHH
2022-02-16T00:00:00Z,Other,126.000,Elexon BMRS FUELHH
2022-02-16T00:00:00Z,Pumped Storage,-748.000,Elexon BMRS FUELHH
2022-02-16T00:00:00Z,Wind,9693.000,Elexon BMRS FUELHH
2022-02-16T00:30:00Z,Biomass,1921.000,Elexon BMRS FUELHH
2022-02-16T00:30:00Z,Coal,0.000,Elexon BMRS FUELHH
2022-02-16T00:30:00Z,Gas,2549.000,Elexon BMRS FUELHH
2022-02-16T00:30:00Z,Hydro,468.000,Elexon BMRS FUELHH
2022-02-16T00:30:00Z,Imports & Exports,5874.000,Elexon BMRS FUELHH
2022-02-16T00:30:00Z,Nuclear,4766.000,Elexon BMRS FUELHH
2022-02-16T00:30:00Z,Other,126.000,Elexon BMRS FUELHH
2022-02-16T00:30:00Z,Pumped Storage,-632.000,Elexon BMRS FUELHH
2022-02-16T00:30:00Z,Wind,10040.000,Elexon BMRS FUELHH
2022-02-16T01:00:00Z,Biomass,1867.000,Elexon BMRS FUELHH
2022-02-16T01:00:00Z,Coal,0.000,Elexon BMRS FUELHH
2022-02-16T01:00:00Z,Gas,2581.000,Elexon BMRS FUELHH
2022-02-16T01:00:00Z,Hydro,431.000,Elexon BMRS FUELHH
2022-02-16T01:00:00Z,Imports & Exports,4660.000,Elexon BMRS FUELHH
2022-02-16T01:00:00Z,Nuclear,4765.000,Elexon BMRS FUELHH
2022-02-16T01:00:00Z,Other,127.000,Elexon BMRS FUELHH
2022-02-16T01:00:00Z,Pumped Storage,-630.000,Elexon BMRS FUELHH
2022-02-16T01:00:00Z,Wind,10750.000,Elexon BMRS FUELHH
2022-02-16T01:30:00Z,Biomass,1748.000,Elexon BMRS FUELHH
2022-02-16T01:30:00Z,Coal,0.000,Elexon BMRS FUELHH
2022-02-16T01:30:00Z,Gas,2432.000,Elexon BMRS FUELHH
2022-02-16T01:30:00Z,Hydro,432.000,Elexon BMRS FUELHH
2022-02-16T01:30:00Z,Imports & Exports,4566.000,Elexon BMRS FUELHH
2022-02-16T01:30:00Z,Nuclear,4771.000,Elexon BMRS FUELHH
2022-02-16T01:30:00Z,Other,126.000,Elexon BMRS FUELHH
2022-02-16T01:30:00Z,Pumped Storage,-1160.000,Elexon BMRS FUELHH
2022-02-16T01:30:00Z,Wind,10826.000,Elexon BMRS FUELHH
2022-02-16T02:00:00Z,Biomass,1695.000,Elexon BMRS FUELHH
2022-02-16T02:00:00Z,Coal,0.000,Elexon BMRS FUELHH
2022-02-16T02:00:00Z,Gas,2362.000,Elexon BMRS FUELHH
2022-02-16T02:00:00Z,Hydro,432.000,Elexon BMRS FUELHH
2022-02-16T02:00:00Z,Imports & Exports,3410.000,Elexon BMRS FUELHH
2022-02-16T02:00:00Z,Nuclear,4770.000,Elexon BMRS FUELHH
2022-02-16T02:00:00Z,Other,126.000,Elexon BMRS FUELHH
2022-02-16T02:00:00Z,Pumped Storage,-1270.000,Elexon BMRS FUELHH
2022-02-16T02:00:00Z,Wind,11434.000,Elexon BMRS FUELHH
2022-02-16T02:30:00Z,Biomass,1707.000,Elexon BMRS FUELHH
2022-02-16T02:30:00Z,Coal,0.000,Elexon BMRS FUELHH
2022-02-16T02:30:00Z,Gas,2412.000,Elexon BMRS FUELHH
2022-02-16T02:30:00Z,Hydro,437.000,Elexon BMRS FUELHH
2022-02-16T02:30:00Z,Imports & Exports,3240.000,Elexon BMRS FUELHH
2022-02-16T02:30:00Z,Nuclear,4769.000,Elexon BMRS FUELHH
2022-02-16T02:30:00Z,Other,128.000,Elexon BMRS FUELHH
2022-02-16T02:30:00Z,Pumped Storage,-1502.000,Elexon BMRS FUELHH
2022-02-16T02:30:00Z,Wind,11192.000,Elexon BMRS FUELHH
2022-02-16T03:00:00Z,Biomass,1766.000,Elexon BMRS FUELHH
2022-02-16T03:00:00Z,Coal,0.000,Elexon BMRS FUELHH
2022-02-16T03:00:00Z,Gas,2915.000,Elexon BMRS FUELHH
2022-02-16T03:00:00Z,Hydro,447.000,Elexon BMRS FUELHH
2022-02-16T03:00:00Z,Imports & Exports,1672.000,Elexon BMRS FUELHH
2022-02-16T03:00:00Z,Nuclear,4766.000,Elexon BMRS FUELHH
2022-02-16T03:00:00Z,Other,141.000,Elexon BMRS FUELHH
2022-02-16T03:00:00Z,Pumped Storage,-1614.000,Elexon BMRS FUELHH
2022-02-16T03:00:00Z,Wind,11716.000,Elexon BMRS FUELHH
2022-02-16T03:30:00Z,Biomass,1932.000,Elexon BMRS FUELHH
2022-02-16T03:30:00Z,Coal,0.000,Elexon BMRS FUELHH
2022-02-16T03:30:00Z,Gas,2470.000,Elexon BMRS FUELHH
2022-02-16T03:30:00Z,Hydro,444.000,Elexon BMRS FUELHH
2022-02-16T03:30:00Z,Imports & Exports,1646.000,Elexon BMRS FUELHH
2022-02-16T03:30:00Z,Nuclear,4768.000,Elexon BMRS FUELHH
2022-02-16T03:30:00Z,Other,130.000,Elexon BMRS FUELHH
2022-02-16T03:30:00Z,Pumped Storage,-1864.000,Elexon BMRS FUELHH
2022-02-16T03:30:00Z,Wind,11974.000,Elexon BMRS FUELHH
2022-02-16T04:00:00Z,Biomass,1938.000,Elexon BMRS FUELHH
2022-02-16T04:00:00Z,Coal,0.000,Elexon BMRS FUELHH
2022-02-16T04:00:00Z,Gas,2420.000,Elexon BMRS FUELHH
2022-02-16T04:00:00Z,Hydro,402.000,Elexon BMRS FUELHH
2022-02-16T04:00:00Z,Imports & Exports,580.000,Elexon BMRS FUELHH
2022-02-16T04:00:00Z,Nuclear,4769.000,Elexon BMRS FUELHH
2022-02-16T04:00:00Z,Other,136.000,Elexon BMRS FUELHH
2022-02-16T04:00:00Z,Pumped Storage,-1792.000,Elexon BMRS FUELHH
2022-02-16T04:00:00Z,Wind,12840.000,Elexon BMRS FUELHH
2022-02-16T04:30:00Z,Biomass,1934.000,Elexon BMRS FUELHH
2022-02-16T04:30:00Z,Coal,0.000,Elexon BMRS FUELHH
2022-02-16T04:30:00Z,Gas,2485.000,Elexon BMRS FUELHH
2022-02-16T04:30:00Z,Hydro,402.000,Elexon BMRS FUELHH
2022-02-16T04:30:00Z,Imports & Exports,594.000,Elexon BMRS FUELHH
2022-02-16T04:30:00Z,Nuclear,4769.000,Elexon BMRS FUELHH
2022-02-16T04:30:00Z,Other,134.000,Elexon BMRS FUELHH
2022-02-16T04:30:00Z,Pumped Storage,-1724.000,Elexon BMRS FUELHH
2022-02-16T04:30:00Z,Wind,12584.000,Elexon BMRS FUELHH
2022-02-16T05:00:00Z,Biomass,1834.000,Elexon BMRS FUELHH
2022-02-16T05:00:00Z,Coal,0.000,Elexon BMRS FUELHH
2022-02-16T05:00:00Z,Gas,2543.000,Elexon BMRS FUELHH
2022-02-16T05:00:00Z,Hydro,400.000,Elexon BMRS FUELHH
2022-02-16T05:00:00Z,Imports & Exports,2406.000,Elexon BMRS FUELHH
2022-02-16T05:00:00Z,Nuclear,4773.000,Elexon BMRS FUELHH
2022-02-16T05:00:00Z,Other,120.000,Elexon BMRS FUELHH
2022-02-16T05:00:00Z,Pumped Storage,-1784.000,Elexon BMRS FUELHH
2022-02-16T05:00:00Z,Wind,11598.000,Elexon BMRS FUELHH
2022-02-16T05:30:00Z,Biomass,1947.000,Elexon BMRS FUELHH
2022-02-16T05:30:00Z,Coal,0.000,Elexon BMRS FUELHH
2022-02-16T05:30:00Z,Gas,2656.000,Elexon BMRS FUELHH
2022-02-16T05:30:00Z,Hydro,402.000,Elexon BMRS FUELHH
2022-02-16T05:30:00Z,Imports & Exports,2476.000,Elexon BMRS FUELHH
2022-02-16T05:30:00Z,Nuclear,4776.000,Elexon BMRS FUELHH
2022-02-16T05:30:00Z,Other,125.000,Elexon BMRS FUELHH
2022-02-16T05:30:00Z,Pumped Storage,-1360.000,Elexon BMRS FUELHH
2022-02-16T05:30:00Z,Wind,11883.000,Elexon BMRS FUELHH
2022-02-16T06:00:00Z,Biomass,1946.000,Elexon BMRS FUELHH
2022-02-16T06:00:00Z,Coal,111.000,Elexon BMRS FUELHH
2022-02-16T06:00:00Z,Gas,2837.000,Elexon BMRS FUELHH
2022-02-16T06:00:00Z,Hydro,537.000,Elexon BMRS FUELHH
2022-02-16T06:00:00Z,Imports & Exports,3344.000,Elexon BMRS FUELHH
2022-02-16T06:00:00Z,Nuclear,4776.000,Elexon BMRS FUELHH
2022-02-16T06:00:00Z,Other,127.000,Elexon BMRS FUELHH
2022-02-16T06:00:00Z,Pumped Storage,-582.000,Elexon BMRS FUELHH
2022-02-16T06:00:00Z,Wind,12509.000,Elexon BMRS FUELHH
2022-02-16T06:30:00Z,Biomass,2035.000,Elexon BMRS FUELHH
2022-02-16T06:30:00Z,Coal,341.000,Elexon BMRS FUELHH
2022-02-16T06:30:00Z,Gas,3934.000,Elexon BMRS FUELHH
2022-02-16T06:30:00Z,Hydro,613.000,Elexon BMRS FUELHH
2022-02-16T06:30:00Z,Imports & Exports,3480.000,Elexon BMRS FUELHH
2022-02-16T06:30:00Z,Nuclear,4772.000,Elexon BMRS FUELHH
2022-02-16T06:30:00Z,Other,142.000,Elexon BMRS FUELHH
2022-02-16T06:30:00Z,Pumped Storage,156.000,Elexon BMRS FUELHH
2022-02-16T06:30:00Z,Wind,12749.000,Elexon BMRS FUELHH
2022-02-16T07:00:00Z,Biomass,2165.000,Elexon BMRS FUELHH
2022-02-16T07:00:00Z,Coal,280.000,Elexon BMRS FUELHH
2022-02-16T07:00:00Z,Gas,5183.000,Elexon BMRS FUELHH
2022-02-16T07:00:00Z,Hydro,689.000,Elexon BMRS FUELHH
2022-02-16T07:00:00Z,Imports & Exports,4690.000,Elexon BMRS FUELHH
2022-02-16T07:00:00Z,Nuclear,4772.000,Elexon BMRS FUELHH
2022-02-16T07:00:00Z,Other,124.000,Elexon BMRS FUELHH
2022-02-16T07:00:00Z,Pumped Storage,-18.000,Elexon BMRS FUELHH
2022-02-16T07:00:00Z,Wind,12856.000,Elexon BMRS FUELHH
2022-02-16T07:30:00Z,Biomass,2205.000,Elexon BMRS FUELHH
2022-02-16T07:30:00Z,Coal,309.000,Elexon BMRS FUELHH
2022-02-16T07:30:00Z,Gas,6520.000,Elexon BMRS FUELHH
2022-02-16T07:30:00Z,Hydro,790.000,Elexon BMRS FUELHH
2022-02-16T07:30:00Z,Imports & Exports,4574.000,Elexon BMRS FUELHH
2022-02-16T07:30:00Z,Nuclear,4771.000,Elexon BMRS FUELHH
2022-02-16T07:30:00Z,Other,130.000,Elexon BMRS FUELHH
2022-02-16T07:30:00Z,Pumped Storage,-22.000,Elexon BMRS FUELHH
2022-02-16T07:30:00Z,Wind,12946.000,Elexon BMRS FUELHH
2022-02-16T08:00:00Z,Biomass,2206.000,Elexon BMRS FUELHH
2022-02-16T08:00:00Z,Coal,350.000,Elexon BMRS FUELHH
2022-02-16T08:00:00Z,Gas,7194.000,Elexon BMRS FUELHH
2022-02-16T08:00:00Z,Hydro,792.000,Elexon BMRS FUELHH
2022-02-16T08:00:00Z,Imports & Exports,5014.000,Elexon BMRS FUELHH
2022-02-16T08:00:00Z,Nuclear,4770.000,Elexon BMRS FUELHH
2022-02-16T08:00:00Z,Other,124.000,Elexon BMRS FUELHH
2022-02-16T08:00:00Z,Pumped Storage,-20.000,Elexon BMRS FUELHH
2022-02-16T08:00:00Z,Wind,12980.000,Elexon BMRS FUELHH
2022-02-16T08:30:00Z,Biomass,2119.000,Elexon BMRS FUELHH
2022-02-16T08:30:00Z,Coal,342.000,Elexon BMRS FUELHH
2022-02-16T08:30:00Z,Gas,7129.000,Elexon BMRS FUELHH
2022-02-16T08:30:00Z,Hydro,754.000,Elexon BMRS FUELHH
2022-02-16T08:30:00Z,Imports & Exports,5106.000,Elexon BMRS FUELHH
2022-02-16T08:30:00Z,Nuclear,4769.000,Elexon BMRS FUELHH
2022-02-16T08:30:00Z,Other,127.000,Elexon BMRS FUELHH
2022-02-16T08:30:00Z,Pumped Storage,126.000,Elexon BMRS FUELHH
2022-02-16T08:30:00Z,Wind,13063.000,Elexon BMRS FUELHH
2022-02-16T09:00:00Z,Biomass,2022.000,Elexon BMRS FUELHH
2022-02-16T09:00:00Z,Coal,326.000,Elexon BMRS FUELHH
2022-02-16T09:00:00Z,Gas,7389.000,Elexon BMRS FUELHH
2022-02-16T09:00:00Z,Hydro,738.000,Elexon BMRS FUELHH
2022-02-16T09:00:00Z,Imports & Exports,5292.000,Elexon BMRS FUELHH
2022-02-16T09:00:00Z,Nuclear,4767.000,Elexon BMRS FUELHH
2022-02-16T09:00:00Z,Other,124.000,Elexon BMRS FUELHH
2022-02-16T09:00:00Z,Pumped Storage,126.000,Elexon BMRS FUELHH
2022-02-16T09:00:00Z,Wind,12904.000,Elexon BMRS FUELHH
2022-02-16T09:30:00Z,Biomass,1983.000,Elexon BMRS FUELHH
2022-02-16T09:30:00Z,Coal,247.000,Elexon BMRS FUELHH
2022-02-16T09:30:00Z,Gas,7533.000,Elexon BMRS FUELHH
2022-02-16T09:30:00Z,Hydro,762.000,Elexon BMRS FUELHH
2022-02-16T09:30:00Z,Imports & Exports,5164.000,Elexon BMRS FUELHH
2022-02-16T09:30:00Z,Nuclear,4770.000,Elexon BMRS FUELHH
2022-02-16T09:30:00Z,Other,125.000,Elexon BMRS FUELHH
2022-02-16T09:30:00Z,Pumped Storage,126.000,Elexon BMRS FUELHH
2022-02-16T09:30:00Z,Wind,12601.000,Elexon BMRS FUELHH
2022-02-16T10:00:00Z,Biomass,1980.000,Elexon BMRS FUELHH
2022-02-16T10:00:00Z,Coal,230.000,Elexon BMRS FUELHH
2022-02-16T10:00:00Z,Gas,7464.000,Elexon BMRS FUELHH
2022-02-16T10:00:00Z,Hydro,757.000,Elexon BMRS FUELHH
2022-02-16T10:00:00Z,Imports & Exports,5334.000,Elexon BMRS FUELHH
2022-02-16T10:00:00Z,Nuclear,4771.000,Elexon BMRS FUELHH
2022-02-16T10:00:00Z,Other,132.000,Elexon BMRS FUELHH
2022-02-16T10:00:00Z,Pumped Storage,132.000,Elexon BMRS FUELHH
2022-02-16T10:00:00Z,Wind,12409.000,Elexon BMRS FUELHH
2022-02-16T10:30:00Z,Biomass,2026.000,Elexon BMRS FUELHH
2022-02-16T10:30:00Z,Coal,231.000,Elexon BMRS FUELHH
2022-02-16T10:30:00Z,Gas,7093.000,Elexon BMRS FUELHH
2022-02-16T10:30:00Z,Hydro,823.000,Elexon BMRS FUELHH
2022-02-16T10:30:00Z,Imports & Exports,5350.000,Elexon BMRS FUELHH
2022-02-16T10:30:00Z,Nuclear,4767.000,Elexon BMRS FUELHH
2022-02-16T10:30:00Z,Other,174.000,Elexon BMRS FUELHH
2022-02-16T10:30:00Z,Pumped Storage,226.000,Elexon BMRS FUELHH
2022-02-16T10:30:00Z,Wind,12344.000,Elexon BMRS FUELHH
2022-02-16T11:00:00Z,Biomass,1987.000,Elexon BMRS FUELHH
2022-02-16T11:00:00Z,Coal,232.000,Elexon BMRS FUELHH
2022-02-16T11:00:00Z,Gas,7047.000,Elexon BMRS FUELHH
2022-02-16T11:00:00Z,Hydro,807.000,Elexon BMRS FUELHH
2022-02-16T11:00:00Z,Imports & Exports,5436.000,Elexon BMRS FUELHH
2022-02-16T11:00:00Z,Nuclear,4766.000,Elexon BMRS FUELHH
2022-02-16T11:00:00Z,Other,143.000,Elexon BMRS FUELHH
2022-02-16T11:00:00Z,Pumped Storage,588.000,Elexon BMRS FUELHH
2022-02-16T11:00:00Z,Wind,12004.000,Elexon BMRS FUELHH
2022-02-16T11:30:00Z,Biomass,1984.000,Elexon BMRS FUELHH
2022-02-16T11:30:00Z,Coal,232.000,Elexon BMRS FUELHH
2022-02-16T11:30:00Z,Gas,7452.000,Elexon BMRS FUELHH
2022-02-16T11:30:00Z,Hydro,807.000,Elexon BMRS FUELHH
2022-02-16T11:30:00Z,Imports & Exports,5550.000,Elexon BMRS FUELHH
2022-02-16T11:30:00Z,Nuclear,4834.000,Elexon BMRS FUELHH
2022-02-16T11:30:00Z,Other,135.000,Elexon BMRS FUELHH
2022-02-16T11:30:00Z,Pumped Storage,738.000,Elexon BMRS FUELHH
2022-02-16T11:30:00Z,Wind,11795.000,Elexon BMRS FUELHH
2022-02-16T12:00:00Z,Biomass,2072.000,Elexon BMRS FUELHH
2022-02-16T12:00:00Z,Coal,280.000,Elexon BMRS FUELHH
2022-02-16T12:00:00Z,Gas,7661.000,Elexon BMRS FUELHH
2022-02-16T12:00:00Z,Hydro,809.000,Elexon BMRS FUELHH
2022-02-16T12:00:00Z,Imports & Exports,5622.000,Elexon BMRS FUELHH
2022-02-16T12:00:00Z,Nuclear,4850.000,Elexon BMRS FUELHH
2022-02-16T12:00:00Z,Other,167.000,Elexon BMRS FUELHH
2022-02-16T12:00:00Z,Pumped Storage,1042.000,Elexon BMRS FUELHH
2022-02-16T12:00:00Z,Wind,11558.000,Elexon BMRS FUELHH
2022-02-16T12:30:00Z,Biomass,2117.000,Elexon BMRS FUELHH
2022-02-16T12:30:00Z,Coal,408.000,Elexon BMRS FUELHH
2022-02-16T12:30:00Z,Gas,7791.000,Elexon BMRS FUELHH
2022-02-16T12:30:00Z,Hydro,806.000,Elexon BMRS FUELHH
2022-02-16T12:30:00Z,Imports & Exports,5674.000,Elexon BMRS FUELHH
2022-02-16T12:30:00Z,Nuclear,4848.000,Elexon BMRS FUELHH
2022-02-16T12:30:00Z,Other,151.000,Elexon BMRS FUELHH
2022-02-16T12:30:00Z,Pumped Storage,964.000,Elexon BMRS FUELHH
2022-02-16T12:30:00Z,Wind,11544.000,Elexon BMRS FUELHH
2022-02-16T13:00:00Z,Biomass,2093.000,Elexon BMRS FUELHH
2022-02-16T13:00:00Z,Coal,725.000,Elexon BMRS FUELHH
2022-02-16T13:00:00Z,Gas,8006.000,Elexon BMRS FUELHH
2022-02-16T13:00:00Z,Hydro,828.000,Elexon BMRS FUELHH
2022-02-16T13:00:00Z,Imports & Exports,5272.000,Elexon BMRS FUELHH
2022-02-16T13:00:00Z,Nuclear,4846.000,Elexon BMRS FUELHH
2022-02-16T13:00:00Z,Other,215.000,Elexon BMRS FUELHH
2022-02-16T13:00:00Z,Pumped Storage,1100.000,Elexon BMRS FUELHH
2022-02-16T13:00:00Z,Wind,11773.000,Elexon BMRS FUELHH
2022-02-16T13:30:00Z,Biomass,2075.000,Elexon BMRS FUELHH
2022-02-16T13:30:00Z,Coal,934.000,Elexon BMRS FUELHH
2022-02-16T13:30:00Z,Gas,7986.000,Elexon BMRS FUELHH
2022-02-16T13:30:00Z,Hydro,903.000,Elexon BMRS FUELHH
2022-02-16T13:30:00Z,Imports & Exports,5320.000,Elexon BMRS FUELHH
2022-02-16T13:30:00Z,Nuclear,4849.000,Elexon BMRS FUELHH
2022-02-16T13:30:00Z,Other,207.000,Elexon BMRS FUELHH
2022-02-16T13:30:00Z,Pumped Storage,552.000,Elexon BMRS FUELHH
2022-02-16T13:30:00Z,Wind,11996.000,Elexon BMRS FUELHH
2022-02-16T14:00:00Z,Biomass,2090.000,Elexon BMRS FUELHH
2022-02-16T14:00:00Z,Coal,997.000,Elexon BMRS FUELHH
2022-02-16T14:00:00Z,Gas,7927.000,Elexon BMRS FUELHH
2022-02-16T14:00:00Z,Hydro,909.000,Elexon BMRS FUELHH
2022-02-16T14:00:00Z,Imports & Exports,5268.000,Elexon BMRS FUELHH
2022-02-16T14:00:00Z,Nuclear,4852.000,Elexon BMRS FUELHH
2022-02-16T14:00:00Z,Other,158.000,Elexon BMRS FUELHH
2022-02-16T14:00:00Z,Pumped Storage,540.000,Elexon BMRS FUELHH
2022-02-16T14:00:00Z,Wind,12161.000,Elexon BMRS FUELHH
2022-02-16T14:30:00Z,Biomass,2106.000,Elexon BMRS FUELHH
2022-02-16T14:30:00Z,Coal,905.000,Elexon BMRS FUELHH
2022-02-16T14:30:00Z,Gas,7641.000,Elexon BMRS FUELHH
2022-02-16T14:30:00Z,Hydro,908.000,Elexon BMRS FUELHH
2022-02-16T14:30:00Z,Imports & Exports,5188.000,Elexon BMRS FUELHH
2022-02-16T14:30:00Z,Nuclear,4855.000,Elexon BMRS FUELHH
2022-02-16T14:30:00Z,Other,140.000,Elexon BMRS FUELHH
2022-02-16T14:30:00Z,Pumped Storage,336.000,Elexon BMRS FUELHH
2022-02-16T14:30:00Z,Wind,12297.000,Elexon BMRS FUELHH
2022-02-16T15:00:00Z,Biomass,2137.000,Elexon BMRS FUELHH
2022-02-16T15:00:00Z,Coal,806.000,Elexon BMRS FUELHH
2022-02-16T15:00:00Z,Gas,8243.000,Elexon BMRS FUELHH
2022-02-16T15:00:00Z,Hydro,865.000,Elexon BMRS FUELHH
2022-02-16T15:00:00Z,Imports & Exports,5348.000,Elexon BMRS FUELHH
2022-02-16T15:00:00Z,Nuclear,4865.000,Elexon BMRS FUELHH
2022-02-16T15:00:00Z,Other,154.000,Elexon BMRS FUELHH
2022-02-16T15:00:00Z,Pumped Storage,408.000,Elexon BMRS FUELHH
2022-02-16T15:00:00Z,Wind,12231.000,Elexon BMRS FUELHH
2022-02-16T15:30:00Z,Biomass,2148.000,Elexon BMRS FUELHH
2022-02-16T15:30:00Z,Coal,827.000,Elexon BMRS FUELHH
2022-02-16T15:30:00Z,Gas,8286.000,Elexon BMRS FUELHH
2022-02-16T15:30:00Z,Hydro,871.000,Elexon BMRS FUELHH
2022-02-16T15:30:00Z,Imports & Exports,5384.000,Elexon BMRS FUELHH
2022-02-16T15:30:00Z,Nuclear,4867.000,Elexon BMRS FUELHH
2022-02-16T15:30:00Z,Other,160.000,Elexon BMRS FUELHH
2022-02-16T15:30:00Z,Pumped Storage,336.000,Elexon BMRS FUELHH
2022-02-16T15:30:00Z,Wind,12930.000,Elexon BMRS FUELHH
2022-02-16T16:00:00Z,Biomass,2038.000,Elexon BMRS FUELHH
2022-02-16T16:00:00Z,Coal,1026.000,Elexon BMRS FUELHH
2022-02-16T16:00:00Z,Gas,8112.000,Elexon BMRS FUELHH
2022-02-16T16:00:00Z,Hydro,947.000,Elexon BMRS FUELHH
2022-02-16T16:00:00Z,Imports & Exports,5708.000,Elexon BMRS FUELHH
2022-02-16T16:00:00Z,Nuclear,4859.000,Elexon BMRS FUELHH
2022-02-16T16:00:00Z,Other,204.000,Elexon BMRS FUELHH
2022-02-16T16:00:00Z,Pumped Storage,306.000,Elexon BMRS FUELHH
2022-02-16T16:00:00Z,Wind,13302.000,Elexon BMRS FUELHH
2022-02-16T16:30:00Z,Biomass,2145.000,Elexon BMRS FUELHH
2022-02-16T16:30:00Z,Coal,1128.000,Elexon BMRS FUELHH
2022-02-16T16:30:00Z,Gas,8705.000,Elexon BMRS FUELHH
2022-02-16T16:30:00Z,Hydro,913.000,Elexon BMRS FUELHH
2022-02-16T16:30:00Z,Imports & Exports,5756.000,Elexon BMRS FUELHH
2022-02-16T16:30:00Z,Nuclear,4860.000,Elexon BMRS FUELHH
2022-02-16T16:30:00Z,Other,223.000,Elexon BMRS FUELHH
2022-02-16T16:30:00Z,Pumped Storage,688.000,Elexon BMRS FUELHH
2022-02-16T16:30:00Z,Wind,13374.000,Elexon BMRS FUELHH
2022-02-16T17:00:00Z,Biomass,2191.000,Elexon BMRS FUELHH
2022-02-16T17:00:00Z,Coal,1164.000,Elexon BMRS FUELHH
2022-02-16T17:00:00Z,Gas,8512.000,Elexon BMRS FUELHH
2022-02-16T17:00:00Z,Hydro,872.000,Elexon BMRS FUELHH
2022-02-16T17:00:00Z,Imports & Exports,5728.000,Elexon BMRS FUELHH
2022-02-16T17:00:00Z,Nuclear,4858.000,Elexon BMRS FUELHH
2022-02-16T17:00:00Z,Other,344.000,Elexon BMRS FUELHH
2022-02-16T17:00:00Z,Pumped Storage,1780.000,Elexon BMRS FUELHH
2022-02-16T17:00:00Z,Wind,13508.000,Elexon BMRS FUELHH
2022-02-16T17:30:00Z,Biomass,2196.000,Elexon BMRS FUELHH
2022-02-16T17:30:00Z,Coal,1349.000,Elexon BMRS FUELHH
2022-02-16T17:30:00Z,Gas,8884.000,Elexon BMRS FUELHH
2022-02-16T17:30:00Z,Hydro,954.000,Elexon BMRS FUELHH
2022-02-16T17:30:00Z,Imports & Exports,5776.000,Elexon BMRS FUELHH
2022-02-16T17:30:00Z,Nuclear,4864.000,Elexon BMRS FUELHH
2022-02-16T17:30:00Z,Other,388.000,Elexon BMRS FUELHH
2022-02-16T17:30:00Z,Pumped Storage,2200.000,Elexon BMRS FUELHH
2022-02-16T17:30:00Z,Wind,13105.000,Elexon BMRS FUELHH
2022-02-16T18:00:00Z,Biomass,2177.000,Elexon BMRS FUELHH
2022-02-16T18:00:00Z,Coal,1368.000,Elexon BMRS FUELHH
2022-02-16T18:00:00Z,Gas,9565.000,Elexon BMRS FUELHH
2022-02-16T18:00:00Z,Hydro,984.000,Elexon BMRS FUELHH
2022-02-16T18:00:00Z,Imports & Exports,5528.000,Elexon BMRS FUELHH
2022-02-16T18:00:00Z,Nuclear,4901.000,Elexon BMRS FUELHH
2022-02-16T18:00:00Z,Other,443.000,Elexon BMRS FUELHH
2022-02-16T18:00:00Z,Pumped Storage,2186.000,Elexon BMRS FUELHH
2022-02-16T18:00:00Z,Wind,12501.000,Elexon BMRS FUELHH
2022-02-16T18:30:00Z,Biomass,2163.000,Elexon BMRS FUELHH
2022-02-16T18:30:00Z,Coal,1371.000,Elexon BMRS FUELHH
2022-02-16T18:30:00Z,Gas,9326.000,Elexon BMRS FUELHH
2022-02-16T18:30:00Z,Hydro,984.000,Elexon BMRS FUELHH
2022-02-16T18:30:00Z,Imports & Exports,5452.000,Elexon BMRS FUELHH
2022-02-16T18:30:00Z,Nuclear,4911.000,Elexon BMRS FUELHH
2022-02-16T18:30:00Z,Other,402.000,Elexon BMRS FUELHH
2022-02-16T18:30:00Z,Pumped Storage,1900.000,Elexon BMRS FUELHH
2022-02-16T18:30:00Z,Wind,12643.000,Elexon BMRS FUELHH
2022-02-16T19:00:00Z,Biomass,2164.000,Elexon BMRS FUELHH
2022-02-16T19:00:00Z,Coal,1365.000,Elexon BMRS FUELHH
2022-02-16T19:00:00Z,Gas,8619.000,Elexon BMRS FUELHH
2022-02-16T19:00:00Z,Hydro,958.000,Elexon BMRS FUELHH
2022-02-16T19:00:00Z,Imports & Exports,5644.000,Elexon BMRS FUELHH
2022-02-16T19:00:00Z,Nuclear,4916.000,Elexon BMRS FUELHH
2022-02-16T19:00:00Z,Other,275.000,Elexon BMRS FUELHH
2022-02-16T19:00:00Z,Pumped Storage,1672.000,Elexon BMRS FUELHH
2022-02-16T19:00:00Z,Wind,11972.000,Elexon BMRS FUELHH
2022-02-16T19:30:00Z,Biomass,2165.000,Elexon BMRS FUELHH
2022-02-16T19:30:00Z,Coal,1368.000,Elexon BMRS FUELHH
2022-02-16T19:30:00Z,Gas,7992.000,Elexon BMRS FUELHH
2022-02-16T19:30:00Z,Hydro,803.000,Elexon BMRS FUELHH
2022-02-16T19:30:00Z,Imports & Exports,5590.000,Elexon BMRS FUELHH
2022-02-16T19:30:00Z,Nuclear,4916.000,Elexon BMRS FUELHH
2022-02-16T19:30:00Z,Other,345.000,Elexon BMRS FUELHH
2022-02-16T19:30:00Z,Pumped Storage,920.000,Elexon BMRS FUELHH
2022-02-16T19:30:00Z,Wind,12006.000,Elexon BMRS FUELHH
2022-02-16T20:00:00Z,Biomass,2162.000,Elexon BMRS FUELHH
2022-02-16T20:00:00Z,Coal,1213.000,Elexon BMRS FUELHH
2022-02-16T20:00:00Z,Gas,7190.000,Elexon BMRS FUELHH
2022-02-16T20:00:00Z,Hydro,705.000,Elexon BMRS FUELHH
2022-02-16T20:00:00Z,Imports & Exports,5712.000,Elexon BMRS FUELHH
2022-02-16T20:00:00Z,Nuclear,4916.000,Elexon BMRS FUELHH
2022-02-16T20:00:00Z,Other,263.000,Elexon BMRS FUELHH
2022-02-16T20:00:00Z,Pumped Storage,92.000,Elexon BMRS FUELHH
2022-02-16T20:00:00Z,Wind,12585.000,Elexon BMRS FUELHH
2022-02-16T20:30:00Z,Biomass,2096.000,Elexon BMRS FUELHH
2022-02-16T20:30:00Z,Coal,820.000,Elexon BMRS FUELHH
2022-02-16T20:30:00Z,Gas,5984.000,Elexon BMRS FUELHH
2022-02-16T20:30:00Z,Hydro,705.000,Elexon BMRS FUELHH
2022-02-16T20:30:00Z,Imports & Exports,5584.000,Elexon BMRS FUELHH
2022-02-16T20:30:00Z,Nuclear,4919.000,Elexon BMRS FUELHH
2022-02-16T20:30:00Z,Other,285.000,Elexon BMRS FUELHH
2022-02-16T20:30:00Z,Pumped Storage,32.000,Elexon BMRS FUELHH
2022-02-16T20:30:00Z,Wind,12857.000,Elexon BMRS FUELHH
2022-02-16T21:00:00Z,Biomass,2126.000,Elexon BMRS FUELHH
2022-02-16T21:00:00Z,Coal,484.000,Elexon BMRS FUELHH
2022-02-16T21:00:00Z,Gas,5262.000,Elexon BMRS FUELHH
2022-02-16T21:00:00Z,Hydro,680.000,Elexon BMRS FUELHH
2022-02-16T21:00:00Z,Imports & Exports,4866.000,Elexon BMRS FUELHH
2022-02-16T21:00:00Z,Nuclear,4947.000,Elexon BMRS FUELHH
2022-02-16T21:00:00Z,Other,299.000,Elexon BMRS FUELHH
2022-02-16T21:00:00Z,Pumped Storage,-14.000,Elexon BMRS FUELHH
2022-02-16T21:00:00Z,Wind,13038.000,Elexon BMRS FUELHH
2022-02-16T21:30:00Z,Biomass,1864.000,Elexon BMRS FUELHH
2022-02-16T21:30:00Z,Coal,243.000,Elexon BMRS FUELHH
2022-02-16T21:30:00Z,Gas,4096.000,Elexon BMRS FUELHH
2022-02-16T21:30:00Z,Hydro,580.000,Elexon BMRS FUELHH
2022-02-16T21:30:00Z,Imports & Exports,4866.000,Elexon BMRS FUELHH
2022-02-16T21:30:00Z,Nuclear,4962.000,Elexon BMRS FUELHH
2022-02-16T21:30:00Z,Other,292.000,Elexon BMRS FUELHH
2022-02-16T21:30:00Z,Pumped Storage,-16.000,Elexon BMRS FUELHH
2022-02-16T21:30:00Z,Wind,13230.000,Elexon BMRS FUELHH
2022-02-16T22:00:00Z,Biomass,1788.000,Elexon BMRS FUELHH
2022-02-16T22:00:00Z,Coal,0.000,Elexon BMRS FUELHH
2022-02-16T22:00:00Z,Gas,3798.000,Elexon BMRS FUELHH
2022-02-16T22:00:00Z,Hydro,586.000,Elexon BMRS FUELHH
2022-02-16T22:00:00Z,Imports & Exports,3398.000,Elexon BMRS FUELHH
2022-02-16T22:00:00Z,Nuclear,4984.000,Elexon BMRS FUELHH
2022-02-16T22:00:00Z,Other,300.000,Elexon BMRS FUELHH
2022-02-16T22:00:00Z,Pumped Storage,-14.000,Elexon BMRS FUELHH
2022-02-16T22:00:00Z,Wind,13189.000,Elexon BMRS FUELHH
2022-02-16T22:30:00Z,Biomass,1642.000,Elexon BMRS FUELHH
2022-02-16T22:30:00Z,Coal,0.000,Elexon BMRS FUELHH
2022-02-16T22:30:00Z,Gas,3228.000,Elexon BMRS FUELHH
2022-02-16T22:30:00Z,Hydro,480.000,Elexon BMRS FUELHH
2022-02-16T22:30:00Z,Imports & Exports,3060.000,Elexon BMRS FUELHH
2022-02-16T22:30:00Z,Nuclear,4991.000,Elexon BMRS FUELHH
2022-02-16T22:30:00Z,Other,271.000,Elexon BMRS FUELHH
2022-02-16T22:30:00Z,Pumped Storage,-330.000,Elexon BMRS FUELHH
2022-02-16T22:30:00Z,Wind,12987.000,Elexon BMRS FUELHH
2022-02-16T23:00:00Z,Biomass,1674.000,Elexon BMRS FUELHH
2022-02-16T23:00:00Z,Coal,0.000,Elexon BMRS FUELHH
2022-02-16T23:00:00Z,Gas,3280.000,Elexon BMRS FUELHH
2022-02-16T23:00:00Z,Hydro,472.000,Elexon BMRS FUELHH
2022-02-16T23:00:00Z,Imports & Exports,1470.000,Elexon BMRS FUELHH
2022-02-16T23:00:00Z,Nuclear,5001.000,Elexon BMRS FUELHH
2022-02-16T23:00:00Z,Other,271.000,Elexon BMRS FUELHH
2022-02-16T23:00:00Z,Pumped Storage,-944.000,Elexon BMRS FUELHH
2022-02-16T23:00:00Z,Wind,13253.000,Elexon BMRS FUELHH
2022-02-16T23:30:00Z,Biomass,1423.000,Elexon BMRS FUELHH
2022-02-16T23:30:00Z,Coal,0.000,Elexon BMRS FUELHH
2022-02-16T23:30:00Z,Gas,3022.000,Elexon BMRS FUELHH
2022-02-16T23:30:00Z,Hydro,469.000,Elexon BMRS FUELHH
2022-02-16T23:30:00Z,Imports & Exports,1222.000,Elexon BMRS FUELHH
2022-02-16T23:30:00Z,Nuclear,5009.000,Elexon BMRS FUELHH
2022-02-16T23:30:00Z,Other,276.000,Elexon BMRS FUELHH
2022-02-16T23:30:00Z,Pumped Storage,-1294.000,Elexon BMRS FUELHH
2022-02-16T23:30:00Z,Wind,13437.000,Elexon BMRS FUELHH
2022-02-17T00:00:00Z,Biomass,1212.000,Elexon BMRS FUELHH
2022-02-17T00:00:00Z,Coal,0.000,Elexon BMRS FUELHH
2022-02-17T00:00:00Z,Gas,2866.000,Elexon BMRS FUELHH
2022-02-17T00:00:00Z,Hydro,474.000,Elexon BMRS FUELHH
2022-02-17T00:00:00Z,Imports & Exports,1098.000,Elexon BMRS FUELHH
2022-02-17T00:00:00Z,Nuclear,5010.000,Elexon BMRS FUELHH
2022-02-17T00:00:00Z,Other,282.000,Elexon BMRS FUELHH
2022-02-17T00:00:00Z,Pumped Storage,-1192.000,Elexon BMRS FUELHH
2022-02-17T00:00:00Z,Wind,13536.000,Elexon BMRS FUELHH
2022-02-17T00:30:00Z,Biomass,1211.000,Elexon BMRS FUELHH
2022-02-17T00:30:00Z,Coal,0.000,Elexon BMRS FUELHH
2022-02-17T00:30:00Z,Gas,3103.000,Elexon BMRS FUELHH
2022-02-17T00:30:00Z,Hydro,546.000,Elexon BMRS FUELHH
2022-02-17T00:30:00Z,Imports & Exports,1234.000,Elexon BMRS FUELHH
2022-02-17T00:30:00Z,Nuclear,5072.000,Elexon BMRS FUELHH
2022-02-17T00:30:00Z,Other,286.000,Elexon BMRS FUELHH
2022-02-17T00:30:00Z,Pumped Storage,-1280.000,Elexon BMRS FUELHH
2022-02-17T00:30:00Z,Wind,13664.000,Elexon BMRS FUELHH
2022-02-17T01:00:00Z,Biomass,1252.000,Elexon BMRS FUELHH
2022-02-17T01:00:00Z,Coal,0.000,Elexon BMRS FUELHH
2022-02-17T01:00:00Z,Gas,3009.000,Elexon BMRS FUELHH
2022-02-17T01:00:00Z,Hydro,633.000,Elexon BMRS FUELHH
2022-02-17T01:00:00Z,Imports & Exports,1178.000,Elexon BMRS FUELHH
2022-02-17T01:00:00Z,Nuclear,5110.000,Elexon BMRS FUELHH
2022-02-17T01:00:00Z,Other,248.000,Elexon BMRS FUELHH
2022-02-17T01:00:00Z,Pumped Storage,-1728.000,Elexon BMRS FUELHH
2022-02-17T01:00:00Z,Wind,13824.000,Elexon BMRS FUELHH
2022-02-17T01:30:00Z,Biomass,1263.000,Elexon BMRS FUELHH
2022-02-17T01:30:00Z,Coal,0.000,Elexon BMRS FUELHH
2022-02-17T01:30:00Z,Gas,2655.000,Elexon BMRS FUELHH
2022-02-17T01:30:00Z,Hydro,599.000,Elexon BMRS FUELHH
2022-02-17T01:30:00Z,Imports & Exports,988.000,Elexon BMRS FUELHH
2022-02-17T01:30:00Z,Nuclear,5113.000,Elexon BMRS FUELHH
2022-02-17T01:30:00Z,Other,201.000,Elexon BMRS FUELHH
2022-02-17T01:30:00Z,Pumped Storage,-1876.000,Elexon BMRS FUELHH
2022-02-17T01:30:00Z,Wind,14000.000,Elexon BMRS FUELHH
2022-02-17T02:00:00Z,Biomass,1291.000,Elexon BMRS FUELHH
2022-02-17T02:00:00Z,Coal,0.000,Elexon BMRS FUELHH
2022-02-17T02:00:00Z,Gas,2540.000,Elexon BMRS FUELHH
2022-02-17T02:00:00Z,Hydro,498.000,Elexon BMRS FUELHH
2022-02-17T02:00:00Z,Imports & Exports,714.000,Elexon BMRS FUELHH
2022-02-17T02:00:00Z,Nuclear,5113.000,Elexon BMRS FUELHH
2022-02-17T02:00:00Z,Other,201.000,Elexon BMRS FUELHH
2022-02-17T02:00:00Z,Pumped Storage,-1864.000,Elexon BMRS FUELHH
2022-02-17T02:00:00Z,Wind,13732.000,Elexon BMRS FUELHH
2022-02-17T02:30:00Z,Biomass,1294.000,Elexon BMRS FUELHH
2022-02-17T02:30:00Z,Coal,0.000,Elexon BMRS FUELHH
2022-02-17T02:30:00Z,Gas,2522.000,Elexon BMRS FUELHH
2022-02-17T02:30:00Z,Hydro,509.000,Elexon BMRS FUELHH
2022-02-17T02:30:00Z,Imports & Exports,632.000,Elexon BMRS FUELHH
2022-02-17T02:30:00Z,Nuclear,5121.000,Elexon BMRS FUELHH
2022-02-17T02:30:00Z,Other,205.000,Elexon BMRS FUELHH
2022-02-17T02:30:00Z,Pumped Storage,-1950.000,Elexon BMRS FUELHH
2022-02-17T02:30:00Z,Wind,13487.000,Elexon BMRS FUELHH
2022-02-17T03:00:00Z,Biomass,1304.000,Elexon BMRS FUELHH
2022-02-17T03:00:00Z,Coal,0.000,Elexon BMRS FUELHH
2022-02-17T03:00:00Z,Gas,2777.000,Elexon BMRS FUELHH
2022-02-17T03:00:00Z,Hydro,637.000,Elexon BMRS FUELHH
2022-02-17T03:00:00Z,Imports & Exports,-762.000,Elexon BMRS FUELHH
2022-02-17T03:00:00Z,Nuclear,5205.000,Elexon BMRS FUELHH
2022-02-17T03:00:00Z,Other,204.000,Elexon BMRS FUELHH
2022-02-17T03:00:00Z,Pumped Storage,-1880.000,Elexon BMRS FUELHH
2022-02-17T03:00:00Z,Wind,14002.000,Elexon BMRS FUELHH
2022-02-17T03:30:00Z,Biomass,1281.000,Elexon BMRS FUELHH
2022-02-17T03:30:00Z,Coal,0.000,Elexon BMRS FUELHH
2022-02-17T03:30:00Z,Gas,2559.000,Elexon BMRS FUELHH
2022-02-17T03:30:00Z,Hydro,515.000,Elexon BMRS FUELHH
2022-02-17T03:30:00Z,Imports & Exports,-974.000,Elexon BMRS FUELHH
2022-02-17T03:30:00Z,Nuclear,5222.000,Elexon BMRS FUELHH
2022-02-17T03:30:00Z,Other,202.000,Elexon BMRS FUELHH
2022-02-17T03:30:00Z,Pumped Storage,-2076.000,Elexon BMRS FUELHH
2022-02-17T03:30:00Z,Wind,14360.000,Elexon BMRS FUELHH
2022-02-17T04:00:00Z,Biomass,1331.000,Elexon BMRS FUELHH
2022-02-17T04:00:00Z,Coal,0.000,Elexon BMRS FUELHH
2022-02-17T04:00:00Z,Gas,3053.000,Elexon BMRS FUELHH
2022-02-17T04:00:00Z,Hydro,495.000,Elexon BMRS FUELHH
2022-02-17T04:00:00Z,Imports & Exports,-1884.000,Elexon BMRS FUELHH
2022-02-17T04:00:00Z,Nuclear,5217.000,Elexon BMRS FUELHH
2022-02-17T04:00:00Z,Other,218.000,Elexon BMRS FUELHH
2022-02-17T04:00:00Z,Pumped Storage,-2038.000,Elexon BMRS FUELHH
2022-02-17T04:00:00Z,Wind,14392.000,Elexon BMRS FUELHH
2022-02-17T04:30:00Z,Biomass,1422.000,Elexon BMRS FUELHH
2022-02-17T04:30:00Z,Coal,0.000,Elexon BMRS FUELHH
2022-02-17T04:30:00Z,Gas,3235.000,Elexon BMRS FUELHH
2022-02-17T04:30:00Z,Hydro,525.000,Elexon BMRS FUELHH
2022-02-17T04:30:00Z,Imports & Exports,-1942.000,Elexon BMRS FUELHH
2022-02-17T04:30:00Z,Nuclear,5224.000,Elexon BMRS FUELHH
2022-02-17T04:30:00Z,Other,196.000,Elexon BMRS FUELHH
2022-02-17T04:30:00Z,Pumped Storage,-2036.000,Elexon BMRS FUELHH
2022-02-17T04:30:00Z,Wind,14502.000,Elexon BMRS FUELHH
2022-02-17T05:00:00Z,Biomass,1430.000,Elexon BMRS FUELHH
2022-02-17T05:00:00Z,Coal,0.000,Elexon BMRS FUELHH
2022-02-17T05:00:00Z,Gas,2594.000,Elexon BMRS FUELHH
2022-02-17T05:00:00Z,Hydro,507.000,Elexon BMRS FUELHH
2022-02-17T05:00:00Z,Imports & Exports,-736.000,Elexon BMRS FUELHH
2022-02-17T05:00:00Z,Nuclear,5232.000,Elexon BMRS FUELHH
2022-02-17T05:00:00Z,Other,201.000,Elexon BMRS FUELHH
2022-02-17T05:00:00Z,Pumped Storage,-1756.000,Elexon BMRS FUELHH
2022-02-17T05:00:00Z,Wind,14502.000,Elexon BMRS FUELHH
2022-02-17T05:30:00Z,Biomass,1473.000,Elexon BMRS FUELHH
2022-02-17T05:30:00Z,Coal,0.000,Elexon BMRS FUELHH
2022-02-17T05:30:00Z,Gas,2855.000,Elexon BMRS FUELHH
2022-02-17T05:30:00Z,Hydro,514.000,Elexon BMRS FUELHH
2022-02-17T05:30:00Z,Imports & Exports,-592.000,Elexon BMRS FUELHH
2022-02-17T05:30:00Z,Nuclear,5231.000,Elexon BMRS FUELHH
2022-02-17T05:30:00Z,Other,211.000,Elexon BMRS FUELHH
2022-02-17T05:30:00Z,Pumped Storage,-954.000,Elexon BMRS FUELHH
2022-02-17T05:30:00Z,Wind,14402.000,Elexon BMRS FUELHH
2022-02-17T06:00:00Z,Biomass,1523.000,Elexon BMRS FUELHH
2022-02-17T06:00:00Z,Coal,0.000,Elexon BMRS FUELHH
2022-02-17T06:00:00Z,Gas,2587.000,Elexon BMRS FUELHH
2022-02-17T06:00:00Z,Hydro,547.000,Elexon BMRS FUELHH
2022-02-17T06:00:00Z,Imports & Exports,1332.000,Elexon BMRS FUELHH
2022-02-17T06:00:00Z,Nuclear,5286.000,Elexon BMRS FUELHH
2022-02-17T06:00:00Z,Other,207.000,Elexon BMRS FUELHH
2022-02-17T06:00:00Z,Pumped Storage,-98.000,Elexon BMRS FUELHH
2022-02-17T06:00:00Z,Wind,14473.000,Elexon BMRS FUELHH
2022-02-17T06:30:00Z,Biomass,1725.000,Elexon BMRS FUELHH
2022-02-17T06:30:00Z,Coal,0.000,Elexon BMRS FUELHH
2022-02-17T06:30:00Z,Gas,3824.000,Elexon BMRS FUELHH
2022-02-17T06:30:00Z,Hydro,659.000,Elexon BMRS FUELHH
2022-02-17T06:30:00Z,Imports & Exports,1626.000,Elexon BMRS FUELHH
2022-02-17T06:30:00Z,Nuclear,5315.000,Elexon BMRS FUELHH
2022-02-17T06:30:00Z,Other,315.000,Elexon BMRS FUELHH
2022-02-17T06:30:00Z,Pumped Storage,106.000,Elexon BMRS FUELHH
2022-02-17T06:30:00Z,Wind,14482.000,Elexon BMRS FUELHH
2022-02-17T07:00:00Z,Biomass,1874.000,Elexon BMRS FUELHH
2022-02-17T07:00:00Z,Coal,0.000,Elexon BMRS FUELHH
2022-02-17T07:00:00Z,Gas,3956.000,Elexon BMRS FUELHH
2022-02-17T07:00:00Z,Hydro,702.000,Elexon BMRS FUELHH
2022-02-17T07:00:00Z,Imports & Exports,3942.000,Elexon BMRS FUELHH
2022-02-17T07:00:00Z,Nuclear,5316.000,Elexon BMRS FUELHH
2022-02-17T07:00:00Z,Other,260.000,Elexon BMRS FUELHH
2022-02-17T07:00:00Z,Pumped Storage,266.000,Elexon BMRS FUELHH
2022-02-17T07:00:00Z,Wind,14557.000,Elexon BMRS FUELHH
2022-02-17T07:30:00Z,Biomass,2038.000,Elexon BMRS FUELHH
2022-02-17T07:30:00Z,Coal,0.000,Elexon BMRS FUELHH
2022-02-17T07:30:00Z,Gas,4665.000,Elexon BMRS FUELHH
2022-02-17T07:30:00Z,Hydro,631.000,Elexon BMRS FUELHH
2022-02-17T07:30:00Z,Imports & Exports,4092.000,Elexon BMRS FUELHH
2022-02-17T07:30:00Z,Nuclear,5316.000,Elexon BMRS FUELHH
2022-02-17T07:30:00Z,Other,256.000,Elexon BMRS FUELHH
2022-02-17T07:30:00Z,Pumped Storage,722.000,Elexon BMRS FUELHH
2022-02-17T07:30:00Z,Wind,14504.000,Elexon BMRS FUELHH
2022-02-17T08:00:00Z,Biomass,2240.000,Elexon BMRS FUELHH
2022-02-17T08:00:00Z,Coal,0.000,Elexon BMRS FUELHH
2022-02-17T08:00:00Z,Gas,4662.000,Elexon BMRS FUELHH
2022-02-17T08:00:00Z,Hydro,627.000,Elexon BMRS FUELHH
2022-02-17T08:00:00Z,Imports & Exports,5148.000,Elexon BMRS FUELHH
2022-02-17T08:00:00Z,Nuclear,5312.000,Elexon BMRS FUELHH
2022-02-17T08:00:00Z,Other,257.000,Elexon BMRS FUELHH
2022-02-17T08:00:00Z,Pumped Storage,446.000,Elexon BMRS FUELHH
2022-02-17T08:00:00Z,Wind,14523.000,Elexon BMRS FUELHH
2022-02-17T08:30:00Z,Biomass,2269.000,Elexon BMRS FUELHH
2022-02-17T08:30:00Z,Coal,0.000,Elexon BMRS FUELHH
2022-02-17T08:30:00Z,Gas,4350.000,Elexon BMRS FUELHH
2022-02-17T08:30:00Z,Hydro,544.000,Elexon BMRS FUELHH
2022-02-17T08:30:00Z,Imports & Exports,5374.000,Elexon BMRS FUELHH
2022-02-17T08:30:00Z,Nuclear,5313.000,Elexon BMRS FUELHH
2022-02-17T08:30:00Z,Other,233.000,Elexon BMRS FUELHH
2022-02-17T08:30:00Z,Pumped Storage,324.000,Elexon BMRS FUELHH
2022-02-17T08:30:00Z,Wind,14651.000,Elexon BMRS FUELHH
2022-02-17T09:00:00Z,Biomass,2112.000,Elexon BMRS FUELHH
2022-02-17T09:00:00Z,Coal,0.000,Elexon BMRS FUELHH
2022-02-17T09:00:00Z,Gas,4652.000,Elexon BMRS FUELHH
2022-02-17T09:00:00Z,Hydro,533.000,Elexon BMRS FUELHH
2022-02-17T09:00:00Z,Imports & Exports,5190.000,Elexon BMRS FUELHH
2022-02-17T09:00:00Z,Nuclear,5376.000,Elexon BMRS FUELHH
2022-02-17T09:00:00Z,Other,210.000,Elexon BMRS FUELHH
2022-02-17T09:00:00Z,Pumped Storage,226.000,Elexon BMRS FUELHH
2022-02-17T09:00:00Z,Wind,14612.000,Elexon BMRS FUELHH
2022-02-17T09:30:00Z,Biomass,1971.000,Elexon BMRS FUELHH
2022-02-17T09:30:00Z,Coal,0.000,Elexon BMRS FUELHH
2022-02-17T09:30:00Z,Gas,4480.000,Elexon BMRS FUELHH
2022-02-17T09:30:00Z,Hydro,531.000,Elexon BMRS FUELHH
2022-02-17T09:30:00Z,Imports & Exports,5020.000,Elexon BMRS FUELHH
2022-02-17T09:30:00Z,Nuclear,5403.000,Elexon BMRS FUELHH
2022-02-17T09:30:00Z,Other,209.000,Elexon BMRS FUELHH
2022-02-17T09:30:00Z,Pumped Storage,278.000,Elexon BMRS FUELHH
2022-02-17T09:30:00Z,Wind,14712.000,Elexon BMRS FUELHH
2022-02-17T10:00:00Z,Biomass,1941.000,Elexon BMRS FUELHH
2022-02-17T10:00:00Z,Coal,0.000,Elexon BMRS FUELHH
2022-02-17T10:00:00Z,Gas,4253.000,Elexon BMRS FUELHH
2022-02-17T10:00:00Z,Hydro,532.000,Elexon BMRS FUELHH
2022-02-17T10:00:00Z,Imports & Exports,5008.000,Elexon BMRS FUELHH
2022-02-17T10:00:00Z,Nuclear,5466.000,Elexon BMRS FUELHH
2022-02-17T10:00:00Z,Other,203.000,Elexon BMRS FUELHH
2022-02-17T10:00:00Z,Pumped Storage,-148.000,Elexon BMRS FUELHH
2022-02-17T10:00:00Z,Wind,14773.000,Elexon BMRS FUELHH
2022-02-17T10:30:00Z,Biomass,1941.000,Elexon BMRS FUELHH
2022-02-17T10:30:00Z,Coal,0.000,Elexon BMRS FUELHH
2022-02-17T10:30:00Z,Gas,3943.000,Elexon BMRS FUELHH
2022-02-17T10:30:00Z,Hydro,543.000,Elexon BMRS FUELHH
2022-02-17T10:30:00Z,Imports & Exports,5040.000,Elexon BMRS FUELHH
2022-02-17T10:30:00Z,Nuclear,5505.000,Elexon BMRS FUELHH
2022-02-17T10:30:00Z,Other,206.000,Elexon BMRS FUELHH
2022-02-17T10:30:00Z,Pumped Storage,-166.000,Elexon BMRS FUELHH
2022-02-17T10:30:00Z,Wind,14820.000,Elexon BMRS FUELHH
2022-02-17T11:00:00Z,Biomass,1956.000,Elexon BMRS FUELHH
2022-02-17T11:00:00Z,Coal,0.000,Elexon BMRS FUELHH
2022-02-17T11:00:00Z,Gas,4039.000,Elexon BMRS FUELHH
2022-02-17T11:00:00Z,Hydro,532.000,Elexon BMRS FUELHH
2022-02-17T11:00:00Z,Imports & Exports,4656.000,Elexon BMRS FUELHH
2022-02-17T11:00:00Z,Nuclear,5523.000,Elexon BMRS FUELHH
2022-02-17T11:00:00Z,Other,215.000,Elexon BMRS FUELHH
2022-02-17T11:00:00Z,Pumped Storage,-122.000,Elexon BMRS FUELHH
2022-02-17T11:00:00Z,Wind,14837.000,Elexon BMRS FUELHH
2022-02-17T11:30:00Z,Biomass,2023.000,Elexon BMRS FUELHH
2022-02-17T11:30:00Z,Coal,0.000,Elexon BMRS FUELHH
2022-02-17T11:30:00Z,Gas,3970.000,Elexon BMRS FUELHH
2022-02-17T11:30:00Z,Hydro,536.000,Elexon BMRS FUELHH
2022-02-17T11:30:00Z,Imports & Exports,4714.000,Elexon BMRS FUELHH
2022-02-17T11:30:00Z,Nuclear,5539.000,Elexon BMRS FUELHH
2022-02-17T11:30:00Z,Other,209.000,Elexon BMRS FUELHH
2022-02-17T11:30:00Z,Pumped Storage,-300.000,Elexon BMRS FUELHH
2022-02-17T11:30:00Z,Wind,14796.000,Elexon BMRS FUELHH
2022-02-17T12:30:00Z,Biomass,2148.000,Elexon BMRS FUELHH
2022-02-17T12:30:00Z,Coal,0.000,Elexon BMRS FUELHH
2022-02-17T12:30:00Z,Gas,4213.000,Elexon BMRS FUELHH
2022-02-17T12:30:00Z,Hydro,478.000,Elexon BMRS FUELHH
2022-02-17T12:30:00Z,Imports & Exports,4490.000,Elexon BMRS FUELHH
2022-02-17T12:30:00Z,Nuclear,5582.000,Elexon BMRS FUELHH
2022-02-17T12:30:00Z,Other,221.000,Elexon BMRS FUELHH
2022-02-17T12:30:00Z,Pumped Storage,-166.000,Elexon BMRS FUELHH
2022-02-17T12:30:00Z,Wind,14759.000,Elexon BMRS FUELHH
2022-02-17T13:00:00Z,Biomass,2226.000,Elexon BMRS FUELHH
2022-02-17T13:00:00Z,Coal,0.000,Elexon BMRS FUELHH
2022-02-17T13:00:00Z,Gas,4003.000,Elexon BMRS FUELHH
2022-02-17T13:00:00Z,Hydro,463.000,Elexon BMRS FUELHH
2022-02-17T13:00:00Z,Imports & Exports,4788.000,Elexon BMRS FUELHH
2022-02-17T13:00:00Z,Nuclear,5585.000,Elexon BMRS FUELHH
2022-02-17T13:00:00Z,Other,181.000,Elexon BMRS FUELHH
2022-02-17T13:00:00Z,Pumped Storage,-166.000,Elexon BMRS FUELHH
2022-02-17T13:00:00Z,Wind,14502.000,Elexon BMRS FUELHH
2022-02-17T13:30:00Z,Biomass,2286.000,Elexon BMRS FUELHH
2022-02-17T13:30:00Z,Coal,0.000,Elexon BMRS FUELHH
2022-02-17T13:30:00Z,Gas,4187.000,Elexon BMRS FUELHH
2022-02-17T13:30:00Z,Hydro,463.000,Elexon BMRS FUELHH
2022-02-17T13:30:00Z,Imports & Exports,4766.000,Elexon BMRS FUELHH
2022-02-17T13:30:00Z,Nuclear,5647.000,Elexon BMRS FUELHH
2022-02-17T13:30:00Z,Other,210.000,Elexon BMRS FUELHH
2022-02-17T13:30:00Z,Pumped Storage,40.000,Elexon BMRS FUELHH
2022-02-17T13:30:00Z,Wind,14163.000,Elexon BMRS FUELHH
2022-02-17T14:00:00Z,Biomass,2230.000,Elexon BMRS FUELHH
2022-02-17T14:00:00Z,Coal,157.000,Elexon BMRS FUELHH
2022-02-17T14:00:00Z,Gas,4998.000,Elexon BMRS FUELHH
2022-02-17T14:00:00Z,Hydro,490.000,Elexon BMRS FUELHH
2022-02-17T14:00:00Z,Imports & Exports,4872.000,Elexon BMRS FUELHH
2022-02-17T14:00:00Z,Nuclear,5687.000,Elexon BMRS FUELHH
2022-02-17T14:00:00Z,Other,221.000,Elexon BMRS FUELHH
2022-02-17T14:00:00Z,Pumped Storage,352.000,Elexon BMRS FUELHH
2022-02-17T14:00:00Z,Wind,13143.000,Elexon BMRS FUELHH
2022-02-17T14:30:00Z,Biomass,2220.000,Elexon BMRS FUELHH
2022-02-17T14:30:00Z,Coal,303.000,Elexon BMRS FUELHH
2022-02-17T14:30:00Z,Gas,5508.000,Elexon BMRS FUELHH
2022-02-17T14:30:00Z,Hydro,486.000,Elexon BMRS FUELHH
2022-02-17T14:30:00Z,Imports & Exports,4760.000,Elexon BMRS FUELHH
2022-02-17T14:30:00Z,Nuclear,5690.000,Elexon BMRS FUELHH
2022-02-17T14:30:00Z,Other,218.000,Elexon BMRS FUELHH
2022-02-17T14:30:00Z,Pumped Storage,406.000,Elexon BMRS FUELHH
2022-02-17T14:30:00Z,Wind,13031.000,Elexon BMRS FUELHH
2022-02-17T15:00:00Z,Biomass,2278.000,Elexon BMRS FUELHH
2022-02-17T15:00:00Z,Coal,476.000,Elexon BMRS FUELHH
2022-02-17T15:00:00Z,Gas,6226.000,Elexon BMRS FUELHH
2022-02-17T15:00:00Z,Hydro,492.000,Elexon BMRS FUELHH
2022-02-17T15:00:00Z,Imports & Exports,4780.000,Elexon BMRS FUELHH
2022-02-17T15:00:00Z,Nuclear,5692.000,Elexon BMRS FUELHH
2022-02-17T15:00:00Z,Other,247.000,Elexon BMRS FUELHH
2022-02-17T15:00:00Z,Pumped Storage,266.000,Elexon BMRS FUELHH
2022-02-17T15:00:00Z,Wind,12674.000,Elexon BMRS FUELHH
2022-02-17T15:30:00Z,Biomass,2295.000,Elexon BMRS FUELHH
2022-02-17T15:30:00Z,Coal,702.000,Elexon BMRS FUELHH
2022-02-17T15:30:00Z,Gas,7756.000,Elexon BMRS FUELHH
2022-02-17T15:30:00Z,Hydro,502.000,Elexon BMRS FUELHH
2022-02-17T15:30:00Z,Imports & Exports,4580.000,Elexon BMRS FUELHH
2022-02-17T15:30:00Z,Nuclear,5693.000,Elexon BMRS FUELHH
2022-02-17T15:30:00Z,Other,246.000,Elexon BMRS FUELHH
2022-02-17T15:30:00Z,Pumped Storage,516.000,Elexon BMRS FUELHH
2022-02-17T15:30:00Z,Wind,12042.000,Elexon BMRS FUELHH
2022-02-17T16:00:00Z,Biomass,2296.000,Elexon BMRS FUELHH
2022-02-17T16:00:00Z,Coal,973.000,Elexon BMRS FUELHH
2022-02-17T16:00:00Z,Gas,9351.000,Elexon BMRS FUELHH
2022-02-17T16:00:00Z,Hydro,621.000,Elexon BMRS FUELHH
2022-02-17T16:00:00Z,Imports & Exports,3918.000,Elexon BMRS FUELHH
2022-02-17T16:00:00Z,Nuclear,5692.000,Elexon BMRS FUELHH
2022-02-17T16:00:00Z,Other,283.000,Elexon BMRS FUELHH
2022-02-17T16:00:00Z,Pumped Storage,1012.000,Elexon BMRS FUELHH
2022-02-17T16:00:00Z,Wind,11785.000,Elexon BMRS FUELHH
2022-02-17T16:30:00Z,Biomass,2296.000,Elexon BMRS FUELHH
2022-02-17T16:30:00Z,Coal,1196.000,Elexon BMRS FUELHH
2022-02-17T16:30:00Z,Gas,10715.000,Elexon BMRS FUELHH
2022-02-17T16:30:00Z,Hydro,628.000,Elexon BMRS FUELHH
2022-02-17T16:30:00Z,Imports & Exports,3946.000,Elexon BMRS FUELHH
2022-02-17T16:30:00Z,Nuclear,5681.000,Elexon BMRS FUELHH
2022-02-17T16:30:00Z,Other,389.000,Elexon BMRS FUELHH
2022-02-17T16:30:00Z,Pumped Storage,1202.000,Elexon BMRS FUELHH
2022-02-17T16:30:00Z,Wind,11231.000,Elexon BMRS FUELHH
2022-02-17T17:00:00Z,Biomass,2295.000,Elexon BMRS FUELHH
2022-02-17T17:00:00Z,Coal,1373.000,Elexon BMRS FUELHH
2022-02-17T17:00:00Z,Gas,11435.000,Elexon BMRS FUELHH
2022-02-17T17:00:00Z,Hydro,826.000,Elexon BMRS FUELHH
2022-02-17T17:00:00Z,Imports & Exports,3360.000,Elexon BMRS FUELHH
2022-02-17T17:00:00Z,Nuclear,5669.000,Elexon BMRS FUELHH
2022-02-17T17:00:00Z,Other,680.000,Elexon BMRS FUELHH
2022-02-17T17:00:00Z,Pumped Storage,1666.000,Elexon BMRS FUELHH
2022-02-17T17:00:00Z,Wind,11576.000,Elexon BMRS FUELHH
2022-02-17T17:30:00Z,Biomass,2297.000,Elexon BMRS FUELHH
2022-02-17T17:30:00Z,Coal,1381.000,Elexon BMRS FUELHH
2022-02-17T17:30:00Z,Gas,12411.000,Elexon BMRS FUELHH
2022-02-17T17:30:00Z,Hydro,843.000,Elexon BMRS FUELHH
2022-02-17T17:30:00Z,Imports & Exports,3452.000,Elexon BMRS FUELHH
2022-02-17T17:30:00Z,Nuclear,5681.000,Elexon BMRS FUELHH
2022-02-17T17:30:00Z,Other,716.000,Elexon BMRS FUELHH
2022-02-17T17:30:00Z,Pumped Storage,2228.000,Elexon BMRS FUELHH
2022-02-17T17:30:00Z,Wind,11222.000,Elexon BMRS FUELHH
2022-02-17T18:00:00Z,Biomass,1952.000,Elexon BMRS FUELHH
2022-02-17T18:00:00Z,Coal,1381.000,Elexon BMRS FUELHH
2022-02-17T18:00:00Z,Gas,12459.000,Elexon BMRS FUELHH
2022-02-17T18:00:00Z,Hydro,842.000,Elexon BMRS FUELHH
2022-02-17T18:00:00Z,Imports & Exports,4132.000,Elexon BMRS FUELHH
2022-02-17T18:00:00Z,Nuclear,5728.000,Elexon BMRS FUELHH
2022-02-17T18:00:00Z,Other,778.000,Elexon BMRS FUELHH
2022-02-17T18:00:00Z,Pumped Storage,2304.000,Elexon BMRS FUELHH
2022-02-17T18:00:00Z,Wind,10795.000,Elexon BMRS FUELHH
2022-02-17T18:30:00Z,Biomass,2048.000,Elexon BMRS FUELHH
2022-02-17T18:30:00Z,Coal,1379.000,Elexon BMRS FUELHH
2022-02-17T18:30:00Z,Gas,12965.000,Elexon BMRS FUELHH
2022-02-17T18:30:00Z,Hydro,844.000,Elexon BMRS FUELHH
2022-02-17T18:30:00Z,Imports & Exports,4188.000,Elexon BMRS FUELHH
2022-02-17T18:30:00Z,Nuclear,5726.000,Elexon BMRS FUELHH
2022-02-17T18:30:00Z,Other,699.000,Elexon BMRS FUELHH
2022-02-17T18:30:00Z,Pumped Storage,2300.000,Elexon BMRS FUELHH
2022-02-17T18:30:00Z,Wind,10328.000,Elexon BMRS FUELHH
2022-02-17T19:00:00Z,Biomass,2137.000,Elexon BMRS FUELHH
2022-02-17T19:00:00Z,Coal,1379.000,Elexon BMRS FUELHH
2022-02-17T19:00:00Z,Gas,12880.000,Elexon BMRS FUELHH
2022-02-17T19:00:00Z,Hydro,833.000,Elexon BMRS FUELHH
2022-02-17T19:00:00Z,Imports & Exports,4366.000,Elexon BMRS FUELHH
2022-02-17T19:00:00Z,Nuclear,5727.000,Elexon BMRS FUELHH
2022-02-17T19:00:00Z,Other,425.000,Elexon BMRS FUELHH
2022-02-17T19:00:00Z,Pumped Storage,2100.000,Elexon BMRS FUELHH
2022-02-17T19:00:00Z,Wind,10076.000,Elexon BMRS FUELHH
2022-02-17T19:30:00Z,Biomass,2193.000,Elexon BMRS FUELHH
2022-02-17T19:30:00Z,Coal,1380.000,Elexon BMRS FUELHH
2022-02-17T19:30:00Z,Gas,12868.000,Elexon BMRS FUELHH
2022-02-17T19:30:00Z,Hydro,825.000,Elexon BMRS FUELHH
2022-02-17T19:30:00Z,Imports & Exports,4410.000,Elexon BMRS FUELHH
2022-02-17T19:30:00Z,Nuclear,5726.000,Elexon BMRS FUELHH
2022-02-17T19:30:00Z,Other,281.000,Elexon BMRS FUELHH
2022-02-17T19:30:00Z,Pumped Storage,1580.000,Elexon BMRS FUELHH
2022-02-17T19:30:00Z,Wind,9720.000,Elexon BMRS FUELHH
2022-02-17T20:00:00Z,Biomass,2182.000,Elexon BMRS FUELHH
2022-02-17T20:00:00Z,Coal,1374.000,Elexon BMRS FUELHH
2022-02-17T20:00:00Z,Gas,12534.000,Elexon BMRS FUELHH
2022-02-17T20:00:00Z,Hydro,822.000,Elexon BMRS FUELHH
2022-02-17T20:00:00Z,Imports & Exports,4606.000,Elexon BMRS FUELHH
2022-02-17T20:00:00Z,Nuclear,5727.000,Elexon BMRS FUELHH
2022-02-17T20:00:00Z,Other,257.000,Elexon BMRS FUELHH
2022-02-17T20:00:00Z,Pumped Storage,818.000,Elexon BMRS FUELHH
2022-02-17T20:00:00Z,Wind,9312.000,Elexon BMRS FUELHH
2022-02-17T20:30:00Z,Biomass,2184.000,Elexon BMRS FUELHH
2022-02-17T20:30:00Z,Coal,1374.000,Elexon BMRS FUELHH
2022-02-17T20:30:00Z,Gas,12213.000,Elexon BMRS FUELHH
2022-02-17T20:30:00Z,Hydro,923.000,Elexon BMRS FUELHH
2022-02-17T20:30:00Z,Imports & Exports,4402.000,Elexon BMRS FUELHH
2022-02-17T20:30:00Z,Nuclear,5724.000,Elexon BMRS FUELHH
2022-02-17T20:30:00Z,Other,250.000,Elexon BMRS FUELHH
2022-02-17T20:30:00Z,Pumped Storage,838.000,Elexon BMRS FUELHH
2022-02-17T20:30:00Z,Wind,8457.000,Elexon BMRS FUELHH
2022-02-17T21:00:00Z,Biomass,2178.000,Elexon BMRS FUELHH
2022-02-17T21:00:00Z,Coal,1377.000,Elexon BMRS FUELHH
2022-02-17T21:00:00Z,Gas,11846.000,Elexon BMRS FUELHH
2022-02-17T21:00:00Z,Hydro,999.000,Elexon BMRS FUELHH
2022-02-17T21:00:00Z,Imports & Exports,4186.000,Elexon BMRS FUELHH
2022-02-17T21:00:00Z,Nuclear,5729.000,Elexon BMRS FUELHH
2022-02-17T21:00:00Z,Other,236.000,Elexon BMRS FUELHH
2022-02-17T21:00:00Z,Pumped Storage,530.000,Elexon BMRS FUELHH
2022-02-17T21:00:00Z,Wind,7488.000,Elexon BMRS FUELHH
2022-02-17T21:30:00Z,Biomass,2172.000,Elexon BMRS FUELHH
2022-02-17T21:30:00Z,Coal,1135.000,Elexon BMRS FUELHH
2022-02-17T21:30:00Z,Gas,11037.000,Elexon BMRS FUELHH
2022-02-17T21:30:00Z,Hydro,896.000,Elexon BMRS FUELHH
2022-02-17T21:30:00Z,Imports & Exports,4452.000,Elexon BMRS FUELHH
2022-02-17T21:30:00Z,Nuclear,5736.000,Elexon BMRS FUELHH
2022-02-17T21:30:00Z,Other,224.000,Elexon BMRS FUELHH
2022-02-17T21:30:00Z,Pumped Storage,-176.000,Elexon BMRS FUELHH
2022-02-17T21:30:00Z,Wind,7580.000,Elexon BMRS FUELHH
2022-02-17T22:00:00Z,Biomass,2101.000,Elexon BMRS FUELHH
2022-02-17T22:00:00Z,Coal,620.000,Elexon BMRS FUELHH
2022-02-17T22:00:00Z,Gas,10340.000,Elexon BMRS FUELHH
2022-02-17T22:00:00Z,Hydro,709.000,Elexon BMRS FUELHH
2022-02-17T22:00:00Z,Imports & Exports,4444.000,Elexon BMRS FUELHH
2022-02-17T22:00:00Z,Nuclear,5734.000,Elexon BMRS FUELHH
2022-02-17T22:00:00Z,Other,229.000,Elexon BMRS FUELHH
2022-02-17T22:00:00Z,Pumped Storage,-182.000,Elexon BMRS FUELHH
2022-02-17T22:00:00Z,Wind,7301.000,Elexon BMRS FUELHH
2022-02-17T22:30:00Z,Biomass,2077.000,Elexon BMRS FUELHH
2022-02-17T22:30:00Z,Coal,223.000,Elexon BMRS FUELHH
2022-02-17T22:30:00Z,Gas,9125.000,Elexon BMRS FUELHH
2022-02-17T22:30:00Z,Hydro,645.000,Elexon BMRS FUELHH
2022-02-17T22:30:00Z,Imports & Exports,4628.000,Elexon BMRS FUELHH
2022-02-17T22:30:00Z,Nuclear,5735.000,Elexon BMRS FUELHH
2022-02-17T22:30:00Z,Other,226.000,Elexon BMRS FUELHH
2022-02-17T22:30:00Z,Pumped Storage,-238.000,Elexon BMRS FUELHH
2022-02-17T22:30:00Z,Wind,7014.000,Elexon BMRS FUELHH
2022-02-17T23:00:00Z,Biomass,2067.000,Elexon BMRS FUELHH
2022-02-17T23:00:00Z,Coal,0.000,Elexon BMRS FUELHH
2022-02-17T23:00:00Z,Gas,7045.000,Elexon BMRS FUELHH
2022-02-17T23:00:00Z,Hydro,652.000,Elexon BMRS FUELHH
2022-02-17T23:00:00Z,Imports & Exports,4838.000,Elexon BMRS FUELHH
2022-02-17T23:00:00Z,Nuclear,5742.000,Elexon BMRS FUELHH
2022-02-17T23:00:00Z,Other,216.000,Elexon BMRS FUELHH
2022-02-17T23:00:00Z,Pumped Storage,-12.000,Elexon BMRS FUELHH
2022-02-17T23:00:00Z,Wind,7281.000,Elexon BMRS FUELHH
2022-02-17T23:30:00Z,Biomass,2045.000,Elexon BMRS FUELHH
2022-02-17T23:30:00Z,Coal,0.000,Elexon BMRS FUELHH
2022-02-17T23:30:00Z,Gas,5489.000,Elexon BMRS FUELHH
2022-02-17T23:30:00Z,Hydro,634.000,Elexon BMRS FUELHH
2022-02-17T23:30:00Z,Imports & Exports,5136.000,Elexon BMRS FUELHH
2022-02-17T23:30:00Z,Nuclear,5741.000,Elexon BMRS FUELHH
2022-02-17T23:30:00Z,Other,215.000,Elexon BMRS FUELHH
2022-02-17T23:30:00Z,Pumped Storage,-34.000,Elexon BMRS FUELHH
2022-02-17T23:30:00Z,Wind,7208.000,Elexon BMRS FUELHH
2022-02-18T00:00:00Z,Biomass,2098.000,Elexon BMRS FUELHH
2022-02-18T00:00:00Z,Coal,0.000,Elexon BMRS FUELHH
2022-02-18T00:00:00Z,Gas,4640.000,Elexon BMRS FUELHH
2022-02-18T00:00:00Z,Hydro,618.000,Elexon BMRS FUELHH
2022-02-18T00:00:00Z,Imports & Exports,5380.000,Elexon BMRS FUELHH
2022-02-18T00:00:00Z,Nuclear,5738.000,Elexon BMRS FUELHH
2022-02-18T00:00:00Z,Other,234.000,Elexon BMRS FUELHH
2022-02-18T00:00:00Z,Pumped Storage,-34.000,Elexon BMRS FUELHH
2022-02-18T00:00:00Z,Wind,7233.000,Elexon BMRS FUELHH
2022-02-18T00:30:00Z,Biomass,2100.000,Elexon BMRS FUELHH
2022-02-18T00:30:00Z,Coal,0.000,Elexon BMRS FUELHH
2022-02-18T00:30:00Z,Gas,4863.000,Elexon BMRS FUELHH
2022-02-18T00:30:00Z,Hydro,776.000,Elexon BMRS FUELHH
2022-02-18T00:30:00Z,Imports & Exports,5454.000,Elexon BMRS FUELHH
2022-02-18T00:30:00Z,Nuclear,5740.000,Elexon BMRS FUELHH
2022-02-18T00:30:00Z,Other,226.000,Elexon BMRS FUELHH
2022-02-18T00:30:00Z,Pumped Storage,36.000,Elexon BMRS FUELHH
2022-02-18T00:30:00Z,Wind,7247.000,Elexon BMRS FUELHH
2022-02-18T01:00:00Z,Biomass,2094.000,Elexon BMRS FUELHH
2022-02-18T01:00:00Z,Coal,0.000,Elexon BMRS FUELHH
2022-02-18T01:00:00Z,Gas,4973.000,Elexon BMRS FUELHH
2022-02-18T01:00:00Z,Hydro,750.000,Elexon BMRS FUELHH
2022-02-18T01:00:00Z,Imports & Exports,5646.000,Elexon BMRS FUELHH
2022-02-18T01:00:00Z,Nuclear,5737.000,Elexon BMRS FUELHH
2022-02-18T01:00:00Z,Other,261.000,Elexon BMRS FUELHH
2022-02-18T01:00:00Z,Pumped Storage,-668.000,Elexon BMRS FUELHH
2022-02-18T01:00:00Z,Wind,7139.000,Elexon BMRS FUELHH
2022-02-18T01:30:00Z,Biomass,2092.000,Elexon BMRS FUELHH
2022-02-18T01:30:00Z,Coal,0.000,Elexon BMRS FUELHH
2022-02-18T01:30:00Z,Gas,4840.000,Elexon BMRS FUELHH
2022-02-18T01:30:00Z,Hydro,747.000,Elexon BMRS FUELHH
2022-02-18T01:30:00Z,Imports & Exports,5640.000,Elexon BMRS FUELHH
2022-02-18T01:30:00Z,Nuclear,5736.000,Elexon BMRS FUELHH
2022-02-18T01:30:00Z,Other,233.000,Elexon BMRS FUELHH
2022-02-18T01:30:00Z,Pumped Storage,-796.000,Elexon BMRS FUELHH
2022-02-18T01:30:00Z,Wind,6854.000,Elexon BMRS FUELHH
2022-02-18T02:00:00Z,Biomass,2088.000,Elexon BMRS FUELHH
2022-02-18T02:00:00Z,Coal,0.000,Elexon BMRS FUELHH
2022-02-18T02:00:00Z,Gas,4206.000,Elexon BMRS FUELHH
2022-02-18T02:00:00Z,Hydro,601.000,Elexon BMRS FUELHH
2022-02-18T02:00:00Z,Imports & Exports,5486.000,Elexon BMRS FUELHH
2022-02-18T02:00:00Z,Nuclear,5746.000,Elexon BMRS FUELHH
2022-02-18T02:00:00Z,Other,220.000,Elexon BMRS FUELHH
2022-02-18T02:00:00Z,Pumped Storage,-1068.000,Elexon BMRS FUELHH
2022-02-18T02:00:00Z,Wind,7467.000,Elexon BMRS FUELHH
2022-02-18T02:30:00Z,Biomass,1946.000,Elexon BMRS FUELHH
2022-02-18T02:30:00Z,Coal,0.000,Elexon BMRS FUELHH
2022-02-18T02:30:00Z,Gas,3359.000,Elexon BMRS FUELHH
2022-02-18T02:30:00Z,Hydro,578.000,Elexon BMRS FUELHH
2022-02-18T02:30:00Z,Imports & Exports,5476.000,Elexon BMRS FUELHH
2022-02-18T02:30:00Z,Nuclear,5758.000,Elexon BMRS FUELHH
2022-02-18T02:30:00Z,Other,214.000,Elexon BMRS FUELHH
2022-02-18T02:30:00Z,Pumped Storage,-1338.000,Elexon BMRS FUELHH
2022-02-18T02:30:00Z,Wind,8180.000,Elexon BMRS FUELHH
2022-02-18T03:00:00Z,Biomass,1794.000,Elexon BMRS FUELHH
2022-02-18T03:00:00Z,Coal,0.000,Elexon BMRS FUELHH
2022-02-18T03:00:00Z,Gas,3185.000,Elexon BMRS FUELHH
2022-02-18T03:00:00Z,Hydro,482.000,Elexon BMRS FUELHH
2022-02-18T03:00:00Z,Imports & Exports,5048.000,Elexon BMRS FUELHH
2022-02-18T03:00:00Z,Nuclear,5761.000,Elexon BMRS FUELHH
2022-02-18T03:00:00Z,Other,215.000,Elexon BMRS FUELHH
2022-02-18T03:00:00Z,Pumped Storage,-1560.000,Elexon BMRS FUELHH
2022-02-18T03:00:00Z,Wind,8521.000,Elexon BMRS FUELHH
2022-02-18T03:30:00Z,Biomass,1666.000,Elexon BMRS FUELHH
2022-02-18T03:30:00Z,Coal,0.000,Elexon BMRS FUELHH
2022-02-18T03:30:00Z,Gas,2946.000,Elexon BMRS FUELHH
2022-02-18T03:30:00Z,Hydro,453.000,Elexon BMRS FUELHH
2022-02-18T03:30:00Z,Imports & Exports,4786.000,Elexon BMRS FUELHH
2022-02-18T03:30:00Z,Nuclear,5767.000,Elexon BMRS FUELHH
2022-02-18T03:30:00Z,Other,211.000,Elexon BMRS FUELHH
2022-02-18T03:30:00Z,Pumped Storage,-1736.000,Elexon BMRS FUELHH
2022-02-18T03:30:00Z,Wind,8652.000,Elexon BMRS FUELHH
2022-02-18T04:00:00Z,Biomass,1772.000,Elexon BMRS FUELHH
2022-02-18T04:00:00Z,Coal,0.000,Elexon BMRS FUELHH
2022-02-18T04:00:00Z,Gas,2977.000,Elexon BMRS FUELHH
2022-02-18T04:00:00Z,Hydro,486.000,Elexon BMRS FUELHH
2022-02-18T04:00:00Z,Imports & Exports,3020.000,Elexon BMRS FUELHH
2022-02-18T04:00:00Z,Nuclear,5769.000,Elexon BMRS FUELHH
2022-02-18T04:00:00Z,Other,212.000,Elexon BMRS FUELHH
2022-02-18T04:00:00Z,Pumped Storage,-1690.000,Elexon BMRS FUELHH
2022-02-18T04:00:00Z,Wind,9680.000,Elexon BMRS FUELHH
2022-02-18T04:30:00Z,Biomass,1679.000,Elexon BMRS FUELHH
2022-02-18T04:30:00Z,Coal,0.000,Elexon BMRS FUELHH
2022-02-18T04:30:00Z,Gas,3022.000,Elexon BMRS FUELHH
2022-02-18T04:30:00Z,Hydro,468.000,Elexon BMRS FUELHH
2022-02-18T04:30:00Z,Imports & Exports,2774.000,Elexon BMRS FUELHH
2022-02-18T04:30:00Z,Nuclear,5770.000,Elexon BMRS FUELHH
2022-02-18T04:30:00Z,Other,211.000,Elexon BMRS FUELHH
2022-02-18T04:30:00Z,Pumped Storage,-1722.000,Elexon BMRS FUELHH
2022-02-18T04:30:00Z,Wind,9793.000,Elexon BMRS FUELHH
2022-02-18T05:00:00Z,Biomass,1823.000,Elexon BMRS FUELHH
2022-02-18T05:00:00Z,Coal,0.000,Elexon BMRS FUELHH
2022-02-18T05:00:00Z,Gas,3261.000,Elexon BMRS FUELHH
2022-02-18T05:00:00Z,Hydro,505.000,Elexon BMRS FUELHH
2022-02-18T05:00:00Z,Imports & Exports,1956.000,Elexon BMRS FUELHH
2022-02-18T05:00:00Z,Nuclear,5775.000,Elexon BMRS FUELHH
2022-02-18T05:00:00Z,Other,210.000,Elexon BMRS FUELHH
2022-02-18T05:00:00Z,Pumped Storage,-1652.000,Elexon BMRS FUELHH
2022-02-18T05:00:00Z,Wind,10681.000,Elexon BMRS FUELHH
2022-02-18T05:30:00Z,Biomass,1845.000,Elexon BMRS FUELHH
2022-02-18T05:30:00Z,Coal,0.000,Elexon BMRS FUELHH
2022-02-18T05:30:00Z,Gas,3621.000,Elexon BMRS FUELHH
2022-02-18T05:30:00Z,Hydro,519.000,Elexon BMRS FUELHH
2022-02-18T05:30:00Z,Imports & Exports,1922.000,Elexon BMRS FUELHH
2022-02-18T05:30:00Z,Nuclear,5774.000,Elexon BMRS FUELHH
2022-02-18T05:30:00Z,Other,217.000,Elexon BMRS FUELHH
2022-02-18T05:30:00Z,Pumped Storage,-1600.000,Elexon BMRS FUELHH
2022-02-18T05:30:00Z,Wind,10728.000,Elexon BMRS FUELHH
2022-02-18T06:00:00Z,Biomass,1875.000,Elexon BMRS FUELHH
2022-02-18T06:00:00Z,Coal,173.000,Elexon BMRS FUELHH
2022-02-18T06:00:00Z,Gas,4346.000,Elexon BMRS FUELHH
2022-02-18T06:00:00Z,Hydro,721.000,Elexon BMRS FUELHH
2022-02-18T06:00:00Z,Imports & Exports,2622.000,Elexon BMRS FUELHH
2022-02-18T06:00:00Z,Nuclear,5778.000,Elexon BMRS FUELHH
2022-02-18T06:00:00Z,Other,212.000,Elexon BMRS FUELHH
2022-02-18T06:00:00Z,Pumped Storage,-1172.000,Elexon BMRS FUELHH
2022-02-18T06:00:00Z,Wind,10977.000,Elexon BMRS FUELHH
2022-02-18T06:30:00Z,Biomass,1782.000,Elexon BMRS FUELHH
2022-02-18T06:30:00Z,Coal,242.000,Elexon BMRS FUELHH
2022-02-18T06:30:00Z,Gas,4984.000,Elexon BMRS FUELHH
2022-02-18T06:30:00Z,Hydro,733.000,Elexon BMRS FUELHH
2022-02-18T06:30:00Z,Imports & Exports,2766.000,Elexon BMRS FUELHH
2022-02-18T06:30:00Z,Nuclear,5776.000,Elexon BMRS FUELHH
2022-02-18T06:30:00Z,Other,260.000,Elexon BMRS FUELHH
2022-02-18T06:30:00Z,Pumped Storage,-450.000,Elexon BMRS FUELHH
2022-02-18T06:30:00Z,Wind,11504.000,Elexon BMRS FUELHH
2022-02-18T07:00:00Z,Biomass,1890.000,Elexon BMRS FUELHH
2022-02-18T07:00:00Z,Coal,377.000,Elexon BMRS FUELHH
2022-02-18T07:00:00Z,Gas,5847.000,Elexon BMRS FUELHH
2022-02-18T07:00:00Z,Hydro,868.000,Elexon BMRS FUELHH
2022-02-18T07:00:00Z,Imports & Exports,3048.000,Elexon BMRS FUELHH
2022-02-18T07:00:00Z,Nuclear,5780.000,Elexon BMRS FUELHH
2022-02-18T07:00:00Z,Other,214.000,Elexon BMRS FUELHH
2022-02-18T07:00:00Z,Pumped Storage,-36.000,Elexon BMRS FUELHH
2022-02-18T07:00:00Z,Wind,12209.000,Elexon BMRS FUELHH
2022-02-18T07:30:00Z,Biomass,1985.000,Elexon BMRS FUELHH
2022-02-18T07:30:00Z,Coal,467.000,Elexon BMRS FUELHH
2022-02-18T07:30:00Z,Gas,6562.000,Elexon BMRS FUELHH
2022-02-18T07:30:00Z,Hydro,809.000,Elexon BMRS FUELHH
2022-02-18T07:30:00Z,Imports & Exports,3106.000,Elexon BMRS FUELHH
2022-02-18T07:30:00Z,Nuclear,5781.000,Elexon BMRS FUELHH
2022-02-18T07:30:00Z,Other,244.000,Elexon BMRS FUELHH
2022-02-18T07:30:00Z,Pumped Storage,46.000,Elexon BMRS FUELHH
2022-02-18T07:30:00Z,Wind,12704.000,Elexon BMRS FUELHH
2022-02-18T08:00:00Z,Biomass,2097.000,Elexon BMRS FUELHH
2022-02-18T08:00:00Z,Coal,561.000,Elexon BMRS FUELHH
2022-02-18T08:00:00Z,Gas,7373.000,Elexon BMRS FUELHH
2022-02-18T08:00:00Z,Hydro,757.000,Elexon BMRS FUELHH
2022-02-18T08:00:00Z,Imports & Exports,3654.000,Elexon BMRS FUELHH
2022-02-18T08:00:00Z,Nuclear,5778.000,Elexon BMRS FUELHH
2022-02-18T08:00:00Z,Other,231.000,Elexon BMRS FUELHH
2022-02-18T08:00:00Z,Pumped Storage,104.000,Elexon BMRS FUELHH
2022-02-18T08:00:00Z,Wind,12611.000,Elexon BMRS FUELHH
2022-02-18T08:30:00Z,Biomass,2122.000,Elexon BMRS FUELHH
2022-02-18T08:30:00Z,Coal,581.000,Elexon BMRS FUELHH
2022-02-18T08:30:00Z,Gas,8259.000,Elexon BMRS FUELHH
2022-02-18T08:30:00Z,Hydro,851.000,Elexon BMRS FUELHH
2022-02-18T08:30:00Z,Imports & Exports,3704.000,Elexon BMRS FUELHH
2022-02-18T08:30:00Z,Nuclear,5779.000,Elexon BMRS FUELHH
2022-02-18T08:30:00Z,Other,232.000,Elexon BMRS FUELHH
2022-02-18T08:30:00Z,Pumped Storage,42.000,Elexon BMRS FUELHH
2022-02-18T08:30:00Z,Wind,12492.000,Elexon BMRS FUELHH
2022-02-18T09:00:00Z,Biomass,2116.000,Elexon BMRS FUELHH
2022-02-18T09:00:00Z,Coal,585.000,Elexon BMRS FUELHH
2022-02-18T09:00:00Z,Gas,8537.000,Elexon BMRS FUELHH
2022-02-18T09:00:00Z,Hydro,883.000,Elexon BMRS FUELHH
2022-02-18T09:00:00Z,Imports & Exports,3942.000,Elexon BMRS FUELHH
2022-02-18T09:00:00Z,Nuclear,5778.000,Elexon BMRS FUELHH
2022-02-18T09:00:00Z,Other,227.000,Elexon BMRS FUELHH
2022-02-18T09:00:00Z,Pumped Storage,184.000,Elexon BMRS FUELHH
2022-02-18T09:00:00Z,Wind,12543.000,Elexon BMRS FUELHH
2022-02-18T09:30:00Z,Biomass,2121.000,Elexon BMRS FUELHH
2022-02-18T09:30:00Z,Coal,628.000,Elexon BMRS FUELHH
2022-02-18T09:30:00Z,Gas,8998.000,Elexon BMRS FUELHH
2022-02-18T09:30:00Z,Hydro,883.000,Elexon BMRS FUELHH
2022-02-18T09:30:00Z,Imports & Exports,3916.000,Elexon BMRS FUELHH
2022-02-18T09:30:00Z,Nuclear,5780.000,Elexon BMRS FUELHH
2022-02-18T09:30:00Z,Other,219.000,Elexon BMRS FUELHH
2022-02-18T09:30:00Z,Pumped Storage,-6.000,Elexon BMRS FUELHH
2022-02-18T09:30:00Z,Wind,12440.000,Elexon BMRS FUELHH
2022-02-18T10:00:00Z,Biomass,2069.000,Elexon BMRS FUELHH
2022-02-18T10:00:00Z,Coal,590.000,Elexon BMRS FUELHH
2022-02-18T10:00:00Z,Gas,8579.000,Elexon BMRS FUELHH
2022-02-18T10:00:00Z,Hydro,843.000,Elexon BMRS FUELHH
2022-02-18T10:00:00Z,Imports & Exports,4708.000,Elexon BMRS FUELHH
2022-02-18T10:00:00Z,Nuclear,5777.000,Elexon BMRS FUELHH
2022-02-18T10:00:00Z,Other,223.000,Elexon BMRS FUELHH
2022-02-18T10:00:00Z,Pumped Storage,90.000,Elexon BMRS FUELHH
2022-02-18T10:00:00Z,Wind,11971.000,Elexon BMRS FUELHH
2022-02-18T10:30:00Z,Biomass,2113.000,Elexon BMRS FUELHH
2022-02-18T10:30:00Z,Coal,554.000,Elexon BMRS FUELHH
2022-02-18T10:30:00Z,Gas,8721.000,Elexon BMRS FUELHH
2022-02-18T10:30:00Z,Hydro,823.000,Elexon BMRS FUELHH
2022-02-18T10:30:00Z,Imports & Exports,4678.000,Elexon BMRS FUELHH
2022-02-18T10:30:00Z,Nuclear,5781.000,Elexon BMRS FUELHH
2022-02-18T10:30:00Z,Other,215.000,Elexon BMRS FUELHH
2022-02-18T10:30:00Z,Pumped Storage,150.000,Elexon BMRS FUELHH
2022-02-18T10:30:00Z,Wind,12194.000,Elexon BMRS FUELHH
2022-02-18T11:00:00Z,Biomass,2071.000,Elexon BMRS FUELHH
2022-02-18T11:00:00Z,Coal,484.000,Elexon BMRS FUELHH
2022-02-18T11:00:00Z,Gas,8853.000,Elexon BMRS FUELHH
2022-02-18T11:00:00Z,Hydro,823.000,Elexon BMRS FUELHH
2022-02-18T11:00:00Z,Imports & Exports,4970.000,Elexon BMRS FUELHH
2022-02-18T11:00:00Z,Nuclear,5784.000,Elexon BMRS FUELHH
2022-02-18T11:00:00Z,Other,215.000,Elexon BMRS FUELHH
2022-02-18T11:00:00Z,Pumped Storage,400.000,Elexon BMRS FUELHH
2022-02-18T11:00:00Z,Wind,12181.000,Elexon BMRS FUELHH
2022-02-18T11:30:00Z,Biomass,2074.000,Elexon BMRS FUELHH
2022-02-18T11:30:00Z,Coal,467.000,Elexon BMRS FUELHH
2022-02-18T11:30:00Z,Gas,9194.000,Elexon BMRS FUELHH
2022-02-18T11:30:00Z,Hydro,806.000,Elexon BMRS FUELHH
2022-02-18T11:30:00Z,Imports & Exports,5034.000,Elexon BMRS FUELHH
2022-02-18T11:30:00Z,Nuclear,5787.000,Elexon BMRS FUELHH
2022-02-18T11:30:00Z,Other,200.000,Elexon BMRS FUELHH
2022-02-18T11:30:00Z,Pumped Storage,8.000,Elexon BMRS FUELHH
2022-02-18T11:30:00Z,Wind,12655.000,Elexon BMRS FUELHH
2022-02-18T12:00:00Z,Biomass,2118.000,Elexon BMRS FUELHH
2022-02-18T12:00:00Z,Coal,486.000,Elexon BMRS FUELHH
2022-02-18T12:00:00Z,Gas,9533.000,Elexon BMRS FUELHH
2022-02-18T12:00:00Z,Hydro,782.000,Elexon BMRS FUELHH
2022-02-18T12:00:00Z,Imports & Exports,4694.000,Elexon BMRS FUELHH
2022-02-18T12:00:00Z,Nuclear,5787.000,Elexon BMRS FUELHH
2022-02-18T12:00:00Z,Other,203.000,Elexon BMRS FUELHH
2022-02-18T12:00:00Z,Pumped Storage,88.000,Elexon BMRS FUELHH
2022-02-18T12:00:00Z,Wind,12783.000,Elexon BMRS FUELHH
2022-02-18T12:30:00Z,Biomass,2109.000,Elexon BMRS FUELHH
2022-02-18T12:30:00Z,Coal,548.000,Elexon BMRS FUELHH
2022-02-18T12:30:00Z,Gas,9973.000,Elexon BMRS FUELHH
2022-02-18T12:30:00Z,Hydro,775.000,Elexon BMRS FUELHH
2022-02-18T12:30:00Z,Imports & Exports,4552.000,Elexon BMRS FUELHH
2022-02-18T12:30:00Z,Nuclear,5790.000,Elexon BMRS FUELHH
2022-02-18T12:30:00Z,Other,174.000,Elexon BMRS FUELHH
2022-02-18T12:30:00Z,Pumped Storage,256.000,Elexon BMRS FUELHH
2022-02-18T12:30:00Z,Wind,11874.000,Elexon BMRS FUELHH
2022-02-18T13:00:00Z,Biomass,2117.000,Elexon BMRS FUELHH
2022-02-18T13:00:00Z,Coal,646.000,Elexon BMRS FUELHH
2022-02-18T13:00:00Z,Gas,9483.000,Elexon BMRS FUELHH
2022-02-18T13:00:00Z,Hydro,698.000,Elexon BMRS FUELHH
2022-02-18T13:00:00Z,Imports & Exports,4694.000,Elexon BMRS FUELHH
2022-02-18T13:00:00Z,Nuclear,5790.000,Elexon BMRS FUELHH
2022-02-18T13:00:00Z,Other,180.000,Elexon BMRS FUELHH
2022-02-18T13:00:00Z,Pumped Storage,166.000,Elexon BMRS FUELHH
2022-02-18T13:00:00Z,Wind,11157.000,Elexon BMRS FUELHH
2022-02-18T13:30:00Z,Biomass,2121.000,Elexon BMRS FUELHH
2022-02-18T13:30:00Z,Coal,570.000,Elexon BMRS FUELHH
2022-02-18T13:30:00Z,Gas,9279.000,Elexon BMRS FUELHH
2022-02-18T13:30:00Z,Hydro,707.000,Elexon BMRS FUELHH
2022-02-18T13:30:00Z,Imports & Exports,4716.000,Elexon BMRS FUELHH
2022-02-18T13:30:00Z,Nuclear,5306.000,Elexon BMRS FUELHH
2022-02-18T13:30:00Z,Other,183.000,Elexon BMRS FUELHH
2022-02-18T13:30:00Z,Pumped Storage,410.000,Elexon BMRS FUELHH
2022-02-18T13:30:00Z,Wind,10971.000,Elexon BMRS FUELHH
2022-02-18T14:00:00Z,Biomass,2122.000,Elexon BMRS FUELHH
2022-02-18T14:00:00Z,Coal,842.000,Elexon BMRS FUELHH
2022-02-18T14:00:00Z,Gas,9685.000,Elexon BMRS FUELHH
2022-02-18T14:00:00Z,Hydro,717.000,Elexon BMRS FUELHH
2022-02-18T14:00:00Z,Imports & Exports,4102.000,Elexon BMRS FUELHH
2022-02-18T14:00:00Z,Nuclear,5118.000,Elexon BMRS FUELHH
2022-02-18T14:00:00Z,Other,173.000,Elexon BMRS FUELHH
2022-02-18T14:00:00Z,Pumped Storage,714.000,Elexon BMRS FUELHH
2022-02-18T14:00:00Z,Wind,10438.000,Elexon BMRS FUELHH
2022-02-18T14:30:00Z,Biomass,2119.000,Elexon BMRS FUELHH
2022-02-18T14:30:00Z,Coal,1213.000,Elexon BMRS FUELHH
2022-02-18T14:30:00Z,Gas,10204.000,Elexon BMRS FUELHH
2022-02-18T14:30:00Z,Hydro,720.000,Elexon BMRS FUELHH
2022-02-18T14:30:00Z,Imports & Exports,4052.000,Elexon BMRS FUELHH
2022-02-18T14:30:00Z,Nuclear,5116.000,Elexon BMRS FUELHH
2022-02-18T14:30:00Z,Other,170.000,Elexon BMRS FUELHH
2022-02-18T14:30:00Z,Pumped Storage,338.000,Elexon BMRS FUELHH
2022-02-18T14:30:00Z,Wind,9933.000,Elexon BMRS FUELHH
2022-02-18T15:00:00Z,Biomass,2121.000,Elexon BMRS FUELHH
2022-02-18T15:00:00Z,Coal,1362.000,Elexon BMRS FUELHH
2022-02-18T15:00:00Z,Gas,10645.000,Elexon BMRS FUELHH
2022-02-18T15:00:00Z,Hydro,743.000,Elexon BMRS FUELHH
2022-02-18T15:00:00Z,Imports & Exports,3060.000,Elexon BMRS FUELHH
2022-02-18T15:00:00Z,Nuclear,5115.000,Elexon BMRS FUELHH
2022-02-18T15:00:00Z,Other,188.000,Elexon BMRS FUELHH
2022-02-18T15:00:00Z,Pumped Storage,-18.000,Elexon BMRS FUELHH
2022-02-18T15:00:00Z,Wind,9954.000,Elexon BMRS FUELHH
2022-02-18T15:30:00Z,Biomass,2129.000,Elexon BMRS FUELHH
2022-02-18T15:30:00Z,Coal,1385.000,Elexon BMRS FUELHH
2022-02-18T15:30:00Z,Gas,11073.000,Elexon BMRS FUELHH
2022-02-18T15:30:00Z,Hydro,947.000,Elexon BMRS FUELHH
2022-02-18T15:30:00Z,Imports & Exports,2296.000,Elexon BMRS FUELHH
2022-02-18T15:30:00Z,Nuclear,5108.000,Elexon BMRS FUELHH
2022-02-18T15:30:00Z,Other,263.000,Elexon BMRS FUELHH
2022-02-18T15:30:00Z,Pumped Storage,-20.000,Elexon BMRS FUELHH
2022-02-18T15:30:00Z,Wind,9556.000,Elexon BMRS FUELHH
2022-02-18T16:00:00Z,Biomass,2120.000,Elexon BMRS FUELHH
2022-02-18T16:00:00Z,Coal,1379.000,Elexon BMRS FUELHH
2022-02-18T16:00:00Z,Gas,11378.000,Elexon BMRS FUELHH
2022-02-18T16:00:00Z,Hydro,1065.000,Elexon BMRS FUELHH
2022-02-18T16:00:00Z,Imports & Exports,2422.000,Elexon BMRS FUELHH
2022-02-18T16:00:00Z,Nuclear,5107.000,Elexon BMRS FUELHH
2022-02-18T16:00:00Z,Other,376.000,Elexon BMRS FUELHH
2022-02-18T16:00:00Z,Pumped Storage,146.000,Elexon BMRS FUELHH
2022-02-18T16:00:00Z,Wind,9516.000,Elexon BMRS FUELHH
2022-02-18T16:30:00Z,Biomass,2106.000,Elexon BMRS FUELHH
2022-02-18T16:30:00Z,Coal,1371.000,Elexon BMRS FUELHH
2022-02-18T16:30:00Z,Gas,11877.000,Elexon BMRS FUELHH
2022-02-18T16:30:00Z,Hydro,1074.000,Elexon BMRS FUELHH
2022-02-18T16:30:00Z,Imports & Exports,690.000,Elexon BMRS FUELHH
2022-02-18T16:30:00Z,Nuclear,5121.000,Elexon BMRS FUELHH
2022-02-18T16:30:00Z,Other,441.000,Elexon BMRS FUELHH
2022-02-18T16:30:00Z,Pumped Storage,762.000,Elexon BMRS FUELHH
2022-02-18T16:30:00Z,Wind,9458.000,Elexon BMRS FUELHH
2022-02-18T17:00:00Z,Biomass,2119.000,Elexon BMRS FUELHH
2022-02-18T17:00:00Z,Coal,1375.000,Elexon BMRS FUELHH
2022-02-18T17:00:00Z,Gas,11988.000,Elexon BMRS FUELHH
2022-02-18T17:00:00Z,Hydro,1085.000,Elexon BMRS FUELHH
2022-02-18T17:00:00Z,Imports & Exports,4430.000,Elexon BMRS FUELHH
2022-02-18T17:00:00Z,Nuclear,5205.000,Elexon BMRS FUELHH
2022-02-18T17:00:00Z,Other,503.000,Elexon BMRS FUELHH
2022-02-18T17:00:00Z,Pumped Storage,1432.000,Elexon BMRS FUELHH
2022-02-18T17:00:00Z,Wind,9346.000,Elexon BMRS FUELHH
2022-02-18T17:30:00Z,Biomass,2126.000,Elexon BMRS FUELHH
2022-02-18T17:30:00Z,Coal,1384.000,Elexon BMRS FUELHH
2022-02-18T17:30:00Z,Gas,12218.000,Elexon BMRS FUELHH
2022-02-18T17:30:00Z,Hydro,1084.000,Elexon BMRS FUELHH
2022-02-18T17:30:00Z,Imports & Exports,4498.000,Elexon BMRS FUELHH
2022-02-18T17:30:00Z,Nuclear,5239.000,Elexon BMRS FUELHH
2022-02-18T17:30:00Z,Other,678.000,Elexon BMRS FUELHH
2022-02-18T17:30:00Z,Pumped Storage,2198.000,Elexon BMRS FUELHH
2022-02-18T17:30:00Z,Wind,9273.000,Elexon BMRS FUELHH
2022-02-18T18:00:00Z,Biomass,2115.000,Elexon BMRS FUELHH
2022-02-18T18:00:00Z,Coal,1376.000,Elexon BMRS FUELHH
2022-02-18T18:00:00Z,Gas,12656.000,Elexon BMRS FUELHH
2022-02-18T18:00:00Z,Hydro,1084.000,Elexon BMRS FUELHH
2022-02-18T18:00:00Z,Imports & Exports,4330.000,Elexon BMRS FUELHH
2022-02-18T18:00:00Z,Nuclear,5240.000,Elexon BMRS FUELHH
2022-02-18T18:00:00Z,Other,657.000,Elexon BMRS FUELHH
2022-02-18T18:00:00Z,Pumped Storage,2162.000,Elexon BMRS FUELHH
2022-02-18T18:00:00Z,Wind,9030.000,Elexon BMRS FUELHH
2022-02-18T18:30:00Z,Biomass,2105.000,Elexon BMRS FUELHH
2022-02-18T18:30:00Z,Coal,1375.000,Elexon BMRS FUELHH
2022-02-18T18:30:00Z,Gas,12543.000,Elexon BMRS FUELHH
2022-02-18T18:30:00Z,Hydro,1083.000,Elexon BMRS FUELHH
2022-02-18T18:30:00Z,Imports & Exports,4172.000,Elexon BMRS FUELHH
2022-02-18T18:30:00Z,Nuclear,5239.000,Elexon BMRS FUELHH
2022-02-18T18:30:00Z,Other,589.000,Elexon BMRS FUELHH
2022-02-18T18:30:00Z,Pumped Storage,1770.000,Elexon BMRS FUELHH
2022-02-18T18:30:00Z,Wind,9158.000,Elexon BMRS FUELHH
2022-02-18T19:00:00Z,Biomass,2119.000,Elexon BMRS FUELHH
2022-02-18T19:00:00Z,Coal,1355.000,Elexon BMRS FUELHH
2022-02-18T19:00:00Z,Gas,12104.000,Elexon BMRS FUELHH
2022-02-18T19:00:00Z,Hydro,1088.000,Elexon BMRS FUELHH
2022-02-18T19:00:00Z,Imports & Exports,4376.000,Elexon BMRS FUELHH
2022-02-18T19:00:00Z,Nuclear,5240.000,Elexon BMRS FUELHH
2022-02-18T19:00:00Z,Other,417.000,Elexon BMRS FUELHH
2022-02-18T19:00:00Z,Pumped Storage,776.000,Elexon BMRS FUELHH
2022-02-18T19:00:00Z,Wind,9170.000,Elexon BMRS FUELHH
2022-02-18T19:30:00Z,Biomass,2119.000,Elexon BMRS FUELHH
2022-02-18T19:30:00Z,Coal,1039.000,Elexon BMRS FUELHH
2022-02-18T19:30:00Z,Gas,11245.000,Elexon BMRS FUELHH
2022-02-18T19:30:00Z,Hydro,1088.000,Elexon BMRS FUELHH
2022-02-18T19:30:00Z,Imports & Exports,4336.000,Elexon BMRS FUELHH
2022-02-18T19:30:00Z,Nuclear,5238.000,Elexon BMRS FUELHH
2022-02-18T19:30:00Z,Other,268.000,Elexon BMRS FUELHH
2022-02-18T19:30:00Z,Pumped Storage,260.000,Elexon BMRS FUELHH
2022-02-18T19:30:00Z,Wind,9584.000,Elexon BMRS FUELHH
2022-02-18T20:00:00Z,Biomass,2117.000,Elexon BMRS FUELHH
2022-02-18T20:00:00Z,Coal,765.000,Elexon BMRS FUELHH
2022-02-18T20:00:00Z,Gas,9778.000,Elexon BMRS FUELHH
2022-02-18T20:00:00Z,Hydro,946.000,Elexon BMRS FUELHH
2022-02-18T20:00:00Z,Imports & Exports,5250.000,Elexon BMRS FUELHH
2022-02-18T20:00:00Z,Nuclear,5237.000,Elexon BMRS FUELHH
2022-02-18T20:00:00Z,Other,184.000,Elexon BMRS FUELHH
2022-02-18T20:00:00Z,Pumped Storage,168.000,Elexon BMRS FUELHH
2022-02-18T20:00:00Z,Wind,9958.000,Elexon BMRS FUELHH
2022-02-18T20:30:00Z,Biomass,2117.000,Elexon BMRS FUELHH
2022-02-18T20:30:00Z,Coal,602.000,Elexon BMRS FUELHH
2022-02-18T20:30:00Z,Gas,8499.000,Elexon BMRS FUELHH
2022-02-18T20:30:00Z,Hydro,945.000,Elexon BMRS FUELHH
2022-02-18T20:30:00Z,Imports & Exports,5206.000,Elexon BMRS FUELHH
2022-02-18T20:30:00Z,Nuclear,5234.000,Elexon BMRS FUELHH
2022-02-18T20:30:00Z,Other,163.000,Elexon BMRS FUELHH
2022-02-18T20:30:00Z,Pumped Storage,-12.000,Elexon BMRS FUELHH
2022-02-18T20:30:00Z,Wind,10403.000,Elexon BMRS FUELHH
2022-02-18T21:00:00Z,Biomass,2118.000,Elexon BMRS FUELHH
2022-02-18T21:00:00Z,Coal,394.000,Elexon BMRS FUELHH
2022-02-18T21:00:00Z,Gas,6918.000,Elexon BMRS FUELHH
2022-02-18T21:00:00Z,Hydro,795.000,Elexon BMRS FUELHH
2022-02-18T21:00:00Z,Imports & Exports,5492.000,Elexon BMRS FUELHH
2022-02-18T21:00:00Z,Nuclear,5235.000,Elexon BMRS FUELHH
2022-02-18T21:00:00Z,Other,143.000,Elexon BMRS FUELHH
2022-02-18T21:00:00Z,Pumped Storage,-12.000,Elexon BMRS FUELHH
2022-02-18T21:00:00Z,Wind,10794.000,Elexon BMRS FUELHH
2022-02-18T21:30:00Z,Biomass,2089.000,Elexon BMRS FUELHH
2022-02-18T21:30:00Z,Coal,267.000,Elexon BMRS FUELHH
2022-02-18T21:30:00Z,Gas,5604.000,Elexon BMRS FUELHH
2022-02-18T21:30:00Z,Hydro,765.000,Elexon BMRS FUELHH
2022-02-18T21:30:00Z,Imports & Exports,5256.000,Elexon BMRS FUELHH
2022-02-18T21:30:00Z,Nuclear,5241.000,Elexon BMRS FUELHH
2022-02-18T21:30:00Z,Other,152.000,Elexon BMRS FUELHH
2022-02-18T21:30:00Z,Pumped Storage,16.000,Elexon BMRS FUELHH
2022-02-18T21:30:00Z,Wind,10891.000,Elexon BMRS FUELHH
2022-02-18T22:00:00Z,Biomass,2074.000,Elexon BMRS FUELHH
2022-02-18T22:00:00Z,Coal,0.000,Elexon BMRS FUELHH
2022-02-18T22:00:00Z,Gas,4763.000,Elexon BMRS FUELHH
2022-02-18T22:00:00Z,Hydro,735.000,Elexon BMRS FUELHH
2022-02-18T22:00:00Z,Imports & Exports,4524.000,Elexon BMRS FUELHH
2022-02-18T22:00:00Z,Nuclear,5245.000,Elexon BMRS FUELHH
2022-02-18T22:00:00Z,Other,154.000,Elexon BMRS FUELHH
2022-02-18T22:00:00Z,Pumped Storage,46.000,Elexon BMRS FUELHH
2022-02-18T22:00:00Z,Wind,10918.000,Elexon BMRS FUELHH
2022-02-18T22:30:00Z,Biomass,1784.000,Elexon BMRS FUELHH
2022-02-18T22:30:00Z,Coal,0.000,Elexon BMRS FUELHH
2022-02-18T22:30:00Z,Gas,3442.000,Elexon BMRS FUELHH
2022-02-18T22:30:00Z,Hydro,670.000,Elexon BMRS FUELHH
2022-02-18T22:30:00Z,Imports & Exports,4386.000,Elexon BMRS FUELHH
2022-02-18T22:30:00Z,Nuclear,5251.000,Elexon BMRS FUELHH
2022-02-18T22:30:00Z,Other,150.000,Elexon BMRS FUELHH
2022-02-18T22:30:00Z,Pumped Storage,-284.000,Elexon BMRS FUELHH
2022-02-18T22:30:00Z,Wind,11547.000,Elexon BMRS FUELHH
2022-02-18T23:00:00Z,Biomass,1449.000,Elexon BMRS FUELHH
2022-02-18T23:00:00Z,Coal,0.000,Elexon BMRS FUELHH
2022-02-18T23:00:00Z,Gas,3502.000,Elexon BMRS FUELHH
2022-02-18T23:00:00Z,Hydro,558.000,Elexon BMRS FUELHH
2022-02-18T23:00:00Z,Imports & Exports,2982.000,Elexon BMRS FUELHH
2022-02-18T23:00:00Z,Nuclear,5270.000,Elexon BMRS FUELHH
2022-02-18T23:00:00Z,Other,154.000,Elexon BMRS FUELHH
2022-02-18T23:00:00Z,Pumped Storage,-720.000,Elexon BMRS FUELHH
2022-02-18T23:00:00Z,Wind,12060.000,Elexon BMRS FUELHH
2022-02-18T23:30:00Z,Biomass,1295.000,Elexon BMRS FUELHH
2022-02-18T23:30:00Z,Coal,0.000,Elexon BMRS FUELHH
2022-02-18T23:30:00Z,Gas,2818.000,Elexon BMRS FUELHH
2022-02-18T23:30:00Z,Hydro,543.000,Elexon BMRS FUELHH
2022-02-18T23:30:00Z,Imports & Exports,2772.000,Elexon BMRS FUELHH
2022-02-18T23:30:00Z,Nuclear,5279.000,Elexon BMRS FUELHH
2022-02-18T23:30:00Z,Other,149.000,Elexon BMRS FUELHH
2022-02-18T23:30:00Z,Pumped Storage,-828.000,Elexon BMRS FUELHH
2022-02-18T23:30:00Z,Wind,12439.000,Elexon BMRS FUELHH
2022-02-19T00:00:00Z,Biomass,1157.000,Elexon BMRS FUELHH
2022-02-19T00:00:00Z,Coal,0.000,Elexon BMRS FUELHH
2022-02-19T00:00:00Z,Gas,2638.000,Elexon BMRS FUELHH
2022-02-19T00:00:00Z,Hydro,547.000,Elexon BMRS FUELHH
2022-02-19T00:00:00Z,Imports & Exports,2990.000,Elexon BMRS FUELHH
2022-02-19T00:00:00Z,Nuclear,5278.000,Elexon BMRS FUELHH
2022-02-19T00:00:00Z,Other,148.000,Elexon BMRS FUELHH
2022-02-19T00:00:00Z,Pumped Storage,-1158.000,Elexon BMRS FUELHH
2022-02-19T00:00:00Z,Wind,12798.000,Elexon BMRS FUELHH
2022-02-19T00:30:00Z,Biomass,1105.000,Elexon BMRS FUELHH
2022-02-19T00:30:00Z,Coal,0.000,Elexon BMRS FUELHH
2022-02-19T00:30:00Z,Gas,2776.000,Elexon BMRS FUELHH
2022-02-19T00:30:00Z,Hydro,547.000,Elexon BMRS FUELHH
2022-02-19T00:30:00Z,Imports & Exports,3126.000,Elexon BMRS FUELHH
2022-02-19T00:30:00Z,Nuclear,5278.000,Elexon BMRS FUELHH
2022-02-19T00:30:00Z,Other,155.000,Elexon BMRS FUELHH
2022-02-19T00:30:00Z,Pumped Storage,-1084.000,Elexon BMRS FUELHH
2022-02-19T00:30:00Z,Wind,12991.000,Elexon BMRS FUELHH
2022-02-19T01:00:00Z,Biomass,1103.000,Elexon BMRS FUELHH
2022-02-19T01:00:00Z,Coal,0.000,Elexon BMRS FUELHH
2022-02-19T01:00:00Z,Gas,2896.000,Elexon BMRS FUELHH
2022-02-19T01:00:00Z,Hydro,524.000,Elexon BMRS FUELHH
2022-02-19T01:00:00Z,Imports & Exports,2922.000,Elexon BMRS FUELHH
2022-02-19T01:00:00Z,Nuclear,5274.000,Elexon BMRS FUELHH
2022-02-19T01:00:00Z,Other,154.000,Elexon BMRS FUELHH
2022-02-19T01:00:00Z,Pumped Storage,-1372.000,Elexon BMRS FUELHH
2022-02-19T01:00:00Z,Wind,12987.000,Elexon BMRS FUELHH
2022-02-19T01:30:00Z,Biomass,1100.000,Elexon BMRS FUELHH
2022-02-19T01:30:00Z,Coal,0.000,Elexon BMRS FUELHH
2022-02-19T01:30:00Z,Gas,2743.000,Elexon BMRS FUELHH
2022-02-19T01:30:00Z,Hydro,517.000,Elexon BMRS FUELHH
2022-02-19T01:30:00Z,Imports & Exports,2650.000,Elexon BMRS FUELHH
2022-02-19T01:30:00Z,Nuclear,5272.000,Elexon BMRS FUELHH
2022-02-19T01:30:00Z,Other,150.000,Elexon BMRS FUELHH
2022-02-19T01:30:00Z,Pumped Storage,-1638.000,Elexon BMRS FUELHH
2022-02-19T01:30:00Z,Wind,12864.000,Elexon BMRS FUELHH
2022-02-19T02:00:00Z,Biomass,1101.000,Elexon BMRS FUELHH
2022-02-19T02:00:00Z,Coal,0.000,Elexon BMRS FUELHH
2022-02-19T02:00:00Z,Gas,2743.000,Elexon BMRS FUELHH
2022-02-19T02:00:00Z,Hydro,516.000,Elexon BMRS FUELHH
2022-02-19T02:00:00Z,Imports & Exports,2038.000,Elexon BMRS FUELHH
2022-02-19T02:00:00Z,Nuclear,5266.000,Elexon BMRS FUELHH
2022-02-19T02:00:00Z,Other,151.000,Elexon BMRS FUELHH
2022-02-19T02:00:00Z,Pumped Storage,-1660.000,Elexon BMRS FUELHH
2022-02-19T02:00:00Z,Wind,12946.000,Elexon BMRS FUELHH
2022-02-19T02:30:00Z,Biomass,1102.000,Elexon BMRS FUELHH
2022-02-19T02:30:00Z,Coal,0.000,Elexon BMRS FUELHH
2022-02-19T02:30:00Z,Gas,2820.000,Elexon BMRS FUELHH
2022-02-19T02:30:00Z,Hydro,507.000,Elexon BMRS FUELHH
2022-02-19T02:30:00Z,Imports & Exports,1834.000,Elexon BMRS FUELHH
2022-02-19T02:30:00Z,Nuclear,5260.000,Elexon BMRS FUELHH
2022-02-19T02:30:00Z,Other,153.000,Elexon BMRS FUELHH
2022-02-19T02:30:00Z,Pumped Storage,-1732.000,Elexon BMRS FUELHH
2022-02-19T02:30:00Z,Wind,12850.000,Elexon BMRS FUELHH
2022-02-19T03:00:00Z,Biomass,1102.000,Elexon BMRS FUELHH
2022-02-19T03:00:00Z,Coal,0.000,Elexon BMRS FUELHH
2022-02-19T03:00:00Z,Gas,2844.000,Elexon BMRS FUELHH
2022-02-19T03:00:00Z,Hydro,494.000,Elexon BMRS FUELHH
2022-02-19T03:00:00Z,Imports & Exports,1596.000,Elexon BMRS FUELHH
2022-02-19T03:00:00Z,Nuclear,5261.000,Elexon BMRS FUELHH
2022-02-19T03:00:00Z,Other,152.000,Elexon BMRS FUELHH
2022-02-19T03:00:00Z,Pumped Storage,-1832.000,Elexon BMRS FUELHH
2022-02-19T03:00:00Z,Wind,12744.000,Elexon BMRS FUELHH
2022-02-19T03:30:00Z,Biomass,1101.000,Elexon BMRS FUELHH
2022-02-19T03:30:00Z,Coal,0.000,Elexon BMRS FUELHH
2022-02-19T03:30:00Z,Gas,2824.000,Elexon BMRS FUELHH
2022-02-19T03:30:00Z,Hydro,502.000,Elexon BMRS FUELHH
2022-02-19T03:30:00Z,Imports & Exports,1468.000,Elexon BMRS FUELHH
2022-02-19T03:30:00Z,Nuclear,5261.000,Elexon BMRS FUELHH
2022-02-19T03:30:00Z,Other,148.000,Elexon BMRS FUELHH
2022-02-19T03:30:00Z,Pumped Storage,-1868.000,Elexon BMRS FUELHH
2022-02-19T03:30:00Z,Wind,12524.000,Elexon BMRS FUELHH
2022-02-19T04:00:00Z,Biomass,1102.000,Elexon BMRS FUELHH
2022-02-19T04:00:00Z,Coal,0.000,Elexon BMRS FUELHH
2022-02-19T04:00:00Z,Gas,2836.000,Elexon BMRS FUELHH
2022-02-19T04:00:00Z,Hydro,497.000,Elexon BMRS FUELHH
2022-02-19T04:00:00Z,Imports & Exports,1388.000,Elexon BMRS FUELHH
2022-02-19T04:00:00Z,Nuclear,5260.000,Elexon BMRS FUELHH
2022-02-19T04:00:00Z,Other,155.000,Elexon BMRS FUELHH
2022-02-19T04:00:00Z,Pumped Storage,-1966.000,Elexon BMRS FUELHH
2022-02-19T04:00:00Z,Wind,12317.000,Elexon BMRS FUELHH
2022-02-19T04:30:00Z,Biomass,1104.000,Elexon BMRS FUELHH
2022-02-19T04:30:00Z,Coal,0.000,Elexon BMRS FUELHH
2022-02-19T04:30:00Z,Gas,2727.000,Elexon BMRS FUELHH
2022-02-19T04:30:00Z,Hydro,509.000,Elexon BMRS FUELHH
2022-02-19T04:30:00Z,Imports & Exports,1500.000,Elexon BMRS FUELHH
2022-02-19T04:30:00Z,Nuclear,5264.000,Elexon BMRS FUELHH
2022-02-19T04:30:00Z,Other,150.000,Elexon BMRS FUELHH
2022-02-19T04:30:00Z,Pumped Storage,-1978.000,Elexon BMRS FUELHH
2022-02-19T04:30:00Z,Wind,12262.000,Elexon BMRS FUELHH
2022-02-19T05:00:00Z,Biomass,1104.000,Elexon BMRS FUELHH
2022-02-19T05:00:00Z,Coal,0.000,Elexon BMRS FUELHH
2022-02-19T05:00:00Z,Gas,3011.000,Elexon BMRS FUELHH
2022-02-19T05:00:00Z,Hydro,562.000,Elexon BMRS FUELHH
2022-02-19T05:00:00Z,Imports & Exports,1140.000,Elexon BMRS FUELHH
2022-02-19T05:00:00Z,Nuclear,5261.000,Elexon BMRS FUELHH
2022-02-19T05:00:00Z,Other,157.000,Elexon BMRS FUELHH
2022-02-19T05:00:00Z,Pumped Storage,-1718.000,Elexon BMRS FUELHH
2022-02-19T05:00:00Z,Wind,12191.000,Elexon BMRS FUELHH
2022-02-19T05:30:00Z,Biomass,1103.000,Elexon BMRS FUELHH
2022-02-19T05:30:00Z,Coal,0.000,Elexon BMRS FUELHH
2022-02-19T05:30:00Z,Gas,3208.000,Elexon BMRS FUELHH
2022-02-19T05:30:00Z,Hydro,569.000,Elexon BMRS FUELHH
2022-02-19T05:30:00Z,Imports & Exports,1366.000,Elexon BMRS FUELHH
2022-02-19T05:30:00Z,Nuclear,5266.000,Elexon BMRS FUELHH
2022-02-19T05:30:00Z,Other,156.000,Elexon BMRS FUELHH
2022-02-19T05:30:00Z,Pumped Storage,-1602.000,Elexon BMRS FUELHH
2022-02-19T05:30:00Z,Wind,12277.000,Elexon BMRS FUELHH
2022-02-19T06:00:00Z,Biomass,1219.000,Elexon BMRS FUELHH
2022-02-19T06:00:00Z,Coal,0.000,Elexon BMRS FUELHH
2022-02-19T06:00:00Z,Gas,3049.000,Elexon BMRS FUELHH
2022-02-19T06:00:00Z,Hydro,596.000,Elexon BMRS FUELHH
2022-02-19T06:00:00Z,Imports & Exports,2712.000,Elexon BMRS FUELHH
2022-02-19T06:00:00Z,Nuclear,5271.000,Elexon BMRS FUELHH
2022-02-19T06:00:00Z,Other,149.000,Elexon BMRS FUELHH
2022-02-19T06:00:00Z,Pumped Storage,-1500.000,Elexon BMRS FUELHH
2022-02-19T06:00:00Z,Wind,12421.000,Elexon BMRS FUELHH
2022-02-19T06:30:00Z,Biomass,1449.000,Elexon BMRS FUELHH
2022-02-19T06:30:00Z,Coal,17.000,Elexon BMRS FUELHH
2022-02-19T06:30:00Z,Gas,3012.000,Elexon BMRS FUELHH
2022-02-19T06:30:00Z,Hydro,605.000,Elexon BMRS FUELHH
2022-02-19T06:30:00Z,Imports & Exports,3030.000,Elexon BMRS FUELHH
2022-02-19T06:30:00Z,Nuclear,5268.000,Elexon BMRS FUELHH
2022-02-19T06:30:00Z,Other,159.000,Elexon BMRS FUELHH
2022-02-19T06:30:00Z,Pumped Storage,-742.000,Elexon BMRS FUELHH
2022-02-19T06:30:00Z,Wind,12274.000,Elexon BMRS FUELHH
2022-02-19T07:00:00Z,Biomass,1401.000,Elexon BMRS FUELHH
2022-02-19T07:00:00Z,Coal,43.000,Elexon BMRS FUELHH
2022-02-19T07:00:00Z,Gas,3091.000,Elexon BMRS FUELHH
2022-02-19T07:00:00Z,Hydro,633.000,Elexon BMRS FUELHH
2022-02-19T07:00:00Z,Imports & Exports,4542.000,Elexon BMRS FUELHH
2022-02-19T07:00:00Z,Nuclear,5275.000,Elexon BMRS FUELHH
2022-02-19T07:00:00Z,Other,153.000,Elexon BMRS FUELHH
2022-02-19T07:00:00Z,Pumped Storage,-276.000,Elexon BMRS FUELHH
2022-02-19T07:00:00Z,Wind,11808.000,Elexon BMRS FUELHH
2022-02-19T07:30:00Z,Biomass,1328.000,Elexon BMRS FUELHH
2022-02-19T07:30:00Z,Coal,230.000,Elexon BMRS FUELHH
2022-02-19T07:30:00Z,Gas,3579.000,Elexon BMRS FUELHH
2022-02-19T07:30:00Z,Hydro,737.000,Elexon BMRS FUELHH
2022-02-19T07:30:00Z,Imports & Exports,4618.000,Elexon BMRS FUELHH
2022-02-19T07:30:00Z,Nuclear,5276.000,Elexon BMRS FUELHH
2022-02-19T07:30:00Z,Other,152.000,Elexon BMRS FUELHH
2022-02-19T07:30:00Z,Pumped Storage,-20.000,Elexon BMRS FUELHH
2022-02-19T07:30:00Z,Wind,11829.000,Elexon BMRS FUELHH
2022-02-19T08:00:00Z,Biomass,1403.000,Elexon BMRS FUELHH
2022-02-19T08:00:00Z,Coal,498.000,Elexon BMRS FUELHH
2022-02-19T08:00:00Z,Gas,5200.000,Elexon BMRS FUELHH
2022-02-19T08:00:00Z,Hydro,955.000,Elexon BMRS FUELHH
2022-02-19T08:00:00Z,Imports & Exports,4428.000,Elexon BMRS FUELHH
2022-02-19T08:00:00Z,Nuclear,5271.000,Elexon BMRS FUELHH
2022-02-19T08:00:00Z,Other,161.000,Elexon BMRS FUELHH
2022-02-19T08:00:00Z,Pumped Storage,94.000,Elexon BMRS FUELHH
2022-02-19T08:00:00Z,Wind,10856.000,Elexon BMRS FUELHH
2022-02-19T08:30:00Z,Biomass,1494.000,Elexon BMRS FUELHH
2022-02-19T08:30:00Z,Coal,768.000,Elexon BMRS FUELHH
2022-02-19T08:30:00Z,Gas,6871.000,Elexon BMRS FUELHH
2022-02-19T08:30:00Z,Hydro,990.000,Elexon BMRS FUELHH
2022-02-19T08:30:00Z,Imports & Exports,4478.000,Elexon BMRS FUELHH
2022-02-19T08:30:00Z,Nuclear,5269.000,Elexon BMRS FUELHH
2022-02-19T08:30:00Z,Other,169.000,Elexon BMRS FUELHH
2022-02-19T08:30:00Z,Pumped Storage,174.000,Elexon BMRS FUELHH
2022-02-19T08:30:00Z,Wind,10031.000,Elexon BMRS FUELHH
2022-02-19T09:00:00Z,Biomass,1483.000,Elexon BMRS FUELHH
2022-02-19T09:00:00Z,Coal,1259.000,Elexon BMRS FUELHH
2022-02-19T09:00:00Z,Gas,8590.000,Elexon BMRS FUELHH
2022-02-19T09:00:00Z,Hydro,992.000,Elexon BMRS FUELHH
2022-02-19T09:00:00Z,Imports & Exports,4992.000,Elexon BMRS FUELHH
2022-02-19T09:00:00Z,Nuclear,5273.000,Elexon BMRS FUELHH
2022-02-19T09:00:00Z,Other,154.000,Elexon BMRS FUELHH
2022-02-19T09:00:00Z,Pumped Storage,292.000,Elexon BMRS FUELHH
2022-02-19T09:00:00Z,Wind,8931.000,Elexon BMRS FUELHH
2022-02-19T09:30:00Z,Biomass,1476.000,Elexon BMRS FUELHH
2022-02-19T09:30:00Z,Coal,1453.000,Elexon BMRS FUELHH
2022-02-19T09:30:00Z,Gas,9772.000,Elexon BMRS FUELHH
2022-02-19T09:30:00Z,Hydro,1022.000,Elexon BMRS FUELHH
2022-02-19T09:30:00Z,Imports & Exports,5042.000,Elexon BMRS FUELHH
2022-02-19T09:30:00Z,Nuclear,5270.000,Elexon BMRS FUELHH
2022-02-19T09:30:00Z,Other,184.000,Elexon BMRS FUELHH
2022-02-19T09:30:00Z,Pumped Storage,466.000,Elexon BMRS FUELHH
2022-02-19T09:30:00Z,Wind,8137.000,Elexon BMRS FUELHH
2022-02-19T10:00:00Z,Biomass,1475.000,Elexon BMRS FUELHH
2022-02-19T10:00:00Z,Coal,1477.000,Elexon BMRS FUELHH
2022-02-19T10:00:00Z,Gas,10754.000,Elexon BMRS FUELHH
2022-02-19T10:00:00Z,Hydro,1060.000,Elexon BMRS FUELHH
2022-02-19T10:00:00Z,Imports & Exports,5238.000,Elexon BMRS FUELHH
2022-02-19T10:00:00Z,Nuclear,5272.000,Elexon BMRS FUELHH
2022-02-19T10:00:00Z,Other,442.000,Elexon BMRS FUELHH
2022-02-19T10:00:00Z,Pumped Storage,628.000,Elexon BMRS FUELHH
2022-02-19T10:00:00Z,Wind,7645.000,Elexon BMRS FUELHH
2022-02-19T10:30:00Z,Biomass,1476.000,Elexon BMRS FUELHH
2022-02-19T10:30:00Z,Coal,1478.000,Elexon BMRS FUELHH
2022-02-19T10:30:00Z,Gas,11456.000,Elexon BMRS FUELHH
2022-02-19T10:30:00Z,Hydro,1120.000,Elexon BMRS FUELHH
2022-02-19T10:30:00Z,Imports & Exports,5238.000,Elexon BMRS FUELHH
2022-02-19T10:30:00Z,Nuclear,5265.000,Elexon BMRS FUELHH
2022-02-19T10:30:00Z,Other,448.000,Elexon BMRS FUELHH
2022-02-19T10:30:00Z,Pumped Storage,592.000,Elexon BMRS FUELHH
2022-02-19T10:30:00Z,Wind,7431.000,Elexon BMRS FUELHH
2022-02-19T11:00:00Z,Biomass,1476.000,Elexon BMRS FUELHH
2022-02-19T11:00:00Z,Coal,1480.000,Elexon BMRS FUELHH
2022-02-19T11:00:00Z,Gas,12161.000,Elexon BMRS FUELHH
2022-02-19T11:00:00Z,Hydro,1101.000,Elexon BMRS FUELHH
2022-02-19T11:00:00Z,Imports & Exports,5202.000,Elexon BMRS FUELHH
2022-02-19T11:00:00Z,Nuclear,5267.000,Elexon BMRS FUELHH
2022-02-19T11:00:00Z,Other,439.000,Elexon BMRS FUELHH
2022-02-19T11:00:00Z,Pumped Storage,650.000,Elexon BMRS FUELHH
2022-02-19T11:00:00Z,Wind,7279.000,Elexon BMRS FUELHH
2022-02-19T11:30:00Z,Biomass,1482.000,Elexon BMRS FUELHH
2022-02-19T11:30:00Z,Coal,1482.000,Elexon BMRS FUELHH
2022-02-19T11:30:00Z,Gas,12624.000,Elexon BMRS FUELHH
2022-02-19T11:30:00Z,Hydro,1101.000,Elexon BMRS FUELHH
2022-02-19T11:30:00Z,Imports & Exports,5216.000,Elexon BMRS FUELHH
2022-02-19T11:30:00Z,Nuclear,5264.000,Elexon BMRS FUELHH
2022-02-19T11:30:00Z,Other,435.000,Elexon BMRS FUELHH
2022-02-19T11:30:00Z,Pumped Storage,716.000,Elexon BMRS FUELHH
2022-02-19T11:30:00Z,Wind,6987.000,Elexon BMRS FUELHH
2022-02-19T12:00:00Z,Biomass,1476.000,Elexon BMRS FUELHH
2022-02-19T12:00:00Z,Coal,1481.000,Elexon BMRS FUELHH
2022-02-19T12:00:00Z,Gas,13012.000,Elexon BMRS FUELHH
2022-02-19T12:00:00Z,Hydro,1100.000,Elexon BMRS FUELHH
2022-02-19T12:00:00Z,Imports & Exports,5404.000,Elexon BMRS FUELHH
2022-02-19T12:00:00Z,Nuclear,5270.000,Elexon BMRS FUELHH
2022-02-19T12:00:00Z,Other,442.000,Elexon BMRS FUELHH
2022-02-19T12:00:00Z,Pumped Storage,532.000,Elexon BMRS FUELHH
2022-02-19T12:00:00Z,Wind,7094.000,Elexon BMRS FUELHH
2022-02-19T12:30:00Z,Biomass,1472.000,Elexon BMRS FUELHH
2022-02-19T12:30:00Z,Coal,1480.000,Elexon BMRS FUELHH
2022-02-19T12:30:00Z,Gas,12966.000,Elexon BMRS FUELHH
2022-02-19T12:30:00Z,Hydro,1096.000,Elexon BMRS FUELHH
2022-02-19T12:30:00Z,Imports & Exports,5418.000,Elexon BMRS FUELHH
2022-02-19T12:30:00Z,Nuclear,5268.000,Elexon BMRS FUELHH
2022-02-19T12:30:00Z,Other,445.000,Elexon BMRS FUELHH
2022-02-19T12:30:00Z,Pumped Storage,584.000,Elexon BMRS FUELHH
2022-02-19T12:30:00Z,Wind,7003.000,Elexon BMRS FUELHH
2022-02-19T13:00:00Z,Biomass,1463.000,Elexon BMRS FUELHH
2022-02-19T13:00:00Z,Coal,1482.000,Elexon BMRS FUELHH
2022-02-19T13:00:00Z,Gas,12596.000,Elexon BMRS FUELHH
2022-02-19T13:00:00Z,Hydro,1068.000,Elexon BMRS FUELHH
2022-02-19T13:00:00Z,Imports & Exports,5262.000,Elexon BMRS FUELHH
2022-02-19T13:00:00Z,Nuclear,5274.000,Elexon BMRS FUELHH
2022-02-19T13:00:00Z,Other,394.000,Elexon BMRS FUELHH
2022-02-19T13:00:00Z,Pumped Storage,288.000,Elexon BMRS FUELHH
2022-02-19T13:00:00Z,Wind,7192.000,Elexon BMRS FUELHH
2022-02-19T13:30:00Z,Biomass,1469.000,Elexon BMRS FUELHH
2022-02-19T13:30:00Z,Coal,1480.000,Elexon BMRS FUELHH
2022-02-19T13:30:00Z,Gas,12451.000,Elexon BMRS FUELHH
2022-02-19T13:30:00Z,Hydro,1068.000,Elexon BMRS FUELHH
2022-02-19T13:30:00Z,Imports & Exports,5244.000,Elexon BMRS FUELHH
2022-02-19T13:30:00Z,Nuclear,5270.000,Elexon BMRS FUELHH
2022-02-19T13:30:00Z,Other,356.000,Elexon BMRS FUELHH
2022-02-19T13:30:00Z,Pumped Storage,232.000,Elexon BMRS FUELHH
2022-02-19T13:30:00Z,Wind,6873.000,Elexon BMRS FUELHH
2022-02-19T14:00:00Z,Biomass,1474.000,Elexon BMRS FUELHH
2022-02-19T14:00:00Z,Coal,1473.000,Elexon BMRS FUELHH
2022-02-19T14:00:00Z,Gas,12297.000,Elexon BMRS FUELHH
2022-02-19T14:00:00Z,Hydro,1056.000,Elexon BMRS FUELHH
2022-02-19T14:00:00Z,Imports & Exports,5412.000,Elexon BMRS FUELHH
2022-02-19T14:00:00Z,Nuclear,5269.000,Elexon BMRS FUELHH
2022-02-19T14:00:00Z,Other,293.000,Elexon BMRS FUELHH
2022-02-19T14:00:00Z,Pumped Storage,250.000,Elexon BMRS FUELHH
2022-02-19T14:00:00Z,Wind,6174.000,Elexon BMRS FUELHH
2022-02-19T14:30:00Z,Biomass,1474.000,Elexon BMRS FUELHH
2022-02-19T14:30:00Z,Coal,1403.000,Elexon BMRS FUELHH
2022-02-19T14:30:00Z,Gas,13033.000,Elexon BMRS FUELHH
2022-02-19T14:30:00Z,Hydro,1055.000,Elexon BMRS FUELHH
2022-02-19T14:30:00Z,Imports & Exports,5386.000,Elexon BMRS FUELHH
2022-02-19T14:30:00Z,Nuclear,5274.000,Elexon BMRS FUELHH
2022-02-19T14:30:00Z,Other,217.000,Elexon BMRS FUELHH
2022-02-19T14:30:00Z,Pumped Storage,178.000,Elexon BMRS FUELHH
2022-02-19T14:30:00Z,Wind,5297.000,Elexon BMRS FUELHH
2022-02-19T15:00:00Z,Biomass,1473.000,Elexon BMRS FUELHH
2022-02-19T15:00:00Z,Coal,1398.000,Elexon BMRS FUELHH
2022-02-19T15:00:00Z,Gas,13166.000,Elexon BMRS FUELHH
2022-02-19T15:00:00Z,Hydro,1071.000,Elexon BMRS FUELHH
2022-02-19T15:00:00Z,Imports & Exports,5232.000,Elexon BMRS FUELHH
2022-02-19T15:00:00Z,Nuclear,5273.000,Elexon BMRS FUELHH
2022-02-19T15:00:00Z,Other,181.000,Elexon BMRS FUELHH
2022-02-19T15:00:00Z,Pumped Storage,366.000,Elexon BMRS FUELHH
2022-02-19T15:00:00Z,Wind,4809.000,Elexon BMRS FUELHH
2022-02-19T15:30:00Z,Biomass,1476.000,Elexon BMRS FUELHH
2022-02-19T15:30:00Z,Coal,1436.000,Elexon BMRS FUELHH
2022-02-19T15:30:00Z,Gas,13212.000,Elexon BMRS FUELHH
2022-02-19T15:30:00Z,Hydro,1093.000,Elexon BMRS FUELHH
2022-02-19T15:30:00Z,Imports & Exports,5206.000,Elexon BMRS FUELHH
2022-02-19T15:30:00Z,Nuclear,5271.000,Elexon BMRS FUELHH
2022-02-19T15:30:00Z,Other,183.000,Elexon BMRS FUELHH
2022-02-19T15:30:00Z,Pumped Storage,888.000,Elexon BMRS FUELHH
2022-02-19T15:30:00Z,Wind,4550.000,Elexon BMRS FUELHH
2022-02-19T16:00:00Z,Biomass,1469.000,Elexon BMRS FUELHH
2022-02-19T16:00:00Z,Coal,1472.000,Elexon BMRS FUELHH
2022-02-19T16:00:00Z,Gas,13449.000,Elexon BMRS FUELHH
2022-02-19T16:00:00Z,Hydro,1149.000,Elexon BMRS FUELHH
2022-02-19T16:00:00Z,Imports & Exports,5226.000,Elexon BMRS FUELHH
2022-02-19T16:00:00Z,Nuclear,5272.000,Elexon BMRS FUELHH
2022-02-19T16:00:00Z,Other,351.000,Elexon BMRS FUELHH
2022-02-19T16:00:00Z,Pumped Storage,944.000,Elexon BMRS FUELHH
2022-02-19T16:00:00Z,Wind,4731.000,Elexon BMRS FUELHH
2022-02-19T16:30:00Z,Biomass,1467.000,Elexon BMRS FUELHH
2022-02-19T16:30:00Z,Coal,1475.000,Elexon BMRS FUELHH
2022-02-19T16:30:00Z,Gas,14174.000,Elexon BMRS FUELHH
2022-02-19T16:30:00Z,Hydro,1164.000,Elexon BMRS FUELHH
2022-02-19T16:30:00Z,Imports & Exports,5288.000,Elexon BMRS FUELHH
2022-02-19T16:30:00Z,Nuclear,4811.000,Elexon BMRS FUELHH
2022-02-19T16:30:00Z,Other,706.000,Elexon BMRS FUELHH
2022-02-19T16:30:00Z,Pumped Storage,796.000,Elexon BMRS FUELHH
2022-02-19T16:30:00Z,Wind,5262.000,Elexon BMRS FUELHH
2022-02-19T17:00:00Z,Biomass,1517.000,Elexon BMRS FUELHH
2022-02-19T17:00:00Z,Coal,1434.000,Elexon BMRS FUELHH
2022-02-19T17:00:00Z,Gas,14236.000,Elexon BMRS FUELHH
2022-02-19T17:00:00Z,Hydro,1164.000,Elexon BMRS FUELHH
2022-02-19T17:00:00Z,Imports & Exports,5262.000,Elexon BMRS FUELHH
2022-02-19T17:00:00Z,Nuclear,4779.000,Elexon BMRS FUELHH
2022-02-19T17:00:00Z,Other,726.000,Elexon BMRS FUELHH
2022-02-19T17:00:00Z,Pumped Storage,1600.000,Elexon BMRS FUELHH
2022-02-19T17:00:00Z,Wind,5799.000,Elexon BMRS FUELHH
2022-02-19T17:30:00Z,Biomass,1527.000,Elexon BMRS FUELHH
2022-02-19T17:30:00Z,Coal,1414.000,Elexon BMRS FUELHH
2022-02-19T17:30:00Z,Gas,14239.000,Elexon BMRS FUELHH
2022-02-19T17:30:00Z,Hydro,1165.000,Elexon BMRS FUELHH
2022-02-19T17:30:00Z,Imports & Exports,5300.000,Elexon BMRS FUELHH
2022-02-19T17:30:00Z,Nuclear,4772.000,Elexon BMRS FUELHH
2022-02-19T17:30:00Z,Other,645.000,Elexon BMRS FUELHH
2022-02-19T17:30:00Z,Pumped Storage,1934.000,Elexon BMRS FUELHH
2022-02-19T17:30:00Z,Wind,6598.000,Elexon BMRS FUELHH
2022-02-19T18:00:00Z,Biomass,1523.000,Elexon BMRS FUELHH
2022-02-19T18:00:00Z,Coal,1442.000,Elexon BMRS FUELHH
2022-02-19T18:00:00Z,Gas,14138.000,Elexon BMRS FUELHH
2022-02-19T18:00:00Z,Hydro,1166.000,Elexon BMRS FUELHH
2022-02-19T18:00:00Z,Imports & Exports,4928.000,Elexon BMRS FUELHH
2022-02-19T18:00:00Z,Nuclear,4772.000,Elexon BMRS FUELHH
2022-02-19T18:00:00Z,Other,668.000,Elexon BMRS FUELHH
2022-02-19T18:00:00Z,Pumped Storage,2144.000,Elexon BMRS FUELHH
2022-02-19T18:00:00Z,Wind,7013.000,Elexon BMRS FUELHH
2022-02-19T18:30:00Z,Biomass,1518.000,Elexon BMRS FUELHH
2022-02-19T18:30:00Z,Coal,1478.000,Elexon BMRS FUELHH
2022-02-19T18:30:00Z,Gas,13707.000,Elexon BMRS FUELHH
2022-02-19T18:30:00Z,Hydro,1150.000,Elexon BMRS FUELHH
2022-02-19T18:30:00Z,Imports & Exports,5070.000,Elexon BMRS FUELHH
2022-02-19T18:30:00Z,Nuclear,4772.000,Elexon BMRS FUELHH
2022-02-19T18:30:00Z,Other,527.000,Elexon BMRS FUELHH
2022-02-19T18:30:00Z,Pumped Storage,1538.000,Elexon BMRS FUELHH
2022-02-19T18:30:00Z,Wind,7398.000,Elexon BMRS FUELHH
2022-02-19T19:00:00Z,Biomass,1526.000,Elexon BMRS FUELHH
2022-02-19T19:00:00Z,Coal,1420.000,Elexon BMRS FUELHH
2022-02-19T19:00:00Z,Gas,13175.000,Elexon BMRS FUELHH
2022-02-19T19:00:00Z,Hydro,904.000,Elexon BMRS FUELHH
2022-02-19T19:00:00Z,Imports & Exports,5608.000,Elexon BMRS FUELHH
2022-02-19T19:00:00Z,Nuclear,4767.000,Elexon BMRS FUELHH
2022-02-19T19:00:00Z,Other,299.000,Elexon BMRS FUELHH
2022-02-19T19:00:00Z,Pumped Storage,708.000,Elexon BMRS FUELHH
2022-02-19T19:00:00Z,Wind,8189.000,Elexon BMRS FUELHH
2022-02-19T19:30:00Z,Biomass,1523.000,Elexon BMRS FUELHH
2022-02-19T19:30:00Z,Coal,1271.000,Elexon BMRS FUELHH
2022-02-19T19:30:00Z,Gas,12296.000,Elexon BMRS FUELHH
2022-02-19T19:30:00Z,Hydro,848.000,Elexon BMRS FUELHH
2022-02-19T19:30:00Z,Imports & Exports,5524.000,Elexon BMRS FUELHH
2022-02-19T19:30:00Z,Nuclear,4770.000,Elexon BMRS FUELHH
2022-02-19T19:30:00Z,Other,192.000,Elexon BMRS FUELHH
2022-02-19T19:30:00Z,Pumped Storage,538.000,Elexon BMRS FUELHH
2022-02-19T19:30:00Z,Wind,8722.000,Elexon BMRS FUELHH
2022-02-19T20:00:00Z,Biomass,1523.000,Elexon BMRS FUELHH
2022-02-19T20:00:00Z,Coal,1266.000,Elexon BMRS FUELHH
2022-02-19T20:00:00Z,Gas,10844.000,Elexon BMRS FUELHH
2022-02-19T20:00:00Z,Hydro,820.000,Elexon BMRS FUELHH
2022-02-19T20:00:00Z,Imports & Exports,5510.000,Elexon BMRS FUELHH
2022-02-19T20:00:00Z,Nuclear,4772.000,Elexon BMRS FUELHH
2022-02-19T20:00:00Z,Other,156.000,Elexon BMRS FUELHH
2022-02-19T20:00:00Z,Pumped Storage,170.000,Elexon BMRS FUELHH
2022-02-19T20:00:00Z,Wind,9512.000,Elexon BMRS FUELHH
2022-02-19T20:30:00Z,Biomass,1527.000,Elexon BMRS FUELHH
2022-02-19T20:30:00Z,Coal,933.000,Elexon BMRS FUELHH
2022-02-19T20:30:00Z,Gas,9215.000,Elexon BMRS FUELHH
2022-02-19T20:30:00Z,Hydro,719.000,Elexon BMRS FUELHH
2022-02-19T20:30:00Z,Imports & Exports,5750.000,Elexon BMRS FUELHH
2022-02-19T20:30:00Z,Nuclear,4771.000,Elexon BMRS FUELHH
2022-02-19T20:30:00Z,Other,151.000,Elexon BMRS FUELHH
2022-02-19T20:30:00Z,Pumped Storage,-16.000,Elexon BMRS FUELHH
2022-02-19T20:30:00Z,Wind,9965.000,Elexon BMRS FUELHH
2022-02-19T21:00:00Z,Biomass,1525.000,Elexon BMRS FUELHH
2022-02-19T21:00:00Z,Coal,896.000,Elexon BMRS FUELHH
2022-02-19T21:00:00Z,Gas,8305.000,Elexon BMRS FUELHH
2022-02-19T21:00:00Z,Hydro,687.000,Elexon BMRS FUELHH
2022-02-19T21:00:00Z,Imports & Exports,5358.000,Elexon BMRS FUELHH
2022-02-19T21:00:00Z,Nuclear,4773.000,Elexon BMRS FUELHH
2022-02-19T21:00:00Z,Other,155.000,Elexon BMRS FUELHH
2022-02-19T21:00:00Z,Pumped Storage,-22.000,Elexon BMRS FUELHH
2022-02-19T21:00:00Z,Wind,10025.000,Elexon BMRS FUELHH
2022-02-19T21:30:00Z,Biomass,1525.000,Elexon BMRS FUELHH
2022-02-19T21:30:00Z,Coal,984.000,Elexon BMRS FUELHH
2022-02-19T21:30:00Z,Gas,6725.000,Elexon BMRS FUELHH
2022-02-19T21:30:00Z,Hydro,660.000,Elexon BMRS FUELHH
2022-02-19T21:30:00Z,Imports & Exports,5354.000,Elexon BMRS FUELHH
2022-02-19T21:30:00Z,Nuclear,4772.000,Elexon BMRS FUELHH
2022-02-19T21:30:00Z,Other,176.000,Elexon BMRS FUELHH
2022-02-19T21:30:00Z,Pumped Storage,-76.000,Elexon BMRS FUELHH
2022-02-19T21:30:00Z,Wind,9922.000,Elexon BMRS FUELHH
2022-02-19T22:00:00Z,Biomass,1529.000,Elexon BMRS FUELHH
2022-02-19T22:00:00Z,Coal,914.000,Elexon BMRS FUELHH
2022-02-19T22:00:00Z,Gas,6202.000,Elexon BMRS FUELHH
2022-02-19T22:00:00Z,Hydro,601.000,Elexon BMRS FUELHH
2022-02-19T22:00:00Z,Imports & Exports,4898.000,Elexon BMRS FUELHH
2022-02-19T22:00:00Z,Nuclear,4774.000,Elexon BMRS FUELHH
2022-02-19T22:00:00Z,Other,174.000,Elexon BMRS FUELHH
2022-02-19T22:00:00Z,Pumped Storage,-20.000,Elexon BMRS FUELHH
2022-02-19T22:00:00Z,Wind,9417.000,Elexon BMRS FUELHH
2022-02-19T22:30:00Z,Biomass,1518.000,Elexon BMRS FUELHH
2022-02-19T22:30:00Z,Coal,838.000,Elexon BMRS FUELHH
2022-02-19T22:30:00Z,Gas,5705.000,Elexon BMRS FUELHH
2022-02-19T22:30:00Z,Hydro,600.000,Elexon BMRS FUELHH
2022-02-19T22:30:00Z,Imports & Exports,4856.000,Elexon BMRS FUELHH
2022-02-19T22:30:00Z,Nuclear,4772.000,Elexon BMRS FUELHH
2022-02-19T22:30:00Z,Other,190.000,Elexon BMRS FUELHH
2022-02-19T22:30:00Z,Pumped Storage,152.000,Elexon BMRS FUELHH
2022-02-19T22:30:00Z,Wind,8398.000,Elexon BMRS FUELHH
2022-02-19T23:00:00Z,Biomass,1449.000,Elexon BMRS FUELHH
2022-02-19T23:00:00Z,Coal,574.000,Elexon BMRS FUELHH
2022-02-19T23:00:00Z,Gas,3853.000,Elexon BMRS FUELHH
2022-02-19T23:00:00Z,Hydro,600.000,Elexon BMRS FUELHH
2022-02-19T23:00:00Z,Imports & Exports,5810.000,Elexon BMRS FUELHH
2022-02-19T23:00:00Z,Nuclear,4780.000,Elexon BMRS FUELHH
2022-02-19T23:00:00Z,Other,157.000,Elexon BMRS FUELHH
2022-02-19T23:00:00Z,Pumped Storage,-150.000,Elexon BMRS FUELHH
2022-02-19T23:00:00Z,Wind,8152.000,Elexon BMRS FUELHH
2022-02-19T23:30:00Z,Biomass,1267.000,Elexon BMRS FUELHH
2022-02-19T23:30:00Z,Coal,334.000,Elexon BMRS FUELHH
2022-02-19T23:30:00Z,Gas,3355.000,Elexon BMRS FUELHH
2022-02-19T23:30:00Z,Hydro,591.000,Elexon BMRS FUELHH
2022-02-19T23:30:00Z,Imports & Exports,5762.000,Elexon BMRS FUELHH
2022-02-19T23:30:00Z,Nuclear,4779.000,Elexon BMRS FUELHH
2022-02-19T23:30:00Z,Other,159.000,Elexon BMRS FUELHH
2022-02-19T23:30:00Z,Pumped Storage,-102.000,Elexon BMRS FUELHH
2022-02-19T23:30:00Z,Wind,7950.000,Elexon BMRS FUELHH
2022-02-20T00:00:00Z,Biomass,1182.000,Elexon BMRS FUELHH
2022-02-20T00:00:00Z,Coal,442.000,Elexon BMRS FUELHH
2022-02-20T00:00:00Z,Gas,3773.000,Elexon BMRS FUELHH
2022-02-20T00:00:00Z,Hydro,586.000,Elexon BMRS FUELHH
2022-02-20T00:00:00Z,Imports & Exports,4646.000,Elexon BMRS FUELHH
2022-02-20T00:00:00Z,Nuclear,4782.000,Elexon BMRS FUELHH
2022-02-20T00:00:00Z,Other,160.000,Elexon BMRS FUELHH
2022-02-20T00:00:00Z,Pumped Storage,-254.000,Elexon BMRS FUELHH
2022-02-20T00:00:00Z,Wind,8209.000,Elexon BMRS FUELHH
2022-02-20T00:30:00Z,Biomass,966.000,Elexon BMRS FUELHH
2022-02-20T00:30:00Z,Coal,442.000,Elexon BMRS FUELHH
2022-02-20T00:30:00Z,Gas,3481.000,Elexon BMRS FUELHH
2022-02-20T00:30:00Z,Hydro,582.000,Elexon BMRS FUELHH
2022-02-20T00:30:00Z,Imports & Exports,4534.000,Elexon BMRS FUELHH
2022-02-20T00:30:00Z,Nuclear,4782.000,Elexon BMRS FUELHH
2022-02-20T00:30:00Z,Other,152.000,Elexon BMRS FUELHH
2022-02-20T00:30:00Z,Pumped Storage,-238.000,Elexon BMRS FUELHH
2022-02-20T00:30:00Z,Wind,9170.000,Elexon BMRS FUELHH
2022-02-20T01:00:00Z,Biomass,808.000,Elexon BMRS FUELHH
2022-02-20T01:00:00Z,Coal,442.000,Elexon BMRS FUELHH
2022-02-20T01:00:00Z,Gas,3324.000,Elexon BMRS FUELHH
2022-02-20T01:00:00Z,Hydro,580.000,Elexon BMRS FUELHH
2022-02-20T01:00:00Z,Imports & Exports,3438.000,Elexon BMRS FUELHH
2022-02-20T01:00:00Z,Nuclear,4774.000,Elexon BMRS FUELHH
2022-02-20T01:00:00Z,Other,152.000,Elexon BMRS FUELHH
2022-02-20T01:00:00Z,Pumped Storage,-690.000,Elexon BMRS FUELHH
2022-02-20T01:00:00Z,Wind,10206.000,Elexon BMRS FUELHH
2022-02-20T01:30:00Z,Biomass,808.000,Elexon BMRS FUELHH
2022-02-20T01:30:00Z,Coal,406.000,Elexon BMRS FUELHH
2022-02-20T01:30:00Z,Gas,2579.000,Elexon BMRS FUELHH
2022-02-20T01:30:00Z,Hydro,571.000,Elexon BMRS FUELHH
2022-02-20T01:30:00Z,Imports & Exports,3322.000,Elexon BMRS FUELHH
2022-02-20T01:30:00Z,Nuclear,4775.000,Elexon BMRS FUELHH
2022-02-20T01:30:00Z,Other,151.000,Elexon BMRS FUELHH
2022-02-20T01:30:00Z,Pumped Storage,-1284.000,Elexon BMRS FUELHH
2022-02-20T01:30:00Z,Wind,10921.000,Elexon BMRS FUELHH
2022-02-20T02:00:00Z,Biomass,957.000,Elexon BMRS FUELHH
2022-02-20T02:00:00Z,Coal,398.000,Elexon BMRS FUELHH
2022-02-20T02:00:00Z,Gas,2538.000,Elexon BMRS FUELHH
2022-02-20T02:00:00Z,Hydro,594.000,Elexon BMRS FUELHH
2022-02-20T02:00:00Z,Imports & Exports,1598.000,Elexon BMRS FUELHH
2022-02-20T02:00:00Z,Nuclear,4775.000,Elexon BMRS FUELHH
2022-02-20T02:00:00Z,Other,145.000,Elexon BMRS FUELHH
2022-02-20T02:00:00Z,Pumped Storage,-1354.000,Elexon BMRS FUELHH
2022-02-20T02:00:00Z,Wind,11878.000,Elexon BMRS FUELHH
2022-02-20T02:30:00Z,Biomass,1146.000,Elexon BMRS FUELHH
2022-02-20T02:30:00Z,Coal,373.000,Elexon BMRS FUELHH
2022-02-20T02:30:00Z,Gas,2332.000,Elexon BMRS FUELHH
2022-02-20T02:30:00Z,Hydro,594.000,Elexon BMRS FUELHH
2022-02-20T02:30:00Z,Imports & Exports,1470.000,Elexon BMRS FUELHH
2022-02-20T02:30:00Z,Nuclear,4774.000,Elexon BMRS FUELHH
2022-02-20T02:30:00Z,Other,140.000,Elexon BMRS FUELHH
2022-02-20T02:30:00Z,Pumped Storage,-1846.000,Elexon BMRS FUELHH
2022-02-20T02:30:00Z,Wind,12166.000,Elexon BMRS FUELHH
2022-02-20T03:00:00Z,Biomass,1262.000,Elexon BMRS FUELHH
2022-02-20T03:00:00Z,Coal,408.000,Elexon BMRS FUELHH
2022-02-20T03:00:00Z,Gas,3478.000,Elexon BMRS FUELHH
2022-02-20T03:00:00Z,Hydro,594.000,Elexon BMRS FUELHH
2022-02-20T03:00:00Z,Imports & Exports,-986.000,Elexon BMRS FUELHH
2022-02-20T03:00:00Z,Nuclear,4765.000,Elexon BMRS FUELHH
2022-02-20T03:00:00Z,Other,150.000,Elexon BMRS FUELHH
2022-02-20T03:00:00Z,Pumped Storage,-1894.000,Elexon BMRS FUELHH
2022-02-20T03:00:00Z,Wind,12555.000,Elexon BMRS FUELHH
2022-02-20T03:30:00Z,Biomass,1346.000,Elexon BMRS FUELHH
2022-02-20T03:30:00Z,Coal,408.000,Elexon BMRS FUELHH
2022-02-20T03:30:00Z,Gas,3348.000,Elexon BMRS FUELHH
2022-02-20T03:30:00Z,Hydro,598.000,Elexon BMRS FUELHH
2022-02-20T03:30:00Z,Imports & Exports,-1134.000,Elexon BMRS FUELHH
2022-02-20T03:30:00Z,Nuclear,4767.000,Elexon BMRS FUELHH
2022-02-20T03:30:00Z,Other,154.000,Elexon BMRS FUELHH
2022-02-20T03:30:00Z,Pumped Storage,-1930.000,Elexon BMRS FUELHH
2022-02-20T03:30:00Z,Wind,12582.000,Elexon BMRS FUELHH
2022-02-20T04:00:00Z,Biomass,1400.000,Elexon BMRS FUELHH
2022-02-20T04:00:00Z,Coal,408.000,Elexon BMRS FUELHH
2022-02-20T04:00:00Z,Gas,3598.000,Elexon BMRS FUELHH
2022-02-20T04:00:00Z,Hydro,602.000,Elexon BMRS FUELHH
2022-02-20T04:00:00Z,Imports & Exports,-2088.000,Elexon BMRS FUELHH
2022-02-20T04:00:00Z,Nuclear,4769.000,Elexon BMRS FUELHH
2022-02-20T04:00:00Z,Other,155.000,Elexon BMRS FUELHH
2022-02-20T04:00:00Z,Pumped Storage,-1720.000,Elexon BMRS FUELHH
2022-02-20T04:00:00Z,Wind,12619.000,Elexon BMRS FUELHH
2022-02-20T04:30:00Z,Biomass,1404.000,Elexon BMRS FUELHH
2022-02-20T04:30:00Z,Coal,401.000,Elexon BMRS FUELHH
2022-02-20T04:30:00Z,Gas,3500.000,Elexon BMRS FUELHH
2022-02-20T04:30:00Z,Hydro,613.000,Elexon BMRS FUELHH
2022-02-20T04:30:00Z,Imports & Exports,-2182.000,Elexon BMRS FUELHH
2022-02-20T04:30:00Z,Nuclear,4770.000,Elexon BMRS FUELHH
2022-02-20T04:30:00Z,Other,149.000,Elexon BMRS FUELHH
2022-02-20T04:30:00Z,Pumped Storage,-1920.000,Elexon BMRS FUELHH
2022-02-20T04:30:00Z,Wind,12669.000,Elexon BMRS FUELHH
2022-02-20T05:00:00Z,Biomass,1356.000,Elexon BMRS FUELHH
2022-02-20T05:00:00Z,Coal,405.000,Elexon BMRS FUELHH
2022-02-20T05:00:00Z,Gas,3001.000,Elexon BMRS FUELHH
2022-02-20T05:00:00Z,Hydro,616.000,Elexon BMRS FUELHH
2022-02-20T05:00:00Z,Imports & Exports,-1696.000,Elexon BMRS FUELHH
2022-02-20T05:00:00Z,Nuclear,4768.000,Elexon BMRS FUELHH
2022-02-20T05:00:00Z,Other,149.000,Elexon BMRS FUELHH
2022-02-20T05:00:00Z,Pumped Storage,-1908.000,Elexon BMRS FUELHH
2022-02-20T05:00:00Z,Wind,12811.000,Elexon BMRS FUELHH
2022-02-20T05:30:00Z,Biomass,1358.000,Elexon BMRS FUELHH
2022-02-20T05:30:00Z,Coal,399.000,Elexon BMRS FUELHH
2022-02-20T05:30:00Z,Gas,2894.000,Elexon BMRS FUELHH
2022-02-20T05:30:00Z,Hydro,619.000,Elexon BMRS FUELHH
2022-02-20T05:30:00Z,Imports & Exports,-1684.000,Elexon BMRS FUELHH
2022-02-20T05:30:00Z,Nuclear,4770.000,Elexon BMRS FUELHH
2022-02-20T05:30:00Z,Other,148.000,Elexon BMRS FUELHH
2022-02-20T05:30:00Z,Pumped Storage,-1904.000,Elexon BMRS FUELHH
2022-02-20T05:30:00Z,Wind,13005.000,Elexon BMRS FUELHH
2022-02-20T06:00:00Z,Biomass,1490.000,Elexon BMRS FUELHH
2022-02-20T06:00:00Z,Coal,355.000,Elexon BMRS FUELHH
2022-02-20T06:00:00Z,Gas,2484.000,Elexon BMRS FUELHH
2022-02-20T06:00:00Z,Hydro,653.000,Elexon BMRS FUELHH
2022-02-20T06:00:00Z,Imports & Exports,-680.000,Elexon BMRS FUELHH
2022-02-20T06:00:00Z,Nuclear,4772.000,Elexon BMRS FUELHH
2022-02-20T06:00:00Z,Other,147.000,Elexon BMRS FUELHH
2022-02-20T06:00:00Z,Pumped Storage,-1898.000,Elexon BMRS FUELHH
2022-02-20T06:00:00Z,Wind,13209.000,Elexon BMRS FUELHH
2022-02-20T06:30:00Z,Biomass,1488.000,Elexon BMRS FUELHH
2022-02-20T06:30:00Z,Coal,485.000,Elexon BMRS FUELHH
2022-02-20T06:30:00Z,Gas,2694.000,Elexon BMRS FUELHH
2022-02-20T06:30:00Z,Hydro,669.000,Elexon BMRS FUELHH
2022-02-20T06:30:00Z,Imports & Exports,-654.000,Elexon BMRS FUELHH
2022-02-20T06:30:00Z,Nuclear,4766.000,Elexon BMRS FUELHH
2022-02-20T06:30:00Z,Other,148.000,Elexon BMRS FUELHH
2022-02-20T06:30:00Z,Pumped Storage,-1744.000,Elexon BMRS FUELHH
2022-02-20T06:30:00Z,Wind,13230.000,Elexon BMRS FUELHH
2022-02-20T07:00:00Z,Biomass,1360.000,Elexon BMRS FUELHH
2022-02-20T07:00:00Z,Coal,546.000,Elexon BMRS FUELHH
2022-02-20T07:00:00Z,Gas,2562.000,Elexon BMRS FUELHH
2022-02-20T07:00:00Z,Hydro,674.000,Elexon BMRS FUELHH
2022-02-20T07:00:00Z,Imports & Exports,-74.000,Elexon BMRS FUELHH
2022-02-20T07:00:00Z,Nuclear,4780.000,Elexon BMRS FUELHH
2022-02-20T07:00:00Z,Other,152.000,Elexon BMRS FUELHH
2022-02-20T07:00:00Z,Pumped Storage,-976.000,Elexon BMRS FUELHH
2022-02-20T07:00:00Z,Wind,12938.000,Elexon BMRS FUELHH
2022-02-20T07:30:00Z,Biomass,1379.000,Elexon BMRS FUELHH
2022-02-20T07:30:00Z,Coal,661.000,Elexon BMRS FUELHH
2022-02-20T07:30:00Z,Gas,2763.000,Elexon BMRS FUELHH
2022-02-20T07:30:00Z,Hydro,637.000,Elexon BMRS FUELHH
2022-02-20T07:30:00Z,Imports & Exports,-16.000,Elexon BMRS FUELHH
2022-02-20T07:30:00Z,Nuclear,4775.000,Elexon BMRS FUELHH
2022-02-20T07:30:00Z,Other,161.000,Elexon BMRS FUELHH
2022-02-20T07:30:00Z,Pumped Storage,-628.000,Elexon BMRS FUELHH
2022-02-20T07:30:00Z,Wind,12724.000,Elexon BMRS FUELHH
2022-02-20T08:00:00Z,Biomass,1457.000,Elexon BMRS FUELHH
2022-02-20T08:00:00Z,Coal,908.000,Elexon BMRS FUELHH
2022-02-20T08:00:00Z,Gas,2477.000,Elexon BMRS FUELHH
2022-02-20T08:00:00Z,Hydro,554.000,Elexon BMRS FUELHH
2022-02-20T08:00:00Z,Imports & Exports,1998.000,Elexon BMRS FUELHH
2022-02-20T08:00:00Z,Nuclear,4777.000,Elexon BMRS FUELHH
2022-02-20T08:00:00Z,Other,157.000,Elexon BMRS FUELHH
2022-02-20T08:00:00Z,Pumped Storage,-574.000,Elexon BMRS FUELHH
2022-02-20T08:00:00Z,Wind,12579.000,Elexon BMRS FUELHH
2022-02-20T08:30:00Z,Biomass,1494.000,Elexon BMRS FUELHH
2022-02-20T08:30:00Z,Coal,1009.000,Elexon BMRS FUELHH
2022-02-20T08:30:00Z,Gas,2736.000,Elexon BMRS FUELHH
2022-02-20T08:30:00Z,Hydro,543.000,Elexon BMRS FUELHH
2022-02-20T08:30:00Z,Imports & Exports,2124.000,Elexon BMRS FUELHH
2022-02-20T08:30:00Z,Nuclear,4783.000,Elexon BMRS FUELHH
2022-02-20T08:30:00Z,Other,156.000,Elexon BMRS FUELHH
2022-02-20T08:30:00Z,Pumped Storage,-80.000,Elexon BMRS FUELHH
2022-02-20T08:30:00Z,Wind,12662.000,Elexon BMRS FUELHH
2022-02-20T09:00:00Z,Biomass,1498.000,Elexon BMRS FUELHH
2022-02-20T09:00:00Z,Coal,873.000,Elexon BMRS FUELHH
2022-02-20T09:00:00Z,Gas,2210.000,Elexon BMRS FUELHH
2022-02-20T09:00:00Z,Hydro,553.000,Elexon BMRS FUELHH
2022-02-20T09:00:00Z,Imports & Exports,4414.000,Elexon BMRS FUELHH
2022-02-20T09:00:00Z,Nuclear,4776.000,Elexon BMRS FUELHH
2022-02-20T09:00:00Z,Other,143.000,Elexon BMRS FUELHH
2022-02-20T09:00:00Z,Pumped Storage,78.000,Elexon BMRS FUELHH
2022-02-20T09:00:00Z,Wind,12562.000,Elexon BMRS FUELHH
2022-02-20T09:30:00Z,Biomass,1500.000,Elexon BMRS FUELHH
2022-02-20T09:30:00Z,Coal,1119.000,Elexon BMRS FUELHH
2022-02-20T09:30:00Z,Gas,2671.000,Elexon BMRS FUELHH
2022-02-20T09:30:00Z,Hydro,563.000,Elexon BMRS FUELHH
2022-02-20T09:30:00Z,Imports & Exports,4770.000,Elexon BMRS FUELHH
2022-02-20T09:30:00Z,Nuclear,4779.000,Elexon BMRS FUELHH
2022-02-20T09:30:00Z,Other,131.000,Elexon BMRS FUELHH
2022-02-20T09:30:00Z,Pumped Storage,-10.000,Elexon BMRS FUELHH
2022-02-20T09:30:00Z,Wind,12556.000,Elexon BMRS FUELHH
2022-02-20T10:00:00Z,Biomass,1499.000,Elexon BMRS FUELHH
2022-02-20T10:00:00Z,Coal,1284.000,Elexon BMRS FUELHH
2022-02-20T10:00:00Z,Gas,2804.000,Elexon BMRS FUELHH
2022-02-20T10:00:00Z,Hydro,572.000,Elexon BMRS FUELHH
2022-02-20T10:00:00Z,Imports & Exports,5658.000,Elexon BMRS FUELHH
2022-02-20T10:00:00Z,Nuclear,4775.000,Elexon BMRS FUELHH
2022-02-20T10:00:00Z,Other,131.000,Elexon BMRS FUELHH
2022-02-20T10:00:00Z,Pumped Storage,48.000,Elexon BMRS FUELHH
2022-02-20T10:00:00Z,Wind,12443.000,Elexon BMRS FUELHH
2022-02-20T10:30:00Z,Biomass,1456.000,Elexon BMRS FUELHH
2022-02-20T10:30:00Z,Coal,1371.000,Elexon BMRS FUELHH
2022-02-20T10:30:00Z,Gas,3293.000,Elexon BMRS FUELHH
2022-02-20T10:30:00Z,Hydro,573.000,Elexon BMRS FUELHH
2022-02-20T10:30:00Z,Imports & Exports,5732.000,Elexon BMRS FUELHH
2022-02-20T10:30:00Z,Nuclear,4775.000,Elexon BMRS FUELHH
2022-02-20T10:30:00Z,Other,131.000,Elexon BMRS FUELHH
2022-02-20T10:30:00Z,Pumped Storage,110.000,Elexon BMRS FUELHH
2022-02-20T10:30:00Z,Wind,12406.000,Elexon BMRS FUELHH
2022-02-20T11:00:00Z,Biomass,1471.000,Elexon BMRS FUELHH
2022-02-20T11:00:00Z,Coal,1438.000,Elexon BMRS FUELHH
2022-02-20T11:00:00Z,Gas,3442.000,Elexon BMRS FUELHH
2022-02-20T11:00:00Z,Hydro,553.000,Elexon BMRS FUELHH
2022-02-20T11:00:00Z,Imports & Exports,5864.000,Elexon BMRS FUELHH
2022-02-20T11:00:00Z,Nuclear,4770.000,Elexon BMRS FUELHH
2022-02-20T11:00:00Z,Other,166.000,Elexon BMRS FUELHH
2022-02-20T11:00:00Z,Pumped Storage,160.000,Elexon BMRS FUELHH
2022-02-20T11:00:00Z,Wind,12405.000,Elexon BMRS FUELHH
2022-02-20T11:30:00Z,Biomass,1515.000,Elexon BMRS FUELHH
2022-02-20T11:30:00Z,Coal,1475.000,Elexon BMRS FUELHH
2022-02-20T11:30:00Z,Gas,3771.000,Elexon BMRS FUELHH
2022-02-20T11:30:00Z,Hydro,561.000,Elexon BMRS FUELHH
2022-02-20T11:30:00Z,Imports & Exports,5878.000,Elexon BMRS FUELHH
2022-02-20T11:30:00Z,Nuclear,4774.000,Elexon BMRS FUELHH
2022-02-20T11:30:00Z,Other,272.000,Elexon BMRS FUELHH
2022-02-20T11:30:00Z,Pumped Storage,212.000,Elexon BMRS FUELHH
2022-02-20T11:30:00Z,Wind,12515.000,Elexon BMRS FUELHH
2022-02-20T12:00:00Z,Biomass,1526.000,Elexon BMRS FUELHH
2022-02-20T12:00:00Z,Coal,1473.000,Elexon BMRS FUELHH
2022-02-20T12:00:00Z,Gas,4122.000,Elexon BMRS FUELHH
2022-02-20T12:00:00Z,Hydro,555.000,Elexon BMRS FUELHH
2022-02-20T12:00:00Z,Imports & Exports,5878.000,Elexon BMRS FUELHH
2022-02-20T12:00:00Z,Nuclear,4772.000,Elexon BMRS FUELHH
2022-02-20T12:00:00Z,Other,339.000,Elexon BMRS FUELHH
2022-02-20T12:00:00Z,Pumped Storage,378.000,Elexon BMRS FUELHH
2022-02-20T12:00:00Z,Wind,12881.000,Elexon BMRS FUELHH
2022-02-20T12:30:00Z,Biomass,1528.000,Elexon BMRS FUELHH
2022-02-20T12:30:00Z,Coal,1473.000,Elexon BMRS FUELHH
2022-02-20T12:30:00Z,Gas,4403.000,Elexon BMRS FUELHH
2022-02-20T12:30:00Z,Hydro,555.000,Elexon BMRS FUELHH
2022-02-20T12:30:00Z,Imports & Exports,5878.000,Elexon BMRS FUELHH
2022-02-20T12:30:00Z,Nuclear,4777.000,Elexon BMRS FUELHH
2022-02-20T12:30:00Z,Other,337.000,Elexon BMRS FUELHH
2022-02-20T12:30:00Z,Pumped Storage,256.000,Elexon BMRS FUELHH
2022-02-20T12:30:00Z,Wind,12903.000,Elexon BMRS FUELHH
2022-02-20T13:00:00Z,Biomass,1525.000,Elexon BMRS FUELHH
2022-02-20T13:00:00Z,Coal,1469.000,Elexon BMRS FUELHH
2022-02-20T13:00:00Z,Gas,4439.000,Elexon BMRS FUELHH
2022-02-20T13:00:00Z,Hydro,558.000,Elexon BMRS FUELHH
2022-02-20T13:00:00Z,Imports & Exports,5880.000,Elexon BMRS FUELHH
2022-02-20T13:00:00Z,Nuclear,4772.000,Elexon BMRS FUELHH
2022-02-20T13:00:00Z,Other,309.000,Elexon BMRS FUELHH
2022-02-20T13:00:00Z,Pumped Storage,218.000,Elexon BMRS FUELHH
2022-02-20T13:00:00Z,Wind,12892.000,Elexon BMRS FUELHH
2022-02-20T13:30:00Z,Biomass,1523.000,Elexon BMRS FUELHH
2022-02-20T13:30:00Z,Coal,1468.000,Elexon BMRS FUELHH
2022-02-20T13:30:00Z,Gas,4378.000,Elexon BMRS FUELHH
2022-02-20T13:30:00Z,Hydro,563.000,Elexon BMRS FUELHH
2022-02-20T13:30:00Z,Imports & Exports,5876.000,Elexon BMRS FUELHH
2022-02-20T13:30:00Z,Nuclear,4780.000,Elexon BMRS FUELHH
2022-02-20T13:30:00Z,Other,168.000,Elexon BMRS FUELHH
2022-02-20T13:30:00Z,Pumped Storage,300.000,Elexon BMRS FUELHH
2022-02-20T13:30:00Z,Wind,12977.000,Elexon BMRS FUELHH
2022-02-20T14:00:00Z,Biomass,1523.000,Elexon BMRS FUELHH
2022-02-20T14:00:00Z,Coal,1470.000,Elexon BMRS FUELHH
2022-02-20T14:00:00Z,Gas,4483.000,Elexon BMRS FUELHH
2022-02-20T14:00:00Z,Hydro,565.000,Elexon BMRS FUELHH
2022-02-20T14:00:00Z,Imports & Exports,5878.000,Elexon BMRS FUELHH
2022-02-20T14:00:00Z,Nuclear,4774.000,Elexon BMRS FUELHH
2022-02-20T14:00:00Z,Other,151.000,Elexon BMRS FUELHH
2022-02-20T14:00:00Z,Pumped Storage,216.000,Elexon BMRS FUELHH
2022-02-20T14:00:00Z,Wind,12930.000,Elexon BMRS FUELHH
2022-02-20T14:30:00Z,Biomass,1527.000,Elexon BMRS FUELHH
2022-02-20T14:30:00Z,Coal,1465.000,Elexon BMRS FUELHH
2022-02-20T14:30:00Z,Gas,4475.000,Elexon BMRS FUELHH
2022-02-20T14:30:00Z,Hydro,565.000,Elexon BMRS FUELHH
2022-02-20T14:30:00Z,Imports & Exports,5878.000,Elexon BMRS FUELHH
2022-02-20T14:30:00Z,Nuclear,4775.000,Elexon BMRS FUELHH
2022-02-20T14:30:00Z,Other,142.000,Elexon BMRS FUELHH
2022-02-20T14:30:00Z,Pumped Storage,218.000,Elexon BMRS FUELHH
2022-02-20T14:30:00Z,Wind,12897.000,Elexon BMRS FUELHH
2022-02-20T15:00:00Z,Biomass,1529.000,Elexon BMRS FUELHH
2022-02-20T15:00:00Z,Coal,1469.000,Elexon BMRS FUELHH
2022-02-20T15:00:00Z,Gas,4552.000,Elexon BMRS FUELHH
2022-02-20T15:00:00Z,Hydro,566.000,Elexon BMRS FUELHH
2022-02-20T15:00:00Z,Imports & Exports,5610.000,Elexon BMRS FUELHH
2022-02-20T15:00:00Z,Nuclear,4780.000,Elexon BMRS FUELHH
2022-02-20T15:00:00Z,Other,170.000,Elexon BMRS FUELHH
2022-02-20T15:00:00Z,Pumped Storage,870.000,Elexon BMRS FUELHH
2022-02-20T15:00:00Z,Wind,12862.000,Elexon BMRS FUELHH
2022-02-20T15:30:00Z,Biomass,1528.000,Elexon BMRS FUELHH
2022-02-20T15:30:00Z,Coal,1472.000,Elexon BMRS FUELHH
2022-02-20T15:30:00Z,Gas,4995.000,Elexon BMRS FUELHH
2022-02-20T15:30:00Z,Hydro,570.000,Elexon BMRS FUELHH
2022-02-20T15:30:00Z,Imports & Exports,4874.000,Elexon BMRS FUELHH
2022-02-20T15:30:00Z,Nuclear,4780.000,Elexon BMRS FUELHH
2022-02-20T15:30:00Z,Other,317.000,Elexon BMRS FUELHH
2022-02-20T15:30:00Z,Pumped Storage,1218.000,Elexon BMRS FUELHH
2022-02-20T15:30:00Z,Wind,12917.000,Elexon BMRS FUELHH
2022-02-20T16:00:00Z,Biomass,1528.000,Elexon BMRS FUELHH
2022-02-20T16:00:00Z,Coal,1473.000,Elexon BMRS FUELHH
2022-02-20T16:00:00Z,Gas,5576.000,Elexon BMRS FUELHH
2022-02-20T16:00:00Z,Hydro,587.000,Elexon BMRS FUELHH
2022-02-20T16:00:00Z,Imports & Exports,4894.000,Elexon BMRS FUELHH
2022-02-20T16:00:00Z,Nuclear,4779.000,Elexon BMRS FUELHH
2022-02-20T16:00:00Z,Other,494.000,Elexon BMRS FUELHH
2022-02-20T16:00:00Z,Pumped Storage,1274.000,Elexon BMRS FUELHH
2022-02-20T16:00:00Z,Wind,12824.000,Elexon BMRS FUELHH
2022-02-20T16:30:00Z,Biomass,1528.000,Elexon BMRS FUELHH
2022-02-20T16:30:00Z,Coal,1476.000,Elexon BMRS FUELHH
2022-02-20T16:30:00Z,Gas,6612.000,Elexon BMRS FUELHH
2022-02-20T16:30:00Z,Hydro,568.000,Elexon BMRS FUELHH
2022-02-20T16:30:00Z,Imports & Exports,4894.000,Elexon BMRS FUELHH
2022-02-20T16:30:00Z,Nuclear,4785.000,Elexon BMRS FUELHH
2022-02-20T16:30:00Z,Other,588.000,Elexon BMRS FUELHH
2022-02-20T16:30:00Z,Pumped Storage,1638.000,Elexon BMRS FUELHH
2022-02-20T16:30:00Z,Wind,12657.000,Elexon BMRS FUELHH
2022-02-20T17:00:00Z,Biomass,1528.000,Elexon BMRS FUELHH
2022-02-20T17:00:00Z,Coal,1477.000,Elexon BMRS FUELHH
2022-02-20T17:00:00Z,Gas,7395.000,Elexon BMRS FUELHH
2022-02-20T17:00:00Z,Hydro,617.000,Elexon BMRS FUELHH
2022-02-20T17:00:00Z,Imports & Exports,4892.000,Elexon BMRS FUELHH
2022-02-20T17:00:00Z,Nuclear,4784.000,Elexon BMRS FUELHH
2022-02-20T17:00:00Z,Other,593.000,Elexon BMRS FUELHH
2022-02-20T17:00:00Z,Pumped Storage,2016.000,Elexon BMRS FUELHH
2022-02-20T17:00:00Z,Wind,12182.000,Elexon BMRS FUELHH
2022-02-20T17:30:00Z,Biomass,1527.000,Elexon BMRS FUELHH
2022-02-20T17:30:00Z,Coal,1477.000,Elexon BMRS FUELHH
2022-02-20T17:30:00Z,Gas,7806.000,Elexon BMRS FUELHH
2022-02-20T17:30:00Z,Hydro,627.000,Elexon BMRS FUELHH
2022-02-20T17:30:00Z,Imports & Exports,4890.000,Elexon BMRS FUELHH
2022-02-20T17:30:00Z,Nuclear,4785.000,Elexon BMRS FUELHH
2022-02-20T17:30:00Z,Other,605.000,Elexon BMRS FUELHH
2022-02-20T17:30:00Z,Pumped Storage,1970.000,Elexon BMRS FUELHH
2022-02-20T17:30:00Z,Wind,12684.000,Elexon BMRS FUELHH
2022-02-20T18:00:00Z,Biomass,1524.000,Elexon BMRS FUELHH
2022-02-20T18:00:00Z,Coal,1477.000,Elexon BMRS FUELHH
2022-02-20T18:00:00Z,Gas,6897.000,Elexon BMRS FUELHH
2022-02-20T18:00:00Z,Hydro,630.000,Elexon BMRS FUELHH
2022-02-20T18:00:00Z,Imports & Exports,5354.000,Elexon BMRS FUELHH
2022-02-20T18:00:00Z,Nuclear,4777.000,Elexon BMRS FUELHH
2022-02-20T18:00:00Z,Other,596.000,Elexon BMRS FUELHH
2022-02-20T18:00:00Z,Pumped Storage,2224.000,Elexon BMRS FUELHH
2022-02-20T18:00:00Z,Wind,12621.000,Elexon BMRS FUELHH
2022-02-20T18:30:00Z,Biomass,1522.000,Elexon BMRS FUELHH
2022-02-20T18:30:00Z,Coal,1473.000,Elexon BMRS FUELHH
2022-02-20T18:30:00Z,Gas,6971.000,Elexon BMRS FUELHH
2022-02-20T18:30:00Z,Hydro,628.000,Elexon BMRS FUELHH
2022-02-20T18:30:00Z,Imports & Exports,5210.000,Elexon BMRS FUELHH
2022-02-20T18:30:00Z,Nuclear,4777.000,Elexon BMRS FUELHH
2022-02-20T18:30:00Z,Other,482.000,Elexon BMRS FUELHH
2022-02-20T18:30:00Z,Pumped Storage,2278.000,Elexon BMRS FUELHH
2022-02-20T18:30:00Z,Wind,12105.000,Elexon BMRS FUELHH
2022-02-20T19:00:00Z,Biomass,1520.000,Elexon BMRS FUELHH
2022-02-20T19:00:00Z,Coal,1478.000,Elexon BMRS FUELHH
2022-02-20T19:00:00Z,Gas,7258.000,Elexon BMRS FUELHH
2022-02-20T19:00:00Z,Hydro,624.000,Elexon BMRS FUELHH
2022-02-20T19:00:00Z,Imports & Exports,4866.000,Elexon BMRS FUELHH
2022-02-20T19:00:00Z,Nuclear,4773.000,Elexon BMRS FUELHH
2022-02-20T19:00:00Z,Other,440.000,Elexon BMRS FUELHH
2022-02-20T19:00:00Z,Pumped Storage,1878.000,Elexon BMRS FUELHH
2022-02-20T19:00:00Z,Wind,11680.000,Elexon BMRS FUELHH
2022-02-20T19:30:00Z,Biomass,1518.000,Elexon BMRS FUELHH
2022-02-20T19:30:00Z,Coal,1456.000,Elexon BMRS FUELHH
2022-02-20T19:30:00Z,Gas,6886.000,Elexon BMRS FUELHH
2022-02-20T19:30:00Z,Hydro,611.000,Elexon BMRS FUELHH
2022-02-20T19:30:00Z,Imports & Exports,4854.000,Elexon BMRS FUELHH
2022-02-20T19:30:00Z,Nuclear,4775.000,Elexon BMRS FUELHH
2022-02-20T19:30:00Z,Other,389.000,Elexon BMRS FUELHH
2022-02-20T19:30:00Z,Pumped Storage,902.000,Elexon BMRS FUELHH
2022-02-20T19:30:00Z,Wind,12032.000,Elexon BMRS FUELHH
2022-02-20T20:00:00Z,Biomass,1519.000,Elexon BMRS FUELHH
2022-02-20T20:00:00Z,Coal,1301.000,Elexon BMRS FUELHH
2022-02-20T20:00:00Z,Gas,6422.000,Elexon BMRS FUELHH
2022-02-20T20:00:00Z,Hydro,574.000,Elexon BMRS FUELHH
2022-02-20T20:00:00Z,Imports & Exports,4880.000,Elexon BMRS FUELHH
2022-02-20T20:00:00Z,Nuclear,4772.000,Elexon BMRS FUELHH
2022-02-20T20:00:00Z,Other,253.000,Elexon BMRS FUELHH
2022-02-20T20:00:00Z,Pumped Storage,242.000,Elexon BMRS FUELHH
2022-02-20T20:00:00Z,Wind,12239.000,Elexon BMRS FUELHH
2022-02-20T20:30:00Z,Biomass,1518.000,Elexon BMRS FUELHH
2022-02-20T20:30:00Z,Coal,1178.000,Elexon BMRS FUELHH
2022-02-20T20:30:00Z,Gas,5461.000,Elexon BMRS FUELHH
2022-02-20T20:30:00Z,Hydro,568.000,Elexon BMRS FUELHH
2022-02-20T20:30:00Z,Imports & Exports,4876.000,Elexon BMRS FUELHH
2022-02-20T20:30:00Z,Nuclear,4775.000,Elexon BMRS FUELHH
2022-02-20T20:30:00Z,Other,140.000,Elexon BMRS FUELHH
2022-02-20T20:30:00Z,Pumped Storage,-20.000,Elexon BMRS FUELHH
2022-02-20T20:30:00Z,Wind,12462.000,Elexon BMRS FUELHH
2022-02-20T21:00:00Z,Biomass,1517.000,Elexon BMRS FUELHH
2022-02-20T21:00:00Z,Coal,792.000,Elexon BMRS FUELHH
2022-02-20T21:00:00Z,Gas,4654.000,Elexon BMRS FUELHH
2022-02-20T21:00:00Z,Hydro,568.000,Elexon BMRS FUELHH
2022-02-20T21:00:00Z,Imports & Exports,4820.000,Elexon BMRS FUELHH
2022-02-20T21:00:00Z,Nuclear,4773.000,Elexon BMRS FUELHH
2022-02-20T21:00:00Z,Other,129.000,Elexon BMRS FUELHH
2022-02-20T21:00:00Z,Pumped Storage,-20.000,Elexon BMRS FUELHH
2022-02-20T21:00:00Z,Wind,12423.000,Elexon BMRS FUELHH
2022-02-20T21:30:00Z,Biomass,1517.000,Elexon BMRS FUELHH
2022-02-20T21:30:00Z,Coal,463.000,Elexon BMRS FUELHH
2022-02-20T21:30:00Z,Gas,4032.000,Elexon BMRS FUELHH
2022-02-20T21:30:00Z,Hydro,559.000,Elexon BMRS FUELHH
2022-02-20T21:30:00Z,Imports & Exports,4122.000,Elexon BMRS FUELHH
2022-02-20T21:30:00Z,Nuclear,4770.000,Elexon BMRS FUELHH
2022-02-20T21:30:00Z,Other,123.000,Elexon BMRS FUELHH
2022-02-20T21:30:00Z,Pumped Storage,324.000,Elexon BMRS FUELHH
2022-02-20T21:30:00Z,Wind,12458.000,Elexon BMRS FUELHH
2022-02-20T22:00:00Z,Biomass,1491.000,Elexon BMRS FUELHH
2022-02-20T22:00:00Z,Coal,430.000,Elexon BMRS FUELHH
2022-02-20T22:00:00Z,Gas,3694.000,Elexon BMRS FUELHH
2022-02-20T22:00:00Z,Hydro,577.000,Elexon BMRS FUELHH
2022-02-20T22:00:00Z,Imports & Exports,3304.000,Elexon BMRS FUELHH
2022-02-20T22:00:00Z,Nuclear,4776.000,Elexon BMRS FUELHH
2022-02-20T22:00:00Z,Other,120.000,Elexon BMRS FUELHH
2022-02-20T22:00:00Z,Pumped Storage,82.000,Elexon BMRS FUELHH
2022-02-20T22:00:00Z,Wind,12611.000,Elexon BMRS FUELHH
2022-02-20T22:30:00Z,Biomass,1413.000,Elexon BMRS FUELHH
2022-02-20T22:30:00Z,Coal,333.000,Elexon BMRS FUELHH
2022-02-20T22:30:00Z,Gas,3618.000,Elexon BMRS FUELHH
2022-02-20T22:30:00Z,Hydro,581.000,Elexon BMRS FUELHH
2022-02-20T22:30:00Z,Imports & Exports,3128.000,Elexon BMRS FUELHH
2022-02-20T22:30:00Z,Nuclear,4775.000,Elexon BMRS FUELHH
2022-02-20T22:30:00Z,Other,117.000,Elexon BMRS FUELHH
2022-02-20T22:30:00Z,Pumped Storage,-952.000,Elexon BMRS FUELHH
2022-02-20T22:30:00Z,Wind,12795.000,Elexon BMRS FUELHH
2022-02-20T23:00:00Z,Biomass,1346.000,Elexon BMRS FUELHH
2022-02-20T23:00:00Z,Coal,323.000,Elexon BMRS FUELHH
2022-02-20T23:00:00Z,Gas,3619.000,Elexon BMRS FUELHH
2022-02-20T23:00:00Z,Hydro,572.000,Elexon BMRS FUELHH
2022-02-20T23:00:00Z,Imports & Exports,2184.000,Elexon BMRS FUELHH
2022-02-20T23:00:00Z,Nuclear,4772.000,Elexon BMRS FUELHH
2022-02-20T23:00:00Z,Other,116.000,Elexon BMRS FUELHH
2022-02-20T23:00:00Z,Pumped Storage,-1592.000,Elexon BMRS FUELHH
2022-02-20T23:00:00Z,Wind,12842.000,Elexon BMRS FUELHH
2022-02-20T23:30:00Z,Biomass,1162.000,Elexon BMRS FUELHH
2022-02-20T23:30:00Z,Coal,275.000,Elexon BMRS FUELHH
2022-02-20T23:30:00Z,Gas,3031.000,Elexon BMRS FUELHH
2022-02-20T23:30:00Z,Hydro,583.000,Elexon BMRS FUELHH
2022-02-20T23:30:00Z,Imports & Exports,2108.000,Elexon BMRS FUELHH
2022-02-20T23:30:00Z,Nuclear,4776.000,Elexon BMRS FUELHH
2022-02-20T23:30:00Z,Other,119.000,Elexon BMRS FUELHH
2022-02-20T23:30:00Z,Pumped Storage,-1582.000,Elexon BMRS FUELHH
2022-02-20T23:30:00Z,Wind,12890.000,Elexon BMRS FUELHH
2022-02-21T00:00:00Z,Biomass,1159.000,Elexon BMRS FUELHH
2022-02-21T00:00:00Z,Coal,278.000,Elexon BMRS FUELHH
2022-02-21T00:00:00Z,Gas,3030.000,Elexon BMRS FUELHH
2022-02-21T00:00:00Z,Hydro,586.000,Elexon BMRS FUELHH
2022-02-21T00:00:00Z,Imports & Exports,2000.000,Elexon BMRS FUELHH
2022-02-21T00:00:00Z,Nuclear,4776.000,Elexon BMRS FUELHH
2022-02-21T00:00:00Z,Other,134.000,Elexon BMRS FUELHH
2022-02-21T00:00:00Z,Pumped Storage,-1406.000,Elexon BMRS FUELHH
2022-02-21T00:00:00Z,Wind,12683.000,Elexon BMRS FUELHH
2022-02-21T00:30:00Z,Biomass,1159.000,Elexon BMRS FUELHH
2022-02-21T00:30:00Z,Coal,314.000,Elexon BMRS FUELHH
2022-02-21T00:30:00Z,Gas,3245.000,Elexon BMRS FUELHH
2022-02-21T00:30:00Z,Hydro,609.000,Elexon BMRS FUELHH
2022-02-21T00:30:00Z,Imports & Exports,2136.000,Elexon BMRS FUELHH
2022-02-21T00:30:00Z,Nuclear,4777.000,Elexon BMRS FUELHH
2022-02-21T00:30:00Z,Other,149.000,Elexon BMRS FUELHH
2022-02-21T00:30:00Z,Pumped Storage,-1310.000,Elexon BMRS FUELHH
2022-02-21T00:30:00Z,Wind,12847.000,Elexon BMRS FUELHH
2022-02-21T01:00:00Z,Biomass,1158.000,Elexon BMRS FUELHH
2022-02-21T01:00:00Z,Coal,252.000,Elexon BMRS FUELHH
2022-02-21T01:00:00Z,Gas,2392.000,Elexon BMRS FUELHH
2022-02-21T01:00:00Z,Hydro,643.000,Elexon BMRS FUELHH
2022-02-21T01:00:00Z,Imports & Exports,3506.000,Elexon BMRS FUELHH
2022-02-21T01:00:00Z,Nuclear,4777.000,Elexon BMRS FUELHH
2022-02-21T01:00:00Z,Other,148.000,Elexon BMRS FUELHH
2022-02-21T01:00:00Z,Pumped Storage,-1802.000,Elexon BMRS FUELHH
2022-02-21T01:00:00Z,Wind,12566.000,Elexon BMRS FUELHH
2022-02-21T01:30:00Z,Biomass,1157.000,Elexon BMRS FUELHH
2022-02-21T01:30:00Z,Coal,293.000,Elexon BMRS FUELHH
2022-02-21T01:30:00Z,Gas,2324.000,Elexon BMRS FUELHH
2022-02-21T01:30:00Z,Hydro,657.000,Elexon BMRS FUELHH
2022-02-21T01:30:00Z,Imports & Exports,3510.000,Elexon BMRS FUELHH
2022-02-21T01:30:00Z,Nuclear,4779.000,Elexon BMRS FUELHH
2022-02-21T01:30:00Z,Other,136.000,Elexon BMRS FUELHH
2022-02-21T01:30:00Z,Pumped Storage,-2050.000,Elexon BMRS FUELHH
2022-02-21T01:30:00Z,Wind,12388.000,Elexon BMRS FUELHH
2022-02-21T02:00:00Z,Biomass,1157.000,Elexon BMRS FUELHH
2022-02-21T02:00:00Z,Coal,327.000,Elexon BMRS FUELHH
2022-02-21T02:00:00Z,Gas,2408.000,Elexon BMRS FUELHH
2022-02-21T02:00:00Z,Hydro,662.000,Elexon BMRS FUELHH
2022-02-21T02:00:00Z,Imports & Exports,3432.000,Elexon BMRS FUELHH
2022-02-21T02:00:00Z,Nuclear,4772.000,Elexon BMRS FUELHH
2022-02-21T02:00:00Z,Other,143.000,Elexon BMRS FUELHH
2022-02-21T02:00:00Z,Pumped Storage,-2002.000,Elexon BMRS FUELHH
2022-02-21T02:00:00Z,Wind,11809.000,Elexon BMRS FUELHH
2022-02-21T02:30:00Z,Biomass,1171.000,Elexon BMRS FUELHH
2022-02-21T02:30:00Z,Coal,317.000,Elexon BMRS FUELHH
2022-02-21T02:30:00Z,Gas,2640.000,Elexon BMRS FUELHH
2022-02-21T02:30:00Z,Hydro,659.000,Elexon BMRS FUELHH
2022-02-21T02:30:00Z,Imports & Exports,3380.000,Elexon BMRS FUELHH
2022-02-21T02:30:00Z,Nuclear,4776.000,Elexon BMRS FUELHH
2022-02-21T02:30:00Z,Other,139.000,Elexon BMRS FUELHH
2022-02-21T02:30:00Z,Pumped Storage,-1530.000,Elexon BMRS FUELHH
2022-02-21T02:30:00Z,Wind,11054.000,Elexon BMRS FUELHH
2022-02-21T03:00:00Z,Biomass,1325.000,Elexon BMRS FUELHH
2022-02-21T03:00:00Z,Coal,403.000,Elexon BMRS FUELHH
2022-02-21T03:00:00Z,Gas,3121.000,Elexon BMRS FUELHH
2022-02-21T03:00:00Z,Hydro,659.000,Elexon BMRS FUELHH
2022-02-21T03:00:00Z,Imports & Exports,2630.000,Elexon BMRS FUELHH
2022-02-21T03:00:00Z,Nuclear,4769.000,Elexon BMRS FUELHH
2022-02-21T03:00:00Z,Other,141.000,Elexon BMRS FUELHH
2022-02-21T03:00:00Z,Pumped Storage,-1518.000,Elexon BMRS FUELHH
2022-02-21T03:00:00Z,Wind,10601.000,Elexon BMRS FUELHH
2022-02-21T03:30:00Z,Biomass,1325.000,Elexon BMRS FUELHH
2022-02-21T03:30:00Z,Coal,407.000,Elexon BMRS FUELHH
2022-02-21T03:30:00Z,Gas,2714.000,Elexon BMRS FUELHH
2022-02-21T03:30:00Z,Hydro,666.000,Elexon BMRS FUELHH
2022-02-21T03:30:00Z,Imports & Exports,2502.000,Elexon BMRS FUELHH
2022-02-21T03:30:00Z,Nuclear,4765.000,Elexon BMRS FUELHH
2022-02-21T03:30:00Z,Other,140.000,Elexon BMRS FUELHH
2022-02-21T03:30:00Z,Pumped Storage,-1584.000,Elexon BMRS FUELHH
2022-02-21T03:30:00Z,Wind,10823.000,Elexon BMRS FUELHH
2022-02-21T04:00:00Z,Biomass,1363.000,Elexon BMRS FUELHH
2022-02-21T04:00:00Z,Coal,479.000,Elexon BMRS FUELHH
2022-02-21T04:00:00Z,Gas,3256.000,Elexon BMRS FUELHH
2022-02-21T04:00:00Z,Hydro,718.000,Elexon BMRS FUELHH
2022-02-21T04:00:00Z,Imports & Exports,1752.000,Elexon BMRS FUELHH
2022-02-21T04:00:00Z,Nuclear,4767.000,Elexon BMRS FUELHH
2022-02-21T04:00:00Z,Other,144.000,Elexon BMRS FUELHH
2022-02-21T04:00:00Z,Pumped Storage,-1528.000,Elexon BMRS FUELHH
2022-02-21T04:00:00Z,Wind,10827.000,Elexon BMRS FUELHH
2022-02-21T04:30:00Z,Biomass,1382.000,Elexon BMRS FUELHH
2022-02-21T04:30:00Z,Coal,500.000,Elexon BMRS FUELHH
2022-02-21T04:30:00Z,Gas,3094.000,Elexon BMRS FUELHH
2022-02-21T04:30:00Z,Hydro,693.000,Elexon BMRS FUELHH
2022-02-21T04:30:00Z,Imports & Exports,1734.000,Elexon BMRS FUELHH
2022-02-21T04:30:00Z,Nuclear,4763.000,Elexon BMRS FUELHH
2022-02-21T04:30:00Z,Other,145.000,Elexon BMRS FUELHH
2022-02-21T04:30:00Z,Pumped Storage,-1616.000,Elexon BMRS FUELHH
2022-02-21T04:30:00Z,Wind,11225.000,Elexon BMRS FUELHH
2022-02-21T05:00:00Z,Biomass,1270.000,Elexon BMRS FUELHH
2022-02-21T05:00:00Z,Coal,433.000,Elexon BMRS FUELHH
2022-02-21T05:00:00Z,Gas,2870.000,Elexon BMRS FUELHH
2022-02-21T05:00:00Z,Hydro,683.000,Elexon BMRS FUELHH
2022-02-21T05:00:00Z,Imports & Exports,2320.000,Elexon BMRS FUELHH
2022-02-21T05:00:00Z,Nuclear,4767.000,Elexon BMRS FUELHH
2022-02-21T05:00:00Z,Other,146.000,Elexon BMRS FUELHH
2022-02-21T05:00:00Z,Pumped Storage,-1106.000,Elexon BMRS FUELHH
2022-02-21T05:00:00Z,Wind,11540.000,Elexon BMRS FUELHH
2022-02-21T05:30:00Z,Biomass,1441.000,Elexon BMRS FUELHH
2022-02-21T05:30:00Z,Coal,531.000,Elexon BMRS FUELHH
2022-02-21T05:30:00Z,Gas,3343.000,Elexon BMRS FUELHH
2022-02-21T05:30:00Z,Hydro,658.000,Elexon BMRS FUELHH
2022-02-21T05:30:00Z,Imports & Exports,2370.000,Elexon BMRS FUELHH
2022-02-21T05:30:00Z,Nuclear,4766.000,Elexon BMRS FUELHH
2022-02-21T05:30:00Z,Other,151.000,Elexon BMRS FUELHH
2022-02-21T05:30:00Z,Pumped Storage,-820.000,Elexon BMRS FUELHH
2022-02-21T05:30:00Z,Wind,11531.000,Elexon BMRS FUELHH
2022-02-21T06:00:00Z,Biomass,1864.000,Elexon BMRS FUELHH
2022-02-21T06:00:00Z,Coal,779.000,Elexon BMRS FUELHH
2022-02-21T06:00:00Z,Gas,3821.000,Elexon BMRS FUELHH
2022-02-21T06:00:00Z,Hydro,683.000,Elexon BMRS FUELHH
2022-02-21T06:00:00Z,Imports & Exports,3890.000,Elexon BMRS FUELHH
2022-02-21T06:00:00Z,Nuclear,4771.000,Elexon BMRS FUELHH
2022-02-21T06:00:00Z,Other,142.000,Elexon BMRS FUELHH
2022-02-21T06:00:00Z,Pumped Storage,-198.000,Elexon BMRS FUELHH
2022-02-21T06:00:00Z,Wind,11319.000,Elexon BMRS FUELHH
2022-02-21T06:30:00Z,Biomass,2042.000,Elexon BMRS FUELHH
2022-02-21T06:30:00Z,Coal,985.000,Elexon BMRS FUELHH
2022-02-21T06:30:00Z,Gas,5592.000,Elexon BMRS FUELHH
2022-02-21T06:30:00Z,Hydro,709.000,Elexon BMRS FUELHH
2022-02-21T06:30:00Z,Imports & Exports,3964.000,Elexon BMRS FUELHH
2022-02-21T06:30:00Z,Nuclear,4766.000,Elexon BMRS FUELHH
2022-02-21T06:30:00Z,Other,143.000,Elexon BMRS FUELHH
2022-02-21T06:30:00Z,Pumped Storage,0.000,Elexon BMRS FUELHH
2022-02-21T06:30:00Z,Wind,11293.000,Elexon BMRS FUELHH
2022-02-21T07:00:00Z,Biomass,2142.000,Elexon BMRS FUELHH
2022-02-21T07:00:00Z,Coal,1281.000,Elexon BMRS FUELHH
2022-02-21T07:00:00Z,Gas,6755.000,Elexon BMRS FUELHH
2022-02-21T07:00:00Z,Hydro,738.000,Elexon BMRS FUELHH
2022-02-21T07:00:00Z,Imports & Exports,4346.000,Elexon BMRS FUELHH
2022-02-21T07:00:00Z,Nuclear,4774.000,Elexon BMRS FUELHH
2022-02-21T07:00:00Z,Other,142.000,Elexon BMRS FUELHH
2022-02-21T07:00:00Z,Pumped Storage,80.000,Elexon BMRS FUELHH
2022-02-21T07:00:00Z,Wind,11320.000,Elexon BMRS FUELHH
2022-02-21T07:30:00Z,Biomass,2216.000,Elexon BMRS FUELHH
2022-02-21T07:30:00Z,Coal,1430.000,Elexon BMRS FUELHH
2022-02-21T07:30:00Z,Gas,7382.000,Elexon BMRS FUELHH
2022-02-21T07:30:00Z,Hydro,717.000,Elexon BMRS FUELHH
2022-02-21T07:30:00Z,Imports & Exports,4484.000,Elexon BMRS FUELHH
2022-02-21T07:30:00Z,Nuclear,4776.000,Elexon BMRS FUELHH
2022-02-21T07:30:00Z,Other,349.000,Elexon BMRS FUELHH
2022-02-21T07:30:00Z,Pumped Storage,300.000,Elexon BMRS FUELHH
2022-02-21T07:30:00Z,Wind,11550.000,Elexon BMRS FUELHH
2022-02-21T08:00:00Z,Biomass,2216.000,Elexon BMRS FUELHH
2022-02-21T08:00:00Z,Coal,1515.000,Elexon BMRS FUELHH
2022-02-21T08:00:00Z,Gas,7571.000,Elexon BMRS FUELHH
2022-02-21T08:00:00Z,Hydro,688.000,Elexon BMRS FUELHH
2022-02-21T08:00:00Z,Imports & Exports,4820.000,Elexon BMRS FUELHH
2022-02-21T08:00:00Z,Nuclear,4775.000,Elexon BMRS FUELHH
2022-02-21T08:00:00Z,Other,374.000,Elexon BMRS FUELHH
2022-02-21T08:00:00Z,Pumped Storage,296.000,Elexon BMRS FUELHH
2022-02-21T08:00:00Z,Wind,12326.000,Elexon BMRS FUELHH
2022-02-21T08:30:00Z,Biomass,2209.000,Elexon BMRS FUELHH
2022-02-21T08:30:00Z,Coal,1602.000,Elexon BMRS FUELHH
2022-02-21T08:30:00Z,Gas,7731.000,Elexon BMRS FUELHH
2022-02-21T08:30:00Z,Hydro,684.000,Elexon BMRS FUELHH
2022-02-21T08:30:00Z,Imports & Exports,4834.000,Elexon BMRS FUELHH
2022-02-21T08:30:00Z,Nuclear,4778.000,Elexon BMRS FUELHH
2022-02-21T08:30:00Z,Other,434.000,Elexon BMRS FUELHH
2022-02-21T08:30:00Z,Pumped Storage,658.000,Elexon BMRS FUELHH
2022-02-21T08:30:00Z,Wind,12507.000,Elexon BMRS FUELHH
2022-02-21T09:00:00Z,Biomass,2187.000,Elexon BMRS FUELHH
2022-02-21T09:00:00Z,Coal,1715.000,Elexon BMRS FUELHH
2022-02-21T09:00:00Z,Gas,8330.000,Elexon BMRS FUELHH
2022-02-21T09:00:00Z,Hydro,646.000,Elexon BMRS FUELHH
2022-02-21T09:00:00Z,Imports & Exports,4758.000,Elexon BMRS FUELHH
2022-02-21T09:00:00Z,Nuclear,4778.000,Elexon BMRS FUELHH
2022-02-21T09:00:00Z,Other,428.000,Elexon BMRS FUELHH
2022-02-21T09:00:00Z,Pumped Storage,636.000,Elexon BMRS FUELHH
2022-02-21T09:00:00Z,Wind,12549.000,Elexon BMRS FUELHH
2022-02-21T09:30:00Z,Biomass,2195.000,Elexon BMRS FUELHH
2022-02-21T09:30:00Z,Coal,1788.000,Elexon BMRS FUELHH
2022-02-21T09:30:00Z,Gas,8424.000,Elexon BMRS FUELHH
2022-02-21T09:30:00Z,Hydro,677.000,Elexon BMRS FUELHH
2022-02-21T09:30:00Z,Imports & Exports,4654.000,Elexon BMRS FUELHH
2022-02-21T09:30:00Z,Nuclear,4783.000,Elexon BMRS FUELHH
2022-02-21T09:30:00Z,Other,399.000,Elexon BMRS FUELHH
2022-02-21T09:30:00Z,Pumped Storage,408.000,Elexon BMRS FUELHH
2022-02-21T09:30:00Z,Wind,12507.000,Elexon BMRS FUELHH
2022-02-21T10:00:00Z,Biomass,2170.000,Elexon BMRS FUELHH
2022-02-21T10:00:00Z,Coal,1803.000,Elexon BMRS FUELHH
2022-02-21T10:00:00Z,Gas,8258.000,Elexon BMRS FUELHH
2022-02-21T10:00:00Z,Hydro,663.000,Elexon BMRS FUELHH
2022-02-21T10:00:00Z,Imports & Exports,4518.000,Elexon BMRS FUELHH
2022-02-21T10:00:00Z,Nuclear,4776.000,Elexon BMRS FUELHH
2022-02-21T10:00:00Z,Other,399.000,Elexon BMRS FUELHH
2022-02-21T10:00:00Z,Pumped Storage,340.000,Elexon BMRS FUELHH
2022-02-21T10:00:00Z,Wind,12531.000,Elexon BMRS FUELHH
2022-02-21T10:30:00Z,Biomass,2206.000,Elexon BMRS FUELHH
2022-02-21T10:30:00Z,Coal,1674.000,Elexon BMRS FUELHH
2022-02-21T10:30:00Z,Gas,8288.000,Elexon BMRS FUELHH
2022-02-21T10:30:00Z,Hydro,653.000,Elexon BMRS FUELHH
2022-02-21T10:30:00Z,Imports & Exports,4490.000,Elexon BMRS FUELHH
2022-02-21T10:30:00Z,Nuclear,4779.000,Elexon BMRS FUELHH
2022-02-21T10:30:00Z,Other,416.000,Elexon BMRS FUELHH
2022-02-21T10:30:00Z,Pumped Storage,138.000,Elexon BMRS FUELHH
2022-02-21T10:30:00Z,Wind,12704.000,Elexon BMRS FUELHH
2022-02-21T11:00:00Z,Biomass,2190.000,Elexon BMRS FUELHH
2022-02-21T11:00:00Z,Coal,1904.000,Elexon BMRS FUELHH
2022-02-21T11:00:00Z,Gas,7585.000,Elexon BMRS FUELHH
2022-02-21T11:00:00Z,Hydro,654.000,Elexon BMRS FUELHH
2022-02-21T11:00:00Z,Imports & Exports,4196.000,Elexon BMRS FUELHH
2022-02-21T11:00:00Z,Nuclear,4789.000,Elexon BMRS FUELHH
2022-02-21T11:00:00Z,Other,404.000,Elexon BMRS FUELHH
2022-02-21T11:00:00Z,Pumped Storage,136.000,Elexon BMRS FUELHH
2022-02-21T11:00:00Z,Wind,13210.000,Elexon BMRS FUELHH
2022-02-21T11:30:00Z,Biomass,2187.000,Elexon BMRS FUELHH
2022-02-21T11:30:00Z,Coal,1969.000,Elexon BMRS FUELHH
2022-02-21T11:30:00Z,Gas,6941.000,Elexon BMRS FUELHH
2022-02-21T11:30:00Z,Hydro,667.000,Elexon BMRS FUELHH
2022-02-21T11:30:00Z,Imports & Exports,3972.000,Elexon BMRS FUELHH
2022-02-21T11:30:00Z,Nuclear,4785.000,Elexon BMRS FUELHH
2022-02-21T11:30:00Z,Other,350.000,Elexon BMRS FUELHH
2022-02-21T11:30:00Z,Pumped Storage,100.000,Elexon BMRS FUELHH
2022-02-21T11:30:00Z,Wind,13539.000,Elexon BMRS FUELHH
2022-02-21T12:00:00Z,Biomass,2171.000,Elexon BMRS FUELHH
2022-02-21T12:00:00Z,Coal,2059.000,Elexon BMRS FUELHH
2022-02-21T12:00:00Z,Gas,6862.000,Elexon BMRS FUELHH
2022-02-21T12:00:00Z,Hydro,669.000,Elexon BMRS FUELHH
2022-02-21T12:00:00Z,Imports & Exports,3716.000,Elexon BMRS FUELHH
2022-02-21T12:00:00Z,Nuclear,4776.000,Elexon BMRS FUELHH
2022-02-21T12:00:00Z,Other,212.000,Elexon BMRS FUELHH
2022-02-21T12:00:00Z,Pumped Storage,0.000,Elexon BMRS FUELHH
2022-02-21T12:00:00Z,Wind,13887.000,Elexon BMRS FUELHH
2022-02-21T12:30:00Z,Biomass,2167.000,Elexon BMRS FUELHH
2022-02-21T12:30:00Z,Coal,1905.000,Elexon BMRS FUELHH
2022-02-21T12:30:00Z,Gas,6750.000,Elexon BMRS FUELHH
2022-02-21T12:30:00Z,Hydro,670.000,Elexon BMRS FUELHH
2022-02-21T12:30:00Z,Imports & Exports,3530.000,Elexon BMRS FUELHH
2022-02-21T12:30:00Z,Nuclear,4771.000,Elexon BMRS FUELHH
2022-02-21T12:30:00Z,Other,191.000,Elexon BMRS FUELHH
2022-02-21T12:30:00Z,Pumped Storage,-8.000,Elexon BMRS FUELHH
2022-02-21T12:30:00Z,Wind,14009.000,Elexon BMRS FUELHH
2022-02-21T13:00:00Z,Biomass,2156.000,Elexon BMRS FUELHH
2022-02-21T13:00:00Z,Coal,1973.000,Elexon BMRS FUELHH
2022-02-21T13:00:00Z,Gas,6570.000,Elexon BMRS FUELHH
2022-02-21T13:00:00Z,Hydro,696.000,Elexon BMRS FUELHH
2022-02-21T13:00:00Z,Imports & Exports,3430.000,Elexon BMRS FUELHH
2022-02-21T13:00:00Z,Nuclear,4776.000,Elexon BMRS FUELHH
2022-02-21T13:00:00Z,Other,186.000,Elexon BMRS FUELHH
2022-02-21T13:00:00Z,Pumped Storage,-8.000,Elexon BMRS FUELHH
2022-02-21T13:00:00Z,Wind,13926.000,Elexon BMRS FUELHH
2022-02-21T13:30:00Z,Biomass,2162.000,Elexon BMRS FUELHH
2022-02-21T13:30:00Z,Coal,2071.000,Elexon BMRS FUELHH
2022-02-21T13:30:00Z,Gas,6291.000,Elexon BMRS FUELHH
2022-02-21T13:30:00Z,Hydro,745.000,Elexon BMRS FUELHH
2022-02-21T13:30:00Z,Imports & Exports,3264.000,Elexon BMRS FUELHH
2022-02-21T13:30:00Z,Nuclear,4773.000,Elexon BMRS FUELHH
2022-02-21T13:30:00Z,Other,143.000,Elexon BMRS FUELHH
2022-02-21T13:30:00Z,Pumped Storage,-152.000,Elexon BMRS FUELHH
2022-02-21T13:30:00Z,Wind,13905.000,Elexon BMRS FUELHH
2022-02-21T14:00:00Z,Biomass,2164.000,Elexon BMRS FUELHH
2022-02-21T14:00:00Z,Coal,1978.000,Elexon BMRS FUELHH
2022-02-21T14:00:00Z,Gas,6449.000,Elexon BMRS FUELHH
2022-02-21T14:00:00Z,Hydro,761.000,Elexon BMRS FUELHH
2022-02-21T14:00:00Z,Imports & Exports,3422.000,Elexon BMRS FUELHH
2022-02-21T14:00:00Z,Nuclear,4775.000,Elexon BMRS FUELHH
2022-02-21T14:00:00Z,Other,132.000,Elexon BMRS FUELHH
2022-02-21T14:00:00Z,Pumped Storage,78.000,Elexon BMRS FUELHH
2022-02-21T14:00:00Z,Wind,13562.000,Elexon BMRS FUELHH
2022-02-21T14:30:00Z,Biomass,2164.000,Elexon BMRS FUELHH
2022-02-21T14:30:00Z,Coal,1733.000,Elexon BMRS FUELHH
2022-02-21T14:30:00Z,Gas,7312.000,Elexon BMRS FUELHH
2022-02-21T14:30:00Z,Hydro,820.000,Elexon BMRS FUELHH
2022-02-21T14:30:00Z,Imports & Exports,3560.000,Elexon BMRS FUELHH
2022-02-21T14:30:00Z,Nuclear,4783.000,Elexon BMRS FUELHH
2022-02-21T14:30:00Z,Other,117.000,Elexon BMRS FUELHH
2022-02-21T14:30:00Z,Pumped Storage,-172.000,Elexon BMRS FUELHH
2022-02-21T14:30:00Z,Wind,13459.000,Elexon BMRS FUELHH
2022-02-21T15:00:00Z,Biomass,2165.000,Elexon BMRS FUELHH
2022-02-21T15:00:00Z,Coal,1388.000,Elexon BMRS FUELHH
2022-02-21T15:00:00Z,Gas,8369.000,Elexon BMRS FUELHH
2022-02-21T15:00:00Z,Hydro,912.000,Elexon BMRS FUELHH
2022-02-21T15:00:00Z,Imports & Exports,3498.000,Elexon BMRS FUELHH
2022-02-21T15:00:00Z,Nuclear,4794.000,Elexon BMRS FUELHH
2022-02-21T15:00:00Z,Other,143.000,Elexon BMRS FUELHH
2022-02-21T15:00:00Z,Pumped Storage,-148.000,Elexon BMRS FUELHH
2022-02-21T15:00:00Z,Wind,13103.000,Elexon BMRS FUELHH
2022-02-21T15:30:00Z,Biomass,2167.000,Elexon BMRS FUELHH
2022-02-21T15:30:00Z,Coal,1304.000,Elexon BMRS FUELHH
2022-02-21T15:30:00Z,Gas,9819.000,Elexon BMRS FUELHH
2022-02-21T15:30:00Z,Hydro,966.000,Elexon BMRS FUELHH
2022-02-21T15:30:00Z,Imports & Exports,3480.000,Elexon BMRS FUELHH
2022-02-21T15:30:00Z,Nuclear,4798.000,Elexon BMRS FUELHH
2022-02-21T15:30:00Z,Other,133.000,Elexon BMRS FUELHH
2022-02-21T15:30:00Z,Pumped Storage,-14.000,Elexon BMRS FUELHH
2022-02-21T15:30:00Z,Wind,12457.000,Elexon BMRS FUELHH
2022-02-21T16:00:00Z,Biomass,2168.000,Elexon BMRS FUELHH
2022-02-21T16:00:00Z,Coal,1563.000,Elexon BMRS FUELHH
2022-02-21T16:00:00Z,Gas,11422.000,Elexon BMRS FUELHH
2022-02-21T16:00:00Z,Hydro,979.000,Elexon BMRS FUELHH
2022-02-21T16:00:00Z,Imports & Exports,3260.000,Elexon BMRS FUELHH
2022-02-21T16:00:00Z,Nuclear,4797.000,Elexon BMRS FUELHH
2022-02-21T16:00:00Z,Other,179.000,Elexon BMRS FUELHH
2022-02-21T16:00:00Z,Pumped Storage,-16.000,Elexon BMRS FUELHH
2022-02-21T16:00:00Z,Wind,11961.000,Elexon BMRS FUELHH
2022-02-21T16:30:00Z,Biomass,2175.000,Elexon BMRS FUELHH
2022-02-21T16:30:00Z,Coal,2021.000,Elexon BMRS FUELHH
2022-02-21T16:30:00Z,Gas,12181.000,Elexon BMRS FUELHH
2022-02-21T16:30:00Z,Hydro,1057.000,Elexon BMRS FUELHH
2022-02-21T16:30:00Z,Imports & Exports,3290.000,Elexon BMRS FUELHH
2022-02-21T16:30:00Z,Nuclear,4784.000,Elexon BMRS FUELHH
2022-02-21T16:30:00Z,Other,275.000,Elexon BMRS FUELHH
2022-02-21T16:30:00Z,Pumped Storage,704.000,Elexon BMRS FUELHH
2022-02-21T16:30:00Z,Wind,11586.000,Elexon BMRS FUELHH
2022-02-21T17:00:00Z,Biomass,2167.000,Elexon BMRS FUELHH
2022-02-21T17:00:00Z,Coal,2197.000,Elexon BMRS FUELHH
2022-02-21T17:00:00Z,Gas,13583.000,Elexon BMRS FUELHH
2022-02-21T17:00:00Z,Hydro,1072.000,Elexon BMRS FUELHH
2022-02-21T17:00:00Z,Imports & Exports,3002.000,Elexon BMRS FUELHH
2022-02-21T17:00:00Z,Nuclear,4783.000,Elexon BMRS FUELHH
2022-02-21T17:00:00Z,Other,330.000,Elexon BMRS FUELHH
2022-02-21T17:00:00Z,Pumped Storage,1742.000,Elexon BMRS FUELHH
2022-02-21T17:00:00Z,Wind,10727.000,Elexon BMRS FUELHH
2022-02-21T17:30:00Z,Biomass,2167.000,Elexon BMRS FUELHH
2022-02-21T17:30:00Z,Coal,2283.000,Elexon BMRS FUELHH
2022-02-21T17:30:00Z,Gas,15105.000,Elexon BMRS FUELHH
2022-02-21T17:30:00Z,Hydro,1077.000,Elexon BMRS FUELHH
2022-02-21T17:30:00Z,Imports & Exports,3142.000,Elexon BMRS FUELHH
2022-02-21T17:30:00Z,Nuclear,4782.000,Elexon BMRS FUELHH
2022-02-21T17:30:00Z,Other,670.000,Elexon BMRS FUELHH
2022-02-21T17:30:00Z,Pumped Storage,1936.000,Elexon BMRS FUELHH
2022-02-21T17:30:00Z,Wind,9828.000,Elexon BMRS FUELHH
2022-02-21T18:00:00Z,Biomass,2221.000,Elexon BMRS FUELHH
2022-02-21T18:00:00Z,Coal,2376.000,Elexon BMRS FUELHH
2022-02-21T18:00:00Z,Gas,16230.000,Elexon BMRS FUELHH
2022-02-21T18:00:00Z,Hydro,1077.000,Elexon BMRS FUELHH
2022-02-21T18:00:00Z,Imports & Exports,2932.000,Elexon BMRS FUELHH
2022-02-21T18:00:00Z,Nuclear,4777.000,Elexon BMRS FUELHH
2022-02-21T18:00:00Z,Other,786.000,Elexon BMRS FUELHH
2022-02-21T18:00:00Z,Pumped Storage,2236.000,Elexon BMRS FUELHH
2022-02-21T18:00:00Z,Wind,8977.000,Elexon BMRS FUELHH
2022-02-21T18:30:00Z,Biomass,2223.000,Elexon BMRS FUELHH
2022-02-21T18:30:00Z,Coal,2338.000,Elexon BMRS FUELHH
2022-02-21T18:30:00Z,Gas,16441.000,Elexon BMRS FUELHH
2022-02-21T18:30:00Z,Hydro,1092.000,Elexon BMRS FUELHH
2022-02-21T18:30:00Z,Imports & Exports,3046.000,Elexon BMRS FUELHH
2022-02-21T18:30:00Z,Nuclear,4772.000,Elexon BMRS FUELHH
2022-02-21T18:30:00Z,Other,760.000,Elexon BMRS FUELHH
2022-02-21T18:30:00Z,Pumped Storage,2146.000,Elexon BMRS FUELHH
2022-02-21T18:30:00Z,Wind,7858.000,Elexon BMRS FUELHH
2022-02-21T19:00:00Z,Biomass,2197.000,Elexon BMRS FUELHH
2022-02-21T19:00:00Z,Coal,2325.000,Elexon BMRS FUELHH
2022-02-21T19:00:00Z,Gas,16391.000,Elexon BMRS FUELHH
2022-02-21T19:00:00Z,Hydro,1093.000,Elexon BMRS FUELHH
2022-02-21T19:00:00Z,Imports & Exports,3430.000,Elexon BMRS FUELHH
2022-02-21T19:00:00Z,Nuclear,4760.000,Elexon BMRS FUELHH
2022-02-21T19:00:00Z,Other,667.000,Elexon BMRS FUELHH
2022-02-21T19:00:00Z,Pumped Storage,1898.000,Elexon BMRS FUELHH
2022-02-21T19:00:00Z,Wind,7110.000,Elexon BMRS FUELHH
2022-02-21T19:30:00Z,Biomass,2204.000,Elexon BMRS FUELHH
2022-02-21T19:30:00Z,Coal,2310.000,Elexon BMRS FUELHH
2022-02-21T19:30:00Z,Gas,15812.000,Elexon BMRS FUELHH
2022-02-21T19:30:00Z,Hydro,1092.000,Elexon BMRS FUELHH
2022-02-21T19:30:00Z,Imports & Exports,3604.000,Elexon BMRS FUELHH
2022-02-21T19:30:00Z,Nuclear,4753.000,Elexon BMRS FUELHH
2022-02-21T19:30:00Z,Other,554.000,Elexon BMRS FUELHH
2022-02-21T19:30:00Z,Pumped Storage,1662.000,Elexon BMRS FUELHH
2022-02-21T19:30:00Z,Wind,6761.000,Elexon BMRS FUELHH
2022-02-21T20:00:00Z,Biomass,2221.000,Elexon BMRS FUELHH
2022-02-21T20:00:00Z,Coal,2265.000,Elexon BMRS FUELHH
2022-02-21T20:00:00Z,Gas,14598.000,Elexon BMRS FUELHH
2022-02-21T20:00:00Z,Hydro,1093.000,Elexon BMRS FUELHH
2022-02-21T20:00:00Z,Imports & Exports,4220.000,Elexon BMRS FUELHH
2022-02-21T20:00:00Z,Nuclear,4730.000,Elexon BMRS FUELHH
2022-02-21T20:00:00Z,Other,360.000,Elexon BMRS FUELHH
2022-02-21T20:00:00Z,Pumped Storage,1656.000,Elexon BMRS FUELHH
2022-02-21T20:00:00Z,Wind,6651.000,Elexon BMRS FUELHH
2022-02-21T20:30:00Z,Biomass,2228.000,Elexon BMRS FUELHH
2022-02-21T20:30:00Z,Coal,2157.000,Elexon BMRS FUELHH
2022-02-21T20:30:00Z,Gas,14095.000,Elexon BMRS FUELHH
2022-02-21T20:30:00Z,Hydro,1093.000,Elexon BMRS FUELHH
2022-02-21T20:30:00Z,Imports & Exports,4418.000,Elexon BMRS FUELHH
2022-02-21T20:30:00Z,Nuclear,4720.000,Elexon BMRS FUELHH
2022-02-21T20:30:00Z,Other,283.000,Elexon BMRS FUELHH
2022-02-21T20:30:00Z,Pumped Storage,1238.000,Elexon BMRS FUELHH
2022-02-21T20:30:00Z,Wind,6730.000,Elexon BMRS FUELHH
2022-02-21T21:00:00Z,Biomass,2239.000,Elexon BMRS FUELHH
2022-02-21T21:00:00Z,Coal,2075.000,Elexon BMRS FUELHH
2022-02-21T21:00:00Z,Gas,14039.000,Elexon BMRS FUELHH
2022-02-21T21:00:00Z,Hydro,1082.000,Elexon BMRS FUELHH
2022-02-21T21:00:00Z,Imports & Exports,4678.000,Elexon BMRS FUELHH
2022-02-21T21:00:00Z,Nuclear,4704.000,Elexon BMRS FUELHH
2022-02-21T21:00:00Z,Other,240.000,Elexon BMRS FUELHH
2022-02-21T21:00:00Z,Pumped Storage,408.000,Elexon BMRS FUELHH
2022-02-21T21:00:00Z,Wind,6206.000,Elexon BMRS FUELHH
2022-02-21T21:30:00Z,Biomass,2280.000,Elexon BMRS FUELHH
2022-02-21T21:30:00Z,Coal,2051.000,Elexon BMRS FUELHH
2022-02-21T21:30:00Z,Gas,12975.000,Elexon BMRS FUELHH
2022-02-21T21:30:00Z,Hydro,1100.000,Elexon BMRS FUELHH
2022-02-21T21:30:00Z,Imports & Exports,4754.000,Elexon BMRS FUELHH
2022-02-21T21:30:00Z,Nuclear,4698.000,Elexon BMRS FUELHH
2022-02-21T21:30:00Z,Other,218.000,Elexon BMRS FUELHH
2022-02-21T21:30:00Z,Pumped Storage,-12.000,Elexon BMRS FUELHH
2022-02-21T21:30:00Z,Wind,5744.000,Elexon BMRS FUELHH
2022-02-21T22:00:00Z,Biomass,2279.000,Elexon BMRS FUELHH
2022-02-21T22:00:00Z,Coal,1527.000,Elexon BMRS FUELHH
2022-02-21T22:00:00Z,Gas,11747.000,Elexon BMRS FUELHH
2022-02-21T22:00:00Z,Hydro,965.000,Elexon BMRS FUELHH
2022-02-21T22:00:00Z,Imports & Exports,4568.000,Elexon BMRS FUELHH
2022-02-21T22:00:00Z,Nuclear,4692.000,Elexon BMRS FUELHH
2022-02-21T22:00:00Z,Other,214.000,Elexon BMRS FUELHH
2022-02-21T22:00:00Z,Pumped Storage,-10.000,Elexon BMRS FUELHH
2022-02-21T22:00:00Z,Wind,5641.000,Elexon BMRS FUELHH
2022-02-21T22:30:00Z,Biomass,2269.000,Elexon BMRS FUELHH
2022-02-21T22:30:00Z,Coal,957.000,Elexon BMRS FUELHH
2022-02-21T22:30:00Z,Gas,10020.000,Elexon BMRS FUELHH
2022-02-21T22:30:00Z,Hydro,963.000,Elexon BMRS FUELHH
2022-02-21T22:30:00Z,Imports & Exports,4566.000,Elexon BMRS FUELHH
2022-02-21T22:30:00Z,Nuclear,4682.000,Elexon BMRS FUELHH
2022-02-21T22:30:00Z,Other,210.000,Elexon BMRS FUELHH
2022-02-21T22:30:00Z,Pumped Storage,-10.000,Elexon BMRS FUELHH
2022-02-21T22:30:00Z,Wind,6211.000,Elexon BMRS FUELHH
2022-02-21T23:00:00Z,Biomass,2185.000,Elexon BMRS FUELHH
2022-02-21T23:00:00Z,Coal,559.000,Elexon BMRS FUELHH
2022-02-21T23:00:00Z,Gas,7656.000,Elexon BMRS FUELHH
2022-02-21T23:00:00Z,Hydro,912.000,Elexon BMRS FUELHH
2022-02-21T23:00:00Z,Imports & Exports,4608.000,Elexon BMRS FUELHH
2022-02-21T23:00:00Z,Nuclear,4684.000,Elexon BMRS FUELHH
2022-02-21T23:00:00Z,Other,212.000,Elexon BMRS FUELHH
2022-02-21T23:00:00Z,Pumped Storage,-10.000,Elexon BMRS FUELHH
2022-02-21T23:00:00Z,Wind,7096.000,Elexon BMRS FUELHH
2022-02-21T23:30:00Z,Biomass,1978.000,Elexon BMRS FUELHH
2022-02-21T23:30:00Z,Coal,332.000,Elexon BMRS FUELHH
2022-02-21T23:30:00Z,Gas,6604.000,Elexon BMRS FUELHH
2022-02-21T23:30:00Z,Hydro,843.000,Elexon BMRS FUELHH
2022-02-21T23:30:00Z,Imports & Exports,4458.000,Elexon BMRS FUELHH
2022-02-21T23:30:00Z,Nuclear,4683.000,Elexon BMRS FUELHH
2022-02-21T23:30:00Z,Other,213.000,Elexon BMRS FUELHH
2022-02-21T23:30:00Z,Pumped Storage,-200.000,Elexon BMRS FUELHH
2022-02-21T23:30:00Z,Wind,7613.000,Elexon BMRS FUELHH
2022-02-22T00:00:00Z,Biomass,2013.000,Elexon BMRS FUELHH
2022-02-22T00:00:00Z,Coal,230.000,Elexon BMRS FUELHH
2022-02-22T00:00:00Z,Gas,6470.000,Elexon BMRS FUELHH
2022-02-22T00:00:00Z,Hydro,709.000,Elexon BMRS FUELHH
2022-02-22T00:00:00Z,Imports & Exports,4602.000,Elexon BMRS FUELHH
2022-02-22T00:00:00Z,Nuclear,4686.000,Elexon BMRS FUELHH
2022-02-22T00:00:00Z,Other,209.000,Elexon BMRS FUELHH
2022-02-22T00:00:00Z,Pumped Storage,-686.000,Elexon BMRS FUELHH
2022-02-22T00:00:00Z,Wind,7827.000,Elexon BMRS FUELHH
2022-02-22T00:30:00Z,Biomass,2203.000,Elexon BMRS FUELHH
2022-02-22T00:30:00Z,Coal,230.000,Elexon BMRS FUELHH
2022-02-22T00:30:00Z,Gas,6462.000,Elexon BMRS FUELHH
2022-02-22T00:30:00Z,Hydro,610.000,Elexon BMRS FUELHH
2022-02-22T00:30:00Z,Imports & Exports,4636.000,Elexon BMRS FUELHH
2022-02-22T00:30:00Z,Nuclear,4695.000,Elexon BMRS FUELHH
2022-02-22T00:30:00Z,Other,208.000,Elexon BMRS FUELHH
2022-02-22T00:30:00Z,Pumped Storage,-700.000,Elexon BMRS FUELHH
2022-02-22T00:30:00Z,Wind,7999.000,Elexon BMRS FUELHH
2022-02-22T01:00:00Z,Biomass,2244.000,Elexon BMRS FUELHH
2022-02-22T01:00:00Z,Coal,349.000,Elexon BMRS FUELHH
2022-02-22T01:00:00Z,Gas,6073.000,Elexon BMRS FUELHH
2022-02-22T01:00:00Z,Hydro,609.000,Elexon BMRS FUELHH
2022-02-22T01:00:00Z,Imports & Exports,4484.000,Elexon BMRS FUELHH
2022-02-22T01:00:00Z,Nuclear,4691.000,Elexon BMRS FUELHH
2022-02-22T01:00:00Z,Other,219.000,Elexon BMRS FUELHH
2022-02-22T01:00:00Z,Pumped Storage,-922.000,Elexon BMRS FUELHH
2022-02-22T01:00:00Z,Wind,8198.000,Elexon BMRS FUELHH
2022-02-22T01:30:00Z,Biomass,2242.000,Elexon BMRS FUELHH
2022-02-22T01:30:00Z,Coal,314.000,Elexon BMRS FUELHH
2022-02-22T01:30:00Z,Gas,5428.000,Elexon BMRS FUELHH
2022-02-22T01:30:00Z,Hydro,606.000,Elexon BMRS FUELHH
2022-02-22T01:30:00Z,Imports & Exports,4478.000,Elexon BMRS FUELHH
2022-02-22T01:30:00Z,Nuclear,4691.000,Elexon BMRS FUELHH
2022-02-22T01:30:00Z,Other,217.000,Elexon BMRS FUELHH
2022-02-22T01:30:00Z,Pumped Storage,-1290.000,Elexon BMRS FUELHH
2022-02-22T01:30:00Z,Wind,8353.000,Elexon BMRS FUELHH
2022-02-22T02:00:00Z,Biomass,2236.000,Elexon BMRS FUELHH
2022-02-22T02:00:00Z,Coal,385.000,Elexon BMRS FUELHH
2022-02-22T02:00:00Z,Gas,5041.000,Elexon BMRS FUELHH
2022-02-22T02:00:00Z,Hydro,604.000,Elexon BMRS FUELHH
2022-02-22T02:00:00Z,Imports & Exports,4272.000,Elexon BMRS FUELHH
2022-02-22T02:00:00Z,Nuclear,4693.000,Elexon BMRS FUELHH
2022-02-22T02:00:00Z,Other,204.000,Elexon BMRS FUELHH
2022-02-22T02:00:00Z,Pumped Storage,-1728.000,Elexon BMRS FUELHH
2022-02-22T02:00:00Z,Wind,8520.000,Elexon BMRS FUELHH
2022-02-22T02:30:00Z,Biomass,2241.000,Elexon BMRS FUELHH
2022-02-22T02:30:00Z,Coal,439.000,Elexon BMRS FUELHH
2022-02-22T02:30:00Z,Gas,4499.000,Elexon BMRS FUELHH
2022-02-22T02:30:00Z,Hydro,603.000,Elexon BMRS FUELHH
2022-02-22T02:30:00Z,Imports & Exports,4174.000,Elexon BMRS FUELHH
2022-02-22T02:30:00Z,Nuclear,4693.000,Elexon BMRS FUELHH
2022-02-22T02:30:00Z,Other,202.000,Elexon BMRS FUELHH
2022-02-22T02:30:00Z,Pumped Storage,-1954.000,Elexon BMRS FUELHH
2022-02-22T02:30:00Z,Wind,8788.000,Elexon BMRS FUELHH
2022-02-22T03:00:00Z,Biomass,2280.000,Elexon BMRS FUELHH
2022-02-22T03:00:00Z,Coal,478.000,Elexon BMRS FUELHH
2022-02-22T03:00:00Z,Gas,5334.000,Elexon BMRS FUELHH
2022-02-22T03:00:00Z,Hydro,603.000,Elexon BMRS FUELHH
2022-02-22T03:00:00Z,Imports & Exports,2246.000,Elexon BMRS FUELHH
2022-02-22T03:00:00Z,Nuclear,4688.000,Elexon BMRS FUELHH
2022-02-22T03:00:00Z,Other,204.000,Elexon BMRS FUELHH
2022-02-22T03:00:00Z,Pumped Storage,-1636.000,Elexon BMRS FUELHH
2022-02-22T03:00:00Z,Wind,8737.000,Elexon BMRS FUELHH
2022-02-22T03:30:00Z,Biomass,2323.000,Elexon BMRS FUELHH
2022-02-22T03:30:00Z,Coal,423.000,Elexon BMRS FUELHH
2022-02-22T03:30:00Z,Gas,5198.000,Elexon BMRS FUELHH
2022-02-22T03:30:00Z,Hydro,604.000,Elexon BMRS FUELHH
2022-02-22T03:30:00Z,Imports & Exports,2112.000,Elexon BMRS FUELHH
2022-02-22T03:30:00Z,Nuclear,4685.000,Elexon BMRS FUELHH
2022-02-22T03:30:00Z,Other,212.000,Elexon BMRS FUELHH
2022-02-22T03:30:00Z,Pumped Storage,-1620.000,Elexon BMRS FUELHH
2022-02-22T03:30:00Z,Wind,8512.000,Elexon BMRS FUELHH
2022-02-22T04:00:00Z,Biomass,2333.000,Elexon BMRS FUELHH
2022-02-22T04:00:00Z,Coal,464.000,Elexon BMRS FUELHH
2022-02-22T04:00:00Z,Gas,5939.000,Elexon BMRS FUELHH
2022-02-22T04:00:00Z,Hydro,602.000,Elexon BMRS FUELHH
2022-02-22T04:00:00Z,Imports & Exports,800.000,Elexon BMRS FUELHH
2022-02-22T04:00:00Z,Nuclear,4685.000,Elexon BMRS FUELHH
2022-02-22T04:00:00Z,Other,253.000,Elexon BMRS FUELHH
2022-02-22T04:00:00Z,Pumped Storage,-1496.000,Elexon BMRS FUELHH
2022-02-22T04:00:00Z,Wind,8342.000,Elexon BMRS FUELHH
2022-02-22T04:30:00Z,Biomass,2362.000,Elexon BMRS FUELHH
2022-02-22T04:30:00Z,Coal,472.000,Elexon BMRS FUELHH
2022-02-22T04:30:00Z,Gas,5869.000,Elexon BMRS FUELHH
2022-02-22T04:30:00Z,Hydro,609.000,Elexon BMRS FUELHH
2022-02-22T04:30:00Z,Imports & Exports,752.000,Elexon BMRS FUELHH
2022-02-22T04:30:00Z,Nuclear,4686.000,Elexon BMRS FUELHH
2022-02-22T04:30:00Z,Other,343.000,Elexon BMRS FUELHH
2022-02-22T04:30:00Z,Pumped Storage,-1692.000,Elexon BMRS FUELHH
2022-02-22T04:30:00Z,Wind,8684.000,Elexon BMRS FUELHH
2022-02-22T05:00:00Z,Biomass,2417.000,Elexon BMRS FUELHH
2022-02-22T05:00:00Z,Coal,437.000,Elexon BMRS FUELHH
2022-02-22T05:00:00Z,Gas,5880.000,Elexon BMRS FUELHH
2022-02-22T05:00:00Z,Hydro,614.000,Elexon BMRS FUELHH
2022-02-22T05:00:00Z,Imports & Exports,898.000,Elexon BMRS FUELHH
2022-02-22T05:00:00Z,Nuclear,4689.000,Elexon BMRS FUELHH
2022-02-22T05:00:00Z,Other,356.000,Elexon BMRS FUELHH
2022-02-22T05:00:00Z,Pumped Storage,-1698.000,Elexon BMRS FUELHH
2022-02-22T05:00:00Z,Wind,9252.000,Elexon BMRS FUELHH
2022-02-22T05:30:00Z,Biomass,2654.000,Elexon BMRS FUELHH
2022-02-22T05:30:00Z,Coal,392.000,Elexon BMRS FUELHH
2022-02-22T05:30:00Z,Gas,5527.000,Elexon BMRS FUELHH
2022-02-22T05:30:00Z,Hydro,620.000,Elexon BMRS FUELHH
2022-02-22T05:30:00Z,Imports & Exports,922.000,Elexon BMRS FUELHH
2022-02-22T05:30:00Z,Nuclear,4687.000,Elexon BMRS FUELHH
2022-02-22T05:30:00Z,Other,367.000,Elexon BMRS FUELHH
2022-02-22T05:30:00Z,Pumped Storage,-1444.000,Elexon BMRS FUELHH
2022-02-22T05:30:00Z,Wind,9767.000,Elexon BMRS FUELHH
2022-02-22T06:00:00Z,Biomass,2798.000,Elexon BMRS FUELHH
2022-02-22T06:00:00Z,Coal,434.000,Elexon BMRS FUELHH
2022-02-22T06:00:00Z,Gas,5409.000,Elexon BMRS FUELHH
2022-02-22T06:00:00Z,Hydro,618.000,Elexon BMRS FUELHH
2022-02-22T06:00:00Z,Imports & Exports,2284.000,Elexon BMRS FUELHH
2022-02-22T06:00:00Z,Nuclear,4692.000,Elexon BMRS FUELHH
2022-02-22T06:00:00Z,Other,225.000,Elexon BMRS FUELHH
2022-02-22T06:00:00Z,Pumped Storage,-474.000,Elexon BMRS FUELHH
2022-02-22T06:00:00Z,Wind,10139.000,Elexon BMRS FUELHH
2022-02-22T06:30:00Z,Biomass,2828.000,Elexon BMRS FUELHH
2022-02-22T06:30:00Z,Coal,795.000,Elexon BMRS FUELHH
2022-02-22T06:30:00Z,Gas,6327.000,Elexon BMRS FUELHH
2022-02-22T06:30:00Z,Hydro,631.000,Elexon BMRS FUELHH
2022-02-22T06:30:00Z,Imports & Exports,2240.000,Elexon BMRS FUELHH
2022-02-22T06:30:00Z,Nuclear,4690.000,Elexon BMRS FUELHH
2022-02-22T06:30:00Z,Other,210.000,Elexon BMRS FUELHH
2022-02-22T06:30:00Z,Pumped Storage,-70.000,Elexon BMRS FUELHH
2022-02-22T06:30:00Z,Wind,10944.000,Elexon BMRS FUELHH
2022-02-22T07:00:00Z,Biomass,2839.000,Elexon BMRS FUELHH
2022-02-22T07:00:00Z,Coal,1162.000,Elexon BMRS FUELHH
2022-02-22T07:00:00Z,Gas,7015.000,Elexon BMRS FUELHH
2022-02-22T07:00:00Z,Hydro,639.000,Elexon BMRS FUELHH
2022-02-22T07:00:00Z,Imports & Exports,2676.000,Elexon BMRS FUELHH
2022-02-22T07:00:00Z,Nuclear,4689.000,Elexon BMRS FUELHH
2022-02-22T07:00:00Z,Other,208.000,Elexon BMRS FUELHH
2022-02-22T07:00:00Z,Pumped Storage,18.000,Elexon BMRS FUELHH
2022-02-22T07:00:00Z,Wind,11521.000,Elexon BMRS FUELHH
2022-02-22T07:30:00Z,Biomass,2847.000,Elexon BMRS FUELHH
2022-02-22T07:30:00Z,Coal,1386.000,Elexon BMRS FUELHH
2022-02-22T07:30:00Z,Gas,7233.000,Elexon BMRS FUELHH
2022-02-22T07:30:00Z,Hydro,759.000,Elexon BMRS FUELHH
2022-02-22T07:30:00Z,Imports & Exports,2692.000,Elexon BMRS FUELHH
2022-02-22T07:30:00Z,Nuclear,4687.000,Elexon BMRS FUELHH
2022-02-22T07:30:00Z,Other,257.000,Elexon BMRS FUELHH
2022-02-22T07:30:00Z,Pumped Storage,368.000,Elexon BMRS FUELHH
2022-02-22T07:30:00Z,Wind,12057.000,Elexon BMRS FUELHH
2022-02-22T08:00:00Z,Biomass,2842.000,Elexon BMRS FUELHH
2022-02-22T08:00:00Z,Coal,1445.000,Elexon BMRS FUELHH
2022-02-22T08:00:00Z,Gas,8344.000,Elexon BMRS FUELHH
2022-02-22T08:00:00Z,Hydro,995.000,Elexon BMRS FUELHH
2022-02-22T08:00:00Z,Imports & Exports,2782.000,Elexon BMRS FUELHH
2022-02-22T08:00:00Z,Nuclear,4692.000,Elexon BMRS FUELHH
2022-02-22T08:00:00Z,Other,275.000,Elexon BMRS FUELHH
2022-02-22T08:00:00Z,Pumped Storage,172.000,Elexon BMRS FUELHH
2022-02-22T08:00:00Z,Wind,12433.000,Elexon BMRS FUELHH
2022-02-22T08:30:00Z,Biomass,2836.000,Elexon BMRS FUELHH
2022-02-22T08:30:00Z,Coal,1629.000,Elexon BMRS FUELHH
2022-02-22T08:30:00Z,Gas,7900.000,Elexon BMRS FUELHH
2022-02-22T08:30:00Z,Hydro,1023.000,Elexon BMRS FUELHH
2022-02-22T08:30:00Z,Imports & Exports,2912.000,Elexon BMRS FUELHH
2022-02-22T08:30:00Z,Nuclear,4692.000,Elexon BMRS FUELHH
2022-02-22T08:30:00Z,Other,430.000,Elexon BMRS FUELHH
2022-02-22T08:30:00Z,Pumped Storage,92.000,Elexon BMRS FUELHH
2022-02-22T08:30:00Z,Wind,13010.000,Elexon BMRS FUELHH
2022-02-22T09:00:00Z,Biomass,2839.000,Elexon BMRS FUELHH
2022-02-22T09:00:00Z,Coal,1774.000,Elexon BMRS FUELHH
2022-02-22T09:00:00Z,Gas,7025.000,Elexon BMRS FUELHH
2022-02-22T09:00:00Z,Hydro,949.000,Elexon BMRS FUELHH
2022-02-22T09:00:00Z,Imports & Exports,4392.000,Elexon BMRS FUELHH
2022-02-22T09:00:00Z,Nuclear,4694.000,Elexon BMRS FUELHH
2022-02-22T09:00:00Z,Other,496.000,Elexon BMRS FUELHH
2022-02-22T09:00:00Z,Pumped Storage,146.000,Elexon BMRS FUELHH
2022-02-22T09:00:00Z,Wind,12993.000,Elexon BMRS FUELHH
2022-02-22T09:30:00Z,Biomass,2833.000,Elexon BMRS FUELHH
2022-02-22T09:30:00Z,Coal,1619.000,Elexon BMRS FUELHH
2022-02-22T09:30:00Z,Gas,6875.000,Elexon BMRS FUELHH
2022-02-22T09:30:00Z,Hydro,825.000,Elexon BMRS FUELHH
2022-02-22T09:30:00Z,Imports & Exports,4314.000,Elexon BMRS FUELHH
2022-02-22T09:30:00Z,Nuclear,4699.000,Elexon BMRS FUELHH
2022-02-22T09:30:00Z,Other,426.000,Elexon BMRS FUELHH
2022-02-22T09:30:00Z,Pumped Storage,192.000,Elexon BMRS FUELHH
2022-02-22T09:30:00Z,Wind,13322.000,Elexon BMRS FUELHH
2022-02-22T10:00:00Z,Biomass,2791.000,Elexon BMRS FUELHH
2022-02-22T10:00:00Z,Coal,1669.000,Elexon BMRS FUELHH
2022-02-22T10:00:00Z,Gas,6672.000,Elexon BMRS FUELHH
2022-02-22T10:00:00Z,Hydro,739.000,Elexon BMRS FUELHH
2022-02-22T10:00:00Z,Imports & Exports,4360.000,Elexon BMRS FUELHH
2022-02-22T10:00:00Z,Nuclear,4696.000,Elexon BMRS FUELHH
2022-02-22T10:00:00Z,Other,235.000,Elexon BMRS FUELHH
2022-02-22T10:00:00Z,Pumped Storage,134.000,Elexon BMRS FUELHH
2022-02-22T10:00:00Z,Wind,13313.000,Elexon BMRS FUELHH
2022-02-22T10:30:00Z,Biomass,2719.000,Elexon BMRS FUELHH
2022-02-22T10:30:00Z,Coal,1424.000,Elexon BMRS FUELHH
2022-02-22T10:30:00Z,Gas,6695.000,Elexon BMRS FUELHH
2022-02-22T10:30:00Z,Hydro,704.000,Elexon BMRS FUELHH
2022-02-22T10:30:00Z,Imports & Exports,4294.000,Elexon BMRS FUELHH
2022-02-22T10:30:00Z,Nuclear,4692.000,Elexon BMRS FUELHH
2022-02-22T10:30:00Z,Other,214.000,Elexon BMRS FUELHH
2022-02-22T10:30:00Z,Pumped Storage,236.000,Elexon BMRS FUELHH
2022-02-22T10:30:00Z,Wind,13184.000,Elexon BMRS FUELHH
2022-02-22T11:00:00Z,Biomass,2814.000,Elexon BMRS FUELHH
2022-02-22T11:00:00Z,Coal,1414.000,Elexon BMRS FUELHH
2022-02-22T11:00:00Z,Gas,6424.000,Elexon BMRS FUELHH
2022-02-22T11:00:00Z,Hydro,717.000,Elexon BMRS FUELHH
2022-02-22T11:00:00Z,Imports & Exports,4470.000,Elexon BMRS FUELHH
2022-02-22T11:00:00Z,Nuclear,4693.000,Elexon BMRS FUELHH
2022-02-22T11:00:00Z,Other,216.000,Elexon BMRS FUELHH
2022-02-22T11:00:00Z,Pumped Storage,144.000,Elexon BMRS FUELHH
2022-02-22T11:00:00Z,Wind,13288.000,Elexon BMRS FUELHH
2022-02-22T11:30:00Z,Biomass,2837.000,Elexon BMRS FUELHH
2022-02-22T11:30:00Z,Coal,1447.000,Elexon BMRS FUELHH
2022-02-22T11:30:00Z,Gas,6146.000,Elexon BMRS FUELHH
2022-02-22T11:30:00Z,Hydro,750.000,Elexon BMRS FUELHH
2022-02-22T11:30:00Z,Imports & Exports,4442.000,Elexon BMRS FUELHH
2022-02-22T11:30:00Z,Nuclear,4686.000,Elexon BMRS FUELHH
2022-02-22T11:30:00Z,Other,210.000,Elexon BMRS FUELHH
2022-02-22T11:30:00Z,Pumped Storage,-12.000,Elexon BMRS FUELHH
2022-02-22T11:30:00Z,Wind,13368.000,Elexon BMRS FUELHH
2022-02-22T12:00:00Z,Biomass,2834.000,Elexon BMRS FUELHH
2022-02-22T12:00:00Z,Coal,1679.000,Elexon BMRS FUELHH
2022-02-22T12:00:00Z,Gas,6334.000,Elexon BMRS FUELHH
2022-02-22T12:00:00Z,Hydro,690.000,Elexon BMRS FUELHH
2022-02-22T12:00:00Z,Imports & Exports,4112.000,Elexon BMRS FUELHH
2022-02-22T12:00:00Z,Nuclear,4685.000,Elexon BMRS FUELHH
2022-02-22T12:00:00Z,Other,211.000,Elexon BMRS FUELHH
2022-02-22T12:00:00Z,Pumped Storage,-24.000,Elexon BMRS FUELHH
2022-02-22T12:00:00Z,Wind,13434.000,Elexon BMRS FUELHH
2022-02-22T12:30:00Z,Biomass,2824.000,Elexon BMRS FUELHH
2022-02-22T12:30:00Z,Coal,1732.000,Elexon BMRS FUELHH
2022-02-22T12:30:00Z,Gas,6133.000,Elexon BMRS FUELHH
2022-02-22T12:30:00Z,Hydro,680.000,Elexon BMRS FUELHH
2022-02-22T12:30:00Z,Imports & Exports,3994.000,Elexon BMRS FUELHH
2022-02-22T12:30:00Z,Nuclear,4686.000,Elexon BMRS FUELHH
2022-02-22T12:30:00Z,Other,198.000,Elexon BMRS FUELHH
2022-02-22T12:30:00Z,Pumped Storage,-164.000,Elexon BMRS FUELHH
2022-02-22T12:30:00Z,Wind,13453.000,Elexon BMRS FUELHH
2022-02-22T13:00:00Z,Biomass,2765.000,Elexon BMRS FUELHH
2022-02-22T13:00:00Z,Coal,1641.000,Elexon BMRS FUELHH
2022-02-22T13:00:00Z,Gas,5947.000,Elexon BMRS FUELHH
2022-02-22T13:00:00Z,Hydro,694.000,Elexon BMRS FUELHH
2022-02-22T13:00:00Z,Imports & Exports,3612.000,Elexon BMRS FUELHH
2022-02-22T13:00:00Z,Nuclear,4688.000,Elexon BMRS FUELHH
2022-02-22T13:00:00Z,Other,196.000,Elexon BMRS FUELHH
2022-02-22T13:00:00Z,Pumped Storage,-154.000,Elexon BMRS FUELHH
2022-02-22T13:00:00Z,Wind,13476.000,Elexon BMRS FUELHH
2022-02-22T13:30:00Z,Biomass,2730.000,Elexon BMRS FUELHH
2022-02-22T13:30:00Z,Coal,1379.000,Elexon BMRS FUELHH
2022-02-22T13:30:00Z,Gas,5446.000,Elexon BMRS FUELHH
2022-02-22T13:30:00Z,Hydro,711.000,Elexon BMRS FUELHH
2022-02-22T13:30:00Z,Imports & Exports,3432.000,Elexon BMRS FUELHH
2022-02-22T13:30:00Z,Nuclear,4688.000,Elexon BMRS FUELHH
2022-02-22T13:30:00Z,Other,196.000,Elexon BMRS FUELHH
2022-02-22T13:30:00Z,Pumped Storage,-166.000,Elexon BMRS FUELHH
2022-02-22T13:30:00Z,Wind,13505.000,Elexon BMRS FUELHH
2022-02-22T14:00:00Z,Biomass,2724.000,Elexon BMRS FUELHH
2022-02-22T14:00:00Z,Coal,1308.000,Elexon BMRS FUELHH
2022-02-22T14:00:00Z,Gas,4863.000,Elexon BMRS FUELHH
2022-02-22T14:00:00Z,Hydro,709.000,Elexon BMRS FUELHH
2022-02-22T14:00:00Z,Imports & Exports,3910.000,Elexon BMRS FUELHH
2022-02-22T14:00:00Z,Nuclear,4686.000,Elexon BMRS FUELHH
2022-02-22T14:00:00Z,Other,195.000,Elexon BMRS FUELHH
2022-02-22T14:00:00Z,Pumped Storage,-166.000,Elexon BMRS FUELHH
2022-02-22T14:00:00Z,Wind,13524.000,Elexon BMRS FUELHH
2022-02-22T14:30:00Z,Biomass,2735.000,Elexon BMRS FUELHH
2022-02-22T14:30:00Z,Coal,1368.000,Elexon BMRS FUELHH
2022-02-22T14:30:00Z,Gas,5040.000,Elexon BMRS FUELHH
2022-02-22T14:30:00Z,Hydro,666.000,Elexon BMRS FUELHH
2022-02-22T14:30:00Z,Imports & Exports,3934.000,Elexon BMRS FUELHH
2022-02-22T14:30:00Z,Nuclear,4684.000,Elexon BMRS FUELHH
2022-02-22T14:30:00Z,Other,174.000,Elexon BMRS FUELHH
2022-02-22T14:30:00Z,Pumped Storage,-164.000,Elexon BMRS FUELHH
2022-02-22T14:30:00Z,Wind,13315.000,Elexon BMRS FUELHH
2022-02-22T15:00:00Z,Biomass,2728.000,Elexon BMRS FUELHH
2022-02-22T15:00:00Z,Coal,1386.000,Elexon BMRS FUELHH
2022-02-22T15:00:00Z,Gas,5576.000,Elexon BMRS FUELHH
2022-02-22T15:00:00Z,Hydro,687.000,Elexon BMRS FUELHH
2022-02-22T15:00:00Z,Imports & Exports,3826.000,Elexon BMRS FUELHH
2022-02-22T15:00:00Z,Nuclear,4691.000,Elexon BMRS FUELHH
2022-02-22T15:00:00Z,Other,172.000,Elexon BMRS FUELHH
2022-02-22T15:00:00Z,Pumped Storage,-164.000,Elexon BMRS FUELHH
2022-02-22T15:00:00Z,Wind,13122.000,Elexon BMRS FUELHH
2022-02-22T15:30:00Z,Biomass,2670.000,Elexon BMRS FUELHH
2022-02-22T15:30:00Z,Coal,1394.000,Elexon BMRS FUELHH
2022-02-22T15:30:00Z,Gas,6218.000,Elexon BMRS FUELHH
2022-02-22T15:30:00Z,Hydro,697.000,Elexon BMRS FUELHH
2022-02-22T15:30:00Z,Imports & Exports,3820.000,Elexon BMRS FUELHH
2022-02-22T15:30:00Z,Nuclear,4684.000,Elexon BMRS FUELHH
2022-02-22T15:30:00Z,Other,193.000,Elexon BMRS FUELHH
2022-02-22T15:30:00Z,Pumped Storage,58.000,Elexon BMRS FUELHH
2022-02-22T15:30:00Z,Wind,13011.000,Elexon BMRS FUELHH
2022-02-22T16:00:00Z,Biomass,2664.000,Elexon BMRS FUELHH
2022-02-22T16:00:00Z,Coal,1708.000,Elexon BMRS FUELHH
2022-02-22T16:00:00Z,Gas,7365.000,Elexon BMRS FUELHH
2022-02-22T16:00:00Z,Hydro,710.000,Elexon BMRS FUELHH
2022-02-22T16:00:00Z,Imports & Exports,3606.000,Elexon BMRS FUELHH
2022-02-22T16:00:00Z,Nuclear,4689.000,Elexon BMRS FUELHH
2022-02-22T16:00:00Z,Other,190.000,Elexon BMRS FUELHH
2022-02-22T16:00:00Z,Pumped Storage,136.000,Elexon BMRS FUELHH
2022-02-22T16:00:00Z,Wind,12746.000,Elexon BMRS FUELHH
2022-02-22T16:30:00Z,Biomass,2807.000,Elexon BMRS FUELHH
2022-02-22T16:30:00Z,Coal,2110.000,Elexon BMRS FUELHH
2022-02-22T16:30:00Z,Gas,8455.000,Elexon BMRS FUELHH
2022-02-22T16:30:00Z,Hydro,714.000,Elexon BMRS FUELHH
2022-02-22T16:30:00Z,Imports & Exports,3662.000,Elexon BMRS FUELHH
2022-02-22T16:30:00Z,Nuclear,4693.000,Elexon BMRS FUELHH
2022-02-22T16:30:00Z,Other,179.000,Elexon BMRS FUELHH
2022-02-22T16:30:00Z,Pumped Storage,198.000,Elexon BMRS FUELHH
2022-02-22T16:30:00Z,Wind,12919.000,Elexon BMRS FUELHH
2022-02-22T17:00:00Z,Biomass,2838.000,Elexon BMRS FUELHH
2022-02-22T17:00:00Z,Coal,2092.000,Elexon BMRS FUELHH
2022-02-22T17:00:00Z,Gas,9431.000,Elexon BMRS FUELHH
2022-02-22T17:00:00Z,Hydro,733.000,Elexon BMRS FUELHH
2022-02-22T17:00:00Z,Imports & Exports,3868.000,Elexon BMRS FUELHH
2022-02-22T17:00:00Z,Nuclear,4691.000,Elexon BMRS FUELHH
2022-02-22T17:00:00Z,Other,203.000,Elexon BMRS FUELHH
2022-02-22T17:00:00Z,Pumped Storage,1244.000,Elexon BMRS FUELHH
2022-02-22T17:00:00Z,Wind,12478.000,Elexon BMRS FUELHH
2022-02-22T17:30:00Z,Biomass,2838.000,Elexon BMRS FUELHH
2022-02-22T17:30:00Z,Coal,2118.000,Elexon BMRS FUELHH
2022-02-22T17:30:00Z,Gas,10983.000,Elexon BMRS FUELHH
2022-02-22T17:30:00Z,Hydro,779.000,Elexon BMRS FUELHH
2022-02-22T17:30:00Z,Imports & Exports,3844.000,Elexon BMRS FUELHH
2022-02-22T17:30:00Z,Nuclear,4693.000,Elexon BMRS FUELHH
2022-02-22T17:30:00Z,Other,290.000,Elexon BMRS FUELHH
2022-02-22T17:30:00Z,Pumped Storage,1766.000,Elexon BMRS FUELHH
2022-02-22T17:30:00Z,Wind,11982.000,Elexon BMRS FUELHH
2022-02-22T18:00:00Z,Biomass,2837.000,Elexon BMRS FUELHH
2022-02-22T18:00:00Z,Coal,2185.000,Elexon BMRS FUELHH
2022-02-22T18:00:00Z,Gas,11637.000,Elexon BMRS FUELHH
2022-02-22T18:00:00Z,Hydro,953.000,Elexon BMRS FUELHH
2022-02-22T18:00:00Z,Imports & Exports,3838.000,Elexon BMRS FUELHH
2022-02-22T18:00:00Z,Nuclear,4698.000,Elexon BMRS FUELHH
2022-02-22T18:00:00Z,Other,507.000,Elexon BMRS FUELHH
2022-02-22T18:00:00Z,Pumped Storage,1686.000,Elexon BMRS FUELHH
2022-02-22T18:00:00Z,Wind,12000.000,Elexon BMRS FUELHH
2022-02-22T18:30:00Z,Biomass,2837.000,Elexon BMRS FUELHH
2022-02-22T18:30:00Z,Coal,2042.000,Elexon BMRS FUELHH
2022-02-22T18:30:00Z,Gas,11523.000,Elexon BMRS FUELHH
2022-02-22T18:30:00Z,Hydro,944.000,Elexon BMRS FUELHH
2022-02-22T18:30:00Z,Imports & Exports,3708.000,Elexon BMRS FUELHH
2022-02-22T18:30:00Z,Nuclear,4692.000,Elexon BMRS FUELHH
2022-02-22T18:30:00Z,Other,521.000,Elexon BMRS FUELHH
2022-02-22T18:30:00Z,Pumped Storage,1636.000,Elexon BMRS FUELHH
2022-02-22T18:30:00Z,Wind,12230.000,Elexon BMRS FUELHH
2022-02-22T19:00:00Z,Biomass,2838.000,Elexon BMRS FUELHH
2022-02-22T19:00:00Z,Coal,1901.000,Elexon BMRS FUELHH
2022-02-22T19:00:00Z,Gas,10856.000,Elexon BMRS FUELHH
2022-02-22T19:00:00Z,Hydro,926.000,Elexon BMRS FUELHH
2022-02-22T19:00:00Z,Imports & Exports,3776.000,Elexon BMRS FUELHH
2022-02-22T19:00:00Z,Nuclear,4689.000,Elexon BMRS FUELHH
2022-02-22T19:00:00Z,Other,443.000,Elexon BMRS FUELHH
2022-02-22T19:00:00Z,Pumped Storage,1448.000,Elexon BMRS FUELHH
2022-02-22T19:00:00Z,Wind,12610.000,Elexon BMRS FUELHH
2022-02-22T19:30:00Z,Biomass,2837.000,Elexon BMRS FUELHH
2022-02-22T19:30:00Z,Coal,1816.000,Elexon BMRS FUELHH
2022-02-22T19:30:00Z,Gas,10541.000,Elexon BMRS FUELHH
2022-02-22T19:30:00Z,Hydro,924.000,Elexon BMRS FUELHH
2022-02-22T19:30:00Z,Imports & Exports,3824.000,Elexon BMRS FUELHH
2022-02-22T19:30:00Z,Nuclear,4687.000,Elexon BMRS FUELHH
2022-02-22T19:30:00Z,Other,248.000,Elexon BMRS FUELHH
2022-02-22T19:30:00Z,Pumped Storage,990.000,Elexon BMRS FUELHH
2022-02-22T19:30:00Z,Wind,12717.000,Elexon BMRS FUELHH
2022-02-22T20:00:00Z,Biomass,2781.000,Elexon BMRS FUELHH
2022-02-22T20:00:00Z,Coal,1998.000,Elexon BMRS FUELHH
2022-02-22T20:00:00Z,Gas,10608.000,Elexon BMRS FUELHH
2022-02-22T20:00:00Z,Hydro,883.000,Elexon BMRS FUELHH
2022-02-22T20:00:00Z,Imports & Exports,3230.000,Elexon BMRS FUELHH
2022-02-22T20:00:00Z,Nuclear,4684.000,Elexon BMRS FUELHH
2022-02-22T20:00:00Z,Other,188.000,Elexon BMRS FUELHH
2022-02-22T20:00:00Z,Pumped Storage,618.000,Elexon BMRS FUELHH
2022-02-22T20:00:00Z,Wind,12103.000,Elexon BMRS FUELHH
2022-02-22T20:30:00Z,Biomass,2699.000,Elexon BMRS FUELHH
2022-02-22T20:30:00Z,Coal,1808.000,Elexon BMRS FUELHH
2022-02-22T20:30:00Z,Gas,10156.000,Elexon BMRS FUELHH
2022-02-22T20:30:00Z,Hydro,880.000,Elexon BMRS FUELHH
2022-02-22T20:30:00Z,Imports & Exports,3090.000,Elexon BMRS FUELHH
2022-02-22T20:30:00Z,Nuclear,4682.000,Elexon BMRS FUELHH
2022-02-22T20:30:00Z,Other,175.000,Elexon BMRS FUELHH
2022-02-22T20:30:00Z,Pumped Storage,-16.000,Elexon BMRS FUELHH
2022-02-22T20:30:00Z,Wind,12411.000,Elexon BMRS FUELHH
2022-02-22T21:00:00Z,Biomass,2792.000,Elexon BMRS FUELHH
2022-02-22T21:00:00Z,Coal,1658.000,Elexon BMRS FUELHH
2022-02-22T21:00:00Z,Gas,8588.000,Elexon BMRS FUELHH
2022-02-22T21:00:00Z,Hydro,793.000,Elexon BMRS FUELHH
2022-02-22T21:00:00Z,Imports & Exports,3400.000,Elexon BMRS FUELHH
2022-02-22T21:00:00Z,Nuclear,4677.000,Elexon BMRS FUELHH
2022-02-22T21:00:00Z,Other,179.000,Elexon BMRS FUELHH
2022-02-22T21:00:00Z,Pumped Storage,-12.000,Elexon BMRS FUELHH
2022-02-22T21:00:00Z,Wind,12091.000,Elexon BMRS FUELHH
2022-02-22T21:30:00Z,Biomass,2764.000,Elexon BMRS FUELHH
2022-02-22T21:30:00Z,Coal,1323.000,Elexon BMRS FUELHH
2022-02-22T21:30:00Z,Gas,7166.000,Elexon BMRS FUELHH
2022-02-22T21:30:00Z,Hydro,759.000,Elexon BMRS FUELHH
2022-02-22T21:30:00Z,Imports & Exports,3394.000,Elexon BMRS FUELHH
2022-02-22T21:30:00Z,Nuclear,4681.000,Elexon BMRS FUELHH
2022-02-22T21:30:00Z,Other,166.000,Elexon BMRS FUELHH
2022-02-22T21:30:00Z,Pumped Storage,234.000,Elexon BMRS FUELHH
2022-02-22T21:30:00Z,Wind,11713.000,Elexon BMRS FUELHH
2022-02-22T22:00:00Z,Biomass,2818.000,Elexon BMRS FUELHH
2022-02-22T22:00:00Z,Coal,683.000,Elexon BMRS FUELHH
2022-02-22T22:00:00Z,Gas,6043.000,Elexon BMRS FUELHH
2022-02-22T22:00:00Z,Hydro,760.000,Elexon BMRS FUELHH
2022-02-22T22:00:00Z,Imports & Exports,3470.000,Elexon BMRS FUELHH
2022-02-22T22:00:00Z,Nuclear,4679.000,Elexon BMRS FUELHH
2022-02-22T22:00:00Z,Other,167.000,Elexon BMRS FUELHH
2022-02-22T22:00:00Z,Pumped Storage,64.000,Elexon BMRS FUELHH
2022-02-22T22:00:00Z,Wind,11424.000,Elexon BMRS FUELHH
2022-02-22T22:30:00Z,Biomass,2804.000,Elexon BMRS FUELHH
2022-02-22T22:30:00Z,Coal,514.000,Elexon BMRS FUELHH
2022-02-22T22:30:00Z,Gas,4576.000,Elexon BMRS FUELHH
2022-02-22T22:30:00Z,Hydro,754.000,Elexon BMRS FUELHH
2022-02-22T22:30:00Z,Imports & Exports,3380.000,Elexon BMRS FUELHH
2022-02-22T22:30:00Z,Nuclear,4682.000,Elexon BMRS FUELHH
2022-02-22T22:30:00Z,Other,162.000,Elexon BMRS FUELHH
2022-02-22T22:30:00Z,Pumped Storage,8.000,Elexon BMRS FUELHH
2022-02-22T22:30:00Z,Wind,11521.000,Elexon BMRS FUELHH
2022-02-22T23:00:00Z,Biomass,2724.000,Elexon BMRS FUELHH
2022-02-22T23:00:00Z,Coal,598.000,Elexon BMRS FUELHH
2022-02-22T23:00:00Z,Gas,3249.000,Elexon BMRS FUELHH
2022-02-22T23:00:00Z,Hydro,746.000,Elexon BMRS FUELHH
2022-02-22T23:00:00Z,Imports & Exports,3302.000,Elexon BMRS FUELHH
2022-02-22T23:00:00Z,Nuclear,4678.000,Elexon BMRS FUELHH
2022-02-22T23:00:00Z,Other,157.000,Elexon BMRS FUELHH
2022-02-22T23:00:00Z,Pumped Storage,-154.000,Elexon BMRS FUELHH
2022-02-22T23:00:00Z,Wind,11241.000,Elexon BMRS FUELHH
2022-02-22T23:30:00Z,Biomass,2841.000,Elexon BMRS FUELHH
2022-02-22T23:30:00Z,Coal,662.000,Elexon BMRS FUELHH
2022-02-22T23:30:00Z,Gas,2881.000,Elexon BMRS FUELHH
2022-02-22T23:30:00Z,Hydro,732.000,Elexon BMRS FUELHH
2022-02-22T23:30:00Z,Imports & Exports,3360.000,Elexon BMRS FUELHH
2022-02-22T23:30:00Z,Nuclear,4680.000,Elexon BMRS FUELHH
2022-02-22T23:30:00Z,Other,154.000,Elexon BMRS FUELHH
2022-02-22T23:30:00Z,Pumped Storage,-782.000,Elexon BMRS FUELHH
2022-02-22T23:30:00Z,Wind,10757.000,Elexon BMRS FUELHH
2022-02-23T00:00:00Z,Biomass,2847.000,Elexon BMRS FUELHH
2022-02-23T00:00:00Z,Coal,775.000,Elexon BMRS FUELHH
2022-02-23T00:00:00Z,Gas,3214.000,Elexon BMRS FUELHH
2022-02-23T00:00:00Z,Hydro,731.000,Elexon BMRS FUELHH
2022-02-23T00:00:00Z,Imports & Exports,3014.000,Elexon BMRS FUELHH
2022-02-23T00:00:00Z,Nuclear,4680.000,Elexon BMRS FUELHH
2022-02-23T00:00:00Z,Other,290.000,Elexon BMRS FUELHH
2022-02-23T00:00:00Z,Pumped Storage,-1110.000,Elexon BMRS FUELHH
2022-02-23T00:00:00Z,Wind,10638.000,Elexon BMRS FUELHH
2022-02-23T00:30:00Z,Biomass,2827.000,Elexon BMRS FUELHH
2022-02-23T00:30:00Z,Coal,876.000,Elexon BMRS FUELHH
2022-02-23T00:30:00Z,Gas,3337.000,Elexon BMRS FUELHH
2022-02-23T00:30:00Z,Hydro,732.000,Elexon BMRS FUELHH
2022-02-23T00:30:00Z,Imports & Exports,3212.000,Elexon BMRS FUELHH
2022-02-23T00:30:00Z,Nuclear,4683.000,Elexon BMRS FUELHH
2022-02-23T00:30:00Z,Other,338.000,Elexon BMRS FUELHH
2022-02-23T00:30:00Z,Pumped Storage,-886.000,Elexon BMRS FUELHH
2022-02-23T00:30:00Z,Wind,10450.000,Elexon BMRS FUELHH
2022-02-23T01:00:00Z,Biomass,2819.000,Elexon BMRS FUELHH
2022-02-23T01:00:00Z,Coal,958.000,Elexon BMRS FUELHH
2022-02-23T01:00:00Z,Gas,3340.000,Elexon BMRS FUELHH
2022-02-23T01:00:00Z,Hydro,731.000,Elexon BMRS FUELHH
2022-02-23T01:00:00Z,Imports & Exports,3258.000,Elexon BMRS FUELHH
2022-02-23T01:00:00Z,Nuclear,4697.000,Elexon BMRS FUELHH
2022-02-23T01:00:00Z,Other,361.000,Elexon BMRS FUELHH
2022-02-23T01:00:00Z,Pumped Storage,-1188.000,Elexon BMRS FUELHH
2022-02-23T01:00:00Z,Wind,10434.000,Elexon BMRS FUELHH
2022-02-23T01:30:00Z,Biomass,2847.000,Elexon BMRS FUELHH
2022-02-23T01:30:00Z,Coal,905.000,Elexon BMRS FUELHH
2022-02-23T01:30:00Z,Gas,3124.000,Elexon BMRS FUELHH
2022-02-23T01:30:00Z,Hydro,754.000,Elexon BMRS FUELHH
2022-02-23T01:30:00Z,Imports & Exports,3238.000,Elexon BMRS FUELHH
2022-02-23T01:30:00Z,Nuclear,4690.000,Elexon BMRS FUELHH
2022-02-23T01:30:00Z,Other,370.000,Elexon BMRS FUELHH
2022-02-23T01:30:00Z,Pumped Storage,-1406.000,Elexon BMRS FUELHH
2022-02-23T01:30:00Z,Wind,10360.000,Elexon BMRS FUELHH
2022-02-23T02:00:00Z,Biomass,2849.000,Elexon BMRS FUELHH
2022-02-23T02:00:00Z,Coal,973.000,Elexon BMRS FUELHH
2022-02-23T02:00:00Z,Gas,3346.000,Elexon BMRS FUELHH
2022-02-23T02:00:00Z,Hydro,784.000,Elexon BMRS FUELHH
2022-02-23T02:00:00Z,Imports & Exports,2432.000,Elexon BMRS FUELHH
2022-02-23T02:00:00Z,Nuclear,4692.000,Elexon BMRS FUELHH
2022-02-23T02:00:00Z,Other,390.000,Elexon BMRS FUELHH
2022-02-23T02:00:00Z,Pumped Storage,-1360.000,Elexon BMRS FUELHH
2022-02-23T02:00:00Z,Wind,9910.000,Elexon BMRS FUELHH
2022-02-23T02:30:00Z,Biomass,2854.000,Elexon BMRS FUELHH
2022-02-23T02:30:00Z,Coal,944.000,Elexon BMRS FUELHH
2022-02-23T02:30:00Z,Gas,3444.000,Elexon BMRS FUELHH
2022-02-23T02:30:00Z,Hydro,730.000,Elexon BMRS FUELHH
2022-02-23T02:30:00Z,Imports & Exports,2406.000,Elexon BMRS FUELHH
2022-02-23T02:30:00Z,Nuclear,4690.000,Elexon BMRS FUELHH
2022-02-23T02:30:00Z,Other,396.000,Elexon BMRS FUELHH
2022-02-23T02:30:00Z,Pumped Storage,-1694.000,Elexon BMRS FUELHH
2022-02-23T02:30:00Z,Wind,10036.000,Elexon BMRS FUELHH
2022-02-23T03:00:00Z,Biomass,2904.000,Elexon BMRS FUELHH
2022-02-23T03:00:00Z,Coal,942.000,Elexon BMRS FUELHH
2022-02-23T03:00:00Z,Gas,3167.000,Elexon BMRS FUELHH
2022-02-23T03:00:00Z,Hydro,727.000,Elexon BMRS FUELHH
2022-02-23T03:00:00Z,Imports & Exports,2184.000,Elexon BMRS FUELHH
2022-02-23T03:00:00Z,Nuclear,4689.000,Elexon BMRS FUELHH
2022-02-23T03:00:00Z,Other,366.000,Elexon BMRS FUELHH
2022-02-23T03:00:00Z,Pumped Storage,-1420.000,Elexon BMRS FUELHH
2022-02-23T03:00:00Z,Wind,10067.000,Elexon BMRS FUELHH
2022-02-23T03:30:00Z,Biomass,2907.000,Elexon BMRS FUELHH
2022-02-23T03:30:00Z,Coal,934.000,Elexon BMRS FUELHH
2022-02-23T03:30:00Z,Gas,3120.000,Elexon BMRS FUELHH
2022-02-23T03:30:00Z,Hydro,728.000,Elexon BMRS FUELHH
2022-02-23T03:30:00Z,Imports & Exports,2192.000,Elexon BMRS FUELHH
2022-02-23T03:30:00Z,Nuclear,4690.000,Elexon BMRS FUELHH
2022-02-23T03:30:00Z,Other,328.000,Elexon BMRS FUELHH
2022-02-23T03:30:00Z,Pumped Storage,-1544.000,Elexon BMRS FUELHH
2022-02-23T03:30:00Z,Wind,9982.000,Elexon BMRS FUELHH
2022-02-23T04:00:00Z,Biomass,2906.000,Elexon BMRS FUELHH
2022-02-23T04:00:00Z,Coal,982.000,Elexon BMRS FUELHH
2022-02-23T04:00:00Z,Gas,3378.000,Elexon BMRS FUELHH
2022-02-23T04:00:00Z,Hydro,733.000,Elexon BMRS FUELHH
2022-02-23T04:00:00Z,Imports & Exports,1476.000,Elexon BMRS FUELHH
2022-02-23T04:00:00Z,Nuclear,4689.000,Elexon BMRS FUELHH
2022-02-23T04:00:00Z,Other,276.000,Elexon BMRS FUELHH
2022-02-23T04:00:00Z,Pumped Storage,-1354.000,Elexon BMRS FUELHH
2022-02-23T04:00:00Z,Wind,9859.000,Elexon BMRS FUELHH
2022-02-23T04:30:00Z,Biomass,2906.000,Elexon BMRS FUELHH
2022-02-23T04:30:00Z,Coal,1198.000,Elexon BMRS FUELHH
2022-02-23T04:30:00Z,Gas,3532.000,Elexon BMRS FUELHH
2022-02-23T04:30:00Z,Hydro,732.000,Elexon BMRS FUELHH
2022-02-23T04:30:00Z,Imports & Exports,1460.000,Elexon BMRS FUELHH
2022-02-23T04:30:00Z,Nuclear,4681.000,Elexon BMRS FUELHH
2022-02-23T04:30:00Z,Other,191.000,Elexon BMRS FUELHH
2022-02-23T04:30:00Z,Pumped Storage,-1482.000,Elexon BMRS FUELHH
2022-02-23T04:30:00Z,Wind,9672.000,Elexon BMRS FUELHH
2022-02-23T05:00:00Z,Biomass,2907.000,Elexon BMRS FUELHH
2022-02-23T05:00:00Z,Coal,1254.000,Elexon BMRS FUELHH
2022-02-23T05:00:00Z,Gas,2932.000,Elexon BMRS FUELHH
2022-02-23T05:00:00Z,Hydro,733.000,Elexon BMRS FUELHH
2022-02-23T05:00:00Z,Imports & Exports,1940.000,Elexon BMRS FUELHH
2022-02-23T05:00:00Z,Nuclear,4682.000,Elexon BMRS FUELHH
2022-02-23T05:00:00Z,Other,152.000,Elexon BMRS FUELHH
2022-02-23T05:00:00Z,Pumped Storage,-332.000,Elexon BMRS FUELHH
2022-02-23T05:00:00Z,Wind,9521.000,Elexon BMRS FUELHH
2022-02-23T05:30:00Z,Biomass,2902.000,Elexon BMRS FUELHH
2022-02-23T05:30:00Z,Coal,1313.000,Elexon BMRS FUELHH
2022-02-23T05:30:00Z,Gas,3650.000,Elexon BMRS FUELHH
2022-02-23T05:30:00Z,Hydro,734.000,Elexon BMRS FUELHH
2022-02-23T05:30:00Z,Imports & Exports,1978.000,Elexon BMRS FUELHH
2022-02-23T05:30:00Z,Nuclear,4681.000,Elexon BMRS FUELHH
2022-02-23T05:30:00Z,Other,157.000,Elexon BMRS FUELHH
2022-02-23T05:30:00Z,Pumped Storage,50.000,Elexon BMRS FUELHH
2022-02-23T05:30:00Z,Wind,9691.000,Elexon BMRS FUELHH
2022-02-23T06:00:00Z,Biomass,2904.000,Elexon BMRS FUELHH
2022-02-23T06:00:00Z,Coal,1663.000,Elexon BMRS FUELHH
2022-02-23T06:00:00Z,Gas,5733.000,Elexon BMRS FUELHH
2022-02-23T06:00:00Z,Hydro,733.000,Elexon BMRS FUELHH
2022-02-23T06:00:00Z,Imports & Exports,1730.000,Elexon BMRS FUELHH
2022-02-23T06:00:00Z,Nuclear,4687.000,Elexon BMRS FUELHH
2022-02-23T06:00:00Z,Other,157.000,Elexon BMRS FUELHH
2022-02-23T06:00:00Z,Pumped Storage,158.000,Elexon BMRS FUELHH
2022-02-23T06:00:00Z,Wind,9863.000,Elexon BMRS FUELHH
2022-02-23T06:30:00Z,Biomass,2902.000,Elexon BMRS FUELHH
2022-02-23T06:30:00Z,Coal,1812.000,Elexon BMRS FUELHH
2022-02-23T06:30:00Z,Gas,7188.000,Elexon BMRS FUELHH
2022-02-23T06:30:00Z,Hydro,740.000,Elexon BMRS FUELHH
2022-02-23T06:30:00Z,Imports & Exports,1680.000,Elexon BMRS FUELHH
2022-02-23T06:30:00Z,Nuclear,4695.000,Elexon BMRS FUELHH
2022-02-23T06:30:00Z,Other,249.000,Elexon BMRS FUELHH
2022-02-23T06:30:00Z,Pumped Storage,422.000,Elexon BMRS FUELHH
2022-02-23T06:30:00Z,Wind,10009.000,Elexon BMRS FUELHH
2022-02-23T07:00:00Z,Biomass,2902.000,Elexon BMRS FUELHH
2022-02-23T07:00:00Z,Coal,1931.000,Elexon BMRS FUELHH
2022-02-23T07:00:00Z,Gas,7692.000,Elexon BMRS FUELHH
2022-02-23T07:00:00Z,Hydro,773.000,Elexon BMRS FUELHH
2022-02-23T07:00:00Z,Imports & Exports,2956.000,Elexon BMRS FUELHH
2022-02-23T07:00:00Z,Nuclear,4706.000,Elexon BMRS FUELHH
2022-02-23T07:00:00Z,Other,342.000,Elexon BMRS FUELHH
2022-02-23T07:00:00Z,Pumped Storage,610.000,Elexon BMRS FUELHH
2022-02-23T07:00:00Z,Wind,10202.000,Elexon BMRS FUELHH
2022-02-23T07:30:00Z,Biomass,2893.000,Elexon BMRS FUELHH
2022-02-23T07:30:00Z,Coal,2267.000,Elexon BMRS FUELHH
2022-02-23T07:30:00Z,Gas,8274.000,Elexon BMRS FUELHH
2022-02-23T07:30:00Z,Hydro,1044.000,Elexon BMRS FUELHH
2022-02-23T07:30:00Z,Imports & Exports,2992.000,Elexon BMRS FUELHH
2022-02-23T07:30:00Z,Nuclear,4719.000,Elexon BMRS FUELHH
2022-02-23T07:30:00Z,Other,389.000,Elexon BMRS FUELHH
2022-02-23T07:30:00Z,Pumped Storage,298.000,Elexon BMRS FUELHH
2022-02-23T07:30:00Z,Wind,10695.000,Elexon BMRS FUELHH
2022-02-23T08:00:00Z,Biomass,2895.000,Elexon BMRS FUELHH
2022-02-23T08:00:00Z,Coal,2360.000,Elexon BMRS FUELHH
2022-02-23T08:00:00Z,Gas,8666.000,Elexon BMRS FUELHH
2022-02-23T08:00:00Z,Hydro,1046.000,Elexon BMRS FUELHH
2022-02-23T08:00:00Z,Imports & Exports,3272.000,Elexon BMRS FUELHH
2022-02-23T08:00:00Z,Nuclear,4724.000,Elexon BMRS FUELHH
2022-02-23T08:00:00Z,Other,397.000,Elexon BMRS FUELHH
2022-02-23T08:00:00Z,Pumped Storage,322.000,Elexon BMRS FUELHH
2022-02-23T08:00:00Z,Wind,10966.000,Elexon BMRS FUELHH
2022-02-23T08:30:00Z,Biomass,2886.000,Elexon BMRS FUELHH
2022-02-23T08:30:00Z,Coal,2352.000,Elexon BMRS FUELHH
2022-02-23T08:30:00Z,Gas,8723.000,Elexon BMRS FUELHH
2022-02-23T08:30:00Z,Hydro,878.000,Elexon BMRS FUELHH
2022-02-23T08:30:00Z,Imports & Exports,3358.000,Elexon BMRS FUELHH
2022-02-23T08:30:00Z,Nuclear,4737.000,Elexon BMRS FUELHH
2022-02-23T08:30:00Z,Other,280.000,Elexon BMRS FUELHH
2022-02-23T08:30:00Z,Pumped Storage,282.000,Elexon BMRS FUELHH
2022-02-23T08:30:00Z,Wind,11108.000,Elexon BMRS FUELHH
2022-02-23T09:00:00Z,Biomass,2851.000,Elexon BMRS FUELHH
2022-02-23T09:00:00Z,Coal,2226.000,Elexon BMRS FUELHH
2022-02-23T09:00:00Z,Gas,8033.000,Elexon BMRS FUELHH
2022-02-23T09:00:00Z,Hydro,869.000,Elexon BMRS FUELHH
2022-02-23T09:00:00Z,Imports & Exports,4148.000,Elexon BMRS FUELHH
2022-02-23T09:00:00Z,Nuclear,4750.000,Elexon BMRS FUELHH
2022-02-23T09:00:00Z,Other,211.000,Elexon BMRS FUELHH
2022-02-23T09:00:00Z,Pumped Storage,294.000,Elexon BMRS FUELHH
2022-02-23T09:00:00Z,Wind,11415.000,Elexon BMRS FUELHH
2022-02-23T09:30:00Z,Biomass,2562.000,Elexon BMRS FUELHH
2022-02-23T09:30:00Z,Coal,2261.000,Elexon BMRS FUELHH
2022-02-23T09:30:00Z,Gas,7302.000,Elexon BMRS FUELHH
2022-02-23T09:30:00Z,Hydro,891.000,Elexon BMRS FUELHH
2022-02-23T09:30:00Z,Imports & Exports,4060.000,Elexon BMRS FUELHH
2022-02-23T09:30:00Z,Nuclear,4760.000,Elexon BMRS FUELHH
2022-02-23T09:30:00Z,Other,211.000,Elexon BMRS FUELHH
2022-02-23T09:30:00Z,Pumped Storage,52.000,Elexon BMRS FUELHH
2022-02-23T09:30:00Z,Wind,11974.000,Elexon BMRS FUELHH
2022-02-23T10:00:00Z,Biomass,2465.000,Elexon BMRS FUELHH
2022-02-23T10:00:00Z,Coal,2347.000,Elexon BMRS FUELHH
2022-02-23T10:00:00Z,Gas,8048.000,Elexon BMRS FUELHH
2022-02-23T10:00:00Z,Hydro,877.000,Elexon BMRS FUELHH
2022-02-23T10:00:00Z,Imports & Exports,2266.000,Elexon BMRS FUELHH
2022-02-23T10:00:00Z,Nuclear,4764.000,Elexon BMRS FUELHH
2022-02-23T10:00:00Z,Other,219.000,Elexon BMRS FUELHH
2022-02-23T10:00:00Z,Pumped Storage,30.000,Elexon BMRS FUELHH
2022-02-23T10:00:00Z,Wind,12411.000,Elexon BMRS FUELHH
2022-02-23T10:30:00Z,Biomass,2432.000,Elexon BMRS FUELHH
2022-02-23T10:30:00Z,Coal,2372.000,Elexon BMRS FUELHH
2022-02-23T10:30:00Z,Gas,7467.000,Elexon BMRS FUELHH
2022-02-23T10:30:00Z,Hydro,910.000,Elexon BMRS FUELHH
2022-02-23T10:30:00Z,Imports & Exports,2260.000,Elexon BMRS FUELHH
2022-02-23T10:30:00Z,Nuclear,4766.000,Elexon BMRS FUELHH
2022-02-23T10:30:00Z,Other,192.000,Elexon BMRS FUELHH
2022-02-23T10:30:00Z,Pumped Storage,200.000,Elexon BMRS FUELHH
2022-02-23T10:30:00Z,Wind,12676.000,Elexon BMRS FUELHH
2022-02-23T11:00:00Z,Biomass,2523.000,Elexon BMRS FUELHH
2022-02-23T11:00:00Z,Coal,2047.000,Elexon BMRS FUELHH
2022-02-23T11:00:00Z,Gas,7163.000,Elexon BMRS FUELHH
2022-02-23T11:00:00Z,Hydro,886.000,Elexon BMRS FUELHH
2022-02-23T11:00:00Z,Imports & Exports,2588.000,Elexon BMRS FUELHH
2022-02-23T11:00:00Z,Nuclear,4772.000,Elexon BMRS FUELHH
2022-02-23T11:00:00Z,Other,182.000,Elexon BMRS FUELHH
2022-02-23T11:00:00Z,Pumped Storage,222.000,Elexon BMRS FUELHH
2022-02-23T11:00:00Z,Wind,12702.000,Elexon BMRS FUELHH
2022-02-23T11:30:00Z,Biomass,2604.000,Elexon BMRS FUELHH
2022-02-23T11:30:00Z,Coal,1971.000,Elexon BMRS FUELHH
2022-02-23T11:30:00Z,Gas,7245.000,Elexon BMRS FUELHH
2022-02-23T11:30:00Z,Hydro,896.000,Elexon BMRS FUELHH
2022-02-23T11:30:00Z,Imports & Exports,2606.000,Elexon BMRS FUELHH
2022-02-23T11:30:00Z,Nuclear,4771.000,Elexon BMRS FUELHH
2022-02-23T11:30:00Z,Other,188.000,Elexon BMRS FUELHH
2022-02-23T11:30:00Z,Pumped Storage,-10.000,Elexon BMRS FUELHH
2022-02-23T11:30:00Z,Wind,12918.000,Elexon BMRS FUELHH
2022-02-23T12:00:00Z,Biomass,2755.000,Elexon BMRS FUELHH
2022-02-23T12:00:00Z,Coal,1967.000,Elexon BMRS FUELHH
2022-02-23T12:00:00Z,Gas,6708.000,Elexon BMRS FUELHH
2022-02-23T12:00:00Z,Hydro,767.000,Elexon BMRS FUELHH
2022-02-23T12:00:00Z,Imports & Exports,3374.000,Elexon BMRS FUELHH
2022-02-23T12:00:00Z,Nuclear,4772.000,Elexon BMRS FUELHH
2022-02-23T12:00:00Z,Other,187.000,Elexon BMRS FUELHH
2022-02-23T12:00:00Z,Pumped Storage,234.000,Elexon BMRS FUELHH
2022-02-23T12:00:00Z,Wind,12947.000,Elexon BMRS FUELHH
2022-02-23T12:30:00Z,Biomass,2674.000,Elexon BMRS FUELHH
2022-02-23T12:30:00Z,Coal,1954.000,Elexon BMRS FUELHH
2022-02-23T12:30:00Z,Gas,7035.000,Elexon BMRS FUELHH
2022-02-23T12:30:00Z,Hydro,766.000,Elexon BMRS FUELHH
2022-02-23T12:30:00Z,Imports & Exports,3426.000,Elexon BMRS FUELHH
2022-02-23T12:30:00Z,Nuclear,4773.000,Elexon BMRS FUELHH
2022-02-23T12:30:00Z,Other,211.000,Elexon BMRS FUELHH
2022-02-23T12:30:00Z,Pumped Storage,94.000,Elexon BMRS FUELHH
2022-02-23T12:30:00Z,Wind,13060.000,Elexon BMRS FUELHH
2022-02-23T13:00:00Z,Biomass,2667.000,Elexon BMRS FUELHH
2022-02-23T13:00:00Z,Coal,1966.000,Elexon BMRS FUELHH
2022-02-23T13:00:00Z,Gas,6390.000,Elexon BMRS FUELHH
2022-02-23T13:00:00Z,Hydro,737.000,Elexon BMRS FUELHH
2022-02-23T13:00:00Z,Imports & Exports,3948.000,Elexon BMRS FUELHH
2022-02-23T13:00:00Z,Nuclear,4770.000,Elexon BMRS FUELHH
2022-02-23T13:00:00Z,Other,174.000,Elexon BMRS FUELHH
2022-02-23T13:00:00Z,Pumped Storage,128.000,Elexon BMRS FUELHH
2022-02-23T13:00:00Z,Wind,13247.000,Elexon BMRS FUELHH
2022-02-23T13:30:00Z,Biomass,2706.000,Elexon BMRS FUELHH
2022-02-23T13:30:00Z,Coal,1963.000,Elexon BMRS FUELHH
2022-02-23T13:30:00Z,Gas,6225.000,Elexon BMRS FUELHH
2022-02-23T13:30:00Z,Hydro,727.000,Elexon BMRS FUELHH
2022-02-23T13:30:00Z,Imports & Exports,3970.000,Elexon BMRS FUELHH
2022-02-23T13:30:00Z,Nuclear,4768.000,Elexon BMRS FUELHH
2022-02-23T13:30:00Z,Other,174.000,Elexon BMRS FUELHH
2022-02-23T13:30:00Z,Pumped Storage,30.000,Elexon BMRS FUELHH
2022-02-23T13:30:00Z,Wind,13384.000,Elexon BMRS FUELHH
2022-02-23T14:00:00Z,Biomass,2744.000,Elexon BMRS FUELHH
2022-02-23T14:00:00Z,Coal,1968.000,Elexon BMRS FUELHH
2022-02-23T14:00:00Z,Gas,6262.000,Elexon BMRS FUELHH
2022-02-23T14:00:00Z,Hydro,893.000,Elexon BMRS FUELHH
2022-02-23T14:00:00Z,Imports & Exports,3874.000,Elexon BMRS FUELHH
2022-02-23T14:00:00Z,Nuclear,4772.000,Elexon BMRS FUELHH
2022-02-23T14:00:00Z,Other,165.000,Elexon BMRS FUELHH
2022-02-23T14:00:00Z,Pumped Storage,186.000,Elexon BMRS FUELHH
2022-02-23T14:00:00Z,Wind,13413.000,Elexon BMRS FUELHH
2022-02-23T14:30:00Z,Biomass,2721.000,Elexon BMRS FUELHH
2022-02-23T14:30:00Z,Coal,1967.000,Elexon BMRS FUELHH
2022-02-23T14:30:00Z,Gas,6597.000,Elexon BMRS FUELHH
2022-02-23T14:30:00Z,Hydro,900.000,Elexon BMRS FUELHH
2022-02-23T14:30:00Z,Imports & Exports,3842.000,Elexon BMRS FUELHH
2022-02-23T14:30:00Z,Nuclear,4770.000,Elexon BMRS FUELHH
2022-02-23T14:30:00Z,Other,165.000,Elexon BMRS FUELHH
2022-02-23T14:30:00Z,Pumped Storage,-10.000,Elexon BMRS FUELHH
2022-02-23T14:30:00Z,Wind,13477.000,Elexon BMRS FUELHH
2022-02-23T15:00:00Z,Biomass,2867.000,Elexon BMRS FUELHH
2022-02-23T15:00:00Z,Coal,1960.000,Elexon BMRS FUELHH
2022-02-23T15:00:00Z,Gas,6484.000,Elexon BMRS FUELHH
2022-02-23T15:00:00Z,Hydro,758.000,Elexon BMRS FUELHH
2022-02-23T15:00:00Z,Imports & Exports,1952.000,Elexon BMRS FUELHH
2022-02-23T15:00:00Z,Nuclear,4771.000,Elexon BMRS FUELHH
2022-02-23T15:00:00Z,Other,179.000,Elexon BMRS FUELHH
2022-02-23T15:00:00Z,Pumped Storage,248.000,Elexon BMRS FUELHH
2022-02-23T15:00:00Z,Wind,13302.000,Elexon BMRS FUELHH
2022-02-23T15:30:00Z,Biomass,2824.000,Elexon BMRS FUELHH
2022-02-23T15:30:00Z,Coal,1933.000,Elexon BMRS FUELHH
2022-02-23T15:30:00Z,Gas,7092.000,Elexon BMRS FUELHH
2022-02-23T15:30:00Z,Hydro,739.000,Elexon BMRS FUELHH
2022-02-23T15:30:00Z,Imports & Exports,3906.000,Elexon BMRS FUELHH
2022-02-23T15:30:00Z,Nuclear,4771.000,Elexon BMRS FUELHH
2022-02-23T15:30:00Z,Other,169.000,Elexon BMRS FUELHH
2022-02-23T15:30:00Z,Pumped Storage,224.000,Elexon BMRS FUELHH
2022-02-23T15:30:00Z,Wind,13328.000,Elexon BMRS FUELHH
2022-02-23T16:00:00Z,Biomass,2900.000,Elexon BMRS FUELHH
2022-02-23T16:00:00Z,Coal,1959.000,Elexon BMRS FUELHH
2022-02-23T16:00:00Z,Gas,7967.000,Elexon BMRS FUELHH
2022-02-23T16:00:00Z,Hydro,760.000,Elexon BMRS FUELHH
2022-02-23T16:00:00Z,Imports & Exports,3644.000,Elexon BMRS FUELHH
2022-02-23T16:00:00Z,Nuclear,4773.000,Elexon BMRS FUELHH
2022-02-23T16:00:00Z,Other,248.000,Elexon BMRS FUELHH
2022-02-23T16:00:00Z,Pumped Storage,92.000,Elexon BMRS FUELHH
2022-02-23T16:00:00Z,Wind,13572.000,Elexon BMRS FUELHH
2022-02-23T16:30:00Z,Biomass,2906.000,Elexon BMRS FUELHH
2022-02-23T16:30:00Z,Coal,1961.000,Elexon BMRS FUELHH
2022-02-23T16:30:00Z,Gas,8754.000,Elexon BMRS FUELHH
2022-02-23T16:30:00Z,Hydro,735.000,Elexon BMRS FUELHH
2022-02-23T16:30:00Z,Imports & Exports,3854.000,Elexon BMRS FUELHH
2022-02-23T16:30:00Z,Nuclear,4770.000,Elexon BMRS FUELHH
2022-02-23T16:30:00Z,Other,250.000,Elexon BMRS FUELHH
2022-02-23T16:30:00Z,Pumped Storage,336.000,Elexon BMRS FUELHH
2022-02-23T16:30:00Z,Wind,13835.000,Elexon BMRS FUELHH
2022-02-23T17:00:00Z,Biomass,2906.000,Elexon BMRS FUELHH
2022-02-23T17:00:00Z,Coal,1961.000,Elexon BMRS FUELHH
2022-02-23T17:00:00Z,Gas,9331.000,Elexon BMRS FUELHH
2022-02-23T17:00:00Z,Hydro,735.000,Elexon BMRS FUELHH
2022-02-23T17:00:00Z,Imports & Exports,3706.000,Elexon BMRS FUELHH
2022-02-23T17:00:00Z,Nuclear,4775.000,Elexon BMRS FUELHH
2022-02-23T17:00:00Z,Other,266.000,Elexon BMRS FUELHH
2022-02-23T17:00:00Z,Pumped Storage,1036.000,Elexon BMRS FUELHH
2022-02-23T17:00:00Z,Wind,13815.000,Elexon BMRS FUELHH
2022-02-23T17:30:00Z,Biomass,2906.000,Elexon BMRS FUELHH
2022-02-23T17:30:00Z,Coal,1963.000,Elexon BMRS FUELHH
2022-02-23T17:30:00Z,Gas,9997.000,Elexon BMRS FUELHH
2022-02-23T17:30:00Z,Hydro,798.000,Elexon BMRS FUELHH
2022-02-23T17:30:00Z,Imports & Exports,3670.000,Elexon BMRS FUELHH
2022-02-23T17:30:00Z,Nuclear,4777.000,Elexon BMRS FUELHH
2022-02-23T17:30:00Z,Other,342.000,Elexon BMRS FUELHH
2022-02-23T17:30:00Z,Pumped Storage,1692.000,Elexon BMRS FUELHH
2022-02-23T17:30:00Z,Wind,13766.000,Elexon BMRS FUELHH
2022-02-23T18:00:00Z,Biomass,2903.000,Elexon BMRS FUELHH
2022-02-23T18:00:00Z,Coal,1968.000,Elexon BMRS FUELHH
2022-02-23T18:00:00Z,Gas,10246.000,Elexon BMRS FUELHH
2022-02-23T18:00:00Z,Hydro,888.000,Elexon BMRS FUELHH
2022-02-23T18:00:00Z,Imports & Exports,1832.000,Elexon BMRS FUELHH
2022-02-23T18:00:00Z,Nuclear,4775.000,Elexon BMRS FUELHH
2022-02-23T18:00:00Z,Other,435.000,Elexon BMRS FUELHH
2022-02-23T18:00:00Z,Pumped Storage,1884.000,Elexon BMRS FUELHH
2022-02-23T18:00:00Z,Wind,13550.000,Elexon BMRS FUELHH
2022-02-23T18:30:00Z,Biomass,2906.000,Elexon BMRS FUELHH
2022-02-23T18:30:00Z,Coal,1967.000,Elexon BMRS FUELHH
2022-02-23T18:30:00Z,Gas,10426.000,Elexon BMRS FUELHH
2022-02-23T18:30:00Z,Hydro,923.000,Elexon BMRS FUELHH
2022-02-23T18:30:00Z,Imports & Exports,3620.000,Elexon BMRS FUELHH
2022-02-23T18:30:00Z,Nuclear,4775.000,Elexon BMRS FUELHH
2022-02-23T18:30:00Z,Other,376.000,Elexon BMRS FUELHH
2022-02-23T18:30:00Z,Pumped Storage,1342.000,Elexon BMRS FUELHH
2022-02-23T18:30:00Z,Wind,13463.000,Elexon BMRS FUELHH
2022-02-23T19:00:00Z,Biomass,2849.000,Elexon BMRS FUELHH
2022-02-23T19:00:00Z,Coal,1965.000,Elexon BMRS FUELHH
2022-02-23T19:00:00Z,Gas,10147.000,Elexon BMRS FUELHH
2022-02-23T19:00:00Z,Hydro,937.000,Elexon BMRS FUELHH
2022-02-23T19:00:00Z,Imports & Exports,0.000,Elexon BMRS FUELHH
2022-02-23T19:00:00Z,Nuclear,4780.000,Elexon BMRS FUELHH
2022-02-23T19:00:00Z,Other,313.000,Elexon BMRS FUELHH
2022-02-23T19:00:00Z,Pumped Storage,488.000,Elexon BMRS FUELHH
2022-02-23T19:00:00Z,Wind,13569.000,Elexon BMRS FUELHH
2022-02-23T19:30:00Z,Biomass,2740.000,Elexon BMRS FUELHH
2022-02-23T19:30:00Z,Coal,1957.000,Elexon BMRS FUELHH
2022-02-23T19:30:00Z,Gas,9445.000,Elexon BMRS FUELHH
2022-02-23T19:30:00Z,Hydro,953.000,Elexon BMRS FUELHH
2022-02-23T19:30:00Z,Imports & Exports,3610.000,Elexon BMRS FUELHH
2022-02-23T19:30:00Z,Nuclear,4775.000,Elexon BMRS FUELHH
2022-02-23T19:30:00Z,Other,276.000,Elexon BMRS FUELHH
2022-02-23T19:30:00Z,Pumped Storage,-12.000,Elexon BMRS FUELHH
2022-02-23T19:30:00Z,Wind,13602.000,Elexon BMRS FUELHH
2022-02-23T20:00:00Z,Biomass,2596.000,Elexon BMRS FUELHH
2022-02-23T20:00:00Z,Coal,1921.000,Elexon BMRS FUELHH
2022-02-23T20:00:00Z,Gas,8831.000,Elexon BMRS FUELHH
2022-02-23T20:00:00Z,Hydro,1061.000,Elexon BMRS FUELHH
2022-02-23T20:00:00Z,Imports & Exports,2546.000,Elexon BMRS FUELHH
2022-02-23T20:00:00Z,Nuclear,4774.000,Elexon BMRS FUELHH
2022-02-23T20:00:00Z,Other,274.000,Elexon BMRS FUELHH
2022-02-23T20:00:00Z,Pumped Storage,12.000,Elexon BMRS FUELHH
2022-02-23T20:00:00Z,Wind,13761.000,Elexon BMRS FUELHH
2022-02-23T20:30:00Z,Biomass,2571.000,Elexon BMRS FUELHH
2022-02-23T20:30:00Z,Coal,1738.000,Elexon BMRS FUELHH
2022-02-23T20:30:00Z,Gas,7970.000,Elexon BMRS FUELHH
2022-02-23T20:30:00Z,Hydro,972.000,Elexon BMRS FUELHH
2022-02-23T20:30:00Z,Imports & Exports,2482.000,Elexon BMRS FUELHH
2022-02-23T20:30:00Z,Nuclear,4769.000,Elexon BMRS FUELHH
2022-02-23T20:30:00Z,Other,223.000,Elexon BMRS FUELHH
2022-02-23T20:30:00Z,Pumped Storage,18.000,Elexon BMRS FUELHH
2022-02-23T20:30:00Z,Wind,13552.000,Elexon BMRS FUELHH
2022-02-23T21:00:00Z,Biomass,2085.000,Elexon BMRS FUELHH
2022-02-23T21:00:00Z,Coal,1474.000,Elexon BMRS FUELHH
2022-02-23T21:00:00Z,Gas,6684.000,Elexon BMRS FUELHH
2022-02-23T21:00:00Z,Hydro,870.000,Elexon BMRS FUELHH
2022-02-23T21:00:00Z,Imports & Exports,3018.000,Elexon BMRS FUELHH
2022-02-23T21:00:00Z,Nuclear,4763.000,Elexon BMRS FUELHH
2022-02-23T21:00:00Z,Other,224.000,Elexon BMRS FUELHH
2022-02-23T21:00:00Z,Pumped Storage,46.000,Elexon BMRS FUELHH
2022-02-23T21:00:00Z,Wind,13446.000,Elexon BMRS FUELHH
2022-02-23T21:30:00Z,Biomass,2101.000,Elexon BMRS FUELHH
2022-02-23T21:30:00Z,Coal,1599.000,Elexon BMRS FUELHH
2022-02-23T21:30:00Z,Gas,5418.000,Elexon BMRS FUELHH
2022-02-23T21:30:00Z,Hydro,720.000,Elexon BMRS FUELHH
2022-02-23T21:30:00Z,Imports & Exports,3078.000,Elexon BMRS FUELHH
2022-02-23T21:30:00Z,Nuclear,4763.000,Elexon BMRS FUELHH
2022-02-23T21:30:00Z,Other,215.000,Elexon BMRS FUELHH
2022-02-23T21:30:00Z,Pumped Storage,14.000,Elexon BMRS FUELHH
2022-02-23T21:30:00Z,Wind,13010.000,Elexon BMRS FUELHH
2022-02-23T22:00:00Z,Biomass,2122.000,Elexon BMRS FUELHH
2022-02-23T22:00:00Z,Coal,1368.000,Elexon BMRS FUELHH
2022-02-23T22:00:00Z,Gas,4863.000,Elexon BMRS FUELHH
2022-02-23T22:00:00Z,Hydro,759.000,Elexon BMRS FUELHH
2022-02-23T22:00:00Z,Imports & Exports,2194.000,Elexon BMRS FUELHH
2022-02-23T22:00:00Z,Nuclear,4765.000,Elexon BMRS FUELHH
2022-02-23T22:00:00Z,Other,211.000,Elexon BMRS FUELHH
2022-02-23T22:00:00Z,Pumped Storage,44.000,Elexon BMRS FUELHH
2022-02-23T22:00:00Z,Wind,12980.000,Elexon BMRS FUELHH
2022-02-23T22:30:00Z,Biomass,1923.000,Elexon BMRS FUELHH
2022-02-23T22:30:00Z,Coal,1243.000,Elexon BMRS FUELHH
2022-02-23T22:30:00Z,Gas,3468.000,Elexon BMRS FUELHH
2022-02-23T22:30:00Z,Hydro,740.000,Elexon BMRS FUELHH
2022-02-23T22:30:00Z,Imports & Exports,2056.000,Elexon BMRS FUELHH
2022-02-23T22:30:00Z,Nuclear,4768.000,Elexon BMRS FUELHH
2022-02-23T22:30:00Z,Other,203.000,Elexon BMRS FUELHH
2022-02-23T22:30:00Z,Pumped Storage,-20.000,Elexon BMRS FUELHH
2022-02-23T22:30:00Z,Wind,13209.000,Elexon BMRS FUELHH
2022-02-23T23:00:00Z,Biomass,1824.000,Elexon BMRS FUELHH
2022-02-23T23:00:00Z,Coal,1007.000,Elexon BMRS FUELHH
2022-02-23T23:00:00Z,Gas,3180.000,Elexon BMRS FUELHH
2022-02-23T23:00:00Z,Hydro,744.000,Elexon BMRS FUELHH
2022-02-23T23:00:00Z,Imports & Exports,1818.000,Elexon BMRS FUELHH
2022-02-23T23:00:00Z,Nuclear,4767.000,Elexon BMRS FUELHH
2022-02-23T23:00:00Z,Other,205.000,Elexon BMRS FUELHH
2022-02-23T23:00:00Z,Pumped Storage,-630.000,Elexon BMRS FUELHH
2022-02-23T23:00:00Z,Wind,12727.000,Elexon BMRS FUELHH
2022-02-23T23:30:00Z,Biomass,1851.000,Elexon BMRS FUELHH
2022-02-23T23:30:00Z,Coal,923.000,Elexon BMRS FUELHH
2022-02-23T23:30:00Z,Gas,2677.000,Elexon BMRS FUELHH
2022-02-23T23:30:00Z,Hydro,747.000,Elexon BMRS FUELHH
2022-02-23T23:30:00Z,Imports & Exports,1702.000,Elexon BMRS FUELHH
2022-02-23T23:30:00Z,Nuclear,4768.000,Elexon BMRS FUELHH
2022-02-23T23:30:00Z,Other,204.000,Elexon BMRS FUELHH
2022-02-23T23:30:00Z,Pumped Storage,-722.000,Elexon BMRS FUELHH
2022-02-23T23:30:00Z,Wind,12597.000,Elexon BMRS FUELHH
2022-02-24T00:00:00Z,Biomass,1963.000,Elexon BMRS FUELHH
2022-02-24T00:00:00Z,Coal,1118.000,Elexon BMRS FUELHH
2022-02-24T00:00:00Z,Gas,2383.000,Elexon BMRS FUELHH
2022-02-24T00:00:00Z,Hydro,748.000,Elexon BMRS FUELHH
2022-02-24T00:00:00Z,Imports & Exports,2266.000,Elexon BMRS FUELHH
2022-02-24T00:00:00Z,Nuclear,4773.000,Elexon BMRS FUELHH
2022-02-24T00:00:00Z,Other,203.000,Elexon BMRS FUELHH
2022-02-24T00:00:00Z,Pumped Storage,-1208.000,Elexon BMRS FUELHH
2022-02-24T00:00:00Z,Wind,12550.000,Elexon BMRS FUELHH
2022-02-24T00:30:00Z,Biomass,2093.000,Elexon BMRS FUELHH
2022-02-24T00:30:00Z,Coal,1146.000,Elexon BMRS FUELHH
2022-02-24T00:30:00Z,Gas,2794.000,Elexon BMRS FUELHH
2022-02-24T00:30:00Z,Hydro,750.000,Elexon BMRS FUELHH
2022-02-24T00:30:00Z,Imports & Exports,2448.000,Elexon BMRS FUELHH
2022-02-24T00:30:00Z,Nuclear,4764.000,Elexon BMRS FUELHH
2022-02-24T00:30:00Z,Other,210.000,Elexon BMRS FUELHH
2022-02-24T00:30:00Z,Pumped Storage,-1106.000,Elexon BMRS FUELHH
2022-02-24T00:30:00Z,Wind,12270.000,Elexon BMRS FUELHH
2022-02-24T01:00:00Z,Biomass,2068.000,Elexon BMRS FUELHH
2022-02-24T01:00:00Z,Coal,1200.000,Elexon BMRS FUELHH
2022-02-24T01:00:00Z,Gas,2835.000,Elexon BMRS FUELHH
2022-02-24T01:00:00Z,Hydro,746.000,Elexon BMRS FUELHH
2022-02-24T01:00:00Z,Imports & Exports,2428.000,Elexon BMRS FUELHH
2022-02-24T01:00:00Z,Nuclear,4774.000,Elexon BMRS FUELHH
2022-02-24T01:00:00Z,Other,202.000,Elexon BMRS FUELHH
2022-02-24T01:00:00Z,Pumped Storage,-1202.000,Elexon BMRS FUELHH
2022-02-24T01:00:00Z,Wind,12312.000,Elexon BMRS FUELHH
2022-02-24T01:30:00Z,Biomass,2113.000,Elexon BMRS FUELHH
2022-02-24T01:30:00Z,Coal,1226.000,Elexon BMRS FUELHH
2022-02-24T01:30:00Z,Gas,2612.000,Elexon BMRS FUELHH
2022-02-24T01:30:00Z,Hydro,741.000,Elexon BMRS FUELHH
2022-02-24T01:30:00Z,Imports & Exports,2396.000,Elexon BMRS FUELHH
2022-02-24T01:30:00Z,Nuclear,4773.000,Elexon BMRS FUELHH
2022-02-24T01:30:00Z,Other,208.000,Elexon BMRS FUELHH
2022-02-24T01:30:00Z,Pumped Storage,-1192.000,Elexon BMRS FUELHH
2022-02-24T01:30:00Z,Wind,12079.000,Elexon BMRS FUELHH
2022-02-24T02:00:00Z,Biomass,2117.000,Elexon BMRS FUELHH
2022-02-24T02:00:00Z,Coal,1250.000,Elexon BMRS FUELHH
2022-02-24T02:00:00Z,Gas,2691.000,Elexon BMRS FUELHH
2022-02-24T02:00:00Z,Hydro,738.000,Elexon BMRS FUELHH
2022-02-24T02:00:00Z,Imports & Exports,2662.000,Elexon BMRS FUELHH
2022-02-24T02:00:00Z,Nuclear,4775.000,Elexon BMRS FUELHH
2022-02-24T02:00:00Z,Other,209.000,Elexon BMRS FUELHH
2022-02-24T02:00:00Z,Pumped Storage,-1092.000,Elexon BMRS FUELHH
2022-02-24T02:00:00Z,Wind,11320.000,Elexon BMRS FUELHH
2022-02-24T02:30:00Z,Biomass,2174.000,Elexon BMRS FUELHH
2022-02-24T02:30:00Z,Coal,1294.000,Elexon BMRS FUELHH
2022-02-24T02:30:00Z,Gas,3053.000,Elexon BMRS FUELHH
2022-02-24T02:30:00Z,Hydro,739.000,Elexon BMRS FUELHH
2022-02-24T02:30:00Z,Imports & Exports,2638.000,Elexon BMRS FUELHH
2022-02-24T02:30:00Z,Nuclear,4777.000,Elexon BMRS FUELHH
2022-02-24T02:30:00Z,Other,213.000,Elexon BMRS FUELHH
2022-02-24T02:30:00Z,Pumped Storage,-1192.000,Elexon BMRS FUELHH
2022-02-24T02:30:00Z,Wind,10725.000,Elexon BMRS FUELHH
2022-02-24T03:00:00Z,Biomass,2146.000,Elexon BMRS FUELHH
2022-02-24T03:00:00Z,Coal,1304.000,Elexon BMRS FUELHH
2022-02-24T03:00:00Z,Gas,3139.000,Elexon BMRS FUELHH
2022-02-24T03:00:00Z,Hydro,738.000,Elexon BMRS FUELHH
2022-02-24T03:00:00Z,Imports & Exports,3086.000,Elexon BMRS FUELHH
2022-02-24T03:00:00Z,Nuclear,4780.000,Elexon BMRS FUELHH
2022-02-24T03:00:00Z,Other,301.000,Elexon BMRS FUELHH
2022-02-24T03:00:00Z,Pumped Storage,-1274.000,Elexon BMRS FUELHH
2022-02-24T03:00:00Z,Wind,9730.000,Elexon BMRS FUELHH
2022-02-24T03:30:00Z,Biomass,2145.000,Elexon BMRS FUELHH
2022-02-24T03:30:00Z,Coal,1332.000,Elexon BMRS FUELHH
2022-02-24T03:30:00Z,Gas,3065.000,Elexon BMRS FUELHH
2022-02-24T03:30:00Z,Hydro,737.000,Elexon BMRS FUELHH
2022-02-24T03:30:00Z,Imports & Exports,2998.000,Elexon BMRS FUELHH
2022-02-24T03:30:00Z,Nuclear,4776.000,Elexon BMRS FUELHH
2022-02-24T03:30:00Z,Other,338.000,Elexon BMRS FUELHH
2022-02-24T03:30:00Z,Pumped Storage,-1554.000,Elexon BMRS FUELHH
2022-02-24T03:30:00Z,Wind,9583.000,Elexon BMRS FUELHH
2022-02-24T04:00:00Z,Biomass,2002.000,Elexon BMRS FUELHH
2022-02-24T04:00:00Z,Coal,1344.000,Elexon BMRS FUELHH
2022-02-24T04:00:00Z,Gas,2694.000,Elexon BMRS FUELHH
2022-02-24T04:00:00Z,Hydro,753.000,Elexon BMRS FUELHH
2022-02-24T04:00:00Z,Imports & Exports,3352.000,Elexon BMRS FUELHH
2022-02-24T04:00:00Z,Nuclear,4778.000,Elexon BMRS FUELHH
2022-02-24T04:00:00Z,Other,338.000,Elexon BMRS FUELHH
2022-02-24T04:00:00Z,Pumped Storage,-1494.000,Elexon BMRS FUELHH
2022-02-24T04:00:00Z,Wind,9490.000,Elexon BMRS FUELHH
2022-02-24T04:30:00Z,Biomass,2032.000,Elexon BMRS FUELHH
2022-02-24T04:30:00Z,Coal,1323.000,Elexon BMRS FUELHH
2022-02-24T04:30:00Z,Gas,2632.000,Elexon BMRS FUELHH
2022-02-24T04:30:00Z,Hydro,754.000,Elexon BMRS FUELHH
2022-02-24T04:30:00Z,Imports & Exports,3472.000,Elexon BMRS FUELHH
2022-02-24T04:30:00Z,Nuclear,4774.000,Elexon BMRS FUELHH
2022-02-24T04:30:00Z,Other,202.000,Elexon BMRS FUELHH
2022-02-24T04:30:00Z,Pumped Storage,-1156.000,Elexon BMRS FUELHH
2022-02-24T04:30:00Z,Wind,9267.000,Elexon BMRS FUELHH
2022-02-24T05:00:00Z,Biomass,2227.000,Elexon BMRS FUELHH
2022-02-24T05:00:00Z,Coal,1370.000,Elexon BMRS FUELHH
2022-02-24T05:00:00Z,Gas,2835.000,Elexon BMRS FUELHH
2022-02-24T05:00:00Z,Hydro,753.000,Elexon BMRS FUELHH
2022-02-24T05:00:00Z,Imports & Exports,3104.000,Elexon BMRS FUELHH
2022-02-24T05:00:00Z,Nuclear,4770.000,Elexon BMRS FUELHH
2022-02-24T05:00:00Z,Other,203.000,Elexon BMRS FUELHH
2022-02-24T05:00:00Z,Pumped Storage,-944.000,Elexon BMRS FUELHH
2022-02-24T05:00:00Z,Wind,9807.000,Elexon BMRS FUELHH
2022-02-24T05:30:00Z,Biomass,2261.000,Elexon BMRS FUELHH
2022-02-24T05:30:00Z,Coal,1384.000,Elexon BMRS FUELHH
2022-02-24T05:30:00Z,Gas,3204.000,Elexon BMRS FUELHH
2022-02-24T05:30:00Z,Hydro,754.000,Elexon BMRS FUELHH
2022-02-24T05:30:00Z,Imports & Exports,3188.000,Elexon BMRS FUELHH
2022-02-24T05:30:00Z,Nuclear,4767.000,Elexon BMRS FUELHH
2022-02-24T05:30:00Z,Other,202.000,Elexon BMRS FUELHH
2022-02-24T05:30:00Z,Pumped Storage,-676.000,Elexon BMRS FUELHH
2022-02-24T05:30:00Z,Wind,10194.000,Elexon BMRS FUELHH
2022-02-24T06:00:00Z,Biomass,2479.000,Elexon BMRS FUELHH
2022-02-24T06:00:00Z,Coal,1451.000,Elexon BMRS FUELHH
2022-02-24T06:00:00Z,Gas,4089.000,Elexon BMRS FUELHH
2022-02-24T06:00:00Z,Hydro,794.000,Elexon BMRS FUELHH
2022-02-24T06:00:00Z,Imports & Exports,3788.000,Elexon BMRS FUELHH
2022-02-24T06:00:00Z,Nuclear,4762.000,Elexon BMRS FUELHH
2022-02-24T06:00:00Z,Other,209.000,Elexon BMRS FUELHH
2022-02-24T06:00:00Z,Pumped Storage,268.000,Elexon BMRS FUELHH
2022-02-24T06:00:00Z,Wind,10379.000,Elexon BMRS FUELHH
2022-02-24T06:30:00Z,Biomass,2740.000,Elexon BMRS FUELHH
2022-02-24T06:30:00Z,Coal,1693.000,Elexon BMRS FUELHH
2022-02-24T06:30:00Z,Gas,5273.000,Elexon BMRS FUELHH
2022-02-24T06:30:00Z,Hydro,947.000,Elexon BMRS FUELHH
2022-02-24T06:30:00Z,Imports & Exports,3888.000,Elexon BMRS FUELHH
2022-02-24T06:30:00Z,Nuclear,4770.000,Elexon BMRS FUELHH
2022-02-24T06:30:00Z,Other,300.000,Elexon BMRS FUELHH
2022-02-24T06:30:00Z,Pumped Storage,134.000,Elexon BMRS FUELHH
2022-02-24T06:30:00Z,Wind,10644.000,Elexon BMRS FUELHH
2022-02-24T07:00:00Z,Biomass,2790.000,Elexon BMRS FUELHH
2022-02-24T07:00:00Z,Coal,1885.000,Elexon BMRS FUELHH
2022-02-24T07:00:00Z,Gas,6038.000,Elexon BMRS FUELHH
2022-02-24T07:00:00Z,Hydro,995.000,Elexon BMRS FUELHH
2022-02-24T07:00:00Z,Imports & Exports,4664.000,Elexon BMRS FUELHH
2022-02-24T07:00:00Z,Nuclear,4768.000,Elexon BMRS FUELHH
2022-02-24T07:00:00Z,Other,550.000,Elexon BMRS FUELHH
2022-02-24T07:00:00Z,Pumped Storage,132.000,Elexon BMRS FUELHH
2022-02-24T07:00:00Z,Wind,10996.000,Elexon BMRS FUELHH
2022-02-24T07:30:00Z,Biomass,2798.000,Elexon BMRS FUELHH
2022-02-24T07:30:00Z,Coal,1966.000,Elexon BMRS FUELHH
2022-02-24T07:30:00Z,Gas,6817.000,Elexon BMRS FUELHH
2022-02-24T07:30:00Z,Hydro,997.000,Elexon BMRS FUELHH
2022-02-24T07:30:00Z,Imports & Exports,4734.000,Elexon BMRS FUELHH
2022-02-24T07:30:00Z,Nuclear,4767.000,Elexon BMRS FUELHH
2022-02-24T07:30:00Z,Other,706.000,Elexon BMRS FUELHH
2022-02-24T07:30:00Z,Pumped Storage,440.000,Elexon BMRS FUELHH
2022-02-24T07:30:00Z,Wind,10867.000,Elexon BMRS FUELHH
2022-02-24T08:00:00Z,Biomass,2798.000,Elexon BMRS FUELHH
2022-02-24T08:00:00Z,Coal,1974.000,Elexon BMRS FUELHH
2022-02-24T08:00:00Z,Gas,6784.000,Elexon BMRS FUELHH
2022-02-24T08:00:00Z,Hydro,997.000,Elexon BMRS FUELHH
2022-02-24T08:00:00Z,Imports & Exports,5242.000,Elexon BMRS FUELHH
2022-02-24T08:00:00Z,Nuclear,4764.000,Elexon BMRS FUELHH
2022-02-24T08:00:00Z,Other,810.000,Elexon BMRS FUELHH
2022-02-24T08:00:00Z,Pumped Storage,1314.000,Elexon BMRS FUELHH
2022-02-24T08:00:00Z,Wind,10763.000,Elexon BMRS FUELHH
2022-02-24T08:30:00Z,Biomass,2788.000,Elexon BMRS FUELHH
2022-02-24T08:30:00Z,Coal,1967.000,Elexon BMRS FUELHH
2022-02-24T08:30:00Z,Gas,6974.000,Elexon BMRS FUELHH
2022-02-24T08:30:00Z,Hydro,985.000,Elexon BMRS FUELHH
2022-02-24T08:30:00Z,Imports & Exports,5752.000,Elexon BMRS FUELHH
2022-02-24T08:30:00Z,Nuclear,4770.000,Elexon BMRS FUELHH
2022-02-24T08:30:00Z,Other,718.000,Elexon BMRS FUELHH
2022-02-24T08:30:00Z,Pumped Storage,1518.000,Elexon BMRS FUELHH
2022-02-24T08:30:00Z,Wind,10607.000,Elexon BMRS FUELHH
2022-02-24T09:00:00Z,Biomass,2867.000,Elexon BMRS FUELHH
2022-02-24T09:00:00Z,Coal,1961.000,Elexon BMRS FUELHH
2022-02-24T09:00:00Z,Gas,7041.000,Elexon BMRS FUELHH
2022-02-24T09:00:00Z,Hydro,980.000,Elexon BMRS FUELHH
2022-02-24T09:00:00Z,Imports & Exports,5668.000,Elexon BMRS FUELHH
2022-02-24T09:00:00Z,Nuclear,4768.000,Elexon BMRS FUELHH
2022-02-24T09:00:00Z,Other,858.000,Elexon BMRS FUELHH
2022-02-24T09:00:00Z,Pumped Storage,1542.000,Elexon BMRS FUELHH
2022-02-24T09:00:00Z,Wind,10879.000,Elexon BMRS FUELHH
2022-02-24T09:30:00Z,Biomass,2892.000,Elexon BMRS FUELHH
2022-02-24T09:30:00Z,Coal,1945.000,Elexon BMRS FUELHH
2022-02-24T09:30:00Z,Gas,6979.000,Elexon BMRS FUELHH
2022-02-24T09:30:00Z,Hydro,977.000,Elexon BMRS FUELHH
2022-02-24T09:30:00Z,Imports & Exports,5614.000,Elexon BMRS FUELHH
2022-02-24T09:30:00Z,Nuclear,4774.000,Elexon BMRS FUELHH
2022-02-24T09:30:00Z,Other,734.000,Elexon BMRS FUELHH
2022-02-24T09:30:00Z,Pumped Storage,468.000,Elexon BMRS FUELHH
2022-02-24T09:30:00Z,Wind,11527.000,Elexon BMRS FUELHH
2022-02-24T10:00:00Z,Biomass,2893.000,Elexon BMRS FUELHH
2022-02-24T10:00:00Z,Coal,1957.000,Elexon BMRS FUELHH
2022-02-24T10:00:00Z,Gas,6482.000,Elexon BMRS FUELHH
2022-02-24T10:00:00Z,Hydro,955.000,Elexon BMRS FUELHH
2022-02-24T10:00:00Z,Imports & Exports,5522.000,Elexon BMRS FUELHH
2022-02-24T10:00:00Z,Nuclear,4774.000,Elexon BMRS FUELHH
2022-02-24T10:00:00Z,Other,520.000,Elexon BMRS FUELHH
2022-02-24T10:00:00Z,Pumped Storage,396.000,Elexon BMRS FUELHH
2022-02-24T10:00:00Z,Wind,12109.000,Elexon BMRS FUELHH
2022-02-24T10:30:00Z,Biomass,2859.000,Elexon BMRS FUELHH
2022-02-24T10:30:00Z,Coal,1941.000,Elexon BMRS FUELHH
2022-02-24T10:30:00Z,Gas,5860.000,Elexon BMRS FUELHH
2022-02-24T10:30:00Z,Hydro,956.000,Elexon BMRS FUELHH
2022-02-24T10:30:00Z,Imports & Exports,5508.000,Elexon BMRS FUELHH
2022-02-24T10:30:00Z,Nuclear,4777.000,Elexon BMRS FUELHH
2022-02-24T10:30:00Z,Other,415.000,Elexon BMRS FUELHH
2022-02-24T10:30:00Z,Pumped Storage,36.000,Elexon BMRS FUELHH
2022-02-24T10:30:00Z,Wind,12292.000,Elexon BMRS FUELHH
2022-02-24T11:00:00Z,Biomass,2816.000,Elexon BMRS FUELHH
2022-02-24T11:00:00Z,Coal,1916.000,Elexon BMRS FUELHH
2022-02-24T11:00:00Z,Gas,4835.000,Elexon BMRS FUELHH
2022-02-24T11:00:00Z,Hydro,967.000,Elexon BMRS FUELHH
2022-02-24T11:00:00Z,Imports & Exports,5526.000,Elexon BMRS FUELHH
2022-02-24T11:00:00Z,Nuclear,4774.000,Elexon BMRS FUELHH
2022-02-24T11:00:00Z,Other,221.000,Elexon BMRS FUELHH
2022-02-24T11:00:00Z,Pumped Storage,-6.000,Elexon BMRS FUELHH
2022-02-24T11:00:00Z,Wind,12847.000,Elexon BMRS FUELHH
2022-02-24T11:30:00Z,Biomass,2813.000,Elexon BMRS FUELHH
2022-02-24T11:30:00Z,Coal,1952.000,Elexon BMRS FUELHH
2022-02-24T11:30:00Z,Gas,4535.000,Elexon BMRS FUELHH
2022-02-24T11:30:00Z,Hydro,977.000,Elexon BMRS FUELHH
2022-02-24T11:30:00Z,Imports & Exports,5572.000,Elexon BMRS FUELHH
2022-02-24T11:30:00Z,Nuclear,4773.000,Elexon BMRS FUELHH
2022-02-24T11:30:00Z,Other,167.000,Elexon BMRS FUELHH
2022-02-24T11:30:00Z,Pumped Storage,104.000,Elexon BMRS FUELHH
2022-02-24T11:30:00Z,Wind,12556.000,Elexon BMRS FUELHH
2022-02-24T12:00:00Z,Biomass,2879.000,Elexon BMRS FUELHH
2022-02-24T12:00:00Z,Coal,1938.000,Elexon BMRS FUELHH
2022-02-24T12:00:00Z,Gas,4049.000,Elexon BMRS FUELHH
2022-02-24T12:00:00Z,Hydro,779.000,Elexon BMRS FUELHH
2022-02-24T12:00:00Z,Imports & Exports,5544.000,Elexon BMRS FUELHH
2022-02-24T12:00:00Z,Nuclear,4772.000,Elexon BMRS FUELHH
2022-02-24T12:00:00Z,Other,166.000,Elexon BMRS FUELHH
2022-02-24T12:00:00Z,Pumped Storage,14.000,Elexon BMRS FUELHH
2022-02-24T12:00:00Z,Wind,13034.000,Elexon BMRS FUELHH
2022-02-24T12:30:00Z,Biomass,2721.000,Elexon BMRS FUELHH
2022-02-24T12:30:00Z,Coal,1588.000,Elexon BMRS FUELHH
2022-02-24T12:30:00Z,Gas,3712.000,Elexon BMRS FUELHH
2022-02-24T12:30:00Z,Hydro,734.000,Elexon BMRS FUELHH
2022-02-24T12:30:00Z,Imports & Exports,5566.000,Elexon BMRS FUELHH
2022-02-24T12:30:00Z,Nuclear,4771.000,Elexon BMRS FUELHH
2022-02-24T12:30:00Z,Other,170.000,Elexon BMRS FUELHH
2022-02-24T12:30:00Z,Pumped Storage,-162.000,Elexon BMRS FUELHH
2022-02-24T12:30:00Z,Wind,13490.000,Elexon BMRS FUELHH
2022-02-24T13:00:00Z,Biomass,2727.000,Elexon BMRS FUELHH
2022-02-24T13:00:00Z,Coal,1541.000,Elexon BMRS FUELHH
2022-02-24T13:00:00Z,Gas,3492.000,Elexon BMRS FUELHH
2022-02-24T13:00:00Z,Hydro,775.000,Elexon BMRS FUELHH
2022-02-24T13:00:00Z,Imports & Exports,5026.000,Elexon BMRS FUELHH
2022-02-24T13:00:00Z,Nuclear,4768.000,Elexon BMRS FUELHH
2022-02-24T13:00:00Z,Other,175.000,Elexon BMRS FUELHH
2022-02-24T13:00:00Z,Pumped Storage,-50.000,Elexon BMRS FUELHH
2022-02-24T13:00:00Z,Wind,14080.000,Elexon BMRS FUELHH
2022-02-24T13:30:00Z,Biomass,2766.000,Elexon BMRS FUELHH
2022-02-24T13:30:00Z,Coal,1799.000,Elexon BMRS FUELHH
2022-02-24T13:30:00Z,Gas,3276.000,Elexon BMRS FUELHH
2022-02-24T13:30:00Z,Hydro,788.000,Elexon BMRS FUELHH
2022-02-24T13:30:00Z,Imports & Exports,4904.000,Elexon BMRS FUELHH
2022-02-24T13:30:00Z,Nuclear,4762.000,Elexon BMRS FUELHH
2022-02-24T13:30:00Z,Other,179.000,Elexon BMRS FUELHH
2022-02-24T13:30:00Z,Pumped Storage,2.000,Elexon BMRS FUELHH
2022-02-24T13:30:00Z,Wind,14051.000,Elexon BMRS FUELHH
2022-02-24T14:00:00Z,Biomass,2864.000,Elexon BMRS FUELHH
2022-02-24T14:00:00Z,Coal,1877.000,Elexon BMRS FUELHH
2022-02-24T14:00:00Z,Gas,3730.000,Elexon BMRS FUELHH
2022-02-24T14:00:00Z,Hydro,803.000,Elexon BMRS FUELHH
2022-02-24T14:00:00Z,Imports & Exports,4266.000,Elexon BMRS FUELHH
2022-02-24T14:00:00Z,Nuclear,4766.000,Elexon BMRS FUELHH
2022-02-24T14:00:00Z,Other,154.000,Elexon BMRS FUELHH
2022-02-24T14:00:00Z,Pumped Storage,-124.000,Elexon BMRS FUELHH
2022-02-24T14:00:00Z,Wind,13970.000,Elexon BMRS FUELHH
2022-02-24T14:30:00Z,Biomass,2873.000,Elexon BMRS FUELHH
2022-02-24T14:30:00Z,Coal,1870.000,Elexon BMRS FUELHH
2022-02-24T14:30:00Z,Gas,4093.000,Elexon BMRS FUELHH
2022-02-24T14:30:00Z,Hydro,786.000,Elexon BMRS FUELHH
2022-02-24T14:30:00Z,Imports & Exports,4318.000,Elexon BMRS FUELHH
2022-02-24T14:30:00Z,Nuclear,4763.000,Elexon BMRS FUELHH
2022-02-24T14:30:00Z,Other,148.000,Elexon BMRS FUELHH
2022-02-24T14:30:00Z,Pumped Storage,-104.000,Elexon BMRS FUELHH
2022-02-24T14:30:00Z,Wind,13826.000,Elexon BMRS FUELHH
2022-02-24T15:00:00Z,Biomass,2843.000,Elexon BMRS FUELHH
2022-02-24T15:00:00Z,Coal,1896.000,Elexon BMRS FUELHH
2022-02-24T15:00:00Z,Gas,3929.000,Elexon BMRS FUELHH
2022-02-24T15:00:00Z,Hydro,813.000,Elexon BMRS FUELHH
2022-02-24T15:00:00Z,Imports & Exports,4712.000,Elexon BMRS FUELHH
2022-02-24T15:00:00Z,Nuclear,4766.000,Elexon BMRS FUELHH
2022-02-24T15:00:00Z,Other,139.000,Elexon BMRS FUELHH
2022-02-24T15:00:00Z,Pumped Storage,28.000,Elexon BMRS FUELHH
2022-02-24T15:00:00Z,Wind,13995.000,Elexon BMRS FUELHH
2022-02-24T15:30:00Z,Biomass,2870.000,Elexon BMRS FUELHH
2022-02-24T15:30:00Z,Coal,1958.000,Elexon BMRS FUELHH
2022-02-24T15:30:00Z,Gas,4613.000,Elexon BMRS FUELHH
2022-02-24T15:30:00Z,Hydro,805.000,Elexon BMRS FUELHH
2022-02-24T15:30:00Z,Imports & Exports,4116.000,Elexon BMRS FUELHH
2022-02-24T15:30:00Z,Nuclear,4760.000,Elexon BMRS FUELHH
2022-02-24T15:30:00Z,Other,146.000,Elexon BMRS FUELHH
2022-02-24T15:30:00Z,Pumped Storage,-12.000,Elexon BMRS FUELHH
2022-02-24T15:30:00Z,Wind,14127.000,Elexon BMRS FUELHH
2022-02-24T16:00:00Z,Biomass,2736.000,Elexon BMRS FUELHH
2022-02-24T16:00:00Z,Coal,1951.000,Elexon BMRS FUELHH
2022-02-24T16:00:00Z,Gas,5867.000,Elexon BMRS FUELHH
2022-02-24T16:00:00Z,Hydro,726.000,Elexon BMRS FUELHH
2022-02-24T16:00:00Z,Imports & Exports,4254.000,Elexon BMRS FUELHH
2022-02-24T16:00:00Z,Nuclear,4764.000,Elexon BMRS FUELHH
2022-02-24T16:00:00Z,Other,357.000,Elexon BMRS FUELHH
2022-02-24T16:00:00Z,Pumped Storage,54.000,Elexon BMRS FUELHH
2022-02-24T16:00:00Z,Wind,14303.000,Elexon BMRS FUELHH
2022-02-24T16:30:00Z,Biomass,2812.000,Elexon BMRS FUELHH
2022-02-24T16:30:00Z,Coal,1912.000,Elexon BMRS FUELHH
2022-02-24T16:30:00Z,Gas,7214.000,Elexon BMRS FUELHH
2022-02-24T16:30:00Z,Hydro,866.000,Elexon BMRS FUELHH
2022-02-24T16:30:00Z,Imports & Exports,4406.000,Elexon BMRS FUELHH
2022-02-24T16:30:00Z,Nuclear,4759.000,Elexon BMRS FUELHH
2022-02-24T16:30:00Z,Other,473.000,Elexon BMRS FUELHH
2022-02-24T16:30:00Z,Pumped Storage,312.000,Elexon BMRS FUELHH
2022-02-24T16:30:00Z,Wind,14335.000,Elexon BMRS FUELHH
2022-02-24T17:00:00Z,Biomass,2721.000,Elexon BMRS FUELHH
2022-02-24T17:00:00Z,Coal,1748.000,Elexon BMRS FUELHH
2022-02-24T17:00:00Z,Gas,8066.000,Elexon BMRS FUELHH
2022-02-24T17:00:00Z,Hydro,865.000,Elexon BMRS FUELHH
2022-02-24T17:00:00Z,Imports & Exports,4814.000,Elexon BMRS FUELHH
2022-02-24T17:00:00Z,Nuclear,4771.000,Elexon BMRS FUELHH
2022-02-24T17:00:00Z,Other,508.000,Elexon BMRS FUELHH
2022-02-24T17:00:00Z,Pumped Storage,1232.000,Elexon BMRS FUELHH
2022-02-24T17:00:00Z,Wind,14332.000,Elexon BMRS FUELHH
2022-02-24T17:30:00Z,Biomass,2814.000,Elexon BMRS FUELHH
2022-02-24T17:30:00Z,Coal,1889.000,Elexon BMRS FUELHH
2022-02-24T17:30:00Z,Gas,8284.000,Elexon BMRS FUELHH
2022-02-24T17:30:00Z,Hydro,884.000,Elexon BMRS FUELHH
2022-02-24T17:30:00Z,Imports & Exports,4952.000,Elexon BMRS FUELHH
2022-02-24T17:30:00Z,Nuclear,4760.000,Elexon BMRS FUELHH
2022-02-24T17:30:00Z,Other,620.000,Elexon BMRS FUELHH
2022-02-24T17:30:00Z,Pumped Storage,1592.000,Elexon BMRS FUELHH
2022-02-24T17:30:00Z,Wind,14371.000,Elexon BMRS FUELHH
2022-02-24T18:00:00Z,Biomass,2834.000,Elexon BMRS FUELHH
2022-02-24T18:00:00Z,Coal,1973.000,Elexon BMRS FUELHH
2022-02-24T18:00:00Z,Gas,8766.000,Elexon BMRS FUELHH
2022-02-24T18:00:00Z,Hydro,882.000,Elexon BMRS FUELHH
2022-02-24T18:00:00Z,Imports & Exports,4996.000,Elexon BMRS FUELHH
2022-02-24T18:00:00Z,Nuclear,4762.000,Elexon BMRS FUELHH
2022-02-24T18:00:00Z,Other,657.000,Elexon BMRS FUELHH
2022-02-24T18:00:00Z,Pumped Storage,1748.000,Elexon BMRS FUELHH
2022-02-24T18:00:00Z,Wind,14312.000,Elexon BMRS FUELHH
2022-02-24T18:30:00Z,Biomass,2835.000,Elexon BMRS FUELHH
2022-02-24T18:30:00Z,Coal,1975.000,Elexon BMRS FUELHH
2022-02-24T18:30:00Z,Gas,8613.000,Elexon BMRS FUELHH
2022-02-24T18:30:00Z,Hydro,882.000,Elexon BMRS FUELHH
2022-02-24T18:30:00Z,Imports & Exports,4944.000,Elexon BMRS FUELHH
2022-02-24T18:30:00Z,Nuclear,4760.000,Elexon BMRS FUELHH
2022-02-24T18:30:00Z,Other,667.000,Elexon BMRS FUELHH
2022-02-24T18:30:00Z,Pumped Storage,1790.000,Elexon BMRS FUELHH
2022-02-24T18:30:00Z,Wind,14041.000,Elexon BMRS FUELHH
2022-02-24T19:00:00Z,Biomass,2828.000,Elexon BMRS FUELHH
2022-02-24T19:00:00Z,Coal,1963.000,Elexon BMRS FUELHH
2022-02-24T19:00:00Z,Gas,8378.000,Elexon BMRS FUELHH
2022-02-24T19:00:00Z,Hydro,911.000,Elexon BMRS FUELHH
2022-02-24T19:00:00Z,Imports & Exports,5074.000,Elexon BMRS FUELHH
2022-02-24T19:00:00Z,Nuclear,4766.000,Elexon BMRS FUELHH
2022-02-24T19:00:00Z,Other,574.000,Elexon BMRS FUELHH
2022-02-24T19:00:00Z,Pumped Storage,1414.000,Elexon BMRS FUELHH
2022-02-24T19:00:00Z,Wind,13941.000,Elexon BMRS FUELHH
2022-02-24T19:30:00Z,Biomass,2857.000,Elexon BMRS FUELHH
2022-02-24T19:30:00Z,Coal,1972.000,Elexon BMRS FUELHH
2022-02-24T19:30:00Z,Gas,8334.000,Elexon BMRS FUELHH
2022-02-24T19:30:00Z,Hydro,973.000,Elexon BMRS FUELHH
2022-02-24T19:30:00Z,Imports & Exports,5056.000,Elexon BMRS FUELHH
2022-02-24T19:30:00Z,Nuclear,4767.000,Elexon BMRS FUELHH
2022-02-24T19:30:00Z,Other,382.000,Elexon BMRS FUELHH
2022-02-24T19:30:00Z,Pumped Storage,468.000,Elexon BMRS FUELHH
2022-02-24T19:30:00Z,Wind,13734.000,Elexon BMRS FUELHH
2022-02-24T20:00:00Z,Biomass,2880.000,Elexon BMRS FUELHH
2022-02-24T20:00:00Z,Coal,1969.000,Elexon BMRS FUELHH
2022-02-24T20:00:00Z,Gas,7330.000,Elexon BMRS FUELHH
2022-02-24T20:00:00Z,Hydro,973.000,Elexon BMRS FUELHH
2022-02-24T20:00:00Z,Imports & Exports,5000.000,Elexon BMRS FUELHH
2022-02-24T20:00:00Z,Nuclear,4765.000,Elexon BMRS FUELHH
2022-02-24T20:00:00Z,Other,279.000,Elexon BMRS FUELHH
2022-02-24T20:00:00Z,Pumped Storage,-6.000,Elexon BMRS FUELHH
2022-02-24T20:00:00Z,Wind,13828.000,Elexon BMRS FUELHH
2022-02-24T20:30:00Z,Biomass,2782.000,Elexon BMRS FUELHH
2022-02-24T20:30:00Z,Coal,1776.000,Elexon BMRS FUELHH
2022-02-24T20:30:00Z,Gas,6409.000,Elexon BMRS FUELHH
2022-02-24T20:30:00Z,Hydro,972.000,Elexon BMRS FUELHH
2022-02-24T20:30:00Z,Imports & Exports,5064.000,Elexon BMRS FUELHH
2022-02-24T20:30:00Z,Nuclear,4766.000,Elexon BMRS FUELHH
2022-02-24T20:30:00Z,Other,240.000,Elexon BMRS FUELHH
2022-02-24T20:30:00Z,Pumped Storage,-12.000,Elexon BMRS FUELHH
2022-02-24T20:30:00Z,Wind,13854.000,Elexon BMRS FUELHH
2022-02-24T21:00:00Z,Biomass,2583.000,Elexon BMRS FUELHH
2022-02-24T21:00:00Z,Coal,1647.000,Elexon BMRS FUELHH
2022-02-24T21:00:00Z,Gas,4977.000,Elexon BMRS FUELHH
2022-02-24T21:00:00Z,Hydro,935.000,Elexon BMRS FUELHH
2022-02-24T21:00:00Z,Imports & Exports,5102.000,Elexon BMRS FUELHH
2022-02-24T21:00:00Z,Nuclear,4762.000,Elexon BMRS FUELHH
2022-02-24T21:00:00Z,Other,182.000,Elexon BMRS FUELHH
2022-02-24T21:00:00Z,Pumped Storage,14.000,Elexon BMRS FUELHH
2022-02-24T21:00:00Z,Wind,13761.000,Elexon BMRS FUELHH
2022-02-24T21:30:00Z,Biomass,2219.000,Elexon BMRS FUELHH
2022-02-24T21:30:00Z,Coal,1594.000,Elexon BMRS FUELHH
2022-02-24T21:30:00Z,Gas,3741.000,Elexon BMRS FUELHH
2022-02-24T21:30:00Z,Hydro,933.000,Elexon BMRS FUELHH
2022-02-24T21:30:00Z,Imports & Exports,5104.000,Elexon BMRS FUELHH
2022-02-24T21:30:00Z,Nuclear,4765.000,Elexon BMRS FUELHH
2022-02-24T21:30:00Z,Other,187.000,Elexon BMRS FUELHH
2022-02-24T21:30:00Z,Pumped Storage,-120.000,Elexon BMRS FUELHH
2022-02-24T21:30:00Z,Wind,13723.000,Elexon BMRS FUELHH
2022-02-24T22:00:00Z,Biomass,2228.000,Elexon BMRS FUELHH
2022-02-24T22:00:00Z,Coal,1449.000,Elexon BMRS FUELHH
2022-02-24T22:00:00Z,Gas,3210.000,Elexon BMRS FUELHH
2022-02-24T22:00:00Z,Hydro,770.000,Elexon BMRS FUELHH
2022-02-24T22:00:00Z,Imports & Exports,3924.000,Elexon BMRS FUELHH
2022-02-24T22:00:00Z,Nuclear,4766.000,Elexon BMRS FUELHH
2022-02-24T22:00:00Z,Other,186.000,Elexon BMRS FUELHH
2022-02-24T22:00:00Z,Pumped Storage,-78.000,Elexon BMRS FUELHH
2022-02-24T22:00:00Z,Wind,13729.000,Elexon BMRS FUELHH
2022-02-24T22:30:00Z,Biomass,2150.000,Elexon BMRS FUELHH
2022-02-24T22:30:00Z,Coal,1232.000,Elexon BMRS FUELHH
2022-02-24T22:30:00Z,Gas,2608.000,Elexon BMRS FUELHH
2022-02-24T22:30:00Z,Hydro,723.000,Elexon BMRS FUELHH
2022-02-24T22:30:00Z,Imports & Exports,3648.000,Elexon BMRS FUELHH
2022-02-24T22:30:00Z,Nuclear,4765.000,Elexon BMRS FUELHH
2022-02-24T22:30:00Z,Other,182.000,Elexon BMRS FUELHH
2022-02-24T22:30:00Z,Pumped Storage,-320.000,Elexon BMRS FUELHH
2022-02-24T22:30:00Z,Wind,13709.000,Elexon BMRS FUELHH
2022-02-24T23:00:00Z,Biomass,2218.000,Elexon BMRS FUELHH
2022-02-24T23:00:00Z,Coal,1313.000,Elexon BMRS FUELHH
2022-02-24T23:00:00Z,Gas,2665.000,Elexon BMRS FUELHH
2022-02-24T23:00:00Z,Hydro,715.000,Elexon BMRS FUELHH
2022-02-24T23:00:00Z,Imports & Exports,1802.000,Elexon BMRS FUELHH
2022-02-24T23:00:00Z,Nuclear,4768.000,Elexon BMRS FUELHH
2022-02-24T23:00:00Z,Other,185.000,Elexon BMRS FUELHH
2022-02-24T23:00:00Z,Pumped Storage,-296.000,Elexon BMRS FUELHH
2022-02-24T23:00:00Z,Wind,13500.000,Elexon BMRS FUELHH
2022-02-24T23:30:00Z,Biomass,2250.000,Elexon BMRS FUELHH
2022-02-24T23:30:00Z,Coal,1413.000,Elexon BMRS FUELHH
2022-02-24T23:30:00Z,Gas,2597.000,Elexon BMRS FUELHH
2022-02-24T23:30:00Z,Hydro,714.000,Elexon BMRS FUELHH
2022-02-24T23:30:00Z,Imports & Exports,1598.000,Elexon BMRS FUELHH
2022-02-24T23:30:00Z,Nuclear,4772.000,Elexon BMRS FUELHH
2022-02-24T23:30:00Z,Other,181.000,Elexon BMRS FUELHH
2022-02-24T23:30:00Z,Pumped Storage,-1038.000,Elexon BMRS FUELHH
2022-02-24T23:30:00Z,Wind,13151.000,Elexon BMRS FUELHH
2022-02-25T00:00:00Z,Biomass,2255.000,Elexon BMRS FUELHH
2022-02-25T00:00:00Z,Coal,1365.000,Elexon BMRS FUELHH
2022-02-25T00:00:00Z,Gas,2025.000,Elexon BMRS FUELHH
2022-02-25T00:00:00Z,Hydro,714.000,Elexon BMRS FUELHH
2022-02-25T00:00:00Z,Imports & Exports,2486.000,Elexon BMRS FUELHH
2022-02-25T00:00:00Z,Nuclear,4776.000,Elexon BMRS FUELHH
2022-02-25T00:00:00Z,Other,181.000,Elexon BMRS FUELHH
2022-02-25T00:00:00Z,Pumped Storage,-1692.000,Elexon BMRS FUELHH
2022-02-25T00:00:00Z,Wind,13208.000,Elexon BMRS FUELHH
2022-02-25T00:30:00Z,Biomass,2261.000,Elexon BMRS FUELHH
2022-02-25T00:30:00Z,Coal,1280.000,Elexon BMRS FUELHH
2022-02-25T00:30:00Z,Gas,1924.000,Elexon BMRS FUELHH
2022-02-25T00:30:00Z,Hydro,714.000,Elexon BMRS FUELHH
2022-02-25T00:30:00Z,Imports & Exports,2698.000,Elexon BMRS FUELHH
2022-02-25T00:30:00Z,Nuclear,4769.000,Elexon BMRS FUELHH
2022-02-25T00:30:00Z,Other,188.000,Elexon BMRS FUELHH
2022-02-25T00:30:00Z,Pumped Storage,-1614.000,Elexon BMRS FUELHH
2022-02-25T00:30:00Z,Wind,13484.000,Elexon BMRS FUELHH
2022-02-25T01:00:00Z,Biomass,2258.000,Elexon BMRS FUELHH
2022-02-25T01:00:00Z,Coal,1041.000,Elexon BMRS FUELHH
2022-02-25T01:00:00Z,Gas,1848.000,Elexon BMRS FUELHH
2022-02-25T01:00:00Z,Hydro,715.000,Elexon BMRS FUELHH
2022-02-25T01:00:00Z,Imports & Exports,2904.000,Elexon BMRS FUELHH
2022-02-25T01:00:00Z,Nuclear,4771.000,Elexon BMRS FUELHH
2022-02-25T01:00:00Z,Other,183.000,Elexon BMRS FUELHH
2022-02-25T01:00:00Z,Pumped Storage,-1916.000,Elexon BMRS FUELHH
2022-02-25T01:00:00Z,Wind,13668.000,Elexon BMRS FUELHH
2022-02-25T01:30:00Z,Biomass,2157.000,Elexon BMRS FUELHH
2022-02-25T01:30:00Z,Coal,912.000,Elexon BMRS FUELHH
2022-02-25T01:30:00Z,Gas,1848.000,Elexon BMRS FUELHH
2022-02-25T01:30:00Z,Hydro,717.000,Elexon BMRS FUELHH
2022-02-25T01:30:00Z,Imports & Exports,2708.000,Elexon BMRS FUELHH
2022-02-25T01:30:00Z,Nuclear,4773.000,Elexon BMRS FUELHH
2022-02-25T01:30:00Z,Other,181.000,Elexon BMRS FUELHH
2022-02-25T01:30:00Z,Pumped Storage,-2086.000,Elexon BMRS FUELHH
2022-02-25T01:30:00Z,Wind,13691.000,Elexon BMRS FUELHH
2022-02-25T02:00:00Z,Biomass,2100.000,Elexon BMRS FUELHH
2022-02-25T02:00:00Z,Coal,882.000,Elexon BMRS FUELHH
2022-02-25T02:00:00Z,Gas,1889.000,Elexon BMRS FUELHH
2022-02-25T02:00:00Z,Hydro,717.000,Elexon BMRS FUELHH
2022-02-25T02:00:00Z,Imports & Exports,2162.000,Elexon BMRS FUELHH
2022-02-25T02:00:00Z,Nuclear,4771.000,Elexon BMRS FUELHH
2022-02-25T02:00:00Z,Other,185.000,Elexon BMRS FUELHH
2022-02-25T02:00:00Z,Pumped Storage,-2056.000,Elexon BMRS FUELHH
2022-02-25T02:00:00Z,Wind,13520.000,Elexon BMRS FUELHH
2022-02-25T02:30:00Z,Biomass,2084.000,Elexon BMRS FUELHH
2022-02-25T02:30:00Z,Coal,771.000,Elexon BMRS FUELHH
2022-02-25T02:30:00Z,Gas,1922.000,Elexon BMRS FUELHH
2022-02-25T02:30:00Z,Hydro,737.000,Elexon BMRS FUELHH
2022-02-25T02:30:00Z,Imports & Exports,2010.000,Elexon BMRS FUELHH
2022-02-25T02:30:00Z,Nuclear,4771.000,Elexon BMRS FUELHH
2022-02-25T02:30:00Z,Other,184.000,Elexon BMRS FUELHH
2022-02-25T02:30:00Z,Pumped Storage,-1942.000,Elexon BMRS FUELHH
2022-02-25T02:30:00Z,Wind,13522.000,Elexon BMRS FUELHH
2022-02-25T03:00:00Z,Biomass,2088.000,Elexon BMRS FUELHH
2022-02-25T03:00:00Z,Coal,693.000,Elexon BMRS FUELHH
2022-02-25T03:00:00Z,Gas,1999.000,Elexon BMRS FUELHH
2022-02-25T03:00:00Z,Hydro,767.000,Elexon BMRS FUELHH
2022-02-25T03:00:00Z,Imports & Exports,1410.000,Elexon BMRS FUELHH
2022-02-25T03:00:00Z,Nuclear,4772.000,Elexon BMRS FUELHH
2022-02-25T03:00:00Z,Other,182.000,Elexon BMRS FUELHH
2022-02-25T03:00:00Z,Pumped Storage,-1934.000,Elexon BMRS FUELHH
2022-02-25T03:00:00Z,Wind,13641.000,Elexon BMRS FUELHH
2022-02-25T03:30:00Z,Biomass,2144.000,Elexon BMRS FUELHH
2022-02-25T03:30:00Z,Coal,762.000,Elexon BMRS FUELHH
2022-02-25T03:30:00Z,Gas,1933.000,Elexon BMRS FUELHH
2022-02-25T03:30:00Z,Hydro,814.000,Elexon BMRS FUELHH
2022-02-25T03:30:00Z,Imports & Exports,1188.000,Elexon BMRS FUELHH
2022-02-25T03:30:00Z,Nuclear,4806.000,Elexon BMRS FUELHH
2022-02-25T03:30:00Z,Other,182.000,Elexon BMRS FUELHH
2022-02-25T03:30:00Z,Pumped Storage,-1954.000,Elexon BMRS FUELHH
2022-02-25T03:30:00Z,Wind,13395.000,Elexon BMRS FUELHH
2022-02-25T04:00:00Z,Biomass,2251.000,Elexon BMRS FUELHH
2022-02-25T04:00:00Z,Coal,745.000,Elexon BMRS FUELHH
2022-02-25T04:00:00Z,Gas,2040.000,Elexon BMRS FUELHH
2022-02-25T04:00:00Z,Hydro,816.000,Elexon BMRS FUELHH
2022-02-25T04:00:00Z,Imports & Exports,1000.000,Elexon BMRS FUELHH
2022-02-25T04:00:00Z,Nuclear,4802.000,Elexon BMRS FUELHH
2022-02-25T04:00:00Z,Other,199.000,Elexon BMRS FUELHH
2022-02-25T04:00:00Z,Pumped Storage,-1938.000,Elexon BMRS FUELHH
2022-02-25T04:00:00Z,Wind,13429.000,Elexon BMRS FUELHH
2022-02-25T04:30:00Z,Biomass,2261.000,Elexon BMRS FUELHH
2022-02-25T04:30:00Z,Coal,828.000,Elexon BMRS FUELHH
2022-02-25T04:30:00Z,Gas,2148.000,Elexon BMRS FUELHH
2022-02-25T04:30:00Z,Hydro,815.000,Elexon BMRS FUELHH
2022-02-25T04:30:00Z,Imports & Exports,934.000,Elexon BMRS FUELHH
2022-02-25T04:30:00Z,Nuclear,4808.000,Elexon BMRS FUELHH
2022-02-25T04:30:00Z,Other,183.000,Elexon BMRS FUELHH
2022-02-25T04:30:00Z,Pumped Storage,-1680.000,Elexon BMRS FUELHH
2022-02-25T04:30:00Z,Wind,13245.000,Elexon BMRS FUELHH
2022-02-25T05:00:00Z,Biomass,2263.000,Elexon BMRS FUELHH
2022-02-25T05:00:00Z,Coal,1205.000,Elexon BMRS FUELHH
2022-02-25T05:00:00Z,Gas,2956.000,Elexon BMRS FUELHH
2022-02-25T05:00:00Z,Hydro,815.000,Elexon BMRS FUELHH
2022-02-25T05:00:00Z,Imports & Exports,564.000,Elexon BMRS FUELHH
2022-02-25T05:00:00Z,Nuclear,4802.000,Elexon BMRS FUELHH
2022-02-25T05:00:00Z,Other,190.000,Elexon BMRS FUELHH
2022-02-25T05:00:00Z,Pumped Storage,-986.000,Elexon BMRS FUELHH
2022-02-25T05:00:00Z,Wind,12664.000,Elexon BMRS FUELHH
2022-02-25T05:30:00Z,Biomass,2259.000,Elexon BMRS FUELHH
2022-02-25T05:30:00Z,Coal,1477.000,Elexon BMRS FUELHH
2022-02-25T05:30:00Z,Gas,3891.000,Elexon BMRS FUELHH
2022-02-25T05:30:00Z,Hydro,970.000,Elexon BMRS FUELHH
2022-02-25T05:30:00Z,Imports & Exports,530.000,Elexon BMRS FUELHH
2022-02-25T05:30:00Z,Nuclear,4805.000,Elexon BMRS FUELHH
2022-02-25T05:30:00Z,Other,187.000,Elexon BMRS FUELHH
2022-02-25T05:30:00Z,Pumped Storage,-734.000,Elexon BMRS FUELHH
2022-02-25T05:30:00Z,Wind,12399.000,Elexon BMRS FUELHH
2022-02-25T06:00:00Z,Biomass,2420.000,Elexon BMRS FUELHH
2022-02-25T06:00:00Z,Coal,1720.000,Elexon BMRS FUELHH
2022-02-25T06:00:00Z,Gas,4728.000,Elexon BMRS FUELHH
2022-02-25T06:00:00Z,Hydro,1058.000,Elexon BMRS FUELHH
2022-02-25T06:00:00Z,Imports & Exports,1462.000,Elexon BMRS FUELHH
2022-02-25T06:00:00Z,Nuclear,4805.000,Elexon BMRS FUELHH
2022-02-25T06:00:00Z,Other,196.000,Elexon BMRS FUELHH
2022-02-25T06:00:00Z,Pumped Storage,-134.000,Elexon BMRS FUELHH
2022-02-25T06:00:00Z,Wind,12222.000,Elexon BMRS FUELHH
2022-02-25T06:30:00Z,Biomass,2718.000,Elexon BMRS FUELHH
2022-02-25T06:30:00Z,Coal,1806.000,Elexon BMRS FUELHH
2022-02-25T06:30:00Z,Gas,6854.000,Elexon BMRS FUELHH
2022-02-25T06:30:00Z,Hydro,1061.000,Elexon BMRS FUELHH
2022-02-25T06:30:00Z,Imports & Exports,1534.000,Elexon BMRS FUELHH
2022-02-25T06:30:00Z,Nuclear,4846.000,Elexon BMRS FUELHH
2022-02-25T06:30:00Z,Other,186.000,Elexon BMRS FUELHH
2022-02-25T06:30:00Z,Pumped Storage,14.000,Elexon BMRS FUELHH
2022-02-25T06:30:00Z,Wind,11864.000,Elexon BMRS FUELHH
2022-02-25T07:00:00Z,Biomass,2860.000,Elexon BMRS FUELHH
2022-02-25T07:00:00Z,Coal,1850.000,Elexon BMRS FUELHH
2022-02-25T07:00:00Z,Gas,9234.000,Elexon BMRS FUELHH
2022-02-25T07:00:00Z,Hydro,1062.000,Elexon BMRS FUELHH
2022-02-25T07:00:00Z,Imports & Exports,1974.000,Elexon BMRS FUELHH
2022-02-25T07:00:00Z,Nuclear,4847.000,Elexon BMRS FUELHH
2022-02-25T07:00:00Z,Other,192.000,Elexon BMRS FUELHH
2022-02-25T07:00:00Z,Pumped Storage,120.000,Elexon BMRS FUELHH
2022-02-25T07:00:00Z,Wind,11277.000,Elexon BMRS FUELHH
2022-02-25T07:30:00Z,Biomass,2904.000,Elexon BMRS FUELHH
2022-02-25T07:30:00Z,Coal,1905.000,Elexon BMRS FUELHH
2022-02-25T07:30:00Z,Gas,10396.000,Elexon BMRS FUELHH
2022-02-25T07:30:00Z,Hydro,1061.000,Elexon BMRS FUELHH
2022-02-25T07:30:00Z,Imports & Exports,2080.000,Elexon BMRS FUELHH
2022-02-25T07:30:00Z,Nuclear,4849.000,Elexon BMRS FUELHH
2022-02-25T07:30:00Z,Other,251.000,Elexon BMRS FUELHH
2022-02-25T07:30:00Z,Pumped Storage,162.000,Elexon BMRS FUELHH
2022-02-25T07:30:00Z,Wind,11068.000,Elexon BMRS FUELHH
2022-02-25T08:00:00Z,Biomass,2835.000,Elexon BMRS FUELHH
2022-02-25T08:00:00Z,Coal,1579.000,Elexon BMRS FUELHH
2022-02-25T08:00:00Z,Gas,10950.000,Elexon BMRS FUELHH
2022-02-25T08:00:00Z,Hydro,1062.000,Elexon BMRS FUELHH
2022-02-25T08:00:00Z,Imports & Exports,3352.000,Elexon BMRS FUELHH
2022-02-25T08:00:00Z,Nuclear,4849.000,Elexon BMRS FUELHH
2022-02-25T08:00:00Z,Other,208.000,Elexon BMRS FUELHH
2022-02-25T08:00:00Z,Pumped Storage,134.000,Elexon BMRS FUELHH
2022-02-25T08:00:00Z,Wind,10782.000,Elexon BMRS FUELHH
2022-02-25T08:30:00Z,Biomass,2896.000,Elexon BMRS FUELHH
2022-02-25T08:30:00Z,Coal,1507.000,Elexon BMRS FUELHH
2022-02-25T08:30:00Z,Gas,11139.000,Elexon BMRS FUELHH
2022-02-25T08:30:00Z,Hydro,1062.000,Elexon BMRS FUELHH
2022-02-25T08:30:00Z,Imports & Exports,3484.000,Elexon BMRS FUELHH
2022-02-25T08:30:00Z,Nuclear,4847.000,Elexon BMRS FUELHH
2022-02-25T08:30:00Z,Other,232.000,Elexon BMRS FUELHH
2022-02-25T08:30:00Z,Pumped Storage,-12.000,Elexon BMRS FUELHH
2022-02-25T08:30:00Z,Wind,10528.000,Elexon BMRS FUELHH
2022-02-25T09:00:00Z,Biomass,2861.000,Elexon BMRS FUELHH
2022-02-25T09:00:00Z,Coal,1706.000,Elexon BMRS FUELHH
2022-02-25T09:00:00Z,Gas,11294.000,Elexon BMRS FUELHH
2022-02-25T09:00:00Z,Hydro,1118.000,Elexon BMRS FUELHH
2022-02-25T09:00:00Z,Imports & Exports,3592.000,Elexon BMRS FUELHH
2022-02-25T09:00:00Z,Nuclear,4853.000,Elexon BMRS FUELHH
2022-02-25T09:00:00Z,Other,157.000,Elexon BMRS FUELHH
2022-02-25T09:00:00Z,Pumped Storage,-12.000,Elexon BMRS FUELHH
2022-02-25T09:00:00Z,Wind,9794.000,Elexon BMRS FUELHH
2022-02-25T09:30:00Z,Biomass,2876.000,Elexon BMRS FUELHH
2022-02-25T09:30:00Z,Coal,1731.000,Elexon BMRS FUELHH
2022-02-25T09:30:00Z,Gas,11215.000,Elexon BMRS FUELHH
2022-02-25T09:30:00Z,Hydro,1129.000,Elexon BMRS FUELHH
2022-02-25T09:30:00Z,Imports & Exports,3530.000,Elexon BMRS FUELHH
2022-02-25T09:30:00Z,Nuclear,4898.000,Elexon BMRS FUELHH
2022-02-25T09:30:00Z,Other,154.000,Elexon BMRS FUELHH
2022-02-25T09:30:00Z,Pumped Storage,-10.000,Elexon BMRS FUELHH
2022-02-25T09:30:00Z,Wind,9042.000,Elexon BMRS FUELHH
2022-02-25T10:00:00Z,Biomass,2738.000,Elexon BMRS FUELHH
2022-02-25T10:00:00Z,Coal,1621.000,Elexon BMRS FUELHH
2022-02-25T10:00:00Z,Gas,11739.000,Elexon BMRS FUELHH
2022-02-25T10:00:00Z,Hydro,971.000,Elexon BMRS FUELHH
2022-02-25T10:00:00Z,Imports & Exports,3164.000,Elexon BMRS FUELHH
2022-02-25T10:00:00Z,Nuclear,4900.000,Elexon BMRS FUELHH
2022-02-25T10:00:00Z,Other,168.000,Elexon BMRS FUELHH
2022-02-25T10:00:00Z,Pumped Storage,-10.000,Elexon BMRS FUELHH
2022-02-25T10:00:00Z,Wind,8357.000,Elexon BMRS FUELHH
2022-02-25T10:30:00Z,Biomass,2558.000,Elexon BMRS FUELHH
2022-02-25T10:30:00Z,Coal,1629.000,Elexon BMRS FUELHH
2022-02-25T10:30:00Z,Gas,11730.000,Elexon BMRS FUELHH
2022-02-25T10:30:00Z,Hydro,963.000,Elexon BMRS FUELHH
2022-02-25T10:30:00Z,Imports & Exports,3162.000,Elexon BMRS FUELHH
2022-02-25T10:30:00Z,Nuclear,4901.000,Elexon BMRS FUELHH
2022-02-25T10:30:00Z,Other,156.000,Elexon BMRS FUELHH
2022-02-25T10:30:00Z,Pumped Storage,-10.000,Elexon BMRS FUELHH
2022-02-25T10:30:00Z,Wind,7914.000,Elexon BMRS FUELHH
2022-02-25T11:00:00Z,Biomass,2561.000,Elexon BMRS FUELHH
2022-02-25T11:00:00Z,Coal,1767.000,Elexon BMRS FUELHH
2022-02-25T11:00:00Z,Gas,11804.000,Elexon BMRS FUELHH
2022-02-25T11:00:00Z,Hydro,952.000,Elexon BMRS FUELHH
2022-02-25T11:00:00Z,Imports & Exports,2814.000,Elexon BMRS FUELHH
2022-02-25T11:00:00Z,Nuclear,4899.000,Elexon BMRS FUELHH
2022-02-25T11:00:00Z,Other,167.000,Elexon BMRS FUELHH
2022-02-25T11:00:00Z,Pumped Storage,14.000,Elexon BMRS FUELHH
2022-02-25T11:00:00Z,Wind,7733.000,Elexon BMRS FUELHH
2022-02-25T11:30:00Z,Biomass,2560.000,Elexon BMRS FUELHH
2022-02-25T11:30:00Z,Coal,1817.000,Elexon BMRS FUELHH
2022-02-25T11:30:00Z,Gas,11910.000,Elexon BMRS FUELHH
2022-02-25T11:30:00Z,Hydro,951.000,Elexon BMRS FUELHH
2022-02-25T11:30:00Z,Imports & Exports,2914.000,Elexon BMRS FUELHH
2022-02-25T11:30:00Z,Nuclear,4898.000,Elexon BMRS FUELHH
2022-02-25T11:30:00Z,Other,152.000,Elexon BMRS FUELHH
2022-02-25T11:30:00Z,Pumped Storage,-10.000,Elexon BMRS FUELHH
2022-02-25T11:30:00Z,Wind,7214.000,Elexon BMRS FUELHH
2022-02-25T12:00:00Z,Biomass,2560.000,Elexon BMRS FUELHH
2022-02-25T12:00:00Z,Coal,1713.000,Elexon BMRS FUELHH
2022-02-25T12:00:00Z,Gas,11933.000,Elexon BMRS FUELHH
2022-02-25T12:00:00Z,Hydro,977.000,Elexon BMRS FUELHH
2022-02-25T12:00:00Z,Imports & Exports,3942.000,Elexon BMRS FUELHH
2022-02-25T12:00:00Z,Nuclear,4894.000,Elexon BMRS FUELHH
2022-02-25T12:00:00Z,Other,150.000,Elexon BMRS FUELHH
2022-02-25T12:00:00Z,Pumped Storage,234.000,Elexon BMRS FUELHH
2022-02-25T12:00:00Z,Wind,6638.000,Elexon BMRS FUELHH
2022-02-25T12:30:00Z,Biomass,2512.000,Elexon BMRS FUELHH
2022-02-25T12:30:00Z,Coal,1663.000,Elexon BMRS FUELHH
2022-02-25T12:30:00Z,Gas,12209.000,Elexon BMRS FUELHH
2022-02-25T12:30:00Z,Hydro,1102.000,Elexon BMRS FUELHH
2022-02-25T12:30:00Z,Imports & Exports,4044.000,Elexon BMRS FUELHH
2022-02-25T12:30:00Z,Nuclear,4902.000,Elexon BMRS FUELHH
2022-02-25T12:30:00Z,Other,136.000,Elexon BMRS FUELHH
2022-02-25T12:30:00Z,Pumped Storage,28.000,Elexon BMRS FUELHH
2022-02-25T12:30:00Z,Wind,6408.000,Elexon BMRS FUELHH
2022-02-25T13:00:00Z,Biomass,2550.000,Elexon BMRS FUELHH
2022-02-25T13:00:00Z,Coal,1617.000,Elexon BMRS FUELHH
2022-02-25T13:00:00Z,Gas,12003.000,Elexon BMRS FUELHH
2022-02-25T13:00:00Z,Hydro,1101.000,Elexon BMRS FUELHH
2022-02-25T13:00:00Z,Imports & Exports,3992.000,Elexon BMRS FUELHH
2022-02-25T13:00:00Z,Nuclear,4903.000,Elexon BMRS FUELHH
2022-02-25T13:00:00Z,Other,138.000,Elexon BMRS FUELHH
2022-02-25T13:00:00Z,Pumped Storage,2.000,Elexon BMRS FUELHH
2022-02-25T13:00:00Z,Wind,6240.000,Elexon BMRS FUELHH
2022-02-25T13:30:00Z,Biomass,2563.000,Elexon BMRS FUELHH
2022-02-25T13:30:00Z,Coal,1608.000,Elexon BMRS FUELHH
2022-02-25T13:30:00Z,Gas,12298.000,Elexon BMRS FUELHH
2022-02-25T13:30:00Z,Hydro,1101.000,Elexon BMRS FUELHH
2022-02-25T13:30:00Z,Imports & Exports,4034.000,Elexon BMRS FUELHH
2022-02-25T13:30:00Z,Nuclear,4893.000,Elexon BMRS FUELHH
2022-02-25T13:30:00Z,Other,142.000,Elexon BMRS FUELHH
2022-02-25T13:30:00Z,Pumped Storage,-16.000,Elexon BMRS FUELHH
2022-02-25T13:30:00Z,Wind,5764.000,Elexon BMRS FUELHH
2022-02-25T14:00:00Z,Biomass,2559.000,Elexon BMRS FUELHH
2022-02-25T14:00:00Z,Coal,1473.000,Elexon BMRS FUELHH
2022-02-25T14:00:00Z,Gas,12441.000,Elexon BMRS FUELHH
2022-02-25T14:00:00Z,Hydro,951.000,Elexon BMRS FUELHH
2022-02-25T14:00:00Z,Imports & Exports,4632.000,Elexon BMRS FUELHH
2022-02-25T14:00:00Z,Nuclear,4893.000,Elexon BMRS FUELHH
2022-02-25T14:00:00Z,Other,143.000,Elexon BMRS FUELHH
2022-02-25T14:00:00Z,Pumped Storage,-16.000,Elexon BMRS FUELHH
2022-02-25T14:00:00Z,Wind,5123.000,Elexon BMRS FUELHH
2022-02-25T14:30:00Z,Biomass,2558.000,Elexon BMRS FUELHH
2022-02-25T14:30:00Z,Coal,1293.000,Elexon BMRS FUELHH
2022-02-25T14:30:00Z,Gas,12814.000,Elexon BMRS FUELHH
2022-02-25T14:30:00Z,Hydro,949.000,Elexon BMRS FUELHH
2022-02-25T14:30:00Z,Imports & Exports,4838.000,Elexon BMRS FUELHH
2022-02-25T14:30:00Z,Nuclear,4893.000,Elexon BMRS FUELHH
2022-02-25T14:30:00Z,Other,153.000,Elexon BMRS FUELHH
2022-02-25T14:30:00Z,Pumped Storage,-10.000,Elexon BMRS FUELHH
2022-02-25T14:30:00Z,Wind,4795.000,Elexon BMRS FUELHH
2022-02-25T15:00:00Z,Biomass,2573.000,Elexon BMRS FUELHH
2022-02-25T15:00:00Z,Coal,1209.000,Elexon BMRS FUELHH
2022-02-25T15:00:00Z,Gas,13296.000,Elexon BMRS FUELHH
2022-02-25T15:00:00Z,Hydro,1115.000,Elexon BMRS FUELHH
2022-02-25T15:00:00Z,Imports & Exports,4942.000,Elexon BMRS FUELHH
2022-02-25T15:00:00Z,Nuclear,4884.000,Elexon BMRS FUELHH
2022-02-25T15:00:00Z,Other,157.000,Elexon BMRS FUELHH
2022-02-25T15:00:00Z,Pumped Storage,30.000,Elexon BMRS FUELHH
2022-02-25T15:00:00Z,Wind,4444.000,Elexon BMRS FUELHH
2022-02-25T15:30:00Z,Biomass,2581.000,Elexon BMRS FUELHH
2022-02-25T15:30:00Z,Coal,1369.000,Elexon BMRS FUELHH
2022-02-25T15:30:00Z,Gas,14159.000,Elexon BMRS FUELHH
2022-02-25T15:30:00Z,Hydro,1116.000,Elexon BMRS FUELHH
2022-02-25T15:30:00Z,Imports & Exports,4952.000,Elexon BMRS FUELHH
2022-02-25T15:30:00Z,Nuclear,4912.000,Elexon BMRS FUELHH
2022-02-25T15:30:00Z,Other,174.000,Elexon BMRS FUELHH
2022-02-25T15:30:00Z,Pumped Storage,126.000,Elexon BMRS FUELHH
2022-02-25T15:30:00Z,Wind,4147.000,Elexon BMRS FUELHH
2022-02-25T16:00:00Z,Biomass,2692.000,Elexon BMRS FUELHH
2022-02-25T16:00:00Z,Coal,1836.000,Elexon BMRS FUELHH
2022-02-25T16:00:00Z,Gas,15289.000,Elexon BMRS FUELHH
2022-02-25T16:00:00Z,Hydro,1084.000,Elexon BMRS FUELHH
2022-02-25T16:00:00Z,Imports & Exports,4490.000,Elexon BMRS FUELHH
2022-02-25T16:00:00Z,Nuclear,4912.000,Elexon BMRS FUELHH
2022-02-25T16:00:00Z,Other,163.000,Elexon BMRS FUELHH
2022-02-25T16:00:00Z,Pumped Storage,400.000,Elexon BMRS FUELHH
2022-02-25T16:00:00Z,Wind,4318.000,Elexon BMRS FUELHH
2022-02-25T16:30:00Z,Biomass,2860.000,Elexon BMRS FUELHH
2022-02-25T16:30:00Z,Coal,1951.000,Elexon BMRS FUELHH
2022-02-25T16:30:00Z,Gas,15685.000,Elexon BMRS FUELHH
2022-02-25T16:30:00Z,Hydro,1060.000,Elexon BMRS FUELHH
2022-02-25T16:30:00Z,Imports & Exports,4702.000,Elexon BMRS FUELHH
2022-02-25T16:30:00Z,Nuclear,4966.000,Elexon BMRS FUELHH
2022-02-25T16:30:00Z,Other,227.000,Elexon BMRS FUELHH
2022-02-25T16:30:00Z,Pumped Storage,984.000,Elexon BMRS FUELHH
2022-02-25T16:30:00Z,Wind,4527.000,Elexon BMRS FUELHH
2022-02-25T17:00:00Z,Biomass,2865.000,Elexon BMRS FUELHH
2022-02-25T17:00:00Z,Coal,1973.000,Elexon BMRS FUELHH
2022-02-25T17:00:00Z,Gas,15918.000,Elexon BMRS FUELHH
2022-02-25T17:00:00Z,Hydro,1154.000,Elexon BMRS FUELHH
2022-02-25T17:00:00Z,Imports & Exports,4876.000,Elexon BMRS FUELHH
2022-02-25T17:00:00Z,Nuclear,4963.000,Elexon BMRS FUELHH
2022-02-25T17:00:00Z,Other,338.000,Elexon BMRS FUELHH
2022-02-25T17:00:00Z,Pumped Storage,1502.000,Elexon BMRS FUELHH
2022-02-25T17:00:00Z,Wind,4711.000,Elexon BMRS FUELHH
2022-02-25T17:30:00Z,Biomass,2901.000,Elexon BMRS FUELHH
2022-02-25T17:30:00Z,Coal,1974.000,Elexon BMRS FUELHH
2022-02-25T17:30:00Z,Gas,16225.000,Elexon BMRS FUELHH
2022-02-25T17:30:00Z,Hydro,1068.000,Elexon BMRS FUELHH
2022-02-25T17:30:00Z,Imports & Exports,5028.000,Elexon BMRS FUELHH
2022-02-25T17:30:00Z,Nuclear,4972.000,Elexon BMRS FUELHH
2022-02-25T17:30:00Z,Other,430.000,Elexon BMRS FUELHH
2022-02-25T17:30:00Z,Pumped Storage,1992.000,Elexon BMRS FUELHH
2022-02-25T17:30:00Z,Wind,4963.000,Elexon BMRS FUELHH
2022-02-25T18:00:00Z,Biomass,2939.000,Elexon BMRS FUELHH
2022-02-25T18:00:00Z,Coal,1971.000,Elexon BMRS FUELHH
2022-02-25T18:00:00Z,Gas,16421.000,Elexon BMRS FUELHH
2022-02-25T18:00:00Z,Hydro,1061.000,Elexon BMRS FUELHH
2022-02-25T18:00:00Z,Imports & Exports,4794.000,Elexon BMRS FUELHH
2022-02-25T18:00:00Z,Nuclear,4995.000,Elexon BMRS FUELHH
2022-02-25T18:00:00Z,Other,561.000,Elexon BMRS FUELHH
2022-02-25T18:00:00Z,Pumped Storage,2212.000,Elexon BMRS FUELHH
2022-02-25T18:00:00Z,Wind,5105.000,Elexon BMRS FUELHH
2022-02-25T18:30:00Z,Biomass,2931.000,Elexon BMRS FUELHH
2022-02-25T18:30:00Z,Coal,1970.000,Elexon BMRS FUELHH
2022-02-25T18:30:00Z,Gas,16098.000,Elexon BMRS FUELHH
2022-02-25T18:30:00Z,Hydro,1110.000,Elexon BMRS FUELHH
2022-02-25T18:30:00Z,Imports & Exports,4792.000,Elexon BMRS FUELHH
2022-02-25T18:30:00Z,Nuclear,4998.000,Elexon BMRS FUELHH
2022-02-25T18:30:00Z,Other,577.000,Elexon BMRS FUELHH
2022-02-25T18:30:00Z,Pumped Storage,1826.000,Elexon BMRS FUELHH
2022-02-25T18:30:00Z,Wind,5567.000,Elexon BMRS FUELHH
2022-02-25T19:00:00Z,Biomass,2903.000,Elexon BMRS FUELHH
2022-02-25T19:00:00Z,Coal,1972.000,Elexon BMRS FUELHH
2022-02-25T19:00:00Z,Gas,15546.000,Elexon BMRS FUELHH
2022-02-25T19:00:00Z,Hydro,1079.000,Elexon BMRS FUELHH
2022-02-25T19:00:00Z,Imports & Exports,4778.000,Elexon BMRS FUELHH
2022-02-25T19:00:00Z,Nuclear,4998.000,Elexon BMRS FUELHH
2022-02-25T19:00:00Z,Other,614.000,Elexon BMRS FUELHH
2022-02-25T19:00:00Z,Pumped Storage,1304.000,Elexon BMRS FUELHH
2022-02-25T19:00:00Z,Wind,6013.000,Elexon BMRS FUELHH
2022-02-25T19:30:00Z,Biomass,2904.000,Elexon BMRS FUELHH
2022-02-25T19:30:00Z,Coal,1970.000,Elexon BMRS FUELHH
2022-02-25T19:30:00Z,Gas,15319.000,Elexon BMRS FUELHH
2022-02-25T19:30:00Z,Hydro,1075.000,Elexon BMRS FUELHH
2022-02-25T19:30:00Z,Imports & Exports,4704.000,Elexon BMRS FUELHH
2022-02-25T19:30:00Z,Nuclear,4999.000,Elexon BMRS FUELHH
2022-02-25T19:30:00Z,Other,612.000,Elexon BMRS FUELHH
2022-02-25T19:30:00Z,Pumped Storage,600.000,Elexon BMRS FUELHH
2022-02-25T19:30:00Z,Wind,6117.000,Elexon BMRS FUELHH
2022-02-25T20:00:00Z,Biomass,2904.000,Elexon BMRS FUELHH
2022-02-25T20:00:00Z,Coal,1969.000,Elexon BMRS FUELHH
2022-02-25T20:00:00Z,Gas,15504.000,Elexon BMRS FUELHH
2022-02-25T20:00:00Z,Hydro,1046.000,Elexon BMRS FUELHH
2022-02-25T20:00:00Z,Imports & Exports,3294.000,Elexon BMRS FUELHH
2022-02-25T20:00:00Z,Nuclear,4999.000,Elexon BMRS FUELHH
2022-02-25T20:00:00Z,Other,606.000,Elexon BMRS FUELHH
2022-02-25T20:00:00Z,Pumped Storage,176.000,Elexon BMRS FUELHH
2022-02-25T20:00:00Z,Wind,6386.000,Elexon BMRS FUELHH
2022-02-25T20:30:00Z,Biomass,2905.000,Elexon BMRS FUELHH
2022-02-25T20:30:00Z,Coal,1926.000,Elexon BMRS FUELHH
2022-02-25T20:30:00Z,Gas,14636.000,Elexon BMRS FUELHH
2022-02-25T20:30:00Z,Hydro,939.000,Elexon BMRS FUELHH
2022-02-25T20:30:00Z,Imports & Exports,3236.000,Elexon BMRS FUELHH
2022-02-25T20:30:00Z,Nuclear,4991.000,Elexon BMRS FUELHH
2022-02-25T20:30:00Z,Other,269.000,Elexon BMRS FUELHH
2022-02-25T20:30:00Z,Pumped Storage,220.000,Elexon BMRS FUELHH
2022-02-25T20:30:00Z,Wind,6358.000,Elexon BMRS FUELHH
2022-02-25T21:00:00Z,Biomass,2908.000,Elexon BMRS FUELHH
2022-02-25T21:00:00Z,Coal,1733.000,Elexon BMRS FUELHH
2022-02-25T21:00:00Z,Gas,14353.000,Elexon BMRS FUELHH
2022-02-25T21:00:00Z,Hydro,808.000,Elexon BMRS FUELHH
2022-02-25T21:00:00Z,Imports & Exports,2738.000,Elexon BMRS FUELHH
2022-02-25T21:00:00Z,Nuclear,4997.000,Elexon BMRS FUELHH
2022-02-25T21:00:00Z,Other,156.000,Elexon BMRS FUELHH
2022-02-25T21:00:00Z,Pumped Storage,54.000,Elexon BMRS FUELHH
2022-02-25T21:00:00Z,Wind,6072.000,Elexon BMRS FUELHH
2022-02-25T21:30:00Z,Biomass,2866.000,Elexon BMRS FUELHH
2022-02-25T21:30:00Z,Coal,1349.000,Elexon BMRS FUELHH
2022-02-25T21:30:00Z,Gas,13221.000,Elexon BMRS FUELHH
2022-02-25T21:30:00Z,Hydro,831.000,Elexon BMRS FUELHH
2022-02-25T21:30:00Z,Imports & Exports,2660.000,Elexon BMRS FUELHH
2022-02-25T21:30:00Z,Nuclear,5005.000,Elexon BMRS FUELHH
2022-02-25T21:30:00Z,Other,155.000,Elexon BMRS FUELHH
2022-02-25T21:30:00Z,Pumped Storage,40.000,Elexon BMRS FUELHH
2022-02-25T21:30:00Z,Wind,6286.000,Elexon BMRS FUELHH
2022-02-25T22:00:00Z,Biomass,2554.000,Elexon BMRS FUELHH
2022-02-25T22:00:00Z,Coal,1009.000,Elexon BMRS FUELHH
2022-02-25T22:00:00Z,Gas,12169.000,Elexon BMRS FUELHH
2022-02-25T22:00:00Z,Hydro,767.000,Elexon BMRS FUELHH
2022-02-25T22:00:00Z,Imports & Exports,2280.000,Elexon BMRS FUELHH
2022-02-25T22:00:00Z,Nuclear,5076.000,Elexon BMRS FUELHH
2022-02-25T22:00:00Z,Other,142.000,Elexon BMRS FUELHH
2022-02-25T22:00:00Z,Pumped Storage,92.000,Elexon BMRS FUELHH
2022-02-25T22:00:00Z,Wind,6550.000,Elexon BMRS FUELHH
2022-02-25T22:30:00Z,Biomass,1949.000,Elexon BMRS FUELHH
2022-02-25T22:30:00Z,Coal,811.000,Elexon BMRS FUELHH
2022-02-25T22:30:00Z,Gas,11210.000,Elexon BMRS FUELHH
2022-02-25T22:30:00Z,Hydro,680.000,Elexon BMRS FUELHH
2022-02-25T22:30:00Z,Imports & Exports,2378.000,Elexon BMRS FUELHH
2022-02-25T22:30:00Z,Nuclear,5097.000,Elexon BMRS FUELHH
2022-02-25T22:30:00Z,Other,172.000,Elexon BMRS FUELHH
2022-02-25T22:30:00Z,Pumped Storage,34.000,Elexon BMRS FUELHH
2022-02-25T22:30:00Z,Wind,6812.000,Elexon BMRS FUELHH
2022-02-25T23:00:00Z,Biomass,1617.000,Elexon BMRS FUELHH
2022-02-25T23:00:00Z,Coal,553.000,Elexon BMRS FUELHH
2022-02-25T23:00:00Z,Gas,8414.000,Elexon BMRS FUELHH
2022-02-25T23:00:00Z,Hydro,670.000,Elexon BMRS FUELHH
2022-02-25T23:00:00Z,Imports & Exports,4132.000,Elexon BMRS FUELHH
2022-02-25T23:00:00Z,Nuclear,5092.000,Elexon BMRS FUELHH
2022-02-25T23:00:00Z,Other,194.000,Elexon BMRS FUELHH
2022-02-25T23:00:00Z,Pumped Storage,-72.000,Elexon BMRS FUELHH
2022-02-25T23:00:00Z,Wind,7076.000,Elexon BMRS FUELHH
2022-02-25T23:30:00Z,Biomass,1618.000,Elexon BMRS FUELHH
2022-02-25T23:30:00Z,Coal,445.000,Elexon BMRS FUELHH
2022-02-25T23:30:00Z,Gas,7060.000,Elexon BMRS FUELHH
2022-02-25T23:30:00Z,Hydro,670.000,Elexon BMRS FUELHH
2022-02-25T23:30:00Z,Imports & Exports,4182.000,Elexon BMRS FUELHH
2022-02-25T23:30:00Z,Nuclear,5098.000,Elexon BMRS FUELHH
2022-02-25T23:30:00Z,Other,201.000,Elexon BMRS FUELHH
2022-02-25T23:30:00Z,Pumped Storage,-14.000,Elexon BMRS FUELHH
2022-02-25T23:30:00Z,Wind,7269.000,Elexon BMRS FUELHH
2022-02-26T00:00:00Z,Biomass,1618.000,Elexon BMRS FUELHH
2022-02-26T00:00:00Z,Coal,236.000,Elexon BMRS FUELHH
2022-02-26T00:00:00Z,Gas,6519.000,Elexon BMRS FUELHH
2022-02-26T00:00:00Z,Hydro,665.000,Elexon BMRS FUELHH
2022-02-26T00:00:00Z,Imports & Exports,4360.000,Elexon BMRS FUELHH
2022-02-26T00:00:00Z,Nuclear,5097.000,Elexon BMRS FUELHH
2022-02-26T00:00:00Z,Other,220.000,Elexon BMRS FUELHH
2022-02-26T00:00:00Z,Pumped Storage,-14.000,Elexon BMRS FUELHH
2022-02-26T00:00:00Z,Wind,7362.000,Elexon BMRS FUELHH
2022-02-26T00:30:00Z,Biomass,1617.000,Elexon BMRS FUELHH
2022-02-26T00:30:00Z,Coal,237.000,Elexon BMRS FUELHH
2022-02-26T00:30:00Z,Gas,6841.000,Elexon BMRS FUELHH
2022-02-26T00:30:00Z,Hydro,643.000,Elexon BMRS FUELHH
2022-02-26T00:30:00Z,Imports & Exports,4360.000,Elexon BMRS FUELHH
2022-02-26T00:30:00Z,Nuclear,5104.000,Elexon BMRS FUELHH
2022-02-26T00:30:00Z,Other,221.000,Elexon BMRS FUELHH
2022-02-26T00:30:00Z,Pumped Storage,68.000,Elexon BMRS FUELHH
2022-02-26T00:30:00Z,Wind,7395.000,Elexon BMRS FUELHH
2022-02-26T01:00:00Z,Biomass,1615.000,Elexon BMRS FUELHH
2022-02-26T01:00:00Z,Coal,243.000,Elexon BMRS FUELHH
2022-02-26T01:00:00Z,Gas,6678.000,Elexon BMRS FUELHH
2022-02-26T01:00:00Z,Hydro,623.000,Elexon BMRS FUELHH
2022-02-26T01:00:00Z,Imports & Exports,4438.000,Elexon BMRS FUELHH
2022-02-26T01:00:00Z,Nuclear,5100.000,Elexon BMRS FUELHH
2022-02-26T01:00:00Z,Other,225.000,Elexon BMRS FUELHH
2022-02-26T01:00:00Z,Pumped Storage,-16.000,Elexon BMRS FUELHH
2022-02-26T01:00:00Z,Wind,7223.000,Elexon BMRS FUELHH
2022-02-26T01:30:00Z,Biomass,1614.000,Elexon BMRS FUELHH
2022-02-26T01:30:00Z,Coal,234.000,Elexon BMRS FUELHH
2022-02-26T01:30:00Z,Gas,6141.000,Elexon BMRS FUELHH
2022-02-26T01:30:00Z,Hydro,618.000,Elexon BMRS FUELHH
2022-02-26T01:30:00Z,Imports & Exports,4444.000,Elexon BMRS FUELHH
2022-02-26T01:30:00Z,Nuclear,5104.000,Elexon BMRS FUELHH
2022-02-26T01:30:00Z,Other,216.000,Elexon BMRS FUELHH
2022-02-26T01:30:00Z,Pumped Storage,-164.000,Elexon BMRS FUELHH
2022-02-26T01:30:00Z,Wind,6975.000,Elexon BMRS FUELHH
2022-02-26T02:00:00Z,Biomass,1615.000,Elexon BMRS FUELHH
2022-02-26T02:00:00Z,Coal,239.000,Elexon BMRS FUELHH
2022-02-26T02:00:00Z,Gas,6366.000,Elexon BMRS FUELHH
2022-02-26T02:00:00Z,Hydro,602.000,Elexon BMRS FUELHH
2022-02-26T02:00:00Z,Imports & Exports,4038.000,Elexon BMRS FUELHH
2022-02-26T02:00:00Z,Nuclear,5104.000,Elexon BMRS FUELHH
2022-02-26T02:00:00Z,Other,157.000,Elexon BMRS FUELHH
2022-02-26T02:00:00Z,Pumped Storage,-374.000,Elexon BMRS FUELHH
2022-02-26T02:00:00Z,Wind,6724.000,Elexon BMRS FUELHH
2022-02-26T02:30:00Z,Biomass,1614.000,Elexon BMRS FUELHH
2022-02-26T02:30:00Z,Coal,240.000,Elexon BMRS FUELHH
2022-02-26T02:30:00Z,Gas,6332.000,Elexon BMRS FUELHH
2022-02-26T02:30:00Z,Hydro,608.000,Elexon BMRS FUELHH
2022-02-26T02:30:00Z,Imports & Exports,4022.000,Elexon BMRS FUELHH
2022-02-26T02:30:00Z,Nuclear,5106.000,Elexon BMRS FUELHH
2022-02-26T02:30:00Z,Other,139.000,Elexon BMRS FUELHH
2022-02-26T02:30:00Z,Pumped Storage,-638.000,Elexon BMRS FUELHH
2022-02-26T02:30:00Z,Wind,6473.000,Elexon BMRS FUELHH
2022-02-26T03:00:00Z,Biomass,1617.000,Elexon BMRS FUELHH
2022-02-26T03:00:00Z,Coal,318.000,Elexon BMRS FUELHH
2022-02-26T03:00:00Z,Gas,6563.000,Elexon BMRS FUELHH
2022-02-26T03:00:00Z,Hydro,611.000,Elexon BMRS FUELHH
2022-02-26T03:00:00Z,Imports & Exports,3218.000,Elexon BMRS FUELHH
2022-02-26T03:00:00Z,Nuclear,5103.000,Elexon BMRS FUELHH
2022-02-26T03:00:00Z,Other,141.000,Elexon BMRS FUELHH
2022-02-26T03:00:00Z,Pumped Storage,-636.000,Elexon BMRS FUELHH
2022-02-26T03:00:00Z,Wind,6400.000,Elexon BMRS FUELHH
2022-02-26T03:30:00Z,Biomass,1618.000,Elexon BMRS FUELHH
2022-02-26T03:30:00Z,Coal,239.000,Elexon BMRS FUELHH
2022-02-26T03:30:00Z,Gas,6331.000,Elexon BMRS FUELHH
2022-02-26T03:30:00Z,Hydro,622.000,Elexon BMRS FUELHH
2022-02-26T03:30:00Z,Imports & Exports,3208.000,Elexon BMRS FUELHH
2022-02-26T03:30:00Z,Nuclear,5107.000,Elexon BMRS FUELHH
2022-02-26T03:30:00Z,Other,134.000,Elexon BMRS FUELHH
2022-02-26T03:30:00Z,Pumped Storage,-642.000,Elexon BMRS FUELHH
2022-02-26T03:30:00Z,Wind,6398.000,Elexon BMRS FUELHH
2022-02-26T04:00:00Z,Biomass,1618.000,Elexon BMRS FUELHH
2022-02-26T04:00:00Z,Coal,331.000,Elexon BMRS FUELHH
2022-02-26T04:00:00Z,Gas,6740.000,Elexon BMRS FUELHH
2022-02-26T04:00:00Z,Hydro,617.000,Elexon BMRS FUELHH
2022-02-26T04:00:00Z,Imports & Exports,2188.000,Elexon BMRS FUELHH
2022-02-26T04:00:00Z,Nuclear,5102.000,Elexon BMRS FUELHH
2022-02-26T04:00:00Z,Other,136.000,Elexon BMRS FUELHH
2022-02-26T04:00:00Z,Pumped Storage,-860.000,Elexon BMRS FUELHH
2022-02-26T04:00:00Z,Wind,6665.000,Elexon BMRS FUELHH
2022-02-26T04:30:00Z,Biomass,1617.000,Elexon BMRS FUELHH
2022-02-26T04:30:00Z,Coal,393.000,Elexon BMRS FUELHH
2022-02-26T04:30:00Z,Gas,6582.000,Elexon BMRS FUELHH
2022-02-26T04:30:00Z,Hydro,606.000,Elexon BMRS FUELHH
2022-02-26T04:30:00Z,Imports & Exports,2128.000,Elexon BMRS FUELHH
2022-02-26T04:30:00Z,Nuclear,5102.000,Elexon BMRS FUELHH
2022-02-26T04:30:00Z,Other,136.000,Elexon BMRS FUELHH
2022-02-26T04:30:00Z,Pumped Storage,-910.000,Elexon BMRS FUELHH
2022-02-26T04:30:00Z,Wind,6750.000,Elexon BMRS FUELHH
2022-02-26T05:00:00Z,Biomass,1617.000,Elexon BMRS FUELHH
2022-02-26T05:00:00Z,Coal,387.000,Elexon BMRS FUELHH
2022-02-26T05:00:00Z,Gas,6790.000,Elexon BMRS FUELHH
2022-02-26T05:00:00Z,Hydro,604.000,Elexon BMRS FUELHH
2022-02-26T05:00:00Z,Imports & Exports,1630.000,Elexon BMRS FUELHH
2022-02-26T05:00:00Z,Nuclear,5106.000,Elexon BMRS FUELHH
2022-02-26T05:00:00Z,Other,136.000,Elexon BMRS FUELHH
2022-02-26T05:00:00Z,Pumped Storage,-690.000,Elexon BMRS FUELHH
2022-02-26T05:00:00Z,Wind,7136.000,Elexon BMRS FUELHH
2022-02-26T05:30:00Z,Biomass,1618.000,Elexon BMRS FUELHH
2022-02-26T05:30:00Z,Coal,387.000,Elexon BMRS FUELHH
2022-02-26T05:30:00Z,Gas,6755.000,Elexon BMRS FUELHH
2022-02-26T05:30:00Z,Hydro,592.000,Elexon BMRS FUELHH
2022-02-26T05:30:00Z,Imports & Exports,1622.000,Elexon BMRS FUELHH
2022-02-26T05:30:00Z,Nuclear,5104.000,Elexon BMRS FUELHH
2022-02-26T05:30:00Z,Other,137.000,Elexon BMRS FUELHH
2022-02-26T05:30:00Z,Pumped Storage,-580.000,Elexon BMRS FUELHH
2022-02-26T05:30:00Z,Wind,7593.000,Elexon BMRS FUELHH
2022-02-26T06:00:00Z,Biomass,1617.000,Elexon BMRS FUELHH
2022-02-26T06:00:00Z,Coal,570.000,Elexon BMRS FUELHH
2022-02-26T06:00:00Z,Gas,6884.000,Elexon BMRS FUELHH
2022-02-26T06:00:00Z,Hydro,590.000,Elexon BMRS FUELHH
2022-02-26T06:00:00Z,Imports & Exports,1822.000,Elexon BMRS FUELHH
2022-02-26T06:00:00Z,Nuclear,5103.000,Elexon BMRS FUELHH
2022-02-26T06:00:00Z,Other,137.000,Elexon BMRS FUELHH
2022-02-26T06:00:00Z,Pumped Storage,-54.000,Elexon BMRS FUELHH
2022-02-26T06:00:00Z,Wind,7896.000,Elexon BMRS FUELHH
2022-02-26T06:30:00Z,Biomass,1617.000,Elexon BMRS FUELHH
2022-02-26T06:30:00Z,Coal,870.000,Elexon BMRS FUELHH
2022-02-26T06:30:00Z,Gas,7009.000,Elexon BMRS FUELHH
2022-02-26T06:30:00Z,Hydro,600.000,Elexon BMRS FUELHH
2022-02-26T06:30:00Z,Imports & Exports,1816.000,Elexon BMRS FUELHH
2022-02-26T06:30:00Z,Nuclear,5105.000,Elexon BMRS FUELHH
2022-02-26T06:30:00Z,Other,137.000,Elexon BMRS FUELHH
2022-02-26T06:30:00Z,Pumped Storage,-12.000,Elexon BMRS FUELHH
2022-02-26T06:30:00Z,Wind,8335.000,Elexon BMRS FUELHH
2022-02-26T07:00:00Z,Biomass,1617.000,Elexon BMRS FUELHH
2022-02-26T07:00:00Z,Coal,978.000,Elexon BMRS FUELHH
2022-02-26T07:00:00Z,Gas,6937.000,Elexon BMRS FUELHH
2022-02-26T07:00:00Z,Hydro,611.000,Elexon BMRS FUELHH
2022-02-26T07:00:00Z,Imports & Exports,2728.000,Elexon BMRS FUELHH
2022-02-26T07:00:00Z,Nuclear,5097.000,Elexon BMRS FUELHH
2022-02-26T07:00:00Z,Other,152.000,Elexon BMRS FUELHH
2022-02-26T07:00:00Z,Pumped Storage,-2.000,Elexon BMRS FUELHH
2022-02-26T07:00:00Z,Wind,8765.000,Elexon BMRS FUELHH
2022-02-26T07:30:00Z,Biomass,1617.000,Elexon BMRS FUELHH
2022-02-26T07:30:00Z,Coal,978.000,Elexon BMRS FUELHH
2022-02-26T07:30:00Z,Gas,7376.000,Elexon BMRS FUELHH
2022-02-26T07:30:00Z,Hydro,625.000,Elexon BMRS FUELHH
2022-02-26T07:30:00Z,Imports & Exports,2836.000,Elexon BMRS FUELHH
2022-02-26T07:30:00Z,Nuclear,5102.000,Elexon BMRS FUELHH
2022-02-26T07:30:00Z,Other,148.000,Elexon BMRS FUELHH
2022-02-26T07:30:00Z,Pumped Storage,90.000,Elexon BMRS FUELHH
2022-02-26T07:30:00Z,Wind,8776.000,Elexon BMRS FUELHH
2022-02-26T08:00:00Z,Biomass,1617.000,Elexon BMRS FUELHH
2022-02-26T08:00:00Z,Coal,979.000,Elexon BMRS FUELHH
2022-02-26T08:00:00Z,Gas,8037.000,Elexon BMRS FUELHH
2022-02-26T08:00:00Z,Hydro,611.000,Elexon BMRS FUELHH
2022-02-26T08:00:00Z,Imports & Exports,3086.000,Elexon BMRS FUELHH
2022-02-26T08:00:00Z,Nuclear,5100.000,Elexon BMRS FUELHH
2022-02-26T08:00:00Z,Other,150.000,Elexon BMRS FUELHH
2022-02-26T08:00:00Z,Pumped Storage,16.000,Elexon BMRS FUELHH
2022-02-26T08:00:00Z,Wind,8899.000,Elexon BMRS FUELHH
2022-02-26T08:30:00Z,Biomass,1617.000,Elexon BMRS FUELHH
2022-02-26T08:30:00Z,Coal,979.000,Elexon BMRS FUELHH
2022-02-26T08:30:00Z,Gas,7709.000,Elexon BMRS FUELHH
2022-02-26T08:30:00Z,Hydro,611.000,Elexon BMRS FUELHH
2022-02-26T08:30:00Z,Imports & Exports,3086.000,Elexon BMRS FUELHH
2022-02-26T08:30:00Z,Nuclear,5104.000,Elexon BMRS FUELHH
2022-02-26T08:30:00Z,Other,143.000,Elexon BMRS FUELHH
2022-02-26T08:30:00Z,Pumped Storage,32.000,Elexon BMRS FUELHH
2022-02-26T08:30:00Z,Wind,9199.000,Elexon BMRS FUELHH
2022-02-26T09:00:00Z,Biomass,1617.000,Elexon BMRS FUELHH
2022-02-26T09:00:00Z,Coal,979.000,Elexon BMRS FUELHH
2022-02-26T09:00:00Z,Gas,7127.000,Elexon BMRS FUELHH
2022-02-26T09:00:00Z,Hydro,611.000,Elexon BMRS FUELHH
2022-02-26T09:00:00Z,Imports & Exports,3596.000,Elexon BMRS FUELHH
2022-02-26T09:00:00Z,Nuclear,5103.000,Elexon BMRS FUELHH
2022-02-26T09:00:00Z,Other,158.000,Elexon BMRS FUELHH
2022-02-26T09:00:00Z,Pumped Storage,50.000,Elexon BMRS FUELHH
2022-02-26T09:00:00Z,Wind,9512.000,Elexon BMRS FUELHH
2022-02-26T09:30:00Z,Biomass,1617.000,Elexon BMRS FUELHH
2022-02-26T09:30:00Z,Coal,977.000,Elexon BMRS FUELHH
2022-02-26T09:30:00Z,Gas,6545.000,Elexon BMRS FUELHH
2022-02-26T09:30:00Z,Hydro,611.000,Elexon BMRS FUELHH
2022-02-26T09:30:00Z,Imports & Exports,3574.000,Elexon BMRS FUELHH
2022-02-26T09:30:00Z,Nuclear,5107.000,Elexon BMRS FUELHH
2022-02-26T09:30:00Z,Other,148.000,Elexon BMRS FUELHH
2022-02-26T09:30:00Z,Pumped Storage,-16.000,Elexon BMRS FUELHH
2022-02-26T09:30:00Z,Wind,9598.000,Elexon BMRS FUELHH
2022-02-26T10:00:00Z,Biomass,1617.000,Elexon BMRS FUELHH
2022-02-26T10:00:00Z,Coal,978.000,Elexon BMRS FUELHH
2022-02-26T10:00:00Z,Gas,6404.000,Elexon BMRS FUELHH
2022-02-26T10:00:00Z,Hydro,599.000,Elexon BMRS FUELHH
2022-02-26T10:00:00Z,Imports & Exports,2958.000,Elexon BMRS FUELHH
2022-02-26T10:00:00Z,Nuclear,5115.000,Elexon BMRS FUELHH
2022-02-26T10:00:00Z,Other,151.000,Elexon BMRS FUELHH
2022-02-26T10:00:00Z,Pumped Storage,18.000,Elexon BMRS FUELHH
2022-02-26T10:00:00Z,Wind,9736.000,Elexon BMRS FUELHH
2022-02-26T10:30:00Z,Biomass,1617.000,Elexon BMRS FUELHH
2022-02-26T10:30:00Z,Coal,956.000,Elexon BMRS FUELHH
2022-02-26T10:30:00Z,Gas,5393.000,Elexon BMRS FUELHH
2022-02-26T10:30:00Z,Hydro,633.000,Elexon BMRS FUELHH
2022-02-26T10:30:00Z,Imports & Exports,2898.000,Elexon BMRS FUELHH
2022-02-26T10:30:00Z,Nuclear,5155.000,Elexon BMRS FUELHH
2022-02-26T10:30:00Z,Other,142.000,Elexon BMRS FUELHH
2022-02-26T10:30:00Z,Pumped Storage,-60.000,Elexon BMRS FUELHH
2022-02-26T10:30:00Z,Wind,10170.000,Elexon BMRS FUELHH
2022-02-26T11:00:00Z,Biomass,1582.000,Elexon BMRS FUELHH
2022-02-26T11:00:00Z,Coal,806.000,Elexon BMRS FUELHH
2022-02-26T11:00:00Z,Gas,4146.000,Elexon BMRS FUELHH
2022-02-26T11:00:00Z,Hydro,636.000,Elexon BMRS FUELHH
2022-02-26T11:00:00Z,Imports & Exports,4060.000,Elexon BMRS FUELHH
2022-02-26T11:00:00Z,Nuclear,5153.000,Elexon BMRS FUELHH
2022-02-26T11:00:00Z,Other,140.000,Elexon BMRS FUELHH
2022-02-26T11:00:00Z,Pumped Storage,-254.000,Elexon BMRS FUELHH
2022-02-26T11:00:00Z,Wind,10327.000,Elexon BMRS FUELHH
2022-02-26T11:30:00Z,Biomass,1568.000,Elexon BMRS FUELHH
2022-02-26T11:30:00Z,Coal,913.000,Elexon BMRS FUELHH
2022-02-26T11:30:00Z,Gas,3279.000,Elexon BMRS FUELHH
2022-02-26T11:30:00Z,Hydro,634.000,Elexon BMRS FUELHH
2022-02-26T11:30:00Z,Imports & Exports,4030.000,Elexon BMRS FUELHH
2022-02-26T11:30:00Z,Nuclear,5155.000,Elexon BMRS FUELHH
2022-02-26T11:30:00Z,Other,138.000,Elexon BMRS FUELHH
2022-02-26T11:30:00Z,Pumped Storage,-254.000,Elexon BMRS FUELHH
2022-02-26T11:30:00Z,Wind,10588.000,Elexon BMRS FUELHH
2022-02-26T12:00:00Z,Biomass,1507.000,Elexon BMRS FUELHH
2022-02-26T12:00:00Z,Coal,792.000,Elexon BMRS FUELHH
2022-02-26T12:00:00Z,Gas,3806.000,Elexon BMRS FUELHH
2022-02-26T12:00:00Z,Hydro,624.000,Elexon BMRS FUELHH
2022-02-26T12:00:00Z,Imports & Exports,3240.000,Elexon BMRS FUELHH
2022-02-26T12:00:00Z,Nuclear,5150.000,Elexon BMRS FUELHH
2022-02-26T12:00:00Z,Other,138.000,Elexon BMRS FUELHH
2022-02-26T12:00:00Z,Pumped Storage,-252.000,Elexon BMRS FUELHH
2022-02-26T12:00:00Z,Wind,10563.000,Elexon BMRS FUELHH
2022-02-26T12:30:00Z,Biomass,1469.000,Elexon BMRS FUELHH
2022-02-26T12:30:00Z,Coal,789.000,Elexon BMRS FUELHH
2022-02-26T12:30:00Z,Gas,3512.000,Elexon BMRS FUELHH
2022-02-26T12:30:00Z,Hydro,629.000,Elexon BMRS FUELHH
2022-02-26T12:30:00Z,Imports & Exports,3148.000,Elexon BMRS FUELHH
2022-02-26T12:30:00Z,Nuclear,5168.000,Elexon BMRS FUELHH
2022-02-26T12:30:00Z,Other,144.000,Elexon BMRS FUELHH
2022-02-26T12:30:00Z,Pumped Storage,-244.000,Elexon BMRS FUELHH
2022-02-26T12:30:00Z,Wind,10448.000,Elexon BMRS FUELHH
2022-02-26T13:00:00Z,Biomass,1270.000,Elexon BMRS FUELHH
2022-02-26T13:00:00Z,Coal,778.000,Elexon BMRS FUELHH
2022-02-26T13:00:00Z,Gas,3273.000,Elexon BMRS FUELHH
2022-02-26T13:00:00Z,Hydro,668.000,Elexon BMRS FUELHH
2022-02-26T13:00:00Z,Imports & Exports,3200.000,Elexon BMRS FUELHH
2022-02-26T13:00:00Z,Nuclear,5176.000,Elexon BMRS FUELHH
2022-02-26T13:00:00Z,Other,141.000,Elexon BMRS FUELHH
2022-02-26T13:00:00Z,Pumped Storage,-254.000,Elexon BMRS FUELHH
2022-02-26T13:00:00Z,Wind,10550.000,Elexon BMRS FUELHH
2022-02-26T13:30:00Z,Biomass,1267.000,Elexon BMRS FUELHH
2022-02-26T13:30:00Z,Coal,702.000,Elexon BMRS FUELHH
2022-02-26T13:30:00Z,Gas,3053.000,Elexon BMRS FUELHH
2022-02-26T13:30:00Z,Hydro,695.000,Elexon BMRS FUELHH
2022-02-26T13:30:00Z,Imports & Exports,3194.000,Elexon BMRS FUELHH
2022-02-26T13:30:00Z,Nuclear,5168.000,Elexon BMRS FUELHH
2022-02-26T13:30:00Z,Other,153.000,Elexon BMRS FUELHH
2022-02-26T13:30:00Z,Pumped Storage,-264.000,Elexon BMRS FUELHH
2022-02-26T13:30:00Z,Wind,10537.000,Elexon BMRS FUELHH
2022-02-26T14:00:00Z,Biomass,1370.000,Elexon BMRS FUELHH
2022-02-26T14:00:00Z,Coal,803.000,Elexon BMRS FUELHH
2022-02-26T14:00:00Z,Gas,3915.000,Elexon BMRS FUELHH
2022-02-26T14:00:00Z,Hydro,695.000,Elexon BMRS FUELHH
2022-02-26T14:00:00Z,Imports & Exports,2290.000,Elexon BMRS FUELHH
2022-02-26T14:00:00Z,Nuclear,5168.000,Elexon BMRS FUELHH
2022-02-26T14:00:00Z,Other,164.000,Elexon BMRS FUELHH
2022-02-26T14:00:00Z,Pumped Storage,-252.000,Elexon BMRS FUELHH
2022-02-26T14:00:00Z,Wind,10292.000,Elexon BMRS FUELHH
2022-02-26T14:30:00Z,Biomass,1571.000,Elexon BMRS FUELHH
2022-02-26T14:30:00Z,Coal,792.000,Elexon BMRS FUELHH
2022-02-26T14:30:00Z,Gas,4241.000,Elexon BMRS FUELHH
2022-02-26T14:30:00Z,Hydro,694.000,Elexon BMRS FUELHH
2022-02-26T14:30:00Z,Imports & Exports,2364.000,Elexon BMRS FUELHH
2022-02-26T14:30:00Z,Nuclear,5170.000,Elexon BMRS FUELHH
2022-02-26T14:30:00Z,Other,142.000,Elexon BMRS FUELHH
2022-02-26T14:30:00Z,Pumped Storage,-220.000,Elexon BMRS FUELHH
2022-02-26T14:30:00Z,Wind,10201.000,Elexon BMRS FUELHH
2022-02-26T15:00:00Z,Biomass,1591.000,Elexon BMRS FUELHH
2022-02-26T15:00:00Z,Coal,964.000,Elexon BMRS FUELHH
2022-02-26T15:00:00Z,Gas,5442.000,Elexon BMRS FUELHH
2022-02-26T15:00:00Z,Hydro,797.000,Elexon BMRS FUELHH
2022-02-26T15:00:00Z,Imports & Exports,1588.000,Elexon BMRS FUELHH
2022-02-26T15:00:00Z,Nuclear,5166.000,Elexon BMRS FUELHH
2022-02-26T15:00:00Z,Other,150.000,Elexon BMRS FUELHH
2022-02-26T15:00:00Z,Pumped Storage,-100.000,Elexon BMRS FUELHH
2022-02-26T15:00:00Z,Wind,10360.000,Elexon BMRS FUELHH
2022-02-26T15:30:00Z,Biomass,1618.000,Elexon BMRS FUELHH
2022-02-26T15:30:00Z,Coal,977.000,Elexon BMRS FUELHH
2022-02-26T15:30:00Z,Gas,6105.000,Elexon BMRS FUELHH
2022-02-26T15:30:00Z,Hydro,794.000,Elexon BMRS FUELHH
2022-02-26T15:30:00Z,Imports & Exports,1538.000,Elexon BMRS FUELHH
2022-02-26T15:30:00Z,Nuclear,5165.000,Elexon BMRS FUELHH
2022-02-26T15:30:00Z,Other,192.000,Elexon BMRS FUELHH
2022-02-26T15:30:00Z,Pumped Storage,36.000,Elexon BMRS FUELHH
2022-02-26T15:30:00Z,Wind,10506.000,Elexon BMRS FUELHH
2022-02-26T16:00:00Z,Biomass,1618.000,Elexon BMRS FUELHH
2022-02-26T16:00:00Z,Coal,950.000,Elexon BMRS FUELHH
2022-02-26T16:00:00Z,Gas,7061.000,Elexon BMRS FUELHH
2022-02-26T16:00:00Z,Hydro,860.000,Elexon BMRS FUELHH
2022-02-26T16:00:00Z,Imports & Exports,1914.000,Elexon BMRS FUELHH
2022-02-26T16:00:00Z,Nuclear,5172.000,Elexon BMRS FUELHH
2022-02-26T16:00:00Z,Other,399.000,Elexon BMRS FUELHH
2022-02-26T16:00:00Z,Pumped Storage,22.000,Elexon BMRS FUELHH
2022-02-26T16:00:00Z,Wind,10771.000,Elexon BMRS FUELHH
2022-02-26T16:30:00Z,Biomass,1615.000,Elexon BMRS FUELHH
2022-02-26T16:30:00Z,Coal,970.000,Elexon BMRS FUELHH
2022-02-26T16:30:00Z,Gas,7768.000,Elexon BMRS FUELHH
2022-02-26T16:30:00Z,Hydro,829.000,Elexon BMRS FUELHH
2022-02-26T16:30:00Z,Imports & Exports,2040.000,Elexon BMRS FUELHH
2022-02-26T16:30:00Z,Nuclear,5189.000,Elexon BMRS FUELHH
2022-02-26T16:30:00Z,Other,480.000,Elexon BMRS FUELHH
2022-02-26T16:30:00Z,Pumped Storage,276.000,Elexon BMRS FUELHH
2022-02-26T16:30:00Z,Wind,11054.000,Elexon BMRS FUELHH
2022-02-26T17:00:00Z,Biomass,1539.000,Elexon BMRS FUELHH
2022-02-26T17:00:00Z,Coal,975.000,Elexon BMRS FUELHH
2022-02-26T17:00:00Z,Gas,7468.000,Elexon BMRS FUELHH
2022-02-26T17:00:00Z,Hydro,814.000,Elexon BMRS FUELHH
2022-02-26T17:00:00Z,Imports & Exports,4084.000,Elexon BMRS FUELHH
2022-02-26T17:00:00Z,Nuclear,5196.000,Elexon BMRS FUELHH
2022-02-26T17:00:00Z,Other,213.000,Elexon BMRS FUELHH
2022-02-26T17:00:00Z,Pumped Storage,1272.000,Elexon BMRS FUELHH
2022-02-26T17:00:00Z,Wind,11148.000,Elexon BMRS FUELHH
2022-02-26T17:30:00Z,Biomass,1600.000,Elexon BMRS FUELHH
2022-02-26T17:30:00Z,Coal,970.000,Elexon BMRS FUELHH
2022-02-26T17:30:00Z,Gas,8197.000,Elexon BMRS FUELHH
2022-02-26T17:30:00Z,Hydro,814.000,Elexon BMRS FUELHH
2022-02-26T17:30:00Z,Imports & Exports,4284.000,Elexon BMRS FUELHH
2022-02-26T17:30:00Z,Nuclear,5201.000,Elexon BMRS FUELHH
2022-02-26T17:30:00Z,Other,232.000,Elexon BMRS FUELHH
2022-02-26T17:30:00Z,Pumped Storage,1692.000,Elexon BMRS FUELHH
2022-02-26T17:30:00Z,Wind,11581.000,Elexon BMRS FUELHH
2022-02-26T18:00:00Z,Biomass,1615.000,Elexon BMRS FUELHH
2022-02-26T18:00:00Z,Coal,974.000,Elexon BMRS FUELHH
2022-02-26T18:00:00Z,Gas,8743.000,Elexon BMRS FUELHH
2022-02-26T18:00:00Z,Hydro,768.000,Elexon BMRS FUELHH
2022-02-26T18:00:00Z,Imports & Exports,4032.000,Elexon BMRS FUELHH
2022-02-26T18:00:00Z,Nuclear,5202.000,Elexon BMRS FUELHH
2022-02-26T18:00:00Z,Other,276.000,Elexon BMRS FUELHH
2022-02-26T18:00:00Z,Pumped Storage,1814.000,Elexon BMRS FUELHH
2022-02-26T18:00:00Z,Wind,11964.000,Elexon BMRS FUELHH
2022-02-26T18:30:00Z,Biomass,1609.000,Elexon BMRS FUELHH
2022-02-26T18:30:00Z,Coal,962.000,Elexon BMRS FUELHH
2022-02-26T18:30:00Z,Gas,8684.000,Elexon BMRS FUELHH
2022-02-26T18:30:00Z,Hydro,697.000,Elexon BMRS FUELHH
2022-02-26T18:30:00Z,Imports & Exports,3950.000,Elexon BMRS FUELHH
2022-02-26T18:30:00Z,Nuclear,5208.000,Elexon BMRS FUELHH
2022-02-26T18:30:00Z,Other,266.000,Elexon BMRS FUELHH
2022-02-26T18:30:00Z,Pumped Storage,1538.000,Elexon BMRS FUELHH
2022-02-26T18:30:00Z,Wind,12182.000,Elexon BMRS FUELHH
2022-02-26T19:00:00Z,Biomass,1614.000,Elexon BMRS FUELHH
2022-02-26T19:00:00Z,Coal,974.000,Elexon BMRS FUELHH
2022-02-26T19:00:00Z,Gas,8487.000,Elexon BMRS FUELHH
2022-02-26T19:00:00Z,Hydro,700.000,Elexon BMRS FUELHH
2022-02-26T19:00:00Z,Imports & Exports,4156.000,Elexon BMRS FUELHH
2022-02-26T19:00:00Z,Nuclear,5205.000,Elexon BMRS FUELHH
2022-02-26T19:00:00Z,Other,273.000,Elexon BMRS FUELHH
2022-02-26T19:00:00Z,Pumped Storage,268.000,Elexon BMRS FUELHH
2022-02-26T19:00:00Z,Wind,12313.000,Elexon BMRS FUELHH
2022-02-26T19:30:00Z,Biomass,1618.000,Elexon BMRS FUELHH
2022-02-26T19:30:00Z,Coal,978.000,Elexon BMRS FUELHH
2022-02-26T19:30:00Z,Gas,7446.000,Elexon BMRS FUELHH
2022-02-26T19:30:00Z,Hydro,701.000,Elexon BMRS FUELHH
2022-02-26T19:30:00Z,Imports & Exports,4150.000,Elexon BMRS FUELHH
2022-02-26T19:30:00Z,Nuclear,5205.000,Elexon BMRS FUELHH
2022-02-26T19:30:00Z,Other,288.000,Elexon BMRS FUELHH
2022-02-26T19:30:00Z,Pumped Storage,42.000,Elexon BMRS FUELHH
2022-02-26T19:30:00Z,Wind,12502.000,Elexon BMRS FUELHH
2022-02-26T20:00:00Z,Biomass,1620.000,Elexon BMRS FUELHH
2022-02-26T20:00:00Z,Coal,982.000,Elexon BMRS FUELHH
2022-02-26T20:00:00Z,Gas,6233.000,Elexon BMRS FUELHH
2022-02-26T20:00:00Z,Hydro,686.000,Elexon BMRS FUELHH
2022-02-26T20:00:00Z,Imports & Exports,4368.000,Elexon BMRS FUELHH
2022-02-26T20:00:00Z,Nuclear,5204.000,Elexon BMRS FUELHH
2022-02-26T20:00:00Z,Other,259.000,Elexon BMRS FUELHH
2022-02-26T20:00:00Z,Pumped Storage,176.000,Elexon BMRS FUELHH
2022-02-26T20:00:00Z,Wind,12473.000,Elexon BMRS FUELHH
2022-02-26T20:30:00Z,Biomass,1567.000,Elexon BMRS FUELHH
2022-02-26T20:30:00Z,Coal,919.000,Elexon BMRS FUELHH
2022-02-26T20:30:00Z,Gas,5334.000,Elexon BMRS FUELHH
2022-02-26T20:30:00Z,Hydro,650.000,Elexon BMRS FUELHH
2022-02-26T20:30:00Z,Imports & Exports,4358.000,Elexon BMRS FUELHH
2022-02-26T20:30:00Z,Nuclear,5203.000,Elexon BMRS FUELHH
2022-02-26T20:30:00Z,Other,213.000,Elexon BMRS FUELHH
2022-02-26T20:30:00Z,Pumped Storage,10.000,Elexon BMRS FUELHH
2022-02-26T20:30:00Z,Wind,12642.000,Elexon BMRS FUELHH
2022-02-26T21:00:00Z,Biomass,1600.000,Elexon BMRS FUELHH
2022-02-26T21:00:00Z,Coal,972.000,Elexon BMRS FUELHH
2022-02-26T21:00:00Z,Gas,4633.000,Elexon BMRS FUELHH
2022-02-26T21:00:00Z,Hydro,650.000,Elexon BMRS FUELHH
2022-02-26T21:00:00Z,Imports & Exports,3690.000,Elexon BMRS FUELHH
2022-02-26T21:00:00Z,Nuclear,5202.000,Elexon BMRS FUELHH
2022-02-26T21:00:00Z,Other,153.000,Elexon BMRS FUELHH
2022-02-26T21:00:00Z,Pumped Storage,28.000,Elexon BMRS FUELHH
2022-02-26T21:00:00Z,Wind,12462.000,Elexon BMRS FUELHH
2022-02-26T21:30:00Z,Biomass,1622.000,Elexon BMRS FUELHH
2022-02-26T21:30:00Z,Coal,918.000,Elexon BMRS FUELHH
2022-02-26T21:30:00Z,Gas,3758.000,Elexon BMRS FUELHH
2022-02-26T21:30:00Z,Hydro,637.000,Elexon BMRS FUELHH
2022-02-26T21:30:00Z,Imports & Exports,3678.000,Elexon BMRS FUELHH
2022-02-26T21:30:00Z,Nuclear,5211.000,Elexon BMRS FUELHH
2022-02-26T21:30:00Z,Other,157.000,Elexon BMRS FUELHH
2022-02-26T21:30:00Z,Pumped Storage,-12.000,Elexon BMRS FUELHH
2022-02-26T21:30:00Z,Wind,12499.000,Elexon BMRS FUELHH
2022-02-26T22:00:00Z,Biomass,1622.000,Elexon BMRS FUELHH
2022-02-26T22:00:00Z,Coal,799.000,Elexon BMRS FUELHH
2022-02-26T22:00:00Z,Gas,2791.000,Elexon BMRS FUELHH
2022-02-26T22:00:00Z,Hydro,623.000,Elexon BMRS FUELHH
2022-02-26T22:00:00Z,Imports & Exports,3306.000,Elexon BMRS FUELHH
2022-02-26T22:00:00Z,Nuclear,5224.000,Elexon BMRS FUELHH
2022-02-26T22:00:00Z,Other,151.000,Elexon BMRS FUELHH
2022-02-26T22:00:00Z,Pumped Storage,-16.000,Elexon BMRS FUELHH
2022-02-26T22:00:00Z,Wind,12521.000,Elexon BMRS FUELHH
2022-02-26T22:30:00Z,Biomass,1474.000,Elexon BMRS FUELHH
2022-02-26T22:30:00Z,Coal,622.000,Elexon BMRS FUELHH
2022-02-26T22:30:00Z,Gas,2455.000,Elexon BMRS FUELHH
2022-02-26T22:30:00Z,Hydro,621.000,Elexon BMRS FUELHH
2022-02-26T22:30:00Z,Imports & Exports,3230.000,Elexon BMRS FUELHH
2022-02-26T22:30:00Z,Nuclear,5248.000,Elexon BMRS FUELHH
2022-02-26T22:30:00Z,Other,139.000,Elexon BMRS FUELHH
2022-02-26T22:30:00Z,Pumped Storage,-208.000,Elexon BMRS FUELHH
2022-02-26T22:30:00Z,Wind,12326.000,Elexon BMRS FUELHH
2022-02-26T23:00:00Z,Biomass,1390.000,Elexon BMRS FUELHH
2022-02-26T23:00:00Z,Coal,641.000,Elexon BMRS FUELHH
2022-02-26T23:00:00Z,Gas,2526.000,Elexon BMRS FUELHH
2022-02-26T23:00:00Z,Hydro,612.000,Elexon BMRS FUELHH
2022-02-26T23:00:00Z,Imports & Exports,2288.000,Elexon BMRS FUELHH
2022-02-26T23:00:00Z,Nuclear,5290.000,Elexon BMRS FUELHH
2022-02-26T23:00:00Z,Other,140.000,Elexon BMRS FUELHH
2022-02-26T23:00:00Z,Pumped Storage,-630.000,Elexon BMRS FUELHH
2022-02-26T23:00:00Z,Wind,12178.000,Elexon BMRS FUELHH
2022-02-26T23:30:00Z,Biomass,1437.000,Elexon BMRS FUELHH
2022-02-26T23:30:00Z,Coal,586.000,Elexon BMRS FUELHH
2022-02-26T23:30:00Z,Gas,2389.000,Elexon BMRS FUELHH
2022-02-26T23:30:00Z,Hydro,609.000,Elexon BMRS FUELHH
2022-02-26T23:30:00Z,Imports & Exports,2118.000,Elexon BMRS FUELHH
2022-02-26T23:30:00Z,Nuclear,5302.000,Elexon BMRS FUELHH
2022-02-26T23:30:00Z,Other,139.000,Elexon BMRS FUELHH
2022-02-26T23:30:00Z,Pumped Storage,-1050.000,Elexon BMRS FUELHH
2022-02-26T23:30:00Z,Wind,12211.000,Elexon BMRS FUELHH
2022-02-27T00:00:00Z,Biomass,1468.000,Elexon BMRS FUELHH
2022-02-27T00:00:00Z,Coal,330.000,Elexon BMRS FUELHH
2022-02-27T00:00:00Z,Gas,2445.000,Elexon BMRS FUELHH
2022-02-27T00:00:00Z,Hydro,605.000,Elexon BMRS FUELHH
2022-02-27T00:00:00Z,Imports & Exports,2382.000,Elexon BMRS FUELHH
2022-02-27T00:00:00Z,Nuclear,5310.000,Elexon BMRS FUELHH
2022-02-27T00:00:00Z,Other,139.000,Elexon BMRS FUELHH
2022-02-27T00:00:00Z,Pumped Storage,-1372.000,Elexon BMRS FUELHH
2022-02-27T00:00:00Z,Wind,12224.000,Elexon BMRS FUELHH
2022-02-27T00:30:00Z,Biomass,1535.000,Elexon BMRS FUELHH
2022-02-27T00:30:00Z,Coal,384.000,Elexon BMRS FUELHH
2022-02-27T00:30:00Z,Gas,2807.000,Elexon BMRS FUELHH
2022-02-27T00:30:00Z,Hydro,604.000,Elexon BMRS FUELHH
2022-02-27T00:30:00Z,Imports & Exports,2332.000,Elexon BMRS FUELHH
2022-02-27T00:30:00Z,Nuclear,5310.000,Elexon BMRS FUELHH
2022-02-27T00:30:00Z,Other,138.000,Elexon BMRS FUELHH
2022-02-27T00:30:00Z,Pumped Storage,-1482.000,Elexon BMRS FUELHH
2022-02-27T00:30:00Z,Wind,12302.000,Elexon BMRS FUELHH
2022-02-27T01:00:00Z,Biomass,1472.000,Elexon BMRS FUELHH
2022-02-27T01:00:00Z,Coal,386.000,Elexon BMRS FUELHH
2022-02-27T01:00:00Z,Gas,2760.000,Elexon BMRS FUELHH
2022-02-27T01:00:00Z,Hydro,604.000,Elexon BMRS FUELHH
2022-02-27T01:00:00Z,Imports & Exports,2366.000,Elexon BMRS FUELHH
2022-02-27T01:00:00Z,Nuclear,5318.000,Elexon BMRS FUELHH
2022-02-27T01:00:00Z,Other,139.000,Elexon BMRS FUELHH
2022-02-27T01:00:00Z,Pumped Storage,-1860.000,Elexon BMRS FUELHH
2022-02-27T01:00:00Z,Wind,12310.000,Elexon BMRS FUELHH
2022-02-27T01:30:00Z,Biomass,1305.000,Elexon BMRS FUELHH
2022-02-27T01:30:00Z,Coal,311.000,Elexon BMRS FUELHH
2022-02-27T01:30:00Z,Gas,2494.000,Elexon BMRS FUELHH
2022-02-27T01:30:00Z,Hydro,603.000,Elexon BMRS FUELHH
2022-02-27T01:30:00Z,Imports & Exports,2108.000,Elexon BMRS FUELHH
2022-02-27T01:30:00Z,Nuclear,5339.000,Elexon BMRS FUELHH
2022-02-27T01:30:00Z,Other,139.000,Elexon BMRS FUELHH
2022-02-27T01:30:00Z,Pumped Storage,-1860.000,Elexon BMRS FUELHH
2022-02-27T01:30:00Z,Wind,12332.000,Elexon BMRS FUELHH
2022-02-27T02:00:00Z,Biomass,1286.000,Elexon BMRS FUELHH
2022-02-27T02:00:00Z,Coal,241.000,Elexon BMRS FUELHH
2022-02-27T02:00:00Z,Gas,2416.000,Elexon BMRS FUELHH
2022-02-27T02:00:00Z,Hydro,617.000,Elexon BMRS FUELHH
2022-02-27T02:00:00Z,Imports & Exports,1752.000,Elexon BMRS FUELHH
2022-02-27T02:00:00Z,Nuclear,5362.000,Elexon BMRS FUELHH
2022-02-27T02:00:00Z,Other,147.000,Elexon BMRS FUELHH
2022-02-27T02:00:00Z,Pumped Storage,-1908.000,Elexon BMRS FUELHH
2022-02-27T02:00:00Z,Wind,12493.000,Elexon BMRS FUELHH
2022-02-27T02:30:00Z,Biomass,1278.000,Elexon BMRS FUELHH
2022-02-27T02:30:00Z,Coal,233.000,Elexon BMRS FUELHH
2022-02-27T02:30:00Z,Gas,2377.000,Elexon BMRS FUELHH
2022-02-27T02:30:00Z,Hydro,624.000,Elexon BMRS FUELHH
2022-02-27T02:30:00Z,Imports & Exports,1524.000,Elexon BMRS FUELHH
2022-02-27T02:30:00Z,Nuclear,5370.000,Elexon BMRS FUELHH
2022-02-27T02:30:00Z,Other,143.000,Elexon BMRS FUELHH
2022-02-27T02:30:00Z,Pumped Storage,-1908.000,Elexon BMRS FUELHH
2022-02-27T02:30:00Z,Wind,12681.000,Elexon BMRS FUELHH
2022-02-27T03:00:00Z,Biomass,1292.000,Elexon BMRS FUELHH
2022-02-27T03:00:00Z,Coal,243.000,Elexon BMRS FUELHH
2022-02-27T03:00:00Z,Gas,2484.000,Elexon BMRS FUELHH
2022-02-27T03:00:00Z,Hydro,598.000,Elexon BMRS FUELHH
2022-02-27T03:00:00Z,Imports & Exports,1688.000,Elexon BMRS FUELHH
2022-02-27T03:00:00Z,Nuclear,5381.000,Elexon BMRS FUELHH
2022-02-27T03:00:00Z,Other,145.000,Elexon BMRS FUELHH
2022-02-27T03:00:00Z,Pumped Storage,-1728.000,Elexon BMRS FUELHH
2022-02-27T03:00:00Z,Wind,11938.000,Elexon BMRS FUELHH
2022-02-27T03:30:00Z,Biomass,1298.000,Elexon BMRS FUELHH
2022-02-27T03:30:00Z,Coal,247.000,Elexon BMRS FUELHH
2022-02-27T03:30:00Z,Gas,2489.000,Elexon BMRS FUELHH
2022-02-27T03:30:00Z,Hydro,580.000,Elexon BMRS FUELHH
2022-02-27T03:30:00Z,Imports & Exports,1472.000,Elexon BMRS FUELHH
2022-02-27T03:30:00Z,Nuclear,5390.000,Elexon BMRS FUELHH
2022-02-27T03:30:00Z,Other,143.000,Elexon BMRS FUELHH
2022-02-27T03:30:00Z,Pumped Storage,-1542.000,Elexon BMRS FUELHH
2022-02-27T03:30:00Z,Wind,11472.000,Elexon BMRS FUELHH
2022-02-27T04:00:00Z,Biomass,1364.000,Elexon BMRS FUELHH
2022-02-27T04:00:00Z,Coal,249.000,Elexon BMRS FUELHH
2022-02-27T04:00:00Z,Gas,2593.000,Elexon BMRS FUELHH
2022-02-27T04:00:00Z,Hydro,581.000,Elexon BMRS FUELHH
2022-02-27T04:00:00Z,Imports & Exports,768.000,Elexon BMRS FUELHH
2022-02-27T04:00:00Z,Nuclear,5426.000,Elexon BMRS FUELHH
2022-02-27T04:00:00Z,Other,144.000,Elexon BMRS FUELHH
2022-02-27T04:00:00Z,Pumped Storage,-1628.000,Elexon BMRS FUELHH
2022-02-27T04:00:00Z,Wind,11522.000,Elexon BMRS FUELHH
2022-02-27T04:30:00Z,Biomass,1294.000,Elexon BMRS FUELHH
2022-02-27T04:30:00Z,Coal,245.000,Elexon BMRS FUELHH
2022-02-27T04:30:00Z,Gas,2431.000,Elexon BMRS FUELHH
2022-02-27T04:30:00Z,Hydro,592.000,Elexon BMRS FUELHH
2022-02-27T04:30:00Z,Imports & Exports,694.000,Elexon BMRS FUELHH
2022-02-27T04:30:00Z,Nuclear,5453.000,Elexon BMRS FUELHH
2022-02-27T04:30:00Z,Other,141.000,Elexon BMRS FUELHH
2022-02-27T04:30:00Z,Pumped Storage,-1566.000,Elexon BMRS FUELHH
2022-02-27T04:30:00Z,Wind,11872.000,Elexon BMRS FUELHH
2022-02-27T05:00:00Z,Biomass,1279.000,Elexon BMRS FUELHH
2022-02-27T05:00:00Z,Coal,231.000,Elexon BMRS FUELHH
2022-02-27T05:00:00Z,Gas,2354.000,Elexon BMRS FUELHH
2022-02-27T05:00:00Z,Hydro,587.000,Elexon BMRS FUELHH
2022-02-27T05:00:00Z,Imports & Exports,992.000,Elexon BMRS FUELHH
2022-02-27T05:00:00Z,Nuclear,5450.000,Elexon BMRS FUELHH
2022-02-27T05:00:00Z,Other,136.000,Elexon BMRS FUELHH
2022-02-27T05:00:00Z,Pumped Storage,-1628.000,Elexon BMRS FUELHH
2022-02-27T05:00:00Z,Wind,12059.000,Elexon BMRS FUELHH
2022-02-27T05:30:00Z,Biomass,1284.000,Elexon BMRS FUELHH
2022-02-27T05:30:00Z,Coal,240.000,Elexon BMRS FUELHH
2022-02-27T05:30:00Z,Gas,2455.000,Elexon BMRS FUELHH
2022-02-27T05:30:00Z,Hydro,587.000,Elexon BMRS FUELHH
2022-02-27T05:30:00Z,Imports & Exports,966.000,Elexon BMRS FUELHH
2022-02-27T05:30:00Z,Nuclear,5441.000,Elexon BMRS FUELHH
2022-02-27T05:30:00Z,Other,143.000,Elexon BMRS FUELHH
2022-02-27T05:30:00Z,Pumped Storage,-1312.000,Elexon BMRS FUELHH
2022-02-27T05:30:00Z,Wind,11901.000,Elexon BMRS FUELHH
2022-02-27T06:00:00Z,Biomass,1295.000,Elexon BMRS FUELHH
2022-02-27T06:00:00Z,Coal,244.000,Elexon BMRS FUELHH
2022-02-27T06:00:00Z,Gas,2320.000,Elexon BMRS FUELHH
2022-02-27T06:00:00Z,Hydro,588.000,Elexon BMRS FUELHH
2022-02-27T06:00:00Z,Imports & Exports,1562.000,Elexon BMRS FUELHH
2022-02-27T06:00:00Z,Nuclear,5441.000,Elexon BMRS FUELHH
2022-02-27T06:00:00Z,Other,144.000,Elexon BMRS FUELHH
2022-02-27T06:00:00Z,Pumped Storage,-958.000,Elexon BMRS FUELHH
2022-02-27T06:00:00Z,Wind,12211.000,Elexon BMRS FUELHH
2022-02-27T06:30:00Z,Biomass,1281.000,Elexon BMRS FUELHH
2022-02-27T06:30:00Z,Coal,317.000,Elexon BMRS FUELHH
2022-02-27T06:30:00Z,Gas,2386.000,Elexon BMRS FUELHH
2022-02-27T06:30:00Z,Hydro,587.000,Elexon BMRS FUELHH
2022-02-27T06:30:00Z,Imports & Exports,1662.000,Elexon BMRS FUELHH
2022-02-27T06:30:00Z,Nuclear,5438.000,Elexon BMRS FUELHH
2022-02-27T06:30:00Z,Other,138.000,Elexon BMRS FUELHH
2022-02-27T06:30:00Z,Pumped Storage,-500.000,Elexon BMRS FUELHH
2022-02-27T06:30:00Z,Wind,12364.000,Elexon BMRS FUELHH
2022-02-27T07:00:00Z,Biomass,1302.000,Elexon BMRS FUELHH
2022-02-27T07:00:00Z,Coal,253.000,Elexon BMRS FUELHH
2022-02-27T07:00:00Z,Gas,2448.000,Elexon BMRS FUELHH
2022-02-27T07:00:00Z,Hydro,618.000,Elexon BMRS FUELHH
2022-02-27T07:00:00Z,Imports & Exports,2372.000,Elexon BMRS FUELHH
2022-02-27T07:00:00Z,Nuclear,5433.000,Elexon BMRS FUELHH
2022-02-27T07:00:00Z,Other,143.000,Elexon BMRS FUELHH
2022-02-27T07:00:00Z,Pumped Storage,-318.000,Elexon BMRS FUELHH
2022-02-27T07:00:00Z,Wind,12256.000,Elexon BMRS FUELHH
2022-02-27T07:30:00Z,Biomass,1330.000,Elexon BMRS FUELHH
2022-02-27T07:30:00Z,Coal,256.000,Elexon BMRS FUELHH
2022-02-27T07:30:00Z,Gas,2702.000,Elexon BMRS FUELHH
2022-02-27T07:30:00Z,Hydro,650.000,Elexon BMRS FUELHH
2022-02-27T07:30:00Z,Imports & Exports,2418.000,Elexon BMRS FUELHH
2022-02-27T07:30:00Z,Nuclear,5449.000,Elexon BMRS FUELHH
2022-02-27T07:30:00Z,Other,145.000,Elexon BMRS FUELHH
2022-02-27T07:30:00Z,Pumped Storage,-246.000,Elexon BMRS FUELHH
2022-02-27T07:30:00Z,Wind,12272.000,Elexon BMRS FUELHH
2022-02-27T08:00:00Z,Biomass,1330.000,Elexon BMRS FUELHH
2022-02-27T08:00:00Z,Coal,255.000,Elexon BMRS FUELHH
2022-02-27T08:00:00Z,Gas,2739.000,Elexon BMRS FUELHH
2022-02-27T08:00:00Z,Hydro,672.000,Elexon BMRS FUELHH
2022-02-27T08:00:00Z,Imports & Exports,3498.000,Elexon BMRS FUELHH
2022-02-27T08:00:00Z,Nuclear,5444.000,Elexon BMRS FUELHH
2022-02-27T08:00:00Z,Other,147.000,Elexon BMRS FUELHH
2022-02-27T08:00:00Z,Pumped Storage,-470.000,Elexon BMRS FUELHH
2022-02-27T08:00:00Z,Wind,12151.000,Elexon BMRS FUELHH
2022-02-27T08:30:00Z,Biomass,1276.000,Elexon BMRS FUELHH
2022-02-27T08:30:00Z,Coal,236.000,Elexon BMRS FUELHH
2022-02-27T08:30:00Z,Gas,2798.000,Elexon BMRS FUELHH
2022-02-27T08:30:00Z,Hydro,705.000,Elexon BMRS FUELHH
2022-02-27T08:30:00Z,Imports & Exports,3536.000,Elexon BMRS FUELHH
2022-02-27T08:30:00Z,Nuclear,5450.000,Elexon BMRS FUELHH
2022-02-27T08:30:00Z,Other,139.000,Elexon BMRS FUELHH
2022-02-27T08:30:00Z,Pumped Storage,-516.000,Elexon BMRS FUELHH
2022-02-27T08:30:00Z,Wind,12480.000,Elexon BMRS FUELHH
2022-02-27T09:00:00Z,Biomass,1330.000,Elexon BMRS FUELHH
2022-02-27T09:00:00Z,Coal,242.000,Elexon BMRS FUELHH
2022-02-27T09:00:00Z,Gas,2901.000,Elexon BMRS FUELHH
2022-02-27T09:00:00Z,Hydro,634.000,Elexon BMRS FUELHH
2022-02-27T09:00:00Z,Imports & Exports,3610.000,Elexon BMRS FUELHH
2022-02-27T09:00:00Z,Nuclear,5446.000,Elexon BMRS FUELHH
2022-02-27T09:00:00Z,Other,141.000,Elexon BMRS FUELHH
2022-02-27T09:00:00Z,Pumped Storage,-556.000,Elexon BMRS FUELHH
2022-02-27T09:00:00Z,Wind,12520.000,Elexon BMRS FUELHH
2022-02-27T09:30:00Z,Biomass,1318.000,Elexon BMRS FUELHH
2022-02-27T09:30:00Z,Coal,241.000,Elexon BMRS FUELHH
2022-02-27T09:30:00Z,Gas,2949.000,Elexon BMRS FUELHH
2022-02-27T09:30:00Z,Hydro,583.000,Elexon BMRS FUELHH
2022-02-27T09:30:00Z,Imports & Exports,3604.000,Elexon BMRS FUELHH
2022-02-27T09:30:00Z,Nuclear,5463.000,Elexon BMRS FUELHH
2022-02-27T09:30:00Z,Other,139.000,Elexon BMRS FUELHH
2022-02-27T09:30:00Z,Pumped Storage,-580.000,Elexon BMRS FUELHH
2022-02-27T09:30:00Z,Wind,12417.000,Elexon BMRS FUELHH
2022-02-27T10:00:00Z,Biomass,1292.000,Elexon BMRS FUELHH
2022-02-27T10:00:00Z,Coal,248.000,Elexon BMRS FUELHH
2022-02-27T10:00:00Z,Gas,2869.000,Elexon BMRS FUELHH
2022-02-27T10:00:00Z,Hydro,588.000,Elexon BMRS FUELHH
2022-02-27T10:00:00Z,Imports & Exports,3180.000,Elexon BMRS FUELHH
2022-02-27T10:00:00Z,Nuclear,5502.000,Elexon BMRS FUELHH
2022-02-27T10:00:00Z,Other,139.000,Elexon BMRS FUELHH
2022-02-27T10:00:00Z,Pumped Storage,-268.000,Elexon BMRS FUELHH
2022-02-27T10:00:00Z,Wind,12328.000,Elexon BMRS FUELHH
2022-02-27T10:30:00Z,Biomass,1295.000,Elexon BMRS FUELHH
2022-02-27T10:30:00Z,Coal,303.000,Elexon BMRS FUELHH
2022-02-27T10:30:00Z,Gas,2246.000,Elexon BMRS FUELHH
2022-02-27T10:30:00Z,Hydro,617.000,Elexon BMRS FUELHH
2022-02-27T10:30:00Z,Imports & Exports,3170.000,Elexon BMRS FUELHH
2022-02-27T10:30:00Z,Nuclear,5518.000,Elexon BMRS FUELHH
2022-02-27T10:30:00Z,Other,138.000,Elexon BMRS FUELHH
2022-02-27T10:30:00Z,Pumped Storage,-246.000,Elexon BMRS FUELHH
2022-02-27T10:30:00Z,Wind,12387.000,Elexon BMRS FUELHH
2022-02-27T11:00:00Z,Biomass,1283.000,Elexon BMRS FUELHH
2022-02-27T11:00:00Z,Coal,234.000,Elexon BMRS FUELHH
2022-02-27T11:00:00Z,Gas,1763.000,Elexon BMRS FUELHH
2022-02-27T11:00:00Z,Hydro,629.000,Elexon BMRS FUELHH
2022-02-27T11:00:00Z,Imports & Exports,3460.000,Elexon BMRS FUELHH
2022-02-27T11:00:00Z,Nuclear,5523.000,Elexon BMRS FUELHH
2022-02-27T11:00:00Z,Other,136.000,Elexon BMRS FUELHH
2022-02-27T11:00:00Z,Pumped Storage,-248.000,Elexon BMRS FUELHH
2022-02-27T11:00:00Z,Wind,12247.000,Elexon BMRS FUELHH
2022-02-27T11:30:00Z,Biomass,1276.000,Elexon BMRS FUELHH
2022-02-27T11:30:00Z,Coal,230.000,Elexon BMRS FUELHH
2022-02-27T11:30:00Z,Gas,1761.000,Elexon BMRS FUELHH
2022-02-27T11:30:00Z,Hydro,669.000,Elexon BMRS FUELHH
2022-02-27T11:30:00Z,Imports & Exports,3766.000,Elexon BMRS FUELHH
2022-02-27T11:30:00Z,Nuclear,5535.000,Elexon BMRS FUELHH
2022-02-27T11:30:00Z,Other,136.000,Elexon BMRS FUELHH
2022-02-27T11:30:00Z,Pumped Storage,-246.000,Elexon BMRS FUELHH
2022-02-27T11:30:00Z,Wind,11568.000,Elexon BMRS FUELHH
2022-02-27T12:00:00Z,Biomass,1278.000,Elexon BMRS FUELHH
2022-02-27T12:00:00Z,Coal,231.000,Elexon BMRS FUELHH
2022-02-27T12:00:00Z,Gas,1689.000,Elexon BMRS FUELHH
2022-02-27T12:00:00Z,Hydro,625.000,Elexon BMRS FUELHH
2022-02-27T12:00:00Z,Imports & Exports,4234.000,Elexon BMRS FUELHH
2022-02-27T12:00:00Z,Nuclear,5530.000,Elexon BMRS FUELHH
2022-02-27T12:00:00Z,Other,136.000,Elexon BMRS FUELHH
2022-02-27T12:00:00Z,Pumped Storage,-246.000,Elexon BMRS FUELHH
2022-02-27T12:00:00Z,Wind,11098.000,Elexon BMRS FUELHH
2022-02-27T12:30:00Z,Biomass,1275.000,Elexon BMRS FUELHH
2022-02-27T12:30:00Z,Coal,229.000,Elexon BMRS FUELHH
2022-02-27T12:30:00Z,Gas,1737.000,Elexon BMRS FUELHH
2022-02-27T12:30:00Z,Hydro,598.000,Elexon BMRS FUELHH
2022-02-27T12:30:00Z,Imports & Exports,4408.000,Elexon BMRS FUELHH
2022-02-27T12:30:00Z,Nuclear,5536.000,Elexon BMRS FUELHH
2022-02-27T12:30:00Z,Other,136.000,Elexon BMRS FUELHH
2022-02-27T12:30:00Z,Pumped Storage,-248.000,Elexon BMRS FUELHH
2022-02-27T12:30:00Z,Wind,10733.000,Elexon BMRS FUELHH
2022-02-27T13:00:00Z,Biomass,1280.000,Elexon BMRS FUELHH
2022-02-27T13:00:00Z,Coal,235.000,Elexon BMRS FUELHH
2022-02-27T13:00:00Z,Gas,1843.000,Elexon BMRS FUELHH
2022-02-27T13:00:00Z,Hydro,555.000,Elexon BMRS FUELHH
2022-02-27T13:00:00Z,Imports & Exports,3112.000,Elexon BMRS FUELHH
2022-02-27T13:00:00Z,Nuclear,5534.000,Elexon BMRS FUELHH
2022-02-27T13:00:00Z,Other,147.000,Elexon BMRS FUELHH
2022-02-27T13:00:00Z,Pumped Storage,-20.000,Elexon BMRS FUELHH
2022-02-27T13:00:00Z,Wind,11540.000,Elexon BMRS FUELHH
2022-02-27T13:30:00Z,Biomass,1271.000,Elexon BMRS FUELHH
2022-02-27T13:30:00Z,Coal,229.000,Elexon BMRS FUELHH
2022-02-27T13:30:00Z,Gas,1788.000,Elexon BMRS FUELHH
2022-02-27T13:30:00Z,Hydro,559.000,Elexon BMRS FUELHH
2022-02-27T13:30:00Z,Imports & Exports,3028.000,Elexon BMRS FUELHH
2022-02-27T13:30:00Z,Nuclear,5533.000,Elexon BMRS FUELHH
2022-02-27T13:30:00Z,Other,135.000,Elexon BMRS FUELHH
2022-02-27T13:30:00Z,Pumped Storage,-68.000,Elexon BMRS FUELHH
2022-02-27T13:30:00Z,Wind,11876.000,Elexon BMRS FUELHH
2022-02-27T14:00:00Z,Biomass,1307.000,Elexon BMRS FUELHH
2022-02-27T14:00:00Z,Coal,261.000,Elexon BMRS FUELHH
2022-02-27T14:00:00Z,Gas,2056.000,Elexon BMRS FUELHH
2022-02-27T14:00:00Z,Hydro,563.000,Elexon BMRS FUELHH
2022-02-27T14:00:00Z,Imports & Exports,2336.000,Elexon BMRS FUELHH
2022-02-27T14:00:00Z,Nuclear,5528.000,Elexon BMRS FUELHH
2022-02-27T14:00:00Z,Other,163.000,Elexon BMRS FUELHH
2022-02-27T14:00:00Z,Pumped Storage,240.000,Elexon BMRS FUELHH
2022-02-27T14:00:00Z,Wind,11928.000,Elexon BMRS FUELHH
2022-02-27T14:30:00Z,Biomass,1380.000,Elexon BMRS FUELHH
2022-02-27T14:30:00Z,Coal,446.000,Elexon BMRS FUELHH
2022-02-27T14:30:00Z,Gas,2434.000,Elexon BMRS FUELHH
2022-02-27T14:30:00Z,Hydro,575.000,Elexon BMRS FUELHH
2022-02-27T14:30:00Z,Imports & Exports,2432.000,Elexon BMRS FUELHH
2022-02-27T14:30:00Z,Nuclear,5546.000,Elexon BMRS FUELHH
2022-02-27T14:30:00Z,Other,141.000,Elexon BMRS FUELHH
2022-02-27T14:30:00Z,Pumped Storage,2.000,Elexon BMRS FUELHH
2022-02-27T14:30:00Z,Wind,11876.000,Elexon BMRS FUELHH
2022-02-27T15:00:00Z,Biomass,1505.000,Elexon BMRS FUELHH
2022-02-27T15:00:00Z,Coal,356.000,Elexon BMRS FUELHH
2022-02-27T15:00:00Z,Gas,3216.000,Elexon BMRS FUELHH
2022-02-27T15:00:00Z,Hydro,595.000,Elexon BMRS FUELHH
2022-02-27T15:00:00Z,Imports & Exports,3052.000,Elexon BMRS FUELHH
2022-02-27T15:00:00Z,Nuclear,5554.000,Elexon BMRS FUELHH
2022-02-27T15:00:00Z,Other,154.000,Elexon BMRS FUELHH
2022-02-27T15:00:00Z,Pumped Storage,-12.000,Elexon BMRS FUELHH
2022-02-27T15:00:00Z,Wind,11795.000,Elexon BMRS FUELHH
2022-02-27T15:30:00Z,Biomass,1504.000,Elexon BMRS FUELHH
2022-02-27T15:30:00Z,Coal,394.000,Elexon BMRS FUELHH
2022-02-27T15:30:00Z,Gas,4508.000,Elexon BMRS FUELHH
2022-02-27T15:30:00Z,Hydro,609.000,Elexon BMRS FUELHH
2022-02-27T15:30:00Z,Imports & Exports,3006.000,Elexon BMRS FUELHH
2022-02-27T15:30:00Z,Nuclear,5556.000,Elexon BMRS FUELHH
2022-02-27T15:30:00Z,Other,154.000,Elexon BMRS FUELHH
2022-02-27T15:30:00Z,Pumped Storage,90.000,Elexon BMRS FUELHH
2022-02-27T15:30:00Z,Wind,12052.000,Elexon BMRS FUELHH
2022-02-27T16:00:00Z,Biomass,1360.000,Elexon BMRS FUELHH
2022-02-27T16:00:00Z,Coal,544.000,Elexon BMRS FUELHH
2022-02-27T16:00:00Z,Gas,5590.000,Elexon BMRS FUELHH
2022-02-27T16:00:00Z,Hydro,663.000,Elexon BMRS FUELHH
2022-02-27T16:00:00Z,Imports & Exports,3664.000,Elexon BMRS FUELHH
2022-02-27T16:00:00Z,Nuclear,5558.000,Elexon BMRS FUELHH
2022-02-27T16:00:00Z,Other,162.000,Elexon BMRS FUELHH
2022-02-27T16:00:00Z,Pumped Storage,140.000,Elexon BMRS FUELHH
2022-02-27T16:00:00Z,Wind,12310.000,Elexon BMRS FUELHH
2022-02-27T16:30:00Z,Biomass,1455.000,Elexon BMRS FUELHH
2022-02-27T16:30:00Z,Coal,774.000,Elexon BMRS FUELHH
2022-02-27T16:30:00Z,Gas,6777.000,Elexon BMRS FUELHH
2022-02-27T16:30:00Z,Hydro,668.000,Elexon BMRS FUELHH
2022-02-27T16:30:00Z,Imports & Exports,3922.000,Elexon BMRS FUELHH
2022-02-27T16:30:00Z,Nuclear,5552.000,Elexon BMRS FUELHH
2022-02-27T16:30:00Z,Other,190.000,Elexon BMRS FUELHH
2022-02-27T16:30:00Z,Pumped Storage,474.000,Elexon BMRS FUELHH
2022-02-27T16:30:00Z,Wind,12324.000,Elexon BMRS FUELHH
2022-02-27T17:00:00Z,Biomass,1618.000,Elexon BMRS FUELHH
2022-02-27T17:00:00Z,Coal,962.000,Elexon BMRS FUELHH
2022-02-27T17:00:00Z,Gas,7490.000,Elexon BMRS FUELHH
2022-02-27T17:00:00Z,Hydro,685.000,Elexon BMRS FUELHH
2022-02-27T17:00:00Z,Imports & Exports,4218.000,Elexon BMRS FUELHH
2022-02-27T17:00:00Z,Nuclear,5555.000,Elexon BMRS FUELHH
2022-02-27T17:00:00Z,Other,199.000,Elexon BMRS FUELHH
2022-02-27T17:00:00Z,Pumped Storage,1424.000,Elexon BMRS FUELHH
2022-02-27T17:00:00Z,Wind,12360.000,Elexon BMRS FUELHH
2022-02-27T17:30:00Z,Biomass,1622.000,Elexon BMRS FUELHH
2022-02-27T17:30:00Z,Coal,974.000,Elexon BMRS FUELHH
2022-02-27T17:30:00Z,Gas,7994.000,Elexon BMRS FUELHH
2022-02-27T17:30:00Z,Hydro,680.000,Elexon BMRS FUELHH
2022-02-27T17:30:00Z,Imports & Exports,4294.000,Elexon BMRS FUELHH
2022-02-27T17:30:00Z,Nuclear,5561.000,Elexon BMRS FUELHH
2022-02-27T17:30:00Z,Other,504.000,Elexon BMRS FUELHH
2022-02-27T17:30:00Z,Pumped Storage,1770.000,Elexon BMRS FUELHH
2022-02-27T17:30:00Z,Wind,12708.000,Elexon BMRS FUELHH
2022-02-27T18:00:00Z,Biomass,1622.000,Elexon BMRS FUELHH
2022-02-27T18:00:00Z,Coal,972.000,Elexon BMRS FUELHH
2022-02-27T18:00:00Z,Gas,8283.000,Elexon BMRS FUELHH
2022-02-27T18:00:00Z,Hydro,679.000,Elexon BMRS FUELHH
2022-02-27T18:00:00Z,Imports & Exports,4152.000,Elexon BMRS FUELHH
2022-02-27T18:00:00Z,Nuclear,5594.000,Elexon BMRS FUELHH
2022-02-27T18:00:00Z,Other,629.000,Elexon BMRS FUELHH
2022-02-27T18:00:00Z,Pumped Storage,1816.000,Elexon BMRS FUELHH
2022-02-27T18:00:00Z,Wind,12836.000,Elexon BMRS FUELHH
2022-02-27T18:30:00Z,Biomass,1618.000,Elexon BMRS FUELHH
2022-02-27T18:30:00Z,Coal,974.000,Elexon BMRS FUELHH
2022-02-27T18:30:00Z,Gas,8296.000,Elexon BMRS FUELHH
2022-02-27T18:30:00Z,Hydro,679.000,Elexon BMRS FUELHH
2022-02-27T18:30:00Z,Imports & Exports,4046.000,Elexon BMRS FUELHH
2022-02-27T18:30:00Z,Nuclear,5614.000,Elexon BMRS FUELHH
2022-02-27T18:30:00Z,Other,628.000,Elexon BMRS FUELHH
2022-02-27T18:30:00Z,Pumped Storage,1792.000,Elexon BMRS FUELHH
2022-02-27T18:30:00Z,Wind,12939.000,Elexon BMRS FUELHH
2022-02-27T19:00:00Z,Biomass,1617.000,Elexon BMRS FUELHH
2022-02-27T19:00:00Z,Coal,979.000,Elexon BMRS FUELHH
2022-02-27T19:00:00Z,Gas,7822.000,Elexon BMRS FUELHH
2022-02-27T19:00:00Z,Hydro,679.000,Elexon BMRS FUELHH
2022-02-27T19:00:00Z,Imports & Exports,4542.000,Elexon BMRS FUELHH
2022-02-27T19:00:00Z,Nuclear,5619.000,Elexon BMRS FUELHH
2022-02-27T19:00:00Z,Other,315.000,Elexon BMRS FUELHH
2022-02-27T19:00:00Z,Pumped Storage,1026.000,Elexon BMRS FUELHH
2022-02-27T19:00:00Z,Wind,13150.000,Elexon BMRS FUELHH
2022-02-27T19:30:00Z,Biomass,1621.000,Elexon BMRS FUELHH
2022-02-27T19:30:00Z,Coal,977.000,Elexon BMRS FUELHH
2022-02-27T19:30:00Z,Gas,7466.000,Elexon BMRS FUELHH
2022-02-27T19:30:00Z,Hydro,664.000,Elexon BMRS FUELHH
2022-02-27T19:30:00Z,Imports & Exports,4510.000,Elexon BMRS FUELHH
2022-02-27T19:30:00Z,Nuclear,5619.000,Elexon BMRS FUELHH
2022-02-27T19:30:00Z,Other,216.000,Elexon BMRS FUELHH
2022-02-27T19:30:00Z,Pumped Storage,550.000,Elexon BMRS FUELHH
2022-02-27T19:30:00Z,Wind,13104.000,Elexon BMRS FUELHH
2022-02-27T20:00:00Z,Biomass,1622.000,Elexon BMRS FUELHH
2022-02-27T20:00:00Z,Coal,977.000,Elexon BMRS FUELHH
2022-02-27T20:00:00Z,Gas,7618.000,Elexon BMRS FUELHH
2022-02-27T20:00:00Z,Hydro,606.000,Elexon BMRS FUELHH
2022-02-27T20:00:00Z,Imports & Exports,3250.000,Elexon BMRS FUELHH
2022-02-27T20:00:00Z,Nuclear,5621.000,Elexon BMRS FUELHH
2022-02-27T20:00:00Z,Other,178.000,Elexon BMRS FUELHH
2022-02-27T20:00:00Z,Pumped Storage,602.000,Elexon BMRS FUELHH
2022-02-27T20:00:00Z,Wind,13033.000,Elexon BMRS FUELHH
2022-02-27T20:30:00Z,Biomass,1621.000,Elexon BMRS FUELHH
2022-02-27T20:30:00Z,Coal,951.000,Elexon BMRS FUELHH
2022-02-27T20:30:00Z,Gas,6942.000,Elexon BMRS FUELHH
2022-02-27T20:30:00Z,Hydro,578.000,Elexon BMRS FUELHH
2022-02-27T20:30:00Z,Imports & Exports,3208.000,Elexon BMRS FUELHH
2022-02-27T20:30:00Z,Nuclear,5616.000,Elexon BMRS FUELHH
2022-02-27T20:30:00Z,Other,162.000,Elexon BMRS FUELHH
2022-02-27T20:30:00Z,Pumped Storage,334.000,Elexon BMRS FUELHH
2022-02-27T20:30:00Z,Wind,12770.000,Elexon BMRS FUELHH
2022-02-27T21:00:00Z,Biomass,1611.000,Elexon BMRS FUELHH
2022-02-27T21:00:00Z,Coal,937.000,Elexon BMRS FUELHH
2022-02-27T21:00:00Z,Gas,5475.000,Elexon BMRS FUELHH
2022-02-27T21:00:00Z,Hydro,568.000,Elexon BMRS FUELHH
2022-02-27T21:00:00Z,Imports & Exports,3534.000,Elexon BMRS FUELHH
2022-02-27T21:00:00Z,Nuclear,5624.000,Elexon BMRS FUELHH
2022-02-27T21:00:00Z,Other,144.000,Elexon BMRS FUELHH
2022-02-27T21:00:00Z,Pumped Storage,28.000,Elexon BMRS FUELHH
2022-02-27T21:00:00Z,Wind,12552.000,Elexon BMRS FUELHH
2022-02-27T21:30:00Z,Biomass,1536.000,Elexon BMRS FUELHH
2022-02-27T21:30:00Z,Coal,797.000,Elexon BMRS FUELHH
2022-02-27T21:30:00Z,Gas,4080.000,Elexon BMRS FUELHH
2022-02-27T21:30:00Z,Hydro,567.000,Elexon BMRS FUELHH
2022-02-27T21:30:00Z,Imports & Exports,3508.000,Elexon BMRS FUELHH
2022-02-27T21:30:00Z,Nuclear,5622.000,Elexon BMRS FUELHH
2022-02-27T21:30:00Z,Other,147.000,Elexon BMRS FUELHH
2022-02-27T21:30:00Z,Pumped Storage,10.000,Elexon BMRS FUELHH
2022-02-27T21:30:00Z,Wind,12411.000,Elexon BMRS FUELHH
2022-02-27T22:00:00Z,Biomass,1611.000,Elexon BMRS FUELHH
2022-02-27T22:00:00Z,Coal,705.000,Elexon BMRS FUELHH
2022-02-27T22:00:00Z,Gas,3891.000,Elexon BMRS FUELHH
2022-02-27T22:00:00Z,Hydro,552.000,Elexon BMRS FUELHH
2022-02-27T22:00:00Z,Imports & Exports,2160.000,Elexon BMRS FUELHH
2022-02-27T22:00:00Z,Nuclear,5615.000,Elexon BMRS FUELHH
2022-02-27T22:00:00Z,Other,137.000,Elexon BMRS FUELHH
2022-02-27T22:00:00Z,Pumped Storage,140.000,Elexon BMRS FUELHH
2022-02-27T22:00:00Z,Wind,12294.000,Elexon BMRS FUELHH
2022-02-27T22:30:00Z,Biomass,1602.000,Elexon BMRS FUELHH
2022-02-27T22:30:00Z,Coal,841.000,Elexon BMRS FUELHH
2022-02-27T22:30:00Z,Gas,3024.000,Elexon BMRS FUELHH
2022-02-27T22:30:00Z,Hydro,551.000,Elexon BMRS FUELHH
2022-02-27T22:30:00Z,Imports & Exports,2068.000,Elexon BMRS FUELHH
2022-02-27T22:30:00Z,Nuclear,5619.000,Elexon BMRS FUELHH
2022-02-27T22:30:00Z,Other,134.000,Elexon BMRS FUELHH
2022-02-27T22:30:00Z,Pumped Storage,-472.000,Elexon BMRS FUELHH
2022-02-27T22:30:00Z,Wind,12391.000,Elexon BMRS FUELHH
2022-02-27T23:00:00Z,Biomass,1534.000,Elexon BMRS FUELHH
2022-02-27T23:00:00Z,Coal,862.000,Elexon BMRS FUELHH
2022-02-27T23:00:00Z,Gas,2527.000,Elexon BMRS FUELHH
2022-02-27T23:00:00Z,Hydro,552.000,Elexon BMRS FUELHH
2022-02-27T23:00:00Z,Imports & Exports,1264.000,Elexon BMRS FUELHH
2022-02-27T23:00:00Z,Nuclear,5615.000,Elexon BMRS FUELHH
2022-02-27T23:00:00Z,Other,137.000,Elexon BMRS FUELHH
2022-02-27T23:00:00Z,Pumped Storage,-790.000,Elexon BMRS FUELHH
2022-02-27T23:00:00Z,Wind,12294.000,Elexon BMRS FUELHH
2022-02-27T23:30:00Z,Biomass,1579.000,Elexon BMRS FUELHH
2022-02-27T23:30:00Z,Coal,763.000,Elexon BMRS FUELHH
2022-02-27T23:30:00Z,Gas,2584.000,Elexon BMRS FUELHH
2022-02-27T23:30:00Z,Hydro,549.000,Elexon BMRS FUELHH
2022-02-27T23:30:00Z,Imports & Exports,990.000,Elexon BMRS FUELHH
2022-02-27T23:30:00Z,Nuclear,5614.000,Elexon BMRS FUELHH
2022-02-27T23:30:00Z,Other,134.000,Elexon BMRS FUELHH
2022-02-27T23:30:00Z,Pumped Storage,-1072.000,Elexon BMRS FUELHH
2022-02-27T23:30:00Z,Wind,12115.000,Elexon BMRS FUELHH
2022-02-28T00:00:00Z,Biomass,1569.000,Elexon BMRS FUELHH
2022-02-28T00:00:00Z,Coal,768.000,Elexon BMRS FUELHH
2022-02-28T00:00:00Z,Gas,2234.000,Elexon BMRS FUELHH
2022-02-28T00:00:00Z,Hydro,535.000,Elexon BMRS FUELHH
2022-02-28T00:00:00Z,Imports & Exports,1170.000,Elexon BMRS FUELHH
2022-02-28T00:00:00Z,Nuclear,5617.000,Elexon BMRS FUELHH
2022-02-28T00:00:00Z,Other,133.000,Elexon BMRS FUELHH
2022-02-28T00:00:00Z,Pumped Storage,-1214.000,Elexon BMRS FUELHH
2022-02-28T00:00:00Z,Wind,12028.000,Elexon BMRS FUELHH
2022-02-28T00:30:00Z,Biomass,1619.000,Elexon BMRS FUELHH
2022-02-28T00:30:00Z,Coal,883.000,Elexon BMRS FUELHH
2022-02-28T00:30:00Z,Gas,2680.000,Elexon BMRS FUELHH
2022-02-28T00:30:00Z,Hydro,537.000,Elexon BMRS FUELHH
2022-02-28T00:30:00Z,Imports & Exports,1202.000,Elexon BMRS FUELHH
2022-02-28T00:30:00Z,Nuclear,5611.000,Elexon BMRS FUELHH
2022-02-28T00:30:00Z,Other,136.000,Elexon BMRS FUELHH
2022-02-28T00:30:00Z,Pumped Storage,-1068.000,Elexon BMRS FUELHH
2022-02-28T00:30:00Z,Wind,11845.000,Elexon BMRS FUELHH
2022-02-28T01:00:00Z,Biomass,1624.000,Elexon BMRS FUELHH
2022-02-28T01:00:00Z,Coal,978.000,Elexon BMRS FUELHH
2022-02-28T01:00:00Z,Gas,2786.000,Elexon BMRS FUELHH
2022-02-28T01:00:00Z,Hydro,539.000,Elexon BMRS FUELHH
2022-02-28T01:00:00Z,Imports & Exports,1254.000,Elexon BMRS FUELHH
2022-02-28T01:00:00Z,Nuclear,5640.000,Elexon BMRS FUELHH
2022-02-28T01:00:00Z,Other,134.000,Elexon BMRS FUELHH
2022-02-28T01:00:00Z,Pumped Storage,-1326.000,Elexon BMRS FUELHH
2022-02-28T01:00:00Z,Wind,11747.000,Elexon BMRS FUELHH
2022-02-28T01:30:00Z,Biomass,1582.000,Elexon BMRS FUELHH
2022-02-28T01:30:00Z,Coal,978.000,Elexon BMRS FUELHH
2022-02-28T01:30:00Z,Gas,2513.000,Elexon BMRS FUELHH
2022-02-28T01:30:00Z,Hydro,540.000,Elexon BMRS FUELHH
2022-02-28T01:30:00Z,Imports & Exports,978.000,Elexon BMRS FUELHH
2022-02-28T01:30:00Z,Nuclear,5686.000,Elexon BMRS FUELHH
2022-02-28T01:30:00Z,Other,133.000,Elexon BMRS FUELHH
2022-02-28T01:30:00Z,Pumped Storage,-1318.000,Elexon BMRS FUELHH
2022-02-28T01:30:00Z,Wind,11736.000,Elexon BMRS FUELHH
2022-02-28T02:00:00Z,Biomass,1616.000,Elexon BMRS FUELHH
2022-02-28T02:00:00Z,Coal,976.000,Elexon BMRS FUELHH
2022-02-28T02:00:00Z,Gas,2628.000,Elexon BMRS FUELHH
2022-02-28T02:00:00Z,Hydro,532.000,Elexon BMRS FUELHH
2022-02-28T02:00:00Z,Imports & Exports,312.000,Elexon BMRS FUELHH
2022-02-28T02:00:00Z,Nuclear,5729.000,Elexon BMRS FUELHH
2022-02-28T02:00:00Z,Other,134.000,Elexon BMRS FUELHH
2022-02-28T02:00:00Z,Pumped Storage,-1316.000,Elexon BMRS FUELHH
2022-02-28T02:00:00Z,Wind,11693.000,Elexon BMRS FUELHH
2022-02-28T02:30:00Z,Biomass,1579.000,Elexon BMRS FUELHH
2022-02-28T02:30:00Z,Coal,974.000,Elexon BMRS FUELHH
2022-02-28T02:30:00Z,Gas,2651.000,Elexon BMRS FUELHH
2022-02-28T02:30:00Z,Hydro,524.000,Elexon BMRS FUELHH
2022-02-28T02:30:00Z,Imports & Exports,106.000,Elexon BMRS FUELHH
2022-02-28T02:30:00Z,Nuclear,5757.000,Elexon BMRS FUELHH
2022-02-28T02:30:00Z,Other,133.000,Elexon BMRS FUELHH
2022-02-28T02:30:00Z,Pumped Storage,-1308.000,Elexon BMRS FUELHH
2022-02-28T02:30:00Z,Wind,11521.000,Elexon BMRS FUELHH
2022-02-28T03:00:00Z,Biomass,1531.000,Elexon BMRS FUELHH
2022-02-28T03:00:00Z,Coal,941.000,Elexon BMRS FUELHH
2022-02-28T03:00:00Z,Gas,2593.000,Elexon BMRS FUELHH
2022-02-28T03:00:00Z,Hydro,524.000,Elexon BMRS FUELHH
2022-02-28T03:00:00Z,Imports & Exports,-482.000,Elexon BMRS FUELHH
2022-02-28T03:00:00Z,Nuclear,5760.000,Elexon BMRS FUELHH
2022-02-28T03:00:00Z,Other,133.000,Elexon BMRS FUELHH
2022-02-28T03:00:00Z,Pumped Storage,-1044.000,Elexon BMRS FUELHH
2022-02-28T03:00:00Z,Wind,11690.000,Elexon BMRS FUELHH
2022-02-28T03:30:00Z,Biomass,1390.000,Elexon BMRS FUELHH
2022-02-28T03:30:00Z,Coal,767.000,Elexon BMRS FUELHH
2022-02-28T03:30:00Z,Gas,2371.000,Elexon BMRS FUELHH
2022-02-28T03:30:00Z,Hydro,523.000,Elexon BMRS FUELHH
2022-02-28T03:30:00Z,Imports & Exports,-594.000,Elexon BMRS FUELHH
2022-02-28T03:30:00Z,Nuclear,5758.000,Elexon BMRS FUELHH
2022-02-28T03:30:00Z,Other,134.000,Elexon BMRS FUELHH
2022-02-28T03:30:00Z,Pumped Storage,-1040.000,Elexon BMRS FUELHH
2022-02-28T03:30:00Z,Wind,12029.000,Elexon BMRS FUELHH
2022-02-28T04:00:00Z,Biomass,1387.000,Elexon BMRS FUELHH
2022-02-28T04:00:00Z,Coal,636.000,Elexon BMRS FUELHH
2022-02-28T04:00:00Z,Gas,2489.000,Elexon BMRS FUELHH
2022-02-28T04:00:00Z,Hydro,524.000,Elexon BMRS FUELHH
2022-02-28T04:00:00Z,Imports & Exports,-1098.000,Elexon BMRS FUELHH
2022-02-28T04:00:00Z,Nuclear,5804.000,Elexon BMRS FUELHH
2022-02-28T04:00:00Z,Other,149.000,Elexon BMRS FUELHH
2022-02-28T04:00:00Z,Pumped Storage,-728.000,Elexon BMRS FUELHH
2022-02-28T04:00:00Z,Wind,12077.000,Elexon BMRS FUELHH
2022-02-28T04:30:00Z,Biomass,1570.000,Elexon BMRS FUELHH
2022-02-28T04:30:00Z,Coal,600.000,Elexon BMRS FUELHH
2022-02-28T04:30:00Z,Gas,2445.000,Elexon BMRS FUELHH
2022-02-28T04:30:00Z,Hydro,523.000,Elexon BMRS FUELHH
2022-02-28T04:30:00Z,Imports & Exports,-1214.000,Elexon BMRS FUELHH
2022-02-28T04:30:00Z,Nuclear,5816.000,Elexon BMRS FUELHH
2022-02-28T04:30:00Z,Other,136.000,Elexon BMRS FUELHH
2022-02-28T04:30:00Z,Pumped Storage,-472.000,Elexon BMRS FUELHH
2022-02-28T04:30:00Z,Wind,12097.000,Elexon BMRS FUELHH
2022-02-28T05:00:00Z,Biomass,1758.000,Elexon BMRS FUELHH
2022-02-28T05:00:00Z,Coal,658.000,Elexon BMRS FUELHH
2022-02-28T05:00:00Z,Gas,2733.000,Elexon BMRS FUELHH
2022-02-28T05:00:00Z,Hydro,564.000,Elexon BMRS FUELHH
2022-02-28T05:00:00Z,Imports & Exports,-1118.000,Elexon BMRS FUELHH
2022-02-28T05:00:00Z,Nuclear,5810.000,Elexon BMRS FUELHH
2022-02-28T05:00:00Z,Other,147.000,Elexon BMRS FUELHH
2022-02-28T05:00:00Z,Pumped Storage,-138.000,Elexon BMRS FUELHH
2022-02-28T05:00:00Z,Wind,11963.000,Elexon BMRS FUELHH
2022-02-28T05:30:00Z,Biomass,2037.000,Elexon BMRS FUELHH
2022-02-28T05:30:00Z,Coal,830.000,Elexon BMRS FUELHH
2022-02-28T05:30:00Z,Gas,3516.000,Elexon BMRS FUELHH
2022-02-28T05:30:00Z,Hydro,575.000,Elexon BMRS FUELHH
2022-02-28T05:30:00Z,Imports & Exports,-906.000,Elexon BMRS FUELHH
2022-02-28T05:30:00Z,Nuclear,5811.000,Elexon BMRS FUELHH
2022-02-28T05:30:00Z,Other,142.000,Elexon BMRS FUELHH
2022-02-28T05:30:00Z,Pumped Storage,22.000,Elexon BMRS FUELHH
2022-02-28T05:30:00Z,Wind,11520.000,Elexon BMRS FUELHH
2022-02-28T06:00:00Z,Biomass,2312.000,Elexon BMRS FUELHH
2022-02-28T06:00:00Z,Coal,1165.000,Elexon BMRS FUELHH
2022-02-28T06:00:00Z,Gas,6004.000,Elexon BMRS FUELHH
2022-02-28T06:00:00Z,Hydro,593.000,Elexon BMRS FUELHH
2022-02-28T06:00:00Z,Imports & Exports,-1226.000,Elexon BMRS FUELHH
2022-02-28T06:00:00Z,Nuclear,5807.000,Elexon BMRS FUELHH
2022-02-28T06:00:00Z,Other,146.000,Elexon BMRS FUELHH
2022-02-28T06:00:00Z,Pumped Storage,382.000,Elexon BMRS FUELHH
2022-02-28T06:00:00Z,Wind,11209.000,Elexon BMRS FUELHH
2022-02-28T06:30:00Z,Biomass,2637.000,Elexon BMRS FUELHH
2022-02-28T06:30:00Z,Coal,1384.000,Elexon BMRS FUELHH
2022-02-28T06:30:00Z,Gas,8347.000,Elexon BMRS FUELHH
2022-02-28T06:30:00Z,Hydro,593.000,Elexon BMRS FUELHH
2022-02-28T06:30:00Z,Imports & Exports,-1318.000,Elexon BMRS FUELHH
2022-02-28T06:30:00Z,Nuclear,5813.000,Elexon BMRS FUELHH
2022-02-28T06:30:00Z,Other,141.000,Elexon BMRS FUELHH
2022-02-28T06:30:00Z,Pumped Storage,132.000,Elexon BMRS FUELHH
2022-02-28T06:30:00Z,Wind,11442.000,Elexon BMRS FUELHH
2022-02-28T07:00:00Z,Biomass,2871.000,Elexon BMRS FUELHH
2022-02-28T07:00:00Z,Coal,1358.000,Elexon BMRS FUELHH
2022-02-28T07:00:00Z,Gas,10731.000,Elexon BMRS FUELHH
2022-02-28T07:00:00Z,Hydro,593.000,Elexon BMRS FUELHH
2022-02-28T07:00:00Z,Imports & Exports,-1148.000,Elexon BMRS FUELHH
2022-02-28T07:00:00Z,Nuclear,5807.000,Elexon BMRS FUELHH
2022-02-28T07:00:00Z,Other,145.000,Elexon BMRS FUELHH
2022-02-28T07:00:00Z,Pumped Storage,150.000,Elexon BMRS FUELHH
2022-02-28T07:00:00Z,Wind,11786.000,Elexon BMRS FUELHH
2022-02-28T07:30:00Z,Biomass,2915.000,Elexon BMRS FUELHH
2022-02-28T07:30:00Z,Coal,1397.000,Elexon BMRS FUELHH
2022-02-28T07:30:00Z,Gas,12208.000,Elexon BMRS FUELHH
2022-02-28T07:30:00Z,Hydro,609.000,Elexon BMRS FUELHH
2022-02-28T07:30:00Z,Imports & Exports,-1044.000,Elexon BMRS FUELHH
2022-02-28T07:30:00Z,Nuclear,5799.000,Elexon BMRS FUELHH
2022-02-28T07:30:00Z,Other,155.000,Elexon BMRS FUELHH
2022-02-28T07:30:00Z,Pumped Storage,260.000,Elexon BMRS FUELHH
2022-02-28T07:30:00Z,Wind,11739.000,Elexon BMRS FUELHH
2022-02-28T08:00:00Z,Biomass,2902.000,Elexon BMRS FUELHH
2022-02-28T08:00:00Z,Coal,1444.000,Elexon BMRS FUELHH
2022-02-28T08:00:00Z,Gas,11817.000,Elexon BMRS FUELHH
2022-02-28T08:00:00Z,Hydro,596.000,Elexon BMRS FUELHH
2022-02-28T08:00:00Z,Imports & Exports,532.000,Elexon BMRS FUELHH
2022-02-28T08:00:00Z,Nuclear,5805.000,Elexon BMRS FUELHH
2022-02-28T08:00:00Z,Other,136.000,Elexon BMRS FUELHH
2022-02-28T08:00:00Z,Pumped Storage,208.000,Elexon BMRS FUELHH
2022-02-28T08:00:00Z,Wind,11962.000,Elexon BMRS FUELHH
2022-02-28T08:30:00Z,Biomass,2842.000,Elexon BMRS FUELHH
2022-02-28T08:30:00Z,Coal,1468.000,Elexon BMRS FUELHH
2022-02-28T08:30:00Z,Gas,11933.000,Elexon BMRS FUELHH
2022-02-28T08:30:00Z,Hydro,621.000,Elexon BMRS FUELHH
2022-02-28T08:30:00Z,Imports & Exports,1070.000,Elexon BMRS FUELHH
2022-02-28T08:30:00Z,Nuclear,5798.000,Elexon BMRS FUELHH
2022-02-28T08:30:00Z,Other,145.000,Elexon BMRS FUELHH
2022-02-28T08:30:00Z,Pumped Storage,176.000,Elexon BMRS FUELHH
2022-02-28T08:30:00Z,Wind,11795.000,Elexon BMRS FUELHH
2022-02-28T09:00:00Z,Biomass,2873.000,Elexon BMRS FUELHH
2022-02-28T09:00:00Z,Coal,1468.000,Elexon BMRS FUELHH
2022-02-28T09:00:00Z,Gas,12049.000,Elexon BMRS FUELHH
2022-02-28T09:00:00Z,Hydro,602.000,Elexon BMRS FUELHH
2022-02-28T09:00:00Z,Imports & Exports,1770.000,Elexon BMRS FUELHH
2022-02-28T09:00:00Z,Nuclear,5799.000,Elexon BMRS FUELHH
2022-02-28T09:00:00Z,Other,143.000,Elexon BMRS FUELHH
2022-02-28T09:00:00Z,Pumped Storage,414.000,Elexon BMRS FUELHH
2022-02-28T09:00:00Z,Wind,11461.000,Elexon BMRS FUELHH
2022-02-28T09:30:00Z,Biomass,2840.000,Elexon BMRS FUELHH
2022-02-28T09:30:00Z,Coal,1458.000,Elexon BMRS FUELHH
2022-02-28T09:30:00Z,Gas,12121.000,Elexon BMRS FUELHH
2022-02-28T09:30:00Z,Hydro,605.000,Elexon BMRS FUELHH
2022-02-28T09:30:00Z,Imports & Exports,1688.000,Elexon BMRS FUELHH
2022-02-28T09:30:00Z,Nuclear,5804.000,Elexon BMRS FUELHH
2022-02-28T09:30:00Z,Other,135.000,Elexon BMRS FUELHH
2022-02-28T09:30:00Z,Pumped Storage,316.000,Elexon BMRS FUELHH
2022-02-28T09:30:00Z,Wind,11380.000,Elexon BMRS FUELHH
2022-02-28T10:00:00Z,Biomass,2849.000,Elexon BMRS FUELHH
2022-02-28T10:00:00Z,Coal,1383.000,Elexon BMRS FUELHH
2022-02-28T10:00:00Z,Gas,11793.000,Elexon BMRS FUELHH
2022-02-28T10:00:00Z,Hydro,618.000,Elexon BMRS FUELHH
2022-02-28T10:00:00Z,Imports & Exports,2334.000,Elexon BMRS FUELHH
2022-02-28T10:00:00Z,Nuclear,5794.000,Elexon BMRS FUELHH
2022-02-28T10:00:00Z,Other,138.000,Elexon BMRS FUELHH
2022-02-28T10:00:00Z,Pumped Storage,76.000,Elexon BMRS FUELHH
2022-02-28T10:00:00Z,Wind,11019.000,Elexon BMRS FUELHH
2022-02-28T10:30:00Z,Biomass,2910.000,Elexon BMRS FUELHH
2022-02-28T10:30:00Z,Coal,1372.000,Elexon BMRS FUELHH
2022-02-28T10:30:00Z,Gas,11518.000,Elexon BMRS FUELHH
2022-02-28T10:30:00Z,Hydro,610.000,Elexon BMRS FUELHH
2022-02-28T10:30:00Z,Imports & Exports,2716.000,Elexon BMRS FUELHH
2022-02-28T10:30:00Z,Nuclear,5792.000,Elexon BMRS FUELHH
2022-02-28T10:30:00Z,Other,139.000,Elexon BMRS FUELHH
2022-02-28T10:30:00Z,Pumped Storage,-18.000,Elexon BMRS FUELHH
2022-02-28T10:30:00Z,Wind,10934.000,Elexon BMRS FUELHH
2022-02-28T11:00:00Z,Biomass,2848.000,Elexon BMRS FUELHH
2022-02-28T11:00:00Z,Coal,1315.000,Elexon BMRS FUELHH
2022-02-28T11:00:00Z,Gas,11222.000,Elexon BMRS FUELHH
2022-02-28T11:00:00Z,Hydro,592.000,Elexon BMRS FUELHH
2022-02-28T11:00:00Z,Imports & Exports,3556.000,Elexon BMRS FUELHH
2022-02-28T11:00:00Z,Nuclear,5823.000,Elexon BMRS FUELHH
2022-02-28T11:00:00Z,Other,147.000,Elexon BMRS FUELHH
2022-02-28T11:00:00Z,Pumped Storage,-18.000,Elexon BMRS FUELHH
2022-02-28T11:00:00Z,Wind,10732.000,Elexon BMRS FUELHH
2022-02-28T11:30:00Z,Biomass,2832.000,Elexon BMRS FUELHH
2022-02-28T11:30:00Z,Coal,1276.000,Elexon BMRS FUELHH
2022-02-28T11:30:00Z,Gas,11337.000,Elexon BMRS FUELHH
2022-02-28T11:30:00Z,Hydro,591.000,Elexon BMRS FUELHH
2022-02-28T11:30:00Z,Imports & Exports,3714.000,Elexon BMRS FUELHH
2022-02-28T11:30:00Z,Nuclear,5839.000,Elexon BMRS FUELHH
2022-02-28T11:30:00Z,Other,139.000,Elexon BMRS FUELHH
2022-02-28T11:30:00Z,Pumped Storage,-16.000,Elexon BMRS FUELHH
2022-02-28T11:30:00Z,Wind,10559.000,Elexon BMRS FUELHH
2022-02-28T12:00:00Z,Biomass,2889.000,Elexon BMRS FUELHH
2022-02-28T12:00:00Z,Coal,1358.000,Elexon BMRS FUELHH
2022-02-28T12:00:00Z,Gas,11711.000,Elexon BMRS FUELHH
2022-02-28T12:00:00Z,Hydro,595.000,Elexon BMRS FUELHH
2022-02-28T12:00:00Z,Imports & Exports,3658.000,Elexon BMRS FUELHH
2022-02-28T12:00:00Z,Nuclear,5842.000,Elexon BMRS FUELHH
2022-02-28T12:00:00Z,Other,148.000,Elexon BMRS FUELHH
2022-02-28T12:00:00Z,Pumped Storage,124.000,Elexon BMRS FUELHH
2022-02-28T12:00:00Z,Wind,10396.000,Elexon BMRS FUELHH
2022-02-28T12:30:00Z,Biomass,2914.000,Elexon BMRS FUELHH
2022-02-28T12:30:00Z,Coal,1459.000,Elexon BMRS FUELHH
2022-02-28T12:30:00Z,Gas,12014.000,Elexon BMRS FUELHH
2022-02-28T12:30:00Z,Hydro,612.000,Elexon BMRS FUELHH
2022-02-28T12:30:00Z,Imports & Exports,3714.000,Elexon BMRS FUELHH
2022-02-28T12:30:00Z,Nuclear,5849.000,Elexon BMRS FUELHH
2022-02-28T12:30:00Z,Other,144.000,Elexon BMRS FUELHH
2022-02-28T12:30:00Z,Pumped Storage,152.000,Elexon BMRS FUELHH
2022-02-28T12:30:00Z,Wind,10022.000,Elexon BMRS FUELHH
2022-02-28T13:00:00Z,Biomass,2914.000,Elexon BMRS FUELHH
2022-02-28T13:00:00Z,Coal,1434.000,Elexon BMRS FUELHH
2022-02-28T13:00:00Z,Gas,11507.000,Elexon BMRS FUELHH
2022-02-28T13:00:00Z,Hydro,672.000,Elexon BMRS FUELHH
2022-02-28T13:00:00Z,Imports & Exports,4464.000,Elexon BMRS FUELHH
2022-02-28T13:00:00Z,Nuclear,5848.000,Elexon BMRS FUELHH
2022-02-28T13:00:00Z,Other,144.000,Elexon BMRS FUELHH
2022-02-28T13:00:00Z,Pumped Storage,218.000,Elexon BMRS FUELHH
2022-02-28T13:00:00Z,Wind,9701.000,Elexon BMRS FUELHH
2022-02-28T13:30:00Z,Biomass,2910.000,Elexon BMRS FUELHH
2022-02-28T13:30:00Z,Coal,1311.000,Elexon BMRS FUELHH
2022-02-28T13:30:00Z,Gas,11912.000,Elexon BMRS FUELHH
2022-02-28T13:30:00Z,Hydro,696.000,Elexon BMRS FUELHH
2022-02-28T13:30:00Z,Imports & Exports,4474.000,Elexon BMRS FUELHH
2022-02-28T13:30:00Z,Nuclear,5848.000,Elexon BMRS FUELHH
2022-02-28T13:30:00Z,Other,137.000,Elexon BMRS FUELHH
2022-02-28T13:30:00Z,Pumped Storage,168.000,Elexon BMRS FUELHH
2022-02-28T13:30:00Z,Wind,9246.000,Elexon BMRS FUELHH
2022-02-28T14:00:00Z,Biomass,2927.000,Elexon BMRS FUELHH
2022-02-28T14:00:00Z,Coal,1168.000,Elexon BMRS FUELHH
2022-02-28T14:00:00Z,Gas,12033.000,Elexon BMRS FUELHH
2022-02-28T14:00:00Z,Hydro,705.000,Elexon BMRS FUELHH
2022-02-28T14:00:00Z,Imports & Exports,4898.000,Elexon BMRS FUELHH
2022-02-28T14:00:00Z,Nuclear,5850.000,Elexon BMRS FUELHH
2022-02-28T14:00:00Z,Other,140.000,Elexon BMRS FUELHH
2022-02-28T14:00:00Z,Pumped Storage,-4.000,Elexon BMRS FUELHH
2022-02-28T14:00:00Z,Wind,9417.000,Elexon BMRS FUELHH
2022-02-28T14:30:00Z,Biomass,2920.000,Elexon BMRS FUELHH
2022-02-28T14:30:00Z,Coal,1182.000,Elexon BMRS FUELHH
2022-02-28T14:30:00Z,Gas,12208.000,Elexon BMRS FUELHH
2022-02-28T14:30:00Z,Hydro,663.000,Elexon BMRS FUELHH
2022-02-28T14:30:00Z,Imports & Exports,4606.000,Elexon BMRS FUELHH
2022-02-28T14:30:00Z,Nuclear,5851.000,Elexon BMRS FUELHH
2022-02-28T14:30:00Z,Other,143.000,Elexon BMRS FUELHH
2022-02-28T14:30:00Z,Pumped Storage,-40.000,Elexon BMRS FUELHH
2022-02-28T14:30:00Z,Wind,9693.000,Elexon BMRS FUELHH
2022-02-28T15:00:00Z,Biomass,2912.000,Elexon BMRS FUELHH
2022-02-28T15:00:00Z,Coal,1246.000,Elexon BMRS FUELHH
2022-02-28T15:00:00Z,Gas,13893.000,Elexon BMRS FUELHH
2022-02-28T15:00:00Z,Hydro,746.000,Elexon BMRS FUELHH
2022-02-28T15:00:00Z,Imports & Exports,3172.000,Elexon BMRS FUELHH
2022-02-28T15:00:00Z,Nuclear,5856.000,Elexon BMRS FUELHH
2022-02-28T15:00:00Z,Other,162.000,Elexon BMRS FUELHH
2022-02-28T15:00:00Z,Pumped Storage,-140.000,Elexon BMRS FUELHH
2022-02-28T15:00:00Z,Wind,9761.000,Elexon BMRS FUELHH
2022-02-28T15:30:00Z,Biomass,2914.000,Elexon BMRS FUELHH
2022-02-28T15:30:00Z,Coal,1363.000,Elexon BMRS FUELHH
2022-02-28T15:30:00Z,Gas,14583.000,Elexon BMRS FUELHH
2022-02-28T15:30:00Z,Hydro,749.000,Elexon BMRS FUELHH
2022-02-28T15:30:00Z,Imports & Exports,3246.000,Elexon BMRS FUELHH
2022-02-28T15:30:00Z,Nuclear,5851.000,Elexon BMRS FUELHH
2022-02-28T15:30:00Z,Other,194.000,Elexon BMRS FUELHH
2022-02-28T15:30:00Z,Pumped Storage,-12.000,Elexon BMRS FUELHH
2022-02-28T15:30:00Z,Wind,9439.000,Elexon BMRS FUELHH
2022-02-28T16:00:00Z,Biomass,2913.000,Elexon BMRS FUELHH
2022-02-28T16:00:00Z,Coal,1466.000,Elexon BMRS FUELHH
2022-02-28T16:00:00Z,Gas,15601.000,Elexon BMRS FUELHH
2022-02-28T16:00:00Z,Hydro,699.000,Elexon BMRS FUELHH
2022-02-28T16:00:00Z,Imports & Exports,3236.000,Elexon BMRS FUELHH
2022-02-28T16:00:00Z,Nuclear,5867.000,Elexon BMRS FUELHH
2022-02-28T16:00:00Z,Other,269.000,Elexon BMRS FUELHH
2022-02-28T16:00:00Z,Pumped Storage,118.000,Elexon BMRS FUELHH
2022-02-28T16:00:00Z,Wind,8917.000,Elexon BMRS FUELHH
2022-02-28T16:30:00Z,Biomass,2912.000,Elexon BMRS FUELHH
2022-02-28T16:30:00Z,Coal,1464.000,Elexon BMRS FUELHH
2022-02-28T16:30:00Z,Gas,16131.000,Elexon BMRS FUELHH
2022-02-28T16:30:00Z,Hydro,810.000,Elexon BMRS FUELHH
2022-02-28T16:30:00Z,Imports & Exports,3292.000,Elexon BMRS FUELHH
2022-02-28T16:30:00Z,Nuclear,5880.000,Elexon BMRS FUELHH
2022-02-28T16:30:00Z,Other,311.000,Elexon BMRS FUELHH
2022-02-28T16:30:00Z,Pumped Storage,676.000,Elexon BMRS FUELHH
2022-02-28T16:30:00Z,Wind,8772.000,Elexon BMRS FUELHH
2022-02-28T17:00:00Z,Biomass,2912.000,Elexon BMRS FUELHH
2022-02-28T17:00:00Z,Coal,1456.000,Elexon BMRS FUELHH
2022-02-28T17:00:00Z,Gas,16170.000,Elexon BMRS FUELHH
2022-02-28T17:00:00Z,Hydro,865.000,Elexon BMRS FUELHH
2022-02-28T17:00:00Z,Imports & Exports,3596.000,Elexon BMRS FUELHH
2022-02-28T17:00:00Z,Nuclear,5879.000,Elexon BMRS FUELHH
2022-02-28T17:00:00Z,Other,527.000,Elexon BMRS FUELHH
2022-02-28T17:00:00Z,Pumped Storage,1228.000,Elexon BMRS FUELHH
2022-02-28T17:00:00Z,Wind,8858.000,Elexon BMRS FUELHH
2022-02-28T17:30:00Z,Biomass,2914.000,Elexon BMRS FUELHH
2022-02-28T17:30:00Z,Coal,1463.000,Elexon BMRS FUELHH
2022-02-28T17:30:00Z,Gas,15924.000,Elexon BMRS FUELHH
2022-02-28T17:30:00Z,Hydro,867.000,Elexon BMRS FUELHH
2022-02-28T17:30:00Z,Imports & Exports,3756.000,Elexon BMRS FUELHH
2022-02-28T17:30:00Z,Nuclear,5881.000,Elexon BMRS FUELHH
2022-02-28T17:30:00Z,Other,772.000,Elexon BMRS FUELHH
2022-02-28T17:30:00Z,Pumped Storage,1822.000,Elexon BMRS FUELHH
2022-02-28T17:30:00Z,Wind,8838.000,Elexon BMRS FUELHH
2022-02-28T18:00:00Z,Biomass,2917.000,Elexon BMRS FUELHH
2022-02-28T18:00:00Z,Coal,1466.000,Elexon BMRS FUELHH
2022-02-28T18:00:00Z,Gas,16447.000,Elexon BMRS FUELHH
2022-02-28T18:00:00Z,Hydro,884.000,Elexon BMRS FUELHH
2022-02-28T18:00:00Z,Imports & Exports,3522.000,Elexon BMRS FUELHH
2022-02-28T18:00:00Z,Nuclear,5879.000,Elexon BMRS FUELHH
2022-02-28T18:00:00Z,Other,825.000,Elexon BMRS FUELHH
2022-02-28T18:00:00Z,Pumped Storage,2054.000,Elexon BMRS FUELHH
2022-02-28T18:00:00Z,Wind,8496.000,Elexon BMRS FUELHH
2022-02-28T18:30:00Z,Biomass,2913.000,Elexon BMRS FUELHH
2022-02-28T18:30:00Z,Coal,1464.000,Elexon BMRS FUELHH
2022-02-28T18:30:00Z,Gas,16348.000,Elexon BMRS FUELHH
2022-02-28T18:30:00Z,Hydro,869.000,Elexon BMRS FUELHH
2022-02-28T18:30:00Z,Imports & Exports,3392.000,Elexon BMRS FUELHH
2022-02-28T18:30:00Z,Nuclear,5878.000,Elexon BMRS FUELHH
2022-02-28T18:30:00Z,Other,812.000,Elexon BMRS FUELHH
2022-02-28T18:30:00Z,Pumped Storage,1974.000,Elexon BMRS FUELHH
2022-02-28T18:30:00Z,Wind,8499.000,Elexon BMRS FUELHH
2022-02-28T19:00:00Z,Biomass,2913.000,Elexon BMRS FUELHH
2022-02-28T19:00:00Z,Coal,1463.000,Elexon BMRS FUELHH
2022-02-28T19:00:00Z,Gas,16294.000,Elexon BMRS FUELHH
2022-02-28T19:00:00Z,Hydro,869.000,Elexon BMRS FUELHH
2022-02-28T19:00:00Z,Imports & Exports,3134.000,Elexon BMRS FUELHH
2022-02-28T19:00:00Z,Nuclear,5883.000,Elexon BMRS FUELHH
2022-02-28T19:00:00Z,Other,793.000,Elexon BMRS FUELHH
2022-02-28T19:00:00Z,Pumped Storage,1076.000,Elexon BMRS FUELHH
2022-02-28T19:00:00Z,Wind,8366.000,Elexon BMRS FUELHH
2022-02-28T19:30:00Z,Biomass,2916.000,Elexon BMRS FUELHH
2022-02-28T19:30:00Z,Coal,1469.000,Elexon BMRS FUELHH
2022-02-28T19:30:00Z,Gas,16153.000,Elexon BMRS FUELHH
2022-02-28T19:30:00Z,Hydro,754.000,Elexon BMRS FUELHH
2022-02-28T19:30:00Z,Imports & Exports,2992.000,Elexon BMRS FUELHH
2022-02-28T19:30:00Z,Nuclear,5881.000,Elexon BMRS FUELHH
2022-02-28T19:30:00Z,Other,619.000,Elexon BMRS FUELHH
2022-02-28T19:30:00Z,Pumped Storage,458.000,Elexon BMRS FUELHH
2022-02-28T19:30:00Z,Wind,8347.000,Elexon BMRS FUELHH
2022-02-28T20:00:00Z,Biomass,2911.000,Elexon BMRS FUELHH
2022-02-28T20:00:00Z,Coal,1461.000,Elexon BMRS FUELHH
2022-02-28T20:00:00Z,Gas,15710.000,Elexon BMRS FUELHH
2022-02-28T20:00:00Z,Hydro,675.000,Elexon BMRS FUELHH
2022-02-28T20:00:00Z,Imports & Exports,2192.000,Elexon BMRS FUELHH
2022-02-28T20:00:00Z,Nuclear,5885.000,Elexon BMRS FUELHH
2022-02-28T20:00:00Z,Other,515.000,Elexon BMRS FUELHH
2022-02-28T20:00:00Z,Pumped Storage,328.000,Elexon BMRS FUELHH
2022-02-28T20:00:00Z,Wind,8273.000,Elexon BMRS FUELHH
2022-02-28T20:30:00Z,Biomass,2918.000,Elexon BMRS FUELHH
2022-02-28T20:30:00Z,Coal,1471.000,Elexon BMRS FUELHH
2022-02-28T20:30:00Z,Gas,14845.000,Elexon BMRS FUELHH
2022-02-28T20:30:00Z,Hydro,719.000,Elexon BMRS FUELHH
2022-02-28T20:30:00Z,Imports & Exports,2082.000,Elexon BMRS FUELHH
2022-02-28T20:30:00Z,Nuclear,5883.000,Elexon BMRS FUELHH
2022-02-28T20:30:00Z,Other,375.000,Elexon BMRS FUELHH
2022-02-28T20:30:00Z,Pumped Storage,150.000,Elexon BMRS FUELHH
2022-02-28T20:30:00Z,Wind,8007.000,Elexon BMRS FUELHH
2022-02-28T21:00:00Z,Biomass,2918.000,Elexon BMRS FUELHH
2022-02-28T21:00:00Z,Coal,1477.000,Elexon BMRS FUELHH
2022-02-28T21:00:00Z,Gas,14089.000,Elexon BMRS FUELHH
2022-02-28T21:00:00Z,Hydro,755.000,Elexon BMRS FUELHH
2022-02-28T21:00:00Z,Imports & Exports,1700.000,Elexon BMRS FUELHH
2022-02-28T21:00:00Z,Nuclear,5883.000,Elexon BMRS FUELHH
2022-02-28T21:00:00Z,Other,291.000,Elexon BMRS FUELHH
2022-02-28T21:00:00Z,Pumped Storage,172.000,Elexon BMRS FUELHH
2022-02-28T21:00:00Z,Wind,7586.000,Elexon BMRS FUELHH
2022-02-28T21:30:00Z,Biomass,2917.000,Elexon BMRS FUELHH
2022-02-28T21:30:00Z,Coal,1348.000,Elexon BMRS FUELHH
2022-02-28T21:30:00Z,Gas,13156.000,Elexon BMRS FUELHH
2022-02-28T21:30:00Z,Hydro,748.000,Elexon BMRS FUELHH
2022-02-28T21:30:00Z,Imports & Exports,1588.000,Elexon BMRS FUELHH
2022-02-28T21:30:00Z,Nuclear,5880.000,Elexon BMRS FUELHH
2022-02-28T21:30:00Z,Other,243.000,Elexon BMRS FUELHH
2022-02-28T21:30:00Z,Pumped Storage,332.000,Elexon BMRS FUELHH
2022-02-28T21:30:00Z,Wind,6920.000,Elexon BMRS FUELHH
2022-02-28T22:00:00Z,Biomass,2917.000,Elexon BMRS FUELHH
2022-02-28T22:00:00Z,Coal,901.000,Elexon BMRS FUELHH
2022-02-28T22:00:00Z,Gas,13067.000,Elexon BMRS FUELHH
2022-02-28T22:00:00Z,Hydro,686.000,Elexon BMRS FUELHH
2022-02-28T22:00:00Z,Imports & Exports,696.000,Elexon BMRS FUELHH
2022-02-28T22:00:00Z,Nuclear,5880.000,Elexon BMRS FUELHH
2022-02-28T22:00:00Z,Other,173.000,Elexon BMRS FUELHH
2022-02-28T22:00:00Z,Pumped Storage,254.000,Elexon BMRS FUELHH
2022-02-28T22:00:00Z,Wind,6399.000,Elexon BMRS FUELHH
2022-02-28T22:30:00Z,Biomass,2916.000,Elexon BMRS FUELHH
2022-02-28T22:30:00Z,Coal,409.000,Elexon BMRS FUELHH
2022-02-28T22:30:00Z,Gas,12413.000,Elexon BMRS FUELHH
2022-02-28T22:30:00Z,Hydro,702.000,Elexon BMRS FUELHH
2022-02-28T22:30:00Z,Imports & Exports,466.000,Elexon BMRS FUELHH
2022-02-28T22:30:00Z,Nuclear,5878.000,Elexon BMRS FUELHH
2022-02-28T22:30:00Z,Other,162.000,Elexon BMRS FUELHH
2022-02-28T22:30:00Z,Pumped Storage,134.000,Elexon BMRS FUELHH
2022-02-28T22:30:00Z,Wind,5977.000,Elexon BMRS FUELHH
2022-02-28T23:00:00Z,Biomass,2915.000,Elexon BMRS FUELHH
2022-02-28T23:00:00Z,Coal,36.000,Elexon BMRS FUELHH
2022-02-28T23:00:00Z,Gas,11120.000,Elexon BMRS FUELHH
2022-02-28T23:00:00Z,Hydro,672.000,Elexon BMRS FUELHH
2022-02-28T23:00:00Z,Imports & Exports,834.000,Elexon BMRS FUELHH
2022-02-28T23:00:00Z,Nuclear,5880.000,Elexon BMRS FUELHH
2022-02-28T23:00:00Z,Other,155.000,Elexon BMRS FUELHH
2022-02-28T23:00:00Z,Pumped Storage,180.000,Elexon BMRS FUELHH
2022-02-28T23:00:00Z,Wind,5711.000,Elexon BMRS FUELHH
