time,technology,generationMW,source
2025-02-01T00:00:00Z,Biomass,2553.000,Elexon BMRS FUELHH
2025-02-01T00:00:00Z,Coal,0.000,Elexon BMRS FUELHH
2025-02-01T00:00:00Z,Gas,11818.000,Elexon BMRS FUELHH
2025-02-01T00:00:00Z,Hydro,344.000,Elexon BMRS FUELHH
2025-02-01T00:00:00Z,Imports & Exports,5414.000,Elexon BMRS FUELHH
2025-02-01T00:00:00Z,Nuclear,4268.000,Elexon BMRS FUELHH
2025-02-01T00:00:00Z,Other,286.000,Elexon BMRS FUELHH
2025-02-01T00:00:00Z,Pumped Storage,4.000,Elexon BMRS FUELHH
2025-02-01T00:00:00Z,Wind,3504.000,Elexon BMRS FUELHH
2025-02-01T00:30:00Z,Biomass,2566.000,Elexon BMRS FUELHH
2025-02-01T00:30:00Z,Coal,0.000,Elexon BMRS FUELHH
2025-02-01T00:30:00Z,Gas,11354.000,Elexon BMRS FUELHH
2025-02-01T00:30:00Z,Hydro,322.000,Elexon BMRS FUELHH
2025-02-01T00:30:00Z,Imports & Exports,5582.000,Elexon BMRS FUELHH
2025-02-01T00:30:00Z,Nuclear,4270.000,Elexon BMRS FUELHH
2025-02-01T00:30:00Z,Other,369.000,Elexon BMRS FUELHH
2025-02-01T00:30:00Z,Pumped Storage,-16.000,Elexon BMRS FUELHH
2025-02-01T00:30:00Z,Wind,3931.000,Elexon BMRS FUELHH
2025-02-01T01:00:00Z,Biomass,2418.000,Elexon BMRS FUELHH
2025-02-01T01:00:00Z,Coal,0.000,Elexon BMRS FUELHH
2025-02-01T01:00:00Z,Gas,11104.000,Elexon BMRS FUELHH
2025-02-01T01:00:00Z,Hydro,322.000,Elexon BMRS FUELHH
2025-02-01T01:00:00Z,Imports & Exports,5000.000,Elexon BMRS FUELHH
2025-02-01T01:00:00Z,Nuclear,4273.000,Elexon BMRS FUELHH
2025-02-01T01:00:00Z,Other,323.000,Elexon BMRS FUELHH
2025-02-01T01:00:00Z,Pumped Storage,-16.000,Elexon BMRS FUELHH
2025-02-01T01:00:00Z,Wind,4441.000,Elexon BMRS FUELHH
2025-02-01T01:30:00Z,Biomass,2223.000,Elexon BMRS FUELHH
2025-02-01T01:30:00Z,Coal,0.000,Elexon BMRS FUELHH
2025-02-01T01:30:00Z,Gas,10192.000,Elexon BMRS FUELHH
2025-02-01T01:30:00Z,Hydro,322.000,Elexon BMRS FUELHH
2025-02-01T01:30:00Z,Imports & Exports,5164.000,Elexon BMRS FUELHH
2025-02-01T01:30:00Z,Nuclear,4275.000,Elexon BMRS FUELHH
2025-02-01T01:30:00Z,Other,287.000,Elexon BMRS FUELHH
2025-02-01T01:30:00Z,Pumped Storage,-20.000,Elexon BMRS FUELHH
2025-02-01T01:30:00Z,Wind,4838.000,Elexon BMRS FUELHH
2025-02-01T02:00:00Z,Biomass,2217.000,Elexon BMRS FUELHH
2025-02-01T02:00:00Z,Coal,0.000,Elexon BMRS FUELHH
2025-02-01T02:00:00Z,Gas,9390.000,Elexon BMRS FUELHH
2025-02-01T02:00:00Z,Hydro,286.000,Elexon BMRS FUELHH
2025-02-01T02:00:00Z,Imports & Exports,5050.000,Elexon BMRS FUELHH
2025-02-01T02:00:00Z,Nuclear,4273.000,Elexon BMRS FUELHH
2025-02-01T02:00:00Z,Other,304.000,Elexon BMRS FUELHH
2025-02-01T02:00:00Z,Pumped Storage,-82.000,Elexon BMRS FUELHH
2025-02-01T02:00:00Z,Wind,5128.000,Elexon BMRS FUELHH
2025-02-01T02:30:00Z,Biomass,2217.000,Elexon BMRS FUELHH
2025-02-01T02:30:00Z,Coal,0.000,Elexon BMRS FUELHH
2025-02-01T02:30:00Z,Gas,8868.000,Elexon BMRS FUELHH
2025-02-01T02:30:00Z,Hydro,282.000,Elexon BMRS FUELHH
2025-02-01T02:30:00Z,Imports & Exports,4962.000,Elexon BMRS FUELHH
2025-02-01T02:30:00Z,Nuclear,4274.000,Elexon BMRS FUELHH
2025-02-01T02:30:00Z,Other,263.000,Elexon BMRS FUELHH
2025-02-01T02:30:00Z,Pumped Storage,-196.000,Elexon BMRS FUELHH
2025-02-01T02:30:00Z,Wind,5535.000,Elexon BMRS FUELHH
2025-02-01T03:00:00Z,Biomass,2203.000,Elexon BMRS FUELHH
2025-02-01T03:00:00Z,Coal,0.000,Elexon BMRS FUELHH
2025-02-01T03:00:00Z,Gas,9508.000,Elexon BMRS FUELHH
2025-02-01T03:00:00Z,Hydro,281.000,Elexon BMRS FUELHH
2025-02-01T03:00:00Z,Imports & Exports,3358.000,Elexon BMRS FUELHH
2025-02-01T03:00:00Z,Nuclear,4273.000,Elexon BMRS FUELHH
2025-02-01T03:00:00Z,Other,256.000,Elexon BMRS FUELHH
2025-02-01T03:00:00Z,Pumped Storage,-312.000,Elexon BMRS FUELHH
2025-02-01T03:00:00Z,Wind,5926.000,Elexon BMRS FUELHH
2025-02-01T03:30:00Z,Biomass,2205.000,Elexon BMRS FUELHH
2025-02-01T03:30:00Z,Coal,0.000,Elexon BMRS FUELHH
2025-02-01T03:30:00Z,Gas,8726.000,Elexon BMRS FUELHH
2025-02-01T03:30:00Z,Hydro,281.000,Elexon BMRS FUELHH
2025-02-01T03:30:00Z,Imports & Exports,3456.000,Elexon BMRS FUELHH
2025-02-01T03:30:00Z,Nuclear,4273.000,Elexon BMRS FUELHH
2025-02-01T03:30:00Z,Other,255.000,Elexon BMRS FUELHH
2025-02-01T03:30:00Z,Pumped Storage,-318.000,Elexon BMRS FUELHH
2025-02-01T03:30:00Z,Wind,6249.000,Elexon BMRS FUELHH
2025-02-01T04:00:00Z,Biomass,2204.000,Elexon BMRS FUELHH
2025-02-01T04:00:00Z,Coal,0.000,Elexon BMRS FUELHH
2025-02-01T04:00:00Z,Gas,8831.000,Elexon BMRS FUELHH
2025-02-01T04:00:00Z,Hydro,281.000,Elexon BMRS FUELHH
2025-02-01T04:00:00Z,Imports & Exports,2988.000,Elexon BMRS FUELHH
2025-02-01T04:00:00Z,Nuclear,4273.000,Elexon BMRS FUELHH
2025-02-01T04:00:00Z,Other,264.000,Elexon BMRS FUELHH
2025-02-01T04:00:00Z,Pumped Storage,-318.000,Elexon BMRS FUELHH
2025-02-01T04:00:00Z,Wind,6213.000,Elexon BMRS FUELHH
2025-02-01T04:30:00Z,Biomass,2198.000,Elexon BMRS FUELHH
2025-02-01T04:30:00Z,Coal,0.000,Elexon BMRS FUELHH
2025-02-01T04:30:00Z,Gas,8834.000,Elexon BMRS FUELHH
2025-02-01T04:30:00Z,Hydro,286.000,Elexon BMRS FUELHH
2025-02-01T04:30:00Z,Imports & Exports,2868.000,Elexon BMRS FUELHH
2025-02-01T04:30:00Z,Nuclear,4275.000,Elexon BMRS FUELHH
2025-02-01T04:30:00Z,Other,267.000,Elexon BMRS FUELHH
2025-02-01T04:30:00Z,Pumped Storage,-318.000,Elexon BMRS FUELHH
2025-02-01T04:30:00Z,Wind,6516.000,Elexon BMRS FUELHH
2025-02-01T05:00:00Z,Biomass,2210.000,Elexon BMRS FUELHH
2025-02-01T05:00:00Z,Coal,0.000,Elexon BMRS FUELHH
2025-02-01T05:00:00Z,Gas,9729.000,Elexon BMRS FUELHH
2025-02-01T05:00:00Z,Hydro,293.000,Elexon BMRS FUELHH
2025-02-01T05:00:00Z,Imports & Exports,910.000,Elexon BMRS FUELHH
2025-02-01T05:00:00Z,Nuclear,4274.000,Elexon BMRS FUELHH
2025-02-01T05:00:00Z,Other,339.000,Elexon BMRS FUELHH
2025-02-01T05:00:00Z,Pumped Storage,-320.000,Elexon BMRS FUELHH
2025-02-01T05:00:00Z,Wind,6597.000,Elexon BMRS FUELHH
2025-02-01T05:30:00Z,Biomass,2210.000,Elexon BMRS FUELHH
2025-02-01T05:30:00Z,Coal,0.000,Elexon BMRS FUELHH
2025-02-01T05:30:00Z,Gas,10196.000,Elexon BMRS FUELHH
2025-02-01T05:30:00Z,Hydro,247.000,Elexon BMRS FUELHH
2025-02-01T05:30:00Z,Imports & Exports,886.000,Elexon BMRS FUELHH
2025-02-01T05:30:00Z,Nuclear,4272.000,Elexon BMRS FUELHH
2025-02-01T05:30:00Z,Other,292.000,Elexon BMRS FUELHH
2025-02-01T05:30:00Z,Pumped Storage,-378.000,Elexon BMRS FUELHH
2025-02-01T05:30:00Z,Wind,6471.000,Elexon BMRS FUELHH
2025-02-01T06:00:00Z,Biomass,2359.000,Elexon BMRS FUELHH
2025-02-01T06:00:00Z,Coal,0.000,Elexon BMRS FUELHH
2025-02-01T06:00:00Z,Gas,10599.000,Elexon BMRS FUELHH
2025-02-01T06:00:00Z,Hydro,313.000,Elexon BMRS FUELHH
2025-02-01T06:00:00Z,Imports & Exports,1098.000,Elexon BMRS FUELHH
2025-02-01T06:00:00Z,Nuclear,4273.000,Elexon BMRS FUELHH
2025-02-01T06:00:00Z,Other,317.000,Elexon BMRS FUELHH
2025-02-01T06:00:00Z,Pumped Storage,-376.000,Elexon BMRS FUELHH
2025-02-01T06:00:00Z,Wind,6476.000,Elexon BMRS FUELHH
2025-02-01T06:30:00Z,Biomass,2550.000,Elexon BMRS FUELHH
2025-02-01T06:30:00Z,Coal,0.000,Elexon BMRS FUELHH
2025-02-01T06:30:00Z,Gas,10823.000,Elexon BMRS FUELHH
2025-02-01T06:30:00Z,Hydro,329.000,Elexon BMRS FUELHH
2025-02-01T06:30:00Z,Imports & Exports,1168.000,Elexon BMRS FUELHH
2025-02-01T06:30:00Z,Nuclear,4269.000,Elexon BMRS FUELHH
2025-02-01T06:30:00Z,Other,688.000,Elexon BMRS FUELHH
2025-02-01T06:30:00Z,Pumped Storage,-342.000,Elexon BMRS FUELHH
2025-02-01T06:30:00Z,Wind,6211.000,Elexon BMRS FUELHH
2025-02-01T07:00:00Z,Biomass,2558.000,Elexon BMRS FUELHH
2025-02-01T07:00:00Z,Coal,0.000,Elexon BMRS FUELHH
2025-02-01T07:00:00Z,Gas,10928.000,Elexon BMRS FUELHH
2025-02-01T07:00:00Z,Hydro,355.000,Elexon BMRS FUELHH
2025-02-01T07:00:00Z,Imports & Exports,2428.000,Elexon BMRS FUELHH
2025-02-01T07:00:00Z,Nuclear,4272.000,Elexon BMRS FUELHH
2025-02-01T07:00:00Z,Other,582.000,Elexon BMRS FUELHH
2025-02-01T07:00:00Z,Pumped Storage,-302.000,Elexon BMRS FUELHH
2025-02-01T07:00:00Z,Wind,6112.000,Elexon BMRS FUELHH
2025-02-01T07:30:00Z,Biomass,2575.000,Elexon BMRS FUELHH
2025-02-01T07:30:00Z,Coal,0.000,Elexon BMRS FUELHH
2025-02-01T07:30:00Z,Gas,11026.000,Elexon BMRS FUELHH
2025-02-01T07:30:00Z,Hydro,356.000,Elexon BMRS FUELHH
2025-02-01T07:30:00Z,Imports & Exports,2478.000,Elexon BMRS FUELHH
2025-02-01T07:30:00Z,Nuclear,4275.000,Elexon BMRS FUELHH
2025-02-01T07:30:00Z,Other,1101.000,Elexon BMRS FUELHH
2025-02-01T07:30:00Z,Pumped Storage,-6.000,Elexon BMRS FUELHH
2025-02-01T07:30:00Z,Wind,6515.000,Elexon BMRS FUELHH
2025-02-01T08:00:00Z,Biomass,2566.000,Elexon BMRS FUELHH
2025-02-01T08:00:00Z,Coal,0.000,Elexon BMRS FUELHH
2025-02-01T08:00:00Z,Gas,11070.000,Elexon BMRS FUELHH
2025-02-01T08:00:00Z,Hydro,432.000,Elexon BMRS FUELHH
2025-02-01T08:00:00Z,Imports & Exports,4346.000,Elexon BMRS FUELHH
2025-02-01T08:00:00Z,Nuclear,4275.000,Elexon BMRS FUELHH
2025-02-01T08:00:00Z,Other,704.000,Elexon BMRS FUELHH
2025-02-01T08:00:00Z,Pumped Storage,58.000,Elexon BMRS FUELHH
2025-02-01T08:00:00Z,Wind,6554.000,Elexon BMRS FUELHH
2025-02-01T08:30:00Z,Biomass,2571.000,Elexon BMRS FUELHH
2025-02-01T08:30:00Z,Coal,0.000,Elexon BMRS FUELHH
2025-02-01T08:30:00Z,Gas,11508.000,Elexon BMRS FUELHH
2025-02-01T08:30:00Z,Hydro,477.000,Elexon BMRS FUELHH
2025-02-01T08:30:00Z,Imports & Exports,4276.000,Elexon BMRS FUELHH
2025-02-01T08:30:00Z,Nuclear,4271.000,Elexon BMRS FUELHH
2025-02-01T08:30:00Z,Other,977.000,Elexon BMRS FUELHH
2025-02-01T08:30:00Z,Pumped Storage,94.000,Elexon BMRS FUELHH
2025-02-01T08:30:00Z,Wind,6809.000,Elexon BMRS FUELHH
2025-02-01T09:00:00Z,Biomass,2569.000,Elexon BMRS FUELHH
2025-02-01T09:00:00Z,Coal,0.000,Elexon BMRS FUELHH
2025-02-01T09:00:00Z,Gas,12115.000,Elexon BMRS FUELHH
2025-02-01T09:00:00Z,Hydro,514.000,Elexon BMRS FUELHH
2025-02-01T09:00:00Z,Imports & Exports,5344.000,Elexon BMRS FUELHH
2025-02-01T09:00:00Z,Nuclear,4272.000,Elexon BMRS FUELHH
2025-02-01T09:00:00Z,Other,641.000,Elexon BMRS FUELHH
2025-02-01T09:00:00Z,Pumped Storage,146.000,Elexon BMRS FUELHH
2025-02-01T09:00:00Z,Wind,7431.000,Elexon BMRS FUELHH
2025-02-01T09:30:00Z,Biomass,2575.000,Elexon BMRS FUELHH
2025-02-01T09:30:00Z,Coal,0.000,Elexon BMRS FUELHH
2025-02-01T09:30:00Z,Gas,12590.000,Elexon BMRS FUELHH
2025-02-01T09:30:00Z,Hydro,471.000,Elexon BMRS FUELHH
2025-02-01T09:30:00Z,Imports & Exports,5404.000,Elexon BMRS FUELHH
2025-02-01T09:30:00Z,Nuclear,4274.000,Elexon BMRS FUELHH
2025-02-01T09:30:00Z,Other,455.000,Elexon BMRS FUELHH
2025-02-01T09:30:00Z,Pumped Storage,-14.000,Elexon BMRS FUELHH
2025-02-01T09:30:00Z,Wind,7809.000,Elexon BMRS FUELHH
2025-02-01T10:00:00Z,Biomass,2569.000,Elexon BMRS FUELHH
2025-02-01T10:00:00Z,Coal,0.000,Elexon BMRS FUELHH
2025-02-01T10:00:00Z,Gas,12311.000,Elexon BMRS FUELHH
2025-02-01T10:00:00Z,Hydro,452.000,Elexon BMRS FUELHH
2025-02-01T10:00:00Z,Imports & Exports,5678.000,Elexon BMRS FUELHH
2025-02-01T10:00:00Z,Nuclear,4265.000,Elexon BMRS FUELHH
2025-02-01T10:00:00Z,Other,499.000,Elexon BMRS FUELHH
2025-02-01T10:00:00Z,Pumped Storage,20.000,Elexon BMRS FUELHH
2025-02-01T10:00:00Z,Wind,8074.000,Elexon BMRS FUELHH
2025-02-01T10:30:00Z,Biomass,2543.000,Elexon BMRS FUELHH
2025-02-01T10:30:00Z,Coal,0.000,Elexon BMRS FUELHH
2025-02-01T10:30:00Z,Gas,12114.000,Elexon BMRS FUELHH
2025-02-01T10:30:00Z,Hydro,453.000,Elexon BMRS FUELHH
2025-02-01T10:30:00Z,Imports & Exports,5682.000,Elexon BMRS FUELHH
2025-02-01T10:30:00Z,Nuclear,4270.000,Elexon BMRS FUELHH
2025-02-01T10:30:00Z,Other,379.000,Elexon BMRS FUELHH
2025-02-01T10:30:00Z,Pumped Storage,-18.000,Elexon BMRS FUELHH
2025-02-01T10:30:00Z,Wind,8512.000,Elexon BMRS FUELHH
2025-02-01T11:00:00Z,Biomass,2539.000,Elexon BMRS FUELHH
2025-02-01T11:00:00Z,Coal,0.000,Elexon BMRS FUELHH
2025-02-01T11:00:00Z,Gas,11927.000,Elexon BMRS FUELHH
2025-02-01T11:00:00Z,Hydro,412.000,Elexon BMRS FUELHH
2025-02-01T11:00:00Z,Imports & Exports,5674.000,Elexon BMRS FUELHH
2025-02-01T11:00:00Z,Nuclear,4266.000,Elexon BMRS FUELHH
2025-02-01T11:00:00Z,Other,335.000,Elexon BMRS FUELHH
2025-02-01T11:00:00Z,Pumped Storage,-18.000,Elexon BMRS FUELHH
2025-02-01T11:00:00Z,Wind,9026.000,Elexon BMRS FUELHH
2025-02-01T11:30:00Z,Biomass,2537.000,Elexon BMRS FUELHH
2025-02-01T11:30:00Z,Coal,0.000,Elexon BMRS FUELHH
2025-02-01T11:30:00Z,Gas,11923.000,Elexon BMRS FUELHH
2025-02-01T11:30:00Z,Hydro,390.000,Elexon BMRS FUELHH
2025-02-01T11:30:00Z,Imports & Exports,5706.000,Elexon BMRS FUELHH
2025-02-01T11:30:00Z,Nuclear,4267.000,Elexon BMRS FUELHH
2025-02-01T11:30:00Z,Other,296.000,Elexon BMRS FUELHH
2025-02-01T11:30:00Z,Pumped Storage,-16.000,Elexon BMRS FUELHH
2025-02-01T11:30:00Z,Wind,9326.000,Elexon BMRS FUELHH
2025-02-01T12:00:00Z,Biomass,2540.000,Elexon BMRS FUELHH
2025-02-01T12:00:00Z,Coal,0.000,Elexon BMRS FUELHH
2025-02-01T12:00:00Z,Gas,12387.000,Elexon BMRS FUELHH
2025-02-01T12:00:00Z,Hydro,360.000,Elexon BMRS FUELHH
2025-02-01T12:00:00Z,Imports & Exports,5634.000,Elexon BMRS FUELHH
2025-02-01T12:00:00Z,Nuclear,4260.000,Elexon BMRS FUELHH
2025-02-01T12:00:00Z,Other,378.000,Elexon BMRS FUELHH
2025-02-01T12:00:00Z,Pumped Storage,-18.000,Elexon BMRS FUELHH
2025-02-01T12:00:00Z,Wind,9008.000,Elexon BMRS FUELHH
2025-02-01T12:30:00Z,Biomass,2542.000,Elexon BMRS FUELHH
2025-02-01T12:30:00Z,Coal,0.000,Elexon BMRS FUELHH
2025-02-01T12:30:00Z,Gas,12769.000,Elexon BMRS FUELHH
2025-02-01T12:30:00Z,Hydro,368.000,Elexon BMRS FUELHH
2025-02-01T12:30:00Z,Imports & Exports,5666.000,Elexon BMRS FUELHH
2025-02-01T12:30:00Z,Nuclear,4266.000,Elexon BMRS FUELHH
2025-02-01T12:30:00Z,Other,354.000,Elexon BMRS FUELHH
2025-02-01T12:30:00Z,Pumped Storage,-16.000,Elexon BMRS FUELHH
2025-02-01T12:30:00Z,Wind,8846.000,Elexon BMRS FUELHH
2025-02-01T13:00:00Z,Biomass,2540.000,Elexon BMRS FUELHH
2025-02-01T13:00:00Z,Coal,0.000,Elexon BMRS FUELHH
2025-02-01T13:00:00Z,Gas,13130.000,Elexon BMRS FUELHH
2025-02-01T13:00:00Z,Hydro,409.000,Elexon BMRS FUELHH
2025-02-01T13:00:00Z,Imports & Exports,5148.000,Elexon BMRS FUELHH
2025-02-01T13:00:00Z,Nuclear,4265.000,Elexon BMRS FUELHH
2025-02-01T13:00:00Z,Other,414.000,Elexon BMRS FUELHH
2025-02-01T13:00:00Z,Pumped Storage,-16.000,Elexon BMRS FUELHH
2025-02-01T13:00:00Z,Wind,8956.000,Elexon BMRS FUELHH
2025-02-01T13:30:00Z,Biomass,2542.000,Elexon BMRS FUELHH
2025-02-01T13:30:00Z,Coal,0.000,Elexon BMRS FUELHH
2025-02-01T13:30:00Z,Gas,13227.000,Elexon BMRS FUELHH
2025-02-01T13:30:00Z,Hydro,411.000,Elexon BMRS FUELHH
2025-02-01T13:30:00Z,Imports & Exports,5104.000,Elexon BMRS FUELHH
2025-02-01T13:30:00Z,Nuclear,4268.000,Elexon BMRS FUELHH
2025-02-01T13:30:00Z,Other,320.000,Elexon BMRS FUELHH
2025-02-01T13:30:00Z,Pumped Storage,-16.000,Elexon BMRS FUELHH
2025-02-01T13:30:00Z,Wind,9102.000,Elexon BMRS FUELHH
2025-02-01T14:00:00Z,Biomass,2546.000,Elexon BMRS FUELHH
2025-02-01T14:00:00Z,Coal,0.000,Elexon BMRS FUELHH
2025-02-01T14:00:00Z,Gas,13817.000,Elexon BMRS FUELHH
2025-02-01T14:00:00Z,Hydro,426.000,Elexon BMRS FUELHH
2025-02-01T14:00:00Z,Imports & Exports,3842.000,Elexon BMRS FUELHH
2025-02-01T14:00:00Z,Nuclear,4266.000,Elexon BMRS FUELHH
2025-02-01T14:00:00Z,Other,465.000,Elexon BMRS FUELHH
2025-02-01T14:00:00Z,Pumped Storage,-16.000,Elexon BMRS FUELHH
2025-02-01T14:00:00Z,Wind,9033.000,Elexon BMRS FUELHH
2025-02-01T14:30:00Z,Biomass,2558.000,Elexon BMRS FUELHH
2025-02-01T14:30:00Z,Coal,0.000,Elexon BMRS FUELHH
2025-02-01T14:30:00Z,Gas,14144.000,Elexon BMRS FUELHH
2025-02-01T14:30:00Z,Hydro,433.000,Elexon BMRS FUELHH
2025-02-01T14:30:00Z,Imports & Exports,3720.000,Elexon BMRS FUELHH
2025-02-01T14:30:00Z,Nuclear,4267.000,Elexon BMRS FUELHH
2025-02-01T14:30:00Z,Other,396.000,Elexon BMRS FUELHH
2025-02-01T14:30:00Z,Pumped Storage,-18.000,Elexon BMRS FUELHH
2025-02-01T14:30:00Z,Wind,9132.000,Elexon BMRS FUELHH
2025-02-01T15:00:00Z,Biomass,2579.000,Elexon BMRS FUELHH
2025-02-01T15:00:00Z,Coal,0.000,Elexon BMRS FUELHH
2025-02-01T15:00:00Z,Gas,15741.000,Elexon BMRS FUELHH
2025-02-01T15:00:00Z,Hydro,530.000,Elexon BMRS FUELHH
2025-02-01T15:00:00Z,Imports & Exports,1512.000,Elexon BMRS FUELHH
2025-02-01T15:00:00Z,Nuclear,4262.000,Elexon BMRS FUELHH
2025-02-01T15:00:00Z,Other,426.000,Elexon BMRS FUELHH
2025-02-01T15:00:00Z,Pumped Storage,266.000,Elexon BMRS FUELHH
2025-02-01T15:00:00Z,Wind,9087.000,Elexon BMRS FUELHH
2025-02-01T15:30:00Z,Biomass,2581.000,Elexon BMRS FUELHH
2025-02-01T15:30:00Z,Coal,0.000,Elexon BMRS FUELHH
2025-02-01T15:30:00Z,Gas,16227.000,Elexon BMRS FUELHH
2025-02-01T15:30:00Z,Hydro,537.000,Elexon BMRS FUELHH
2025-02-01T15:30:00Z,Imports & Exports,1410.000,Elexon BMRS FUELHH
2025-02-01T15:30:00Z,Nuclear,4271.000,Elexon BMRS FUELHH
2025-02-01T15:30:00Z,Other,463.000,Elexon BMRS FUELHH
2025-02-01T15:30:00Z,Pumped Storage,284.000,Elexon BMRS FUELHH
2025-02-01T15:30:00Z,Wind,9150.000,Elexon BMRS FUELHH
2025-02-01T16:00:00Z,Biomass,2587.000,Elexon BMRS FUELHH
2025-02-01T16:00:00Z,Coal,0.000,Elexon BMRS FUELHH
2025-02-01T16:00:00Z,Gas,16656.000,Elexon BMRS FUELHH
2025-02-01T16:00:00Z,Hydro,622.000,Elexon BMRS FUELHH
2025-02-01T16:00:00Z,Imports & Exports,1550.000,Elexon BMRS FUELHH
2025-02-01T16:00:00Z,Nuclear,4266.000,Elexon BMRS FUELHH
2025-02-01T16:00:00Z,Other,448.000,Elexon BMRS FUELHH
2025-02-01T16:00:00Z,Pumped Storage,582.000,Elexon BMRS FUELHH
2025-02-01T16:00:00Z,Wind,9283.000,Elexon BMRS FUELHH
2025-02-01T16:30:00Z,Biomass,2576.000,Elexon BMRS FUELHH
2025-02-01T16:30:00Z,Coal,0.000,Elexon BMRS FUELHH
2025-02-01T16:30:00Z,Gas,17133.000,Elexon BMRS FUELHH
2025-02-01T16:30:00Z,Hydro,665.000,Elexon BMRS FUELHH
2025-02-01T16:30:00Z,Imports & Exports,1568.000,Elexon BMRS FUELHH
2025-02-01T16:30:00Z,Nuclear,4276.000,Elexon BMRS FUELHH
2025-02-01T16:30:00Z,Other,540.000,Elexon BMRS FUELHH
2025-02-01T16:30:00Z,Pumped Storage,718.000,Elexon BMRS FUELHH
2025-02-01T16:30:00Z,Wind,9457.000,Elexon BMRS FUELHH
2025-02-01T17:00:00Z,Biomass,2586.000,Elexon BMRS FUELHH
2025-02-01T17:00:00Z,Coal,0.000,Elexon BMRS FUELHH
2025-02-01T17:00:00Z,Gas,17214.000,Elexon BMRS FUELHH
2025-02-01T17:00:00Z,Hydro,723.000,Elexon BMRS FUELHH
2025-02-01T17:00:00Z,Imports & Exports,2056.000,Elexon BMRS FUELHH
2025-02-01T17:00:00Z,Nuclear,4269.000,Elexon BMRS FUELHH
2025-02-01T17:00:00Z,Other,727.000,Elexon BMRS FUELHH
2025-02-01T17:00:00Z,Pumped Storage,1224.000,Elexon BMRS FUELHH
2025-02-01T17:00:00Z,Wind,9825.000,Elexon BMRS FUELHH
2025-02-01T17:30:00Z,Biomass,2576.000,Elexon BMRS FUELHH
2025-02-01T17:30:00Z,Coal,0.000,Elexon BMRS FUELHH
2025-02-01T17:30:00Z,Gas,17177.000,Elexon BMRS FUELHH
2025-02-01T17:30:00Z,Hydro,721.000,Elexon BMRS FUELHH
2025-02-01T17:30:00Z,Imports & Exports,2040.000,Elexon BMRS FUELHH
2025-02-01T17:30:00Z,Nuclear,4275.000,Elexon BMRS FUELHH
2025-02-01T17:30:00Z,Other,812.000,Elexon BMRS FUELHH
2025-02-01T17:30:00Z,Pumped Storage,1316.000,Elexon BMRS FUELHH
2025-02-01T17:30:00Z,Wind,9858.000,Elexon BMRS FUELHH
2025-02-01T18:00:00Z,Biomass,2586.000,Elexon BMRS FUELHH
2025-02-01T18:00:00Z,Coal,0.000,Elexon BMRS FUELHH
2025-02-01T18:00:00Z,Gas,17543.000,Elexon BMRS FUELHH
2025-02-01T18:00:00Z,Hydro,705.000,Elexon BMRS FUELHH
2025-02-01T18:00:00Z,Imports & Exports,1012.000,Elexon BMRS FUELHH
2025-02-01T18:00:00Z,Nuclear,4269.000,Elexon BMRS FUELHH
2025-02-01T18:00:00Z,Other,1078.000,Elexon BMRS FUELHH
2025-02-01T18:00:00Z,Pumped Storage,1092.000,Elexon BMRS FUELHH
2025-02-01T18:00:00Z,Wind,9859.000,Elexon BMRS FUELHH
2025-02-01T18:30:00Z,Biomass,2580.000,Elexon BMRS FUELHH
2025-02-01T18:30:00Z,Coal,0.000,Elexon BMRS FUELHH
2025-02-01T18:30:00Z,Gas,17468.000,Elexon BMRS FUELHH
2025-02-01T18:30:00Z,Hydro,696.000,Elexon BMRS FUELHH
2025-02-01T18:30:00Z,Imports & Exports,954.000,Elexon BMRS FUELHH
2025-02-01T18:30:00Z,Nuclear,4275.000,Elexon BMRS FUELHH
2025-02-01T18:30:00Z,Other,799.000,Elexon BMRS FUELHH
2025-02-01T18:30:00Z,Pumped Storage,876.000,Elexon BMRS FUELHH
2025-02-01T18:30:00Z,Wind,10023.000,Elexon BMRS FUELHH
2025-02-01T19:00:00Z,Biomass,2587.000,Elexon BMRS FUELHH
2025-02-01T19:00:00Z,Coal,0.000,Elexon BMRS FUELHH
2025-02-01T19:00:00Z,Gas,17421.000,Elexon BMRS FUELHH
2025-02-01T19:00:00Z,Hydro,645.000,Elexon BMRS FUELHH
2025-02-01T19:00:00Z,Imports & Exports,660.000,Elexon BMRS FUELHH
2025-02-01T19:00:00Z,Nuclear,4270.000,Elexon BMRS FUELHH
2025-02-01T19:00:00Z,Other,554.000,Elexon BMRS FUELHH
2025-02-01T19:00:00Z,Pumped Storage,246.000,Elexon BMRS FUELHH
2025-02-01T19:00:00Z,Wind,10054.000,Elexon BMRS FUELHH
2025-02-01T19:30:00Z,Biomass,2581.000,Elexon BMRS FUELHH
2025-02-01T19:30:00Z,Coal,0.000,Elexon BMRS FUELHH
2025-02-01T19:30:00Z,Gas,16783.000,Elexon BMRS FUELHH
2025-02-01T19:30:00Z,Hydro,648.000,Elexon BMRS FUELHH
2025-02-01T19:30:00Z,Imports & Exports,608.000,Elexon BMRS FUELHH
2025-02-01T19:30:00Z,Nuclear,4267.000,Elexon BMRS FUELHH
2025-02-01T19:30:00Z,Other,318.000,Elexon BMRS FUELHH
2025-02-01T19:30:00Z,Pumped Storage,130.000,Elexon BMRS FUELHH
2025-02-01T19:30:00Z,Wind,10105.000,Elexon BMRS FUELHH
2025-02-01T20:00:00Z,Biomass,2575.000,Elexon BMRS FUELHH
2025-02-01T20:00:00Z,Coal,0.000,Elexon BMRS FUELHH
2025-02-01T20:00:00Z,Gas,16533.000,Elexon BMRS FUELHH
2025-02-01T20:00:00Z,Hydro,505.000,Elexon BMRS FUELHH
2025-02-01T20:00:00Z,Imports & Exports,-192.000,Elexon BMRS FUELHH
2025-02-01T20:00:00Z,Nuclear,4267.000,Elexon BMRS FUELHH
2025-02-01T20:00:00Z,Other,389.000,Elexon BMRS FUELHH
2025-02-01T20:00:00Z,Pumped Storage,24.000,Elexon BMRS FUELHH
2025-02-01T20:00:00Z,Wind,10261.000,Elexon BMRS FUELHH
2025-02-01T20:30:00Z,Biomass,2572.000,Elexon BMRS FUELHH
2025-02-01T20:30:00Z,Coal,0.000,Elexon BMRS FUELHH
2025-02-01T20:30:00Z,Gas,15610.000,Elexon BMRS FUELHH
2025-02-01T20:30:00Z,Hydro,361.000,Elexon BMRS FUELHH
2025-02-01T20:30:00Z,Imports & Exports,-242.000,Elexon BMRS FUELHH
2025-02-01T20:30:00Z,Nuclear,4263.000,Elexon BMRS FUELHH
2025-02-01T20:30:00Z,Other,295.000,Elexon BMRS FUELHH
2025-02-01T20:30:00Z,Pumped Storage,-106.000,Elexon BMRS FUELHH
2025-02-01T20:30:00Z,Wind,10443.000,Elexon BMRS FUELHH
2025-02-01T21:00:00Z,Biomass,2560.000,Elexon BMRS FUELHH
2025-02-01T21:00:00Z,Coal,0.000,Elexon BMRS FUELHH
2025-02-01T21:00:00Z,Gas,13947.000,Elexon BMRS FUELHH
2025-02-01T21:00:00Z,Hydro,318.000,Elexon BMRS FUELHH
2025-02-01T21:00:00Z,Imports & Exports,-120.000,Elexon BMRS FUELHH
2025-02-01T21:00:00Z,Nuclear,4269.000,Elexon BMRS FUELHH
2025-02-01T21:00:00Z,Other,323.000,Elexon BMRS FUELHH
2025-02-01T21:00:00Z,Pumped Storage,-142.000,Elexon BMRS FUELHH
2025-02-01T21:00:00Z,Wind,10850.000,Elexon BMRS FUELHH
2025-02-01T21:30:00Z,Biomass,2571.000,Elexon BMRS FUELHH
2025-02-01T21:30:00Z,Coal,0.000,Elexon BMRS FUELHH
2025-02-01T21:30:00Z,Gas,11990.000,Elexon BMRS FUELHH
2025-02-01T21:30:00Z,Hydro,299.000,Elexon BMRS FUELHH
2025-02-01T21:30:00Z,Imports & Exports,-78.000,Elexon BMRS FUELHH
2025-02-01T21:30:00Z,Nuclear,4264.000,Elexon BMRS FUELHH
2025-02-01T21:30:00Z,Other,325.000,Elexon BMRS FUELHH
2025-02-01T21:30:00Z,Pumped Storage,-184.000,Elexon BMRS FUELHH
2025-02-01T21:30:00Z,Wind,11463.000,Elexon BMRS FUELHH
2025-02-01T22:00:00Z,Biomass,2570.000,Elexon BMRS FUELHH
2025-02-01T22:00:00Z,Coal,0.000,Elexon BMRS FUELHH
2025-02-01T22:00:00Z,Gas,10697.000,Elexon BMRS FUELHH
2025-02-01T22:00:00Z,Hydro,285.000,Elexon BMRS FUELHH
2025-02-01T22:00:00Z,Imports & Exports,-94.000,Elexon BMRS FUELHH
2025-02-01T22:00:00Z,Nuclear,4271.000,Elexon BMRS FUELHH
2025-02-01T22:00:00Z,Other,275.000,Elexon BMRS FUELHH
2025-02-01T22:00:00Z,Pumped Storage,-188.000,Elexon BMRS FUELHH
2025-02-01T22:00:00Z,Wind,11429.000,Elexon BMRS FUELHH
2025-02-01T22:30:00Z,Biomass,2574.000,Elexon BMRS FUELHH
2025-02-01T22:30:00Z,Coal,0.000,Elexon BMRS FUELHH
2025-02-01T22:30:00Z,Gas,9311.000,Elexon BMRS FUELHH
2025-02-01T22:30:00Z,Hydro,283.000,Elexon BMRS FUELHH
2025-02-01T22:30:00Z,Imports & Exports,-172.000,Elexon BMRS FUELHH
2025-02-01T22:30:00Z,Nuclear,4270.000,Elexon BMRS FUELHH
2025-02-01T22:30:00Z,Other,338.000,Elexon BMRS FUELHH
2025-02-01T22:30:00Z,Pumped Storage,-230.000,Elexon BMRS FUELHH
2025-02-01T22:30:00Z,Wind,11327.000,Elexon BMRS FUELHH
2025-02-01T23:00:00Z,Biomass,2577.000,Elexon BMRS FUELHH
2025-02-01T23:00:00Z,Coal,0.000,Elexon BMRS FUELHH
2025-02-01T23:00:00Z,Gas,7527.000,Elexon BMRS FUELHH
2025-02-01T23:00:00Z,Hydro,263.000,Elexon BMRS FUELHH
2025-02-01T23:00:00Z,Imports & Exports,1146.000,Elexon BMRS FUELHH
2025-02-01T23:00:00Z,Nuclear,4273.000,Elexon BMRS FUELHH
2025-02-01T23:00:00Z,Other,397.000,Elexon BMRS FUELHH
2025-02-01T23:00:00Z,Pumped Storage,-872.000,Elexon BMRS FUELHH
2025-02-01T23:00:00Z,Wind,11065.000,Elexon BMRS FUELHH
2025-02-01T23:30:00Z,Biomass,2570.000,Elexon BMRS FUELHH
2025-02-01T23:30:00Z,Coal,0.000,Elexon BMRS FUELHH
2025-02-01T23:30:00Z,Gas,7002.000,Elexon BMRS FUELHH
2025-02-01T23:30:00Z,Hydro,253.000,Elexon BMRS FUELHH
2025-02-01T23:30:00Z,Imports & Exports,1102.000,Elexon BMRS FUELHH
2025-02-01T23:30:00Z,Nuclear,4280.000,Elexon BMRS FUELHH
2025-02-01T23:30:00Z,Other,337.000,Elexon BMRS FUELHH
2025-02-01T23:30:00Z,Pumped Storage,-1060.000,Elexon BMRS FUELHH
2025-02-01T23:30:00Z,Wind,11079.000,Elexon BMRS FUELHH
2025-02-02T00:00:00Z,Biomass,2578.000,Elexon BMRS FUELHH
2025-02-02T00:00:00Z,Coal,0.000,Elexon BMRS FUELHH
2025-02-02T00:00:00Z,Gas,6795.000,Elexon BMRS FUELHH
2025-02-02T00:00:00Z,Hydro,251.000,Elexon BMRS FUELHH
2025-02-02T00:00:00Z,Imports & Exports,1676.000,Elexon BMRS FUELHH
2025-02-02T00:00:00Z,Nuclear,4280.000,Elexon BMRS FUELHH
2025-02-02T00:00:00Z,Other,288.000,Elexon BMRS FUELHH
2025-02-02T00:00:00Z,Pumped Storage,-996.000,Elexon BMRS FUELHH
2025-02-02T00:00:00Z,Wind,11046.000,Elexon BMRS FUELHH
2025-02-02T00:30:00Z,Biomass,2577.000,Elexon BMRS FUELHH
2025-02-02T00:30:00Z,Coal,0.000,Elexon BMRS FUELHH
2025-02-02T00:30:00Z,Gas,6934.000,Elexon BMRS FUELHH
2025-02-02T00:30:00Z,Hydro,271.000,Elexon BMRS FUELHH
2025-02-02T00:30:00Z,Imports & Exports,1734.000,Elexon BMRS FUELHH
2025-02-02T00:30:00Z,Nuclear,4280.000,Elexon BMRS FUELHH
2025-02-02T00:30:00Z,Other,428.000,Elexon BMRS FUELHH
2025-02-02T00:30:00Z,Pumped Storage,-1124.000,Elexon BMRS FUELHH
2025-02-02T00:30:00Z,Wind,10925.000,Elexon BMRS FUELHH
2025-02-02T01:00:00Z,Biomass,2576.000,Elexon BMRS FUELHH
2025-02-02T01:00:00Z,Coal,0.000,Elexon BMRS FUELHH
2025-02-02T01:00:00Z,Gas,6392.000,Elexon BMRS FUELHH
2025-02-02T01:00:00Z,Hydro,279.000,Elexon BMRS FUELHH
2025-02-02T01:00:00Z,Imports & Exports,2200.000,Elexon BMRS FUELHH
2025-02-02T01:00:00Z,Nuclear,4272.000,Elexon BMRS FUELHH
2025-02-02T01:00:00Z,Other,378.000,Elexon BMRS FUELHH
2025-02-02T01:00:00Z,Pumped Storage,-1542.000,Elexon BMRS FUELHH
2025-02-02T01:00:00Z,Wind,11005.000,Elexon BMRS FUELHH
2025-02-02T01:30:00Z,Biomass,2575.000,Elexon BMRS FUELHH
2025-02-02T01:30:00Z,Coal,0.000,Elexon BMRS FUELHH
2025-02-02T01:30:00Z,Gas,5939.000,Elexon BMRS FUELHH
2025-02-02T01:30:00Z,Hydro,277.000,Elexon BMRS FUELHH
2025-02-02T01:30:00Z,Imports & Exports,2206.000,Elexon BMRS FUELHH
2025-02-02T01:30:00Z,Nuclear,4271.000,Elexon BMRS FUELHH
2025-02-02T01:30:00Z,Other,328.000,Elexon BMRS FUELHH
2025-02-02T01:30:00Z,Pumped Storage,-1488.000,Elexon BMRS FUELHH
2025-02-02T01:30:00Z,Wind,10768.000,Elexon BMRS FUELHH
2025-02-02T02:00:00Z,Biomass,2572.000,Elexon BMRS FUELHH
2025-02-02T02:00:00Z,Coal,0.000,Elexon BMRS FUELHH
2025-02-02T02:00:00Z,Gas,6115.000,Elexon BMRS FUELHH
2025-02-02T02:00:00Z,Hydro,277.000,Elexon BMRS FUELHH
2025-02-02T02:00:00Z,Imports & Exports,1820.000,Elexon BMRS FUELHH
2025-02-02T02:00:00Z,Nuclear,4279.000,Elexon BMRS FUELHH
2025-02-02T02:00:00Z,Other,392.000,Elexon BMRS FUELHH
2025-02-02T02:00:00Z,Pumped Storage,-1714.000,Elexon BMRS FUELHH
2025-02-02T02:00:00Z,Wind,10615.000,Elexon BMRS FUELHH
2025-02-02T02:30:00Z,Biomass,2575.000,Elexon BMRS FUELHH
2025-02-02T02:30:00Z,Coal,0.000,Elexon BMRS FUELHH
2025-02-02T02:30:00Z,Gas,6419.000,Elexon BMRS FUELHH
2025-02-02T02:30:00Z,Hydro,235.000,Elexon BMRS FUELHH
2025-02-02T02:30:00Z,Imports & Exports,1802.000,Elexon BMRS FUELHH
2025-02-02T02:30:00Z,Nuclear,4279.000,Elexon BMRS FUELHH
2025-02-02T02:30:00Z,Other,331.000,Elexon BMRS FUELHH
2025-02-02T02:30:00Z,Pumped Storage,-1986.000,Elexon BMRS FUELHH
2025-02-02T02:30:00Z,Wind,10408.000,Elexon BMRS FUELHH
2025-02-02T03:00:00Z,Biomass,2578.000,Elexon BMRS FUELHH
2025-02-02T03:00:00Z,Coal,0.000,Elexon BMRS FUELHH
2025-02-02T03:00:00Z,Gas,6077.000,Elexon BMRS FUELHH
2025-02-02T03:00:00Z,Hydro,254.000,Elexon BMRS FUELHH
2025-02-02T03:00:00Z,Imports & Exports,1388.000,Elexon BMRS FUELHH
2025-02-02T03:00:00Z,Nuclear,4280.000,Elexon BMRS FUELHH
2025-02-02T03:00:00Z,Other,309.000,Elexon BMRS FUELHH
2025-02-02T03:00:00Z,Pumped Storage,-1762.000,Elexon BMRS FUELHH
2025-02-02T03:00:00Z,Wind,10309.000,Elexon BMRS FUELHH
2025-02-02T03:30:00Z,Biomass,2576.000,Elexon BMRS FUELHH
2025-02-02T03:30:00Z,Coal,0.000,Elexon BMRS FUELHH
2025-02-02T03:30:00Z,Gas,5819.000,Elexon BMRS FUELHH
2025-02-02T03:30:00Z,Hydro,276.000,Elexon BMRS FUELHH
2025-02-02T03:30:00Z,Imports & Exports,1368.000,Elexon BMRS FUELHH
2025-02-02T03:30:00Z,Nuclear,4276.000,Elexon BMRS FUELHH
2025-02-02T03:30:00Z,Other,295.000,Elexon BMRS FUELHH
2025-02-02T03:30:00Z,Pumped Storage,-1472.000,Elexon BMRS FUELHH
2025-02-02T03:30:00Z,Wind,10314.000,Elexon BMRS FUELHH
2025-02-02T04:00:00Z,Biomass,2574.000,Elexon BMRS FUELHH
2025-02-02T04:00:00Z,Coal,0.000,Elexon BMRS FUELHH
2025-02-02T04:00:00Z,Gas,5844.000,Elexon BMRS FUELHH
2025-02-02T04:00:00Z,Hydro,259.000,Elexon BMRS FUELHH
2025-02-02T04:00:00Z,Imports & Exports,794.000,Elexon BMRS FUELHH
2025-02-02T04:00:00Z,Nuclear,4274.000,Elexon BMRS FUELHH
2025-02-02T04:00:00Z,Other,333.000,Elexon BMRS FUELHH
2025-02-02T04:00:00Z,Pumped Storage,-1548.000,Elexon BMRS FUELHH
2025-02-02T04:00:00Z,Wind,10179.000,Elexon BMRS FUELHH
2025-02-02T04:30:00Z,Biomass,2581.000,Elexon BMRS FUELHH
2025-02-02T04:30:00Z,Coal,0.000,Elexon BMRS FUELHH
2025-02-02T04:30:00Z,Gas,5947.000,Elexon BMRS FUELHH
2025-02-02T04:30:00Z,Hydro,231.000,Elexon BMRS FUELHH
2025-02-02T04:30:00Z,Imports & Exports,746.000,Elexon BMRS FUELHH
2025-02-02T04:30:00Z,Nuclear,4270.000,Elexon BMRS FUELHH
2025-02-02T04:30:00Z,Other,310.000,Elexon BMRS FUELHH
2025-02-02T04:30:00Z,Pumped Storage,-1562.000,Elexon BMRS FUELHH
2025-02-02T04:30:00Z,Wind,10227.000,Elexon BMRS FUELHH
2025-02-02T05:00:00Z,Biomass,2670.000,Elexon BMRS FUELHH
2025-02-02T05:00:00Z,Coal,0.000,Elexon BMRS FUELHH
2025-02-02T05:00:00Z,Gas,6332.000,Elexon BMRS FUELHH
2025-02-02T05:00:00Z,Hydro,281.000,Elexon BMRS FUELHH
2025-02-02T05:00:00Z,Imports & Exports,-172.000,Elexon BMRS FUELHH
2025-02-02T05:00:00Z,Nuclear,4277.000,Elexon BMRS FUELHH
2025-02-02T05:00:00Z,Other,296.000,Elexon BMRS FUELHH
2025-02-02T05:00:00Z,Pumped Storage,-1430.000,Elexon BMRS FUELHH
2025-02-02T05:00:00Z,Wind,10285.000,Elexon BMRS FUELHH
2025-02-02T05:30:00Z,Biomass,2694.000,Elexon BMRS FUELHH
2025-02-02T05:30:00Z,Coal,0.000,Elexon BMRS FUELHH
2025-02-02T05:30:00Z,Gas,6538.000,Elexon BMRS FUELHH
2025-02-02T05:30:00Z,Hydro,282.000,Elexon BMRS FUELHH
2025-02-02T05:30:00Z,Imports & Exports,-190.000,Elexon BMRS FUELHH
2025-02-02T05:30:00Z,Nuclear,4275.000,Elexon BMRS FUELHH
2025-02-02T05:30:00Z,Other,322.000,Elexon BMRS FUELHH
2025-02-02T05:30:00Z,Pumped Storage,-1612.000,Elexon BMRS FUELHH
2025-02-02T05:30:00Z,Wind,10321.000,Elexon BMRS FUELHH
2025-02-02T06:00:00Z,Biomass,2847.000,Elexon BMRS FUELHH
2025-02-02T06:00:00Z,Coal,0.000,Elexon BMRS FUELHH
2025-02-02T06:00:00Z,Gas,6510.000,Elexon BMRS FUELHH
2025-02-02T06:00:00Z,Hydro,298.000,Elexon BMRS FUELHH
2025-02-02T06:00:00Z,Imports & Exports,478.000,Elexon BMRS FUELHH
2025-02-02T06:00:00Z,Nuclear,4276.000,Elexon BMRS FUELHH
2025-02-02T06:00:00Z,Other,312.000,Elexon BMRS FUELHH
2025-02-02T06:00:00Z,Pumped Storage,-1574.000,Elexon BMRS FUELHH
2025-02-02T06:00:00Z,Wind,10313.000,Elexon BMRS FUELHH
2025-02-02T06:30:00Z,Biomass,3089.000,Elexon BMRS FUELHH
2025-02-02T06:30:00Z,Coal,0.000,Elexon BMRS FUELHH
2025-02-02T06:30:00Z,Gas,7142.000,Elexon BMRS FUELHH
2025-02-02T06:30:00Z,Hydro,369.000,Elexon BMRS FUELHH
2025-02-02T06:30:00Z,Imports & Exports,310.000,Elexon BMRS FUELHH
2025-02-02T06:30:00Z,Nuclear,4268.000,Elexon BMRS FUELHH
2025-02-02T06:30:00Z,Other,428.000,Elexon BMRS FUELHH
2025-02-02T06:30:00Z,Pumped Storage,-1322.000,Elexon BMRS FUELHH
2025-02-02T06:30:00Z,Wind,10315.000,Elexon BMRS FUELHH
2025-02-02T07:00:00Z,Biomass,3221.000,Elexon BMRS FUELHH
2025-02-02T07:00:00Z,Coal,0.000,Elexon BMRS FUELHH
2025-02-02T07:00:00Z,Gas,8648.000,Elexon BMRS FUELHH
2025-02-02T07:00:00Z,Hydro,422.000,Elexon BMRS FUELHH
2025-02-02T07:00:00Z,Imports & Exports,-1404.000,Elexon BMRS FUELHH
2025-02-02T07:00:00Z,Nuclear,4268.000,Elexon BMRS FUELHH
2025-02-02T07:00:00Z,Other,469.000,Elexon BMRS FUELHH
2025-02-02T07:00:00Z,Pumped Storage,-574.000,Elexon BMRS FUELHH
2025-02-02T07:00:00Z,Wind,10205.000,Elexon BMRS FUELHH
2025-02-02T07:30:00Z,Biomass,3236.000,Elexon BMRS FUELHH
2025-02-02T07:30:00Z,Coal,0.000,Elexon BMRS FUELHH
2025-02-02T07:30:00Z,Gas,9357.000,Elexon BMRS FUELHH
2025-02-02T07:30:00Z,Hydro,435.000,Elexon BMRS FUELHH
2025-02-02T07:30:00Z,Imports & Exports,-1614.000,Elexon BMRS FUELHH
2025-02-02T07:30:00Z,Nuclear,4272.000,Elexon BMRS FUELHH
2025-02-02T07:30:00Z,Other,547.000,Elexon BMRS FUELHH
2025-02-02T07:30:00Z,Pumped Storage,-372.000,Elexon BMRS FUELHH
2025-02-02T07:30:00Z,Wind,9900.000,Elexon BMRS FUELHH
2025-02-02T08:00:00Z,Biomass,3241.000,Elexon BMRS FUELHH
2025-02-02T08:00:00Z,Coal,0.000,Elexon BMRS FUELHH
2025-02-02T08:00:00Z,Gas,9796.000,Elexon BMRS FUELHH
2025-02-02T08:00:00Z,Hydro,470.000,Elexon BMRS FUELHH
2025-02-02T08:00:00Z,Imports & Exports,-108.000,Elexon BMRS FUELHH
2025-02-02T08:00:00Z,Nuclear,4272.000,Elexon BMRS FUELHH
2025-02-02T08:00:00Z,Other,529.000,Elexon BMRS FUELHH
2025-02-02T08:00:00Z,Pumped Storage,-106.000,Elexon BMRS FUELHH
2025-02-02T08:00:00Z,Wind,9424.000,Elexon BMRS FUELHH
2025-02-02T08:30:00Z,Biomass,3241.000,Elexon BMRS FUELHH
2025-02-02T08:30:00Z,Coal,0.000,Elexon BMRS FUELHH
2025-02-02T08:30:00Z,Gas,10025.000,Elexon BMRS FUELHH
2025-02-02T08:30:00Z,Hydro,492.000,Elexon BMRS FUELHH
2025-02-02T08:30:00Z,Imports & Exports,-136.000,Elexon BMRS FUELHH
2025-02-02T08:30:00Z,Nuclear,4273.000,Elexon BMRS FUELHH
2025-02-02T08:30:00Z,Other,1010.000,Elexon BMRS FUELHH
2025-02-02T08:30:00Z,Pumped Storage,78.000,Elexon BMRS FUELHH
2025-02-02T08:30:00Z,Wind,9434.000,Elexon BMRS FUELHH
2025-02-02T09:00:00Z,Biomass,3239.000,Elexon BMRS FUELHH
2025-02-02T09:00:00Z,Coal,0.000,Elexon BMRS FUELHH
2025-02-02T09:00:00Z,Gas,9990.000,Elexon BMRS FUELHH
2025-02-02T09:00:00Z,Hydro,485.000,Elexon BMRS FUELHH
2025-02-02T09:00:00Z,Imports & Exports,2268.000,Elexon BMRS FUELHH
2025-02-02T09:00:00Z,Nuclear,4281.000,Elexon BMRS FUELHH
2025-02-02T09:00:00Z,Other,544.000,Elexon BMRS FUELHH
2025-02-02T09:00:00Z,Pumped Storage,-188.000,Elexon BMRS FUELHH
2025-02-02T09:00:00Z,Wind,9139.000,Elexon BMRS FUELHH
2025-02-02T09:30:00Z,Biomass,3239.000,Elexon BMRS FUELHH
2025-02-02T09:30:00Z,Coal,0.000,Elexon BMRS FUELHH
2025-02-02T09:30:00Z,Gas,9718.000,Elexon BMRS FUELHH
2025-02-02T09:30:00Z,Hydro,488.000,Elexon BMRS FUELHH
2025-02-02T09:30:00Z,Imports & Exports,2430.000,Elexon BMRS FUELHH
2025-02-02T09:30:00Z,Nuclear,4284.000,Elexon BMRS FUELHH
2025-02-02T09:30:00Z,Other,565.000,Elexon BMRS FUELHH
2025-02-02T09:30:00Z,Pumped Storage,100.000,Elexon BMRS FUELHH
2025-02-02T09:30:00Z,Wind,8688.000,Elexon BMRS FUELHH
2025-02-02T10:00:00Z,Biomass,3231.000,Elexon BMRS FUELHH
2025-02-02T10:00:00Z,Coal,0.000,Elexon BMRS FUELHH
2025-02-02T10:00:00Z,Gas,8949.000,Elexon BMRS FUELHH
2025-02-02T10:00:00Z,Hydro,506.000,Elexon BMRS FUELHH
2025-02-02T10:00:00Z,Imports & Exports,4810.000,Elexon BMRS FUELHH
2025-02-02T10:00:00Z,Nuclear,4291.000,Elexon BMRS FUELHH
2025-02-02T10:00:00Z,Other,413.000,Elexon BMRS FUELHH
2025-02-02T10:00:00Z,Pumped Storage,-16.000,Elexon BMRS FUELHH
2025-02-02T10:00:00Z,Wind,8477.000,Elexon BMRS FUELHH
2025-02-02T10:30:00Z,Biomass,3229.000,Elexon BMRS FUELHH
2025-02-02T10:30:00Z,Coal,0.000,Elexon BMRS FUELHH
2025-02-02T10:30:00Z,Gas,8450.000,Elexon BMRS FUELHH
2025-02-02T10:30:00Z,Hydro,496.000,Elexon BMRS FUELHH
2025-02-02T10:30:00Z,Imports & Exports,4918.000,Elexon BMRS FUELHH
2025-02-02T10:30:00Z,Nuclear,4293.000,Elexon BMRS FUELHH
2025-02-02T10:30:00Z,Other,466.000,Elexon BMRS FUELHH
2025-02-02T10:30:00Z,Pumped Storage,-18.000,Elexon BMRS FUELHH
2025-02-02T10:30:00Z,Wind,8444.000,Elexon BMRS FUELHH
2025-02-02T11:00:00Z,Biomass,3229.000,Elexon BMRS FUELHH
2025-02-02T11:00:00Z,Coal,0.000,Elexon BMRS FUELHH
2025-02-02T11:00:00Z,Gas,8046.000,Elexon BMRS FUELHH
2025-02-02T11:00:00Z,Hydro,458.000,Elexon BMRS FUELHH
2025-02-02T11:00:00Z,Imports & Exports,5426.000,Elexon BMRS FUELHH
2025-02-02T11:00:00Z,Nuclear,4293.000,Elexon BMRS FUELHH
2025-02-02T11:00:00Z,Other,482.000,Elexon BMRS FUELHH
2025-02-02T11:00:00Z,Pumped Storage,-18.000,Elexon BMRS FUELHH
2025-02-02T11:00:00Z,Wind,8157.000,Elexon BMRS FUELHH
2025-02-02T11:30:00Z,Biomass,3199.000,Elexon BMRS FUELHH
2025-02-02T11:30:00Z,Coal,0.000,Elexon BMRS FUELHH
2025-02-02T11:30:00Z,Gas,7586.000,Elexon BMRS FUELHH
2025-02-02T11:30:00Z,Hydro,415.000,Elexon BMRS FUELHH
2025-02-02T11:30:00Z,Imports & Exports,5412.000,Elexon BMRS FUELHH
2025-02-02T11:30:00Z,Nuclear,4289.000,Elexon BMRS FUELHH
2025-02-02T11:30:00Z,Other,468.000,Elexon BMRS FUELHH
2025-02-02T11:30:00Z,Pumped Storage,-18.000,Elexon BMRS FUELHH
2025-02-02T11:30:00Z,Wind,7743.000,Elexon BMRS FUELHH
2025-02-02T12:00:00Z,Biomass,3236.000,Elexon BMRS FUELHH
2025-02-02T12:00:00Z,Coal,0.000,Elexon BMRS FUELHH
2025-02-02T12:00:00Z,Gas,8421.000,Elexon BMRS FUELHH
2025-02-02T12:00:00Z,Hydro,416.000,Elexon BMRS FUELHH
2025-02-02T12:00:00Z,Imports & Exports,4276.000,Elexon BMRS FUELHH
2025-02-02T12:00:00Z,Nuclear,4288.000,Elexon BMRS FUELHH
2025-02-02T12:00:00Z,Other,534.000,Elexon BMRS FUELHH
2025-02-02T12:00:00Z,Pumped Storage,302.000,Elexon BMRS FUELHH
2025-02-02T12:00:00Z,Wind,7265.000,Elexon BMRS FUELHH
2025-02-02T12:30:00Z,Biomass,3239.000,Elexon BMRS FUELHH
2025-02-02T12:30:00Z,Coal,0.000,Elexon BMRS FUELHH
2025-02-02T12:30:00Z,Gas,9007.000,Elexon BMRS FUELHH
2025-02-02T12:30:00Z,Hydro,421.000,Elexon BMRS FUELHH
2025-02-02T12:30:00Z,Imports & Exports,4270.000,Elexon BMRS FUELHH
2025-02-02T12:30:00Z,Nuclear,4283.000,Elexon BMRS FUELHH
2025-02-02T12:30:00Z,Other,750.000,Elexon BMRS FUELHH
2025-02-02T12:30:00Z,Pumped Storage,50.000,Elexon BMRS FUELHH
2025-02-02T12:30:00Z,Wind,6871.000,Elexon BMRS FUELHH
2025-02-02T13:00:00Z,Biomass,3237.000,Elexon BMRS FUELHH
2025-02-02T13:00:00Z,Coal,0.000,Elexon BMRS FUELHH
2025-02-02T13:00:00Z,Gas,9251.000,Elexon BMRS FUELHH
2025-02-02T13:00:00Z,Hydro,497.000,Elexon BMRS FUELHH
2025-02-02T13:00:00Z,Imports & Exports,4342.000,Elexon BMRS FUELHH
2025-02-02T13:00:00Z,Nuclear,4284.000,Elexon BMRS FUELHH
2025-02-02T13:00:00Z,Other,718.000,Elexon BMRS FUELHH
2025-02-02T13:00:00Z,Pumped Storage,-20.000,Elexon BMRS FUELHH
2025-02-02T13:00:00Z,Wind,6762.000,Elexon BMRS FUELHH
2025-02-02T13:30:00Z,Biomass,3233.000,Elexon BMRS FUELHH
2025-02-02T13:30:00Z,Coal,0.000,Elexon BMRS FUELHH
2025-02-02T13:30:00Z,Gas,10094.000,Elexon BMRS FUELHH
2025-02-02T13:30:00Z,Hydro,478.000,Elexon BMRS FUELHH
2025-02-02T13:30:00Z,Imports & Exports,4356.000,Elexon BMRS FUELHH
2025-02-02T13:30:00Z,Nuclear,4287.000,Elexon BMRS FUELHH
2025-02-02T13:30:00Z,Other,568.000,Elexon BMRS FUELHH
2025-02-02T13:30:00Z,Pumped Storage,146.000,Elexon BMRS FUELHH
2025-02-02T13:30:00Z,Wind,6386.000,Elexon BMRS FUELHH
2025-02-02T14:00:00Z,Biomass,3229.000,Elexon BMRS FUELHH
2025-02-02T14:00:00Z,Coal,0.000,Elexon BMRS FUELHH
2025-02-02T14:00:00Z,Gas,11534.000,Elexon BMRS FUELHH
2025-02-02T14:00:00Z,Hydro,513.000,Elexon BMRS FUELHH
2025-02-02T14:00:00Z,Imports & Exports,4210.000,Elexon BMRS FUELHH
2025-02-02T14:00:00Z,Nuclear,4291.000,Elexon BMRS FUELHH
2025-02-02T14:00:00Z,Other,498.000,Elexon BMRS FUELHH
2025-02-02T14:00:00Z,Pumped Storage,200.000,Elexon BMRS FUELHH
2025-02-02T14:00:00Z,Wind,5756.000,Elexon BMRS FUELHH
2025-02-02T14:30:00Z,Biomass,3229.000,Elexon BMRS FUELHH
2025-02-02T14:30:00Z,Coal,0.000,Elexon BMRS FUELHH
2025-02-02T14:30:00Z,Gas,14060.000,Elexon BMRS FUELHH
2025-02-02T14:30:00Z,Hydro,523.000,Elexon BMRS FUELHH
2025-02-02T14:30:00Z,Imports & Exports,3522.000,Elexon BMRS FUELHH
2025-02-02T14:30:00Z,Nuclear,4293.000,Elexon BMRS FUELHH
2025-02-02T14:30:00Z,Other,358.000,Elexon BMRS FUELHH
2025-02-02T14:30:00Z,Pumped Storage,346.000,Elexon BMRS FUELHH
2025-02-02T14:30:00Z,Wind,5498.000,Elexon BMRS FUELHH
2025-02-02T15:00:00Z,Biomass,3234.000,Elexon BMRS FUELHH
2025-02-02T15:00:00Z,Coal,0.000,Elexon BMRS FUELHH
2025-02-02T15:00:00Z,Gas,16017.000,Elexon BMRS FUELHH
2025-02-02T15:00:00Z,Hydro,542.000,Elexon BMRS FUELHH
2025-02-02T15:00:00Z,Imports & Exports,2860.000,Elexon BMRS FUELHH
2025-02-02T15:00:00Z,Nuclear,4293.000,Elexon BMRS FUELHH
2025-02-02T15:00:00Z,Other,379.000,Elexon BMRS FUELHH
2025-02-02T15:00:00Z,Pumped Storage,338.000,Elexon BMRS FUELHH
2025-02-02T15:00:00Z,Wind,4777.000,Elexon BMRS FUELHH
2025-02-02T15:30:00Z,Biomass,3242.000,Elexon BMRS FUELHH
2025-02-02T15:30:00Z,Coal,0.000,Elexon BMRS FUELHH
2025-02-02T15:30:00Z,Gas,18744.000,Elexon BMRS FUELHH
2025-02-02T15:30:00Z,Hydro,568.000,Elexon BMRS FUELHH
2025-02-02T15:30:00Z,Imports & Exports,2802.000,Elexon BMRS FUELHH
2025-02-02T15:30:00Z,Nuclear,4294.000,Elexon BMRS FUELHH
2025-02-02T15:30:00Z,Other,428.000,Elexon BMRS FUELHH
2025-02-02T15:30:00Z,Pumped Storage,482.000,Elexon BMRS FUELHH
2025-02-02T15:30:00Z,Wind,4056.000,Elexon BMRS FUELHH
2025-02-02T16:00:00Z,Biomass,3243.000,Elexon BMRS FUELHH
2025-02-02T16:00:00Z,Coal,0.000,Elexon BMRS FUELHH
2025-02-02T16:00:00Z,Gas,19639.000,Elexon BMRS FUELHH
2025-02-02T16:00:00Z,Hydro,694.000,Elexon BMRS FUELHH
2025-02-02T16:00:00Z,Imports & Exports,3376.000,Elexon BMRS FUELHH
2025-02-02T16:00:00Z,Nuclear,4296.000,Elexon BMRS FUELHH
2025-02-02T16:00:00Z,Other,481.000,Elexon BMRS FUELHH
2025-02-02T16:00:00Z,Pumped Storage,1012.000,Elexon BMRS FUELHH
2025-02-02T16:00:00Z,Wind,3992.000,Elexon BMRS FUELHH
2025-02-02T16:30:00Z,Biomass,3241.000,Elexon BMRS FUELHH
2025-02-02T16:30:00Z,Coal,0.000,Elexon BMRS FUELHH
2025-02-02T16:30:00Z,Gas,20066.000,Elexon BMRS FUELHH
2025-02-02T16:30:00Z,Hydro,697.000,Elexon BMRS FUELHH
2025-02-02T16:30:00Z,Imports & Exports,3570.000,Elexon BMRS FUELHH
2025-02-02T16:30:00Z,Nuclear,4295.000,Elexon BMRS FUELHH
2025-02-02T16:30:00Z,Other,778.000,Elexon BMRS FUELHH
2025-02-02T16:30:00Z,Pumped Storage,1250.000,Elexon BMRS FUELHH
2025-02-02T16:30:00Z,Wind,3934.000,Elexon BMRS FUELHH
2025-02-02T17:00:00Z,Biomass,3236.000,Elexon BMRS FUELHH
2025-02-02T17:00:00Z,Coal,0.000,Elexon BMRS FUELHH
2025-02-02T17:00:00Z,Gas,20329.000,Elexon BMRS FUELHH
2025-02-02T17:00:00Z,Hydro,755.000,Elexon BMRS FUELHH
2025-02-02T17:00:00Z,Imports & Exports,4730.000,Elexon BMRS FUELHH
2025-02-02T17:00:00Z,Nuclear,4299.000,Elexon BMRS FUELHH
2025-02-02T17:00:00Z,Other,1120.000,Elexon BMRS FUELHH
2025-02-02T17:00:00Z,Pumped Storage,1532.000,Elexon BMRS FUELHH
2025-02-02T17:00:00Z,Wind,4235.000,Elexon BMRS FUELHH
2025-02-02T17:30:00Z,Biomass,3238.000,Elexon BMRS FUELHH
2025-02-02T17:30:00Z,Coal,0.000,Elexon BMRS FUELHH
2025-02-02T17:30:00Z,Gas,20283.000,Elexon BMRS FUELHH
2025-02-02T17:30:00Z,Hydro,765.000,Elexon BMRS FUELHH
2025-02-02T17:30:00Z,Imports & Exports,4792.000,Elexon BMRS FUELHH
2025-02-02T17:30:00Z,Nuclear,4297.000,Elexon BMRS FUELHH
2025-02-02T17:30:00Z,Other,1223.000,Elexon BMRS FUELHH
2025-02-02T17:30:00Z,Pumped Storage,1836.000,Elexon BMRS FUELHH
2025-02-02T17:30:00Z,Wind,4537.000,Elexon BMRS FUELHH
2025-02-02T18:00:00Z,Biomass,3235.000,Elexon BMRS FUELHH
2025-02-02T18:00:00Z,Coal,0.000,Elexon BMRS FUELHH
2025-02-02T18:00:00Z,Gas,20262.000,Elexon BMRS FUELHH
2025-02-02T18:00:00Z,Hydro,763.000,Elexon BMRS FUELHH
2025-02-02T18:00:00Z,Imports & Exports,4164.000,Elexon BMRS FUELHH
2025-02-02T18:00:00Z,Nuclear,4294.000,Elexon BMRS FUELHH
2025-02-02T18:00:00Z,Other,1065.000,Elexon BMRS FUELHH
2025-02-02T18:00:00Z,Pumped Storage,1848.000,Elexon BMRS FUELHH
2025-02-02T18:00:00Z,Wind,4624.000,Elexon BMRS FUELHH
2025-02-02T18:30:00Z,Biomass,3236.000,Elexon BMRS FUELHH
2025-02-02T18:30:00Z,Coal,0.000,Elexon BMRS FUELHH
2025-02-02T18:30:00Z,Gas,20141.000,Elexon BMRS FUELHH
2025-02-02T18:30:00Z,Hydro,760.000,Elexon BMRS FUELHH
2025-02-02T18:30:00Z,Imports & Exports,4130.000,Elexon BMRS FUELHH
2025-02-02T18:30:00Z,Nuclear,4296.000,Elexon BMRS FUELHH
2025-02-02T18:30:00Z,Other,701.000,Elexon BMRS FUELHH
2025-02-02T18:30:00Z,Pumped Storage,1638.000,Elexon BMRS FUELHH
2025-02-02T18:30:00Z,Wind,4956.000,Elexon BMRS FUELHH
2025-02-02T19:00:00Z,Biomass,3234.000,Elexon BMRS FUELHH
2025-02-02T19:00:00Z,Coal,0.000,Elexon BMRS FUELHH
2025-02-02T19:00:00Z,Gas,20173.000,Elexon BMRS FUELHH
2025-02-02T19:00:00Z,Hydro,728.000,Elexon BMRS FUELHH
2025-02-02T19:00:00Z,Imports & Exports,1992.000,Elexon BMRS FUELHH
2025-02-02T19:00:00Z,Nuclear,4288.000,Elexon BMRS FUELHH
2025-02-02T19:00:00Z,Other,852.000,Elexon BMRS FUELHH
2025-02-02T19:00:00Z,Pumped Storage,1006.000,Elexon BMRS FUELHH
2025-02-02T19:00:00Z,Wind,5547.000,Elexon BMRS FUELHH
2025-02-02T19:30:00Z,Biomass,3230.000,Elexon BMRS FUELHH
2025-02-02T19:30:00Z,Coal,0.000,Elexon BMRS FUELHH
2025-02-02T19:30:00Z,Gas,19649.000,Elexon BMRS FUELHH
2025-02-02T19:30:00Z,Hydro,703.000,Elexon BMRS FUELHH
2025-02-02T19:30:00Z,Imports & Exports,1974.000,Elexon BMRS FUELHH
2025-02-02T19:30:00Z,Nuclear,4284.000,Elexon BMRS FUELHH
2025-02-02T19:30:00Z,Other,467.000,Elexon BMRS FUELHH
2025-02-02T19:30:00Z,Pumped Storage,474.000,Elexon BMRS FUELHH
2025-02-02T19:30:00Z,Wind,6484.000,Elexon BMRS FUELHH
2025-02-02T20:00:00Z,Biomass,3223.000,Elexon BMRS FUELHH
2025-02-02T20:00:00Z,Coal,0.000,Elexon BMRS FUELHH
2025-02-02T20:00:00Z,Gas,19701.000,Elexon BMRS FUELHH
2025-02-02T20:00:00Z,Hydro,636.000,Elexon BMRS FUELHH
2025-02-02T20:00:00Z,Imports & Exports,-250.000,Elexon BMRS FUELHH
2025-02-02T20:00:00Z,Nuclear,4287.000,Elexon BMRS FUELHH
2025-02-02T20:00:00Z,Other,909.000,Elexon BMRS FUELHH
2025-02-02T20:00:00Z,Pumped Storage,-12.000,Elexon BMRS FUELHH
2025-02-02T20:00:00Z,Wind,7302.000,Elexon BMRS FUELHH
2025-02-02T20:30:00Z,Biomass,3221.000,Elexon BMRS FUELHH
2025-02-02T20:30:00Z,Coal,0.000,Elexon BMRS FUELHH
2025-02-02T20:30:00Z,Gas,18349.000,Elexon BMRS FUELHH
2025-02-02T20:30:00Z,Hydro,613.000,Elexon BMRS FUELHH
2025-02-02T20:30:00Z,Imports & Exports,-292.000,Elexon BMRS FUELHH
2025-02-02T20:30:00Z,Nuclear,4278.000,Elexon BMRS FUELHH
2025-02-02T20:30:00Z,Other,535.000,Elexon BMRS FUELHH
2025-02-02T20:30:00Z,Pumped Storage,162.000,Elexon BMRS FUELHH
2025-02-02T20:30:00Z,Wind,7623.000,Elexon BMRS FUELHH
2025-02-02T21:00:00Z,Biomass,3207.000,Elexon BMRS FUELHH
2025-02-02T21:00:00Z,Coal,0.000,Elexon BMRS FUELHH
2025-02-02T21:00:00Z,Gas,16600.000,Elexon BMRS FUELHH
2025-02-02T21:00:00Z,Hydro,475.000,Elexon BMRS FUELHH
2025-02-02T21:00:00Z,Imports & Exports,-64.000,Elexon BMRS FUELHH
2025-02-02T21:00:00Z,Nuclear,4283.000,Elexon BMRS FUELHH
2025-02-02T21:00:00Z,Other,407.000,Elexon BMRS FUELHH
2025-02-02T21:00:00Z,Pumped Storage,162.000,Elexon BMRS FUELHH
2025-02-02T21:00:00Z,Wind,8076.000,Elexon BMRS FUELHH
2025-02-02T21:30:00Z,Biomass,3196.000,Elexon BMRS FUELHH
2025-02-02T21:30:00Z,Coal,0.000,Elexon BMRS FUELHH
2025-02-02T21:30:00Z,Gas,14971.000,Elexon BMRS FUELHH
2025-02-02T21:30:00Z,Hydro,436.000,Elexon BMRS FUELHH
2025-02-02T21:30:00Z,Imports & Exports,-98.000,Elexon BMRS FUELHH
2025-02-02T21:30:00Z,Nuclear,4285.000,Elexon BMRS FUELHH
2025-02-02T21:30:00Z,Other,390.000,Elexon BMRS FUELHH
2025-02-02T21:30:00Z,Pumped Storage,-8.000,Elexon BMRS FUELHH
2025-02-02T21:30:00Z,Wind,8312.000,Elexon BMRS FUELHH
2025-02-02T22:00:00Z,Biomass,3203.000,Elexon BMRS FUELHH
2025-02-02T22:00:00Z,Coal,0.000,Elexon BMRS FUELHH
2025-02-02T22:00:00Z,Gas,14227.000,Elexon BMRS FUELHH
2025-02-02T22:00:00Z,Hydro,365.000,Elexon BMRS FUELHH
2025-02-02T22:00:00Z,Imports & Exports,-986.000,Elexon BMRS FUELHH
2025-02-02T22:00:00Z,Nuclear,4286.000,Elexon BMRS FUELHH
2025-02-02T22:00:00Z,Other,527.000,Elexon BMRS FUELHH
2025-02-02T22:00:00Z,Pumped Storage,-344.000,Elexon BMRS FUELHH
2025-02-02T22:00:00Z,Wind,8641.000,Elexon BMRS FUELHH
2025-02-02T22:30:00Z,Biomass,3203.000,Elexon BMRS FUELHH
2025-02-02T22:30:00Z,Coal,0.000,Elexon BMRS FUELHH
2025-02-02T22:30:00Z,Gas,13024.000,Elexon BMRS FUELHH
2025-02-02T22:30:00Z,Hydro,353.000,Elexon BMRS FUELHH
2025-02-02T22:30:00Z,Imports & Exports,-1604.000,Elexon BMRS FUELHH
2025-02-02T22:30:00Z,Nuclear,4282.000,Elexon BMRS FUELHH
2025-02-02T22:30:00Z,Other,439.000,Elexon BMRS FUELHH
2025-02-02T22:30:00Z,Pumped Storage,-280.000,Elexon BMRS FUELHH
2025-02-02T22:30:00Z,Wind,8519.000,Elexon BMRS FUELHH
2025-02-02T23:00:00Z,Biomass,3200.000,Elexon BMRS FUELHH
2025-02-02T23:00:00Z,Coal,0.000,Elexon BMRS FUELHH
2025-02-02T23:00:00Z,Gas,10304.000,Elexon BMRS FUELHH
2025-02-02T23:00:00Z,Hydro,315.000,Elexon BMRS FUELHH
2025-02-02T23:00:00Z,Imports & Exports,-10.000,Elexon BMRS FUELHH
2025-02-02T23:00:00Z,Nuclear,4285.000,Elexon BMRS FUELHH
2025-02-02T23:00:00Z,Other,380.000,Elexon BMRS FUELHH
2025-02-02T23:00:00Z,Pumped Storage,-390.000,Elexon BMRS FUELHH
2025-02-02T23:00:00Z,Wind,8472.000,Elexon BMRS FUELHH
2025-02-02T23:30:00Z,Biomass,3202.000,Elexon BMRS FUELHH
2025-02-02T23:30:00Z,Coal,0.000,Elexon BMRS FUELHH
2025-02-02T23:30:00Z,Gas,9273.000,Elexon BMRS FUELHH
2025-02-02T23:30:00Z,Hydro,310.000,Elexon BMRS FUELHH
2025-02-02T23:30:00Z,Imports & Exports,760.000,Elexon BMRS FUELHH
2025-02-02T23:30:00Z,Nuclear,4285.000,Elexon BMRS FUELHH
2025-02-02T23:30:00Z,Other,418.000,Elexon BMRS FUELHH
2025-02-02T23:30:00Z,Pumped Storage,-524.000,Elexon BMRS FUELHH
2025-02-02T23:30:00Z,Wind,8032.000,Elexon BMRS FUELHH
2025-02-03T00:00:00Z,Biomass,3207.000,Elexon BMRS FUELHH
2025-02-03T00:00:00Z,Coal,0.000,Elexon BMRS FUELHH
2025-02-03T00:00:00Z,Gas,8753.000,Elexon BMRS FUELHH
2025-02-03T00:00:00Z,Hydro,301.000,Elexon BMRS FUELHH
2025-02-03T00:00:00Z,Imports & Exports,1928.000,Elexon BMRS FUELHH
2025-02-03T00:00:00Z,Nuclear,4291.000,Elexon BMRS FUELHH
2025-02-03T00:00:00Z,Other,390.000,Elexon BMRS FUELHH
2025-02-03T00:00:00Z,Pumped Storage,-988.000,Elexon BMRS FUELHH
2025-02-03T00:00:00Z,Wind,8275.000,Elexon BMRS FUELHH
2025-02-03T00:30:00Z,Biomass,3204.000,Elexon BMRS FUELHH
2025-02-03T00:30:00Z,Coal,0.000,Elexon BMRS FUELHH
2025-02-03T00:30:00Z,Gas,8732.000,Elexon BMRS FUELHH
2025-02-03T00:30:00Z,Hydro,323.000,Elexon BMRS FUELHH
2025-02-03T00:30:00Z,Imports & Exports,2148.000,Elexon BMRS FUELHH
2025-02-03T00:30:00Z,Nuclear,4291.000,Elexon BMRS FUELHH
2025-02-03T00:30:00Z,Other,509.000,Elexon BMRS FUELHH
2025-02-03T00:30:00Z,Pumped Storage,-1084.000,Elexon BMRS FUELHH
2025-02-03T00:30:00Z,Wind,8656.000,Elexon BMRS FUELHH
2025-02-03T01:00:00Z,Biomass,3204.000,Elexon BMRS FUELHH
2025-02-03T01:00:00Z,Coal,0.000,Elexon BMRS FUELHH
2025-02-03T01:00:00Z,Gas,8914.000,Elexon BMRS FUELHH
2025-02-03T01:00:00Z,Hydro,264.000,Elexon BMRS FUELHH
2025-02-03T01:00:00Z,Imports & Exports,1582.000,Elexon BMRS FUELHH
2025-02-03T01:00:00Z,Nuclear,4294.000,Elexon BMRS FUELHH
2025-02-03T01:00:00Z,Other,372.000,Elexon BMRS FUELHH
2025-02-03T01:00:00Z,Pumped Storage,-1132.000,Elexon BMRS FUELHH
2025-02-03T01:00:00Z,Wind,8823.000,Elexon BMRS FUELHH
2025-02-03T01:30:00Z,Biomass,3198.000,Elexon BMRS FUELHH
2025-02-03T01:30:00Z,Coal,0.000,Elexon BMRS FUELHH
2025-02-03T01:30:00Z,Gas,8322.000,Elexon BMRS FUELHH
2025-02-03T01:30:00Z,Hydro,256.000,Elexon BMRS FUELHH
2025-02-03T01:30:00Z,Imports & Exports,1738.000,Elexon BMRS FUELHH
2025-02-03T01:30:00Z,Nuclear,4298.000,Elexon BMRS FUELHH
2025-02-03T01:30:00Z,Other,346.000,Elexon BMRS FUELHH
2025-02-03T01:30:00Z,Pumped Storage,-1206.000,Elexon BMRS FUELHH
2025-02-03T01:30:00Z,Wind,9261.000,Elexon BMRS FUELHH
2025-02-03T02:00:00Z,Biomass,3203.000,Elexon BMRS FUELHH
2025-02-03T02:00:00Z,Coal,0.000,Elexon BMRS FUELHH
2025-02-03T02:00:00Z,Gas,8263.000,Elexon BMRS FUELHH
2025-02-03T02:00:00Z,Hydro,253.000,Elexon BMRS FUELHH
2025-02-03T02:00:00Z,Imports & Exports,1252.000,Elexon BMRS FUELHH
2025-02-03T02:00:00Z,Nuclear,4295.000,Elexon BMRS FUELHH
2025-02-03T02:00:00Z,Other,355.000,Elexon BMRS FUELHH
2025-02-03T02:00:00Z,Pumped Storage,-1500.000,Elexon BMRS FUELHH
2025-02-03T02:00:00Z,Wind,9306.000,Elexon BMRS FUELHH
2025-02-03T02:30:00Z,Biomass,3204.000,Elexon BMRS FUELHH
2025-02-03T02:30:00Z,Coal,0.000,Elexon BMRS FUELHH
2025-02-03T02:30:00Z,Gas,8294.000,Elexon BMRS FUELHH
2025-02-03T02:30:00Z,Hydro,250.000,Elexon BMRS FUELHH
2025-02-03T02:30:00Z,Imports & Exports,1170.000,Elexon BMRS FUELHH
2025-02-03T02:30:00Z,Nuclear,4291.000,Elexon BMRS FUELHH
2025-02-03T02:30:00Z,Other,450.000,Elexon BMRS FUELHH
2025-02-03T02:30:00Z,Pumped Storage,-1556.000,Elexon BMRS FUELHH
2025-02-03T02:30:00Z,Wind,8863.000,Elexon BMRS FUELHH
2025-02-03T03:00:00Z,Biomass,3203.000,Elexon BMRS FUELHH
2025-02-03T03:00:00Z,Coal,0.000,Elexon BMRS FUELHH
2025-02-03T03:00:00Z,Gas,9233.000,Elexon BMRS FUELHH
2025-02-03T03:00:00Z,Hydro,252.000,Elexon BMRS FUELHH
2025-02-03T03:00:00Z,Imports & Exports,4.000,Elexon BMRS FUELHH
2025-02-03T03:00:00Z,Nuclear,4294.000,Elexon BMRS FUELHH
2025-02-03T03:00:00Z,Other,425.000,Elexon BMRS FUELHH
2025-02-03T03:00:00Z,Pumped Storage,-1554.000,Elexon BMRS FUELHH
2025-02-03T03:00:00Z,Wind,8447.000,Elexon BMRS FUELHH
2025-02-03T03:30:00Z,Biomass,3208.000,Elexon BMRS FUELHH
2025-02-03T03:30:00Z,Coal,0.000,Elexon BMRS FUELHH
2025-02-03T03:30:00Z,Gas,9298.000,Elexon BMRS FUELHH
2025-02-03T03:30:00Z,Hydro,251.000,Elexon BMRS FUELHH
2025-02-03T03:30:00Z,Imports & Exports,-38.000,Elexon BMRS FUELHH
2025-02-03T03:30:00Z,Nuclear,4290.000,Elexon BMRS FUELHH
2025-02-03T03:30:00Z,Other,447.000,Elexon BMRS FUELHH
2025-02-03T03:30:00Z,Pumped Storage,-1814.000,Elexon BMRS FUELHH
2025-02-03T03:30:00Z,Wind,8317.000,Elexon BMRS FUELHH
2025-02-03T04:00:00Z,Biomass,3181.000,Elexon BMRS FUELHH
2025-02-03T04:00:00Z,Coal,0.000,Elexon BMRS FUELHH
2025-02-03T04:00:00Z,Gas,9938.000,Elexon BMRS FUELHH
2025-02-03T04:00:00Z,Hydro,251.000,Elexon BMRS FUELHH
2025-02-03T04:00:00Z,Imports & Exports,-996.000,Elexon BMRS FUELHH
2025-02-03T04:00:00Z,Nuclear,4291.000,Elexon BMRS FUELHH
2025-02-03T04:00:00Z,Other,530.000,Elexon BMRS FUELHH
2025-02-03T04:00:00Z,Pumped Storage,-1808.000,Elexon BMRS FUELHH
2025-02-03T04:00:00Z,Wind,8226.000,Elexon BMRS FUELHH
2025-02-03T04:30:00Z,Biomass,3210.000,Elexon BMRS FUELHH
2025-02-03T04:30:00Z,Coal,0.000,Elexon BMRS FUELHH
2025-02-03T04:30:00Z,Gas,10270.000,Elexon BMRS FUELHH
2025-02-03T04:30:00Z,Hydro,252.000,Elexon BMRS FUELHH
2025-02-03T04:30:00Z,Imports & Exports,-1022.000,Elexon BMRS FUELHH
2025-02-03T04:30:00Z,Nuclear,4284.000,Elexon BMRS FUELHH
2025-02-03T04:30:00Z,Other,559.000,Elexon BMRS FUELHH
2025-02-03T04:30:00Z,Pumped Storage,-1394.000,Elexon BMRS FUELHH
2025-02-03T04:30:00Z,Wind,7195.000,Elexon BMRS FUELHH
2025-02-03T05:00:00Z,Biomass,3208.000,Elexon BMRS FUELHH
2025-02-03T05:00:00Z,Coal,0.000,Elexon BMRS FUELHH
2025-02-03T05:00:00Z,Gas,11910.000,Elexon BMRS FUELHH
2025-02-03T05:00:00Z,Hydro,311.000,Elexon BMRS FUELHH
2025-02-03T05:00:00Z,Imports & Exports,-2816.000,Elexon BMRS FUELHH
2025-02-03T05:00:00Z,Nuclear,4289.000,Elexon BMRS FUELHH
2025-02-03T05:00:00Z,Other,586.000,Elexon BMRS FUELHH
2025-02-03T05:00:00Z,Pumped Storage,-516.000,Elexon BMRS FUELHH
2025-02-03T05:00:00Z,Wind,7607.000,Elexon BMRS FUELHH
2025-02-03T05:30:00Z,Biomass,3220.000,Elexon BMRS FUELHH
2025-02-03T05:30:00Z,Coal,0.000,Elexon BMRS FUELHH
2025-02-03T05:30:00Z,Gas,13188.000,Elexon BMRS FUELHH
2025-02-03T05:30:00Z,Hydro,321.000,Elexon BMRS FUELHH
2025-02-03T05:30:00Z,Imports & Exports,-3034.000,Elexon BMRS FUELHH
2025-02-03T05:30:00Z,Nuclear,4283.000,Elexon BMRS FUELHH
2025-02-03T05:30:00Z,Other,513.000,Elexon BMRS FUELHH
2025-02-03T05:30:00Z,Pumped Storage,-708.000,Elexon BMRS FUELHH
2025-02-03T05:30:00Z,Wind,8095.000,Elexon BMRS FUELHH
2025-02-03T06:00:00Z,Biomass,3225.000,Elexon BMRS FUELHH
2025-02-03T06:00:00Z,Coal,0.000,Elexon BMRS FUELHH
2025-02-03T06:00:00Z,Gas,15373.000,Elexon BMRS FUELHH
2025-02-03T06:00:00Z,Hydro,350.000,Elexon BMRS FUELHH
2025-02-03T06:00:00Z,Imports & Exports,-2680.000,Elexon BMRS FUELHH
2025-02-03T06:00:00Z,Nuclear,4286.000,Elexon BMRS FUELHH
2025-02-03T06:00:00Z,Other,443.000,Elexon BMRS FUELHH
2025-02-03T06:00:00Z,Pumped Storage,-52.000,Elexon BMRS FUELHH
2025-02-03T06:00:00Z,Wind,8059.000,Elexon BMRS FUELHH
2025-02-03T06:30:00Z,Biomass,3223.000,Elexon BMRS FUELHH
2025-02-03T06:30:00Z,Coal,0.000,Elexon BMRS FUELHH
2025-02-03T06:30:00Z,Gas,18146.000,Elexon BMRS FUELHH
2025-02-03T06:30:00Z,Hydro,359.000,Elexon BMRS FUELHH
2025-02-03T06:30:00Z,Imports & Exports,-2716.000,Elexon BMRS FUELHH
2025-02-03T06:30:00Z,Nuclear,4284.000,Elexon BMRS FUELHH
2025-02-03T06:30:00Z,Other,388.000,Elexon BMRS FUELHH
2025-02-03T06:30:00Z,Pumped Storage,-20.000,Elexon BMRS FUELHH
2025-02-03T06:30:00Z,Wind,8058.000,Elexon BMRS FUELHH
2025-02-03T07:00:00Z,Biomass,3217.000,Elexon BMRS FUELHH
2025-02-03T07:00:00Z,Coal,0.000,Elexon BMRS FUELHH
2025-02-03T07:00:00Z,Gas,19177.000,Elexon BMRS FUELHH
2025-02-03T07:00:00Z,Hydro,423.000,Elexon BMRS FUELHH
2025-02-03T07:00:00Z,Imports & Exports,-1970.000,Elexon BMRS FUELHH
2025-02-03T07:00:00Z,Nuclear,4284.000,Elexon BMRS FUELHH
2025-02-03T07:00:00Z,Other,724.000,Elexon BMRS FUELHH
2025-02-03T07:00:00Z,Pumped Storage,200.000,Elexon BMRS FUELHH
2025-02-03T07:00:00Z,Wind,8063.000,Elexon BMRS FUELHH
2025-02-03T07:30:00Z,Biomass,3213.000,Elexon BMRS FUELHH
2025-02-03T07:30:00Z,Coal,0.000,Elexon BMRS FUELHH
2025-02-03T07:30:00Z,Gas,19462.000,Elexon BMRS FUELHH
2025-02-03T07:30:00Z,Hydro,457.000,Elexon BMRS FUELHH
2025-02-03T07:30:00Z,Imports & Exports,-1602.000,Elexon BMRS FUELHH
2025-02-03T07:30:00Z,Nuclear,4286.000,Elexon BMRS FUELHH
2025-02-03T07:30:00Z,Other,1004.000,Elexon BMRS FUELHH
2025-02-03T07:30:00Z,Pumped Storage,116.000,Elexon BMRS FUELHH
2025-02-03T07:30:00Z,Wind,8431.000,Elexon BMRS FUELHH
2025-02-03T08:00:00Z,Biomass,3210.000,Elexon BMRS FUELHH
2025-02-03T08:00:00Z,Coal,0.000,Elexon BMRS FUELHH
2025-02-03T08:00:00Z,Gas,18275.000,Elexon BMRS FUELHH
2025-02-03T08:00:00Z,Hydro,407.000,Elexon BMRS FUELHH
2025-02-03T08:00:00Z,Imports & Exports,1768.000,Elexon BMRS FUELHH
2025-02-03T08:00:00Z,Nuclear,4286.000,Elexon BMRS FUELHH
2025-02-03T08:00:00Z,Other,603.000,Elexon BMRS FUELHH
2025-02-03T08:00:00Z,Pumped Storage,28.000,Elexon BMRS FUELHH
2025-02-03T08:00:00Z,Wind,8808.000,Elexon BMRS FUELHH
2025-02-03T08:30:00Z,Biomass,3169.000,Elexon BMRS FUELHH
2025-02-03T08:30:00Z,Coal,0.000,Elexon BMRS FUELHH
2025-02-03T08:30:00Z,Gas,18164.000,Elexon BMRS FUELHH
2025-02-03T08:30:00Z,Hydro,399.000,Elexon BMRS FUELHH
2025-02-03T08:30:00Z,Imports & Exports,1944.000,Elexon BMRS FUELHH
2025-02-03T08:30:00Z,Nuclear,4291.000,Elexon BMRS FUELHH
2025-02-03T08:30:00Z,Other,557.000,Elexon BMRS FUELHH
2025-02-03T08:30:00Z,Pumped Storage,-18.000,Elexon BMRS FUELHH
2025-02-03T08:30:00Z,Wind,9346.000,Elexon BMRS FUELHH
2025-02-03T09:00:00Z,Biomass,3175.000,Elexon BMRS FUELHH
2025-02-03T09:00:00Z,Coal,0.000,Elexon BMRS FUELHH
2025-02-03T09:00:00Z,Gas,18240.000,Elexon BMRS FUELHH
2025-02-03T09:00:00Z,Hydro,415.000,Elexon BMRS FUELHH
2025-02-03T09:00:00Z,Imports & Exports,2116.000,Elexon BMRS FUELHH
2025-02-03T09:00:00Z,Nuclear,4286.000,Elexon BMRS FUELHH
2025-02-03T09:00:00Z,Other,562.000,Elexon BMRS FUELHH
2025-02-03T09:00:00Z,Pumped Storage,96.000,Elexon BMRS FUELHH
2025-02-03T09:00:00Z,Wind,9883.000,Elexon BMRS FUELHH
2025-02-03T09:30:00Z,Biomass,3195.000,Elexon BMRS FUELHH
2025-02-03T09:30:00Z,Coal,0.000,Elexon BMRS FUELHH
2025-02-03T09:30:00Z,Gas,18000.000,Elexon BMRS FUELHH
2025-02-03T09:30:00Z,Hydro,408.000,Elexon BMRS FUELHH
2025-02-03T09:30:00Z,Imports & Exports,2046.000,Elexon BMRS FUELHH
2025-02-03T09:30:00Z,Nuclear,4293.000,Elexon BMRS FUELHH
2025-02-03T09:30:00Z,Other,632.000,Elexon BMRS FUELHH
2025-02-03T09:30:00Z,Pumped Storage,170.000,Elexon BMRS FUELHH
2025-02-03T09:30:00Z,Wind,9724.000,Elexon BMRS FUELHH
2025-02-03T10:00:00Z,Biomass,3193.000,Elexon BMRS FUELHH
2025-02-03T10:00:00Z,Coal,0.000,Elexon BMRS FUELHH
2025-02-03T10:00:00Z,Gas,18070.000,Elexon BMRS FUELHH
2025-02-03T10:00:00Z,Hydro,421.000,Elexon BMRS FUELHH
2025-02-03T10:00:00Z,Imports & Exports,1402.000,Elexon BMRS FUELHH
2025-02-03T10:00:00Z,Nuclear,4287.000,Elexon BMRS FUELHH
2025-02-03T10:00:00Z,Other,725.000,Elexon BMRS FUELHH
2025-02-03T10:00:00Z,Pumped Storage,266.000,Elexon BMRS FUELHH
2025-02-03T10:00:00Z,Wind,9572.000,Elexon BMRS FUELHH
2025-02-03T10:30:00Z,Biomass,3195.000,Elexon BMRS FUELHH
2025-02-03T10:30:00Z,Coal,0.000,Elexon BMRS FUELHH
2025-02-03T10:30:00Z,Gas,17783.000,Elexon BMRS FUELHH
2025-02-03T10:30:00Z,Hydro,386.000,Elexon BMRS FUELHH
2025-02-03T10:30:00Z,Imports & Exports,1176.000,Elexon BMRS FUELHH
2025-02-03T10:30:00Z,Nuclear,4292.000,Elexon BMRS FUELHH
2025-02-03T10:30:00Z,Other,697.000,Elexon BMRS FUELHH
2025-02-03T10:30:00Z,Pumped Storage,298.000,Elexon BMRS FUELHH
2025-02-03T10:30:00Z,Wind,9767.000,Elexon BMRS FUELHH
2025-02-03T11:00:00Z,Biomass,3191.000,Elexon BMRS FUELHH
2025-02-03T11:00:00Z,Coal,0.000,Elexon BMRS FUELHH
2025-02-03T11:00:00Z,Gas,17195.000,Elexon BMRS FUELHH
2025-02-03T11:00:00Z,Hydro,406.000,Elexon BMRS FUELHH
2025-02-03T11:00:00Z,Imports & Exports,1374.000,Elexon BMRS FUELHH
2025-02-03T11:00:00Z,Nuclear,4289.000,Elexon BMRS FUELHH
2025-02-03T11:00:00Z,Other,654.000,Elexon BMRS FUELHH
2025-02-03T11:00:00Z,Pumped Storage,292.000,Elexon BMRS FUELHH
2025-02-03T11:00:00Z,Wind,10046.000,Elexon BMRS FUELHH
2025-02-03T11:30:00Z,Biomass,3191.000,Elexon BMRS FUELHH
2025-02-03T11:30:00Z,Coal,0.000,Elexon BMRS FUELHH
2025-02-03T11:30:00Z,Gas,16923.000,Elexon BMRS FUELHH
2025-02-03T11:30:00Z,Hydro,418.000,Elexon BMRS FUELHH
2025-02-03T11:30:00Z,Imports & Exports,1454.000,Elexon BMRS FUELHH
2025-02-03T11:30:00Z,Nuclear,4293.000,Elexon BMRS FUELHH
2025-02-03T11:30:00Z,Other,440.000,Elexon BMRS FUELHH
2025-02-03T11:30:00Z,Pumped Storage,130.000,Elexon BMRS FUELHH
2025-02-03T11:30:00Z,Wind,10516.000,Elexon BMRS FUELHH
2025-02-03T12:00:00Z,Biomass,3179.000,Elexon BMRS FUELHH
2025-02-03T12:00:00Z,Coal,0.000,Elexon BMRS FUELHH
2025-02-03T12:00:00Z,Gas,16833.000,Elexon BMRS FUELHH
2025-02-03T12:00:00Z,Hydro,405.000,Elexon BMRS FUELHH
2025-02-03T12:00:00Z,Imports & Exports,1102.000,Elexon BMRS FUELHH
2025-02-03T12:00:00Z,Nuclear,4288.000,Elexon BMRS FUELHH
2025-02-03T12:00:00Z,Other,371.000,Elexon BMRS FUELHH
2025-02-03T12:00:00Z,Pumped Storage,14.000,Elexon BMRS FUELHH
2025-02-03T12:00:00Z,Wind,10960.000,Elexon BMRS FUELHH
2025-02-03T12:30:00Z,Biomass,3187.000,Elexon BMRS FUELHH
2025-02-03T12:30:00Z,Coal,0.000,Elexon BMRS FUELHH
2025-02-03T12:30:00Z,Gas,16354.000,Elexon BMRS FUELHH
2025-02-03T12:30:00Z,Hydro,409.000,Elexon BMRS FUELHH
2025-02-03T12:30:00Z,Imports & Exports,1076.000,Elexon BMRS FUELHH
2025-02-03T12:30:00Z,Nuclear,4283.000,Elexon BMRS FUELHH
2025-02-03T12:30:00Z,Other,396.000,Elexon BMRS FUELHH
2025-02-03T12:30:00Z,Pumped Storage,66.000,Elexon BMRS FUELHH
2025-02-03T12:30:00Z,Wind,11045.000,Elexon BMRS FUELHH
2025-02-03T13:00:00Z,Biomass,3190.000,Elexon BMRS FUELHH
2025-02-03T13:00:00Z,Coal,0.000,Elexon BMRS FUELHH
2025-02-03T13:00:00Z,Gas,16315.000,Elexon BMRS FUELHH
2025-02-03T13:00:00Z,Hydro,436.000,Elexon BMRS FUELHH
2025-02-03T13:00:00Z,Imports & Exports,614.000,Elexon BMRS FUELHH
2025-02-03T13:00:00Z,Nuclear,4288.000,Elexon BMRS FUELHH
2025-02-03T13:00:00Z,Other,459.000,Elexon BMRS FUELHH
2025-02-03T13:00:00Z,Pumped Storage,-14.000,Elexon BMRS FUELHH
2025-02-03T13:00:00Z,Wind,11362.000,Elexon BMRS FUELHH
2025-02-03T13:30:00Z,Biomass,3191.000,Elexon BMRS FUELHH
2025-02-03T13:30:00Z,Coal,0.000,Elexon BMRS FUELHH
2025-02-03T13:30:00Z,Gas,16112.000,Elexon BMRS FUELHH
2025-02-03T13:30:00Z,Hydro,444.000,Elexon BMRS FUELHH
2025-02-03T13:30:00Z,Imports & Exports,600.000,Elexon BMRS FUELHH
2025-02-03T13:30:00Z,Nuclear,4286.000,Elexon BMRS FUELHH
2025-02-03T13:30:00Z,Other,425.000,Elexon BMRS FUELHH
2025-02-03T13:30:00Z,Pumped Storage,-14.000,Elexon BMRS FUELHH
2025-02-03T13:30:00Z,Wind,11410.000,Elexon BMRS FUELHH
2025-02-03T14:00:00Z,Biomass,3177.000,Elexon BMRS FUELHH
2025-02-03T14:00:00Z,Coal,0.000,Elexon BMRS FUELHH
2025-02-03T14:00:00Z,Gas,16421.000,Elexon BMRS FUELHH
2025-02-03T14:00:00Z,Hydro,448.000,Elexon BMRS FUELHH
2025-02-03T14:00:00Z,Imports & Exports,-344.000,Elexon BMRS FUELHH
2025-02-03T14:00:00Z,Nuclear,4291.000,Elexon BMRS FUELHH
2025-02-03T14:00:00Z,Other,380.000,Elexon BMRS FUELHH
2025-02-03T14:00:00Z,Pumped Storage,-14.000,Elexon BMRS FUELHH
2025-02-03T14:00:00Z,Wind,11643.000,Elexon BMRS FUELHH
2025-02-03T14:30:00Z,Biomass,3142.000,Elexon BMRS FUELHH
2025-02-03T14:30:00Z,Coal,0.000,Elexon BMRS FUELHH
2025-02-03T14:30:00Z,Gas,15973.000,Elexon BMRS FUELHH
2025-02-03T14:30:00Z,Hydro,450.000,Elexon BMRS FUELHH
2025-02-03T14:30:00Z,Imports & Exports,-470.000,Elexon BMRS FUELHH
2025-02-03T14:30:00Z,Nuclear,4288.000,Elexon BMRS FUELHH
2025-02-03T14:30:00Z,Other,385.000,Elexon BMRS FUELHH
2025-02-03T14:30:00Z,Pumped Storage,98.000,Elexon BMRS FUELHH
2025-02-03T14:30:00Z,Wind,11936.000,Elexon BMRS FUELHH
2025-02-03T15:00:00Z,Biomass,3048.000,Elexon BMRS FUELHH
2025-02-03T15:00:00Z,Coal,0.000,Elexon BMRS FUELHH
2025-02-03T15:00:00Z,Gas,16578.000,Elexon BMRS FUELHH
2025-02-03T15:00:00Z,Hydro,470.000,Elexon BMRS FUELHH
2025-02-03T15:00:00Z,Imports & Exports,-1208.000,Elexon BMRS FUELHH
2025-02-03T15:00:00Z,Nuclear,4288.000,Elexon BMRS FUELHH
2025-02-03T15:00:00Z,Other,458.000,Elexon BMRS FUELHH
2025-02-03T15:00:00Z,Pumped Storage,368.000,Elexon BMRS FUELHH
2025-02-03T15:00:00Z,Wind,11778.000,Elexon BMRS FUELHH
2025-02-03T15:30:00Z,Biomass,3057.000,Elexon BMRS FUELHH
2025-02-03T15:30:00Z,Coal,0.000,Elexon BMRS FUELHH
2025-02-03T15:30:00Z,Gas,17450.000,Elexon BMRS FUELHH
2025-02-03T15:30:00Z,Hydro,509.000,Elexon BMRS FUELHH
2025-02-03T15:30:00Z,Imports & Exports,-1146.000,Elexon BMRS FUELHH
2025-02-03T15:30:00Z,Nuclear,4285.000,Elexon BMRS FUELHH
2025-02-03T15:30:00Z,Other,520.000,Elexon BMRS FUELHH
2025-02-03T15:30:00Z,Pumped Storage,404.000,Elexon BMRS FUELHH
2025-02-03T15:30:00Z,Wind,11704.000,Elexon BMRS FUELHH
2025-02-03T16:00:00Z,Biomass,3169.000,Elexon BMRS FUELHH
2025-02-03T16:00:00Z,Coal,0.000,Elexon BMRS FUELHH
2025-02-03T16:00:00Z,Gas,17953.000,Elexon BMRS FUELHH
2025-02-03T16:00:00Z,Hydro,479.000,Elexon BMRS FUELHH
2025-02-03T16:00:00Z,Imports & Exports,-1004.000,Elexon BMRS FUELHH
2025-02-03T16:00:00Z,Nuclear,4288.000,Elexon BMRS FUELHH
2025-02-03T16:00:00Z,Other,634.000,Elexon BMRS FUELHH
2025-02-03T16:00:00Z,Pumped Storage,402.000,Elexon BMRS FUELHH
2025-02-03T16:00:00Z,Wind,11942.000,Elexon BMRS FUELHH
2025-02-03T16:30:00Z,Biomass,3223.000,Elexon BMRS FUELHH
2025-02-03T16:30:00Z,Coal,0.000,Elexon BMRS FUELHH
2025-02-03T16:30:00Z,Gas,18036.000,Elexon BMRS FUELHH
2025-02-03T16:30:00Z,Hydro,474.000,Elexon BMRS FUELHH
2025-02-03T16:30:00Z,Imports & Exports,-956.000,Elexon BMRS FUELHH
2025-02-03T16:30:00Z,Nuclear,4284.000,Elexon BMRS FUELHH
2025-02-03T16:30:00Z,Other,954.000,Elexon BMRS FUELHH
2025-02-03T16:30:00Z,Pumped Storage,620.000,Elexon BMRS FUELHH
2025-02-03T16:30:00Z,Wind,12443.000,Elexon BMRS FUELHH
2025-02-03T17:00:00Z,Biomass,3252.000,Elexon BMRS FUELHH
2025-02-03T17:00:00Z,Coal,0.000,Elexon BMRS FUELHH
2025-02-03T17:00:00Z,Gas,17872.000,Elexon BMRS FUELHH
2025-02-03T17:00:00Z,Hydro,644.000,Elexon BMRS FUELHH
2025-02-03T17:00:00Z,Imports & Exports,-606.000,Elexon BMRS FUELHH
2025-02-03T17:00:00Z,Nuclear,4285.000,Elexon BMRS FUELHH
2025-02-03T17:00:00Z,Other,1155.000,Elexon BMRS FUELHH
2025-02-03T17:00:00Z,Pumped Storage,1080.000,Elexon BMRS FUELHH
2025-02-03T17:00:00Z,Wind,12758.000,Elexon BMRS FUELHH
2025-02-03T17:30:00Z,Biomass,3260.000,Elexon BMRS FUELHH
2025-02-03T17:30:00Z,Coal,0.000,Elexon BMRS FUELHH
2025-02-03T17:30:00Z,Gas,18043.000,Elexon BMRS FUELHH
2025-02-03T17:30:00Z,Hydro,699.000,Elexon BMRS FUELHH
2025-02-03T17:30:00Z,Imports & Exports,-624.000,Elexon BMRS FUELHH
2025-02-03T17:30:00Z,Nuclear,4290.000,Elexon BMRS FUELHH
2025-02-03T17:30:00Z,Other,1402.000,Elexon BMRS FUELHH
2025-02-03T17:30:00Z,Pumped Storage,1084.000,Elexon BMRS FUELHH
2025-02-03T17:30:00Z,Wind,12910.000,Elexon BMRS FUELHH
2025-02-03T18:00:00Z,Biomass,3261.000,Elexon BMRS FUELHH
2025-02-03T18:00:00Z,Coal,0.000,Elexon BMRS FUELHH
2025-02-03T18:00:00Z,Gas,18301.000,Elexon BMRS FUELHH
2025-02-03T18:00:00Z,Hydro,663.000,Elexon BMRS FUELHH
2025-02-03T18:00:00Z,Imports & Exports,-1132.000,Elexon BMRS FUELHH
2025-02-03T18:00:00Z,Nuclear,4283.000,Elexon BMRS FUELHH
2025-02-03T18:00:00Z,Other,1450.000,Elexon BMRS FUELHH
2025-02-03T18:00:00Z,Pumped Storage,1012.000,Elexon BMRS FUELHH
2025-02-03T18:00:00Z,Wind,13015.000,Elexon BMRS FUELHH
2025-02-03T18:30:00Z,Biomass,3246.000,Elexon BMRS FUELHH
2025-02-03T18:30:00Z,Coal,0.000,Elexon BMRS FUELHH
2025-02-03T18:30:00Z,Gas,18038.000,Elexon BMRS FUELHH
2025-02-03T18:30:00Z,Hydro,594.000,Elexon BMRS FUELHH
2025-02-03T18:30:00Z,Imports & Exports,-1250.000,Elexon BMRS FUELHH
2025-02-03T18:30:00Z,Nuclear,4287.000,Elexon BMRS FUELHH
2025-02-03T18:30:00Z,Other,1278.000,Elexon BMRS FUELHH
2025-02-03T18:30:00Z,Pumped Storage,820.000,Elexon BMRS FUELHH
2025-02-03T18:30:00Z,Wind,13210.000,Elexon BMRS FUELHH
2025-02-03T19:00:00Z,Biomass,3231.000,Elexon BMRS FUELHH
2025-02-03T19:00:00Z,Coal,0.000,Elexon BMRS FUELHH
2025-02-03T19:00:00Z,Gas,17621.000,Elexon BMRS FUELHH
2025-02-03T19:00:00Z,Hydro,589.000,Elexon BMRS FUELHH
2025-02-03T19:00:00Z,Imports & Exports,-1188.000,Elexon BMRS FUELHH
2025-02-03T19:00:00Z,Nuclear,4285.000,Elexon BMRS FUELHH
2025-02-03T19:00:00Z,Other,871.000,Elexon BMRS FUELHH
2025-02-03T19:00:00Z,Pumped Storage,254.000,Elexon BMRS FUELHH
2025-02-03T19:00:00Z,Wind,13316.000,Elexon BMRS FUELHH
2025-02-03T19:30:00Z,Biomass,3221.000,Elexon BMRS FUELHH
2025-02-03T19:30:00Z,Coal,0.000,Elexon BMRS FUELHH
2025-02-03T19:30:00Z,Gas,16754.000,Elexon BMRS FUELHH
2025-02-03T19:30:00Z,Hydro,620.000,Elexon BMRS FUELHH
2025-02-03T19:30:00Z,Imports & Exports,-1142.000,Elexon BMRS FUELHH
2025-02-03T19:30:00Z,Nuclear,4281.000,Elexon BMRS FUELHH
2025-02-03T19:30:00Z,Other,628.000,Elexon BMRS FUELHH
2025-02-03T19:30:00Z,Pumped Storage,104.000,Elexon BMRS FUELHH
2025-02-03T19:30:00Z,Wind,13459.000,Elexon BMRS FUELHH
2025-02-03T20:00:00Z,Biomass,3222.000,Elexon BMRS FUELHH
2025-02-03T20:00:00Z,Coal,0.000,Elexon BMRS FUELHH
2025-02-03T20:00:00Z,Gas,16532.000,Elexon BMRS FUELHH
2025-02-03T20:00:00Z,Hydro,613.000,Elexon BMRS FUELHH
2025-02-03T20:00:00Z,Imports & Exports,-1992.000,Elexon BMRS FUELHH
2025-02-03T20:00:00Z,Nuclear,4284.000,Elexon BMRS FUELHH
2025-02-03T20:00:00Z,Other,572.000,Elexon BMRS FUELHH
2025-02-03T20:00:00Z,Pumped Storage,104.000,Elexon BMRS FUELHH
2025-02-03T20:00:00Z,Wind,13286.000,Elexon BMRS FUELHH
2025-02-03T20:30:00Z,Biomass,3215.000,Elexon BMRS FUELHH
2025-02-03T20:30:00Z,Coal,0.000,Elexon BMRS FUELHH
2025-02-03T20:30:00Z,Gas,15200.000,Elexon BMRS FUELHH
2025-02-03T20:30:00Z,Hydro,615.000,Elexon BMRS FUELHH
2025-02-03T20:30:00Z,Imports & Exports,-1960.000,Elexon BMRS FUELHH
2025-02-03T20:30:00Z,Nuclear,4285.000,Elexon BMRS FUELHH
2025-02-03T20:30:00Z,Other,568.000,Elexon BMRS FUELHH
2025-02-03T20:30:00Z,Pumped Storage,104.000,Elexon BMRS FUELHH
2025-02-03T20:30:00Z,Wind,13071.000,Elexon BMRS FUELHH
2025-02-03T21:00:00Z,Biomass,3189.000,Elexon BMRS FUELHH
2025-02-03T21:00:00Z,Coal,0.000,Elexon BMRS FUELHH
2025-02-03T21:00:00Z,Gas,12930.000,Elexon BMRS FUELHH
2025-02-03T21:00:00Z,Hydro,598.000,Elexon BMRS FUELHH
2025-02-03T21:00:00Z,Imports & Exports,-1270.000,Elexon BMRS FUELHH
2025-02-03T21:00:00Z,Nuclear,4285.000,Elexon BMRS FUELHH
2025-02-03T21:00:00Z,Other,521.000,Elexon BMRS FUELHH
2025-02-03T21:00:00Z,Pumped Storage,226.000,Elexon BMRS FUELHH
2025-02-03T21:00:00Z,Wind,12774.000,Elexon BMRS FUELHH
2025-02-03T21:30:00Z,Biomass,3195.000,Elexon BMRS FUELHH
2025-02-03T21:30:00Z,Coal,0.000,Elexon BMRS FUELHH
2025-02-03T21:30:00Z,Gas,11600.000,Elexon BMRS FUELHH
2025-02-03T21:30:00Z,Hydro,590.000,Elexon BMRS FUELHH
2025-02-03T21:30:00Z,Imports & Exports,-1384.000,Elexon BMRS FUELHH
2025-02-03T21:30:00Z,Nuclear,4285.000,Elexon BMRS FUELHH
2025-02-03T21:30:00Z,Other,553.000,Elexon BMRS FUELHH
2025-02-03T21:30:00Z,Pumped Storage,384.000,Elexon BMRS FUELHH
2025-02-03T21:30:00Z,Wind,12213.000,Elexon BMRS FUELHH
2025-02-03T22:00:00Z,Biomass,3192.000,Elexon BMRS FUELHH
2025-02-03T22:00:00Z,Coal,0.000,Elexon BMRS FUELHH
2025-02-03T22:00:00Z,Gas,8703.000,Elexon BMRS FUELHH
2025-02-03T22:00:00Z,Hydro,464.000,Elexon BMRS FUELHH
2025-02-03T22:00:00Z,Imports & Exports,168.000,Elexon BMRS FUELHH
2025-02-03T22:00:00Z,Nuclear,4290.000,Elexon BMRS FUELHH
2025-02-03T22:00:00Z,Other,359.000,Elexon BMRS FUELHH
2025-02-03T22:00:00Z,Pumped Storage,60.000,Elexon BMRS FUELHH
2025-02-03T22:00:00Z,Wind,12520.000,Elexon BMRS FUELHH
2025-02-03T22:30:00Z,Biomass,3191.000,Elexon BMRS FUELHH
2025-02-03T22:30:00Z,Coal,0.000,Elexon BMRS FUELHH
2025-02-03T22:30:00Z,Gas,6528.000,Elexon BMRS FUELHH
2025-02-03T22:30:00Z,Hydro,432.000,Elexon BMRS FUELHH
2025-02-03T22:30:00Z,Imports & Exports,290.000,Elexon BMRS FUELHH
2025-02-03T22:30:00Z,Nuclear,4289.000,Elexon BMRS FUELHH
2025-02-03T22:30:00Z,Other,405.000,Elexon BMRS FUELHH
2025-02-03T22:30:00Z,Pumped Storage,-20.000,Elexon BMRS FUELHH
2025-02-03T22:30:00Z,Wind,12601.000,Elexon BMRS FUELHH
2025-02-03T23:00:00Z,Biomass,3183.000,Elexon BMRS FUELHH
2025-02-03T23:00:00Z,Coal,0.000,Elexon BMRS FUELHH
2025-02-03T23:00:00Z,Gas,5084.000,Elexon BMRS FUELHH
2025-02-03T23:00:00Z,Hydro,429.000,Elexon BMRS FUELHH
2025-02-03T23:00:00Z,Imports & Exports,756.000,Elexon BMRS FUELHH
2025-02-03T23:00:00Z,Nuclear,4295.000,Elexon BMRS FUELHH
2025-02-03T23:00:00Z,Other,374.000,Elexon BMRS FUELHH
2025-02-03T23:00:00Z,Pumped Storage,-22.000,Elexon BMRS FUELHH
2025-02-03T23:00:00Z,Wind,12273.000,Elexon BMRS FUELHH
2025-02-03T23:30:00Z,Biomass,3192.000,Elexon BMRS FUELHH
2025-02-03T23:30:00Z,Coal,0.000,Elexon BMRS FUELHH
2025-02-03T23:30:00Z,Gas,4575.000,Elexon BMRS FUELHH
2025-02-03T23:30:00Z,Hydro,419.000,Elexon BMRS FUELHH
2025-02-03T23:30:00Z,Imports & Exports,692.000,Elexon BMRS FUELHH
2025-02-03T23:30:00Z,Nuclear,4291.000,Elexon BMRS FUELHH
2025-02-03T23:30:00Z,Other,372.000,Elexon BMRS FUELHH
2025-02-03T23:30:00Z,Pumped Storage,-294.000,Elexon BMRS FUELHH
2025-02-03T23:30:00Z,Wind,12190.000,Elexon BMRS FUELHH
2025-02-04T00:00:00Z,Biomass,2915.000,Elexon BMRS FUELHH
2025-02-04T00:00:00Z,Coal,0.000,Elexon BMRS FUELHH
2025-02-04T00:00:00Z,Gas,4603.000,Elexon BMRS FUELHH
2025-02-04T00:00:00Z,Hydro,417.000,Elexon BMRS FUELHH
2025-02-04T00:00:00Z,Imports & Exports,1008.000,Elexon BMRS FUELHH
2025-02-04T00:00:00Z,Nuclear,4298.000,Elexon BMRS FUELHH
2025-02-04T00:00:00Z,Other,350.000,Elexon BMRS FUELHH
2025-02-04T00:00:00Z,Pumped Storage,-664.000,Elexon BMRS FUELHH
2025-02-04T00:00:00Z,Wind,12209.000,Elexon BMRS FUELHH
2025-02-04T00:30:00Z,Biomass,2754.000,Elexon BMRS FUELHH
2025-02-04T00:30:00Z,Coal,0.000,Elexon BMRS FUELHH
2025-02-04T00:30:00Z,Gas,5044.000,Elexon BMRS FUELHH
2025-02-04T00:30:00Z,Hydro,408.000,Elexon BMRS FUELHH
2025-02-04T00:30:00Z,Imports & Exports,910.000,Elexon BMRS FUELHH
2025-02-04T00:30:00Z,Nuclear,4293.000,Elexon BMRS FUELHH
2025-02-04T00:30:00Z,Other,484.000,Elexon BMRS FUELHH
2025-02-04T00:30:00Z,Pumped Storage,-784.000,Elexon BMRS FUELHH
2025-02-04T00:30:00Z,Wind,12283.000,Elexon BMRS FUELHH
2025-02-04T01:00:00Z,Biomass,3023.000,Elexon BMRS FUELHH
2025-02-04T01:00:00Z,Coal,0.000,Elexon BMRS FUELHH
2025-02-04T01:00:00Z,Gas,5110.000,Elexon BMRS FUELHH
2025-02-04T01:00:00Z,Hydro,325.000,Elexon BMRS FUELHH
2025-02-04T01:00:00Z,Imports & Exports,562.000,Elexon BMRS FUELHH
2025-02-04T01:00:00Z,Nuclear,4294.000,Elexon BMRS FUELHH
2025-02-04T01:00:00Z,Other,470.000,Elexon BMRS FUELHH
2025-02-04T01:00:00Z,Pumped Storage,-878.000,Elexon BMRS FUELHH
2025-02-04T01:00:00Z,Wind,12177.000,Elexon BMRS FUELHH
2025-02-04T01:30:00Z,Biomass,3181.000,Elexon BMRS FUELHH
2025-02-04T01:30:00Z,Coal,0.000,Elexon BMRS FUELHH
2025-02-04T01:30:00Z,Gas,5062.000,Elexon BMRS FUELHH
2025-02-04T01:30:00Z,Hydro,349.000,Elexon BMRS FUELHH
2025-02-04T01:30:00Z,Imports & Exports,82.000,Elexon BMRS FUELHH
2025-02-04T01:30:00Z,Nuclear,4299.000,Elexon BMRS FUELHH
2025-02-04T01:30:00Z,Other,443.000,Elexon BMRS FUELHH
2025-02-04T01:30:00Z,Pumped Storage,-1032.000,Elexon BMRS FUELHH
2025-02-04T01:30:00Z,Wind,12119.000,Elexon BMRS FUELHH
2025-02-04T02:00:00Z,Biomass,3191.000,Elexon BMRS FUELHH
2025-02-04T02:00:00Z,Coal,0.000,Elexon BMRS FUELHH
2025-02-04T02:00:00Z,Gas,5282.000,Elexon BMRS FUELHH
2025-02-04T02:00:00Z,Hydro,371.000,Elexon BMRS FUELHH
2025-02-04T02:00:00Z,Imports & Exports,-714.000,Elexon BMRS FUELHH
2025-02-04T02:00:00Z,Nuclear,4294.000,Elexon BMRS FUELHH
2025-02-04T02:00:00Z,Other,419.000,Elexon BMRS FUELHH
2025-02-04T02:00:00Z,Pumped Storage,-1094.000,Elexon BMRS FUELHH
2025-02-04T02:00:00Z,Wind,12159.000,Elexon BMRS FUELHH
2025-02-04T02:30:00Z,Biomass,3062.000,Elexon BMRS FUELHH
2025-02-04T02:30:00Z,Coal,0.000,Elexon BMRS FUELHH
2025-02-04T02:30:00Z,Gas,5480.000,Elexon BMRS FUELHH
2025-02-04T02:30:00Z,Hydro,374.000,Elexon BMRS FUELHH
2025-02-04T02:30:00Z,Imports & Exports,-1040.000,Elexon BMRS FUELHH
2025-02-04T02:30:00Z,Nuclear,4298.000,Elexon BMRS FUELHH
2025-02-04T02:30:00Z,Other,389.000,Elexon BMRS FUELHH
2025-02-04T02:30:00Z,Pumped Storage,-1156.000,Elexon BMRS FUELHH
2025-02-04T02:30:00Z,Wind,12229.000,Elexon BMRS FUELHH
2025-02-04T03:00:00Z,Biomass,2876.000,Elexon BMRS FUELHH
2025-02-04T03:00:00Z,Coal,0.000,Elexon BMRS FUELHH
2025-02-04T03:00:00Z,Gas,5739.000,Elexon BMRS FUELHH
2025-02-04T03:00:00Z,Hydro,374.000,Elexon BMRS FUELHH
2025-02-04T03:00:00Z,Imports & Exports,-1582.000,Elexon BMRS FUELHH
2025-02-04T03:00:00Z,Nuclear,4291.000,Elexon BMRS FUELHH
2025-02-04T03:00:00Z,Other,384.000,Elexon BMRS FUELHH
2025-02-04T03:00:00Z,Pumped Storage,-1290.000,Elexon BMRS FUELHH
2025-02-04T03:00:00Z,Wind,12236.000,Elexon BMRS FUELHH
2025-02-04T03:30:00Z,Biomass,2868.000,Elexon BMRS FUELHH
2025-02-04T03:30:00Z,Coal,0.000,Elexon BMRS FUELHH
2025-02-04T03:30:00Z,Gas,5408.000,Elexon BMRS FUELHH
2025-02-04T03:30:00Z,Hydro,373.000,Elexon BMRS FUELHH
2025-02-04T03:30:00Z,Imports & Exports,-1574.000,Elexon BMRS FUELHH
2025-02-04T03:30:00Z,Nuclear,4290.000,Elexon BMRS FUELHH
2025-02-04T03:30:00Z,Other,406.000,Elexon BMRS FUELHH
2025-02-04T03:30:00Z,Pumped Storage,-1254.000,Elexon BMRS FUELHH
2025-02-04T03:30:00Z,Wind,12174.000,Elexon BMRS FUELHH
2025-02-04T04:00:00Z,Biomass,2866.000,Elexon BMRS FUELHH
2025-02-04T04:00:00Z,Coal,0.000,Elexon BMRS FUELHH
2025-02-04T04:00:00Z,Gas,5577.000,Elexon BMRS FUELHH
2025-02-04T04:00:00Z,Hydro,372.000,Elexon BMRS FUELHH
2025-02-04T04:00:00Z,Imports & Exports,-1904.000,Elexon BMRS FUELHH
2025-02-04T04:00:00Z,Nuclear,4287.000,Elexon BMRS FUELHH
2025-02-04T04:00:00Z,Other,382.000,Elexon BMRS FUELHH
2025-02-04T04:00:00Z,Pumped Storage,-956.000,Elexon BMRS FUELHH
2025-02-04T04:00:00Z,Wind,12103.000,Elexon BMRS FUELHH
2025-02-04T04:30:00Z,Biomass,2862.000,Elexon BMRS FUELHH
2025-02-04T04:30:00Z,Coal,0.000,Elexon BMRS FUELHH
2025-02-04T04:30:00Z,Gas,5794.000,Elexon BMRS FUELHH
2025-02-04T04:30:00Z,Hydro,372.000,Elexon BMRS FUELHH
2025-02-04T04:30:00Z,Imports & Exports,-1926.000,Elexon BMRS FUELHH
2025-02-04T04:30:00Z,Nuclear,4286.000,Elexon BMRS FUELHH
2025-02-04T04:30:00Z,Other,443.000,Elexon BMRS FUELHH
2025-02-04T04:30:00Z,Pumped Storage,-1166.000,Elexon BMRS FUELHH
2025-02-04T04:30:00Z,Wind,12240.000,Elexon BMRS FUELHH
2025-02-04T05:00:00Z,Biomass,2975.000,Elexon BMRS FUELHH
2025-02-04T05:00:00Z,Coal,0.000,Elexon BMRS FUELHH
2025-02-04T05:00:00Z,Gas,5993.000,Elexon BMRS FUELHH
2025-02-04T05:00:00Z,Hydro,372.000,Elexon BMRS FUELHH
2025-02-04T05:00:00Z,Imports & Exports,-2562.000,Elexon BMRS FUELHH
2025-02-04T05:00:00Z,Nuclear,4288.000,Elexon BMRS FUELHH
2025-02-04T05:00:00Z,Other,420.000,Elexon BMRS FUELHH
2025-02-04T05:00:00Z,Pumped Storage,-916.000,Elexon BMRS FUELHH
2025-02-04T05:00:00Z,Wind,12686.000,Elexon BMRS FUELHH
2025-02-04T05:30:00Z,Biomass,3188.000,Elexon BMRS FUELHH
2025-02-04T05:30:00Z,Coal,0.000,Elexon BMRS FUELHH
2025-02-04T05:30:00Z,Gas,6484.000,Elexon BMRS FUELHH
2025-02-04T05:30:00Z,Hydro,367.000,Elexon BMRS FUELHH
2025-02-04T05:30:00Z,Imports & Exports,-2616.000,Elexon BMRS FUELHH
2025-02-04T05:30:00Z,Nuclear,4284.000,Elexon BMRS FUELHH
2025-02-04T05:30:00Z,Other,362.000,Elexon BMRS FUELHH
2025-02-04T05:30:00Z,Pumped Storage,-570.000,Elexon BMRS FUELHH
2025-02-04T05:30:00Z,Wind,12931.000,Elexon BMRS FUELHH
2025-02-04T06:00:00Z,Biomass,3191.000,Elexon BMRS FUELHH
2025-02-04T06:00:00Z,Coal,0.000,Elexon BMRS FUELHH
2025-02-04T06:00:00Z,Gas,8925.000,Elexon BMRS FUELHH
2025-02-04T06:00:00Z,Hydro,419.000,Elexon BMRS FUELHH
2025-02-04T06:00:00Z,Imports & Exports,-4146.000,Elexon BMRS FUELHH
2025-02-04T06:00:00Z,Nuclear,4283.000,Elexon BMRS FUELHH
2025-02-04T06:00:00Z,Other,607.000,Elexon BMRS FUELHH
2025-02-04T06:00:00Z,Pumped Storage,148.000,Elexon BMRS FUELHH
2025-02-04T06:00:00Z,Wind,13350.000,Elexon BMRS FUELHH
2025-02-04T06:30:00Z,Biomass,3195.000,Elexon BMRS FUELHH
2025-02-04T06:30:00Z,Coal,0.000,Elexon BMRS FUELHH
2025-02-04T06:30:00Z,Gas,10260.000,Elexon BMRS FUELHH
2025-02-04T06:30:00Z,Hydro,356.000,Elexon BMRS FUELHH
2025-02-04T06:30:00Z,Imports & Exports,-4228.000,Elexon BMRS FUELHH
2025-02-04T06:30:00Z,Nuclear,4281.000,Elexon BMRS FUELHH
2025-02-04T06:30:00Z,Other,671.000,Elexon BMRS FUELHH
2025-02-04T06:30:00Z,Pumped Storage,878.000,Elexon BMRS FUELHH
2025-02-04T06:30:00Z,Wind,13865.000,Elexon BMRS FUELHH
2025-02-04T07:00:00Z,Biomass,3195.000,Elexon BMRS FUELHH
2025-02-04T07:00:00Z,Coal,0.000,Elexon BMRS FUELHH
2025-02-04T07:00:00Z,Gas,10370.000,Elexon BMRS FUELHH
2025-02-04T07:00:00Z,Hydro,344.000,Elexon BMRS FUELHH
2025-02-04T07:00:00Z,Imports & Exports,-1592.000,Elexon BMRS FUELHH
2025-02-04T07:00:00Z,Nuclear,4283.000,Elexon BMRS FUELHH
2025-02-04T07:00:00Z,Other,585.000,Elexon BMRS FUELHH
2025-02-04T07:00:00Z,Pumped Storage,914.000,Elexon BMRS FUELHH
2025-02-04T07:00:00Z,Wind,14233.000,Elexon BMRS FUELHH
2025-02-04T07:30:00Z,Biomass,3183.000,Elexon BMRS FUELHH
2025-02-04T07:30:00Z,Coal,0.000,Elexon BMRS FUELHH
2025-02-04T07:30:00Z,Gas,11259.000,Elexon BMRS FUELHH
2025-02-04T07:30:00Z,Hydro,378.000,Elexon BMRS FUELHH
2025-02-04T07:30:00Z,Imports & Exports,-1482.000,Elexon BMRS FUELHH
2025-02-04T07:30:00Z,Nuclear,4288.000,Elexon BMRS FUELHH
2025-02-04T07:30:00Z,Other,829.000,Elexon BMRS FUELHH
2025-02-04T07:30:00Z,Pumped Storage,776.000,Elexon BMRS FUELHH
2025-02-04T07:30:00Z,Wind,14201.000,Elexon BMRS FUELHH
2025-02-04T08:00:00Z,Biomass,3189.000,Elexon BMRS FUELHH
2025-02-04T08:00:00Z,Coal,0.000,Elexon BMRS FUELHH
2025-02-04T08:00:00Z,Gas,11154.000,Elexon BMRS FUELHH
2025-02-04T08:00:00Z,Hydro,426.000,Elexon BMRS FUELHH
2025-02-04T08:00:00Z,Imports & Exports,582.000,Elexon BMRS FUELHH
2025-02-04T08:00:00Z,Nuclear,4285.000,Elexon BMRS FUELHH
2025-02-04T08:00:00Z,Other,662.000,Elexon BMRS FUELHH
2025-02-04T08:00:00Z,Pumped Storage,1184.000,Elexon BMRS FUELHH
2025-02-04T08:00:00Z,Wind,14128.000,Elexon BMRS FUELHH
2025-02-04T08:30:00Z,Biomass,3175.000,Elexon BMRS FUELHH
2025-02-04T08:30:00Z,Coal,0.000,Elexon BMRS FUELHH
2025-02-04T08:30:00Z,Gas,11569.000,Elexon BMRS FUELHH
2025-02-04T08:30:00Z,Hydro,420.000,Elexon BMRS FUELHH
2025-02-04T08:30:00Z,Imports & Exports,596.000,Elexon BMRS FUELHH
2025-02-04T08:30:00Z,Nuclear,4291.000,Elexon BMRS FUELHH
2025-02-04T08:30:00Z,Other,560.000,Elexon BMRS FUELHH
2025-02-04T08:30:00Z,Pumped Storage,620.000,Elexon BMRS FUELHH
2025-02-04T08:30:00Z,Wind,14333.000,Elexon BMRS FUELHH
2025-02-04T09:00:00Z,Biomass,3186.000,Elexon BMRS FUELHH
2025-02-04T09:00:00Z,Coal,0.000,Elexon BMRS FUELHH
2025-02-04T09:00:00Z,Gas,11872.000,Elexon BMRS FUELHH
2025-02-04T09:00:00Z,Hydro,426.000,Elexon BMRS FUELHH
2025-02-04T09:00:00Z,Imports & Exports,418.000,Elexon BMRS FUELHH
2025-02-04T09:00:00Z,Nuclear,4288.000,Elexon BMRS FUELHH
2025-02-04T09:00:00Z,Other,687.000,Elexon BMRS FUELHH
2025-02-04T09:00:00Z,Pumped Storage,682.000,Elexon BMRS FUELHH
2025-02-04T09:00:00Z,Wind,14285.000,Elexon BMRS FUELHH
2025-02-04T09:30:00Z,Biomass,3191.000,Elexon BMRS FUELHH
2025-02-04T09:30:00Z,Coal,0.000,Elexon BMRS FUELHH
2025-02-04T09:30:00Z,Gas,11508.000,Elexon BMRS FUELHH
2025-02-04T09:30:00Z,Hydro,449.000,Elexon BMRS FUELHH
2025-02-04T09:30:00Z,Imports & Exports,486.000,Elexon BMRS FUELHH
2025-02-04T09:30:00Z,Nuclear,4287.000,Elexon BMRS FUELHH
2025-02-04T09:30:00Z,Other,579.000,Elexon BMRS FUELHH
2025-02-04T09:30:00Z,Pumped Storage,516.000,Elexon BMRS FUELHH
2025-02-04T09:30:00Z,Wind,14623.000,Elexon BMRS FUELHH
2025-02-04T10:00:00Z,Biomass,3191.000,Elexon BMRS FUELHH
2025-02-04T10:00:00Z,Coal,0.000,Elexon BMRS FUELHH
2025-02-04T10:00:00Z,Gas,11060.000,Elexon BMRS FUELHH
2025-02-04T10:00:00Z,Hydro,440.000,Elexon BMRS FUELHH
2025-02-04T10:00:00Z,Imports & Exports,1084.000,Elexon BMRS FUELHH
2025-02-04T10:00:00Z,Nuclear,4292.000,Elexon BMRS FUELHH
2025-02-04T10:00:00Z,Other,504.000,Elexon BMRS FUELHH
2025-02-04T10:00:00Z,Pumped Storage,468.000,Elexon BMRS FUELHH
2025-02-04T10:00:00Z,Wind,14537.000,Elexon BMRS FUELHH
2025-02-04T10:30:00Z,Biomass,3198.000,Elexon BMRS FUELHH
2025-02-04T10:30:00Z,Coal,0.000,Elexon BMRS FUELHH
2025-02-04T10:30:00Z,Gas,10583.000,Elexon BMRS FUELHH
2025-02-04T10:30:00Z,Hydro,436.000,Elexon BMRS FUELHH
2025-02-04T10:30:00Z,Imports & Exports,1260.000,Elexon BMRS FUELHH
2025-02-04T10:30:00Z,Nuclear,4292.000,Elexon BMRS FUELHH
2025-02-04T10:30:00Z,Other,571.000,Elexon BMRS FUELHH
2025-02-04T10:30:00Z,Pumped Storage,446.000,Elexon BMRS FUELHH
2025-02-04T10:30:00Z,Wind,14713.000,Elexon BMRS FUELHH
2025-02-04T11:00:00Z,Biomass,3200.000,Elexon BMRS FUELHH
2025-02-04T11:00:00Z,Coal,0.000,Elexon BMRS FUELHH
2025-02-04T11:00:00Z,Gas,9546.000,Elexon BMRS FUELHH
2025-02-04T11:00:00Z,Hydro,437.000,Elexon BMRS FUELHH
2025-02-04T11:00:00Z,Imports & Exports,2376.000,Elexon BMRS FUELHH
2025-02-04T11:00:00Z,Nuclear,4288.000,Elexon BMRS FUELHH
2025-02-04T11:00:00Z,Other,529.000,Elexon BMRS FUELHH
2025-02-04T11:00:00Z,Pumped Storage,446.000,Elexon BMRS FUELHH
2025-02-04T11:00:00Z,Wind,15080.000,Elexon BMRS FUELHH
2025-02-04T11:30:00Z,Biomass,3196.000,Elexon BMRS FUELHH
2025-02-04T11:30:00Z,Coal,0.000,Elexon BMRS FUELHH
2025-02-04T11:30:00Z,Gas,9451.000,Elexon BMRS FUELHH
2025-02-04T11:30:00Z,Hydro,401.000,Elexon BMRS FUELHH
2025-02-04T11:30:00Z,Imports & Exports,2608.000,Elexon BMRS FUELHH
2025-02-04T11:30:00Z,Nuclear,4291.000,Elexon BMRS FUELHH
2025-02-04T11:30:00Z,Other,407.000,Elexon BMRS FUELHH
2025-02-04T11:30:00Z,Pumped Storage,298.000,Elexon BMRS FUELHH
2025-02-04T11:30:00Z,Wind,15199.000,Elexon BMRS FUELHH
2025-02-04T12:00:00Z,Biomass,3197.000,Elexon BMRS FUELHH
2025-02-04T12:00:00Z,Coal,0.000,Elexon BMRS FUELHH
2025-02-04T12:00:00Z,Gas,9490.000,Elexon BMRS FUELHH
2025-02-04T12:00:00Z,Hydro,391.000,Elexon BMRS FUELHH
2025-02-04T12:00:00Z,Imports & Exports,3050.000,Elexon BMRS FUELHH
2025-02-04T12:00:00Z,Nuclear,4286.000,Elexon BMRS FUELHH
2025-02-04T12:00:00Z,Other,413.000,Elexon BMRS FUELHH
2025-02-04T12:00:00Z,Pumped Storage,296.000,Elexon BMRS FUELHH
2025-02-04T12:00:00Z,Wind,15061.000,Elexon BMRS FUELHH
2025-02-04T12:30:00Z,Biomass,3198.000,Elexon BMRS FUELHH
2025-02-04T12:30:00Z,Coal,0.000,Elexon BMRS FUELHH
2025-02-04T12:30:00Z,Gas,9972.000,Elexon BMRS FUELHH
2025-02-04T12:30:00Z,Hydro,404.000,Elexon BMRS FUELHH
2025-02-04T12:30:00Z,Imports & Exports,3112.000,Elexon BMRS FUELHH
2025-02-04T12:30:00Z,Nuclear,4259.000,Elexon BMRS FUELHH
2025-02-04T12:30:00Z,Other,573.000,Elexon BMRS FUELHH
2025-02-04T12:30:00Z,Pumped Storage,470.000,Elexon BMRS FUELHH
2025-02-04T12:30:00Z,Wind,13706.000,Elexon BMRS FUELHH
2025-02-04T13:00:00Z,Biomass,3189.000,Elexon BMRS FUELHH
2025-02-04T13:00:00Z,Coal,0.000,Elexon BMRS FUELHH
2025-02-04T13:00:00Z,Gas,10295.000,Elexon BMRS FUELHH
2025-02-04T13:00:00Z,Hydro,428.000,Elexon BMRS FUELHH
2025-02-04T13:00:00Z,Imports & Exports,3392.000,Elexon BMRS FUELHH
2025-02-04T13:00:00Z,Nuclear,4265.000,Elexon BMRS FUELHH
2025-02-04T13:00:00Z,Other,650.000,Elexon BMRS FUELHH
2025-02-04T13:00:00Z,Pumped Storage,240.000,Elexon BMRS FUELHH
2025-02-04T13:00:00Z,Wind,13832.000,Elexon BMRS FUELHH
2025-02-04T13:30:00Z,Biomass,3179.000,Elexon BMRS FUELHH
2025-02-04T13:30:00Z,Coal,0.000,Elexon BMRS FUELHH
2025-02-04T13:30:00Z,Gas,9376.000,Elexon BMRS FUELHH
2025-02-04T13:30:00Z,Hydro,469.000,Elexon BMRS FUELHH
2025-02-04T13:30:00Z,Imports & Exports,3294.000,Elexon BMRS FUELHH
2025-02-04T13:30:00Z,Nuclear,4252.000,Elexon BMRS FUELHH
2025-02-04T13:30:00Z,Other,477.000,Elexon BMRS FUELHH
2025-02-04T13:30:00Z,Pumped Storage,324.000,Elexon BMRS FUELHH
2025-02-04T13:30:00Z,Wind,14622.000,Elexon BMRS FUELHH
2025-02-04T14:00:00Z,Biomass,3178.000,Elexon BMRS FUELHH
2025-02-04T14:00:00Z,Coal,0.000,Elexon BMRS FUELHH
2025-02-04T14:00:00Z,Gas,10267.000,Elexon BMRS FUELHH
2025-02-04T14:00:00Z,Hydro,414.000,Elexon BMRS FUELHH
2025-02-04T14:00:00Z,Imports & Exports,2348.000,Elexon BMRS FUELHH
2025-02-04T14:00:00Z,Nuclear,4227.000,Elexon BMRS FUELHH
2025-02-04T14:00:00Z,Other,526.000,Elexon BMRS FUELHH
2025-02-04T14:00:00Z,Pumped Storage,162.000,Elexon BMRS FUELHH
2025-02-04T14:00:00Z,Wind,14714.000,Elexon BMRS FUELHH
2025-02-04T14:30:00Z,Biomass,3181.000,Elexon BMRS FUELHH
2025-02-04T14:30:00Z,Coal,0.000,Elexon BMRS FUELHH
2025-02-04T14:30:00Z,Gas,10979.000,Elexon BMRS FUELHH
2025-02-04T14:30:00Z,Hydro,424.000,Elexon BMRS FUELHH
2025-02-04T14:30:00Z,Imports & Exports,2110.000,Elexon BMRS FUELHH
2025-02-04T14:30:00Z,Nuclear,4126.000,Elexon BMRS FUELHH
2025-02-04T14:30:00Z,Other,397.000,Elexon BMRS FUELHH
2025-02-04T14:30:00Z,Pumped Storage,136.000,Elexon BMRS FUELHH
2025-02-04T14:30:00Z,Wind,14927.000,Elexon BMRS FUELHH
2025-02-04T15:00:00Z,Biomass,3183.000,Elexon BMRS FUELHH
2025-02-04T15:00:00Z,Coal,0.000,Elexon BMRS FUELHH
2025-02-04T15:00:00Z,Gas,12107.000,Elexon BMRS FUELHH
2025-02-04T15:00:00Z,Hydro,446.000,Elexon BMRS FUELHH
2025-02-04T15:00:00Z,Imports & Exports,778.000,Elexon BMRS FUELHH
2025-02-04T15:00:00Z,Nuclear,4131.000,Elexon BMRS FUELHH
2025-02-04T15:00:00Z,Other,455.000,Elexon BMRS FUELHH
2025-02-04T15:00:00Z,Pumped Storage,134.000,Elexon BMRS FUELHH
2025-02-04T15:00:00Z,Wind,14742.000,Elexon BMRS FUELHH
2025-02-04T15:30:00Z,Biomass,3184.000,Elexon BMRS FUELHH
2025-02-04T15:30:00Z,Coal,0.000,Elexon BMRS FUELHH
2025-02-04T15:30:00Z,Gas,13062.000,Elexon BMRS FUELHH
2025-02-04T15:30:00Z,Hydro,463.000,Elexon BMRS FUELHH
2025-02-04T15:30:00Z,Imports & Exports,494.000,Elexon BMRS FUELHH
2025-02-04T15:30:00Z,Nuclear,4148.000,Elexon BMRS FUELHH
2025-02-04T15:30:00Z,Other,406.000,Elexon BMRS FUELHH
2025-02-04T15:30:00Z,Pumped Storage,134.000,Elexon BMRS FUELHH
2025-02-04T15:30:00Z,Wind,15090.000,Elexon BMRS FUELHH
2025-02-04T16:00:00Z,Biomass,3186.000,Elexon BMRS FUELHH
2025-02-04T16:00:00Z,Coal,0.000,Elexon BMRS FUELHH
2025-02-04T16:00:00Z,Gas,14380.000,Elexon BMRS FUELHH
2025-02-04T16:00:00Z,Hydro,485.000,Elexon BMRS FUELHH
2025-02-04T16:00:00Z,Imports & Exports,-548.000,Elexon BMRS FUELHH
2025-02-04T16:00:00Z,Nuclear,4155.000,Elexon BMRS FUELHH
2025-02-04T16:00:00Z,Other,635.000,Elexon BMRS FUELHH
2025-02-04T16:00:00Z,Pumped Storage,248.000,Elexon BMRS FUELHH
2025-02-04T16:00:00Z,Wind,15004.000,Elexon BMRS FUELHH
2025-02-04T16:30:00Z,Biomass,3185.000,Elexon BMRS FUELHH
2025-02-04T16:30:00Z,Coal,0.000,Elexon BMRS FUELHH
2025-02-04T16:30:00Z,Gas,14829.000,Elexon BMRS FUELHH
2025-02-04T16:30:00Z,Hydro,515.000,Elexon BMRS FUELHH
2025-02-04T16:30:00Z,Imports & Exports,-754.000,Elexon BMRS FUELHH
2025-02-04T16:30:00Z,Nuclear,4157.000,Elexon BMRS FUELHH
2025-02-04T16:30:00Z,Other,677.000,Elexon BMRS FUELHH
2025-02-04T16:30:00Z,Pumped Storage,732.000,Elexon BMRS FUELHH
2025-02-04T16:30:00Z,Wind,15116.000,Elexon BMRS FUELHH
2025-02-04T17:00:00Z,Biomass,3180.000,Elexon BMRS FUELHH
2025-02-04T17:00:00Z,Coal,0.000,Elexon BMRS FUELHH
2025-02-04T17:00:00Z,Gas,15332.000,Elexon BMRS FUELHH
2025-02-04T17:00:00Z,Hydro,555.000,Elexon BMRS FUELHH
2025-02-04T17:00:00Z,Imports & Exports,-842.000,Elexon BMRS FUELHH
2025-02-04T17:00:00Z,Nuclear,4152.000,Elexon BMRS FUELHH
2025-02-04T17:00:00Z,Other,1141.000,Elexon BMRS FUELHH
2025-02-04T17:00:00Z,Pumped Storage,1144.000,Elexon BMRS FUELHH
2025-02-04T17:00:00Z,Wind,14548.000,Elexon BMRS FUELHH
2025-02-04T17:30:00Z,Biomass,3190.000,Elexon BMRS FUELHH
2025-02-04T17:30:00Z,Coal,0.000,Elexon BMRS FUELHH
2025-02-04T17:30:00Z,Gas,15758.000,Elexon BMRS FUELHH
2025-02-04T17:30:00Z,Hydro,573.000,Elexon BMRS FUELHH
2025-02-04T17:30:00Z,Imports & Exports,-836.000,Elexon BMRS FUELHH
2025-02-04T17:30:00Z,Nuclear,4153.000,Elexon BMRS FUELHH
2025-02-04T17:30:00Z,Other,1366.000,Elexon BMRS FUELHH
2025-02-04T17:30:00Z,Pumped Storage,1282.000,Elexon BMRS FUELHH
2025-02-04T17:30:00Z,Wind,14215.000,Elexon BMRS FUELHH
2025-02-04T18:00:00Z,Biomass,3186.000,Elexon BMRS FUELHH
2025-02-04T18:00:00Z,Coal,0.000,Elexon BMRS FUELHH
2025-02-04T18:00:00Z,Gas,14974.000,Elexon BMRS FUELHH
2025-02-04T18:00:00Z,Hydro,605.000,Elexon BMRS FUELHH
2025-02-04T18:00:00Z,Imports & Exports,176.000,Elexon BMRS FUELHH
2025-02-04T18:00:00Z,Nuclear,4156.000,Elexon BMRS FUELHH
2025-02-04T18:00:00Z,Other,1018.000,Elexon BMRS FUELHH
2025-02-04T18:00:00Z,Pumped Storage,1554.000,Elexon BMRS FUELHH
2025-02-04T18:00:00Z,Wind,14425.000,Elexon BMRS FUELHH
2025-02-04T18:30:00Z,Biomass,3190.000,Elexon BMRS FUELHH
2025-02-04T18:30:00Z,Coal,0.000,Elexon BMRS FUELHH
2025-02-04T18:30:00Z,Gas,14788.000,Elexon BMRS FUELHH
2025-02-04T18:30:00Z,Hydro,605.000,Elexon BMRS FUELHH
2025-02-04T18:30:00Z,Imports & Exports,202.000,Elexon BMRS FUELHH
2025-02-04T18:30:00Z,Nuclear,4159.000,Elexon BMRS FUELHH
2025-02-04T18:30:00Z,Other,883.000,Elexon BMRS FUELHH
2025-02-04T18:30:00Z,Pumped Storage,1582.000,Elexon BMRS FUELHH
2025-02-04T18:30:00Z,Wind,14055.000,Elexon BMRS FUELHH
2025-02-04T19:00:00Z,Biomass,3186.000,Elexon BMRS FUELHH
2025-02-04T19:00:00Z,Coal,0.000,Elexon BMRS FUELHH
2025-02-04T19:00:00Z,Gas,14925.000,Elexon BMRS FUELHH
2025-02-04T19:00:00Z,Hydro,605.000,Elexon BMRS FUELHH
2025-02-04T19:00:00Z,Imports & Exports,412.000,Elexon BMRS FUELHH
2025-02-04T19:00:00Z,Nuclear,4157.000,Elexon BMRS FUELHH
2025-02-04T19:00:00Z,Other,668.000,Elexon BMRS FUELHH
2025-02-04T19:00:00Z,Pumped Storage,806.000,Elexon BMRS FUELHH
2025-02-04T19:00:00Z,Wind,14047.000,Elexon BMRS FUELHH
2025-02-04T19:30:00Z,Biomass,3187.000,Elexon BMRS FUELHH
2025-02-04T19:30:00Z,Coal,0.000,Elexon BMRS FUELHH
2025-02-04T19:30:00Z,Gas,14570.000,Elexon BMRS FUELHH
2025-02-04T19:30:00Z,Hydro,638.000,Elexon BMRS FUELHH
2025-02-04T19:30:00Z,Imports & Exports,392.000,Elexon BMRS FUELHH
2025-02-04T19:30:00Z,Nuclear,4163.000,Elexon BMRS FUELHH
2025-02-04T19:30:00Z,Other,533.000,Elexon BMRS FUELHH
2025-02-04T19:30:00Z,Pumped Storage,302.000,Elexon BMRS FUELHH
2025-02-04T19:30:00Z,Wind,14472.000,Elexon BMRS FUELHH
2025-02-04T20:00:00Z,Biomass,3186.000,Elexon BMRS FUELHH
2025-02-04T20:00:00Z,Coal,0.000,Elexon BMRS FUELHH
2025-02-04T20:00:00Z,Gas,14146.000,Elexon BMRS FUELHH
2025-02-04T20:00:00Z,Hydro,631.000,Elexon BMRS FUELHH
2025-02-04T20:00:00Z,Imports & Exports,-410.000,Elexon BMRS FUELHH
2025-02-04T20:00:00Z,Nuclear,4158.000,Elexon BMRS FUELHH
2025-02-04T20:00:00Z,Other,472.000,Elexon BMRS FUELHH
2025-02-04T20:00:00Z,Pumped Storage,286.000,Elexon BMRS FUELHH
2025-02-04T20:00:00Z,Wind,14383.000,Elexon BMRS FUELHH
2025-02-04T20:30:00Z,Biomass,3185.000,Elexon BMRS FUELHH
2025-02-04T20:30:00Z,Coal,0.000,Elexon BMRS FUELHH
2025-02-04T20:30:00Z,Gas,12473.000,Elexon BMRS FUELHH
2025-02-04T20:30:00Z,Hydro,588.000,Elexon BMRS FUELHH
2025-02-04T20:30:00Z,Imports & Exports,-240.000,Elexon BMRS FUELHH
2025-02-04T20:30:00Z,Nuclear,4159.000,Elexon BMRS FUELHH
2025-02-04T20:30:00Z,Other,442.000,Elexon BMRS FUELHH
2025-02-04T20:30:00Z,Pumped Storage,244.000,Elexon BMRS FUELHH
2025-02-04T20:30:00Z,Wind,14556.000,Elexon BMRS FUELHH
2025-02-04T21:00:00Z,Biomass,3184.000,Elexon BMRS FUELHH
2025-02-04T21:00:00Z,Coal,0.000,Elexon BMRS FUELHH
2025-02-04T21:00:00Z,Gas,9423.000,Elexon BMRS FUELHH
2025-02-04T21:00:00Z,Hydro,563.000,Elexon BMRS FUELHH
2025-02-04T21:00:00Z,Imports & Exports,1258.000,Elexon BMRS FUELHH
2025-02-04T21:00:00Z,Nuclear,4154.000,Elexon BMRS FUELHH
2025-02-04T21:00:00Z,Other,374.000,Elexon BMRS FUELHH
2025-02-04T21:00:00Z,Pumped Storage,138.000,Elexon BMRS FUELHH
2025-02-04T21:00:00Z,Wind,14331.000,Elexon BMRS FUELHH
2025-02-04T21:30:00Z,Biomass,3177.000,Elexon BMRS FUELHH
2025-02-04T21:30:00Z,Coal,0.000,Elexon BMRS FUELHH
2025-02-04T21:30:00Z,Gas,7631.000,Elexon BMRS FUELHH
2025-02-04T21:30:00Z,Hydro,506.000,Elexon BMRS FUELHH
2025-02-04T21:30:00Z,Imports & Exports,1422.000,Elexon BMRS FUELHH
2025-02-04T21:30:00Z,Nuclear,4156.000,Elexon BMRS FUELHH
2025-02-04T21:30:00Z,Other,364.000,Elexon BMRS FUELHH
2025-02-04T21:30:00Z,Pumped Storage,-12.000,Elexon BMRS FUELHH
2025-02-04T21:30:00Z,Wind,14611.000,Elexon BMRS FUELHH
2025-02-04T22:00:00Z,Biomass,3183.000,Elexon BMRS FUELHH
2025-02-04T22:00:00Z,Coal,0.000,Elexon BMRS FUELHH
2025-02-04T22:00:00Z,Gas,6272.000,Elexon BMRS FUELHH
2025-02-04T22:00:00Z,Hydro,459.000,Elexon BMRS FUELHH
2025-02-04T22:00:00Z,Imports & Exports,1090.000,Elexon BMRS FUELHH
2025-02-04T22:00:00Z,Nuclear,4157.000,Elexon BMRS FUELHH
2025-02-04T22:00:00Z,Other,526.000,Elexon BMRS FUELHH
2025-02-04T22:00:00Z,Pumped Storage,-30.000,Elexon BMRS FUELHH
2025-02-04T22:00:00Z,Wind,14213.000,Elexon BMRS FUELHH
2025-02-04T22:30:00Z,Biomass,3183.000,Elexon BMRS FUELHH
2025-02-04T22:30:00Z,Coal,0.000,Elexon BMRS FUELHH
2025-02-04T22:30:00Z,Gas,5407.000,Elexon BMRS FUELHH
2025-02-04T22:30:00Z,Hydro,433.000,Elexon BMRS FUELHH
2025-02-04T22:30:00Z,Imports & Exports,1100.000,Elexon BMRS FUELHH
2025-02-04T22:30:00Z,Nuclear,4159.000,Elexon BMRS FUELHH
2025-02-04T22:30:00Z,Other,430.000,Elexon BMRS FUELHH
2025-02-04T22:30:00Z,Pumped Storage,-258.000,Elexon BMRS FUELHH
2025-02-04T22:30:00Z,Wind,13864.000,Elexon BMRS FUELHH
2025-02-04T23:00:00Z,Biomass,3171.000,Elexon BMRS FUELHH
2025-02-04T23:00:00Z,Coal,0.000,Elexon BMRS FUELHH
2025-02-04T23:00:00Z,Gas,4667.000,Elexon BMRS FUELHH
2025-02-04T23:00:00Z,Hydro,392.000,Elexon BMRS FUELHH
2025-02-04T23:00:00Z,Imports & Exports,662.000,Elexon BMRS FUELHH
2025-02-04T23:00:00Z,Nuclear,4180.000,Elexon BMRS FUELHH
2025-02-04T23:00:00Z,Other,359.000,Elexon BMRS FUELHH
2025-02-04T23:00:00Z,Pumped Storage,-636.000,Elexon BMRS FUELHH
2025-02-04T23:00:00Z,Wind,13924.000,Elexon BMRS FUELHH
2025-02-04T23:30:00Z,Biomass,3171.000,Elexon BMRS FUELHH
2025-02-04T23:30:00Z,Coal,0.000,Elexon BMRS FUELHH
2025-02-04T23:30:00Z,Gas,4472.000,Elexon BMRS FUELHH
2025-02-04T23:30:00Z,Hydro,360.000,Elexon BMRS FUELHH
2025-02-04T23:30:00Z,Imports & Exports,574.000,Elexon BMRS FUELHH
2025-02-04T23:30:00Z,Nuclear,4172.000,Elexon BMRS FUELHH
2025-02-04T23:30:00Z,Other,301.000,Elexon BMRS FUELHH
2025-02-04T23:30:00Z,Pumped Storage,-876.000,Elexon BMRS FUELHH
2025-02-04T23:30:00Z,Wind,13841.000,Elexon BMRS FUELHH
2025-02-05T00:00:00Z,Biomass,3177.000,Elexon BMRS FUELHH
2025-02-05T00:00:00Z,Coal,0.000,Elexon BMRS FUELHH
2025-02-05T00:00:00Z,Gas,4378.000,Elexon BMRS FUELHH
2025-02-05T00:00:00Z,Hydro,370.000,Elexon BMRS FUELHH
2025-02-05T00:00:00Z,Imports & Exports,784.000,Elexon BMRS FUELHH
2025-02-05T00:00:00Z,Nuclear,4166.000,Elexon BMRS FUELHH
2025-02-05T00:00:00Z,Other,260.000,Elexon BMRS FUELHH
2025-02-05T00:00:00Z,Pumped Storage,-1040.000,Elexon BMRS FUELHH
2025-02-05T00:00:00Z,Wind,13938.000,Elexon BMRS FUELHH
2025-02-05T00:30:00Z,Biomass,3189.000,Elexon BMRS FUELHH
2025-02-05T00:30:00Z,Coal,0.000,Elexon BMRS FUELHH
2025-02-05T00:30:00Z,Gas,4727.000,Elexon BMRS FUELHH
2025-02-05T00:30:00Z,Hydro,351.000,Elexon BMRS FUELHH
2025-02-05T00:30:00Z,Imports & Exports,814.000,Elexon BMRS FUELHH
2025-02-05T00:30:00Z,Nuclear,4164.000,Elexon BMRS FUELHH
2025-02-05T00:30:00Z,Other,633.000,Elexon BMRS FUELHH
2025-02-05T00:30:00Z,Pumped Storage,-1080.000,Elexon BMRS FUELHH
2025-02-05T00:30:00Z,Wind,13659.000,Elexon BMRS FUELHH
2025-02-05T01:00:00Z,Biomass,3178.000,Elexon BMRS FUELHH
2025-02-05T01:00:00Z,Coal,0.000,Elexon BMRS FUELHH
2025-02-05T01:00:00Z,Gas,5441.000,Elexon BMRS FUELHH
2025-02-05T01:00:00Z,Hydro,351.000,Elexon BMRS FUELHH
2025-02-05T01:00:00Z,Imports & Exports,748.000,Elexon BMRS FUELHH
2025-02-05T01:00:00Z,Nuclear,4161.000,Elexon BMRS FUELHH
2025-02-05T01:00:00Z,Other,543.000,Elexon BMRS FUELHH
2025-02-05T01:00:00Z,Pumped Storage,-1412.000,Elexon BMRS FUELHH
2025-02-05T01:00:00Z,Wind,13089.000,Elexon BMRS FUELHH
2025-02-05T01:30:00Z,Biomass,3156.000,Elexon BMRS FUELHH
2025-02-05T01:30:00Z,Coal,0.000,Elexon BMRS FUELHH
2025-02-05T01:30:00Z,Gas,5543.000,Elexon BMRS FUELHH
2025-02-05T01:30:00Z,Hydro,352.000,Elexon BMRS FUELHH
2025-02-05T01:30:00Z,Imports & Exports,724.000,Elexon BMRS FUELHH
2025-02-05T01:30:00Z,Nuclear,4159.000,Elexon BMRS FUELHH
2025-02-05T01:30:00Z,Other,496.000,Elexon BMRS FUELHH
2025-02-05T01:30:00Z,Pumped Storage,-1696.000,Elexon BMRS FUELHH
2025-02-05T01:30:00Z,Wind,12875.000,Elexon BMRS FUELHH
2025-02-05T02:00:00Z,Biomass,3189.000,Elexon BMRS FUELHH
2025-02-05T02:00:00Z,Coal,0.000,Elexon BMRS FUELHH
2025-02-05T02:00:00Z,Gas,5654.000,Elexon BMRS FUELHH
2025-02-05T02:00:00Z,Hydro,404.000,Elexon BMRS FUELHH
2025-02-05T02:00:00Z,Imports & Exports,88.000,Elexon BMRS FUELHH
2025-02-05T02:00:00Z,Nuclear,4162.000,Elexon BMRS FUELHH
2025-02-05T02:00:00Z,Other,339.000,Elexon BMRS FUELHH
2025-02-05T02:00:00Z,Pumped Storage,-1384.000,Elexon BMRS FUELHH
2025-02-05T02:00:00Z,Wind,12860.000,Elexon BMRS FUELHH
2025-02-05T02:30:00Z,Biomass,3190.000,Elexon BMRS FUELHH
2025-02-05T02:30:00Z,Coal,0.000,Elexon BMRS FUELHH
2025-02-05T02:30:00Z,Gas,5667.000,Elexon BMRS FUELHH
2025-02-05T02:30:00Z,Hydro,398.000,Elexon BMRS FUELHH
2025-02-05T02:30:00Z,Imports & Exports,-22.000,Elexon BMRS FUELHH
2025-02-05T02:30:00Z,Nuclear,4162.000,Elexon BMRS FUELHH
2025-02-05T02:30:00Z,Other,292.000,Elexon BMRS FUELHH
2025-02-05T02:30:00Z,Pumped Storage,-1168.000,Elexon BMRS FUELHH
2025-02-05T02:30:00Z,Wind,12782.000,Elexon BMRS FUELHH
2025-02-05T03:00:00Z,Biomass,3192.000,Elexon BMRS FUELHH
2025-02-05T03:00:00Z,Coal,0.000,Elexon BMRS FUELHH
2025-02-05T03:00:00Z,Gas,5604.000,Elexon BMRS FUELHH
2025-02-05T03:00:00Z,Hydro,395.000,Elexon BMRS FUELHH
2025-02-05T03:00:00Z,Imports & Exports,-76.000,Elexon BMRS FUELHH
2025-02-05T03:00:00Z,Nuclear,4174.000,Elexon BMRS FUELHH
2025-02-05T03:00:00Z,Other,253.000,Elexon BMRS FUELHH
2025-02-05T03:00:00Z,Pumped Storage,-1314.000,Elexon BMRS FUELHH
2025-02-05T03:00:00Z,Wind,12624.000,Elexon BMRS FUELHH
2025-02-05T03:30:00Z,Biomass,3190.000,Elexon BMRS FUELHH
2025-02-05T03:30:00Z,Coal,0.000,Elexon BMRS FUELHH
2025-02-05T03:30:00Z,Gas,5492.000,Elexon BMRS FUELHH
2025-02-05T03:30:00Z,Hydro,406.000,Elexon BMRS FUELHH
2025-02-05T03:30:00Z,Imports & Exports,-86.000,Elexon BMRS FUELHH
2025-02-05T03:30:00Z,Nuclear,4176.000,Elexon BMRS FUELHH
2025-02-05T03:30:00Z,Other,256.000,Elexon BMRS FUELHH
2025-02-05T03:30:00Z,Pumped Storage,-1316.000,Elexon BMRS FUELHH
2025-02-05T03:30:00Z,Wind,12446.000,Elexon BMRS FUELHH
2025-02-05T04:00:00Z,Biomass,3190.000,Elexon BMRS FUELHH
2025-02-05T04:00:00Z,Coal,0.000,Elexon BMRS FUELHH
2025-02-05T04:00:00Z,Gas,5784.000,Elexon BMRS FUELHH
2025-02-05T04:00:00Z,Hydro,407.000,Elexon BMRS FUELHH
2025-02-05T04:00:00Z,Imports & Exports,-696.000,Elexon BMRS FUELHH
2025-02-05T04:00:00Z,Nuclear,4175.000,Elexon BMRS FUELHH
2025-02-05T04:00:00Z,Other,268.000,Elexon BMRS FUELHH
2025-02-05T04:00:00Z,Pumped Storage,-1388.000,Elexon BMRS FUELHH
2025-02-05T04:00:00Z,Wind,12357.000,Elexon BMRS FUELHH
2025-02-05T04:30:00Z,Biomass,3191.000,Elexon BMRS FUELHH
2025-02-05T04:30:00Z,Coal,0.000,Elexon BMRS FUELHH
2025-02-05T04:30:00Z,Gas,5728.000,Elexon BMRS FUELHH
2025-02-05T04:30:00Z,Hydro,487.000,Elexon BMRS FUELHH
2025-02-05T04:30:00Z,Imports & Exports,-740.000,Elexon BMRS FUELHH
2025-02-05T04:30:00Z,Nuclear,4173.000,Elexon BMRS FUELHH
2025-02-05T04:30:00Z,Other,291.000,Elexon BMRS FUELHH
2025-02-05T04:30:00Z,Pumped Storage,-1070.000,Elexon BMRS FUELHH
2025-02-05T04:30:00Z,Wind,12081.000,Elexon BMRS FUELHH
2025-02-05T05:00:00Z,Biomass,3186.000,Elexon BMRS FUELHH
2025-02-05T05:00:00Z,Coal,0.000,Elexon BMRS FUELHH
2025-02-05T05:00:00Z,Gas,6574.000,Elexon BMRS FUELHH
2025-02-05T05:00:00Z,Hydro,488.000,Elexon BMRS FUELHH
2025-02-05T05:00:00Z,Imports & Exports,-1414.000,Elexon BMRS FUELHH
2025-02-05T05:00:00Z,Nuclear,4177.000,Elexon BMRS FUELHH
2025-02-05T05:00:00Z,Other,302.000,Elexon BMRS FUELHH
2025-02-05T05:00:00Z,Pumped Storage,-486.000,Elexon BMRS FUELHH
2025-02-05T05:00:00Z,Wind,12098.000,Elexon BMRS FUELHH
2025-02-05T05:30:00Z,Biomass,3188.000,Elexon BMRS FUELHH
2025-02-05T05:30:00Z,Coal,0.000,Elexon BMRS FUELHH
2025-02-05T05:30:00Z,Gas,8668.000,Elexon BMRS FUELHH
2025-02-05T05:30:00Z,Hydro,507.000,Elexon BMRS FUELHH
2025-02-05T05:30:00Z,Imports & Exports,-1578.000,Elexon BMRS FUELHH
2025-02-05T05:30:00Z,Nuclear,4174.000,Elexon BMRS FUELHH
2025-02-05T05:30:00Z,Other,301.000,Elexon BMRS FUELHH
2025-02-05T05:30:00Z,Pumped Storage,-360.000,Elexon BMRS FUELHH
2025-02-05T05:30:00Z,Wind,11388.000,Elexon BMRS FUELHH
2025-02-05T06:00:00Z,Biomass,3187.000,Elexon BMRS FUELHH
2025-02-05T06:00:00Z,Coal,0.000,Elexon BMRS FUELHH
2025-02-05T06:00:00Z,Gas,12329.000,Elexon BMRS FUELHH
2025-02-05T06:00:00Z,Hydro,551.000,Elexon BMRS FUELHH
2025-02-05T06:00:00Z,Imports & Exports,-1816.000,Elexon BMRS FUELHH
2025-02-05T06:00:00Z,Nuclear,4174.000,Elexon BMRS FUELHH
2025-02-05T06:00:00Z,Other,342.000,Elexon BMRS FUELHH
2025-02-05T06:00:00Z,Pumped Storage,-190.000,Elexon BMRS FUELHH
2025-02-05T06:00:00Z,Wind,10552.000,Elexon BMRS FUELHH
2025-02-05T06:30:00Z,Biomass,3193.000,Elexon BMRS FUELHH
2025-02-05T06:30:00Z,Coal,0.000,Elexon BMRS FUELHH
2025-02-05T06:30:00Z,Gas,15545.000,Elexon BMRS FUELHH
2025-02-05T06:30:00Z,Hydro,567.000,Elexon BMRS FUELHH
2025-02-05T06:30:00Z,Imports & Exports,-2056.000,Elexon BMRS FUELHH
2025-02-05T06:30:00Z,Nuclear,4178.000,Elexon BMRS FUELHH
2025-02-05T06:30:00Z,Other,354.000,Elexon BMRS FUELHH
2025-02-05T06:30:00Z,Pumped Storage,-180.000,Elexon BMRS FUELHH
2025-02-05T06:30:00Z,Wind,10258.000,Elexon BMRS FUELHH
2025-02-05T07:00:00Z,Biomass,3185.000,Elexon BMRS FUELHH
2025-02-05T07:00:00Z,Coal,0.000,Elexon BMRS FUELHH
2025-02-05T07:00:00Z,Gas,17129.000,Elexon BMRS FUELHH
2025-02-05T07:00:00Z,Hydro,594.000,Elexon BMRS FUELHH
2025-02-05T07:00:00Z,Imports & Exports,-298.000,Elexon BMRS FUELHH
2025-02-05T07:00:00Z,Nuclear,4176.000,Elexon BMRS FUELHH
2025-02-05T07:00:00Z,Other,520.000,Elexon BMRS FUELHH
2025-02-05T07:00:00Z,Pumped Storage,202.000,Elexon BMRS FUELHH
2025-02-05T07:00:00Z,Wind,9582.000,Elexon BMRS FUELHH
2025-02-05T07:30:00Z,Biomass,3187.000,Elexon BMRS FUELHH
2025-02-05T07:30:00Z,Coal,0.000,Elexon BMRS FUELHH
2025-02-05T07:30:00Z,Gas,17693.000,Elexon BMRS FUELHH
2025-02-05T07:30:00Z,Hydro,792.000,Elexon BMRS FUELHH
2025-02-05T07:30:00Z,Imports & Exports,-306.000,Elexon BMRS FUELHH
2025-02-05T07:30:00Z,Nuclear,4177.000,Elexon BMRS FUELHH
2025-02-05T07:30:00Z,Other,1167.000,Elexon BMRS FUELHH
2025-02-05T07:30:00Z,Pumped Storage,316.000,Elexon BMRS FUELHH
2025-02-05T07:30:00Z,Wind,9339.000,Elexon BMRS FUELHH
2025-02-05T08:00:00Z,Biomass,3182.000,Elexon BMRS FUELHH
2025-02-05T08:00:00Z,Coal,0.000,Elexon BMRS FUELHH
2025-02-05T08:00:00Z,Gas,17814.000,Elexon BMRS FUELHH
2025-02-05T08:00:00Z,Hydro,691.000,Elexon BMRS FUELHH
2025-02-05T08:00:00Z,Imports & Exports,1250.000,Elexon BMRS FUELHH
2025-02-05T08:00:00Z,Nuclear,4173.000,Elexon BMRS FUELHH
2025-02-05T08:00:00Z,Other,831.000,Elexon BMRS FUELHH
2025-02-05T08:00:00Z,Pumped Storage,610.000,Elexon BMRS FUELHH
2025-02-05T08:00:00Z,Wind,9254.000,Elexon BMRS FUELHH
2025-02-05T08:30:00Z,Biomass,3177.000,Elexon BMRS FUELHH
2025-02-05T08:30:00Z,Coal,0.000,Elexon BMRS FUELHH
2025-02-05T08:30:00Z,Gas,17963.000,Elexon BMRS FUELHH
2025-02-05T08:30:00Z,Hydro,779.000,Elexon BMRS FUELHH
2025-02-05T08:30:00Z,Imports & Exports,1318.000,Elexon BMRS FUELHH
2025-02-05T08:30:00Z,Nuclear,4173.000,Elexon BMRS FUELHH
2025-02-05T08:30:00Z,Other,1094.000,Elexon BMRS FUELHH
2025-02-05T08:30:00Z,Pumped Storage,726.000,Elexon BMRS FUELHH
2025-02-05T08:30:00Z,Wind,8455.000,Elexon BMRS FUELHH
2025-02-05T09:00:00Z,Biomass,3190.000,Elexon BMRS FUELHH
2025-02-05T09:00:00Z,Coal,0.000,Elexon BMRS FUELHH
2025-02-05T09:00:00Z,Gas,18125.000,Elexon BMRS FUELHH
2025-02-05T09:00:00Z,Hydro,762.000,Elexon BMRS FUELHH
2025-02-05T09:00:00Z,Imports & Exports,1570.000,Elexon BMRS FUELHH
2025-02-05T09:00:00Z,Nuclear,4173.000,Elexon BMRS FUELHH
2025-02-05T09:00:00Z,Other,1128.000,Elexon BMRS FUELHH
2025-02-05T09:00:00Z,Pumped Storage,830.000,Elexon BMRS FUELHH
2025-02-05T09:00:00Z,Wind,8129.000,Elexon BMRS FUELHH
2025-02-05T09:30:00Z,Biomass,3191.000,Elexon BMRS FUELHH
2025-02-05T09:30:00Z,Coal,0.000,Elexon BMRS FUELHH
2025-02-05T09:30:00Z,Gas,18208.000,Elexon BMRS FUELHH
2025-02-05T09:30:00Z,Hydro,760.000,Elexon BMRS FUELHH
2025-02-05T09:30:00Z,Imports & Exports,1570.000,Elexon BMRS FUELHH
2025-02-05T09:30:00Z,Nuclear,4173.000,Elexon BMRS FUELHH
2025-02-05T09:30:00Z,Other,838.000,Elexon BMRS FUELHH
2025-02-05T09:30:00Z,Pumped Storage,580.000,Elexon BMRS FUELHH
2025-02-05T09:30:00Z,Wind,7880.000,Elexon BMRS FUELHH
2025-02-05T10:00:00Z,Biomass,3192.000,Elexon BMRS FUELHH
2025-02-05T10:00:00Z,Coal,0.000,Elexon BMRS FUELHH
2025-02-05T10:00:00Z,Gas,18132.000,Elexon BMRS FUELHH
2025-02-05T10:00:00Z,Hydro,760.000,Elexon BMRS FUELHH
2025-02-05T10:00:00Z,Imports & Exports,1362.000,Elexon BMRS FUELHH
2025-02-05T10:00:00Z,Nuclear,4175.000,Elexon BMRS FUELHH
2025-02-05T10:00:00Z,Other,687.000,Elexon BMRS FUELHH
2025-02-05T10:00:00Z,Pumped Storage,602.000,Elexon BMRS FUELHH
2025-02-05T10:00:00Z,Wind,7764.000,Elexon BMRS FUELHH
2025-02-05T10:30:00Z,Biomass,3177.000,Elexon BMRS FUELHH
2025-02-05T10:30:00Z,Coal,0.000,Elexon BMRS FUELHH
2025-02-05T10:30:00Z,Gas,18006.000,Elexon BMRS FUELHH
2025-02-05T10:30:00Z,Hydro,759.000,Elexon BMRS FUELHH
2025-02-05T10:30:00Z,Imports & Exports,1382.000,Elexon BMRS FUELHH
2025-02-05T10:30:00Z,Nuclear,4179.000,Elexon BMRS FUELHH
2025-02-05T10:30:00Z,Other,610.000,Elexon BMRS FUELHH
2025-02-05T10:30:00Z,Pumped Storage,222.000,Elexon BMRS FUELHH
2025-02-05T10:30:00Z,Wind,8002.000,Elexon BMRS FUELHH
2025-02-05T11:00:00Z,Biomass,3156.000,Elexon BMRS FUELHH
2025-02-05T11:00:00Z,Coal,0.000,Elexon BMRS FUELHH
2025-02-05T11:00:00Z,Gas,17450.000,Elexon BMRS FUELHH
2025-02-05T11:00:00Z,Hydro,694.000,Elexon BMRS FUELHH
2025-02-05T11:00:00Z,Imports & Exports,1736.000,Elexon BMRS FUELHH
2025-02-05T11:00:00Z,Nuclear,4180.000,Elexon BMRS FUELHH
2025-02-05T11:00:00Z,Other,633.000,Elexon BMRS FUELHH
2025-02-05T11:00:00Z,Pumped Storage,-14.000,Elexon BMRS FUELHH
2025-02-05T11:00:00Z,Wind,8065.000,Elexon BMRS FUELHH
2025-02-05T11:30:00Z,Biomass,3158.000,Elexon BMRS FUELHH
2025-02-05T11:30:00Z,Coal,0.000,Elexon BMRS FUELHH
2025-02-05T11:30:00Z,Gas,17139.000,Elexon BMRS FUELHH
2025-02-05T11:30:00Z,Hydro,569.000,Elexon BMRS FUELHH
2025-02-05T11:30:00Z,Imports & Exports,1804.000,Elexon BMRS FUELHH
2025-02-05T11:30:00Z,Nuclear,4179.000,Elexon BMRS FUELHH
2025-02-05T11:30:00Z,Other,524.000,Elexon BMRS FUELHH
2025-02-05T11:30:00Z,Pumped Storage,-16.000,Elexon BMRS FUELHH
2025-02-05T11:30:00Z,Wind,8194.000,Elexon BMRS FUELHH
2025-02-05T12:00:00Z,Biomass,3122.000,Elexon BMRS FUELHH
2025-02-05T12:00:00Z,Coal,0.000,Elexon BMRS FUELHH
2025-02-05T12:00:00Z,Gas,16836.000,Elexon BMRS FUELHH
2025-02-05T12:00:00Z,Hydro,525.000,Elexon BMRS FUELHH
2025-02-05T12:00:00Z,Imports & Exports,3458.000,Elexon BMRS FUELHH
2025-02-05T12:00:00Z,Nuclear,4173.000,Elexon BMRS FUELHH
2025-02-05T12:00:00Z,Other,438.000,Elexon BMRS FUELHH
2025-02-05T12:00:00Z,Pumped Storage,-154.000,Elexon BMRS FUELHH
2025-02-05T12:00:00Z,Wind,8026.000,Elexon BMRS FUELHH
2025-02-05T12:30:00Z,Biomass,3094.000,Elexon BMRS FUELHH
2025-02-05T12:30:00Z,Coal,0.000,Elexon BMRS FUELHH
2025-02-05T12:30:00Z,Gas,17383.000,Elexon BMRS FUELHH
2025-02-05T12:30:00Z,Hydro,482.000,Elexon BMRS FUELHH
2025-02-05T12:30:00Z,Imports & Exports,3484.000,Elexon BMRS FUELHH
2025-02-05T12:30:00Z,Nuclear,4169.000,Elexon BMRS FUELHH
2025-02-05T12:30:00Z,Other,404.000,Elexon BMRS FUELHH
2025-02-05T12:30:00Z,Pumped Storage,-170.000,Elexon BMRS FUELHH
2025-02-05T12:30:00Z,Wind,7612.000,Elexon BMRS FUELHH
2025-02-05T13:00:00Z,Biomass,3061.000,Elexon BMRS FUELHH
2025-02-05T13:00:00Z,Coal,0.000,Elexon BMRS FUELHH
2025-02-05T13:00:00Z,Gas,17872.000,Elexon BMRS FUELHH
2025-02-05T13:00:00Z,Hydro,440.000,Elexon BMRS FUELHH
2025-02-05T13:00:00Z,Imports & Exports,2792.000,Elexon BMRS FUELHH
2025-02-05T13:00:00Z,Nuclear,4168.000,Elexon BMRS FUELHH
2025-02-05T13:00:00Z,Other,523.000,Elexon BMRS FUELHH
2025-02-05T13:00:00Z,Pumped Storage,-168.000,Elexon BMRS FUELHH
2025-02-05T13:00:00Z,Wind,7157.000,Elexon BMRS FUELHH
2025-02-05T13:30:00Z,Biomass,3072.000,Elexon BMRS FUELHH
2025-02-05T13:30:00Z,Coal,0.000,Elexon BMRS FUELHH
2025-02-05T13:30:00Z,Gas,18661.000,Elexon BMRS FUELHH
2025-02-05T13:30:00Z,Hydro,480.000,Elexon BMRS FUELHH
2025-02-05T13:30:00Z,Imports & Exports,2742.000,Elexon BMRS FUELHH
2025-02-05T13:30:00Z,Nuclear,4171.000,Elexon BMRS FUELHH
2025-02-05T13:30:00Z,Other,411.000,Elexon BMRS FUELHH
2025-02-05T13:30:00Z,Pumped Storage,-32.000,Elexon BMRS FUELHH
2025-02-05T13:30:00Z,Wind,6753.000,Elexon BMRS FUELHH
2025-02-05T14:00:00Z,Biomass,3080.000,Elexon BMRS FUELHH
2025-02-05T14:00:00Z,Coal,0.000,Elexon BMRS FUELHH
2025-02-05T14:00:00Z,Gas,19802.000,Elexon BMRS FUELHH
2025-02-05T14:00:00Z,Hydro,498.000,Elexon BMRS FUELHH
2025-02-05T14:00:00Z,Imports & Exports,2148.000,Elexon BMRS FUELHH
2025-02-05T14:00:00Z,Nuclear,4166.000,Elexon BMRS FUELHH
2025-02-05T14:00:00Z,Other,446.000,Elexon BMRS FUELHH
2025-02-05T14:00:00Z,Pumped Storage,-16.000,Elexon BMRS FUELHH
2025-02-05T14:00:00Z,Wind,6079.000,Elexon BMRS FUELHH
2025-02-05T14:30:00Z,Biomass,3080.000,Elexon BMRS FUELHH
2025-02-05T14:30:00Z,Coal,0.000,Elexon BMRS FUELHH
2025-02-05T14:30:00Z,Gas,21055.000,Elexon BMRS FUELHH
2025-02-05T14:30:00Z,Hydro,636.000,Elexon BMRS FUELHH
2025-02-05T14:30:00Z,Imports & Exports,2038.000,Elexon BMRS FUELHH
2025-02-05T14:30:00Z,Nuclear,4168.000,Elexon BMRS FUELHH
2025-02-05T14:30:00Z,Other,383.000,Elexon BMRS FUELHH
2025-02-05T14:30:00Z,Pumped Storage,-30.000,Elexon BMRS FUELHH
2025-02-05T14:30:00Z,Wind,5655.000,Elexon BMRS FUELHH
2025-02-05T15:00:00Z,Biomass,3088.000,Elexon BMRS FUELHH
2025-02-05T15:00:00Z,Coal,0.000,Elexon BMRS FUELHH
2025-02-05T15:00:00Z,Gas,22388.000,Elexon BMRS FUELHH
2025-02-05T15:00:00Z,Hydro,636.000,Elexon BMRS FUELHH
2025-02-05T15:00:00Z,Imports & Exports,-122.000,Elexon BMRS FUELHH
2025-02-05T15:00:00Z,Nuclear,4182.000,Elexon BMRS FUELHH
2025-02-05T15:00:00Z,Other,761.000,Elexon BMRS FUELHH
2025-02-05T15:00:00Z,Pumped Storage,580.000,Elexon BMRS FUELHH
2025-02-05T15:00:00Z,Wind,5449.000,Elexon BMRS FUELHH
2025-02-05T15:30:00Z,Biomass,3118.000,Elexon BMRS FUELHH
2025-02-05T15:30:00Z,Coal,0.000,Elexon BMRS FUELHH
2025-02-05T15:30:00Z,Gas,23205.000,Elexon BMRS FUELHH
2025-02-05T15:30:00Z,Hydro,511.000,Elexon BMRS FUELHH
2025-02-05T15:30:00Z,Imports & Exports,-248.000,Elexon BMRS FUELHH
2025-02-05T15:30:00Z,Nuclear,4180.000,Elexon BMRS FUELHH
2025-02-05T15:30:00Z,Other,705.000,Elexon BMRS FUELHH
2025-02-05T15:30:00Z,Pumped Storage,950.000,Elexon BMRS FUELHH
2025-02-05T15:30:00Z,Wind,5435.000,Elexon BMRS FUELHH
2025-02-05T16:00:00Z,Biomass,3114.000,Elexon BMRS FUELHH
2025-02-05T16:00:00Z,Coal,0.000,Elexon BMRS FUELHH
2025-02-05T16:00:00Z,Gas,23449.000,Elexon BMRS FUELHH
2025-02-05T16:00:00Z,Hydro,558.000,Elexon BMRS FUELHH
2025-02-05T16:00:00Z,Imports & Exports,1080.000,Elexon BMRS FUELHH
2025-02-05T16:00:00Z,Nuclear,4172.000,Elexon BMRS FUELHH
2025-02-05T16:00:00Z,Other,772.000,Elexon BMRS FUELHH
2025-02-05T16:00:00Z,Pumped Storage,1348.000,Elexon BMRS FUELHH
2025-02-05T16:00:00Z,Wind,5130.000,Elexon BMRS FUELHH
2025-02-05T16:30:00Z,Biomass,2962.000,Elexon BMRS FUELHH
2025-02-05T16:30:00Z,Coal,0.000,Elexon BMRS FUELHH
2025-02-05T16:30:00Z,Gas,24247.000,Elexon BMRS FUELHH
2025-02-05T16:30:00Z,Hydro,633.000,Elexon BMRS FUELHH
2025-02-05T16:30:00Z,Imports & Exports,1128.000,Elexon BMRS FUELHH
2025-02-05T16:30:00Z,Nuclear,4173.000,Elexon BMRS FUELHH
2025-02-05T16:30:00Z,Other,1108.000,Elexon BMRS FUELHH
2025-02-05T16:30:00Z,Pumped Storage,1346.000,Elexon BMRS FUELHH
2025-02-05T16:30:00Z,Wind,5054.000,Elexon BMRS FUELHH
2025-02-05T17:00:00Z,Biomass,3054.000,Elexon BMRS FUELHH
2025-02-05T17:00:00Z,Coal,0.000,Elexon BMRS FUELHH
2025-02-05T17:00:00Z,Gas,24335.000,Elexon BMRS FUELHH
2025-02-05T17:00:00Z,Hydro,899.000,Elexon BMRS FUELHH
2025-02-05T17:00:00Z,Imports & Exports,1228.000,Elexon BMRS FUELHH
2025-02-05T17:00:00Z,Nuclear,4174.000,Elexon BMRS FUELHH
2025-02-05T17:00:00Z,Other,1490.000,Elexon BMRS FUELHH
2025-02-05T17:00:00Z,Pumped Storage,1358.000,Elexon BMRS FUELHH
2025-02-05T17:00:00Z,Wind,4876.000,Elexon BMRS FUELHH
2025-02-05T17:30:00Z,Biomass,3129.000,Elexon BMRS FUELHH
2025-02-05T17:30:00Z,Coal,0.000,Elexon BMRS FUELHH
2025-02-05T17:30:00Z,Gas,24461.000,Elexon BMRS FUELHH
2025-02-05T17:30:00Z,Hydro,1023.000,Elexon BMRS FUELHH
2025-02-05T17:30:00Z,Imports & Exports,1198.000,Elexon BMRS FUELHH
2025-02-05T17:30:00Z,Nuclear,4173.000,Elexon BMRS FUELHH
2025-02-05T17:30:00Z,Other,1931.000,Elexon BMRS FUELHH
2025-02-05T17:30:00Z,Pumped Storage,1838.000,Elexon BMRS FUELHH
2025-02-05T17:30:00Z,Wind,4573.000,Elexon BMRS FUELHH
2025-02-05T18:00:00Z,Biomass,3101.000,Elexon BMRS FUELHH
2025-02-05T18:00:00Z,Coal,0.000,Elexon BMRS FUELHH
2025-02-05T18:00:00Z,Gas,24457.000,Elexon BMRS FUELHH
2025-02-05T18:00:00Z,Hydro,1012.000,Elexon BMRS FUELHH
2025-02-05T18:00:00Z,Imports & Exports,1602.000,Elexon BMRS FUELHH
2025-02-05T18:00:00Z,Nuclear,4186.000,Elexon BMRS FUELHH
2025-02-05T18:00:00Z,Other,1845.000,Elexon BMRS FUELHH
2025-02-05T18:00:00Z,Pumped Storage,1708.000,Elexon BMRS FUELHH
2025-02-05T18:00:00Z,Wind,4387.000,Elexon BMRS FUELHH
2025-02-05T18:30:00Z,Biomass,3103.000,Elexon BMRS FUELHH
2025-02-05T18:30:00Z,Coal,0.000,Elexon BMRS FUELHH
2025-02-05T18:30:00Z,Gas,24480.000,Elexon BMRS FUELHH
2025-02-05T18:30:00Z,Hydro,1024.000,Elexon BMRS FUELHH
2025-02-05T18:30:00Z,Imports & Exports,1622.000,Elexon BMRS FUELHH
2025-02-05T18:30:00Z,Nuclear,4188.000,Elexon BMRS FUELHH
2025-02-05T18:30:00Z,Other,1819.000,Elexon BMRS FUELHH
2025-02-05T18:30:00Z,Pumped Storage,1468.000,Elexon BMRS FUELHH
2025-02-05T18:30:00Z,Wind,4199.000,Elexon BMRS FUELHH
2025-02-05T19:00:00Z,Biomass,3103.000,Elexon BMRS FUELHH
2025-02-05T19:00:00Z,Coal,0.000,Elexon BMRS FUELHH
2025-02-05T19:00:00Z,Gas,24255.000,Elexon BMRS FUELHH
2025-02-05T19:00:00Z,Hydro,1046.000,Elexon BMRS FUELHH
2025-02-05T19:00:00Z,Imports & Exports,2190.000,Elexon BMRS FUELHH
2025-02-05T19:00:00Z,Nuclear,4185.000,Elexon BMRS FUELHH
2025-02-05T19:00:00Z,Other,1198.000,Elexon BMRS FUELHH
2025-02-05T19:00:00Z,Pumped Storage,1526.000,Elexon BMRS FUELHH
2025-02-05T19:00:00Z,Wind,3889.000,Elexon BMRS FUELHH
2025-02-05T19:30:00Z,Biomass,3090.000,Elexon BMRS FUELHH
2025-02-05T19:30:00Z,Coal,0.000,Elexon BMRS FUELHH
2025-02-05T19:30:00Z,Gas,24014.000,Elexon BMRS FUELHH
2025-02-05T19:30:00Z,Hydro,1060.000,Elexon BMRS FUELHH
2025-02-05T19:30:00Z,Imports & Exports,2214.000,Elexon BMRS FUELHH
2025-02-05T19:30:00Z,Nuclear,4189.000,Elexon BMRS FUELHH
2025-02-05T19:30:00Z,Other,966.000,Elexon BMRS FUELHH
2025-02-05T19:30:00Z,Pumped Storage,1292.000,Elexon BMRS FUELHH
2025-02-05T19:30:00Z,Wind,3794.000,Elexon BMRS FUELHH
2025-02-05T20:00:00Z,Biomass,3115.000,Elexon BMRS FUELHH
2025-02-05T20:00:00Z,Coal,0.000,Elexon BMRS FUELHH
2025-02-05T20:00:00Z,Gas,24086.000,Elexon BMRS FUELHH
2025-02-05T20:00:00Z,Hydro,865.000,Elexon BMRS FUELHH
2025-02-05T20:00:00Z,Imports & Exports,1580.000,Elexon BMRS FUELHH
2025-02-05T20:00:00Z,Nuclear,4184.000,Elexon BMRS FUELHH
2025-02-05T20:00:00Z,Other,1007.000,Elexon BMRS FUELHH
2025-02-05T20:00:00Z,Pumped Storage,670.000,Elexon BMRS FUELHH
2025-02-05T20:00:00Z,Wind,3953.000,Elexon BMRS FUELHH
2025-02-05T20:30:00Z,Biomass,3092.000,Elexon BMRS FUELHH
2025-02-05T20:30:00Z,Coal,0.000,Elexon BMRS FUELHH
2025-02-05T20:30:00Z,Gas,23593.000,Elexon BMRS FUELHH
2025-02-05T20:30:00Z,Hydro,723.000,Elexon BMRS FUELHH
2025-02-05T20:30:00Z,Imports & Exports,1534.000,Elexon BMRS FUELHH
2025-02-05T20:30:00Z,Nuclear,4192.000,Elexon BMRS FUELHH
2025-02-05T20:30:00Z,Other,823.000,Elexon BMRS FUELHH
2025-02-05T20:30:00Z,Pumped Storage,318.000,Elexon BMRS FUELHH
2025-02-05T20:30:00Z,Wind,4215.000,Elexon BMRS FUELHH
2025-02-05T21:00:00Z,Biomass,3108.000,Elexon BMRS FUELHH
2025-02-05T21:00:00Z,Coal,0.000,Elexon BMRS FUELHH
2025-02-05T21:00:00Z,Gas,23204.000,Elexon BMRS FUELHH
2025-02-05T21:00:00Z,Hydro,640.000,Elexon BMRS FUELHH
2025-02-05T21:00:00Z,Imports & Exports,514.000,Elexon BMRS FUELHH
2025-02-05T21:00:00Z,Nuclear,4186.000,Elexon BMRS FUELHH
2025-02-05T21:00:00Z,Other,730.000,Elexon BMRS FUELHH
2025-02-05T21:00:00Z,Pumped Storage,182.000,Elexon BMRS FUELHH
2025-02-05T21:00:00Z,Wind,4057.000,Elexon BMRS FUELHH
2025-02-05T21:30:00Z,Biomass,3090.000,Elexon BMRS FUELHH
2025-02-05T21:30:00Z,Coal,0.000,Elexon BMRS FUELHH
2025-02-05T21:30:00Z,Gas,22099.000,Elexon BMRS FUELHH
2025-02-05T21:30:00Z,Hydro,574.000,Elexon BMRS FUELHH
2025-02-05T21:30:00Z,Imports & Exports,484.000,Elexon BMRS FUELHH
2025-02-05T21:30:00Z,Nuclear,4186.000,Elexon BMRS FUELHH
2025-02-05T21:30:00Z,Other,467.000,Elexon BMRS FUELHH
2025-02-05T21:30:00Z,Pumped Storage,106.000,Elexon BMRS FUELHH
2025-02-05T21:30:00Z,Wind,3979.000,Elexon BMRS FUELHH
2025-02-05T22:00:00Z,Biomass,3070.000,Elexon BMRS FUELHH
2025-02-05T22:00:00Z,Coal,0.000,Elexon BMRS FUELHH
2025-02-05T22:00:00Z,Gas,20448.000,Elexon BMRS FUELHH
2025-02-05T22:00:00Z,Hydro,535.000,Elexon BMRS FUELHH
2025-02-05T22:00:00Z,Imports & Exports,200.000,Elexon BMRS FUELHH
2025-02-05T22:00:00Z,Nuclear,4183.000,Elexon BMRS FUELHH
2025-02-05T22:00:00Z,Other,390.000,Elexon BMRS FUELHH
2025-02-05T22:00:00Z,Pumped Storage,90.000,Elexon BMRS FUELHH
2025-02-05T22:00:00Z,Wind,4044.000,Elexon BMRS FUELHH
2025-02-05T22:30:00Z,Biomass,3008.000,Elexon BMRS FUELHH
2025-02-05T22:30:00Z,Coal,0.000,Elexon BMRS FUELHH
2025-02-05T22:30:00Z,Gas,18709.000,Elexon BMRS FUELHH
2025-02-05T22:30:00Z,Hydro,567.000,Elexon BMRS FUELHH
2025-02-05T22:30:00Z,Imports & Exports,426.000,Elexon BMRS FUELHH
2025-02-05T22:30:00Z,Nuclear,4187.000,Elexon BMRS FUELHH
2025-02-05T22:30:00Z,Other,549.000,Elexon BMRS FUELHH
2025-02-05T22:30:00Z,Pumped Storage,110.000,Elexon BMRS FUELHH
2025-02-05T22:30:00Z,Wind,4043.000,Elexon BMRS FUELHH
2025-02-05T23:00:00Z,Biomass,2985.000,Elexon BMRS FUELHH
2025-02-05T23:00:00Z,Coal,0.000,Elexon BMRS FUELHH
2025-02-05T23:00:00Z,Gas,16753.000,Elexon BMRS FUELHH
2025-02-05T23:00:00Z,Hydro,578.000,Elexon BMRS FUELHH
2025-02-05T23:00:00Z,Imports & Exports,1088.000,Elexon BMRS FUELHH
2025-02-05T23:00:00Z,Nuclear,4187.000,Elexon BMRS FUELHH
2025-02-05T23:00:00Z,Other,408.000,Elexon BMRS FUELHH
2025-02-05T23:00:00Z,Pumped Storage,-306.000,Elexon BMRS FUELHH
2025-02-05T23:00:00Z,Wind,4127.000,Elexon BMRS FUELHH
2025-02-05T23:30:00Z,Biomass,3008.000,Elexon BMRS FUELHH
2025-02-05T23:30:00Z,Coal,0.000,Elexon BMRS FUELHH
2025-02-05T23:30:00Z,Gas,16053.000,Elexon BMRS FUELHH
2025-02-05T23:30:00Z,Hydro,552.000,Elexon BMRS FUELHH
2025-02-05T23:30:00Z,Imports & Exports,1008.000,Elexon BMRS FUELHH
2025-02-05T23:30:00Z,Nuclear,4183.000,Elexon BMRS FUELHH
2025-02-05T23:30:00Z,Other,330.000,Elexon BMRS FUELHH
2025-02-05T23:30:00Z,Pumped Storage,-318.000,Elexon BMRS FUELHH
2025-02-05T23:30:00Z,Wind,4122.000,Elexon BMRS FUELHH
2025-02-06T00:00:00Z,Biomass,3019.000,Elexon BMRS FUELHH
2025-02-06T00:00:00Z,Coal,0.000,Elexon BMRS FUELHH
2025-02-06T00:00:00Z,Gas,15844.000,Elexon BMRS FUELHH
2025-02-06T00:00:00Z,Hydro,521.000,Elexon BMRS FUELHH
2025-02-06T00:00:00Z,Imports & Exports,1942.000,Elexon BMRS FUELHH
2025-02-06T00:00:00Z,Nuclear,4185.000,Elexon BMRS FUELHH
2025-02-06T00:00:00Z,Other,263.000,Elexon BMRS FUELHH
2025-02-06T00:00:00Z,Pumped Storage,-908.000,Elexon BMRS FUELHH
2025-02-06T00:00:00Z,Wind,4143.000,Elexon BMRS FUELHH
2025-02-06T00:30:00Z,Biomass,3020.000,Elexon BMRS FUELHH
2025-02-06T00:30:00Z,Coal,0.000,Elexon BMRS FUELHH
2025-02-06T00:30:00Z,Gas,15843.000,Elexon BMRS FUELHH
2025-02-06T00:30:00Z,Hydro,531.000,Elexon BMRS FUELHH
2025-02-06T00:30:00Z,Imports & Exports,2120.000,Elexon BMRS FUELHH
2025-02-06T00:30:00Z,Nuclear,4186.000,Elexon BMRS FUELHH
2025-02-06T00:30:00Z,Other,360.000,Elexon BMRS FUELHH
2025-02-06T00:30:00Z,Pumped Storage,-956.000,Elexon BMRS FUELHH
2025-02-06T00:30:00Z,Wind,4143.000,Elexon BMRS FUELHH
2025-02-06T01:00:00Z,Biomass,3005.000,Elexon BMRS FUELHH
2025-02-06T01:00:00Z,Coal,0.000,Elexon BMRS FUELHH
2025-02-06T01:00:00Z,Gas,15309.000,Elexon BMRS FUELHH
2025-02-06T01:00:00Z,Hydro,444.000,Elexon BMRS FUELHH
2025-02-06T01:00:00Z,Imports & Exports,2570.000,Elexon BMRS FUELHH
2025-02-06T01:00:00Z,Nuclear,4203.000,Elexon BMRS FUELHH
2025-02-06T01:00:00Z,Other,290.000,Elexon BMRS FUELHH
2025-02-06T01:00:00Z,Pumped Storage,-1034.000,Elexon BMRS FUELHH
2025-02-06T01:00:00Z,Wind,4068.000,Elexon BMRS FUELHH
2025-02-06T01:30:00Z,Biomass,2989.000,Elexon BMRS FUELHH
2025-02-06T01:30:00Z,Coal,0.000,Elexon BMRS FUELHH
2025-02-06T01:30:00Z,Gas,14989.000,Elexon BMRS FUELHH
2025-02-06T01:30:00Z,Hydro,469.000,Elexon BMRS FUELHH
2025-02-06T01:30:00Z,Imports & Exports,2634.000,Elexon BMRS FUELHH
2025-02-06T01:30:00Z,Nuclear,4209.000,Elexon BMRS FUELHH
2025-02-06T01:30:00Z,Other,285.000,Elexon BMRS FUELHH
2025-02-06T01:30:00Z,Pumped Storage,-1156.000,Elexon BMRS FUELHH
2025-02-06T01:30:00Z,Wind,3945.000,Elexon BMRS FUELHH
2025-02-06T02:00:00Z,Biomass,3017.000,Elexon BMRS FUELHH
2025-02-06T02:00:00Z,Coal,0.000,Elexon BMRS FUELHH
2025-02-06T02:00:00Z,Gas,14525.000,Elexon BMRS FUELHH
2025-02-06T02:00:00Z,Hydro,472.000,Elexon BMRS FUELHH
2025-02-06T02:00:00Z,Imports & Exports,2810.000,Elexon BMRS FUELHH
2025-02-06T02:00:00Z,Nuclear,4220.000,Elexon BMRS FUELHH
2025-02-06T02:00:00Z,Other,287.000,Elexon BMRS FUELHH
2025-02-06T02:00:00Z,Pumped Storage,-1406.000,Elexon BMRS FUELHH
2025-02-06T02:00:00Z,Wind,3960.000,Elexon BMRS FUELHH
2025-02-06T02:30:00Z,Biomass,2984.000,Elexon BMRS FUELHH
2025-02-06T02:30:00Z,Coal,0.000,Elexon BMRS FUELHH
2025-02-06T02:30:00Z,Gas,14693.000,Elexon BMRS FUELHH
2025-02-06T02:30:00Z,Hydro,472.000,Elexon BMRS FUELHH
2025-02-06T02:30:00Z,Imports & Exports,2760.000,Elexon BMRS FUELHH
2025-02-06T02:30:00Z,Nuclear,4239.000,Elexon BMRS FUELHH
2025-02-06T02:30:00Z,Other,273.000,Elexon BMRS FUELHH
2025-02-06T02:30:00Z,Pumped Storage,-1622.000,Elexon BMRS FUELHH
2025-02-06T02:30:00Z,Wind,4160.000,Elexon BMRS FUELHH
2025-02-06T03:00:00Z,Biomass,3028.000,Elexon BMRS FUELHH
2025-02-06T03:00:00Z,Coal,0.000,Elexon BMRS FUELHH
2025-02-06T03:00:00Z,Gas,15095.000,Elexon BMRS FUELHH
2025-02-06T03:00:00Z,Hydro,471.000,Elexon BMRS FUELHH
2025-02-06T03:00:00Z,Imports & Exports,1816.000,Elexon BMRS FUELHH
2025-02-06T03:00:00Z,Nuclear,4241.000,Elexon BMRS FUELHH
2025-02-06T03:00:00Z,Other,258.000,Elexon BMRS FUELHH
2025-02-06T03:00:00Z,Pumped Storage,-1624.000,Elexon BMRS FUELHH
2025-02-06T03:00:00Z,Wind,4234.000,Elexon BMRS FUELHH
2025-02-06T03:30:00Z,Biomass,3031.000,Elexon BMRS FUELHH
2025-02-06T03:30:00Z,Coal,0.000,Elexon BMRS FUELHH
2025-02-06T03:30:00Z,Gas,14795.000,Elexon BMRS FUELHH
2025-02-06T03:30:00Z,Hydro,469.000,Elexon BMRS FUELHH
2025-02-06T03:30:00Z,Imports & Exports,1698.000,Elexon BMRS FUELHH
2025-02-06T03:30:00Z,Nuclear,4239.000,Elexon BMRS FUELHH
2025-02-06T03:30:00Z,Other,284.000,Elexon BMRS FUELHH
2025-02-06T03:30:00Z,Pumped Storage,-1602.000,Elexon BMRS FUELHH
2025-02-06T03:30:00Z,Wind,4260.000,Elexon BMRS FUELHH
2025-02-06T04:00:00Z,Biomass,3026.000,Elexon BMRS FUELHH
2025-02-06T04:00:00Z,Coal,0.000,Elexon BMRS FUELHH
2025-02-06T04:00:00Z,Gas,15629.000,Elexon BMRS FUELHH
2025-02-06T04:00:00Z,Hydro,462.000,Elexon BMRS FUELHH
2025-02-06T04:00:00Z,Imports & Exports,242.000,Elexon BMRS FUELHH
2025-02-06T04:00:00Z,Nuclear,4249.000,Elexon BMRS FUELHH
2025-02-06T04:00:00Z,Other,268.000,Elexon BMRS FUELHH
2025-02-06T04:00:00Z,Pumped Storage,-1530.000,Elexon BMRS FUELHH
2025-02-06T04:00:00Z,Wind,4433.000,Elexon BMRS FUELHH
2025-02-06T04:30:00Z,Biomass,3037.000,Elexon BMRS FUELHH
2025-02-06T04:30:00Z,Coal,0.000,Elexon BMRS FUELHH
2025-02-06T04:30:00Z,Gas,15720.000,Elexon BMRS FUELHH
2025-02-06T04:30:00Z,Hydro,479.000,Elexon BMRS FUELHH
2025-02-06T04:30:00Z,Imports & Exports,74.000,Elexon BMRS FUELHH
2025-02-06T04:30:00Z,Nuclear,4265.000,Elexon BMRS FUELHH
2025-02-06T04:30:00Z,Other,278.000,Elexon BMRS FUELHH
2025-02-06T04:30:00Z,Pumped Storage,-1448.000,Elexon BMRS FUELHH
2025-02-06T04:30:00Z,Wind,4435.000,Elexon BMRS FUELHH
2025-02-06T05:00:00Z,Biomass,3044.000,Elexon BMRS FUELHH
2025-02-06T05:00:00Z,Coal,0.000,Elexon BMRS FUELHH
2025-02-06T05:00:00Z,Gas,16799.000,Elexon BMRS FUELHH
2025-02-06T05:00:00Z,Hydro,599.000,Elexon BMRS FUELHH
2025-02-06T05:00:00Z,Imports & Exports,-1830.000,Elexon BMRS FUELHH
2025-02-06T05:00:00Z,Nuclear,4271.000,Elexon BMRS FUELHH
2025-02-06T05:00:00Z,Other,330.000,Elexon BMRS FUELHH
2025-02-06T05:00:00Z,Pumped Storage,-346.000,Elexon BMRS FUELHH
2025-02-06T05:00:00Z,Wind,4289.000,Elexon BMRS FUELHH
2025-02-06T05:30:00Z,Biomass,3041.000,Elexon BMRS FUELHH
2025-02-06T05:30:00Z,Coal,0.000,Elexon BMRS FUELHH
2025-02-06T05:30:00Z,Gas,17933.000,Elexon BMRS FUELHH
2025-02-06T05:30:00Z,Hydro,596.000,Elexon BMRS FUELHH
2025-02-06T05:30:00Z,Imports & Exports,-1744.000,Elexon BMRS FUELHH
2025-02-06T05:30:00Z,Nuclear,4283.000,Elexon BMRS FUELHH
2025-02-06T05:30:00Z,Other,293.000,Elexon BMRS FUELHH
2025-02-06T05:30:00Z,Pumped Storage,34.000,Elexon BMRS FUELHH
2025-02-06T05:30:00Z,Wind,4308.000,Elexon BMRS FUELHH
2025-02-06T06:00:00Z,Biomass,3035.000,Elexon BMRS FUELHH
2025-02-06T06:00:00Z,Coal,0.000,Elexon BMRS FUELHH
2025-02-06T06:00:00Z,Gas,20407.000,Elexon BMRS FUELHH
2025-02-06T06:00:00Z,Hydro,773.000,Elexon BMRS FUELHH
2025-02-06T06:00:00Z,Imports & Exports,-2408.000,Elexon BMRS FUELHH
2025-02-06T06:00:00Z,Nuclear,4280.000,Elexon BMRS FUELHH
2025-02-06T06:00:00Z,Other,359.000,Elexon BMRS FUELHH
2025-02-06T06:00:00Z,Pumped Storage,60.000,Elexon BMRS FUELHH
2025-02-06T06:00:00Z,Wind,4444.000,Elexon BMRS FUELHH
2025-02-06T06:30:00Z,Biomass,3037.000,Elexon BMRS FUELHH
2025-02-06T06:30:00Z,Coal,0.000,Elexon BMRS FUELHH
2025-02-06T06:30:00Z,Gas,22435.000,Elexon BMRS FUELHH
2025-02-06T06:30:00Z,Hydro,852.000,Elexon BMRS FUELHH
2025-02-06T06:30:00Z,Imports & Exports,-2642.000,Elexon BMRS FUELHH
2025-02-06T06:30:00Z,Nuclear,4281.000,Elexon BMRS FUELHH
2025-02-06T06:30:00Z,Other,654.000,Elexon BMRS FUELHH
2025-02-06T06:30:00Z,Pumped Storage,446.000,Elexon BMRS FUELHH
2025-02-06T06:30:00Z,Wind,4769.000,Elexon BMRS FUELHH
2025-02-06T07:00:00Z,Biomass,3050.000,Elexon BMRS FUELHH
2025-02-06T07:00:00Z,Coal,0.000,Elexon BMRS FUELHH
2025-02-06T07:00:00Z,Gas,23248.000,Elexon BMRS FUELHH
2025-02-06T07:00:00Z,Hydro,910.000,Elexon BMRS FUELHH
2025-02-06T07:00:00Z,Imports & Exports,-2080.000,Elexon BMRS FUELHH
2025-02-06T07:00:00Z,Nuclear,4280.000,Elexon BMRS FUELHH
2025-02-06T07:00:00Z,Other,1107.000,Elexon BMRS FUELHH
2025-02-06T07:00:00Z,Pumped Storage,1344.000,Elexon BMRS FUELHH
2025-02-06T07:00:00Z,Wind,4822.000,Elexon BMRS FUELHH
2025-02-06T07:30:00Z,Biomass,3033.000,Elexon BMRS FUELHH
2025-02-06T07:30:00Z,Coal,0.000,Elexon BMRS FUELHH
2025-02-06T07:30:00Z,Gas,23480.000,Elexon BMRS FUELHH
2025-02-06T07:30:00Z,Hydro,908.000,Elexon BMRS FUELHH
2025-02-06T07:30:00Z,Imports & Exports,-2076.000,Elexon BMRS FUELHH
2025-02-06T07:30:00Z,Nuclear,4284.000,Elexon BMRS FUELHH
2025-02-06T07:30:00Z,Other,1763.000,Elexon BMRS FUELHH
2025-02-06T07:30:00Z,Pumped Storage,1410.000,Elexon BMRS FUELHH
2025-02-06T07:30:00Z,Wind,4974.000,Elexon BMRS FUELHH
2025-02-06T08:00:00Z,Biomass,3076.000,Elexon BMRS FUELHH
2025-02-06T08:00:00Z,Coal,0.000,Elexon BMRS FUELHH
2025-02-06T08:00:00Z,Gas,23521.000,Elexon BMRS FUELHH
2025-02-06T08:00:00Z,Hydro,909.000,Elexon BMRS FUELHH
2025-02-06T08:00:00Z,Imports & Exports,840.000,Elexon BMRS FUELHH
2025-02-06T08:00:00Z,Nuclear,4278.000,Elexon BMRS FUELHH
2025-02-06T08:00:00Z,Other,1044.000,Elexon BMRS FUELHH
2025-02-06T08:00:00Z,Pumped Storage,1568.000,Elexon BMRS FUELHH
2025-02-06T08:00:00Z,Wind,5019.000,Elexon BMRS FUELHH
2025-02-06T08:30:00Z,Biomass,3047.000,Elexon BMRS FUELHH
2025-02-06T08:30:00Z,Coal,0.000,Elexon BMRS FUELHH
2025-02-06T08:30:00Z,Gas,23601.000,Elexon BMRS FUELHH
2025-02-06T08:30:00Z,Hydro,943.000,Elexon BMRS FUELHH
2025-02-06T08:30:00Z,Imports & Exports,1068.000,Elexon BMRS FUELHH
2025-02-06T08:30:00Z,Nuclear,4285.000,Elexon BMRS FUELHH
2025-02-06T08:30:00Z,Other,939.000,Elexon BMRS FUELHH
2025-02-06T08:30:00Z,Pumped Storage,1202.000,Elexon BMRS FUELHH
2025-02-06T08:30:00Z,Wind,4963.000,Elexon BMRS FUELHH
2025-02-06T09:00:00Z,Biomass,3050.000,Elexon BMRS FUELHH
2025-02-06T09:00:00Z,Coal,0.000,Elexon BMRS FUELHH
2025-02-06T09:00:00Z,Gas,23787.000,Elexon BMRS FUELHH
2025-02-06T09:00:00Z,Hydro,885.000,Elexon BMRS FUELHH
2025-02-06T09:00:00Z,Imports & Exports,1202.000,Elexon BMRS FUELHH
2025-02-06T09:00:00Z,Nuclear,4281.000,Elexon BMRS FUELHH
2025-02-06T09:00:00Z,Other,923.000,Elexon BMRS FUELHH
2025-02-06T09:00:00Z,Pumped Storage,524.000,Elexon BMRS FUELHH
2025-02-06T09:00:00Z,Wind,4809.000,Elexon BMRS FUELHH
2025-02-06T09:30:00Z,Biomass,3051.000,Elexon BMRS FUELHH
2025-02-06T09:30:00Z,Coal,0.000,Elexon BMRS FUELHH
2025-02-06T09:30:00Z,Gas,23532.000,Elexon BMRS FUELHH
2025-02-06T09:30:00Z,Hydro,736.000,Elexon BMRS FUELHH
2025-02-06T09:30:00Z,Imports & Exports,1214.000,Elexon BMRS FUELHH
2025-02-06T09:30:00Z,Nuclear,4289.000,Elexon BMRS FUELHH
2025-02-06T09:30:00Z,Other,879.000,Elexon BMRS FUELHH
2025-02-06T09:30:00Z,Pumped Storage,164.000,Elexon BMRS FUELHH
2025-02-06T09:30:00Z,Wind,4870.000,Elexon BMRS FUELHH
2025-02-06T10:00:00Z,Biomass,3052.000,Elexon BMRS FUELHH
2025-02-06T10:00:00Z,Coal,0.000,Elexon BMRS FUELHH
2025-02-06T10:00:00Z,Gas,23444.000,Elexon BMRS FUELHH
2025-02-06T10:00:00Z,Hydro,681.000,Elexon BMRS FUELHH
2025-02-06T10:00:00Z,Imports & Exports,344.000,Elexon BMRS FUELHH
2025-02-06T10:00:00Z,Nuclear,4297.000,Elexon BMRS FUELHH
2025-02-06T10:00:00Z,Other,671.000,Elexon BMRS FUELHH
2025-02-06T10:00:00Z,Pumped Storage,154.000,Elexon BMRS FUELHH
2025-02-06T10:00:00Z,Wind,4961.000,Elexon BMRS FUELHH
2025-02-06T10:30:00Z,Biomass,3050.000,Elexon BMRS FUELHH
2025-02-06T10:30:00Z,Coal,0.000,Elexon BMRS FUELHH
2025-02-06T10:30:00Z,Gas,22724.000,Elexon BMRS FUELHH
2025-02-06T10:30:00Z,Hydro,685.000,Elexon BMRS FUELHH
2025-02-06T10:30:00Z,Imports & Exports,414.000,Elexon BMRS FUELHH
2025-02-06T10:30:00Z,Nuclear,4298.000,Elexon BMRS FUELHH
2025-02-06T10:30:00Z,Other,494.000,Elexon BMRS FUELHH
2025-02-06T10:30:00Z,Pumped Storage,198.000,Elexon BMRS FUELHH
2025-02-06T10:30:00Z,Wind,5000.000,Elexon BMRS FUELHH
2025-02-06T11:00:00Z,Biomass,3015.000,Elexon BMRS FUELHH
2025-02-06T11:00:00Z,Coal,0.000,Elexon BMRS FUELHH
2025-02-06T11:00:00Z,Gas,22026.000,Elexon BMRS FUELHH
2025-02-06T11:00:00Z,Hydro,550.000,Elexon BMRS FUELHH
2025-02-06T11:00:00Z,Imports & Exports,520.000,Elexon BMRS FUELHH
2025-02-06T11:00:00Z,Nuclear,4294.000,Elexon BMRS FUELHH
2025-02-06T11:00:00Z,Other,531.000,Elexon BMRS FUELHH
2025-02-06T11:00:00Z,Pumped Storage,108.000,Elexon BMRS FUELHH
2025-02-06T11:00:00Z,Wind,4981.000,Elexon BMRS FUELHH
2025-02-06T11:30:00Z,Biomass,3022.000,Elexon BMRS FUELHH
2025-02-06T11:30:00Z,Coal,0.000,Elexon BMRS FUELHH
2025-02-06T11:30:00Z,Gas,21647.000,Elexon BMRS FUELHH
2025-02-06T11:30:00Z,Hydro,594.000,Elexon BMRS FUELHH
2025-02-06T11:30:00Z,Imports & Exports,478.000,Elexon BMRS FUELHH
2025-02-06T11:30:00Z,Nuclear,4285.000,Elexon BMRS FUELHH
2025-02-06T11:30:00Z,Other,501.000,Elexon BMRS FUELHH
2025-02-06T11:30:00Z,Pumped Storage,122.000,Elexon BMRS FUELHH
2025-02-06T11:30:00Z,Wind,4922.000,Elexon BMRS FUELHH
2025-02-06T12:00:00Z,Biomass,3026.000,Elexon BMRS FUELHH
2025-02-06T12:00:00Z,Coal,0.000,Elexon BMRS FUELHH
2025-02-06T12:00:00Z,Gas,20811.000,Elexon BMRS FUELHH
2025-02-06T12:00:00Z,Hydro,601.000,Elexon BMRS FUELHH
2025-02-06T12:00:00Z,Imports & Exports,990.000,Elexon BMRS FUELHH
2025-02-06T12:00:00Z,Nuclear,4289.000,Elexon BMRS FUELHH
2025-02-06T12:00:00Z,Other,515.000,Elexon BMRS FUELHH
2025-02-06T12:00:00Z,Pumped Storage,-12.000,Elexon BMRS FUELHH
2025-02-06T12:00:00Z,Wind,5003.000,Elexon BMRS FUELHH
2025-02-06T12:30:00Z,Biomass,3037.000,Elexon BMRS FUELHH
2025-02-06T12:30:00Z,Coal,0.000,Elexon BMRS FUELHH
2025-02-06T12:30:00Z,Gas,20202.000,Elexon BMRS FUELHH
2025-02-06T12:30:00Z,Hydro,601.000,Elexon BMRS FUELHH
2025-02-06T12:30:00Z,Imports & Exports,1138.000,Elexon BMRS FUELHH
2025-02-06T12:30:00Z,Nuclear,4282.000,Elexon BMRS FUELHH
2025-02-06T12:30:00Z,Other,479.000,Elexon BMRS FUELHH
2025-02-06T12:30:00Z,Pumped Storage,74.000,Elexon BMRS FUELHH
2025-02-06T12:30:00Z,Wind,4918.000,Elexon BMRS FUELHH
2025-02-06T13:00:00Z,Biomass,3044.000,Elexon BMRS FUELHH
2025-02-06T13:00:00Z,Coal,0.000,Elexon BMRS FUELHH
2025-02-06T13:00:00Z,Gas,18460.000,Elexon BMRS FUELHH
2025-02-06T13:00:00Z,Hydro,603.000,Elexon BMRS FUELHH
2025-02-06T13:00:00Z,Imports & Exports,2872.000,Elexon BMRS FUELHH
2025-02-06T13:00:00Z,Nuclear,4284.000,Elexon BMRS FUELHH
2025-02-06T13:00:00Z,Other,590.000,Elexon BMRS FUELHH
2025-02-06T13:00:00Z,Pumped Storage,-20.000,Elexon BMRS FUELHH
2025-02-06T13:00:00Z,Wind,4801.000,Elexon BMRS FUELHH
2025-02-06T13:30:00Z,Biomass,3057.000,Elexon BMRS FUELHH
2025-02-06T13:30:00Z,Coal,0.000,Elexon BMRS FUELHH
2025-02-06T13:30:00Z,Gas,18187.000,Elexon BMRS FUELHH
2025-02-06T13:30:00Z,Hydro,603.000,Elexon BMRS FUELHH
2025-02-06T13:30:00Z,Imports & Exports,2972.000,Elexon BMRS FUELHH
2025-02-06T13:30:00Z,Nuclear,4283.000,Elexon BMRS FUELHH
2025-02-06T13:30:00Z,Other,567.000,Elexon BMRS FUELHH
2025-02-06T13:30:00Z,Pumped Storage,-20.000,Elexon BMRS FUELHH
2025-02-06T13:30:00Z,Wind,4739.000,Elexon BMRS FUELHH
2025-02-06T14:00:00Z,Biomass,3076.000,Elexon BMRS FUELHH
2025-02-06T14:00:00Z,Coal,0.000,Elexon BMRS FUELHH
2025-02-06T14:00:00Z,Gas,19144.000,Elexon BMRS FUELHH
2025-02-06T14:00:00Z,Hydro,609.000,Elexon BMRS FUELHH
2025-02-06T14:00:00Z,Imports & Exports,2086.000,Elexon BMRS FUELHH
2025-02-06T14:00:00Z,Nuclear,4283.000,Elexon BMRS FUELHH
2025-02-06T14:00:00Z,Other,398.000,Elexon BMRS FUELHH
2025-02-06T14:00:00Z,Pumped Storage,-20.000,Elexon BMRS FUELHH
2025-02-06T14:00:00Z,Wind,4767.000,Elexon BMRS FUELHH
2025-02-06T14:30:00Z,Biomass,3051.000,Elexon BMRS FUELHH
2025-02-06T14:30:00Z,Coal,0.000,Elexon BMRS FUELHH
2025-02-06T14:30:00Z,Gas,19461.000,Elexon BMRS FUELHH
2025-02-06T14:30:00Z,Hydro,570.000,Elexon BMRS FUELHH
2025-02-06T14:30:00Z,Imports & Exports,1986.000,Elexon BMRS FUELHH
2025-02-06T14:30:00Z,Nuclear,4284.000,Elexon BMRS FUELHH
2025-02-06T14:30:00Z,Other,433.000,Elexon BMRS FUELHH
2025-02-06T14:30:00Z,Pumped Storage,-20.000,Elexon BMRS FUELHH
2025-02-06T14:30:00Z,Wind,5027.000,Elexon BMRS FUELHH
2025-02-06T15:00:00Z,Biomass,3045.000,Elexon BMRS FUELHH
2025-02-06T15:00:00Z,Coal,0.000,Elexon BMRS FUELHH
2025-02-06T15:00:00Z,Gas,19976.000,Elexon BMRS FUELHH
2025-02-06T15:00:00Z,Hydro,560.000,Elexon BMRS FUELHH
2025-02-06T15:00:00Z,Imports & Exports,2576.000,Elexon BMRS FUELHH
2025-02-06T15:00:00Z,Nuclear,4284.000,Elexon BMRS FUELHH
2025-02-06T15:00:00Z,Other,304.000,Elexon BMRS FUELHH
2025-02-06T15:00:00Z,Pumped Storage,-20.000,Elexon BMRS FUELHH
2025-02-06T15:00:00Z,Wind,5409.000,Elexon BMRS FUELHH
2025-02-06T15:30:00Z,Biomass,3040.000,Elexon BMRS FUELHH
2025-02-06T15:30:00Z,Coal,0.000,Elexon BMRS FUELHH
2025-02-06T15:30:00Z,Gas,20567.000,Elexon BMRS FUELHH
2025-02-06T15:30:00Z,Hydro,661.000,Elexon BMRS FUELHH
2025-02-06T15:30:00Z,Imports & Exports,2552.000,Elexon BMRS FUELHH
2025-02-06T15:30:00Z,Nuclear,4286.000,Elexon BMRS FUELHH
2025-02-06T15:30:00Z,Other,339.000,Elexon BMRS FUELHH
2025-02-06T15:30:00Z,Pumped Storage,-18.000,Elexon BMRS FUELHH
2025-02-06T15:30:00Z,Wind,5786.000,Elexon BMRS FUELHH
2025-02-06T16:00:00Z,Biomass,3054.000,Elexon BMRS FUELHH
2025-02-06T16:00:00Z,Coal,0.000,Elexon BMRS FUELHH
2025-02-06T16:00:00Z,Gas,21539.000,Elexon BMRS FUELHH
2025-02-06T16:00:00Z,Hydro,703.000,Elexon BMRS FUELHH
2025-02-06T16:00:00Z,Imports & Exports,2124.000,Elexon BMRS FUELHH
2025-02-06T16:00:00Z,Nuclear,4288.000,Elexon BMRS FUELHH
2025-02-06T16:00:00Z,Other,456.000,Elexon BMRS FUELHH
2025-02-06T16:00:00Z,Pumped Storage,262.000,Elexon BMRS FUELHH
2025-02-06T16:00:00Z,Wind,6371.000,Elexon BMRS FUELHH
2025-02-06T16:30:00Z,Biomass,3075.000,Elexon BMRS FUELHH
2025-02-06T16:30:00Z,Coal,0.000,Elexon BMRS FUELHH
2025-02-06T16:30:00Z,Gas,22130.000,Elexon BMRS FUELHH
2025-02-06T16:30:00Z,Hydro,887.000,Elexon BMRS FUELHH
2025-02-06T16:30:00Z,Imports & Exports,1986.000,Elexon BMRS FUELHH
2025-02-06T16:30:00Z,Nuclear,4284.000,Elexon BMRS FUELHH
2025-02-06T16:30:00Z,Other,861.000,Elexon BMRS FUELHH
2025-02-06T16:30:00Z,Pumped Storage,374.000,Elexon BMRS FUELHH
2025-02-06T16:30:00Z,Wind,6697.000,Elexon BMRS FUELHH
2025-02-06T17:00:00Z,Biomass,3069.000,Elexon BMRS FUELHH
2025-02-06T17:00:00Z,Coal,0.000,Elexon BMRS FUELHH
2025-02-06T17:00:00Z,Gas,22240.000,Elexon BMRS FUELHH
2025-02-06T17:00:00Z,Hydro,931.000,Elexon BMRS FUELHH
2025-02-06T17:00:00Z,Imports & Exports,1112.000,Elexon BMRS FUELHH
2025-02-06T17:00:00Z,Nuclear,4286.000,Elexon BMRS FUELHH
2025-02-06T17:00:00Z,Other,1455.000,Elexon BMRS FUELHH
2025-02-06T17:00:00Z,Pumped Storage,918.000,Elexon BMRS FUELHH
2025-02-06T17:00:00Z,Wind,7099.000,Elexon BMRS FUELHH
2025-02-06T17:30:00Z,Biomass,3086.000,Elexon BMRS FUELHH
2025-02-06T17:30:00Z,Coal,0.000,Elexon BMRS FUELHH
2025-02-06T17:30:00Z,Gas,22170.000,Elexon BMRS FUELHH
2025-02-06T17:30:00Z,Hydro,925.000,Elexon BMRS FUELHH
2025-02-06T17:30:00Z,Imports & Exports,930.000,Elexon BMRS FUELHH
2025-02-06T17:30:00Z,Nuclear,4282.000,Elexon BMRS FUELHH
2025-02-06T17:30:00Z,Other,1622.000,Elexon BMRS FUELHH
2025-02-06T17:30:00Z,Pumped Storage,1070.000,Elexon BMRS FUELHH
2025-02-06T17:30:00Z,Wind,7744.000,Elexon BMRS FUELHH
2025-02-06T18:00:00Z,Biomass,3088.000,Elexon BMRS FUELHH
2025-02-06T18:00:00Z,Coal,0.000,Elexon BMRS FUELHH
2025-02-06T18:00:00Z,Gas,21477.000,Elexon BMRS FUELHH
2025-02-06T18:00:00Z,Hydro,893.000,Elexon BMRS FUELHH
2025-02-06T18:00:00Z,Imports & Exports,1632.000,Elexon BMRS FUELHH
2025-02-06T18:00:00Z,Nuclear,4282.000,Elexon BMRS FUELHH
2025-02-06T18:00:00Z,Other,1158.000,Elexon BMRS FUELHH
2025-02-06T18:00:00Z,Pumped Storage,1188.000,Elexon BMRS FUELHH
2025-02-06T18:00:00Z,Wind,8610.000,Elexon BMRS FUELHH
2025-02-06T18:30:00Z,Biomass,3077.000,Elexon BMRS FUELHH
2025-02-06T18:30:00Z,Coal,0.000,Elexon BMRS FUELHH
2025-02-06T18:30:00Z,Gas,20880.000,Elexon BMRS FUELHH
2025-02-06T18:30:00Z,Hydro,1004.000,Elexon BMRS FUELHH
2025-02-06T18:30:00Z,Imports & Exports,1648.000,Elexon BMRS FUELHH
2025-02-06T18:30:00Z,Nuclear,4285.000,Elexon BMRS FUELHH
2025-02-06T18:30:00Z,Other,855.000,Elexon BMRS FUELHH
2025-02-06T18:30:00Z,Pumped Storage,1228.000,Elexon BMRS FUELHH
2025-02-06T18:30:00Z,Wind,9287.000,Elexon BMRS FUELHH
2025-02-06T19:00:00Z,Biomass,3071.000,Elexon BMRS FUELHH
2025-02-06T19:00:00Z,Coal,0.000,Elexon BMRS FUELHH
2025-02-06T19:00:00Z,Gas,20046.000,Elexon BMRS FUELHH
2025-02-06T19:00:00Z,Hydro,1001.000,Elexon BMRS FUELHH
2025-02-06T19:00:00Z,Imports & Exports,2828.000,Elexon BMRS FUELHH
2025-02-06T19:00:00Z,Nuclear,4286.000,Elexon BMRS FUELHH
2025-02-06T19:00:00Z,Other,715.000,Elexon BMRS FUELHH
2025-02-06T19:00:00Z,Pumped Storage,472.000,Elexon BMRS FUELHH
2025-02-06T19:00:00Z,Wind,9521.000,Elexon BMRS FUELHH
2025-02-06T19:30:00Z,Biomass,3051.000,Elexon BMRS FUELHH
2025-02-06T19:30:00Z,Coal,0.000,Elexon BMRS FUELHH
2025-02-06T19:30:00Z,Gas,19035.000,Elexon BMRS FUELHH
2025-02-06T19:30:00Z,Hydro,1018.000,Elexon BMRS FUELHH
2025-02-06T19:30:00Z,Imports & Exports,3004.000,Elexon BMRS FUELHH
2025-02-06T19:30:00Z,Nuclear,4289.000,Elexon BMRS FUELHH
2025-02-06T19:30:00Z,Other,581.000,Elexon BMRS FUELHH
2025-02-06T19:30:00Z,Pumped Storage,148.000,Elexon BMRS FUELHH
2025-02-06T19:30:00Z,Wind,9679.000,Elexon BMRS FUELHH
2025-02-06T20:00:00Z,Biomass,3067.000,Elexon BMRS FUELHH
2025-02-06T20:00:00Z,Coal,0.000,Elexon BMRS FUELHH
2025-02-06T20:00:00Z,Gas,17090.000,Elexon BMRS FUELHH
2025-02-06T20:00:00Z,Hydro,918.000,Elexon BMRS FUELHH
2025-02-06T20:00:00Z,Imports & Exports,3656.000,Elexon BMRS FUELHH
2025-02-06T20:00:00Z,Nuclear,4282.000,Elexon BMRS FUELHH
2025-02-06T20:00:00Z,Other,383.000,Elexon BMRS FUELHH
2025-02-06T20:00:00Z,Pumped Storage,170.000,Elexon BMRS FUELHH
2025-02-06T20:00:00Z,Wind,9549.000,Elexon BMRS FUELHH
2025-02-06T20:30:00Z,Biomass,3062.000,Elexon BMRS FUELHH
2025-02-06T20:30:00Z,Coal,0.000,Elexon BMRS FUELHH
2025-02-06T20:30:00Z,Gas,15102.000,Elexon BMRS FUELHH
2025-02-06T20:30:00Z,Hydro,833.000,Elexon BMRS FUELHH
2025-02-06T20:30:00Z,Imports & Exports,3882.000,Elexon BMRS FUELHH
2025-02-06T20:30:00Z,Nuclear,4289.000,Elexon BMRS FUELHH
2025-02-06T20:30:00Z,Other,539.000,Elexon BMRS FUELHH
2025-02-06T20:30:00Z,Pumped Storage,280.000,Elexon BMRS FUELHH
2025-02-06T20:30:00Z,Wind,9466.000,Elexon BMRS FUELHH
2025-02-06T21:00:00Z,Biomass,3078.000,Elexon BMRS FUELHH
2025-02-06T21:00:00Z,Coal,0.000,Elexon BMRS FUELHH
2025-02-06T21:00:00Z,Gas,13224.000,Elexon BMRS FUELHH
2025-02-06T21:00:00Z,Hydro,644.000,Elexon BMRS FUELHH
2025-02-06T21:00:00Z,Imports & Exports,4208.000,Elexon BMRS FUELHH
2025-02-06T21:00:00Z,Nuclear,4289.000,Elexon BMRS FUELHH
2025-02-06T21:00:00Z,Other,449.000,Elexon BMRS FUELHH
2025-02-06T21:00:00Z,Pumped Storage,222.000,Elexon BMRS FUELHH
2025-02-06T21:00:00Z,Wind,9434.000,Elexon BMRS FUELHH
2025-02-06T21:30:00Z,Biomass,3079.000,Elexon BMRS FUELHH
2025-02-06T21:30:00Z,Coal,0.000,Elexon BMRS FUELHH
2025-02-06T21:30:00Z,Gas,11707.000,Elexon BMRS FUELHH
2025-02-06T21:30:00Z,Hydro,633.000,Elexon BMRS FUELHH
2025-02-06T21:30:00Z,Imports & Exports,4208.000,Elexon BMRS FUELHH
2025-02-06T21:30:00Z,Nuclear,4286.000,Elexon BMRS FUELHH
2025-02-06T21:30:00Z,Other,384.000,Elexon BMRS FUELHH
2025-02-06T21:30:00Z,Pumped Storage,138.000,Elexon BMRS FUELHH
2025-02-06T21:30:00Z,Wind,9519.000,Elexon BMRS FUELHH
2025-02-06T22:00:00Z,Biomass,3055.000,Elexon BMRS FUELHH
2025-02-06T22:00:00Z,Coal,0.000,Elexon BMRS FUELHH
2025-02-06T22:00:00Z,Gas,9556.000,Elexon BMRS FUELHH
2025-02-06T22:00:00Z,Hydro,606.000,Elexon BMRS FUELHH
2025-02-06T22:00:00Z,Imports & Exports,4618.000,Elexon BMRS FUELHH
2025-02-06T22:00:00Z,Nuclear,4287.000,Elexon BMRS FUELHH
2025-02-06T22:00:00Z,Other,275.000,Elexon BMRS FUELHH
2025-02-06T22:00:00Z,Pumped Storage,-12.000,Elexon BMRS FUELHH
2025-02-06T22:00:00Z,Wind,10001.000,Elexon BMRS FUELHH
2025-02-06T22:30:00Z,Biomass,2859.000,Elexon BMRS FUELHH
2025-02-06T22:30:00Z,Coal,0.000,Elexon BMRS FUELHH
2025-02-06T22:30:00Z,Gas,7308.000,Elexon BMRS FUELHH
2025-02-06T22:30:00Z,Hydro,575.000,Elexon BMRS FUELHH
2025-02-06T22:30:00Z,Imports & Exports,4744.000,Elexon BMRS FUELHH
2025-02-06T22:30:00Z,Nuclear,4282.000,Elexon BMRS FUELHH
2025-02-06T22:30:00Z,Other,278.000,Elexon BMRS FUELHH
2025-02-06T22:30:00Z,Pumped Storage,-24.000,Elexon BMRS FUELHH
2025-02-06T22:30:00Z,Wind,10600.000,Elexon BMRS FUELHH
2025-02-06T23:00:00Z,Biomass,2211.000,Elexon BMRS FUELHH
2025-02-06T23:00:00Z,Coal,0.000,Elexon BMRS FUELHH
2025-02-06T23:00:00Z,Gas,4314.000,Elexon BMRS FUELHH
2025-02-06T23:00:00Z,Hydro,519.000,Elexon BMRS FUELHH
2025-02-06T23:00:00Z,Imports & Exports,6748.000,Elexon BMRS FUELHH
2025-02-06T23:00:00Z,Nuclear,4278.000,Elexon BMRS FUELHH
2025-02-06T23:00:00Z,Other,290.000,Elexon BMRS FUELHH
2025-02-06T23:00:00Z,Pumped Storage,-26.000,Elexon BMRS FUELHH
2025-02-06T23:00:00Z,Wind,10696.000,Elexon BMRS FUELHH
2025-02-06T23:30:00Z,Biomass,2061.000,Elexon BMRS FUELHH
2025-02-06T23:30:00Z,Coal,0.000,Elexon BMRS FUELHH
2025-02-06T23:30:00Z,Gas,3418.000,Elexon BMRS FUELHH
2025-02-06T23:30:00Z,Hydro,539.000,Elexon BMRS FUELHH
2025-02-06T23:30:00Z,Imports & Exports,7062.000,Elexon BMRS FUELHH
2025-02-06T23:30:00Z,Nuclear,4282.000,Elexon BMRS FUELHH
2025-02-06T23:30:00Z,Other,298.000,Elexon BMRS FUELHH
2025-02-06T23:30:00Z,Pumped Storage,-248.000,Elexon BMRS FUELHH
2025-02-06T23:30:00Z,Wind,10817.000,Elexon BMRS FUELHH
2025-02-07T00:00:00Z,Biomass,2081.000,Elexon BMRS FUELHH
2025-02-07T00:00:00Z,Coal,0.000,Elexon BMRS FUELHH
2025-02-07T00:00:00Z,Gas,3197.000,Elexon BMRS FUELHH
2025-02-07T00:00:00Z,Hydro,416.000,Elexon BMRS FUELHH
2025-02-07T00:00:00Z,Imports & Exports,7432.000,Elexon BMRS FUELHH
2025-02-07T00:00:00Z,Nuclear,4281.000,Elexon BMRS FUELHH
2025-02-07T00:00:00Z,Other,288.000,Elexon BMRS FUELHH
2025-02-07T00:00:00Z,Pumped Storage,-778.000,Elexon BMRS FUELHH
2025-02-07T00:00:00Z,Wind,10580.000,Elexon BMRS FUELHH
2025-02-07T00:30:00Z,Biomass,2194.000,Elexon BMRS FUELHH
2025-02-07T00:30:00Z,Coal,0.000,Elexon BMRS FUELHH
2025-02-07T00:30:00Z,Gas,3519.000,Elexon BMRS FUELHH
2025-02-07T00:30:00Z,Hydro,406.000,Elexon BMRS FUELHH
2025-02-07T00:30:00Z,Imports & Exports,7612.000,Elexon BMRS FUELHH
2025-02-07T00:30:00Z,Nuclear,4285.000,Elexon BMRS FUELHH
2025-02-07T00:30:00Z,Other,473.000,Elexon BMRS FUELHH
2025-02-07T00:30:00Z,Pumped Storage,-884.000,Elexon BMRS FUELHH
2025-02-07T00:30:00Z,Wind,10727.000,Elexon BMRS FUELHH
2025-02-07T01:00:00Z,Biomass,2268.000,Elexon BMRS FUELHH
2025-02-07T01:00:00Z,Coal,0.000,Elexon BMRS FUELHH
2025-02-07T01:00:00Z,Gas,3314.000,Elexon BMRS FUELHH
2025-02-07T01:00:00Z,Hydro,384.000,Elexon BMRS FUELHH
2025-02-07T01:00:00Z,Imports & Exports,7722.000,Elexon BMRS FUELHH
2025-02-07T01:00:00Z,Nuclear,4286.000,Elexon BMRS FUELHH
2025-02-07T01:00:00Z,Other,469.000,Elexon BMRS FUELHH
2025-02-07T01:00:00Z,Pumped Storage,-1068.000,Elexon BMRS FUELHH
2025-02-07T01:00:00Z,Wind,10405.000,Elexon BMRS FUELHH
2025-02-07T01:30:00Z,Biomass,2269.000,Elexon BMRS FUELHH
2025-02-07T01:30:00Z,Coal,0.000,Elexon BMRS FUELHH
2025-02-07T01:30:00Z,Gas,3312.000,Elexon BMRS FUELHH
2025-02-07T01:30:00Z,Hydro,381.000,Elexon BMRS FUELHH
2025-02-07T01:30:00Z,Imports & Exports,7566.000,Elexon BMRS FUELHH
2025-02-07T01:30:00Z,Nuclear,4291.000,Elexon BMRS FUELHH
2025-02-07T01:30:00Z,Other,351.000,Elexon BMRS FUELHH
2025-02-07T01:30:00Z,Pumped Storage,-1364.000,Elexon BMRS FUELHH
2025-02-07T01:30:00Z,Wind,10371.000,Elexon BMRS FUELHH
2025-02-07T02:00:00Z,Biomass,2217.000,Elexon BMRS FUELHH
2025-02-07T02:00:00Z,Coal,0.000,Elexon BMRS FUELHH
2025-02-07T02:00:00Z,Gas,3304.000,Elexon BMRS FUELHH
2025-02-07T02:00:00Z,Hydro,382.000,Elexon BMRS FUELHH
2025-02-07T02:00:00Z,Imports & Exports,7516.000,Elexon BMRS FUELHH
2025-02-07T02:00:00Z,Nuclear,4284.000,Elexon BMRS FUELHH
2025-02-07T02:00:00Z,Other,392.000,Elexon BMRS FUELHH
2025-02-07T02:00:00Z,Pumped Storage,-1892.000,Elexon BMRS FUELHH
2025-02-07T02:00:00Z,Wind,10343.000,Elexon BMRS FUELHH
2025-02-07T02:30:00Z,Biomass,2167.000,Elexon BMRS FUELHH
2025-02-07T02:30:00Z,Coal,0.000,Elexon BMRS FUELHH
2025-02-07T02:30:00Z,Gas,3027.000,Elexon BMRS FUELHH
2025-02-07T02:30:00Z,Hydro,381.000,Elexon BMRS FUELHH
2025-02-07T02:30:00Z,Imports & Exports,7456.000,Elexon BMRS FUELHH
2025-02-07T02:30:00Z,Nuclear,4286.000,Elexon BMRS FUELHH
2025-02-07T02:30:00Z,Other,402.000,Elexon BMRS FUELHH
2025-02-07T02:30:00Z,Pumped Storage,-1886.000,Elexon BMRS FUELHH
2025-02-07T02:30:00Z,Wind,10320.000,Elexon BMRS FUELHH
2025-02-07T03:00:00Z,Biomass,2156.000,Elexon BMRS FUELHH
2025-02-07T03:00:00Z,Coal,0.000,Elexon BMRS FUELHH
2025-02-07T03:00:00Z,Gas,2951.000,Elexon BMRS FUELHH
2025-02-07T03:00:00Z,Hydro,380.000,Elexon BMRS FUELHH
2025-02-07T03:00:00Z,Imports & Exports,7318.000,Elexon BMRS FUELHH
2025-02-07T03:00:00Z,Nuclear,4290.000,Elexon BMRS FUELHH
2025-02-07T03:00:00Z,Other,275.000,Elexon BMRS FUELHH
2025-02-07T03:00:00Z,Pumped Storage,-1874.000,Elexon BMRS FUELHH
2025-02-07T03:00:00Z,Wind,10364.000,Elexon BMRS FUELHH
2025-02-07T03:30:00Z,Biomass,2116.000,Elexon BMRS FUELHH
2025-02-07T03:30:00Z,Coal,0.000,Elexon BMRS FUELHH
2025-02-07T03:30:00Z,Gas,2799.000,Elexon BMRS FUELHH
2025-02-07T03:30:00Z,Hydro,376.000,Elexon BMRS FUELHH
2025-02-07T03:30:00Z,Imports & Exports,7188.000,Elexon BMRS FUELHH
2025-02-07T03:30:00Z,Nuclear,4291.000,Elexon BMRS FUELHH
2025-02-07T03:30:00Z,Other,257.000,Elexon BMRS FUELHH
2025-02-07T03:30:00Z,Pumped Storage,-1872.000,Elexon BMRS FUELHH
2025-02-07T03:30:00Z,Wind,10507.000,Elexon BMRS FUELHH
2025-02-07T04:00:00Z,Biomass,2162.000,Elexon BMRS FUELHH
2025-02-07T04:00:00Z,Coal,0.000,Elexon BMRS FUELHH
2025-02-07T04:00:00Z,Gas,2704.000,Elexon BMRS FUELHH
2025-02-07T04:00:00Z,Hydro,364.000,Elexon BMRS FUELHH
2025-02-07T04:00:00Z,Imports & Exports,6704.000,Elexon BMRS FUELHH
2025-02-07T04:00:00Z,Nuclear,4291.000,Elexon BMRS FUELHH
2025-02-07T04:00:00Z,Other,267.000,Elexon BMRS FUELHH
2025-02-07T04:00:00Z,Pumped Storage,-1864.000,Elexon BMRS FUELHH
2025-02-07T04:00:00Z,Wind,10570.000,Elexon BMRS FUELHH
2025-02-07T04:30:00Z,Biomass,2430.000,Elexon BMRS FUELHH
2025-02-07T04:30:00Z,Coal,0.000,Elexon BMRS FUELHH
2025-02-07T04:30:00Z,Gas,2665.000,Elexon BMRS FUELHH
2025-02-07T04:30:00Z,Hydro,377.000,Elexon BMRS FUELHH
2025-02-07T04:30:00Z,Imports & Exports,6596.000,Elexon BMRS FUELHH
2025-02-07T04:30:00Z,Nuclear,4289.000,Elexon BMRS FUELHH
2025-02-07T04:30:00Z,Other,261.000,Elexon BMRS FUELHH
2025-02-07T04:30:00Z,Pumped Storage,-1838.000,Elexon BMRS FUELHH
2025-02-07T04:30:00Z,Wind,10589.000,Elexon BMRS FUELHH
2025-02-07T05:00:00Z,Biomass,2731.000,Elexon BMRS FUELHH
2025-02-07T05:00:00Z,Coal,0.000,Elexon BMRS FUELHH
2025-02-07T05:00:00Z,Gas,2974.000,Elexon BMRS FUELHH
2025-02-07T05:00:00Z,Hydro,380.000,Elexon BMRS FUELHH
2025-02-07T05:00:00Z,Imports & Exports,5470.000,Elexon BMRS FUELHH
2025-02-07T05:00:00Z,Nuclear,4293.000,Elexon BMRS FUELHH
2025-02-07T05:00:00Z,Other,312.000,Elexon BMRS FUELHH
2025-02-07T05:00:00Z,Pumped Storage,-1424.000,Elexon BMRS FUELHH
2025-02-07T05:00:00Z,Wind,10650.000,Elexon BMRS FUELHH
2025-02-07T05:30:00Z,Biomass,3136.000,Elexon BMRS FUELHH
2025-02-07T05:30:00Z,Coal,0.000,Elexon BMRS FUELHH
2025-02-07T05:30:00Z,Gas,3952.000,Elexon BMRS FUELHH
2025-02-07T05:30:00Z,Hydro,435.000,Elexon BMRS FUELHH
2025-02-07T05:30:00Z,Imports & Exports,5310.000,Elexon BMRS FUELHH
2025-02-07T05:30:00Z,Nuclear,4289.000,Elexon BMRS FUELHH
2025-02-07T05:30:00Z,Other,329.000,Elexon BMRS FUELHH
2025-02-07T05:30:00Z,Pumped Storage,-1506.000,Elexon BMRS FUELHH
2025-02-07T05:30:00Z,Wind,10761.000,Elexon BMRS FUELHH
2025-02-07T06:00:00Z,Biomass,3172.000,Elexon BMRS FUELHH
2025-02-07T06:00:00Z,Coal,0.000,Elexon BMRS FUELHH
2025-02-07T06:00:00Z,Gas,6511.000,Elexon BMRS FUELHH
2025-02-07T06:00:00Z,Hydro,878.000,Elexon BMRS FUELHH
2025-02-07T06:00:00Z,Imports & Exports,2862.000,Elexon BMRS FUELHH
2025-02-07T06:00:00Z,Nuclear,4291.000,Elexon BMRS FUELHH
2025-02-07T06:00:00Z,Other,424.000,Elexon BMRS FUELHH
2025-02-07T06:00:00Z,Pumped Storage,-428.000,Elexon BMRS FUELHH
2025-02-07T06:00:00Z,Wind,11189.000,Elexon BMRS FUELHH
2025-02-07T06:30:00Z,Biomass,3165.000,Elexon BMRS FUELHH
2025-02-07T06:30:00Z,Coal,0.000,Elexon BMRS FUELHH
2025-02-07T06:30:00Z,Gas,7920.000,Elexon BMRS FUELHH
2025-02-07T06:30:00Z,Hydro,915.000,Elexon BMRS FUELHH
2025-02-07T06:30:00Z,Imports & Exports,2400.000,Elexon BMRS FUELHH
2025-02-07T06:30:00Z,Nuclear,4287.000,Elexon BMRS FUELHH
2025-02-07T06:30:00Z,Other,384.000,Elexon BMRS FUELHH
2025-02-07T06:30:00Z,Pumped Storage,280.000,Elexon BMRS FUELHH
2025-02-07T06:30:00Z,Wind,12000.000,Elexon BMRS FUELHH
2025-02-07T07:00:00Z,Biomass,3185.000,Elexon BMRS FUELHH
2025-02-07T07:00:00Z,Coal,0.000,Elexon BMRS FUELHH
2025-02-07T07:00:00Z,Gas,9493.000,Elexon BMRS FUELHH
2025-02-07T07:00:00Z,Hydro,889.000,Elexon BMRS FUELHH
2025-02-07T07:00:00Z,Imports & Exports,3368.000,Elexon BMRS FUELHH
2025-02-07T07:00:00Z,Nuclear,4284.000,Elexon BMRS FUELHH
2025-02-07T07:00:00Z,Other,538.000,Elexon BMRS FUELHH
2025-02-07T07:00:00Z,Pumped Storage,310.000,Elexon BMRS FUELHH
2025-02-07T07:00:00Z,Wind,12847.000,Elexon BMRS FUELHH
2025-02-07T07:30:00Z,Biomass,3188.000,Elexon BMRS FUELHH
2025-02-07T07:30:00Z,Coal,0.000,Elexon BMRS FUELHH
2025-02-07T07:30:00Z,Gas,10478.000,Elexon BMRS FUELHH
2025-02-07T07:30:00Z,Hydro,922.000,Elexon BMRS FUELHH
2025-02-07T07:30:00Z,Imports & Exports,3212.000,Elexon BMRS FUELHH
2025-02-07T07:30:00Z,Nuclear,4283.000,Elexon BMRS FUELHH
2025-02-07T07:30:00Z,Other,711.000,Elexon BMRS FUELHH
2025-02-07T07:30:00Z,Pumped Storage,220.000,Elexon BMRS FUELHH
2025-02-07T07:30:00Z,Wind,13674.000,Elexon BMRS FUELHH
2025-02-07T08:00:00Z,Biomass,3130.000,Elexon BMRS FUELHH
2025-02-07T08:00:00Z,Coal,0.000,Elexon BMRS FUELHH
2025-02-07T08:00:00Z,Gas,10426.000,Elexon BMRS FUELHH
2025-02-07T08:00:00Z,Hydro,922.000,Elexon BMRS FUELHH
2025-02-07T08:00:00Z,Imports & Exports,4596.000,Elexon BMRS FUELHH
2025-02-07T08:00:00Z,Nuclear,4285.000,Elexon BMRS FUELHH
2025-02-07T08:00:00Z,Other,442.000,Elexon BMRS FUELHH
2025-02-07T08:00:00Z,Pumped Storage,278.000,Elexon BMRS FUELHH
2025-02-07T08:00:00Z,Wind,14021.000,Elexon BMRS FUELHH
2025-02-07T08:30:00Z,Biomass,3203.000,Elexon BMRS FUELHH
2025-02-07T08:30:00Z,Coal,0.000,Elexon BMRS FUELHH
2025-02-07T08:30:00Z,Gas,10313.000,Elexon BMRS FUELHH
2025-02-07T08:30:00Z,Hydro,921.000,Elexon BMRS FUELHH
2025-02-07T08:30:00Z,Imports & Exports,4738.000,Elexon BMRS FUELHH
2025-02-07T08:30:00Z,Nuclear,4275.000,Elexon BMRS FUELHH
2025-02-07T08:30:00Z,Other,432.000,Elexon BMRS FUELHH
2025-02-07T08:30:00Z,Pumped Storage,336.000,Elexon BMRS FUELHH
2025-02-07T08:30:00Z,Wind,14157.000,Elexon BMRS FUELHH
2025-02-07T09:00:00Z,Biomass,3177.000,Elexon BMRS FUELHH
2025-02-07T09:00:00Z,Coal,0.000,Elexon BMRS FUELHH
2025-02-07T09:00:00Z,Gas,9602.000,Elexon BMRS FUELHH
2025-02-07T09:00:00Z,Hydro,777.000,Elexon BMRS FUELHH
2025-02-07T09:00:00Z,Imports & Exports,7068.000,Elexon BMRS FUELHH
2025-02-07T09:00:00Z,Nuclear,4272.000,Elexon BMRS FUELHH
2025-02-07T09:00:00Z,Other,383.000,Elexon BMRS FUELHH
2025-02-07T09:00:00Z,Pumped Storage,372.000,Elexon BMRS FUELHH
2025-02-07T09:00:00Z,Wind,13971.000,Elexon BMRS FUELHH
2025-02-07T09:30:00Z,Biomass,3196.000,Elexon BMRS FUELHH
2025-02-07T09:30:00Z,Coal,0.000,Elexon BMRS FUELHH
2025-02-07T09:30:00Z,Gas,9902.000,Elexon BMRS FUELHH
2025-02-07T09:30:00Z,Hydro,776.000,Elexon BMRS FUELHH
2025-02-07T09:30:00Z,Imports & Exports,7120.000,Elexon BMRS FUELHH
2025-02-07T09:30:00Z,Nuclear,4274.000,Elexon BMRS FUELHH
2025-02-07T09:30:00Z,Other,358.000,Elexon BMRS FUELHH
2025-02-07T09:30:00Z,Pumped Storage,26.000,Elexon BMRS FUELHH
2025-02-07T09:30:00Z,Wind,13615.000,Elexon BMRS FUELHH
2025-02-07T10:00:00Z,Biomass,3186.000,Elexon BMRS FUELHH
2025-02-07T10:00:00Z,Coal,0.000,Elexon BMRS FUELHH
2025-02-07T10:00:00Z,Gas,10295.000,Elexon BMRS FUELHH
2025-02-07T10:00:00Z,Hydro,763.000,Elexon BMRS FUELHH
2025-02-07T10:00:00Z,Imports & Exports,5810.000,Elexon BMRS FUELHH
2025-02-07T10:00:00Z,Nuclear,4279.000,Elexon BMRS FUELHH
2025-02-07T10:00:00Z,Other,892.000,Elexon BMRS FUELHH
2025-02-07T10:00:00Z,Pumped Storage,170.000,Elexon BMRS FUELHH
2025-02-07T10:00:00Z,Wind,13387.000,Elexon BMRS FUELHH
2025-02-07T10:30:00Z,Biomass,3194.000,Elexon BMRS FUELHH
2025-02-07T10:30:00Z,Coal,0.000,Elexon BMRS FUELHH
2025-02-07T10:30:00Z,Gas,10283.000,Elexon BMRS FUELHH
2025-02-07T10:30:00Z,Hydro,781.000,Elexon BMRS FUELHH
2025-02-07T10:30:00Z,Imports & Exports,5746.000,Elexon BMRS FUELHH
2025-02-07T10:30:00Z,Nuclear,4279.000,Elexon BMRS FUELHH
2025-02-07T10:30:00Z,Other,619.000,Elexon BMRS FUELHH
2025-02-07T10:30:00Z,Pumped Storage,-16.000,Elexon BMRS FUELHH
2025-02-07T10:30:00Z,Wind,13806.000,Elexon BMRS FUELHH
2025-02-07T11:00:00Z,Biomass,3189.000,Elexon BMRS FUELHH
2025-02-07T11:00:00Z,Coal,0.000,Elexon BMRS FUELHH
2025-02-07T11:00:00Z,Gas,10428.000,Elexon BMRS FUELHH
2025-02-07T11:00:00Z,Hydro,696.000,Elexon BMRS FUELHH
2025-02-07T11:00:00Z,Imports & Exports,5096.000,Elexon BMRS FUELHH
2025-02-07T11:00:00Z,Nuclear,4284.000,Elexon BMRS FUELHH
2025-02-07T11:00:00Z,Other,543.000,Elexon BMRS FUELHH
2025-02-07T11:00:00Z,Pumped Storage,122.000,Elexon BMRS FUELHH
2025-02-07T11:00:00Z,Wind,14636.000,Elexon BMRS FUELHH
2025-02-07T11:30:00Z,Biomass,3166.000,Elexon BMRS FUELHH
2025-02-07T11:30:00Z,Coal,0.000,Elexon BMRS FUELHH
2025-02-07T11:30:00Z,Gas,10306.000,Elexon BMRS FUELHH
2025-02-07T11:30:00Z,Hydro,697.000,Elexon BMRS FUELHH
2025-02-07T11:30:00Z,Imports & Exports,5074.000,Elexon BMRS FUELHH
2025-02-07T11:30:00Z,Nuclear,4280.000,Elexon BMRS FUELHH
2025-02-07T11:30:00Z,Other,314.000,Elexon BMRS FUELHH
2025-02-07T11:30:00Z,Pumped Storage,272.000,Elexon BMRS FUELHH
2025-02-07T11:30:00Z,Wind,14966.000,Elexon BMRS FUELHH
2025-02-07T12:00:00Z,Biomass,3200.000,Elexon BMRS FUELHH
2025-02-07T12:00:00Z,Coal,0.000,Elexon BMRS FUELHH
2025-02-07T12:00:00Z,Gas,10388.000,Elexon BMRS FUELHH
2025-02-07T12:00:00Z,Hydro,698.000,Elexon BMRS FUELHH
2025-02-07T12:00:00Z,Imports & Exports,4898.000,Elexon BMRS FUELHH
2025-02-07T12:00:00Z,Nuclear,4278.000,Elexon BMRS FUELHH
2025-02-07T12:00:00Z,Other,360.000,Elexon BMRS FUELHH
2025-02-07T12:00:00Z,Pumped Storage,286.000,Elexon BMRS FUELHH
2025-02-07T12:00:00Z,Wind,14878.000,Elexon BMRS FUELHH
2025-02-07T12:30:00Z,Biomass,3198.000,Elexon BMRS FUELHH
2025-02-07T12:30:00Z,Coal,0.000,Elexon BMRS FUELHH
2025-02-07T12:30:00Z,Gas,10480.000,Elexon BMRS FUELHH
2025-02-07T12:30:00Z,Hydro,680.000,Elexon BMRS FUELHH
2025-02-07T12:30:00Z,Imports & Exports,4858.000,Elexon BMRS FUELHH
2025-02-07T12:30:00Z,Nuclear,4286.000,Elexon BMRS FUELHH
2025-02-07T12:30:00Z,Other,334.000,Elexon BMRS FUELHH
2025-02-07T12:30:00Z,Pumped Storage,140.000,Elexon BMRS FUELHH
2025-02-07T12:30:00Z,Wind,14996.000,Elexon BMRS FUELHH
2025-02-07T13:00:00Z,Biomass,3204.000,Elexon BMRS FUELHH
2025-02-07T13:00:00Z,Coal,0.000,Elexon BMRS FUELHH
2025-02-07T13:00:00Z,Gas,10503.000,Elexon BMRS FUELHH
2025-02-07T13:00:00Z,Hydro,641.000,Elexon BMRS FUELHH
2025-02-07T13:00:00Z,Imports & Exports,4200.000,Elexon BMRS FUELHH
2025-02-07T13:00:00Z,Nuclear,4284.000,Elexon BMRS FUELHH
2025-02-07T13:00:00Z,Other,596.000,Elexon BMRS FUELHH
2025-02-07T13:00:00Z,Pumped Storage,136.000,Elexon BMRS FUELHH
2025-02-07T13:00:00Z,Wind,15194.000,Elexon BMRS FUELHH
2025-02-07T13:30:00Z,Biomass,3206.000,Elexon BMRS FUELHH
2025-02-07T13:30:00Z,Coal,0.000,Elexon BMRS FUELHH
2025-02-07T13:30:00Z,Gas,10553.000,Elexon BMRS FUELHH
2025-02-07T13:30:00Z,Hydro,641.000,Elexon BMRS FUELHH
2025-02-07T13:30:00Z,Imports & Exports,4164.000,Elexon BMRS FUELHH
2025-02-07T13:30:00Z,Nuclear,4285.000,Elexon BMRS FUELHH
2025-02-07T13:30:00Z,Other,429.000,Elexon BMRS FUELHH
2025-02-07T13:30:00Z,Pumped Storage,136.000,Elexon BMRS FUELHH
2025-02-07T13:30:00Z,Wind,15031.000,Elexon BMRS FUELHH
2025-02-07T14:00:00Z,Biomass,3207.000,Elexon BMRS FUELHH
2025-02-07T14:00:00Z,Coal,0.000,Elexon BMRS FUELHH
2025-02-07T14:00:00Z,Gas,10726.000,Elexon BMRS FUELHH
2025-02-07T14:00:00Z,Hydro,658.000,Elexon BMRS FUELHH
2025-02-07T14:00:00Z,Imports & Exports,4106.000,Elexon BMRS FUELHH
2025-02-07T14:00:00Z,Nuclear,4284.000,Elexon BMRS FUELHH
2025-02-07T14:00:00Z,Other,357.000,Elexon BMRS FUELHH
2025-02-07T14:00:00Z,Pumped Storage,136.000,Elexon BMRS FUELHH
2025-02-07T14:00:00Z,Wind,14817.000,Elexon BMRS FUELHH
2025-02-07T14:30:00Z,Biomass,3207.000,Elexon BMRS FUELHH
2025-02-07T14:30:00Z,Coal,0.000,Elexon BMRS FUELHH
2025-02-07T14:30:00Z,Gas,10765.000,Elexon BMRS FUELHH
2025-02-07T14:30:00Z,Hydro,692.000,Elexon BMRS FUELHH
2025-02-07T14:30:00Z,Imports & Exports,4128.000,Elexon BMRS FUELHH
2025-02-07T14:30:00Z,Nuclear,4285.000,Elexon BMRS FUELHH
2025-02-07T14:30:00Z,Other,381.000,Elexon BMRS FUELHH
2025-02-07T14:30:00Z,Pumped Storage,166.000,Elexon BMRS FUELHH
2025-02-07T14:30:00Z,Wind,14586.000,Elexon BMRS FUELHH
2025-02-07T15:00:00Z,Biomass,3197.000,Elexon BMRS FUELHH
2025-02-07T15:00:00Z,Coal,0.000,Elexon BMRS FUELHH
2025-02-07T15:00:00Z,Gas,10324.000,Elexon BMRS FUELHH
2025-02-07T15:00:00Z,Hydro,706.000,Elexon BMRS FUELHH
2025-02-07T15:00:00Z,Imports & Exports,5068.000,Elexon BMRS FUELHH
2025-02-07T15:00:00Z,Nuclear,4284.000,Elexon BMRS FUELHH
2025-02-07T15:00:00Z,Other,357.000,Elexon BMRS FUELHH
2025-02-07T15:00:00Z,Pumped Storage,4.000,Elexon BMRS FUELHH
2025-02-07T15:00:00Z,Wind,14630.000,Elexon BMRS FUELHH
2025-02-07T15:30:00Z,Biomass,3202.000,Elexon BMRS FUELHH
2025-02-07T15:30:00Z,Coal,0.000,Elexon BMRS FUELHH
2025-02-07T15:30:00Z,Gas,10421.000,Elexon BMRS FUELHH
2025-02-07T15:30:00Z,Hydro,790.000,Elexon BMRS FUELHH
2025-02-07T15:30:00Z,Imports & Exports,5114.000,Elexon BMRS FUELHH
2025-02-07T15:30:00Z,Nuclear,4282.000,Elexon BMRS FUELHH
2025-02-07T15:30:00Z,Other,443.000,Elexon BMRS FUELHH
2025-02-07T15:30:00Z,Pumped Storage,234.000,Elexon BMRS FUELHH
2025-02-07T15:30:00Z,Wind,14671.000,Elexon BMRS FUELHH
2025-02-07T16:00:00Z,Biomass,3206.000,Elexon BMRS FUELHH
2025-02-07T16:00:00Z,Coal,0.000,Elexon BMRS FUELHH
2025-02-07T16:00:00Z,Gas,10530.000,Elexon BMRS FUELHH
2025-02-07T16:00:00Z,Hydro,824.000,Elexon BMRS FUELHH
2025-02-07T16:00:00Z,Imports & Exports,5502.000,Elexon BMRS FUELHH
2025-02-07T16:00:00Z,Nuclear,4283.000,Elexon BMRS FUELHH
2025-02-07T16:00:00Z,Other,575.000,Elexon BMRS FUELHH
2025-02-07T16:00:00Z,Pumped Storage,104.000,Elexon BMRS FUELHH
2025-02-07T16:00:00Z,Wind,14670.000,Elexon BMRS FUELHH
2025-02-07T16:30:00Z,Biomass,3196.000,Elexon BMRS FUELHH
2025-02-07T16:30:00Z,Coal,0.000,Elexon BMRS FUELHH
2025-02-07T16:30:00Z,Gas,10775.000,Elexon BMRS FUELHH
2025-02-07T16:30:00Z,Hydro,693.000,Elexon BMRS FUELHH
2025-02-07T16:30:00Z,Imports & Exports,5540.000,Elexon BMRS FUELHH
2025-02-07T16:30:00Z,Nuclear,4286.000,Elexon BMRS FUELHH
2025-02-07T16:30:00Z,Other,827.000,Elexon BMRS FUELHH
2025-02-07T16:30:00Z,Pumped Storage,150.000,Elexon BMRS FUELHH
2025-02-07T16:30:00Z,Wind,14956.000,Elexon BMRS FUELHH
2025-02-07T17:00:00Z,Biomass,3202.000,Elexon BMRS FUELHH
2025-02-07T17:00:00Z,Coal,0.000,Elexon BMRS FUELHH
2025-02-07T17:00:00Z,Gas,10659.000,Elexon BMRS FUELHH
2025-02-07T17:00:00Z,Hydro,757.000,Elexon BMRS FUELHH
2025-02-07T17:00:00Z,Imports & Exports,6068.000,Elexon BMRS FUELHH
2025-02-07T17:00:00Z,Nuclear,4288.000,Elexon BMRS FUELHH
2025-02-07T17:00:00Z,Other,967.000,Elexon BMRS FUELHH
2025-02-07T17:00:00Z,Pumped Storage,606.000,Elexon BMRS FUELHH
2025-02-07T17:00:00Z,Wind,14877.000,Elexon BMRS FUELHH
2025-02-07T17:30:00Z,Biomass,3205.000,Elexon BMRS FUELHH
2025-02-07T17:30:00Z,Coal,0.000,Elexon BMRS FUELHH
2025-02-07T17:30:00Z,Gas,10958.000,Elexon BMRS FUELHH
2025-02-07T17:30:00Z,Hydro,698.000,Elexon BMRS FUELHH
2025-02-07T17:30:00Z,Imports & Exports,6078.000,Elexon BMRS FUELHH
2025-02-07T17:30:00Z,Nuclear,4286.000,Elexon BMRS FUELHH
2025-02-07T17:30:00Z,Other,930.000,Elexon BMRS FUELHH
2025-02-07T17:30:00Z,Pumped Storage,1026.000,Elexon BMRS FUELHH
2025-02-07T17:30:00Z,Wind,14727.000,Elexon BMRS FUELHH
2025-02-07T18:00:00Z,Biomass,3218.000,Elexon BMRS FUELHH
2025-02-07T18:00:00Z,Coal,0.000,Elexon BMRS FUELHH
2025-02-07T18:00:00Z,Gas,11019.000,Elexon BMRS FUELHH
2025-02-07T18:00:00Z,Hydro,698.000,Elexon BMRS FUELHH
2025-02-07T18:00:00Z,Imports & Exports,5596.000,Elexon BMRS FUELHH
2025-02-07T18:00:00Z,Nuclear,4283.000,Elexon BMRS FUELHH
2025-02-07T18:00:00Z,Other,964.000,Elexon BMRS FUELHH
2025-02-07T18:00:00Z,Pumped Storage,990.000,Elexon BMRS FUELHH
2025-02-07T18:00:00Z,Wind,14543.000,Elexon BMRS FUELHH
2025-02-07T18:30:00Z,Biomass,3196.000,Elexon BMRS FUELHH
2025-02-07T18:30:00Z,Coal,0.000,Elexon BMRS FUELHH
2025-02-07T18:30:00Z,Gas,10892.000,Elexon BMRS FUELHH
2025-02-07T18:30:00Z,Hydro,703.000,Elexon BMRS FUELHH
2025-02-07T18:30:00Z,Imports & Exports,5614.000,Elexon BMRS FUELHH
2025-02-07T18:30:00Z,Nuclear,4288.000,Elexon BMRS FUELHH
2025-02-07T18:30:00Z,Other,901.000,Elexon BMRS FUELHH
2025-02-07T18:30:00Z,Pumped Storage,652.000,Elexon BMRS FUELHH
2025-02-07T18:30:00Z,Wind,14512.000,Elexon BMRS FUELHH
2025-02-07T19:00:00Z,Biomass,3168.000,Elexon BMRS FUELHH
2025-02-07T19:00:00Z,Coal,0.000,Elexon BMRS FUELHH
2025-02-07T19:00:00Z,Gas,10188.000,Elexon BMRS FUELHH
2025-02-07T19:00:00Z,Hydro,682.000,Elexon BMRS FUELHH
2025-02-07T19:00:00Z,Imports & Exports,6188.000,Elexon BMRS FUELHH
2025-02-07T19:00:00Z,Nuclear,4289.000,Elexon BMRS FUELHH
2025-02-07T19:00:00Z,Other,702.000,Elexon BMRS FUELHH
2025-02-07T19:00:00Z,Pumped Storage,-12.000,Elexon BMRS FUELHH
2025-02-07T19:00:00Z,Wind,14641.000,Elexon BMRS FUELHH
2025-02-07T19:30:00Z,Biomass,2865.000,Elexon BMRS FUELHH
2025-02-07T19:30:00Z,Coal,0.000,Elexon BMRS FUELHH
2025-02-07T19:30:00Z,Gas,9726.000,Elexon BMRS FUELHH
2025-02-07T19:30:00Z,Hydro,699.000,Elexon BMRS FUELHH
2025-02-07T19:30:00Z,Imports & Exports,6182.000,Elexon BMRS FUELHH
2025-02-07T19:30:00Z,Nuclear,4288.000,Elexon BMRS FUELHH
2025-02-07T19:30:00Z,Other,535.000,Elexon BMRS FUELHH
2025-02-07T19:30:00Z,Pumped Storage,14.000,Elexon BMRS FUELHH
2025-02-07T19:30:00Z,Wind,14816.000,Elexon BMRS FUELHH
2025-02-07T20:00:00Z,Biomass,3176.000,Elexon BMRS FUELHH
2025-02-07T20:00:00Z,Coal,0.000,Elexon BMRS FUELHH
2025-02-07T20:00:00Z,Gas,9499.000,Elexon BMRS FUELHH
2025-02-07T20:00:00Z,Hydro,604.000,Elexon BMRS FUELHH
2025-02-07T20:00:00Z,Imports & Exports,5364.000,Elexon BMRS FUELHH
2025-02-07T20:00:00Z,Nuclear,4288.000,Elexon BMRS FUELHH
2025-02-07T20:00:00Z,Other,349.000,Elexon BMRS FUELHH
2025-02-07T20:00:00Z,Pumped Storage,-22.000,Elexon BMRS FUELHH
2025-02-07T20:00:00Z,Wind,14767.000,Elexon BMRS FUELHH
2025-02-07T20:30:00Z,Biomass,3044.000,Elexon BMRS FUELHH
2025-02-07T20:30:00Z,Coal,0.000,Elexon BMRS FUELHH
2025-02-07T20:30:00Z,Gas,8638.000,Elexon BMRS FUELHH
2025-02-07T20:30:00Z,Hydro,500.000,Elexon BMRS FUELHH
2025-02-07T20:30:00Z,Imports & Exports,5330.000,Elexon BMRS FUELHH
2025-02-07T20:30:00Z,Nuclear,4285.000,Elexon BMRS FUELHH
2025-02-07T20:30:00Z,Other,341.000,Elexon BMRS FUELHH
2025-02-07T20:30:00Z,Pumped Storage,50.000,Elexon BMRS FUELHH
2025-02-07T20:30:00Z,Wind,14450.000,Elexon BMRS FUELHH
2025-02-07T21:00:00Z,Biomass,3210.000,Elexon BMRS FUELHH
2025-02-07T21:00:00Z,Coal,0.000,Elexon BMRS FUELHH
2025-02-07T21:00:00Z,Gas,7135.000,Elexon BMRS FUELHH
2025-02-07T21:00:00Z,Hydro,458.000,Elexon BMRS FUELHH
2025-02-07T21:00:00Z,Imports & Exports,4272.000,Elexon BMRS FUELHH
2025-02-07T21:00:00Z,Nuclear,4279.000,Elexon BMRS FUELHH
2025-02-07T21:00:00Z,Other,640.000,Elexon BMRS FUELHH
2025-02-07T21:00:00Z,Pumped Storage,-18.000,Elexon BMRS FUELHH
2025-02-07T21:00:00Z,Wind,14369.000,Elexon BMRS FUELHH
2025-02-07T21:30:00Z,Biomass,3161.000,Elexon BMRS FUELHH
2025-02-07T21:30:00Z,Coal,0.000,Elexon BMRS FUELHH
2025-02-07T21:30:00Z,Gas,6052.000,Elexon BMRS FUELHH
2025-02-07T21:30:00Z,Hydro,452.000,Elexon BMRS FUELHH
2025-02-07T21:30:00Z,Imports & Exports,4354.000,Elexon BMRS FUELHH
2025-02-07T21:30:00Z,Nuclear,4287.000,Elexon BMRS FUELHH
2025-02-07T21:30:00Z,Other,591.000,Elexon BMRS FUELHH
2025-02-07T21:30:00Z,Pumped Storage,-18.000,Elexon BMRS FUELHH
2025-02-07T21:30:00Z,Wind,14169.000,Elexon BMRS FUELHH
2025-02-07T22:00:00Z,Biomass,2833.000,Elexon BMRS FUELHH
2025-02-07T22:00:00Z,Coal,0.000,Elexon BMRS FUELHH
2025-02-07T22:00:00Z,Gas,4970.000,Elexon BMRS FUELHH
2025-02-07T22:00:00Z,Hydro,394.000,Elexon BMRS FUELHH
2025-02-07T22:00:00Z,Imports & Exports,4494.000,Elexon BMRS FUELHH
2025-02-07T22:00:00Z,Nuclear,4287.000,Elexon BMRS FUELHH
2025-02-07T22:00:00Z,Other,384.000,Elexon BMRS FUELHH
2025-02-07T22:00:00Z,Pumped Storage,-18.000,Elexon BMRS FUELHH
2025-02-07T22:00:00Z,Wind,14270.000,Elexon BMRS FUELHH
2025-02-07T22:30:00Z,Biomass,2140.000,Elexon BMRS FUELHH
2025-02-07T22:30:00Z,Coal,0.000,Elexon BMRS FUELHH
2025-02-07T22:30:00Z,Gas,4286.000,Elexon BMRS FUELHH
2025-02-07T22:30:00Z,Hydro,386.000,Elexon BMRS FUELHH
2025-02-07T22:30:00Z,Imports & Exports,4432.000,Elexon BMRS FUELHH
2025-02-07T22:30:00Z,Nuclear,4286.000,Elexon BMRS FUELHH
2025-02-07T22:30:00Z,Other,327.000,Elexon BMRS FUELHH
2025-02-07T22:30:00Z,Pumped Storage,-22.000,Elexon BMRS FUELHH
2025-02-07T22:30:00Z,Wind,14492.000,Elexon BMRS FUELHH
2025-02-07T23:00:00Z,Biomass,1531.000,Elexon BMRS FUELHH
2025-02-07T23:00:00Z,Coal,0.000,Elexon BMRS FUELHH
2025-02-07T23:00:00Z,Gas,2959.000,Elexon BMRS FUELHH
2025-02-07T23:00:00Z,Hydro,326.000,Elexon BMRS FUELHH
2025-02-07T23:00:00Z,Imports & Exports,6100.000,Elexon BMRS FUELHH
2025-02-07T23:00:00Z,Nuclear,4283.000,Elexon BMRS FUELHH
2025-02-07T23:00:00Z,Other,333.000,Elexon BMRS FUELHH
2025-02-07T23:00:00Z,Pumped Storage,-238.000,Elexon BMRS FUELHH
2025-02-07T23:00:00Z,Wind,14421.000,Elexon BMRS FUELHH
2025-02-07T23:30:00Z,Biomass,1252.000,Elexon BMRS FUELHH
2025-02-07T23:30:00Z,Coal,0.000,Elexon BMRS FUELHH
2025-02-07T23:30:00Z,Gas,2332.000,Elexon BMRS FUELHH
2025-02-07T23:30:00Z,Hydro,324.000,Elexon BMRS FUELHH
2025-02-07T23:30:00Z,Imports & Exports,6214.000,Elexon BMRS FUELHH
2025-02-07T23:30:00Z,Nuclear,4277.000,Elexon BMRS FUELHH
2025-02-07T23:30:00Z,Other,374.000,Elexon BMRS FUELHH
2025-02-07T23:30:00Z,Pumped Storage,-564.000,Elexon BMRS FUELHH
2025-02-07T23:30:00Z,Wind,14094.000,Elexon BMRS FUELHH
2025-02-08T00:00:00Z,Biomass,1256.000,Elexon BMRS FUELHH
2025-02-08T00:00:00Z,Coal,0.000,Elexon BMRS FUELHH
2025-02-08T00:00:00Z,Gas,2217.000,Elexon BMRS FUELHH
2025-02-08T00:00:00Z,Hydro,324.000,Elexon BMRS FUELHH
2025-02-08T00:00:00Z,Imports & Exports,6080.000,Elexon BMRS FUELHH
2025-02-08T00:00:00Z,Nuclear,4277.000,Elexon BMRS FUELHH
2025-02-08T00:00:00Z,Other,373.000,Elexon BMRS FUELHH
2025-02-08T00:00:00Z,Pumped Storage,-544.000,Elexon BMRS FUELHH
2025-02-08T00:00:00Z,Wind,13841.000,Elexon BMRS FUELHH
2025-02-08T00:30:00Z,Biomass,1268.000,Elexon BMRS FUELHH
2025-02-08T00:30:00Z,Coal,0.000,Elexon BMRS FUELHH
2025-02-08T00:30:00Z,Gas,2267.000,Elexon BMRS FUELHH
2025-02-08T00:30:00Z,Hydro,320.000,Elexon BMRS FUELHH
2025-02-08T00:30:00Z,Imports & Exports,6190.000,Elexon BMRS FUELHH
2025-02-08T00:30:00Z,Nuclear,4280.000,Elexon BMRS FUELHH
2025-02-08T00:30:00Z,Other,752.000,Elexon BMRS FUELHH
2025-02-08T00:30:00Z,Pumped Storage,-138.000,Elexon BMRS FUELHH
2025-02-08T00:30:00Z,Wind,13581.000,Elexon BMRS FUELHH
2025-02-08T01:00:00Z,Biomass,1277.000,Elexon BMRS FUELHH
2025-02-08T01:00:00Z,Coal,0.000,Elexon BMRS FUELHH
2025-02-08T01:00:00Z,Gas,1985.000,Elexon BMRS FUELHH
2025-02-08T01:00:00Z,Hydro,315.000,Elexon BMRS FUELHH
2025-02-08T01:00:00Z,Imports & Exports,6664.000,Elexon BMRS FUELHH
2025-02-08T01:00:00Z,Nuclear,4275.000,Elexon BMRS FUELHH
2025-02-08T01:00:00Z,Other,489.000,Elexon BMRS FUELHH
2025-02-08T01:00:00Z,Pumped Storage,-42.000,Elexon BMRS FUELHH
2025-02-08T01:00:00Z,Wind,13299.000,Elexon BMRS FUELHH
2025-02-08T01:30:00Z,Biomass,1279.000,Elexon BMRS FUELHH
2025-02-08T01:30:00Z,Coal,0.000,Elexon BMRS FUELHH
2025-02-08T01:30:00Z,Gas,1997.000,Elexon BMRS FUELHH
2025-02-08T01:30:00Z,Hydro,313.000,Elexon BMRS FUELHH
2025-02-08T01:30:00Z,Imports & Exports,6692.000,Elexon BMRS FUELHH
2025-02-08T01:30:00Z,Nuclear,4274.000,Elexon BMRS FUELHH
2025-02-08T01:30:00Z,Other,342.000,Elexon BMRS FUELHH
2025-02-08T01:30:00Z,Pumped Storage,-66.000,Elexon BMRS FUELHH
2025-02-08T01:30:00Z,Wind,12631.000,Elexon BMRS FUELHH
2025-02-08T02:00:00Z,Biomass,1276.000,Elexon BMRS FUELHH
2025-02-08T02:00:00Z,Coal,0.000,Elexon BMRS FUELHH
2025-02-08T02:00:00Z,Gas,2379.000,Elexon BMRS FUELHH
2025-02-08T02:00:00Z,Hydro,284.000,Elexon BMRS FUELHH
2025-02-08T02:00:00Z,Imports & Exports,6330.000,Elexon BMRS FUELHH
2025-02-08T02:00:00Z,Nuclear,4275.000,Elexon BMRS FUELHH
2025-02-08T02:00:00Z,Other,455.000,Elexon BMRS FUELHH
2025-02-08T02:00:00Z,Pumped Storage,-738.000,Elexon BMRS FUELHH
2025-02-08T02:00:00Z,Wind,12222.000,Elexon BMRS FUELHH
2025-02-08T02:30:00Z,Biomass,1279.000,Elexon BMRS FUELHH
2025-02-08T02:30:00Z,Coal,0.000,Elexon BMRS FUELHH
2025-02-08T02:30:00Z,Gas,2421.000,Elexon BMRS FUELHH
2025-02-08T02:30:00Z,Hydro,285.000,Elexon BMRS FUELHH
2025-02-08T02:30:00Z,Imports & Exports,6290.000,Elexon BMRS FUELHH
2025-02-08T02:30:00Z,Nuclear,4277.000,Elexon BMRS FUELHH
2025-02-08T02:30:00Z,Other,835.000,Elexon BMRS FUELHH
2025-02-08T02:30:00Z,Pumped Storage,-1100.000,Elexon BMRS FUELHH
2025-02-08T02:30:00Z,Wind,11708.000,Elexon BMRS FUELHH
2025-02-08T03:00:00Z,Biomass,1280.000,Elexon BMRS FUELHH
2025-02-08T03:00:00Z,Coal,0.000,Elexon BMRS FUELHH
2025-02-08T03:00:00Z,Gas,2425.000,Elexon BMRS FUELHH
2025-02-08T03:00:00Z,Hydro,284.000,Elexon BMRS FUELHH
2025-02-08T03:00:00Z,Imports & Exports,6444.000,Elexon BMRS FUELHH
2025-02-08T03:00:00Z,Nuclear,4276.000,Elexon BMRS FUELHH
2025-02-08T03:00:00Z,Other,797.000,Elexon BMRS FUELHH
2025-02-08T03:00:00Z,Pumped Storage,-1098.000,Elexon BMRS FUELHH
2025-02-08T03:00:00Z,Wind,11234.000,Elexon BMRS FUELHH
2025-02-08T03:30:00Z,Biomass,1285.000,Elexon BMRS FUELHH
2025-02-08T03:30:00Z,Coal,0.000,Elexon BMRS FUELHH
2025-02-08T03:30:00Z,Gas,2440.000,Elexon BMRS FUELHH
2025-02-08T03:30:00Z,Hydro,284.000,Elexon BMRS FUELHH
2025-02-08T03:30:00Z,Imports & Exports,6478.000,Elexon BMRS FUELHH
2025-02-08T03:30:00Z,Nuclear,4283.000,Elexon BMRS FUELHH
2025-02-08T03:30:00Z,Other,624.000,Elexon BMRS FUELHH
2025-02-08T03:30:00Z,Pumped Storage,-1342.000,Elexon BMRS FUELHH
2025-02-08T03:30:00Z,Wind,10919.000,Elexon BMRS FUELHH
2025-02-08T04:00:00Z,Biomass,1293.000,Elexon BMRS FUELHH
2025-02-08T04:00:00Z,Coal,0.000,Elexon BMRS FUELHH
2025-02-08T04:00:00Z,Gas,2646.000,Elexon BMRS FUELHH
2025-02-08T04:00:00Z,Hydro,283.000,Elexon BMRS FUELHH
2025-02-08T04:00:00Z,Imports & Exports,6590.000,Elexon BMRS FUELHH
2025-02-08T04:00:00Z,Nuclear,4283.000,Elexon BMRS FUELHH
2025-02-08T04:00:00Z,Other,349.000,Elexon BMRS FUELHH
2025-02-08T04:00:00Z,Pumped Storage,-1172.000,Elexon BMRS FUELHH
2025-02-08T04:00:00Z,Wind,10429.000,Elexon BMRS FUELHH
2025-02-08T04:30:00Z,Biomass,1286.000,Elexon BMRS FUELHH
2025-02-08T04:30:00Z,Coal,0.000,Elexon BMRS FUELHH
2025-02-08T04:30:00Z,Gas,2820.000,Elexon BMRS FUELHH
2025-02-08T04:30:00Z,Hydro,294.000,Elexon BMRS FUELHH
2025-02-08T04:30:00Z,Imports & Exports,6542.000,Elexon BMRS FUELHH
2025-02-08T04:30:00Z,Nuclear,4281.000,Elexon BMRS FUELHH
2025-02-08T04:30:00Z,Other,389.000,Elexon BMRS FUELHH
2025-02-08T04:30:00Z,Pumped Storage,-1062.000,Elexon BMRS FUELHH
2025-02-08T04:30:00Z,Wind,9975.000,Elexon BMRS FUELHH
2025-02-08T05:00:00Z,Biomass,1295.000,Elexon BMRS FUELHH
2025-02-08T05:00:00Z,Coal,0.000,Elexon BMRS FUELHH
2025-02-08T05:00:00Z,Gas,3130.000,Elexon BMRS FUELHH
2025-02-08T05:00:00Z,Hydro,315.000,Elexon BMRS FUELHH
2025-02-08T05:00:00Z,Imports & Exports,6568.000,Elexon BMRS FUELHH
2025-02-08T05:00:00Z,Nuclear,4282.000,Elexon BMRS FUELHH
2025-02-08T05:00:00Z,Other,383.000,Elexon BMRS FUELHH
2025-02-08T05:00:00Z,Pumped Storage,-892.000,Elexon BMRS FUELHH
2025-02-08T05:00:00Z,Wind,9684.000,Elexon BMRS FUELHH
2025-02-08T05:30:00Z,Biomass,1289.000,Elexon BMRS FUELHH
2025-02-08T05:30:00Z,Coal,0.000,Elexon BMRS FUELHH
2025-02-08T05:30:00Z,Gas,3504.000,Elexon BMRS FUELHH
2025-02-08T05:30:00Z,Hydro,330.000,Elexon BMRS FUELHH
2025-02-08T05:30:00Z,Imports & Exports,6630.000,Elexon BMRS FUELHH
2025-02-08T05:30:00Z,Nuclear,4286.000,Elexon BMRS FUELHH
2025-02-08T05:30:00Z,Other,365.000,Elexon BMRS FUELHH
2025-02-08T05:30:00Z,Pumped Storage,-404.000,Elexon BMRS FUELHH
2025-02-08T05:30:00Z,Wind,9201.000,Elexon BMRS FUELHH
2025-02-08T06:00:00Z,Biomass,1579.000,Elexon BMRS FUELHH
2025-02-08T06:00:00Z,Coal,0.000,Elexon BMRS FUELHH
2025-02-08T06:00:00Z,Gas,4120.000,Elexon BMRS FUELHH
2025-02-08T06:00:00Z,Hydro,406.000,Elexon BMRS FUELHH
2025-02-08T06:00:00Z,Imports & Exports,7004.000,Elexon BMRS FUELHH
2025-02-08T06:00:00Z,Nuclear,4285.000,Elexon BMRS FUELHH
2025-02-08T06:00:00Z,Other,355.000,Elexon BMRS FUELHH
2025-02-08T06:00:00Z,Pumped Storage,-116.000,Elexon BMRS FUELHH
2025-02-08T06:00:00Z,Wind,8860.000,Elexon BMRS FUELHH
2025-02-08T06:30:00Z,Biomass,2155.000,Elexon BMRS FUELHH
2025-02-08T06:30:00Z,Coal,0.000,Elexon BMRS FUELHH
2025-02-08T06:30:00Z,Gas,5489.000,Elexon BMRS FUELHH
2025-02-08T06:30:00Z,Hydro,400.000,Elexon BMRS FUELHH
2025-02-08T06:30:00Z,Imports & Exports,6950.000,Elexon BMRS FUELHH
2025-02-08T06:30:00Z,Nuclear,4280.000,Elexon BMRS FUELHH
2025-02-08T06:30:00Z,Other,382.000,Elexon BMRS FUELHH
2025-02-08T06:30:00Z,Pumped Storage,-18.000,Elexon BMRS FUELHH
2025-02-08T06:30:00Z,Wind,8268.000,Elexon BMRS FUELHH
2025-02-08T07:00:00Z,Biomass,2430.000,Elexon BMRS FUELHH
2025-02-08T07:00:00Z,Coal,0.000,Elexon BMRS FUELHH
2025-02-08T07:00:00Z,Gas,7989.000,Elexon BMRS FUELHH
2025-02-08T07:00:00Z,Hydro,428.000,Elexon BMRS FUELHH
2025-02-08T07:00:00Z,Imports & Exports,6342.000,Elexon BMRS FUELHH
2025-02-08T07:00:00Z,Nuclear,4281.000,Elexon BMRS FUELHH
2025-02-08T07:00:00Z,Other,363.000,Elexon BMRS FUELHH
2025-02-08T07:00:00Z,Pumped Storage,166.000,Elexon BMRS FUELHH
2025-02-08T07:00:00Z,Wind,7692.000,Elexon BMRS FUELHH
2025-02-08T07:30:00Z,Biomass,2446.000,Elexon BMRS FUELHH
2025-02-08T07:30:00Z,Coal,0.000,Elexon BMRS FUELHH
2025-02-08T07:30:00Z,Gas,9443.000,Elexon BMRS FUELHH
2025-02-08T07:30:00Z,Hydro,450.000,Elexon BMRS FUELHH
2025-02-08T07:30:00Z,Imports & Exports,6244.000,Elexon BMRS FUELHH
2025-02-08T07:30:00Z,Nuclear,4277.000,Elexon BMRS FUELHH
2025-02-08T07:30:00Z,Other,349.000,Elexon BMRS FUELHH
2025-02-08T07:30:00Z,Pumped Storage,-68.000,Elexon BMRS FUELHH
2025-02-08T07:30:00Z,Wind,7443.000,Elexon BMRS FUELHH
2025-02-08T08:00:00Z,Biomass,2384.000,Elexon BMRS FUELHH
2025-02-08T08:00:00Z,Coal,0.000,Elexon BMRS FUELHH
2025-02-08T08:00:00Z,Gas,10382.000,Elexon BMRS FUELHH
2025-02-08T08:00:00Z,Hydro,573.000,Elexon BMRS FUELHH
2025-02-08T08:00:00Z,Imports & Exports,7336.000,Elexon BMRS FUELHH
2025-02-08T08:00:00Z,Nuclear,4277.000,Elexon BMRS FUELHH
2025-02-08T08:00:00Z,Other,359.000,Elexon BMRS FUELHH
2025-02-08T08:00:00Z,Pumped Storage,38.000,Elexon BMRS FUELHH
2025-02-08T08:00:00Z,Wind,7127.000,Elexon BMRS FUELHH
2025-02-08T08:30:00Z,Biomass,2412.000,Elexon BMRS FUELHH
2025-02-08T08:30:00Z,Coal,0.000,Elexon BMRS FUELHH
2025-02-08T08:30:00Z,Gas,11912.000,Elexon BMRS FUELHH
2025-02-08T08:30:00Z,Hydro,619.000,Elexon BMRS FUELHH
2025-02-08T08:30:00Z,Imports & Exports,7348.000,Elexon BMRS FUELHH
2025-02-08T08:30:00Z,Nuclear,4278.000,Elexon BMRS FUELHH
2025-02-08T08:30:00Z,Other,355.000,Elexon BMRS FUELHH
2025-02-08T08:30:00Z,Pumped Storage,288.000,Elexon BMRS FUELHH
2025-02-08T08:30:00Z,Wind,6621.000,Elexon BMRS FUELHH
2025-02-08T09:00:00Z,Biomass,2520.000,Elexon BMRS FUELHH
2025-02-08T09:00:00Z,Coal,0.000,Elexon BMRS FUELHH
2025-02-08T09:00:00Z,Gas,14166.000,Elexon BMRS FUELHH
2025-02-08T09:00:00Z,Hydro,640.000,Elexon BMRS FUELHH
2025-02-08T09:00:00Z,Imports & Exports,7038.000,Elexon BMRS FUELHH
2025-02-08T09:00:00Z,Nuclear,4278.000,Elexon BMRS FUELHH
2025-02-08T09:00:00Z,Other,560.000,Elexon BMRS FUELHH
2025-02-08T09:00:00Z,Pumped Storage,158.000,Elexon BMRS FUELHH
2025-02-08T09:00:00Z,Wind,6098.000,Elexon BMRS FUELHH
2025-02-08T09:30:00Z,Biomass,2534.000,Elexon BMRS FUELHH
2025-02-08T09:30:00Z,Coal,0.000,Elexon BMRS FUELHH
2025-02-08T09:30:00Z,Gas,15459.000,Elexon BMRS FUELHH
2025-02-08T09:30:00Z,Hydro,632.000,Elexon BMRS FUELHH
2025-02-08T09:30:00Z,Imports & Exports,6908.000,Elexon BMRS FUELHH
2025-02-08T09:30:00Z,Nuclear,4274.000,Elexon BMRS FUELHH
2025-02-08T09:30:00Z,Other,507.000,Elexon BMRS FUELHH
2025-02-08T09:30:00Z,Pumped Storage,176.000,Elexon BMRS FUELHH
2025-02-08T09:30:00Z,Wind,5410.000,Elexon BMRS FUELHH
2025-02-08T10:00:00Z,Biomass,2530.000,Elexon BMRS FUELHH
2025-02-08T10:00:00Z,Coal,0.000,Elexon BMRS FUELHH
2025-02-08T10:00:00Z,Gas,17335.000,Elexon BMRS FUELHH
2025-02-08T10:00:00Z,Hydro,562.000,Elexon BMRS FUELHH
2025-02-08T10:00:00Z,Imports & Exports,6318.000,Elexon BMRS FUELHH
2025-02-08T10:00:00Z,Nuclear,4279.000,Elexon BMRS FUELHH
2025-02-08T10:00:00Z,Other,570.000,Elexon BMRS FUELHH
2025-02-08T10:00:00Z,Pumped Storage,288.000,Elexon BMRS FUELHH
2025-02-08T10:00:00Z,Wind,4610.000,Elexon BMRS FUELHH
2025-02-08T10:30:00Z,Biomass,2545.000,Elexon BMRS FUELHH
2025-02-08T10:30:00Z,Coal,0.000,Elexon BMRS FUELHH
2025-02-08T10:30:00Z,Gas,18430.000,Elexon BMRS FUELHH
2025-02-08T10:30:00Z,Hydro,588.000,Elexon BMRS FUELHH
2025-02-08T10:30:00Z,Imports & Exports,6246.000,Elexon BMRS FUELHH
2025-02-08T10:30:00Z,Nuclear,4282.000,Elexon BMRS FUELHH
2025-02-08T10:30:00Z,Other,502.000,Elexon BMRS FUELHH
2025-02-08T10:30:00Z,Pumped Storage,284.000,Elexon BMRS FUELHH
2025-02-08T10:30:00Z,Wind,4092.000,Elexon BMRS FUELHH
2025-02-08T11:00:00Z,Biomass,2556.000,Elexon BMRS FUELHH
2025-02-08T11:00:00Z,Coal,0.000,Elexon BMRS FUELHH
2025-02-08T11:00:00Z,Gas,19054.000,Elexon BMRS FUELHH
2025-02-08T11:00:00Z,Hydro,619.000,Elexon BMRS FUELHH
2025-02-08T11:00:00Z,Imports & Exports,5930.000,Elexon BMRS FUELHH
2025-02-08T11:00:00Z,Nuclear,4279.000,Elexon BMRS FUELHH
2025-02-08T11:00:00Z,Other,688.000,Elexon BMRS FUELHH
2025-02-08T11:00:00Z,Pumped Storage,428.000,Elexon BMRS FUELHH
2025-02-08T11:00:00Z,Wind,3499.000,Elexon BMRS FUELHH
2025-02-08T11:30:00Z,Biomass,2550.000,Elexon BMRS FUELHH
2025-02-08T11:30:00Z,Coal,0.000,Elexon BMRS FUELHH
2025-02-08T11:30:00Z,Gas,19179.000,Elexon BMRS FUELHH
2025-02-08T11:30:00Z,Hydro,840.000,Elexon BMRS FUELHH
2025-02-08T11:30:00Z,Imports & Exports,5930.000,Elexon BMRS FUELHH
2025-02-08T11:30:00Z,Nuclear,4285.000,Elexon BMRS FUELHH
2025-02-08T11:30:00Z,Other,541.000,Elexon BMRS FUELHH
2025-02-08T11:30:00Z,Pumped Storage,1028.000,Elexon BMRS FUELHH
2025-02-08T11:30:00Z,Wind,3159.000,Elexon BMRS FUELHH
2025-02-08T12:00:00Z,Biomass,2553.000,Elexon BMRS FUELHH
2025-02-08T12:00:00Z,Coal,0.000,Elexon BMRS FUELHH
2025-02-08T12:00:00Z,Gas,19269.000,Elexon BMRS FUELHH
2025-02-08T12:00:00Z,Hydro,882.000,Elexon BMRS FUELHH
2025-02-08T12:00:00Z,Imports & Exports,6394.000,Elexon BMRS FUELHH
2025-02-08T12:00:00Z,Nuclear,4284.000,Elexon BMRS FUELHH
2025-02-08T12:00:00Z,Other,570.000,Elexon BMRS FUELHH
2025-02-08T12:00:00Z,Pumped Storage,1106.000,Elexon BMRS FUELHH
2025-02-08T12:00:00Z,Wind,2878.000,Elexon BMRS FUELHH
2025-02-08T12:30:00Z,Biomass,2552.000,Elexon BMRS FUELHH
2025-02-08T12:30:00Z,Coal,0.000,Elexon BMRS FUELHH
2025-02-08T12:30:00Z,Gas,19390.000,Elexon BMRS FUELHH
2025-02-08T12:30:00Z,Hydro,888.000,Elexon BMRS FUELHH
2025-02-08T12:30:00Z,Imports & Exports,6480.000,Elexon BMRS FUELHH
2025-02-08T12:30:00Z,Nuclear,4284.000,Elexon BMRS FUELHH
2025-02-08T12:30:00Z,Other,628.000,Elexon BMRS FUELHH
2025-02-08T12:30:00Z,Pumped Storage,958.000,Elexon BMRS FUELHH
2025-02-08T12:30:00Z,Wind,2522.000,Elexon BMRS FUELHH
2025-02-08T13:00:00Z,Biomass,2551.000,Elexon BMRS FUELHH
2025-02-08T13:00:00Z,Coal,0.000,Elexon BMRS FUELHH
2025-02-08T13:00:00Z,Gas,19722.000,Elexon BMRS FUELHH
2025-02-08T13:00:00Z,Hydro,889.000,Elexon BMRS FUELHH
2025-02-08T13:00:00Z,Imports & Exports,6852.000,Elexon BMRS FUELHH
2025-02-08T13:00:00Z,Nuclear,4283.000,Elexon BMRS FUELHH
2025-02-08T13:00:00Z,Other,535.000,Elexon BMRS FUELHH
2025-02-08T13:00:00Z,Pumped Storage,698.000,Elexon BMRS FUELHH
2025-02-08T13:00:00Z,Wind,2316.000,Elexon BMRS FUELHH
2025-02-08T13:30:00Z,Biomass,2536.000,Elexon BMRS FUELHH
2025-02-08T13:30:00Z,Coal,0.000,Elexon BMRS FUELHH
2025-02-08T13:30:00Z,Gas,19776.000,Elexon BMRS FUELHH
2025-02-08T13:30:00Z,Hydro,889.000,Elexon BMRS FUELHH
2025-02-08T13:30:00Z,Imports & Exports,6900.000,Elexon BMRS FUELHH
2025-02-08T13:30:00Z,Nuclear,4286.000,Elexon BMRS FUELHH
2025-02-08T13:30:00Z,Other,487.000,Elexon BMRS FUELHH
2025-02-08T13:30:00Z,Pumped Storage,550.000,Elexon BMRS FUELHH
2025-02-08T13:30:00Z,Wind,2167.000,Elexon BMRS FUELHH
2025-02-08T14:00:00Z,Biomass,2559.000,Elexon BMRS FUELHH
2025-02-08T14:00:00Z,Coal,0.000,Elexon BMRS FUELHH
2025-02-08T14:00:00Z,Gas,20118.000,Elexon BMRS FUELHH
2025-02-08T14:00:00Z,Hydro,884.000,Elexon BMRS FUELHH
2025-02-08T14:00:00Z,Imports & Exports,7198.000,Elexon BMRS FUELHH
2025-02-08T14:00:00Z,Nuclear,4285.000,Elexon BMRS FUELHH
2025-02-08T14:00:00Z,Other,429.000,Elexon BMRS FUELHH
2025-02-08T14:00:00Z,Pumped Storage,150.000,Elexon BMRS FUELHH
2025-02-08T14:00:00Z,Wind,2023.000,Elexon BMRS FUELHH
2025-02-08T14:30:00Z,Biomass,2610.000,Elexon BMRS FUELHH
2025-02-08T14:30:00Z,Coal,0.000,Elexon BMRS FUELHH
2025-02-08T14:30:00Z,Gas,20525.000,Elexon BMRS FUELHH
2025-02-08T14:30:00Z,Hydro,683.000,Elexon BMRS FUELHH
2025-02-08T14:30:00Z,Imports & Exports,7234.000,Elexon BMRS FUELHH
2025-02-08T14:30:00Z,Nuclear,4288.000,Elexon BMRS FUELHH
2025-02-08T14:30:00Z,Other,403.000,Elexon BMRS FUELHH
2025-02-08T14:30:00Z,Pumped Storage,-12.000,Elexon BMRS FUELHH
2025-02-08T14:30:00Z,Wind,1902.000,Elexon BMRS FUELHH
2025-02-08T15:00:00Z,Biomass,2606.000,Elexon BMRS FUELHH
2025-02-08T15:00:00Z,Coal,0.000,Elexon BMRS FUELHH
2025-02-08T15:00:00Z,Gas,20494.000,Elexon BMRS FUELHH
2025-02-08T15:00:00Z,Hydro,675.000,Elexon BMRS FUELHH
2025-02-08T15:00:00Z,Imports & Exports,7266.000,Elexon BMRS FUELHH
2025-02-08T15:00:00Z,Nuclear,4283.000,Elexon BMRS FUELHH
2025-02-08T15:00:00Z,Other,386.000,Elexon BMRS FUELHH
2025-02-08T15:00:00Z,Pumped Storage,432.000,Elexon BMRS FUELHH
2025-02-08T15:00:00Z,Wind,1815.000,Elexon BMRS FUELHH
2025-02-08T15:30:00Z,Biomass,2603.000,Elexon BMRS FUELHH
2025-02-08T15:30:00Z,Coal,0.000,Elexon BMRS FUELHH
2025-02-08T15:30:00Z,Gas,20621.000,Elexon BMRS FUELHH
2025-02-08T15:30:00Z,Hydro,711.000,Elexon BMRS FUELHH
2025-02-08T15:30:00Z,Imports & Exports,7262.000,Elexon BMRS FUELHH
2025-02-08T15:30:00Z,Nuclear,4282.000,Elexon BMRS FUELHH
2025-02-08T15:30:00Z,Other,366.000,Elexon BMRS FUELHH
2025-02-08T15:30:00Z,Pumped Storage,590.000,Elexon BMRS FUELHH
2025-02-08T15:30:00Z,Wind,1845.000,Elexon BMRS FUELHH
2025-02-08T16:00:00Z,Biomass,2599.000,Elexon BMRS FUELHH
2025-02-08T16:00:00Z,Coal,0.000,Elexon BMRS FUELHH
2025-02-08T16:00:00Z,Gas,20992.000,Elexon BMRS FUELHH
2025-02-08T16:00:00Z,Hydro,837.000,Elexon BMRS FUELHH
2025-02-08T16:00:00Z,Imports & Exports,7260.000,Elexon BMRS FUELHH
2025-02-08T16:00:00Z,Nuclear,4281.000,Elexon BMRS FUELHH
2025-02-08T16:00:00Z,Other,418.000,Elexon BMRS FUELHH
2025-02-08T16:00:00Z,Pumped Storage,600.000,Elexon BMRS FUELHH
2025-02-08T16:00:00Z,Wind,1968.000,Elexon BMRS FUELHH
2025-02-08T16:30:00Z,Biomass,2608.000,Elexon BMRS FUELHH
2025-02-08T16:30:00Z,Coal,0.000,Elexon BMRS FUELHH
2025-02-08T16:30:00Z,Gas,21161.000,Elexon BMRS FUELHH
2025-02-08T16:30:00Z,Hydro,913.000,Elexon BMRS FUELHH
2025-02-08T16:30:00Z,Imports & Exports,7216.000,Elexon BMRS FUELHH
2025-02-08T16:30:00Z,Nuclear,4279.000,Elexon BMRS FUELHH
2025-02-08T16:30:00Z,Other,497.000,Elexon BMRS FUELHH
2025-02-08T16:30:00Z,Pumped Storage,984.000,Elexon BMRS FUELHH
2025-02-08T16:30:00Z,Wind,2149.000,Elexon BMRS FUELHH
2025-02-08T17:00:00Z,Biomass,2624.000,Elexon BMRS FUELHH
2025-02-08T17:00:00Z,Coal,0.000,Elexon BMRS FUELHH
2025-02-08T17:00:00Z,Gas,21156.000,Elexon BMRS FUELHH
2025-02-08T17:00:00Z,Hydro,1109.000,Elexon BMRS FUELHH
2025-02-08T17:00:00Z,Imports & Exports,6518.000,Elexon BMRS FUELHH
2025-02-08T17:00:00Z,Nuclear,4274.000,Elexon BMRS FUELHH
2025-02-08T17:00:00Z,Other,959.000,Elexon BMRS FUELHH
2025-02-08T17:00:00Z,Pumped Storage,1312.000,Elexon BMRS FUELHH
2025-02-08T17:00:00Z,Wind,2112.000,Elexon BMRS FUELHH
2025-02-08T17:30:00Z,Biomass,2614.000,Elexon BMRS FUELHH
2025-02-08T17:30:00Z,Coal,0.000,Elexon BMRS FUELHH
2025-02-08T17:30:00Z,Gas,21346.000,Elexon BMRS FUELHH
2025-02-08T17:30:00Z,Hydro,1112.000,Elexon BMRS FUELHH
2025-02-08T17:30:00Z,Imports & Exports,6502.000,Elexon BMRS FUELHH
2025-02-08T17:30:00Z,Nuclear,4275.000,Elexon BMRS FUELHH
2025-02-08T17:30:00Z,Other,1163.000,Elexon BMRS FUELHH
2025-02-08T17:30:00Z,Pumped Storage,1376.000,Elexon BMRS FUELHH
2025-02-08T17:30:00Z,Wind,2252.000,Elexon BMRS FUELHH
2025-02-08T18:00:00Z,Biomass,2672.000,Elexon BMRS FUELHH
2025-02-08T18:00:00Z,Coal,0.000,Elexon BMRS FUELHH
2025-02-08T18:00:00Z,Gas,21113.000,Elexon BMRS FUELHH
2025-02-08T18:00:00Z,Hydro,962.000,Elexon BMRS FUELHH
2025-02-08T18:00:00Z,Imports & Exports,6224.000,Elexon BMRS FUELHH
2025-02-08T18:00:00Z,Nuclear,4282.000,Elexon BMRS FUELHH
2025-02-08T18:00:00Z,Other,1102.000,Elexon BMRS FUELHH
2025-02-08T18:00:00Z,Pumped Storage,1376.000,Elexon BMRS FUELHH
2025-02-08T18:00:00Z,Wind,2506.000,Elexon BMRS FUELHH
2025-02-08T18:30:00Z,Biomass,2817.000,Elexon BMRS FUELHH
2025-02-08T18:30:00Z,Coal,0.000,Elexon BMRS FUELHH
2025-02-08T18:30:00Z,Gas,20773.000,Elexon BMRS FUELHH
2025-02-08T18:30:00Z,Hydro,938.000,Elexon BMRS FUELHH
2025-02-08T18:30:00Z,Imports & Exports,6212.000,Elexon BMRS FUELHH
2025-02-08T18:30:00Z,Nuclear,4278.000,Elexon BMRS FUELHH
2025-02-08T18:30:00Z,Other,934.000,Elexon BMRS FUELHH
2025-02-08T18:30:00Z,Pumped Storage,1412.000,Elexon BMRS FUELHH
2025-02-08T18:30:00Z,Wind,2465.000,Elexon BMRS FUELHH
2025-02-08T19:00:00Z,Biomass,3088.000,Elexon BMRS FUELHH
2025-02-08T19:00:00Z,Coal,0.000,Elexon BMRS FUELHH
2025-02-08T19:00:00Z,Gas,20649.000,Elexon BMRS FUELHH
2025-02-08T19:00:00Z,Hydro,897.000,Elexon BMRS FUELHH
2025-02-08T19:00:00Z,Imports & Exports,6214.000,Elexon BMRS FUELHH
2025-02-08T19:00:00Z,Nuclear,4281.000,Elexon BMRS FUELHH
2025-02-08T19:00:00Z,Other,709.000,Elexon BMRS FUELHH
2025-02-08T19:00:00Z,Pumped Storage,670.000,Elexon BMRS FUELHH
2025-02-08T19:00:00Z,Wind,2532.000,Elexon BMRS FUELHH
2025-02-08T19:30:00Z,Biomass,3214.000,Elexon BMRS FUELHH
2025-02-08T19:30:00Z,Coal,0.000,Elexon BMRS FUELHH
2025-02-08T19:30:00Z,Gas,20260.000,Elexon BMRS FUELHH
2025-02-08T19:30:00Z,Hydro,879.000,Elexon BMRS FUELHH
2025-02-08T19:30:00Z,Imports & Exports,6206.000,Elexon BMRS FUELHH
2025-02-08T19:30:00Z,Nuclear,4285.000,Elexon BMRS FUELHH
2025-02-08T19:30:00Z,Other,377.000,Elexon BMRS FUELHH
2025-02-08T19:30:00Z,Pumped Storage,76.000,Elexon BMRS FUELHH
2025-02-08T19:30:00Z,Wind,2757.000,Elexon BMRS FUELHH
2025-02-08T20:00:00Z,Biomass,3227.000,Elexon BMRS FUELHH
2025-02-08T20:00:00Z,Coal,0.000,Elexon BMRS FUELHH
2025-02-08T20:00:00Z,Gas,19838.000,Elexon BMRS FUELHH
2025-02-08T20:00:00Z,Hydro,634.000,Elexon BMRS FUELHH
2025-02-08T20:00:00Z,Imports & Exports,5386.000,Elexon BMRS FUELHH
2025-02-08T20:00:00Z,Nuclear,4286.000,Elexon BMRS FUELHH
2025-02-08T20:00:00Z,Other,386.000,Elexon BMRS FUELHH
2025-02-08T20:00:00Z,Pumped Storage,-14.000,Elexon BMRS FUELHH
2025-02-08T20:00:00Z,Wind,2892.000,Elexon BMRS FUELHH
2025-02-08T20:30:00Z,Biomass,3223.000,Elexon BMRS FUELHH
2025-02-08T20:30:00Z,Coal,0.000,Elexon BMRS FUELHH
2025-02-08T20:30:00Z,Gas,18826.000,Elexon BMRS FUELHH
2025-02-08T20:30:00Z,Hydro,590.000,Elexon BMRS FUELHH
2025-02-08T20:30:00Z,Imports & Exports,5394.000,Elexon BMRS FUELHH
2025-02-08T20:30:00Z,Nuclear,4292.000,Elexon BMRS FUELHH
2025-02-08T20:30:00Z,Other,276.000,Elexon BMRS FUELHH
2025-02-08T20:30:00Z,Pumped Storage,-14.000,Elexon BMRS FUELHH
2025-02-08T20:30:00Z,Wind,3029.000,Elexon BMRS FUELHH
2025-02-08T21:00:00Z,Biomass,3232.000,Elexon BMRS FUELHH
2025-02-08T21:00:00Z,Coal,0.000,Elexon BMRS FUELHH
2025-02-08T21:00:00Z,Gas,17144.000,Elexon BMRS FUELHH
2025-02-08T21:00:00Z,Hydro,590.000,Elexon BMRS FUELHH
2025-02-08T21:00:00Z,Imports & Exports,5456.000,Elexon BMRS FUELHH
2025-02-08T21:00:00Z,Nuclear,4287.000,Elexon BMRS FUELHH
2025-02-08T21:00:00Z,Other,440.000,Elexon BMRS FUELHH
2025-02-08T21:00:00Z,Pumped Storage,-18.000,Elexon BMRS FUELHH
2025-02-08T21:00:00Z,Wind,3175.000,Elexon BMRS FUELHH
2025-02-08T21:30:00Z,Biomass,3221.000,Elexon BMRS FUELHH
2025-02-08T21:30:00Z,Coal,0.000,Elexon BMRS FUELHH
2025-02-08T21:30:00Z,Gas,16069.000,Elexon BMRS FUELHH
2025-02-08T21:30:00Z,Hydro,574.000,Elexon BMRS FUELHH
2025-02-08T21:30:00Z,Imports & Exports,5642.000,Elexon BMRS FUELHH
2025-02-08T21:30:00Z,Nuclear,4292.000,Elexon BMRS FUELHH
2025-02-08T21:30:00Z,Other,273.000,Elexon BMRS FUELHH
2025-02-08T21:30:00Z,Pumped Storage,-20.000,Elexon BMRS FUELHH
2025-02-08T21:30:00Z,Wind,3151.000,Elexon BMRS FUELHH
2025-02-08T22:00:00Z,Biomass,3220.000,Elexon BMRS FUELHH
2025-02-08T22:00:00Z,Coal,0.000,Elexon BMRS FUELHH
2025-02-08T22:00:00Z,Gas,14210.000,Elexon BMRS FUELHH
2025-02-08T22:00:00Z,Hydro,549.000,Elexon BMRS FUELHH
2025-02-08T22:00:00Z,Imports & Exports,5856.000,Elexon BMRS FUELHH
2025-02-08T22:00:00Z,Nuclear,4291.000,Elexon BMRS FUELHH
2025-02-08T22:00:00Z,Other,347.000,Elexon BMRS FUELHH
2025-02-08T22:00:00Z,Pumped Storage,-20.000,Elexon BMRS FUELHH
2025-02-08T22:00:00Z,Wind,3039.000,Elexon BMRS FUELHH
2025-02-08T22:30:00Z,Biomass,3183.000,Elexon BMRS FUELHH
2025-02-08T22:30:00Z,Coal,0.000,Elexon BMRS FUELHH
2025-02-08T22:30:00Z,Gas,12645.000,Elexon BMRS FUELHH
2025-02-08T22:30:00Z,Hydro,513.000,Elexon BMRS FUELHH
2025-02-08T22:30:00Z,Imports & Exports,5960.000,Elexon BMRS FUELHH
2025-02-08T22:30:00Z,Nuclear,4290.000,Elexon BMRS FUELHH
2025-02-08T22:30:00Z,Other,303.000,Elexon BMRS FUELHH
2025-02-08T22:30:00Z,Pumped Storage,-20.000,Elexon BMRS FUELHH
2025-02-08T22:30:00Z,Wind,2987.000,Elexon BMRS FUELHH
2025-02-08T23:00:00Z,Biomass,3171.000,Elexon BMRS FUELHH
2025-02-08T23:00:00Z,Coal,0.000,Elexon BMRS FUELHH
2025-02-08T23:00:00Z,Gas,10618.000,Elexon BMRS FUELHH
2025-02-08T23:00:00Z,Hydro,355.000,Elexon BMRS FUELHH
2025-02-08T23:00:00Z,Imports & Exports,6770.000,Elexon BMRS FUELHH
2025-02-08T23:00:00Z,Nuclear,4287.000,Elexon BMRS FUELHH
2025-02-08T23:00:00Z,Other,438.000,Elexon BMRS FUELHH
2025-02-08T23:00:00Z,Pumped Storage,-20.000,Elexon BMRS FUELHH
2025-02-08T23:00:00Z,Wind,2821.000,Elexon BMRS FUELHH
2025-02-08T23:30:00Z,Biomass,3232.000,Elexon BMRS FUELHH
2025-02-08T23:30:00Z,Coal,0.000,Elexon BMRS FUELHH
2025-02-08T23:30:00Z,Gas,9930.000,Elexon BMRS FUELHH
2025-02-08T23:30:00Z,Hydro,347.000,Elexon BMRS FUELHH
2025-02-08T23:30:00Z,Imports & Exports,6626.000,Elexon BMRS FUELHH
2025-02-08T23:30:00Z,Nuclear,4289.000,Elexon BMRS FUELHH
2025-02-08T23:30:00Z,Other,411.000,Elexon BMRS FUELHH
2025-02-08T23:30:00Z,Pumped Storage,-20.000,Elexon BMRS FUELHH
2025-02-08T23:30:00Z,Wind,2880.000,Elexon BMRS FUELHH
2025-02-09T00:00:00Z,Biomass,3231.000,Elexon BMRS FUELHH
2025-02-09T00:00:00Z,Coal,0.000,Elexon BMRS FUELHH
2025-02-09T00:00:00Z,Gas,9614.000,Elexon BMRS FUELHH
2025-02-09T00:00:00Z,Hydro,346.000,Elexon BMRS FUELHH
2025-02-09T00:00:00Z,Imports & Exports,6996.000,Elexon BMRS FUELHH
2025-02-09T00:00:00Z,Nuclear,4288.000,Elexon BMRS FUELHH
2025-02-09T00:00:00Z,Other,327.000,Elexon BMRS FUELHH
2025-02-09T00:00:00Z,Pumped Storage,-18.000,Elexon BMRS FUELHH
2025-02-09T00:00:00Z,Wind,3102.000,Elexon BMRS FUELHH
2025-02-09T00:30:00Z,Biomass,3234.000,Elexon BMRS FUELHH
2025-02-09T00:30:00Z,Coal,0.000,Elexon BMRS FUELHH
2025-02-09T00:30:00Z,Gas,9333.000,Elexon BMRS FUELHH
2025-02-09T00:30:00Z,Hydro,343.000,Elexon BMRS FUELHH
2025-02-09T00:30:00Z,Imports & Exports,7242.000,Elexon BMRS FUELHH
2025-02-09T00:30:00Z,Nuclear,4287.000,Elexon BMRS FUELHH
2025-02-09T00:30:00Z,Other,425.000,Elexon BMRS FUELHH
2025-02-09T00:30:00Z,Pumped Storage,-20.000,Elexon BMRS FUELHH
2025-02-09T00:30:00Z,Wind,3321.000,Elexon BMRS FUELHH
2025-02-09T01:00:00Z,Biomass,3233.000,Elexon BMRS FUELHH
2025-02-09T01:00:00Z,Coal,0.000,Elexon BMRS FUELHH
2025-02-09T01:00:00Z,Gas,8998.000,Elexon BMRS FUELHH
2025-02-09T01:00:00Z,Hydro,383.000,Elexon BMRS FUELHH
2025-02-09T01:00:00Z,Imports & Exports,7096.000,Elexon BMRS FUELHH
2025-02-09T01:00:00Z,Nuclear,4277.000,Elexon BMRS FUELHH
2025-02-09T01:00:00Z,Other,315.000,Elexon BMRS FUELHH
2025-02-09T01:00:00Z,Pumped Storage,-20.000,Elexon BMRS FUELHH
2025-02-09T01:00:00Z,Wind,3514.000,Elexon BMRS FUELHH
2025-02-09T01:30:00Z,Biomass,3231.000,Elexon BMRS FUELHH
2025-02-09T01:30:00Z,Coal,0.000,Elexon BMRS FUELHH
2025-02-09T01:30:00Z,Gas,8449.000,Elexon BMRS FUELHH
2025-02-09T01:30:00Z,Hydro,322.000,Elexon BMRS FUELHH
2025-02-09T01:30:00Z,Imports & Exports,6958.000,Elexon BMRS FUELHH
2025-02-09T01:30:00Z,Nuclear,4292.000,Elexon BMRS FUELHH
2025-02-09T01:30:00Z,Other,299.000,Elexon BMRS FUELHH
2025-02-09T01:30:00Z,Pumped Storage,-20.000,Elexon BMRS FUELHH
2025-02-09T01:30:00Z,Wind,3744.000,Elexon BMRS FUELHH
2025-02-09T02:00:00Z,Biomass,3227.000,Elexon BMRS FUELHH
2025-02-09T02:00:00Z,Coal,0.000,Elexon BMRS FUELHH
2025-02-09T02:00:00Z,Gas,7903.000,Elexon BMRS FUELHH
2025-02-09T02:00:00Z,Hydro,311.000,Elexon BMRS FUELHH
2025-02-09T02:00:00Z,Imports & Exports,6928.000,Elexon BMRS FUELHH
2025-02-09T02:00:00Z,Nuclear,4299.000,Elexon BMRS FUELHH
2025-02-09T02:00:00Z,Other,273.000,Elexon BMRS FUELHH
2025-02-09T02:00:00Z,Pumped Storage,-20.000,Elexon BMRS FUELHH
2025-02-09T02:00:00Z,Wind,3993.000,Elexon BMRS FUELHH
2025-02-09T02:30:00Z,Biomass,3225.000,Elexon BMRS FUELHH
2025-02-09T02:30:00Z,Coal,0.000,Elexon BMRS FUELHH
2025-02-09T02:30:00Z,Gas,7682.000,Elexon BMRS FUELHH
2025-02-09T02:30:00Z,Hydro,309.000,Elexon BMRS FUELHH
2025-02-09T02:30:00Z,Imports & Exports,6826.000,Elexon BMRS FUELHH
2025-02-09T02:30:00Z,Nuclear,4299.000,Elexon BMRS FUELHH
2025-02-09T02:30:00Z,Other,340.000,Elexon BMRS FUELHH
2025-02-09T02:30:00Z,Pumped Storage,-304.000,Elexon BMRS FUELHH
2025-02-09T02:30:00Z,Wind,3974.000,Elexon BMRS FUELHH
2025-02-09T03:00:00Z,Biomass,3225.000,Elexon BMRS FUELHH
2025-02-09T03:00:00Z,Coal,0.000,Elexon BMRS FUELHH
2025-02-09T03:00:00Z,Gas,7200.000,Elexon BMRS FUELHH
2025-02-09T03:00:00Z,Hydro,308.000,Elexon BMRS FUELHH
2025-02-09T03:00:00Z,Imports & Exports,6488.000,Elexon BMRS FUELHH
2025-02-09T03:00:00Z,Nuclear,4297.000,Elexon BMRS FUELHH
2025-02-09T03:00:00Z,Other,353.000,Elexon BMRS FUELHH
2025-02-09T03:00:00Z,Pumped Storage,-272.000,Elexon BMRS FUELHH
2025-02-09T03:00:00Z,Wind,4027.000,Elexon BMRS FUELHH
2025-02-09T03:30:00Z,Biomass,3231.000,Elexon BMRS FUELHH
2025-02-09T03:30:00Z,Coal,0.000,Elexon BMRS FUELHH
2025-02-09T03:30:00Z,Gas,6784.000,Elexon BMRS FUELHH
2025-02-09T03:30:00Z,Hydro,305.000,Elexon BMRS FUELHH
2025-02-09T03:30:00Z,Imports & Exports,6378.000,Elexon BMRS FUELHH
2025-02-09T03:30:00Z,Nuclear,4293.000,Elexon BMRS FUELHH
2025-02-09T03:30:00Z,Other,289.000,Elexon BMRS FUELHH
2025-02-09T03:30:00Z,Pumped Storage,-146.000,Elexon BMRS FUELHH
2025-02-09T03:30:00Z,Wind,4018.000,Elexon BMRS FUELHH
2025-02-09T04:00:00Z,Biomass,3226.000,Elexon BMRS FUELHH
2025-02-09T04:00:00Z,Coal,0.000,Elexon BMRS FUELHH
2025-02-09T04:00:00Z,Gas,6780.000,Elexon BMRS FUELHH
2025-02-09T04:00:00Z,Hydro,303.000,Elexon BMRS FUELHH
2025-02-09T04:00:00Z,Imports & Exports,5294.000,Elexon BMRS FUELHH
2025-02-09T04:00:00Z,Nuclear,4299.000,Elexon BMRS FUELHH
2025-02-09T04:00:00Z,Other,317.000,Elexon BMRS FUELHH
2025-02-09T04:00:00Z,Pumped Storage,-142.000,Elexon BMRS FUELHH
2025-02-09T04:00:00Z,Wind,4317.000,Elexon BMRS FUELHH
2025-02-09T04:30:00Z,Biomass,3225.000,Elexon BMRS FUELHH
2025-02-09T04:30:00Z,Coal,0.000,Elexon BMRS FUELHH
2025-02-09T04:30:00Z,Gas,6426.000,Elexon BMRS FUELHH
2025-02-09T04:30:00Z,Hydro,302.000,Elexon BMRS FUELHH
2025-02-09T04:30:00Z,Imports & Exports,5198.000,Elexon BMRS FUELHH
2025-02-09T04:30:00Z,Nuclear,4299.000,Elexon BMRS FUELHH
2025-02-09T04:30:00Z,Other,373.000,Elexon BMRS FUELHH
2025-02-09T04:30:00Z,Pumped Storage,-142.000,Elexon BMRS FUELHH
2025-02-09T04:30:00Z,Wind,4474.000,Elexon BMRS FUELHH
2025-02-09T05:00:00Z,Biomass,3140.000,Elexon BMRS FUELHH
2025-02-09T05:00:00Z,Coal,0.000,Elexon BMRS FUELHH
2025-02-09T05:00:00Z,Gas,7484.000,Elexon BMRS FUELHH
2025-02-09T05:00:00Z,Hydro,316.000,Elexon BMRS FUELHH
2025-02-09T05:00:00Z,Imports & Exports,3608.000,Elexon BMRS FUELHH
2025-02-09T05:00:00Z,Nuclear,4300.000,Elexon BMRS FUELHH
2025-02-09T05:00:00Z,Other,337.000,Elexon BMRS FUELHH
2025-02-09T05:00:00Z,Pumped Storage,-60.000,Elexon BMRS FUELHH
2025-02-09T05:00:00Z,Wind,4637.000,Elexon BMRS FUELHH
2025-02-09T05:30:00Z,Biomass,3126.000,Elexon BMRS FUELHH
2025-02-09T05:30:00Z,Coal,0.000,Elexon BMRS FUELHH
2025-02-09T05:30:00Z,Gas,7704.000,Elexon BMRS FUELHH
2025-02-09T05:30:00Z,Hydro,317.000,Elexon BMRS FUELHH
2025-02-09T05:30:00Z,Imports & Exports,3560.000,Elexon BMRS FUELHH
2025-02-09T05:30:00Z,Nuclear,4298.000,Elexon BMRS FUELHH
2025-02-09T05:30:00Z,Other,296.000,Elexon BMRS FUELHH
2025-02-09T05:30:00Z,Pumped Storage,-296.000,Elexon BMRS FUELHH
2025-02-09T05:30:00Z,Wind,5232.000,Elexon BMRS FUELHH
2025-02-09T06:00:00Z,Biomass,3132.000,Elexon BMRS FUELHH
2025-02-09T06:00:00Z,Coal,0.000,Elexon BMRS FUELHH
2025-02-09T06:00:00Z,Gas,7698.000,Elexon BMRS FUELHH
2025-02-09T06:00:00Z,Hydro,345.000,Elexon BMRS FUELHH
2025-02-09T06:00:00Z,Imports & Exports,3700.000,Elexon BMRS FUELHH
2025-02-09T06:00:00Z,Nuclear,4304.000,Elexon BMRS FUELHH
2025-02-09T06:00:00Z,Other,283.000,Elexon BMRS FUELHH
2025-02-09T06:00:00Z,Pumped Storage,-280.000,Elexon BMRS FUELHH
2025-02-09T06:00:00Z,Wind,5917.000,Elexon BMRS FUELHH
2025-02-09T06:30:00Z,Biomass,3122.000,Elexon BMRS FUELHH
2025-02-09T06:30:00Z,Coal,0.000,Elexon BMRS FUELHH
2025-02-09T06:30:00Z,Gas,7189.000,Elexon BMRS FUELHH
2025-02-09T06:30:00Z,Hydro,348.000,Elexon BMRS FUELHH
2025-02-09T06:30:00Z,Imports & Exports,3942.000,Elexon BMRS FUELHH
2025-02-09T06:30:00Z,Nuclear,4302.000,Elexon BMRS FUELHH
2025-02-09T06:30:00Z,Other,367.000,Elexon BMRS FUELHH
2025-02-09T06:30:00Z,Pumped Storage,-304.000,Elexon BMRS FUELHH
2025-02-09T06:30:00Z,Wind,6283.000,Elexon BMRS FUELHH
2025-02-09T07:00:00Z,Biomass,3093.000,Elexon BMRS FUELHH
2025-02-09T07:00:00Z,Coal,0.000,Elexon BMRS FUELHH
2025-02-09T07:00:00Z,Gas,7166.000,Elexon BMRS FUELHH
2025-02-09T07:00:00Z,Hydro,407.000,Elexon BMRS FUELHH
2025-02-09T07:00:00Z,Imports & Exports,4472.000,Elexon BMRS FUELHH
2025-02-09T07:00:00Z,Nuclear,4299.000,Elexon BMRS FUELHH
2025-02-09T07:00:00Z,Other,378.000,Elexon BMRS FUELHH
2025-02-09T07:00:00Z,Pumped Storage,-170.000,Elexon BMRS FUELHH
2025-02-09T07:00:00Z,Wind,6618.000,Elexon BMRS FUELHH
2025-02-09T07:30:00Z,Biomass,3076.000,Elexon BMRS FUELHH
2025-02-09T07:30:00Z,Coal,0.000,Elexon BMRS FUELHH
2025-02-09T07:30:00Z,Gas,7097.000,Elexon BMRS FUELHH
2025-02-09T07:30:00Z,Hydro,412.000,Elexon BMRS FUELHH
2025-02-09T07:30:00Z,Imports & Exports,4598.000,Elexon BMRS FUELHH
2025-02-09T07:30:00Z,Nuclear,4298.000,Elexon BMRS FUELHH
2025-02-09T07:30:00Z,Other,433.000,Elexon BMRS FUELHH
2025-02-09T07:30:00Z,Pumped Storage,-148.000,Elexon BMRS FUELHH
2025-02-09T07:30:00Z,Wind,7260.000,Elexon BMRS FUELHH
2025-02-09T08:00:00Z,Biomass,3114.000,Elexon BMRS FUELHH
2025-02-09T08:00:00Z,Coal,0.000,Elexon BMRS FUELHH
2025-02-09T08:00:00Z,Gas,6953.000,Elexon BMRS FUELHH
2025-02-09T08:00:00Z,Hydro,431.000,Elexon BMRS FUELHH
2025-02-09T08:00:00Z,Imports & Exports,5988.000,Elexon BMRS FUELHH
2025-02-09T08:00:00Z,Nuclear,4291.000,Elexon BMRS FUELHH
2025-02-09T08:00:00Z,Other,531.000,Elexon BMRS FUELHH
2025-02-09T08:00:00Z,Pumped Storage,-254.000,Elexon BMRS FUELHH
2025-02-09T08:00:00Z,Wind,7424.000,Elexon BMRS FUELHH
2025-02-09T08:30:00Z,Biomass,3126.000,Elexon BMRS FUELHH
2025-02-09T08:30:00Z,Coal,0.000,Elexon BMRS FUELHH
2025-02-09T08:30:00Z,Gas,8107.000,Elexon BMRS FUELHH
2025-02-09T08:30:00Z,Hydro,455.000,Elexon BMRS FUELHH
2025-02-09T08:30:00Z,Imports & Exports,6050.000,Elexon BMRS FUELHH
2025-02-09T08:30:00Z,Nuclear,4293.000,Elexon BMRS FUELHH
2025-02-09T08:30:00Z,Other,454.000,Elexon BMRS FUELHH
2025-02-09T08:30:00Z,Pumped Storage,-16.000,Elexon BMRS FUELHH
2025-02-09T08:30:00Z,Wind,7628.000,Elexon BMRS FUELHH
2025-02-09T09:00:00Z,Biomass,3099.000,Elexon BMRS FUELHH
2025-02-09T09:00:00Z,Coal,0.000,Elexon BMRS FUELHH
2025-02-09T09:00:00Z,Gas,8332.000,Elexon BMRS FUELHH
2025-02-09T09:00:00Z,Hydro,471.000,Elexon BMRS FUELHH
2025-02-09T09:00:00Z,Imports & Exports,6742.000,Elexon BMRS FUELHH
2025-02-09T09:00:00Z,Nuclear,4297.000,Elexon BMRS FUELHH
2025-02-09T09:00:00Z,Other,394.000,Elexon BMRS FUELHH
2025-02-09T09:00:00Z,Pumped Storage,-12.000,Elexon BMRS FUELHH
2025-02-09T09:00:00Z,Wind,8064.000,Elexon BMRS FUELHH
2025-02-09T09:30:00Z,Biomass,3134.000,Elexon BMRS FUELHH
2025-02-09T09:30:00Z,Coal,0.000,Elexon BMRS FUELHH
2025-02-09T09:30:00Z,Gas,8313.000,Elexon BMRS FUELHH
2025-02-09T09:30:00Z,Hydro,576.000,Elexon BMRS FUELHH
2025-02-09T09:30:00Z,Imports & Exports,6794.000,Elexon BMRS FUELHH
2025-02-09T09:30:00Z,Nuclear,4294.000,Elexon BMRS FUELHH
2025-02-09T09:30:00Z,Other,302.000,Elexon BMRS FUELHH
2025-02-09T09:30:00Z,Pumped Storage,-12.000,Elexon BMRS FUELHH
2025-02-09T09:30:00Z,Wind,8458.000,Elexon BMRS FUELHH
2025-02-09T10:00:00Z,Biomass,3141.000,Elexon BMRS FUELHH
2025-02-09T10:00:00Z,Coal,0.000,Elexon BMRS FUELHH
2025-02-09T10:00:00Z,Gas,8828.000,Elexon BMRS FUELHH
2025-02-09T10:00:00Z,Hydro,562.000,Elexon BMRS FUELHH
2025-02-09T10:00:00Z,Imports & Exports,6662.000,Elexon BMRS FUELHH
2025-02-09T10:00:00Z,Nuclear,4284.000,Elexon BMRS FUELHH
2025-02-09T10:00:00Z,Other,363.000,Elexon BMRS FUELHH
2025-02-09T10:00:00Z,Pumped Storage,-12.000,Elexon BMRS FUELHH
2025-02-09T10:00:00Z,Wind,8487.000,Elexon BMRS FUELHH
2025-02-09T10:30:00Z,Biomass,3145.000,Elexon BMRS FUELHH
2025-02-09T10:30:00Z,Coal,0.000,Elexon BMRS FUELHH
2025-02-09T10:30:00Z,Gas,9285.000,Elexon BMRS FUELHH
2025-02-09T10:30:00Z,Hydro,516.000,Elexon BMRS FUELHH
2025-02-09T10:30:00Z,Imports & Exports,6716.000,Elexon BMRS FUELHH
2025-02-09T10:30:00Z,Nuclear,4260.000,Elexon BMRS FUELHH
2025-02-09T10:30:00Z,Other,434.000,Elexon BMRS FUELHH
2025-02-09T10:30:00Z,Pumped Storage,-10.000,Elexon BMRS FUELHH
2025-02-09T10:30:00Z,Wind,8341.000,Elexon BMRS FUELHH
2025-02-09T11:00:00Z,Biomass,3142.000,Elexon BMRS FUELHH
2025-02-09T11:00:00Z,Coal,0.000,Elexon BMRS FUELHH
2025-02-09T11:00:00Z,Gas,9632.000,Elexon BMRS FUELHH
2025-02-09T11:00:00Z,Hydro,445.000,Elexon BMRS FUELHH
2025-02-09T11:00:00Z,Imports & Exports,6430.000,Elexon BMRS FUELHH
2025-02-09T11:00:00Z,Nuclear,4258.000,Elexon BMRS FUELHH
2025-02-09T11:00:00Z,Other,566.000,Elexon BMRS FUELHH
2025-02-09T11:00:00Z,Pumped Storage,14.000,Elexon BMRS FUELHH
2025-02-09T11:00:00Z,Wind,8432.000,Elexon BMRS FUELHH
2025-02-09T11:30:00Z,Biomass,3139.000,Elexon BMRS FUELHH
2025-02-09T11:30:00Z,Coal,0.000,Elexon BMRS FUELHH
2025-02-09T11:30:00Z,Gas,10002.000,Elexon BMRS FUELHH
2025-02-09T11:30:00Z,Hydro,445.000,Elexon BMRS FUELHH
2025-02-09T11:30:00Z,Imports & Exports,6508.000,Elexon BMRS FUELHH
2025-02-09T11:30:00Z,Nuclear,4269.000,Elexon BMRS FUELHH
2025-02-09T11:30:00Z,Other,491.000,Elexon BMRS FUELHH
2025-02-09T11:30:00Z,Pumped Storage,-12.000,Elexon BMRS FUELHH
2025-02-09T11:30:00Z,Wind,8589.000,Elexon BMRS FUELHH
2025-02-09T12:00:00Z,Biomass,3138.000,Elexon BMRS FUELHH
2025-02-09T12:00:00Z,Coal,0.000,Elexon BMRS FUELHH
2025-02-09T12:00:00Z,Gas,10088.000,Elexon BMRS FUELHH
2025-02-09T12:00:00Z,Hydro,449.000,Elexon BMRS FUELHH
2025-02-09T12:00:00Z,Imports & Exports,7240.000,Elexon BMRS FUELHH
2025-02-09T12:00:00Z,Nuclear,4273.000,Elexon BMRS FUELHH
2025-02-09T12:00:00Z,Other,449.000,Elexon BMRS FUELHH
2025-02-09T12:00:00Z,Pumped Storage,276.000,Elexon BMRS FUELHH
2025-02-09T12:00:00Z,Wind,8674.000,Elexon BMRS FUELHH
2025-02-09T12:30:00Z,Biomass,3140.000,Elexon BMRS FUELHH
2025-02-09T12:30:00Z,Coal,0.000,Elexon BMRS FUELHH
2025-02-09T12:30:00Z,Gas,10322.000,Elexon BMRS FUELHH
2025-02-09T12:30:00Z,Hydro,466.000,Elexon BMRS FUELHH
2025-02-09T12:30:00Z,Imports & Exports,7294.000,Elexon BMRS FUELHH
2025-02-09T12:30:00Z,Nuclear,4274.000,Elexon BMRS FUELHH
2025-02-09T12:30:00Z,Other,667.000,Elexon BMRS FUELHH
2025-02-09T12:30:00Z,Pumped Storage,38.000,Elexon BMRS FUELHH
2025-02-09T12:30:00Z,Wind,8648.000,Elexon BMRS FUELHH
2025-02-09T13:00:00Z,Biomass,3139.000,Elexon BMRS FUELHH
2025-02-09T13:00:00Z,Coal,0.000,Elexon BMRS FUELHH
2025-02-09T13:00:00Z,Gas,10418.000,Elexon BMRS FUELHH
2025-02-09T13:00:00Z,Hydro,486.000,Elexon BMRS FUELHH
2025-02-09T13:00:00Z,Imports & Exports,7108.000,Elexon BMRS FUELHH
2025-02-09T13:00:00Z,Nuclear,4276.000,Elexon BMRS FUELHH
2025-02-09T13:00:00Z,Other,613.000,Elexon BMRS FUELHH
2025-02-09T13:00:00Z,Pumped Storage,-14.000,Elexon BMRS FUELHH
2025-02-09T13:00:00Z,Wind,8813.000,Elexon BMRS FUELHH
2025-02-09T13:30:00Z,Biomass,3129.000,Elexon BMRS FUELHH
2025-02-09T13:30:00Z,Coal,0.000,Elexon BMRS FUELHH
2025-02-09T13:30:00Z,Gas,10704.000,Elexon BMRS FUELHH
2025-02-09T13:30:00Z,Hydro,493.000,Elexon BMRS FUELHH
2025-02-09T13:30:00Z,Imports & Exports,7066.000,Elexon BMRS FUELHH
2025-02-09T13:30:00Z,Nuclear,4271.000,Elexon BMRS FUELHH
2025-02-09T13:30:00Z,Other,474.000,Elexon BMRS FUELHH
2025-02-09T13:30:00Z,Pumped Storage,-14.000,Elexon BMRS FUELHH
2025-02-09T13:30:00Z,Wind,8984.000,Elexon BMRS FUELHH
2025-02-09T14:00:00Z,Biomass,3122.000,Elexon BMRS FUELHH
2025-02-09T14:00:00Z,Coal,0.000,Elexon BMRS FUELHH
2025-02-09T14:00:00Z,Gas,11338.000,Elexon BMRS FUELHH
2025-02-09T14:00:00Z,Hydro,486.000,Elexon BMRS FUELHH
2025-02-09T14:00:00Z,Imports & Exports,6714.000,Elexon BMRS FUELHH
2025-02-09T14:00:00Z,Nuclear,4264.000,Elexon BMRS FUELHH
2025-02-09T14:00:00Z,Other,320.000,Elexon BMRS FUELHH
2025-02-09T14:00:00Z,Pumped Storage,-10.000,Elexon BMRS FUELHH
2025-02-09T14:00:00Z,Wind,9140.000,Elexon BMRS FUELHH
2025-02-09T14:30:00Z,Biomass,3129.000,Elexon BMRS FUELHH
2025-02-09T14:30:00Z,Coal,0.000,Elexon BMRS FUELHH
2025-02-09T14:30:00Z,Gas,11809.000,Elexon BMRS FUELHH
2025-02-09T14:30:00Z,Hydro,451.000,Elexon BMRS FUELHH
2025-02-09T14:30:00Z,Imports & Exports,6742.000,Elexon BMRS FUELHH
2025-02-09T14:30:00Z,Nuclear,4275.000,Elexon BMRS FUELHH
2025-02-09T14:30:00Z,Other,275.000,Elexon BMRS FUELHH
2025-02-09T14:30:00Z,Pumped Storage,-10.000,Elexon BMRS FUELHH
2025-02-09T14:30:00Z,Wind,9084.000,Elexon BMRS FUELHH
2025-02-09T15:00:00Z,Biomass,3127.000,Elexon BMRS FUELHH
2025-02-09T15:00:00Z,Coal,0.000,Elexon BMRS FUELHH
2025-02-09T15:00:00Z,Gas,12501.000,Elexon BMRS FUELHH
2025-02-09T15:00:00Z,Hydro,447.000,Elexon BMRS FUELHH
2025-02-09T15:00:00Z,Imports & Exports,6986.000,Elexon BMRS FUELHH
2025-02-09T15:00:00Z,Nuclear,4301.000,Elexon BMRS FUELHH
2025-02-09T15:00:00Z,Other,250.000,Elexon BMRS FUELHH
2025-02-09T15:00:00Z,Pumped Storage,-10.000,Elexon BMRS FUELHH
2025-02-09T15:00:00Z,Wind,9213.000,Elexon BMRS FUELHH
2025-02-09T15:30:00Z,Biomass,3141.000,Elexon BMRS FUELHH
2025-02-09T15:30:00Z,Coal,0.000,Elexon BMRS FUELHH
2025-02-09T15:30:00Z,Gas,13028.000,Elexon BMRS FUELHH
2025-02-09T15:30:00Z,Hydro,478.000,Elexon BMRS FUELHH
2025-02-09T15:30:00Z,Imports & Exports,6798.000,Elexon BMRS FUELHH
2025-02-09T15:30:00Z,Nuclear,4304.000,Elexon BMRS FUELHH
2025-02-09T15:30:00Z,Other,256.000,Elexon BMRS FUELHH
2025-02-09T15:30:00Z,Pumped Storage,-12.000,Elexon BMRS FUELHH
2025-02-09T15:30:00Z,Wind,9539.000,Elexon BMRS FUELHH
2025-02-09T16:00:00Z,Biomass,3126.000,Elexon BMRS FUELHH
2025-02-09T16:00:00Z,Coal,0.000,Elexon BMRS FUELHH
2025-02-09T16:00:00Z,Gas,13819.000,Elexon BMRS FUELHH
2025-02-09T16:00:00Z,Hydro,566.000,Elexon BMRS FUELHH
2025-02-09T16:00:00Z,Imports & Exports,5774.000,Elexon BMRS FUELHH
2025-02-09T16:00:00Z,Nuclear,4302.000,Elexon BMRS FUELHH
2025-02-09T16:00:00Z,Other,421.000,Elexon BMRS FUELHH
2025-02-09T16:00:00Z,Pumped Storage,-14.000,Elexon BMRS FUELHH
2025-02-09T16:00:00Z,Wind,9808.000,Elexon BMRS FUELHH
2025-02-09T16:30:00Z,Biomass,3219.000,Elexon BMRS FUELHH
2025-02-09T16:30:00Z,Coal,0.000,Elexon BMRS FUELHH
2025-02-09T16:30:00Z,Gas,14090.000,Elexon BMRS FUELHH
2025-02-09T16:30:00Z,Hydro,805.000,Elexon BMRS FUELHH
2025-02-09T16:30:00Z,Imports & Exports,5618.000,Elexon BMRS FUELHH
2025-02-09T16:30:00Z,Nuclear,4300.000,Elexon BMRS FUELHH
2025-02-09T16:30:00Z,Other,421.000,Elexon BMRS FUELHH
2025-02-09T16:30:00Z,Pumped Storage,-8.000,Elexon BMRS FUELHH
2025-02-09T16:30:00Z,Wind,10093.000,Elexon BMRS FUELHH
2025-02-09T17:00:00Z,Biomass,3217.000,Elexon BMRS FUELHH
2025-02-09T17:00:00Z,Coal,0.000,Elexon BMRS FUELHH
2025-02-09T17:00:00Z,Gas,13970.000,Elexon BMRS FUELHH
2025-02-09T17:00:00Z,Hydro,851.000,Elexon BMRS FUELHH
2025-02-09T17:00:00Z,Imports & Exports,5878.000,Elexon BMRS FUELHH
2025-02-09T17:00:00Z,Nuclear,4299.000,Elexon BMRS FUELHH
2025-02-09T17:00:00Z,Other,579.000,Elexon BMRS FUELHH
2025-02-09T17:00:00Z,Pumped Storage,1048.000,Elexon BMRS FUELHH
2025-02-09T17:00:00Z,Wind,10192.000,Elexon BMRS FUELHH
2025-02-09T17:30:00Z,Biomass,3215.000,Elexon BMRS FUELHH
2025-02-09T17:30:00Z,Coal,0.000,Elexon BMRS FUELHH
2025-02-09T17:30:00Z,Gas,14418.000,Elexon BMRS FUELHH
2025-02-09T17:30:00Z,Hydro,870.000,Elexon BMRS FUELHH
2025-02-09T17:30:00Z,Imports & Exports,5848.000,Elexon BMRS FUELHH
2025-02-09T17:30:00Z,Nuclear,4305.000,Elexon BMRS FUELHH
2025-02-09T17:30:00Z,Other,418.000,Elexon BMRS FUELHH
2025-02-09T17:30:00Z,Pumped Storage,716.000,Elexon BMRS FUELHH
2025-02-09T17:30:00Z,Wind,10812.000,Elexon BMRS FUELHH
2025-02-09T18:00:00Z,Biomass,3213.000,Elexon BMRS FUELHH
2025-02-09T18:00:00Z,Coal,0.000,Elexon BMRS FUELHH
2025-02-09T18:00:00Z,Gas,14104.000,Elexon BMRS FUELHH
2025-02-09T18:00:00Z,Hydro,968.000,Elexon BMRS FUELHH
2025-02-09T18:00:00Z,Imports & Exports,4302.000,Elexon BMRS FUELHH
2025-02-09T18:00:00Z,Nuclear,4303.000,Elexon BMRS FUELHH
2025-02-09T18:00:00Z,Other,720.000,Elexon BMRS FUELHH
2025-02-09T18:00:00Z,Pumped Storage,706.000,Elexon BMRS FUELHH
2025-02-09T18:00:00Z,Wind,11416.000,Elexon BMRS FUELHH
2025-02-09T18:30:00Z,Biomass,3222.000,Elexon BMRS FUELHH
2025-02-09T18:30:00Z,Coal,0.000,Elexon BMRS FUELHH
2025-02-09T18:30:00Z,Gas,13839.000,Elexon BMRS FUELHH
2025-02-09T18:30:00Z,Hydro,754.000,Elexon BMRS FUELHH
2025-02-09T18:30:00Z,Imports & Exports,4166.000,Elexon BMRS FUELHH
2025-02-09T18:30:00Z,Nuclear,4301.000,Elexon BMRS FUELHH
2025-02-09T18:30:00Z,Other,433.000,Elexon BMRS FUELHH
2025-02-09T18:30:00Z,Pumped Storage,632.000,Elexon BMRS FUELHH
2025-02-09T18:30:00Z,Wind,11821.000,Elexon BMRS FUELHH
2025-02-09T19:00:00Z,Biomass,3159.000,Elexon BMRS FUELHH
2025-02-09T19:00:00Z,Coal,0.000,Elexon BMRS FUELHH
2025-02-09T19:00:00Z,Gas,13695.000,Elexon BMRS FUELHH
2025-02-09T19:00:00Z,Hydro,665.000,Elexon BMRS FUELHH
2025-02-09T19:00:00Z,Imports & Exports,3166.000,Elexon BMRS FUELHH
2025-02-09T19:00:00Z,Nuclear,4303.000,Elexon BMRS FUELHH
2025-02-09T19:00:00Z,Other,553.000,Elexon BMRS FUELHH
2025-02-09T19:00:00Z,Pumped Storage,316.000,Elexon BMRS FUELHH
2025-02-09T19:00:00Z,Wind,12008.000,Elexon BMRS FUELHH
2025-02-09T19:30:00Z,Biomass,3206.000,Elexon BMRS FUELHH
2025-02-09T19:30:00Z,Coal,0.000,Elexon BMRS FUELHH
2025-02-09T19:30:00Z,Gas,13350.000,Elexon BMRS FUELHH
2025-02-09T19:30:00Z,Hydro,599.000,Elexon BMRS FUELHH
2025-02-09T19:30:00Z,Imports & Exports,2948.000,Elexon BMRS FUELHH
2025-02-09T19:30:00Z,Nuclear,4305.000,Elexon BMRS FUELHH
2025-02-09T19:30:00Z,Other,276.000,Elexon BMRS FUELHH
2025-02-09T19:30:00Z,Pumped Storage,136.000,Elexon BMRS FUELHH
2025-02-09T19:30:00Z,Wind,11778.000,Elexon BMRS FUELHH
2025-02-09T20:00:00Z,Biomass,3211.000,Elexon BMRS FUELHH
2025-02-09T20:00:00Z,Coal,0.000,Elexon BMRS FUELHH
2025-02-09T20:00:00Z,Gas,13341.000,Elexon BMRS FUELHH
2025-02-09T20:00:00Z,Hydro,550.000,Elexon BMRS FUELHH
2025-02-09T20:00:00Z,Imports & Exports,1884.000,Elexon BMRS FUELHH
2025-02-09T20:00:00Z,Nuclear,4304.000,Elexon BMRS FUELHH
2025-02-09T20:00:00Z,Other,341.000,Elexon BMRS FUELHH
2025-02-09T20:00:00Z,Pumped Storage,-24.000,Elexon BMRS FUELHH
2025-02-09T20:00:00Z,Wind,11799.000,Elexon BMRS FUELHH
2025-02-09T20:30:00Z,Biomass,3172.000,Elexon BMRS FUELHH
2025-02-09T20:30:00Z,Coal,0.000,Elexon BMRS FUELHH
2025-02-09T20:30:00Z,Gas,12198.000,Elexon BMRS FUELHH
2025-02-09T20:30:00Z,Hydro,531.000,Elexon BMRS FUELHH
2025-02-09T20:30:00Z,Imports & Exports,1718.000,Elexon BMRS FUELHH
2025-02-09T20:30:00Z,Nuclear,4307.000,Elexon BMRS FUELHH
2025-02-09T20:30:00Z,Other,258.000,Elexon BMRS FUELHH
2025-02-09T20:30:00Z,Pumped Storage,-22.000,Elexon BMRS FUELHH
2025-02-09T20:30:00Z,Wind,12062.000,Elexon BMRS FUELHH
2025-02-09T21:00:00Z,Biomass,3131.000,Elexon BMRS FUELHH
2025-02-09T21:00:00Z,Coal,0.000,Elexon BMRS FUELHH
2025-02-09T21:00:00Z,Gas,10101.000,Elexon BMRS FUELHH
2025-02-09T21:00:00Z,Hydro,480.000,Elexon BMRS FUELHH
2025-02-09T21:00:00Z,Imports & Exports,1662.000,Elexon BMRS FUELHH
2025-02-09T21:00:00Z,Nuclear,4302.000,Elexon BMRS FUELHH
2025-02-09T21:00:00Z,Other,617.000,Elexon BMRS FUELHH
2025-02-09T21:00:00Z,Pumped Storage,-18.000,Elexon BMRS FUELHH
2025-02-09T21:00:00Z,Wind,12228.000,Elexon BMRS FUELHH
2025-02-09T21:30:00Z,Biomass,3121.000,Elexon BMRS FUELHH
2025-02-09T21:30:00Z,Coal,0.000,Elexon BMRS FUELHH
2025-02-09T21:30:00Z,Gas,8630.000,Elexon BMRS FUELHH
2025-02-09T21:30:00Z,Hydro,443.000,Elexon BMRS FUELHH
2025-02-09T21:30:00Z,Imports & Exports,1768.000,Elexon BMRS FUELHH
2025-02-09T21:30:00Z,Nuclear,4306.000,Elexon BMRS FUELHH
2025-02-09T21:30:00Z,Other,325.000,Elexon BMRS FUELHH
2025-02-09T21:30:00Z,Pumped Storage,-22.000,Elexon BMRS FUELHH
2025-02-09T21:30:00Z,Wind,12491.000,Elexon BMRS FUELHH
2025-02-09T22:00:00Z,Biomass,2848.000,Elexon BMRS FUELHH
2025-02-09T22:00:00Z,Coal,0.000,Elexon BMRS FUELHH
2025-02-09T22:00:00Z,Gas,6425.000,Elexon BMRS FUELHH
2025-02-09T22:00:00Z,Hydro,335.000,Elexon BMRS FUELHH
2025-02-09T22:00:00Z,Imports & Exports,2736.000,Elexon BMRS FUELHH
2025-02-09T22:00:00Z,Nuclear,4316.000,Elexon BMRS FUELHH
2025-02-09T22:00:00Z,Other,311.000,Elexon BMRS FUELHH
2025-02-09T22:00:00Z,Pumped Storage,-120.000,Elexon BMRS FUELHH
2025-02-09T22:00:00Z,Wind,12586.000,Elexon BMRS FUELHH
2025-02-09T22:30:00Z,Biomass,2194.000,Elexon BMRS FUELHH
2025-02-09T22:30:00Z,Coal,0.000,Elexon BMRS FUELHH
2025-02-09T22:30:00Z,Gas,5385.000,Elexon BMRS FUELHH
2025-02-09T22:30:00Z,Hydro,285.000,Elexon BMRS FUELHH
2025-02-09T22:30:00Z,Imports & Exports,2700.000,Elexon BMRS FUELHH
2025-02-09T22:30:00Z,Nuclear,4313.000,Elexon BMRS FUELHH
2025-02-09T22:30:00Z,Other,410.000,Elexon BMRS FUELHH
2025-02-09T22:30:00Z,Pumped Storage,-396.000,Elexon BMRS FUELHH
2025-02-09T22:30:00Z,Wind,12283.000,Elexon BMRS FUELHH
2025-02-09T23:00:00Z,Biomass,1584.000,Elexon BMRS FUELHH
2025-02-09T23:00:00Z,Coal,0.000,Elexon BMRS FUELHH
2025-02-09T23:00:00Z,Gas,3346.000,Elexon BMRS FUELHH
2025-02-09T23:00:00Z,Hydro,267.000,Elexon BMRS FUELHH
2025-02-09T23:00:00Z,Imports & Exports,4394.000,Elexon BMRS FUELHH
2025-02-09T23:00:00Z,Nuclear,4305.000,Elexon BMRS FUELHH
2025-02-09T23:00:00Z,Other,261.000,Elexon BMRS FUELHH
2025-02-09T23:00:00Z,Pumped Storage,-430.000,Elexon BMRS FUELHH
2025-02-09T23:00:00Z,Wind,12463.000,Elexon BMRS FUELHH
2025-02-09T23:30:00Z,Biomass,1295.000,Elexon BMRS FUELHH
2025-02-09T23:30:00Z,Coal,0.000,Elexon BMRS FUELHH
2025-02-09T23:30:00Z,Gas,2750.000,Elexon BMRS FUELHH
2025-02-09T23:30:00Z,Hydro,274.000,Elexon BMRS FUELHH
2025-02-09T23:30:00Z,Imports & Exports,4436.000,Elexon BMRS FUELHH
2025-02-09T23:30:00Z,Nuclear,4302.000,Elexon BMRS FUELHH
2025-02-09T23:30:00Z,Other,325.000,Elexon BMRS FUELHH
2025-02-09T23:30:00Z,Pumped Storage,-816.000,Elexon BMRS FUELHH
2025-02-09T23:30:00Z,Wind,12650.000,Elexon BMRS FUELHH
2025-02-10T00:00:00Z,Biomass,1311.000,Elexon BMRS FUELHH
2025-02-10T00:00:00Z,Coal,0.000,Elexon BMRS FUELHH
2025-02-10T00:00:00Z,Gas,2890.000,Elexon BMRS FUELHH
2025-02-10T00:00:00Z,Hydro,271.000,Elexon BMRS FUELHH
2025-02-10T00:00:00Z,Imports & Exports,5158.000,Elexon BMRS FUELHH
2025-02-10T00:00:00Z,Nuclear,4297.000,Elexon BMRS FUELHH
2025-02-10T00:00:00Z,Other,244.000,Elexon BMRS FUELHH
2025-02-10T00:00:00Z,Pumped Storage,-1128.000,Elexon BMRS FUELHH
2025-02-10T00:00:00Z,Wind,12743.000,Elexon BMRS FUELHH
2025-02-10T00:30:00Z,Biomass,1315.000,Elexon BMRS FUELHH
2025-02-10T00:30:00Z,Coal,0.000,Elexon BMRS FUELHH
2025-02-10T00:30:00Z,Gas,3005.000,Elexon BMRS FUELHH
2025-02-10T00:30:00Z,Hydro,264.000,Elexon BMRS FUELHH
2025-02-10T00:30:00Z,Imports & Exports,5278.000,Elexon BMRS FUELHH
2025-02-10T00:30:00Z,Nuclear,4296.000,Elexon BMRS FUELHH
2025-02-10T00:30:00Z,Other,372.000,Elexon BMRS FUELHH
2025-02-10T00:30:00Z,Pumped Storage,-950.000,Elexon BMRS FUELHH
2025-02-10T00:30:00Z,Wind,12750.000,Elexon BMRS FUELHH
2025-02-10T01:00:00Z,Biomass,1282.000,Elexon BMRS FUELHH
2025-02-10T01:00:00Z,Coal,0.000,Elexon BMRS FUELHH
2025-02-10T01:00:00Z,Gas,3157.000,Elexon BMRS FUELHH
2025-02-10T01:00:00Z,Hydro,259.000,Elexon BMRS FUELHH
2025-02-10T01:00:00Z,Imports & Exports,5322.000,Elexon BMRS FUELHH
2025-02-10T01:00:00Z,Nuclear,4302.000,Elexon BMRS FUELHH
2025-02-10T01:00:00Z,Other,332.000,Elexon BMRS FUELHH
2025-02-10T01:00:00Z,Pumped Storage,-1748.000,Elexon BMRS FUELHH
2025-02-10T01:00:00Z,Wind,12892.000,Elexon BMRS FUELHH
2025-02-10T01:30:00Z,Biomass,1135.000,Elexon BMRS FUELHH
2025-02-10T01:30:00Z,Coal,0.000,Elexon BMRS FUELHH
2025-02-10T01:30:00Z,Gas,3054.000,Elexon BMRS FUELHH
2025-02-10T01:30:00Z,Hydro,259.000,Elexon BMRS FUELHH
2025-02-10T01:30:00Z,Imports & Exports,5164.000,Elexon BMRS FUELHH
2025-02-10T01:30:00Z,Nuclear,4293.000,Elexon BMRS FUELHH
2025-02-10T01:30:00Z,Other,312.000,Elexon BMRS FUELHH
2025-02-10T01:30:00Z,Pumped Storage,-1770.000,Elexon BMRS FUELHH
2025-02-10T01:30:00Z,Wind,12832.000,Elexon BMRS FUELHH
2025-02-10T02:00:00Z,Biomass,1114.000,Elexon BMRS FUELHH
2025-02-10T02:00:00Z,Coal,0.000,Elexon BMRS FUELHH
2025-02-10T02:00:00Z,Gas,3027.000,Elexon BMRS FUELHH
2025-02-10T02:00:00Z,Hydro,243.000,Elexon BMRS FUELHH
2025-02-10T02:00:00Z,Imports & Exports,4910.000,Elexon BMRS FUELHH
2025-02-10T02:00:00Z,Nuclear,4297.000,Elexon BMRS FUELHH
2025-02-10T02:00:00Z,Other,331.000,Elexon BMRS FUELHH
2025-02-10T02:00:00Z,Pumped Storage,-1762.000,Elexon BMRS FUELHH
2025-02-10T02:00:00Z,Wind,12810.000,Elexon BMRS FUELHH
2025-02-10T02:30:00Z,Biomass,1077.000,Elexon BMRS FUELHH
2025-02-10T02:30:00Z,Coal,0.000,Elexon BMRS FUELHH
2025-02-10T02:30:00Z,Gas,2907.000,Elexon BMRS FUELHH
2025-02-10T02:30:00Z,Hydro,238.000,Elexon BMRS FUELHH
2025-02-10T02:30:00Z,Imports & Exports,4862.000,Elexon BMRS FUELHH
2025-02-10T02:30:00Z,Nuclear,4300.000,Elexon BMRS FUELHH
2025-02-10T02:30:00Z,Other,372.000,Elexon BMRS FUELHH
2025-02-10T02:30:00Z,Pumped Storage,-1924.000,Elexon BMRS FUELHH
2025-02-10T02:30:00Z,Wind,12871.000,Elexon BMRS FUELHH
2025-02-10T03:00:00Z,Biomass,1085.000,Elexon BMRS FUELHH
2025-02-10T03:00:00Z,Coal,0.000,Elexon BMRS FUELHH
2025-02-10T03:00:00Z,Gas,2923.000,Elexon BMRS FUELHH
2025-02-10T03:00:00Z,Hydro,236.000,Elexon BMRS FUELHH
2025-02-10T03:00:00Z,Imports & Exports,4106.000,Elexon BMRS FUELHH
2025-02-10T03:00:00Z,Nuclear,4299.000,Elexon BMRS FUELHH
2025-02-10T03:00:00Z,Other,306.000,Elexon BMRS FUELHH
2025-02-10T03:00:00Z,Pumped Storage,-1936.000,Elexon BMRS FUELHH
2025-02-10T03:00:00Z,Wind,13244.000,Elexon BMRS FUELHH
2025-02-10T03:30:00Z,Biomass,1065.000,Elexon BMRS FUELHH
2025-02-10T03:30:00Z,Coal,0.000,Elexon BMRS FUELHH
2025-02-10T03:30:00Z,Gas,2888.000,Elexon BMRS FUELHH
2025-02-10T03:30:00Z,Hydro,237.000,Elexon BMRS FUELHH
2025-02-10T03:30:00Z,Imports & Exports,3976.000,Elexon BMRS FUELHH
2025-02-10T03:30:00Z,Nuclear,4300.000,Elexon BMRS FUELHH
2025-02-10T03:30:00Z,Other,245.000,Elexon BMRS FUELHH
2025-02-10T03:30:00Z,Pumped Storage,-2142.000,Elexon BMRS FUELHH
2025-02-10T03:30:00Z,Wind,13559.000,Elexon BMRS FUELHH
2025-02-10T04:00:00Z,Biomass,1054.000,Elexon BMRS FUELHH
2025-02-10T04:00:00Z,Coal,0.000,Elexon BMRS FUELHH
2025-02-10T04:00:00Z,Gas,3036.000,Elexon BMRS FUELHH
2025-02-10T04:00:00Z,Hydro,237.000,Elexon BMRS FUELHH
2025-02-10T04:00:00Z,Imports & Exports,2812.000,Elexon BMRS FUELHH
2025-02-10T04:00:00Z,Nuclear,4297.000,Elexon BMRS FUELHH
2025-02-10T04:00:00Z,Other,368.000,Elexon BMRS FUELHH
2025-02-10T04:00:00Z,Pumped Storage,-1990.000,Elexon BMRS FUELHH
2025-02-10T04:00:00Z,Wind,13517.000,Elexon BMRS FUELHH
2025-02-10T04:30:00Z,Biomass,1099.000,Elexon BMRS FUELHH
2025-02-10T04:30:00Z,Coal,0.000,Elexon BMRS FUELHH
2025-02-10T04:30:00Z,Gas,3166.000,Elexon BMRS FUELHH
2025-02-10T04:30:00Z,Hydro,241.000,Elexon BMRS FUELHH
2025-02-10T04:30:00Z,Imports & Exports,2798.000,Elexon BMRS FUELHH
2025-02-10T04:30:00Z,Nuclear,4296.000,Elexon BMRS FUELHH
2025-02-10T04:30:00Z,Other,379.000,Elexon BMRS FUELHH
2025-02-10T04:30:00Z,Pumped Storage,-2086.000,Elexon BMRS FUELHH
2025-02-10T04:30:00Z,Wind,13560.000,Elexon BMRS FUELHH
2025-02-10T05:00:00Z,Biomass,1517.000,Elexon BMRS FUELHH
2025-02-10T05:00:00Z,Coal,0.000,Elexon BMRS FUELHH
2025-02-10T05:00:00Z,Gas,4102.000,Elexon BMRS FUELHH
2025-02-10T05:00:00Z,Hydro,272.000,Elexon BMRS FUELHH
2025-02-10T05:00:00Z,Imports & Exports,296.000,Elexon BMRS FUELHH
2025-02-10T05:00:00Z,Nuclear,4305.000,Elexon BMRS FUELHH
2025-02-10T05:00:00Z,Other,409.000,Elexon BMRS FUELHH
2025-02-10T05:00:00Z,Pumped Storage,-694.000,Elexon BMRS FUELHH
2025-02-10T05:00:00Z,Wind,13695.000,Elexon BMRS FUELHH
2025-02-10T05:30:00Z,Biomass,1986.000,Elexon BMRS FUELHH
2025-02-10T05:30:00Z,Coal,0.000,Elexon BMRS FUELHH
2025-02-10T05:30:00Z,Gas,4965.000,Elexon BMRS FUELHH
2025-02-10T05:30:00Z,Hydro,274.000,Elexon BMRS FUELHH
2025-02-10T05:30:00Z,Imports & Exports,222.000,Elexon BMRS FUELHH
2025-02-10T05:30:00Z,Nuclear,4302.000,Elexon BMRS FUELHH
2025-02-10T05:30:00Z,Other,300.000,Elexon BMRS FUELHH
2025-02-10T05:30:00Z,Pumped Storage,-588.000,Elexon BMRS FUELHH
2025-02-10T05:30:00Z,Wind,14032.000,Elexon BMRS FUELHH
2025-02-10T06:00:00Z,Biomass,2354.000,Elexon BMRS FUELHH
2025-02-10T06:00:00Z,Coal,0.000,Elexon BMRS FUELHH
2025-02-10T06:00:00Z,Gas,8573.000,Elexon BMRS FUELHH
2025-02-10T06:00:00Z,Hydro,303.000,Elexon BMRS FUELHH
2025-02-10T06:00:00Z,Imports & Exports,-1478.000,Elexon BMRS FUELHH
2025-02-10T06:00:00Z,Nuclear,4302.000,Elexon BMRS FUELHH
2025-02-10T06:00:00Z,Other,403.000,Elexon BMRS FUELHH
2025-02-10T06:00:00Z,Pumped Storage,-372.000,Elexon BMRS FUELHH
2025-02-10T06:00:00Z,Wind,13982.000,Elexon BMRS FUELHH
2025-02-10T06:30:00Z,Biomass,2750.000,Elexon BMRS FUELHH
2025-02-10T06:30:00Z,Coal,0.000,Elexon BMRS FUELHH
2025-02-10T06:30:00Z,Gas,11035.000,Elexon BMRS FUELHH
2025-02-10T06:30:00Z,Hydro,333.000,Elexon BMRS FUELHH
2025-02-10T06:30:00Z,Imports & Exports,-1600.000,Elexon BMRS FUELHH
2025-02-10T06:30:00Z,Nuclear,4301.000,Elexon BMRS FUELHH
2025-02-10T06:30:00Z,Other,314.000,Elexon BMRS FUELHH
2025-02-10T06:30:00Z,Pumped Storage,-278.000,Elexon BMRS FUELHH
2025-02-10T06:30:00Z,Wind,14025.000,Elexon BMRS FUELHH
2025-02-10T07:00:00Z,Biomass,2879.000,Elexon BMRS FUELHH
2025-02-10T07:00:00Z,Coal,0.000,Elexon BMRS FUELHH
2025-02-10T07:00:00Z,Gas,12765.000,Elexon BMRS FUELHH
2025-02-10T07:00:00Z,Hydro,487.000,Elexon BMRS FUELHH
2025-02-10T07:00:00Z,Imports & Exports,-436.000,Elexon BMRS FUELHH
2025-02-10T07:00:00Z,Nuclear,4299.000,Elexon BMRS FUELHH
2025-02-10T07:00:00Z,Other,371.000,Elexon BMRS FUELHH
2025-02-10T07:00:00Z,Pumped Storage,-22.000,Elexon BMRS FUELHH
2025-02-10T07:00:00Z,Wind,14222.000,Elexon BMRS FUELHH
2025-02-10T07:30:00Z,Biomass,2929.000,Elexon BMRS FUELHH
2025-02-10T07:30:00Z,Coal,0.000,Elexon BMRS FUELHH
2025-02-10T07:30:00Z,Gas,13562.000,Elexon BMRS FUELHH
2025-02-10T07:30:00Z,Hydro,515.000,Elexon BMRS FUELHH
2025-02-10T07:30:00Z,Imports & Exports,-394.000,Elexon BMRS FUELHH
2025-02-10T07:30:00Z,Nuclear,4301.000,Elexon BMRS FUELHH
2025-02-10T07:30:00Z,Other,760.000,Elexon BMRS FUELHH
2025-02-10T07:30:00Z,Pumped Storage,-16.000,Elexon BMRS FUELHH
2025-02-10T07:30:00Z,Wind,14475.000,Elexon BMRS FUELHH
2025-02-10T08:00:00Z,Biomass,2867.000,Elexon BMRS FUELHH
2025-02-10T08:00:00Z,Coal,0.000,Elexon BMRS FUELHH
2025-02-10T08:00:00Z,Gas,12803.000,Elexon BMRS FUELHH
2025-02-10T08:00:00Z,Hydro,418.000,Elexon BMRS FUELHH
2025-02-10T08:00:00Z,Imports & Exports,3100.000,Elexon BMRS FUELHH
2025-02-10T08:00:00Z,Nuclear,4300.000,Elexon BMRS FUELHH
2025-02-10T08:00:00Z,Other,462.000,Elexon BMRS FUELHH
2025-02-10T08:00:00Z,Pumped Storage,142.000,Elexon BMRS FUELHH
2025-02-10T08:00:00Z,Wind,14287.000,Elexon BMRS FUELHH
2025-02-10T08:30:00Z,Biomass,2804.000,Elexon BMRS FUELHH
2025-02-10T08:30:00Z,Coal,0.000,Elexon BMRS FUELHH
2025-02-10T08:30:00Z,Gas,13641.000,Elexon BMRS FUELHH
2025-02-10T08:30:00Z,Hydro,417.000,Elexon BMRS FUELHH
2025-02-10T08:30:00Z,Imports & Exports,3212.000,Elexon BMRS FUELHH
2025-02-10T08:30:00Z,Nuclear,4301.000,Elexon BMRS FUELHH
2025-02-10T08:30:00Z,Other,451.000,Elexon BMRS FUELHH
2025-02-10T08:30:00Z,Pumped Storage,134.000,Elexon BMRS FUELHH
2025-02-10T08:30:00Z,Wind,14010.000,Elexon BMRS FUELHH
2025-02-10T09:00:00Z,Biomass,3007.000,Elexon BMRS FUELHH
2025-02-10T09:00:00Z,Coal,0.000,Elexon BMRS FUELHH
2025-02-10T09:00:00Z,Gas,14117.000,Elexon BMRS FUELHH
2025-02-10T09:00:00Z,Hydro,426.000,Elexon BMRS FUELHH
2025-02-10T09:00:00Z,Imports & Exports,4396.000,Elexon BMRS FUELHH
2025-02-10T09:00:00Z,Nuclear,4302.000,Elexon BMRS FUELHH
2025-02-10T09:00:00Z,Other,345.000,Elexon BMRS FUELHH
2025-02-10T09:00:00Z,Pumped Storage,-10.000,Elexon BMRS FUELHH
2025-02-10T09:00:00Z,Wind,13913.000,Elexon BMRS FUELHH
2025-02-10T09:30:00Z,Biomass,3116.000,Elexon BMRS FUELHH
2025-02-10T09:30:00Z,Coal,0.000,Elexon BMRS FUELHH
2025-02-10T09:30:00Z,Gas,14073.000,Elexon BMRS FUELHH
2025-02-10T09:30:00Z,Hydro,395.000,Elexon BMRS FUELHH
2025-02-10T09:30:00Z,Imports & Exports,4480.000,Elexon BMRS FUELHH
2025-02-10T09:30:00Z,Nuclear,4299.000,Elexon BMRS FUELHH
2025-02-10T09:30:00Z,Other,389.000,Elexon BMRS FUELHH
2025-02-10T09:30:00Z,Pumped Storage,-14.000,Elexon BMRS FUELHH
2025-02-10T09:30:00Z,Wind,14157.000,Elexon BMRS FUELHH
2025-02-10T10:00:00Z,Biomass,3130.000,Elexon BMRS FUELHH
2025-02-10T10:00:00Z,Coal,0.000,Elexon BMRS FUELHH
2025-02-10T10:00:00Z,Gas,14536.000,Elexon BMRS FUELHH
2025-02-10T10:00:00Z,Hydro,361.000,Elexon BMRS FUELHH
2025-02-10T10:00:00Z,Imports & Exports,3868.000,Elexon BMRS FUELHH
2025-02-10T10:00:00Z,Nuclear,4301.000,Elexon BMRS FUELHH
2025-02-10T10:00:00Z,Other,498.000,Elexon BMRS FUELHH
2025-02-10T10:00:00Z,Pumped Storage,-14.000,Elexon BMRS FUELHH
2025-02-10T10:00:00Z,Wind,14243.000,Elexon BMRS FUELHH
2025-02-10T10:30:00Z,Biomass,2967.000,Elexon BMRS FUELHH
2025-02-10T10:30:00Z,Coal,0.000,Elexon BMRS FUELHH
2025-02-10T10:30:00Z,Gas,14702.000,Elexon BMRS FUELHH
2025-02-10T10:30:00Z,Hydro,381.000,Elexon BMRS FUELHH
2025-02-10T10:30:00Z,Imports & Exports,3818.000,Elexon BMRS FUELHH
2025-02-10T10:30:00Z,Nuclear,4299.000,Elexon BMRS FUELHH
2025-02-10T10:30:00Z,Other,514.000,Elexon BMRS FUELHH
2025-02-10T10:30:00Z,Pumped Storage,-14.000,Elexon BMRS FUELHH
2025-02-10T10:30:00Z,Wind,14591.000,Elexon BMRS FUELHH
2025-02-10T11:00:00Z,Biomass,3197.000,Elexon BMRS FUELHH
2025-02-10T11:00:00Z,Coal,0.000,Elexon BMRS FUELHH
2025-02-10T11:00:00Z,Gas,15064.000,Elexon BMRS FUELHH
2025-02-10T11:00:00Z,Hydro,389.000,Elexon BMRS FUELHH
2025-02-10T11:00:00Z,Imports & Exports,3258.000,Elexon BMRS FUELHH
2025-02-10T11:00:00Z,Nuclear,4302.000,Elexon BMRS FUELHH
2025-02-10T11:00:00Z,Other,409.000,Elexon BMRS FUELHH
2025-02-10T11:00:00Z,Pumped Storage,-12.000,Elexon BMRS FUELHH
2025-02-10T11:00:00Z,Wind,14884.000,Elexon BMRS FUELHH
2025-02-10T11:30:00Z,Biomass,3235.000,Elexon BMRS FUELHH
2025-02-10T11:30:00Z,Coal,0.000,Elexon BMRS FUELHH
2025-02-10T11:30:00Z,Gas,14954.000,Elexon BMRS FUELHH
2025-02-10T11:30:00Z,Hydro,398.000,Elexon BMRS FUELHH
2025-02-10T11:30:00Z,Imports & Exports,3222.000,Elexon BMRS FUELHH
2025-02-10T11:30:00Z,Nuclear,4297.000,Elexon BMRS FUELHH
2025-02-10T11:30:00Z,Other,308.000,Elexon BMRS FUELHH
2025-02-10T11:30:00Z,Pumped Storage,-12.000,Elexon BMRS FUELHH
2025-02-10T11:30:00Z,Wind,15191.000,Elexon BMRS FUELHH
2025-02-10T12:00:00Z,Biomass,3245.000,Elexon BMRS FUELHH
2025-02-10T12:00:00Z,Coal,0.000,Elexon BMRS FUELHH
2025-02-10T12:00:00Z,Gas,14924.000,Elexon BMRS FUELHH
2025-02-10T12:00:00Z,Hydro,380.000,Elexon BMRS FUELHH
2025-02-10T12:00:00Z,Imports & Exports,3926.000,Elexon BMRS FUELHH
2025-02-10T12:00:00Z,Nuclear,4300.000,Elexon BMRS FUELHH
2025-02-10T12:00:00Z,Other,277.000,Elexon BMRS FUELHH
2025-02-10T12:00:00Z,Pumped Storage,-16.000,Elexon BMRS FUELHH
2025-02-10T12:00:00Z,Wind,15086.000,Elexon BMRS FUELHH
2025-02-10T12:30:00Z,Biomass,3241.000,Elexon BMRS FUELHH
2025-02-10T12:30:00Z,Coal,0.000,Elexon BMRS FUELHH
2025-02-10T12:30:00Z,Gas,14748.000,Elexon BMRS FUELHH
2025-02-10T12:30:00Z,Hydro,336.000,Elexon BMRS FUELHH
2025-02-10T12:30:00Z,Imports & Exports,3942.000,Elexon BMRS FUELHH
2025-02-10T12:30:00Z,Nuclear,4301.000,Elexon BMRS FUELHH
2025-02-10T12:30:00Z,Other,247.000,Elexon BMRS FUELHH
2025-02-10T12:30:00Z,Pumped Storage,-12.000,Elexon BMRS FUELHH
2025-02-10T12:30:00Z,Wind,15468.000,Elexon BMRS FUELHH
2025-02-10T13:00:00Z,Biomass,3239.000,Elexon BMRS FUELHH
2025-02-10T13:00:00Z,Coal,0.000,Elexon BMRS FUELHH
2025-02-10T13:00:00Z,Gas,14122.000,Elexon BMRS FUELHH
2025-02-10T13:00:00Z,Hydro,288.000,Elexon BMRS FUELHH
2025-02-10T13:00:00Z,Imports & Exports,4732.000,Elexon BMRS FUELHH
2025-02-10T13:00:00Z,Nuclear,4298.000,Elexon BMRS FUELHH
2025-02-10T13:00:00Z,Other,486.000,Elexon BMRS FUELHH
2025-02-10T13:00:00Z,Pumped Storage,-12.000,Elexon BMRS FUELHH
2025-02-10T13:00:00Z,Wind,15206.000,Elexon BMRS FUELHH
2025-02-10T13:30:00Z,Biomass,3227.000,Elexon BMRS FUELHH
2025-02-10T13:30:00Z,Coal,0.000,Elexon BMRS FUELHH
2025-02-10T13:30:00Z,Gas,13807.000,Elexon BMRS FUELHH
2025-02-10T13:30:00Z,Hydro,288.000,Elexon BMRS FUELHH
2025-02-10T13:30:00Z,Imports & Exports,4718.000,Elexon BMRS FUELHH
2025-02-10T13:30:00Z,Nuclear,4298.000,Elexon BMRS FUELHH
2025-02-10T13:30:00Z,Other,456.000,Elexon BMRS FUELHH
2025-02-10T13:30:00Z,Pumped Storage,-12.000,Elexon BMRS FUELHH
2025-02-10T13:30:00Z,Wind,15090.000,Elexon BMRS FUELHH
2025-02-10T14:00:00Z,Biomass,3222.000,Elexon BMRS FUELHH
2025-02-10T14:00:00Z,Coal,0.000,Elexon BMRS FUELHH
2025-02-10T14:00:00Z,Gas,14579.000,Elexon BMRS FUELHH
2025-02-10T14:00:00Z,Hydro,287.000,Elexon BMRS FUELHH
2025-02-10T14:00:00Z,Imports & Exports,3726.000,Elexon BMRS FUELHH
2025-02-10T14:00:00Z,Nuclear,4296.000,Elexon BMRS FUELHH
2025-02-10T14:00:00Z,Other,314.000,Elexon BMRS FUELHH
2025-02-10T14:00:00Z,Pumped Storage,-12.000,Elexon BMRS FUELHH
2025-02-10T14:00:00Z,Wind,14818.000,Elexon BMRS FUELHH
2025-02-10T14:30:00Z,Biomass,3231.000,Elexon BMRS FUELHH
2025-02-10T14:30:00Z,Coal,0.000,Elexon BMRS FUELHH
2025-02-10T14:30:00Z,Gas,14555.000,Elexon BMRS FUELHH
2025-02-10T14:30:00Z,Hydro,301.000,Elexon BMRS FUELHH
2025-02-10T14:30:00Z,Imports & Exports,3680.000,Elexon BMRS FUELHH
2025-02-10T14:30:00Z,Nuclear,4292.000,Elexon BMRS FUELHH
2025-02-10T14:30:00Z,Other,251.000,Elexon BMRS FUELHH
2025-02-10T14:30:00Z,Pumped Storage,-12.000,Elexon BMRS FUELHH
2025-02-10T14:30:00Z,Wind,14673.000,Elexon BMRS FUELHH
2025-02-10T15:00:00Z,Biomass,3225.000,Elexon BMRS FUELHH
2025-02-10T15:00:00Z,Coal,0.000,Elexon BMRS FUELHH
2025-02-10T15:00:00Z,Gas,14313.000,Elexon BMRS FUELHH
2025-02-10T15:00:00Z,Hydro,382.000,Elexon BMRS FUELHH
2025-02-10T15:00:00Z,Imports & Exports,3872.000,Elexon BMRS FUELHH
2025-02-10T15:00:00Z,Nuclear,4295.000,Elexon BMRS FUELHH
2025-02-10T15:00:00Z,Other,215.000,Elexon BMRS FUELHH
2025-02-10T15:00:00Z,Pumped Storage,-12.000,Elexon BMRS FUELHH
2025-02-10T15:00:00Z,Wind,14951.000,Elexon BMRS FUELHH
2025-02-10T15:30:00Z,Biomass,3256.000,Elexon BMRS FUELHH
2025-02-10T15:30:00Z,Coal,0.000,Elexon BMRS FUELHH
2025-02-10T15:30:00Z,Gas,14874.000,Elexon BMRS FUELHH
2025-02-10T15:30:00Z,Hydro,435.000,Elexon BMRS FUELHH
2025-02-10T15:30:00Z,Imports & Exports,3880.000,Elexon BMRS FUELHH
2025-02-10T15:30:00Z,Nuclear,4291.000,Elexon BMRS FUELHH
2025-02-10T15:30:00Z,Other,292.000,Elexon BMRS FUELHH
2025-02-10T15:30:00Z,Pumped Storage,-12.000,Elexon BMRS FUELHH
2025-02-10T15:30:00Z,Wind,14660.000,Elexon BMRS FUELHH
2025-02-10T16:00:00Z,Biomass,3259.000,Elexon BMRS FUELHH
2025-02-10T16:00:00Z,Coal,0.000,Elexon BMRS FUELHH
2025-02-10T16:00:00Z,Gas,15409.000,Elexon BMRS FUELHH
2025-02-10T16:00:00Z,Hydro,665.000,Elexon BMRS FUELHH
2025-02-10T16:00:00Z,Imports & Exports,3828.000,Elexon BMRS FUELHH
2025-02-10T16:00:00Z,Nuclear,4298.000,Elexon BMRS FUELHH
2025-02-10T16:00:00Z,Other,351.000,Elexon BMRS FUELHH
2025-02-10T16:00:00Z,Pumped Storage,-82.000,Elexon BMRS FUELHH
2025-02-10T16:00:00Z,Wind,14512.000,Elexon BMRS FUELHH
2025-02-10T16:30:00Z,Biomass,3266.000,Elexon BMRS FUELHH
2025-02-10T16:30:00Z,Coal,0.000,Elexon BMRS FUELHH
2025-02-10T16:30:00Z,Gas,15795.000,Elexon BMRS FUELHH
2025-02-10T16:30:00Z,Hydro,548.000,Elexon BMRS FUELHH
2025-02-10T16:30:00Z,Imports & Exports,3830.000,Elexon BMRS FUELHH
2025-02-10T16:30:00Z,Nuclear,4296.000,Elexon BMRS FUELHH
2025-02-10T16:30:00Z,Other,583.000,Elexon BMRS FUELHH
2025-02-10T16:30:00Z,Pumped Storage,-146.000,Elexon BMRS FUELHH
2025-02-10T16:30:00Z,Wind,14654.000,Elexon BMRS FUELHH
2025-02-10T17:00:00Z,Biomass,3266.000,Elexon BMRS FUELHH
2025-02-10T17:00:00Z,Coal,0.000,Elexon BMRS FUELHH
2025-02-10T17:00:00Z,Gas,16427.000,Elexon BMRS FUELHH
2025-02-10T17:00:00Z,Hydro,555.000,Elexon BMRS FUELHH
2025-02-10T17:00:00Z,Imports & Exports,3730.000,Elexon BMRS FUELHH
2025-02-10T17:00:00Z,Nuclear,4295.000,Elexon BMRS FUELHH
2025-02-10T17:00:00Z,Other,988.000,Elexon BMRS FUELHH
2025-02-10T17:00:00Z,Pumped Storage,314.000,Elexon BMRS FUELHH
2025-02-10T17:00:00Z,Wind,14171.000,Elexon BMRS FUELHH
2025-02-10T17:30:00Z,Biomass,3265.000,Elexon BMRS FUELHH
2025-02-10T17:30:00Z,Coal,0.000,Elexon BMRS FUELHH
2025-02-10T17:30:00Z,Gas,16743.000,Elexon BMRS FUELHH
2025-02-10T17:30:00Z,Hydro,557.000,Elexon BMRS FUELHH
2025-02-10T17:30:00Z,Imports & Exports,3712.000,Elexon BMRS FUELHH
2025-02-10T17:30:00Z,Nuclear,4301.000,Elexon BMRS FUELHH
2025-02-10T17:30:00Z,Other,1120.000,Elexon BMRS FUELHH
2025-02-10T17:30:00Z,Pumped Storage,314.000,Elexon BMRS FUELHH
2025-02-10T17:30:00Z,Wind,13873.000,Elexon BMRS FUELHH
2025-02-10T18:00:00Z,Biomass,3267.000,Elexon BMRS FUELHH
2025-02-10T18:00:00Z,Coal,0.000,Elexon BMRS FUELHH
2025-02-10T18:00:00Z,Gas,16640.000,Elexon BMRS FUELHH
2025-02-10T18:00:00Z,Hydro,500.000,Elexon BMRS FUELHH
2025-02-10T18:00:00Z,Imports & Exports,3116.000,Elexon BMRS FUELHH
2025-02-10T18:00:00Z,Nuclear,4301.000,Elexon BMRS FUELHH
2025-02-10T18:00:00Z,Other,1202.000,Elexon BMRS FUELHH
2025-02-10T18:00:00Z,Pumped Storage,274.000,Elexon BMRS FUELHH
2025-02-10T18:00:00Z,Wind,13782.000,Elexon BMRS FUELHH
2025-02-10T18:30:00Z,Biomass,3270.000,Elexon BMRS FUELHH
2025-02-10T18:30:00Z,Coal,0.000,Elexon BMRS FUELHH
2025-02-10T18:30:00Z,Gas,16244.000,Elexon BMRS FUELHH
2025-02-10T18:30:00Z,Hydro,490.000,Elexon BMRS FUELHH
2025-02-10T18:30:00Z,Imports & Exports,3130.000,Elexon BMRS FUELHH
2025-02-10T18:30:00Z,Nuclear,4304.000,Elexon BMRS FUELHH
2025-02-10T18:30:00Z,Other,1246.000,Elexon BMRS FUELHH
2025-02-10T18:30:00Z,Pumped Storage,270.000,Elexon BMRS FUELHH
2025-02-10T18:30:00Z,Wind,13654.000,Elexon BMRS FUELHH
2025-02-10T19:00:00Z,Biomass,3274.000,Elexon BMRS FUELHH
2025-02-10T19:00:00Z,Coal,0.000,Elexon BMRS FUELHH
2025-02-10T19:00:00Z,Gas,15585.000,Elexon BMRS FUELHH
2025-02-10T19:00:00Z,Hydro,473.000,Elexon BMRS FUELHH
2025-02-10T19:00:00Z,Imports & Exports,4214.000,Elexon BMRS FUELHH
2025-02-10T19:00:00Z,Nuclear,4296.000,Elexon BMRS FUELHH
2025-02-10T19:00:00Z,Other,778.000,Elexon BMRS FUELHH
2025-02-10T19:00:00Z,Pumped Storage,86.000,Elexon BMRS FUELHH
2025-02-10T19:00:00Z,Wind,13356.000,Elexon BMRS FUELHH
2025-02-10T19:30:00Z,Biomass,3272.000,Elexon BMRS FUELHH
2025-02-10T19:30:00Z,Coal,0.000,Elexon BMRS FUELHH
2025-02-10T19:30:00Z,Gas,15219.000,Elexon BMRS FUELHH
2025-02-10T19:30:00Z,Hydro,456.000,Elexon BMRS FUELHH
2025-02-10T19:30:00Z,Imports & Exports,4240.000,Elexon BMRS FUELHH
2025-02-10T19:30:00Z,Nuclear,4298.000,Elexon BMRS FUELHH
2025-02-10T19:30:00Z,Other,445.000,Elexon BMRS FUELHH
2025-02-10T19:30:00Z,Pumped Storage,-98.000,Elexon BMRS FUELHH
2025-02-10T19:30:00Z,Wind,13229.000,Elexon BMRS FUELHH
2025-02-10T20:00:00Z,Biomass,3265.000,Elexon BMRS FUELHH
2025-02-10T20:00:00Z,Coal,0.000,Elexon BMRS FUELHH
2025-02-10T20:00:00Z,Gas,14821.000,Elexon BMRS FUELHH
2025-02-10T20:00:00Z,Hydro,414.000,Elexon BMRS FUELHH
2025-02-10T20:00:00Z,Imports & Exports,3732.000,Elexon BMRS FUELHH
2025-02-10T20:00:00Z,Nuclear,4299.000,Elexon BMRS FUELHH
2025-02-10T20:00:00Z,Other,255.000,Elexon BMRS FUELHH
2025-02-10T20:00:00Z,Pumped Storage,-274.000,Elexon BMRS FUELHH
2025-02-10T20:00:00Z,Wind,12970.000,Elexon BMRS FUELHH
2025-02-10T20:30:00Z,Biomass,3258.000,Elexon BMRS FUELHH
2025-02-10T20:30:00Z,Coal,0.000,Elexon BMRS FUELHH
2025-02-10T20:30:00Z,Gas,13824.000,Elexon BMRS FUELHH
2025-02-10T20:30:00Z,Hydro,417.000,Elexon BMRS FUELHH
2025-02-10T20:30:00Z,Imports & Exports,3710.000,Elexon BMRS FUELHH
2025-02-10T20:30:00Z,Nuclear,4298.000,Elexon BMRS FUELHH
2025-02-10T20:30:00Z,Other,320.000,Elexon BMRS FUELHH
2025-02-10T20:30:00Z,Pumped Storage,-250.000,Elexon BMRS FUELHH
2025-02-10T20:30:00Z,Wind,12509.000,Elexon BMRS FUELHH
2025-02-10T21:00:00Z,Biomass,3252.000,Elexon BMRS FUELHH
2025-02-10T21:00:00Z,Coal,0.000,Elexon BMRS FUELHH
2025-02-10T21:00:00Z,Gas,12083.000,Elexon BMRS FUELHH
2025-02-10T21:00:00Z,Hydro,361.000,Elexon BMRS FUELHH
2025-02-10T21:00:00Z,Imports & Exports,3736.000,Elexon BMRS FUELHH
2025-02-10T21:00:00Z,Nuclear,4302.000,Elexon BMRS FUELHH
2025-02-10T21:00:00Z,Other,404.000,Elexon BMRS FUELHH
2025-02-10T21:00:00Z,Pumped Storage,-308.000,Elexon BMRS FUELHH
2025-02-10T21:00:00Z,Wind,12238.000,Elexon BMRS FUELHH
2025-02-10T21:30:00Z,Biomass,3215.000,Elexon BMRS FUELHH
2025-02-10T21:30:00Z,Coal,0.000,Elexon BMRS FUELHH
2025-02-10T21:30:00Z,Gas,10416.000,Elexon BMRS FUELHH
2025-02-10T21:30:00Z,Hydro,336.000,Elexon BMRS FUELHH
2025-02-10T21:30:00Z,Imports & Exports,3878.000,Elexon BMRS FUELHH
2025-02-10T21:30:00Z,Nuclear,4302.000,Elexon BMRS FUELHH
2025-02-10T21:30:00Z,Other,400.000,Elexon BMRS FUELHH
2025-02-10T21:30:00Z,Pumped Storage,-202.000,Elexon BMRS FUELHH
2025-02-10T21:30:00Z,Wind,12001.000,Elexon BMRS FUELHH
2025-02-10T22:00:00Z,Biomass,2897.000,Elexon BMRS FUELHH
2025-02-10T22:00:00Z,Coal,0.000,Elexon BMRS FUELHH
2025-02-10T22:00:00Z,Gas,8821.000,Elexon BMRS FUELHH
2025-02-10T22:00:00Z,Hydro,286.000,Elexon BMRS FUELHH
2025-02-10T22:00:00Z,Imports & Exports,4142.000,Elexon BMRS FUELHH
2025-02-10T22:00:00Z,Nuclear,4302.000,Elexon BMRS FUELHH
2025-02-10T22:00:00Z,Other,353.000,Elexon BMRS FUELHH
2025-02-10T22:00:00Z,Pumped Storage,-284.000,Elexon BMRS FUELHH
2025-02-10T22:00:00Z,Wind,11768.000,Elexon BMRS FUELHH
2025-02-10T22:30:00Z,Biomass,2217.000,Elexon BMRS FUELHH
2025-02-10T22:30:00Z,Coal,0.000,Elexon BMRS FUELHH
2025-02-10T22:30:00Z,Gas,7713.000,Elexon BMRS FUELHH
2025-02-10T22:30:00Z,Hydro,258.000,Elexon BMRS FUELHH
2025-02-10T22:30:00Z,Imports & Exports,4410.000,Elexon BMRS FUELHH
2025-02-10T22:30:00Z,Nuclear,4303.000,Elexon BMRS FUELHH
2025-02-10T22:30:00Z,Other,292.000,Elexon BMRS FUELHH
2025-02-10T22:30:00Z,Pumped Storage,-294.000,Elexon BMRS FUELHH
2025-02-10T22:30:00Z,Wind,11601.000,Elexon BMRS FUELHH
2025-02-10T23:00:00Z,Biomass,1636.000,Elexon BMRS FUELHH
2025-02-10T23:00:00Z,Coal,0.000,Elexon BMRS FUELHH
2025-02-10T23:00:00Z,Gas,5890.000,Elexon BMRS FUELHH
2025-02-10T23:00:00Z,Hydro,213.000,Elexon BMRS FUELHH
2025-02-10T23:00:00Z,Imports & Exports,5376.000,Elexon BMRS FUELHH
2025-02-10T23:00:00Z,Nuclear,4303.000,Elexon BMRS FUELHH
2025-02-10T23:00:00Z,Other,206.000,Elexon BMRS FUELHH
2025-02-10T23:00:00Z,Pumped Storage,-328.000,Elexon BMRS FUELHH
2025-02-10T23:00:00Z,Wind,11488.000,Elexon BMRS FUELHH
2025-02-10T23:30:00Z,Biomass,1318.000,Elexon BMRS FUELHH
2025-02-10T23:30:00Z,Coal,0.000,Elexon BMRS FUELHH
2025-02-10T23:30:00Z,Gas,5077.000,Elexon BMRS FUELHH
2025-02-10T23:30:00Z,Hydro,212.000,Elexon BMRS FUELHH
2025-02-10T23:30:00Z,Imports & Exports,5334.000,Elexon BMRS FUELHH
2025-02-10T23:30:00Z,Nuclear,4304.000,Elexon BMRS FUELHH
2025-02-10T23:30:00Z,Other,278.000,Elexon BMRS FUELHH
2025-02-10T23:30:00Z,Pumped Storage,-330.000,Elexon BMRS FUELHH
2025-02-10T23:30:00Z,Wind,11456.000,Elexon BMRS FUELHH
2025-02-11T00:00:00Z,Biomass,1328.000,Elexon BMRS FUELHH
2025-02-11T00:00:00Z,Coal,0.000,Elexon BMRS FUELHH
2025-02-11T00:00:00Z,Gas,4938.000,Elexon BMRS FUELHH
2025-02-11T00:00:00Z,Hydro,211.000,Elexon BMRS FUELHH
2025-02-11T00:00:00Z,Imports & Exports,5840.000,Elexon BMRS FUELHH
2025-02-11T00:00:00Z,Nuclear,4305.000,Elexon BMRS FUELHH
2025-02-11T00:00:00Z,Other,206.000,Elexon BMRS FUELHH
2025-02-11T00:00:00Z,Pumped Storage,-328.000,Elexon BMRS FUELHH
2025-02-11T00:00:00Z,Wind,11720.000,Elexon BMRS FUELHH
2025-02-11T00:30:00Z,Biomass,1325.000,Elexon BMRS FUELHH
2025-02-11T00:30:00Z,Coal,0.000,Elexon BMRS FUELHH
2025-02-11T00:30:00Z,Gas,5149.000,Elexon BMRS FUELHH
2025-02-11T00:30:00Z,Hydro,212.000,Elexon BMRS FUELHH
2025-02-11T00:30:00Z,Imports & Exports,5960.000,Elexon BMRS FUELHH
2025-02-11T00:30:00Z,Nuclear,4305.000,Elexon BMRS FUELHH
2025-02-11T00:30:00Z,Other,362.000,Elexon BMRS FUELHH
2025-02-11T00:30:00Z,Pumped Storage,-328.000,Elexon BMRS FUELHH
2025-02-11T00:30:00Z,Wind,11394.000,Elexon BMRS FUELHH
2025-02-11T01:00:00Z,Biomass,1322.000,Elexon BMRS FUELHH
2025-02-11T01:00:00Z,Coal,0.000,Elexon BMRS FUELHH
2025-02-11T01:00:00Z,Gas,5424.000,Elexon BMRS FUELHH
2025-02-11T01:00:00Z,Hydro,203.000,Elexon BMRS FUELHH
2025-02-11T01:00:00Z,Imports & Exports,5164.000,Elexon BMRS FUELHH
2025-02-11T01:00:00Z,Nuclear,4308.000,Elexon BMRS FUELHH
2025-02-11T01:00:00Z,Other,418.000,Elexon BMRS FUELHH
2025-02-11T01:00:00Z,Pumped Storage,-188.000,Elexon BMRS FUELHH
2025-02-11T01:00:00Z,Wind,11243.000,Elexon BMRS FUELHH
2025-02-11T01:30:00Z,Biomass,1319.000,Elexon BMRS FUELHH
2025-02-11T01:30:00Z,Coal,0.000,Elexon BMRS FUELHH
2025-02-11T01:30:00Z,Gas,5471.000,Elexon BMRS FUELHH
2025-02-11T01:30:00Z,Hydro,224.000,Elexon BMRS FUELHH
2025-02-11T01:30:00Z,Imports & Exports,4948.000,Elexon BMRS FUELHH
2025-02-11T01:30:00Z,Nuclear,4310.000,Elexon BMRS FUELHH
2025-02-11T01:30:00Z,Other,296.000,Elexon BMRS FUELHH
2025-02-11T01:30:00Z,Pumped Storage,-174.000,Elexon BMRS FUELHH
2025-02-11T01:30:00Z,Wind,11018.000,Elexon BMRS FUELHH
2025-02-11T02:00:00Z,Biomass,1317.000,Elexon BMRS FUELHH
2025-02-11T02:00:00Z,Coal,0.000,Elexon BMRS FUELHH
2025-02-11T02:00:00Z,Gas,5399.000,Elexon BMRS FUELHH
2025-02-11T02:00:00Z,Hydro,192.000,Elexon BMRS FUELHH
2025-02-11T02:00:00Z,Imports & Exports,5124.000,Elexon BMRS FUELHH
2025-02-11T02:00:00Z,Nuclear,4309.000,Elexon BMRS FUELHH
2025-02-11T02:00:00Z,Other,263.000,Elexon BMRS FUELHH
2025-02-11T02:00:00Z,Pumped Storage,-256.000,Elexon BMRS FUELHH
2025-02-11T02:00:00Z,Wind,10942.000,Elexon BMRS FUELHH
2025-02-11T02:30:00Z,Biomass,1318.000,Elexon BMRS FUELHH
2025-02-11T02:30:00Z,Coal,0.000,Elexon BMRS FUELHH
2025-02-11T02:30:00Z,Gas,5225.000,Elexon BMRS FUELHH
2025-02-11T02:30:00Z,Hydro,185.000,Elexon BMRS FUELHH
2025-02-11T02:30:00Z,Imports & Exports,5146.000,Elexon BMRS FUELHH
2025-02-11T02:30:00Z,Nuclear,4311.000,Elexon BMRS FUELHH
2025-02-11T02:30:00Z,Other,206.000,Elexon BMRS FUELHH
2025-02-11T02:30:00Z,Pumped Storage,-330.000,Elexon BMRS FUELHH
2025-02-11T02:30:00Z,Wind,10969.000,Elexon BMRS FUELHH
2025-02-11T03:00:00Z,Biomass,1304.000,Elexon BMRS FUELHH
2025-02-11T03:00:00Z,Coal,0.000,Elexon BMRS FUELHH
2025-02-11T03:00:00Z,Gas,4976.000,Elexon BMRS FUELHH
2025-02-11T03:00:00Z,Hydro,185.000,Elexon BMRS FUELHH
2025-02-11T03:00:00Z,Imports & Exports,5140.000,Elexon BMRS FUELHH
2025-02-11T03:00:00Z,Nuclear,4303.000,Elexon BMRS FUELHH
2025-02-11T03:00:00Z,Other,209.000,Elexon BMRS FUELHH
2025-02-11T03:00:00Z,Pumped Storage,-330.000,Elexon BMRS FUELHH
2025-02-11T03:00:00Z,Wind,10871.000,Elexon BMRS FUELHH
2025-02-11T03:30:00Z,Biomass,1312.000,Elexon BMRS FUELHH
2025-02-11T03:30:00Z,Coal,0.000,Elexon BMRS FUELHH
2025-02-11T03:30:00Z,Gas,4749.000,Elexon BMRS FUELHH
2025-02-11T03:30:00Z,Hydro,171.000,Elexon BMRS FUELHH
2025-02-11T03:30:00Z,Imports & Exports,5092.000,Elexon BMRS FUELHH
2025-02-11T03:30:00Z,Nuclear,4305.000,Elexon BMRS FUELHH
2025-02-11T03:30:00Z,Other,184.000,Elexon BMRS FUELHH
2025-02-11T03:30:00Z,Pumped Storage,-330.000,Elexon BMRS FUELHH
2025-02-11T03:30:00Z,Wind,10702.000,Elexon BMRS FUELHH
2025-02-11T04:00:00Z,Biomass,1310.000,Elexon BMRS FUELHH
2025-02-11T04:00:00Z,Coal,0.000,Elexon BMRS FUELHH
2025-02-11T04:00:00Z,Gas,4895.000,Elexon BMRS FUELHH
2025-02-11T04:00:00Z,Hydro,158.000,Elexon BMRS FUELHH
2025-02-11T04:00:00Z,Imports & Exports,4494.000,Elexon BMRS FUELHH
2025-02-11T04:00:00Z,Nuclear,4302.000,Elexon BMRS FUELHH
2025-02-11T04:00:00Z,Other,224.000,Elexon BMRS FUELHH
2025-02-11T04:00:00Z,Pumped Storage,-328.000,Elexon BMRS FUELHH
2025-02-11T04:00:00Z,Wind,10814.000,Elexon BMRS FUELHH
2025-02-11T04:30:00Z,Biomass,1310.000,Elexon BMRS FUELHH
2025-02-11T04:30:00Z,Coal,0.000,Elexon BMRS FUELHH
2025-02-11T04:30:00Z,Gas,5299.000,Elexon BMRS FUELHH
2025-02-11T04:30:00Z,Hydro,171.000,Elexon BMRS FUELHH
2025-02-11T04:30:00Z,Imports & Exports,4514.000,Elexon BMRS FUELHH
2025-02-11T04:30:00Z,Nuclear,4304.000,Elexon BMRS FUELHH
2025-02-11T04:30:00Z,Other,219.000,Elexon BMRS FUELHH
2025-02-11T04:30:00Z,Pumped Storage,-332.000,Elexon BMRS FUELHH
2025-02-11T04:30:00Z,Wind,10607.000,Elexon BMRS FUELHH
2025-02-11T05:00:00Z,Biomass,1582.000,Elexon BMRS FUELHH
2025-02-11T05:00:00Z,Coal,0.000,Elexon BMRS FUELHH
2025-02-11T05:00:00Z,Gas,6350.000,Elexon BMRS FUELHH
2025-02-11T05:00:00Z,Hydro,205.000,Elexon BMRS FUELHH
2025-02-11T05:00:00Z,Imports & Exports,3122.000,Elexon BMRS FUELHH
2025-02-11T05:00:00Z,Nuclear,4305.000,Elexon BMRS FUELHH
2025-02-11T05:00:00Z,Other,282.000,Elexon BMRS FUELHH
2025-02-11T05:00:00Z,Pumped Storage,-214.000,Elexon BMRS FUELHH
2025-02-11T05:00:00Z,Wind,10545.000,Elexon BMRS FUELHH
2025-02-11T05:30:00Z,Biomass,2067.000,Elexon BMRS FUELHH
2025-02-11T05:30:00Z,Coal,0.000,Elexon BMRS FUELHH
2025-02-11T05:30:00Z,Gas,7568.000,Elexon BMRS FUELHH
2025-02-11T05:30:00Z,Hydro,204.000,Elexon BMRS FUELHH
2025-02-11T05:30:00Z,Imports & Exports,3060.000,Elexon BMRS FUELHH
2025-02-11T05:30:00Z,Nuclear,4302.000,Elexon BMRS FUELHH
2025-02-11T05:30:00Z,Other,246.000,Elexon BMRS FUELHH
2025-02-11T05:30:00Z,Pumped Storage,-314.000,Elexon BMRS FUELHH
2025-02-11T05:30:00Z,Wind,10415.000,Elexon BMRS FUELHH
2025-02-11T06:00:00Z,Biomass,2362.000,Elexon BMRS FUELHH
2025-02-11T06:00:00Z,Coal,0.000,Elexon BMRS FUELHH
2025-02-11T06:00:00Z,Gas,10411.000,Elexon BMRS FUELHH
2025-02-11T06:00:00Z,Hydro,232.000,Elexon BMRS FUELHH
2025-02-11T06:00:00Z,Imports & Exports,2370.000,Elexon BMRS FUELHH
2025-02-11T06:00:00Z,Nuclear,4299.000,Elexon BMRS FUELHH
2025-02-11T06:00:00Z,Other,327.000,Elexon BMRS FUELHH
2025-02-11T06:00:00Z,Pumped Storage,20.000,Elexon BMRS FUELHH
2025-02-11T06:00:00Z,Wind,10174.000,Elexon BMRS FUELHH
2025-02-11T06:30:00Z,Biomass,2754.000,Elexon BMRS FUELHH
2025-02-11T06:30:00Z,Coal,0.000,Elexon BMRS FUELHH
2025-02-11T06:30:00Z,Gas,13487.000,Elexon BMRS FUELHH
2025-02-11T06:30:00Z,Hydro,256.000,Elexon BMRS FUELHH
2025-02-11T06:30:00Z,Imports & Exports,2010.000,Elexon BMRS FUELHH
2025-02-11T06:30:00Z,Nuclear,4299.000,Elexon BMRS FUELHH
2025-02-11T06:30:00Z,Other,313.000,Elexon BMRS FUELHH
2025-02-11T06:30:00Z,Pumped Storage,-148.000,Elexon BMRS FUELHH
2025-02-11T06:30:00Z,Wind,9974.000,Elexon BMRS FUELHH
2025-02-11T07:00:00Z,Biomass,3040.000,Elexon BMRS FUELHH
2025-02-11T07:00:00Z,Coal,0.000,Elexon BMRS FUELHH
2025-02-11T07:00:00Z,Gas,16685.000,Elexon BMRS FUELHH
2025-02-11T07:00:00Z,Hydro,326.000,Elexon BMRS FUELHH
2025-02-11T07:00:00Z,Imports & Exports,1702.000,Elexon BMRS FUELHH
2025-02-11T07:00:00Z,Nuclear,4302.000,Elexon BMRS FUELHH
2025-02-11T07:00:00Z,Other,316.000,Elexon BMRS FUELHH
2025-02-11T07:00:00Z,Pumped Storage,-176.000,Elexon BMRS FUELHH
2025-02-11T07:00:00Z,Wind,10029.000,Elexon BMRS FUELHH
2025-02-11T07:30:00Z,Biomass,3139.000,Elexon BMRS FUELHH
2025-02-11T07:30:00Z,Coal,0.000,Elexon BMRS FUELHH
2025-02-11T07:30:00Z,Gas,17587.000,Elexon BMRS FUELHH
2025-02-11T07:30:00Z,Hydro,331.000,Elexon BMRS FUELHH
2025-02-11T07:30:00Z,Imports & Exports,1594.000,Elexon BMRS FUELHH
2025-02-11T07:30:00Z,Nuclear,4297.000,Elexon BMRS FUELHH
2025-02-11T07:30:00Z,Other,460.000,Elexon BMRS FUELHH
2025-02-11T07:30:00Z,Pumped Storage,148.000,Elexon BMRS FUELHH
2025-02-11T07:30:00Z,Wind,10125.000,Elexon BMRS FUELHH
2025-02-11T08:00:00Z,Biomass,3145.000,Elexon BMRS FUELHH
2025-02-11T08:00:00Z,Coal,0.000,Elexon BMRS FUELHH
2025-02-11T08:00:00Z,Gas,18296.000,Elexon BMRS FUELHH
2025-02-11T08:00:00Z,Hydro,356.000,Elexon BMRS FUELHH
2025-02-11T08:00:00Z,Imports & Exports,2820.000,Elexon BMRS FUELHH
2025-02-11T08:00:00Z,Nuclear,4298.000,Elexon BMRS FUELHH
2025-02-11T08:00:00Z,Other,375.000,Elexon BMRS FUELHH
2025-02-11T08:00:00Z,Pumped Storage,254.000,Elexon BMRS FUELHH
2025-02-11T08:00:00Z,Wind,9973.000,Elexon BMRS FUELHH
2025-02-11T08:30:00Z,Biomass,3147.000,Elexon BMRS FUELHH
2025-02-11T08:30:00Z,Coal,0.000,Elexon BMRS FUELHH
2025-02-11T08:30:00Z,Gas,18718.000,Elexon BMRS FUELHH
2025-02-11T08:30:00Z,Hydro,368.000,Elexon BMRS FUELHH
2025-02-11T08:30:00Z,Imports & Exports,2872.000,Elexon BMRS FUELHH
2025-02-11T08:30:00Z,Nuclear,4301.000,Elexon BMRS FUELHH
2025-02-11T08:30:00Z,Other,520.000,Elexon BMRS FUELHH
2025-02-11T08:30:00Z,Pumped Storage,22.000,Elexon BMRS FUELHH
2025-02-11T08:30:00Z,Wind,9808.000,Elexon BMRS FUELHH
2025-02-11T09:00:00Z,Biomass,3150.000,Elexon BMRS FUELHH
2025-02-11T09:00:00Z,Coal,0.000,Elexon BMRS FUELHH
2025-02-11T09:00:00Z,Gas,19072.000,Elexon BMRS FUELHH
2025-02-11T09:00:00Z,Hydro,400.000,Elexon BMRS FUELHH
2025-02-11T09:00:00Z,Imports & Exports,2690.000,Elexon BMRS FUELHH
2025-02-11T09:00:00Z,Nuclear,4298.000,Elexon BMRS FUELHH
2025-02-11T09:00:00Z,Other,1058.000,Elexon BMRS FUELHH
2025-02-11T09:00:00Z,Pumped Storage,576.000,Elexon BMRS FUELHH
2025-02-11T09:00:00Z,Wind,9598.000,Elexon BMRS FUELHH
2025-02-11T09:30:00Z,Biomass,3169.000,Elexon BMRS FUELHH
2025-02-11T09:30:00Z,Coal,0.000,Elexon BMRS FUELHH
2025-02-11T09:30:00Z,Gas,19380.000,Elexon BMRS FUELHH
2025-02-11T09:30:00Z,Hydro,371.000,Elexon BMRS FUELHH
2025-02-11T09:30:00Z,Imports & Exports,3350.000,Elexon BMRS FUELHH
2025-02-11T09:30:00Z,Nuclear,4302.000,Elexon BMRS FUELHH
2025-02-11T09:30:00Z,Other,631.000,Elexon BMRS FUELHH
2025-02-11T09:30:00Z,Pumped Storage,614.000,Elexon BMRS FUELHH
2025-02-11T09:30:00Z,Wind,9924.000,Elexon BMRS FUELHH
2025-02-11T10:00:00Z,Biomass,3168.000,Elexon BMRS FUELHH
2025-02-11T10:00:00Z,Coal,0.000,Elexon BMRS FUELHH
2025-02-11T10:00:00Z,Gas,19162.000,Elexon BMRS FUELHH
2025-02-11T10:00:00Z,Hydro,337.000,Elexon BMRS FUELHH
2025-02-11T10:00:00Z,Imports & Exports,3556.000,Elexon BMRS FUELHH
2025-02-11T10:00:00Z,Nuclear,4305.000,Elexon BMRS FUELHH
2025-02-11T10:00:00Z,Other,468.000,Elexon BMRS FUELHH
2025-02-11T10:00:00Z,Pumped Storage,780.000,Elexon BMRS FUELHH
2025-02-11T10:00:00Z,Wind,10142.000,Elexon BMRS FUELHH
2025-02-11T10:30:00Z,Biomass,3169.000,Elexon BMRS FUELHH
2025-02-11T10:30:00Z,Coal,0.000,Elexon BMRS FUELHH
2025-02-11T10:30:00Z,Gas,19289.000,Elexon BMRS FUELHH
2025-02-11T10:30:00Z,Hydro,334.000,Elexon BMRS FUELHH
2025-02-11T10:30:00Z,Imports & Exports,3574.000,Elexon BMRS FUELHH
2025-02-11T10:30:00Z,Nuclear,4302.000,Elexon BMRS FUELHH
2025-02-11T10:30:00Z,Other,447.000,Elexon BMRS FUELHH
2025-02-11T10:30:00Z,Pumped Storage,804.000,Elexon BMRS FUELHH
2025-02-11T10:30:00Z,Wind,10009.000,Elexon BMRS FUELHH
2025-02-11T11:00:00Z,Biomass,3165.000,Elexon BMRS FUELHH
2025-02-11T11:00:00Z,Coal,0.000,Elexon BMRS FUELHH
2025-02-11T11:00:00Z,Gas,19296.000,Elexon BMRS FUELHH
2025-02-11T11:00:00Z,Hydro,338.000,Elexon BMRS FUELHH
2025-02-11T11:00:00Z,Imports & Exports,3738.000,Elexon BMRS FUELHH
2025-02-11T11:00:00Z,Nuclear,4301.000,Elexon BMRS FUELHH
2025-02-11T11:00:00Z,Other,464.000,Elexon BMRS FUELHH
2025-02-11T11:00:00Z,Pumped Storage,710.000,Elexon BMRS FUELHH
2025-02-11T11:00:00Z,Wind,10150.000,Elexon BMRS FUELHH
2025-02-11T11:30:00Z,Biomass,3166.000,Elexon BMRS FUELHH
2025-02-11T11:30:00Z,Coal,0.000,Elexon BMRS FUELHH
2025-02-11T11:30:00Z,Gas,19305.000,Elexon BMRS FUELHH
2025-02-11T11:30:00Z,Hydro,335.000,Elexon BMRS FUELHH
2025-02-11T11:30:00Z,Imports & Exports,3732.000,Elexon BMRS FUELHH
2025-02-11T11:30:00Z,Nuclear,4298.000,Elexon BMRS FUELHH
2025-02-11T11:30:00Z,Other,466.000,Elexon BMRS FUELHH
2025-02-11T11:30:00Z,Pumped Storage,446.000,Elexon BMRS FUELHH
2025-02-11T11:30:00Z,Wind,10214.000,Elexon BMRS FUELHH
2025-02-11T12:00:00Z,Biomass,3162.000,Elexon BMRS FUELHH
2025-02-11T12:00:00Z,Coal,0.000,Elexon BMRS FUELHH
2025-02-11T12:00:00Z,Gas,19401.000,Elexon BMRS FUELHH
2025-02-11T12:00:00Z,Hydro,344.000,Elexon BMRS FUELHH
2025-02-11T12:00:00Z,Imports & Exports,3670.000,Elexon BMRS FUELHH
2025-02-11T12:00:00Z,Nuclear,4297.000,Elexon BMRS FUELHH
2025-02-11T12:00:00Z,Other,425.000,Elexon BMRS FUELHH
2025-02-11T12:00:00Z,Pumped Storage,448.000,Elexon BMRS FUELHH
2025-02-11T12:00:00Z,Wind,10194.000,Elexon BMRS FUELHH
2025-02-11T12:30:00Z,Biomass,3181.000,Elexon BMRS FUELHH
2025-02-11T12:30:00Z,Coal,0.000,Elexon BMRS FUELHH
2025-02-11T12:30:00Z,Gas,19435.000,Elexon BMRS FUELHH
2025-02-11T12:30:00Z,Hydro,362.000,Elexon BMRS FUELHH
2025-02-11T12:30:00Z,Imports & Exports,3668.000,Elexon BMRS FUELHH
2025-02-11T12:30:00Z,Nuclear,4292.000,Elexon BMRS FUELHH
2025-02-11T12:30:00Z,Other,473.000,Elexon BMRS FUELHH
2025-02-11T12:30:00Z,Pumped Storage,466.000,Elexon BMRS FUELHH
2025-02-11T12:30:00Z,Wind,10073.000,Elexon BMRS FUELHH
2025-02-11T13:00:00Z,Biomass,3179.000,Elexon BMRS FUELHH
2025-02-11T13:00:00Z,Coal,0.000,Elexon BMRS FUELHH
2025-02-11T13:00:00Z,Gas,19349.000,Elexon BMRS FUELHH
2025-02-11T13:00:00Z,Hydro,362.000,Elexon BMRS FUELHH
2025-02-11T13:00:00Z,Imports & Exports,4114.000,Elexon BMRS FUELHH
2025-02-11T13:00:00Z,Nuclear,4294.000,Elexon BMRS FUELHH
2025-02-11T13:00:00Z,Other,388.000,Elexon BMRS FUELHH
2025-02-11T13:00:00Z,Pumped Storage,480.000,Elexon BMRS FUELHH
2025-02-11T13:00:00Z,Wind,9995.000,Elexon BMRS FUELHH
2025-02-11T13:30:00Z,Biomass,3176.000,Elexon BMRS FUELHH
2025-02-11T13:30:00Z,Coal,0.000,Elexon BMRS FUELHH
2025-02-11T13:30:00Z,Gas,19552.000,Elexon BMRS FUELHH
2025-02-11T13:30:00Z,Hydro,360.000,Elexon BMRS FUELHH
2025-02-11T13:30:00Z,Imports & Exports,4112.000,Elexon BMRS FUELHH
2025-02-11T13:30:00Z,Nuclear,4296.000,Elexon BMRS FUELHH
2025-02-11T13:30:00Z,Other,313.000,Elexon BMRS FUELHH
2025-02-11T13:30:00Z,Pumped Storage,464.000,Elexon BMRS FUELHH
2025-02-11T13:30:00Z,Wind,9895.000,Elexon BMRS FUELHH
2025-02-11T14:00:00Z,Biomass,3177.000,Elexon BMRS FUELHH
2025-02-11T14:00:00Z,Coal,0.000,Elexon BMRS FUELHH
2025-02-11T14:00:00Z,Gas,19894.000,Elexon BMRS FUELHH
2025-02-11T14:00:00Z,Hydro,355.000,Elexon BMRS FUELHH
2025-02-11T14:00:00Z,Imports & Exports,3222.000,Elexon BMRS FUELHH
2025-02-11T14:00:00Z,Nuclear,4294.000,Elexon BMRS FUELHH
2025-02-11T14:00:00Z,Other,480.000,Elexon BMRS FUELHH
2025-02-11T14:00:00Z,Pumped Storage,492.000,Elexon BMRS FUELHH
2025-02-11T14:00:00Z,Wind,9614.000,Elexon BMRS FUELHH
2025-02-11T14:30:00Z,Biomass,3171.000,Elexon BMRS FUELHH
2025-02-11T14:30:00Z,Coal,0.000,Elexon BMRS FUELHH
2025-02-11T14:30:00Z,Gas,19929.000,Elexon BMRS FUELHH
2025-02-11T14:30:00Z,Hydro,366.000,Elexon BMRS FUELHH
2025-02-11T14:30:00Z,Imports & Exports,3138.000,Elexon BMRS FUELHH
2025-02-11T14:30:00Z,Nuclear,4303.000,Elexon BMRS FUELHH
2025-02-11T14:30:00Z,Other,416.000,Elexon BMRS FUELHH
2025-02-11T14:30:00Z,Pumped Storage,448.000,Elexon BMRS FUELHH
2025-02-11T14:30:00Z,Wind,9898.000,Elexon BMRS FUELHH
2025-02-11T15:00:00Z,Biomass,3173.000,Elexon BMRS FUELHH
2025-02-11T15:00:00Z,Coal,0.000,Elexon BMRS FUELHH
2025-02-11T15:00:00Z,Gas,20029.000,Elexon BMRS FUELHH
2025-02-11T15:00:00Z,Hydro,403.000,Elexon BMRS FUELHH
2025-02-11T15:00:00Z,Imports & Exports,2980.000,Elexon BMRS FUELHH
2025-02-11T15:00:00Z,Nuclear,4304.000,Elexon BMRS FUELHH
2025-02-11T15:00:00Z,Other,341.000,Elexon BMRS FUELHH
2025-02-11T15:00:00Z,Pumped Storage,440.000,Elexon BMRS FUELHH
2025-02-11T15:00:00Z,Wind,10145.000,Elexon BMRS FUELHH
2025-02-11T15:30:00Z,Biomass,3181.000,Elexon BMRS FUELHH
2025-02-11T15:30:00Z,Coal,0.000,Elexon BMRS FUELHH
2025-02-11T15:30:00Z,Gas,20304.000,Elexon BMRS FUELHH
2025-02-11T15:30:00Z,Hydro,527.000,Elexon BMRS FUELHH
2025-02-11T15:30:00Z,Imports & Exports,3006.000,Elexon BMRS FUELHH
2025-02-11T15:30:00Z,Nuclear,4301.000,Elexon BMRS FUELHH
2025-02-11T15:30:00Z,Other,441.000,Elexon BMRS FUELHH
2025-02-11T15:30:00Z,Pumped Storage,404.000,Elexon BMRS FUELHH
2025-02-11T15:30:00Z,Wind,9989.000,Elexon BMRS FUELHH
2025-02-11T16:00:00Z,Biomass,3177.000,Elexon BMRS FUELHH
2025-02-11T16:00:00Z,Coal,0.000,Elexon BMRS FUELHH
2025-02-11T16:00:00Z,Gas,20603.000,Elexon BMRS FUELHH
2025-02-11T16:00:00Z,Hydro,555.000,Elexon BMRS FUELHH
2025-02-11T16:00:00Z,Imports & Exports,2480.000,Elexon BMRS FUELHH
2025-02-11T16:00:00Z,Nuclear,4306.000,Elexon BMRS FUELHH
2025-02-11T16:00:00Z,Other,740.000,Elexon BMRS FUELHH
2025-02-11T16:00:00Z,Pumped Storage,486.000,Elexon BMRS FUELHH
2025-02-11T16:00:00Z,Wind,10026.000,Elexon BMRS FUELHH
2025-02-11T16:30:00Z,Biomass,3189.000,Elexon BMRS FUELHH
2025-02-11T16:30:00Z,Coal,0.000,Elexon BMRS FUELHH
2025-02-11T16:30:00Z,Gas,20645.000,Elexon BMRS FUELHH
2025-02-11T16:30:00Z,Hydro,556.000,Elexon BMRS FUELHH
2025-02-11T16:30:00Z,Imports & Exports,2460.000,Elexon BMRS FUELHH
2025-02-11T16:30:00Z,Nuclear,4301.000,Elexon BMRS FUELHH
2025-02-11T16:30:00Z,Other,1152.000,Elexon BMRS FUELHH
2025-02-11T16:30:00Z,Pumped Storage,602.000,Elexon BMRS FUELHH
2025-02-11T16:30:00Z,Wind,10027.000,Elexon BMRS FUELHH
2025-02-11T17:00:00Z,Biomass,3181.000,Elexon BMRS FUELHH
2025-02-11T17:00:00Z,Coal,0.000,Elexon BMRS FUELHH
2025-02-11T17:00:00Z,Gas,20498.000,Elexon BMRS FUELHH
2025-02-11T17:00:00Z,Hydro,606.000,Elexon BMRS FUELHH
2025-02-11T17:00:00Z,Imports & Exports,2534.000,Elexon BMRS FUELHH
2025-02-11T17:00:00Z,Nuclear,4305.000,Elexon BMRS FUELHH
2025-02-11T17:00:00Z,Other,1762.000,Elexon BMRS FUELHH
2025-02-11T17:00:00Z,Pumped Storage,1066.000,Elexon BMRS FUELHH
2025-02-11T17:00:00Z,Wind,10212.000,Elexon BMRS FUELHH
2025-02-11T17:30:00Z,Biomass,3184.000,Elexon BMRS FUELHH
2025-02-11T17:30:00Z,Coal,0.000,Elexon BMRS FUELHH
2025-02-11T17:30:00Z,Gas,20399.000,Elexon BMRS FUELHH
2025-02-11T17:30:00Z,Hydro,591.000,Elexon BMRS FUELHH
2025-02-11T17:30:00Z,Imports & Exports,2484.000,Elexon BMRS FUELHH
2025-02-11T17:30:00Z,Nuclear,4310.000,Elexon BMRS FUELHH
2025-02-11T17:30:00Z,Other,1739.000,Elexon BMRS FUELHH
2025-02-11T17:30:00Z,Pumped Storage,1364.000,Elexon BMRS FUELHH
2025-02-11T17:30:00Z,Wind,10107.000,Elexon BMRS FUELHH
2025-02-11T18:00:00Z,Biomass,3178.000,Elexon BMRS FUELHH
2025-02-11T18:00:00Z,Coal,0.000,Elexon BMRS FUELHH
2025-02-11T18:00:00Z,Gas,20272.000,Elexon BMRS FUELHH
2025-02-11T18:00:00Z,Hydro,618.000,Elexon BMRS FUELHH
2025-02-11T18:00:00Z,Imports & Exports,2518.000,Elexon BMRS FUELHH
2025-02-11T18:00:00Z,Nuclear,4310.000,Elexon BMRS FUELHH
2025-02-11T18:00:00Z,Other,1668.000,Elexon BMRS FUELHH
2025-02-11T18:00:00Z,Pumped Storage,1282.000,Elexon BMRS FUELHH
2025-02-11T18:00:00Z,Wind,9937.000,Elexon BMRS FUELHH
2025-02-11T18:30:00Z,Biomass,3187.000,Elexon BMRS FUELHH
2025-02-11T18:30:00Z,Coal,0.000,Elexon BMRS FUELHH
2025-02-11T18:30:00Z,Gas,20348.000,Elexon BMRS FUELHH
2025-02-11T18:30:00Z,Hydro,602.000,Elexon BMRS FUELHH
2025-02-11T18:30:00Z,Imports & Exports,2686.000,Elexon BMRS FUELHH
2025-02-11T18:30:00Z,Nuclear,4312.000,Elexon BMRS FUELHH
2025-02-11T18:30:00Z,Other,1316.000,Elexon BMRS FUELHH
2025-02-11T18:30:00Z,Pumped Storage,1220.000,Elexon BMRS FUELHH
2025-02-11T18:30:00Z,Wind,9691.000,Elexon BMRS FUELHH
2025-02-11T19:00:00Z,Biomass,3187.000,Elexon BMRS FUELHH
2025-02-11T19:00:00Z,Coal,0.000,Elexon BMRS FUELHH
2025-02-11T19:00:00Z,Gas,20273.000,Elexon BMRS FUELHH
2025-02-11T19:00:00Z,Hydro,542.000,Elexon BMRS FUELHH
2025-02-11T19:00:00Z,Imports & Exports,3022.000,Elexon BMRS FUELHH
2025-02-11T19:00:00Z,Nuclear,4316.000,Elexon BMRS FUELHH
2025-02-11T19:00:00Z,Other,1089.000,Elexon BMRS FUELHH
2025-02-11T19:00:00Z,Pumped Storage,660.000,Elexon BMRS FUELHH
2025-02-11T19:00:00Z,Wind,9729.000,Elexon BMRS FUELHH
2025-02-11T19:30:00Z,Biomass,3189.000,Elexon BMRS FUELHH
2025-02-11T19:30:00Z,Coal,0.000,Elexon BMRS FUELHH
2025-02-11T19:30:00Z,Gas,19720.000,Elexon BMRS FUELHH
2025-02-11T19:30:00Z,Hydro,545.000,Elexon BMRS FUELHH
2025-02-11T19:30:00Z,Imports & Exports,3198.000,Elexon BMRS FUELHH
2025-02-11T19:30:00Z,Nuclear,4310.000,Elexon BMRS FUELHH
2025-02-11T19:30:00Z,Other,789.000,Elexon BMRS FUELHH
2025-02-11T19:30:00Z,Pumped Storage,406.000,Elexon BMRS FUELHH
2025-02-11T19:30:00Z,Wind,9648.000,Elexon BMRS FUELHH
2025-02-11T20:00:00Z,Biomass,3158.000,Elexon BMRS FUELHH
2025-02-11T20:00:00Z,Coal,0.000,Elexon BMRS FUELHH
2025-02-11T20:00:00Z,Gas,19227.000,Elexon BMRS FUELHH
2025-02-11T20:00:00Z,Hydro,535.000,Elexon BMRS FUELHH
2025-02-11T20:00:00Z,Imports & Exports,3272.000,Elexon BMRS FUELHH
2025-02-11T20:00:00Z,Nuclear,4309.000,Elexon BMRS FUELHH
2025-02-11T20:00:00Z,Other,426.000,Elexon BMRS FUELHH
2025-02-11T20:00:00Z,Pumped Storage,352.000,Elexon BMRS FUELHH
2025-02-11T20:00:00Z,Wind,9145.000,Elexon BMRS FUELHH
2025-02-11T20:30:00Z,Biomass,3184.000,Elexon BMRS FUELHH
2025-02-11T20:30:00Z,Coal,0.000,Elexon BMRS FUELHH
2025-02-11T20:30:00Z,Gas,18198.000,Elexon BMRS FUELHH
2025-02-11T20:30:00Z,Hydro,505.000,Elexon BMRS FUELHH
2025-02-11T20:30:00Z,Imports & Exports,3390.000,Elexon BMRS FUELHH
2025-02-11T20:30:00Z,Nuclear,4307.000,Elexon BMRS FUELHH
2025-02-11T20:30:00Z,Other,298.000,Elexon BMRS FUELHH
2025-02-11T20:30:00Z,Pumped Storage,-18.000,Elexon BMRS FUELHH
2025-02-11T20:30:00Z,Wind,8657.000,Elexon BMRS FUELHH
2025-02-11T21:00:00Z,Biomass,3170.000,Elexon BMRS FUELHH
2025-02-11T21:00:00Z,Coal,0.000,Elexon BMRS FUELHH
2025-02-11T21:00:00Z,Gas,15938.000,Elexon BMRS FUELHH
2025-02-11T21:00:00Z,Hydro,379.000,Elexon BMRS FUELHH
2025-02-11T21:00:00Z,Imports & Exports,3970.000,Elexon BMRS FUELHH
2025-02-11T21:00:00Z,Nuclear,4305.000,Elexon BMRS FUELHH
2025-02-11T21:00:00Z,Other,327.000,Elexon BMRS FUELHH
2025-02-11T21:00:00Z,Pumped Storage,-18.000,Elexon BMRS FUELHH
2025-02-11T21:00:00Z,Wind,8261.000,Elexon BMRS FUELHH
2025-02-11T21:30:00Z,Biomass,3138.000,Elexon BMRS FUELHH
2025-02-11T21:30:00Z,Coal,0.000,Elexon BMRS FUELHH
2025-02-11T21:30:00Z,Gas,13911.000,Elexon BMRS FUELHH
2025-02-11T21:30:00Z,Hydro,368.000,Elexon BMRS FUELHH
2025-02-11T21:30:00Z,Imports & Exports,3980.000,Elexon BMRS FUELHH
2025-02-11T21:30:00Z,Nuclear,4310.000,Elexon BMRS FUELHH
2025-02-11T21:30:00Z,Other,498.000,Elexon BMRS FUELHH
2025-02-11T21:30:00Z,Pumped Storage,142.000,Elexon BMRS FUELHH
2025-02-11T21:30:00Z,Wind,8128.000,Elexon BMRS FUELHH
2025-02-11T22:00:00Z,Biomass,2859.000,Elexon BMRS FUELHH
2025-02-11T22:00:00Z,Coal,0.000,Elexon BMRS FUELHH
2025-02-11T22:00:00Z,Gas,12196.000,Elexon BMRS FUELHH
2025-02-11T22:00:00Z,Hydro,258.000,Elexon BMRS FUELHH
2025-02-11T22:00:00Z,Imports & Exports,4264.000,Elexon BMRS FUELHH
2025-02-11T22:00:00Z,Nuclear,4309.000,Elexon BMRS FUELHH
2025-02-11T22:00:00Z,Other,359.000,Elexon BMRS FUELHH
2025-02-11T22:00:00Z,Pumped Storage,168.000,Elexon BMRS FUELHH
2025-02-11T22:00:00Z,Wind,8317.000,Elexon BMRS FUELHH
2025-02-11T22:30:00Z,Biomass,2247.000,Elexon BMRS FUELHH
2025-02-11T22:30:00Z,Coal,0.000,Elexon BMRS FUELHH
2025-02-11T22:30:00Z,Gas,10993.000,Elexon BMRS FUELHH
2025-02-11T22:30:00Z,Hydro,254.000,Elexon BMRS FUELHH
2025-02-11T22:30:00Z,Imports & Exports,4396.000,Elexon BMRS FUELHH
2025-02-11T22:30:00Z,Nuclear,4305.000,Elexon BMRS FUELHH
2025-02-11T22:30:00Z,Other,331.000,Elexon BMRS FUELHH
2025-02-11T22:30:00Z,Pumped Storage,236.000,Elexon BMRS FUELHH
2025-02-11T22:30:00Z,Wind,8000.000,Elexon BMRS FUELHH
2025-02-11T23:00:00Z,Biomass,1653.000,Elexon BMRS FUELHH
2025-02-11T23:00:00Z,Coal,0.000,Elexon BMRS FUELHH
2025-02-11T23:00:00Z,Gas,9399.000,Elexon BMRS FUELHH
2025-02-11T23:00:00Z,Hydro,243.000,Elexon BMRS FUELHH
2025-02-11T23:00:00Z,Imports & Exports,6064.000,Elexon BMRS FUELHH
2025-02-11T23:00:00Z,Nuclear,4307.000,Elexon BMRS FUELHH
2025-02-11T23:00:00Z,Other,182.000,Elexon BMRS FUELHH
2025-02-11T23:00:00Z,Pumped Storage,-254.000,Elexon BMRS FUELHH
2025-02-11T23:00:00Z,Wind,7901.000,Elexon BMRS FUELHH
2025-02-11T23:30:00Z,Biomass,1332.000,Elexon BMRS FUELHH
2025-02-11T23:30:00Z,Coal,0.000,Elexon BMRS FUELHH
2025-02-11T23:30:00Z,Gas,8481.000,Elexon BMRS FUELHH
2025-02-11T23:30:00Z,Hydro,225.000,Elexon BMRS FUELHH
2025-02-11T23:30:00Z,Imports & Exports,6250.000,Elexon BMRS FUELHH
2025-02-11T23:30:00Z,Nuclear,4307.000,Elexon BMRS FUELHH
2025-02-11T23:30:00Z,Other,224.000,Elexon BMRS FUELHH
2025-02-11T23:30:00Z,Pumped Storage,-390.000,Elexon BMRS FUELHH
2025-02-11T23:30:00Z,Wind,8164.000,Elexon BMRS FUELHH
2025-02-12T00:00:00Z,Biomass,1337.000,Elexon BMRS FUELHH
2025-02-12T00:00:00Z,Coal,0.000,Elexon BMRS FUELHH
2025-02-12T00:00:00Z,Gas,7944.000,Elexon BMRS FUELHH
2025-02-12T00:00:00Z,Hydro,223.000,Elexon BMRS FUELHH
2025-02-12T00:00:00Z,Imports & Exports,6816.000,Elexon BMRS FUELHH
2025-02-12T00:00:00Z,Nuclear,4307.000,Elexon BMRS FUELHH
2025-02-12T00:00:00Z,Other,172.000,Elexon BMRS FUELHH
2025-02-12T00:00:00Z,Pumped Storage,-604.000,Elexon BMRS FUELHH
2025-02-12T00:00:00Z,Wind,8318.000,Elexon BMRS FUELHH
2025-02-12T00:30:00Z,Biomass,1337.000,Elexon BMRS FUELHH
2025-02-12T00:30:00Z,Coal,0.000,Elexon BMRS FUELHH
2025-02-12T00:30:00Z,Gas,8191.000,Elexon BMRS FUELHH
2025-02-12T00:30:00Z,Hydro,221.000,Elexon BMRS FUELHH
2025-02-12T00:30:00Z,Imports & Exports,7030.000,Elexon BMRS FUELHH
2025-02-12T00:30:00Z,Nuclear,4310.000,Elexon BMRS FUELHH
2025-02-12T00:30:00Z,Other,303.000,Elexon BMRS FUELHH
2025-02-12T00:30:00Z,Pumped Storage,-798.000,Elexon BMRS FUELHH
2025-02-12T00:30:00Z,Wind,8458.000,Elexon BMRS FUELHH
2025-02-12T01:00:00Z,Biomass,1337.000,Elexon BMRS FUELHH
2025-02-12T01:00:00Z,Coal,0.000,Elexon BMRS FUELHH
2025-02-12T01:00:00Z,Gas,8057.000,Elexon BMRS FUELHH
2025-02-12T01:00:00Z,Hydro,178.000,Elexon BMRS FUELHH
2025-02-12T01:00:00Z,Imports & Exports,7620.000,Elexon BMRS FUELHH
2025-02-12T01:00:00Z,Nuclear,4313.000,Elexon BMRS FUELHH
2025-02-12T01:00:00Z,Other,212.000,Elexon BMRS FUELHH
2025-02-12T01:00:00Z,Pumped Storage,-1756.000,Elexon BMRS FUELHH
2025-02-12T01:00:00Z,Wind,8728.000,Elexon BMRS FUELHH
2025-02-12T01:30:00Z,Biomass,1334.000,Elexon BMRS FUELHH
2025-02-12T01:30:00Z,Coal,0.000,Elexon BMRS FUELHH
2025-02-12T01:30:00Z,Gas,7590.000,Elexon BMRS FUELHH
2025-02-12T01:30:00Z,Hydro,172.000,Elexon BMRS FUELHH
2025-02-12T01:30:00Z,Imports & Exports,7638.000,Elexon BMRS FUELHH
2025-02-12T01:30:00Z,Nuclear,4312.000,Elexon BMRS FUELHH
2025-02-12T01:30:00Z,Other,214.000,Elexon BMRS FUELHH
2025-02-12T01:30:00Z,Pumped Storage,-1810.000,Elexon BMRS FUELHH
2025-02-12T01:30:00Z,Wind,8332.000,Elexon BMRS FUELHH
2025-02-12T02:00:00Z,Biomass,1337.000,Elexon BMRS FUELHH
2025-02-12T02:00:00Z,Coal,0.000,Elexon BMRS FUELHH
2025-02-12T02:00:00Z,Gas,7176.000,Elexon BMRS FUELHH
2025-02-12T02:00:00Z,Hydro,172.000,Elexon BMRS FUELHH
2025-02-12T02:00:00Z,Imports & Exports,8070.000,Elexon BMRS FUELHH
2025-02-12T02:00:00Z,Nuclear,4316.000,Elexon BMRS FUELHH
2025-02-12T02:00:00Z,Other,195.000,Elexon BMRS FUELHH
2025-02-12T02:00:00Z,Pumped Storage,-1928.000,Elexon BMRS FUELHH
2025-02-12T02:00:00Z,Wind,8231.000,Elexon BMRS FUELHH
2025-02-12T02:30:00Z,Biomass,1338.000,Elexon BMRS FUELHH
2025-02-12T02:30:00Z,Coal,0.000,Elexon BMRS FUELHH
2025-02-12T02:30:00Z,Gas,7079.000,Elexon BMRS FUELHH
2025-02-12T02:30:00Z,Hydro,172.000,Elexon BMRS FUELHH
2025-02-12T02:30:00Z,Imports & Exports,8056.000,Elexon BMRS FUELHH
2025-02-12T02:30:00Z,Nuclear,4313.000,Elexon BMRS FUELHH
2025-02-12T02:30:00Z,Other,195.000,Elexon BMRS FUELHH
2025-02-12T02:30:00Z,Pumped Storage,-1948.000,Elexon BMRS FUELHH
2025-02-12T02:30:00Z,Wind,8038.000,Elexon BMRS FUELHH
2025-02-12T03:00:00Z,Biomass,1326.000,Elexon BMRS FUELHH
2025-02-12T03:00:00Z,Coal,0.000,Elexon BMRS FUELHH
2025-02-12T03:00:00Z,Gas,7073.000,Elexon BMRS FUELHH
2025-02-12T03:00:00Z,Hydro,172.000,Elexon BMRS FUELHH
2025-02-12T03:00:00Z,Imports & Exports,7652.000,Elexon BMRS FUELHH
2025-02-12T03:00:00Z,Nuclear,4319.000,Elexon BMRS FUELHH
2025-02-12T03:00:00Z,Other,263.000,Elexon BMRS FUELHH
2025-02-12T03:00:00Z,Pumped Storage,-1840.000,Elexon BMRS FUELHH
2025-02-12T03:00:00Z,Wind,7616.000,Elexon BMRS FUELHH
2025-02-12T03:30:00Z,Biomass,1322.000,Elexon BMRS FUELHH
2025-02-12T03:30:00Z,Coal,0.000,Elexon BMRS FUELHH
2025-02-12T03:30:00Z,Gas,7048.000,Elexon BMRS FUELHH
2025-02-12T03:30:00Z,Hydro,172.000,Elexon BMRS FUELHH
2025-02-12T03:30:00Z,Imports & Exports,7590.000,Elexon BMRS FUELHH
2025-02-12T03:30:00Z,Nuclear,4317.000,Elexon BMRS FUELHH
2025-02-12T03:30:00Z,Other,191.000,Elexon BMRS FUELHH
2025-02-12T03:30:00Z,Pumped Storage,-1884.000,Elexon BMRS FUELHH
2025-02-12T03:30:00Z,Wind,7541.000,Elexon BMRS FUELHH
2025-02-12T04:00:00Z,Biomass,1324.000,Elexon BMRS FUELHH
2025-02-12T04:00:00Z,Coal,0.000,Elexon BMRS FUELHH
2025-02-12T04:00:00Z,Gas,7584.000,Elexon BMRS FUELHH
2025-02-12T04:00:00Z,Hydro,171.000,Elexon BMRS FUELHH
2025-02-12T04:00:00Z,Imports & Exports,6152.000,Elexon BMRS FUELHH
2025-02-12T04:00:00Z,Nuclear,4316.000,Elexon BMRS FUELHH
2025-02-12T04:00:00Z,Other,250.000,Elexon BMRS FUELHH
2025-02-12T04:00:00Z,Pumped Storage,-1690.000,Elexon BMRS FUELHH
2025-02-12T04:00:00Z,Wind,7622.000,Elexon BMRS FUELHH
2025-02-12T04:30:00Z,Biomass,1311.000,Elexon BMRS FUELHH
2025-02-12T04:30:00Z,Coal,0.000,Elexon BMRS FUELHH
2025-02-12T04:30:00Z,Gas,7840.000,Elexon BMRS FUELHH
2025-02-12T04:30:00Z,Hydro,175.000,Elexon BMRS FUELHH
2025-02-12T04:30:00Z,Imports & Exports,5950.000,Elexon BMRS FUELHH
2025-02-12T04:30:00Z,Nuclear,4312.000,Elexon BMRS FUELHH
2025-02-12T04:30:00Z,Other,215.000,Elexon BMRS FUELHH
2025-02-12T04:30:00Z,Pumped Storage,-1578.000,Elexon BMRS FUELHH
2025-02-12T04:30:00Z,Wind,7631.000,Elexon BMRS FUELHH
2025-02-12T05:00:00Z,Biomass,1583.000,Elexon BMRS FUELHH
2025-02-12T05:00:00Z,Coal,0.000,Elexon BMRS FUELHH
2025-02-12T05:00:00Z,Gas,9718.000,Elexon BMRS FUELHH
2025-02-12T05:00:00Z,Hydro,195.000,Elexon BMRS FUELHH
2025-02-12T05:00:00Z,Imports & Exports,2802.000,Elexon BMRS FUELHH
2025-02-12T05:00:00Z,Nuclear,4314.000,Elexon BMRS FUELHH
2025-02-12T05:00:00Z,Other,260.000,Elexon BMRS FUELHH
2025-02-12T05:00:00Z,Pumped Storage,-156.000,Elexon BMRS FUELHH
2025-02-12T05:00:00Z,Wind,7525.000,Elexon BMRS FUELHH
2025-02-12T05:30:00Z,Biomass,1847.000,Elexon BMRS FUELHH
2025-02-12T05:30:00Z,Coal,0.000,Elexon BMRS FUELHH
2025-02-12T05:30:00Z,Gas,11192.000,Elexon BMRS FUELHH
2025-02-12T05:30:00Z,Hydro,193.000,Elexon BMRS FUELHH
2025-02-12T05:30:00Z,Imports & Exports,2626.000,Elexon BMRS FUELHH
2025-02-12T05:30:00Z,Nuclear,4314.000,Elexon BMRS FUELHH
2025-02-12T05:30:00Z,Other,216.000,Elexon BMRS FUELHH
2025-02-12T05:30:00Z,Pumped Storage,-112.000,Elexon BMRS FUELHH
2025-02-12T05:30:00Z,Wind,7516.000,Elexon BMRS FUELHH
2025-02-12T06:00:00Z,Biomass,1855.000,Elexon BMRS FUELHH
2025-02-12T06:00:00Z,Coal,0.000,Elexon BMRS FUELHH
2025-02-12T06:00:00Z,Gas,14676.000,Elexon BMRS FUELHH
2025-02-12T06:00:00Z,Hydro,225.000,Elexon BMRS FUELHH
2025-02-12T06:00:00Z,Imports & Exports,1828.000,Elexon BMRS FUELHH
2025-02-12T06:00:00Z,Nuclear,4311.000,Elexon BMRS FUELHH
2025-02-12T06:00:00Z,Other,210.000,Elexon BMRS FUELHH
2025-02-12T06:00:00Z,Pumped Storage,-30.000,Elexon BMRS FUELHH
2025-02-12T06:00:00Z,Wind,7390.000,Elexon BMRS FUELHH
2025-02-12T06:30:00Z,Biomass,2243.000,Elexon BMRS FUELHH
2025-02-12T06:30:00Z,Coal,0.000,Elexon BMRS FUELHH
2025-02-12T06:30:00Z,Gas,17235.000,Elexon BMRS FUELHH
2025-02-12T06:30:00Z,Hydro,260.000,Elexon BMRS FUELHH
2025-02-12T06:30:00Z,Imports & Exports,1790.000,Elexon BMRS FUELHH
2025-02-12T06:30:00Z,Nuclear,4313.000,Elexon BMRS FUELHH
2025-02-12T06:30:00Z,Other,288.000,Elexon BMRS FUELHH
2025-02-12T06:30:00Z,Pumped Storage,-76.000,Elexon BMRS FUELHH
2025-02-12T06:30:00Z,Wind,7164.000,Elexon BMRS FUELHH
2025-02-12T07:00:00Z,Biomass,2737.000,Elexon BMRS FUELHH
2025-02-12T07:00:00Z,Coal,0.000,Elexon BMRS FUELHH
2025-02-12T07:00:00Z,Gas,19519.000,Elexon BMRS FUELHH
2025-02-12T07:00:00Z,Hydro,370.000,Elexon BMRS FUELHH
2025-02-12T07:00:00Z,Imports & Exports,1946.000,Elexon BMRS FUELHH
2025-02-12T07:00:00Z,Nuclear,4314.000,Elexon BMRS FUELHH
2025-02-12T07:00:00Z,Other,362.000,Elexon BMRS FUELHH
2025-02-12T07:00:00Z,Pumped Storage,-30.000,Elexon BMRS FUELHH
2025-02-12T07:00:00Z,Wind,7081.000,Elexon BMRS FUELHH
2025-02-12T07:30:00Z,Biomass,3000.000,Elexon BMRS FUELHH
2025-02-12T07:30:00Z,Coal,0.000,Elexon BMRS FUELHH
2025-02-12T07:30:00Z,Gas,20437.000,Elexon BMRS FUELHH
2025-02-12T07:30:00Z,Hydro,383.000,Elexon BMRS FUELHH
2025-02-12T07:30:00Z,Imports & Exports,1864.000,Elexon BMRS FUELHH
2025-02-12T07:30:00Z,Nuclear,4309.000,Elexon BMRS FUELHH
2025-02-12T07:30:00Z,Other,752.000,Elexon BMRS FUELHH
2025-02-12T07:30:00Z,Pumped Storage,-30.000,Elexon BMRS FUELHH
2025-02-12T07:30:00Z,Wind,6784.000,Elexon BMRS FUELHH
2025-02-12T08:00:00Z,Biomass,3047.000,Elexon BMRS FUELHH
2025-02-12T08:00:00Z,Coal,0.000,Elexon BMRS FUELHH
2025-02-12T08:00:00Z,Gas,20996.000,Elexon BMRS FUELHH
2025-02-12T08:00:00Z,Hydro,384.000,Elexon BMRS FUELHH
2025-02-12T08:00:00Z,Imports & Exports,3166.000,Elexon BMRS FUELHH
2025-02-12T08:00:00Z,Nuclear,4307.000,Elexon BMRS FUELHH
2025-02-12T08:00:00Z,Other,577.000,Elexon BMRS FUELHH
2025-02-12T08:00:00Z,Pumped Storage,-24.000,Elexon BMRS FUELHH
2025-02-12T08:00:00Z,Wind,6589.000,Elexon BMRS FUELHH
2025-02-12T08:30:00Z,Biomass,3053.000,Elexon BMRS FUELHH
2025-02-12T08:30:00Z,Coal,0.000,Elexon BMRS FUELHH
2025-02-12T08:30:00Z,Gas,21182.000,Elexon BMRS FUELHH
2025-02-12T08:30:00Z,Hydro,384.000,Elexon BMRS FUELHH
2025-02-12T08:30:00Z,Imports & Exports,3160.000,Elexon BMRS FUELHH
2025-02-12T08:30:00Z,Nuclear,4309.000,Elexon BMRS FUELHH
2025-02-12T08:30:00Z,Other,697.000,Elexon BMRS FUELHH
2025-02-12T08:30:00Z,Pumped Storage,98.000,Elexon BMRS FUELHH
2025-02-12T08:30:00Z,Wind,6778.000,Elexon BMRS FUELHH
2025-02-12T09:00:00Z,Biomass,3055.000,Elexon BMRS FUELHH
2025-02-12T09:00:00Z,Coal,0.000,Elexon BMRS FUELHH
2025-02-12T09:00:00Z,Gas,21521.000,Elexon BMRS FUELHH
2025-02-12T09:00:00Z,Hydro,397.000,Elexon BMRS FUELHH
2025-02-12T09:00:00Z,Imports & Exports,4278.000,Elexon BMRS FUELHH
2025-02-12T09:00:00Z,Nuclear,4307.000,Elexon BMRS FUELHH
2025-02-12T09:00:00Z,Other,625.000,Elexon BMRS FUELHH
2025-02-12T09:00:00Z,Pumped Storage,240.000,Elexon BMRS FUELHH
2025-02-12T09:00:00Z,Wind,6608.000,Elexon BMRS FUELHH
2025-02-12T09:30:00Z,Biomass,3044.000,Elexon BMRS FUELHH
2025-02-12T09:30:00Z,Coal,0.000,Elexon BMRS FUELHH
2025-02-12T09:30:00Z,Gas,21906.000,Elexon BMRS FUELHH
2025-02-12T09:30:00Z,Hydro,476.000,Elexon BMRS FUELHH
2025-02-12T09:30:00Z,Imports & Exports,4140.000,Elexon BMRS FUELHH
2025-02-12T09:30:00Z,Nuclear,4308.000,Elexon BMRS FUELHH
2025-02-12T09:30:00Z,Other,779.000,Elexon BMRS FUELHH
2025-02-12T09:30:00Z,Pumped Storage,50.000,Elexon BMRS FUELHH
2025-02-12T09:30:00Z,Wind,6289.000,Elexon BMRS FUELHH
2025-02-12T10:00:00Z,Biomass,3029.000,Elexon BMRS FUELHH
2025-02-12T10:00:00Z,Coal,0.000,Elexon BMRS FUELHH
2025-02-12T10:00:00Z,Gas,21918.000,Elexon BMRS FUELHH
2025-02-12T10:00:00Z,Hydro,427.000,Elexon BMRS FUELHH
2025-02-12T10:00:00Z,Imports & Exports,4162.000,Elexon BMRS FUELHH
2025-02-12T10:00:00Z,Nuclear,4311.000,Elexon BMRS FUELHH
2025-02-12T10:00:00Z,Other,684.000,Elexon BMRS FUELHH
2025-02-12T10:00:00Z,Pumped Storage,-20.000,Elexon BMRS FUELHH
2025-02-12T10:00:00Z,Wind,6362.000,Elexon BMRS FUELHH
2025-02-12T10:30:00Z,Biomass,3027.000,Elexon BMRS FUELHH
2025-02-12T10:30:00Z,Coal,0.000,Elexon BMRS FUELHH
2025-02-12T10:30:00Z,Gas,21870.000,Elexon BMRS FUELHH
2025-02-12T10:30:00Z,Hydro,410.000,Elexon BMRS FUELHH
2025-02-12T10:30:00Z,Imports & Exports,4128.000,Elexon BMRS FUELHH
2025-02-12T10:30:00Z,Nuclear,4303.000,Elexon BMRS FUELHH
2025-02-12T10:30:00Z,Other,534.000,Elexon BMRS FUELHH
2025-02-12T10:30:00Z,Pumped Storage,100.000,Elexon BMRS FUELHH
2025-02-12T10:30:00Z,Wind,6312.000,Elexon BMRS FUELHH
2025-02-12T11:00:00Z,Biomass,3013.000,Elexon BMRS FUELHH
2025-02-12T11:00:00Z,Coal,0.000,Elexon BMRS FUELHH
2025-02-12T11:00:00Z,Gas,21561.000,Elexon BMRS FUELHH
2025-02-12T11:00:00Z,Hydro,380.000,Elexon BMRS FUELHH
2025-02-12T11:00:00Z,Imports & Exports,4906.000,Elexon BMRS FUELHH
2025-02-12T11:00:00Z,Nuclear,4308.000,Elexon BMRS FUELHH
2025-02-12T11:00:00Z,Other,384.000,Elexon BMRS FUELHH
2025-02-12T11:00:00Z,Pumped Storage,220.000,Elexon BMRS FUELHH
2025-02-12T11:00:00Z,Wind,6179.000,Elexon BMRS FUELHH
2025-02-12T11:30:00Z,Biomass,3006.000,Elexon BMRS FUELHH
2025-02-12T11:30:00Z,Coal,0.000,Elexon BMRS FUELHH
2025-02-12T11:30:00Z,Gas,21551.000,Elexon BMRS FUELHH
2025-02-12T11:30:00Z,Hydro,440.000,Elexon BMRS FUELHH
2025-02-12T11:30:00Z,Imports & Exports,4928.000,Elexon BMRS FUELHH
2025-02-12T11:30:00Z,Nuclear,4304.000,Elexon BMRS FUELHH
2025-02-12T11:30:00Z,Other,398.000,Elexon BMRS FUELHH
2025-02-12T11:30:00Z,Pumped Storage,-18.000,Elexon BMRS FUELHH
2025-02-12T11:30:00Z,Wind,6071.000,Elexon BMRS FUELHH
2025-02-12T12:00:00Z,Biomass,3016.000,Elexon BMRS FUELHH
2025-02-12T12:00:00Z,Coal,0.000,Elexon BMRS FUELHH
2025-02-12T12:00:00Z,Gas,21622.000,Elexon BMRS FUELHH
2025-02-12T12:00:00Z,Hydro,383.000,Elexon BMRS FUELHH
2025-02-12T12:00:00Z,Imports & Exports,5684.000,Elexon BMRS FUELHH
2025-02-12T12:00:00Z,Nuclear,4304.000,Elexon BMRS FUELHH
2025-02-12T12:00:00Z,Other,239.000,Elexon BMRS FUELHH
2025-02-12T12:00:00Z,Pumped Storage,-18.000,Elexon BMRS FUELHH
2025-02-12T12:00:00Z,Wind,6106.000,Elexon BMRS FUELHH
2025-02-12T12:30:00Z,Biomass,3030.000,Elexon BMRS FUELHH
2025-02-12T12:30:00Z,Coal,0.000,Elexon BMRS FUELHH
2025-02-12T12:30:00Z,Gas,21713.000,Elexon BMRS FUELHH
2025-02-12T12:30:00Z,Hydro,324.000,Elexon BMRS FUELHH
2025-02-12T12:30:00Z,Imports & Exports,5672.000,Elexon BMRS FUELHH
2025-02-12T12:30:00Z,Nuclear,4307.000,Elexon BMRS FUELHH
2025-02-12T12:30:00Z,Other,204.000,Elexon BMRS FUELHH
2025-02-12T12:30:00Z,Pumped Storage,-14.000,Elexon BMRS FUELHH
2025-02-12T12:30:00Z,Wind,6331.000,Elexon BMRS FUELHH
2025-02-12T13:00:00Z,Biomass,3043.000,Elexon BMRS FUELHH
2025-02-12T13:00:00Z,Coal,0.000,Elexon BMRS FUELHH
2025-02-12T13:00:00Z,Gas,21836.000,Elexon BMRS FUELHH
2025-02-12T13:00:00Z,Hydro,324.000,Elexon BMRS FUELHH
2025-02-12T13:00:00Z,Imports & Exports,4864.000,Elexon BMRS FUELHH
2025-02-12T13:00:00Z,Nuclear,4300.000,Elexon BMRS FUELHH
2025-02-12T13:00:00Z,Other,412.000,Elexon BMRS FUELHH
2025-02-12T13:00:00Z,Pumped Storage,34.000,Elexon BMRS FUELHH
2025-02-12T13:00:00Z,Wind,6188.000,Elexon BMRS FUELHH
2025-02-12T13:30:00Z,Biomass,3045.000,Elexon BMRS FUELHH
2025-02-12T13:30:00Z,Coal,0.000,Elexon BMRS FUELHH
2025-02-12T13:30:00Z,Gas,21882.000,Elexon BMRS FUELHH
2025-02-12T13:30:00Z,Hydro,341.000,Elexon BMRS FUELHH
2025-02-12T13:30:00Z,Imports & Exports,4770.000,Elexon BMRS FUELHH
2025-02-12T13:30:00Z,Nuclear,4301.000,Elexon BMRS FUELHH
2025-02-12T13:30:00Z,Other,459.000,Elexon BMRS FUELHH
2025-02-12T13:30:00Z,Pumped Storage,90.000,Elexon BMRS FUELHH
2025-02-12T13:30:00Z,Wind,6162.000,Elexon BMRS FUELHH
2025-02-12T14:00:00Z,Biomass,3042.000,Elexon BMRS FUELHH
2025-02-12T14:00:00Z,Coal,0.000,Elexon BMRS FUELHH
2025-02-12T14:00:00Z,Gas,21975.000,Elexon BMRS FUELHH
2025-02-12T14:00:00Z,Hydro,398.000,Elexon BMRS FUELHH
2025-02-12T14:00:00Z,Imports & Exports,4566.000,Elexon BMRS FUELHH
2025-02-12T14:00:00Z,Nuclear,4299.000,Elexon BMRS FUELHH
2025-02-12T14:00:00Z,Other,307.000,Elexon BMRS FUELHH
2025-02-12T14:00:00Z,Pumped Storage,-14.000,Elexon BMRS FUELHH
2025-02-12T14:00:00Z,Wind,6677.000,Elexon BMRS FUELHH
2025-02-12T14:30:00Z,Biomass,2981.000,Elexon BMRS FUELHH
2025-02-12T14:30:00Z,Coal,0.000,Elexon BMRS FUELHH
2025-02-12T14:30:00Z,Gas,22342.000,Elexon BMRS FUELHH
2025-02-12T14:30:00Z,Hydro,486.000,Elexon BMRS FUELHH
2025-02-12T14:30:00Z,Imports & Exports,4338.000,Elexon BMRS FUELHH
2025-02-12T14:30:00Z,Nuclear,4296.000,Elexon BMRS FUELHH
2025-02-12T14:30:00Z,Other,322.000,Elexon BMRS FUELHH
2025-02-12T14:30:00Z,Pumped Storage,102.000,Elexon BMRS FUELHH
2025-02-12T14:30:00Z,Wind,6644.000,Elexon BMRS FUELHH
2025-02-12T15:00:00Z,Biomass,3030.000,Elexon BMRS FUELHH
2025-02-12T15:00:00Z,Coal,0.000,Elexon BMRS FUELHH
2025-02-12T15:00:00Z,Gas,22989.000,Elexon BMRS FUELHH
2025-02-12T15:00:00Z,Hydro,604.000,Elexon BMRS FUELHH
2025-02-12T15:00:00Z,Imports & Exports,2746.000,Elexon BMRS FUELHH
2025-02-12T15:00:00Z,Nuclear,4306.000,Elexon BMRS FUELHH
2025-02-12T15:00:00Z,Other,655.000,Elexon BMRS FUELHH
2025-02-12T15:00:00Z,Pumped Storage,272.000,Elexon BMRS FUELHH
2025-02-12T15:00:00Z,Wind,6564.000,Elexon BMRS FUELHH
2025-02-12T15:30:00Z,Biomass,3031.000,Elexon BMRS FUELHH
2025-02-12T15:30:00Z,Coal,0.000,Elexon BMRS FUELHH
2025-02-12T15:30:00Z,Gas,22994.000,Elexon BMRS FUELHH
2025-02-12T15:30:00Z,Hydro,598.000,Elexon BMRS FUELHH
2025-02-12T15:30:00Z,Imports & Exports,2590.000,Elexon BMRS FUELHH
2025-02-12T15:30:00Z,Nuclear,4302.000,Elexon BMRS FUELHH
2025-02-12T15:30:00Z,Other,602.000,Elexon BMRS FUELHH
2025-02-12T15:30:00Z,Pumped Storage,658.000,Elexon BMRS FUELHH
2025-02-12T15:30:00Z,Wind,6830.000,Elexon BMRS FUELHH
2025-02-12T16:00:00Z,Biomass,3008.000,Elexon BMRS FUELHH
2025-02-12T16:00:00Z,Coal,0.000,Elexon BMRS FUELHH
2025-02-12T16:00:00Z,Gas,23146.000,Elexon BMRS FUELHH
2025-02-12T16:00:00Z,Hydro,786.000,Elexon BMRS FUELHH
2025-02-12T16:00:00Z,Imports & Exports,2064.000,Elexon BMRS FUELHH
2025-02-12T16:00:00Z,Nuclear,4306.000,Elexon BMRS FUELHH
2025-02-12T16:00:00Z,Other,867.000,Elexon BMRS FUELHH
2025-02-12T16:00:00Z,Pumped Storage,1136.000,Elexon BMRS FUELHH
2025-02-12T16:00:00Z,Wind,6856.000,Elexon BMRS FUELHH
2025-02-12T16:30:00Z,Biomass,2997.000,Elexon BMRS FUELHH
2025-02-12T16:30:00Z,Coal,0.000,Elexon BMRS FUELHH
2025-02-12T16:30:00Z,Gas,23445.000,Elexon BMRS FUELHH
2025-02-12T16:30:00Z,Hydro,824.000,Elexon BMRS FUELHH
2025-02-12T16:30:00Z,Imports & Exports,2130.000,Elexon BMRS FUELHH
2025-02-12T16:30:00Z,Nuclear,4305.000,Elexon BMRS FUELHH
2025-02-12T16:30:00Z,Other,1074.000,Elexon BMRS FUELHH
2025-02-12T16:30:00Z,Pumped Storage,1146.000,Elexon BMRS FUELHH
2025-02-12T16:30:00Z,Wind,6999.000,Elexon BMRS FUELHH
2025-02-12T17:00:00Z,Biomass,3035.000,Elexon BMRS FUELHH
2025-02-12T17:00:00Z,Coal,0.000,Elexon BMRS FUELHH
2025-02-12T17:00:00Z,Gas,23564.000,Elexon BMRS FUELHH
2025-02-12T17:00:00Z,Hydro,684.000,Elexon BMRS FUELHH
2025-02-12T17:00:00Z,Imports & Exports,1748.000,Elexon BMRS FUELHH
2025-02-12T17:00:00Z,Nuclear,4304.000,Elexon BMRS FUELHH
2025-02-12T17:00:00Z,Other,1828.000,Elexon BMRS FUELHH
2025-02-12T17:00:00Z,Pumped Storage,1504.000,Elexon BMRS FUELHH
2025-02-12T17:00:00Z,Wind,6889.000,Elexon BMRS FUELHH
2025-02-12T17:30:00Z,Biomass,3031.000,Elexon BMRS FUELHH
2025-02-12T17:30:00Z,Coal,0.000,Elexon BMRS FUELHH
2025-02-12T17:30:00Z,Gas,23258.000,Elexon BMRS FUELHH
2025-02-12T17:30:00Z,Hydro,682.000,Elexon BMRS FUELHH
2025-02-12T17:30:00Z,Imports & Exports,1672.000,Elexon BMRS FUELHH
2025-02-12T17:30:00Z,Nuclear,4305.000,Elexon BMRS FUELHH
2025-02-12T17:30:00Z,Other,1883.000,Elexon BMRS FUELHH
2025-02-12T17:30:00Z,Pumped Storage,2136.000,Elexon BMRS FUELHH
2025-02-12T17:30:00Z,Wind,7206.000,Elexon BMRS FUELHH
2025-02-12T18:00:00Z,Biomass,3068.000,Elexon BMRS FUELHH
2025-02-12T18:00:00Z,Coal,0.000,Elexon BMRS FUELHH
2025-02-12T18:00:00Z,Gas,23293.000,Elexon BMRS FUELHH
2025-02-12T18:00:00Z,Hydro,683.000,Elexon BMRS FUELHH
2025-02-12T18:00:00Z,Imports & Exports,1960.000,Elexon BMRS FUELHH
2025-02-12T18:00:00Z,Nuclear,4305.000,Elexon BMRS FUELHH
2025-02-12T18:00:00Z,Other,1451.000,Elexon BMRS FUELHH
2025-02-12T18:00:00Z,Pumped Storage,1944.000,Elexon BMRS FUELHH
2025-02-12T18:00:00Z,Wind,7370.000,Elexon BMRS FUELHH
2025-02-12T18:30:00Z,Biomass,3067.000,Elexon BMRS FUELHH
2025-02-12T18:30:00Z,Coal,0.000,Elexon BMRS FUELHH
2025-02-12T18:30:00Z,Gas,23360.000,Elexon BMRS FUELHH
2025-02-12T18:30:00Z,Hydro,676.000,Elexon BMRS FUELHH
2025-02-12T18:30:00Z,Imports & Exports,1978.000,Elexon BMRS FUELHH
2025-02-12T18:30:00Z,Nuclear,4313.000,Elexon BMRS FUELHH
2025-02-12T18:30:00Z,Other,1243.000,Elexon BMRS FUELHH
2025-02-12T18:30:00Z,Pumped Storage,1380.000,Elexon BMRS FUELHH
2025-02-12T18:30:00Z,Wind,7342.000,Elexon BMRS FUELHH
2025-02-12T19:00:00Z,Biomass,3081.000,Elexon BMRS FUELHH
2025-02-12T19:00:00Z,Coal,0.000,Elexon BMRS FUELHH
2025-02-12T19:00:00Z,Gas,23620.000,Elexon BMRS FUELHH
2025-02-12T19:00:00Z,Hydro,670.000,Elexon BMRS FUELHH
2025-02-12T19:00:00Z,Imports & Exports,1484.000,Elexon BMRS FUELHH
2025-02-12T19:00:00Z,Nuclear,4309.000,Elexon BMRS FUELHH
2025-02-12T19:00:00Z,Other,1087.000,Elexon BMRS FUELHH
2025-02-12T19:00:00Z,Pumped Storage,570.000,Elexon BMRS FUELHH
2025-02-12T19:00:00Z,Wind,7675.000,Elexon BMRS FUELHH
2025-02-12T19:30:00Z,Biomass,3064.000,Elexon BMRS FUELHH
2025-02-12T19:30:00Z,Coal,0.000,Elexon BMRS FUELHH
2025-02-12T19:30:00Z,Gas,23433.000,Elexon BMRS FUELHH
2025-02-12T19:30:00Z,Hydro,584.000,Elexon BMRS FUELHH
2025-02-12T19:30:00Z,Imports & Exports,1368.000,Elexon BMRS FUELHH
2025-02-12T19:30:00Z,Nuclear,4312.000,Elexon BMRS FUELHH
2025-02-12T19:30:00Z,Other,721.000,Elexon BMRS FUELHH
2025-02-12T19:30:00Z,Pumped Storage,510.000,Elexon BMRS FUELHH
2025-02-12T19:30:00Z,Wind,8064.000,Elexon BMRS FUELHH
2025-02-12T20:00:00Z,Biomass,3072.000,Elexon BMRS FUELHH
2025-02-12T20:00:00Z,Coal,0.000,Elexon BMRS FUELHH
2025-02-12T20:00:00Z,Gas,22487.000,Elexon BMRS FUELHH
2025-02-12T20:00:00Z,Hydro,332.000,Elexon BMRS FUELHH
2025-02-12T20:00:00Z,Imports & Exports,1222.000,Elexon BMRS FUELHH
2025-02-12T20:00:00Z,Nuclear,4310.000,Elexon BMRS FUELHH
2025-02-12T20:00:00Z,Other,595.000,Elexon BMRS FUELHH
2025-02-12T20:00:00Z,Pumped Storage,182.000,Elexon BMRS FUELHH
2025-02-12T20:00:00Z,Wind,8464.000,Elexon BMRS FUELHH
2025-02-12T20:30:00Z,Biomass,3068.000,Elexon BMRS FUELHH
2025-02-12T20:30:00Z,Coal,0.000,Elexon BMRS FUELHH
2025-02-12T20:30:00Z,Gas,21441.000,Elexon BMRS FUELHH
2025-02-12T20:30:00Z,Hydro,302.000,Elexon BMRS FUELHH
2025-02-12T20:30:00Z,Imports & Exports,1256.000,Elexon BMRS FUELHH
2025-02-12T20:30:00Z,Nuclear,4310.000,Elexon BMRS FUELHH
2025-02-12T20:30:00Z,Other,371.000,Elexon BMRS FUELHH
2025-02-12T20:30:00Z,Pumped Storage,182.000,Elexon BMRS FUELHH
2025-02-12T20:30:00Z,Wind,8374.000,Elexon BMRS FUELHH
2025-02-12T21:00:00Z,Biomass,3068.000,Elexon BMRS FUELHH
2025-02-12T21:00:00Z,Coal,0.000,Elexon BMRS FUELHH
2025-02-12T21:00:00Z,Gas,18874.000,Elexon BMRS FUELHH
2025-02-12T21:00:00Z,Hydro,258.000,Elexon BMRS FUELHH
2025-02-12T21:00:00Z,Imports & Exports,2214.000,Elexon BMRS FUELHH
2025-02-12T21:00:00Z,Nuclear,4307.000,Elexon BMRS FUELHH
2025-02-12T21:00:00Z,Other,339.000,Elexon BMRS FUELHH
2025-02-12T21:00:00Z,Pumped Storage,52.000,Elexon BMRS FUELHH
2025-02-12T21:00:00Z,Wind,8237.000,Elexon BMRS FUELHH
2025-02-12T21:30:00Z,Biomass,3065.000,Elexon BMRS FUELHH
2025-02-12T21:30:00Z,Coal,0.000,Elexon BMRS FUELHH
2025-02-12T21:30:00Z,Gas,17002.000,Elexon BMRS FUELHH
2025-02-12T21:30:00Z,Hydro,257.000,Elexon BMRS FUELHH
2025-02-12T21:30:00Z,Imports & Exports,2328.000,Elexon BMRS FUELHH
2025-02-12T21:30:00Z,Nuclear,4309.000,Elexon BMRS FUELHH
2025-02-12T21:30:00Z,Other,379.000,Elexon BMRS FUELHH
2025-02-12T21:30:00Z,Pumped Storage,28.000,Elexon BMRS FUELHH
2025-02-12T21:30:00Z,Wind,8005.000,Elexon BMRS FUELHH
2025-02-12T22:00:00Z,Biomass,3069.000,Elexon BMRS FUELHH
2025-02-12T22:00:00Z,Coal,0.000,Elexon BMRS FUELHH
2025-02-12T22:00:00Z,Gas,16212.000,Elexon BMRS FUELHH
2025-02-12T22:00:00Z,Hydro,255.000,Elexon BMRS FUELHH
2025-02-12T22:00:00Z,Imports & Exports,1628.000,Elexon BMRS FUELHH
2025-02-12T22:00:00Z,Nuclear,4302.000,Elexon BMRS FUELHH
2025-02-12T22:00:00Z,Other,344.000,Elexon BMRS FUELHH
2025-02-12T22:00:00Z,Pumped Storage,78.000,Elexon BMRS FUELHH
2025-02-12T22:00:00Z,Wind,7781.000,Elexon BMRS FUELHH
2025-02-12T22:30:00Z,Biomass,3074.000,Elexon BMRS FUELHH
2025-02-12T22:30:00Z,Coal,0.000,Elexon BMRS FUELHH
2025-02-12T22:30:00Z,Gas,14889.000,Elexon BMRS FUELHH
2025-02-12T22:30:00Z,Hydro,321.000,Elexon BMRS FUELHH
2025-02-12T22:30:00Z,Imports & Exports,1400.000,Elexon BMRS FUELHH
2025-02-12T22:30:00Z,Nuclear,4303.000,Elexon BMRS FUELHH
2025-02-12T22:30:00Z,Other,298.000,Elexon BMRS FUELHH
2025-02-12T22:30:00Z,Pumped Storage,-16.000,Elexon BMRS FUELHH
2025-02-12T22:30:00Z,Wind,7728.000,Elexon BMRS FUELHH
2025-02-12T23:00:00Z,Biomass,3076.000,Elexon BMRS FUELHH
2025-02-12T23:00:00Z,Coal,0.000,Elexon BMRS FUELHH
2025-02-12T23:00:00Z,Gas,12929.000,Elexon BMRS FUELHH
2025-02-12T23:00:00Z,Hydro,214.000,Elexon BMRS FUELHH
2025-02-12T23:00:00Z,Imports & Exports,1926.000,Elexon BMRS FUELHH
2025-02-12T23:00:00Z,Nuclear,4304.000,Elexon BMRS FUELHH
2025-02-12T23:00:00Z,Other,289.000,Elexon BMRS FUELHH
2025-02-12T23:00:00Z,Pumped Storage,-18.000,Elexon BMRS FUELHH
2025-02-12T23:00:00Z,Wind,7446.000,Elexon BMRS FUELHH
2025-02-12T23:30:00Z,Biomass,3108.000,Elexon BMRS FUELHH
2025-02-12T23:30:00Z,Coal,0.000,Elexon BMRS FUELHH
2025-02-12T23:30:00Z,Gas,12031.000,Elexon BMRS FUELHH
2025-02-12T23:30:00Z,Hydro,240.000,Elexon BMRS FUELHH
2025-02-12T23:30:00Z,Imports & Exports,2136.000,Elexon BMRS FUELHH
2025-02-12T23:30:00Z,Nuclear,4298.000,Elexon BMRS FUELHH
2025-02-12T23:30:00Z,Other,351.000,Elexon BMRS FUELHH
2025-02-12T23:30:00Z,Pumped Storage,-26.000,Elexon BMRS FUELHH
2025-02-12T23:30:00Z,Wind,6966.000,Elexon BMRS FUELHH
2025-02-13T00:00:00Z,Biomass,3061.000,Elexon BMRS FUELHH
2025-02-13T00:00:00Z,Coal,0.000,Elexon BMRS FUELHH
2025-02-13T00:00:00Z,Gas,11917.000,Elexon BMRS FUELHH
2025-02-13T00:00:00Z,Hydro,238.000,Elexon BMRS FUELHH
2025-02-13T00:00:00Z,Imports & Exports,3278.000,Elexon BMRS FUELHH
2025-02-13T00:00:00Z,Nuclear,4303.000,Elexon BMRS FUELHH
2025-02-13T00:00:00Z,Other,227.000,Elexon BMRS FUELHH
2025-02-13T00:00:00Z,Pumped Storage,-702.000,Elexon BMRS FUELHH
2025-02-13T00:00:00Z,Wind,6390.000,Elexon BMRS FUELHH
2025-02-13T00:30:00Z,Biomass,3079.000,Elexon BMRS FUELHH
2025-02-13T00:30:00Z,Coal,0.000,Elexon BMRS FUELHH
2025-02-13T00:30:00Z,Gas,12314.000,Elexon BMRS FUELHH
2025-02-13T00:30:00Z,Hydro,431.000,Elexon BMRS FUELHH
2025-02-13T00:30:00Z,Imports & Exports,3434.000,Elexon BMRS FUELHH
2025-02-13T00:30:00Z,Nuclear,4304.000,Elexon BMRS FUELHH
2025-02-13T00:30:00Z,Other,373.000,Elexon BMRS FUELHH
2025-02-13T00:30:00Z,Pumped Storage,-920.000,Elexon BMRS FUELHH
2025-02-13T00:30:00Z,Wind,6013.000,Elexon BMRS FUELHH
2025-02-13T01:00:00Z,Biomass,3072.000,Elexon BMRS FUELHH
2025-02-13T01:00:00Z,Coal,0.000,Elexon BMRS FUELHH
2025-02-13T01:00:00Z,Gas,12323.000,Elexon BMRS FUELHH
2025-02-13T01:00:00Z,Hydro,434.000,Elexon BMRS FUELHH
2025-02-13T01:00:00Z,Imports & Exports,3802.000,Elexon BMRS FUELHH
2025-02-13T01:00:00Z,Nuclear,4308.000,Elexon BMRS FUELHH
2025-02-13T01:00:00Z,Other,344.000,Elexon BMRS FUELHH
2025-02-13T01:00:00Z,Pumped Storage,-1392.000,Elexon BMRS FUELHH
2025-02-13T01:00:00Z,Wind,5805.000,Elexon BMRS FUELHH
2025-02-13T01:30:00Z,Biomass,3074.000,Elexon BMRS FUELHH
2025-02-13T01:30:00Z,Coal,0.000,Elexon BMRS FUELHH
2025-02-13T01:30:00Z,Gas,12425.000,Elexon BMRS FUELHH
2025-02-13T01:30:00Z,Hydro,267.000,Elexon BMRS FUELHH
2025-02-13T01:30:00Z,Imports & Exports,3906.000,Elexon BMRS FUELHH
2025-02-13T01:30:00Z,Nuclear,4310.000,Elexon BMRS FUELHH
2025-02-13T01:30:00Z,Other,337.000,Elexon BMRS FUELHH
2025-02-13T01:30:00Z,Pumped Storage,-1728.000,Elexon BMRS FUELHH
2025-02-13T01:30:00Z,Wind,5654.000,Elexon BMRS FUELHH
2025-02-13T02:00:00Z,Biomass,3072.000,Elexon BMRS FUELHH
2025-02-13T02:00:00Z,Coal,0.000,Elexon BMRS FUELHH
2025-02-13T02:00:00Z,Gas,12467.000,Elexon BMRS FUELHH
2025-02-13T02:00:00Z,Hydro,229.000,Elexon BMRS FUELHH
2025-02-13T02:00:00Z,Imports & Exports,4128.000,Elexon BMRS FUELHH
2025-02-13T02:00:00Z,Nuclear,4310.000,Elexon BMRS FUELHH
2025-02-13T02:00:00Z,Other,264.000,Elexon BMRS FUELHH
2025-02-13T02:00:00Z,Pumped Storage,-1728.000,Elexon BMRS FUELHH
2025-02-13T02:00:00Z,Wind,5474.000,Elexon BMRS FUELHH
2025-02-13T02:30:00Z,Biomass,3084.000,Elexon BMRS FUELHH
2025-02-13T02:30:00Z,Coal,0.000,Elexon BMRS FUELHH
2025-02-13T02:30:00Z,Gas,12472.000,Elexon BMRS FUELHH
2025-02-13T02:30:00Z,Hydro,177.000,Elexon BMRS FUELHH
2025-02-13T02:30:00Z,Imports & Exports,4140.000,Elexon BMRS FUELHH
2025-02-13T02:30:00Z,Nuclear,4310.000,Elexon BMRS FUELHH
2025-02-13T02:30:00Z,Other,199.000,Elexon BMRS FUELHH
2025-02-13T02:30:00Z,Pumped Storage,-1706.000,Elexon BMRS FUELHH
2025-02-13T02:30:00Z,Wind,5144.000,Elexon BMRS FUELHH
2025-02-13T03:00:00Z,Biomass,3084.000,Elexon BMRS FUELHH
2025-02-13T03:00:00Z,Coal,0.000,Elexon BMRS FUELHH
2025-02-13T03:00:00Z,Gas,12527.000,Elexon BMRS FUELHH
2025-02-13T03:00:00Z,Hydro,378.000,Elexon BMRS FUELHH
2025-02-13T03:00:00Z,Imports & Exports,3730.000,Elexon BMRS FUELHH
2025-02-13T03:00:00Z,Nuclear,4312.000,Elexon BMRS FUELHH
2025-02-13T03:00:00Z,Other,169.000,Elexon BMRS FUELHH
2025-02-13T03:00:00Z,Pumped Storage,-1704.000,Elexon BMRS FUELHH
2025-02-13T03:00:00Z,Wind,5019.000,Elexon BMRS FUELHH
2025-02-13T03:30:00Z,Biomass,3080.000,Elexon BMRS FUELHH
2025-02-13T03:30:00Z,Coal,0.000,Elexon BMRS FUELHH
2025-02-13T03:30:00Z,Gas,12610.000,Elexon BMRS FUELHH
2025-02-13T03:30:00Z,Hydro,181.000,Elexon BMRS FUELHH
2025-02-13T03:30:00Z,Imports & Exports,3680.000,Elexon BMRS FUELHH
2025-02-13T03:30:00Z,Nuclear,4313.000,Elexon BMRS FUELHH
2025-02-13T03:30:00Z,Other,175.000,Elexon BMRS FUELHH
2025-02-13T03:30:00Z,Pumped Storage,-1694.000,Elexon BMRS FUELHH
2025-02-13T03:30:00Z,Wind,5065.000,Elexon BMRS FUELHH
2025-02-13T04:00:00Z,Biomass,3073.000,Elexon BMRS FUELHH
2025-02-13T04:00:00Z,Coal,0.000,Elexon BMRS FUELHH
2025-02-13T04:00:00Z,Gas,12432.000,Elexon BMRS FUELHH
2025-02-13T04:00:00Z,Hydro,340.000,Elexon BMRS FUELHH
2025-02-13T04:00:00Z,Imports & Exports,2836.000,Elexon BMRS FUELHH
2025-02-13T04:00:00Z,Nuclear,4312.000,Elexon BMRS FUELHH
2025-02-13T04:00:00Z,Other,177.000,Elexon BMRS FUELHH
2025-02-13T04:00:00Z,Pumped Storage,-1684.000,Elexon BMRS FUELHH
2025-02-13T04:00:00Z,Wind,5218.000,Elexon BMRS FUELHH
2025-02-13T04:30:00Z,Biomass,3081.000,Elexon BMRS FUELHH
2025-02-13T04:30:00Z,Coal,0.000,Elexon BMRS FUELHH
2025-02-13T04:30:00Z,Gas,12377.000,Elexon BMRS FUELHH
2025-02-13T04:30:00Z,Hydro,167.000,Elexon BMRS FUELHH
2025-02-13T04:30:00Z,Imports & Exports,2738.000,Elexon BMRS FUELHH
2025-02-13T04:30:00Z,Nuclear,4308.000,Elexon BMRS FUELHH
2025-02-13T04:30:00Z,Other,175.000,Elexon BMRS FUELHH
2025-02-13T04:30:00Z,Pumped Storage,-1500.000,Elexon BMRS FUELHH
2025-02-13T04:30:00Z,Wind,5325.000,Elexon BMRS FUELHH
2025-02-13T05:00:00Z,Biomass,3079.000,Elexon BMRS FUELHH
2025-02-13T05:00:00Z,Coal,0.000,Elexon BMRS FUELHH
2025-02-13T05:00:00Z,Gas,13363.000,Elexon BMRS FUELHH
2025-02-13T05:00:00Z,Hydro,171.000,Elexon BMRS FUELHH
2025-02-13T05:00:00Z,Imports & Exports,122.000,Elexon BMRS FUELHH
2025-02-13T05:00:00Z,Nuclear,4309.000,Elexon BMRS FUELHH
2025-02-13T05:00:00Z,Other,266.000,Elexon BMRS FUELHH
2025-02-13T05:00:00Z,Pumped Storage,-344.000,Elexon BMRS FUELHH
2025-02-13T05:00:00Z,Wind,5598.000,Elexon BMRS FUELHH
2025-02-13T05:30:00Z,Biomass,3076.000,Elexon BMRS FUELHH
2025-02-13T05:30:00Z,Coal,0.000,Elexon BMRS FUELHH
2025-02-13T05:30:00Z,Gas,14739.000,Elexon BMRS FUELHH
2025-02-13T05:30:00Z,Hydro,175.000,Elexon BMRS FUELHH
2025-02-13T05:30:00Z,Imports & Exports,116.000,Elexon BMRS FUELHH
2025-02-13T05:30:00Z,Nuclear,4306.000,Elexon BMRS FUELHH
2025-02-13T05:30:00Z,Other,222.000,Elexon BMRS FUELHH
2025-02-13T05:30:00Z,Pumped Storage,-246.000,Elexon BMRS FUELHH
2025-02-13T05:30:00Z,Wind,5626.000,Elexon BMRS FUELHH
2025-02-13T06:00:00Z,Biomass,3081.000,Elexon BMRS FUELHH
2025-02-13T06:00:00Z,Coal,0.000,Elexon BMRS FUELHH
2025-02-13T06:00:00Z,Gas,17522.000,Elexon BMRS FUELHH
2025-02-13T06:00:00Z,Hydro,357.000,Elexon BMRS FUELHH
2025-02-13T06:00:00Z,Imports & Exports,-1046.000,Elexon BMRS FUELHH
2025-02-13T06:00:00Z,Nuclear,4306.000,Elexon BMRS FUELHH
2025-02-13T06:00:00Z,Other,231.000,Elexon BMRS FUELHH
2025-02-13T06:00:00Z,Pumped Storage,148.000,Elexon BMRS FUELHH
2025-02-13T06:00:00Z,Wind,5713.000,Elexon BMRS FUELHH
2025-02-13T06:30:00Z,Biomass,3078.000,Elexon BMRS FUELHH
2025-02-13T06:30:00Z,Coal,0.000,Elexon BMRS FUELHH
2025-02-13T06:30:00Z,Gas,20976.000,Elexon BMRS FUELHH
2025-02-13T06:30:00Z,Hydro,408.000,Elexon BMRS FUELHH
2025-02-13T06:30:00Z,Imports & Exports,-1236.000,Elexon BMRS FUELHH
2025-02-13T06:30:00Z,Nuclear,4307.000,Elexon BMRS FUELHH
2025-02-13T06:30:00Z,Other,269.000,Elexon BMRS FUELHH
2025-02-13T06:30:00Z,Pumped Storage,278.000,Elexon BMRS FUELHH
2025-02-13T06:30:00Z,Wind,5365.000,Elexon BMRS FUELHH
2025-02-13T07:00:00Z,Biomass,3093.000,Elexon BMRS FUELHH
2025-02-13T07:00:00Z,Coal,0.000,Elexon BMRS FUELHH
2025-02-13T07:00:00Z,Gas,22985.000,Elexon BMRS FUELHH
2025-02-13T07:00:00Z,Hydro,707.000,Elexon BMRS FUELHH
2025-02-13T07:00:00Z,Imports & Exports,-1450.000,Elexon BMRS FUELHH
2025-02-13T07:00:00Z,Nuclear,4307.000,Elexon BMRS FUELHH
2025-02-13T07:00:00Z,Other,663.000,Elexon BMRS FUELHH
2025-02-13T07:00:00Z,Pumped Storage,280.000,Elexon BMRS FUELHH
2025-02-13T07:00:00Z,Wind,5492.000,Elexon BMRS FUELHH
2025-02-13T07:30:00Z,Biomass,3097.000,Elexon BMRS FUELHH
2025-02-13T07:30:00Z,Coal,0.000,Elexon BMRS FUELHH
2025-02-13T07:30:00Z,Gas,23801.000,Elexon BMRS FUELHH
2025-02-13T07:30:00Z,Hydro,714.000,Elexon BMRS FUELHH
2025-02-13T07:30:00Z,Imports & Exports,-1398.000,Elexon BMRS FUELHH
2025-02-13T07:30:00Z,Nuclear,4303.000,Elexon BMRS FUELHH
2025-02-13T07:30:00Z,Other,1134.000,Elexon BMRS FUELHH
2025-02-13T07:30:00Z,Pumped Storage,384.000,Elexon BMRS FUELHH
2025-02-13T07:30:00Z,Wind,5095.000,Elexon BMRS FUELHH
2025-02-13T08:00:00Z,Biomass,3101.000,Elexon BMRS FUELHH
2025-02-13T08:00:00Z,Coal,0.000,Elexon BMRS FUELHH
2025-02-13T08:00:00Z,Gas,24040.000,Elexon BMRS FUELHH
2025-02-13T08:00:00Z,Hydro,727.000,Elexon BMRS FUELHH
2025-02-13T08:00:00Z,Imports & Exports,560.000,Elexon BMRS FUELHH
2025-02-13T08:00:00Z,Nuclear,4313.000,Elexon BMRS FUELHH
2025-02-13T08:00:00Z,Other,748.000,Elexon BMRS FUELHH
2025-02-13T08:00:00Z,Pumped Storage,294.000,Elexon BMRS FUELHH
2025-02-13T08:00:00Z,Wind,4825.000,Elexon BMRS FUELHH
2025-02-13T08:30:00Z,Biomass,3095.000,Elexon BMRS FUELHH
2025-02-13T08:30:00Z,Coal,0.000,Elexon BMRS FUELHH
2025-02-13T08:30:00Z,Gas,24227.000,Elexon BMRS FUELHH
2025-02-13T08:30:00Z,Hydro,736.000,Elexon BMRS FUELHH
2025-02-13T08:30:00Z,Imports & Exports,796.000,Elexon BMRS FUELHH
2025-02-13T08:30:00Z,Nuclear,4303.000,Elexon BMRS FUELHH
2025-02-13T08:30:00Z,Other,919.000,Elexon BMRS FUELHH
2025-02-13T08:30:00Z,Pumped Storage,298.000,Elexon BMRS FUELHH
2025-02-13T08:30:00Z,Wind,4794.000,Elexon BMRS FUELHH
2025-02-13T09:00:00Z,Biomass,3097.000,Elexon BMRS FUELHH
2025-02-13T09:00:00Z,Coal,0.000,Elexon BMRS FUELHH
2025-02-13T09:00:00Z,Gas,24264.000,Elexon BMRS FUELHH
2025-02-13T09:00:00Z,Hydro,614.000,Elexon BMRS FUELHH
2025-02-13T09:00:00Z,Imports & Exports,1804.000,Elexon BMRS FUELHH
2025-02-13T09:00:00Z,Nuclear,4305.000,Elexon BMRS FUELHH
2025-02-13T09:00:00Z,Other,996.000,Elexon BMRS FUELHH
2025-02-13T09:00:00Z,Pumped Storage,712.000,Elexon BMRS FUELHH
2025-02-13T09:00:00Z,Wind,4689.000,Elexon BMRS FUELHH
2025-02-13T09:30:00Z,Biomass,3098.000,Elexon BMRS FUELHH
2025-02-13T09:30:00Z,Coal,0.000,Elexon BMRS FUELHH
2025-02-13T09:30:00Z,Gas,24310.000,Elexon BMRS FUELHH
2025-02-13T09:30:00Z,Hydro,546.000,Elexon BMRS FUELHH
2025-02-13T09:30:00Z,Imports & Exports,1790.000,Elexon BMRS FUELHH
2025-02-13T09:30:00Z,Nuclear,4311.000,Elexon BMRS FUELHH
2025-02-13T09:30:00Z,Other,738.000,Elexon BMRS FUELHH
2025-02-13T09:30:00Z,Pumped Storage,846.000,Elexon BMRS FUELHH
2025-02-13T09:30:00Z,Wind,5075.000,Elexon BMRS FUELHH
2025-02-13T10:00:00Z,Biomass,3090.000,Elexon BMRS FUELHH
2025-02-13T10:00:00Z,Coal,0.000,Elexon BMRS FUELHH
2025-02-13T10:00:00Z,Gas,24111.000,Elexon BMRS FUELHH
2025-02-13T10:00:00Z,Hydro,413.000,Elexon BMRS FUELHH
2025-02-13T10:00:00Z,Imports & Exports,2150.000,Elexon BMRS FUELHH
2025-02-13T10:00:00Z,Nuclear,4309.000,Elexon BMRS FUELHH
2025-02-13T10:00:00Z,Other,709.000,Elexon BMRS FUELHH
2025-02-13T10:00:00Z,Pumped Storage,608.000,Elexon BMRS FUELHH
2025-02-13T10:00:00Z,Wind,5271.000,Elexon BMRS FUELHH
2025-02-13T10:30:00Z,Biomass,3086.000,Elexon BMRS FUELHH
2025-02-13T10:30:00Z,Coal,0.000,Elexon BMRS FUELHH
2025-02-13T10:30:00Z,Gas,24164.000,Elexon BMRS FUELHH
2025-02-13T10:30:00Z,Hydro,475.000,Elexon BMRS FUELHH
2025-02-13T10:30:00Z,Imports & Exports,2284.000,Elexon BMRS FUELHH
2025-02-13T10:30:00Z,Nuclear,4300.000,Elexon BMRS FUELHH
2025-02-13T10:30:00Z,Other,835.000,Elexon BMRS FUELHH
2025-02-13T10:30:00Z,Pumped Storage,608.000,Elexon BMRS FUELHH
2025-02-13T10:30:00Z,Wind,4996.000,Elexon BMRS FUELHH
2025-02-13T11:00:00Z,Biomass,3067.000,Elexon BMRS FUELHH
2025-02-13T11:00:00Z,Coal,0.000,Elexon BMRS FUELHH
2025-02-13T11:00:00Z,Gas,24157.000,Elexon BMRS FUELHH
2025-02-13T11:00:00Z,Hydro,541.000,Elexon BMRS FUELHH
2025-02-13T11:00:00Z,Imports & Exports,3368.000,Elexon BMRS FUELHH
2025-02-13T11:00:00Z,Nuclear,4303.000,Elexon BMRS FUELHH
2025-02-13T11:00:00Z,Other,597.000,Elexon BMRS FUELHH
2025-02-13T11:00:00Z,Pumped Storage,60.000,Elexon BMRS FUELHH
2025-02-13T11:00:00Z,Wind,5181.000,Elexon BMRS FUELHH
2025-02-13T11:30:00Z,Biomass,3051.000,Elexon BMRS FUELHH
2025-02-13T11:30:00Z,Coal,0.000,Elexon BMRS FUELHH
2025-02-13T11:30:00Z,Gas,24090.000,Elexon BMRS FUELHH
2025-02-13T11:30:00Z,Hydro,462.000,Elexon BMRS FUELHH
2025-02-13T11:30:00Z,Imports & Exports,3526.000,Elexon BMRS FUELHH
2025-02-13T11:30:00Z,Nuclear,4306.000,Elexon BMRS FUELHH
2025-02-13T11:30:00Z,Other,461.000,Elexon BMRS FUELHH
2025-02-13T11:30:00Z,Pumped Storage,-20.000,Elexon BMRS FUELHH
2025-02-13T11:30:00Z,Wind,4958.000,Elexon BMRS FUELHH
2025-02-13T12:00:00Z,Biomass,3052.000,Elexon BMRS FUELHH
2025-02-13T12:00:00Z,Coal,0.000,Elexon BMRS FUELHH
2025-02-13T12:00:00Z,Gas,24146.000,Elexon BMRS FUELHH
2025-02-13T12:00:00Z,Hydro,381.000,Elexon BMRS FUELHH
2025-02-13T12:00:00Z,Imports & Exports,4120.000,Elexon BMRS FUELHH
2025-02-13T12:00:00Z,Nuclear,4303.000,Elexon BMRS FUELHH
2025-02-13T12:00:00Z,Other,407.000,Elexon BMRS FUELHH
2025-02-13T12:00:00Z,Pumped Storage,18.000,Elexon BMRS FUELHH
2025-02-13T12:00:00Z,Wind,4618.000,Elexon BMRS FUELHH
2025-02-13T12:30:00Z,Biomass,3052.000,Elexon BMRS FUELHH
2025-02-13T12:30:00Z,Coal,0.000,Elexon BMRS FUELHH
2025-02-13T12:30:00Z,Gas,24061.000,Elexon BMRS FUELHH
2025-02-13T12:30:00Z,Hydro,385.000,Elexon BMRS FUELHH
2025-02-13T12:30:00Z,Imports & Exports,4212.000,Elexon BMRS FUELHH
2025-02-13T12:30:00Z,Nuclear,4313.000,Elexon BMRS FUELHH
2025-02-13T12:30:00Z,Other,390.000,Elexon BMRS FUELHH
2025-02-13T12:30:00Z,Pumped Storage,-20.000,Elexon BMRS FUELHH
2025-02-13T12:30:00Z,Wind,4537.000,Elexon BMRS FUELHH
2025-02-13T13:00:00Z,Biomass,3049.000,Elexon BMRS FUELHH
2025-02-13T13:00:00Z,Coal,0.000,Elexon BMRS FUELHH
2025-02-13T13:00:00Z,Gas,24209.000,Elexon BMRS FUELHH
2025-02-13T13:00:00Z,Hydro,388.000,Elexon BMRS FUELHH
2025-02-13T13:00:00Z,Imports & Exports,4372.000,Elexon BMRS FUELHH
2025-02-13T13:00:00Z,Nuclear,4305.000,Elexon BMRS FUELHH
2025-02-13T13:00:00Z,Other,382.000,Elexon BMRS FUELHH
2025-02-13T13:00:00Z,Pumped Storage,-20.000,Elexon BMRS FUELHH
2025-02-13T13:00:00Z,Wind,4364.000,Elexon BMRS FUELHH
2025-02-13T13:30:00Z,Biomass,3054.000,Elexon BMRS FUELHH
2025-02-13T13:30:00Z,Coal,0.000,Elexon BMRS FUELHH
2025-02-13T13:30:00Z,Gas,24247.000,Elexon BMRS FUELHH
2025-02-13T13:30:00Z,Hydro,405.000,Elexon BMRS FUELHH
2025-02-13T13:30:00Z,Imports & Exports,4436.000,Elexon BMRS FUELHH
2025-02-13T13:30:00Z,Nuclear,4314.000,Elexon BMRS FUELHH
2025-02-13T13:30:00Z,Other,425.000,Elexon BMRS FUELHH
2025-02-13T13:30:00Z,Pumped Storage,-20.000,Elexon BMRS FUELHH
2025-02-13T13:30:00Z,Wind,4204.000,Elexon BMRS FUELHH
2025-02-13T14:00:00Z,Biomass,3046.000,Elexon BMRS FUELHH
2025-02-13T14:00:00Z,Coal,0.000,Elexon BMRS FUELHH
2025-02-13T14:00:00Z,Gas,24121.000,Elexon BMRS FUELHH
2025-02-13T14:00:00Z,Hydro,551.000,Elexon BMRS FUELHH
2025-02-13T14:00:00Z,Imports & Exports,4266.000,Elexon BMRS FUELHH
2025-02-13T14:00:00Z,Nuclear,4314.000,Elexon BMRS FUELHH
2025-02-13T14:00:00Z,Other,297.000,Elexon BMRS FUELHH
2025-02-13T14:00:00Z,Pumped Storage,-20.000,Elexon BMRS FUELHH
2025-02-13T14:00:00Z,Wind,4121.000,Elexon BMRS FUELHH
2025-02-13T14:30:00Z,Biomass,3048.000,Elexon BMRS FUELHH
2025-02-13T14:30:00Z,Coal,0.000,Elexon BMRS FUELHH
2025-02-13T14:30:00Z,Gas,24151.000,Elexon BMRS FUELHH
2025-02-13T14:30:00Z,Hydro,399.000,Elexon BMRS FUELHH
2025-02-13T14:30:00Z,Imports & Exports,4304.000,Elexon BMRS FUELHH
2025-02-13T14:30:00Z,Nuclear,4319.000,Elexon BMRS FUELHH
2025-02-13T14:30:00Z,Other,338.000,Elexon BMRS FUELHH
2025-02-13T14:30:00Z,Pumped Storage,-22.000,Elexon BMRS FUELHH
2025-02-13T14:30:00Z,Wind,4239.000,Elexon BMRS FUELHH
2025-02-13T15:00:00Z,Biomass,3059.000,Elexon BMRS FUELHH
2025-02-13T15:00:00Z,Coal,0.000,Elexon BMRS FUELHH
2025-02-13T15:00:00Z,Gas,24148.000,Elexon BMRS FUELHH
2025-02-13T15:00:00Z,Hydro,568.000,Elexon BMRS FUELHH
2025-02-13T15:00:00Z,Imports & Exports,3882.000,Elexon BMRS FUELHH
2025-02-13T15:00:00Z,Nuclear,4317.000,Elexon BMRS FUELHH
2025-02-13T15:00:00Z,Other,311.000,Elexon BMRS FUELHH
2025-02-13T15:00:00Z,Pumped Storage,202.000,Elexon BMRS FUELHH
2025-02-13T15:00:00Z,Wind,4478.000,Elexon BMRS FUELHH
2025-02-13T15:30:00Z,Biomass,3059.000,Elexon BMRS FUELHH
2025-02-13T15:30:00Z,Coal,0.000,Elexon BMRS FUELHH
2025-02-13T15:30:00Z,Gas,24278.000,Elexon BMRS FUELHH
2025-02-13T15:30:00Z,Hydro,606.000,Elexon BMRS FUELHH
2025-02-13T15:30:00Z,Imports & Exports,3858.000,Elexon BMRS FUELHH
2025-02-13T15:30:00Z,Nuclear,4320.000,Elexon BMRS FUELHH
2025-02-13T15:30:00Z,Other,396.000,Elexon BMRS FUELHH
2025-02-13T15:30:00Z,Pumped Storage,298.000,Elexon BMRS FUELHH
2025-02-13T15:30:00Z,Wind,4639.000,Elexon BMRS FUELHH
2025-02-13T16:00:00Z,Biomass,3057.000,Elexon BMRS FUELHH
2025-02-13T16:00:00Z,Coal,0.000,Elexon BMRS FUELHH
2025-02-13T16:00:00Z,Gas,24413.000,Elexon BMRS FUELHH
2025-02-13T16:00:00Z,Hydro,872.000,Elexon BMRS FUELHH
2025-02-13T16:00:00Z,Imports & Exports,3282.000,Elexon BMRS FUELHH
2025-02-13T16:00:00Z,Nuclear,4319.000,Elexon BMRS FUELHH
2025-02-13T16:00:00Z,Other,545.000,Elexon BMRS FUELHH
2025-02-13T16:00:00Z,Pumped Storage,858.000,Elexon BMRS FUELHH
2025-02-13T16:00:00Z,Wind,4777.000,Elexon BMRS FUELHH
2025-02-13T16:30:00Z,Biomass,3056.000,Elexon BMRS FUELHH
2025-02-13T16:30:00Z,Coal,0.000,Elexon BMRS FUELHH
2025-02-13T16:30:00Z,Gas,24662.000,Elexon BMRS FUELHH
2025-02-13T16:30:00Z,Hydro,872.000,Elexon BMRS FUELHH
2025-02-13T16:30:00Z,Imports & Exports,3166.000,Elexon BMRS FUELHH
2025-02-13T16:30:00Z,Nuclear,4324.000,Elexon BMRS FUELHH
2025-02-13T16:30:00Z,Other,992.000,Elexon BMRS FUELHH
2025-02-13T16:30:00Z,Pumped Storage,1106.000,Elexon BMRS FUELHH
2025-02-13T16:30:00Z,Wind,4823.000,Elexon BMRS FUELHH
2025-02-13T17:00:00Z,Biomass,3058.000,Elexon BMRS FUELHH
2025-02-13T17:00:00Z,Coal,0.000,Elexon BMRS FUELHH
2025-02-13T17:00:00Z,Gas,24920.000,Elexon BMRS FUELHH
2025-02-13T17:00:00Z,Hydro,912.000,Elexon BMRS FUELHH
2025-02-13T17:00:00Z,Imports & Exports,1824.000,Elexon BMRS FUELHH
2025-02-13T17:00:00Z,Nuclear,4318.000,Elexon BMRS FUELHH
2025-02-13T17:00:00Z,Other,1709.000,Elexon BMRS FUELHH
2025-02-13T17:00:00Z,Pumped Storage,1372.000,Elexon BMRS FUELHH
2025-02-13T17:00:00Z,Wind,5453.000,Elexon BMRS FUELHH
2025-02-13T17:30:00Z,Biomass,3062.000,Elexon BMRS FUELHH
2025-02-13T17:30:00Z,Coal,0.000,Elexon BMRS FUELHH
2025-02-13T17:30:00Z,Gas,24897.000,Elexon BMRS FUELHH
2025-02-13T17:30:00Z,Hydro,911.000,Elexon BMRS FUELHH
2025-02-13T17:30:00Z,Imports & Exports,1598.000,Elexon BMRS FUELHH
2025-02-13T17:30:00Z,Nuclear,4319.000,Elexon BMRS FUELHH
2025-02-13T17:30:00Z,Other,1894.000,Elexon BMRS FUELHH
2025-02-13T17:30:00Z,Pumped Storage,1390.000,Elexon BMRS FUELHH
2025-02-13T17:30:00Z,Wind,5946.000,Elexon BMRS FUELHH
2025-02-13T18:00:00Z,Biomass,3064.000,Elexon BMRS FUELHH
2025-02-13T18:00:00Z,Coal,0.000,Elexon BMRS FUELHH
2025-02-13T18:00:00Z,Gas,24774.000,Elexon BMRS FUELHH
2025-02-13T18:00:00Z,Hydro,910.000,Elexon BMRS FUELHH
2025-02-13T18:00:00Z,Imports & Exports,1546.000,Elexon BMRS FUELHH
2025-02-13T18:00:00Z,Nuclear,4321.000,Elexon BMRS FUELHH
2025-02-13T18:00:00Z,Other,1695.000,Elexon BMRS FUELHH
2025-02-13T18:00:00Z,Pumped Storage,1574.000,Elexon BMRS FUELHH
2025-02-13T18:00:00Z,Wind,6203.000,Elexon BMRS FUELHH
2025-02-13T18:30:00Z,Biomass,3056.000,Elexon BMRS FUELHH
2025-02-13T18:30:00Z,Coal,0.000,Elexon BMRS FUELHH
2025-02-13T18:30:00Z,Gas,24593.000,Elexon BMRS FUELHH
2025-02-13T18:30:00Z,Hydro,910.000,Elexon BMRS FUELHH
2025-02-13T18:30:00Z,Imports & Exports,1652.000,Elexon BMRS FUELHH
2025-02-13T18:30:00Z,Nuclear,4318.000,Elexon BMRS FUELHH
2025-02-13T18:30:00Z,Other,1457.000,Elexon BMRS FUELHH
2025-02-13T18:30:00Z,Pumped Storage,1376.000,Elexon BMRS FUELHH
2025-02-13T18:30:00Z,Wind,6053.000,Elexon BMRS FUELHH
2025-02-13T19:00:00Z,Biomass,3062.000,Elexon BMRS FUELHH
2025-02-13T19:00:00Z,Coal,0.000,Elexon BMRS FUELHH
2025-02-13T19:00:00Z,Gas,24145.000,Elexon BMRS FUELHH
2025-02-13T19:00:00Z,Hydro,881.000,Elexon BMRS FUELHH
2025-02-13T19:00:00Z,Imports & Exports,2742.000,Elexon BMRS FUELHH
2025-02-13T19:00:00Z,Nuclear,4320.000,Elexon BMRS FUELHH
2025-02-13T19:00:00Z,Other,793.000,Elexon BMRS FUELHH
2025-02-13T19:00:00Z,Pumped Storage,546.000,Elexon BMRS FUELHH
2025-02-13T19:00:00Z,Wind,6177.000,Elexon BMRS FUELHH
2025-02-13T19:30:00Z,Biomass,3050.000,Elexon BMRS FUELHH
2025-02-13T19:30:00Z,Coal,0.000,Elexon BMRS FUELHH
2025-02-13T19:30:00Z,Gas,23595.000,Elexon BMRS FUELHH
2025-02-13T19:30:00Z,Hydro,836.000,Elexon BMRS FUELHH
2025-02-13T19:30:00Z,Imports & Exports,2852.000,Elexon BMRS FUELHH
2025-02-13T19:30:00Z,Nuclear,4312.000,Elexon BMRS FUELHH
2025-02-13T19:30:00Z,Other,410.000,Elexon BMRS FUELHH
2025-02-13T19:30:00Z,Pumped Storage,264.000,Elexon BMRS FUELHH
2025-02-13T19:30:00Z,Wind,6407.000,Elexon BMRS FUELHH
2025-02-13T20:00:00Z,Biomass,3041.000,Elexon BMRS FUELHH
2025-02-13T20:00:00Z,Coal,0.000,Elexon BMRS FUELHH
2025-02-13T20:00:00Z,Gas,23186.000,Elexon BMRS FUELHH
2025-02-13T20:00:00Z,Hydro,473.000,Elexon BMRS FUELHH
2025-02-13T20:00:00Z,Imports & Exports,2056.000,Elexon BMRS FUELHH
2025-02-13T20:00:00Z,Nuclear,4310.000,Elexon BMRS FUELHH
2025-02-13T20:00:00Z,Other,615.000,Elexon BMRS FUELHH
2025-02-13T20:00:00Z,Pumped Storage,36.000,Elexon BMRS FUELHH
2025-02-13T20:00:00Z,Wind,6556.000,Elexon BMRS FUELHH
2025-02-13T20:30:00Z,Biomass,3038.000,Elexon BMRS FUELHH
2025-02-13T20:30:00Z,Coal,0.000,Elexon BMRS FUELHH
2025-02-13T20:30:00Z,Gas,22082.000,Elexon BMRS FUELHH
2025-02-13T20:30:00Z,Hydro,438.000,Elexon BMRS FUELHH
2025-02-13T20:30:00Z,Imports & Exports,2056.000,Elexon BMRS FUELHH
2025-02-13T20:30:00Z,Nuclear,4311.000,Elexon BMRS FUELHH
2025-02-13T20:30:00Z,Other,398.000,Elexon BMRS FUELHH
2025-02-13T20:30:00Z,Pumped Storage,-14.000,Elexon BMRS FUELHH
2025-02-13T20:30:00Z,Wind,6266.000,Elexon BMRS FUELHH
2025-02-13T21:00:00Z,Biomass,3028.000,Elexon BMRS FUELHH
2025-02-13T21:00:00Z,Coal,0.000,Elexon BMRS FUELHH
2025-02-13T21:00:00Z,Gas,19956.000,Elexon BMRS FUELHH
2025-02-13T21:00:00Z,Hydro,301.000,Elexon BMRS FUELHH
2025-02-13T21:00:00Z,Imports & Exports,2430.000,Elexon BMRS FUELHH
2025-02-13T21:00:00Z,Nuclear,4307.000,Elexon BMRS FUELHH
2025-02-13T21:00:00Z,Other,300.000,Elexon BMRS FUELHH
2025-02-13T21:00:00Z,Pumped Storage,-14.000,Elexon BMRS FUELHH
2025-02-13T21:00:00Z,Wind,6402.000,Elexon BMRS FUELHH
2025-02-13T21:30:00Z,Biomass,3042.000,Elexon BMRS FUELHH
2025-02-13T21:30:00Z,Coal,0.000,Elexon BMRS FUELHH
2025-02-13T21:30:00Z,Gas,17980.000,Elexon BMRS FUELHH
2025-02-13T21:30:00Z,Hydro,293.000,Elexon BMRS FUELHH
2025-02-13T21:30:00Z,Imports & Exports,2408.000,Elexon BMRS FUELHH
2025-02-13T21:30:00Z,Nuclear,4310.000,Elexon BMRS FUELHH
2025-02-13T21:30:00Z,Other,289.000,Elexon BMRS FUELHH
2025-02-13T21:30:00Z,Pumped Storage,-14.000,Elexon BMRS FUELHH
2025-02-13T21:30:00Z,Wind,6558.000,Elexon BMRS FUELHH
2025-02-13T22:00:00Z,Biomass,3030.000,Elexon BMRS FUELHH
2025-02-13T22:00:00Z,Coal,0.000,Elexon BMRS FUELHH
2025-02-13T22:00:00Z,Gas,16226.000,Elexon BMRS FUELHH
2025-02-13T22:00:00Z,Hydro,265.000,Elexon BMRS FUELHH
2025-02-13T22:00:00Z,Imports & Exports,2344.000,Elexon BMRS FUELHH
2025-02-13T22:00:00Z,Nuclear,4309.000,Elexon BMRS FUELHH
2025-02-13T22:00:00Z,Other,374.000,Elexon BMRS FUELHH
2025-02-13T22:00:00Z,Pumped Storage,-14.000,Elexon BMRS FUELHH
2025-02-13T22:00:00Z,Wind,6260.000,Elexon BMRS FUELHH
2025-02-13T22:30:00Z,Biomass,3018.000,Elexon BMRS FUELHH
2025-02-13T22:30:00Z,Coal,0.000,Elexon BMRS FUELHH
2025-02-13T22:30:00Z,Gas,14789.000,Elexon BMRS FUELHH
2025-02-13T22:30:00Z,Hydro,234.000,Elexon BMRS FUELHH
2025-02-13T22:30:00Z,Imports & Exports,2358.000,Elexon BMRS FUELHH
2025-02-13T22:30:00Z,Nuclear,4308.000,Elexon BMRS FUELHH
2025-02-13T22:30:00Z,Other,348.000,Elexon BMRS FUELHH
2025-02-13T22:30:00Z,Pumped Storage,-14.000,Elexon BMRS FUELHH
2025-02-13T22:30:00Z,Wind,6444.000,Elexon BMRS FUELHH
2025-02-13T23:00:00Z,Biomass,3019.000,Elexon BMRS FUELHH
2025-02-13T23:00:00Z,Coal,0.000,Elexon BMRS FUELHH
2025-02-13T23:00:00Z,Gas,13553.000,Elexon BMRS FUELHH
2025-02-13T23:00:00Z,Hydro,220.000,Elexon BMRS FUELHH
2025-02-13T23:00:00Z,Imports & Exports,1974.000,Elexon BMRS FUELHH
2025-02-13T23:00:00Z,Nuclear,4309.000,Elexon BMRS FUELHH
2025-02-13T23:00:00Z,Other,361.000,Elexon BMRS FUELHH
2025-02-13T23:00:00Z,Pumped Storage,-18.000,Elexon BMRS FUELHH
2025-02-13T23:00:00Z,Wind,6427.000,Elexon BMRS FUELHH
2025-02-13T23:30:00Z,Biomass,3008.000,Elexon BMRS FUELHH
2025-02-13T23:30:00Z,Coal,0.000,Elexon BMRS FUELHH
2025-02-13T23:30:00Z,Gas,12596.000,Elexon BMRS FUELHH
2025-02-13T23:30:00Z,Hydro,403.000,Elexon BMRS FUELHH
2025-02-13T23:30:00Z,Imports & Exports,1906.000,Elexon BMRS FUELHH
2025-02-13T23:30:00Z,Nuclear,4308.000,Elexon BMRS FUELHH
2025-02-13T23:30:00Z,Other,377.000,Elexon BMRS FUELHH
2025-02-13T23:30:00Z,Pumped Storage,-74.000,Elexon BMRS FUELHH
2025-02-13T23:30:00Z,Wind,6100.000,Elexon BMRS FUELHH
2025-02-14T00:00:00Z,Biomass,3015.000,Elexon BMRS FUELHH
2025-02-14T00:00:00Z,Coal,0.000,Elexon BMRS FUELHH
2025-02-14T00:00:00Z,Gas,11930.000,Elexon BMRS FUELHH
2025-02-14T00:00:00Z,Hydro,277.000,Elexon BMRS FUELHH
2025-02-14T00:00:00Z,Imports & Exports,3660.000,Elexon BMRS FUELHH
2025-02-14T00:00:00Z,Nuclear,4308.000,Elexon BMRS FUELHH
2025-02-14T00:00:00Z,Other,335.000,Elexon BMRS FUELHH
2025-02-14T00:00:00Z,Pumped Storage,-738.000,Elexon BMRS FUELHH
2025-02-14T00:00:00Z,Wind,5965.000,Elexon BMRS FUELHH
2025-02-14T00:30:00Z,Biomass,3017.000,Elexon BMRS FUELHH
2025-02-14T00:30:00Z,Coal,0.000,Elexon BMRS FUELHH
2025-02-14T00:30:00Z,Gas,12140.000,Elexon BMRS FUELHH
2025-02-14T00:30:00Z,Hydro,379.000,Elexon BMRS FUELHH
2025-02-14T00:30:00Z,Imports & Exports,3732.000,Elexon BMRS FUELHH
2025-02-14T00:30:00Z,Nuclear,4309.000,Elexon BMRS FUELHH
2025-02-14T00:30:00Z,Other,444.000,Elexon BMRS FUELHH
2025-02-14T00:30:00Z,Pumped Storage,-878.000,Elexon BMRS FUELHH
2025-02-14T00:30:00Z,Wind,6046.000,Elexon BMRS FUELHH
2025-02-14T01:00:00Z,Biomass,3016.000,Elexon BMRS FUELHH
2025-02-14T01:00:00Z,Coal,0.000,Elexon BMRS FUELHH
2025-02-14T01:00:00Z,Gas,11982.000,Elexon BMRS FUELHH
2025-02-14T01:00:00Z,Hydro,295.000,Elexon BMRS FUELHH
2025-02-14T01:00:00Z,Imports & Exports,3824.000,Elexon BMRS FUELHH
2025-02-14T01:00:00Z,Nuclear,4311.000,Elexon BMRS FUELHH
2025-02-14T01:00:00Z,Other,390.000,Elexon BMRS FUELHH
2025-02-14T01:00:00Z,Pumped Storage,-1024.000,Elexon BMRS FUELHH
2025-02-14T01:00:00Z,Wind,5977.000,Elexon BMRS FUELHH
2025-02-14T01:30:00Z,Biomass,3006.000,Elexon BMRS FUELHH
2025-02-14T01:30:00Z,Coal,0.000,Elexon BMRS FUELHH
2025-02-14T01:30:00Z,Gas,11866.000,Elexon BMRS FUELHH
2025-02-14T01:30:00Z,Hydro,175.000,Elexon BMRS FUELHH
2025-02-14T01:30:00Z,Imports & Exports,3832.000,Elexon BMRS FUELHH
2025-02-14T01:30:00Z,Nuclear,4313.000,Elexon BMRS FUELHH
2025-02-14T01:30:00Z,Other,285.000,Elexon BMRS FUELHH
2025-02-14T01:30:00Z,Pumped Storage,-1380.000,Elexon BMRS FUELHH
2025-02-14T01:30:00Z,Wind,5990.000,Elexon BMRS FUELHH
2025-02-14T02:00:00Z,Biomass,3007.000,Elexon BMRS FUELHH
2025-02-14T02:00:00Z,Coal,0.000,Elexon BMRS FUELHH
2025-02-14T02:00:00Z,Gas,11660.000,Elexon BMRS FUELHH
2025-02-14T02:00:00Z,Hydro,176.000,Elexon BMRS FUELHH
2025-02-14T02:00:00Z,Imports & Exports,4060.000,Elexon BMRS FUELHH
2025-02-14T02:00:00Z,Nuclear,4313.000,Elexon BMRS FUELHH
2025-02-14T02:00:00Z,Other,255.000,Elexon BMRS FUELHH
2025-02-14T02:00:00Z,Pumped Storage,-1686.000,Elexon BMRS FUELHH
2025-02-14T02:00:00Z,Wind,6145.000,Elexon BMRS FUELHH
2025-02-14T02:30:00Z,Biomass,2870.000,Elexon BMRS FUELHH
2025-02-14T02:30:00Z,Coal,0.000,Elexon BMRS FUELHH
2025-02-14T02:30:00Z,Gas,11215.000,Elexon BMRS FUELHH
2025-02-14T02:30:00Z,Hydro,175.000,Elexon BMRS FUELHH
2025-02-14T02:30:00Z,Imports & Exports,4024.000,Elexon BMRS FUELHH
2025-02-14T02:30:00Z,Nuclear,4315.000,Elexon BMRS FUELHH
2025-02-14T02:30:00Z,Other,278.000,Elexon BMRS FUELHH
2025-02-14T02:30:00Z,Pumped Storage,-1672.000,Elexon BMRS FUELHH
2025-02-14T02:30:00Z,Wind,6364.000,Elexon BMRS FUELHH
2025-02-14T03:00:00Z,Biomass,2692.000,Elexon BMRS FUELHH
2025-02-14T03:00:00Z,Coal,0.000,Elexon BMRS FUELHH
2025-02-14T03:00:00Z,Gas,11304.000,Elexon BMRS FUELHH
2025-02-14T03:00:00Z,Hydro,175.000,Elexon BMRS FUELHH
2025-02-14T03:00:00Z,Imports & Exports,3440.000,Elexon BMRS FUELHH
2025-02-14T03:00:00Z,Nuclear,4323.000,Elexon BMRS FUELHH
2025-02-14T03:00:00Z,Other,242.000,Elexon BMRS FUELHH
2025-02-14T03:00:00Z,Pumped Storage,-1674.000,Elexon BMRS FUELHH
2025-02-14T03:00:00Z,Wind,6474.000,Elexon BMRS FUELHH
2025-02-14T03:30:00Z,Biomass,2696.000,Elexon BMRS FUELHH
2025-02-14T03:30:00Z,Coal,0.000,Elexon BMRS FUELHH
2025-02-14T03:30:00Z,Gas,11205.000,Elexon BMRS FUELHH
2025-02-14T03:30:00Z,Hydro,174.000,Elexon BMRS FUELHH
2025-02-14T03:30:00Z,Imports & Exports,3294.000,Elexon BMRS FUELHH
2025-02-14T03:30:00Z,Nuclear,4322.000,Elexon BMRS FUELHH
2025-02-14T03:30:00Z,Other,249.000,Elexon BMRS FUELHH
2025-02-14T03:30:00Z,Pumped Storage,-1654.000,Elexon BMRS FUELHH
2025-02-14T03:30:00Z,Wind,6619.000,Elexon BMRS FUELHH
2025-02-14T04:00:00Z,Biomass,2852.000,Elexon BMRS FUELHH
2025-02-14T04:00:00Z,Coal,0.000,Elexon BMRS FUELHH
2025-02-14T04:00:00Z,Gas,11251.000,Elexon BMRS FUELHH
2025-02-14T04:00:00Z,Hydro,172.000,Elexon BMRS FUELHH
2025-02-14T04:00:00Z,Imports & Exports,1894.000,Elexon BMRS FUELHH
2025-02-14T04:00:00Z,Nuclear,4318.000,Elexon BMRS FUELHH
2025-02-14T04:00:00Z,Other,322.000,Elexon BMRS FUELHH
2025-02-14T04:00:00Z,Pumped Storage,-1630.000,Elexon BMRS FUELHH
2025-02-14T04:00:00Z,Wind,6774.000,Elexon BMRS FUELHH
2025-02-14T04:30:00Z,Biomass,3007.000,Elexon BMRS FUELHH
2025-02-14T04:30:00Z,Coal,0.000,Elexon BMRS FUELHH
2025-02-14T04:30:00Z,Gas,11534.000,Elexon BMRS FUELHH
2025-02-14T04:30:00Z,Hydro,173.000,Elexon BMRS FUELHH
2025-02-14T04:30:00Z,Imports & Exports,1560.000,Elexon BMRS FUELHH
2025-02-14T04:30:00Z,Nuclear,4321.000,Elexon BMRS FUELHH
2025-02-14T04:30:00Z,Other,296.000,Elexon BMRS FUELHH
2025-02-14T04:30:00Z,Pumped Storage,-1564.000,Elexon BMRS FUELHH
2025-02-14T04:30:00Z,Wind,6964.000,Elexon BMRS FUELHH
2025-02-14T05:00:00Z,Biomass,3025.000,Elexon BMRS FUELHH
2025-02-14T05:00:00Z,Coal,0.000,Elexon BMRS FUELHH
2025-02-14T05:00:00Z,Gas,12369.000,Elexon BMRS FUELHH
2025-02-14T05:00:00Z,Hydro,203.000,Elexon BMRS FUELHH
2025-02-14T05:00:00Z,Imports & Exports,-686.000,Elexon BMRS FUELHH
2025-02-14T05:00:00Z,Nuclear,4319.000,Elexon BMRS FUELHH
2025-02-14T05:00:00Z,Other,407.000,Elexon BMRS FUELHH
2025-02-14T05:00:00Z,Pumped Storage,-552.000,Elexon BMRS FUELHH
2025-02-14T05:00:00Z,Wind,7201.000,Elexon BMRS FUELHH
2025-02-14T05:30:00Z,Biomass,3036.000,Elexon BMRS FUELHH
2025-02-14T05:30:00Z,Coal,0.000,Elexon BMRS FUELHH
2025-02-14T05:30:00Z,Gas,12990.000,Elexon BMRS FUELHH
2025-02-14T05:30:00Z,Hydro,192.000,Elexon BMRS FUELHH
2025-02-14T05:30:00Z,Imports & Exports,-976.000,Elexon BMRS FUELHH
2025-02-14T05:30:00Z,Nuclear,4320.000,Elexon BMRS FUELHH
2025-02-14T05:30:00Z,Other,292.000,Elexon BMRS FUELHH
2025-02-14T05:30:00Z,Pumped Storage,-18.000,Elexon BMRS FUELHH
2025-02-14T05:30:00Z,Wind,7632.000,Elexon BMRS FUELHH
2025-02-14T06:00:00Z,Biomass,3047.000,Elexon BMRS FUELHH
2025-02-14T06:00:00Z,Coal,0.000,Elexon BMRS FUELHH
2025-02-14T06:00:00Z,Gas,16356.000,Elexon BMRS FUELHH
2025-02-14T06:00:00Z,Hydro,178.000,Elexon BMRS FUELHH
2025-02-14T06:00:00Z,Imports & Exports,-2022.000,Elexon BMRS FUELHH
2025-02-14T06:00:00Z,Nuclear,4314.000,Elexon BMRS FUELHH
2025-02-14T06:00:00Z,Other,312.000,Elexon BMRS FUELHH
2025-02-14T06:00:00Z,Pumped Storage,-20.000,Elexon BMRS FUELHH
2025-02-14T06:00:00Z,Wind,7758.000,Elexon BMRS FUELHH
2025-02-14T06:30:00Z,Biomass,3049.000,Elexon BMRS FUELHH
2025-02-14T06:30:00Z,Coal,0.000,Elexon BMRS FUELHH
2025-02-14T06:30:00Z,Gas,19079.000,Elexon BMRS FUELHH
2025-02-14T06:30:00Z,Hydro,189.000,Elexon BMRS FUELHH
2025-02-14T06:30:00Z,Imports & Exports,-2222.000,Elexon BMRS FUELHH
2025-02-14T06:30:00Z,Nuclear,4311.000,Elexon BMRS FUELHH
2025-02-14T06:30:00Z,Other,315.000,Elexon BMRS FUELHH
2025-02-14T06:30:00Z,Pumped Storage,-106.000,Elexon BMRS FUELHH
2025-02-14T06:30:00Z,Wind,7980.000,Elexon BMRS FUELHH
2025-02-14T07:00:00Z,Biomass,3049.000,Elexon BMRS FUELHH
2025-02-14T07:00:00Z,Coal,0.000,Elexon BMRS FUELHH
2025-02-14T07:00:00Z,Gas,21141.000,Elexon BMRS FUELHH
2025-02-14T07:00:00Z,Hydro,519.000,Elexon BMRS FUELHH
2025-02-14T07:00:00Z,Imports & Exports,-2458.000,Elexon BMRS FUELHH
2025-02-14T07:00:00Z,Nuclear,4310.000,Elexon BMRS FUELHH
2025-02-14T07:00:00Z,Other,429.000,Elexon BMRS FUELHH
2025-02-14T07:00:00Z,Pumped Storage,18.000,Elexon BMRS FUELHH
2025-02-14T07:00:00Z,Wind,8352.000,Elexon BMRS FUELHH
2025-02-14T07:30:00Z,Biomass,3046.000,Elexon BMRS FUELHH
2025-02-14T07:30:00Z,Coal,0.000,Elexon BMRS FUELHH
2025-02-14T07:30:00Z,Gas,22212.000,Elexon BMRS FUELHH
2025-02-14T07:30:00Z,Hydro,468.000,Elexon BMRS FUELHH
2025-02-14T07:30:00Z,Imports & Exports,-2508.000,Elexon BMRS FUELHH
2025-02-14T07:30:00Z,Nuclear,4311.000,Elexon BMRS FUELHH
2025-02-14T07:30:00Z,Other,679.000,Elexon BMRS FUELHH
2025-02-14T07:30:00Z,Pumped Storage,268.000,Elexon BMRS FUELHH
2025-02-14T07:30:00Z,Wind,8628.000,Elexon BMRS FUELHH
2025-02-14T08:00:00Z,Biomass,3049.000,Elexon BMRS FUELHH
2025-02-14T08:00:00Z,Coal,0.000,Elexon BMRS FUELHH
2025-02-14T08:00:00Z,Gas,22354.000,Elexon BMRS FUELHH
2025-02-14T08:00:00Z,Hydro,420.000,Elexon BMRS FUELHH
2025-02-14T08:00:00Z,Imports & Exports,-622.000,Elexon BMRS FUELHH
2025-02-14T08:00:00Z,Nuclear,4310.000,Elexon BMRS FUELHH
2025-02-14T08:00:00Z,Other,368.000,Elexon BMRS FUELHH
2025-02-14T08:00:00Z,Pumped Storage,346.000,Elexon BMRS FUELHH
2025-02-14T08:00:00Z,Wind,8461.000,Elexon BMRS FUELHH
2025-02-14T08:30:00Z,Biomass,3043.000,Elexon BMRS FUELHH
2025-02-14T08:30:00Z,Coal,0.000,Elexon BMRS FUELHH
2025-02-14T08:30:00Z,Gas,22643.000,Elexon BMRS FUELHH
2025-02-14T08:30:00Z,Hydro,407.000,Elexon BMRS FUELHH
2025-02-14T08:30:00Z,Imports & Exports,-650.000,Elexon BMRS FUELHH
2025-02-14T08:30:00Z,Nuclear,4312.000,Elexon BMRS FUELHH
2025-02-14T08:30:00Z,Other,384.000,Elexon BMRS FUELHH
2025-02-14T08:30:00Z,Pumped Storage,60.000,Elexon BMRS FUELHH
2025-02-14T08:30:00Z,Wind,9039.000,Elexon BMRS FUELHH
2025-02-14T09:00:00Z,Biomass,3046.000,Elexon BMRS FUELHH
2025-02-14T09:00:00Z,Coal,0.000,Elexon BMRS FUELHH
2025-02-14T09:00:00Z,Gas,22774.000,Elexon BMRS FUELHH
2025-02-14T09:00:00Z,Hydro,398.000,Elexon BMRS FUELHH
2025-02-14T09:00:00Z,Imports & Exports,190.000,Elexon BMRS FUELHH
2025-02-14T09:00:00Z,Nuclear,4312.000,Elexon BMRS FUELHH
2025-02-14T09:00:00Z,Other,449.000,Elexon BMRS FUELHH
2025-02-14T09:00:00Z,Pumped Storage,54.000,Elexon BMRS FUELHH
2025-02-14T09:00:00Z,Wind,8972.000,Elexon BMRS FUELHH
2025-02-14T09:30:00Z,Biomass,3046.000,Elexon BMRS FUELHH
2025-02-14T09:30:00Z,Coal,0.000,Elexon BMRS FUELHH
2025-02-14T09:30:00Z,Gas,22946.000,Elexon BMRS FUELHH
2025-02-14T09:30:00Z,Hydro,398.000,Elexon BMRS FUELHH
2025-02-14T09:30:00Z,Imports & Exports,-32.000,Elexon BMRS FUELHH
2025-02-14T09:30:00Z,Nuclear,4314.000,Elexon BMRS FUELHH
2025-02-14T09:30:00Z,Other,437.000,Elexon BMRS FUELHH
2025-02-14T09:30:00Z,Pumped Storage,-128.000,Elexon BMRS FUELHH
2025-02-14T09:30:00Z,Wind,8854.000,Elexon BMRS FUELHH
2025-02-14T10:00:00Z,Biomass,3042.000,Elexon BMRS FUELHH
2025-02-14T10:00:00Z,Coal,0.000,Elexon BMRS FUELHH
2025-02-14T10:00:00Z,Gas,22697.000,Elexon BMRS FUELHH
2025-02-14T10:00:00Z,Hydro,274.000,Elexon BMRS FUELHH
2025-02-14T10:00:00Z,Imports & Exports,104.000,Elexon BMRS FUELHH
2025-02-14T10:00:00Z,Nuclear,4313.000,Elexon BMRS FUELHH
2025-02-14T10:00:00Z,Other,345.000,Elexon BMRS FUELHH
2025-02-14T10:00:00Z,Pumped Storage,-152.000,Elexon BMRS FUELHH
2025-02-14T10:00:00Z,Wind,8917.000,Elexon BMRS FUELHH
2025-02-14T10:30:00Z,Biomass,3037.000,Elexon BMRS FUELHH
2025-02-14T10:30:00Z,Coal,0.000,Elexon BMRS FUELHH
2025-02-14T10:30:00Z,Gas,22498.000,Elexon BMRS FUELHH
2025-02-14T10:30:00Z,Hydro,256.000,Elexon BMRS FUELHH
2025-02-14T10:30:00Z,Imports & Exports,-10.000,Elexon BMRS FUELHH
2025-02-14T10:30:00Z,Nuclear,4315.000,Elexon BMRS FUELHH
2025-02-14T10:30:00Z,Other,373.000,Elexon BMRS FUELHH
2025-02-14T10:30:00Z,Pumped Storage,-178.000,Elexon BMRS FUELHH
2025-02-14T10:30:00Z,Wind,8662.000,Elexon BMRS FUELHH
2025-02-14T11:00:00Z,Biomass,3042.000,Elexon BMRS FUELHH
2025-02-14T11:00:00Z,Coal,0.000,Elexon BMRS FUELHH
2025-02-14T11:00:00Z,Gas,21219.000,Elexon BMRS FUELHH
2025-02-14T11:00:00Z,Hydro,236.000,Elexon BMRS FUELHH
2025-02-14T11:00:00Z,Imports & Exports,942.000,Elexon BMRS FUELHH
2025-02-14T11:00:00Z,Nuclear,4313.000,Elexon BMRS FUELHH
2025-02-14T11:00:00Z,Other,341.000,Elexon BMRS FUELHH
2025-02-14T11:00:00Z,Pumped Storage,-178.000,Elexon BMRS FUELHH
2025-02-14T11:00:00Z,Wind,8534.000,Elexon BMRS FUELHH
2025-02-14T11:30:00Z,Biomass,3033.000,Elexon BMRS FUELHH
2025-02-14T11:30:00Z,Coal,0.000,Elexon BMRS FUELHH
2025-02-14T11:30:00Z,Gas,21047.000,Elexon BMRS FUELHH
2025-02-14T11:30:00Z,Hydro,239.000,Elexon BMRS FUELHH
2025-02-14T11:30:00Z,Imports & Exports,810.000,Elexon BMRS FUELHH
2025-02-14T11:30:00Z,Nuclear,4311.000,Elexon BMRS FUELHH
2025-02-14T11:30:00Z,Other,330.000,Elexon BMRS FUELHH
2025-02-14T11:30:00Z,Pumped Storage,-178.000,Elexon BMRS FUELHH
2025-02-14T11:30:00Z,Wind,8292.000,Elexon BMRS FUELHH
2025-02-14T12:00:00Z,Biomass,3039.000,Elexon BMRS FUELHH
2025-02-14T12:00:00Z,Coal,0.000,Elexon BMRS FUELHH
2025-02-14T12:00:00Z,Gas,21356.000,Elexon BMRS FUELHH
2025-02-14T12:00:00Z,Hydro,240.000,Elexon BMRS FUELHH
2025-02-14T12:00:00Z,Imports & Exports,-92.000,Elexon BMRS FUELHH
2025-02-14T12:00:00Z,Nuclear,4310.000,Elexon BMRS FUELHH
2025-02-14T12:00:00Z,Other,465.000,Elexon BMRS FUELHH
2025-02-14T12:00:00Z,Pumped Storage,-176.000,Elexon BMRS FUELHH
2025-02-14T12:00:00Z,Wind,8319.000,Elexon BMRS FUELHH
2025-02-14T12:30:00Z,Biomass,2994.000,Elexon BMRS FUELHH
2025-02-14T12:30:00Z,Coal,0.000,Elexon BMRS FUELHH
2025-02-14T12:30:00Z,Gas,21271.000,Elexon BMRS FUELHH
2025-02-14T12:30:00Z,Hydro,251.000,Elexon BMRS FUELHH
2025-02-14T12:30:00Z,Imports & Exports,-210.000,Elexon BMRS FUELHH
2025-02-14T12:30:00Z,Nuclear,4310.000,Elexon BMRS FUELHH
2025-02-14T12:30:00Z,Other,389.000,Elexon BMRS FUELHH
2025-02-14T12:30:00Z,Pumped Storage,-176.000,Elexon BMRS FUELHH
2025-02-14T12:30:00Z,Wind,8242.000,Elexon BMRS FUELHH
2025-02-14T13:00:00Z,Biomass,2534.000,Elexon BMRS FUELHH
2025-02-14T13:00:00Z,Coal,0.000,Elexon BMRS FUELHH
2025-02-14T13:00:00Z,Gas,21562.000,Elexon BMRS FUELHH
2025-02-14T13:00:00Z,Hydro,259.000,Elexon BMRS FUELHH
2025-02-14T13:00:00Z,Imports & Exports,-152.000,Elexon BMRS FUELHH
2025-02-14T13:00:00Z,Nuclear,4318.000,Elexon BMRS FUELHH
2025-02-14T13:00:00Z,Other,400.000,Elexon BMRS FUELHH
2025-02-14T13:00:00Z,Pumped Storage,-176.000,Elexon BMRS FUELHH
2025-02-14T13:00:00Z,Wind,8039.000,Elexon BMRS FUELHH
2025-02-14T13:30:00Z,Biomass,2306.000,Elexon BMRS FUELHH
2025-02-14T13:30:00Z,Coal,0.000,Elexon BMRS FUELHH
2025-02-14T13:30:00Z,Gas,21578.000,Elexon BMRS FUELHH
2025-02-14T13:30:00Z,Hydro,259.000,Elexon BMRS FUELHH
2025-02-14T13:30:00Z,Imports & Exports,-112.000,Elexon BMRS FUELHH
2025-02-14T13:30:00Z,Nuclear,4308.000,Elexon BMRS FUELHH
2025-02-14T13:30:00Z,Other,433.000,Elexon BMRS FUELHH
2025-02-14T13:30:00Z,Pumped Storage,-174.000,Elexon BMRS FUELHH
2025-02-14T13:30:00Z,Wind,7844.000,Elexon BMRS FUELHH
2025-02-14T14:00:00Z,Biomass,2313.000,Elexon BMRS FUELHH
2025-02-14T14:00:00Z,Coal,0.000,Elexon BMRS FUELHH
2025-02-14T14:00:00Z,Gas,21141.000,Elexon BMRS FUELHH
2025-02-14T14:00:00Z,Hydro,248.000,Elexon BMRS FUELHH
2025-02-14T14:00:00Z,Imports & Exports,428.000,Elexon BMRS FUELHH
2025-02-14T14:00:00Z,Nuclear,4304.000,Elexon BMRS FUELHH
2025-02-14T14:00:00Z,Other,358.000,Elexon BMRS FUELHH
2025-02-14T14:00:00Z,Pumped Storage,-170.000,Elexon BMRS FUELHH
2025-02-14T14:00:00Z,Wind,7706.000,Elexon BMRS FUELHH
2025-02-14T14:30:00Z,Biomass,2423.000,Elexon BMRS FUELHH
2025-02-14T14:30:00Z,Coal,0.000,Elexon BMRS FUELHH
2025-02-14T14:30:00Z,Gas,21311.000,Elexon BMRS FUELHH
2025-02-14T14:30:00Z,Hydro,259.000,Elexon BMRS FUELHH
2025-02-14T14:30:00Z,Imports & Exports,412.000,Elexon BMRS FUELHH
2025-02-14T14:30:00Z,Nuclear,4303.000,Elexon BMRS FUELHH
2025-02-14T14:30:00Z,Other,381.000,Elexon BMRS FUELHH
2025-02-14T14:30:00Z,Pumped Storage,-170.000,Elexon BMRS FUELHH
2025-02-14T14:30:00Z,Wind,7374.000,Elexon BMRS FUELHH
2025-02-14T15:00:00Z,Biomass,2823.000,Elexon BMRS FUELHH
2025-02-14T15:00:00Z,Coal,0.000,Elexon BMRS FUELHH
2025-02-14T15:00:00Z,Gas,21539.000,Elexon BMRS FUELHH
2025-02-14T15:00:00Z,Hydro,275.000,Elexon BMRS FUELHH
2025-02-14T15:00:00Z,Imports & Exports,436.000,Elexon BMRS FUELHH
2025-02-14T15:00:00Z,Nuclear,4304.000,Elexon BMRS FUELHH
2025-02-14T15:00:00Z,Other,406.000,Elexon BMRS FUELHH
2025-02-14T15:00:00Z,Pumped Storage,390.000,Elexon BMRS FUELHH
2025-02-14T15:00:00Z,Wind,7088.000,Elexon BMRS FUELHH
2025-02-14T15:30:00Z,Biomass,3051.000,Elexon BMRS FUELHH
2025-02-14T15:30:00Z,Coal,0.000,Elexon BMRS FUELHH
2025-02-14T15:30:00Z,Gas,22242.000,Elexon BMRS FUELHH
2025-02-14T15:30:00Z,Hydro,289.000,Elexon BMRS FUELHH
2025-02-14T15:30:00Z,Imports & Exports,340.000,Elexon BMRS FUELHH
2025-02-14T15:30:00Z,Nuclear,4303.000,Elexon BMRS FUELHH
2025-02-14T15:30:00Z,Other,372.000,Elexon BMRS FUELHH
2025-02-14T15:30:00Z,Pumped Storage,672.000,Elexon BMRS FUELHH
2025-02-14T15:30:00Z,Wind,7102.000,Elexon BMRS FUELHH
2025-02-14T16:00:00Z,Biomass,3059.000,Elexon BMRS FUELHH
2025-02-14T16:00:00Z,Coal,0.000,Elexon BMRS FUELHH
2025-02-14T16:00:00Z,Gas,22989.000,Elexon BMRS FUELHH
2025-02-14T16:00:00Z,Hydro,573.000,Elexon BMRS FUELHH
2025-02-14T16:00:00Z,Imports & Exports,-236.000,Elexon BMRS FUELHH
2025-02-14T16:00:00Z,Nuclear,4308.000,Elexon BMRS FUELHH
2025-02-14T16:00:00Z,Other,465.000,Elexon BMRS FUELHH
2025-02-14T16:00:00Z,Pumped Storage,1146.000,Elexon BMRS FUELHH
2025-02-14T16:00:00Z,Wind,7067.000,Elexon BMRS FUELHH
2025-02-14T16:30:00Z,Biomass,3055.000,Elexon BMRS FUELHH
2025-02-14T16:30:00Z,Coal,0.000,Elexon BMRS FUELHH
2025-02-14T16:30:00Z,Gas,23679.000,Elexon BMRS FUELHH
2025-02-14T16:30:00Z,Hydro,581.000,Elexon BMRS FUELHH
2025-02-14T16:30:00Z,Imports & Exports,-244.000,Elexon BMRS FUELHH
2025-02-14T16:30:00Z,Nuclear,4312.000,Elexon BMRS FUELHH
2025-02-14T16:30:00Z,Other,785.000,Elexon BMRS FUELHH
2025-02-14T16:30:00Z,Pumped Storage,1336.000,Elexon BMRS FUELHH
2025-02-14T16:30:00Z,Wind,7011.000,Elexon BMRS FUELHH
2025-02-14T17:00:00Z,Biomass,3044.000,Elexon BMRS FUELHH
2025-02-14T17:00:00Z,Coal,0.000,Elexon BMRS FUELHH
2025-02-14T17:00:00Z,Gas,23936.000,Elexon BMRS FUELHH
2025-02-14T17:00:00Z,Hydro,772.000,Elexon BMRS FUELHH
2025-02-14T17:00:00Z,Imports & Exports,-416.000,Elexon BMRS FUELHH
2025-02-14T17:00:00Z,Nuclear,4303.000,Elexon BMRS FUELHH
2025-02-14T17:00:00Z,Other,1189.000,Elexon BMRS FUELHH
2025-02-14T17:00:00Z,Pumped Storage,1544.000,Elexon BMRS FUELHH
2025-02-14T17:00:00Z,Wind,7192.000,Elexon BMRS FUELHH
2025-02-14T17:30:00Z,Biomass,3060.000,Elexon BMRS FUELHH
2025-02-14T17:30:00Z,Coal,0.000,Elexon BMRS FUELHH
2025-02-14T17:30:00Z,Gas,24089.000,Elexon BMRS FUELHH
2025-02-14T17:30:00Z,Hydro,784.000,Elexon BMRS FUELHH
2025-02-14T17:30:00Z,Imports & Exports,-424.000,Elexon BMRS FUELHH
2025-02-14T17:30:00Z,Nuclear,4306.000,Elexon BMRS FUELHH
2025-02-14T17:30:00Z,Other,1496.000,Elexon BMRS FUELHH
2025-02-14T17:30:00Z,Pumped Storage,1460.000,Elexon BMRS FUELHH
2025-02-14T17:30:00Z,Wind,7484.000,Elexon BMRS FUELHH
2025-02-14T18:00:00Z,Biomass,3066.000,Elexon BMRS FUELHH
2025-02-14T18:00:00Z,Coal,0.000,Elexon BMRS FUELHH
2025-02-14T18:00:00Z,Gas,24114.000,Elexon BMRS FUELHH
2025-02-14T18:00:00Z,Hydro,783.000,Elexon BMRS FUELHH
2025-02-14T18:00:00Z,Imports & Exports,-1512.000,Elexon BMRS FUELHH
2025-02-14T18:00:00Z,Nuclear,4303.000,Elexon BMRS FUELHH
2025-02-14T18:00:00Z,Other,2152.000,Elexon BMRS FUELHH
2025-02-14T18:00:00Z,Pumped Storage,1736.000,Elexon BMRS FUELHH
2025-02-14T18:00:00Z,Wind,7656.000,Elexon BMRS FUELHH
2025-02-14T18:30:00Z,Biomass,3051.000,Elexon BMRS FUELHH
2025-02-14T18:30:00Z,Coal,0.000,Elexon BMRS FUELHH
2025-02-14T18:30:00Z,Gas,24056.000,Elexon BMRS FUELHH
2025-02-14T18:30:00Z,Hydro,773.000,Elexon BMRS FUELHH
2025-02-14T18:30:00Z,Imports & Exports,-1504.000,Elexon BMRS FUELHH
2025-02-14T18:30:00Z,Nuclear,4308.000,Elexon BMRS FUELHH
2025-02-14T18:30:00Z,Other,1773.000,Elexon BMRS FUELHH
2025-02-14T18:30:00Z,Pumped Storage,1364.000,Elexon BMRS FUELHH
2025-02-14T18:30:00Z,Wind,7926.000,Elexon BMRS FUELHH
2025-02-14T19:00:00Z,Biomass,3044.000,Elexon BMRS FUELHH
2025-02-14T19:00:00Z,Coal,0.000,Elexon BMRS FUELHH
2025-02-14T19:00:00Z,Gas,23723.000,Elexon BMRS FUELHH
2025-02-14T19:00:00Z,Hydro,619.000,Elexon BMRS FUELHH
2025-02-14T19:00:00Z,Imports & Exports,-392.000,Elexon BMRS FUELHH
2025-02-14T19:00:00Z,Nuclear,4303.000,Elexon BMRS FUELHH
2025-02-14T19:00:00Z,Other,1086.000,Elexon BMRS FUELHH
2025-02-14T19:00:00Z,Pumped Storage,1354.000,Elexon BMRS FUELHH
2025-02-14T19:00:00Z,Wind,8034.000,Elexon BMRS FUELHH
2025-02-14T19:30:00Z,Biomass,3043.000,Elexon BMRS FUELHH
2025-02-14T19:30:00Z,Coal,0.000,Elexon BMRS FUELHH
2025-02-14T19:30:00Z,Gas,23437.000,Elexon BMRS FUELHH
2025-02-14T19:30:00Z,Hydro,595.000,Elexon BMRS FUELHH
2025-02-14T19:30:00Z,Imports & Exports,-326.000,Elexon BMRS FUELHH
2025-02-14T19:30:00Z,Nuclear,4310.000,Elexon BMRS FUELHH
2025-02-14T19:30:00Z,Other,671.000,Elexon BMRS FUELHH
2025-02-14T19:30:00Z,Pumped Storage,964.000,Elexon BMRS FUELHH
2025-02-14T19:30:00Z,Wind,8174.000,Elexon BMRS FUELHH
2025-02-14T20:00:00Z,Biomass,3039.000,Elexon BMRS FUELHH
2025-02-14T20:00:00Z,Coal,0.000,Elexon BMRS FUELHH
2025-02-14T20:00:00Z,Gas,22997.000,Elexon BMRS FUELHH
2025-02-14T20:00:00Z,Hydro,319.000,Elexon BMRS FUELHH
2025-02-14T20:00:00Z,Imports & Exports,-812.000,Elexon BMRS FUELHH
2025-02-14T20:00:00Z,Nuclear,4304.000,Elexon BMRS FUELHH
2025-02-14T20:00:00Z,Other,589.000,Elexon BMRS FUELHH
2025-02-14T20:00:00Z,Pumped Storage,432.000,Elexon BMRS FUELHH
2025-02-14T20:00:00Z,Wind,8473.000,Elexon BMRS FUELHH
2025-02-14T20:30:00Z,Biomass,3032.000,Elexon BMRS FUELHH
2025-02-14T20:30:00Z,Coal,0.000,Elexon BMRS FUELHH
2025-02-14T20:30:00Z,Gas,22261.000,Elexon BMRS FUELHH
2025-02-14T20:30:00Z,Hydro,261.000,Elexon BMRS FUELHH
2025-02-14T20:30:00Z,Imports & Exports,-784.000,Elexon BMRS FUELHH
2025-02-14T20:30:00Z,Nuclear,4301.000,Elexon BMRS FUELHH
2025-02-14T20:30:00Z,Other,371.000,Elexon BMRS FUELHH
2025-02-14T20:30:00Z,Pumped Storage,90.000,Elexon BMRS FUELHH
2025-02-14T20:30:00Z,Wind,8509.000,Elexon BMRS FUELHH
2025-02-14T21:00:00Z,Biomass,3028.000,Elexon BMRS FUELHH
2025-02-14T21:00:00Z,Coal,0.000,Elexon BMRS FUELHH
2025-02-14T21:00:00Z,Gas,20923.000,Elexon BMRS FUELHH
2025-02-14T21:00:00Z,Hydro,187.000,Elexon BMRS FUELHH
2025-02-14T21:00:00Z,Imports & Exports,-242.000,Elexon BMRS FUELHH
2025-02-14T21:00:00Z,Nuclear,4300.000,Elexon BMRS FUELHH
2025-02-14T21:00:00Z,Other,312.000,Elexon BMRS FUELHH
2025-02-14T21:00:00Z,Pumped Storage,-18.000,Elexon BMRS FUELHH
2025-02-14T21:00:00Z,Wind,8138.000,Elexon BMRS FUELHH
2025-02-14T21:30:00Z,Biomass,3038.000,Elexon BMRS FUELHH
2025-02-14T21:30:00Z,Coal,0.000,Elexon BMRS FUELHH
2025-02-14T21:30:00Z,Gas,19327.000,Elexon BMRS FUELHH
2025-02-14T21:30:00Z,Hydro,177.000,Elexon BMRS FUELHH
2025-02-14T21:30:00Z,Imports & Exports,-206.000,Elexon BMRS FUELHH
2025-02-14T21:30:00Z,Nuclear,4303.000,Elexon BMRS FUELHH
2025-02-14T21:30:00Z,Other,365.000,Elexon BMRS FUELHH
2025-02-14T21:30:00Z,Pumped Storage,30.000,Elexon BMRS FUELHH
2025-02-14T21:30:00Z,Wind,7766.000,Elexon BMRS FUELHH
2025-02-14T22:00:00Z,Biomass,3023.000,Elexon BMRS FUELHH
2025-02-14T22:00:00Z,Coal,0.000,Elexon BMRS FUELHH
2025-02-14T22:00:00Z,Gas,17236.000,Elexon BMRS FUELHH
2025-02-14T22:00:00Z,Hydro,167.000,Elexon BMRS FUELHH
2025-02-14T22:00:00Z,Imports & Exports,416.000,Elexon BMRS FUELHH
2025-02-14T22:00:00Z,Nuclear,4312.000,Elexon BMRS FUELHH
2025-02-14T22:00:00Z,Other,333.000,Elexon BMRS FUELHH
2025-02-14T22:00:00Z,Pumped Storage,208.000,Elexon BMRS FUELHH
2025-02-14T22:00:00Z,Wind,7622.000,Elexon BMRS FUELHH
2025-02-14T22:30:00Z,Biomass,3013.000,Elexon BMRS FUELHH
2025-02-14T22:30:00Z,Coal,0.000,Elexon BMRS FUELHH
2025-02-14T22:30:00Z,Gas,16226.000,Elexon BMRS FUELHH
2025-02-14T22:30:00Z,Hydro,165.000,Elexon BMRS FUELHH
2025-02-14T22:30:00Z,Imports & Exports,576.000,Elexon BMRS FUELHH
2025-02-14T22:30:00Z,Nuclear,4309.000,Elexon BMRS FUELHH
2025-02-14T22:30:00Z,Other,318.000,Elexon BMRS FUELHH
2025-02-14T22:30:00Z,Pumped Storage,-12.000,Elexon BMRS FUELHH
2025-02-14T22:30:00Z,Wind,7612.000,Elexon BMRS FUELHH
2025-02-14T23:00:00Z,Biomass,3018.000,Elexon BMRS FUELHH
2025-02-14T23:00:00Z,Coal,0.000,Elexon BMRS FUELHH
2025-02-14T23:00:00Z,Gas,15200.000,Elexon BMRS FUELHH
2025-02-14T23:00:00Z,Hydro,165.000,Elexon BMRS FUELHH
2025-02-14T23:00:00Z,Imports & Exports,-708.000,Elexon BMRS FUELHH
2025-02-14T23:00:00Z,Nuclear,4310.000,Elexon BMRS FUELHH
2025-02-14T23:00:00Z,Other,341.000,Elexon BMRS FUELHH
2025-02-14T23:00:00Z,Pumped Storage,112.000,Elexon BMRS FUELHH
2025-02-14T23:00:00Z,Wind,7678.000,Elexon BMRS FUELHH
2025-02-14T23:30:00Z,Biomass,3031.000,Elexon BMRS FUELHH
2025-02-14T23:30:00Z,Coal,0.000,Elexon BMRS FUELHH
2025-02-14T23:30:00Z,Gas,14059.000,Elexon BMRS FUELHH
2025-02-14T23:30:00Z,Hydro,165.000,Elexon BMRS FUELHH
2025-02-14T23:30:00Z,Imports & Exports,-614.000,Elexon BMRS FUELHH
2025-02-14T23:30:00Z,Nuclear,4306.000,Elexon BMRS FUELHH
2025-02-14T23:30:00Z,Other,344.000,Elexon BMRS FUELHH
2025-02-14T23:30:00Z,Pumped Storage,208.000,Elexon BMRS FUELHH
2025-02-14T23:30:00Z,Wind,7575.000,Elexon BMRS FUELHH
2025-02-15T00:00:00Z,Biomass,3030.000,Elexon BMRS FUELHH
2025-02-15T00:00:00Z,Coal,0.000,Elexon BMRS FUELHH
2025-02-15T00:00:00Z,Gas,13686.000,Elexon BMRS FUELHH
2025-02-15T00:00:00Z,Hydro,162.000,Elexon BMRS FUELHH
2025-02-15T00:00:00Z,Imports & Exports,290.000,Elexon BMRS FUELHH
2025-02-15T00:00:00Z,Nuclear,4307.000,Elexon BMRS FUELHH
2025-02-15T00:00:00Z,Other,291.000,Elexon BMRS FUELHH
2025-02-15T00:00:00Z,Pumped Storage,288.000,Elexon BMRS FUELHH
2025-02-15T00:00:00Z,Wind,7454.000,Elexon BMRS FUELHH
2025-02-15T00:30:00Z,Biomass,3035.000,Elexon BMRS FUELHH
2025-02-15T00:30:00Z,Coal,0.000,Elexon BMRS FUELHH
2025-02-15T00:30:00Z,Gas,13929.000,Elexon BMRS FUELHH
2025-02-15T00:30:00Z,Hydro,153.000,Elexon BMRS FUELHH
2025-02-15T00:30:00Z,Imports & Exports,440.000,Elexon BMRS FUELHH
2025-02-15T00:30:00Z,Nuclear,4307.000,Elexon BMRS FUELHH
2025-02-15T00:30:00Z,Other,443.000,Elexon BMRS FUELHH
2025-02-15T00:30:00Z,Pumped Storage,288.000,Elexon BMRS FUELHH
2025-02-15T00:30:00Z,Wind,7237.000,Elexon BMRS FUELHH
2025-02-15T01:00:00Z,Biomass,2994.000,Elexon BMRS FUELHH
2025-02-15T01:00:00Z,Coal,0.000,Elexon BMRS FUELHH
2025-02-15T01:00:00Z,Gas,13685.000,Elexon BMRS FUELHH
2025-02-15T01:00:00Z,Hydro,151.000,Elexon BMRS FUELHH
2025-02-15T01:00:00Z,Imports & Exports,692.000,Elexon BMRS FUELHH
2025-02-15T01:00:00Z,Nuclear,4314.000,Elexon BMRS FUELHH
2025-02-15T01:00:00Z,Other,307.000,Elexon BMRS FUELHH
2025-02-15T01:00:00Z,Pumped Storage,288.000,Elexon BMRS FUELHH
2025-02-15T01:00:00Z,Wind,6969.000,Elexon BMRS FUELHH
2025-02-15T01:30:00Z,Biomass,2946.000,Elexon BMRS FUELHH
2025-02-15T01:30:00Z,Coal,0.000,Elexon BMRS FUELHH
2025-02-15T01:30:00Z,Gas,13285.000,Elexon BMRS FUELHH
2025-02-15T01:30:00Z,Hydro,151.000,Elexon BMRS FUELHH
2025-02-15T01:30:00Z,Imports & Exports,748.000,Elexon BMRS FUELHH
2025-02-15T01:30:00Z,Nuclear,4312.000,Elexon BMRS FUELHH
2025-02-15T01:30:00Z,Other,294.000,Elexon BMRS FUELHH
2025-02-15T01:30:00Z,Pumped Storage,140.000,Elexon BMRS FUELHH
2025-02-15T01:30:00Z,Wind,6702.000,Elexon BMRS FUELHH
2025-02-15T02:00:00Z,Biomass,2971.000,Elexon BMRS FUELHH
2025-02-15T02:00:00Z,Coal,0.000,Elexon BMRS FUELHH
2025-02-15T02:00:00Z,Gas,13029.000,Elexon BMRS FUELHH
2025-02-15T02:00:00Z,Hydro,152.000,Elexon BMRS FUELHH
2025-02-15T02:00:00Z,Imports & Exports,970.000,Elexon BMRS FUELHH
2025-02-15T02:00:00Z,Nuclear,4312.000,Elexon BMRS FUELHH
2025-02-15T02:00:00Z,Other,303.000,Elexon BMRS FUELHH
2025-02-15T02:00:00Z,Pumped Storage,-92.000,Elexon BMRS FUELHH
2025-02-15T02:00:00Z,Wind,6521.000,Elexon BMRS FUELHH
2025-02-15T02:30:00Z,Biomass,3033.000,Elexon BMRS FUELHH
2025-02-15T02:30:00Z,Coal,0.000,Elexon BMRS FUELHH
2025-02-15T02:30:00Z,Gas,13016.000,Elexon BMRS FUELHH
2025-02-15T02:30:00Z,Hydro,152.000,Elexon BMRS FUELHH
2025-02-15T02:30:00Z,Imports & Exports,1006.000,Elexon BMRS FUELHH
2025-02-15T02:30:00Z,Nuclear,4307.000,Elexon BMRS FUELHH
2025-02-15T02:30:00Z,Other,308.000,Elexon BMRS FUELHH
2025-02-15T02:30:00Z,Pumped Storage,-244.000,Elexon BMRS FUELHH
2025-02-15T02:30:00Z,Wind,5992.000,Elexon BMRS FUELHH
2025-02-15T03:00:00Z,Biomass,3039.000,Elexon BMRS FUELHH
2025-02-15T03:00:00Z,Coal,0.000,Elexon BMRS FUELHH
2025-02-15T03:00:00Z,Gas,13354.000,Elexon BMRS FUELHH
2025-02-15T03:00:00Z,Hydro,118.000,Elexon BMRS FUELHH
2025-02-15T03:00:00Z,Imports & Exports,904.000,Elexon BMRS FUELHH
2025-02-15T03:00:00Z,Nuclear,4306.000,Elexon BMRS FUELHH
2025-02-15T03:00:00Z,Other,341.000,Elexon BMRS FUELHH
2025-02-15T03:00:00Z,Pumped Storage,-248.000,Elexon BMRS FUELHH
2025-02-15T03:00:00Z,Wind,5172.000,Elexon BMRS FUELHH
2025-02-15T03:30:00Z,Biomass,3041.000,Elexon BMRS FUELHH
2025-02-15T03:30:00Z,Coal,0.000,Elexon BMRS FUELHH
2025-02-15T03:30:00Z,Gas,13514.000,Elexon BMRS FUELHH
2025-02-15T03:30:00Z,Hydro,148.000,Elexon BMRS FUELHH
2025-02-15T03:30:00Z,Imports & Exports,814.000,Elexon BMRS FUELHH
2025-02-15T03:30:00Z,Nuclear,4302.000,Elexon BMRS FUELHH
2025-02-15T03:30:00Z,Other,326.000,Elexon BMRS FUELHH
2025-02-15T03:30:00Z,Pumped Storage,-248.000,Elexon BMRS FUELHH
2025-02-15T03:30:00Z,Wind,4421.000,Elexon BMRS FUELHH
2025-02-15T04:00:00Z,Biomass,3041.000,Elexon BMRS FUELHH
2025-02-15T04:00:00Z,Coal,0.000,Elexon BMRS FUELHH
2025-02-15T04:00:00Z,Gas,13467.000,Elexon BMRS FUELHH
2025-02-15T04:00:00Z,Hydro,200.000,Elexon BMRS FUELHH
2025-02-15T04:00:00Z,Imports & Exports,210.000,Elexon BMRS FUELHH
2025-02-15T04:00:00Z,Nuclear,4307.000,Elexon BMRS FUELHH
2025-02-15T04:00:00Z,Other,344.000,Elexon BMRS FUELHH
2025-02-15T04:00:00Z,Pumped Storage,-142.000,Elexon BMRS FUELHH
2025-02-15T04:00:00Z,Wind,3892.000,Elexon BMRS FUELHH
2025-02-15T04:30:00Z,Biomass,3040.000,Elexon BMRS FUELHH
2025-02-15T04:30:00Z,Coal,0.000,Elexon BMRS FUELHH
2025-02-15T04:30:00Z,Gas,13665.000,Elexon BMRS FUELHH
2025-02-15T04:30:00Z,Hydro,263.000,Elexon BMRS FUELHH
2025-02-15T04:30:00Z,Imports & Exports,166.000,Elexon BMRS FUELHH
2025-02-15T04:30:00Z,Nuclear,4296.000,Elexon BMRS FUELHH
2025-02-15T04:30:00Z,Other,440.000,Elexon BMRS FUELHH
2025-02-15T04:30:00Z,Pumped Storage,-138.000,Elexon BMRS FUELHH
2025-02-15T04:30:00Z,Wind,3501.000,Elexon BMRS FUELHH
2025-02-15T05:00:00Z,Biomass,3036.000,Elexon BMRS FUELHH
2025-02-15T05:00:00Z,Coal,0.000,Elexon BMRS FUELHH
2025-02-15T05:00:00Z,Gas,14226.000,Elexon BMRS FUELHH
2025-02-15T05:00:00Z,Hydro,326.000,Elexon BMRS FUELHH
2025-02-15T05:00:00Z,Imports & Exports,-510.000,Elexon BMRS FUELHH
2025-02-15T05:00:00Z,Nuclear,4296.000,Elexon BMRS FUELHH
2025-02-15T05:00:00Z,Other,447.000,Elexon BMRS FUELHH
2025-02-15T05:00:00Z,Pumped Storage,-22.000,Elexon BMRS FUELHH
2025-02-15T05:00:00Z,Wind,3428.000,Elexon BMRS FUELHH
2025-02-15T05:30:00Z,Biomass,3037.000,Elexon BMRS FUELHH
2025-02-15T05:30:00Z,Coal,0.000,Elexon BMRS FUELHH
2025-02-15T05:30:00Z,Gas,14727.000,Elexon BMRS FUELHH
2025-02-15T05:30:00Z,Hydro,367.000,Elexon BMRS FUELHH
2025-02-15T05:30:00Z,Imports & Exports,-522.000,Elexon BMRS FUELHH
2025-02-15T05:30:00Z,Nuclear,4300.000,Elexon BMRS FUELHH
2025-02-15T05:30:00Z,Other,389.000,Elexon BMRS FUELHH
2025-02-15T05:30:00Z,Pumped Storage,-16.000,Elexon BMRS FUELHH
2025-02-15T05:30:00Z,Wind,3483.000,Elexon BMRS FUELHH
2025-02-15T06:00:00Z,Biomass,3030.000,Elexon BMRS FUELHH
2025-02-15T06:00:00Z,Coal,0.000,Elexon BMRS FUELHH
2025-02-15T06:00:00Z,Gas,15501.000,Elexon BMRS FUELHH
2025-02-15T06:00:00Z,Hydro,410.000,Elexon BMRS FUELHH
2025-02-15T06:00:00Z,Imports & Exports,-420.000,Elexon BMRS FUELHH
2025-02-15T06:00:00Z,Nuclear,4300.000,Elexon BMRS FUELHH
2025-02-15T06:00:00Z,Other,345.000,Elexon BMRS FUELHH
2025-02-15T06:00:00Z,Pumped Storage,78.000,Elexon BMRS FUELHH
2025-02-15T06:00:00Z,Wind,3472.000,Elexon BMRS FUELHH
2025-02-15T06:30:00Z,Biomass,3032.000,Elexon BMRS FUELHH
2025-02-15T06:30:00Z,Coal,0.000,Elexon BMRS FUELHH
2025-02-15T06:30:00Z,Gas,16261.000,Elexon BMRS FUELHH
2025-02-15T06:30:00Z,Hydro,418.000,Elexon BMRS FUELHH
2025-02-15T06:30:00Z,Imports & Exports,-330.000,Elexon BMRS FUELHH
2025-02-15T06:30:00Z,Nuclear,4300.000,Elexon BMRS FUELHH
2025-02-15T06:30:00Z,Other,433.000,Elexon BMRS FUELHH
2025-02-15T06:30:00Z,Pumped Storage,-16.000,Elexon BMRS FUELHH
2025-02-15T06:30:00Z,Wind,3595.000,Elexon BMRS FUELHH
2025-02-15T07:00:00Z,Biomass,3035.000,Elexon BMRS FUELHH
2025-02-15T07:00:00Z,Coal,0.000,Elexon BMRS FUELHH
2025-02-15T07:00:00Z,Gas,16464.000,Elexon BMRS FUELHH
2025-02-15T07:00:00Z,Hydro,450.000,Elexon BMRS FUELHH
2025-02-15T07:00:00Z,Imports & Exports,1146.000,Elexon BMRS FUELHH
2025-02-15T07:00:00Z,Nuclear,4304.000,Elexon BMRS FUELHH
2025-02-15T07:00:00Z,Other,298.000,Elexon BMRS FUELHH
2025-02-15T07:00:00Z,Pumped Storage,18.000,Elexon BMRS FUELHH
2025-02-15T07:00:00Z,Wind,3821.000,Elexon BMRS FUELHH
2025-02-15T07:30:00Z,Biomass,3036.000,Elexon BMRS FUELHH
2025-02-15T07:30:00Z,Coal,0.000,Elexon BMRS FUELHH
2025-02-15T07:30:00Z,Gas,16666.000,Elexon BMRS FUELHH
2025-02-15T07:30:00Z,Hydro,461.000,Elexon BMRS FUELHH
2025-02-15T07:30:00Z,Imports & Exports,1282.000,Elexon BMRS FUELHH
2025-02-15T07:30:00Z,Nuclear,4301.000,Elexon BMRS FUELHH
2025-02-15T07:30:00Z,Other,466.000,Elexon BMRS FUELHH
2025-02-15T07:30:00Z,Pumped Storage,144.000,Elexon BMRS FUELHH
2025-02-15T07:30:00Z,Wind,3827.000,Elexon BMRS FUELHH
2025-02-15T08:00:00Z,Biomass,3034.000,Elexon BMRS FUELHH
2025-02-15T08:00:00Z,Coal,0.000,Elexon BMRS FUELHH
2025-02-15T08:00:00Z,Gas,16619.000,Elexon BMRS FUELHH
2025-02-15T08:00:00Z,Hydro,532.000,Elexon BMRS FUELHH
2025-02-15T08:00:00Z,Imports & Exports,3430.000,Elexon BMRS FUELHH
2025-02-15T08:00:00Z,Nuclear,4303.000,Elexon BMRS FUELHH
2025-02-15T08:00:00Z,Other,317.000,Elexon BMRS FUELHH
2025-02-15T08:00:00Z,Pumped Storage,286.000,Elexon BMRS FUELHH
2025-02-15T08:00:00Z,Wind,4173.000,Elexon BMRS FUELHH
2025-02-15T08:30:00Z,Biomass,3027.000,Elexon BMRS FUELHH
2025-02-15T08:30:00Z,Coal,0.000,Elexon BMRS FUELHH
2025-02-15T08:30:00Z,Gas,16801.000,Elexon BMRS FUELHH
2025-02-15T08:30:00Z,Hydro,550.000,Elexon BMRS FUELHH
2025-02-15T08:30:00Z,Imports & Exports,3636.000,Elexon BMRS FUELHH
2025-02-15T08:30:00Z,Nuclear,4310.000,Elexon BMRS FUELHH
2025-02-15T08:30:00Z,Other,607.000,Elexon BMRS FUELHH
2025-02-15T08:30:00Z,Pumped Storage,272.000,Elexon BMRS FUELHH
2025-02-15T08:30:00Z,Wind,4382.000,Elexon BMRS FUELHH
2025-02-15T09:00:00Z,Biomass,3022.000,Elexon BMRS FUELHH
2025-02-15T09:00:00Z,Coal,0.000,Elexon BMRS FUELHH
2025-02-15T09:00:00Z,Gas,16970.000,Elexon BMRS FUELHH
2025-02-15T09:00:00Z,Hydro,515.000,Elexon BMRS FUELHH
2025-02-15T09:00:00Z,Imports & Exports,6252.000,Elexon BMRS FUELHH
2025-02-15T09:00:00Z,Nuclear,4311.000,Elexon BMRS FUELHH
2025-02-15T09:00:00Z,Other,351.000,Elexon BMRS FUELHH
2025-02-15T09:00:00Z,Pumped Storage,136.000,Elexon BMRS FUELHH
2025-02-15T09:00:00Z,Wind,4983.000,Elexon BMRS FUELHH
2025-02-15T09:30:00Z,Biomass,2976.000,Elexon BMRS FUELHH
2025-02-15T09:30:00Z,Coal,0.000,Elexon BMRS FUELHH
2025-02-15T09:30:00Z,Gas,16961.000,Elexon BMRS FUELHH
2025-02-15T09:30:00Z,Hydro,516.000,Elexon BMRS FUELHH
2025-02-15T09:30:00Z,Imports & Exports,6354.000,Elexon BMRS FUELHH
2025-02-15T09:30:00Z,Nuclear,4312.000,Elexon BMRS FUELHH
2025-02-15T09:30:00Z,Other,268.000,Elexon BMRS FUELHH
2025-02-15T09:30:00Z,Pumped Storage,136.000,Elexon BMRS FUELHH
2025-02-15T09:30:00Z,Wind,5316.000,Elexon BMRS FUELHH
2025-02-15T10:00:00Z,Biomass,2969.000,Elexon BMRS FUELHH
2025-02-15T10:00:00Z,Coal,0.000,Elexon BMRS FUELHH
2025-02-15T10:00:00Z,Gas,16769.000,Elexon BMRS FUELHH
2025-02-15T10:00:00Z,Hydro,453.000,Elexon BMRS FUELHH
2025-02-15T10:00:00Z,Imports & Exports,6946.000,Elexon BMRS FUELHH
2025-02-15T10:00:00Z,Nuclear,4311.000,Elexon BMRS FUELHH
2025-02-15T10:00:00Z,Other,269.000,Elexon BMRS FUELHH
2025-02-15T10:00:00Z,Pumped Storage,136.000,Elexon BMRS FUELHH
2025-02-15T10:00:00Z,Wind,5679.000,Elexon BMRS FUELHH
2025-02-15T10:30:00Z,Biomass,2990.000,Elexon BMRS FUELHH
2025-02-15T10:30:00Z,Coal,0.000,Elexon BMRS FUELHH
2025-02-15T10:30:00Z,Gas,16675.000,Elexon BMRS FUELHH
2025-02-15T10:30:00Z,Hydro,271.000,Elexon BMRS FUELHH
2025-02-15T10:30:00Z,Imports & Exports,6970.000,Elexon BMRS FUELHH
2025-02-15T10:30:00Z,Nuclear,4310.000,Elexon BMRS FUELHH
2025-02-15T10:30:00Z,Other,328.000,Elexon BMRS FUELHH
2025-02-15T10:30:00Z,Pumped Storage,-8.000,Elexon BMRS FUELHH
2025-02-15T10:30:00Z,Wind,5790.000,Elexon BMRS FUELHH
2025-02-15T11:00:00Z,Biomass,2990.000,Elexon BMRS FUELHH
2025-02-15T11:00:00Z,Coal,0.000,Elexon BMRS FUELHH
2025-02-15T11:00:00Z,Gas,16607.000,Elexon BMRS FUELHH
2025-02-15T11:00:00Z,Hydro,246.000,Elexon BMRS FUELHH
2025-02-15T11:00:00Z,Imports & Exports,6880.000,Elexon BMRS FUELHH
2025-02-15T11:00:00Z,Nuclear,4311.000,Elexon BMRS FUELHH
2025-02-15T11:00:00Z,Other,455.000,Elexon BMRS FUELHH
2025-02-15T11:00:00Z,Pumped Storage,-16.000,Elexon BMRS FUELHH
2025-02-15T11:00:00Z,Wind,5752.000,Elexon BMRS FUELHH
2025-02-15T11:30:00Z,Biomass,2994.000,Elexon BMRS FUELHH
2025-02-15T11:30:00Z,Coal,0.000,Elexon BMRS FUELHH
2025-02-15T11:30:00Z,Gas,16789.000,Elexon BMRS FUELHH
2025-02-15T11:30:00Z,Hydro,243.000,Elexon BMRS FUELHH
2025-02-15T11:30:00Z,Imports & Exports,6852.000,Elexon BMRS FUELHH
2025-02-15T11:30:00Z,Nuclear,4310.000,Elexon BMRS FUELHH
2025-02-15T11:30:00Z,Other,440.000,Elexon BMRS FUELHH
2025-02-15T11:30:00Z,Pumped Storage,-22.000,Elexon BMRS FUELHH
2025-02-15T11:30:00Z,Wind,5775.000,Elexon BMRS FUELHH
2025-02-15T12:00:00Z,Biomass,2996.000,Elexon BMRS FUELHH
2025-02-15T12:00:00Z,Coal,0.000,Elexon BMRS FUELHH
2025-02-15T12:00:00Z,Gas,17365.000,Elexon BMRS FUELHH
2025-02-15T12:00:00Z,Hydro,193.000,Elexon BMRS FUELHH
2025-02-15T12:00:00Z,Imports & Exports,6870.000,Elexon BMRS FUELHH
2025-02-15T12:00:00Z,Nuclear,4308.000,Elexon BMRS FUELHH
2025-02-15T12:00:00Z,Other,373.000,Elexon BMRS FUELHH
2025-02-15T12:00:00Z,Pumped Storage,-138.000,Elexon BMRS FUELHH
2025-02-15T12:00:00Z,Wind,5398.000,Elexon BMRS FUELHH
2025-02-15T12:30:00Z,Biomass,2994.000,Elexon BMRS FUELHH
2025-02-15T12:30:00Z,Coal,0.000,Elexon BMRS FUELHH
2025-02-15T12:30:00Z,Gas,17862.000,Elexon BMRS FUELHH
2025-02-15T12:30:00Z,Hydro,192.000,Elexon BMRS FUELHH
2025-02-15T12:30:00Z,Imports & Exports,6820.000,Elexon BMRS FUELHH
2025-02-15T12:30:00Z,Nuclear,4305.000,Elexon BMRS FUELHH
2025-02-15T12:30:00Z,Other,301.000,Elexon BMRS FUELHH
2025-02-15T12:30:00Z,Pumped Storage,-286.000,Elexon BMRS FUELHH
2025-02-15T12:30:00Z,Wind,5080.000,Elexon BMRS FUELHH
2025-02-15T13:00:00Z,Biomass,2991.000,Elexon BMRS FUELHH
2025-02-15T13:00:00Z,Coal,0.000,Elexon BMRS FUELHH
2025-02-15T13:00:00Z,Gas,18912.000,Elexon BMRS FUELHH
2025-02-15T13:00:00Z,Hydro,192.000,Elexon BMRS FUELHH
2025-02-15T13:00:00Z,Imports & Exports,5688.000,Elexon BMRS FUELHH
2025-02-15T13:00:00Z,Nuclear,4307.000,Elexon BMRS FUELHH
2025-02-15T13:00:00Z,Other,333.000,Elexon BMRS FUELHH
2025-02-15T13:00:00Z,Pumped Storage,-172.000,Elexon BMRS FUELHH
2025-02-15T13:00:00Z,Wind,4950.000,Elexon BMRS FUELHH
2025-02-15T13:30:00Z,Biomass,3023.000,Elexon BMRS FUELHH
2025-02-15T13:30:00Z,Coal,0.000,Elexon BMRS FUELHH
2025-02-15T13:30:00Z,Gas,18983.000,Elexon BMRS FUELHH
2025-02-15T13:30:00Z,Hydro,195.000,Elexon BMRS FUELHH
2025-02-15T13:30:00Z,Imports & Exports,5652.000,Elexon BMRS FUELHH
2025-02-15T13:30:00Z,Nuclear,4304.000,Elexon BMRS FUELHH
2025-02-15T13:30:00Z,Other,266.000,Elexon BMRS FUELHH
2025-02-15T13:30:00Z,Pumped Storage,-12.000,Elexon BMRS FUELHH
2025-02-15T13:30:00Z,Wind,4777.000,Elexon BMRS FUELHH
2025-02-15T14:00:00Z,Biomass,3025.000,Elexon BMRS FUELHH
2025-02-15T14:00:00Z,Coal,0.000,Elexon BMRS FUELHH
2025-02-15T14:00:00Z,Gas,18948.000,Elexon BMRS FUELHH
2025-02-15T14:00:00Z,Hydro,186.000,Elexon BMRS FUELHH
2025-02-15T14:00:00Z,Imports & Exports,5114.000,Elexon BMRS FUELHH
2025-02-15T14:00:00Z,Nuclear,4311.000,Elexon BMRS FUELHH
2025-02-15T14:00:00Z,Other,288.000,Elexon BMRS FUELHH
2025-02-15T14:00:00Z,Pumped Storage,-12.000,Elexon BMRS FUELHH
2025-02-15T14:00:00Z,Wind,4662.000,Elexon BMRS FUELHH
2025-02-15T14:30:00Z,Biomass,2991.000,Elexon BMRS FUELHH
2025-02-15T14:30:00Z,Coal,0.000,Elexon BMRS FUELHH
2025-02-15T14:30:00Z,Gas,18961.000,Elexon BMRS FUELHH
2025-02-15T14:30:00Z,Hydro,187.000,Elexon BMRS FUELHH
2025-02-15T14:30:00Z,Imports & Exports,5162.000,Elexon BMRS FUELHH
2025-02-15T14:30:00Z,Nuclear,4312.000,Elexon BMRS FUELHH
2025-02-15T14:30:00Z,Other,285.000,Elexon BMRS FUELHH
2025-02-15T14:30:00Z,Pumped Storage,-160.000,Elexon BMRS FUELHH
2025-02-15T14:30:00Z,Wind,5075.000,Elexon BMRS FUELHH
2025-02-15T15:00:00Z,Biomass,2966.000,Elexon BMRS FUELHH
2025-02-15T15:00:00Z,Coal,0.000,Elexon BMRS FUELHH
2025-02-15T15:00:00Z,Gas,20026.000,Elexon BMRS FUELHH
2025-02-15T15:00:00Z,Hydro,188.000,Elexon BMRS FUELHH
2025-02-15T15:00:00Z,Imports & Exports,3692.000,Elexon BMRS FUELHH
2025-02-15T15:00:00Z,Nuclear,4307.000,Elexon BMRS FUELHH
2025-02-15T15:00:00Z,Other,423.000,Elexon BMRS FUELHH
2025-02-15T15:00:00Z,Pumped Storage,-170.000,Elexon BMRS FUELHH
2025-02-15T15:00:00Z,Wind,5097.000,Elexon BMRS FUELHH
2025-02-15T15:30:00Z,Biomass,3032.000,Elexon BMRS FUELHH
2025-02-15T15:30:00Z,Coal,0.000,Elexon BMRS FUELHH
2025-02-15T15:30:00Z,Gas,20584.000,Elexon BMRS FUELHH
2025-02-15T15:30:00Z,Hydro,226.000,Elexon BMRS FUELHH
2025-02-15T15:30:00Z,Imports & Exports,3568.000,Elexon BMRS FUELHH
2025-02-15T15:30:00Z,Nuclear,4300.000,Elexon BMRS FUELHH
2025-02-15T15:30:00Z,Other,317.000,Elexon BMRS FUELHH
2025-02-15T15:30:00Z,Pumped Storage,-316.000,Elexon BMRS FUELHH
2025-02-15T15:30:00Z,Wind,4968.000,Elexon BMRS FUELHH
2025-02-15T16:00:00Z,Biomass,3036.000,Elexon BMRS FUELHH
2025-02-15T16:00:00Z,Coal,0.000,Elexon BMRS FUELHH
2025-02-15T16:00:00Z,Gas,21397.000,Elexon BMRS FUELHH
2025-02-15T16:00:00Z,Hydro,567.000,Elexon BMRS FUELHH
2025-02-15T16:00:00Z,Imports & Exports,2798.000,Elexon BMRS FUELHH
2025-02-15T16:00:00Z,Nuclear,4286.000,Elexon BMRS FUELHH
2025-02-15T16:00:00Z,Other,513.000,Elexon BMRS FUELHH
2025-02-15T16:00:00Z,Pumped Storage,-304.000,Elexon BMRS FUELHH
2025-02-15T16:00:00Z,Wind,4893.000,Elexon BMRS FUELHH
2025-02-15T16:30:00Z,Biomass,3032.000,Elexon BMRS FUELHH
2025-02-15T16:30:00Z,Coal,0.000,Elexon BMRS FUELHH
2025-02-15T16:30:00Z,Gas,22007.000,Elexon BMRS FUELHH
2025-02-15T16:30:00Z,Hydro,536.000,Elexon BMRS FUELHH
2025-02-15T16:30:00Z,Imports & Exports,2784.000,Elexon BMRS FUELHH
2025-02-15T16:30:00Z,Nuclear,4295.000,Elexon BMRS FUELHH
2025-02-15T16:30:00Z,Other,529.000,Elexon BMRS FUELHH
2025-02-15T16:30:00Z,Pumped Storage,92.000,Elexon BMRS FUELHH
2025-02-15T16:30:00Z,Wind,5004.000,Elexon BMRS FUELHH
2025-02-15T17:00:00Z,Biomass,3038.000,Elexon BMRS FUELHH
2025-02-15T17:00:00Z,Coal,0.000,Elexon BMRS FUELHH
2025-02-15T17:00:00Z,Gas,22244.000,Elexon BMRS FUELHH
2025-02-15T17:00:00Z,Hydro,371.000,Elexon BMRS FUELHH
2025-02-15T17:00:00Z,Imports & Exports,3162.000,Elexon BMRS FUELHH
2025-02-15T17:00:00Z,Nuclear,4294.000,Elexon BMRS FUELHH
2025-02-15T17:00:00Z,Other,670.000,Elexon BMRS FUELHH
2025-02-15T17:00:00Z,Pumped Storage,326.000,Elexon BMRS FUELHH
2025-02-15T17:00:00Z,Wind,5055.000,Elexon BMRS FUELHH
2025-02-15T17:30:00Z,Biomass,3040.000,Elexon BMRS FUELHH
2025-02-15T17:30:00Z,Coal,0.000,Elexon BMRS FUELHH
2025-02-15T17:30:00Z,Gas,22326.000,Elexon BMRS FUELHH
2025-02-15T17:30:00Z,Hydro,369.000,Elexon BMRS FUELHH
2025-02-15T17:30:00Z,Imports & Exports,3140.000,Elexon BMRS FUELHH
2025-02-15T17:30:00Z,Nuclear,4294.000,Elexon BMRS FUELHH
2025-02-15T17:30:00Z,Other,1222.000,Elexon BMRS FUELHH
2025-02-15T17:30:00Z,Pumped Storage,600.000,Elexon BMRS FUELHH
2025-02-15T17:30:00Z,Wind,5030.000,Elexon BMRS FUELHH
2025-02-15T18:00:00Z,Biomass,3038.000,Elexon BMRS FUELHH
2025-02-15T18:00:00Z,Coal,0.000,Elexon BMRS FUELHH
2025-02-15T18:00:00Z,Gas,22128.000,Elexon BMRS FUELHH
2025-02-15T18:00:00Z,Hydro,342.000,Elexon BMRS FUELHH
2025-02-15T18:00:00Z,Imports & Exports,3076.000,Elexon BMRS FUELHH
2025-02-15T18:00:00Z,Nuclear,4300.000,Elexon BMRS FUELHH
2025-02-15T18:00:00Z,Other,1164.000,Elexon BMRS FUELHH
2025-02-15T18:00:00Z,Pumped Storage,618.000,Elexon BMRS FUELHH
2025-02-15T18:00:00Z,Wind,5397.000,Elexon BMRS FUELHH
2025-02-15T18:30:00Z,Biomass,3038.000,Elexon BMRS FUELHH
2025-02-15T18:30:00Z,Coal,0.000,Elexon BMRS FUELHH
2025-02-15T18:30:00Z,Gas,22008.000,Elexon BMRS FUELHH
2025-02-15T18:30:00Z,Hydro,314.000,Elexon BMRS FUELHH
2025-02-15T18:30:00Z,Imports & Exports,3078.000,Elexon BMRS FUELHH
2025-02-15T18:30:00Z,Nuclear,4294.000,Elexon BMRS FUELHH
2025-02-15T18:30:00Z,Other,821.000,Elexon BMRS FUELHH
2025-02-15T18:30:00Z,Pumped Storage,360.000,Elexon BMRS FUELHH
2025-02-15T18:30:00Z,Wind,5454.000,Elexon BMRS FUELHH
2025-02-15T19:00:00Z,Biomass,3035.000,Elexon BMRS FUELHH
2025-02-15T19:00:00Z,Coal,0.000,Elexon BMRS FUELHH
2025-02-15T19:00:00Z,Gas,21755.000,Elexon BMRS FUELHH
2025-02-15T19:00:00Z,Hydro,393.000,Elexon BMRS FUELHH
2025-02-15T19:00:00Z,Imports & Exports,2286.000,Elexon BMRS FUELHH
2025-02-15T19:00:00Z,Nuclear,4297.000,Elexon BMRS FUELHH
2025-02-15T19:00:00Z,Other,819.000,Elexon BMRS FUELHH
2025-02-15T19:00:00Z,Pumped Storage,564.000,Elexon BMRS FUELHH
2025-02-15T19:00:00Z,Wind,5329.000,Elexon BMRS FUELHH
2025-02-15T19:30:00Z,Biomass,3028.000,Elexon BMRS FUELHH
2025-02-15T19:30:00Z,Coal,0.000,Elexon BMRS FUELHH
2025-02-15T19:30:00Z,Gas,21306.000,Elexon BMRS FUELHH
2025-02-15T19:30:00Z,Hydro,383.000,Elexon BMRS FUELHH
2025-02-15T19:30:00Z,Imports & Exports,2246.000,Elexon BMRS FUELHH
2025-02-15T19:30:00Z,Nuclear,4299.000,Elexon BMRS FUELHH
2025-02-15T19:30:00Z,Other,609.000,Elexon BMRS FUELHH
2025-02-15T19:30:00Z,Pumped Storage,38.000,Elexon BMRS FUELHH
2025-02-15T19:30:00Z,Wind,5765.000,Elexon BMRS FUELHH
2025-02-15T20:00:00Z,Biomass,3026.000,Elexon BMRS FUELHH
2025-02-15T20:00:00Z,Coal,0.000,Elexon BMRS FUELHH
2025-02-15T20:00:00Z,Gas,20810.000,Elexon BMRS FUELHH
2025-02-15T20:00:00Z,Hydro,200.000,Elexon BMRS FUELHH
2025-02-15T20:00:00Z,Imports & Exports,1850.000,Elexon BMRS FUELHH
2025-02-15T20:00:00Z,Nuclear,4298.000,Elexon BMRS FUELHH
2025-02-15T20:00:00Z,Other,485.000,Elexon BMRS FUELHH
2025-02-15T20:00:00Z,Pumped Storage,38.000,Elexon BMRS FUELHH
2025-02-15T20:00:00Z,Wind,6038.000,Elexon BMRS FUELHH
2025-02-15T20:30:00Z,Biomass,3027.000,Elexon BMRS FUELHH
2025-02-15T20:30:00Z,Coal,0.000,Elexon BMRS FUELHH
2025-02-15T20:30:00Z,Gas,19588.000,Elexon BMRS FUELHH
2025-02-15T20:30:00Z,Hydro,196.000,Elexon BMRS FUELHH
2025-02-15T20:30:00Z,Imports & Exports,1954.000,Elexon BMRS FUELHH
2025-02-15T20:30:00Z,Nuclear,4295.000,Elexon BMRS FUELHH
2025-02-15T20:30:00Z,Other,327.000,Elexon BMRS FUELHH
2025-02-15T20:30:00Z,Pumped Storage,-16.000,Elexon BMRS FUELHH
2025-02-15T20:30:00Z,Wind,6422.000,Elexon BMRS FUELHH
2025-02-15T21:00:00Z,Biomass,3030.000,Elexon BMRS FUELHH
2025-02-15T21:00:00Z,Coal,0.000,Elexon BMRS FUELHH
2025-02-15T21:00:00Z,Gas,17814.000,Elexon BMRS FUELHH
2025-02-15T21:00:00Z,Hydro,188.000,Elexon BMRS FUELHH
2025-02-15T21:00:00Z,Imports & Exports,2470.000,Elexon BMRS FUELHH
2025-02-15T21:00:00Z,Nuclear,4294.000,Elexon BMRS FUELHH
2025-02-15T21:00:00Z,Other,257.000,Elexon BMRS FUELHH
2025-02-15T21:00:00Z,Pumped Storage,-16.000,Elexon BMRS FUELHH
2025-02-15T21:00:00Z,Wind,6450.000,Elexon BMRS FUELHH
2025-02-15T21:30:00Z,Biomass,3030.000,Elexon BMRS FUELHH
2025-02-15T21:30:00Z,Coal,0.000,Elexon BMRS FUELHH
2025-02-15T21:30:00Z,Gas,16549.000,Elexon BMRS FUELHH
2025-02-15T21:30:00Z,Hydro,182.000,Elexon BMRS FUELHH
2025-02-15T21:30:00Z,Imports & Exports,2614.000,Elexon BMRS FUELHH
2025-02-15T21:30:00Z,Nuclear,4297.000,Elexon BMRS FUELHH
2025-02-15T21:30:00Z,Other,309.000,Elexon BMRS FUELHH
2025-02-15T21:30:00Z,Pumped Storage,-14.000,Elexon BMRS FUELHH
2025-02-15T21:30:00Z,Wind,6295.000,Elexon BMRS FUELHH
2025-02-15T22:00:00Z,Biomass,3022.000,Elexon BMRS FUELHH
2025-02-15T22:00:00Z,Coal,0.000,Elexon BMRS FUELHH
2025-02-15T22:00:00Z,Gas,14803.000,Elexon BMRS FUELHH
2025-02-15T22:00:00Z,Hydro,137.000,Elexon BMRS FUELHH
2025-02-15T22:00:00Z,Imports & Exports,2338.000,Elexon BMRS FUELHH
2025-02-15T22:00:00Z,Nuclear,4301.000,Elexon BMRS FUELHH
2025-02-15T22:00:00Z,Other,285.000,Elexon BMRS FUELHH
2025-02-15T22:00:00Z,Pumped Storage,-12.000,Elexon BMRS FUELHH
2025-02-15T22:00:00Z,Wind,6335.000,Elexon BMRS FUELHH
2025-02-15T22:30:00Z,Biomass,2973.000,Elexon BMRS FUELHH
2025-02-15T22:30:00Z,Coal,0.000,Elexon BMRS FUELHH
2025-02-15T22:30:00Z,Gas,13112.000,Elexon BMRS FUELHH
2025-02-15T22:30:00Z,Hydro,133.000,Elexon BMRS FUELHH
2025-02-15T22:30:00Z,Imports & Exports,2186.000,Elexon BMRS FUELHH
2025-02-15T22:30:00Z,Nuclear,4300.000,Elexon BMRS FUELHH
2025-02-15T22:30:00Z,Other,304.000,Elexon BMRS FUELHH
2025-02-15T22:30:00Z,Pumped Storage,-20.000,Elexon BMRS FUELHH
2025-02-15T22:30:00Z,Wind,6627.000,Elexon BMRS FUELHH
2025-02-15T23:00:00Z,Biomass,2933.000,Elexon BMRS FUELHH
2025-02-15T23:00:00Z,Coal,0.000,Elexon BMRS FUELHH
2025-02-15T23:00:00Z,Gas,10246.000,Elexon BMRS FUELHH
2025-02-15T23:00:00Z,Hydro,217.000,Elexon BMRS FUELHH
2025-02-15T23:00:00Z,Imports & Exports,4196.000,Elexon BMRS FUELHH
2025-02-15T23:00:00Z,Nuclear,4304.000,Elexon BMRS FUELHH
2025-02-15T23:00:00Z,Other,267.000,Elexon BMRS FUELHH
2025-02-15T23:00:00Z,Pumped Storage,-166.000,Elexon BMRS FUELHH
2025-02-15T23:00:00Z,Wind,6639.000,Elexon BMRS FUELHH
2025-02-15T23:30:00Z,Biomass,2945.000,Elexon BMRS FUELHH
2025-02-15T23:30:00Z,Coal,0.000,Elexon BMRS FUELHH
2025-02-15T23:30:00Z,Gas,8995.000,Elexon BMRS FUELHH
2025-02-15T23:30:00Z,Hydro,226.000,Elexon BMRS FUELHH
2025-02-15T23:30:00Z,Imports & Exports,4532.000,Elexon BMRS FUELHH
2025-02-15T23:30:00Z,Nuclear,4306.000,Elexon BMRS FUELHH
2025-02-15T23:30:00Z,Other,277.000,Elexon BMRS FUELHH
2025-02-15T23:30:00Z,Pumped Storage,-222.000,Elexon BMRS FUELHH
2025-02-15T23:30:00Z,Wind,6567.000,Elexon BMRS FUELHH
2025-02-16T00:00:00Z,Biomass,3057.000,Elexon BMRS FUELHH
2025-02-16T00:00:00Z,Coal,0.000,Elexon BMRS FUELHH
2025-02-16T00:00:00Z,Gas,8216.000,Elexon BMRS FUELHH
2025-02-16T00:00:00Z,Hydro,239.000,Elexon BMRS FUELHH
2025-02-16T00:00:00Z,Imports & Exports,5564.000,Elexon BMRS FUELHH
2025-02-16T00:00:00Z,Nuclear,4305.000,Elexon BMRS FUELHH
2025-02-16T00:00:00Z,Other,242.000,Elexon BMRS FUELHH
2025-02-16T00:00:00Z,Pumped Storage,-472.000,Elexon BMRS FUELHH
2025-02-16T00:00:00Z,Wind,6824.000,Elexon BMRS FUELHH
2025-02-16T00:30:00Z,Biomass,3094.000,Elexon BMRS FUELHH
2025-02-16T00:30:00Z,Coal,0.000,Elexon BMRS FUELHH
2025-02-16T00:30:00Z,Gas,7925.000,Elexon BMRS FUELHH
2025-02-16T00:30:00Z,Hydro,242.000,Elexon BMRS FUELHH
2025-02-16T00:30:00Z,Imports & Exports,5812.000,Elexon BMRS FUELHH
2025-02-16T00:30:00Z,Nuclear,4304.000,Elexon BMRS FUELHH
2025-02-16T00:30:00Z,Other,358.000,Elexon BMRS FUELHH
2025-02-16T00:30:00Z,Pumped Storage,-472.000,Elexon BMRS FUELHH
2025-02-16T00:30:00Z,Wind,7168.000,Elexon BMRS FUELHH
2025-02-16T01:00:00Z,Biomass,3106.000,Elexon BMRS FUELHH
2025-02-16T01:00:00Z,Coal,0.000,Elexon BMRS FUELHH
2025-02-16T01:00:00Z,Gas,7119.000,Elexon BMRS FUELHH
2025-02-16T01:00:00Z,Hydro,260.000,Elexon BMRS FUELHH
2025-02-16T01:00:00Z,Imports & Exports,7376.000,Elexon BMRS FUELHH
2025-02-16T01:00:00Z,Nuclear,4296.000,Elexon BMRS FUELHH
2025-02-16T01:00:00Z,Other,269.000,Elexon BMRS FUELHH
2025-02-16T01:00:00Z,Pumped Storage,-858.000,Elexon BMRS FUELHH
2025-02-16T01:00:00Z,Wind,6557.000,Elexon BMRS FUELHH
2025-02-16T01:30:00Z,Biomass,3109.000,Elexon BMRS FUELHH
2025-02-16T01:30:00Z,Coal,0.000,Elexon BMRS FUELHH
2025-02-16T01:30:00Z,Gas,6060.000,Elexon BMRS FUELHH
2025-02-16T01:30:00Z,Hydro,263.000,Elexon BMRS FUELHH
2025-02-16T01:30:00Z,Imports & Exports,7520.000,Elexon BMRS FUELHH
2025-02-16T01:30:00Z,Nuclear,4310.000,Elexon BMRS FUELHH
2025-02-16T01:30:00Z,Other,258.000,Elexon BMRS FUELHH
2025-02-16T01:30:00Z,Pumped Storage,-1182.000,Elexon BMRS FUELHH
2025-02-16T01:30:00Z,Wind,7188.000,Elexon BMRS FUELHH
2025-02-16T02:00:00Z,Biomass,3119.000,Elexon BMRS FUELHH
2025-02-16T02:00:00Z,Coal,0.000,Elexon BMRS FUELHH
2025-02-16T02:00:00Z,Gas,5752.000,Elexon BMRS FUELHH
2025-02-16T02:00:00Z,Hydro,228.000,Elexon BMRS FUELHH
2025-02-16T02:00:00Z,Imports & Exports,6978.000,Elexon BMRS FUELHH
2025-02-16T02:00:00Z,Nuclear,4312.000,Elexon BMRS FUELHH
2025-02-16T02:00:00Z,Other,247.000,Elexon BMRS FUELHH
2025-02-16T02:00:00Z,Pumped Storage,-1260.000,Elexon BMRS FUELHH
2025-02-16T02:00:00Z,Wind,7530.000,Elexon BMRS FUELHH
2025-02-16T02:30:00Z,Biomass,3145.000,Elexon BMRS FUELHH
2025-02-16T02:30:00Z,Coal,0.000,Elexon BMRS FUELHH
2025-02-16T02:30:00Z,Gas,5271.000,Elexon BMRS FUELHH
2025-02-16T02:30:00Z,Hydro,194.000,Elexon BMRS FUELHH
2025-02-16T02:30:00Z,Imports & Exports,6984.000,Elexon BMRS FUELHH
2025-02-16T02:30:00Z,Nuclear,4307.000,Elexon BMRS FUELHH
2025-02-16T02:30:00Z,Other,245.000,Elexon BMRS FUELHH
2025-02-16T02:30:00Z,Pumped Storage,-1482.000,Elexon BMRS FUELHH
2025-02-16T02:30:00Z,Wind,7646.000,Elexon BMRS FUELHH
2025-02-16T03:00:00Z,Biomass,3145.000,Elexon BMRS FUELHH
2025-02-16T03:00:00Z,Coal,0.000,Elexon BMRS FUELHH
2025-02-16T03:00:00Z,Gas,5425.000,Elexon BMRS FUELHH
2025-02-16T03:00:00Z,Hydro,175.000,Elexon BMRS FUELHH
2025-02-16T03:00:00Z,Imports & Exports,6138.000,Elexon BMRS FUELHH
2025-02-16T03:00:00Z,Nuclear,4307.000,Elexon BMRS FUELHH
2025-02-16T03:00:00Z,Other,314.000,Elexon BMRS FUELHH
2025-02-16T03:00:00Z,Pumped Storage,-1516.000,Elexon BMRS FUELHH
2025-02-16T03:00:00Z,Wind,7552.000,Elexon BMRS FUELHH
2025-02-16T03:30:00Z,Biomass,3142.000,Elexon BMRS FUELHH
2025-02-16T03:30:00Z,Coal,0.000,Elexon BMRS FUELHH
2025-02-16T03:30:00Z,Gas,5325.000,Elexon BMRS FUELHH
2025-02-16T03:30:00Z,Hydro,176.000,Elexon BMRS FUELHH
2025-02-16T03:30:00Z,Imports & Exports,5944.000,Elexon BMRS FUELHH
2025-02-16T03:30:00Z,Nuclear,4306.000,Elexon BMRS FUELHH
2025-02-16T03:30:00Z,Other,326.000,Elexon BMRS FUELHH
2025-02-16T03:30:00Z,Pumped Storage,-1776.000,Elexon BMRS FUELHH
2025-02-16T03:30:00Z,Wind,7880.000,Elexon BMRS FUELHH
2025-02-16T04:00:00Z,Biomass,3140.000,Elexon BMRS FUELHH
2025-02-16T04:00:00Z,Coal,0.000,Elexon BMRS FUELHH
2025-02-16T04:00:00Z,Gas,5546.000,Elexon BMRS FUELHH
2025-02-16T04:00:00Z,Hydro,175.000,Elexon BMRS FUELHH
2025-02-16T04:00:00Z,Imports & Exports,4364.000,Elexon BMRS FUELHH
2025-02-16T04:00:00Z,Nuclear,4307.000,Elexon BMRS FUELHH
2025-02-16T04:00:00Z,Other,449.000,Elexon BMRS FUELHH
2025-02-16T04:00:00Z,Pumped Storage,-1832.000,Elexon BMRS FUELHH
2025-02-16T04:00:00Z,Wind,8269.000,Elexon BMRS FUELHH
2025-02-16T04:30:00Z,Biomass,3145.000,Elexon BMRS FUELHH
2025-02-16T04:30:00Z,Coal,0.000,Elexon BMRS FUELHH
2025-02-16T04:30:00Z,Gas,5439.000,Elexon BMRS FUELHH
2025-02-16T04:30:00Z,Hydro,175.000,Elexon BMRS FUELHH
2025-02-16T04:30:00Z,Imports & Exports,4264.000,Elexon BMRS FUELHH
2025-02-16T04:30:00Z,Nuclear,4304.000,Elexon BMRS FUELHH
2025-02-16T04:30:00Z,Other,308.000,Elexon BMRS FUELHH
2025-02-16T04:30:00Z,Pumped Storage,-1808.000,Elexon BMRS FUELHH
2025-02-16T04:30:00Z,Wind,8569.000,Elexon BMRS FUELHH
2025-02-16T05:00:00Z,Biomass,3146.000,Elexon BMRS FUELHH
2025-02-16T05:00:00Z,Coal,0.000,Elexon BMRS FUELHH
2025-02-16T05:00:00Z,Gas,6068.000,Elexon BMRS FUELHH
2025-02-16T05:00:00Z,Hydro,175.000,Elexon BMRS FUELHH
2025-02-16T05:00:00Z,Imports & Exports,2830.000,Elexon BMRS FUELHH
2025-02-16T05:00:00Z,Nuclear,4301.000,Elexon BMRS FUELHH
2025-02-16T05:00:00Z,Other,432.000,Elexon BMRS FUELHH
2025-02-16T05:00:00Z,Pumped Storage,-1580.000,Elexon BMRS FUELHH
2025-02-16T05:00:00Z,Wind,8543.000,Elexon BMRS FUELHH
2025-02-16T05:30:00Z,Biomass,3139.000,Elexon BMRS FUELHH
2025-02-16T05:30:00Z,Coal,0.000,Elexon BMRS FUELHH
2025-02-16T05:30:00Z,Gas,6274.000,Elexon BMRS FUELHH
2025-02-16T05:30:00Z,Hydro,176.000,Elexon BMRS FUELHH
2025-02-16T05:30:00Z,Imports & Exports,2810.000,Elexon BMRS FUELHH
2025-02-16T05:30:00Z,Nuclear,4307.000,Elexon BMRS FUELHH
2025-02-16T05:30:00Z,Other,418.000,Elexon BMRS FUELHH
2025-02-16T05:30:00Z,Pumped Storage,-1810.000,Elexon BMRS FUELHH
2025-02-16T05:30:00Z,Wind,9006.000,Elexon BMRS FUELHH
2025-02-16T06:00:00Z,Biomass,3143.000,Elexon BMRS FUELHH
2025-02-16T06:00:00Z,Coal,0.000,Elexon BMRS FUELHH
2025-02-16T06:00:00Z,Gas,6445.000,Elexon BMRS FUELHH
2025-02-16T06:00:00Z,Hydro,175.000,Elexon BMRS FUELHH
2025-02-16T06:00:00Z,Imports & Exports,2494.000,Elexon BMRS FUELHH
2025-02-16T06:00:00Z,Nuclear,4302.000,Elexon BMRS FUELHH
2025-02-16T06:00:00Z,Other,373.000,Elexon BMRS FUELHH
2025-02-16T06:00:00Z,Pumped Storage,-1570.000,Elexon BMRS FUELHH
2025-02-16T06:00:00Z,Wind,9330.000,Elexon BMRS FUELHH
2025-02-16T06:30:00Z,Biomass,3153.000,Elexon BMRS FUELHH
2025-02-16T06:30:00Z,Coal,0.000,Elexon BMRS FUELHH
2025-02-16T06:30:00Z,Gas,6501.000,Elexon BMRS FUELHH
2025-02-16T06:30:00Z,Hydro,175.000,Elexon BMRS FUELHH
2025-02-16T06:30:00Z,Imports & Exports,2534.000,Elexon BMRS FUELHH
2025-02-16T06:30:00Z,Nuclear,4305.000,Elexon BMRS FUELHH
2025-02-16T06:30:00Z,Other,301.000,Elexon BMRS FUELHH
2025-02-16T06:30:00Z,Pumped Storage,-1486.000,Elexon BMRS FUELHH
2025-02-16T06:30:00Z,Wind,9720.000,Elexon BMRS FUELHH
2025-02-16T07:00:00Z,Biomass,3138.000,Elexon BMRS FUELHH
2025-02-16T07:00:00Z,Coal,0.000,Elexon BMRS FUELHH
2025-02-16T07:00:00Z,Gas,6880.000,Elexon BMRS FUELHH
2025-02-16T07:00:00Z,Hydro,155.000,Elexon BMRS FUELHH
2025-02-16T07:00:00Z,Imports & Exports,2022.000,Elexon BMRS FUELHH
2025-02-16T07:00:00Z,Nuclear,4303.000,Elexon BMRS FUELHH
2025-02-16T07:00:00Z,Other,341.000,Elexon BMRS FUELHH
2025-02-16T07:00:00Z,Pumped Storage,-508.000,Elexon BMRS FUELHH
2025-02-16T07:00:00Z,Wind,10000.000,Elexon BMRS FUELHH
2025-02-16T07:30:00Z,Biomass,3156.000,Elexon BMRS FUELHH
2025-02-16T07:30:00Z,Coal,0.000,Elexon BMRS FUELHH
2025-02-16T07:30:00Z,Gas,6945.000,Elexon BMRS FUELHH
2025-02-16T07:30:00Z,Hydro,155.000,Elexon BMRS FUELHH
2025-02-16T07:30:00Z,Imports & Exports,2180.000,Elexon BMRS FUELHH
2025-02-16T07:30:00Z,Nuclear,4303.000,Elexon BMRS FUELHH
2025-02-16T07:30:00Z,Other,480.000,Elexon BMRS FUELHH
2025-02-16T07:30:00Z,Pumped Storage,-408.000,Elexon BMRS FUELHH
2025-02-16T07:30:00Z,Wind,10068.000,Elexon BMRS FUELHH
2025-02-16T08:00:00Z,Biomass,3143.000,Elexon BMRS FUELHH
2025-02-16T08:00:00Z,Coal,0.000,Elexon BMRS FUELHH
2025-02-16T08:00:00Z,Gas,7089.000,Elexon BMRS FUELHH
2025-02-16T08:00:00Z,Hydro,136.000,Elexon BMRS FUELHH
2025-02-16T08:00:00Z,Imports & Exports,3402.000,Elexon BMRS FUELHH
2025-02-16T08:00:00Z,Nuclear,4309.000,Elexon BMRS FUELHH
2025-02-16T08:00:00Z,Other,488.000,Elexon BMRS FUELHH
2025-02-16T08:00:00Z,Pumped Storage,-192.000,Elexon BMRS FUELHH
2025-02-16T08:00:00Z,Wind,10465.000,Elexon BMRS FUELHH
2025-02-16T08:30:00Z,Biomass,3137.000,Elexon BMRS FUELHH
2025-02-16T08:30:00Z,Coal,0.000,Elexon BMRS FUELHH
2025-02-16T08:30:00Z,Gas,7299.000,Elexon BMRS FUELHH
2025-02-16T08:30:00Z,Hydro,135.000,Elexon BMRS FUELHH
2025-02-16T08:30:00Z,Imports & Exports,3690.000,Elexon BMRS FUELHH
2025-02-16T08:30:00Z,Nuclear,4310.000,Elexon BMRS FUELHH
2025-02-16T08:30:00Z,Other,797.000,Elexon BMRS FUELHH
2025-02-16T08:30:00Z,Pumped Storage,-436.000,Elexon BMRS FUELHH
2025-02-16T08:30:00Z,Wind,10994.000,Elexon BMRS FUELHH
2025-02-16T09:00:00Z,Biomass,3149.000,Elexon BMRS FUELHH
2025-02-16T09:00:00Z,Coal,0.000,Elexon BMRS FUELHH
2025-02-16T09:00:00Z,Gas,6637.000,Elexon BMRS FUELHH
2025-02-16T09:00:00Z,Hydro,126.000,Elexon BMRS FUELHH
2025-02-16T09:00:00Z,Imports & Exports,6206.000,Elexon BMRS FUELHH
2025-02-16T09:00:00Z,Nuclear,4306.000,Elexon BMRS FUELHH
2025-02-16T09:00:00Z,Other,329.000,Elexon BMRS FUELHH
2025-02-16T09:00:00Z,Pumped Storage,-330.000,Elexon BMRS FUELHH
2025-02-16T09:00:00Z,Wind,11608.000,Elexon BMRS FUELHH
2025-02-16T09:30:00Z,Biomass,3152.000,Elexon BMRS FUELHH
2025-02-16T09:30:00Z,Coal,0.000,Elexon BMRS FUELHH
2025-02-16T09:30:00Z,Gas,6852.000,Elexon BMRS FUELHH
2025-02-16T09:30:00Z,Hydro,123.000,Elexon BMRS FUELHH
2025-02-16T09:30:00Z,Imports & Exports,6264.000,Elexon BMRS FUELHH
2025-02-16T09:30:00Z,Nuclear,4305.000,Elexon BMRS FUELHH
2025-02-16T09:30:00Z,Other,305.000,Elexon BMRS FUELHH
2025-02-16T09:30:00Z,Pumped Storage,-526.000,Elexon BMRS FUELHH
2025-02-16T09:30:00Z,Wind,11798.000,Elexon BMRS FUELHH
2025-02-16T10:00:00Z,Biomass,3128.000,Elexon BMRS FUELHH
2025-02-16T10:00:00Z,Coal,0.000,Elexon BMRS FUELHH
2025-02-16T10:00:00Z,Gas,6828.000,Elexon BMRS FUELHH
2025-02-16T10:00:00Z,Hydro,123.000,Elexon BMRS FUELHH
2025-02-16T10:00:00Z,Imports & Exports,7470.000,Elexon BMRS FUELHH
2025-02-16T10:00:00Z,Nuclear,4309.000,Elexon BMRS FUELHH
2025-02-16T10:00:00Z,Other,290.000,Elexon BMRS FUELHH
2025-02-16T10:00:00Z,Pumped Storage,-762.000,Elexon BMRS FUELHH
2025-02-16T10:00:00Z,Wind,12074.000,Elexon BMRS FUELHH
2025-02-16T10:30:00Z,Biomass,2809.000,Elexon BMRS FUELHH
2025-02-16T10:30:00Z,Coal,0.000,Elexon BMRS FUELHH
2025-02-16T10:30:00Z,Gas,6883.000,Elexon BMRS FUELHH
2025-02-16T10:30:00Z,Hydro,123.000,Elexon BMRS FUELHH
2025-02-16T10:30:00Z,Imports & Exports,7608.000,Elexon BMRS FUELHH
2025-02-16T10:30:00Z,Nuclear,4302.000,Elexon BMRS FUELHH
2025-02-16T10:30:00Z,Other,300.000,Elexon BMRS FUELHH
2025-02-16T10:30:00Z,Pumped Storage,-802.000,Elexon BMRS FUELHH
2025-02-16T10:30:00Z,Wind,11987.000,Elexon BMRS FUELHH
2025-02-16T11:00:00Z,Biomass,2252.000,Elexon BMRS FUELHH
2025-02-16T11:00:00Z,Coal,0.000,Elexon BMRS FUELHH
2025-02-16T11:00:00Z,Gas,7103.000,Elexon BMRS FUELHH
2025-02-16T11:00:00Z,Hydro,123.000,Elexon BMRS FUELHH
2025-02-16T11:00:00Z,Imports & Exports,8034.000,Elexon BMRS FUELHH
2025-02-16T11:00:00Z,Nuclear,4298.000,Elexon BMRS FUELHH
2025-02-16T11:00:00Z,Other,462.000,Elexon BMRS FUELHH
2025-02-16T11:00:00Z,Pumped Storage,-798.000,Elexon BMRS FUELHH
2025-02-16T11:00:00Z,Wind,11816.000,Elexon BMRS FUELHH
2025-02-16T11:30:00Z,Biomass,2252.000,Elexon BMRS FUELHH
2025-02-16T11:30:00Z,Coal,0.000,Elexon BMRS FUELHH
2025-02-16T11:30:00Z,Gas,7265.000,Elexon BMRS FUELHH
2025-02-16T11:30:00Z,Hydro,123.000,Elexon BMRS FUELHH
2025-02-16T11:30:00Z,Imports & Exports,8054.000,Elexon BMRS FUELHH
2025-02-16T11:30:00Z,Nuclear,4297.000,Elexon BMRS FUELHH
2025-02-16T11:30:00Z,Other,588.000,Elexon BMRS FUELHH
2025-02-16T11:30:00Z,Pumped Storage,-792.000,Elexon BMRS FUELHH
2025-02-16T11:30:00Z,Wind,11758.000,Elexon BMRS FUELHH
2025-02-16T12:00:00Z,Biomass,2773.000,Elexon BMRS FUELHH
2025-02-16T12:00:00Z,Coal,0.000,Elexon BMRS FUELHH
2025-02-16T12:00:00Z,Gas,7268.000,Elexon BMRS FUELHH
2025-02-16T12:00:00Z,Hydro,123.000,Elexon BMRS FUELHH
2025-02-16T12:00:00Z,Imports & Exports,8332.000,Elexon BMRS FUELHH
2025-02-16T12:00:00Z,Nuclear,4298.000,Elexon BMRS FUELHH
2025-02-16T12:00:00Z,Other,514.000,Elexon BMRS FUELHH
2025-02-16T12:00:00Z,Pumped Storage,-646.000,Elexon BMRS FUELHH
2025-02-16T12:00:00Z,Wind,11462.000,Elexon BMRS FUELHH
2025-02-16T12:30:00Z,Biomass,2988.000,Elexon BMRS FUELHH
2025-02-16T12:30:00Z,Coal,0.000,Elexon BMRS FUELHH
2025-02-16T12:30:00Z,Gas,7242.000,Elexon BMRS FUELHH
2025-02-16T12:30:00Z,Hydro,123.000,Elexon BMRS FUELHH
2025-02-16T12:30:00Z,Imports & Exports,8320.000,Elexon BMRS FUELHH
2025-02-16T12:30:00Z,Nuclear,4302.000,Elexon BMRS FUELHH
2025-02-16T12:30:00Z,Other,422.000,Elexon BMRS FUELHH
2025-02-16T12:30:00Z,Pumped Storage,-488.000,Elexon BMRS FUELHH
2025-02-16T12:30:00Z,Wind,11436.000,Elexon BMRS FUELHH
2025-02-16T13:00:00Z,Biomass,3151.000,Elexon BMRS FUELHH
2025-02-16T13:00:00Z,Coal,0.000,Elexon BMRS FUELHH
2025-02-16T13:00:00Z,Gas,7648.000,Elexon BMRS FUELHH
2025-02-16T13:00:00Z,Hydro,139.000,Elexon BMRS FUELHH
2025-02-16T13:00:00Z,Imports & Exports,8278.000,Elexon BMRS FUELHH
2025-02-16T13:00:00Z,Nuclear,4295.000,Elexon BMRS FUELHH
2025-02-16T13:00:00Z,Other,440.000,Elexon BMRS FUELHH
2025-02-16T13:00:00Z,Pumped Storage,-206.000,Elexon BMRS FUELHH
2025-02-16T13:00:00Z,Wind,11073.000,Elexon BMRS FUELHH
2025-02-16T13:30:00Z,Biomass,3149.000,Elexon BMRS FUELHH
2025-02-16T13:30:00Z,Coal,0.000,Elexon BMRS FUELHH
2025-02-16T13:30:00Z,Gas,8062.000,Elexon BMRS FUELHH
2025-02-16T13:30:00Z,Hydro,139.000,Elexon BMRS FUELHH
2025-02-16T13:30:00Z,Imports & Exports,8206.000,Elexon BMRS FUELHH
2025-02-16T13:30:00Z,Nuclear,4295.000,Elexon BMRS FUELHH
2025-02-16T13:30:00Z,Other,437.000,Elexon BMRS FUELHH
2025-02-16T13:30:00Z,Pumped Storage,-182.000,Elexon BMRS FUELHH
2025-02-16T13:30:00Z,Wind,10653.000,Elexon BMRS FUELHH
2025-02-16T14:00:00Z,Biomass,3148.000,Elexon BMRS FUELHH
2025-02-16T14:00:00Z,Coal,0.000,Elexon BMRS FUELHH
2025-02-16T14:00:00Z,Gas,8881.000,Elexon BMRS FUELHH
2025-02-16T14:00:00Z,Hydro,139.000,Elexon BMRS FUELHH
2025-02-16T14:00:00Z,Imports & Exports,7820.000,Elexon BMRS FUELHH
2025-02-16T14:00:00Z,Nuclear,4298.000,Elexon BMRS FUELHH
2025-02-16T14:00:00Z,Other,424.000,Elexon BMRS FUELHH
2025-02-16T14:00:00Z,Pumped Storage,-38.000,Elexon BMRS FUELHH
2025-02-16T14:00:00Z,Wind,10417.000,Elexon BMRS FUELHH
2025-02-16T14:30:00Z,Biomass,3144.000,Elexon BMRS FUELHH
2025-02-16T14:30:00Z,Coal,0.000,Elexon BMRS FUELHH
2025-02-16T14:30:00Z,Gas,9875.000,Elexon BMRS FUELHH
2025-02-16T14:30:00Z,Hydro,139.000,Elexon BMRS FUELHH
2025-02-16T14:30:00Z,Imports & Exports,7748.000,Elexon BMRS FUELHH
2025-02-16T14:30:00Z,Nuclear,4302.000,Elexon BMRS FUELHH
2025-02-16T14:30:00Z,Other,280.000,Elexon BMRS FUELHH
2025-02-16T14:30:00Z,Pumped Storage,-138.000,Elexon BMRS FUELHH
2025-02-16T14:30:00Z,Wind,10319.000,Elexon BMRS FUELHH
2025-02-16T15:00:00Z,Biomass,3162.000,Elexon BMRS FUELHH
2025-02-16T15:00:00Z,Coal,0.000,Elexon BMRS FUELHH
2025-02-16T15:00:00Z,Gas,11016.000,Elexon BMRS FUELHH
2025-02-16T15:00:00Z,Hydro,140.000,Elexon BMRS FUELHH
2025-02-16T15:00:00Z,Imports & Exports,6304.000,Elexon BMRS FUELHH
2025-02-16T15:00:00Z,Nuclear,4292.000,Elexon BMRS FUELHH
2025-02-16T15:00:00Z,Other,716.000,Elexon BMRS FUELHH
2025-02-16T15:00:00Z,Pumped Storage,-638.000,Elexon BMRS FUELHH
2025-02-16T15:00:00Z,Wind,10393.000,Elexon BMRS FUELHH
2025-02-16T15:30:00Z,Biomass,3167.000,Elexon BMRS FUELHH
2025-02-16T15:30:00Z,Coal,0.000,Elexon BMRS FUELHH
2025-02-16T15:30:00Z,Gas,12586.000,Elexon BMRS FUELHH
2025-02-16T15:30:00Z,Hydro,185.000,Elexon BMRS FUELHH
2025-02-16T15:30:00Z,Imports & Exports,6018.000,Elexon BMRS FUELHH
2025-02-16T15:30:00Z,Nuclear,4294.000,Elexon BMRS FUELHH
2025-02-16T15:30:00Z,Other,301.000,Elexon BMRS FUELHH
2025-02-16T15:30:00Z,Pumped Storage,-430.000,Elexon BMRS FUELHH
2025-02-16T15:30:00Z,Wind,10345.000,Elexon BMRS FUELHH
2025-02-16T16:00:00Z,Biomass,3155.000,Elexon BMRS FUELHH
2025-02-16T16:00:00Z,Coal,0.000,Elexon BMRS FUELHH
2025-02-16T16:00:00Z,Gas,13934.000,Elexon BMRS FUELHH
2025-02-16T16:00:00Z,Hydro,382.000,Elexon BMRS FUELHH
2025-02-16T16:00:00Z,Imports & Exports,4198.000,Elexon BMRS FUELHH
2025-02-16T16:00:00Z,Nuclear,4301.000,Elexon BMRS FUELHH
2025-02-16T16:00:00Z,Other,634.000,Elexon BMRS FUELHH
2025-02-16T16:00:00Z,Pumped Storage,172.000,Elexon BMRS FUELHH
2025-02-16T16:00:00Z,Wind,10241.000,Elexon BMRS FUELHH
2025-02-16T16:30:00Z,Biomass,3152.000,Elexon BMRS FUELHH
2025-02-16T16:30:00Z,Coal,0.000,Elexon BMRS FUELHH
2025-02-16T16:30:00Z,Gas,14737.000,Elexon BMRS FUELHH
2025-02-16T16:30:00Z,Hydro,409.000,Elexon BMRS FUELHH
2025-02-16T16:30:00Z,Imports & Exports,4288.000,Elexon BMRS FUELHH
2025-02-16T16:30:00Z,Nuclear,4306.000,Elexon BMRS FUELHH
2025-02-16T16:30:00Z,Other,1130.000,Elexon BMRS FUELHH
2025-02-16T16:30:00Z,Pumped Storage,474.000,Elexon BMRS FUELHH
2025-02-16T16:30:00Z,Wind,10384.000,Elexon BMRS FUELHH
2025-02-16T17:00:00Z,Biomass,3167.000,Elexon BMRS FUELHH
2025-02-16T17:00:00Z,Coal,0.000,Elexon BMRS FUELHH
2025-02-16T17:00:00Z,Gas,15503.000,Elexon BMRS FUELHH
2025-02-16T17:00:00Z,Hydro,455.000,Elexon BMRS FUELHH
2025-02-16T17:00:00Z,Imports & Exports,4528.000,Elexon BMRS FUELHH
2025-02-16T17:00:00Z,Nuclear,4303.000,Elexon BMRS FUELHH
2025-02-16T17:00:00Z,Other,1232.000,Elexon BMRS FUELHH
2025-02-16T17:00:00Z,Pumped Storage,640.000,Elexon BMRS FUELHH
2025-02-16T17:00:00Z,Wind,10698.000,Elexon BMRS FUELHH
2025-02-16T17:30:00Z,Biomass,3155.000,Elexon BMRS FUELHH
2025-02-16T17:30:00Z,Coal,0.000,Elexon BMRS FUELHH
2025-02-16T17:30:00Z,Gas,15807.000,Elexon BMRS FUELHH
2025-02-16T17:30:00Z,Hydro,461.000,Elexon BMRS FUELHH
2025-02-16T17:30:00Z,Imports & Exports,4442.000,Elexon BMRS FUELHH
2025-02-16T17:30:00Z,Nuclear,4304.000,Elexon BMRS FUELHH
2025-02-16T17:30:00Z,Other,1167.000,Elexon BMRS FUELHH
2025-02-16T17:30:00Z,Pumped Storage,904.000,Elexon BMRS FUELHH
2025-02-16T17:30:00Z,Wind,10859.000,Elexon BMRS FUELHH
2025-02-16T18:00:00Z,Biomass,3145.000,Elexon BMRS FUELHH
2025-02-16T18:00:00Z,Coal,0.000,Elexon BMRS FUELHH
2025-02-16T18:00:00Z,Gas,15961.000,Elexon BMRS FUELHH
2025-02-16T18:00:00Z,Hydro,476.000,Elexon BMRS FUELHH
2025-02-16T18:00:00Z,Imports & Exports,2894.000,Elexon BMRS FUELHH
2025-02-16T18:00:00Z,Nuclear,4312.000,Elexon BMRS FUELHH
2025-02-16T18:00:00Z,Other,1403.000,Elexon BMRS FUELHH
2025-02-16T18:00:00Z,Pumped Storage,1318.000,Elexon BMRS FUELHH
2025-02-16T18:00:00Z,Wind,11003.000,Elexon BMRS FUELHH
2025-02-16T18:30:00Z,Biomass,3156.000,Elexon BMRS FUELHH
2025-02-16T18:30:00Z,Coal,0.000,Elexon BMRS FUELHH
2025-02-16T18:30:00Z,Gas,15979.000,Elexon BMRS FUELHH
2025-02-16T18:30:00Z,Hydro,481.000,Elexon BMRS FUELHH
2025-02-16T18:30:00Z,Imports & Exports,2828.000,Elexon BMRS FUELHH
2025-02-16T18:30:00Z,Nuclear,4313.000,Elexon BMRS FUELHH
2025-02-16T18:30:00Z,Other,1306.000,Elexon BMRS FUELHH
2025-02-16T18:30:00Z,Pumped Storage,1172.000,Elexon BMRS FUELHH
2025-02-16T18:30:00Z,Wind,10921.000,Elexon BMRS FUELHH
2025-02-16T19:00:00Z,Biomass,3166.000,Elexon BMRS FUELHH
2025-02-16T19:00:00Z,Coal,0.000,Elexon BMRS FUELHH
2025-02-16T19:00:00Z,Gas,15920.000,Elexon BMRS FUELHH
2025-02-16T19:00:00Z,Hydro,427.000,Elexon BMRS FUELHH
2025-02-16T19:00:00Z,Imports & Exports,2492.000,Elexon BMRS FUELHH
2025-02-16T19:00:00Z,Nuclear,4318.000,Elexon BMRS FUELHH
2025-02-16T19:00:00Z,Other,1166.000,Elexon BMRS FUELHH
2025-02-16T19:00:00Z,Pumped Storage,468.000,Elexon BMRS FUELHH
2025-02-16T19:00:00Z,Wind,11024.000,Elexon BMRS FUELHH
2025-02-16T19:30:00Z,Biomass,3166.000,Elexon BMRS FUELHH
2025-02-16T19:30:00Z,Coal,0.000,Elexon BMRS FUELHH
2025-02-16T19:30:00Z,Gas,15808.000,Elexon BMRS FUELHH
2025-02-16T19:30:00Z,Hydro,421.000,Elexon BMRS FUELHH
2025-02-16T19:30:00Z,Imports & Exports,2356.000,Elexon BMRS FUELHH
2025-02-16T19:30:00Z,Nuclear,4315.000,Elexon BMRS FUELHH
2025-02-16T19:30:00Z,Other,758.000,Elexon BMRS FUELHH
2025-02-16T19:30:00Z,Pumped Storage,100.000,Elexon BMRS FUELHH
2025-02-16T19:30:00Z,Wind,11055.000,Elexon BMRS FUELHH
2025-02-16T20:00:00Z,Biomass,3171.000,Elexon BMRS FUELHH
2025-02-16T20:00:00Z,Coal,0.000,Elexon BMRS FUELHH
2025-02-16T20:00:00Z,Gas,15678.000,Elexon BMRS FUELHH
2025-02-16T20:00:00Z,Hydro,420.000,Elexon BMRS FUELHH
2025-02-16T20:00:00Z,Imports & Exports,970.000,Elexon BMRS FUELHH
2025-02-16T20:00:00Z,Nuclear,4314.000,Elexon BMRS FUELHH
2025-02-16T20:00:00Z,Other,741.000,Elexon BMRS FUELHH
2025-02-16T20:00:00Z,Pumped Storage,50.000,Elexon BMRS FUELHH
2025-02-16T20:00:00Z,Wind,11282.000,Elexon BMRS FUELHH
2025-02-16T20:30:00Z,Biomass,3168.000,Elexon BMRS FUELHH
2025-02-16T20:30:00Z,Coal,0.000,Elexon BMRS FUELHH
2025-02-16T20:30:00Z,Gas,15051.000,Elexon BMRS FUELHH
2025-02-16T20:30:00Z,Hydro,420.000,Elexon BMRS FUELHH
2025-02-16T20:30:00Z,Imports & Exports,888.000,Elexon BMRS FUELHH
2025-02-16T20:30:00Z,Nuclear,4313.000,Elexon BMRS FUELHH
2025-02-16T20:30:00Z,Other,362.000,Elexon BMRS FUELHH
2025-02-16T20:30:00Z,Pumped Storage,18.000,Elexon BMRS FUELHH
2025-02-16T20:30:00Z,Wind,11307.000,Elexon BMRS FUELHH
2025-02-16T21:00:00Z,Biomass,3170.000,Elexon BMRS FUELHH
2025-02-16T21:00:00Z,Coal,0.000,Elexon BMRS FUELHH
2025-02-16T21:00:00Z,Gas,13721.000,Elexon BMRS FUELHH
2025-02-16T21:00:00Z,Hydro,379.000,Elexon BMRS FUELHH
2025-02-16T21:00:00Z,Imports & Exports,910.000,Elexon BMRS FUELHH
2025-02-16T21:00:00Z,Nuclear,4311.000,Elexon BMRS FUELHH
2025-02-16T21:00:00Z,Other,297.000,Elexon BMRS FUELHH
2025-02-16T21:00:00Z,Pumped Storage,134.000,Elexon BMRS FUELHH
2025-02-16T21:00:00Z,Wind,11255.000,Elexon BMRS FUELHH
2025-02-16T21:30:00Z,Biomass,3172.000,Elexon BMRS FUELHH
2025-02-16T21:30:00Z,Coal,0.000,Elexon BMRS FUELHH
2025-02-16T21:30:00Z,Gas,12585.000,Elexon BMRS FUELHH
2025-02-16T21:30:00Z,Hydro,371.000,Elexon BMRS FUELHH
2025-02-16T21:30:00Z,Imports & Exports,1044.000,Elexon BMRS FUELHH
2025-02-16T21:30:00Z,Nuclear,4312.000,Elexon BMRS FUELHH
2025-02-16T21:30:00Z,Other,314.000,Elexon BMRS FUELHH
2025-02-16T21:30:00Z,Pumped Storage,-212.000,Elexon BMRS FUELHH
2025-02-16T21:30:00Z,Wind,10902.000,Elexon BMRS FUELHH
2025-02-16T22:00:00Z,Biomass,3144.000,Elexon BMRS FUELHH
2025-02-16T22:00:00Z,Coal,0.000,Elexon BMRS FUELHH
2025-02-16T22:00:00Z,Gas,11399.000,Elexon BMRS FUELHH
2025-02-16T22:00:00Z,Hydro,339.000,Elexon BMRS FUELHH
2025-02-16T22:00:00Z,Imports & Exports,902.000,Elexon BMRS FUELHH
2025-02-16T22:00:00Z,Nuclear,4306.000,Elexon BMRS FUELHH
2025-02-16T22:00:00Z,Other,326.000,Elexon BMRS FUELHH
2025-02-16T22:00:00Z,Pumped Storage,-252.000,Elexon BMRS FUELHH
2025-02-16T22:00:00Z,Wind,10564.000,Elexon BMRS FUELHH
2025-02-16T22:30:00Z,Biomass,3165.000,Elexon BMRS FUELHH
2025-02-16T22:30:00Z,Coal,0.000,Elexon BMRS FUELHH
2025-02-16T22:30:00Z,Gas,10755.000,Elexon BMRS FUELHH
2025-02-16T22:30:00Z,Hydro,322.000,Elexon BMRS FUELHH
2025-02-16T22:30:00Z,Imports & Exports,880.000,Elexon BMRS FUELHH
2025-02-16T22:30:00Z,Nuclear,4307.000,Elexon BMRS FUELHH
2025-02-16T22:30:00Z,Other,267.000,Elexon BMRS FUELHH
2025-02-16T22:30:00Z,Pumped Storage,-310.000,Elexon BMRS FUELHH
2025-02-16T22:30:00Z,Wind,10264.000,Elexon BMRS FUELHH
2025-02-16T23:00:00Z,Biomass,3169.000,Elexon BMRS FUELHH
2025-02-16T23:00:00Z,Coal,0.000,Elexon BMRS FUELHH
2025-02-16T23:00:00Z,Gas,10994.000,Elexon BMRS FUELHH
2025-02-16T23:00:00Z,Hydro,246.000,Elexon BMRS FUELHH
2025-02-16T23:00:00Z,Imports & Exports,-564.000,Elexon BMRS FUELHH
2025-02-16T23:00:00Z,Nuclear,4309.000,Elexon BMRS FUELHH
2025-02-16T23:00:00Z,Other,425.000,Elexon BMRS FUELHH
2025-02-16T23:00:00Z,Pumped Storage,-914.000,Elexon BMRS FUELHH
2025-02-16T23:00:00Z,Wind,10093.000,Elexon BMRS FUELHH
2025-02-16T23:30:00Z,Biomass,3125.000,Elexon BMRS FUELHH
2025-02-16T23:30:00Z,Coal,0.000,Elexon BMRS FUELHH
2025-02-16T23:30:00Z,Gas,10335.000,Elexon BMRS FUELHH
2025-02-16T23:30:00Z,Hydro,238.000,Elexon BMRS FUELHH
2025-02-16T23:30:00Z,Imports & Exports,-328.000,Elexon BMRS FUELHH
2025-02-16T23:30:00Z,Nuclear,4312.000,Elexon BMRS FUELHH
2025-02-16T23:30:00Z,Other,365.000,Elexon BMRS FUELHH
2025-02-16T23:30:00Z,Pumped Storage,-820.000,Elexon BMRS FUELHH
2025-02-16T23:30:00Z,Wind,9885.000,Elexon BMRS FUELHH
2025-02-17T00:00:00Z,Biomass,3009.000,Elexon BMRS FUELHH
2025-02-17T00:00:00Z,Coal,0.000,Elexon BMRS FUELHH
2025-02-17T00:00:00Z,Gas,9945.000,Elexon BMRS FUELHH
2025-02-17T00:00:00Z,Hydro,204.000,Elexon BMRS FUELHH
2025-02-17T00:00:00Z,Imports & Exports,1498.000,Elexon BMRS FUELHH
2025-02-17T00:00:00Z,Nuclear,4310.000,Elexon BMRS FUELHH
2025-02-17T00:00:00Z,Other,258.000,Elexon BMRS FUELHH
2025-02-17T00:00:00Z,Pumped Storage,-1246.000,Elexon BMRS FUELHH
2025-02-17T00:00:00Z,Wind,9692.000,Elexon BMRS FUELHH
2025-02-17T00:30:00Z,Biomass,2880.000,Elexon BMRS FUELHH
2025-02-17T00:30:00Z,Coal,0.000,Elexon BMRS FUELHH
2025-02-17T00:30:00Z,Gas,10385.000,Elexon BMRS FUELHH
2025-02-17T00:30:00Z,Hydro,201.000,Elexon BMRS FUELHH
2025-02-17T00:30:00Z,Imports & Exports,1688.000,Elexon BMRS FUELHH
2025-02-17T00:30:00Z,Nuclear,4307.000,Elexon BMRS FUELHH
2025-02-17T00:30:00Z,Other,449.000,Elexon BMRS FUELHH
2025-02-17T00:30:00Z,Pumped Storage,-1122.000,Elexon BMRS FUELHH
2025-02-17T00:30:00Z,Wind,9438.000,Elexon BMRS FUELHH
2025-02-17T01:00:00Z,Biomass,2853.000,Elexon BMRS FUELHH
2025-02-17T01:00:00Z,Coal,0.000,Elexon BMRS FUELHH
2025-02-17T01:00:00Z,Gas,10327.000,Elexon BMRS FUELHH
2025-02-17T01:00:00Z,Hydro,197.000,Elexon BMRS FUELHH
2025-02-17T01:00:00Z,Imports & Exports,2772.000,Elexon BMRS FUELHH
2025-02-17T01:00:00Z,Nuclear,4307.000,Elexon BMRS FUELHH
2025-02-17T01:00:00Z,Other,311.000,Elexon BMRS FUELHH
2025-02-17T01:00:00Z,Pumped Storage,-1360.000,Elexon BMRS FUELHH
2025-02-17T01:00:00Z,Wind,8917.000,Elexon BMRS FUELHH
2025-02-17T01:30:00Z,Biomass,2794.000,Elexon BMRS FUELHH
2025-02-17T01:30:00Z,Coal,0.000,Elexon BMRS FUELHH
2025-02-17T01:30:00Z,Gas,10198.000,Elexon BMRS FUELHH
2025-02-17T01:30:00Z,Hydro,195.000,Elexon BMRS FUELHH
2025-02-17T01:30:00Z,Imports & Exports,2814.000,Elexon BMRS FUELHH
2025-02-17T01:30:00Z,Nuclear,4306.000,Elexon BMRS FUELHH
2025-02-17T01:30:00Z,Other,272.000,Elexon BMRS FUELHH
2025-02-17T01:30:00Z,Pumped Storage,-1520.000,Elexon BMRS FUELHH
2025-02-17T01:30:00Z,Wind,8780.000,Elexon BMRS FUELHH
2025-02-17T02:00:00Z,Biomass,2704.000,Elexon BMRS FUELHH
2025-02-17T02:00:00Z,Coal,0.000,Elexon BMRS FUELHH
2025-02-17T02:00:00Z,Gas,10015.000,Elexon BMRS FUELHH
2025-02-17T02:00:00Z,Hydro,181.000,Elexon BMRS FUELHH
2025-02-17T02:00:00Z,Imports & Exports,2842.000,Elexon BMRS FUELHH
2025-02-17T02:00:00Z,Nuclear,4305.000,Elexon BMRS FUELHH
2025-02-17T02:00:00Z,Other,247.000,Elexon BMRS FUELHH
2025-02-17T02:00:00Z,Pumped Storage,-1498.000,Elexon BMRS FUELHH
2025-02-17T02:00:00Z,Wind,8366.000,Elexon BMRS FUELHH
2025-02-17T02:30:00Z,Biomass,2708.000,Elexon BMRS FUELHH
2025-02-17T02:30:00Z,Coal,0.000,Elexon BMRS FUELHH
2025-02-17T02:30:00Z,Gas,9814.000,Elexon BMRS FUELHH
2025-02-17T02:30:00Z,Hydro,180.000,Elexon BMRS FUELHH
2025-02-17T02:30:00Z,Imports & Exports,2842.000,Elexon BMRS FUELHH
2025-02-17T02:30:00Z,Nuclear,4305.000,Elexon BMRS FUELHH
2025-02-17T02:30:00Z,Other,248.000,Elexon BMRS FUELHH
2025-02-17T02:30:00Z,Pumped Storage,-1506.000,Elexon BMRS FUELHH
2025-02-17T02:30:00Z,Wind,8231.000,Elexon BMRS FUELHH
2025-02-17T03:00:00Z,Biomass,2764.000,Elexon BMRS FUELHH
2025-02-17T03:00:00Z,Coal,0.000,Elexon BMRS FUELHH
2025-02-17T03:00:00Z,Gas,9350.000,Elexon BMRS FUELHH
2025-02-17T03:00:00Z,Hydro,180.000,Elexon BMRS FUELHH
2025-02-17T03:00:00Z,Imports & Exports,2916.000,Elexon BMRS FUELHH
2025-02-17T03:00:00Z,Nuclear,4302.000,Elexon BMRS FUELHH
2025-02-17T03:00:00Z,Other,272.000,Elexon BMRS FUELHH
2025-02-17T03:00:00Z,Pumped Storage,-1488.000,Elexon BMRS FUELHH
2025-02-17T03:00:00Z,Wind,8264.000,Elexon BMRS FUELHH
2025-02-17T03:30:00Z,Biomass,3084.000,Elexon BMRS FUELHH
2025-02-17T03:30:00Z,Coal,0.000,Elexon BMRS FUELHH
2025-02-17T03:30:00Z,Gas,8698.000,Elexon BMRS FUELHH
2025-02-17T03:30:00Z,Hydro,180.000,Elexon BMRS FUELHH
2025-02-17T03:30:00Z,Imports & Exports,2912.000,Elexon BMRS FUELHH
2025-02-17T03:30:00Z,Nuclear,4307.000,Elexon BMRS FUELHH
2025-02-17T03:30:00Z,Other,236.000,Elexon BMRS FUELHH
2025-02-17T03:30:00Z,Pumped Storage,-1490.000,Elexon BMRS FUELHH
2025-02-17T03:30:00Z,Wind,8311.000,Elexon BMRS FUELHH
2025-02-17T04:00:00Z,Biomass,3133.000,Elexon BMRS FUELHH
2025-02-17T04:00:00Z,Coal,0.000,Elexon BMRS FUELHH
2025-02-17T04:00:00Z,Gas,9609.000,Elexon BMRS FUELHH
2025-02-17T04:00:00Z,Hydro,199.000,Elexon BMRS FUELHH
2025-02-17T04:00:00Z,Imports & Exports,906.000,Elexon BMRS FUELHH
2025-02-17T04:00:00Z,Nuclear,4302.000,Elexon BMRS FUELHH
2025-02-17T04:00:00Z,Other,256.000,Elexon BMRS FUELHH
2025-02-17T04:00:00Z,Pumped Storage,-1026.000,Elexon BMRS FUELHH
2025-02-17T04:00:00Z,Wind,8270.000,Elexon BMRS FUELHH
2025-02-17T04:30:00Z,Biomass,2971.000,Elexon BMRS FUELHH
2025-02-17T04:30:00Z,Coal,0.000,Elexon BMRS FUELHH
2025-02-17T04:30:00Z,Gas,10053.000,Elexon BMRS FUELHH
2025-02-17T04:30:00Z,Hydro,206.000,Elexon BMRS FUELHH
2025-02-17T04:30:00Z,Imports & Exports,612.000,Elexon BMRS FUELHH
2025-02-17T04:30:00Z,Nuclear,4305.000,Elexon BMRS FUELHH
2025-02-17T04:30:00Z,Other,258.000,Elexon BMRS FUELHH
2025-02-17T04:30:00Z,Pumped Storage,-1216.000,Elexon BMRS FUELHH
2025-02-17T04:30:00Z,Wind,8461.000,Elexon BMRS FUELHH
2025-02-17T05:00:00Z,Biomass,3158.000,Elexon BMRS FUELHH
2025-02-17T05:00:00Z,Coal,0.000,Elexon BMRS FUELHH
2025-02-17T05:00:00Z,Gas,11852.000,Elexon BMRS FUELHH
2025-02-17T05:00:00Z,Hydro,254.000,Elexon BMRS FUELHH
2025-02-17T05:00:00Z,Imports & Exports,-1968.000,Elexon BMRS FUELHH
2025-02-17T05:00:00Z,Nuclear,4305.000,Elexon BMRS FUELHH
2025-02-17T05:00:00Z,Other,294.000,Elexon BMRS FUELHH
2025-02-17T05:00:00Z,Pumped Storage,-436.000,Elexon BMRS FUELHH
2025-02-17T05:00:00Z,Wind,8511.000,Elexon BMRS FUELHH
2025-02-17T05:30:00Z,Biomass,3150.000,Elexon BMRS FUELHH
2025-02-17T05:30:00Z,Coal,0.000,Elexon BMRS FUELHH
2025-02-17T05:30:00Z,Gas,13430.000,Elexon BMRS FUELHH
2025-02-17T05:30:00Z,Hydro,261.000,Elexon BMRS FUELHH
2025-02-17T05:30:00Z,Imports & Exports,-1990.000,Elexon BMRS FUELHH
2025-02-17T05:30:00Z,Nuclear,4305.000,Elexon BMRS FUELHH
2025-02-17T05:30:00Z,Other,272.000,Elexon BMRS FUELHH
2025-02-17T05:30:00Z,Pumped Storage,-378.000,Elexon BMRS FUELHH
2025-02-17T05:30:00Z,Wind,8642.000,Elexon BMRS FUELHH
2025-02-17T06:00:00Z,Biomass,3156.000,Elexon BMRS FUELHH
2025-02-17T06:00:00Z,Coal,0.000,Elexon BMRS FUELHH
2025-02-17T06:00:00Z,Gas,15391.000,Elexon BMRS FUELHH
2025-02-17T06:00:00Z,Hydro,359.000,Elexon BMRS FUELHH
2025-02-17T06:00:00Z,Imports & Exports,-2312.000,Elexon BMRS FUELHH
2025-02-17T06:00:00Z,Nuclear,4306.000,Elexon BMRS FUELHH
2025-02-17T06:00:00Z,Other,251.000,Elexon BMRS FUELHH
2025-02-17T06:00:00Z,Pumped Storage,-78.000,Elexon BMRS FUELHH
2025-02-17T06:00:00Z,Wind,8975.000,Elexon BMRS FUELHH
2025-02-17T06:30:00Z,Biomass,3163.000,Elexon BMRS FUELHH
2025-02-17T06:30:00Z,Coal,0.000,Elexon BMRS FUELHH
2025-02-17T06:30:00Z,Gas,17355.000,Elexon BMRS FUELHH
2025-02-17T06:30:00Z,Hydro,363.000,Elexon BMRS FUELHH
2025-02-17T06:30:00Z,Imports & Exports,-2438.000,Elexon BMRS FUELHH
2025-02-17T06:30:00Z,Nuclear,4301.000,Elexon BMRS FUELHH
2025-02-17T06:30:00Z,Other,323.000,Elexon BMRS FUELHH
2025-02-17T06:30:00Z,Pumped Storage,222.000,Elexon BMRS FUELHH
2025-02-17T06:30:00Z,Wind,8962.000,Elexon BMRS FUELHH
2025-02-17T07:00:00Z,Biomass,3155.000,Elexon BMRS FUELHH
2025-02-17T07:00:00Z,Coal,0.000,Elexon BMRS FUELHH
2025-02-17T07:00:00Z,Gas,18163.000,Elexon BMRS FUELHH
2025-02-17T07:00:00Z,Hydro,390.000,Elexon BMRS FUELHH
2025-02-17T07:00:00Z,Imports & Exports,-1454.000,Elexon BMRS FUELHH
2025-02-17T07:00:00Z,Nuclear,4306.000,Elexon BMRS FUELHH
2025-02-17T07:00:00Z,Other,590.000,Elexon BMRS FUELHH
2025-02-17T07:00:00Z,Pumped Storage,694.000,Elexon BMRS FUELHH
2025-02-17T07:00:00Z,Wind,8868.000,Elexon BMRS FUELHH
2025-02-17T07:30:00Z,Biomass,3156.000,Elexon BMRS FUELHH
2025-02-17T07:30:00Z,Coal,0.000,Elexon BMRS FUELHH
2025-02-17T07:30:00Z,Gas,19016.000,Elexon BMRS FUELHH
2025-02-17T07:30:00Z,Hydro,359.000,Elexon BMRS FUELHH
2025-02-17T07:30:00Z,Imports & Exports,-1412.000,Elexon BMRS FUELHH
2025-02-17T07:30:00Z,Nuclear,4303.000,Elexon BMRS FUELHH
2025-02-17T07:30:00Z,Other,1266.000,Elexon BMRS FUELHH
2025-02-17T07:30:00Z,Pumped Storage,698.000,Elexon BMRS FUELHH
2025-02-17T07:30:00Z,Wind,8653.000,Elexon BMRS FUELHH
2025-02-17T08:00:00Z,Biomass,3144.000,Elexon BMRS FUELHH
2025-02-17T08:00:00Z,Coal,0.000,Elexon BMRS FUELHH
2025-02-17T08:00:00Z,Gas,21060.000,Elexon BMRS FUELHH
2025-02-17T08:00:00Z,Hydro,295.000,Elexon BMRS FUELHH
2025-02-17T08:00:00Z,Imports & Exports,-622.000,Elexon BMRS FUELHH
2025-02-17T08:00:00Z,Nuclear,4301.000,Elexon BMRS FUELHH
2025-02-17T08:00:00Z,Other,1089.000,Elexon BMRS FUELHH
2025-02-17T08:00:00Z,Pumped Storage,42.000,Elexon BMRS FUELHH
2025-02-17T08:00:00Z,Wind,8626.000,Elexon BMRS FUELHH
2025-02-17T08:30:00Z,Biomass,3133.000,Elexon BMRS FUELHH
2025-02-17T08:30:00Z,Coal,0.000,Elexon BMRS FUELHH
2025-02-17T08:30:00Z,Gas,21115.000,Elexon BMRS FUELHH
2025-02-17T08:30:00Z,Hydro,288.000,Elexon BMRS FUELHH
2025-02-17T08:30:00Z,Imports & Exports,-644.000,Elexon BMRS FUELHH
2025-02-17T08:30:00Z,Nuclear,4310.000,Elexon BMRS FUELHH
2025-02-17T08:30:00Z,Other,1101.000,Elexon BMRS FUELHH
2025-02-17T08:30:00Z,Pumped Storage,210.000,Elexon BMRS FUELHH
2025-02-17T08:30:00Z,Wind,8738.000,Elexon BMRS FUELHH
2025-02-17T09:00:00Z,Biomass,3147.000,Elexon BMRS FUELHH
2025-02-17T09:00:00Z,Coal,0.000,Elexon BMRS FUELHH
2025-02-17T09:00:00Z,Gas,20507.000,Elexon BMRS FUELHH
2025-02-17T09:00:00Z,Hydro,167.000,Elexon BMRS FUELHH
2025-02-17T09:00:00Z,Imports & Exports,1380.000,Elexon BMRS FUELHH
2025-02-17T09:00:00Z,Nuclear,4309.000,Elexon BMRS FUELHH
2025-02-17T09:00:00Z,Other,768.000,Elexon BMRS FUELHH
2025-02-17T09:00:00Z,Pumped Storage,132.000,Elexon BMRS FUELHH
2025-02-17T09:00:00Z,Wind,8812.000,Elexon BMRS FUELHH
2025-02-17T09:30:00Z,Biomass,3141.000,Elexon BMRS FUELHH
2025-02-17T09:30:00Z,Coal,0.000,Elexon BMRS FUELHH
2025-02-17T09:30:00Z,Gas,20013.000,Elexon BMRS FUELHH
2025-02-17T09:30:00Z,Hydro,157.000,Elexon BMRS FUELHH
2025-02-17T09:30:00Z,Imports & Exports,1330.000,Elexon BMRS FUELHH
2025-02-17T09:30:00Z,Nuclear,4323.000,Elexon BMRS FUELHH
2025-02-17T09:30:00Z,Other,713.000,Elexon BMRS FUELHH
2025-02-17T09:30:00Z,Pumped Storage,146.000,Elexon BMRS FUELHH
2025-02-17T09:30:00Z,Wind,9026.000,Elexon BMRS FUELHH
2025-02-17T10:00:00Z,Biomass,3148.000,Elexon BMRS FUELHH
2025-02-17T10:00:00Z,Coal,0.000,Elexon BMRS FUELHH
2025-02-17T10:00:00Z,Gas,18578.000,Elexon BMRS FUELHH
2025-02-17T10:00:00Z,Hydro,140.000,Elexon BMRS FUELHH
2025-02-17T10:00:00Z,Imports & Exports,2756.000,Elexon BMRS FUELHH
2025-02-17T10:00:00Z,Nuclear,4308.000,Elexon BMRS FUELHH
2025-02-17T10:00:00Z,Other,387.000,Elexon BMRS FUELHH
2025-02-17T10:00:00Z,Pumped Storage,266.000,Elexon BMRS FUELHH
2025-02-17T10:00:00Z,Wind,8962.000,Elexon BMRS FUELHH
2025-02-17T10:30:00Z,Biomass,3144.000,Elexon BMRS FUELHH
2025-02-17T10:30:00Z,Coal,0.000,Elexon BMRS FUELHH
2025-02-17T10:30:00Z,Gas,17569.000,Elexon BMRS FUELHH
2025-02-17T10:30:00Z,Hydro,139.000,Elexon BMRS FUELHH
2025-02-17T10:30:00Z,Imports & Exports,2970.000,Elexon BMRS FUELHH
2025-02-17T10:30:00Z,Nuclear,4311.000,Elexon BMRS FUELHH
2025-02-17T10:30:00Z,Other,428.000,Elexon BMRS FUELHH
2025-02-17T10:30:00Z,Pumped Storage,284.000,Elexon BMRS FUELHH
2025-02-17T10:30:00Z,Wind,8936.000,Elexon BMRS FUELHH
2025-02-17T11:00:00Z,Biomass,3140.000,Elexon BMRS FUELHH
2025-02-17T11:00:00Z,Coal,0.000,Elexon BMRS FUELHH
2025-02-17T11:00:00Z,Gas,17193.000,Elexon BMRS FUELHH
2025-02-17T11:00:00Z,Hydro,133.000,Elexon BMRS FUELHH
2025-02-17T11:00:00Z,Imports & Exports,2710.000,Elexon BMRS FUELHH
2025-02-17T11:00:00Z,Nuclear,4314.000,Elexon BMRS FUELHH
2025-02-17T11:00:00Z,Other,441.000,Elexon BMRS FUELHH
2025-02-17T11:00:00Z,Pumped Storage,120.000,Elexon BMRS FUELHH
2025-02-17T11:00:00Z,Wind,9395.000,Elexon BMRS FUELHH
2025-02-17T11:30:00Z,Biomass,3158.000,Elexon BMRS FUELHH
2025-02-17T11:30:00Z,Coal,0.000,Elexon BMRS FUELHH
2025-02-17T11:30:00Z,Gas,16851.000,Elexon BMRS FUELHH
2025-02-17T11:30:00Z,Hydro,137.000,Elexon BMRS FUELHH
2025-02-17T11:30:00Z,Imports & Exports,2600.000,Elexon BMRS FUELHH
2025-02-17T11:30:00Z,Nuclear,4303.000,Elexon BMRS FUELHH
2025-02-17T11:30:00Z,Other,529.000,Elexon BMRS FUELHH
2025-02-17T11:30:00Z,Pumped Storage,-10.000,Elexon BMRS FUELHH
2025-02-17T11:30:00Z,Wind,9301.000,Elexon BMRS FUELHH
2025-02-17T12:00:00Z,Biomass,3153.000,Elexon BMRS FUELHH
2025-02-17T12:00:00Z,Coal,0.000,Elexon BMRS FUELHH
2025-02-17T12:00:00Z,Gas,16923.000,Elexon BMRS FUELHH
2025-02-17T12:00:00Z,Hydro,124.000,Elexon BMRS FUELHH
2025-02-17T12:00:00Z,Imports & Exports,3118.000,Elexon BMRS FUELHH
2025-02-17T12:00:00Z,Nuclear,4302.000,Elexon BMRS FUELHH
2025-02-17T12:00:00Z,Other,398.000,Elexon BMRS FUELHH
2025-02-17T12:00:00Z,Pumped Storage,-16.000,Elexon BMRS FUELHH
2025-02-17T12:00:00Z,Wind,9079.000,Elexon BMRS FUELHH
2025-02-17T12:30:00Z,Biomass,3156.000,Elexon BMRS FUELHH
2025-02-17T12:30:00Z,Coal,0.000,Elexon BMRS FUELHH
2025-02-17T12:30:00Z,Gas,17107.000,Elexon BMRS FUELHH
2025-02-17T12:30:00Z,Hydro,121.000,Elexon BMRS FUELHH
2025-02-17T12:30:00Z,Imports & Exports,3166.000,Elexon BMRS FUELHH
2025-02-17T12:30:00Z,Nuclear,4305.000,Elexon BMRS FUELHH
2025-02-17T12:30:00Z,Other,367.000,Elexon BMRS FUELHH
2025-02-17T12:30:00Z,Pumped Storage,-16.000,Elexon BMRS FUELHH
2025-02-17T12:30:00Z,Wind,8795.000,Elexon BMRS FUELHH
2025-02-17T13:00:00Z,Biomass,3150.000,Elexon BMRS FUELHH
2025-02-17T13:00:00Z,Coal,0.000,Elexon BMRS FUELHH
2025-02-17T13:00:00Z,Gas,16385.000,Elexon BMRS FUELHH
2025-02-17T13:00:00Z,Hydro,121.000,Elexon BMRS FUELHH
2025-02-17T13:00:00Z,Imports & Exports,3984.000,Elexon BMRS FUELHH
2025-02-17T13:00:00Z,Nuclear,4306.000,Elexon BMRS FUELHH
2025-02-17T13:00:00Z,Other,397.000,Elexon BMRS FUELHH
2025-02-17T13:00:00Z,Pumped Storage,-16.000,Elexon BMRS FUELHH
2025-02-17T13:00:00Z,Wind,8850.000,Elexon BMRS FUELHH
2025-02-17T13:30:00Z,Biomass,3151.000,Elexon BMRS FUELHH
2025-02-17T13:30:00Z,Coal,0.000,Elexon BMRS FUELHH
2025-02-17T13:30:00Z,Gas,16899.000,Elexon BMRS FUELHH
2025-02-17T13:30:00Z,Hydro,121.000,Elexon BMRS FUELHH
2025-02-17T13:30:00Z,Imports & Exports,3892.000,Elexon BMRS FUELHH
2025-02-17T13:30:00Z,Nuclear,4302.000,Elexon BMRS FUELHH
2025-02-17T13:30:00Z,Other,318.000,Elexon BMRS FUELHH
2025-02-17T13:30:00Z,Pumped Storage,-16.000,Elexon BMRS FUELHH
2025-02-17T13:30:00Z,Wind,8617.000,Elexon BMRS FUELHH
2025-02-17T14:00:00Z,Biomass,3152.000,Elexon BMRS FUELHH
2025-02-17T14:00:00Z,Coal,0.000,Elexon BMRS FUELHH
2025-02-17T14:00:00Z,Gas,18929.000,Elexon BMRS FUELHH
2025-02-17T14:00:00Z,Hydro,121.000,Elexon BMRS FUELHH
2025-02-17T14:00:00Z,Imports & Exports,1320.000,Elexon BMRS FUELHH
2025-02-17T14:00:00Z,Nuclear,4299.000,Elexon BMRS FUELHH
2025-02-17T14:00:00Z,Other,369.000,Elexon BMRS FUELHH
2025-02-17T14:00:00Z,Pumped Storage,-16.000,Elexon BMRS FUELHH
2025-02-17T14:00:00Z,Wind,8508.000,Elexon BMRS FUELHH
2025-02-17T14:30:00Z,Biomass,3162.000,Elexon BMRS FUELHH
2025-02-17T14:30:00Z,Coal,0.000,Elexon BMRS FUELHH
2025-02-17T14:30:00Z,Gas,18976.000,Elexon BMRS FUELHH
2025-02-17T14:30:00Z,Hydro,122.000,Elexon BMRS FUELHH
2025-02-17T14:30:00Z,Imports & Exports,1206.000,Elexon BMRS FUELHH
2025-02-17T14:30:00Z,Nuclear,4297.000,Elexon BMRS FUELHH
2025-02-17T14:30:00Z,Other,416.000,Elexon BMRS FUELHH
2025-02-17T14:30:00Z,Pumped Storage,210.000,Elexon BMRS FUELHH
2025-02-17T14:30:00Z,Wind,8416.000,Elexon BMRS FUELHH
2025-02-17T15:00:00Z,Biomass,3131.000,Elexon BMRS FUELHH
2025-02-17T15:00:00Z,Coal,0.000,Elexon BMRS FUELHH
2025-02-17T15:00:00Z,Gas,20080.000,Elexon BMRS FUELHH
2025-02-17T15:00:00Z,Hydro,156.000,Elexon BMRS FUELHH
2025-02-17T15:00:00Z,Imports & Exports,-236.000,Elexon BMRS FUELHH
2025-02-17T15:00:00Z,Nuclear,4296.000,Elexon BMRS FUELHH
2025-02-17T15:00:00Z,Other,775.000,Elexon BMRS FUELHH
2025-02-17T15:00:00Z,Pumped Storage,438.000,Elexon BMRS FUELHH
2025-02-17T15:00:00Z,Wind,8461.000,Elexon BMRS FUELHH
2025-02-17T15:30:00Z,Biomass,3153.000,Elexon BMRS FUELHH
2025-02-17T15:30:00Z,Coal,0.000,Elexon BMRS FUELHH
2025-02-17T15:30:00Z,Gas,21640.000,Elexon BMRS FUELHH
2025-02-17T15:30:00Z,Hydro,214.000,Elexon BMRS FUELHH
2025-02-17T15:30:00Z,Imports & Exports,-372.000,Elexon BMRS FUELHH
2025-02-17T15:30:00Z,Nuclear,4301.000,Elexon BMRS FUELHH
2025-02-17T15:30:00Z,Other,769.000,Elexon BMRS FUELHH
2025-02-17T15:30:00Z,Pumped Storage,254.000,Elexon BMRS FUELHH
2025-02-17T15:30:00Z,Wind,8617.000,Elexon BMRS FUELHH
2025-02-17T16:00:00Z,Biomass,3165.000,Elexon BMRS FUELHH
2025-02-17T16:00:00Z,Coal,0.000,Elexon BMRS FUELHH
2025-02-17T16:00:00Z,Gas,22258.000,Elexon BMRS FUELHH
2025-02-17T16:00:00Z,Hydro,343.000,Elexon BMRS FUELHH
2025-02-17T16:00:00Z,Imports & Exports,-946.000,Elexon BMRS FUELHH
2025-02-17T16:00:00Z,Nuclear,4304.000,Elexon BMRS FUELHH
2025-02-17T16:00:00Z,Other,832.000,Elexon BMRS FUELHH
2025-02-17T16:00:00Z,Pumped Storage,948.000,Elexon BMRS FUELHH
2025-02-17T16:00:00Z,Wind,8729.000,Elexon BMRS FUELHH
2025-02-17T16:30:00Z,Biomass,3167.000,Elexon BMRS FUELHH
2025-02-17T16:30:00Z,Coal,0.000,Elexon BMRS FUELHH
2025-02-17T16:30:00Z,Gas,22552.000,Elexon BMRS FUELHH
2025-02-17T16:30:00Z,Hydro,392.000,Elexon BMRS FUELHH
2025-02-17T16:30:00Z,Imports & Exports,-1052.000,Elexon BMRS FUELHH
2025-02-17T16:30:00Z,Nuclear,4302.000,Elexon BMRS FUELHH
2025-02-17T16:30:00Z,Other,897.000,Elexon BMRS FUELHH
2025-02-17T16:30:00Z,Pumped Storage,1544.000,Elexon BMRS FUELHH
2025-02-17T16:30:00Z,Wind,8984.000,Elexon BMRS FUELHH
2025-02-17T17:00:00Z,Biomass,3164.000,Elexon BMRS FUELHH
2025-02-17T17:00:00Z,Coal,0.000,Elexon BMRS FUELHH
2025-02-17T17:00:00Z,Gas,22833.000,Elexon BMRS FUELHH
2025-02-17T17:00:00Z,Hydro,656.000,Elexon BMRS FUELHH
2025-02-17T17:00:00Z,Imports & Exports,-1918.000,Elexon BMRS FUELHH
2025-02-17T17:00:00Z,Nuclear,4303.000,Elexon BMRS FUELHH
2025-02-17T17:00:00Z,Other,1591.000,Elexon BMRS FUELHH
2025-02-17T17:00:00Z,Pumped Storage,2084.000,Elexon BMRS FUELHH
2025-02-17T17:00:00Z,Wind,9211.000,Elexon BMRS FUELHH
2025-02-17T17:30:00Z,Biomass,3168.000,Elexon BMRS FUELHH
2025-02-17T17:30:00Z,Coal,0.000,Elexon BMRS FUELHH
2025-02-17T17:30:00Z,Gas,23116.000,Elexon BMRS FUELHH
2025-02-17T17:30:00Z,Hydro,491.000,Elexon BMRS FUELHH
2025-02-17T17:30:00Z,Imports & Exports,-1928.000,Elexon BMRS FUELHH
2025-02-17T17:30:00Z,Nuclear,4302.000,Elexon BMRS FUELHH
2025-02-17T17:30:00Z,Other,2081.000,Elexon BMRS FUELHH
2025-02-17T17:30:00Z,Pumped Storage,2088.000,Elexon BMRS FUELHH
2025-02-17T17:30:00Z,Wind,9427.000,Elexon BMRS FUELHH
2025-02-17T18:00:00Z,Biomass,3168.000,Elexon BMRS FUELHH
2025-02-17T18:00:00Z,Coal,0.000,Elexon BMRS FUELHH
2025-02-17T18:00:00Z,Gas,23299.000,Elexon BMRS FUELHH
2025-02-17T18:00:00Z,Hydro,640.000,Elexon BMRS FUELHH
2025-02-17T18:00:00Z,Imports & Exports,-2180.000,Elexon BMRS FUELHH
2025-02-17T18:00:00Z,Nuclear,4299.000,Elexon BMRS FUELHH
2025-02-17T18:00:00Z,Other,2121.000,Elexon BMRS FUELHH
2025-02-17T18:00:00Z,Pumped Storage,2010.000,Elexon BMRS FUELHH
2025-02-17T18:00:00Z,Wind,9578.000,Elexon BMRS FUELHH
2025-02-17T18:30:00Z,Biomass,3167.000,Elexon BMRS FUELHH
2025-02-17T18:30:00Z,Coal,0.000,Elexon BMRS FUELHH
2025-02-17T18:30:00Z,Gas,23544.000,Elexon BMRS FUELHH
2025-02-17T18:30:00Z,Hydro,595.000,Elexon BMRS FUELHH
2025-02-17T18:30:00Z,Imports & Exports,-2110.000,Elexon BMRS FUELHH
2025-02-17T18:30:00Z,Nuclear,4299.000,Elexon BMRS FUELHH
2025-02-17T18:30:00Z,Other,1631.000,Elexon BMRS FUELHH
2025-02-17T18:30:00Z,Pumped Storage,1980.000,Elexon BMRS FUELHH
2025-02-17T18:30:00Z,Wind,9663.000,Elexon BMRS FUELHH
2025-02-17T19:00:00Z,Biomass,3159.000,Elexon BMRS FUELHH
2025-02-17T19:00:00Z,Coal,0.000,Elexon BMRS FUELHH
2025-02-17T19:00:00Z,Gas,23265.000,Elexon BMRS FUELHH
2025-02-17T19:00:00Z,Hydro,451.000,Elexon BMRS FUELHH
2025-02-17T19:00:00Z,Imports & Exports,-1256.000,Elexon BMRS FUELHH
2025-02-17T19:00:00Z,Nuclear,4306.000,Elexon BMRS FUELHH
2025-02-17T19:00:00Z,Other,1113.000,Elexon BMRS FUELHH
2025-02-17T19:00:00Z,Pumped Storage,1164.000,Elexon BMRS FUELHH
2025-02-17T19:00:00Z,Wind,9744.000,Elexon BMRS FUELHH
2025-02-17T19:30:00Z,Biomass,3167.000,Elexon BMRS FUELHH
2025-02-17T19:30:00Z,Coal,0.000,Elexon BMRS FUELHH
2025-02-17T19:30:00Z,Gas,22972.000,Elexon BMRS FUELHH
2025-02-17T19:30:00Z,Hydro,454.000,Elexon BMRS FUELHH
2025-02-17T19:30:00Z,Imports & Exports,-1284.000,Elexon BMRS FUELHH
2025-02-17T19:30:00Z,Nuclear,4297.000,Elexon BMRS FUELHH
2025-02-17T19:30:00Z,Other,758.000,Elexon BMRS FUELHH
2025-02-17T19:30:00Z,Pumped Storage,912.000,Elexon BMRS FUELHH
2025-02-17T19:30:00Z,Wind,10101.000,Elexon BMRS FUELHH
2025-02-17T20:00:00Z,Biomass,3150.000,Elexon BMRS FUELHH
2025-02-17T20:00:00Z,Coal,0.000,Elexon BMRS FUELHH
2025-02-17T20:00:00Z,Gas,22764.000,Elexon BMRS FUELHH
2025-02-17T20:00:00Z,Hydro,376.000,Elexon BMRS FUELHH
2025-02-17T20:00:00Z,Imports & Exports,-2212.000,Elexon BMRS FUELHH
2025-02-17T20:00:00Z,Nuclear,4308.000,Elexon BMRS FUELHH
2025-02-17T20:00:00Z,Other,512.000,Elexon BMRS FUELHH
2025-02-17T20:00:00Z,Pumped Storage,1102.000,Elexon BMRS FUELHH
2025-02-17T20:00:00Z,Wind,10264.000,Elexon BMRS FUELHH
2025-02-17T20:30:00Z,Biomass,3025.000,Elexon BMRS FUELHH
2025-02-17T20:30:00Z,Coal,0.000,Elexon BMRS FUELHH
2025-02-17T20:30:00Z,Gas,22149.000,Elexon BMRS FUELHH
2025-02-17T20:30:00Z,Hydro,325.000,Elexon BMRS FUELHH
2025-02-17T20:30:00Z,Imports & Exports,-2140.000,Elexon BMRS FUELHH
2025-02-17T20:30:00Z,Nuclear,4303.000,Elexon BMRS FUELHH
2025-02-17T20:30:00Z,Other,319.000,Elexon BMRS FUELHH
2025-02-17T20:30:00Z,Pumped Storage,512.000,Elexon BMRS FUELHH
2025-02-17T20:30:00Z,Wind,10226.000,Elexon BMRS FUELHH
2025-02-17T21:00:00Z,Biomass,2949.000,Elexon BMRS FUELHH
2025-02-17T21:00:00Z,Coal,0.000,Elexon BMRS FUELHH
2025-02-17T21:00:00Z,Gas,19799.000,Elexon BMRS FUELHH
2025-02-17T21:00:00Z,Hydro,250.000,Elexon BMRS FUELHH
2025-02-17T21:00:00Z,Imports & Exports,-1488.000,Elexon BMRS FUELHH
2025-02-17T21:00:00Z,Nuclear,4308.000,Elexon BMRS FUELHH
2025-02-17T21:00:00Z,Other,397.000,Elexon BMRS FUELHH
2025-02-17T21:00:00Z,Pumped Storage,430.000,Elexon BMRS FUELHH
2025-02-17T21:00:00Z,Wind,10407.000,Elexon BMRS FUELHH
2025-02-17T21:30:00Z,Biomass,2916.000,Elexon BMRS FUELHH
2025-02-17T21:30:00Z,Coal,0.000,Elexon BMRS FUELHH
2025-02-17T21:30:00Z,Gas,18030.000,Elexon BMRS FUELHH
2025-02-17T21:30:00Z,Hydro,235.000,Elexon BMRS FUELHH
2025-02-17T21:30:00Z,Imports & Exports,-1286.000,Elexon BMRS FUELHH
2025-02-17T21:30:00Z,Nuclear,4310.000,Elexon BMRS FUELHH
2025-02-17T21:30:00Z,Other,307.000,Elexon BMRS FUELHH
2025-02-17T21:30:00Z,Pumped Storage,196.000,Elexon BMRS FUELHH
2025-02-17T21:30:00Z,Wind,10558.000,Elexon BMRS FUELHH
2025-02-17T22:00:00Z,Biomass,2955.000,Elexon BMRS FUELHH
2025-02-17T22:00:00Z,Coal,0.000,Elexon BMRS FUELHH
2025-02-17T22:00:00Z,Gas,15726.000,Elexon BMRS FUELHH
2025-02-17T22:00:00Z,Hydro,222.000,Elexon BMRS FUELHH
2025-02-17T22:00:00Z,Imports & Exports,-734.000,Elexon BMRS FUELHH
2025-02-17T22:00:00Z,Nuclear,4304.000,Elexon BMRS FUELHH
2025-02-17T22:00:00Z,Other,311.000,Elexon BMRS FUELHH
2025-02-17T22:00:00Z,Pumped Storage,-92.000,Elexon BMRS FUELHH
2025-02-17T22:00:00Z,Wind,10361.000,Elexon BMRS FUELHH
2025-02-17T22:30:00Z,Biomass,2924.000,Elexon BMRS FUELHH
2025-02-17T22:30:00Z,Coal,0.000,Elexon BMRS FUELHH
2025-02-17T22:30:00Z,Gas,14669.000,Elexon BMRS FUELHH
2025-02-17T22:30:00Z,Hydro,209.000,Elexon BMRS FUELHH
2025-02-17T22:30:00Z,Imports & Exports,-658.000,Elexon BMRS FUELHH
2025-02-17T22:30:00Z,Nuclear,4305.000,Elexon BMRS FUELHH
2025-02-17T22:30:00Z,Other,225.000,Elexon BMRS FUELHH
2025-02-17T22:30:00Z,Pumped Storage,-174.000,Elexon BMRS FUELHH
2025-02-17T22:30:00Z,Wind,9928.000,Elexon BMRS FUELHH
2025-02-17T23:00:00Z,Biomass,2871.000,Elexon BMRS FUELHH
2025-02-17T23:00:00Z,Coal,0.000,Elexon BMRS FUELHH
2025-02-17T23:00:00Z,Gas,13189.000,Elexon BMRS FUELHH
2025-02-17T23:00:00Z,Hydro,208.000,Elexon BMRS FUELHH
2025-02-17T23:00:00Z,Imports & Exports,-1036.000,Elexon BMRS FUELHH
2025-02-17T23:00:00Z,Nuclear,4301.000,Elexon BMRS FUELHH
2025-02-17T23:00:00Z,Other,272.000,Elexon BMRS FUELHH
2025-02-17T23:00:00Z,Pumped Storage,-174.000,Elexon BMRS FUELHH
2025-02-17T23:00:00Z,Wind,9739.000,Elexon BMRS FUELHH
2025-02-17T23:30:00Z,Biomass,2867.000,Elexon BMRS FUELHH
2025-02-17T23:30:00Z,Coal,0.000,Elexon BMRS FUELHH
2025-02-17T23:30:00Z,Gas,12625.000,Elexon BMRS FUELHH
2025-02-17T23:30:00Z,Hydro,209.000,Elexon BMRS FUELHH
2025-02-17T23:30:00Z,Imports & Exports,-1174.000,Elexon BMRS FUELHH
2025-02-17T23:30:00Z,Nuclear,4304.000,Elexon BMRS FUELHH
2025-02-17T23:30:00Z,Other,263.000,Elexon BMRS FUELHH
2025-02-17T23:30:00Z,Pumped Storage,-184.000,Elexon BMRS FUELHH
2025-02-17T23:30:00Z,Wind,9781.000,Elexon BMRS FUELHH
2025-02-18T00:00:00Z,Biomass,2876.000,Elexon BMRS FUELHH
2025-02-18T00:00:00Z,Coal,0.000,Elexon BMRS FUELHH
2025-02-18T00:00:00Z,Gas,11704.000,Elexon BMRS FUELHH
2025-02-18T00:00:00Z,Hydro,207.000,Elexon BMRS FUELHH
2025-02-18T00:00:00Z,Imports & Exports,338.000,Elexon BMRS FUELHH
2025-02-18T00:00:00Z,Nuclear,4309.000,Elexon BMRS FUELHH
2025-02-18T00:00:00Z,Other,219.000,Elexon BMRS FUELHH
2025-02-18T00:00:00Z,Pumped Storage,-674.000,Elexon BMRS FUELHH
2025-02-18T00:00:00Z,Wind,9781.000,Elexon BMRS FUELHH
2025-02-18T00:30:00Z,Biomass,2877.000,Elexon BMRS FUELHH
2025-02-18T00:30:00Z,Coal,0.000,Elexon BMRS FUELHH
2025-02-18T00:30:00Z,Gas,12008.000,Elexon BMRS FUELHH
2025-02-18T00:30:00Z,Hydro,207.000,Elexon BMRS FUELHH
2025-02-18T00:30:00Z,Imports & Exports,460.000,Elexon BMRS FUELHH
2025-02-18T00:30:00Z,Nuclear,4352.000,Elexon BMRS FUELHH
2025-02-18T00:30:00Z,Other,389.000,Elexon BMRS FUELHH
2025-02-18T00:30:00Z,Pumped Storage,-764.000,Elexon BMRS FUELHH
2025-02-18T00:30:00Z,Wind,9878.000,Elexon BMRS FUELHH
2025-02-18T01:00:00Z,Biomass,2880.000,Elexon BMRS FUELHH
2025-02-18T01:00:00Z,Coal,0.000,Elexon BMRS FUELHH
2025-02-18T01:00:00Z,Gas,11500.000,Elexon BMRS FUELHH
2025-02-18T01:00:00Z,Hydro,207.000,Elexon BMRS FUELHH
2025-02-18T01:00:00Z,Imports & Exports,544.000,Elexon BMRS FUELHH
2025-02-18T01:00:00Z,Nuclear,4384.000,Elexon BMRS FUELHH
2025-02-18T01:00:00Z,Other,292.000,Elexon BMRS FUELHH
2025-02-18T01:00:00Z,Pumped Storage,-770.000,Elexon BMRS FUELHH
2025-02-18T01:00:00Z,Wind,10313.000,Elexon BMRS FUELHH
2025-02-18T01:30:00Z,Biomass,2920.000,Elexon BMRS FUELHH
2025-02-18T01:30:00Z,Coal,0.000,Elexon BMRS FUELHH
2025-02-18T01:30:00Z,Gas,10791.000,Elexon BMRS FUELHH
2025-02-18T01:30:00Z,Hydro,207.000,Elexon BMRS FUELHH
2025-02-18T01:30:00Z,Imports & Exports,562.000,Elexon BMRS FUELHH
2025-02-18T01:30:00Z,Nuclear,4379.000,Elexon BMRS FUELHH
2025-02-18T01:30:00Z,Other,269.000,Elexon BMRS FUELHH
2025-02-18T01:30:00Z,Pumped Storage,-1262.000,Elexon BMRS FUELHH
2025-02-18T01:30:00Z,Wind,10581.000,Elexon BMRS FUELHH
2025-02-18T02:00:00Z,Biomass,2965.000,Elexon BMRS FUELHH
2025-02-18T02:00:00Z,Coal,0.000,Elexon BMRS FUELHH
2025-02-18T02:00:00Z,Gas,10748.000,Elexon BMRS FUELHH
2025-02-18T02:00:00Z,Hydro,207.000,Elexon BMRS FUELHH
2025-02-18T02:00:00Z,Imports & Exports,54.000,Elexon BMRS FUELHH
2025-02-18T02:00:00Z,Nuclear,4382.000,Elexon BMRS FUELHH
2025-02-18T02:00:00Z,Other,424.000,Elexon BMRS FUELHH
2025-02-18T02:00:00Z,Pumped Storage,-1452.000,Elexon BMRS FUELHH
2025-02-18T02:00:00Z,Wind,10546.000,Elexon BMRS FUELHH
2025-02-18T02:30:00Z,Biomass,2966.000,Elexon BMRS FUELHH
2025-02-18T02:30:00Z,Coal,0.000,Elexon BMRS FUELHH
2025-02-18T02:30:00Z,Gas,10853.000,Elexon BMRS FUELHH
2025-02-18T02:30:00Z,Hydro,206.000,Elexon BMRS FUELHH
2025-02-18T02:30:00Z,Imports & Exports,106.000,Elexon BMRS FUELHH
2025-02-18T02:30:00Z,Nuclear,4384.000,Elexon BMRS FUELHH
2025-02-18T02:30:00Z,Other,347.000,Elexon BMRS FUELHH
2025-02-18T02:30:00Z,Pumped Storage,-1708.000,Elexon BMRS FUELHH
2025-02-18T02:30:00Z,Wind,10528.000,Elexon BMRS FUELHH
2025-02-18T03:00:00Z,Biomass,2959.000,Elexon BMRS FUELHH
2025-02-18T03:00:00Z,Coal,0.000,Elexon BMRS FUELHH
2025-02-18T03:00:00Z,Gas,10461.000,Elexon BMRS FUELHH
2025-02-18T03:00:00Z,Hydro,206.000,Elexon BMRS FUELHH
2025-02-18T03:00:00Z,Imports & Exports,-208.000,Elexon BMRS FUELHH
2025-02-18T03:00:00Z,Nuclear,4380.000,Elexon BMRS FUELHH
2025-02-18T03:00:00Z,Other,259.000,Elexon BMRS FUELHH
2025-02-18T03:00:00Z,Pumped Storage,-1726.000,Elexon BMRS FUELHH
2025-02-18T03:00:00Z,Wind,10796.000,Elexon BMRS FUELHH
2025-02-18T03:30:00Z,Biomass,2964.000,Elexon BMRS FUELHH
2025-02-18T03:30:00Z,Coal,0.000,Elexon BMRS FUELHH
2025-02-18T03:30:00Z,Gas,10114.000,Elexon BMRS FUELHH
2025-02-18T03:30:00Z,Hydro,207.000,Elexon BMRS FUELHH
2025-02-18T03:30:00Z,Imports & Exports,-302.000,Elexon BMRS FUELHH
2025-02-18T03:30:00Z,Nuclear,4380.000,Elexon BMRS FUELHH
2025-02-18T03:30:00Z,Other,272.000,Elexon BMRS FUELHH
2025-02-18T03:30:00Z,Pumped Storage,-1708.000,Elexon BMRS FUELHH
2025-02-18T03:30:00Z,Wind,10869.000,Elexon BMRS FUELHH
2025-02-18T04:00:00Z,Biomass,2961.000,Elexon BMRS FUELHH
2025-02-18T04:00:00Z,Coal,0.000,Elexon BMRS FUELHH
2025-02-18T04:00:00Z,Gas,10765.000,Elexon BMRS FUELHH
2025-02-18T04:00:00Z,Hydro,224.000,Elexon BMRS FUELHH
2025-02-18T04:00:00Z,Imports & Exports,-1408.000,Elexon BMRS FUELHH
2025-02-18T04:00:00Z,Nuclear,4390.000,Elexon BMRS FUELHH
2025-02-18T04:00:00Z,Other,295.000,Elexon BMRS FUELHH
2025-02-18T04:00:00Z,Pumped Storage,-1582.000,Elexon BMRS FUELHH
2025-02-18T04:00:00Z,Wind,10763.000,Elexon BMRS FUELHH
2025-02-18T04:30:00Z,Biomass,2955.000,Elexon BMRS FUELHH
2025-02-18T04:30:00Z,Coal,0.000,Elexon BMRS FUELHH
2025-02-18T04:30:00Z,Gas,11373.000,Elexon BMRS FUELHH
2025-02-18T04:30:00Z,Hydro,226.000,Elexon BMRS FUELHH
2025-02-18T04:30:00Z,Imports & Exports,-1538.000,Elexon BMRS FUELHH
2025-02-18T04:30:00Z,Nuclear,4394.000,Elexon BMRS FUELHH
2025-02-18T04:30:00Z,Other,244.000,Elexon BMRS FUELHH
2025-02-18T04:30:00Z,Pumped Storage,-1528.000,Elexon BMRS FUELHH
2025-02-18T04:30:00Z,Wind,10707.000,Elexon BMRS FUELHH
2025-02-18T05:00:00Z,Biomass,2963.000,Elexon BMRS FUELHH
2025-02-18T05:00:00Z,Coal,0.000,Elexon BMRS FUELHH
2025-02-18T05:00:00Z,Gas,12006.000,Elexon BMRS FUELHH
2025-02-18T05:00:00Z,Hydro,242.000,Elexon BMRS FUELHH
2025-02-18T05:00:00Z,Imports & Exports,-2928.000,Elexon BMRS FUELHH
2025-02-18T05:00:00Z,Nuclear,4410.000,Elexon BMRS FUELHH
2025-02-18T05:00:00Z,Other,305.000,Elexon BMRS FUELHH
2025-02-18T05:00:00Z,Pumped Storage,-556.000,Elexon BMRS FUELHH
2025-02-18T05:00:00Z,Wind,10573.000,Elexon BMRS FUELHH
2025-02-18T05:30:00Z,Biomass,2959.000,Elexon BMRS FUELHH
2025-02-18T05:30:00Z,Coal,0.000,Elexon BMRS FUELHH
2025-02-18T05:30:00Z,Gas,13318.000,Elexon BMRS FUELHH
2025-02-18T05:30:00Z,Hydro,274.000,Elexon BMRS FUELHH
2025-02-18T05:30:00Z,Imports & Exports,-3162.000,Elexon BMRS FUELHH
2025-02-18T05:30:00Z,Nuclear,4427.000,Elexon BMRS FUELHH
2025-02-18T05:30:00Z,Other,289.000,Elexon BMRS FUELHH
2025-02-18T05:30:00Z,Pumped Storage,-180.000,Elexon BMRS FUELHH
2025-02-18T05:30:00Z,Wind,10310.000,Elexon BMRS FUELHH
2025-02-18T06:00:00Z,Biomass,2962.000,Elexon BMRS FUELHH
2025-02-18T06:00:00Z,Coal,0.000,Elexon BMRS FUELHH
2025-02-18T06:00:00Z,Gas,14956.000,Elexon BMRS FUELHH
2025-02-18T06:00:00Z,Hydro,358.000,Elexon BMRS FUELHH
2025-02-18T06:00:00Z,Imports & Exports,-3200.000,Elexon BMRS FUELHH
2025-02-18T06:00:00Z,Nuclear,4426.000,Elexon BMRS FUELHH
2025-02-18T06:00:00Z,Other,516.000,Elexon BMRS FUELHH
2025-02-18T06:00:00Z,Pumped Storage,144.000,Elexon BMRS FUELHH
2025-02-18T06:00:00Z,Wind,10184.000,Elexon BMRS FUELHH
2025-02-18T06:30:00Z,Biomass,2944.000,Elexon BMRS FUELHH
2025-02-18T06:30:00Z,Coal,0.000,Elexon BMRS FUELHH
2025-02-18T06:30:00Z,Gas,15794.000,Elexon BMRS FUELHH
2025-02-18T06:30:00Z,Hydro,428.000,Elexon BMRS FUELHH
2025-02-18T06:30:00Z,Imports & Exports,-3304.000,Elexon BMRS FUELHH
2025-02-18T06:30:00Z,Nuclear,4435.000,Elexon BMRS FUELHH
2025-02-18T06:30:00Z,Other,938.000,Elexon BMRS FUELHH
2025-02-18T06:30:00Z,Pumped Storage,516.000,Elexon BMRS FUELHH
2025-02-18T06:30:00Z,Wind,10187.000,Elexon BMRS FUELHH
2025-02-18T07:00:00Z,Biomass,2875.000,Elexon BMRS FUELHH
2025-02-18T07:00:00Z,Coal,0.000,Elexon BMRS FUELHH
2025-02-18T07:00:00Z,Gas,16137.000,Elexon BMRS FUELHH
2025-02-18T07:00:00Z,Hydro,503.000,Elexon BMRS FUELHH
2025-02-18T07:00:00Z,Imports & Exports,-2116.000,Elexon BMRS FUELHH
2025-02-18T07:00:00Z,Nuclear,4436.000,Elexon BMRS FUELHH
2025-02-18T07:00:00Z,Other,999.000,Elexon BMRS FUELHH
2025-02-18T07:00:00Z,Pumped Storage,818.000,Elexon BMRS FUELHH
2025-02-18T07:00:00Z,Wind,10409.000,Elexon BMRS FUELHH
2025-02-18T07:30:00Z,Biomass,2840.000,Elexon BMRS FUELHH
2025-02-18T07:30:00Z,Coal,0.000,Elexon BMRS FUELHH
2025-02-18T07:30:00Z,Gas,16233.000,Elexon BMRS FUELHH
2025-02-18T07:30:00Z,Hydro,484.000,Elexon BMRS FUELHH
2025-02-18T07:30:00Z,Imports & Exports,-1960.000,Elexon BMRS FUELHH
2025-02-18T07:30:00Z,Nuclear,4431.000,Elexon BMRS FUELHH
2025-02-18T07:30:00Z,Other,1595.000,Elexon BMRS FUELHH
2025-02-18T07:30:00Z,Pumped Storage,860.000,Elexon BMRS FUELHH
2025-02-18T07:30:00Z,Wind,11153.000,Elexon BMRS FUELHH
2025-02-18T08:00:00Z,Biomass,2837.000,Elexon BMRS FUELHH
2025-02-18T08:00:00Z,Coal,0.000,Elexon BMRS FUELHH
2025-02-18T08:00:00Z,Gas,16108.000,Elexon BMRS FUELHH
2025-02-18T08:00:00Z,Hydro,333.000,Elexon BMRS FUELHH
2025-02-18T08:00:00Z,Imports & Exports,1364.000,Elexon BMRS FUELHH
2025-02-18T08:00:00Z,Nuclear,4432.000,Elexon BMRS FUELHH
2025-02-18T08:00:00Z,Other,1046.000,Elexon BMRS FUELHH
2025-02-18T08:00:00Z,Pumped Storage,590.000,Elexon BMRS FUELHH
2025-02-18T08:00:00Z,Wind,11432.000,Elexon BMRS FUELHH
2025-02-18T08:30:00Z,Biomass,2834.000,Elexon BMRS FUELHH
2025-02-18T08:30:00Z,Coal,0.000,Elexon BMRS FUELHH
2025-02-18T08:30:00Z,Gas,16374.000,Elexon BMRS FUELHH
2025-02-18T08:30:00Z,Hydro,314.000,Elexon BMRS FUELHH
2025-02-18T08:30:00Z,Imports & Exports,1180.000,Elexon BMRS FUELHH
2025-02-18T08:30:00Z,Nuclear,4429.000,Elexon BMRS FUELHH
2025-02-18T08:30:00Z,Other,1043.000,Elexon BMRS FUELHH
2025-02-18T08:30:00Z,Pumped Storage,396.000,Elexon BMRS FUELHH
2025-02-18T08:30:00Z,Wind,11632.000,Elexon BMRS FUELHH
2025-02-18T09:00:00Z,Biomass,2832.000,Elexon BMRS FUELHH
2025-02-18T09:00:00Z,Coal,0.000,Elexon BMRS FUELHH
2025-02-18T09:00:00Z,Gas,15710.000,Elexon BMRS FUELHH
2025-02-18T09:00:00Z,Hydro,194.000,Elexon BMRS FUELHH
2025-02-18T09:00:00Z,Imports & Exports,2854.000,Elexon BMRS FUELHH
2025-02-18T09:00:00Z,Nuclear,4434.000,Elexon BMRS FUELHH
2025-02-18T09:00:00Z,Other,770.000,Elexon BMRS FUELHH
2025-02-18T09:00:00Z,Pumped Storage,8.000,Elexon BMRS FUELHH
2025-02-18T09:00:00Z,Wind,11735.000,Elexon BMRS FUELHH
2025-02-18T09:30:00Z,Biomass,2839.000,Elexon BMRS FUELHH
2025-02-18T09:30:00Z,Coal,0.000,Elexon BMRS FUELHH
2025-02-18T09:30:00Z,Gas,14336.000,Elexon BMRS FUELHH
2025-02-18T09:30:00Z,Hydro,181.000,Elexon BMRS FUELHH
2025-02-18T09:30:00Z,Imports & Exports,3036.000,Elexon BMRS FUELHH
2025-02-18T09:30:00Z,Nuclear,4442.000,Elexon BMRS FUELHH
2025-02-18T09:30:00Z,Other,591.000,Elexon BMRS FUELHH
2025-02-18T09:30:00Z,Pumped Storage,-22.000,Elexon BMRS FUELHH
2025-02-18T09:30:00Z,Wind,11801.000,Elexon BMRS FUELHH
2025-02-18T10:00:00Z,Biomass,2840.000,Elexon BMRS FUELHH
2025-02-18T10:00:00Z,Coal,0.000,Elexon BMRS FUELHH
2025-02-18T10:00:00Z,Gas,11677.000,Elexon BMRS FUELHH
2025-02-18T10:00:00Z,Hydro,159.000,Elexon BMRS FUELHH
2025-02-18T10:00:00Z,Imports & Exports,5520.000,Elexon BMRS FUELHH
2025-02-18T10:00:00Z,Nuclear,4468.000,Elexon BMRS FUELHH
2025-02-18T10:00:00Z,Other,380.000,Elexon BMRS FUELHH
2025-02-18T10:00:00Z,Pumped Storage,-20.000,Elexon BMRS FUELHH
2025-02-18T10:00:00Z,Wind,11828.000,Elexon BMRS FUELHH
2025-02-18T10:30:00Z,Biomass,2839.000,Elexon BMRS FUELHH
2025-02-18T10:30:00Z,Coal,0.000,Elexon BMRS FUELHH
2025-02-18T10:30:00Z,Gas,10291.000,Elexon BMRS FUELHH
2025-02-18T10:30:00Z,Hydro,159.000,Elexon BMRS FUELHH
2025-02-18T10:30:00Z,Imports & Exports,5720.000,Elexon BMRS FUELHH
2025-02-18T10:30:00Z,Nuclear,4478.000,Elexon BMRS FUELHH
2025-02-18T10:30:00Z,Other,404.000,Elexon BMRS FUELHH
2025-02-18T10:30:00Z,Pumped Storage,-18.000,Elexon BMRS FUELHH
2025-02-18T10:30:00Z,Wind,11999.000,Elexon BMRS FUELHH
2025-02-18T11:00:00Z,Biomass,2895.000,Elexon BMRS FUELHH
2025-02-18T11:00:00Z,Coal,0.000,Elexon BMRS FUELHH
2025-02-18T11:00:00Z,Gas,9008.000,Elexon BMRS FUELHH
2025-02-18T11:00:00Z,Hydro,159.000,Elexon BMRS FUELHH
2025-02-18T11:00:00Z,Imports & Exports,6300.000,Elexon BMRS FUELHH
2025-02-18T11:00:00Z,Nuclear,4482.000,Elexon BMRS FUELHH
2025-02-18T11:00:00Z,Other,368.000,Elexon BMRS FUELHH
2025-02-18T11:00:00Z,Pumped Storage,-18.000,Elexon BMRS FUELHH
2025-02-18T11:00:00Z,Wind,12285.000,Elexon BMRS FUELHH
2025-02-18T11:30:00Z,Biomass,2952.000,Elexon BMRS FUELHH
2025-02-18T11:30:00Z,Coal,0.000,Elexon BMRS FUELHH
2025-02-18T11:30:00Z,Gas,8288.000,Elexon BMRS FUELHH
2025-02-18T11:30:00Z,Hydro,150.000,Elexon BMRS FUELHH
2025-02-18T11:30:00Z,Imports & Exports,6464.000,Elexon BMRS FUELHH
2025-02-18T11:30:00Z,Nuclear,4486.000,Elexon BMRS FUELHH
2025-02-18T11:30:00Z,Other,333.000,Elexon BMRS FUELHH
2025-02-18T11:30:00Z,Pumped Storage,-18.000,Elexon BMRS FUELHH
2025-02-18T11:30:00Z,Wind,12422.000,Elexon BMRS FUELHH
2025-02-18T12:00:00Z,Biomass,2954.000,Elexon BMRS FUELHH
2025-02-18T12:00:00Z,Coal,0.000,Elexon BMRS FUELHH
2025-02-18T12:00:00Z,Gas,7946.000,Elexon BMRS FUELHH
2025-02-18T12:00:00Z,Hydro,135.000,Elexon BMRS FUELHH
2025-02-18T12:00:00Z,Imports & Exports,6544.000,Elexon BMRS FUELHH
2025-02-18T12:00:00Z,Nuclear,4485.000,Elexon BMRS FUELHH
2025-02-18T12:00:00Z,Other,362.000,Elexon BMRS FUELHH
2025-02-18T12:00:00Z,Pumped Storage,-20.000,Elexon BMRS FUELHH
2025-02-18T12:00:00Z,Wind,12317.000,Elexon BMRS FUELHH
2025-02-18T12:30:00Z,Biomass,2797.000,Elexon BMRS FUELHH
2025-02-18T12:30:00Z,Coal,0.000,Elexon BMRS FUELHH
2025-02-18T12:30:00Z,Gas,7913.000,Elexon BMRS FUELHH
2025-02-18T12:30:00Z,Hydro,119.000,Elexon BMRS FUELHH
2025-02-18T12:30:00Z,Imports & Exports,6546.000,Elexon BMRS FUELHH
2025-02-18T12:30:00Z,Nuclear,4492.000,Elexon BMRS FUELHH
2025-02-18T12:30:00Z,Other,370.000,Elexon BMRS FUELHH
2025-02-18T12:30:00Z,Pumped Storage,-18.000,Elexon BMRS FUELHH
2025-02-18T12:30:00Z,Wind,12175.000,Elexon BMRS FUELHH
2025-02-18T13:00:00Z,Biomass,2771.000,Elexon BMRS FUELHH
2025-02-18T13:00:00Z,Coal,0.000,Elexon BMRS FUELHH
2025-02-18T13:00:00Z,Gas,8046.000,Elexon BMRS FUELHH
2025-02-18T13:00:00Z,Hydro,116.000,Elexon BMRS FUELHH
2025-02-18T13:00:00Z,Imports & Exports,6732.000,Elexon BMRS FUELHH
2025-02-18T13:00:00Z,Nuclear,4496.000,Elexon BMRS FUELHH
2025-02-18T13:00:00Z,Other,401.000,Elexon BMRS FUELHH
2025-02-18T13:00:00Z,Pumped Storage,-18.000,Elexon BMRS FUELHH
2025-02-18T13:00:00Z,Wind,11958.000,Elexon BMRS FUELHH
2025-02-18T13:30:00Z,Biomass,2849.000,Elexon BMRS FUELHH
2025-02-18T13:30:00Z,Coal,0.000,Elexon BMRS FUELHH
2025-02-18T13:30:00Z,Gas,8254.000,Elexon BMRS FUELHH
2025-02-18T13:30:00Z,Hydro,116.000,Elexon BMRS FUELHH
2025-02-18T13:30:00Z,Imports & Exports,6630.000,Elexon BMRS FUELHH
2025-02-18T13:30:00Z,Nuclear,4499.000,Elexon BMRS FUELHH
2025-02-18T13:30:00Z,Other,364.000,Elexon BMRS FUELHH
2025-02-18T13:30:00Z,Pumped Storage,-12.000,Elexon BMRS FUELHH
2025-02-18T13:30:00Z,Wind,11967.000,Elexon BMRS FUELHH
2025-02-18T14:00:00Z,Biomass,2950.000,Elexon BMRS FUELHH
2025-02-18T14:00:00Z,Coal,0.000,Elexon BMRS FUELHH
2025-02-18T14:00:00Z,Gas,9091.000,Elexon BMRS FUELHH
2025-02-18T14:00:00Z,Hydro,116.000,Elexon BMRS FUELHH
2025-02-18T14:00:00Z,Imports & Exports,5166.000,Elexon BMRS FUELHH
2025-02-18T14:00:00Z,Nuclear,4507.000,Elexon BMRS FUELHH
2025-02-18T14:00:00Z,Other,403.000,Elexon BMRS FUELHH
2025-02-18T14:00:00Z,Pumped Storage,286.000,Elexon BMRS FUELHH
2025-02-18T14:00:00Z,Wind,11947.000,Elexon BMRS FUELHH
2025-02-18T14:30:00Z,Biomass,2915.000,Elexon BMRS FUELHH
2025-02-18T14:30:00Z,Coal,0.000,Elexon BMRS FUELHH
2025-02-18T14:30:00Z,Gas,9690.000,Elexon BMRS FUELHH
2025-02-18T14:30:00Z,Hydro,118.000,Elexon BMRS FUELHH
2025-02-18T14:30:00Z,Imports & Exports,4938.000,Elexon BMRS FUELHH
2025-02-18T14:30:00Z,Nuclear,4517.000,Elexon BMRS FUELHH
2025-02-18T14:30:00Z,Other,411.000,Elexon BMRS FUELHH
2025-02-18T14:30:00Z,Pumped Storage,158.000,Elexon BMRS FUELHH
2025-02-18T14:30:00Z,Wind,11868.000,Elexon BMRS FUELHH
2025-02-18T15:00:00Z,Biomass,2892.000,Elexon BMRS FUELHH
2025-02-18T15:00:00Z,Coal,0.000,Elexon BMRS FUELHH
2025-02-18T15:00:00Z,Gas,12186.000,Elexon BMRS FUELHH
2025-02-18T15:00:00Z,Hydro,127.000,Elexon BMRS FUELHH
2025-02-18T15:00:00Z,Imports & Exports,3010.000,Elexon BMRS FUELHH
2025-02-18T15:00:00Z,Nuclear,4529.000,Elexon BMRS FUELHH
2025-02-18T15:00:00Z,Other,768.000,Elexon BMRS FUELHH
2025-02-18T15:00:00Z,Pumped Storage,450.000,Elexon BMRS FUELHH
2025-02-18T15:00:00Z,Wind,11556.000,Elexon BMRS FUELHH
2025-02-18T15:30:00Z,Biomass,2949.000,Elexon BMRS FUELHH
2025-02-18T15:30:00Z,Coal,0.000,Elexon BMRS FUELHH
2025-02-18T15:30:00Z,Gas,13868.000,Elexon BMRS FUELHH
2025-02-18T15:30:00Z,Hydro,176.000,Elexon BMRS FUELHH
2025-02-18T15:30:00Z,Imports & Exports,2996.000,Elexon BMRS FUELHH
2025-02-18T15:30:00Z,Nuclear,4544.000,Elexon BMRS FUELHH
2025-02-18T15:30:00Z,Other,789.000,Elexon BMRS FUELHH
2025-02-18T15:30:00Z,Pumped Storage,290.000,Elexon BMRS FUELHH
2025-02-18T15:30:00Z,Wind,11839.000,Elexon BMRS FUELHH
2025-02-18T16:00:00Z,Biomass,2955.000,Elexon BMRS FUELHH
2025-02-18T16:00:00Z,Coal,0.000,Elexon BMRS FUELHH
2025-02-18T16:00:00Z,Gas,15077.000,Elexon BMRS FUELHH
2025-02-18T16:00:00Z,Hydro,385.000,Elexon BMRS FUELHH
2025-02-18T16:00:00Z,Imports & Exports,1362.000,Elexon BMRS FUELHH
2025-02-18T16:00:00Z,Nuclear,4558.000,Elexon BMRS FUELHH
2025-02-18T16:00:00Z,Other,1180.000,Elexon BMRS FUELHH
2025-02-18T16:00:00Z,Pumped Storage,568.000,Elexon BMRS FUELHH
2025-02-18T16:00:00Z,Wind,11795.000,Elexon BMRS FUELHH
2025-02-18T16:30:00Z,Biomass,2980.000,Elexon BMRS FUELHH
2025-02-18T16:30:00Z,Coal,0.000,Elexon BMRS FUELHH
2025-02-18T16:30:00Z,Gas,16198.000,Elexon BMRS FUELHH
2025-02-18T16:30:00Z,Hydro,421.000,Elexon BMRS FUELHH
2025-02-18T16:30:00Z,Imports & Exports,1062.000,Elexon BMRS FUELHH
2025-02-18T16:30:00Z,Nuclear,4564.000,Elexon BMRS FUELHH
2025-02-18T16:30:00Z,Other,1086.000,Elexon BMRS FUELHH
2025-02-18T16:30:00Z,Pumped Storage,1198.000,Elexon BMRS FUELHH
2025-02-18T16:30:00Z,Wind,12025.000,Elexon BMRS FUELHH
2025-02-18T17:00:00Z,Biomass,2978.000,Elexon BMRS FUELHH
2025-02-18T17:00:00Z,Coal,0.000,Elexon BMRS FUELHH
2025-02-18T17:00:00Z,Gas,17385.000,Elexon BMRS FUELHH
2025-02-18T17:00:00Z,Hydro,656.000,Elexon BMRS FUELHH
2025-02-18T17:00:00Z,Imports & Exports,1008.000,Elexon BMRS FUELHH
2025-02-18T17:00:00Z,Nuclear,4569.000,Elexon BMRS FUELHH
2025-02-18T17:00:00Z,Other,835.000,Elexon BMRS FUELHH
2025-02-18T17:00:00Z,Pumped Storage,1168.000,Elexon BMRS FUELHH
2025-02-18T17:00:00Z,Wind,12761.000,Elexon BMRS FUELHH
2025-02-18T17:30:00Z,Biomass,2982.000,Elexon BMRS FUELHH
2025-02-18T17:30:00Z,Coal,0.000,Elexon BMRS FUELHH
2025-02-18T17:30:00Z,Gas,17934.000,Elexon BMRS FUELHH
2025-02-18T17:30:00Z,Hydro,705.000,Elexon BMRS FUELHH
2025-02-18T17:30:00Z,Imports & Exports,890.000,Elexon BMRS FUELHH
2025-02-18T17:30:00Z,Nuclear,4565.000,Elexon BMRS FUELHH
2025-02-18T17:30:00Z,Other,942.000,Elexon BMRS FUELHH
2025-02-18T17:30:00Z,Pumped Storage,1100.000,Elexon BMRS FUELHH
2025-02-18T17:30:00Z,Wind,13302.000,Elexon BMRS FUELHH
2025-02-18T18:00:00Z,Biomass,2974.000,Elexon BMRS FUELHH
2025-02-18T18:00:00Z,Coal,0.000,Elexon BMRS FUELHH
2025-02-18T18:00:00Z,Gas,17825.000,Elexon BMRS FUELHH
2025-02-18T18:00:00Z,Hydro,710.000,Elexon BMRS FUELHH
2025-02-18T18:00:00Z,Imports & Exports,1154.000,Elexon BMRS FUELHH
2025-02-18T18:00:00Z,Nuclear,4568.000,Elexon BMRS FUELHH
2025-02-18T18:00:00Z,Other,831.000,Elexon BMRS FUELHH
2025-02-18T18:00:00Z,Pumped Storage,998.000,Elexon BMRS FUELHH
2025-02-18T18:00:00Z,Wind,13900.000,Elexon BMRS FUELHH
2025-02-18T18:30:00Z,Biomass,2959.000,Elexon BMRS FUELHH
2025-02-18T18:30:00Z,Coal,0.000,Elexon BMRS FUELHH
2025-02-18T18:30:00Z,Gas,17614.000,Elexon BMRS FUELHH
2025-02-18T18:30:00Z,Hydro,587.000,Elexon BMRS FUELHH
2025-02-18T18:30:00Z,Imports & Exports,1190.000,Elexon BMRS FUELHH
2025-02-18T18:30:00Z,Nuclear,4571.000,Elexon BMRS FUELHH
2025-02-18T18:30:00Z,Other,664.000,Elexon BMRS FUELHH
2025-02-18T18:30:00Z,Pumped Storage,708.000,Elexon BMRS FUELHH
2025-02-18T18:30:00Z,Wind,14407.000,Elexon BMRS FUELHH
2025-02-18T19:00:00Z,Biomass,2985.000,Elexon BMRS FUELHH
2025-02-18T19:00:00Z,Coal,0.000,Elexon BMRS FUELHH
2025-02-18T19:00:00Z,Gas,16670.000,Elexon BMRS FUELHH
2025-02-18T19:00:00Z,Hydro,500.000,Elexon BMRS FUELHH
2025-02-18T19:00:00Z,Imports & Exports,1934.000,Elexon BMRS FUELHH
2025-02-18T19:00:00Z,Nuclear,4563.000,Elexon BMRS FUELHH
2025-02-18T19:00:00Z,Other,467.000,Elexon BMRS FUELHH
2025-02-18T19:00:00Z,Pumped Storage,-4.000,Elexon BMRS FUELHH
2025-02-18T19:00:00Z,Wind,14612.000,Elexon BMRS FUELHH
2025-02-18T19:30:00Z,Biomass,2983.000,Elexon BMRS FUELHH
2025-02-18T19:30:00Z,Coal,0.000,Elexon BMRS FUELHH
2025-02-18T19:30:00Z,Gas,15594.000,Elexon BMRS FUELHH
2025-02-18T19:30:00Z,Hydro,386.000,Elexon BMRS FUELHH
2025-02-18T19:30:00Z,Imports & Exports,2046.000,Elexon BMRS FUELHH
2025-02-18T19:30:00Z,Nuclear,4567.000,Elexon BMRS FUELHH
2025-02-18T19:30:00Z,Other,312.000,Elexon BMRS FUELHH
2025-02-18T19:30:00Z,Pumped Storage,-16.000,Elexon BMRS FUELHH
2025-02-18T19:30:00Z,Wind,14744.000,Elexon BMRS FUELHH
2025-02-18T20:00:00Z,Biomass,2977.000,Elexon BMRS FUELHH
2025-02-18T20:00:00Z,Coal,0.000,Elexon BMRS FUELHH
2025-02-18T20:00:00Z,Gas,13590.000,Elexon BMRS FUELHH
2025-02-18T20:00:00Z,Hydro,361.000,Elexon BMRS FUELHH
2025-02-18T20:00:00Z,Imports & Exports,2580.000,Elexon BMRS FUELHH
2025-02-18T20:00:00Z,Nuclear,4572.000,Elexon BMRS FUELHH
2025-02-18T20:00:00Z,Other,314.000,Elexon BMRS FUELHH
2025-02-18T20:00:00Z,Pumped Storage,-14.000,Elexon BMRS FUELHH
2025-02-18T20:00:00Z,Wind,14841.000,Elexon BMRS FUELHH
2025-02-18T20:30:00Z,Biomass,2975.000,Elexon BMRS FUELHH
2025-02-18T20:30:00Z,Coal,0.000,Elexon BMRS FUELHH
2025-02-18T20:30:00Z,Gas,12045.000,Elexon BMRS FUELHH
2025-02-18T20:30:00Z,Hydro,313.000,Elexon BMRS FUELHH
2025-02-18T20:30:00Z,Imports & Exports,2734.000,Elexon BMRS FUELHH
2025-02-18T20:30:00Z,Nuclear,4569.000,Elexon BMRS FUELHH
2025-02-18T20:30:00Z,Other,258.000,Elexon BMRS FUELHH
2025-02-18T20:30:00Z,Pumped Storage,-14.000,Elexon BMRS FUELHH
2025-02-18T20:30:00Z,Wind,14925.000,Elexon BMRS FUELHH
2025-02-18T21:00:00Z,Biomass,2980.000,Elexon BMRS FUELHH
2025-02-18T21:00:00Z,Coal,0.000,Elexon BMRS FUELHH
2025-02-18T21:00:00Z,Gas,10247.000,Elexon BMRS FUELHH
2025-02-18T21:00:00Z,Hydro,199.000,Elexon BMRS FUELHH
2025-02-18T21:00:00Z,Imports & Exports,2508.000,Elexon BMRS FUELHH
2025-02-18T21:00:00Z,Nuclear,4569.000,Elexon BMRS FUELHH
2025-02-18T21:00:00Z,Other,387.000,Elexon BMRS FUELHH
2025-02-18T21:00:00Z,Pumped Storage,-14.000,Elexon BMRS FUELHH
2025-02-18T21:00:00Z,Wind,14975.000,Elexon BMRS FUELHH
2025-02-18T21:30:00Z,Biomass,2985.000,Elexon BMRS FUELHH
2025-02-18T21:30:00Z,Coal,0.000,Elexon BMRS FUELHH
2025-02-18T21:30:00Z,Gas,8709.000,Elexon BMRS FUELHH
2025-02-18T21:30:00Z,Hydro,189.000,Elexon BMRS FUELHH
2025-02-18T21:30:00Z,Imports & Exports,2710.000,Elexon BMRS FUELHH
2025-02-18T21:30:00Z,Nuclear,4566.000,Elexon BMRS FUELHH
2025-02-18T21:30:00Z,Other,342.000,Elexon BMRS FUELHH
2025-02-18T21:30:00Z,Pumped Storage,-14.000,Elexon BMRS FUELHH
2025-02-18T21:30:00Z,Wind,14665.000,Elexon BMRS FUELHH
2025-02-18T22:00:00Z,Biomass,2980.000,Elexon BMRS FUELHH
2025-02-18T22:00:00Z,Coal,0.000,Elexon BMRS FUELHH
2025-02-18T22:00:00Z,Gas,6654.000,Elexon BMRS FUELHH
2025-02-18T22:00:00Z,Hydro,189.000,Elexon BMRS FUELHH
2025-02-18T22:00:00Z,Imports & Exports,2898.000,Elexon BMRS FUELHH
2025-02-18T22:00:00Z,Nuclear,4579.000,Elexon BMRS FUELHH
2025-02-18T22:00:00Z,Other,298.000,Elexon BMRS FUELHH
2025-02-18T22:00:00Z,Pumped Storage,-28.000,Elexon BMRS FUELHH
2025-02-18T22:00:00Z,Wind,14676.000,Elexon BMRS FUELHH
2025-02-18T22:30:00Z,Biomass,2964.000,Elexon BMRS FUELHH
2025-02-18T22:30:00Z,Coal,0.000,Elexon BMRS FUELHH
2025-02-18T22:30:00Z,Gas,4704.000,Elexon BMRS FUELHH
2025-02-18T22:30:00Z,Hydro,184.000,Elexon BMRS FUELHH
2025-02-18T22:30:00Z,Imports & Exports,3084.000,Elexon BMRS FUELHH
2025-02-18T22:30:00Z,Nuclear,4599.000,Elexon BMRS FUELHH
2025-02-18T22:30:00Z,Other,239.000,Elexon BMRS FUELHH
2025-02-18T22:30:00Z,Pumped Storage,-34.000,Elexon BMRS FUELHH
2025-02-18T22:30:00Z,Wind,14858.000,Elexon BMRS FUELHH
2025-02-18T23:00:00Z,Biomass,2601.000,Elexon BMRS FUELHH
2025-02-18T23:00:00Z,Coal,0.000,Elexon BMRS FUELHH
2025-02-18T23:00:00Z,Gas,4151.000,Elexon BMRS FUELHH
2025-02-18T23:00:00Z,Hydro,154.000,Elexon BMRS FUELHH
2025-02-18T23:00:00Z,Imports & Exports,2264.000,Elexon BMRS FUELHH
2025-02-18T23:00:00Z,Nuclear,4601.000,Elexon BMRS FUELHH
2025-02-18T23:00:00Z,Other,281.000,Elexon BMRS FUELHH
2025-02-18T23:00:00Z,Pumped Storage,-96.000,Elexon BMRS FUELHH
2025-02-18T23:00:00Z,Wind,14713.000,Elexon BMRS FUELHH
2025-02-18T23:30:00Z,Biomass,2687.000,Elexon BMRS FUELHH
2025-02-18T23:30:00Z,Coal,0.000,Elexon BMRS FUELHH
2025-02-18T23:30:00Z,Gas,3986.000,Elexon BMRS FUELHH
2025-02-18T23:30:00Z,Hydro,152.000,Elexon BMRS FUELHH
2025-02-18T23:30:00Z,Imports & Exports,2138.000,Elexon BMRS FUELHH
2025-02-18T23:30:00Z,Nuclear,4599.000,Elexon BMRS FUELHH
2025-02-18T23:30:00Z,Other,295.000,Elexon BMRS FUELHH
2025-02-18T23:30:00Z,Pumped Storage,-96.000,Elexon BMRS FUELHH
2025-02-18T23:30:00Z,Wind,14623.000,Elexon BMRS FUELHH
2025-02-19T00:00:00Z,Biomass,2970.000,Elexon BMRS FUELHH
2025-02-19T00:00:00Z,Coal,0.000,Elexon BMRS FUELHH
2025-02-19T00:00:00Z,Gas,4110.000,Elexon BMRS FUELHH
2025-02-19T00:00:00Z,Hydro,151.000,Elexon BMRS FUELHH
2025-02-19T00:00:00Z,Imports & Exports,2692.000,Elexon BMRS FUELHH
2025-02-19T00:00:00Z,Nuclear,4600.000,Elexon BMRS FUELHH
2025-02-19T00:00:00Z,Other,287.000,Elexon BMRS FUELHH
2025-02-19T00:00:00Z,Pumped Storage,-962.000,Elexon BMRS FUELHH
2025-02-19T00:00:00Z,Wind,14389.000,Elexon BMRS FUELHH
2025-02-19T00:30:00Z,Biomass,2975.000,Elexon BMRS FUELHH
2025-02-19T00:30:00Z,Coal,0.000,Elexon BMRS FUELHH
2025-02-19T00:30:00Z,Gas,4288.000,Elexon BMRS FUELHH
2025-02-19T00:30:00Z,Hydro,150.000,Elexon BMRS FUELHH
2025-02-19T00:30:00Z,Imports & Exports,2788.000,Elexon BMRS FUELHH
2025-02-19T00:30:00Z,Nuclear,4600.000,Elexon BMRS FUELHH
2025-02-19T00:30:00Z,Other,553.000,Elexon BMRS FUELHH
2025-02-19T00:30:00Z,Pumped Storage,-1180.000,Elexon BMRS FUELHH
2025-02-19T00:30:00Z,Wind,14109.000,Elexon BMRS FUELHH
2025-02-19T01:00:00Z,Biomass,2854.000,Elexon BMRS FUELHH
2025-02-19T01:00:00Z,Coal,0.000,Elexon BMRS FUELHH
2025-02-19T01:00:00Z,Gas,4788.000,Elexon BMRS FUELHH
2025-02-19T01:00:00Z,Hydro,149.000,Elexon BMRS FUELHH
2025-02-19T01:00:00Z,Imports & Exports,2376.000,Elexon BMRS FUELHH
2025-02-19T01:00:00Z,Nuclear,4602.000,Elexon BMRS FUELHH
2025-02-19T01:00:00Z,Other,374.000,Elexon BMRS FUELHH
2025-02-19T01:00:00Z,Pumped Storage,-1550.000,Elexon BMRS FUELHH
2025-02-19T01:00:00Z,Wind,14135.000,Elexon BMRS FUELHH
2025-02-19T01:30:00Z,Biomass,2932.000,Elexon BMRS FUELHH
2025-02-19T01:30:00Z,Coal,0.000,Elexon BMRS FUELHH
2025-02-19T01:30:00Z,Gas,4116.000,Elexon BMRS FUELHH
2025-02-19T01:30:00Z,Hydro,149.000,Elexon BMRS FUELHH
2025-02-19T01:30:00Z,Imports & Exports,2230.000,Elexon BMRS FUELHH
2025-02-19T01:30:00Z,Nuclear,4599.000,Elexon BMRS FUELHH
2025-02-19T01:30:00Z,Other,391.000,Elexon BMRS FUELHH
2025-02-19T01:30:00Z,Pumped Storage,-1508.000,Elexon BMRS FUELHH
2025-02-19T01:30:00Z,Wind,14122.000,Elexon BMRS FUELHH
2025-02-19T02:00:00Z,Biomass,2985.000,Elexon BMRS FUELHH
2025-02-19T02:00:00Z,Coal,0.000,Elexon BMRS FUELHH
2025-02-19T02:00:00Z,Gas,3916.000,Elexon BMRS FUELHH
2025-02-19T02:00:00Z,Hydro,149.000,Elexon BMRS FUELHH
2025-02-19T02:00:00Z,Imports & Exports,2450.000,Elexon BMRS FUELHH
2025-02-19T02:00:00Z,Nuclear,4602.000,Elexon BMRS FUELHH
2025-02-19T02:00:00Z,Other,274.000,Elexon BMRS FUELHH
2025-02-19T02:00:00Z,Pumped Storage,-1728.000,Elexon BMRS FUELHH
2025-02-19T02:00:00Z,Wind,14064.000,Elexon BMRS FUELHH
2025-02-19T02:30:00Z,Biomass,2985.000,Elexon BMRS FUELHH
2025-02-19T02:30:00Z,Coal,0.000,Elexon BMRS FUELHH
2025-02-19T02:30:00Z,Gas,4152.000,Elexon BMRS FUELHH
2025-02-19T02:30:00Z,Hydro,150.000,Elexon BMRS FUELHH
2025-02-19T02:30:00Z,Imports & Exports,2366.000,Elexon BMRS FUELHH
2025-02-19T02:30:00Z,Nuclear,4601.000,Elexon BMRS FUELHH
2025-02-19T02:30:00Z,Other,306.000,Elexon BMRS FUELHH
2025-02-19T02:30:00Z,Pumped Storage,-1806.000,Elexon BMRS FUELHH
2025-02-19T02:30:00Z,Wind,14010.000,Elexon BMRS FUELHH
2025-02-19T03:00:00Z,Biomass,2982.000,Elexon BMRS FUELHH
2025-02-19T03:00:00Z,Coal,0.000,Elexon BMRS FUELHH
2025-02-19T03:00:00Z,Gas,4345.000,Elexon BMRS FUELHH
2025-02-19T03:00:00Z,Hydro,172.000,Elexon BMRS FUELHH
2025-02-19T03:00:00Z,Imports & Exports,1710.000,Elexon BMRS FUELHH
2025-02-19T03:00:00Z,Nuclear,4604.000,Elexon BMRS FUELHH
2025-02-19T03:00:00Z,Other,238.000,Elexon BMRS FUELHH
2025-02-19T03:00:00Z,Pumped Storage,-1852.000,Elexon BMRS FUELHH
2025-02-19T03:00:00Z,Wind,14080.000,Elexon BMRS FUELHH
2025-02-19T03:30:00Z,Biomass,2877.000,Elexon BMRS FUELHH
2025-02-19T03:30:00Z,Coal,0.000,Elexon BMRS FUELHH
2025-02-19T03:30:00Z,Gas,4151.000,Elexon BMRS FUELHH
2025-02-19T03:30:00Z,Hydro,166.000,Elexon BMRS FUELHH
2025-02-19T03:30:00Z,Imports & Exports,1586.000,Elexon BMRS FUELHH
2025-02-19T03:30:00Z,Nuclear,4612.000,Elexon BMRS FUELHH
2025-02-19T03:30:00Z,Other,217.000,Elexon BMRS FUELHH
2025-02-19T03:30:00Z,Pumped Storage,-1842.000,Elexon BMRS FUELHH
2025-02-19T03:30:00Z,Wind,14277.000,Elexon BMRS FUELHH
2025-02-19T04:00:00Z,Biomass,2970.000,Elexon BMRS FUELHH
2025-02-19T04:00:00Z,Coal,0.000,Elexon BMRS FUELHH
2025-02-19T04:00:00Z,Gas,4422.000,Elexon BMRS FUELHH
2025-02-19T04:00:00Z,Hydro,152.000,Elexon BMRS FUELHH
2025-02-19T04:00:00Z,Imports & Exports,610.000,Elexon BMRS FUELHH
2025-02-19T04:00:00Z,Nuclear,4619.000,Elexon BMRS FUELHH
2025-02-19T04:00:00Z,Other,228.000,Elexon BMRS FUELHH
2025-02-19T04:00:00Z,Pumped Storage,-1830.000,Elexon BMRS FUELHH
2025-02-19T04:00:00Z,Wind,14421.000,Elexon BMRS FUELHH
2025-02-19T04:30:00Z,Biomass,2987.000,Elexon BMRS FUELHH
2025-02-19T04:30:00Z,Coal,0.000,Elexon BMRS FUELHH
2025-02-19T04:30:00Z,Gas,4205.000,Elexon BMRS FUELHH
2025-02-19T04:30:00Z,Hydro,157.000,Elexon BMRS FUELHH
2025-02-19T04:30:00Z,Imports & Exports,442.000,Elexon BMRS FUELHH
2025-02-19T04:30:00Z,Nuclear,4636.000,Elexon BMRS FUELHH
2025-02-19T04:30:00Z,Other,225.000,Elexon BMRS FUELHH
2025-02-19T04:30:00Z,Pumped Storage,-1462.000,Elexon BMRS FUELHH
2025-02-19T04:30:00Z,Wind,14553.000,Elexon BMRS FUELHH
2025-02-19T05:00:00Z,Biomass,2986.000,Elexon BMRS FUELHH
2025-02-19T05:00:00Z,Coal,0.000,Elexon BMRS FUELHH
2025-02-19T05:00:00Z,Gas,4767.000,Elexon BMRS FUELHH
2025-02-19T05:00:00Z,Hydro,157.000,Elexon BMRS FUELHH
2025-02-19T05:00:00Z,Imports & Exports,-1738.000,Elexon BMRS FUELHH
2025-02-19T05:00:00Z,Nuclear,4639.000,Elexon BMRS FUELHH
2025-02-19T05:00:00Z,Other,318.000,Elexon BMRS FUELHH
2025-02-19T05:00:00Z,Pumped Storage,-100.000,Elexon BMRS FUELHH
2025-02-19T05:00:00Z,Wind,14648.000,Elexon BMRS FUELHH
2025-02-19T05:30:00Z,Biomass,2986.000,Elexon BMRS FUELHH
2025-02-19T05:30:00Z,Coal,0.000,Elexon BMRS FUELHH
2025-02-19T05:30:00Z,Gas,5969.000,Elexon BMRS FUELHH
2025-02-19T05:30:00Z,Hydro,157.000,Elexon BMRS FUELHH
2025-02-19T05:30:00Z,Imports & Exports,-1948.000,Elexon BMRS FUELHH
2025-02-19T05:30:00Z,Nuclear,4646.000,Elexon BMRS FUELHH
2025-02-19T05:30:00Z,Other,305.000,Elexon BMRS FUELHH
2025-02-19T05:30:00Z,Pumped Storage,-26.000,Elexon BMRS FUELHH
2025-02-19T05:30:00Z,Wind,14611.000,Elexon BMRS FUELHH
2025-02-19T06:00:00Z,Biomass,2973.000,Elexon BMRS FUELHH
2025-02-19T06:00:00Z,Coal,0.000,Elexon BMRS FUELHH
2025-02-19T06:00:00Z,Gas,8722.000,Elexon BMRS FUELHH
2025-02-19T06:00:00Z,Hydro,229.000,Elexon BMRS FUELHH
2025-02-19T06:00:00Z,Imports & Exports,-2482.000,Elexon BMRS FUELHH
2025-02-19T06:00:00Z,Nuclear,4647.000,Elexon BMRS FUELHH
2025-02-19T06:00:00Z,Other,393.000,Elexon BMRS FUELHH
2025-02-19T06:00:00Z,Pumped Storage,-26.000,Elexon BMRS FUELHH
2025-02-19T06:00:00Z,Wind,14511.000,Elexon BMRS FUELHH
2025-02-19T06:30:00Z,Biomass,2968.000,Elexon BMRS FUELHH
2025-02-19T06:30:00Z,Coal,0.000,Elexon BMRS FUELHH
2025-02-19T06:30:00Z,Gas,10819.000,Elexon BMRS FUELHH
2025-02-19T06:30:00Z,Hydro,288.000,Elexon BMRS FUELHH
2025-02-19T06:30:00Z,Imports & Exports,-2616.000,Elexon BMRS FUELHH
2025-02-19T06:30:00Z,Nuclear,4649.000,Elexon BMRS FUELHH
2025-02-19T06:30:00Z,Other,668.000,Elexon BMRS FUELHH
2025-02-19T06:30:00Z,Pumped Storage,230.000,Elexon BMRS FUELHH
2025-02-19T06:30:00Z,Wind,14396.000,Elexon BMRS FUELHH
2025-02-19T07:00:00Z,Biomass,2977.000,Elexon BMRS FUELHH
2025-02-19T07:00:00Z,Coal,0.000,Elexon BMRS FUELHH
2025-02-19T07:00:00Z,Gas,11282.000,Elexon BMRS FUELHH
2025-02-19T07:00:00Z,Hydro,308.000,Elexon BMRS FUELHH
2025-02-19T07:00:00Z,Imports & Exports,-108.000,Elexon BMRS FUELHH
2025-02-19T07:00:00Z,Nuclear,4647.000,Elexon BMRS FUELHH
2025-02-19T07:00:00Z,Other,547.000,Elexon BMRS FUELHH
2025-02-19T07:00:00Z,Pumped Storage,496.000,Elexon BMRS FUELHH
2025-02-19T07:00:00Z,Wind,14283.000,Elexon BMRS FUELHH
2025-02-19T07:30:00Z,Biomass,2976.000,Elexon BMRS FUELHH
2025-02-19T07:30:00Z,Coal,0.000,Elexon BMRS FUELHH
2025-02-19T07:30:00Z,Gas,12032.000,Elexon BMRS FUELHH
2025-02-19T07:30:00Z,Hydro,278.000,Elexon BMRS FUELHH
2025-02-19T07:30:00Z,Imports & Exports,80.000,Elexon BMRS FUELHH
2025-02-19T07:30:00Z,Nuclear,4648.000,Elexon BMRS FUELHH
2025-02-19T07:30:00Z,Other,1067.000,Elexon BMRS FUELHH
2025-02-19T07:30:00Z,Pumped Storage,156.000,Elexon BMRS FUELHH
2025-02-19T07:30:00Z,Wind,14405.000,Elexon BMRS FUELHH
2025-02-19T08:00:00Z,Biomass,2966.000,Elexon BMRS FUELHH
2025-02-19T08:00:00Z,Coal,0.000,Elexon BMRS FUELHH
2025-02-19T08:00:00Z,Gas,11535.000,Elexon BMRS FUELHH
2025-02-19T08:00:00Z,Hydro,210.000,Elexon BMRS FUELHH
2025-02-19T08:00:00Z,Imports & Exports,3956.000,Elexon BMRS FUELHH
2025-02-19T08:00:00Z,Nuclear,4646.000,Elexon BMRS FUELHH
2025-02-19T08:00:00Z,Other,598.000,Elexon BMRS FUELHH
2025-02-19T08:00:00Z,Pumped Storage,-10.000,Elexon BMRS FUELHH
2025-02-19T08:00:00Z,Wind,14447.000,Elexon BMRS FUELHH
2025-02-19T08:30:00Z,Biomass,2983.000,Elexon BMRS FUELHH
2025-02-19T08:30:00Z,Coal,0.000,Elexon BMRS FUELHH
2025-02-19T08:30:00Z,Gas,11405.000,Elexon BMRS FUELHH
2025-02-19T08:30:00Z,Hydro,193.000,Elexon BMRS FUELHH
2025-02-19T08:30:00Z,Imports & Exports,4314.000,Elexon BMRS FUELHH
2025-02-19T08:30:00Z,Nuclear,4645.000,Elexon BMRS FUELHH
2025-02-19T08:30:00Z,Other,839.000,Elexon BMRS FUELHH
2025-02-19T08:30:00Z,Pumped Storage,20.000,Elexon BMRS FUELHH
2025-02-19T08:30:00Z,Wind,14345.000,Elexon BMRS FUELHH
2025-02-19T09:00:00Z,Biomass,2988.000,Elexon BMRS FUELHH
2025-02-19T09:00:00Z,Coal,0.000,Elexon BMRS FUELHH
2025-02-19T09:00:00Z,Gas,10989.000,Elexon BMRS FUELHH
2025-02-19T09:00:00Z,Hydro,176.000,Elexon BMRS FUELHH
2025-02-19T09:00:00Z,Imports & Exports,6194.000,Elexon BMRS FUELHH
2025-02-19T09:00:00Z,Nuclear,4648.000,Elexon BMRS FUELHH
2025-02-19T09:00:00Z,Other,552.000,Elexon BMRS FUELHH
2025-02-19T09:00:00Z,Pumped Storage,8.000,Elexon BMRS FUELHH
2025-02-19T09:00:00Z,Wind,14206.000,Elexon BMRS FUELHH
2025-02-19T09:30:00Z,Biomass,2986.000,Elexon BMRS FUELHH
2025-02-19T09:30:00Z,Coal,0.000,Elexon BMRS FUELHH
2025-02-19T09:30:00Z,Gas,10903.000,Elexon BMRS FUELHH
2025-02-19T09:30:00Z,Hydro,194.000,Elexon BMRS FUELHH
2025-02-19T09:30:00Z,Imports & Exports,6326.000,Elexon BMRS FUELHH
2025-02-19T09:30:00Z,Nuclear,4641.000,Elexon BMRS FUELHH
2025-02-19T09:30:00Z,Other,486.000,Elexon BMRS FUELHH
2025-02-19T09:30:00Z,Pumped Storage,136.000,Elexon BMRS FUELHH
2025-02-19T09:30:00Z,Wind,13772.000,Elexon BMRS FUELHH
2025-02-19T10:00:00Z,Biomass,2984.000,Elexon BMRS FUELHH
2025-02-19T10:00:00Z,Coal,0.000,Elexon BMRS FUELHH
2025-02-19T10:00:00Z,Gas,10886.000,Elexon BMRS FUELHH
2025-02-19T10:00:00Z,Hydro,159.000,Elexon BMRS FUELHH
2025-02-19T10:00:00Z,Imports & Exports,6876.000,Elexon BMRS FUELHH
2025-02-19T10:00:00Z,Nuclear,4640.000,Elexon BMRS FUELHH
2025-02-19T10:00:00Z,Other,584.000,Elexon BMRS FUELHH
2025-02-19T10:00:00Z,Pumped Storage,-16.000,Elexon BMRS FUELHH
2025-02-19T10:00:00Z,Wind,13232.000,Elexon BMRS FUELHH
2025-02-19T10:30:00Z,Biomass,2982.000,Elexon BMRS FUELHH
2025-02-19T10:30:00Z,Coal,0.000,Elexon BMRS FUELHH
2025-02-19T10:30:00Z,Gas,10849.000,Elexon BMRS FUELHH
2025-02-19T10:30:00Z,Hydro,151.000,Elexon BMRS FUELHH
2025-02-19T10:30:00Z,Imports & Exports,7054.000,Elexon BMRS FUELHH
2025-02-19T10:30:00Z,Nuclear,4637.000,Elexon BMRS FUELHH
2025-02-19T10:30:00Z,Other,515.000,Elexon BMRS FUELHH
2025-02-19T10:30:00Z,Pumped Storage,52.000,Elexon BMRS FUELHH
2025-02-19T10:30:00Z,Wind,13017.000,Elexon BMRS FUELHH
2025-02-19T11:00:00Z,Biomass,2975.000,Elexon BMRS FUELHH
2025-02-19T11:00:00Z,Coal,0.000,Elexon BMRS FUELHH
2025-02-19T11:00:00Z,Gas,11054.000,Elexon BMRS FUELHH
2025-02-19T11:00:00Z,Hydro,150.000,Elexon BMRS FUELHH
2025-02-19T11:00:00Z,Imports & Exports,7270.000,Elexon BMRS FUELHH
2025-02-19T11:00:00Z,Nuclear,4636.000,Elexon BMRS FUELHH
2025-02-19T11:00:00Z,Other,484.000,Elexon BMRS FUELHH
2025-02-19T11:00:00Z,Pumped Storage,246.000,Elexon BMRS FUELHH
2025-02-19T11:00:00Z,Wind,12242.000,Elexon BMRS FUELHH
2025-02-19T11:30:00Z,Biomass,2983.000,Elexon BMRS FUELHH
2025-02-19T11:30:00Z,Coal,0.000,Elexon BMRS FUELHH
2025-02-19T11:30:00Z,Gas,11288.000,Elexon BMRS FUELHH
2025-02-19T11:30:00Z,Hydro,150.000,Elexon BMRS FUELHH
2025-02-19T11:30:00Z,Imports & Exports,7250.000,Elexon BMRS FUELHH
2025-02-19T11:30:00Z,Nuclear,4639.000,Elexon BMRS FUELHH
2025-02-19T11:30:00Z,Other,434.000,Elexon BMRS FUELHH
2025-02-19T11:30:00Z,Pumped Storage,522.000,Elexon BMRS FUELHH
2025-02-19T11:30:00Z,Wind,11865.000,Elexon BMRS FUELHH
2025-02-19T12:00:00Z,Biomass,2983.000,Elexon BMRS FUELHH
2025-02-19T12:00:00Z,Coal,0.000,Elexon BMRS FUELHH
2025-02-19T12:00:00Z,Gas,11389.000,Elexon BMRS FUELHH
2025-02-19T12:00:00Z,Hydro,115.000,Elexon BMRS FUELHH
2025-02-19T12:00:00Z,Imports & Exports,7312.000,Elexon BMRS FUELHH
2025-02-19T12:00:00Z,Nuclear,4648.000,Elexon BMRS FUELHH
2025-02-19T12:00:00Z,Other,557.000,Elexon BMRS FUELHH
2025-02-19T12:00:00Z,Pumped Storage,718.000,Elexon BMRS FUELHH
2025-02-19T12:00:00Z,Wind,11530.000,Elexon BMRS FUELHH
2025-02-19T12:30:00Z,Biomass,2985.000,Elexon BMRS FUELHH
2025-02-19T12:30:00Z,Coal,0.000,Elexon BMRS FUELHH
2025-02-19T12:30:00Z,Gas,11442.000,Elexon BMRS FUELHH
2025-02-19T12:30:00Z,Hydro,160.000,Elexon BMRS FUELHH
2025-02-19T12:30:00Z,Imports & Exports,7444.000,Elexon BMRS FUELHH
2025-02-19T12:30:00Z,Nuclear,4644.000,Elexon BMRS FUELHH
2025-02-19T12:30:00Z,Other,753.000,Elexon BMRS FUELHH
2025-02-19T12:30:00Z,Pumped Storage,836.000,Elexon BMRS FUELHH
2025-02-19T12:30:00Z,Wind,11430.000,Elexon BMRS FUELHH
2025-02-19T13:00:00Z,Biomass,2980.000,Elexon BMRS FUELHH
2025-02-19T13:00:00Z,Coal,0.000,Elexon BMRS FUELHH
2025-02-19T13:00:00Z,Gas,11325.000,Elexon BMRS FUELHH
2025-02-19T13:00:00Z,Hydro,172.000,Elexon BMRS FUELHH
2025-02-19T13:00:00Z,Imports & Exports,7662.000,Elexon BMRS FUELHH
2025-02-19T13:00:00Z,Nuclear,4643.000,Elexon BMRS FUELHH
2025-02-19T13:00:00Z,Other,843.000,Elexon BMRS FUELHH
2025-02-19T13:00:00Z,Pumped Storage,678.000,Elexon BMRS FUELHH
2025-02-19T13:00:00Z,Wind,11464.000,Elexon BMRS FUELHH
2025-02-19T13:30:00Z,Biomass,2984.000,Elexon BMRS FUELHH
2025-02-19T13:30:00Z,Coal,0.000,Elexon BMRS FUELHH
2025-02-19T13:30:00Z,Gas,11145.000,Elexon BMRS FUELHH
2025-02-19T13:30:00Z,Hydro,170.000,Elexon BMRS FUELHH
2025-02-19T13:30:00Z,Imports & Exports,7668.000,Elexon BMRS FUELHH
2025-02-19T13:30:00Z,Nuclear,4640.000,Elexon BMRS FUELHH
2025-02-19T13:30:00Z,Other,666.000,Elexon BMRS FUELHH
2025-02-19T13:30:00Z,Pumped Storage,868.000,Elexon BMRS FUELHH
2025-02-19T13:30:00Z,Wind,11360.000,Elexon BMRS FUELHH
2025-02-19T14:00:00Z,Biomass,2985.000,Elexon BMRS FUELHH
2025-02-19T14:00:00Z,Coal,0.000,Elexon BMRS FUELHH
2025-02-19T14:00:00Z,Gas,11635.000,Elexon BMRS FUELHH
2025-02-19T14:00:00Z,Hydro,187.000,Elexon BMRS FUELHH
2025-02-19T14:00:00Z,Imports & Exports,7502.000,Elexon BMRS FUELHH
2025-02-19T14:00:00Z,Nuclear,4645.000,Elexon BMRS FUELHH
2025-02-19T14:00:00Z,Other,444.000,Elexon BMRS FUELHH
2025-02-19T14:00:00Z,Pumped Storage,860.000,Elexon BMRS FUELHH
2025-02-19T14:00:00Z,Wind,11325.000,Elexon BMRS FUELHH
2025-02-19T14:30:00Z,Biomass,2984.000,Elexon BMRS FUELHH
2025-02-19T14:30:00Z,Coal,0.000,Elexon BMRS FUELHH
2025-02-19T14:30:00Z,Gas,11855.000,Elexon BMRS FUELHH
2025-02-19T14:30:00Z,Hydro,170.000,Elexon BMRS FUELHH
2025-02-19T14:30:00Z,Imports & Exports,7436.000,Elexon BMRS FUELHH
2025-02-19T14:30:00Z,Nuclear,4642.000,Elexon BMRS FUELHH
2025-02-19T14:30:00Z,Other,387.000,Elexon BMRS FUELHH
2025-02-19T14:30:00Z,Pumped Storage,846.000,Elexon BMRS FUELHH
2025-02-19T14:30:00Z,Wind,11310.000,Elexon BMRS FUELHH
2025-02-19T15:00:00Z,Biomass,2983.000,Elexon BMRS FUELHH
2025-02-19T15:00:00Z,Coal,0.000,Elexon BMRS FUELHH
2025-02-19T15:00:00Z,Gas,13059.000,Elexon BMRS FUELHH
2025-02-19T15:00:00Z,Hydro,172.000,Elexon BMRS FUELHH
2025-02-19T15:00:00Z,Imports & Exports,5456.000,Elexon BMRS FUELHH
2025-02-19T15:00:00Z,Nuclear,4641.000,Elexon BMRS FUELHH
2025-02-19T15:00:00Z,Other,669.000,Elexon BMRS FUELHH
2025-02-19T15:00:00Z,Pumped Storage,590.000,Elexon BMRS FUELHH
2025-02-19T15:00:00Z,Wind,11356.000,Elexon BMRS FUELHH
2025-02-19T15:30:00Z,Biomass,2982.000,Elexon BMRS FUELHH
2025-02-19T15:30:00Z,Coal,0.000,Elexon BMRS FUELHH
2025-02-19T15:30:00Z,Gas,13873.000,Elexon BMRS FUELHH
2025-02-19T15:30:00Z,Hydro,195.000,Elexon BMRS FUELHH
2025-02-19T15:30:00Z,Imports & Exports,5426.000,Elexon BMRS FUELHH
2025-02-19T15:30:00Z,Nuclear,4647.000,Elexon BMRS FUELHH
2025-02-19T15:30:00Z,Other,755.000,Elexon BMRS FUELHH
2025-02-19T15:30:00Z,Pumped Storage,-24.000,Elexon BMRS FUELHH
2025-02-19T15:30:00Z,Wind,11545.000,Elexon BMRS FUELHH
2025-02-19T16:00:00Z,Biomass,2985.000,Elexon BMRS FUELHH
2025-02-19T16:00:00Z,Coal,0.000,Elexon BMRS FUELHH
2025-02-19T16:00:00Z,Gas,14594.000,Elexon BMRS FUELHH
2025-02-19T16:00:00Z,Hydro,322.000,Elexon BMRS FUELHH
2025-02-19T16:00:00Z,Imports & Exports,4106.000,Elexon BMRS FUELHH
2025-02-19T16:00:00Z,Nuclear,4652.000,Elexon BMRS FUELHH
2025-02-19T16:00:00Z,Other,816.000,Elexon BMRS FUELHH
2025-02-19T16:00:00Z,Pumped Storage,438.000,Elexon BMRS FUELHH
2025-02-19T16:00:00Z,Wind,11749.000,Elexon BMRS FUELHH
2025-02-19T16:30:00Z,Biomass,2983.000,Elexon BMRS FUELHH
2025-02-19T16:30:00Z,Coal,0.000,Elexon BMRS FUELHH
2025-02-19T16:30:00Z,Gas,15302.000,Elexon BMRS FUELHH
2025-02-19T16:30:00Z,Hydro,348.000,Elexon BMRS FUELHH
2025-02-19T16:30:00Z,Imports & Exports,4012.000,Elexon BMRS FUELHH
2025-02-19T16:30:00Z,Nuclear,4642.000,Elexon BMRS FUELHH
2025-02-19T16:30:00Z,Other,994.000,Elexon BMRS FUELHH
2025-02-19T16:30:00Z,Pumped Storage,806.000,Elexon BMRS FUELHH
2025-02-19T16:30:00Z,Wind,11706.000,Elexon BMRS FUELHH
2025-02-19T17:00:00Z,Biomass,2977.000,Elexon BMRS FUELHH
2025-02-19T17:00:00Z,Coal,0.000,Elexon BMRS FUELHH
2025-02-19T17:00:00Z,Gas,16604.000,Elexon BMRS FUELHH
2025-02-19T17:00:00Z,Hydro,467.000,Elexon BMRS FUELHH
2025-02-19T17:00:00Z,Imports & Exports,3376.000,Elexon BMRS FUELHH
2025-02-19T17:00:00Z,Nuclear,4650.000,Elexon BMRS FUELHH
2025-02-19T17:00:00Z,Other,1083.000,Elexon BMRS FUELHH
2025-02-19T17:00:00Z,Pumped Storage,1098.000,Elexon BMRS FUELHH
2025-02-19T17:00:00Z,Wind,11712.000,Elexon BMRS FUELHH
2025-02-19T17:30:00Z,Biomass,2976.000,Elexon BMRS FUELHH
2025-02-19T17:30:00Z,Coal,0.000,Elexon BMRS FUELHH
2025-02-19T17:30:00Z,Gas,17039.000,Elexon BMRS FUELHH
2025-02-19T17:30:00Z,Hydro,648.000,Elexon BMRS FUELHH
2025-02-19T17:30:00Z,Imports & Exports,3294.000,Elexon BMRS FUELHH
2025-02-19T17:30:00Z,Nuclear,4643.000,Elexon BMRS FUELHH
2025-02-19T17:30:00Z,Other,1123.000,Elexon BMRS FUELHH
2025-02-19T17:30:00Z,Pumped Storage,1078.000,Elexon BMRS FUELHH
2025-02-19T17:30:00Z,Wind,11434.000,Elexon BMRS FUELHH
2025-02-19T18:00:00Z,Biomass,2982.000,Elexon BMRS FUELHH
2025-02-19T18:00:00Z,Coal,0.000,Elexon BMRS FUELHH
2025-02-19T18:00:00Z,Gas,17054.000,Elexon BMRS FUELHH
2025-02-19T18:00:00Z,Hydro,613.000,Elexon BMRS FUELHH
2025-02-19T18:00:00Z,Imports & Exports,3494.000,Elexon BMRS FUELHH
2025-02-19T18:00:00Z,Nuclear,4646.000,Elexon BMRS FUELHH
2025-02-19T18:00:00Z,Other,921.000,Elexon BMRS FUELHH
2025-02-19T18:00:00Z,Pumped Storage,1018.000,Elexon BMRS FUELHH
2025-02-19T18:00:00Z,Wind,11573.000,Elexon BMRS FUELHH
2025-02-19T18:30:00Z,Biomass,2982.000,Elexon BMRS FUELHH
2025-02-19T18:30:00Z,Coal,0.000,Elexon BMRS FUELHH
2025-02-19T18:30:00Z,Gas,16685.000,Elexon BMRS FUELHH
2025-02-19T18:30:00Z,Hydro,463.000,Elexon BMRS FUELHH
2025-02-19T18:30:00Z,Imports & Exports,3604.000,Elexon BMRS FUELHH
2025-02-19T18:30:00Z,Nuclear,4646.000,Elexon BMRS FUELHH
2025-02-19T18:30:00Z,Other,1001.000,Elexon BMRS FUELHH
2025-02-19T18:30:00Z,Pumped Storage,316.000,Elexon BMRS FUELHH
2025-02-19T18:30:00Z,Wind,11997.000,Elexon BMRS FUELHH
2025-02-19T19:00:00Z,Biomass,2984.000,Elexon BMRS FUELHH
2025-02-19T19:00:00Z,Coal,0.000,Elexon BMRS FUELHH
2025-02-19T19:00:00Z,Gas,16429.000,Elexon BMRS FUELHH
2025-02-19T19:00:00Z,Hydro,430.000,Elexon BMRS FUELHH
2025-02-19T19:00:00Z,Imports & Exports,4142.000,Elexon BMRS FUELHH
2025-02-19T19:00:00Z,Nuclear,4645.000,Elexon BMRS FUELHH
2025-02-19T19:00:00Z,Other,618.000,Elexon BMRS FUELHH
2025-02-19T19:00:00Z,Pumped Storage,238.000,Elexon BMRS FUELHH
2025-02-19T19:00:00Z,Wind,11979.000,Elexon BMRS FUELHH
2025-02-19T19:30:00Z,Biomass,2978.000,Elexon BMRS FUELHH
2025-02-19T19:30:00Z,Coal,0.000,Elexon BMRS FUELHH
2025-02-19T19:30:00Z,Gas,15405.000,Elexon BMRS FUELHH
2025-02-19T19:30:00Z,Hydro,390.000,Elexon BMRS FUELHH
2025-02-19T19:30:00Z,Imports & Exports,4246.000,Elexon BMRS FUELHH
2025-02-19T19:30:00Z,Nuclear,4641.000,Elexon BMRS FUELHH
2025-02-19T19:30:00Z,Other,352.000,Elexon BMRS FUELHH
2025-02-19T19:30:00Z,Pumped Storage,-18.000,Elexon BMRS FUELHH
2025-02-19T19:30:00Z,Wind,12389.000,Elexon BMRS FUELHH
2025-02-19T20:00:00Z,Biomass,2972.000,Elexon BMRS FUELHH
2025-02-19T20:00:00Z,Coal,0.000,Elexon BMRS FUELHH
2025-02-19T20:00:00Z,Gas,13086.000,Elexon BMRS FUELHH
2025-02-19T20:00:00Z,Hydro,290.000,Elexon BMRS FUELHH
2025-02-19T20:00:00Z,Imports & Exports,4552.000,Elexon BMRS FUELHH
2025-02-19T20:00:00Z,Nuclear,4645.000,Elexon BMRS FUELHH
2025-02-19T20:00:00Z,Other,341.000,Elexon BMRS FUELHH
2025-02-19T20:00:00Z,Pumped Storage,-18.000,Elexon BMRS FUELHH
2025-02-19T20:00:00Z,Wind,12555.000,Elexon BMRS FUELHH
2025-02-19T20:30:00Z,Biomass,2973.000,Elexon BMRS FUELHH
2025-02-19T20:30:00Z,Coal,0.000,Elexon BMRS FUELHH
2025-02-19T20:30:00Z,Gas,11102.000,Elexon BMRS FUELHH
2025-02-19T20:30:00Z,Hydro,279.000,Elexon BMRS FUELHH
2025-02-19T20:30:00Z,Imports & Exports,4706.000,Elexon BMRS FUELHH
2025-02-19T20:30:00Z,Nuclear,4643.000,Elexon BMRS FUELHH
2025-02-19T20:30:00Z,Other,353.000,Elexon BMRS FUELHH
2025-02-19T20:30:00Z,Pumped Storage,16.000,Elexon BMRS FUELHH
2025-02-19T20:30:00Z,Wind,12494.000,Elexon BMRS FUELHH
2025-02-19T21:00:00Z,Biomass,2982.000,Elexon BMRS FUELHH
2025-02-19T21:00:00Z,Coal,0.000,Elexon BMRS FUELHH
2025-02-19T21:00:00Z,Gas,9527.000,Elexon BMRS FUELHH
2025-02-19T21:00:00Z,Hydro,273.000,Elexon BMRS FUELHH
2025-02-19T21:00:00Z,Imports & Exports,4452.000,Elexon BMRS FUELHH
2025-02-19T21:00:00Z,Nuclear,4645.000,Elexon BMRS FUELHH
2025-02-19T21:00:00Z,Other,462.000,Elexon BMRS FUELHH
2025-02-19T21:00:00Z,Pumped Storage,74.000,Elexon BMRS FUELHH
2025-02-19T21:00:00Z,Wind,12203.000,Elexon BMRS FUELHH
2025-02-19T21:30:00Z,Biomass,2935.000,Elexon BMRS FUELHH
2025-02-19T21:30:00Z,Coal,0.000,Elexon BMRS FUELHH
2025-02-19T21:30:00Z,Gas,7793.000,Elexon BMRS FUELHH
2025-02-19T21:30:00Z,Hydro,229.000,Elexon BMRS FUELHH
2025-02-19T21:30:00Z,Imports & Exports,4444.000,Elexon BMRS FUELHH
2025-02-19T21:30:00Z,Nuclear,4644.000,Elexon BMRS FUELHH
2025-02-19T21:30:00Z,Other,301.000,Elexon BMRS FUELHH
2025-02-19T21:30:00Z,Pumped Storage,98.000,Elexon BMRS FUELHH
2025-02-19T21:30:00Z,Wind,12082.000,Elexon BMRS FUELHH
2025-02-19T22:00:00Z,Biomass,2618.000,Elexon BMRS FUELHH
2025-02-19T22:00:00Z,Coal,0.000,Elexon BMRS FUELHH
2025-02-19T22:00:00Z,Gas,6888.000,Elexon BMRS FUELHH
2025-02-19T22:00:00Z,Hydro,204.000,Elexon BMRS FUELHH
2025-02-19T22:00:00Z,Imports & Exports,3162.000,Elexon BMRS FUELHH
2025-02-19T22:00:00Z,Nuclear,4648.000,Elexon BMRS FUELHH
2025-02-19T22:00:00Z,Other,653.000,Elexon BMRS FUELHH
2025-02-19T22:00:00Z,Pumped Storage,-158.000,Elexon BMRS FUELHH
2025-02-19T22:00:00Z,Wind,12351.000,Elexon BMRS FUELHH
2025-02-19T22:30:00Z,Biomass,1919.000,Elexon BMRS FUELHH
2025-02-19T22:30:00Z,Coal,0.000,Elexon BMRS FUELHH
2025-02-19T22:30:00Z,Gas,6001.000,Elexon BMRS FUELHH
2025-02-19T22:30:00Z,Hydro,178.000,Elexon BMRS FUELHH
2025-02-19T22:30:00Z,Imports & Exports,3184.000,Elexon BMRS FUELHH
2025-02-19T22:30:00Z,Nuclear,4645.000,Elexon BMRS FUELHH
2025-02-19T22:30:00Z,Other,578.000,Elexon BMRS FUELHH
2025-02-19T22:30:00Z,Pumped Storage,-98.000,Elexon BMRS FUELHH
2025-02-19T22:30:00Z,Wind,12101.000,Elexon BMRS FUELHH
2025-02-19T23:00:00Z,Biomass,1436.000,Elexon BMRS FUELHH
2025-02-19T23:00:00Z,Coal,0.000,Elexon BMRS FUELHH
2025-02-19T23:00:00Z,Gas,5154.000,Elexon BMRS FUELHH
2025-02-19T23:00:00Z,Hydro,166.000,Elexon BMRS FUELHH
2025-02-19T23:00:00Z,Imports & Exports,3166.000,Elexon BMRS FUELHH
2025-02-19T23:00:00Z,Nuclear,4651.000,Elexon BMRS FUELHH
2025-02-19T23:00:00Z,Other,265.000,Elexon BMRS FUELHH
2025-02-19T23:00:00Z,Pumped Storage,-96.000,Elexon BMRS FUELHH
2025-02-19T23:00:00Z,Wind,12202.000,Elexon BMRS FUELHH
2025-02-19T23:30:00Z,Biomass,1120.000,Elexon BMRS FUELHH
2025-02-19T23:30:00Z,Coal,0.000,Elexon BMRS FUELHH
2025-02-19T23:30:00Z,Gas,5580.000,Elexon BMRS FUELHH
2025-02-19T23:30:00Z,Hydro,158.000,Elexon BMRS FUELHH
2025-02-19T23:30:00Z,Imports & Exports,3196.000,Elexon BMRS FUELHH
2025-02-19T23:30:00Z,Nuclear,4660.000,Elexon BMRS FUELHH
2025-02-19T23:30:00Z,Other,254.000,Elexon BMRS FUELHH
2025-02-19T23:30:00Z,Pumped Storage,-884.000,Elexon BMRS FUELHH
2025-02-19T23:30:00Z,Wind,12473.000,Elexon BMRS FUELHH
2025-02-20T00:00:00Z,Biomass,1127.000,Elexon BMRS FUELHH
2025-02-20T00:00:00Z,Coal,0.000,Elexon BMRS FUELHH
2025-02-20T00:00:00Z,Gas,5360.000,Elexon BMRS FUELHH
2025-02-20T00:00:00Z,Hydro,143.000,Elexon BMRS FUELHH
2025-02-20T00:00:00Z,Imports & Exports,2852.000,Elexon BMRS FUELHH
2025-02-20T00:00:00Z,Nuclear,4656.000,Elexon BMRS FUELHH
2025-02-20T00:00:00Z,Other,327.000,Elexon BMRS FUELHH
2025-02-20T00:00:00Z,Pumped Storage,-1500.000,Elexon BMRS FUELHH
2025-02-20T00:00:00Z,Wind,12793.000,Elexon BMRS FUELHH
2025-02-20T00:30:00Z,Biomass,1122.000,Elexon BMRS FUELHH
2025-02-20T00:30:00Z,Coal,0.000,Elexon BMRS FUELHH
2025-02-20T00:30:00Z,Gas,5654.000,Elexon BMRS FUELHH
2025-02-20T00:30:00Z,Hydro,143.000,Elexon BMRS FUELHH
2025-02-20T00:30:00Z,Imports & Exports,2982.000,Elexon BMRS FUELHH
2025-02-20T00:30:00Z,Nuclear,4660.000,Elexon BMRS FUELHH
2025-02-20T00:30:00Z,Other,463.000,Elexon BMRS FUELHH
2025-02-20T00:30:00Z,Pumped Storage,-1496.000,Elexon BMRS FUELHH
2025-02-20T00:30:00Z,Wind,13064.000,Elexon BMRS FUELHH
2025-02-20T01:00:00Z,Biomass,1121.000,Elexon BMRS FUELHH
2025-02-20T01:00:00Z,Coal,0.000,Elexon BMRS FUELHH
2025-02-20T01:00:00Z,Gas,5898.000,Elexon BMRS FUELHH
2025-02-20T01:00:00Z,Hydro,143.000,Elexon BMRS FUELHH
2025-02-20T01:00:00Z,Imports & Exports,2066.000,Elexon BMRS FUELHH
2025-02-20T01:00:00Z,Nuclear,4660.000,Elexon BMRS FUELHH
2025-02-20T01:00:00Z,Other,354.000,Elexon BMRS FUELHH
2025-02-20T01:00:00Z,Pumped Storage,-1494.000,Elexon BMRS FUELHH
2025-02-20T01:00:00Z,Wind,13062.000,Elexon BMRS FUELHH
2025-02-20T01:30:00Z,Biomass,1124.000,Elexon BMRS FUELHH
2025-02-20T01:30:00Z,Coal,0.000,Elexon BMRS FUELHH
2025-02-20T01:30:00Z,Gas,5800.000,Elexon BMRS FUELHH
2025-02-20T01:30:00Z,Hydro,143.000,Elexon BMRS FUELHH
2025-02-20T01:30:00Z,Imports & Exports,1834.000,Elexon BMRS FUELHH
2025-02-20T01:30:00Z,Nuclear,4661.000,Elexon BMRS FUELHH
2025-02-20T01:30:00Z,Other,283.000,Elexon BMRS FUELHH
2025-02-20T01:30:00Z,Pumped Storage,-1770.000,Elexon BMRS FUELHH
2025-02-20T01:30:00Z,Wind,13227.000,Elexon BMRS FUELHH
2025-02-20T02:00:00Z,Biomass,1123.000,Elexon BMRS FUELHH
2025-02-20T02:00:00Z,Coal,0.000,Elexon BMRS FUELHH
2025-02-20T02:00:00Z,Gas,5855.000,Elexon BMRS FUELHH
2025-02-20T02:00:00Z,Hydro,143.000,Elexon BMRS FUELHH
2025-02-20T02:00:00Z,Imports & Exports,886.000,Elexon BMRS FUELHH
2025-02-20T02:00:00Z,Nuclear,4658.000,Elexon BMRS FUELHH
2025-02-20T02:00:00Z,Other,258.000,Elexon BMRS FUELHH
2025-02-20T02:00:00Z,Pumped Storage,-1758.000,Elexon BMRS FUELHH
2025-02-20T02:00:00Z,Wind,13336.000,Elexon BMRS FUELHH
2025-02-20T02:30:00Z,Biomass,1124.000,Elexon BMRS FUELHH
2025-02-20T02:30:00Z,Coal,0.000,Elexon BMRS FUELHH
2025-02-20T02:30:00Z,Gas,5643.000,Elexon BMRS FUELHH
2025-02-20T02:30:00Z,Hydro,142.000,Elexon BMRS FUELHH
2025-02-20T02:30:00Z,Imports & Exports,802.000,Elexon BMRS FUELHH
2025-02-20T02:30:00Z,Nuclear,4657.000,Elexon BMRS FUELHH
2025-02-20T02:30:00Z,Other,339.000,Elexon BMRS FUELHH
2025-02-20T02:30:00Z,Pumped Storage,-1610.000,Elexon BMRS FUELHH
2025-02-20T02:30:00Z,Wind,13054.000,Elexon BMRS FUELHH
2025-02-20T03:00:00Z,Biomass,1124.000,Elexon BMRS FUELHH
2025-02-20T03:00:00Z,Coal,0.000,Elexon BMRS FUELHH
2025-02-20T03:00:00Z,Gas,5865.000,Elexon BMRS FUELHH
2025-02-20T03:00:00Z,Hydro,128.000,Elexon BMRS FUELHH
2025-02-20T03:00:00Z,Imports & Exports,-48.000,Elexon BMRS FUELHH
2025-02-20T03:00:00Z,Nuclear,4663.000,Elexon BMRS FUELHH
2025-02-20T03:00:00Z,Other,389.000,Elexon BMRS FUELHH
2025-02-20T03:00:00Z,Pumped Storage,-1746.000,Elexon BMRS FUELHH
2025-02-20T03:00:00Z,Wind,13107.000,Elexon BMRS FUELHH
2025-02-20T03:30:00Z,Biomass,1115.000,Elexon BMRS FUELHH
2025-02-20T03:30:00Z,Coal,0.000,Elexon BMRS FUELHH
2025-02-20T03:30:00Z,Gas,5742.000,Elexon BMRS FUELHH
2025-02-20T03:30:00Z,Hydro,142.000,Elexon BMRS FUELHH
2025-02-20T03:30:00Z,Imports & Exports,-94.000,Elexon BMRS FUELHH
2025-02-20T03:30:00Z,Nuclear,4661.000,Elexon BMRS FUELHH
2025-02-20T03:30:00Z,Other,242.000,Elexon BMRS FUELHH
2025-02-20T03:30:00Z,Pumped Storage,-1730.000,Elexon BMRS FUELHH
2025-02-20T03:30:00Z,Wind,13502.000,Elexon BMRS FUELHH
2025-02-20T04:00:00Z,Biomass,1109.000,Elexon BMRS FUELHH
2025-02-20T04:00:00Z,Coal,0.000,Elexon BMRS FUELHH
2025-02-20T04:00:00Z,Gas,5887.000,Elexon BMRS FUELHH
2025-02-20T04:00:00Z,Hydro,153.000,Elexon BMRS FUELHH
2025-02-20T04:00:00Z,Imports & Exports,-624.000,Elexon BMRS FUELHH
2025-02-20T04:00:00Z,Nuclear,4656.000,Elexon BMRS FUELHH
2025-02-20T04:00:00Z,Other,256.000,Elexon BMRS FUELHH
2025-02-20T04:00:00Z,Pumped Storage,-1704.000,Elexon BMRS FUELHH
2025-02-20T04:00:00Z,Wind,13493.000,Elexon BMRS FUELHH
2025-02-20T04:30:00Z,Biomass,1107.000,Elexon BMRS FUELHH
2025-02-20T04:30:00Z,Coal,0.000,Elexon BMRS FUELHH
2025-02-20T04:30:00Z,Gas,5656.000,Elexon BMRS FUELHH
2025-02-20T04:30:00Z,Hydro,154.000,Elexon BMRS FUELHH
2025-02-20T04:30:00Z,Imports & Exports,-626.000,Elexon BMRS FUELHH
2025-02-20T04:30:00Z,Nuclear,4656.000,Elexon BMRS FUELHH
2025-02-20T04:30:00Z,Other,231.000,Elexon BMRS FUELHH
2025-02-20T04:30:00Z,Pumped Storage,-1586.000,Elexon BMRS FUELHH
2025-02-20T04:30:00Z,Wind,13492.000,Elexon BMRS FUELHH
2025-02-20T05:00:00Z,Biomass,1108.000,Elexon BMRS FUELHH
2025-02-20T05:00:00Z,Coal,0.000,Elexon BMRS FUELHH
2025-02-20T05:00:00Z,Gas,4826.000,Elexon BMRS FUELHH
2025-02-20T05:00:00Z,Hydro,172.000,Elexon BMRS FUELHH
2025-02-20T05:00:00Z,Imports & Exports,-44.000,Elexon BMRS FUELHH
2025-02-20T05:00:00Z,Nuclear,4657.000,Elexon BMRS FUELHH
2025-02-20T05:00:00Z,Other,247.000,Elexon BMRS FUELHH
2025-02-20T05:00:00Z,Pumped Storage,-1582.000,Elexon BMRS FUELHH
2025-02-20T05:00:00Z,Wind,14065.000,Elexon BMRS FUELHH
2025-02-20T05:30:00Z,Biomass,1393.000,Elexon BMRS FUELHH
2025-02-20T05:30:00Z,Coal,0.000,Elexon BMRS FUELHH
2025-02-20T05:30:00Z,Gas,4685.000,Elexon BMRS FUELHH
2025-02-20T05:30:00Z,Hydro,174.000,Elexon BMRS FUELHH
2025-02-20T05:30:00Z,Imports & Exports,32.000,Elexon BMRS FUELHH
2025-02-20T05:30:00Z,Nuclear,4656.000,Elexon BMRS FUELHH
2025-02-20T05:30:00Z,Other,240.000,Elexon BMRS FUELHH
2025-02-20T05:30:00Z,Pumped Storage,-1416.000,Elexon BMRS FUELHH
2025-02-20T05:30:00Z,Wind,14519.000,Elexon BMRS FUELHH
2025-02-20T06:00:00Z,Biomass,1833.000,Elexon BMRS FUELHH
2025-02-20T06:00:00Z,Coal,0.000,Elexon BMRS FUELHH
2025-02-20T06:00:00Z,Gas,5077.000,Elexon BMRS FUELHH
2025-02-20T06:00:00Z,Hydro,229.000,Elexon BMRS FUELHH
2025-02-20T06:00:00Z,Imports & Exports,376.000,Elexon BMRS FUELHH
2025-02-20T06:00:00Z,Nuclear,4655.000,Elexon BMRS FUELHH
2025-02-20T06:00:00Z,Other,249.000,Elexon BMRS FUELHH
2025-02-20T06:00:00Z,Pumped Storage,-858.000,Elexon BMRS FUELHH
2025-02-20T06:00:00Z,Wind,14599.000,Elexon BMRS FUELHH
2025-02-20T06:30:00Z,Biomass,2117.000,Elexon BMRS FUELHH
2025-02-20T06:30:00Z,Coal,0.000,Elexon BMRS FUELHH
2025-02-20T06:30:00Z,Gas,5592.000,Elexon BMRS FUELHH
2025-02-20T06:30:00Z,Hydro,224.000,Elexon BMRS FUELHH
2025-02-20T06:30:00Z,Imports & Exports,380.000,Elexon BMRS FUELHH
2025-02-20T06:30:00Z,Nuclear,4654.000,Elexon BMRS FUELHH
2025-02-20T06:30:00Z,Other,544.000,Elexon BMRS FUELHH
2025-02-20T06:30:00Z,Pumped Storage,-380.000,Elexon BMRS FUELHH
2025-02-20T06:30:00Z,Wind,14592.000,Elexon BMRS FUELHH
2025-02-20T07:00:00Z,Biomass,2546.000,Elexon BMRS FUELHH
2025-02-20T07:00:00Z,Coal,0.000,Elexon BMRS FUELHH
2025-02-20T07:00:00Z,Gas,4415.000,Elexon BMRS FUELHH
2025-02-20T07:00:00Z,Hydro,250.000,Elexon BMRS FUELHH
2025-02-20T07:00:00Z,Imports & Exports,2956.000,Elexon BMRS FUELHH
2025-02-20T07:00:00Z,Nuclear,4654.000,Elexon BMRS FUELHH
2025-02-20T07:00:00Z,Other,494.000,Elexon BMRS FUELHH
2025-02-20T07:00:00Z,Pumped Storage,-410.000,Elexon BMRS FUELHH
2025-02-20T07:00:00Z,Wind,14953.000,Elexon BMRS FUELHH
2025-02-20T07:30:00Z,Biomass,2864.000,Elexon BMRS FUELHH
2025-02-20T07:30:00Z,Coal,0.000,Elexon BMRS FUELHH
2025-02-20T07:30:00Z,Gas,4237.000,Elexon BMRS FUELHH
2025-02-20T07:30:00Z,Hydro,251.000,Elexon BMRS FUELHH
2025-02-20T07:30:00Z,Imports & Exports,2938.000,Elexon BMRS FUELHH
2025-02-20T07:30:00Z,Nuclear,4644.000,Elexon BMRS FUELHH
2025-02-20T07:30:00Z,Other,999.000,Elexon BMRS FUELHH
2025-02-20T07:30:00Z,Pumped Storage,-266.000,Elexon BMRS FUELHH
2025-02-20T07:30:00Z,Wind,15591.000,Elexon BMRS FUELHH
2025-02-20T08:00:00Z,Biomass,2943.000,Elexon BMRS FUELHH
2025-02-20T08:00:00Z,Coal,0.000,Elexon BMRS FUELHH
2025-02-20T08:00:00Z,Gas,4462.000,Elexon BMRS FUELHH
2025-02-20T08:00:00Z,Hydro,250.000,Elexon BMRS FUELHH
2025-02-20T08:00:00Z,Imports & Exports,5084.000,Elexon BMRS FUELHH
2025-02-20T08:00:00Z,Nuclear,4647.000,Elexon BMRS FUELHH
2025-02-20T08:00:00Z,Other,585.000,Elexon BMRS FUELHH
2025-02-20T08:00:00Z,Pumped Storage,-252.000,Elexon BMRS FUELHH
2025-02-20T08:00:00Z,Wind,15637.000,Elexon BMRS FUELHH
2025-02-20T08:30:00Z,Biomass,2952.000,Elexon BMRS FUELHH
2025-02-20T08:30:00Z,Coal,0.000,Elexon BMRS FUELHH
2025-02-20T08:30:00Z,Gas,4756.000,Elexon BMRS FUELHH
2025-02-20T08:30:00Z,Hydro,248.000,Elexon BMRS FUELHH
2025-02-20T08:30:00Z,Imports & Exports,5142.000,Elexon BMRS FUELHH
2025-02-20T08:30:00Z,Nuclear,4649.000,Elexon BMRS FUELHH
2025-02-20T08:30:00Z,Other,620.000,Elexon BMRS FUELHH
2025-02-20T08:30:00Z,Pumped Storage,-274.000,Elexon BMRS FUELHH
2025-02-20T08:30:00Z,Wind,16103.000,Elexon BMRS FUELHH
2025-02-20T09:00:00Z,Biomass,2949.000,Elexon BMRS FUELHH
2025-02-20T09:00:00Z,Coal,0.000,Elexon BMRS FUELHH
2025-02-20T09:00:00Z,Gas,4764.000,Elexon BMRS FUELHH
2025-02-20T09:00:00Z,Hydro,228.000,Elexon BMRS FUELHH
2025-02-20T09:00:00Z,Imports & Exports,6142.000,Elexon BMRS FUELHH
2025-02-20T09:00:00Z,Nuclear,4646.000,Elexon BMRS FUELHH
2025-02-20T09:00:00Z,Other,486.000,Elexon BMRS FUELHH
2025-02-20T09:00:00Z,Pumped Storage,-266.000,Elexon BMRS FUELHH
2025-02-20T09:00:00Z,Wind,15967.000,Elexon BMRS FUELHH
2025-02-20T09:30:00Z,Biomass,2925.000,Elexon BMRS FUELHH
2025-02-20T09:30:00Z,Coal,0.000,Elexon BMRS FUELHH
2025-02-20T09:30:00Z,Gas,5239.000,Elexon BMRS FUELHH
2025-02-20T09:30:00Z,Hydro,225.000,Elexon BMRS FUELHH
2025-02-20T09:30:00Z,Imports & Exports,6170.000,Elexon BMRS FUELHH
2025-02-20T09:30:00Z,Nuclear,4649.000,Elexon BMRS FUELHH
2025-02-20T09:30:00Z,Other,391.000,Elexon BMRS FUELHH
2025-02-20T09:30:00Z,Pumped Storage,-260.000,Elexon BMRS FUELHH
2025-02-20T09:30:00Z,Wind,15746.000,Elexon BMRS FUELHH
2025-02-20T10:00:00Z,Biomass,2940.000,Elexon BMRS FUELHH
2025-02-20T10:00:00Z,Coal,0.000,Elexon BMRS FUELHH
2025-02-20T10:00:00Z,Gas,5406.000,Elexon BMRS FUELHH
2025-02-20T10:00:00Z,Hydro,207.000,Elexon BMRS FUELHH
2025-02-20T10:00:00Z,Imports & Exports,6052.000,Elexon BMRS FUELHH
2025-02-20T10:00:00Z,Nuclear,4653.000,Elexon BMRS FUELHH
2025-02-20T10:00:00Z,Other,318.000,Elexon BMRS FUELHH
2025-02-20T10:00:00Z,Pumped Storage,-262.000,Elexon BMRS FUELHH
2025-02-20T10:00:00Z,Wind,15866.000,Elexon BMRS FUELHH
2025-02-20T10:30:00Z,Biomass,2918.000,Elexon BMRS FUELHH
2025-02-20T10:30:00Z,Coal,0.000,Elexon BMRS FUELHH
2025-02-20T10:30:00Z,Gas,4910.000,Elexon BMRS FUELHH
2025-02-20T10:30:00Z,Hydro,201.000,Elexon BMRS FUELHH
2025-02-20T10:30:00Z,Imports & Exports,6118.000,Elexon BMRS FUELHH
2025-02-20T10:30:00Z,Nuclear,4648.000,Elexon BMRS FUELHH
2025-02-20T10:30:00Z,Other,397.000,Elexon BMRS FUELHH
2025-02-20T10:30:00Z,Pumped Storage,-260.000,Elexon BMRS FUELHH
2025-02-20T10:30:00Z,Wind,15854.000,Elexon BMRS FUELHH
2025-02-20T11:00:00Z,Biomass,2731.000,Elexon BMRS FUELHH
2025-02-20T11:00:00Z,Coal,0.000,Elexon BMRS FUELHH
2025-02-20T11:00:00Z,Gas,4721.000,Elexon BMRS FUELHH
2025-02-20T11:00:00Z,Hydro,191.000,Elexon BMRS FUELHH
2025-02-20T11:00:00Z,Imports & Exports,6838.000,Elexon BMRS FUELHH
2025-02-20T11:00:00Z,Nuclear,4650.000,Elexon BMRS FUELHH
2025-02-20T11:00:00Z,Other,461.000,Elexon BMRS FUELHH
2025-02-20T11:00:00Z,Pumped Storage,-260.000,Elexon BMRS FUELHH
2025-02-20T11:00:00Z,Wind,15625.000,Elexon BMRS FUELHH
2025-02-20T11:30:00Z,Biomass,2819.000,Elexon BMRS FUELHH
2025-02-20T11:30:00Z,Coal,0.000,Elexon BMRS FUELHH
2025-02-20T11:30:00Z,Gas,4589.000,Elexon BMRS FUELHH
2025-02-20T11:30:00Z,Hydro,193.000,Elexon BMRS FUELHH
2025-02-20T11:30:00Z,Imports & Exports,6956.000,Elexon BMRS FUELHH
2025-02-20T11:30:00Z,Nuclear,4654.000,Elexon BMRS FUELHH
2025-02-20T11:30:00Z,Other,271.000,Elexon BMRS FUELHH
2025-02-20T11:30:00Z,Pumped Storage,-262.000,Elexon BMRS FUELHH
2025-02-20T11:30:00Z,Wind,15811.000,Elexon BMRS FUELHH
2025-02-20T12:00:00Z,Biomass,2867.000,Elexon BMRS FUELHH
2025-02-20T12:00:00Z,Coal,0.000,Elexon BMRS FUELHH
2025-02-20T12:00:00Z,Gas,4494.000,Elexon BMRS FUELHH
2025-02-20T12:00:00Z,Hydro,206.000,Elexon BMRS FUELHH
2025-02-20T12:00:00Z,Imports & Exports,6902.000,Elexon BMRS FUELHH
2025-02-20T12:00:00Z,Nuclear,4654.000,Elexon BMRS FUELHH
2025-02-20T12:00:00Z,Other,317.000,Elexon BMRS FUELHH
2025-02-20T12:00:00Z,Pumped Storage,-232.000,Elexon BMRS FUELHH
2025-02-20T12:00:00Z,Wind,16020.000,Elexon BMRS FUELHH
2025-02-20T12:30:00Z,Biomass,2859.000,Elexon BMRS FUELHH
2025-02-20T12:30:00Z,Coal,0.000,Elexon BMRS FUELHH
2025-02-20T12:30:00Z,Gas,4148.000,Elexon BMRS FUELHH
2025-02-20T12:30:00Z,Hydro,213.000,Elexon BMRS FUELHH
2025-02-20T12:30:00Z,Imports & Exports,6932.000,Elexon BMRS FUELHH
2025-02-20T12:30:00Z,Nuclear,4648.000,Elexon BMRS FUELHH
2025-02-20T12:30:00Z,Other,276.000,Elexon BMRS FUELHH
2025-02-20T12:30:00Z,Pumped Storage,-112.000,Elexon BMRS FUELHH
2025-02-20T12:30:00Z,Wind,16064.000,Elexon BMRS FUELHH
2025-02-20T13:00:00Z,Biomass,2879.000,Elexon BMRS FUELHH
2025-02-20T13:00:00Z,Coal,0.000,Elexon BMRS FUELHH
2025-02-20T13:00:00Z,Gas,4331.000,Elexon BMRS FUELHH
2025-02-20T13:00:00Z,Hydro,212.000,Elexon BMRS FUELHH
2025-02-20T13:00:00Z,Imports & Exports,6860.000,Elexon BMRS FUELHH
2025-02-20T13:00:00Z,Nuclear,4653.000,Elexon BMRS FUELHH
2025-02-20T13:00:00Z,Other,285.000,Elexon BMRS FUELHH
2025-02-20T13:00:00Z,Pumped Storage,-110.000,Elexon BMRS FUELHH
2025-02-20T13:00:00Z,Wind,16057.000,Elexon BMRS FUELHH
2025-02-20T13:30:00Z,Biomass,2918.000,Elexon BMRS FUELHH
2025-02-20T13:30:00Z,Coal,0.000,Elexon BMRS FUELHH
2025-02-20T13:30:00Z,Gas,4269.000,Elexon BMRS FUELHH
2025-02-20T13:30:00Z,Hydro,212.000,Elexon BMRS FUELHH
2025-02-20T13:30:00Z,Imports & Exports,6860.000,Elexon BMRS FUELHH
2025-02-20T13:30:00Z,Nuclear,4654.000,Elexon BMRS FUELHH
2025-02-20T13:30:00Z,Other,272.000,Elexon BMRS FUELHH
2025-02-20T13:30:00Z,Pumped Storage,-112.000,Elexon BMRS FUELHH
2025-02-20T13:30:00Z,Wind,15869.000,Elexon BMRS FUELHH
2025-02-20T14:00:00Z,Biomass,2860.000,Elexon BMRS FUELHH
2025-02-20T14:00:00Z,Coal,0.000,Elexon BMRS FUELHH
2025-02-20T14:00:00Z,Gas,4461.000,Elexon BMRS FUELHH
2025-02-20T14:00:00Z,Hydro,213.000,Elexon BMRS FUELHH
2025-02-20T14:00:00Z,Imports & Exports,6470.000,Elexon BMRS FUELHH
2025-02-20T14:00:00Z,Nuclear,4661.000,Elexon BMRS FUELHH
2025-02-20T14:00:00Z,Other,261.000,Elexon BMRS FUELHH
2025-02-20T14:00:00Z,Pumped Storage,-112.000,Elexon BMRS FUELHH
2025-02-20T14:00:00Z,Wind,15964.000,Elexon BMRS FUELHH
2025-02-20T14:30:00Z,Biomass,2816.000,Elexon BMRS FUELHH
2025-02-20T14:30:00Z,Coal,0.000,Elexon BMRS FUELHH
2025-02-20T14:30:00Z,Gas,4421.000,Elexon BMRS FUELHH
2025-02-20T14:30:00Z,Hydro,213.000,Elexon BMRS FUELHH
2025-02-20T14:30:00Z,Imports & Exports,6328.000,Elexon BMRS FUELHH
2025-02-20T14:30:00Z,Nuclear,4664.000,Elexon BMRS FUELHH
2025-02-20T14:30:00Z,Other,359.000,Elexon BMRS FUELHH
2025-02-20T14:30:00Z,Pumped Storage,-110.000,Elexon BMRS FUELHH
2025-02-20T14:30:00Z,Wind,15760.000,Elexon BMRS FUELHH
2025-02-20T15:00:00Z,Biomass,2803.000,Elexon BMRS FUELHH
2025-02-20T15:00:00Z,Coal,0.000,Elexon BMRS FUELHH
2025-02-20T15:00:00Z,Gas,4403.000,Elexon BMRS FUELHH
2025-02-20T15:00:00Z,Hydro,235.000,Elexon BMRS FUELHH
2025-02-20T15:00:00Z,Imports & Exports,5882.000,Elexon BMRS FUELHH
2025-02-20T15:00:00Z,Nuclear,4659.000,Elexon BMRS FUELHH
2025-02-20T15:00:00Z,Other,241.000,Elexon BMRS FUELHH
2025-02-20T15:00:00Z,Pumped Storage,574.000,Elexon BMRS FUELHH
2025-02-20T15:00:00Z,Wind,15686.000,Elexon BMRS FUELHH
2025-02-20T15:30:00Z,Biomass,2717.000,Elexon BMRS FUELHH
2025-02-20T15:30:00Z,Coal,0.000,Elexon BMRS FUELHH
2025-02-20T15:30:00Z,Gas,4606.000,Elexon BMRS FUELHH
2025-02-20T15:30:00Z,Hydro,243.000,Elexon BMRS FUELHH
2025-02-20T15:30:00Z,Imports & Exports,5736.000,Elexon BMRS FUELHH
2025-02-20T15:30:00Z,Nuclear,4656.000,Elexon BMRS FUELHH
2025-02-20T15:30:00Z,Other,255.000,Elexon BMRS FUELHH
2025-02-20T15:30:00Z,Pumped Storage,858.000,Elexon BMRS FUELHH
2025-02-20T15:30:00Z,Wind,15541.000,Elexon BMRS FUELHH
2025-02-20T16:00:00Z,Biomass,2762.000,Elexon BMRS FUELHH
2025-02-20T16:00:00Z,Coal,0.000,Elexon BMRS FUELHH
2025-02-20T16:00:00Z,Gas,5264.000,Elexon BMRS FUELHH
2025-02-20T16:00:00Z,Hydro,300.000,Elexon BMRS FUELHH
2025-02-20T16:00:00Z,Imports & Exports,4932.000,Elexon BMRS FUELHH
2025-02-20T16:00:00Z,Nuclear,4655.000,Elexon BMRS FUELHH
2025-02-20T16:00:00Z,Other,444.000,Elexon BMRS FUELHH
2025-02-20T16:00:00Z,Pumped Storage,866.000,Elexon BMRS FUELHH
2025-02-20T16:00:00Z,Wind,15373.000,Elexon BMRS FUELHH
2025-02-20T16:30:00Z,Biomass,2961.000,Elexon BMRS FUELHH
2025-02-20T16:30:00Z,Coal,0.000,Elexon BMRS FUELHH
2025-02-20T16:30:00Z,Gas,5744.000,Elexon BMRS FUELHH
2025-02-20T16:30:00Z,Hydro,333.000,Elexon BMRS FUELHH
2025-02-20T16:30:00Z,Imports & Exports,4708.000,Elexon BMRS FUELHH
2025-02-20T16:30:00Z,Nuclear,4662.000,Elexon BMRS FUELHH
2025-02-20T16:30:00Z,Other,560.000,Elexon BMRS FUELHH
2025-02-20T16:30:00Z,Pumped Storage,1164.000,Elexon BMRS FUELHH
2025-02-20T16:30:00Z,Wind,15497.000,Elexon BMRS FUELHH
2025-02-20T17:00:00Z,Biomass,2939.000,Elexon BMRS FUELHH
2025-02-20T17:00:00Z,Coal,0.000,Elexon BMRS FUELHH
2025-02-20T17:00:00Z,Gas,6287.000,Elexon BMRS FUELHH
2025-02-20T17:00:00Z,Hydro,405.000,Elexon BMRS FUELHH
2025-02-20T17:00:00Z,Imports & Exports,5420.000,Elexon BMRS FUELHH
2025-02-20T17:00:00Z,Nuclear,4659.000,Elexon BMRS FUELHH
2025-02-20T17:00:00Z,Other,728.000,Elexon BMRS FUELHH
2025-02-20T17:00:00Z,Pumped Storage,1024.000,Elexon BMRS FUELHH
2025-02-20T17:00:00Z,Wind,15375.000,Elexon BMRS FUELHH
2025-02-20T17:30:00Z,Biomass,2946.000,Elexon BMRS FUELHH
2025-02-20T17:30:00Z,Coal,0.000,Elexon BMRS FUELHH
2025-02-20T17:30:00Z,Gas,6544.000,Elexon BMRS FUELHH
2025-02-20T17:30:00Z,Hydro,451.000,Elexon BMRS FUELHH
2025-02-20T17:30:00Z,Imports & Exports,5280.000,Elexon BMRS FUELHH
2025-02-20T17:30:00Z,Nuclear,4656.000,Elexon BMRS FUELHH
2025-02-20T17:30:00Z,Other,1238.000,Elexon BMRS FUELHH
2025-02-20T17:30:00Z,Pumped Storage,1516.000,Elexon BMRS FUELHH
2025-02-20T17:30:00Z,Wind,15165.000,Elexon BMRS FUELHH
2025-02-20T18:00:00Z,Biomass,2969.000,Elexon BMRS FUELHH
2025-02-20T18:00:00Z,Coal,0.000,Elexon BMRS FUELHH
2025-02-20T18:00:00Z,Gas,6752.000,Elexon BMRS FUELHH
2025-02-20T18:00:00Z,Hydro,454.000,Elexon BMRS FUELHH
2025-02-20T18:00:00Z,Imports & Exports,5170.000,Elexon BMRS FUELHH
2025-02-20T18:00:00Z,Nuclear,4662.000,Elexon BMRS FUELHH
2025-02-20T18:00:00Z,Other,1260.000,Elexon BMRS FUELHH
2025-02-20T18:00:00Z,Pumped Storage,1292.000,Elexon BMRS FUELHH
2025-02-20T18:00:00Z,Wind,15250.000,Elexon BMRS FUELHH
2025-02-20T18:30:00Z,Biomass,2967.000,Elexon BMRS FUELHH
2025-02-20T18:30:00Z,Coal,0.000,Elexon BMRS FUELHH
2025-02-20T18:30:00Z,Gas,6436.000,Elexon BMRS FUELHH
2025-02-20T18:30:00Z,Hydro,482.000,Elexon BMRS FUELHH
2025-02-20T18:30:00Z,Imports & Exports,5096.000,Elexon BMRS FUELHH
2025-02-20T18:30:00Z,Nuclear,4658.000,Elexon BMRS FUELHH
2025-02-20T18:30:00Z,Other,967.000,Elexon BMRS FUELHH
2025-02-20T18:30:00Z,Pumped Storage,1376.000,Elexon BMRS FUELHH
2025-02-20T18:30:00Z,Wind,15499.000,Elexon BMRS FUELHH
2025-02-20T19:00:00Z,Biomass,2843.000,Elexon BMRS FUELHH
2025-02-20T19:00:00Z,Coal,0.000,Elexon BMRS FUELHH
2025-02-20T19:00:00Z,Gas,6247.000,Elexon BMRS FUELHH
2025-02-20T19:00:00Z,Hydro,483.000,Elexon BMRS FUELHH
2025-02-20T19:00:00Z,Imports & Exports,5642.000,Elexon BMRS FUELHH
2025-02-20T19:00:00Z,Nuclear,4662.000,Elexon BMRS FUELHH
2025-02-20T19:00:00Z,Other,438.000,Elexon BMRS FUELHH
2025-02-20T19:00:00Z,Pumped Storage,1118.000,Elexon BMRS FUELHH
2025-02-20T19:00:00Z,Wind,15582.000,Elexon BMRS FUELHH
2025-02-20T19:30:00Z,Biomass,2353.000,Elexon BMRS FUELHH
2025-02-20T19:30:00Z,Coal,0.000,Elexon BMRS FUELHH
2025-02-20T19:30:00Z,Gas,5814.000,Elexon BMRS FUELHH
2025-02-20T19:30:00Z,Hydro,474.000,Elexon BMRS FUELHH
2025-02-20T19:30:00Z,Imports & Exports,5692.000,Elexon BMRS FUELHH
2025-02-20T19:30:00Z,Nuclear,4656.000,Elexon BMRS FUELHH
2025-02-20T19:30:00Z,Other,491.000,Elexon BMRS FUELHH
2025-02-20T19:30:00Z,Pumped Storage,1028.000,Elexon BMRS FUELHH
2025-02-20T19:30:00Z,Wind,15364.000,Elexon BMRS FUELHH
2025-02-20T20:00:00Z,Biomass,1853.000,Elexon BMRS FUELHH
2025-02-20T20:00:00Z,Coal,0.000,Elexon BMRS FUELHH
2025-02-20T20:00:00Z,Gas,5333.000,Elexon BMRS FUELHH
2025-02-20T20:00:00Z,Hydro,417.000,Elexon BMRS FUELHH
2025-02-20T20:00:00Z,Imports & Exports,5686.000,Elexon BMRS FUELHH
2025-02-20T20:00:00Z,Nuclear,4659.000,Elexon BMRS FUELHH
2025-02-20T20:00:00Z,Other,600.000,Elexon BMRS FUELHH
2025-02-20T20:00:00Z,Pumped Storage,888.000,Elexon BMRS FUELHH
2025-02-20T20:00:00Z,Wind,15013.000,Elexon BMRS FUELHH
2025-02-20T20:30:00Z,Biomass,1445.000,Elexon BMRS FUELHH
2025-02-20T20:30:00Z,Coal,0.000,Elexon BMRS FUELHH
2025-02-20T20:30:00Z,Gas,5015.000,Elexon BMRS FUELHH
2025-02-20T20:30:00Z,Hydro,338.000,Elexon BMRS FUELHH
2025-02-20T20:30:00Z,Imports & Exports,5774.000,Elexon BMRS FUELHH
2025-02-20T20:30:00Z,Nuclear,4654.000,Elexon BMRS FUELHH
2025-02-20T20:30:00Z,Other,421.000,Elexon BMRS FUELHH
2025-02-20T20:30:00Z,Pumped Storage,380.000,Elexon BMRS FUELHH
2025-02-20T20:30:00Z,Wind,15067.000,Elexon BMRS FUELHH
2025-02-20T21:00:00Z,Biomass,1184.000,Elexon BMRS FUELHH
2025-02-20T21:00:00Z,Coal,0.000,Elexon BMRS FUELHH
2025-02-20T21:00:00Z,Gas,5085.000,Elexon BMRS FUELHH
2025-02-20T21:00:00Z,Hydro,289.000,Elexon BMRS FUELHH
2025-02-20T21:00:00Z,Imports & Exports,4206.000,Elexon BMRS FUELHH
2025-02-20T21:00:00Z,Nuclear,4656.000,Elexon BMRS FUELHH
2025-02-20T21:00:00Z,Other,489.000,Elexon BMRS FUELHH
2025-02-20T21:00:00Z,Pumped Storage,716.000,Elexon BMRS FUELHH
2025-02-20T21:00:00Z,Wind,14840.000,Elexon BMRS FUELHH
2025-02-20T21:30:00Z,Biomass,1112.000,Elexon BMRS FUELHH
2025-02-20T21:30:00Z,Coal,0.000,Elexon BMRS FUELHH
2025-02-20T21:30:00Z,Gas,4619.000,Elexon BMRS FUELHH
2025-02-20T21:30:00Z,Hydro,303.000,Elexon BMRS FUELHH
2025-02-20T21:30:00Z,Imports & Exports,4228.000,Elexon BMRS FUELHH
2025-02-20T21:30:00Z,Nuclear,4655.000,Elexon BMRS FUELHH
2025-02-20T21:30:00Z,Other,382.000,Elexon BMRS FUELHH
2025-02-20T21:30:00Z,Pumped Storage,408.000,Elexon BMRS FUELHH
2025-02-20T21:30:00Z,Wind,14349.000,Elexon BMRS FUELHH
2025-02-20T22:00:00Z,Biomass,1113.000,Elexon BMRS FUELHH
2025-02-20T22:00:00Z,Coal,0.000,Elexon BMRS FUELHH
2025-02-20T22:00:00Z,Gas,5024.000,Elexon BMRS FUELHH
2025-02-20T22:00:00Z,Hydro,325.000,Elexon BMRS FUELHH
2025-02-20T22:00:00Z,Imports & Exports,1976.000,Elexon BMRS FUELHH
2025-02-20T22:00:00Z,Nuclear,4661.000,Elexon BMRS FUELHH
2025-02-20T22:00:00Z,Other,396.000,Elexon BMRS FUELHH
2025-02-20T22:00:00Z,Pumped Storage,846.000,Elexon BMRS FUELHH
2025-02-20T22:00:00Z,Wind,13766.000,Elexon BMRS FUELHH
2025-02-20T22:30:00Z,Biomass,1114.000,Elexon BMRS FUELHH
2025-02-20T22:30:00Z,Coal,0.000,Elexon BMRS FUELHH
2025-02-20T22:30:00Z,Gas,4635.000,Elexon BMRS FUELHH
2025-02-20T22:30:00Z,Hydro,329.000,Elexon BMRS FUELHH
2025-02-20T22:30:00Z,Imports & Exports,2084.000,Elexon BMRS FUELHH
2025-02-20T22:30:00Z,Nuclear,4664.000,Elexon BMRS FUELHH
2025-02-20T22:30:00Z,Other,275.000,Elexon BMRS FUELHH
2025-02-20T22:30:00Z,Pumped Storage,534.000,Elexon BMRS FUELHH
2025-02-20T22:30:00Z,Wind,13191.000,Elexon BMRS FUELHH
2025-02-20T23:00:00Z,Biomass,1115.000,Elexon BMRS FUELHH
2025-02-20T23:00:00Z,Coal,0.000,Elexon BMRS FUELHH
2025-02-20T23:00:00Z,Gas,4722.000,Elexon BMRS FUELHH
2025-02-20T23:00:00Z,Hydro,324.000,Elexon BMRS FUELHH
2025-02-20T23:00:00Z,Imports & Exports,2004.000,Elexon BMRS FUELHH
2025-02-20T23:00:00Z,Nuclear,4665.000,Elexon BMRS FUELHH
2025-02-20T23:00:00Z,Other,275.000,Elexon BMRS FUELHH
2025-02-20T23:00:00Z,Pumped Storage,-538.000,Elexon BMRS FUELHH
2025-02-20T23:00:00Z,Wind,12781.000,Elexon BMRS FUELHH
2025-02-20T23:30:00Z,Biomass,1114.000,Elexon BMRS FUELHH
2025-02-20T23:30:00Z,Coal,0.000,Elexon BMRS FUELHH
2025-02-20T23:30:00Z,Gas,4824.000,Elexon BMRS FUELHH
2025-02-20T23:30:00Z,Hydro,300.000,Elexon BMRS FUELHH
2025-02-20T23:30:00Z,Imports & Exports,1934.000,Elexon BMRS FUELHH
2025-02-20T23:30:00Z,Nuclear,4660.000,Elexon BMRS FUELHH
2025-02-20T23:30:00Z,Other,249.000,Elexon BMRS FUELHH
2025-02-20T23:30:00Z,Pumped Storage,-1054.000,Elexon BMRS FUELHH
2025-02-20T23:30:00Z,Wind,12472.000,Elexon BMRS FUELHH
2025-02-21T00:00:00Z,Biomass,1115.000,Elexon BMRS FUELHH
2025-02-21T00:00:00Z,Coal,0.000,Elexon BMRS FUELHH
2025-02-21T00:00:00Z,Gas,4819.000,Elexon BMRS FUELHH
2025-02-21T00:00:00Z,Hydro,298.000,Elexon BMRS FUELHH
2025-02-21T00:00:00Z,Imports & Exports,1968.000,Elexon BMRS FUELHH
2025-02-21T00:00:00Z,Nuclear,4663.000,Elexon BMRS FUELHH
2025-02-21T00:00:00Z,Other,238.000,Elexon BMRS FUELHH
2025-02-21T00:00:00Z,Pumped Storage,-1492.000,Elexon BMRS FUELHH
2025-02-21T00:00:00Z,Wind,12793.000,Elexon BMRS FUELHH
2025-02-21T00:30:00Z,Biomass,1125.000,Elexon BMRS FUELHH
2025-02-21T00:30:00Z,Coal,0.000,Elexon BMRS FUELHH
2025-02-21T00:30:00Z,Gas,4842.000,Elexon BMRS FUELHH
2025-02-21T00:30:00Z,Hydro,298.000,Elexon BMRS FUELHH
2025-02-21T00:30:00Z,Imports & Exports,2172.000,Elexon BMRS FUELHH
2025-02-21T00:30:00Z,Nuclear,4659.000,Elexon BMRS FUELHH
2025-02-21T00:30:00Z,Other,319.000,Elexon BMRS FUELHH
2025-02-21T00:30:00Z,Pumped Storage,-896.000,Elexon BMRS FUELHH
2025-02-21T00:30:00Z,Wind,12440.000,Elexon BMRS FUELHH
2025-02-21T01:00:00Z,Biomass,1172.000,Elexon BMRS FUELHH
2025-02-21T01:00:00Z,Coal,0.000,Elexon BMRS FUELHH
2025-02-21T01:00:00Z,Gas,4869.000,Elexon BMRS FUELHH
2025-02-21T01:00:00Z,Hydro,297.000,Elexon BMRS FUELHH
2025-02-21T01:00:00Z,Imports & Exports,1334.000,Elexon BMRS FUELHH
2025-02-21T01:00:00Z,Nuclear,4661.000,Elexon BMRS FUELHH
2025-02-21T01:00:00Z,Other,310.000,Elexon BMRS FUELHH
2025-02-21T01:00:00Z,Pumped Storage,-662.000,Elexon BMRS FUELHH
2025-02-21T01:00:00Z,Wind,12275.000,Elexon BMRS FUELHH
2025-02-21T01:30:00Z,Biomass,1128.000,Elexon BMRS FUELHH
2025-02-21T01:30:00Z,Coal,0.000,Elexon BMRS FUELHH
2025-02-21T01:30:00Z,Gas,4944.000,Elexon BMRS FUELHH
2025-02-21T01:30:00Z,Hydro,286.000,Elexon BMRS FUELHH
2025-02-21T01:30:00Z,Imports & Exports,1108.000,Elexon BMRS FUELHH
2025-02-21T01:30:00Z,Nuclear,4677.000,Elexon BMRS FUELHH
2025-02-21T01:30:00Z,Other,208.000,Elexon BMRS FUELHH
2025-02-21T01:30:00Z,Pumped Storage,-736.000,Elexon BMRS FUELHH
2025-02-21T01:30:00Z,Wind,12560.000,Elexon BMRS FUELHH
2025-02-21T02:00:00Z,Biomass,1111.000,Elexon BMRS FUELHH
2025-02-21T02:00:00Z,Coal,0.000,Elexon BMRS FUELHH
2025-02-21T02:00:00Z,Gas,4996.000,Elexon BMRS FUELHH
2025-02-21T02:00:00Z,Hydro,273.000,Elexon BMRS FUELHH
2025-02-21T02:00:00Z,Imports & Exports,-178.000,Elexon BMRS FUELHH
2025-02-21T02:00:00Z,Nuclear,4667.000,Elexon BMRS FUELHH
2025-02-21T02:00:00Z,Other,244.000,Elexon BMRS FUELHH
2025-02-21T02:00:00Z,Pumped Storage,-1142.000,Elexon BMRS FUELHH
2025-02-21T02:00:00Z,Wind,12532.000,Elexon BMRS FUELHH
2025-02-21T02:30:00Z,Biomass,1116.000,Elexon BMRS FUELHH
2025-02-21T02:30:00Z,Coal,0.000,Elexon BMRS FUELHH
2025-02-21T02:30:00Z,Gas,5010.000,Elexon BMRS FUELHH
2025-02-21T02:30:00Z,Hydro,270.000,Elexon BMRS FUELHH
2025-02-21T02:30:00Z,Imports & Exports,-396.000,Elexon BMRS FUELHH
2025-02-21T02:30:00Z,Nuclear,4674.000,Elexon BMRS FUELHH
2025-02-21T02:30:00Z,Other,208.000,Elexon BMRS FUELHH
2025-02-21T02:30:00Z,Pumped Storage,-1432.000,Elexon BMRS FUELHH
2025-02-21T02:30:00Z,Wind,12952.000,Elexon BMRS FUELHH
2025-02-21T03:00:00Z,Biomass,1227.000,Elexon BMRS FUELHH
2025-02-21T03:00:00Z,Coal,0.000,Elexon BMRS FUELHH
2025-02-21T03:00:00Z,Gas,5037.000,Elexon BMRS FUELHH
2025-02-21T03:00:00Z,Hydro,270.000,Elexon BMRS FUELHH
2025-02-21T03:00:00Z,Imports & Exports,-1042.000,Elexon BMRS FUELHH
2025-02-21T03:00:00Z,Nuclear,4673.000,Elexon BMRS FUELHH
2025-02-21T03:00:00Z,Other,194.000,Elexon BMRS FUELHH
2025-02-21T03:00:00Z,Pumped Storage,-1482.000,Elexon BMRS FUELHH
2025-02-21T03:00:00Z,Wind,13336.000,Elexon BMRS FUELHH
2025-02-21T03:30:00Z,Biomass,1277.000,Elexon BMRS FUELHH
2025-02-21T03:30:00Z,Coal,0.000,Elexon BMRS FUELHH
2025-02-21T03:30:00Z,Gas,4950.000,Elexon BMRS FUELHH
2025-02-21T03:30:00Z,Hydro,271.000,Elexon BMRS FUELHH
2025-02-21T03:30:00Z,Imports & Exports,-1230.000,Elexon BMRS FUELHH
2025-02-21T03:30:00Z,Nuclear,4668.000,Elexon BMRS FUELHH
2025-02-21T03:30:00Z,Other,188.000,Elexon BMRS FUELHH
2025-02-21T03:30:00Z,Pumped Storage,-1468.000,Elexon BMRS FUELHH
2025-02-21T03:30:00Z,Wind,13331.000,Elexon BMRS FUELHH
2025-02-21T04:00:00Z,Biomass,1262.000,Elexon BMRS FUELHH
2025-02-21T04:00:00Z,Coal,0.000,Elexon BMRS FUELHH
2025-02-21T04:00:00Z,Gas,5400.000,Elexon BMRS FUELHH
2025-02-21T04:00:00Z,Hydro,278.000,Elexon BMRS FUELHH
2025-02-21T04:00:00Z,Imports & Exports,-2212.000,Elexon BMRS FUELHH
2025-02-21T04:00:00Z,Nuclear,4674.000,Elexon BMRS FUELHH
2025-02-21T04:00:00Z,Other,189.000,Elexon BMRS FUELHH
2025-02-21T04:00:00Z,Pumped Storage,-1470.000,Elexon BMRS FUELHH
2025-02-21T04:00:00Z,Wind,13459.000,Elexon BMRS FUELHH
2025-02-21T04:30:00Z,Biomass,1275.000,Elexon BMRS FUELHH
2025-02-21T04:30:00Z,Coal,0.000,Elexon BMRS FUELHH
2025-02-21T04:30:00Z,Gas,4637.000,Elexon BMRS FUELHH
2025-02-21T04:30:00Z,Hydro,286.000,Elexon BMRS FUELHH
2025-02-21T04:30:00Z,Imports & Exports,-2246.000,Elexon BMRS FUELHH
2025-02-21T04:30:00Z,Nuclear,4675.000,Elexon BMRS FUELHH
2025-02-21T04:30:00Z,Other,231.000,Elexon BMRS FUELHH
2025-02-21T04:30:00Z,Pumped Storage,-1458.000,Elexon BMRS FUELHH
2025-02-21T04:30:00Z,Wind,13928.000,Elexon BMRS FUELHH
2025-02-21T05:00:00Z,Biomass,1280.000,Elexon BMRS FUELHH
2025-02-21T05:00:00Z,Coal,0.000,Elexon BMRS FUELHH
2025-02-21T05:00:00Z,Gas,3943.000,Elexon BMRS FUELHH
2025-02-21T05:00:00Z,Hydro,285.000,Elexon BMRS FUELHH
2025-02-21T05:00:00Z,Imports & Exports,-2296.000,Elexon BMRS FUELHH
2025-02-21T05:00:00Z,Nuclear,4665.000,Elexon BMRS FUELHH
2025-02-21T05:00:00Z,Other,483.000,Elexon BMRS FUELHH
2025-02-21T05:00:00Z,Pumped Storage,-1424.000,Elexon BMRS FUELHH
2025-02-21T05:00:00Z,Wind,14474.000,Elexon BMRS FUELHH
2025-02-21T05:30:00Z,Biomass,1284.000,Elexon BMRS FUELHH
2025-02-21T05:30:00Z,Coal,0.000,Elexon BMRS FUELHH
2025-02-21T05:30:00Z,Gas,4367.000,Elexon BMRS FUELHH
2025-02-21T05:30:00Z,Hydro,285.000,Elexon BMRS FUELHH
2025-02-21T05:30:00Z,Imports & Exports,-2346.000,Elexon BMRS FUELHH
2025-02-21T05:30:00Z,Nuclear,4662.000,Elexon BMRS FUELHH
2025-02-21T05:30:00Z,Other,510.000,Elexon BMRS FUELHH
2025-02-21T05:30:00Z,Pumped Storage,-1410.000,Elexon BMRS FUELHH
2025-02-21T05:30:00Z,Wind,14546.000,Elexon BMRS FUELHH
2025-02-21T06:00:00Z,Biomass,1281.000,Elexon BMRS FUELHH
2025-02-21T06:00:00Z,Coal,0.000,Elexon BMRS FUELHH
2025-02-21T06:00:00Z,Gas,4852.000,Elexon BMRS FUELHH
2025-02-21T06:00:00Z,Hydro,299.000,Elexon BMRS FUELHH
2025-02-21T06:00:00Z,Imports & Exports,-1124.000,Elexon BMRS FUELHH
2025-02-21T06:00:00Z,Nuclear,4660.000,Elexon BMRS FUELHH
2025-02-21T06:00:00Z,Other,322.000,Elexon BMRS FUELHH
2025-02-21T06:00:00Z,Pumped Storage,-1128.000,Elexon BMRS FUELHH
2025-02-21T06:00:00Z,Wind,14680.000,Elexon BMRS FUELHH
2025-02-21T06:30:00Z,Biomass,1280.000,Elexon BMRS FUELHH
2025-02-21T06:30:00Z,Coal,0.000,Elexon BMRS FUELHH
2025-02-21T06:30:00Z,Gas,5735.000,Elexon BMRS FUELHH
2025-02-21T06:30:00Z,Hydro,323.000,Elexon BMRS FUELHH
2025-02-21T06:30:00Z,Imports & Exports,-1032.000,Elexon BMRS FUELHH
2025-02-21T06:30:00Z,Nuclear,4668.000,Elexon BMRS FUELHH
2025-02-21T06:30:00Z,Other,348.000,Elexon BMRS FUELHH
2025-02-21T06:30:00Z,Pumped Storage,-302.000,Elexon BMRS FUELHH
2025-02-21T06:30:00Z,Wind,14749.000,Elexon BMRS FUELHH
2025-02-21T07:00:00Z,Biomass,1290.000,Elexon BMRS FUELHH
2025-02-21T07:00:00Z,Coal,0.000,Elexon BMRS FUELHH
2025-02-21T07:00:00Z,Gas,5522.000,Elexon BMRS FUELHH
2025-02-21T07:00:00Z,Hydro,360.000,Elexon BMRS FUELHH
2025-02-21T07:00:00Z,Imports & Exports,690.000,Elexon BMRS FUELHH
2025-02-21T07:00:00Z,Nuclear,4664.000,Elexon BMRS FUELHH
2025-02-21T07:00:00Z,Other,435.000,Elexon BMRS FUELHH
2025-02-21T07:00:00Z,Pumped Storage,-90.000,Elexon BMRS FUELHH
2025-02-21T07:00:00Z,Wind,14759.000,Elexon BMRS FUELHH
2025-02-21T07:30:00Z,Biomass,1291.000,Elexon BMRS FUELHH
2025-02-21T07:30:00Z,Coal,0.000,Elexon BMRS FUELHH
2025-02-21T07:30:00Z,Gas,6010.000,Elexon BMRS FUELHH
2025-02-21T07:30:00Z,Hydro,358.000,Elexon BMRS FUELHH
2025-02-21T07:30:00Z,Imports & Exports,588.000,Elexon BMRS FUELHH
2025-02-21T07:30:00Z,Nuclear,4666.000,Elexon BMRS FUELHH
2025-02-21T07:30:00Z,Other,945.000,Elexon BMRS FUELHH
2025-02-21T07:30:00Z,Pumped Storage,-4.000,Elexon BMRS FUELHH
2025-02-21T07:30:00Z,Wind,14643.000,Elexon BMRS FUELHH
2025-02-21T08:00:00Z,Biomass,1304.000,Elexon BMRS FUELHH
2025-02-21T08:00:00Z,Coal,0.000,Elexon BMRS FUELHH
2025-02-21T08:00:00Z,Gas,5820.000,Elexon BMRS FUELHH
2025-02-21T08:00:00Z,Hydro,374.000,Elexon BMRS FUELHH
2025-02-21T08:00:00Z,Imports & Exports,2794.000,Elexon BMRS FUELHH
2025-02-21T08:00:00Z,Nuclear,4666.000,Elexon BMRS FUELHH
2025-02-21T08:00:00Z,Other,719.000,Elexon BMRS FUELHH
2025-02-21T08:00:00Z,Pumped Storage,128.000,Elexon BMRS FUELHH
2025-02-21T08:00:00Z,Wind,14868.000,Elexon BMRS FUELHH
2025-02-21T08:30:00Z,Biomass,1305.000,Elexon BMRS FUELHH
2025-02-21T08:30:00Z,Coal,0.000,Elexon BMRS FUELHH
2025-02-21T08:30:00Z,Gas,6243.000,Elexon BMRS FUELHH
2025-02-21T08:30:00Z,Hydro,374.000,Elexon BMRS FUELHH
2025-02-21T08:30:00Z,Imports & Exports,2876.000,Elexon BMRS FUELHH
2025-02-21T08:30:00Z,Nuclear,4664.000,Elexon BMRS FUELHH
2025-02-21T08:30:00Z,Other,668.000,Elexon BMRS FUELHH
2025-02-21T08:30:00Z,Pumped Storage,158.000,Elexon BMRS FUELHH
2025-02-21T08:30:00Z,Wind,15029.000,Elexon BMRS FUELHH
2025-02-21T09:00:00Z,Biomass,1299.000,Elexon BMRS FUELHH
2025-02-21T09:00:00Z,Coal,0.000,Elexon BMRS FUELHH
2025-02-21T09:00:00Z,Gas,5898.000,Elexon BMRS FUELHH
2025-02-21T09:00:00Z,Hydro,340.000,Elexon BMRS FUELHH
2025-02-21T09:00:00Z,Imports & Exports,4576.000,Elexon BMRS FUELHH
2025-02-21T09:00:00Z,Nuclear,4667.000,Elexon BMRS FUELHH
2025-02-21T09:00:00Z,Other,519.000,Elexon BMRS FUELHH
2025-02-21T09:00:00Z,Pumped Storage,192.000,Elexon BMRS FUELHH
2025-02-21T09:00:00Z,Wind,14685.000,Elexon BMRS FUELHH
2025-02-21T09:30:00Z,Biomass,1309.000,Elexon BMRS FUELHH
2025-02-21T09:30:00Z,Coal,0.000,Elexon BMRS FUELHH
2025-02-21T09:30:00Z,Gas,5817.000,Elexon BMRS FUELHH
2025-02-21T09:30:00Z,Hydro,351.000,Elexon BMRS FUELHH
2025-02-21T09:30:00Z,Imports & Exports,4636.000,Elexon BMRS FUELHH
2025-02-21T09:30:00Z,Nuclear,4665.000,Elexon BMRS FUELHH
2025-02-21T09:30:00Z,Other,395.000,Elexon BMRS FUELHH
2025-02-21T09:30:00Z,Pumped Storage,-20.000,Elexon BMRS FUELHH
2025-02-21T09:30:00Z,Wind,15053.000,Elexon BMRS FUELHH
2025-02-21T10:00:00Z,Biomass,1312.000,Elexon BMRS FUELHH
2025-02-21T10:00:00Z,Coal,0.000,Elexon BMRS FUELHH
2025-02-21T10:00:00Z,Gas,5131.000,Elexon BMRS FUELHH
2025-02-21T10:00:00Z,Hydro,359.000,Elexon BMRS FUELHH
2025-02-21T10:00:00Z,Imports & Exports,4954.000,Elexon BMRS FUELHH
2025-02-21T10:00:00Z,Nuclear,4669.000,Elexon BMRS FUELHH
2025-02-21T10:00:00Z,Other,293.000,Elexon BMRS FUELHH
2025-02-21T10:00:00Z,Pumped Storage,-20.000,Elexon BMRS FUELHH
2025-02-21T10:00:00Z,Wind,15601.000,Elexon BMRS FUELHH
2025-02-21T10:30:00Z,Biomass,1314.000,Elexon BMRS FUELHH
2025-02-21T10:30:00Z,Coal,0.000,Elexon BMRS FUELHH
2025-02-21T10:30:00Z,Gas,4971.000,Elexon BMRS FUELHH
2025-02-21T10:30:00Z,Hydro,377.000,Elexon BMRS FUELHH
2025-02-21T10:30:00Z,Imports & Exports,4906.000,Elexon BMRS FUELHH
2025-02-21T10:30:00Z,Nuclear,4668.000,Elexon BMRS FUELHH
2025-02-21T10:30:00Z,Other,280.000,Elexon BMRS FUELHH
2025-02-21T10:30:00Z,Pumped Storage,68.000,Elexon BMRS FUELHH
2025-02-21T10:30:00Z,Wind,15579.000,Elexon BMRS FUELHH
2025-02-21T11:00:00Z,Biomass,1316.000,Elexon BMRS FUELHH
2025-02-21T11:00:00Z,Coal,0.000,Elexon BMRS FUELHH
2025-02-21T11:00:00Z,Gas,4191.000,Elexon BMRS FUELHH
2025-02-21T11:00:00Z,Hydro,380.000,Elexon BMRS FUELHH
2025-02-21T11:00:00Z,Imports & Exports,6016.000,Elexon BMRS FUELHH
2025-02-21T11:00:00Z,Nuclear,4667.000,Elexon BMRS FUELHH
2025-02-21T11:00:00Z,Other,300.000,Elexon BMRS FUELHH
2025-02-21T11:00:00Z,Pumped Storage,102.000,Elexon BMRS FUELHH
2025-02-21T11:00:00Z,Wind,15820.000,Elexon BMRS FUELHH
2025-02-21T11:30:00Z,Biomass,1306.000,Elexon BMRS FUELHH
2025-02-21T11:30:00Z,Coal,0.000,Elexon BMRS FUELHH
2025-02-21T11:30:00Z,Gas,4073.000,Elexon BMRS FUELHH
2025-02-21T11:30:00Z,Hydro,370.000,Elexon BMRS FUELHH
2025-02-21T11:30:00Z,Imports & Exports,5774.000,Elexon BMRS FUELHH
2025-02-21T11:30:00Z,Nuclear,4672.000,Elexon BMRS FUELHH
2025-02-21T11:30:00Z,Other,244.000,Elexon BMRS FUELHH
2025-02-21T11:30:00Z,Pumped Storage,-148.000,Elexon BMRS FUELHH
2025-02-21T11:30:00Z,Wind,16045.000,Elexon BMRS FUELHH
2025-02-21T12:00:00Z,Biomass,1315.000,Elexon BMRS FUELHH
2025-02-21T12:00:00Z,Coal,0.000,Elexon BMRS FUELHH
2025-02-21T12:00:00Z,Gas,4019.000,Elexon BMRS FUELHH
2025-02-21T12:00:00Z,Hydro,376.000,Elexon BMRS FUELHH
2025-02-21T12:00:00Z,Imports & Exports,5902.000,Elexon BMRS FUELHH
2025-02-21T12:00:00Z,Nuclear,4670.000,Elexon BMRS FUELHH
2025-02-21T12:00:00Z,Other,290.000,Elexon BMRS FUELHH
2025-02-21T12:00:00Z,Pumped Storage,-246.000,Elexon BMRS FUELHH
2025-02-21T12:00:00Z,Wind,16179.000,Elexon BMRS FUELHH
2025-02-21T12:30:00Z,Biomass,1320.000,Elexon BMRS FUELHH
2025-02-21T12:30:00Z,Coal,0.000,Elexon BMRS FUELHH
2025-02-21T12:30:00Z,Gas,3905.000,Elexon BMRS FUELHH
2025-02-21T12:30:00Z,Hydro,397.000,Elexon BMRS FUELHH
2025-02-21T12:30:00Z,Imports & Exports,5836.000,Elexon BMRS FUELHH
2025-02-21T12:30:00Z,Nuclear,4669.000,Elexon BMRS FUELHH
2025-02-21T12:30:00Z,Other,293.000,Elexon BMRS FUELHH
2025-02-21T12:30:00Z,Pumped Storage,-320.000,Elexon BMRS FUELHH
2025-02-21T12:30:00Z,Wind,16184.000,Elexon BMRS FUELHH
2025-02-21T13:00:00Z,Biomass,1320.000,Elexon BMRS FUELHH
2025-02-21T13:00:00Z,Coal,0.000,Elexon BMRS FUELHH
2025-02-21T13:00:00Z,Gas,3799.000,Elexon BMRS FUELHH
2025-02-21T13:00:00Z,Hydro,400.000,Elexon BMRS FUELHH
2025-02-21T13:00:00Z,Imports & Exports,5222.000,Elexon BMRS FUELHH
2025-02-21T13:00:00Z,Nuclear,4669.000,Elexon BMRS FUELHH
2025-02-21T13:00:00Z,Other,333.000,Elexon BMRS FUELHH
2025-02-21T13:00:00Z,Pumped Storage,-328.000,Elexon BMRS FUELHH
2025-02-21T13:00:00Z,Wind,16409.000,Elexon BMRS FUELHH
2025-02-21T13:30:00Z,Biomass,1321.000,Elexon BMRS FUELHH
2025-02-21T13:30:00Z,Coal,0.000,Elexon BMRS FUELHH
2025-02-21T13:30:00Z,Gas,3627.000,Elexon BMRS FUELHH
2025-02-21T13:30:00Z,Hydro,401.000,Elexon BMRS FUELHH
2025-02-21T13:30:00Z,Imports & Exports,5158.000,Elexon BMRS FUELHH
2025-02-21T13:30:00Z,Nuclear,4663.000,Elexon BMRS FUELHH
2025-02-21T13:30:00Z,Other,321.000,Elexon BMRS FUELHH
2025-02-21T13:30:00Z,Pumped Storage,-260.000,Elexon BMRS FUELHH
2025-02-21T13:30:00Z,Wind,16322.000,Elexon BMRS FUELHH
2025-02-21T14:00:00Z,Biomass,1318.000,Elexon BMRS FUELHH
2025-02-21T14:00:00Z,Coal,0.000,Elexon BMRS FUELHH
2025-02-21T14:00:00Z,Gas,4041.000,Elexon BMRS FUELHH
2025-02-21T14:00:00Z,Hydro,406.000,Elexon BMRS FUELHH
2025-02-21T14:00:00Z,Imports & Exports,3916.000,Elexon BMRS FUELHH
2025-02-21T14:00:00Z,Nuclear,4666.000,Elexon BMRS FUELHH
2025-02-21T14:00:00Z,Other,733.000,Elexon BMRS FUELHH
2025-02-21T14:00:00Z,Pumped Storage,-222.000,Elexon BMRS FUELHH
2025-02-21T14:00:00Z,Wind,16276.000,Elexon BMRS FUELHH
2025-02-21T14:30:00Z,Biomass,1320.000,Elexon BMRS FUELHH
2025-02-21T14:30:00Z,Coal,0.000,Elexon BMRS FUELHH
2025-02-21T14:30:00Z,Gas,4254.000,Elexon BMRS FUELHH
2025-02-21T14:30:00Z,Hydro,437.000,Elexon BMRS FUELHH
2025-02-21T14:30:00Z,Imports & Exports,3970.000,Elexon BMRS FUELHH
2025-02-21T14:30:00Z,Nuclear,4659.000,Elexon BMRS FUELHH
2025-02-21T14:30:00Z,Other,572.000,Elexon BMRS FUELHH
2025-02-21T14:30:00Z,Pumped Storage,-260.000,Elexon BMRS FUELHH
2025-02-21T14:30:00Z,Wind,16127.000,Elexon BMRS FUELHH
2025-02-21T15:00:00Z,Biomass,1314.000,Elexon BMRS FUELHH
2025-02-21T15:00:00Z,Coal,0.000,Elexon BMRS FUELHH
2025-02-21T15:00:00Z,Gas,4550.000,Elexon BMRS FUELHH
2025-02-21T15:00:00Z,Hydro,449.000,Elexon BMRS FUELHH
2025-02-21T15:00:00Z,Imports & Exports,3890.000,Elexon BMRS FUELHH
2025-02-21T15:00:00Z,Nuclear,4659.000,Elexon BMRS FUELHH
2025-02-21T15:00:00Z,Other,412.000,Elexon BMRS FUELHH
2025-02-21T15:00:00Z,Pumped Storage,522.000,Elexon BMRS FUELHH
2025-02-21T15:00:00Z,Wind,15751.000,Elexon BMRS FUELHH
2025-02-21T15:30:00Z,Biomass,1303.000,Elexon BMRS FUELHH
2025-02-21T15:30:00Z,Coal,0.000,Elexon BMRS FUELHH
2025-02-21T15:30:00Z,Gas,4717.000,Elexon BMRS FUELHH
2025-02-21T15:30:00Z,Hydro,493.000,Elexon BMRS FUELHH
2025-02-21T15:30:00Z,Imports & Exports,3986.000,Elexon BMRS FUELHH
2025-02-21T15:30:00Z,Nuclear,4659.000,Elexon BMRS FUELHH
2025-02-21T15:30:00Z,Other,255.000,Elexon BMRS FUELHH
2025-02-21T15:30:00Z,Pumped Storage,1058.000,Elexon BMRS FUELHH
2025-02-21T15:30:00Z,Wind,15561.000,Elexon BMRS FUELHH
2025-02-21T16:00:00Z,Biomass,1308.000,Elexon BMRS FUELHH
2025-02-21T16:00:00Z,Coal,0.000,Elexon BMRS FUELHH
2025-02-21T16:00:00Z,Gas,4335.000,Elexon BMRS FUELHH
2025-02-21T16:00:00Z,Hydro,531.000,Elexon BMRS FUELHH
2025-02-21T16:00:00Z,Imports & Exports,5760.000,Elexon BMRS FUELHH
2025-02-21T16:00:00Z,Nuclear,4658.000,Elexon BMRS FUELHH
2025-02-21T16:00:00Z,Other,234.000,Elexon BMRS FUELHH
2025-02-21T16:00:00Z,Pumped Storage,1292.000,Elexon BMRS FUELHH
2025-02-21T16:00:00Z,Wind,15304.000,Elexon BMRS FUELHH
2025-02-21T16:30:00Z,Biomass,1304.000,Elexon BMRS FUELHH
2025-02-21T16:30:00Z,Coal,0.000,Elexon BMRS FUELHH
2025-02-21T16:30:00Z,Gas,4387.000,Elexon BMRS FUELHH
2025-02-21T16:30:00Z,Hydro,561.000,Elexon BMRS FUELHH
2025-02-21T16:30:00Z,Imports & Exports,6036.000,Elexon BMRS FUELHH
2025-02-21T16:30:00Z,Nuclear,4657.000,Elexon BMRS FUELHH
2025-02-21T16:30:00Z,Other,346.000,Elexon BMRS FUELHH
2025-02-21T16:30:00Z,Pumped Storage,1530.000,Elexon BMRS FUELHH
2025-02-21T16:30:00Z,Wind,15173.000,Elexon BMRS FUELHH
2025-02-21T17:00:00Z,Biomass,1309.000,Elexon BMRS FUELHH
2025-02-21T17:00:00Z,Coal,0.000,Elexon BMRS FUELHH
2025-02-21T17:00:00Z,Gas,4130.000,Elexon BMRS FUELHH
2025-02-21T17:00:00Z,Hydro,762.000,Elexon BMRS FUELHH
2025-02-21T17:00:00Z,Imports & Exports,6836.000,Elexon BMRS FUELHH
2025-02-21T17:00:00Z,Nuclear,4654.000,Elexon BMRS FUELHH
2025-02-21T17:00:00Z,Other,476.000,Elexon BMRS FUELHH
2025-02-21T17:00:00Z,Pumped Storage,1792.000,Elexon BMRS FUELHH
2025-02-21T17:00:00Z,Wind,14795.000,Elexon BMRS FUELHH
2025-02-21T17:30:00Z,Biomass,1313.000,Elexon BMRS FUELHH
2025-02-21T17:30:00Z,Coal,0.000,Elexon BMRS FUELHH
2025-02-21T17:30:00Z,Gas,4335.000,Elexon BMRS FUELHH
2025-02-21T17:30:00Z,Hydro,787.000,Elexon BMRS FUELHH
2025-02-21T17:30:00Z,Imports & Exports,6784.000,Elexon BMRS FUELHH
2025-02-21T17:30:00Z,Nuclear,4658.000,Elexon BMRS FUELHH
2025-02-21T17:30:00Z,Other,822.000,Elexon BMRS FUELHH
2025-02-21T17:30:00Z,Pumped Storage,1978.000,Elexon BMRS FUELHH
2025-02-21T17:30:00Z,Wind,14648.000,Elexon BMRS FUELHH
2025-02-21T18:00:00Z,Biomass,1316.000,Elexon BMRS FUELHH
2025-02-21T18:00:00Z,Coal,0.000,Elexon BMRS FUELHH
2025-02-21T18:00:00Z,Gas,4111.000,Elexon BMRS FUELHH
2025-02-21T18:00:00Z,Hydro,787.000,Elexon BMRS FUELHH
2025-02-21T18:00:00Z,Imports & Exports,7360.000,Elexon BMRS FUELHH
2025-02-21T18:00:00Z,Nuclear,4661.000,Elexon BMRS FUELHH
2025-02-21T18:00:00Z,Other,788.000,Elexon BMRS FUELHH
2025-02-21T18:00:00Z,Pumped Storage,1912.000,Elexon BMRS FUELHH
2025-02-21T18:00:00Z,Wind,14879.000,Elexon BMRS FUELHH
2025-02-21T18:30:00Z,Biomass,1318.000,Elexon BMRS FUELHH
2025-02-21T18:30:00Z,Coal,0.000,Elexon BMRS FUELHH
2025-02-21T18:30:00Z,Gas,3914.000,Elexon BMRS FUELHH
2025-02-21T18:30:00Z,Hydro,790.000,Elexon BMRS FUELHH
2025-02-21T18:30:00Z,Imports & Exports,7296.000,Elexon BMRS FUELHH
2025-02-21T18:30:00Z,Nuclear,4664.000,Elexon BMRS FUELHH
2025-02-21T18:30:00Z,Other,679.000,Elexon BMRS FUELHH
2025-02-21T18:30:00Z,Pumped Storage,1904.000,Elexon BMRS FUELHH
2025-02-21T18:30:00Z,Wind,14934.000,Elexon BMRS FUELHH
2025-02-21T19:00:00Z,Biomass,1324.000,Elexon BMRS FUELHH
2025-02-21T19:00:00Z,Coal,0.000,Elexon BMRS FUELHH
2025-02-21T19:00:00Z,Gas,3679.000,Elexon BMRS FUELHH
2025-02-21T19:00:00Z,Hydro,811.000,Elexon BMRS FUELHH
2025-02-21T19:00:00Z,Imports & Exports,7060.000,Elexon BMRS FUELHH
2025-02-21T19:00:00Z,Nuclear,4665.000,Elexon BMRS FUELHH
2025-02-21T19:00:00Z,Other,625.000,Elexon BMRS FUELHH
2025-02-21T19:00:00Z,Pumped Storage,1582.000,Elexon BMRS FUELHH
2025-02-21T19:00:00Z,Wind,14987.000,Elexon BMRS FUELHH
2025-02-21T19:30:00Z,Biomass,1326.000,Elexon BMRS FUELHH
2025-02-21T19:30:00Z,Coal,0.000,Elexon BMRS FUELHH
2025-02-21T19:30:00Z,Gas,3101.000,Elexon BMRS FUELHH
2025-02-21T19:30:00Z,Hydro,819.000,Elexon BMRS FUELHH
2025-02-21T19:30:00Z,Imports & Exports,7090.000,Elexon BMRS FUELHH
2025-02-21T19:30:00Z,Nuclear,4668.000,Elexon BMRS FUELHH
2025-02-21T19:30:00Z,Other,604.000,Elexon BMRS FUELHH
2025-02-21T19:30:00Z,Pumped Storage,1126.000,Elexon BMRS FUELHH
2025-02-21T19:30:00Z,Wind,14875.000,Elexon BMRS FUELHH
2025-02-21T20:00:00Z,Biomass,1328.000,Elexon BMRS FUELHH
2025-02-21T20:00:00Z,Coal,0.000,Elexon BMRS FUELHH
2025-02-21T20:00:00Z,Gas,2853.000,Elexon BMRS FUELHH
2025-02-21T20:00:00Z,Hydro,824.000,Elexon BMRS FUELHH
2025-02-21T20:00:00Z,Imports & Exports,6726.000,Elexon BMRS FUELHH
2025-02-21T20:00:00Z,Nuclear,4665.000,Elexon BMRS FUELHH
2025-02-21T20:00:00Z,Other,625.000,Elexon BMRS FUELHH
2025-02-21T20:00:00Z,Pumped Storage,532.000,Elexon BMRS FUELHH
2025-02-21T20:00:00Z,Wind,14822.000,Elexon BMRS FUELHH
2025-02-21T20:30:00Z,Biomass,1325.000,Elexon BMRS FUELHH
2025-02-21T20:30:00Z,Coal,0.000,Elexon BMRS FUELHH
2025-02-21T20:30:00Z,Gas,2779.000,Elexon BMRS FUELHH
2025-02-21T20:30:00Z,Hydro,675.000,Elexon BMRS FUELHH
2025-02-21T20:30:00Z,Imports & Exports,6732.000,Elexon BMRS FUELHH
2025-02-21T20:30:00Z,Nuclear,4667.000,Elexon BMRS FUELHH
2025-02-21T20:30:00Z,Other,293.000,Elexon BMRS FUELHH
2025-02-21T20:30:00Z,Pumped Storage,132.000,Elexon BMRS FUELHH
2025-02-21T20:30:00Z,Wind,14938.000,Elexon BMRS FUELHH
2025-02-21T21:00:00Z,Biomass,1302.000,Elexon BMRS FUELHH
2025-02-21T21:00:00Z,Coal,0.000,Elexon BMRS FUELHH
2025-02-21T21:00:00Z,Gas,2816.000,Elexon BMRS FUELHH
2025-02-21T21:00:00Z,Hydro,597.000,Elexon BMRS FUELHH
2025-02-21T21:00:00Z,Imports & Exports,5362.000,Elexon BMRS FUELHH
2025-02-21T21:00:00Z,Nuclear,4669.000,Elexon BMRS FUELHH
2025-02-21T21:00:00Z,Other,305.000,Elexon BMRS FUELHH
2025-02-21T21:00:00Z,Pumped Storage,250.000,Elexon BMRS FUELHH
2025-02-21T21:00:00Z,Wind,14899.000,Elexon BMRS FUELHH
2025-02-21T21:30:00Z,Biomass,1326.000,Elexon BMRS FUELHH
2025-02-21T21:30:00Z,Coal,0.000,Elexon BMRS FUELHH
2025-02-21T21:30:00Z,Gas,2705.000,Elexon BMRS FUELHH
2025-02-21T21:30:00Z,Hydro,588.000,Elexon BMRS FUELHH
2025-02-21T21:30:00Z,Imports & Exports,5302.000,Elexon BMRS FUELHH
2025-02-21T21:30:00Z,Nuclear,4667.000,Elexon BMRS FUELHH
2025-02-21T21:30:00Z,Other,202.000,Elexon BMRS FUELHH
2025-02-21T21:30:00Z,Pumped Storage,172.000,Elexon BMRS FUELHH
2025-02-21T21:30:00Z,Wind,14838.000,Elexon BMRS FUELHH
2025-02-21T22:00:00Z,Biomass,1329.000,Elexon BMRS FUELHH
2025-02-21T22:00:00Z,Coal,0.000,Elexon BMRS FUELHH
2025-02-21T22:00:00Z,Gas,3017.000,Elexon BMRS FUELHH
2025-02-21T22:00:00Z,Hydro,601.000,Elexon BMRS FUELHH
2025-02-21T22:00:00Z,Imports & Exports,3456.000,Elexon BMRS FUELHH
2025-02-21T22:00:00Z,Nuclear,4664.000,Elexon BMRS FUELHH
2025-02-21T22:00:00Z,Other,310.000,Elexon BMRS FUELHH
2025-02-21T22:00:00Z,Pumped Storage,140.000,Elexon BMRS FUELHH
2025-02-21T22:00:00Z,Wind,14481.000,Elexon BMRS FUELHH
2025-02-21T22:30:00Z,Biomass,1326.000,Elexon BMRS FUELHH
2025-02-21T22:30:00Z,Coal,0.000,Elexon BMRS FUELHH
2025-02-21T22:30:00Z,Gas,2966.000,Elexon BMRS FUELHH
2025-02-21T22:30:00Z,Hydro,591.000,Elexon BMRS FUELHH
2025-02-21T22:30:00Z,Imports & Exports,3338.000,Elexon BMRS FUELHH
2025-02-21T22:30:00Z,Nuclear,4668.000,Elexon BMRS FUELHH
2025-02-21T22:30:00Z,Other,195.000,Elexon BMRS FUELHH
2025-02-21T22:30:00Z,Pumped Storage,-130.000,Elexon BMRS FUELHH
2025-02-21T22:30:00Z,Wind,14198.000,Elexon BMRS FUELHH
2025-02-21T23:00:00Z,Biomass,1328.000,Elexon BMRS FUELHH
2025-02-21T23:00:00Z,Coal,0.000,Elexon BMRS FUELHH
2025-02-21T23:00:00Z,Gas,3416.000,Elexon BMRS FUELHH
2025-02-21T23:00:00Z,Hydro,594.000,Elexon BMRS FUELHH
2025-02-21T23:00:00Z,Imports & Exports,1970.000,Elexon BMRS FUELHH
2025-02-21T23:00:00Z,Nuclear,4661.000,Elexon BMRS FUELHH
2025-02-21T23:00:00Z,Other,494.000,Elexon BMRS FUELHH
2025-02-21T23:00:00Z,Pumped Storage,-978.000,Elexon BMRS FUELHH
2025-02-21T23:00:00Z,Wind,14007.000,Elexon BMRS FUELHH
2025-02-21T23:30:00Z,Biomass,1329.000,Elexon BMRS FUELHH
2025-02-21T23:30:00Z,Coal,0.000,Elexon BMRS FUELHH
2025-02-21T23:30:00Z,Gas,3323.000,Elexon BMRS FUELHH
2025-02-21T23:30:00Z,Hydro,608.000,Elexon BMRS FUELHH
2025-02-21T23:30:00Z,Imports & Exports,1800.000,Elexon BMRS FUELHH
2025-02-21T23:30:00Z,Nuclear,4664.000,Elexon BMRS FUELHH
2025-02-21T23:30:00Z,Other,388.000,Elexon BMRS FUELHH
2025-02-21T23:30:00Z,Pumped Storage,-1472.000,Elexon BMRS FUELHH
2025-02-21T23:30:00Z,Wind,13944.000,Elexon BMRS FUELHH
2025-02-22T00:00:00Z,Biomass,1330.000,Elexon BMRS FUELHH
2025-02-22T00:00:00Z,Coal,0.000,Elexon BMRS FUELHH
2025-02-22T00:00:00Z,Gas,2968.000,Elexon BMRS FUELHH
2025-02-22T00:00:00Z,Hydro,603.000,Elexon BMRS FUELHH
2025-02-22T00:00:00Z,Imports & Exports,2632.000,Elexon BMRS FUELHH
2025-02-22T00:00:00Z,Nuclear,4659.000,Elexon BMRS FUELHH
2025-02-22T00:00:00Z,Other,231.000,Elexon BMRS FUELHH
2025-02-22T00:00:00Z,Pumped Storage,-1256.000,Elexon BMRS FUELHH
2025-02-22T00:00:00Z,Wind,13525.000,Elexon BMRS FUELHH
2025-02-22T00:30:00Z,Biomass,1334.000,Elexon BMRS FUELHH
2025-02-22T00:30:00Z,Coal,0.000,Elexon BMRS FUELHH
2025-02-22T00:30:00Z,Gas,3397.000,Elexon BMRS FUELHH
2025-02-22T00:30:00Z,Hydro,609.000,Elexon BMRS FUELHH
2025-02-22T00:30:00Z,Imports & Exports,2684.000,Elexon BMRS FUELHH
2025-02-22T00:30:00Z,Nuclear,4667.000,Elexon BMRS FUELHH
2025-02-22T00:30:00Z,Other,375.000,Elexon BMRS FUELHH
2025-02-22T00:30:00Z,Pumped Storage,-1084.000,Elexon BMRS FUELHH
2025-02-22T00:30:00Z,Wind,12967.000,Elexon BMRS FUELHH
2025-02-22T01:00:00Z,Biomass,1331.000,Elexon BMRS FUELHH
2025-02-22T01:00:00Z,Coal,0.000,Elexon BMRS FUELHH
2025-02-22T01:00:00Z,Gas,3674.000,Elexon BMRS FUELHH
2025-02-22T01:00:00Z,Hydro,611.000,Elexon BMRS FUELHH
2025-02-22T01:00:00Z,Imports & Exports,2146.000,Elexon BMRS FUELHH
2025-02-22T01:00:00Z,Nuclear,4669.000,Elexon BMRS FUELHH
2025-02-22T01:00:00Z,Other,414.000,Elexon BMRS FUELHH
2025-02-22T01:00:00Z,Pumped Storage,-970.000,Elexon BMRS FUELHH
2025-02-22T01:00:00Z,Wind,12691.000,Elexon BMRS FUELHH
2025-02-22T01:30:00Z,Biomass,1331.000,Elexon BMRS FUELHH
2025-02-22T01:30:00Z,Coal,0.000,Elexon BMRS FUELHH
2025-02-22T01:30:00Z,Gas,3651.000,Elexon BMRS FUELHH
2025-02-22T01:30:00Z,Hydro,600.000,Elexon BMRS FUELHH
2025-02-22T01:30:00Z,Imports & Exports,2076.000,Elexon BMRS FUELHH
2025-02-22T01:30:00Z,Nuclear,4669.000,Elexon BMRS FUELHH
2025-02-22T01:30:00Z,Other,498.000,Elexon BMRS FUELHH
2025-02-22T01:30:00Z,Pumped Storage,-936.000,Elexon BMRS FUELHH
2025-02-22T01:30:00Z,Wind,12470.000,Elexon BMRS FUELHH
2025-02-22T02:00:00Z,Biomass,1330.000,Elexon BMRS FUELHH
2025-02-22T02:00:00Z,Coal,0.000,Elexon BMRS FUELHH
2025-02-22T02:00:00Z,Gas,3640.000,Elexon BMRS FUELHH
2025-02-22T02:00:00Z,Hydro,595.000,Elexon BMRS FUELHH
2025-02-22T02:00:00Z,Imports & Exports,2072.000,Elexon BMRS FUELHH
2025-02-22T02:00:00Z,Nuclear,4669.000,Elexon BMRS FUELHH
2025-02-22T02:00:00Z,Other,398.000,Elexon BMRS FUELHH
2025-02-22T02:00:00Z,Pumped Storage,-940.000,Elexon BMRS FUELHH
2025-02-22T02:00:00Z,Wind,12219.000,Elexon BMRS FUELHH
2025-02-22T02:30:00Z,Biomass,1327.000,Elexon BMRS FUELHH
2025-02-22T02:30:00Z,Coal,0.000,Elexon BMRS FUELHH
2025-02-22T02:30:00Z,Gas,3579.000,Elexon BMRS FUELHH
2025-02-22T02:30:00Z,Hydro,596.000,Elexon BMRS FUELHH
2025-02-22T02:30:00Z,Imports & Exports,1984.000,Elexon BMRS FUELHH
2025-02-22T02:30:00Z,Nuclear,4670.000,Elexon BMRS FUELHH
2025-02-22T02:30:00Z,Other,334.000,Elexon BMRS FUELHH
2025-02-22T02:30:00Z,Pumped Storage,-1052.000,Elexon BMRS FUELHH
2025-02-22T02:30:00Z,Wind,11981.000,Elexon BMRS FUELHH
2025-02-22T03:00:00Z,Biomass,1330.000,Elexon BMRS FUELHH
2025-02-22T03:00:00Z,Coal,0.000,Elexon BMRS FUELHH
2025-02-22T03:00:00Z,Gas,3513.000,Elexon BMRS FUELHH
2025-02-22T03:00:00Z,Hydro,615.000,Elexon BMRS FUELHH
2025-02-22T03:00:00Z,Imports & Exports,2346.000,Elexon BMRS FUELHH
2025-02-22T03:00:00Z,Nuclear,4669.000,Elexon BMRS FUELHH
2025-02-22T03:00:00Z,Other,346.000,Elexon BMRS FUELHH
2025-02-22T03:00:00Z,Pumped Storage,-1026.000,Elexon BMRS FUELHH
2025-02-22T03:00:00Z,Wind,11159.000,Elexon BMRS FUELHH
2025-02-22T03:30:00Z,Biomass,1330.000,Elexon BMRS FUELHH
2025-02-22T03:30:00Z,Coal,0.000,Elexon BMRS FUELHH
2025-02-22T03:30:00Z,Gas,3523.000,Elexon BMRS FUELHH
2025-02-22T03:30:00Z,Hydro,612.000,Elexon BMRS FUELHH
2025-02-22T03:30:00Z,Imports & Exports,2296.000,Elexon BMRS FUELHH
2025-02-22T03:30:00Z,Nuclear,4667.000,Elexon BMRS FUELHH
2025-02-22T03:30:00Z,Other,347.000,Elexon BMRS FUELHH
2025-02-22T03:30:00Z,Pumped Storage,-916.000,Elexon BMRS FUELHH
2025-02-22T03:30:00Z,Wind,10279.000,Elexon BMRS FUELHH
2025-02-22T04:00:00Z,Biomass,1331.000,Elexon BMRS FUELHH
2025-02-22T04:00:00Z,Coal,0.000,Elexon BMRS FUELHH
2025-02-22T04:00:00Z,Gas,3450.000,Elexon BMRS FUELHH
2025-02-22T04:00:00Z,Hydro,611.000,Elexon BMRS FUELHH
2025-02-22T04:00:00Z,Imports & Exports,2186.000,Elexon BMRS FUELHH
2025-02-22T04:00:00Z,Nuclear,4673.000,Elexon BMRS FUELHH
2025-02-22T04:00:00Z,Other,368.000,Elexon BMRS FUELHH
2025-02-22T04:00:00Z,Pumped Storage,-920.000,Elexon BMRS FUELHH
2025-02-22T04:00:00Z,Wind,9756.000,Elexon BMRS FUELHH
2025-02-22T04:30:00Z,Biomass,1331.000,Elexon BMRS FUELHH
2025-02-22T04:30:00Z,Coal,0.000,Elexon BMRS FUELHH
2025-02-22T04:30:00Z,Gas,3758.000,Elexon BMRS FUELHH
2025-02-22T04:30:00Z,Hydro,610.000,Elexon BMRS FUELHH
2025-02-22T04:30:00Z,Imports & Exports,2230.000,Elexon BMRS FUELHH
2025-02-22T04:30:00Z,Nuclear,4670.000,Elexon BMRS FUELHH
2025-02-22T04:30:00Z,Other,346.000,Elexon BMRS FUELHH
2025-02-22T04:30:00Z,Pumped Storage,-1152.000,Elexon BMRS FUELHH
2025-02-22T04:30:00Z,Wind,9734.000,Elexon BMRS FUELHH
2025-02-22T05:00:00Z,Biomass,1337.000,Elexon BMRS FUELHH
2025-02-22T05:00:00Z,Coal,0.000,Elexon BMRS FUELHH
2025-02-22T05:00:00Z,Gas,3822.000,Elexon BMRS FUELHH
2025-02-22T05:00:00Z,Hydro,611.000,Elexon BMRS FUELHH
2025-02-22T05:00:00Z,Imports & Exports,2638.000,Elexon BMRS FUELHH
2025-02-22T05:00:00Z,Nuclear,4672.000,Elexon BMRS FUELHH
2025-02-22T05:00:00Z,Other,248.000,Elexon BMRS FUELHH
2025-02-22T05:00:00Z,Pumped Storage,-1122.000,Elexon BMRS FUELHH
2025-02-22T05:00:00Z,Wind,9614.000,Elexon BMRS FUELHH
2025-02-22T05:30:00Z,Biomass,1338.000,Elexon BMRS FUELHH
2025-02-22T05:30:00Z,Coal,0.000,Elexon BMRS FUELHH
2025-02-22T05:30:00Z,Gas,3913.000,Elexon BMRS FUELHH
2025-02-22T05:30:00Z,Hydro,621.000,Elexon BMRS FUELHH
2025-02-22T05:30:00Z,Imports & Exports,2750.000,Elexon BMRS FUELHH
2025-02-22T05:30:00Z,Nuclear,4676.000,Elexon BMRS FUELHH
2025-02-22T05:30:00Z,Other,234.000,Elexon BMRS FUELHH
2025-02-22T05:30:00Z,Pumped Storage,-1044.000,Elexon BMRS FUELHH
2025-02-22T05:30:00Z,Wind,9477.000,Elexon BMRS FUELHH
2025-02-22T06:00:00Z,Biomass,1337.000,Elexon BMRS FUELHH
2025-02-22T06:00:00Z,Coal,0.000,Elexon BMRS FUELHH
2025-02-22T06:00:00Z,Gas,3124.000,Elexon BMRS FUELHH
2025-02-22T06:00:00Z,Hydro,617.000,Elexon BMRS FUELHH
2025-02-22T06:00:00Z,Imports & Exports,5018.000,Elexon BMRS FUELHH
2025-02-22T06:00:00Z,Nuclear,4675.000,Elexon BMRS FUELHH
2025-02-22T06:00:00Z,Other,161.000,Elexon BMRS FUELHH
2025-02-22T06:00:00Z,Pumped Storage,-492.000,Elexon BMRS FUELHH
2025-02-22T06:00:00Z,Wind,9234.000,Elexon BMRS FUELHH
2025-02-22T06:30:00Z,Biomass,1338.000,Elexon BMRS FUELHH
2025-02-22T06:30:00Z,Coal,0.000,Elexon BMRS FUELHH
2025-02-22T06:30:00Z,Gas,3248.000,Elexon BMRS FUELHH
2025-02-22T06:30:00Z,Hydro,616.000,Elexon BMRS FUELHH
2025-02-22T06:30:00Z,Imports & Exports,5082.000,Elexon BMRS FUELHH
2025-02-22T06:30:00Z,Nuclear,4673.000,Elexon BMRS FUELHH
2025-02-22T06:30:00Z,Other,180.000,Elexon BMRS FUELHH
2025-02-22T06:30:00Z,Pumped Storage,50.000,Elexon BMRS FUELHH
2025-02-22T06:30:00Z,Wind,8931.000,Elexon BMRS FUELHH
2025-02-22T07:00:00Z,Biomass,1335.000,Elexon BMRS FUELHH
2025-02-22T07:00:00Z,Coal,0.000,Elexon BMRS FUELHH
2025-02-22T07:00:00Z,Gas,3572.000,Elexon BMRS FUELHH
2025-02-22T07:00:00Z,Hydro,648.000,Elexon BMRS FUELHH
2025-02-22T07:00:00Z,Imports & Exports,6934.000,Elexon BMRS FUELHH
2025-02-22T07:00:00Z,Nuclear,4677.000,Elexon BMRS FUELHH
2025-02-22T07:00:00Z,Other,280.000,Elexon BMRS FUELHH
2025-02-22T07:00:00Z,Pumped Storage,-18.000,Elexon BMRS FUELHH
2025-02-22T07:00:00Z,Wind,8169.000,Elexon BMRS FUELHH
2025-02-22T07:30:00Z,Biomass,1329.000,Elexon BMRS FUELHH
2025-02-22T07:30:00Z,Coal,0.000,Elexon BMRS FUELHH
2025-02-22T07:30:00Z,Gas,4090.000,Elexon BMRS FUELHH
2025-02-22T07:30:00Z,Hydro,640.000,Elexon BMRS FUELHH
2025-02-22T07:30:00Z,Imports & Exports,7162.000,Elexon BMRS FUELHH
2025-02-22T07:30:00Z,Nuclear,4678.000,Elexon BMRS FUELHH
2025-02-22T07:30:00Z,Other,243.000,Elexon BMRS FUELHH
2025-02-22T07:30:00Z,Pumped Storage,-18.000,Elexon BMRS FUELHH
2025-02-22T07:30:00Z,Wind,7956.000,Elexon BMRS FUELHH
2025-02-22T08:00:00Z,Biomass,1334.000,Elexon BMRS FUELHH
2025-02-22T08:00:00Z,Coal,0.000,Elexon BMRS FUELHH
2025-02-22T08:00:00Z,Gas,4177.000,Elexon BMRS FUELHH
2025-02-22T08:00:00Z,Hydro,755.000,Elexon BMRS FUELHH
2025-02-22T08:00:00Z,Imports & Exports,8034.000,Elexon BMRS FUELHH
2025-02-22T08:00:00Z,Nuclear,4675.000,Elexon BMRS FUELHH
2025-02-22T08:00:00Z,Other,232.000,Elexon BMRS FUELHH
2025-02-22T08:00:00Z,Pumped Storage,-18.000,Elexon BMRS FUELHH
2025-02-22T08:00:00Z,Wind,8177.000,Elexon BMRS FUELHH
2025-02-22T08:30:00Z,Biomass,1334.000,Elexon BMRS FUELHH
2025-02-22T08:30:00Z,Coal,0.000,Elexon BMRS FUELHH
2025-02-22T08:30:00Z,Gas,4037.000,Elexon BMRS FUELHH
2025-02-22T08:30:00Z,Hydro,746.000,Elexon BMRS FUELHH
2025-02-22T08:30:00Z,Imports & Exports,8016.000,Elexon BMRS FUELHH
2025-02-22T08:30:00Z,Nuclear,4674.000,Elexon BMRS FUELHH
2025-02-22T08:30:00Z,Other,433.000,Elexon BMRS FUELHH
2025-02-22T08:30:00Z,Pumped Storage,310.000,Elexon BMRS FUELHH
2025-02-22T08:30:00Z,Wind,8264.000,Elexon BMRS FUELHH
2025-02-22T09:00:00Z,Biomass,1338.000,Elexon BMRS FUELHH
2025-02-22T09:00:00Z,Coal,0.000,Elexon BMRS FUELHH
2025-02-22T09:00:00Z,Gas,4173.000,Elexon BMRS FUELHH
2025-02-22T09:00:00Z,Hydro,775.000,Elexon BMRS FUELHH
2025-02-22T09:00:00Z,Imports & Exports,7860.000,Elexon BMRS FUELHH
2025-02-22T09:00:00Z,Nuclear,4672.000,Elexon BMRS FUELHH
2025-02-22T09:00:00Z,Other,705.000,Elexon BMRS FUELHH
2025-02-22T09:00:00Z,Pumped Storage,822.000,Elexon BMRS FUELHH
2025-02-22T09:00:00Z,Wind,7817.000,Elexon BMRS FUELHH
2025-02-22T09:30:00Z,Biomass,1339.000,Elexon BMRS FUELHH
2025-02-22T09:30:00Z,Coal,0.000,Elexon BMRS FUELHH
2025-02-22T09:30:00Z,Gas,4320.000,Elexon BMRS FUELHH
2025-02-22T09:30:00Z,Hydro,786.000,Elexon BMRS FUELHH
2025-02-22T09:30:00Z,Imports & Exports,7776.000,Elexon BMRS FUELHH
2025-02-22T09:30:00Z,Nuclear,4676.000,Elexon BMRS FUELHH
2025-02-22T09:30:00Z,Other,753.000,Elexon BMRS FUELHH
2025-02-22T09:30:00Z,Pumped Storage,724.000,Elexon BMRS FUELHH
2025-02-22T09:30:00Z,Wind,7471.000,Elexon BMRS FUELHH
2025-02-22T10:00:00Z,Biomass,1337.000,Elexon BMRS FUELHH
2025-02-22T10:00:00Z,Coal,0.000,Elexon BMRS FUELHH
2025-02-22T10:00:00Z,Gas,4265.000,Elexon BMRS FUELHH
2025-02-22T10:00:00Z,Hydro,768.000,Elexon BMRS FUELHH
2025-02-22T10:00:00Z,Imports & Exports,7626.000,Elexon BMRS FUELHH
2025-02-22T10:00:00Z,Nuclear,4674.000,Elexon BMRS FUELHH
2025-02-22T10:00:00Z,Other,661.000,Elexon BMRS FUELHH
2025-02-22T10:00:00Z,Pumped Storage,680.000,Elexon BMRS FUELHH
2025-02-22T10:00:00Z,Wind,7493.000,Elexon BMRS FUELHH
2025-02-22T10:30:00Z,Biomass,1337.000,Elexon BMRS FUELHH
2025-02-22T10:30:00Z,Coal,0.000,Elexon BMRS FUELHH
2025-02-22T10:30:00Z,Gas,3893.000,Elexon BMRS FUELHH
2025-02-22T10:30:00Z,Hydro,777.000,Elexon BMRS FUELHH
2025-02-22T10:30:00Z,Imports & Exports,7616.000,Elexon BMRS FUELHH
2025-02-22T10:30:00Z,Nuclear,4675.000,Elexon BMRS FUELHH
2025-02-22T10:30:00Z,Other,582.000,Elexon BMRS FUELHH
2025-02-22T10:30:00Z,Pumped Storage,656.000,Elexon BMRS FUELHH
2025-02-22T10:30:00Z,Wind,7620.000,Elexon BMRS FUELHH
2025-02-22T11:00:00Z,Biomass,1335.000,Elexon BMRS FUELHH
2025-02-22T11:00:00Z,Coal,0.000,Elexon BMRS FUELHH
2025-02-22T11:00:00Z,Gas,4342.000,Elexon BMRS FUELHH
2025-02-22T11:00:00Z,Hydro,747.000,Elexon BMRS FUELHH
2025-02-22T11:00:00Z,Imports & Exports,7050.000,Elexon BMRS FUELHH
2025-02-22T11:00:00Z,Nuclear,4668.000,Elexon BMRS FUELHH
2025-02-22T11:00:00Z,Other,575.000,Elexon BMRS FUELHH
2025-02-22T11:00:00Z,Pumped Storage,384.000,Elexon BMRS FUELHH
2025-02-22T11:00:00Z,Wind,7366.000,Elexon BMRS FUELHH
2025-02-22T11:30:00Z,Biomass,1333.000,Elexon BMRS FUELHH
2025-02-22T11:30:00Z,Coal,0.000,Elexon BMRS FUELHH
2025-02-22T11:30:00Z,Gas,4445.000,Elexon BMRS FUELHH
2025-02-22T11:30:00Z,Hydro,737.000,Elexon BMRS FUELHH
2025-02-22T11:30:00Z,Imports & Exports,7148.000,Elexon BMRS FUELHH
2025-02-22T11:30:00Z,Nuclear,4675.000,Elexon BMRS FUELHH
2025-02-22T11:30:00Z,Other,304.000,Elexon BMRS FUELHH
2025-02-22T11:30:00Z,Pumped Storage,294.000,Elexon BMRS FUELHH
2025-02-22T11:30:00Z,Wind,7471.000,Elexon BMRS FUELHH
2025-02-22T12:00:00Z,Biomass,1336.000,Elexon BMRS FUELHH
2025-02-22T12:00:00Z,Coal,0.000,Elexon BMRS FUELHH
2025-02-22T12:00:00Z,Gas,4342.000,Elexon BMRS FUELHH
2025-02-22T12:00:00Z,Hydro,714.000,Elexon BMRS FUELHH
2025-02-22T12:00:00Z,Imports & Exports,6484.000,Elexon BMRS FUELHH
2025-02-22T12:00:00Z,Nuclear,4674.000,Elexon BMRS FUELHH
2025-02-22T12:00:00Z,Other,300.000,Elexon BMRS FUELHH
2025-02-22T12:00:00Z,Pumped Storage,306.000,Elexon BMRS FUELHH
2025-02-22T12:00:00Z,Wind,7455.000,Elexon BMRS FUELHH
2025-02-22T12:30:00Z,Biomass,1328.000,Elexon BMRS FUELHH
2025-02-22T12:30:00Z,Coal,0.000,Elexon BMRS FUELHH
2025-02-22T12:30:00Z,Gas,4292.000,Elexon BMRS FUELHH
2025-02-22T12:30:00Z,Hydro,723.000,Elexon BMRS FUELHH
2025-02-22T12:30:00Z,Imports & Exports,6424.000,Elexon BMRS FUELHH
2025-02-22T12:30:00Z,Nuclear,4679.000,Elexon BMRS FUELHH
2025-02-22T12:30:00Z,Other,263.000,Elexon BMRS FUELHH
2025-02-22T12:30:00Z,Pumped Storage,360.000,Elexon BMRS FUELHH
2025-02-22T12:30:00Z,Wind,7134.000,Elexon BMRS FUELHH
2025-02-22T13:00:00Z,Biomass,1326.000,Elexon BMRS FUELHH
2025-02-22T13:00:00Z,Coal,0.000,Elexon BMRS FUELHH
2025-02-22T13:00:00Z,Gas,4204.000,Elexon BMRS FUELHH
2025-02-22T13:00:00Z,Hydro,720.000,Elexon BMRS FUELHH
2025-02-22T13:00:00Z,Imports & Exports,6096.000,Elexon BMRS FUELHH
2025-02-22T13:00:00Z,Nuclear,4678.000,Elexon BMRS FUELHH
2025-02-22T13:00:00Z,Other,254.000,Elexon BMRS FUELHH
2025-02-22T13:00:00Z,Pumped Storage,260.000,Elexon BMRS FUELHH
2025-02-22T13:00:00Z,Wind,7236.000,Elexon BMRS FUELHH
2025-02-22T13:30:00Z,Biomass,1322.000,Elexon BMRS FUELHH
2025-02-22T13:30:00Z,Coal,0.000,Elexon BMRS FUELHH
2025-02-22T13:30:00Z,Gas,3826.000,Elexon BMRS FUELHH
2025-02-22T13:30:00Z,Hydro,740.000,Elexon BMRS FUELHH
2025-02-22T13:30:00Z,Imports & Exports,6092.000,Elexon BMRS FUELHH
2025-02-22T13:30:00Z,Nuclear,4678.000,Elexon BMRS FUELHH
2025-02-22T13:30:00Z,Other,264.000,Elexon BMRS FUELHH
2025-02-22T13:30:00Z,Pumped Storage,340.000,Elexon BMRS FUELHH
2025-02-22T13:30:00Z,Wind,7473.000,Elexon BMRS FUELHH
2025-02-22T14:00:00Z,Biomass,1309.000,Elexon BMRS FUELHH
2025-02-22T14:00:00Z,Coal,0.000,Elexon BMRS FUELHH
2025-02-22T14:00:00Z,Gas,4143.000,Elexon BMRS FUELHH
2025-02-22T14:00:00Z,Hydro,740.000,Elexon BMRS FUELHH
2025-02-22T14:00:00Z,Imports & Exports,4664.000,Elexon BMRS FUELHH
2025-02-22T14:00:00Z,Nuclear,4672.000,Elexon BMRS FUELHH
2025-02-22T14:00:00Z,Other,284.000,Elexon BMRS FUELHH
2025-02-22T14:00:00Z,Pumped Storage,268.000,Elexon BMRS FUELHH
2025-02-22T14:00:00Z,Wind,7982.000,Elexon BMRS FUELHH
2025-02-22T14:30:00Z,Biomass,1329.000,Elexon BMRS FUELHH
2025-02-22T14:30:00Z,Coal,0.000,Elexon BMRS FUELHH
2025-02-22T14:30:00Z,Gas,4042.000,Elexon BMRS FUELHH
2025-02-22T14:30:00Z,Hydro,764.000,Elexon BMRS FUELHH
2025-02-22T14:30:00Z,Imports & Exports,4640.000,Elexon BMRS FUELHH
2025-02-22T14:30:00Z,Nuclear,4672.000,Elexon BMRS FUELHH
2025-02-22T14:30:00Z,Other,247.000,Elexon BMRS FUELHH
2025-02-22T14:30:00Z,Pumped Storage,216.000,Elexon BMRS FUELHH
2025-02-22T14:30:00Z,Wind,8387.000,Elexon BMRS FUELHH
2025-02-22T15:00:00Z,Biomass,1327.000,Elexon BMRS FUELHH
2025-02-22T15:00:00Z,Coal,0.000,Elexon BMRS FUELHH
2025-02-22T15:00:00Z,Gas,3667.000,Elexon BMRS FUELHH
2025-02-22T15:00:00Z,Hydro,764.000,Elexon BMRS FUELHH
2025-02-22T15:00:00Z,Imports & Exports,5766.000,Elexon BMRS FUELHH
2025-02-22T15:00:00Z,Nuclear,4678.000,Elexon BMRS FUELHH
2025-02-22T15:00:00Z,Other,253.000,Elexon BMRS FUELHH
2025-02-22T15:00:00Z,Pumped Storage,376.000,Elexon BMRS FUELHH
2025-02-22T15:00:00Z,Wind,8752.000,Elexon BMRS FUELHH
2025-02-22T15:30:00Z,Biomass,1332.000,Elexon BMRS FUELHH
2025-02-22T15:30:00Z,Coal,0.000,Elexon BMRS FUELHH
2025-02-22T15:30:00Z,Gas,4210.000,Elexon BMRS FUELHH
2025-02-22T15:30:00Z,Hydro,762.000,Elexon BMRS FUELHH
2025-02-22T15:30:00Z,Imports & Exports,5854.000,Elexon BMRS FUELHH
2025-02-22T15:30:00Z,Nuclear,4676.000,Elexon BMRS FUELHH
2025-02-22T15:30:00Z,Other,224.000,Elexon BMRS FUELHH
2025-02-22T15:30:00Z,Pumped Storage,516.000,Elexon BMRS FUELHH
2025-02-22T15:30:00Z,Wind,8662.000,Elexon BMRS FUELHH
2025-02-22T16:00:00Z,Biomass,1339.000,Elexon BMRS FUELHH
2025-02-22T16:00:00Z,Coal,0.000,Elexon BMRS FUELHH
2025-02-22T16:00:00Z,Gas,5585.000,Elexon BMRS FUELHH
2025-02-22T16:00:00Z,Hydro,802.000,Elexon BMRS FUELHH
2025-02-22T16:00:00Z,Imports & Exports,5468.000,Elexon BMRS FUELHH
2025-02-22T16:00:00Z,Nuclear,4672.000,Elexon BMRS FUELHH
2025-02-22T16:00:00Z,Other,308.000,Elexon BMRS FUELHH
2025-02-22T16:00:00Z,Pumped Storage,798.000,Elexon BMRS FUELHH
2025-02-22T16:00:00Z,Wind,8215.000,Elexon BMRS FUELHH
2025-02-22T16:30:00Z,Biomass,1338.000,Elexon BMRS FUELHH
2025-02-22T16:30:00Z,Coal,0.000,Elexon BMRS FUELHH
2025-02-22T16:30:00Z,Gas,7014.000,Elexon BMRS FUELHH
2025-02-22T16:30:00Z,Hydro,814.000,Elexon BMRS FUELHH
2025-02-22T16:30:00Z,Imports & Exports,5106.000,Elexon BMRS FUELHH
2025-02-22T16:30:00Z,Nuclear,4672.000,Elexon BMRS FUELHH
2025-02-22T16:30:00Z,Other,515.000,Elexon BMRS FUELHH
2025-02-22T16:30:00Z,Pumped Storage,1458.000,Elexon BMRS FUELHH
2025-02-22T16:30:00Z,Wind,8513.000,Elexon BMRS FUELHH
2025-02-22T17:00:00Z,Biomass,1338.000,Elexon BMRS FUELHH
2025-02-22T17:00:00Z,Coal,0.000,Elexon BMRS FUELHH
2025-02-22T17:00:00Z,Gas,8185.000,Elexon BMRS FUELHH
2025-02-22T17:00:00Z,Hydro,826.000,Elexon BMRS FUELHH
2025-02-22T17:00:00Z,Imports & Exports,5380.000,Elexon BMRS FUELHH
2025-02-22T17:00:00Z,Nuclear,4680.000,Elexon BMRS FUELHH
2025-02-22T17:00:00Z,Other,649.000,Elexon BMRS FUELHH
2025-02-22T17:00:00Z,Pumped Storage,1736.000,Elexon BMRS FUELHH
2025-02-22T17:00:00Z,Wind,8942.000,Elexon BMRS FUELHH
2025-02-22T17:30:00Z,Biomass,1340.000,Elexon BMRS FUELHH
2025-02-22T17:30:00Z,Coal,0.000,Elexon BMRS FUELHH
2025-02-22T17:30:00Z,Gas,8927.000,Elexon BMRS FUELHH
2025-02-22T17:30:00Z,Hydro,909.000,Elexon BMRS FUELHH
2025-02-22T17:30:00Z,Imports & Exports,5256.000,Elexon BMRS FUELHH
2025-02-22T17:30:00Z,Nuclear,4678.000,Elexon BMRS FUELHH
2025-02-22T17:30:00Z,Other,1019.000,Elexon BMRS FUELHH
2025-02-22T17:30:00Z,Pumped Storage,2200.000,Elexon BMRS FUELHH
2025-02-22T17:30:00Z,Wind,8906.000,Elexon BMRS FUELHH
2025-02-22T18:00:00Z,Biomass,1334.000,Elexon BMRS FUELHH
2025-02-22T18:00:00Z,Coal,0.000,Elexon BMRS FUELHH
2025-02-22T18:00:00Z,Gas,9048.000,Elexon BMRS FUELHH
2025-02-22T18:00:00Z,Hydro,951.000,Elexon BMRS FUELHH
2025-02-22T18:00:00Z,Imports & Exports,6092.000,Elexon BMRS FUELHH
2025-02-22T18:00:00Z,Nuclear,4684.000,Elexon BMRS FUELHH
2025-02-22T18:00:00Z,Other,1530.000,Elexon BMRS FUELHH
2025-02-22T18:00:00Z,Pumped Storage,2208.000,Elexon BMRS FUELHH
2025-02-22T18:00:00Z,Wind,8919.000,Elexon BMRS FUELHH
2025-02-22T18:30:00Z,Biomass,1333.000,Elexon BMRS FUELHH
2025-02-22T18:30:00Z,Coal,0.000,Elexon BMRS FUELHH
2025-02-22T18:30:00Z,Gas,8919.000,Elexon BMRS FUELHH
2025-02-22T18:30:00Z,Hydro,948.000,Elexon BMRS FUELHH
2025-02-22T18:30:00Z,Imports & Exports,6280.000,Elexon BMRS FUELHH
2025-02-22T18:30:00Z,Nuclear,4682.000,Elexon BMRS FUELHH
2025-02-22T18:30:00Z,Other,1176.000,Elexon BMRS FUELHH
2025-02-22T18:30:00Z,Pumped Storage,1928.000,Elexon BMRS FUELHH
2025-02-22T18:30:00Z,Wind,9112.000,Elexon BMRS FUELHH
2025-02-22T19:00:00Z,Biomass,1339.000,Elexon BMRS FUELHH
2025-02-22T19:00:00Z,Coal,0.000,Elexon BMRS FUELHH
2025-02-22T19:00:00Z,Gas,7853.000,Elexon BMRS FUELHH
2025-02-22T19:00:00Z,Hydro,798.000,Elexon BMRS FUELHH
2025-02-22T19:00:00Z,Imports & Exports,6746.000,Elexon BMRS FUELHH
2025-02-22T19:00:00Z,Nuclear,4678.000,Elexon BMRS FUELHH
2025-02-22T19:00:00Z,Other,761.000,Elexon BMRS FUELHH
2025-02-22T19:00:00Z,Pumped Storage,2030.000,Elexon BMRS FUELHH
2025-02-22T19:00:00Z,Wind,9313.000,Elexon BMRS FUELHH
2025-02-22T19:30:00Z,Biomass,1341.000,Elexon BMRS FUELHH
2025-02-22T19:30:00Z,Coal,0.000,Elexon BMRS FUELHH
2025-02-22T19:30:00Z,Gas,7408.000,Elexon BMRS FUELHH
2025-02-22T19:30:00Z,Hydro,754.000,Elexon BMRS FUELHH
2025-02-22T19:30:00Z,Imports & Exports,6988.000,Elexon BMRS FUELHH
2025-02-22T19:30:00Z,Nuclear,4678.000,Elexon BMRS FUELHH
2025-02-22T19:30:00Z,Other,510.000,Elexon BMRS FUELHH
2025-02-22T19:30:00Z,Pumped Storage,1598.000,Elexon BMRS FUELHH
2025-02-22T19:30:00Z,Wind,9655.000,Elexon BMRS FUELHH
2025-02-22T20:00:00Z,Biomass,1341.000,Elexon BMRS FUELHH
2025-02-22T20:00:00Z,Coal,0.000,Elexon BMRS FUELHH
2025-02-22T20:00:00Z,Gas,7106.000,Elexon BMRS FUELHH
2025-02-22T20:00:00Z,Hydro,738.000,Elexon BMRS FUELHH
2025-02-22T20:00:00Z,Imports & Exports,7286.000,Elexon BMRS FUELHH
2025-02-22T20:00:00Z,Nuclear,4676.000,Elexon BMRS FUELHH
2025-02-22T20:00:00Z,Other,458.000,Elexon BMRS FUELHH
2025-02-22T20:00:00Z,Pumped Storage,960.000,Elexon BMRS FUELHH
2025-02-22T20:00:00Z,Wind,9494.000,Elexon BMRS FUELHH
2025-02-22T20:30:00Z,Biomass,1341.000,Elexon BMRS FUELHH
2025-02-22T20:30:00Z,Coal,0.000,Elexon BMRS FUELHH
2025-02-22T20:30:00Z,Gas,6379.000,Elexon BMRS FUELHH
2025-02-22T20:30:00Z,Hydro,732.000,Elexon BMRS FUELHH
2025-02-22T20:30:00Z,Imports & Exports,7408.000,Elexon BMRS FUELHH
2025-02-22T20:30:00Z,Nuclear,4678.000,Elexon BMRS FUELHH
2025-02-22T20:30:00Z,Other,428.000,Elexon BMRS FUELHH
2025-02-22T20:30:00Z,Pumped Storage,948.000,Elexon BMRS FUELHH
2025-02-22T20:30:00Z,Wind,9207.000,Elexon BMRS FUELHH
2025-02-22T21:00:00Z,Biomass,1335.000,Elexon BMRS FUELHH
2025-02-22T21:00:00Z,Coal,0.000,Elexon BMRS FUELHH
2025-02-22T21:00:00Z,Gas,5377.000,Elexon BMRS FUELHH
2025-02-22T21:00:00Z,Hydro,733.000,Elexon BMRS FUELHH
2025-02-22T21:00:00Z,Imports & Exports,7142.000,Elexon BMRS FUELHH
2025-02-22T21:00:00Z,Nuclear,4680.000,Elexon BMRS FUELHH
2025-02-22T21:00:00Z,Other,509.000,Elexon BMRS FUELHH
2025-02-22T21:00:00Z,Pumped Storage,544.000,Elexon BMRS FUELHH
2025-02-22T21:00:00Z,Wind,8986.000,Elexon BMRS FUELHH
2025-02-22T21:30:00Z,Biomass,1341.000,Elexon BMRS FUELHH
2025-02-22T21:30:00Z,Coal,0.000,Elexon BMRS FUELHH
2025-02-22T21:30:00Z,Gas,4477.000,Elexon BMRS FUELHH
2025-02-22T21:30:00Z,Hydro,733.000,Elexon BMRS FUELHH
2025-02-22T21:30:00Z,Imports & Exports,7214.000,Elexon BMRS FUELHH
2025-02-22T21:30:00Z,Nuclear,4677.000,Elexon BMRS FUELHH
2025-02-22T21:30:00Z,Other,370.000,Elexon BMRS FUELHH
2025-02-22T21:30:00Z,Pumped Storage,576.000,Elexon BMRS FUELHH
2025-02-22T21:30:00Z,Wind,8876.000,Elexon BMRS FUELHH
2025-02-22T22:00:00Z,Biomass,1340.000,Elexon BMRS FUELHH
2025-02-22T22:00:00Z,Coal,0.000,Elexon BMRS FUELHH
2025-02-22T22:00:00Z,Gas,3916.000,Elexon BMRS FUELHH
2025-02-22T22:00:00Z,Hydro,727.000,Elexon BMRS FUELHH
2025-02-22T22:00:00Z,Imports & Exports,6322.000,Elexon BMRS FUELHH
2025-02-22T22:00:00Z,Nuclear,4676.000,Elexon BMRS FUELHH
2025-02-22T22:00:00Z,Other,578.000,Elexon BMRS FUELHH
2025-02-22T22:00:00Z,Pumped Storage,574.000,Elexon BMRS FUELHH
2025-02-22T22:00:00Z,Wind,8624.000,Elexon BMRS FUELHH
2025-02-22T22:30:00Z,Biomass,1337.000,Elexon BMRS FUELHH
2025-02-22T22:30:00Z,Coal,0.000,Elexon BMRS FUELHH
2025-02-22T22:30:00Z,Gas,3227.000,Elexon BMRS FUELHH
2025-02-22T22:30:00Z,Hydro,725.000,Elexon BMRS FUELHH
2025-02-22T22:30:00Z,Imports & Exports,6634.000,Elexon BMRS FUELHH
2025-02-22T22:30:00Z,Nuclear,4677.000,Elexon BMRS FUELHH
2025-02-22T22:30:00Z,Other,322.000,Elexon BMRS FUELHH
2025-02-22T22:30:00Z,Pumped Storage,512.000,Elexon BMRS FUELHH
2025-02-22T22:30:00Z,Wind,8588.000,Elexon BMRS FUELHH
2025-02-22T23:00:00Z,Biomass,1334.000,Elexon BMRS FUELHH
2025-02-22T23:00:00Z,Coal,0.000,Elexon BMRS FUELHH
2025-02-22T23:00:00Z,Gas,2992.000,Elexon BMRS FUELHH
2025-02-22T23:00:00Z,Hydro,719.000,Elexon BMRS FUELHH
2025-02-22T23:00:00Z,Imports & Exports,4808.000,Elexon BMRS FUELHH
2025-02-22T23:00:00Z,Nuclear,4678.000,Elexon BMRS FUELHH
2025-02-22T23:00:00Z,Other,746.000,Elexon BMRS FUELHH
2025-02-22T23:00:00Z,Pumped Storage,516.000,Elexon BMRS FUELHH
2025-02-22T23:00:00Z,Wind,8827.000,Elexon BMRS FUELHH
2025-02-22T23:30:00Z,Biomass,1334.000,Elexon BMRS FUELHH
2025-02-22T23:30:00Z,Coal,0.000,Elexon BMRS FUELHH
2025-02-22T23:30:00Z,Gas,2860.000,Elexon BMRS FUELHH
2025-02-22T23:30:00Z,Hydro,709.000,Elexon BMRS FUELHH
2025-02-22T23:30:00Z,Imports & Exports,4632.000,Elexon BMRS FUELHH
2025-02-22T23:30:00Z,Nuclear,4679.000,Elexon BMRS FUELHH
2025-02-22T23:30:00Z,Other,431.000,Elexon BMRS FUELHH
2025-02-22T23:30:00Z,Pumped Storage,62.000,Elexon BMRS FUELHH
2025-02-22T23:30:00Z,Wind,9564.000,Elexon BMRS FUELHH
2025-02-23T00:00:00Z,Biomass,1336.000,Elexon BMRS FUELHH
2025-02-23T00:00:00Z,Coal,0.000,Elexon BMRS FUELHH
2025-02-23T00:00:00Z,Gas,2760.000,Elexon BMRS FUELHH
2025-02-23T00:00:00Z,Hydro,708.000,Elexon BMRS FUELHH
2025-02-23T00:00:00Z,Imports & Exports,4108.000,Elexon BMRS FUELHH
2025-02-23T00:00:00Z,Nuclear,4675.000,Elexon BMRS FUELHH
2025-02-23T00:00:00Z,Other,510.000,Elexon BMRS FUELHH
2025-02-23T00:00:00Z,Pumped Storage,112.000,Elexon BMRS FUELHH
2025-02-23T00:00:00Z,Wind,9832.000,Elexon BMRS FUELHH
2025-02-23T00:30:00Z,Biomass,1328.000,Elexon BMRS FUELHH
2025-02-23T00:30:00Z,Coal,0.000,Elexon BMRS FUELHH
2025-02-23T00:30:00Z,Gas,3072.000,Elexon BMRS FUELHH
2025-02-23T00:30:00Z,Hydro,707.000,Elexon BMRS FUELHH
2025-02-23T00:30:00Z,Imports & Exports,4230.000,Elexon BMRS FUELHH
2025-02-23T00:30:00Z,Nuclear,4676.000,Elexon BMRS FUELHH
2025-02-23T00:30:00Z,Other,680.000,Elexon BMRS FUELHH
2025-02-23T00:30:00Z,Pumped Storage,120.000,Elexon BMRS FUELHH
2025-02-23T00:30:00Z,Wind,9388.000,Elexon BMRS FUELHH
2025-02-23T01:00:00Z,Biomass,1327.000,Elexon BMRS FUELHH
2025-02-23T01:00:00Z,Coal,0.000,Elexon BMRS FUELHH
2025-02-23T01:00:00Z,Gas,3865.000,Elexon BMRS FUELHH
2025-02-23T01:00:00Z,Hydro,701.000,Elexon BMRS FUELHH
2025-02-23T01:00:00Z,Imports & Exports,2410.000,Elexon BMRS FUELHH
2025-02-23T01:00:00Z,Nuclear,4663.000,Elexon BMRS FUELHH
2025-02-23T01:00:00Z,Other,788.000,Elexon BMRS FUELHH
2025-02-23T01:00:00Z,Pumped Storage,254.000,Elexon BMRS FUELHH
2025-02-23T01:00:00Z,Wind,9171.000,Elexon BMRS FUELHH
2025-02-23T01:30:00Z,Biomass,1332.000,Elexon BMRS FUELHH
2025-02-23T01:30:00Z,Coal,0.000,Elexon BMRS FUELHH
2025-02-23T01:30:00Z,Gas,4333.000,Elexon BMRS FUELHH
2025-02-23T01:30:00Z,Hydro,699.000,Elexon BMRS FUELHH
2025-02-23T01:30:00Z,Imports & Exports,2230.000,Elexon BMRS FUELHH
2025-02-23T01:30:00Z,Nuclear,4669.000,Elexon BMRS FUELHH
2025-02-23T01:30:00Z,Other,915.000,Elexon BMRS FUELHH
2025-02-23T01:30:00Z,Pumped Storage,-60.000,Elexon BMRS FUELHH
2025-02-23T01:30:00Z,Wind,9054.000,Elexon BMRS FUELHH
2025-02-23T02:00:00Z,Biomass,1322.000,Elexon BMRS FUELHH
2025-02-23T02:00:00Z,Coal,0.000,Elexon BMRS FUELHH
2025-02-23T02:00:00Z,Gas,4713.000,Elexon BMRS FUELHH
2025-02-23T02:00:00Z,Hydro,699.000,Elexon BMRS FUELHH
2025-02-23T02:00:00Z,Imports & Exports,146.000,Elexon BMRS FUELHH
2025-02-23T02:00:00Z,Nuclear,4677.000,Elexon BMRS FUELHH
2025-02-23T02:00:00Z,Other,1227.000,Elexon BMRS FUELHH
2025-02-23T02:00:00Z,Pumped Storage,-74.000,Elexon BMRS FUELHH
2025-02-23T02:00:00Z,Wind,9201.000,Elexon BMRS FUELHH
2025-02-23T02:30:00Z,Biomass,1320.000,Elexon BMRS FUELHH
2025-02-23T02:30:00Z,Coal,0.000,Elexon BMRS FUELHH
2025-02-23T02:30:00Z,Gas,4814.000,Elexon BMRS FUELHH
2025-02-23T02:30:00Z,Hydro,694.000,Elexon BMRS FUELHH
2025-02-23T02:30:00Z,Imports & Exports,-36.000,Elexon BMRS FUELHH
2025-02-23T02:30:00Z,Nuclear,4676.000,Elexon BMRS FUELHH
2025-02-23T02:30:00Z,Other,1237.000,Elexon BMRS FUELHH
2025-02-23T02:30:00Z,Pumped Storage,-434.000,Elexon BMRS FUELHH
2025-02-23T02:30:00Z,Wind,9403.000,Elexon BMRS FUELHH
2025-02-23T03:00:00Z,Biomass,1325.000,Elexon BMRS FUELHH
2025-02-23T03:00:00Z,Coal,0.000,Elexon BMRS FUELHH
2025-02-23T03:00:00Z,Gas,4890.000,Elexon BMRS FUELHH
2025-02-23T03:00:00Z,Hydro,697.000,Elexon BMRS FUELHH
2025-02-23T03:00:00Z,Imports & Exports,-430.000,Elexon BMRS FUELHH
2025-02-23T03:00:00Z,Nuclear,4674.000,Elexon BMRS FUELHH
2025-02-23T03:00:00Z,Other,1030.000,Elexon BMRS FUELHH
2025-02-23T03:00:00Z,Pumped Storage,-1124.000,Elexon BMRS FUELHH
2025-02-23T03:00:00Z,Wind,9772.000,Elexon BMRS FUELHH
2025-02-23T03:30:00Z,Biomass,1324.000,Elexon BMRS FUELHH
2025-02-23T03:30:00Z,Coal,0.000,Elexon BMRS FUELHH
2025-02-23T03:30:00Z,Gas,5268.000,Elexon BMRS FUELHH
2025-02-23T03:30:00Z,Hydro,697.000,Elexon BMRS FUELHH
2025-02-23T03:30:00Z,Imports & Exports,-574.000,Elexon BMRS FUELHH
2025-02-23T03:30:00Z,Nuclear,4676.000,Elexon BMRS FUELHH
2025-02-23T03:30:00Z,Other,939.000,Elexon BMRS FUELHH
2025-02-23T03:30:00Z,Pumped Storage,-1720.000,Elexon BMRS FUELHH
2025-02-23T03:30:00Z,Wind,10201.000,Elexon BMRS FUELHH
2025-02-23T04:00:00Z,Biomass,1323.000,Elexon BMRS FUELHH
2025-02-23T04:00:00Z,Coal,0.000,Elexon BMRS FUELHH
2025-02-23T04:00:00Z,Gas,5374.000,Elexon BMRS FUELHH
2025-02-23T04:00:00Z,Hydro,697.000,Elexon BMRS FUELHH
2025-02-23T04:00:00Z,Imports & Exports,-1604.000,Elexon BMRS FUELHH
2025-02-23T04:00:00Z,Nuclear,4677.000,Elexon BMRS FUELHH
2025-02-23T04:00:00Z,Other,535.000,Elexon BMRS FUELHH
2025-02-23T04:00:00Z,Pumped Storage,-1764.000,Elexon BMRS FUELHH
2025-02-23T04:00:00Z,Wind,10654.000,Elexon BMRS FUELHH
2025-02-23T04:30:00Z,Biomass,1328.000,Elexon BMRS FUELHH
2025-02-23T04:30:00Z,Coal,0.000,Elexon BMRS FUELHH
2025-02-23T04:30:00Z,Gas,4871.000,Elexon BMRS FUELHH
2025-02-23T04:30:00Z,Hydro,696.000,Elexon BMRS FUELHH
2025-02-23T04:30:00Z,Imports & Exports,-1668.000,Elexon BMRS FUELHH
2025-02-23T04:30:00Z,Nuclear,4678.000,Elexon BMRS FUELHH
2025-02-23T04:30:00Z,Other,427.000,Elexon BMRS FUELHH
2025-02-23T04:30:00Z,Pumped Storage,-1610.000,Elexon BMRS FUELHH
2025-02-23T04:30:00Z,Wind,10788.000,Elexon BMRS FUELHH
2025-02-23T05:00:00Z,Biomass,1325.000,Elexon BMRS FUELHH
2025-02-23T05:00:00Z,Coal,0.000,Elexon BMRS FUELHH
2025-02-23T05:00:00Z,Gas,5136.000,Elexon BMRS FUELHH
2025-02-23T05:00:00Z,Hydro,697.000,Elexon BMRS FUELHH
2025-02-23T05:00:00Z,Imports & Exports,-1998.000,Elexon BMRS FUELHH
2025-02-23T05:00:00Z,Nuclear,4685.000,Elexon BMRS FUELHH
2025-02-23T05:00:00Z,Other,349.000,Elexon BMRS FUELHH
2025-02-23T05:00:00Z,Pumped Storage,-1712.000,Elexon BMRS FUELHH
2025-02-23T05:00:00Z,Wind,10895.000,Elexon BMRS FUELHH
2025-02-23T05:30:00Z,Biomass,1325.000,Elexon BMRS FUELHH
2025-02-23T05:30:00Z,Coal,0.000,Elexon BMRS FUELHH
2025-02-23T05:30:00Z,Gas,5208.000,Elexon BMRS FUELHH
2025-02-23T05:30:00Z,Hydro,696.000,Elexon BMRS FUELHH
2025-02-23T05:30:00Z,Imports & Exports,-2006.000,Elexon BMRS FUELHH
2025-02-23T05:30:00Z,Nuclear,4690.000,Elexon BMRS FUELHH
2025-02-23T05:30:00Z,Other,398.000,Elexon BMRS FUELHH
2025-02-23T05:30:00Z,Pumped Storage,-1862.000,Elexon BMRS FUELHH
2025-02-23T05:30:00Z,Wind,11303.000,Elexon BMRS FUELHH
2025-02-23T06:00:00Z,Biomass,1325.000,Elexon BMRS FUELHH
2025-02-23T06:00:00Z,Coal,0.000,Elexon BMRS FUELHH
2025-02-23T06:00:00Z,Gas,5174.000,Elexon BMRS FUELHH
2025-02-23T06:00:00Z,Hydro,697.000,Elexon BMRS FUELHH
2025-02-23T06:00:00Z,Imports & Exports,-1992.000,Elexon BMRS FUELHH
2025-02-23T06:00:00Z,Nuclear,4691.000,Elexon BMRS FUELHH
2025-02-23T06:00:00Z,Other,335.000,Elexon BMRS FUELHH
2025-02-23T06:00:00Z,Pumped Storage,-1852.000,Elexon BMRS FUELHH
2025-02-23T06:00:00Z,Wind,11758.000,Elexon BMRS FUELHH
2025-02-23T06:30:00Z,Biomass,1326.000,Elexon BMRS FUELHH
2025-02-23T06:30:00Z,Coal,0.000,Elexon BMRS FUELHH
2025-02-23T06:30:00Z,Gas,5135.000,Elexon BMRS FUELHH
2025-02-23T06:30:00Z,Hydro,717.000,Elexon BMRS FUELHH
2025-02-23T06:30:00Z,Imports & Exports,-2008.000,Elexon BMRS FUELHH
2025-02-23T06:30:00Z,Nuclear,4685.000,Elexon BMRS FUELHH
2025-02-23T06:30:00Z,Other,384.000,Elexon BMRS FUELHH
2025-02-23T06:30:00Z,Pumped Storage,-1700.000,Elexon BMRS FUELHH
2025-02-23T06:30:00Z,Wind,11949.000,Elexon BMRS FUELHH
2025-02-23T07:00:00Z,Biomass,1324.000,Elexon BMRS FUELHH
2025-02-23T07:00:00Z,Coal,0.000,Elexon BMRS FUELHH
2025-02-23T07:00:00Z,Gas,4822.000,Elexon BMRS FUELHH
2025-02-23T07:00:00Z,Hydro,759.000,Elexon BMRS FUELHH
2025-02-23T07:00:00Z,Imports & Exports,-2070.000,Elexon BMRS FUELHH
2025-02-23T07:00:00Z,Nuclear,4691.000,Elexon BMRS FUELHH
2025-02-23T07:00:00Z,Other,310.000,Elexon BMRS FUELHH
2025-02-23T07:00:00Z,Pumped Storage,-866.000,Elexon BMRS FUELHH
2025-02-23T07:00:00Z,Wind,12240.000,Elexon BMRS FUELHH
2025-02-23T07:30:00Z,Biomass,1322.000,Elexon BMRS FUELHH
2025-02-23T07:30:00Z,Coal,0.000,Elexon BMRS FUELHH
2025-02-23T07:30:00Z,Gas,4249.000,Elexon BMRS FUELHH
2025-02-23T07:30:00Z,Hydro,772.000,Elexon BMRS FUELHH
2025-02-23T07:30:00Z,Imports & Exports,-2038.000,Elexon BMRS FUELHH
2025-02-23T07:30:00Z,Nuclear,4690.000,Elexon BMRS FUELHH
2025-02-23T07:30:00Z,Other,387.000,Elexon BMRS FUELHH
2025-02-23T07:30:00Z,Pumped Storage,-400.000,Elexon BMRS FUELHH
2025-02-23T07:30:00Z,Wind,12824.000,Elexon BMRS FUELHH
2025-02-23T08:00:00Z,Biomass,1330.000,Elexon BMRS FUELHH
2025-02-23T08:00:00Z,Coal,0.000,Elexon BMRS FUELHH
2025-02-23T08:00:00Z,Gas,4253.000,Elexon BMRS FUELHH
2025-02-23T08:00:00Z,Hydro,735.000,Elexon BMRS FUELHH
2025-02-23T08:00:00Z,Imports & Exports,-1304.000,Elexon BMRS FUELHH
2025-02-23T08:00:00Z,Nuclear,4691.000,Elexon BMRS FUELHH
2025-02-23T08:00:00Z,Other,617.000,Elexon BMRS FUELHH
2025-02-23T08:00:00Z,Pumped Storage,-276.000,Elexon BMRS FUELHH
2025-02-23T08:00:00Z,Wind,13031.000,Elexon BMRS FUELHH
2025-02-23T08:30:00Z,Biomass,1328.000,Elexon BMRS FUELHH
2025-02-23T08:30:00Z,Coal,0.000,Elexon BMRS FUELHH
2025-02-23T08:30:00Z,Gas,4463.000,Elexon BMRS FUELHH
2025-02-23T08:30:00Z,Hydro,736.000,Elexon BMRS FUELHH
2025-02-23T08:30:00Z,Imports & Exports,-1232.000,Elexon BMRS FUELHH
2025-02-23T08:30:00Z,Nuclear,4689.000,Elexon BMRS FUELHH
2025-02-23T08:30:00Z,Other,595.000,Elexon BMRS FUELHH
2025-02-23T08:30:00Z,Pumped Storage,-266.000,Elexon BMRS FUELHH
2025-02-23T08:30:00Z,Wind,13640.000,Elexon BMRS FUELHH
2025-02-23T09:00:00Z,Biomass,1332.000,Elexon BMRS FUELHH
2025-02-23T09:00:00Z,Coal,0.000,Elexon BMRS FUELHH
2025-02-23T09:00:00Z,Gas,4451.000,Elexon BMRS FUELHH
2025-02-23T09:00:00Z,Hydro,737.000,Elexon BMRS FUELHH
2025-02-23T09:00:00Z,Imports & Exports,-442.000,Elexon BMRS FUELHH
2025-02-23T09:00:00Z,Nuclear,4690.000,Elexon BMRS FUELHH
2025-02-23T09:00:00Z,Other,705.000,Elexon BMRS FUELHH
2025-02-23T09:00:00Z,Pumped Storage,-264.000,Elexon BMRS FUELHH
2025-02-23T09:00:00Z,Wind,14026.000,Elexon BMRS FUELHH
2025-02-23T09:30:00Z,Biomass,1317.000,Elexon BMRS FUELHH
2025-02-23T09:30:00Z,Coal,0.000,Elexon BMRS FUELHH
2025-02-23T09:30:00Z,Gas,4432.000,Elexon BMRS FUELHH
2025-02-23T09:30:00Z,Hydro,737.000,Elexon BMRS FUELHH
2025-02-23T09:30:00Z,Imports & Exports,-232.000,Elexon BMRS FUELHH
2025-02-23T09:30:00Z,Nuclear,4689.000,Elexon BMRS FUELHH
2025-02-23T09:30:00Z,Other,722.000,Elexon BMRS FUELHH
2025-02-23T09:30:00Z,Pumped Storage,-18.000,Elexon BMRS FUELHH
2025-02-23T09:30:00Z,Wind,14218.000,Elexon BMRS FUELHH
2025-02-23T10:00:00Z,Biomass,1287.000,Elexon BMRS FUELHH
2025-02-23T10:00:00Z,Coal,0.000,Elexon BMRS FUELHH
2025-02-23T10:00:00Z,Gas,3634.000,Elexon BMRS FUELHH
2025-02-23T10:00:00Z,Hydro,739.000,Elexon BMRS FUELHH
2025-02-23T10:00:00Z,Imports & Exports,1430.000,Elexon BMRS FUELHH
2025-02-23T10:00:00Z,Nuclear,4688.000,Elexon BMRS FUELHH
2025-02-23T10:00:00Z,Other,580.000,Elexon BMRS FUELHH
2025-02-23T10:00:00Z,Pumped Storage,342.000,Elexon BMRS FUELHH
2025-02-23T10:00:00Z,Wind,14624.000,Elexon BMRS FUELHH
2025-02-23T10:30:00Z,Biomass,1323.000,Elexon BMRS FUELHH
2025-02-23T10:30:00Z,Coal,0.000,Elexon BMRS FUELHH
2025-02-23T10:30:00Z,Gas,4053.000,Elexon BMRS FUELHH
2025-02-23T10:30:00Z,Hydro,734.000,Elexon BMRS FUELHH
2025-02-23T10:30:00Z,Imports & Exports,1638.000,Elexon BMRS FUELHH
2025-02-23T10:30:00Z,Nuclear,4689.000,Elexon BMRS FUELHH
2025-02-23T10:30:00Z,Other,480.000,Elexon BMRS FUELHH
2025-02-23T10:30:00Z,Pumped Storage,126.000,Elexon BMRS FUELHH
2025-02-23T10:30:00Z,Wind,15095.000,Elexon BMRS FUELHH
2025-02-23T11:00:00Z,Biomass,1268.000,Elexon BMRS FUELHH
2025-02-23T11:00:00Z,Coal,0.000,Elexon BMRS FUELHH
2025-02-23T11:00:00Z,Gas,3367.000,Elexon BMRS FUELHH
2025-02-23T11:00:00Z,Hydro,748.000,Elexon BMRS FUELHH
2025-02-23T11:00:00Z,Imports & Exports,3514.000,Elexon BMRS FUELHH
2025-02-23T11:00:00Z,Nuclear,4680.000,Elexon BMRS FUELHH
2025-02-23T11:00:00Z,Other,413.000,Elexon BMRS FUELHH
2025-02-23T11:00:00Z,Pumped Storage,-66.000,Elexon BMRS FUELHH
2025-02-23T11:00:00Z,Wind,15385.000,Elexon BMRS FUELHH
2025-02-23T11:30:00Z,Biomass,1307.000,Elexon BMRS FUELHH
2025-02-23T11:30:00Z,Coal,0.000,Elexon BMRS FUELHH
2025-02-23T11:30:00Z,Gas,3179.000,Elexon BMRS FUELHH
2025-02-23T11:30:00Z,Hydro,748.000,Elexon BMRS FUELHH
2025-02-23T11:30:00Z,Imports & Exports,3878.000,Elexon BMRS FUELHH
2025-02-23T11:30:00Z,Nuclear,4674.000,Elexon BMRS FUELHH
2025-02-23T11:30:00Z,Other,362.000,Elexon BMRS FUELHH
2025-02-23T11:30:00Z,Pumped Storage,-202.000,Elexon BMRS FUELHH
2025-02-23T11:30:00Z,Wind,15661.000,Elexon BMRS FUELHH
2025-02-23T12:00:00Z,Biomass,1131.000,Elexon BMRS FUELHH
2025-02-23T12:00:00Z,Coal,0.000,Elexon BMRS FUELHH
2025-02-23T12:00:00Z,Gas,2825.000,Elexon BMRS FUELHH
2025-02-23T12:00:00Z,Hydro,754.000,Elexon BMRS FUELHH
2025-02-23T12:00:00Z,Imports & Exports,6158.000,Elexon BMRS FUELHH
2025-02-23T12:00:00Z,Nuclear,4678.000,Elexon BMRS FUELHH
2025-02-23T12:00:00Z,Other,338.000,Elexon BMRS FUELHH
2025-02-23T12:00:00Z,Pumped Storage,-1274.000,Elexon BMRS FUELHH
2025-02-23T12:00:00Z,Wind,15947.000,Elexon BMRS FUELHH
2025-02-23T12:30:00Z,Biomass,1208.000,Elexon BMRS FUELHH
2025-02-23T12:30:00Z,Coal,0.000,Elexon BMRS FUELHH
2025-02-23T12:30:00Z,Gas,2814.000,Elexon BMRS FUELHH
2025-02-23T12:30:00Z,Hydro,800.000,Elexon BMRS FUELHH
2025-02-23T12:30:00Z,Imports & Exports,6184.000,Elexon BMRS FUELHH
2025-02-23T12:30:00Z,Nuclear,4675.000,Elexon BMRS FUELHH
2025-02-23T12:30:00Z,Other,362.000,Elexon BMRS FUELHH
2025-02-23T12:30:00Z,Pumped Storage,-1446.000,Elexon BMRS FUELHH
2025-02-23T12:30:00Z,Wind,16026.000,Elexon BMRS FUELHH
2025-02-23T13:00:00Z,Biomass,1194.000,Elexon BMRS FUELHH
2025-02-23T13:00:00Z,Coal,0.000,Elexon BMRS FUELHH
2025-02-23T13:00:00Z,Gas,2856.000,Elexon BMRS FUELHH
2025-02-23T13:00:00Z,Hydro,807.000,Elexon BMRS FUELHH
2025-02-23T13:00:00Z,Imports & Exports,7092.000,Elexon BMRS FUELHH
2025-02-23T13:00:00Z,Nuclear,4683.000,Elexon BMRS FUELHH
2025-02-23T13:00:00Z,Other,325.000,Elexon BMRS FUELHH
2025-02-23T13:00:00Z,Pumped Storage,-1574.000,Elexon BMRS FUELHH
2025-02-23T13:00:00Z,Wind,16126.000,Elexon BMRS FUELHH
2025-02-23T13:30:00Z,Biomass,1269.000,Elexon BMRS FUELHH
2025-02-23T13:30:00Z,Coal,0.000,Elexon BMRS FUELHH
2025-02-23T13:30:00Z,Gas,2749.000,Elexon BMRS FUELHH
2025-02-23T13:30:00Z,Hydro,784.000,Elexon BMRS FUELHH
2025-02-23T13:30:00Z,Imports & Exports,7148.000,Elexon BMRS FUELHH
2025-02-23T13:30:00Z,Nuclear,4678.000,Elexon BMRS FUELHH
2025-02-23T13:30:00Z,Other,300.000,Elexon BMRS FUELHH
2025-02-23T13:30:00Z,Pumped Storage,-1340.000,Elexon BMRS FUELHH
2025-02-23T13:30:00Z,Wind,16200.000,Elexon BMRS FUELHH
2025-02-23T14:00:00Z,Biomass,1330.000,Elexon BMRS FUELHH
2025-02-23T14:00:00Z,Coal,0.000,Elexon BMRS FUELHH
2025-02-23T14:00:00Z,Gas,3570.000,Elexon BMRS FUELHH
2025-02-23T14:00:00Z,Hydro,766.000,Elexon BMRS FUELHH
2025-02-23T14:00:00Z,Imports & Exports,5752.000,Elexon BMRS FUELHH
2025-02-23T14:00:00Z,Nuclear,4679.000,Elexon BMRS FUELHH
2025-02-23T14:00:00Z,Other,326.000,Elexon BMRS FUELHH
2025-02-23T14:00:00Z,Pumped Storage,-1630.000,Elexon BMRS FUELHH
2025-02-23T14:00:00Z,Wind,16324.000,Elexon BMRS FUELHH
2025-02-23T14:30:00Z,Biomass,1332.000,Elexon BMRS FUELHH
2025-02-23T14:30:00Z,Coal,0.000,Elexon BMRS FUELHH
2025-02-23T14:30:00Z,Gas,3649.000,Elexon BMRS FUELHH
2025-02-23T14:30:00Z,Hydro,735.000,Elexon BMRS FUELHH
2025-02-23T14:30:00Z,Imports & Exports,5684.000,Elexon BMRS FUELHH
2025-02-23T14:30:00Z,Nuclear,4680.000,Elexon BMRS FUELHH
2025-02-23T14:30:00Z,Other,332.000,Elexon BMRS FUELHH
2025-02-23T14:30:00Z,Pumped Storage,-1184.000,Elexon BMRS FUELHH
2025-02-23T14:30:00Z,Wind,16296.000,Elexon BMRS FUELHH
2025-02-23T15:00:00Z,Biomass,1337.000,Elexon BMRS FUELHH
2025-02-23T15:00:00Z,Coal,0.000,Elexon BMRS FUELHH
2025-02-23T15:00:00Z,Gas,4370.000,Elexon BMRS FUELHH
2025-02-23T15:00:00Z,Hydro,736.000,Elexon BMRS FUELHH
2025-02-23T15:00:00Z,Imports & Exports,4530.000,Elexon BMRS FUELHH
2025-02-23T15:00:00Z,Nuclear,4674.000,Elexon BMRS FUELHH
2025-02-23T15:00:00Z,Other,405.000,Elexon BMRS FUELHH
2025-02-23T15:00:00Z,Pumped Storage,-380.000,Elexon BMRS FUELHH
2025-02-23T15:00:00Z,Wind,15998.000,Elexon BMRS FUELHH
2025-02-23T15:30:00Z,Biomass,1337.000,Elexon BMRS FUELHH
2025-02-23T15:30:00Z,Coal,0.000,Elexon BMRS FUELHH
2025-02-23T15:30:00Z,Gas,4747.000,Elexon BMRS FUELHH
2025-02-23T15:30:00Z,Hydro,696.000,Elexon BMRS FUELHH
2025-02-23T15:30:00Z,Imports & Exports,4442.000,Elexon BMRS FUELHH
2025-02-23T15:30:00Z,Nuclear,4680.000,Elexon BMRS FUELHH
2025-02-23T15:30:00Z,Other,375.000,Elexon BMRS FUELHH
2025-02-23T15:30:00Z,Pumped Storage,-176.000,Elexon BMRS FUELHH
2025-02-23T15:30:00Z,Wind,15909.000,Elexon BMRS FUELHH
2025-02-23T16:00:00Z,Biomass,1336.000,Elexon BMRS FUELHH
2025-02-23T16:00:00Z,Coal,0.000,Elexon BMRS FUELHH
2025-02-23T16:00:00Z,Gas,4819.000,Elexon BMRS FUELHH
2025-02-23T16:00:00Z,Hydro,721.000,Elexon BMRS FUELHH
2025-02-23T16:00:00Z,Imports & Exports,5384.000,Elexon BMRS FUELHH
2025-02-23T16:00:00Z,Nuclear,4684.000,Elexon BMRS FUELHH
2025-02-23T16:00:00Z,Other,366.000,Elexon BMRS FUELHH
2025-02-23T16:00:00Z,Pumped Storage,-4.000,Elexon BMRS FUELHH
2025-02-23T16:00:00Z,Wind,15365.000,Elexon BMRS FUELHH
2025-02-23T16:30:00Z,Biomass,1317.000,Elexon BMRS FUELHH
2025-02-23T16:30:00Z,Coal,0.000,Elexon BMRS FUELHH
2025-02-23T16:30:00Z,Gas,5233.000,Elexon BMRS FUELHH
2025-02-23T16:30:00Z,Hydro,653.000,Elexon BMRS FUELHH
2025-02-23T16:30:00Z,Imports & Exports,5384.000,Elexon BMRS FUELHH
2025-02-23T16:30:00Z,Nuclear,4684.000,Elexon BMRS FUELHH
2025-02-23T16:30:00Z,Other,518.000,Elexon BMRS FUELHH
2025-02-23T16:30:00Z,Pumped Storage,944.000,Elexon BMRS FUELHH
2025-02-23T16:30:00Z,Wind,15198.000,Elexon BMRS FUELHH
2025-02-23T17:00:00Z,Biomass,1307.000,Elexon BMRS FUELHH
2025-02-23T17:00:00Z,Coal,0.000,Elexon BMRS FUELHH
2025-02-23T17:00:00Z,Gas,6096.000,Elexon BMRS FUELHH
2025-02-23T17:00:00Z,Hydro,652.000,Elexon BMRS FUELHH
2025-02-23T17:00:00Z,Imports & Exports,4054.000,Elexon BMRS FUELHH
2025-02-23T17:00:00Z,Nuclear,4686.000,Elexon BMRS FUELHH
2025-02-23T17:00:00Z,Other,820.000,Elexon BMRS FUELHH
2025-02-23T17:00:00Z,Pumped Storage,1694.000,Elexon BMRS FUELHH
2025-02-23T17:00:00Z,Wind,15184.000,Elexon BMRS FUELHH
2025-02-23T17:30:00Z,Biomass,1335.000,Elexon BMRS FUELHH
2025-02-23T17:30:00Z,Coal,0.000,Elexon BMRS FUELHH
2025-02-23T17:30:00Z,Gas,6607.000,Elexon BMRS FUELHH
2025-02-23T17:30:00Z,Hydro,650.000,Elexon BMRS FUELHH
2025-02-23T17:30:00Z,Imports & Exports,3962.000,Elexon BMRS FUELHH
2025-02-23T17:30:00Z,Nuclear,4689.000,Elexon BMRS FUELHH
2025-02-23T17:30:00Z,Other,1113.000,Elexon BMRS FUELHH
2025-02-23T17:30:00Z,Pumped Storage,1768.000,Elexon BMRS FUELHH
2025-02-23T17:30:00Z,Wind,15213.000,Elexon BMRS FUELHH
2025-02-23T18:00:00Z,Biomass,1338.000,Elexon BMRS FUELHH
2025-02-23T18:00:00Z,Coal,0.000,Elexon BMRS FUELHH
2025-02-23T18:00:00Z,Gas,6805.000,Elexon BMRS FUELHH
2025-02-23T18:00:00Z,Hydro,651.000,Elexon BMRS FUELHH
2025-02-23T18:00:00Z,Imports & Exports,3168.000,Elexon BMRS FUELHH
2025-02-23T18:00:00Z,Nuclear,4691.000,Elexon BMRS FUELHH
2025-02-23T18:00:00Z,Other,1118.000,Elexon BMRS FUELHH
2025-02-23T18:00:00Z,Pumped Storage,1578.000,Elexon BMRS FUELHH
2025-02-23T18:00:00Z,Wind,15397.000,Elexon BMRS FUELHH
2025-02-23T18:30:00Z,Biomass,1334.000,Elexon BMRS FUELHH
2025-02-23T18:30:00Z,Coal,0.000,Elexon BMRS FUELHH
2025-02-23T18:30:00Z,Gas,6800.000,Elexon BMRS FUELHH
2025-02-23T18:30:00Z,Hydro,656.000,Elexon BMRS FUELHH
2025-02-23T18:30:00Z,Imports & Exports,3070.000,Elexon BMRS FUELHH
2025-02-23T18:30:00Z,Nuclear,4693.000,Elexon BMRS FUELHH
2025-02-23T18:30:00Z,Other,886.000,Elexon BMRS FUELHH
2025-02-23T18:30:00Z,Pumped Storage,1526.000,Elexon BMRS FUELHH
2025-02-23T18:30:00Z,Wind,15348.000,Elexon BMRS FUELHH
2025-02-23T19:00:00Z,Biomass,1325.000,Elexon BMRS FUELHH
2025-02-23T19:00:00Z,Coal,0.000,Elexon BMRS FUELHH
2025-02-23T19:00:00Z,Gas,6580.000,Elexon BMRS FUELHH
2025-02-23T19:00:00Z,Hydro,634.000,Elexon BMRS FUELHH
2025-02-23T19:00:00Z,Imports & Exports,2814.000,Elexon BMRS FUELHH
2025-02-23T19:00:00Z,Nuclear,4688.000,Elexon BMRS FUELHH
2025-02-23T19:00:00Z,Other,920.000,Elexon BMRS FUELHH
2025-02-23T19:00:00Z,Pumped Storage,1292.000,Elexon BMRS FUELHH
2025-02-23T19:00:00Z,Wind,15171.000,Elexon BMRS FUELHH
2025-02-23T19:30:00Z,Biomass,1330.000,Elexon BMRS FUELHH
2025-02-23T19:30:00Z,Coal,0.000,Elexon BMRS FUELHH
2025-02-23T19:30:00Z,Gas,6062.000,Elexon BMRS FUELHH
2025-02-23T19:30:00Z,Hydro,603.000,Elexon BMRS FUELHH
2025-02-23T19:30:00Z,Imports & Exports,2670.000,Elexon BMRS FUELHH
2025-02-23T19:30:00Z,Nuclear,4692.000,Elexon BMRS FUELHH
2025-02-23T19:30:00Z,Other,591.000,Elexon BMRS FUELHH
2025-02-23T19:30:00Z,Pumped Storage,1038.000,Elexon BMRS FUELHH
2025-02-23T19:30:00Z,Wind,15045.000,Elexon BMRS FUELHH
2025-02-23T20:00:00Z,Biomass,1330.000,Elexon BMRS FUELHH
2025-02-23T20:00:00Z,Coal,0.000,Elexon BMRS FUELHH
2025-02-23T20:00:00Z,Gas,5967.000,Elexon BMRS FUELHH
2025-02-23T20:00:00Z,Hydro,603.000,Elexon BMRS FUELHH
2025-02-23T20:00:00Z,Imports & Exports,1896.000,Elexon BMRS FUELHH
2025-02-23T20:00:00Z,Nuclear,4687.000,Elexon BMRS FUELHH
2025-02-23T20:00:00Z,Other,490.000,Elexon BMRS FUELHH
2025-02-23T20:00:00Z,Pumped Storage,1002.000,Elexon BMRS FUELHH
2025-02-23T20:00:00Z,Wind,14960.000,Elexon BMRS FUELHH
2025-02-23T20:30:00Z,Biomass,1334.000,Elexon BMRS FUELHH
2025-02-23T20:30:00Z,Coal,0.000,Elexon BMRS FUELHH
2025-02-23T20:30:00Z,Gas,5940.000,Elexon BMRS FUELHH
2025-02-23T20:30:00Z,Hydro,602.000,Elexon BMRS FUELHH
2025-02-23T20:30:00Z,Imports & Exports,1778.000,Elexon BMRS FUELHH
2025-02-23T20:30:00Z,Nuclear,4689.000,Elexon BMRS FUELHH
2025-02-23T20:30:00Z,Other,452.000,Elexon BMRS FUELHH
2025-02-23T20:30:00Z,Pumped Storage,266.000,Elexon BMRS FUELHH
2025-02-23T20:30:00Z,Wind,14840.000,Elexon BMRS FUELHH
2025-02-23T21:00:00Z,Biomass,1332.000,Elexon BMRS FUELHH
2025-02-23T21:00:00Z,Coal,0.000,Elexon BMRS FUELHH
2025-02-23T21:00:00Z,Gas,6071.000,Elexon BMRS FUELHH
2025-02-23T21:00:00Z,Hydro,603.000,Elexon BMRS FUELHH
2025-02-23T21:00:00Z,Imports & Exports,46.000,Elexon BMRS FUELHH
2025-02-23T21:00:00Z,Nuclear,4689.000,Elexon BMRS FUELHH
2025-02-23T21:00:00Z,Other,472.000,Elexon BMRS FUELHH
2025-02-23T21:00:00Z,Pumped Storage,136.000,Elexon BMRS FUELHH
2025-02-23T21:00:00Z,Wind,14828.000,Elexon BMRS FUELHH
2025-02-23T21:30:00Z,Biomass,1185.000,Elexon BMRS FUELHH
2025-02-23T21:30:00Z,Coal,0.000,Elexon BMRS FUELHH
2025-02-23T21:30:00Z,Gas,5820.000,Elexon BMRS FUELHH
2025-02-23T21:30:00Z,Hydro,622.000,Elexon BMRS FUELHH
2025-02-23T21:30:00Z,Imports & Exports,-120.000,Elexon BMRS FUELHH
2025-02-23T21:30:00Z,Nuclear,4689.000,Elexon BMRS FUELHH
2025-02-23T21:30:00Z,Other,302.000,Elexon BMRS FUELHH
2025-02-23T21:30:00Z,Pumped Storage,-70.000,Elexon BMRS FUELHH
2025-02-23T21:30:00Z,Wind,14836.000,Elexon BMRS FUELHH
2025-02-23T22:00:00Z,Biomass,993.000,Elexon BMRS FUELHH
2025-02-23T22:00:00Z,Coal,0.000,Elexon BMRS FUELHH
2025-02-23T22:00:00Z,Gas,6028.000,Elexon BMRS FUELHH
2025-02-23T22:00:00Z,Hydro,622.000,Elexon BMRS FUELHH
2025-02-23T22:00:00Z,Imports & Exports,-1768.000,Elexon BMRS FUELHH
2025-02-23T22:00:00Z,Nuclear,4693.000,Elexon BMRS FUELHH
2025-02-23T22:00:00Z,Other,379.000,Elexon BMRS FUELHH
2025-02-23T22:00:00Z,Pumped Storage,-76.000,Elexon BMRS FUELHH
2025-02-23T22:00:00Z,Wind,14705.000,Elexon BMRS FUELHH
2025-02-23T22:30:00Z,Biomass,1056.000,Elexon BMRS FUELHH
2025-02-23T22:30:00Z,Coal,0.000,Elexon BMRS FUELHH
2025-02-23T22:30:00Z,Gas,5750.000,Elexon BMRS FUELHH
2025-02-23T22:30:00Z,Hydro,623.000,Elexon BMRS FUELHH
2025-02-23T22:30:00Z,Imports & Exports,-1880.000,Elexon BMRS FUELHH
2025-02-23T22:30:00Z,Nuclear,4691.000,Elexon BMRS FUELHH
2025-02-23T22:30:00Z,Other,295.000,Elexon BMRS FUELHH
2025-02-23T22:30:00Z,Pumped Storage,-590.000,Elexon BMRS FUELHH
2025-02-23T22:30:00Z,Wind,14518.000,Elexon BMRS FUELHH
2025-02-23T23:00:00Z,Biomass,1172.000,Elexon BMRS FUELHH
2025-02-23T23:00:00Z,Coal,0.000,Elexon BMRS FUELHH
2025-02-23T23:00:00Z,Gas,5319.000,Elexon BMRS FUELHH
2025-02-23T23:00:00Z,Hydro,624.000,Elexon BMRS FUELHH
2025-02-23T23:00:00Z,Imports & Exports,-2788.000,Elexon BMRS FUELHH
2025-02-23T23:00:00Z,Nuclear,4687.000,Elexon BMRS FUELHH
2025-02-23T23:00:00Z,Other,297.000,Elexon BMRS FUELHH
2025-02-23T23:00:00Z,Pumped Storage,-1228.000,Elexon BMRS FUELHH
2025-02-23T23:00:00Z,Wind,14594.000,Elexon BMRS FUELHH
2025-02-23T23:30:00Z,Biomass,1220.000,Elexon BMRS FUELHH
2025-02-23T23:30:00Z,Coal,0.000,Elexon BMRS FUELHH
2025-02-23T23:30:00Z,Gas,5113.000,Elexon BMRS FUELHH
2025-02-23T23:30:00Z,Hydro,625.000,Elexon BMRS FUELHH
2025-02-23T23:30:00Z,Imports & Exports,-2924.000,Elexon BMRS FUELHH
2025-02-23T23:30:00Z,Nuclear,4690.000,Elexon BMRS FUELHH
2025-02-23T23:30:00Z,Other,315.000,Elexon BMRS FUELHH
2025-02-23T23:30:00Z,Pumped Storage,-1790.000,Elexon BMRS FUELHH
2025-02-23T23:30:00Z,Wind,14914.000,Elexon BMRS FUELHH
2025-02-24T00:00:00Z,Biomass,1218.000,Elexon BMRS FUELHH
2025-02-24T00:00:00Z,Coal,0.000,Elexon BMRS FUELHH
2025-02-24T00:00:00Z,Gas,4760.000,Elexon BMRS FUELHH
2025-02-24T00:00:00Z,Hydro,625.000,Elexon BMRS FUELHH
2025-02-24T00:00:00Z,Imports & Exports,-2360.000,Elexon BMRS FUELHH
2025-02-24T00:00:00Z,Nuclear,4689.000,Elexon BMRS FUELHH
2025-02-24T00:00:00Z,Other,348.000,Elexon BMRS FUELHH
2025-02-24T00:00:00Z,Pumped Storage,-1656.000,Elexon BMRS FUELHH
2025-02-24T00:00:00Z,Wind,15072.000,Elexon BMRS FUELHH
2025-02-24T00:30:00Z,Biomass,1176.000,Elexon BMRS FUELHH
2025-02-24T00:30:00Z,Coal,0.000,Elexon BMRS FUELHH
2025-02-24T00:30:00Z,Gas,4942.000,Elexon BMRS FUELHH
2025-02-24T00:30:00Z,Hydro,626.000,Elexon BMRS FUELHH
2025-02-24T00:30:00Z,Imports & Exports,-2142.000,Elexon BMRS FUELHH
2025-02-24T00:30:00Z,Nuclear,4693.000,Elexon BMRS FUELHH
2025-02-24T00:30:00Z,Other,504.000,Elexon BMRS FUELHH
2025-02-24T00:30:00Z,Pumped Storage,-1770.000,Elexon BMRS FUELHH
2025-02-24T00:30:00Z,Wind,15162.000,Elexon BMRS FUELHH
2025-02-24T01:00:00Z,Biomass,1194.000,Elexon BMRS FUELHH
2025-02-24T01:00:00Z,Coal,0.000,Elexon BMRS FUELHH
2025-02-24T01:00:00Z,Gas,4897.000,Elexon BMRS FUELHH
2025-02-24T01:00:00Z,Hydro,627.000,Elexon BMRS FUELHH
2025-02-24T01:00:00Z,Imports & Exports,-2638.000,Elexon BMRS FUELHH
2025-02-24T01:00:00Z,Nuclear,4691.000,Elexon BMRS FUELHH
2025-02-24T01:00:00Z,Other,389.000,Elexon BMRS FUELHH
2025-02-24T01:00:00Z,Pumped Storage,-1710.000,Elexon BMRS FUELHH
2025-02-24T01:00:00Z,Wind,15119.000,Elexon BMRS FUELHH
2025-02-24T01:30:00Z,Biomass,1218.000,Elexon BMRS FUELHH
2025-02-24T01:30:00Z,Coal,0.000,Elexon BMRS FUELHH
2025-02-24T01:30:00Z,Gas,4691.000,Elexon BMRS FUELHH
2025-02-24T01:30:00Z,Hydro,627.000,Elexon BMRS FUELHH
2025-02-24T01:30:00Z,Imports & Exports,-2672.000,Elexon BMRS FUELHH
2025-02-24T01:30:00Z,Nuclear,4693.000,Elexon BMRS FUELHH
2025-02-24T01:30:00Z,Other,403.000,Elexon BMRS FUELHH
2025-02-24T01:30:00Z,Pumped Storage,-1608.000,Elexon BMRS FUELHH
2025-02-24T01:30:00Z,Wind,15010.000,Elexon BMRS FUELHH
2025-02-24T02:00:00Z,Biomass,1214.000,Elexon BMRS FUELHH
2025-02-24T02:00:00Z,Coal,0.000,Elexon BMRS FUELHH
2025-02-24T02:00:00Z,Gas,4175.000,Elexon BMRS FUELHH
2025-02-24T02:00:00Z,Hydro,626.000,Elexon BMRS FUELHH
2025-02-24T02:00:00Z,Imports & Exports,-1786.000,Elexon BMRS FUELHH
2025-02-24T02:00:00Z,Nuclear,4694.000,Elexon BMRS FUELHH
2025-02-24T02:00:00Z,Other,360.000,Elexon BMRS FUELHH
2025-02-24T02:00:00Z,Pumped Storage,-1944.000,Elexon BMRS FUELHH
2025-02-24T02:00:00Z,Wind,15108.000,Elexon BMRS FUELHH
2025-02-24T02:30:00Z,Biomass,1218.000,Elexon BMRS FUELHH
2025-02-24T02:30:00Z,Coal,0.000,Elexon BMRS FUELHH
2025-02-24T02:30:00Z,Gas,4101.000,Elexon BMRS FUELHH
2025-02-24T02:30:00Z,Hydro,621.000,Elexon BMRS FUELHH
2025-02-24T02:30:00Z,Imports & Exports,-1764.000,Elexon BMRS FUELHH
2025-02-24T02:30:00Z,Nuclear,4693.000,Elexon BMRS FUELHH
2025-02-24T02:30:00Z,Other,319.000,Elexon BMRS FUELHH
2025-02-24T02:30:00Z,Pumped Storage,-2010.000,Elexon BMRS FUELHH
2025-02-24T02:30:00Z,Wind,15026.000,Elexon BMRS FUELHH
2025-02-24T03:00:00Z,Biomass,1225.000,Elexon BMRS FUELHH
2025-02-24T03:00:00Z,Coal,0.000,Elexon BMRS FUELHH
2025-02-24T03:00:00Z,Gas,4129.000,Elexon BMRS FUELHH
2025-02-24T03:00:00Z,Hydro,620.000,Elexon BMRS FUELHH
2025-02-24T03:00:00Z,Imports & Exports,-2734.000,Elexon BMRS FUELHH
2025-02-24T03:00:00Z,Nuclear,4693.000,Elexon BMRS FUELHH
2025-02-24T03:00:00Z,Other,355.000,Elexon BMRS FUELHH
2025-02-24T03:00:00Z,Pumped Storage,-1808.000,Elexon BMRS FUELHH
2025-02-24T03:00:00Z,Wind,15172.000,Elexon BMRS FUELHH
2025-02-24T03:30:00Z,Biomass,1247.000,Elexon BMRS FUELHH
2025-02-24T03:30:00Z,Coal,0.000,Elexon BMRS FUELHH
2025-02-24T03:30:00Z,Gas,3995.000,Elexon BMRS FUELHH
2025-02-24T03:30:00Z,Hydro,620.000,Elexon BMRS FUELHH
2025-02-24T03:30:00Z,Imports & Exports,-2800.000,Elexon BMRS FUELHH
2025-02-24T03:30:00Z,Nuclear,4703.000,Elexon BMRS FUELHH
2025-02-24T03:30:00Z,Other,294.000,Elexon BMRS FUELHH
2025-02-24T03:30:00Z,Pumped Storage,-2062.000,Elexon BMRS FUELHH
2025-02-24T03:30:00Z,Wind,15369.000,Elexon BMRS FUELHH
2025-02-24T04:00:00Z,Biomass,1256.000,Elexon BMRS FUELHH
2025-02-24T04:00:00Z,Coal,0.000,Elexon BMRS FUELHH
2025-02-24T04:00:00Z,Gas,3605.000,Elexon BMRS FUELHH
2025-02-24T04:00:00Z,Hydro,616.000,Elexon BMRS FUELHH
2025-02-24T04:00:00Z,Imports & Exports,-2602.000,Elexon BMRS FUELHH
2025-02-24T04:00:00Z,Nuclear,4703.000,Elexon BMRS FUELHH
2025-02-24T04:00:00Z,Other,282.000,Elexon BMRS FUELHH
2025-02-24T04:00:00Z,Pumped Storage,-2040.000,Elexon BMRS FUELHH
2025-02-24T04:00:00Z,Wind,15413.000,Elexon BMRS FUELHH
2025-02-24T04:30:00Z,Biomass,1166.000,Elexon BMRS FUELHH
2025-02-24T04:30:00Z,Coal,0.000,Elexon BMRS FUELHH
2025-02-24T04:30:00Z,Gas,3467.000,Elexon BMRS FUELHH
2025-02-24T04:30:00Z,Hydro,600.000,Elexon BMRS FUELHH
2025-02-24T04:30:00Z,Imports & Exports,-2644.000,Elexon BMRS FUELHH
2025-02-24T04:30:00Z,Nuclear,4688.000,Elexon BMRS FUELHH
2025-02-24T04:30:00Z,Other,291.000,Elexon BMRS FUELHH
2025-02-24T04:30:00Z,Pumped Storage,-1926.000,Elexon BMRS FUELHH
2025-02-24T04:30:00Z,Wind,15259.000,Elexon BMRS FUELHH
2025-02-24T05:00:00Z,Biomass,1179.000,Elexon BMRS FUELHH
2025-02-24T05:00:00Z,Coal,0.000,Elexon BMRS FUELHH
2025-02-24T05:00:00Z,Gas,4229.000,Elexon BMRS FUELHH
2025-02-24T05:00:00Z,Hydro,608.000,Elexon BMRS FUELHH
2025-02-24T05:00:00Z,Imports & Exports,-2586.000,Elexon BMRS FUELHH
2025-02-24T05:00:00Z,Nuclear,4682.000,Elexon BMRS FUELHH
2025-02-24T05:00:00Z,Other,383.000,Elexon BMRS FUELHH
2025-02-24T05:00:00Z,Pumped Storage,-1638.000,Elexon BMRS FUELHH
2025-02-24T05:00:00Z,Wind,14742.000,Elexon BMRS FUELHH
2025-02-24T05:30:00Z,Biomass,1325.000,Elexon BMRS FUELHH
2025-02-24T05:30:00Z,Coal,0.000,Elexon BMRS FUELHH
2025-02-24T05:30:00Z,Gas,4881.000,Elexon BMRS FUELHH
2025-02-24T05:30:00Z,Hydro,607.000,Elexon BMRS FUELHH
2025-02-24T05:30:00Z,Imports & Exports,-2622.000,Elexon BMRS FUELHH
2025-02-24T05:30:00Z,Nuclear,4691.000,Elexon BMRS FUELHH
2025-02-24T05:30:00Z,Other,510.000,Elexon BMRS FUELHH
2025-02-24T05:30:00Z,Pumped Storage,-1518.000,Elexon BMRS FUELHH
2025-02-24T05:30:00Z,Wind,14438.000,Elexon BMRS FUELHH
2025-02-24T06:00:00Z,Biomass,1325.000,Elexon BMRS FUELHH
2025-02-24T06:00:00Z,Coal,0.000,Elexon BMRS FUELHH
2025-02-24T06:00:00Z,Gas,4454.000,Elexon BMRS FUELHH
2025-02-24T06:00:00Z,Hydro,606.000,Elexon BMRS FUELHH
2025-02-24T06:00:00Z,Imports & Exports,950.000,Elexon BMRS FUELHH
2025-02-24T06:00:00Z,Nuclear,4692.000,Elexon BMRS FUELHH
2025-02-24T06:00:00Z,Other,242.000,Elexon BMRS FUELHH
2025-02-24T06:00:00Z,Pumped Storage,-570.000,Elexon BMRS FUELHH
2025-02-24T06:00:00Z,Wind,14253.000,Elexon BMRS FUELHH
2025-02-24T06:30:00Z,Biomass,1329.000,Elexon BMRS FUELHH
2025-02-24T06:30:00Z,Coal,0.000,Elexon BMRS FUELHH
2025-02-24T06:30:00Z,Gas,4977.000,Elexon BMRS FUELHH
2025-02-24T06:30:00Z,Hydro,605.000,Elexon BMRS FUELHH
2025-02-24T06:30:00Z,Imports & Exports,1404.000,Elexon BMRS FUELHH
2025-02-24T06:30:00Z,Nuclear,4691.000,Elexon BMRS FUELHH
2025-02-24T06:30:00Z,Other,490.000,Elexon BMRS FUELHH
2025-02-24T06:30:00Z,Pumped Storage,104.000,Elexon BMRS FUELHH
2025-02-24T06:30:00Z,Wind,14022.000,Elexon BMRS FUELHH
2025-02-24T07:00:00Z,Biomass,1326.000,Elexon BMRS FUELHH
2025-02-24T07:00:00Z,Coal,0.000,Elexon BMRS FUELHH
2025-02-24T07:00:00Z,Gas,4801.000,Elexon BMRS FUELHH
2025-02-24T07:00:00Z,Hydro,607.000,Elexon BMRS FUELHH
2025-02-24T07:00:00Z,Imports & Exports,5484.000,Elexon BMRS FUELHH
2025-02-24T07:00:00Z,Nuclear,4687.000,Elexon BMRS FUELHH
2025-02-24T07:00:00Z,Other,294.000,Elexon BMRS FUELHH
2025-02-24T07:00:00Z,Pumped Storage,66.000,Elexon BMRS FUELHH
2025-02-24T07:00:00Z,Wind,13826.000,Elexon BMRS FUELHH
2025-02-24T07:30:00Z,Biomass,1324.000,Elexon BMRS FUELHH
2025-02-24T07:30:00Z,Coal,0.000,Elexon BMRS FUELHH
2025-02-24T07:30:00Z,Gas,5020.000,Elexon BMRS FUELHH
2025-02-24T07:30:00Z,Hydro,608.000,Elexon BMRS FUELHH
2025-02-24T07:30:00Z,Imports & Exports,5624.000,Elexon BMRS FUELHH
2025-02-24T07:30:00Z,Nuclear,4692.000,Elexon BMRS FUELHH
2025-02-24T07:30:00Z,Other,614.000,Elexon BMRS FUELHH
2025-02-24T07:30:00Z,Pumped Storage,208.000,Elexon BMRS FUELHH
2025-02-24T07:30:00Z,Wind,13969.000,Elexon BMRS FUELHH
2025-02-24T08:00:00Z,Biomass,1329.000,Elexon BMRS FUELHH
2025-02-24T08:00:00Z,Coal,0.000,Elexon BMRS FUELHH
2025-02-24T08:00:00Z,Gas,5114.000,Elexon BMRS FUELHH
2025-02-24T08:00:00Z,Hydro,606.000,Elexon BMRS FUELHH
2025-02-24T08:00:00Z,Imports & Exports,7520.000,Elexon BMRS FUELHH
2025-02-24T08:00:00Z,Nuclear,4687.000,Elexon BMRS FUELHH
2025-02-24T08:00:00Z,Other,395.000,Elexon BMRS FUELHH
2025-02-24T08:00:00Z,Pumped Storage,190.000,Elexon BMRS FUELHH
2025-02-24T08:00:00Z,Wind,14100.000,Elexon BMRS FUELHH
2025-02-24T08:30:00Z,Biomass,1326.000,Elexon BMRS FUELHH
2025-02-24T08:30:00Z,Coal,0.000,Elexon BMRS FUELHH
2025-02-24T08:30:00Z,Gas,5225.000,Elexon BMRS FUELHH
2025-02-24T08:30:00Z,Hydro,603.000,Elexon BMRS FUELHH
2025-02-24T08:30:00Z,Imports & Exports,7542.000,Elexon BMRS FUELHH
2025-02-24T08:30:00Z,Nuclear,4693.000,Elexon BMRS FUELHH
2025-02-24T08:30:00Z,Other,323.000,Elexon BMRS FUELHH
2025-02-24T08:30:00Z,Pumped Storage,-24.000,Elexon BMRS FUELHH
2025-02-24T08:30:00Z,Wind,14151.000,Elexon BMRS FUELHH
2025-02-24T09:00:00Z,Biomass,1329.000,Elexon BMRS FUELHH
2025-02-24T09:00:00Z,Coal,0.000,Elexon BMRS FUELHH
2025-02-24T09:00:00Z,Gas,5276.000,Elexon BMRS FUELHH
2025-02-24T09:00:00Z,Hydro,600.000,Elexon BMRS FUELHH
2025-02-24T09:00:00Z,Imports & Exports,7252.000,Elexon BMRS FUELHH
2025-02-24T09:00:00Z,Nuclear,4693.000,Elexon BMRS FUELHH
2025-02-24T09:00:00Z,Other,711.000,Elexon BMRS FUELHH
2025-02-24T09:00:00Z,Pumped Storage,30.000,Elexon BMRS FUELHH
2025-02-24T09:00:00Z,Wind,14047.000,Elexon BMRS FUELHH
2025-02-24T09:30:00Z,Biomass,1334.000,Elexon BMRS FUELHH
2025-02-24T09:30:00Z,Coal,0.000,Elexon BMRS FUELHH
2025-02-24T09:30:00Z,Gas,5052.000,Elexon BMRS FUELHH
2025-02-24T09:30:00Z,Hydro,601.000,Elexon BMRS FUELHH
2025-02-24T09:30:00Z,Imports & Exports,7278.000,Elexon BMRS FUELHH
2025-02-24T09:30:00Z,Nuclear,4689.000,Elexon BMRS FUELHH
2025-02-24T09:30:00Z,Other,422.000,Elexon BMRS FUELHH
2025-02-24T09:30:00Z,Pumped Storage,12.000,Elexon BMRS FUELHH
2025-02-24T09:30:00Z,Wind,14124.000,Elexon BMRS FUELHH
2025-02-24T10:00:00Z,Biomass,1320.000,Elexon BMRS FUELHH
2025-02-24T10:00:00Z,Coal,0.000,Elexon BMRS FUELHH
2025-02-24T10:00:00Z,Gas,4458.000,Elexon BMRS FUELHH
2025-02-24T10:00:00Z,Hydro,657.000,Elexon BMRS FUELHH
2025-02-24T10:00:00Z,Imports & Exports,7620.000,Elexon BMRS FUELHH
2025-02-24T10:00:00Z,Nuclear,4690.000,Elexon BMRS FUELHH
2025-02-24T10:00:00Z,Other,446.000,Elexon BMRS FUELHH
2025-02-24T10:00:00Z,Pumped Storage,-16.000,Elexon BMRS FUELHH
2025-02-24T10:00:00Z,Wind,14076.000,Elexon BMRS FUELHH
2025-02-24T10:30:00Z,Biomass,1331.000,Elexon BMRS FUELHH
2025-02-24T10:30:00Z,Coal,0.000,Elexon BMRS FUELHH
2025-02-24T10:30:00Z,Gas,4452.000,Elexon BMRS FUELHH
2025-02-24T10:30:00Z,Hydro,598.000,Elexon BMRS FUELHH
2025-02-24T10:30:00Z,Imports & Exports,7620.000,Elexon BMRS FUELHH
2025-02-24T10:30:00Z,Nuclear,4691.000,Elexon BMRS FUELHH
2025-02-24T10:30:00Z,Other,283.000,Elexon BMRS FUELHH
2025-02-24T10:30:00Z,Pumped Storage,-20.000,Elexon BMRS FUELHH
2025-02-24T10:30:00Z,Wind,13809.000,Elexon BMRS FUELHH
2025-02-24T11:00:00Z,Biomass,1323.000,Elexon BMRS FUELHH
2025-02-24T11:00:00Z,Coal,0.000,Elexon BMRS FUELHH
2025-02-24T11:00:00Z,Gas,4254.000,Elexon BMRS FUELHH
2025-02-24T11:00:00Z,Hydro,598.000,Elexon BMRS FUELHH
2025-02-24T11:00:00Z,Imports & Exports,6888.000,Elexon BMRS FUELHH
2025-02-24T11:00:00Z,Nuclear,4689.000,Elexon BMRS FUELHH
2025-02-24T11:00:00Z,Other,284.000,Elexon BMRS FUELHH
2025-02-24T11:00:00Z,Pumped Storage,-112.000,Elexon BMRS FUELHH
2025-02-24T11:00:00Z,Wind,13934.000,Elexon BMRS FUELHH
2025-02-24T11:30:00Z,Biomass,1170.000,Elexon BMRS FUELHH
2025-02-24T11:30:00Z,Coal,0.000,Elexon BMRS FUELHH
2025-02-24T11:30:00Z,Gas,3698.000,Elexon BMRS FUELHH
2025-02-24T11:30:00Z,Hydro,576.000,Elexon BMRS FUELHH
2025-02-24T11:30:00Z,Imports & Exports,7006.000,Elexon BMRS FUELHH
2025-02-24T11:30:00Z,Nuclear,4685.000,Elexon BMRS FUELHH
2025-02-24T11:30:00Z,Other,266.000,Elexon BMRS FUELHH
2025-02-24T11:30:00Z,Pumped Storage,-154.000,Elexon BMRS FUELHH
2025-02-24T11:30:00Z,Wind,13838.000,Elexon BMRS FUELHH
2025-02-24T12:00:00Z,Biomass,991.000,Elexon BMRS FUELHH
2025-02-24T12:00:00Z,Coal,0.000,Elexon BMRS FUELHH
2025-02-24T12:00:00Z,Gas,3671.000,Elexon BMRS FUELHH
2025-02-24T12:00:00Z,Hydro,576.000,Elexon BMRS FUELHH
2025-02-24T12:00:00Z,Imports & Exports,6622.000,Elexon BMRS FUELHH
2025-02-24T12:00:00Z,Nuclear,4673.000,Elexon BMRS FUELHH
2025-02-24T12:00:00Z,Other,272.000,Elexon BMRS FUELHH
2025-02-24T12:00:00Z,Pumped Storage,-346.000,Elexon BMRS FUELHH
2025-02-24T12:00:00Z,Wind,13593.000,Elexon BMRS FUELHH
2025-02-24T12:30:00Z,Biomass,1025.000,Elexon BMRS FUELHH
2025-02-24T12:30:00Z,Coal,0.000,Elexon BMRS FUELHH
2025-02-24T12:30:00Z,Gas,3224.000,Elexon BMRS FUELHH
2025-02-24T12:30:00Z,Hydro,602.000,Elexon BMRS FUELHH
2025-02-24T12:30:00Z,Imports & Exports,6606.000,Elexon BMRS FUELHH
2025-02-24T12:30:00Z,Nuclear,4662.000,Elexon BMRS FUELHH
2025-02-24T12:30:00Z,Other,258.000,Elexon BMRS FUELHH
2025-02-24T12:30:00Z,Pumped Storage,-458.000,Elexon BMRS FUELHH
2025-02-24T12:30:00Z,Wind,13489.000,Elexon BMRS FUELHH
2025-02-24T13:00:00Z,Biomass,1106.000,Elexon BMRS FUELHH
2025-02-24T13:00:00Z,Coal,0.000,Elexon BMRS FUELHH
2025-02-24T13:00:00Z,Gas,3112.000,Elexon BMRS FUELHH
2025-02-24T13:00:00Z,Hydro,612.000,Elexon BMRS FUELHH
2025-02-24T13:00:00Z,Imports & Exports,6124.000,Elexon BMRS FUELHH
2025-02-24T13:00:00Z,Nuclear,4653.000,Elexon BMRS FUELHH
2025-02-24T13:00:00Z,Other,220.000,Elexon BMRS FUELHH
2025-02-24T13:00:00Z,Pumped Storage,-1178.000,Elexon BMRS FUELHH
2025-02-24T13:00:00Z,Wind,13652.000,Elexon BMRS FUELHH
2025-02-24T13:30:00Z,Biomass,992.000,Elexon BMRS FUELHH
2025-02-24T13:30:00Z,Coal,0.000,Elexon BMRS FUELHH
2025-02-24T13:30:00Z,Gas,3332.000,Elexon BMRS FUELHH
2025-02-24T13:30:00Z,Hydro,594.000,Elexon BMRS FUELHH
2025-02-24T13:30:00Z,Imports & Exports,6084.000,Elexon BMRS FUELHH
2025-02-24T13:30:00Z,Nuclear,4634.000,Elexon BMRS FUELHH
2025-02-24T13:30:00Z,Other,192.000,Elexon BMRS FUELHH
2025-02-24T13:30:00Z,Pumped Storage,-1294.000,Elexon BMRS FUELHH
2025-02-24T13:30:00Z,Wind,13399.000,Elexon BMRS FUELHH
2025-02-24T14:00:00Z,Biomass,990.000,Elexon BMRS FUELHH
2025-02-24T14:00:00Z,Coal,0.000,Elexon BMRS FUELHH
2025-02-24T14:00:00Z,Gas,3349.000,Elexon BMRS FUELHH
2025-02-24T14:00:00Z,Hydro,589.000,Elexon BMRS FUELHH
2025-02-24T14:00:00Z,Imports & Exports,6166.000,Elexon BMRS FUELHH
2025-02-24T14:00:00Z,Nuclear,4634.000,Elexon BMRS FUELHH
2025-02-24T14:00:00Z,Other,264.000,Elexon BMRS FUELHH
2025-02-24T14:00:00Z,Pumped Storage,-1190.000,Elexon BMRS FUELHH
2025-02-24T14:00:00Z,Wind,12732.000,Elexon BMRS FUELHH
2025-02-24T14:30:00Z,Biomass,1052.000,Elexon BMRS FUELHH
2025-02-24T14:30:00Z,Coal,0.000,Elexon BMRS FUELHH
2025-02-24T14:30:00Z,Gas,3625.000,Elexon BMRS FUELHH
2025-02-24T14:30:00Z,Hydro,579.000,Elexon BMRS FUELHH
2025-02-24T14:30:00Z,Imports & Exports,6120.000,Elexon BMRS FUELHH
2025-02-24T14:30:00Z,Nuclear,4631.000,Elexon BMRS FUELHH
2025-02-24T14:30:00Z,Other,342.000,Elexon BMRS FUELHH
2025-02-24T14:30:00Z,Pumped Storage,-766.000,Elexon BMRS FUELHH
2025-02-24T14:30:00Z,Wind,12283.000,Elexon BMRS FUELHH
2025-02-24T15:00:00Z,Biomass,1276.000,Elexon BMRS FUELHH
2025-02-24T15:00:00Z,Coal,0.000,Elexon BMRS FUELHH
2025-02-24T15:00:00Z,Gas,4342.000,Elexon BMRS FUELHH
2025-02-24T15:00:00Z,Hydro,574.000,Elexon BMRS FUELHH
2025-02-24T15:00:00Z,Imports & Exports,5182.000,Elexon BMRS FUELHH
2025-02-24T15:00:00Z,Nuclear,4628.000,Elexon BMRS FUELHH
2025-02-24T15:00:00Z,Other,498.000,Elexon BMRS FUELHH
2025-02-24T15:00:00Z,Pumped Storage,-364.000,Elexon BMRS FUELHH
2025-02-24T15:00:00Z,Wind,12063.000,Elexon BMRS FUELHH
2025-02-24T15:30:00Z,Biomass,1339.000,Elexon BMRS FUELHH
2025-02-24T15:30:00Z,Coal,0.000,Elexon BMRS FUELHH
2025-02-24T15:30:00Z,Gas,5563.000,Elexon BMRS FUELHH
2025-02-24T15:30:00Z,Hydro,585.000,Elexon BMRS FUELHH
2025-02-24T15:30:00Z,Imports & Exports,5084.000,Elexon BMRS FUELHH
2025-02-24T15:30:00Z,Nuclear,4624.000,Elexon BMRS FUELHH
2025-02-24T15:30:00Z,Other,461.000,Elexon BMRS FUELHH
2025-02-24T15:30:00Z,Pumped Storage,-106.000,Elexon BMRS FUELHH
2025-02-24T15:30:00Z,Wind,12389.000,Elexon BMRS FUELHH
2025-02-24T16:00:00Z,Biomass,1341.000,Elexon BMRS FUELHH
2025-02-24T16:00:00Z,Coal,0.000,Elexon BMRS FUELHH
2025-02-24T16:00:00Z,Gas,6666.000,Elexon BMRS FUELHH
2025-02-24T16:00:00Z,Hydro,639.000,Elexon BMRS FUELHH
2025-02-24T16:00:00Z,Imports & Exports,5696.000,Elexon BMRS FUELHH
2025-02-24T16:00:00Z,Nuclear,4637.000,Elexon BMRS FUELHH
2025-02-24T16:00:00Z,Other,455.000,Elexon BMRS FUELHH
2025-02-24T16:00:00Z,Pumped Storage,56.000,Elexon BMRS FUELHH
2025-02-24T16:00:00Z,Wind,12586.000,Elexon BMRS FUELHH
2025-02-24T16:30:00Z,Biomass,1343.000,Elexon BMRS FUELHH
2025-02-24T16:30:00Z,Coal,0.000,Elexon BMRS FUELHH
2025-02-24T16:30:00Z,Gas,8057.000,Elexon BMRS FUELHH
2025-02-24T16:30:00Z,Hydro,667.000,Elexon BMRS FUELHH
2025-02-24T16:30:00Z,Imports & Exports,5680.000,Elexon BMRS FUELHH
2025-02-24T16:30:00Z,Nuclear,4634.000,Elexon BMRS FUELHH
2025-02-24T16:30:00Z,Other,561.000,Elexon BMRS FUELHH
2025-02-24T16:30:00Z,Pumped Storage,896.000,Elexon BMRS FUELHH
2025-02-24T16:30:00Z,Wind,12555.000,Elexon BMRS FUELHH
2025-02-24T17:00:00Z,Biomass,1341.000,Elexon BMRS FUELHH
2025-02-24T17:00:00Z,Coal,0.000,Elexon BMRS FUELHH
2025-02-24T17:00:00Z,Gas,8273.000,Elexon BMRS FUELHH
2025-02-24T17:00:00Z,Hydro,626.000,Elexon BMRS FUELHH
2025-02-24T17:00:00Z,Imports & Exports,7126.000,Elexon BMRS FUELHH
2025-02-24T17:00:00Z,Nuclear,4653.000,Elexon BMRS FUELHH
2025-02-24T17:00:00Z,Other,602.000,Elexon BMRS FUELHH
2025-02-24T17:00:00Z,Pumped Storage,1534.000,Elexon BMRS FUELHH
2025-02-24T17:00:00Z,Wind,12081.000,Elexon BMRS FUELHH
2025-02-24T17:30:00Z,Biomass,1327.000,Elexon BMRS FUELHH
2025-02-24T17:30:00Z,Coal,0.000,Elexon BMRS FUELHH
2025-02-24T17:30:00Z,Gas,9649.000,Elexon BMRS FUELHH
2025-02-24T17:30:00Z,Hydro,651.000,Elexon BMRS FUELHH
2025-02-24T17:30:00Z,Imports & Exports,7138.000,Elexon BMRS FUELHH
2025-02-24T17:30:00Z,Nuclear,4670.000,Elexon BMRS FUELHH
2025-02-24T17:30:00Z,Other,840.000,Elexon BMRS FUELHH
2025-02-24T17:30:00Z,Pumped Storage,1512.000,Elexon BMRS FUELHH
2025-02-24T17:30:00Z,Wind,12045.000,Elexon BMRS FUELHH
2025-02-24T18:00:00Z,Biomass,1282.000,Elexon BMRS FUELHH
2025-02-24T18:00:00Z,Coal,0.000,Elexon BMRS FUELHH
2025-02-24T18:00:00Z,Gas,10422.000,Elexon BMRS FUELHH
2025-02-24T18:00:00Z,Hydro,633.000,Elexon BMRS FUELHH
2025-02-24T18:00:00Z,Imports & Exports,6148.000,Elexon BMRS FUELHH
2025-02-24T18:00:00Z,Nuclear,4672.000,Elexon BMRS FUELHH
2025-02-24T18:00:00Z,Other,1561.000,Elexon BMRS FUELHH
2025-02-24T18:00:00Z,Pumped Storage,1656.000,Elexon BMRS FUELHH
2025-02-24T18:00:00Z,Wind,11798.000,Elexon BMRS FUELHH
2025-02-24T18:30:00Z,Biomass,1283.000,Elexon BMRS FUELHH
2025-02-24T18:30:00Z,Coal,0.000,Elexon BMRS FUELHH
2025-02-24T18:30:00Z,Gas,10771.000,Elexon BMRS FUELHH
2025-02-24T18:30:00Z,Hydro,666.000,Elexon BMRS FUELHH
2025-02-24T18:30:00Z,Imports & Exports,6090.000,Elexon BMRS FUELHH
2025-02-24T18:30:00Z,Nuclear,4679.000,Elexon BMRS FUELHH
2025-02-24T18:30:00Z,Other,1566.000,Elexon BMRS FUELHH
2025-02-24T18:30:00Z,Pumped Storage,1824.000,Elexon BMRS FUELHH
2025-02-24T18:30:00Z,Wind,11017.000,Elexon BMRS FUELHH
2025-02-24T19:00:00Z,Biomass,1275.000,Elexon BMRS FUELHH
2025-02-24T19:00:00Z,Coal,0.000,Elexon BMRS FUELHH
2025-02-24T19:00:00Z,Gas,10591.000,Elexon BMRS FUELHH
2025-02-24T19:00:00Z,Hydro,690.000,Elexon BMRS FUELHH
2025-02-24T19:00:00Z,Imports & Exports,7336.000,Elexon BMRS FUELHH
2025-02-24T19:00:00Z,Nuclear,4682.000,Elexon BMRS FUELHH
2025-02-24T19:00:00Z,Other,778.000,Elexon BMRS FUELHH
2025-02-24T19:00:00Z,Pumped Storage,1562.000,Elexon BMRS FUELHH
2025-02-24T19:00:00Z,Wind,10733.000,Elexon BMRS FUELHH
2025-02-24T19:30:00Z,Biomass,1283.000,Elexon BMRS FUELHH
2025-02-24T19:30:00Z,Coal,0.000,Elexon BMRS FUELHH
2025-02-24T19:30:00Z,Gas,9862.000,Elexon BMRS FUELHH
2025-02-24T19:30:00Z,Hydro,687.000,Elexon BMRS FUELHH
2025-02-24T19:30:00Z,Imports & Exports,7374.000,Elexon BMRS FUELHH
2025-02-24T19:30:00Z,Nuclear,4678.000,Elexon BMRS FUELHH
2025-02-24T19:30:00Z,Other,367.000,Elexon BMRS FUELHH
2025-02-24T19:30:00Z,Pumped Storage,1124.000,Elexon BMRS FUELHH
2025-02-24T19:30:00Z,Wind,10914.000,Elexon BMRS FUELHH
2025-02-24T20:00:00Z,Biomass,1286.000,Elexon BMRS FUELHH
2025-02-24T20:00:00Z,Coal,0.000,Elexon BMRS FUELHH
2025-02-24T20:00:00Z,Gas,9662.000,Elexon BMRS FUELHH
2025-02-24T20:00:00Z,Hydro,688.000,Elexon BMRS FUELHH
2025-02-24T20:00:00Z,Imports & Exports,6928.000,Elexon BMRS FUELHH
2025-02-24T20:00:00Z,Nuclear,4667.000,Elexon BMRS FUELHH
2025-02-24T20:00:00Z,Other,376.000,Elexon BMRS FUELHH
2025-02-24T20:00:00Z,Pumped Storage,628.000,Elexon BMRS FUELHH
2025-02-24T20:00:00Z,Wind,10741.000,Elexon BMRS FUELHH
2025-02-24T20:30:00Z,Biomass,1282.000,Elexon BMRS FUELHH
2025-02-24T20:30:00Z,Coal,0.000,Elexon BMRS FUELHH
2025-02-24T20:30:00Z,Gas,8700.000,Elexon BMRS FUELHH
2025-02-24T20:30:00Z,Hydro,689.000,Elexon BMRS FUELHH
2025-02-24T20:30:00Z,Imports & Exports,6920.000,Elexon BMRS FUELHH
2025-02-24T20:30:00Z,Nuclear,4669.000,Elexon BMRS FUELHH
2025-02-24T20:30:00Z,Other,299.000,Elexon BMRS FUELHH
2025-02-24T20:30:00Z,Pumped Storage,578.000,Elexon BMRS FUELHH
2025-02-24T20:30:00Z,Wind,10550.000,Elexon BMRS FUELHH
2025-02-24T21:00:00Z,Biomass,1281.000,Elexon BMRS FUELHH
2025-02-24T21:00:00Z,Coal,0.000,Elexon BMRS FUELHH
2025-02-24T21:00:00Z,Gas,7287.000,Elexon BMRS FUELHH
2025-02-24T21:00:00Z,Hydro,678.000,Elexon BMRS FUELHH
2025-02-24T21:00:00Z,Imports & Exports,6542.000,Elexon BMRS FUELHH
2025-02-24T21:00:00Z,Nuclear,4670.000,Elexon BMRS FUELHH
2025-02-24T21:00:00Z,Other,441.000,Elexon BMRS FUELHH
2025-02-24T21:00:00Z,Pumped Storage,578.000,Elexon BMRS FUELHH
2025-02-24T21:00:00Z,Wind,10495.000,Elexon BMRS FUELHH
2025-02-24T21:30:00Z,Biomass,1272.000,Elexon BMRS FUELHH
2025-02-24T21:30:00Z,Coal,0.000,Elexon BMRS FUELHH
2025-02-24T21:30:00Z,Gas,6036.000,Elexon BMRS FUELHH
2025-02-24T21:30:00Z,Hydro,675.000,Elexon BMRS FUELHH
2025-02-24T21:30:00Z,Imports & Exports,6574.000,Elexon BMRS FUELHH
2025-02-24T21:30:00Z,Nuclear,4687.000,Elexon BMRS FUELHH
2025-02-24T21:30:00Z,Other,197.000,Elexon BMRS FUELHH
2025-02-24T21:30:00Z,Pumped Storage,412.000,Elexon BMRS FUELHH
2025-02-24T21:30:00Z,Wind,11079.000,Elexon BMRS FUELHH
2025-02-24T22:00:00Z,Biomass,1274.000,Elexon BMRS FUELHH
2025-02-24T22:00:00Z,Coal,0.000,Elexon BMRS FUELHH
2025-02-24T22:00:00Z,Gas,4901.000,Elexon BMRS FUELHH
2025-02-24T22:00:00Z,Hydro,654.000,Elexon BMRS FUELHH
2025-02-24T22:00:00Z,Imports & Exports,5898.000,Elexon BMRS FUELHH
2025-02-24T22:00:00Z,Nuclear,4687.000,Elexon BMRS FUELHH
2025-02-24T22:00:00Z,Other,225.000,Elexon BMRS FUELHH
2025-02-24T22:00:00Z,Pumped Storage,-6.000,Elexon BMRS FUELHH
2025-02-24T22:00:00Z,Wind,11362.000,Elexon BMRS FUELHH
2025-02-24T22:30:00Z,Biomass,1276.000,Elexon BMRS FUELHH
2025-02-24T22:30:00Z,Coal,0.000,Elexon BMRS FUELHH
2025-02-24T22:30:00Z,Gas,3923.000,Elexon BMRS FUELHH
2025-02-24T22:30:00Z,Hydro,651.000,Elexon BMRS FUELHH
2025-02-24T22:30:00Z,Imports & Exports,5666.000,Elexon BMRS FUELHH
2025-02-24T22:30:00Z,Nuclear,4684.000,Elexon BMRS FUELHH
2025-02-24T22:30:00Z,Other,219.000,Elexon BMRS FUELHH
2025-02-24T22:30:00Z,Pumped Storage,14.000,Elexon BMRS FUELHH
2025-02-24T22:30:00Z,Wind,11323.000,Elexon BMRS FUELHH
2025-02-24T23:00:00Z,Biomass,1271.000,Elexon BMRS FUELHH
2025-02-24T23:00:00Z,Coal,0.000,Elexon BMRS FUELHH
2025-02-24T23:00:00Z,Gas,4129.000,Elexon BMRS FUELHH
2025-02-24T23:00:00Z,Hydro,605.000,Elexon BMRS FUELHH
2025-02-24T23:00:00Z,Imports & Exports,3140.000,Elexon BMRS FUELHH
2025-02-24T23:00:00Z,Nuclear,4691.000,Elexon BMRS FUELHH
2025-02-24T23:00:00Z,Other,180.000,Elexon BMRS FUELHH
2025-02-24T23:00:00Z,Pumped Storage,-88.000,Elexon BMRS FUELHH
2025-02-24T23:00:00Z,Wind,11890.000,Elexon BMRS FUELHH
2025-02-24T23:30:00Z,Biomass,1332.000,Elexon BMRS FUELHH
2025-02-24T23:30:00Z,Coal,0.000,Elexon BMRS FUELHH
2025-02-24T23:30:00Z,Gas,3737.000,Elexon BMRS FUELHH
2025-02-24T23:30:00Z,Hydro,602.000,Elexon BMRS FUELHH
2025-02-24T23:30:00Z,Imports & Exports,2978.000,Elexon BMRS FUELHH
2025-02-24T23:30:00Z,Nuclear,4684.000,Elexon BMRS FUELHH
2025-02-24T23:30:00Z,Other,271.000,Elexon BMRS FUELHH
2025-02-24T23:30:00Z,Pumped Storage,-316.000,Elexon BMRS FUELHH
2025-02-24T23:30:00Z,Wind,11734.000,Elexon BMRS FUELHH
2025-02-25T00:00:00Z,Biomass,1340.000,Elexon BMRS FUELHH
2025-02-25T00:00:00Z,Coal,0.000,Elexon BMRS FUELHH
2025-02-25T00:00:00Z,Gas,3915.000,Elexon BMRS FUELHH
2025-02-25T00:00:00Z,Hydro,601.000,Elexon BMRS FUELHH
2025-02-25T00:00:00Z,Imports & Exports,3388.000,Elexon BMRS FUELHH
2025-02-25T00:00:00Z,Nuclear,4690.000,Elexon BMRS FUELHH
2025-02-25T00:00:00Z,Other,263.000,Elexon BMRS FUELHH
2025-02-25T00:00:00Z,Pumped Storage,-396.000,Elexon BMRS FUELHH
2025-02-25T00:00:00Z,Wind,11317.000,Elexon BMRS FUELHH
2025-02-25T00:30:00Z,Biomass,1341.000,Elexon BMRS FUELHH
2025-02-25T00:30:00Z,Coal,0.000,Elexon BMRS FUELHH
2025-02-25T00:30:00Z,Gas,4331.000,Elexon BMRS FUELHH
2025-02-25T00:30:00Z,Hydro,601.000,Elexon BMRS FUELHH
2025-02-25T00:30:00Z,Imports & Exports,3540.000,Elexon BMRS FUELHH
2025-02-25T00:30:00Z,Nuclear,4693.000,Elexon BMRS FUELHH
2025-02-25T00:30:00Z,Other,354.000,Elexon BMRS FUELHH
2025-02-25T00:30:00Z,Pumped Storage,-462.000,Elexon BMRS FUELHH
2025-02-25T00:30:00Z,Wind,11481.000,Elexon BMRS FUELHH
2025-02-25T01:00:00Z,Biomass,1340.000,Elexon BMRS FUELHH
2025-02-25T01:00:00Z,Coal,0.000,Elexon BMRS FUELHH
2025-02-25T01:00:00Z,Gas,4629.000,Elexon BMRS FUELHH
2025-02-25T01:00:00Z,Hydro,601.000,Elexon BMRS FUELHH
2025-02-25T01:00:00Z,Imports & Exports,3318.000,Elexon BMRS FUELHH
2025-02-25T01:00:00Z,Nuclear,4700.000,Elexon BMRS FUELHH
2025-02-25T01:00:00Z,Other,308.000,Elexon BMRS FUELHH
2025-02-25T01:00:00Z,Pumped Storage,-874.000,Elexon BMRS FUELHH
2025-02-25T01:00:00Z,Wind,11587.000,Elexon BMRS FUELHH
2025-02-25T01:30:00Z,Biomass,1333.000,Elexon BMRS FUELHH
2025-02-25T01:30:00Z,Coal,0.000,Elexon BMRS FUELHH
2025-02-25T01:30:00Z,Gas,4363.000,Elexon BMRS FUELHH
2025-02-25T01:30:00Z,Hydro,598.000,Elexon BMRS FUELHH
2025-02-25T01:30:00Z,Imports & Exports,3320.000,Elexon BMRS FUELHH
2025-02-25T01:30:00Z,Nuclear,4709.000,Elexon BMRS FUELHH
2025-02-25T01:30:00Z,Other,197.000,Elexon BMRS FUELHH
2025-02-25T01:30:00Z,Pumped Storage,-964.000,Elexon BMRS FUELHH
2025-02-25T01:30:00Z,Wind,11614.000,Elexon BMRS FUELHH
2025-02-25T02:00:00Z,Biomass,1332.000,Elexon BMRS FUELHH
2025-02-25T02:00:00Z,Coal,0.000,Elexon BMRS FUELHH
2025-02-25T02:00:00Z,Gas,3788.000,Elexon BMRS FUELHH
2025-02-25T02:00:00Z,Hydro,597.000,Elexon BMRS FUELHH
2025-02-25T02:00:00Z,Imports & Exports,3334.000,Elexon BMRS FUELHH
2025-02-25T02:00:00Z,Nuclear,4710.000,Elexon BMRS FUELHH
2025-02-25T02:00:00Z,Other,196.000,Elexon BMRS FUELHH
2025-02-25T02:00:00Z,Pumped Storage,-842.000,Elexon BMRS FUELHH
2025-02-25T02:00:00Z,Wind,11545.000,Elexon BMRS FUELHH
2025-02-25T02:30:00Z,Biomass,1328.000,Elexon BMRS FUELHH
2025-02-25T02:30:00Z,Coal,0.000,Elexon BMRS FUELHH
2025-02-25T02:30:00Z,Gas,3587.000,Elexon BMRS FUELHH
2025-02-25T02:30:00Z,Hydro,609.000,Elexon BMRS FUELHH
2025-02-25T02:30:00Z,Imports & Exports,3394.000,Elexon BMRS FUELHH
2025-02-25T02:30:00Z,Nuclear,4702.000,Elexon BMRS FUELHH
2025-02-25T02:30:00Z,Other,192.000,Elexon BMRS FUELHH
2025-02-25T02:30:00Z,Pumped Storage,-822.000,Elexon BMRS FUELHH
2025-02-25T02:30:00Z,Wind,11261.000,Elexon BMRS FUELHH
2025-02-25T03:00:00Z,Biomass,1323.000,Elexon BMRS FUELHH
2025-02-25T03:00:00Z,Coal,0.000,Elexon BMRS FUELHH
2025-02-25T03:00:00Z,Gas,3973.000,Elexon BMRS FUELHH
2025-02-25T03:00:00Z,Hydro,606.000,Elexon BMRS FUELHH
2025-02-25T03:00:00Z,Imports & Exports,2948.000,Elexon BMRS FUELHH
2025-02-25T03:00:00Z,Nuclear,4703.000,Elexon BMRS FUELHH
2025-02-25T03:00:00Z,Other,231.000,Elexon BMRS FUELHH
2025-02-25T03:00:00Z,Pumped Storage,-670.000,Elexon BMRS FUELHH
2025-02-25T03:00:00Z,Wind,10518.000,Elexon BMRS FUELHH
2025-02-25T03:30:00Z,Biomass,1326.000,Elexon BMRS FUELHH
2025-02-25T03:30:00Z,Coal,0.000,Elexon BMRS FUELHH
2025-02-25T03:30:00Z,Gas,4365.000,Elexon BMRS FUELHH
2025-02-25T03:30:00Z,Hydro,593.000,Elexon BMRS FUELHH
2025-02-25T03:30:00Z,Imports & Exports,2850.000,Elexon BMRS FUELHH
2025-02-25T03:30:00Z,Nuclear,4703.000,Elexon BMRS FUELHH
2025-02-25T03:30:00Z,Other,214.000,Elexon BMRS FUELHH
2025-02-25T03:30:00Z,Pumped Storage,-596.000,Elexon BMRS FUELHH
2025-02-25T03:30:00Z,Wind,9769.000,Elexon BMRS FUELHH
2025-02-25T04:00:00Z,Biomass,1347.000,Elexon BMRS FUELHH
2025-02-25T04:00:00Z,Coal,0.000,Elexon BMRS FUELHH
2025-02-25T04:00:00Z,Gas,5059.000,Elexon BMRS FUELHH
2025-02-25T04:00:00Z,Hydro,593.000,Elexon BMRS FUELHH
2025-02-25T04:00:00Z,Imports & Exports,1660.000,Elexon BMRS FUELHH
2025-02-25T04:00:00Z,Nuclear,4705.000,Elexon BMRS FUELHH
2025-02-25T04:00:00Z,Other,233.000,Elexon BMRS FUELHH
2025-02-25T04:00:00Z,Pumped Storage,-490.000,Elexon BMRS FUELHH
2025-02-25T04:00:00Z,Wind,9251.000,Elexon BMRS FUELHH
2025-02-25T04:30:00Z,Biomass,1387.000,Elexon BMRS FUELHH
2025-02-25T04:30:00Z,Coal,0.000,Elexon BMRS FUELHH
2025-02-25T04:30:00Z,Gas,5412.000,Elexon BMRS FUELHH
2025-02-25T04:30:00Z,Hydro,582.000,Elexon BMRS FUELHH
2025-02-25T04:30:00Z,Imports & Exports,1634.000,Elexon BMRS FUELHH
2025-02-25T04:30:00Z,Nuclear,4702.000,Elexon BMRS FUELHH
2025-02-25T04:30:00Z,Other,286.000,Elexon BMRS FUELHH
2025-02-25T04:30:00Z,Pumped Storage,-376.000,Elexon BMRS FUELHH
2025-02-25T04:30:00Z,Wind,8726.000,Elexon BMRS FUELHH
2025-02-25T05:00:00Z,Biomass,1489.000,Elexon BMRS FUELHH
2025-02-25T05:00:00Z,Coal,0.000,Elexon BMRS FUELHH
2025-02-25T05:00:00Z,Gas,6328.000,Elexon BMRS FUELHH
2025-02-25T05:00:00Z,Hydro,587.000,Elexon BMRS FUELHH
2025-02-25T05:00:00Z,Imports & Exports,1136.000,Elexon BMRS FUELHH
2025-02-25T05:00:00Z,Nuclear,4699.000,Elexon BMRS FUELHH
2025-02-25T05:00:00Z,Other,483.000,Elexon BMRS FUELHH
2025-02-25T05:00:00Z,Pumped Storage,-160.000,Elexon BMRS FUELHH
2025-02-25T05:00:00Z,Wind,8393.000,Elexon BMRS FUELHH
2025-02-25T05:30:00Z,Biomass,1539.000,Elexon BMRS FUELHH
2025-02-25T05:30:00Z,Coal,0.000,Elexon BMRS FUELHH
2025-02-25T05:30:00Z,Gas,8057.000,Elexon BMRS FUELHH
2025-02-25T05:30:00Z,Hydro,590.000,Elexon BMRS FUELHH
2025-02-25T05:30:00Z,Imports & Exports,1066.000,Elexon BMRS FUELHH
2025-02-25T05:30:00Z,Nuclear,4702.000,Elexon BMRS FUELHH
2025-02-25T05:30:00Z,Other,312.000,Elexon BMRS FUELHH
2025-02-25T05:30:00Z,Pumped Storage,-132.000,Elexon BMRS FUELHH
2025-02-25T05:30:00Z,Wind,8409.000,Elexon BMRS FUELHH
2025-02-25T06:00:00Z,Biomass,1656.000,Elexon BMRS FUELHH
2025-02-25T06:00:00Z,Coal,0.000,Elexon BMRS FUELHH
2025-02-25T06:00:00Z,Gas,10384.000,Elexon BMRS FUELHH
2025-02-25T06:00:00Z,Hydro,588.000,Elexon BMRS FUELHH
2025-02-25T06:00:00Z,Imports & Exports,1594.000,Elexon BMRS FUELHH
2025-02-25T06:00:00Z,Nuclear,4704.000,Elexon BMRS FUELHH
2025-02-25T06:00:00Z,Other,226.000,Elexon BMRS FUELHH
2025-02-25T06:00:00Z,Pumped Storage,-14.000,Elexon BMRS FUELHH
2025-02-25T06:00:00Z,Wind,8204.000,Elexon BMRS FUELHH
2025-02-25T06:30:00Z,Biomass,1979.000,Elexon BMRS FUELHH
2025-02-25T06:30:00Z,Coal,0.000,Elexon BMRS FUELHH
2025-02-25T06:30:00Z,Gas,12769.000,Elexon BMRS FUELHH
2025-02-25T06:30:00Z,Hydro,590.000,Elexon BMRS FUELHH
2025-02-25T06:30:00Z,Imports & Exports,1638.000,Elexon BMRS FUELHH
2025-02-25T06:30:00Z,Nuclear,4708.000,Elexon BMRS FUELHH
2025-02-25T06:30:00Z,Other,316.000,Elexon BMRS FUELHH
2025-02-25T06:30:00Z,Pumped Storage,-24.000,Elexon BMRS FUELHH
2025-02-25T06:30:00Z,Wind,8059.000,Elexon BMRS FUELHH
2025-02-25T07:00:00Z,Biomass,2244.000,Elexon BMRS FUELHH
2025-02-25T07:00:00Z,Coal,0.000,Elexon BMRS FUELHH
2025-02-25T07:00:00Z,Gas,14074.000,Elexon BMRS FUELHH
2025-02-25T07:00:00Z,Hydro,670.000,Elexon BMRS FUELHH
2025-02-25T07:00:00Z,Imports & Exports,2330.000,Elexon BMRS FUELHH
2025-02-25T07:00:00Z,Nuclear,4704.000,Elexon BMRS FUELHH
2025-02-25T07:00:00Z,Other,412.000,Elexon BMRS FUELHH
2025-02-25T07:00:00Z,Pumped Storage,102.000,Elexon BMRS FUELHH
2025-02-25T07:00:00Z,Wind,8198.000,Elexon BMRS FUELHH
2025-02-25T07:30:00Z,Biomass,2417.000,Elexon BMRS FUELHH
2025-02-25T07:30:00Z,Coal,0.000,Elexon BMRS FUELHH
2025-02-25T07:30:00Z,Gas,14640.000,Elexon BMRS FUELHH
2025-02-25T07:30:00Z,Hydro,703.000,Elexon BMRS FUELHH
2025-02-25T07:30:00Z,Imports & Exports,2086.000,Elexon BMRS FUELHH
2025-02-25T07:30:00Z,Nuclear,4709.000,Elexon BMRS FUELHH
2025-02-25T07:30:00Z,Other,793.000,Elexon BMRS FUELHH
2025-02-25T07:30:00Z,Pumped Storage,244.000,Elexon BMRS FUELHH
2025-02-25T07:30:00Z,Wind,7950.000,Elexon BMRS FUELHH
2025-02-25T08:00:00Z,Biomass,2548.000,Elexon BMRS FUELHH
2025-02-25T08:00:00Z,Coal,0.000,Elexon BMRS FUELHH
2025-02-25T08:00:00Z,Gas,15040.000,Elexon BMRS FUELHH
2025-02-25T08:00:00Z,Hydro,699.000,Elexon BMRS FUELHH
2025-02-25T08:00:00Z,Imports & Exports,2464.000,Elexon BMRS FUELHH
2025-02-25T08:00:00Z,Nuclear,4705.000,Elexon BMRS FUELHH
2025-02-25T08:00:00Z,Other,470.000,Elexon BMRS FUELHH
2025-02-25T08:00:00Z,Pumped Storage,248.000,Elexon BMRS FUELHH
2025-02-25T08:00:00Z,Wind,7847.000,Elexon BMRS FUELHH
2025-02-25T08:30:00Z,Biomass,2556.000,Elexon BMRS FUELHH
2025-02-25T08:30:00Z,Coal,0.000,Elexon BMRS FUELHH
2025-02-25T08:30:00Z,Gas,14872.000,Elexon BMRS FUELHH
2025-02-25T08:30:00Z,Hydro,698.000,Elexon BMRS FUELHH
2025-02-25T08:30:00Z,Imports & Exports,2388.000,Elexon BMRS FUELHH
2025-02-25T08:30:00Z,Nuclear,4704.000,Elexon BMRS FUELHH
2025-02-25T08:30:00Z,Other,600.000,Elexon BMRS FUELHH
2025-02-25T08:30:00Z,Pumped Storage,250.000,Elexon BMRS FUELHH
2025-02-25T08:30:00Z,Wind,7776.000,Elexon BMRS FUELHH
2025-02-25T09:00:00Z,Biomass,2545.000,Elexon BMRS FUELHH
2025-02-25T09:00:00Z,Coal,0.000,Elexon BMRS FUELHH
2025-02-25T09:00:00Z,Gas,14189.000,Elexon BMRS FUELHH
2025-02-25T09:00:00Z,Hydro,697.000,Elexon BMRS FUELHH
2025-02-25T09:00:00Z,Imports & Exports,2688.000,Elexon BMRS FUELHH
2025-02-25T09:00:00Z,Nuclear,4707.000,Elexon BMRS FUELHH
2025-02-25T09:00:00Z,Other,402.000,Elexon BMRS FUELHH
2025-02-25T09:00:00Z,Pumped Storage,94.000,Elexon BMRS FUELHH
2025-02-25T09:00:00Z,Wind,7879.000,Elexon BMRS FUELHH
2025-02-25T09:30:00Z,Biomass,2550.000,Elexon BMRS FUELHH
2025-02-25T09:30:00Z,Coal,0.000,Elexon BMRS FUELHH
2025-02-25T09:30:00Z,Gas,13219.000,Elexon BMRS FUELHH
2025-02-25T09:30:00Z,Hydro,689.000,Elexon BMRS FUELHH
2025-02-25T09:30:00Z,Imports & Exports,2844.000,Elexon BMRS FUELHH
2025-02-25T09:30:00Z,Nuclear,4705.000,Elexon BMRS FUELHH
2025-02-25T09:30:00Z,Other,338.000,Elexon BMRS FUELHH
2025-02-25T09:30:00Z,Pumped Storage,-20.000,Elexon BMRS FUELHH
2025-02-25T09:30:00Z,Wind,7825.000,Elexon BMRS FUELHH
2025-02-25T10:00:00Z,Biomass,2552.000,Elexon BMRS FUELHH
2025-02-25T10:00:00Z,Coal,0.000,Elexon BMRS FUELHH
2025-02-25T10:00:00Z,Gas,12372.000,Elexon BMRS FUELHH
2025-02-25T10:00:00Z,Hydro,658.000,Elexon BMRS FUELHH
2025-02-25T10:00:00Z,Imports & Exports,2968.000,Elexon BMRS FUELHH
2025-02-25T10:00:00Z,Nuclear,4706.000,Elexon BMRS FUELHH
2025-02-25T10:00:00Z,Other,410.000,Elexon BMRS FUELHH
2025-02-25T10:00:00Z,Pumped Storage,-20.000,Elexon BMRS FUELHH
2025-02-25T10:00:00Z,Wind,7751.000,Elexon BMRS FUELHH
2025-02-25T10:30:00Z,Biomass,2653.000,Elexon BMRS FUELHH
2025-02-25T10:30:00Z,Coal,0.000,Elexon BMRS FUELHH
2025-02-25T10:30:00Z,Gas,11322.000,Elexon BMRS FUELHH
2025-02-25T10:30:00Z,Hydro,674.000,Elexon BMRS FUELHH
2025-02-25T10:30:00Z,Imports & Exports,3148.000,Elexon BMRS FUELHH
2025-02-25T10:30:00Z,Nuclear,4704.000,Elexon BMRS FUELHH
2025-02-25T10:30:00Z,Other,444.000,Elexon BMRS FUELHH
2025-02-25T10:30:00Z,Pumped Storage,-20.000,Elexon BMRS FUELHH
2025-02-25T10:30:00Z,Wind,7593.000,Elexon BMRS FUELHH
2025-02-25T11:00:00Z,Biomass,2655.000,Elexon BMRS FUELHH
2025-02-25T11:00:00Z,Coal,0.000,Elexon BMRS FUELHH
2025-02-25T11:00:00Z,Gas,10768.000,Elexon BMRS FUELHH
2025-02-25T11:00:00Z,Hydro,605.000,Elexon BMRS FUELHH
2025-02-25T11:00:00Z,Imports & Exports,3004.000,Elexon BMRS FUELHH
2025-02-25T11:00:00Z,Nuclear,4705.000,Elexon BMRS FUELHH
2025-02-25T11:00:00Z,Other,566.000,Elexon BMRS FUELHH
2025-02-25T11:00:00Z,Pumped Storage,-20.000,Elexon BMRS FUELHH
2025-02-25T11:00:00Z,Wind,7581.000,Elexon BMRS FUELHH
2025-02-25T11:30:00Z,Biomass,2765.000,Elexon BMRS FUELHH
2025-02-25T11:30:00Z,Coal,0.000,Elexon BMRS FUELHH
2025-02-25T11:30:00Z,Gas,10401.000,Elexon BMRS FUELHH
2025-02-25T11:30:00Z,Hydro,600.000,Elexon BMRS FUELHH
2025-02-25T11:30:00Z,Imports & Exports,3070.000,Elexon BMRS FUELHH
2025-02-25T11:30:00Z,Nuclear,4702.000,Elexon BMRS FUELHH
2025-02-25T11:30:00Z,Other,443.000,Elexon BMRS FUELHH
2025-02-25T11:30:00Z,Pumped Storage,16.000,Elexon BMRS FUELHH
2025-02-25T11:30:00Z,Wind,7463.000,Elexon BMRS FUELHH
2025-02-25T12:00:00Z,Biomass,2896.000,Elexon BMRS FUELHH
2025-02-25T12:00:00Z,Coal,0.000,Elexon BMRS FUELHH
2025-02-25T12:00:00Z,Gas,10835.000,Elexon BMRS FUELHH
2025-02-25T12:00:00Z,Hydro,573.000,Elexon BMRS FUELHH
2025-02-25T12:00:00Z,Imports & Exports,2672.000,Elexon BMRS FUELHH
2025-02-25T12:00:00Z,Nuclear,4704.000,Elexon BMRS FUELHH
2025-02-25T12:00:00Z,Other,516.000,Elexon BMRS FUELHH
2025-02-25T12:00:00Z,Pumped Storage,202.000,Elexon BMRS FUELHH
2025-02-25T12:00:00Z,Wind,7502.000,Elexon BMRS FUELHH
2025-02-25T12:30:00Z,Biomass,3039.000,Elexon BMRS FUELHH
2025-02-25T12:30:00Z,Coal,0.000,Elexon BMRS FUELHH
2025-02-25T12:30:00Z,Gas,10641.000,Elexon BMRS FUELHH
2025-02-25T12:30:00Z,Hydro,573.000,Elexon BMRS FUELHH
2025-02-25T12:30:00Z,Imports & Exports,2646.000,Elexon BMRS FUELHH
2025-02-25T12:30:00Z,Nuclear,4697.000,Elexon BMRS FUELHH
2025-02-25T12:30:00Z,Other,477.000,Elexon BMRS FUELHH
2025-02-25T12:30:00Z,Pumped Storage,58.000,Elexon BMRS FUELHH
2025-02-25T12:30:00Z,Wind,7363.000,Elexon BMRS FUELHH
2025-02-25T13:00:00Z,Biomass,3175.000,Elexon BMRS FUELHH
2025-02-25T13:00:00Z,Coal,0.000,Elexon BMRS FUELHH
2025-02-25T13:00:00Z,Gas,11275.000,Elexon BMRS FUELHH
2025-02-25T13:00:00Z,Hydro,573.000,Elexon BMRS FUELHH
2025-02-25T13:00:00Z,Imports & Exports,1746.000,Elexon BMRS FUELHH
2025-02-25T13:00:00Z,Nuclear,4701.000,Elexon BMRS FUELHH
2025-02-25T13:00:00Z,Other,399.000,Elexon BMRS FUELHH
2025-02-25T13:00:00Z,Pumped Storage,286.000,Elexon BMRS FUELHH
2025-02-25T13:00:00Z,Wind,7630.000,Elexon BMRS FUELHH
2025-02-25T13:30:00Z,Biomass,3211.000,Elexon BMRS FUELHH
2025-02-25T13:30:00Z,Coal,0.000,Elexon BMRS FUELHH
2025-02-25T13:30:00Z,Gas,11759.000,Elexon BMRS FUELHH
2025-02-25T13:30:00Z,Hydro,572.000,Elexon BMRS FUELHH
2025-02-25T13:30:00Z,Imports & Exports,1722.000,Elexon BMRS FUELHH
2025-02-25T13:30:00Z,Nuclear,4696.000,Elexon BMRS FUELHH
2025-02-25T13:30:00Z,Other,280.000,Elexon BMRS FUELHH
2025-02-25T13:30:00Z,Pumped Storage,174.000,Elexon BMRS FUELHH
2025-02-25T13:30:00Z,Wind,7509.000,Elexon BMRS FUELHH
2025-02-25T14:00:00Z,Biomass,3221.000,Elexon BMRS FUELHH
2025-02-25T14:00:00Z,Coal,0.000,Elexon BMRS FUELHH
2025-02-25T14:00:00Z,Gas,11964.000,Elexon BMRS FUELHH
2025-02-25T14:00:00Z,Hydro,587.000,Elexon BMRS FUELHH
2025-02-25T14:00:00Z,Imports & Exports,1570.000,Elexon BMRS FUELHH
2025-02-25T14:00:00Z,Nuclear,4699.000,Elexon BMRS FUELHH
2025-02-25T14:00:00Z,Other,283.000,Elexon BMRS FUELHH
2025-02-25T14:00:00Z,Pumped Storage,296.000,Elexon BMRS FUELHH
2025-02-25T14:00:00Z,Wind,7420.000,Elexon BMRS FUELHH
2025-02-25T14:30:00Z,Biomass,3222.000,Elexon BMRS FUELHH
2025-02-25T14:30:00Z,Coal,0.000,Elexon BMRS FUELHH
2025-02-25T14:30:00Z,Gas,12193.000,Elexon BMRS FUELHH
2025-02-25T14:30:00Z,Hydro,563.000,Elexon BMRS FUELHH
2025-02-25T14:30:00Z,Imports & Exports,1508.000,Elexon BMRS FUELHH
2025-02-25T14:30:00Z,Nuclear,4698.000,Elexon BMRS FUELHH
2025-02-25T14:30:00Z,Other,420.000,Elexon BMRS FUELHH
2025-02-25T14:30:00Z,Pumped Storage,-18.000,Elexon BMRS FUELHH
2025-02-25T14:30:00Z,Wind,7459.000,Elexon BMRS FUELHH
2025-02-25T15:00:00Z,Biomass,3236.000,Elexon BMRS FUELHH
2025-02-25T15:00:00Z,Coal,0.000,Elexon BMRS FUELHH
2025-02-25T15:00:00Z,Gas,13164.000,Elexon BMRS FUELHH
2025-02-25T15:00:00Z,Hydro,540.000,Elexon BMRS FUELHH
2025-02-25T15:00:00Z,Imports & Exports,1770.000,Elexon BMRS FUELHH
2025-02-25T15:00:00Z,Nuclear,4699.000,Elexon BMRS FUELHH
2025-02-25T15:00:00Z,Other,403.000,Elexon BMRS FUELHH
2025-02-25T15:00:00Z,Pumped Storage,-18.000,Elexon BMRS FUELHH
2025-02-25T15:00:00Z,Wind,7254.000,Elexon BMRS FUELHH
2025-02-25T15:30:00Z,Biomass,3259.000,Elexon BMRS FUELHH
2025-02-25T15:30:00Z,Coal,0.000,Elexon BMRS FUELHH
2025-02-25T15:30:00Z,Gas,14520.000,Elexon BMRS FUELHH
2025-02-25T15:30:00Z,Hydro,542.000,Elexon BMRS FUELHH
2025-02-25T15:30:00Z,Imports & Exports,1640.000,Elexon BMRS FUELHH
2025-02-25T15:30:00Z,Nuclear,4705.000,Elexon BMRS FUELHH
2025-02-25T15:30:00Z,Other,409.000,Elexon BMRS FUELHH
2025-02-25T15:30:00Z,Pumped Storage,118.000,Elexon BMRS FUELHH
2025-02-25T15:30:00Z,Wind,7007.000,Elexon BMRS FUELHH
2025-02-25T16:00:00Z,Biomass,3231.000,Elexon BMRS FUELHH
2025-02-25T16:00:00Z,Coal,0.000,Elexon BMRS FUELHH
2025-02-25T16:00:00Z,Gas,16062.000,Elexon BMRS FUELHH
2025-02-25T16:00:00Z,Hydro,554.000,Elexon BMRS FUELHH
2025-02-25T16:00:00Z,Imports & Exports,1966.000,Elexon BMRS FUELHH
2025-02-25T16:00:00Z,Nuclear,4706.000,Elexon BMRS FUELHH
2025-02-25T16:00:00Z,Other,488.000,Elexon BMRS FUELHH
2025-02-25T16:00:00Z,Pumped Storage,206.000,Elexon BMRS FUELHH
2025-02-25T16:00:00Z,Wind,6690.000,Elexon BMRS FUELHH
2025-02-25T16:30:00Z,Biomass,3231.000,Elexon BMRS FUELHH
2025-02-25T16:30:00Z,Coal,0.000,Elexon BMRS FUELHH
2025-02-25T16:30:00Z,Gas,17123.000,Elexon BMRS FUELHH
2025-02-25T16:30:00Z,Hydro,587.000,Elexon BMRS FUELHH
2025-02-25T16:30:00Z,Imports & Exports,1814.000,Elexon BMRS FUELHH
2025-02-25T16:30:00Z,Nuclear,4707.000,Elexon BMRS FUELHH
2025-02-25T16:30:00Z,Other,576.000,Elexon BMRS FUELHH
2025-02-25T16:30:00Z,Pumped Storage,172.000,Elexon BMRS FUELHH
2025-02-25T16:30:00Z,Wind,6840.000,Elexon BMRS FUELHH
2025-02-25T17:00:00Z,Biomass,3236.000,Elexon BMRS FUELHH
2025-02-25T17:00:00Z,Coal,0.000,Elexon BMRS FUELHH
2025-02-25T17:00:00Z,Gas,17901.000,Elexon BMRS FUELHH
2025-02-25T17:00:00Z,Hydro,695.000,Elexon BMRS FUELHH
2025-02-25T17:00:00Z,Imports & Exports,1924.000,Elexon BMRS FUELHH
2025-02-25T17:00:00Z,Nuclear,4708.000,Elexon BMRS FUELHH
2025-02-25T17:00:00Z,Other,709.000,Elexon BMRS FUELHH
2025-02-25T17:00:00Z,Pumped Storage,1102.000,Elexon BMRS FUELHH
2025-02-25T17:00:00Z,Wind,6959.000,Elexon BMRS FUELHH
2025-02-25T17:30:00Z,Biomass,3236.000,Elexon BMRS FUELHH
2025-02-25T17:30:00Z,Coal,0.000,Elexon BMRS FUELHH
2025-02-25T17:30:00Z,Gas,18668.000,Elexon BMRS FUELHH
2025-02-25T17:30:00Z,Hydro,837.000,Elexon BMRS FUELHH
2025-02-25T17:30:00Z,Imports & Exports,1918.000,Elexon BMRS FUELHH
2025-02-25T17:30:00Z,Nuclear,4710.000,Elexon BMRS FUELHH
2025-02-25T17:30:00Z,Other,1226.000,Elexon BMRS FUELHH
2025-02-25T17:30:00Z,Pumped Storage,1314.000,Elexon BMRS FUELHH
2025-02-25T17:30:00Z,Wind,6729.000,Elexon BMRS FUELHH
2025-02-25T18:00:00Z,Biomass,3236.000,Elexon BMRS FUELHH
2025-02-25T18:00:00Z,Coal,0.000,Elexon BMRS FUELHH
2025-02-25T18:00:00Z,Gas,19077.000,Elexon BMRS FUELHH
2025-02-25T18:00:00Z,Hydro,766.000,Elexon BMRS FUELHH
2025-02-25T18:00:00Z,Imports & Exports,1364.000,Elexon BMRS FUELHH
2025-02-25T18:00:00Z,Nuclear,4715.000,Elexon BMRS FUELHH
2025-02-25T18:00:00Z,Other,1215.000,Elexon BMRS FUELHH
2025-02-25T18:00:00Z,Pumped Storage,1516.000,Elexon BMRS FUELHH
2025-02-25T18:00:00Z,Wind,6769.000,Elexon BMRS FUELHH
2025-02-25T18:30:00Z,Biomass,3234.000,Elexon BMRS FUELHH
2025-02-25T18:30:00Z,Coal,0.000,Elexon BMRS FUELHH
2025-02-25T18:30:00Z,Gas,19185.000,Elexon BMRS FUELHH
2025-02-25T18:30:00Z,Hydro,715.000,Elexon BMRS FUELHH
2025-02-25T18:30:00Z,Imports & Exports,1352.000,Elexon BMRS FUELHH
2025-02-25T18:30:00Z,Nuclear,4717.000,Elexon BMRS FUELHH
2025-02-25T18:30:00Z,Other,1288.000,Elexon BMRS FUELHH
2025-02-25T18:30:00Z,Pumped Storage,1314.000,Elexon BMRS FUELHH
2025-02-25T18:30:00Z,Wind,6937.000,Elexon BMRS FUELHH
2025-02-25T19:00:00Z,Biomass,3238.000,Elexon BMRS FUELHH
2025-02-25T19:00:00Z,Coal,0.000,Elexon BMRS FUELHH
2025-02-25T19:00:00Z,Gas,19153.000,Elexon BMRS FUELHH
2025-02-25T19:00:00Z,Hydro,855.000,Elexon BMRS FUELHH
2025-02-25T19:00:00Z,Imports & Exports,1434.000,Elexon BMRS FUELHH
2025-02-25T19:00:00Z,Nuclear,4709.000,Elexon BMRS FUELHH
2025-02-25T19:00:00Z,Other,946.000,Elexon BMRS FUELHH
2025-02-25T19:00:00Z,Pumped Storage,1238.000,Elexon BMRS FUELHH
2025-02-25T19:00:00Z,Wind,6943.000,Elexon BMRS FUELHH
2025-02-25T19:30:00Z,Biomass,3233.000,Elexon BMRS FUELHH
2025-02-25T19:30:00Z,Coal,0.000,Elexon BMRS FUELHH
2025-02-25T19:30:00Z,Gas,19060.000,Elexon BMRS FUELHH
2025-02-25T19:30:00Z,Hydro,703.000,Elexon BMRS FUELHH
2025-02-25T19:30:00Z,Imports & Exports,1420.000,Elexon BMRS FUELHH
2025-02-25T19:30:00Z,Nuclear,4711.000,Elexon BMRS FUELHH
2025-02-25T19:30:00Z,Other,478.000,Elexon BMRS FUELHH
2025-02-25T19:30:00Z,Pumped Storage,986.000,Elexon BMRS FUELHH
2025-02-25T19:30:00Z,Wind,7402.000,Elexon BMRS FUELHH
2025-02-25T20:00:00Z,Biomass,3237.000,Elexon BMRS FUELHH
2025-02-25T20:00:00Z,Coal,0.000,Elexon BMRS FUELHH
2025-02-25T20:00:00Z,Gas,18837.000,Elexon BMRS FUELHH
2025-02-25T20:00:00Z,Hydro,651.000,Elexon BMRS FUELHH
2025-02-25T20:00:00Z,Imports & Exports,944.000,Elexon BMRS FUELHH
2025-02-25T20:00:00Z,Nuclear,4708.000,Elexon BMRS FUELHH
2025-02-25T20:00:00Z,Other,454.000,Elexon BMRS FUELHH
2025-02-25T20:00:00Z,Pumped Storage,736.000,Elexon BMRS FUELHH
2025-02-25T20:00:00Z,Wind,7336.000,Elexon BMRS FUELHH
2025-02-25T20:30:00Z,Biomass,3237.000,Elexon BMRS FUELHH
2025-02-25T20:30:00Z,Coal,0.000,Elexon BMRS FUELHH
2025-02-25T20:30:00Z,Gas,18255.000,Elexon BMRS FUELHH
2025-02-25T20:30:00Z,Hydro,645.000,Elexon BMRS FUELHH
2025-02-25T20:30:00Z,Imports & Exports,1038.000,Elexon BMRS FUELHH
2025-02-25T20:30:00Z,Nuclear,4710.000,Elexon BMRS FUELHH
2025-02-25T20:30:00Z,Other,379.000,Elexon BMRS FUELHH
2025-02-25T20:30:00Z,Pumped Storage,208.000,Elexon BMRS FUELHH
2025-02-25T20:30:00Z,Wind,7277.000,Elexon BMRS FUELHH
2025-02-25T21:00:00Z,Biomass,3235.000,Elexon BMRS FUELHH
2025-02-25T21:00:00Z,Coal,0.000,Elexon BMRS FUELHH
2025-02-25T21:00:00Z,Gas,16219.000,Elexon BMRS FUELHH
2025-02-25T21:00:00Z,Hydro,615.000,Elexon BMRS FUELHH
2025-02-25T21:00:00Z,Imports & Exports,1702.000,Elexon BMRS FUELHH
2025-02-25T21:00:00Z,Nuclear,4704.000,Elexon BMRS FUELHH
2025-02-25T21:00:00Z,Other,376.000,Elexon BMRS FUELHH
2025-02-25T21:00:00Z,Pumped Storage,118.000,Elexon BMRS FUELHH
2025-02-25T21:00:00Z,Wind,6890.000,Elexon BMRS FUELHH
2025-02-25T21:30:00Z,Biomass,3235.000,Elexon BMRS FUELHH
2025-02-25T21:30:00Z,Coal,0.000,Elexon BMRS FUELHH
2025-02-25T21:30:00Z,Gas,14350.000,Elexon BMRS FUELHH
2025-02-25T21:30:00Z,Hydro,655.000,Elexon BMRS FUELHH
2025-02-25T21:30:00Z,Imports & Exports,2034.000,Elexon BMRS FUELHH
2025-02-25T21:30:00Z,Nuclear,4707.000,Elexon BMRS FUELHH
2025-02-25T21:30:00Z,Other,341.000,Elexon BMRS FUELHH
2025-02-25T21:30:00Z,Pumped Storage,192.000,Elexon BMRS FUELHH
2025-02-25T21:30:00Z,Wind,6642.000,Elexon BMRS FUELHH
2025-02-25T22:00:00Z,Biomass,3240.000,Elexon BMRS FUELHH
2025-02-25T22:00:00Z,Coal,0.000,Elexon BMRS FUELHH
2025-02-25T22:00:00Z,Gas,12583.000,Elexon BMRS FUELHH
2025-02-25T22:00:00Z,Hydro,569.000,Elexon BMRS FUELHH
2025-02-25T22:00:00Z,Imports & Exports,2502.000,Elexon BMRS FUELHH
2025-02-25T22:00:00Z,Nuclear,4711.000,Elexon BMRS FUELHH
2025-02-25T22:00:00Z,Other,244.000,Elexon BMRS FUELHH
2025-02-25T22:00:00Z,Pumped Storage,238.000,Elexon BMRS FUELHH
2025-02-25T22:00:00Z,Wind,6468.000,Elexon BMRS FUELHH
2025-02-25T22:30:00Z,Biomass,3239.000,Elexon BMRS FUELHH
2025-02-25T22:30:00Z,Coal,0.000,Elexon BMRS FUELHH
2025-02-25T22:30:00Z,Gas,11566.000,Elexon BMRS FUELHH
2025-02-25T22:30:00Z,Hydro,638.000,Elexon BMRS FUELHH
2025-02-25T22:30:00Z,Imports & Exports,2458.000,Elexon BMRS FUELHH
2025-02-25T22:30:00Z,Nuclear,4711.000,Elexon BMRS FUELHH
2025-02-25T22:30:00Z,Other,232.000,Elexon BMRS FUELHH
2025-02-25T22:30:00Z,Pumped Storage,-10.000,Elexon BMRS FUELHH
2025-02-25T22:30:00Z,Wind,6348.000,Elexon BMRS FUELHH
2025-02-25T23:00:00Z,Biomass,3240.000,Elexon BMRS FUELHH
2025-02-25T23:00:00Z,Coal,0.000,Elexon BMRS FUELHH
2025-02-25T23:00:00Z,Gas,9873.000,Elexon BMRS FUELHH
2025-02-25T23:00:00Z,Hydro,637.000,Elexon BMRS FUELHH
2025-02-25T23:00:00Z,Imports & Exports,2912.000,Elexon BMRS FUELHH
2025-02-25T23:00:00Z,Nuclear,4715.000,Elexon BMRS FUELHH
2025-02-25T23:00:00Z,Other,333.000,Elexon BMRS FUELHH
2025-02-25T23:00:00Z,Pumped Storage,-48.000,Elexon BMRS FUELHH
2025-02-25T23:00:00Z,Wind,6179.000,Elexon BMRS FUELHH
2025-02-25T23:30:00Z,Biomass,3240.000,Elexon BMRS FUELHH
2025-02-25T23:30:00Z,Coal,0.000,Elexon BMRS FUELHH
2025-02-25T23:30:00Z,Gas,8764.000,Elexon BMRS FUELHH
2025-02-25T23:30:00Z,Hydro,648.000,Elexon BMRS FUELHH
2025-02-25T23:30:00Z,Imports & Exports,3062.000,Elexon BMRS FUELHH
2025-02-25T23:30:00Z,Nuclear,4722.000,Elexon BMRS FUELHH
2025-02-25T23:30:00Z,Other,258.000,Elexon BMRS FUELHH
2025-02-25T23:30:00Z,Pumped Storage,-244.000,Elexon BMRS FUELHH
2025-02-25T23:30:00Z,Wind,6202.000,Elexon BMRS FUELHH
2025-02-26T00:00:00Z,Biomass,3210.000,Elexon BMRS FUELHH
2025-02-26T00:00:00Z,Coal,0.000,Elexon BMRS FUELHH
2025-02-26T00:00:00Z,Gas,8301.000,Elexon BMRS FUELHH
2025-02-26T00:00:00Z,Hydro,643.000,Elexon BMRS FUELHH
2025-02-26T00:00:00Z,Imports & Exports,3578.000,Elexon BMRS FUELHH
2025-02-26T00:00:00Z,Nuclear,4715.000,Elexon BMRS FUELHH
2025-02-26T00:00:00Z,Other,307.000,Elexon BMRS FUELHH
2025-02-26T00:00:00Z,Pumped Storage,-242.000,Elexon BMRS FUELHH
2025-02-26T00:00:00Z,Wind,6084.000,Elexon BMRS FUELHH
2025-02-26T00:30:00Z,Biomass,3185.000,Elexon BMRS FUELHH
2025-02-26T00:30:00Z,Coal,0.000,Elexon BMRS FUELHH
2025-02-26T00:30:00Z,Gas,8319.000,Elexon BMRS FUELHH
2025-02-26T00:30:00Z,Hydro,667.000,Elexon BMRS FUELHH
2025-02-26T00:30:00Z,Imports & Exports,3908.000,Elexon BMRS FUELHH
2025-02-26T00:30:00Z,Nuclear,4716.000,Elexon BMRS FUELHH
2025-02-26T00:30:00Z,Other,349.000,Elexon BMRS FUELHH
2025-02-26T00:30:00Z,Pumped Storage,-156.000,Elexon BMRS FUELHH
2025-02-26T00:30:00Z,Wind,5923.000,Elexon BMRS FUELHH
2025-02-26T01:00:00Z,Biomass,3237.000,Elexon BMRS FUELHH
2025-02-26T01:00:00Z,Coal,0.000,Elexon BMRS FUELHH
2025-02-26T01:00:00Z,Gas,8349.000,Elexon BMRS FUELHH
2025-02-26T01:00:00Z,Hydro,644.000,Elexon BMRS FUELHH
2025-02-26T01:00:00Z,Imports & Exports,4174.000,Elexon BMRS FUELHH
2025-02-26T01:00:00Z,Nuclear,4717.000,Elexon BMRS FUELHH
2025-02-26T01:00:00Z,Other,398.000,Elexon BMRS FUELHH
2025-02-26T01:00:00Z,Pumped Storage,-322.000,Elexon BMRS FUELHH
2025-02-26T01:00:00Z,Wind,5115.000,Elexon BMRS FUELHH
2025-02-26T01:30:00Z,Biomass,3228.000,Elexon BMRS FUELHH
2025-02-26T01:30:00Z,Coal,0.000,Elexon BMRS FUELHH
2025-02-26T01:30:00Z,Gas,8342.000,Elexon BMRS FUELHH
2025-02-26T01:30:00Z,Hydro,729.000,Elexon BMRS FUELHH
2025-02-26T01:30:00Z,Imports & Exports,4174.000,Elexon BMRS FUELHH
2025-02-26T01:30:00Z,Nuclear,4724.000,Elexon BMRS FUELHH
2025-02-26T01:30:00Z,Other,319.000,Elexon BMRS FUELHH
2025-02-26T01:30:00Z,Pumped Storage,-364.000,Elexon BMRS FUELHH
2025-02-26T01:30:00Z,Wind,4636.000,Elexon BMRS FUELHH
2025-02-26T02:00:00Z,Biomass,3235.000,Elexon BMRS FUELHH
2025-02-26T02:00:00Z,Coal,0.000,Elexon BMRS FUELHH
2025-02-26T02:00:00Z,Gas,8365.000,Elexon BMRS FUELHH
2025-02-26T02:00:00Z,Hydro,728.000,Elexon BMRS FUELHH
2025-02-26T02:00:00Z,Imports & Exports,3802.000,Elexon BMRS FUELHH
2025-02-26T02:00:00Z,Nuclear,4721.000,Elexon BMRS FUELHH
2025-02-26T02:00:00Z,Other,236.000,Elexon BMRS FUELHH
2025-02-26T02:00:00Z,Pumped Storage,-452.000,Elexon BMRS FUELHH
2025-02-26T02:00:00Z,Wind,4917.000,Elexon BMRS FUELHH
2025-02-26T02:30:00Z,Biomass,3233.000,Elexon BMRS FUELHH
2025-02-26T02:30:00Z,Coal,0.000,Elexon BMRS FUELHH
2025-02-26T02:30:00Z,Gas,8373.000,Elexon BMRS FUELHH
2025-02-26T02:30:00Z,Hydro,643.000,Elexon BMRS FUELHH
2025-02-26T02:30:00Z,Imports & Exports,3722.000,Elexon BMRS FUELHH
2025-02-26T02:30:00Z,Nuclear,4717.000,Elexon BMRS FUELHH
2025-02-26T02:30:00Z,Other,249.000,Elexon BMRS FUELHH
2025-02-26T02:30:00Z,Pumped Storage,-596.000,Elexon BMRS FUELHH
2025-02-26T02:30:00Z,Wind,4988.000,Elexon BMRS FUELHH
2025-02-26T03:00:00Z,Biomass,3220.000,Elexon BMRS FUELHH
2025-02-26T03:00:00Z,Coal,0.000,Elexon BMRS FUELHH
2025-02-26T03:00:00Z,Gas,8513.000,Elexon BMRS FUELHH
2025-02-26T03:00:00Z,Hydro,615.000,Elexon BMRS FUELHH
2025-02-26T03:00:00Z,Imports & Exports,3248.000,Elexon BMRS FUELHH
2025-02-26T03:00:00Z,Nuclear,4720.000,Elexon BMRS FUELHH
2025-02-26T03:00:00Z,Other,234.000,Elexon BMRS FUELHH
2025-02-26T03:00:00Z,Pumped Storage,-540.000,Elexon BMRS FUELHH
2025-02-26T03:00:00Z,Wind,4884.000,Elexon BMRS FUELHH
2025-02-26T03:30:00Z,Biomass,3223.000,Elexon BMRS FUELHH
2025-02-26T03:30:00Z,Coal,0.000,Elexon BMRS FUELHH
2025-02-26T03:30:00Z,Gas,8487.000,Elexon BMRS FUELHH
2025-02-26T03:30:00Z,Hydro,616.000,Elexon BMRS FUELHH
2025-02-26T03:30:00Z,Imports & Exports,3156.000,Elexon BMRS FUELHH
2025-02-26T03:30:00Z,Nuclear,4716.000,Elexon BMRS FUELHH
2025-02-26T03:30:00Z,Other,225.000,Elexon BMRS FUELHH
2025-02-26T03:30:00Z,Pumped Storage,-592.000,Elexon BMRS FUELHH
2025-02-26T03:30:00Z,Wind,4786.000,Elexon BMRS FUELHH
2025-02-26T04:00:00Z,Biomass,3221.000,Elexon BMRS FUELHH
2025-02-26T04:00:00Z,Coal,0.000,Elexon BMRS FUELHH
2025-02-26T04:00:00Z,Gas,8990.000,Elexon BMRS FUELHH
2025-02-26T04:00:00Z,Hydro,667.000,Elexon BMRS FUELHH
2025-02-26T04:00:00Z,Imports & Exports,2382.000,Elexon BMRS FUELHH
2025-02-26T04:00:00Z,Nuclear,4715.000,Elexon BMRS FUELHH
2025-02-26T04:00:00Z,Other,205.000,Elexon BMRS FUELHH
2025-02-26T04:00:00Z,Pumped Storage,-606.000,Elexon BMRS FUELHH
2025-02-26T04:00:00Z,Wind,4655.000,Elexon BMRS FUELHH
2025-02-26T04:30:00Z,Biomass,3230.000,Elexon BMRS FUELHH
2025-02-26T04:30:00Z,Coal,0.000,Elexon BMRS FUELHH
2025-02-26T04:30:00Z,Gas,9343.000,Elexon BMRS FUELHH
2025-02-26T04:30:00Z,Hydro,728.000,Elexon BMRS FUELHH
2025-02-26T04:30:00Z,Imports & Exports,2114.000,Elexon BMRS FUELHH
2025-02-26T04:30:00Z,Nuclear,4713.000,Elexon BMRS FUELHH
2025-02-26T04:30:00Z,Other,248.000,Elexon BMRS FUELHH
2025-02-26T04:30:00Z,Pumped Storage,-516.000,Elexon BMRS FUELHH
2025-02-26T04:30:00Z,Wind,4471.000,Elexon BMRS FUELHH
2025-02-26T05:00:00Z,Biomass,3233.000,Elexon BMRS FUELHH
2025-02-26T05:00:00Z,Coal,0.000,Elexon BMRS FUELHH
2025-02-26T05:00:00Z,Gas,10240.000,Elexon BMRS FUELHH
2025-02-26T05:00:00Z,Hydro,759.000,Elexon BMRS FUELHH
2025-02-26T05:00:00Z,Imports & Exports,654.000,Elexon BMRS FUELHH
2025-02-26T05:00:00Z,Nuclear,4708.000,Elexon BMRS FUELHH
2025-02-26T05:00:00Z,Other,461.000,Elexon BMRS FUELHH
2025-02-26T05:00:00Z,Pumped Storage,172.000,Elexon BMRS FUELHH
2025-02-26T05:00:00Z,Wind,3864.000,Elexon BMRS FUELHH
2025-02-26T05:30:00Z,Biomass,3229.000,Elexon BMRS FUELHH
2025-02-26T05:30:00Z,Coal,0.000,Elexon BMRS FUELHH
2025-02-26T05:30:00Z,Gas,11544.000,Elexon BMRS FUELHH
2025-02-26T05:30:00Z,Hydro,765.000,Elexon BMRS FUELHH
2025-02-26T05:30:00Z,Imports & Exports,594.000,Elexon BMRS FUELHH
2025-02-26T05:30:00Z,Nuclear,4711.000,Elexon BMRS FUELHH
2025-02-26T05:30:00Z,Other,485.000,Elexon BMRS FUELHH
2025-02-26T05:30:00Z,Pumped Storage,386.000,Elexon BMRS FUELHH
2025-02-26T05:30:00Z,Wind,3715.000,Elexon BMRS FUELHH
2025-02-26T06:00:00Z,Biomass,3224.000,Elexon BMRS FUELHH
2025-02-26T06:00:00Z,Coal,0.000,Elexon BMRS FUELHH
2025-02-26T06:00:00Z,Gas,13568.000,Elexon BMRS FUELHH
2025-02-26T06:00:00Z,Hydro,975.000,Elexon BMRS FUELHH
2025-02-26T06:00:00Z,Imports & Exports,142.000,Elexon BMRS FUELHH
2025-02-26T06:00:00Z,Nuclear,4707.000,Elexon BMRS FUELHH
2025-02-26T06:00:00Z,Other,783.000,Elexon BMRS FUELHH
2025-02-26T06:00:00Z,Pumped Storage,450.000,Elexon BMRS FUELHH
2025-02-26T06:00:00Z,Wind,3986.000,Elexon BMRS FUELHH
2025-02-26T06:30:00Z,Biomass,3235.000,Elexon BMRS FUELHH
2025-02-26T06:30:00Z,Coal,0.000,Elexon BMRS FUELHH
2025-02-26T06:30:00Z,Gas,15354.000,Elexon BMRS FUELHH
2025-02-26T06:30:00Z,Hydro,1017.000,Elexon BMRS FUELHH
2025-02-26T06:30:00Z,Imports & Exports,10.000,Elexon BMRS FUELHH
2025-02-26T06:30:00Z,Nuclear,4702.000,Elexon BMRS FUELHH
2025-02-26T06:30:00Z,Other,851.000,Elexon BMRS FUELHH
2025-02-26T06:30:00Z,Pumped Storage,750.000,Elexon BMRS FUELHH
2025-02-26T06:30:00Z,Wind,4234.000,Elexon BMRS FUELHH
2025-02-26T07:00:00Z,Biomass,3232.000,Elexon BMRS FUELHH
2025-02-26T07:00:00Z,Coal,0.000,Elexon BMRS FUELHH
2025-02-26T07:00:00Z,Gas,17076.000,Elexon BMRS FUELHH
2025-02-26T07:00:00Z,Hydro,1061.000,Elexon BMRS FUELHH
2025-02-26T07:00:00Z,Imports & Exports,1458.000,Elexon BMRS FUELHH
2025-02-26T07:00:00Z,Nuclear,4706.000,Elexon BMRS FUELHH
2025-02-26T07:00:00Z,Other,799.000,Elexon BMRS FUELHH
2025-02-26T07:00:00Z,Pumped Storage,536.000,Elexon BMRS FUELHH
2025-02-26T07:00:00Z,Wind,3841.000,Elexon BMRS FUELHH
2025-02-26T07:30:00Z,Biomass,3231.000,Elexon BMRS FUELHH
2025-02-26T07:30:00Z,Coal,0.000,Elexon BMRS FUELHH
2025-02-26T07:30:00Z,Gas,17622.000,Elexon BMRS FUELHH
2025-02-26T07:30:00Z,Hydro,1082.000,Elexon BMRS FUELHH
2025-02-26T07:30:00Z,Imports & Exports,1546.000,Elexon BMRS FUELHH
2025-02-26T07:30:00Z,Nuclear,4708.000,Elexon BMRS FUELHH
2025-02-26T07:30:00Z,Other,1289.000,Elexon BMRS FUELHH
2025-02-26T07:30:00Z,Pumped Storage,692.000,Elexon BMRS FUELHH
2025-02-26T07:30:00Z,Wind,4142.000,Elexon BMRS FUELHH
2025-02-26T08:00:00Z,Biomass,3224.000,Elexon BMRS FUELHH
2025-02-26T08:00:00Z,Coal,0.000,Elexon BMRS FUELHH
2025-02-26T08:00:00Z,Gas,17371.000,Elexon BMRS FUELHH
2025-02-26T08:00:00Z,Hydro,974.000,Elexon BMRS FUELHH
2025-02-26T08:00:00Z,Imports & Exports,3938.000,Elexon BMRS FUELHH
2025-02-26T08:00:00Z,Nuclear,4710.000,Elexon BMRS FUELHH
2025-02-26T08:00:00Z,Other,775.000,Elexon BMRS FUELHH
2025-02-26T08:00:00Z,Pumped Storage,944.000,Elexon BMRS FUELHH
2025-02-26T08:00:00Z,Wind,4062.000,Elexon BMRS FUELHH
2025-02-26T08:30:00Z,Biomass,3220.000,Elexon BMRS FUELHH
2025-02-26T08:30:00Z,Coal,0.000,Elexon BMRS FUELHH
2025-02-26T08:30:00Z,Gas,17837.000,Elexon BMRS FUELHH
2025-02-26T08:30:00Z,Hydro,1111.000,Elexon BMRS FUELHH
2025-02-26T08:30:00Z,Imports & Exports,4084.000,Elexon BMRS FUELHH
2025-02-26T08:30:00Z,Nuclear,4714.000,Elexon BMRS FUELHH
2025-02-26T08:30:00Z,Other,769.000,Elexon BMRS FUELHH
2025-02-26T08:30:00Z,Pumped Storage,588.000,Elexon BMRS FUELHH
2025-02-26T08:30:00Z,Wind,4309.000,Elexon BMRS FUELHH
2025-02-26T09:00:00Z,Biomass,3222.000,Elexon BMRS FUELHH
2025-02-26T09:00:00Z,Coal,0.000,Elexon BMRS FUELHH
2025-02-26T09:00:00Z,Gas,17602.000,Elexon BMRS FUELHH
2025-02-26T09:00:00Z,Hydro,923.000,Elexon BMRS FUELHH
2025-02-26T09:00:00Z,Imports & Exports,5332.000,Elexon BMRS FUELHH
2025-02-26T09:00:00Z,Nuclear,4712.000,Elexon BMRS FUELHH
2025-02-26T09:00:00Z,Other,684.000,Elexon BMRS FUELHH
2025-02-26T09:00:00Z,Pumped Storage,284.000,Elexon BMRS FUELHH
2025-02-26T09:00:00Z,Wind,4966.000,Elexon BMRS FUELHH
2025-02-26T09:30:00Z,Biomass,3253.000,Elexon BMRS FUELHH
2025-02-26T09:30:00Z,Coal,0.000,Elexon BMRS FUELHH
2025-02-26T09:30:00Z,Gas,17054.000,Elexon BMRS FUELHH
2025-02-26T09:30:00Z,Hydro,879.000,Elexon BMRS FUELHH
2025-02-26T09:30:00Z,Imports & Exports,5512.000,Elexon BMRS FUELHH
2025-02-26T09:30:00Z,Nuclear,4710.000,Elexon BMRS FUELHH
2025-02-26T09:30:00Z,Other,538.000,Elexon BMRS FUELHH
2025-02-26T09:30:00Z,Pumped Storage,286.000,Elexon BMRS FUELHH
2025-02-26T09:30:00Z,Wind,5597.000,Elexon BMRS FUELHH
2025-02-26T10:00:00Z,Biomass,3250.000,Elexon BMRS FUELHH
2025-02-26T10:00:00Z,Coal,0.000,Elexon BMRS FUELHH
2025-02-26T10:00:00Z,Gas,16883.000,Elexon BMRS FUELHH
2025-02-26T10:00:00Z,Hydro,734.000,Elexon BMRS FUELHH
2025-02-26T10:00:00Z,Imports & Exports,5568.000,Elexon BMRS FUELHH
2025-02-26T10:00:00Z,Nuclear,4718.000,Elexon BMRS FUELHH
2025-02-26T10:00:00Z,Other,248.000,Elexon BMRS FUELHH
2025-02-26T10:00:00Z,Pumped Storage,286.000,Elexon BMRS FUELHH
2025-02-26T10:00:00Z,Wind,6576.000,Elexon BMRS FUELHH
2025-02-26T10:30:00Z,Biomass,3260.000,Elexon BMRS FUELHH
2025-02-26T10:30:00Z,Coal,0.000,Elexon BMRS FUELHH
2025-02-26T10:30:00Z,Gas,16391.000,Elexon BMRS FUELHH
2025-02-26T10:30:00Z,Hydro,673.000,Elexon BMRS FUELHH
2025-02-26T10:30:00Z,Imports & Exports,5538.000,Elexon BMRS FUELHH
2025-02-26T10:30:00Z,Nuclear,4716.000,Elexon BMRS FUELHH
2025-02-26T10:30:00Z,Other,184.000,Elexon BMRS FUELHH
2025-02-26T10:30:00Z,Pumped Storage,24.000,Elexon BMRS FUELHH
2025-02-26T10:30:00Z,Wind,7204.000,Elexon BMRS FUELHH
2025-02-26T11:00:00Z,Biomass,3251.000,Elexon BMRS FUELHH
2025-02-26T11:00:00Z,Coal,0.000,Elexon BMRS FUELHH
2025-02-26T11:00:00Z,Gas,15805.000,Elexon BMRS FUELHH
2025-02-26T11:00:00Z,Hydro,562.000,Elexon BMRS FUELHH
2025-02-26T11:00:00Z,Imports & Exports,5354.000,Elexon BMRS FUELHH
2025-02-26T11:00:00Z,Nuclear,4720.000,Elexon BMRS FUELHH
2025-02-26T11:00:00Z,Other,180.000,Elexon BMRS FUELHH
2025-02-26T11:00:00Z,Pumped Storage,-14.000,Elexon BMRS FUELHH
2025-02-26T11:00:00Z,Wind,7744.000,Elexon BMRS FUELHH
2025-02-26T11:30:00Z,Biomass,3240.000,Elexon BMRS FUELHH
2025-02-26T11:30:00Z,Coal,0.000,Elexon BMRS FUELHH
2025-02-26T11:30:00Z,Gas,14624.000,Elexon BMRS FUELHH
2025-02-26T11:30:00Z,Hydro,519.000,Elexon BMRS FUELHH
2025-02-26T11:30:00Z,Imports & Exports,5506.000,Elexon BMRS FUELHH
2025-02-26T11:30:00Z,Nuclear,4722.000,Elexon BMRS FUELHH
2025-02-26T11:30:00Z,Other,192.000,Elexon BMRS FUELHH
2025-02-26T11:30:00Z,Pumped Storage,-14.000,Elexon BMRS FUELHH
2025-02-26T11:30:00Z,Wind,8180.000,Elexon BMRS FUELHH
2025-02-26T12:00:00Z,Biomass,3237.000,Elexon BMRS FUELHH
2025-02-26T12:00:00Z,Coal,0.000,Elexon BMRS FUELHH
2025-02-26T12:00:00Z,Gas,13761.000,Elexon BMRS FUELHH
2025-02-26T12:00:00Z,Hydro,479.000,Elexon BMRS FUELHH
2025-02-26T12:00:00Z,Imports & Exports,5540.000,Elexon BMRS FUELHH
2025-02-26T12:00:00Z,Nuclear,4730.000,Elexon BMRS FUELHH
2025-02-26T12:00:00Z,Other,195.000,Elexon BMRS FUELHH
2025-02-26T12:00:00Z,Pumped Storage,-12.000,Elexon BMRS FUELHH
2025-02-26T12:00:00Z,Wind,8935.000,Elexon BMRS FUELHH
2025-02-26T12:30:00Z,Biomass,3096.000,Elexon BMRS FUELHH
2025-02-26T12:30:00Z,Coal,0.000,Elexon BMRS FUELHH
2025-02-26T12:30:00Z,Gas,13455.000,Elexon BMRS FUELHH
2025-02-26T12:30:00Z,Hydro,501.000,Elexon BMRS FUELHH
2025-02-26T12:30:00Z,Imports & Exports,5642.000,Elexon BMRS FUELHH
2025-02-26T12:30:00Z,Nuclear,4727.000,Elexon BMRS FUELHH
2025-02-26T12:30:00Z,Other,229.000,Elexon BMRS FUELHH
2025-02-26T12:30:00Z,Pumped Storage,-10.000,Elexon BMRS FUELHH
2025-02-26T12:30:00Z,Wind,9145.000,Elexon BMRS FUELHH
2025-02-26T13:00:00Z,Biomass,2904.000,Elexon BMRS FUELHH
2025-02-26T13:00:00Z,Coal,0.000,Elexon BMRS FUELHH
2025-02-26T13:00:00Z,Gas,13620.000,Elexon BMRS FUELHH
2025-02-26T13:00:00Z,Hydro,519.000,Elexon BMRS FUELHH
2025-02-26T13:00:00Z,Imports & Exports,4706.000,Elexon BMRS FUELHH
2025-02-26T13:00:00Z,Nuclear,4724.000,Elexon BMRS FUELHH
2025-02-26T13:00:00Z,Other,229.000,Elexon BMRS FUELHH
2025-02-26T13:00:00Z,Pumped Storage,-10.000,Elexon BMRS FUELHH
2025-02-26T13:00:00Z,Wind,9077.000,Elexon BMRS FUELHH
2025-02-26T13:30:00Z,Biomass,2896.000,Elexon BMRS FUELHH
2025-02-26T13:30:00Z,Coal,0.000,Elexon BMRS FUELHH
2025-02-26T13:30:00Z,Gas,13676.000,Elexon BMRS FUELHH
2025-02-26T13:30:00Z,Hydro,476.000,Elexon BMRS FUELHH
2025-02-26T13:30:00Z,Imports & Exports,4726.000,Elexon BMRS FUELHH
2025-02-26T13:30:00Z,Nuclear,4724.000,Elexon BMRS FUELHH
2025-02-26T13:30:00Z,Other,246.000,Elexon BMRS FUELHH
2025-02-26T13:30:00Z,Pumped Storage,-14.000,Elexon BMRS FUELHH
2025-02-26T13:30:00Z,Wind,8329.000,Elexon BMRS FUELHH
2025-02-26T14:00:00Z,Biomass,2897.000,Elexon BMRS FUELHH
2025-02-26T14:00:00Z,Coal,0.000,Elexon BMRS FUELHH
2025-02-26T14:00:00Z,Gas,13754.000,Elexon BMRS FUELHH
2025-02-26T14:00:00Z,Hydro,517.000,Elexon BMRS FUELHH
2025-02-26T14:00:00Z,Imports & Exports,4262.000,Elexon BMRS FUELHH
2025-02-26T14:00:00Z,Nuclear,4724.000,Elexon BMRS FUELHH
2025-02-26T14:00:00Z,Other,299.000,Elexon BMRS FUELHH
2025-02-26T14:00:00Z,Pumped Storage,-22.000,Elexon BMRS FUELHH
2025-02-26T14:00:00Z,Wind,7724.000,Elexon BMRS FUELHH
2025-02-26T14:30:00Z,Biomass,2903.000,Elexon BMRS FUELHH
2025-02-26T14:30:00Z,Coal,0.000,Elexon BMRS FUELHH
2025-02-26T14:30:00Z,Gas,13954.000,Elexon BMRS FUELHH
2025-02-26T14:30:00Z,Hydro,537.000,Elexon BMRS FUELHH
2025-02-26T14:30:00Z,Imports & Exports,4312.000,Elexon BMRS FUELHH
2025-02-26T14:30:00Z,Nuclear,4724.000,Elexon BMRS FUELHH
2025-02-26T14:30:00Z,Other,390.000,Elexon BMRS FUELHH
2025-02-26T14:30:00Z,Pumped Storage,-24.000,Elexon BMRS FUELHH
2025-02-26T14:30:00Z,Wind,6731.000,Elexon BMRS FUELHH
2025-02-26T15:00:00Z,Biomass,3047.000,Elexon BMRS FUELHH
2025-02-26T15:00:00Z,Coal,0.000,Elexon BMRS FUELHH
2025-02-26T15:00:00Z,Gas,15117.000,Elexon BMRS FUELHH
2025-02-26T15:00:00Z,Hydro,604.000,Elexon BMRS FUELHH
2025-02-26T15:00:00Z,Imports & Exports,4028.000,Elexon BMRS FUELHH
2025-02-26T15:00:00Z,Nuclear,4731.000,Elexon BMRS FUELHH
2025-02-26T15:00:00Z,Other,429.000,Elexon BMRS FUELHH
2025-02-26T15:00:00Z,Pumped Storage,-20.000,Elexon BMRS FUELHH
2025-02-26T15:00:00Z,Wind,5830.000,Elexon BMRS FUELHH
2025-02-26T15:30:00Z,Biomass,3226.000,Elexon BMRS FUELHH
2025-02-26T15:30:00Z,Coal,0.000,Elexon BMRS FUELHH
2025-02-26T15:30:00Z,Gas,16814.000,Elexon BMRS FUELHH
2025-02-26T15:30:00Z,Hydro,654.000,Elexon BMRS FUELHH
2025-02-26T15:30:00Z,Imports & Exports,3786.000,Elexon BMRS FUELHH
2025-02-26T15:30:00Z,Nuclear,4727.000,Elexon BMRS FUELHH
2025-02-26T15:30:00Z,Other,652.000,Elexon BMRS FUELHH
2025-02-26T15:30:00Z,Pumped Storage,174.000,Elexon BMRS FUELHH
2025-02-26T15:30:00Z,Wind,4861.000,Elexon BMRS FUELHH
2025-02-26T16:00:00Z,Biomass,3242.000,Elexon BMRS FUELHH
2025-02-26T16:00:00Z,Coal,0.000,Elexon BMRS FUELHH
2025-02-26T16:00:00Z,Gas,18369.000,Elexon BMRS FUELHH
2025-02-26T16:00:00Z,Hydro,712.000,Elexon BMRS FUELHH
2025-02-26T16:00:00Z,Imports & Exports,3808.000,Elexon BMRS FUELHH
2025-02-26T16:00:00Z,Nuclear,4733.000,Elexon BMRS FUELHH
2025-02-26T16:00:00Z,Other,392.000,Elexon BMRS FUELHH
2025-02-26T16:00:00Z,Pumped Storage,574.000,Elexon BMRS FUELHH
2025-02-26T16:00:00Z,Wind,4111.000,Elexon BMRS FUELHH
2025-02-26T16:30:00Z,Biomass,3254.000,Elexon BMRS FUELHH
2025-02-26T16:30:00Z,Coal,0.000,Elexon BMRS FUELHH
2025-02-26T16:30:00Z,Gas,19568.000,Elexon BMRS FUELHH
2025-02-26T16:30:00Z,Hydro,726.000,Elexon BMRS FUELHH
2025-02-26T16:30:00Z,Imports & Exports,3862.000,Elexon BMRS FUELHH
2025-02-26T16:30:00Z,Nuclear,4730.000,Elexon BMRS FUELHH
2025-02-26T16:30:00Z,Other,744.000,Elexon BMRS FUELHH
2025-02-26T16:30:00Z,Pumped Storage,816.000,Elexon BMRS FUELHH
2025-02-26T16:30:00Z,Wind,3682.000,Elexon BMRS FUELHH
2025-02-26T17:00:00Z,Biomass,3261.000,Elexon BMRS FUELHH
2025-02-26T17:00:00Z,Coal,0.000,Elexon BMRS FUELHH
2025-02-26T17:00:00Z,Gas,19891.000,Elexon BMRS FUELHH
2025-02-26T17:00:00Z,Hydro,887.000,Elexon BMRS FUELHH
2025-02-26T17:00:00Z,Imports & Exports,4402.000,Elexon BMRS FUELHH
2025-02-26T17:00:00Z,Nuclear,4727.000,Elexon BMRS FUELHH
2025-02-26T17:00:00Z,Other,844.000,Elexon BMRS FUELHH
2025-02-26T17:00:00Z,Pumped Storage,1396.000,Elexon BMRS FUELHH
2025-02-26T17:00:00Z,Wind,3605.000,Elexon BMRS FUELHH
2025-02-26T17:30:00Z,Biomass,3256.000,Elexon BMRS FUELHH
2025-02-26T17:30:00Z,Coal,0.000,Elexon BMRS FUELHH
2025-02-26T17:30:00Z,Gas,20259.000,Elexon BMRS FUELHH
2025-02-26T17:30:00Z,Hydro,892.000,Elexon BMRS FUELHH
2025-02-26T17:30:00Z,Imports & Exports,4308.000,Elexon BMRS FUELHH
2025-02-26T17:30:00Z,Nuclear,4727.000,Elexon BMRS FUELHH
2025-02-26T17:30:00Z,Other,1380.000,Elexon BMRS FUELHH
2025-02-26T17:30:00Z,Pumped Storage,1514.000,Elexon BMRS FUELHH
2025-02-26T17:30:00Z,Wind,3414.000,Elexon BMRS FUELHH
2025-02-26T18:00:00Z,Biomass,3253.000,Elexon BMRS FUELHH
2025-02-26T18:00:00Z,Coal,0.000,Elexon BMRS FUELHH
2025-02-26T18:00:00Z,Gas,20338.000,Elexon BMRS FUELHH
2025-02-26T18:00:00Z,Hydro,1057.000,Elexon BMRS FUELHH
2025-02-26T18:00:00Z,Imports & Exports,3824.000,Elexon BMRS FUELHH
2025-02-26T18:00:00Z,Nuclear,4726.000,Elexon BMRS FUELHH
2025-02-26T18:00:00Z,Other,1698.000,Elexon BMRS FUELHH
2025-02-26T18:00:00Z,Pumped Storage,1632.000,Elexon BMRS FUELHH
2025-02-26T18:00:00Z,Wind,3883.000,Elexon BMRS FUELHH
2025-02-26T18:30:00Z,Biomass,3261.000,Elexon BMRS FUELHH
2025-02-26T18:30:00Z,Coal,0.000,Elexon BMRS FUELHH
2025-02-26T18:30:00Z,Gas,20517.000,Elexon BMRS FUELHH
2025-02-26T18:30:00Z,Hydro,1018.000,Elexon BMRS FUELHH
2025-02-26T18:30:00Z,Imports & Exports,3572.000,Elexon BMRS FUELHH
2025-02-26T18:30:00Z,Nuclear,4730.000,Elexon BMRS FUELHH
2025-02-26T18:30:00Z,Other,1502.000,Elexon BMRS FUELHH
2025-02-26T18:30:00Z,Pumped Storage,1564.000,Elexon BMRS FUELHH
2025-02-26T18:30:00Z,Wind,4107.000,Elexon BMRS FUELHH
2025-02-26T19:00:00Z,Biomass,3260.000,Elexon BMRS FUELHH
2025-02-26T19:00:00Z,Coal,0.000,Elexon BMRS FUELHH
2025-02-26T19:00:00Z,Gas,20504.000,Elexon BMRS FUELHH
2025-02-26T19:00:00Z,Hydro,916.000,Elexon BMRS FUELHH
2025-02-26T19:00:00Z,Imports & Exports,4818.000,Elexon BMRS FUELHH
2025-02-26T19:00:00Z,Nuclear,4727.000,Elexon BMRS FUELHH
2025-02-26T19:00:00Z,Other,807.000,Elexon BMRS FUELHH
2025-02-26T19:00:00Z,Pumped Storage,768.000,Elexon BMRS FUELHH
2025-02-26T19:00:00Z,Wind,4294.000,Elexon BMRS FUELHH
2025-02-26T19:30:00Z,Biomass,3263.000,Elexon BMRS FUELHH
2025-02-26T19:30:00Z,Coal,0.000,Elexon BMRS FUELHH
2025-02-26T19:30:00Z,Gas,20144.000,Elexon BMRS FUELHH
2025-02-26T19:30:00Z,Hydro,922.000,Elexon BMRS FUELHH
2025-02-26T19:30:00Z,Imports & Exports,4590.000,Elexon BMRS FUELHH
2025-02-26T19:30:00Z,Nuclear,4729.000,Elexon BMRS FUELHH
2025-02-26T19:30:00Z,Other,539.000,Elexon BMRS FUELHH
2025-02-26T19:30:00Z,Pumped Storage,372.000,Elexon BMRS FUELHH
2025-02-26T19:30:00Z,Wind,4572.000,Elexon BMRS FUELHH
2025-02-26T20:00:00Z,Biomass,3260.000,Elexon BMRS FUELHH
2025-02-26T20:00:00Z,Coal,0.000,Elexon BMRS FUELHH
2025-02-26T20:00:00Z,Gas,19381.000,Elexon BMRS FUELHH
2025-02-26T20:00:00Z,Hydro,882.000,Elexon BMRS FUELHH
2025-02-26T20:00:00Z,Imports & Exports,3824.000,Elexon BMRS FUELHH
2025-02-26T20:00:00Z,Nuclear,4728.000,Elexon BMRS FUELHH
2025-02-26T20:00:00Z,Other,391.000,Elexon BMRS FUELHH
2025-02-26T20:00:00Z,Pumped Storage,176.000,Elexon BMRS FUELHH
2025-02-26T20:00:00Z,Wind,5181.000,Elexon BMRS FUELHH
2025-02-26T20:30:00Z,Biomass,3248.000,Elexon BMRS FUELHH
2025-02-26T20:30:00Z,Coal,0.000,Elexon BMRS FUELHH
2025-02-26T20:30:00Z,Gas,17940.000,Elexon BMRS FUELHH
2025-02-26T20:30:00Z,Hydro,849.000,Elexon BMRS FUELHH
2025-02-26T20:30:00Z,Imports & Exports,3760.000,Elexon BMRS FUELHH
2025-02-26T20:30:00Z,Nuclear,4729.000,Elexon BMRS FUELHH
2025-02-26T20:30:00Z,Other,194.000,Elexon BMRS FUELHH
2025-02-26T20:30:00Z,Pumped Storage,-20.000,Elexon BMRS FUELHH
2025-02-26T20:30:00Z,Wind,5955.000,Elexon BMRS FUELHH
2025-02-26T21:00:00Z,Biomass,3239.000,Elexon BMRS FUELHH
2025-02-26T21:00:00Z,Coal,0.000,Elexon BMRS FUELHH
2025-02-26T21:00:00Z,Gas,16439.000,Elexon BMRS FUELHH
2025-02-26T21:00:00Z,Hydro,785.000,Elexon BMRS FUELHH
2025-02-26T21:00:00Z,Imports & Exports,3284.000,Elexon BMRS FUELHH
2025-02-26T21:00:00Z,Nuclear,4722.000,Elexon BMRS FUELHH
2025-02-26T21:00:00Z,Other,256.000,Elexon BMRS FUELHH
2025-02-26T21:00:00Z,Pumped Storage,72.000,Elexon BMRS FUELHH
2025-02-26T21:00:00Z,Wind,6015.000,Elexon BMRS FUELHH
2025-02-26T21:30:00Z,Biomass,3231.000,Elexon BMRS FUELHH
2025-02-26T21:30:00Z,Coal,0.000,Elexon BMRS FUELHH
2025-02-26T21:30:00Z,Gas,14729.000,Elexon BMRS FUELHH
2025-02-26T21:30:00Z,Hydro,779.000,Elexon BMRS FUELHH
2025-02-26T21:30:00Z,Imports & Exports,3306.000,Elexon BMRS FUELHH
2025-02-26T21:30:00Z,Nuclear,4730.000,Elexon BMRS FUELHH
2025-02-26T21:30:00Z,Other,173.000,Elexon BMRS FUELHH
2025-02-26T21:30:00Z,Pumped Storage,52.000,Elexon BMRS FUELHH
2025-02-26T21:30:00Z,Wind,6340.000,Elexon BMRS FUELHH
2025-02-26T22:00:00Z,Biomass,3225.000,Elexon BMRS FUELHH
2025-02-26T22:00:00Z,Coal,0.000,Elexon BMRS FUELHH
2025-02-26T22:00:00Z,Gas,12306.000,Elexon BMRS FUELHH
2025-02-26T22:00:00Z,Hydro,607.000,Elexon BMRS FUELHH
2025-02-26T22:00:00Z,Imports & Exports,3066.000,Elexon BMRS FUELHH
2025-02-26T22:00:00Z,Nuclear,4730.000,Elexon BMRS FUELHH
2025-02-26T22:00:00Z,Other,201.000,Elexon BMRS FUELHH
2025-02-26T22:00:00Z,Pumped Storage,134.000,Elexon BMRS FUELHH
2025-02-26T22:00:00Z,Wind,7116.000,Elexon BMRS FUELHH
2025-02-26T22:30:00Z,Biomass,3226.000,Elexon BMRS FUELHH
2025-02-26T22:30:00Z,Coal,0.000,Elexon BMRS FUELHH
2025-02-26T22:30:00Z,Gas,10858.000,Elexon BMRS FUELHH
2025-02-26T22:30:00Z,Hydro,552.000,Elexon BMRS FUELHH
2025-02-26T22:30:00Z,Imports & Exports,3054.000,Elexon BMRS FUELHH
2025-02-26T22:30:00Z,Nuclear,4729.000,Elexon BMRS FUELHH
2025-02-26T22:30:00Z,Other,227.000,Elexon BMRS FUELHH
2025-02-26T22:30:00Z,Pumped Storage,118.000,Elexon BMRS FUELHH
2025-02-26T22:30:00Z,Wind,7421.000,Elexon BMRS FUELHH
2025-02-26T23:00:00Z,Biomass,3204.000,Elexon BMRS FUELHH
2025-02-26T23:00:00Z,Coal,0.000,Elexon BMRS FUELHH
2025-02-26T23:00:00Z,Gas,10209.000,Elexon BMRS FUELHH
2025-02-26T23:00:00Z,Hydro,467.000,Elexon BMRS FUELHH
2025-02-26T23:00:00Z,Imports & Exports,2578.000,Elexon BMRS FUELHH
2025-02-26T23:00:00Z,Nuclear,4732.000,Elexon BMRS FUELHH
2025-02-26T23:00:00Z,Other,235.000,Elexon BMRS FUELHH
2025-02-26T23:00:00Z,Pumped Storage,-670.000,Elexon BMRS FUELHH
2025-02-26T23:00:00Z,Wind,7370.000,Elexon BMRS FUELHH
2025-02-26T23:30:00Z,Biomass,3232.000,Elexon BMRS FUELHH
2025-02-26T23:30:00Z,Coal,0.000,Elexon BMRS FUELHH
2025-02-26T23:30:00Z,Gas,9716.000,Elexon BMRS FUELHH
2025-02-26T23:30:00Z,Hydro,442.000,Elexon BMRS FUELHH
2025-02-26T23:30:00Z,Imports & Exports,2492.000,Elexon BMRS FUELHH
2025-02-26T23:30:00Z,Nuclear,4738.000,Elexon BMRS FUELHH
2025-02-26T23:30:00Z,Other,251.000,Elexon BMRS FUELHH
2025-02-26T23:30:00Z,Pumped Storage,-1038.000,Elexon BMRS FUELHH
2025-02-26T23:30:00Z,Wind,7220.000,Elexon BMRS FUELHH
2025-02-27T00:00:00Z,Biomass,3235.000,Elexon BMRS FUELHH
2025-02-27T00:00:00Z,Coal,0.000,Elexon BMRS FUELHH
2025-02-27T00:00:00Z,Gas,9981.000,Elexon BMRS FUELHH
2025-02-27T00:00:00Z,Hydro,408.000,Elexon BMRS FUELHH
2025-02-27T00:00:00Z,Imports & Exports,2246.000,Elexon BMRS FUELHH
2025-02-27T00:00:00Z,Nuclear,4740.000,Elexon BMRS FUELHH
2025-02-27T00:00:00Z,Other,219.000,Elexon BMRS FUELHH
2025-02-27T00:00:00Z,Pumped Storage,-1306.000,Elexon BMRS FUELHH
2025-02-27T00:00:00Z,Wind,7404.000,Elexon BMRS FUELHH
2025-02-27T00:30:00Z,Biomass,3162.000,Elexon BMRS FUELHH
2025-02-27T00:30:00Z,Coal,0.000,Elexon BMRS FUELHH
2025-02-27T00:30:00Z,Gas,10238.000,Elexon BMRS FUELHH
2025-02-27T00:30:00Z,Hydro,405.000,Elexon BMRS FUELHH
2025-02-27T00:30:00Z,Imports & Exports,2438.000,Elexon BMRS FUELHH
2025-02-27T00:30:00Z,Nuclear,4735.000,Elexon BMRS FUELHH
2025-02-27T00:30:00Z,Other,366.000,Elexon BMRS FUELHH
2025-02-27T00:30:00Z,Pumped Storage,-1576.000,Elexon BMRS FUELHH
2025-02-27T00:30:00Z,Wind,7515.000,Elexon BMRS FUELHH
2025-02-27T01:00:00Z,Biomass,3159.000,Elexon BMRS FUELHH
2025-02-27T01:00:00Z,Coal,0.000,Elexon BMRS FUELHH
2025-02-27T01:00:00Z,Gas,10348.000,Elexon BMRS FUELHH
2025-02-27T01:00:00Z,Hydro,388.000,Elexon BMRS FUELHH
2025-02-27T01:00:00Z,Imports & Exports,2096.000,Elexon BMRS FUELHH
2025-02-27T01:00:00Z,Nuclear,4733.000,Elexon BMRS FUELHH
2025-02-27T01:00:00Z,Other,294.000,Elexon BMRS FUELHH
2025-02-27T01:00:00Z,Pumped Storage,-1616.000,Elexon BMRS FUELHH
2025-02-27T01:00:00Z,Wind,7188.000,Elexon BMRS FUELHH
2025-02-27T01:30:00Z,Biomass,3099.000,Elexon BMRS FUELHH
2025-02-27T01:30:00Z,Coal,0.000,Elexon BMRS FUELHH
2025-02-27T01:30:00Z,Gas,10303.000,Elexon BMRS FUELHH
2025-02-27T01:30:00Z,Hydro,387.000,Elexon BMRS FUELHH
2025-02-27T01:30:00Z,Imports & Exports,1932.000,Elexon BMRS FUELHH
2025-02-27T01:30:00Z,Nuclear,4740.000,Elexon BMRS FUELHH
2025-02-27T01:30:00Z,Other,212.000,Elexon BMRS FUELHH
2025-02-27T01:30:00Z,Pumped Storage,-1656.000,Elexon BMRS FUELHH
2025-02-27T01:30:00Z,Wind,7041.000,Elexon BMRS FUELHH
2025-02-27T02:00:00Z,Biomass,2958.000,Elexon BMRS FUELHH
2025-02-27T02:00:00Z,Coal,0.000,Elexon BMRS FUELHH
2025-02-27T02:00:00Z,Gas,10347.000,Elexon BMRS FUELHH
2025-02-27T02:00:00Z,Hydro,355.000,Elexon BMRS FUELHH
2025-02-27T02:00:00Z,Imports & Exports,1926.000,Elexon BMRS FUELHH
2025-02-27T02:00:00Z,Nuclear,4734.000,Elexon BMRS FUELHH
2025-02-27T02:00:00Z,Other,275.000,Elexon BMRS FUELHH
2025-02-27T02:00:00Z,Pumped Storage,-1834.000,Elexon BMRS FUELHH
2025-02-27T02:00:00Z,Wind,6752.000,Elexon BMRS FUELHH
2025-02-27T02:30:00Z,Biomass,2811.000,Elexon BMRS FUELHH
2025-02-27T02:30:00Z,Coal,0.000,Elexon BMRS FUELHH
2025-02-27T02:30:00Z,Gas,10395.000,Elexon BMRS FUELHH
2025-02-27T02:30:00Z,Hydro,351.000,Elexon BMRS FUELHH
2025-02-27T02:30:00Z,Imports & Exports,1842.000,Elexon BMRS FUELHH
2025-02-27T02:30:00Z,Nuclear,4738.000,Elexon BMRS FUELHH
2025-02-27T02:30:00Z,Other,253.000,Elexon BMRS FUELHH
2025-02-27T02:30:00Z,Pumped Storage,-1712.000,Elexon BMRS FUELHH
2025-02-27T02:30:00Z,Wind,6573.000,Elexon BMRS FUELHH
2025-02-27T03:00:00Z,Biomass,2912.000,Elexon BMRS FUELHH
2025-02-27T03:00:00Z,Coal,0.000,Elexon BMRS FUELHH
2025-02-27T03:00:00Z,Gas,10438.000,Elexon BMRS FUELHH
2025-02-27T03:00:00Z,Hydro,339.000,Elexon BMRS FUELHH
2025-02-27T03:00:00Z,Imports & Exports,1312.000,Elexon BMRS FUELHH
2025-02-27T03:00:00Z,Nuclear,4739.000,Elexon BMRS FUELHH
2025-02-27T03:00:00Z,Other,236.000,Elexon BMRS FUELHH
2025-02-27T03:00:00Z,Pumped Storage,-1974.000,Elexon BMRS FUELHH
2025-02-27T03:00:00Z,Wind,6859.000,Elexon BMRS FUELHH
2025-02-27T03:30:00Z,Biomass,2963.000,Elexon BMRS FUELHH
2025-02-27T03:30:00Z,Coal,0.000,Elexon BMRS FUELHH
2025-02-27T03:30:00Z,Gas,10393.000,Elexon BMRS FUELHH
2025-02-27T03:30:00Z,Hydro,344.000,Elexon BMRS FUELHH
2025-02-27T03:30:00Z,Imports & Exports,896.000,Elexon BMRS FUELHH
2025-02-27T03:30:00Z,Nuclear,4736.000,Elexon BMRS FUELHH
2025-02-27T03:30:00Z,Other,303.000,Elexon BMRS FUELHH
2025-02-27T03:30:00Z,Pumped Storage,-1964.000,Elexon BMRS FUELHH
2025-02-27T03:30:00Z,Wind,6827.000,Elexon BMRS FUELHH
2025-02-27T04:00:00Z,Biomass,3198.000,Elexon BMRS FUELHH
2025-02-27T04:00:00Z,Coal,0.000,Elexon BMRS FUELHH
2025-02-27T04:00:00Z,Gas,11058.000,Elexon BMRS FUELHH
2025-02-27T04:00:00Z,Hydro,346.000,Elexon BMRS FUELHH
2025-02-27T04:00:00Z,Imports & Exports,-748.000,Elexon BMRS FUELHH
2025-02-27T04:00:00Z,Nuclear,4739.000,Elexon BMRS FUELHH
2025-02-27T04:00:00Z,Other,236.000,Elexon BMRS FUELHH
2025-02-27T04:00:00Z,Pumped Storage,-1480.000,Elexon BMRS FUELHH
2025-02-27T04:00:00Z,Wind,6649.000,Elexon BMRS FUELHH
2025-02-27T04:30:00Z,Biomass,3227.000,Elexon BMRS FUELHH
2025-02-27T04:30:00Z,Coal,0.000,Elexon BMRS FUELHH
2025-02-27T04:30:00Z,Gas,11666.000,Elexon BMRS FUELHH
2025-02-27T04:30:00Z,Hydro,349.000,Elexon BMRS FUELHH
2025-02-27T04:30:00Z,Imports & Exports,-924.000,Elexon BMRS FUELHH
2025-02-27T04:30:00Z,Nuclear,4735.000,Elexon BMRS FUELHH
2025-02-27T04:30:00Z,Other,228.000,Elexon BMRS FUELHH
2025-02-27T04:30:00Z,Pumped Storage,-1910.000,Elexon BMRS FUELHH
2025-02-27T04:30:00Z,Wind,6893.000,Elexon BMRS FUELHH
2025-02-27T05:00:00Z,Biomass,3237.000,Elexon BMRS FUELHH
2025-02-27T05:00:00Z,Coal,0.000,Elexon BMRS FUELHH
2025-02-27T05:00:00Z,Gas,12923.000,Elexon BMRS FUELHH
2025-02-27T05:00:00Z,Hydro,399.000,Elexon BMRS FUELHH
2025-02-27T05:00:00Z,Imports & Exports,-3528.000,Elexon BMRS FUELHH
2025-02-27T05:00:00Z,Nuclear,4734.000,Elexon BMRS FUELHH
2025-02-27T05:00:00Z,Other,407.000,Elexon BMRS FUELHH
2025-02-27T05:00:00Z,Pumped Storage,-892.000,Elexon BMRS FUELHH
2025-02-27T05:00:00Z,Wind,7258.000,Elexon BMRS FUELHH
2025-02-27T05:30:00Z,Biomass,3247.000,Elexon BMRS FUELHH
2025-02-27T05:30:00Z,Coal,0.000,Elexon BMRS FUELHH
2025-02-27T05:30:00Z,Gas,14422.000,Elexon BMRS FUELHH
2025-02-27T05:30:00Z,Hydro,416.000,Elexon BMRS FUELHH
2025-02-27T05:30:00Z,Imports & Exports,-3910.000,Elexon BMRS FUELHH
2025-02-27T05:30:00Z,Nuclear,4726.000,Elexon BMRS FUELHH
2025-02-27T05:30:00Z,Other,336.000,Elexon BMRS FUELHH
2025-02-27T05:30:00Z,Pumped Storage,-444.000,Elexon BMRS FUELHH
2025-02-27T05:30:00Z,Wind,7082.000,Elexon BMRS FUELHH
2025-02-27T06:00:00Z,Biomass,3238.000,Elexon BMRS FUELHH
2025-02-27T06:00:00Z,Coal,0.000,Elexon BMRS FUELHH
2025-02-27T06:00:00Z,Gas,16289.000,Elexon BMRS FUELHH
2025-02-27T06:00:00Z,Hydro,649.000,Elexon BMRS FUELHH
2025-02-27T06:00:00Z,Imports & Exports,-4298.000,Elexon BMRS FUELHH
2025-02-27T06:00:00Z,Nuclear,4731.000,Elexon BMRS FUELHH
2025-02-27T06:00:00Z,Other,414.000,Elexon BMRS FUELHH
2025-02-27T06:00:00Z,Pumped Storage,-106.000,Elexon BMRS FUELHH
2025-02-27T06:00:00Z,Wind,7280.000,Elexon BMRS FUELHH
2025-02-27T06:30:00Z,Biomass,3236.000,Elexon BMRS FUELHH
2025-02-27T06:30:00Z,Coal,0.000,Elexon BMRS FUELHH
2025-02-27T06:30:00Z,Gas,18029.000,Elexon BMRS FUELHH
2025-02-27T06:30:00Z,Hydro,689.000,Elexon BMRS FUELHH
2025-02-27T06:30:00Z,Imports & Exports,-4412.000,Elexon BMRS FUELHH
2025-02-27T06:30:00Z,Nuclear,4729.000,Elexon BMRS FUELHH
2025-02-27T06:30:00Z,Other,604.000,Elexon BMRS FUELHH
2025-02-27T06:30:00Z,Pumped Storage,206.000,Elexon BMRS FUELHH
2025-02-27T06:30:00Z,Wind,7523.000,Elexon BMRS FUELHH
2025-02-27T07:00:00Z,Biomass,3245.000,Elexon BMRS FUELHH
2025-02-27T07:00:00Z,Coal,0.000,Elexon BMRS FUELHH
2025-02-27T07:00:00Z,Gas,18681.000,Elexon BMRS FUELHH
2025-02-27T07:00:00Z,Hydro,687.000,Elexon BMRS FUELHH
2025-02-27T07:00:00Z,Imports & Exports,-2966.000,Elexon BMRS FUELHH
2025-02-27T07:00:00Z,Nuclear,4736.000,Elexon BMRS FUELHH
2025-02-27T07:00:00Z,Other,907.000,Elexon BMRS FUELHH
2025-02-27T07:00:00Z,Pumped Storage,152.000,Elexon BMRS FUELHH
2025-02-27T07:00:00Z,Wind,7890.000,Elexon BMRS FUELHH
2025-02-27T07:30:00Z,Biomass,3234.000,Elexon BMRS FUELHH
2025-02-27T07:30:00Z,Coal,0.000,Elexon BMRS FUELHH
2025-02-27T07:30:00Z,Gas,18860.000,Elexon BMRS FUELHH
2025-02-27T07:30:00Z,Hydro,749.000,Elexon BMRS FUELHH
2025-02-27T07:30:00Z,Imports & Exports,-2814.000,Elexon BMRS FUELHH
2025-02-27T07:30:00Z,Nuclear,4737.000,Elexon BMRS FUELHH
2025-02-27T07:30:00Z,Other,1018.000,Elexon BMRS FUELHH
2025-02-27T07:30:00Z,Pumped Storage,152.000,Elexon BMRS FUELHH
2025-02-27T07:30:00Z,Wind,8463.000,Elexon BMRS FUELHH
2025-02-27T08:00:00Z,Biomass,3229.000,Elexon BMRS FUELHH
2025-02-27T08:00:00Z,Coal,0.000,Elexon BMRS FUELHH
2025-02-27T08:00:00Z,Gas,18159.000,Elexon BMRS FUELHH
2025-02-27T08:00:00Z,Hydro,733.000,Elexon BMRS FUELHH
2025-02-27T08:00:00Z,Imports & Exports,-716.000,Elexon BMRS FUELHH
2025-02-27T08:00:00Z,Nuclear,4738.000,Elexon BMRS FUELHH
2025-02-27T08:00:00Z,Other,412.000,Elexon BMRS FUELHH
2025-02-27T08:00:00Z,Pumped Storage,166.000,Elexon BMRS FUELHH
2025-02-27T08:00:00Z,Wind,8992.000,Elexon BMRS FUELHH
2025-02-27T08:30:00Z,Biomass,3230.000,Elexon BMRS FUELHH
2025-02-27T08:30:00Z,Coal,0.000,Elexon BMRS FUELHH
2025-02-27T08:30:00Z,Gas,17693.000,Elexon BMRS FUELHH
2025-02-27T08:30:00Z,Hydro,747.000,Elexon BMRS FUELHH
2025-02-27T08:30:00Z,Imports & Exports,-590.000,Elexon BMRS FUELHH
2025-02-27T08:30:00Z,Nuclear,4745.000,Elexon BMRS FUELHH
2025-02-27T08:30:00Z,Other,360.000,Elexon BMRS FUELHH
2025-02-27T08:30:00Z,Pumped Storage,-172.000,Elexon BMRS FUELHH
2025-02-27T08:30:00Z,Wind,9025.000,Elexon BMRS FUELHH
2025-02-27T09:00:00Z,Biomass,3225.000,Elexon BMRS FUELHH
2025-02-27T09:00:00Z,Coal,0.000,Elexon BMRS FUELHH
2025-02-27T09:00:00Z,Gas,16767.000,Elexon BMRS FUELHH
2025-02-27T09:00:00Z,Hydro,698.000,Elexon BMRS FUELHH
2025-02-27T09:00:00Z,Imports & Exports,-312.000,Elexon BMRS FUELHH
2025-02-27T09:00:00Z,Nuclear,4742.000,Elexon BMRS FUELHH
2025-02-27T09:00:00Z,Other,270.000,Elexon BMRS FUELHH
2025-02-27T09:00:00Z,Pumped Storage,-172.000,Elexon BMRS FUELHH
2025-02-27T09:00:00Z,Wind,8900.000,Elexon BMRS FUELHH
2025-02-27T09:30:00Z,Biomass,3241.000,Elexon BMRS FUELHH
2025-02-27T09:30:00Z,Coal,0.000,Elexon BMRS FUELHH
2025-02-27T09:30:00Z,Gas,15797.000,Elexon BMRS FUELHH
2025-02-27T09:30:00Z,Hydro,710.000,Elexon BMRS FUELHH
2025-02-27T09:30:00Z,Imports & Exports,-232.000,Elexon BMRS FUELHH
2025-02-27T09:30:00Z,Nuclear,4742.000,Elexon BMRS FUELHH
2025-02-27T09:30:00Z,Other,255.000,Elexon BMRS FUELHH
2025-02-27T09:30:00Z,Pumped Storage,-168.000,Elexon BMRS FUELHH
2025-02-27T09:30:00Z,Wind,8658.000,Elexon BMRS FUELHH
2025-02-27T10:00:00Z,Biomass,3178.000,Elexon BMRS FUELHH
2025-02-27T10:00:00Z,Coal,0.000,Elexon BMRS FUELHH
2025-02-27T10:00:00Z,Gas,14980.000,Elexon BMRS FUELHH
2025-02-27T10:00:00Z,Hydro,495.000,Elexon BMRS FUELHH
2025-02-27T10:00:00Z,Imports & Exports,-156.000,Elexon BMRS FUELHH
2025-02-27T10:00:00Z,Nuclear,4744.000,Elexon BMRS FUELHH
2025-02-27T10:00:00Z,Other,293.000,Elexon BMRS FUELHH
2025-02-27T10:00:00Z,Pumped Storage,-16.000,Elexon BMRS FUELHH
2025-02-27T10:00:00Z,Wind,8497.000,Elexon BMRS FUELHH
2025-02-27T10:30:00Z,Biomass,2746.000,Elexon BMRS FUELHH
2025-02-27T10:30:00Z,Coal,0.000,Elexon BMRS FUELHH
2025-02-27T10:30:00Z,Gas,14047.000,Elexon BMRS FUELHH
2025-02-27T10:30:00Z,Hydro,455.000,Elexon BMRS FUELHH
2025-02-27T10:30:00Z,Imports & Exports,-122.000,Elexon BMRS FUELHH
2025-02-27T10:30:00Z,Nuclear,4744.000,Elexon BMRS FUELHH
2025-02-27T10:30:00Z,Other,333.000,Elexon BMRS FUELHH
2025-02-27T10:30:00Z,Pumped Storage,224.000,Elexon BMRS FUELHH
2025-02-27T10:30:00Z,Wind,8958.000,Elexon BMRS FUELHH
2025-02-27T11:00:00Z,Biomass,2231.000,Elexon BMRS FUELHH
2025-02-27T11:00:00Z,Coal,0.000,Elexon BMRS FUELHH
2025-02-27T11:00:00Z,Gas,13260.000,Elexon BMRS FUELHH
2025-02-27T11:00:00Z,Hydro,443.000,Elexon BMRS FUELHH
2025-02-27T11:00:00Z,Imports & Exports,590.000,Elexon BMRS FUELHH
2025-02-27T11:00:00Z,Nuclear,4740.000,Elexon BMRS FUELHH
2025-02-27T11:00:00Z,Other,278.000,Elexon BMRS FUELHH
2025-02-27T11:00:00Z,Pumped Storage,240.000,Elexon BMRS FUELHH
2025-02-27T11:00:00Z,Wind,9077.000,Elexon BMRS FUELHH
2025-02-27T11:30:00Z,Biomass,2219.000,Elexon BMRS FUELHH
2025-02-27T11:30:00Z,Coal,0.000,Elexon BMRS FUELHH
2025-02-27T11:30:00Z,Gas,13176.000,Elexon BMRS FUELHH
2025-02-27T11:30:00Z,Hydro,404.000,Elexon BMRS FUELHH
2025-02-27T11:30:00Z,Imports & Exports,630.000,Elexon BMRS FUELHH
2025-02-27T11:30:00Z,Nuclear,4741.000,Elexon BMRS FUELHH
2025-02-27T11:30:00Z,Other,266.000,Elexon BMRS FUELHH
2025-02-27T11:30:00Z,Pumped Storage,206.000,Elexon BMRS FUELHH
2025-02-27T11:30:00Z,Wind,9316.000,Elexon BMRS FUELHH
2025-02-27T12:00:00Z,Biomass,2217.000,Elexon BMRS FUELHH
2025-02-27T12:00:00Z,Coal,0.000,Elexon BMRS FUELHH
2025-02-27T12:00:00Z,Gas,13113.000,Elexon BMRS FUELHH
2025-02-27T12:00:00Z,Hydro,361.000,Elexon BMRS FUELHH
2025-02-27T12:00:00Z,Imports & Exports,1048.000,Elexon BMRS FUELHH
2025-02-27T12:00:00Z,Nuclear,4744.000,Elexon BMRS FUELHH
2025-02-27T12:00:00Z,Other,213.000,Elexon BMRS FUELHH
2025-02-27T12:00:00Z,Pumped Storage,122.000,Elexon BMRS FUELHH
2025-02-27T12:00:00Z,Wind,9548.000,Elexon BMRS FUELHH
2025-02-27T12:30:00Z,Biomass,2203.000,Elexon BMRS FUELHH
2025-02-27T12:30:00Z,Coal,0.000,Elexon BMRS FUELHH
2025-02-27T12:30:00Z,Gas,12492.000,Elexon BMRS FUELHH
2025-02-27T12:30:00Z,Hydro,356.000,Elexon BMRS FUELHH
2025-02-27T12:30:00Z,Imports & Exports,1072.000,Elexon BMRS FUELHH
2025-02-27T12:30:00Z,Nuclear,4746.000,Elexon BMRS FUELHH
2025-02-27T12:30:00Z,Other,248.000,Elexon BMRS FUELHH
2025-02-27T12:30:00Z,Pumped Storage,84.000,Elexon BMRS FUELHH
2025-02-27T12:30:00Z,Wind,9815.000,Elexon BMRS FUELHH
2025-02-27T13:00:00Z,Biomass,2227.000,Elexon BMRS FUELHH
2025-02-27T13:00:00Z,Coal,0.000,Elexon BMRS FUELHH
2025-02-27T13:00:00Z,Gas,12238.000,Elexon BMRS FUELHH
2025-02-27T13:00:00Z,Hydro,357.000,Elexon BMRS FUELHH
2025-02-27T13:00:00Z,Imports & Exports,1018.000,Elexon BMRS FUELHH
2025-02-27T13:00:00Z,Nuclear,4741.000,Elexon BMRS FUELHH
2025-02-27T13:00:00Z,Other,270.000,Elexon BMRS FUELHH
2025-02-27T13:00:00Z,Pumped Storage,-196.000,Elexon BMRS FUELHH
2025-02-27T13:00:00Z,Wind,9897.000,Elexon BMRS FUELHH
2025-02-27T13:30:00Z,Biomass,2232.000,Elexon BMRS FUELHH
2025-02-27T13:30:00Z,Coal,0.000,Elexon BMRS FUELHH
2025-02-27T13:30:00Z,Gas,12198.000,Elexon BMRS FUELHH
2025-02-27T13:30:00Z,Hydro,357.000,Elexon BMRS FUELHH
2025-02-27T13:30:00Z,Imports & Exports,994.000,Elexon BMRS FUELHH
2025-02-27T13:30:00Z,Nuclear,4739.000,Elexon BMRS FUELHH
2025-02-27T13:30:00Z,Other,304.000,Elexon BMRS FUELHH
2025-02-27T13:30:00Z,Pumped Storage,-336.000,Elexon BMRS FUELHH
2025-02-27T13:30:00Z,Wind,10033.000,Elexon BMRS FUELHH
2025-02-27T14:00:00Z,Biomass,2245.000,Elexon BMRS FUELHH
2025-02-27T14:00:00Z,Coal,0.000,Elexon BMRS FUELHH
2025-02-27T14:00:00Z,Gas,12800.000,Elexon BMRS FUELHH
2025-02-27T14:00:00Z,Hydro,356.000,Elexon BMRS FUELHH
2025-02-27T14:00:00Z,Imports & Exports,96.000,Elexon BMRS FUELHH
2025-02-27T14:00:00Z,Nuclear,4738.000,Elexon BMRS FUELHH
2025-02-27T14:00:00Z,Other,346.000,Elexon BMRS FUELHH
2025-02-27T14:00:00Z,Pumped Storage,-226.000,Elexon BMRS FUELHH
2025-02-27T14:00:00Z,Wind,9926.000,Elexon BMRS FUELHH
2025-02-27T14:30:00Z,Biomass,2248.000,Elexon BMRS FUELHH
2025-02-27T14:30:00Z,Coal,0.000,Elexon BMRS FUELHH
2025-02-27T14:30:00Z,Gas,13079.000,Elexon BMRS FUELHH
2025-02-27T14:30:00Z,Hydro,364.000,Elexon BMRS FUELHH
2025-02-27T14:30:00Z,Imports & Exports,48.000,Elexon BMRS FUELHH
2025-02-27T14:30:00Z,Nuclear,4741.000,Elexon BMRS FUELHH
2025-02-27T14:30:00Z,Other,308.000,Elexon BMRS FUELHH
2025-02-27T14:30:00Z,Pumped Storage,30.000,Elexon BMRS FUELHH
2025-02-27T14:30:00Z,Wind,9722.000,Elexon BMRS FUELHH
2025-02-27T15:00:00Z,Biomass,2465.000,Elexon BMRS FUELHH
2025-02-27T15:00:00Z,Coal,0.000,Elexon BMRS FUELHH
2025-02-27T15:00:00Z,Gas,14125.000,Elexon BMRS FUELHH
2025-02-27T15:00:00Z,Hydro,439.000,Elexon BMRS FUELHH
2025-02-27T15:00:00Z,Imports & Exports,-280.000,Elexon BMRS FUELHH
2025-02-27T15:00:00Z,Nuclear,4743.000,Elexon BMRS FUELHH
2025-02-27T15:00:00Z,Other,238.000,Elexon BMRS FUELHH
2025-02-27T15:00:00Z,Pumped Storage,0.000,Elexon BMRS FUELHH
2025-02-27T15:00:00Z,Wind,9672.000,Elexon BMRS FUELHH
2025-02-27T15:30:00Z,Biomass,2803.000,Elexon BMRS FUELHH
2025-02-27T15:30:00Z,Coal,0.000,Elexon BMRS FUELHH
2025-02-27T15:30:00Z,Gas,15167.000,Elexon BMRS FUELHH
2025-02-27T15:30:00Z,Hydro,504.000,Elexon BMRS FUELHH
2025-02-27T15:30:00Z,Imports & Exports,-304.000,Elexon BMRS FUELHH
2025-02-27T15:30:00Z,Nuclear,4739.000,Elexon BMRS FUELHH
2025-02-27T15:30:00Z,Other,258.000,Elexon BMRS FUELHH
2025-02-27T15:30:00Z,Pumped Storage,-16.000,Elexon BMRS FUELHH
2025-02-27T15:30:00Z,Wind,9653.000,Elexon BMRS FUELHH
2025-02-27T16:00:00Z,Biomass,2886.000,Elexon BMRS FUELHH
2025-02-27T16:00:00Z,Coal,0.000,Elexon BMRS FUELHH
2025-02-27T16:00:00Z,Gas,17604.000,Elexon BMRS FUELHH
2025-02-27T16:00:00Z,Hydro,766.000,Elexon BMRS FUELHH
2025-02-27T16:00:00Z,Imports & Exports,-1164.000,Elexon BMRS FUELHH
2025-02-27T16:00:00Z,Nuclear,4744.000,Elexon BMRS FUELHH
2025-02-27T16:00:00Z,Other,336.000,Elexon BMRS FUELHH
2025-02-27T16:00:00Z,Pumped Storage,0.000,Elexon BMRS FUELHH
2025-02-27T16:00:00Z,Wind,9391.000,Elexon BMRS FUELHH
2025-02-27T16:30:00Z,Biomass,2900.000,Elexon BMRS FUELHH
2025-02-27T16:30:00Z,Coal,0.000,Elexon BMRS FUELHH
2025-02-27T16:30:00Z,Gas,19523.000,Elexon BMRS FUELHH
2025-02-27T16:30:00Z,Hydro,782.000,Elexon BMRS FUELHH
2025-02-27T16:30:00Z,Imports & Exports,-1234.000,Elexon BMRS FUELHH
2025-02-27T16:30:00Z,Nuclear,4741.000,Elexon BMRS FUELHH
2025-02-27T16:30:00Z,Other,516.000,Elexon BMRS FUELHH
2025-02-27T16:30:00Z,Pumped Storage,446.000,Elexon BMRS FUELHH
2025-02-27T16:30:00Z,Wind,8911.000,Elexon BMRS FUELHH
2025-02-27T17:00:00Z,Biomass,3048.000,Elexon BMRS FUELHH
2025-02-27T17:00:00Z,Coal,0.000,Elexon BMRS FUELHH
2025-02-27T17:00:00Z,Gas,21004.000,Elexon BMRS FUELHH
2025-02-27T17:00:00Z,Hydro,1055.000,Elexon BMRS FUELHH
2025-02-27T17:00:00Z,Imports & Exports,-1486.000,Elexon BMRS FUELHH
2025-02-27T17:00:00Z,Nuclear,4745.000,Elexon BMRS FUELHH
2025-02-27T17:00:00Z,Other,689.000,Elexon BMRS FUELHH
2025-02-27T17:00:00Z,Pumped Storage,968.000,Elexon BMRS FUELHH
2025-02-27T17:00:00Z,Wind,8644.000,Elexon BMRS FUELHH
2025-02-27T17:30:00Z,Biomass,3241.000,Elexon BMRS FUELHH
2025-02-27T17:30:00Z,Coal,0.000,Elexon BMRS FUELHH
2025-02-27T17:30:00Z,Gas,21683.000,Elexon BMRS FUELHH
2025-02-27T17:30:00Z,Hydro,1060.000,Elexon BMRS FUELHH
2025-02-27T17:30:00Z,Imports & Exports,-1452.000,Elexon BMRS FUELHH
2025-02-27T17:30:00Z,Nuclear,4747.000,Elexon BMRS FUELHH
2025-02-27T17:30:00Z,Other,914.000,Elexon BMRS FUELHH
2025-02-27T17:30:00Z,Pumped Storage,1218.000,Elexon BMRS FUELHH
2025-02-27T17:30:00Z,Wind,8315.000,Elexon BMRS FUELHH
2025-02-27T18:00:00Z,Biomass,3252.000,Elexon BMRS FUELHH
2025-02-27T18:00:00Z,Coal,0.000,Elexon BMRS FUELHH
2025-02-27T18:00:00Z,Gas,21864.000,Elexon BMRS FUELHH
2025-02-27T18:00:00Z,Hydro,1059.000,Elexon BMRS FUELHH
2025-02-27T18:00:00Z,Imports & Exports,-1376.000,Elexon BMRS FUELHH
2025-02-27T18:00:00Z,Nuclear,4747.000,Elexon BMRS FUELHH
2025-02-27T18:00:00Z,Other,1341.000,Elexon BMRS FUELHH
2025-02-27T18:00:00Z,Pumped Storage,1174.000,Elexon BMRS FUELHH
2025-02-27T18:00:00Z,Wind,8371.000,Elexon BMRS FUELHH
2025-02-27T18:30:00Z,Biomass,3254.000,Elexon BMRS FUELHH
2025-02-27T18:30:00Z,Coal,0.000,Elexon BMRS FUELHH
2025-02-27T18:30:00Z,Gas,21956.000,Elexon BMRS FUELHH
2025-02-27T18:30:00Z,Hydro,1061.000,Elexon BMRS FUELHH
2025-02-27T18:30:00Z,Imports & Exports,-1436.000,Elexon BMRS FUELHH
2025-02-27T18:30:00Z,Nuclear,4750.000,Elexon BMRS FUELHH
2025-02-27T18:30:00Z,Other,1708.000,Elexon BMRS FUELHH
2025-02-27T18:30:00Z,Pumped Storage,1182.000,Elexon BMRS FUELHH
2025-02-27T18:30:00Z,Wind,8002.000,Elexon BMRS FUELHH
2025-02-27T19:00:00Z,Biomass,3254.000,Elexon BMRS FUELHH
2025-02-27T19:00:00Z,Coal,0.000,Elexon BMRS FUELHH
2025-02-27T19:00:00Z,Gas,21630.000,Elexon BMRS FUELHH
2025-02-27T19:00:00Z,Hydro,1062.000,Elexon BMRS FUELHH
2025-02-27T19:00:00Z,Imports & Exports,258.000,Elexon BMRS FUELHH
2025-02-27T19:00:00Z,Nuclear,4754.000,Elexon BMRS FUELHH
2025-02-27T19:00:00Z,Other,856.000,Elexon BMRS FUELHH
2025-02-27T19:00:00Z,Pumped Storage,776.000,Elexon BMRS FUELHH
2025-02-27T19:00:00Z,Wind,7693.000,Elexon BMRS FUELHH
2025-02-27T19:30:00Z,Biomass,3252.000,Elexon BMRS FUELHH
2025-02-27T19:30:00Z,Coal,0.000,Elexon BMRS FUELHH
2025-02-27T19:30:00Z,Gas,21708.000,Elexon BMRS FUELHH
2025-02-27T19:30:00Z,Hydro,1031.000,Elexon BMRS FUELHH
2025-02-27T19:30:00Z,Imports & Exports,342.000,Elexon BMRS FUELHH
2025-02-27T19:30:00Z,Nuclear,4751.000,Elexon BMRS FUELHH
2025-02-27T19:30:00Z,Other,693.000,Elexon BMRS FUELHH
2025-02-27T19:30:00Z,Pumped Storage,646.000,Elexon BMRS FUELHH
2025-02-27T19:30:00Z,Wind,7132.000,Elexon BMRS FUELHH
2025-02-27T20:00:00Z,Biomass,3245.000,Elexon BMRS FUELHH
2025-02-27T20:00:00Z,Coal,0.000,Elexon BMRS FUELHH
2025-02-27T20:00:00Z,Gas,21723.000,Elexon BMRS FUELHH
2025-02-27T20:00:00Z,Hydro,995.000,Elexon BMRS FUELHH
2025-02-27T20:00:00Z,Imports & Exports,-122.000,Elexon BMRS FUELHH
2025-02-27T20:00:00Z,Nuclear,4755.000,Elexon BMRS FUELHH
2025-02-27T20:00:00Z,Other,612.000,Elexon BMRS FUELHH
2025-02-27T20:00:00Z,Pumped Storage,432.000,Elexon BMRS FUELHH
2025-02-27T20:00:00Z,Wind,6615.000,Elexon BMRS FUELHH
2025-02-27T20:30:00Z,Biomass,3246.000,Elexon BMRS FUELHH
2025-02-27T20:30:00Z,Coal,0.000,Elexon BMRS FUELHH
2025-02-27T20:30:00Z,Gas,21270.000,Elexon BMRS FUELHH
2025-02-27T20:30:00Z,Hydro,1026.000,Elexon BMRS FUELHH
2025-02-27T20:30:00Z,Imports & Exports,-138.000,Elexon BMRS FUELHH
2025-02-27T20:30:00Z,Nuclear,4752.000,Elexon BMRS FUELHH
2025-02-27T20:30:00Z,Other,485.000,Elexon BMRS FUELHH
2025-02-27T20:30:00Z,Pumped Storage,194.000,Elexon BMRS FUELHH
2025-02-27T20:30:00Z,Wind,6039.000,Elexon BMRS FUELHH
2025-02-27T21:00:00Z,Biomass,3248.000,Elexon BMRS FUELHH
2025-02-27T21:00:00Z,Coal,0.000,Elexon BMRS FUELHH
2025-02-27T21:00:00Z,Gas,20655.000,Elexon BMRS FUELHH
2025-02-27T21:00:00Z,Hydro,934.000,Elexon BMRS FUELHH
2025-02-27T21:00:00Z,Imports & Exports,-352.000,Elexon BMRS FUELHH
2025-02-27T21:00:00Z,Nuclear,4736.000,Elexon BMRS FUELHH
2025-02-27T21:00:00Z,Other,341.000,Elexon BMRS FUELHH
2025-02-27T21:00:00Z,Pumped Storage,274.000,Elexon BMRS FUELHH
2025-02-27T21:00:00Z,Wind,5629.000,Elexon BMRS FUELHH
2025-02-27T21:30:00Z,Biomass,3252.000,Elexon BMRS FUELHH
2025-02-27T21:30:00Z,Coal,0.000,Elexon BMRS FUELHH
2025-02-27T21:30:00Z,Gas,19806.000,Elexon BMRS FUELHH
2025-02-27T21:30:00Z,Hydro,929.000,Elexon BMRS FUELHH
2025-02-27T21:30:00Z,Imports & Exports,-300.000,Elexon BMRS FUELHH
2025-02-27T21:30:00Z,Nuclear,4721.000,Elexon BMRS FUELHH
2025-02-27T21:30:00Z,Other,321.000,Elexon BMRS FUELHH
2025-02-27T21:30:00Z,Pumped Storage,72.000,Elexon BMRS FUELHH
2025-02-27T21:30:00Z,Wind,5233.000,Elexon BMRS FUELHH
2025-02-27T22:00:00Z,Biomass,3187.000,Elexon BMRS FUELHH
2025-02-27T22:00:00Z,Coal,0.000,Elexon BMRS FUELHH
2025-02-27T22:00:00Z,Gas,17600.000,Elexon BMRS FUELHH
2025-02-27T22:00:00Z,Hydro,842.000,Elexon BMRS FUELHH
2025-02-27T22:00:00Z,Imports & Exports,848.000,Elexon BMRS FUELHH
2025-02-27T22:00:00Z,Nuclear,4702.000,Elexon BMRS FUELHH
2025-02-27T22:00:00Z,Other,266.000,Elexon BMRS FUELHH
2025-02-27T22:00:00Z,Pumped Storage,-16.000,Elexon BMRS FUELHH
2025-02-27T22:00:00Z,Wind,4899.000,Elexon BMRS FUELHH
2025-02-27T22:30:00Z,Biomass,3165.000,Elexon BMRS FUELHH
2025-02-27T22:30:00Z,Coal,0.000,Elexon BMRS FUELHH
2025-02-27T22:30:00Z,Gas,16212.000,Elexon BMRS FUELHH
2025-02-27T22:30:00Z,Hydro,693.000,Elexon BMRS FUELHH
2025-02-27T22:30:00Z,Imports & Exports,906.000,Elexon BMRS FUELHH
2025-02-27T22:30:00Z,Nuclear,4691.000,Elexon BMRS FUELHH
2025-02-27T22:30:00Z,Other,250.000,Elexon BMRS FUELHH
2025-02-27T22:30:00Z,Pumped Storage,-14.000,Elexon BMRS FUELHH
2025-02-27T22:30:00Z,Wind,4697.000,Elexon BMRS FUELHH
2025-02-27T23:00:00Z,Biomass,2911.000,Elexon BMRS FUELHH
2025-02-27T23:00:00Z,Coal,0.000,Elexon BMRS FUELHH
2025-02-27T23:00:00Z,Gas,14825.000,Elexon BMRS FUELHH
2025-02-27T23:00:00Z,Hydro,526.000,Elexon BMRS FUELHH
2025-02-27T23:00:00Z,Imports & Exports,1252.000,Elexon BMRS FUELHH
2025-02-27T23:00:00Z,Nuclear,4671.000,Elexon BMRS FUELHH
2025-02-27T23:00:00Z,Other,247.000,Elexon BMRS FUELHH
2025-02-27T23:00:00Z,Pumped Storage,130.000,Elexon BMRS FUELHH
2025-02-27T23:00:00Z,Wind,4646.000,Elexon BMRS FUELHH
2025-02-27T23:30:00Z,Biomass,2680.000,Elexon BMRS FUELHH
2025-02-27T23:30:00Z,Coal,0.000,Elexon BMRS FUELHH
2025-02-27T23:30:00Z,Gas,14262.000,Elexon BMRS FUELHH
2025-02-27T23:30:00Z,Hydro,540.000,Elexon BMRS FUELHH
2025-02-27T23:30:00Z,Imports & Exports,1330.000,Elexon BMRS FUELHH
2025-02-27T23:30:00Z,Nuclear,4656.000,Elexon BMRS FUELHH
2025-02-27T23:30:00Z,Other,316.000,Elexon BMRS FUELHH
2025-02-27T23:30:00Z,Pumped Storage,-18.000,Elexon BMRS FUELHH
2025-02-27T23:30:00Z,Wind,4540.000,Elexon BMRS FUELHH
2025-02-28T00:00:00Z,Biomass,2332.000,Elexon BMRS FUELHH
2025-02-28T00:00:00Z,Coal,0.000,Elexon BMRS FUELHH
2025-02-28T00:00:00Z,Gas,14277.000,Elexon BMRS FUELHH
2025-02-28T00:00:00Z,Hydro,464.000,Elexon BMRS FUELHH
2025-02-28T00:00:00Z,Imports & Exports,2588.000,Elexon BMRS FUELHH
2025-02-28T00:00:00Z,Nuclear,4637.000,Elexon BMRS FUELHH
2025-02-28T00:00:00Z,Other,251.000,Elexon BMRS FUELHH
2025-02-28T00:00:00Z,Pumped Storage,-284.000,Elexon BMRS FUELHH
2025-02-28T00:00:00Z,Wind,4142.000,Elexon BMRS FUELHH
2025-02-28T00:30:00Z,Biomass,2479.000,Elexon BMRS FUELHH
2025-02-28T00:30:00Z,Coal,0.000,Elexon BMRS FUELHH
2025-02-28T00:30:00Z,Gas,14530.000,Elexon BMRS FUELHH
2025-02-28T00:30:00Z,Hydro,382.000,Elexon BMRS FUELHH
2025-02-28T00:30:00Z,Imports & Exports,2658.000,Elexon BMRS FUELHH
2025-02-28T00:30:00Z,Nuclear,4622.000,Elexon BMRS FUELHH
2025-02-28T00:30:00Z,Other,458.000,Elexon BMRS FUELHH
2025-02-28T00:30:00Z,Pumped Storage,-112.000,Elexon BMRS FUELHH
2025-02-28T00:30:00Z,Wind,3537.000,Elexon BMRS FUELHH
2025-02-28T01:00:00Z,Biomass,2808.000,Elexon BMRS FUELHH
2025-02-28T01:00:00Z,Coal,0.000,Elexon BMRS FUELHH
2025-02-28T01:00:00Z,Gas,14323.000,Elexon BMRS FUELHH
2025-02-28T01:00:00Z,Hydro,352.000,Elexon BMRS FUELHH
2025-02-28T01:00:00Z,Imports & Exports,3386.000,Elexon BMRS FUELHH
2025-02-28T01:00:00Z,Nuclear,4618.000,Elexon BMRS FUELHH
2025-02-28T01:00:00Z,Other,389.000,Elexon BMRS FUELHH
2025-02-28T01:00:00Z,Pumped Storage,-868.000,Elexon BMRS FUELHH
2025-02-28T01:00:00Z,Wind,3497.000,Elexon BMRS FUELHH
2025-02-28T01:30:00Z,Biomass,2985.000,Elexon BMRS FUELHH
2025-02-28T01:30:00Z,Coal,0.000,Elexon BMRS FUELHH
2025-02-28T01:30:00Z,Gas,13986.000,Elexon BMRS FUELHH
2025-02-28T01:30:00Z,Hydro,383.000,Elexon BMRS FUELHH
2025-02-28T01:30:00Z,Imports & Exports,3528.000,Elexon BMRS FUELHH
2025-02-28T01:30:00Z,Nuclear,4605.000,Elexon BMRS FUELHH
2025-02-28T01:30:00Z,Other,231.000,Elexon BMRS FUELHH
2025-02-28T01:30:00Z,Pumped Storage,-1370.000,Elexon BMRS FUELHH
2025-02-28T01:30:00Z,Wind,3457.000,Elexon BMRS FUELHH
2025-02-28T02:00:00Z,Biomass,2906.000,Elexon BMRS FUELHH
2025-02-28T02:00:00Z,Coal,0.000,Elexon BMRS FUELHH
2025-02-28T02:00:00Z,Gas,13471.000,Elexon BMRS FUELHH
2025-02-28T02:00:00Z,Hydro,318.000,Elexon BMRS FUELHH
2025-02-28T02:00:00Z,Imports & Exports,3556.000,Elexon BMRS FUELHH
2025-02-28T02:00:00Z,Nuclear,4580.000,Elexon BMRS FUELHH
2025-02-28T02:00:00Z,Other,315.000,Elexon BMRS FUELHH
2025-02-28T02:00:00Z,Pumped Storage,-1338.000,Elexon BMRS FUELHH
2025-02-28T02:00:00Z,Wind,3435.000,Elexon BMRS FUELHH
2025-02-28T02:30:00Z,Biomass,3050.000,Elexon BMRS FUELHH
2025-02-28T02:30:00Z,Coal,0.000,Elexon BMRS FUELHH
2025-02-28T02:30:00Z,Gas,13470.000,Elexon BMRS FUELHH
2025-02-28T02:30:00Z,Hydro,316.000,Elexon BMRS FUELHH
2025-02-28T02:30:00Z,Imports & Exports,3534.000,Elexon BMRS FUELHH
2025-02-28T02:30:00Z,Nuclear,4568.000,Elexon BMRS FUELHH
2025-02-28T02:30:00Z,Other,271.000,Elexon BMRS FUELHH
2025-02-28T02:30:00Z,Pumped Storage,-1498.000,Elexon BMRS FUELHH
2025-02-28T02:30:00Z,Wind,3532.000,Elexon BMRS FUELHH
2025-02-28T03:00:00Z,Biomass,2938.000,Elexon BMRS FUELHH
2025-02-28T03:00:00Z,Coal,0.000,Elexon BMRS FUELHH
2025-02-28T03:00:00Z,Gas,14223.000,Elexon BMRS FUELHH
2025-02-28T03:00:00Z,Hydro,315.000,Elexon BMRS FUELHH
2025-02-28T03:00:00Z,Imports & Exports,2062.000,Elexon BMRS FUELHH
2025-02-28T03:00:00Z,Nuclear,4550.000,Elexon BMRS FUELHH
2025-02-28T03:00:00Z,Other,285.000,Elexon BMRS FUELHH
2025-02-28T03:00:00Z,Pumped Storage,-1498.000,Elexon BMRS FUELHH
2025-02-28T03:00:00Z,Wind,3629.000,Elexon BMRS FUELHH
2025-02-28T03:30:00Z,Biomass,2992.000,Elexon BMRS FUELHH
2025-02-28T03:30:00Z,Coal,0.000,Elexon BMRS FUELHH
2025-02-28T03:30:00Z,Gas,14211.000,Elexon BMRS FUELHH
2025-02-28T03:30:00Z,Hydro,314.000,Elexon BMRS FUELHH
2025-02-28T03:30:00Z,Imports & Exports,2022.000,Elexon BMRS FUELHH
2025-02-28T03:30:00Z,Nuclear,4535.000,Elexon BMRS FUELHH
2025-02-28T03:30:00Z,Other,295.000,Elexon BMRS FUELHH
2025-02-28T03:30:00Z,Pumped Storage,-1486.000,Elexon BMRS FUELHH
2025-02-28T03:30:00Z,Wind,3427.000,Elexon BMRS FUELHH
2025-02-28T04:00:00Z,Biomass,3136.000,Elexon BMRS FUELHH
2025-02-28T04:00:00Z,Coal,0.000,Elexon BMRS FUELHH
2025-02-28T04:00:00Z,Gas,14342.000,Elexon BMRS FUELHH
2025-02-28T04:00:00Z,Hydro,313.000,Elexon BMRS FUELHH
2025-02-28T04:00:00Z,Imports & Exports,1114.000,Elexon BMRS FUELHH
2025-02-28T04:00:00Z,Nuclear,4526.000,Elexon BMRS FUELHH
2025-02-28T04:00:00Z,Other,341.000,Elexon BMRS FUELHH
2025-02-28T04:00:00Z,Pumped Storage,-1342.000,Elexon BMRS FUELHH
2025-02-28T04:00:00Z,Wind,3249.000,Elexon BMRS FUELHH
2025-02-28T04:30:00Z,Biomass,2749.000,Elexon BMRS FUELHH
2025-02-28T04:30:00Z,Coal,0.000,Elexon BMRS FUELHH
2025-02-28T04:30:00Z,Gas,14668.000,Elexon BMRS FUELHH
2025-02-28T04:30:00Z,Hydro,332.000,Elexon BMRS FUELHH
2025-02-28T04:30:00Z,Imports & Exports,996.000,Elexon BMRS FUELHH
2025-02-28T04:30:00Z,Nuclear,4505.000,Elexon BMRS FUELHH
2025-02-28T04:30:00Z,Other,388.000,Elexon BMRS FUELHH
2025-02-28T04:30:00Z,Pumped Storage,-1164.000,Elexon BMRS FUELHH
2025-02-28T04:30:00Z,Wind,3240.000,Elexon BMRS FUELHH
2025-02-28T05:00:00Z,Biomass,2823.000,Elexon BMRS FUELHH
2025-02-28T05:00:00Z,Coal,0.000,Elexon BMRS FUELHH
2025-02-28T05:00:00Z,Gas,15907.000,Elexon BMRS FUELHH
2025-02-28T05:00:00Z,Hydro,602.000,Elexon BMRS FUELHH
2025-02-28T05:00:00Z,Imports & Exports,-782.000,Elexon BMRS FUELHH
2025-02-28T05:00:00Z,Nuclear,4498.000,Elexon BMRS FUELHH
2025-02-28T05:00:00Z,Other,347.000,Elexon BMRS FUELHH
2025-02-28T05:00:00Z,Pumped Storage,-528.000,Elexon BMRS FUELHH
2025-02-28T05:00:00Z,Wind,3069.000,Elexon BMRS FUELHH
2025-02-28T05:30:00Z,Biomass,3188.000,Elexon BMRS FUELHH
2025-02-28T05:30:00Z,Coal,0.000,Elexon BMRS FUELHH
2025-02-28T05:30:00Z,Gas,16611.000,Elexon BMRS FUELHH
2025-02-28T05:30:00Z,Hydro,639.000,Elexon BMRS FUELHH
2025-02-28T05:30:00Z,Imports & Exports,-776.000,Elexon BMRS FUELHH
2025-02-28T05:30:00Z,Nuclear,4487.000,Elexon BMRS FUELHH
2025-02-28T05:30:00Z,Other,315.000,Elexon BMRS FUELHH
2025-02-28T05:30:00Z,Pumped Storage,-38.000,Elexon BMRS FUELHH
2025-02-28T05:30:00Z,Wind,3084.000,Elexon BMRS FUELHH
2025-02-28T06:00:00Z,Biomass,3111.000,Elexon BMRS FUELHH
2025-02-28T06:00:00Z,Coal,0.000,Elexon BMRS FUELHH
2025-02-28T06:00:00Z,Gas,17614.000,Elexon BMRS FUELHH
2025-02-28T06:00:00Z,Hydro,819.000,Elexon BMRS FUELHH
2025-02-28T06:00:00Z,Imports & Exports,620.000,Elexon BMRS FUELHH
2025-02-28T06:00:00Z,Nuclear,4469.000,Elexon BMRS FUELHH
2025-02-28T06:00:00Z,Other,249.000,Elexon BMRS FUELHH
2025-02-28T06:00:00Z,Pumped Storage,244.000,Elexon BMRS FUELHH
2025-02-28T06:00:00Z,Wind,3240.000,Elexon BMRS FUELHH
2025-02-28T06:30:00Z,Biomass,3237.000,Elexon BMRS FUELHH
2025-02-28T06:30:00Z,Coal,0.000,Elexon BMRS FUELHH
2025-02-28T06:30:00Z,Gas,18748.000,Elexon BMRS FUELHH
2025-02-28T06:30:00Z,Hydro,753.000,Elexon BMRS FUELHH
2025-02-28T06:30:00Z,Imports & Exports,414.000,Elexon BMRS FUELHH
2025-02-28T06:30:00Z,Nuclear,4456.000,Elexon BMRS FUELHH
2025-02-28T06:30:00Z,Other,630.000,Elexon BMRS FUELHH
2025-02-28T06:30:00Z,Pumped Storage,282.000,Elexon BMRS FUELHH
2025-02-28T06:30:00Z,Wind,3295.000,Elexon BMRS FUELHH
2025-02-28T07:00:00Z,Biomass,3149.000,Elexon BMRS FUELHH
2025-02-28T07:00:00Z,Coal,0.000,Elexon BMRS FUELHH
2025-02-28T07:00:00Z,Gas,19106.000,Elexon BMRS FUELHH
2025-02-28T07:00:00Z,Hydro,830.000,Elexon BMRS FUELHH
2025-02-28T07:00:00Z,Imports & Exports,3294.000,Elexon BMRS FUELHH
2025-02-28T07:00:00Z,Nuclear,4440.000,Elexon BMRS FUELHH
2025-02-28T07:00:00Z,Other,745.000,Elexon BMRS FUELHH
2025-02-28T07:00:00Z,Pumped Storage,454.000,Elexon BMRS FUELHH
2025-02-28T07:00:00Z,Wind,3065.000,Elexon BMRS FUELHH
2025-02-28T07:30:00Z,Biomass,3256.000,Elexon BMRS FUELHH
2025-02-28T07:30:00Z,Coal,0.000,Elexon BMRS FUELHH
2025-02-28T07:30:00Z,Gas,19290.000,Elexon BMRS FUELHH
2025-02-28T07:30:00Z,Hydro,812.000,Elexon BMRS FUELHH
2025-02-28T07:30:00Z,Imports & Exports,3448.000,Elexon BMRS FUELHH
2025-02-28T07:30:00Z,Nuclear,4424.000,Elexon BMRS FUELHH
2025-02-28T07:30:00Z,Other,1210.000,Elexon BMRS FUELHH
2025-02-28T07:30:00Z,Pumped Storage,546.000,Elexon BMRS FUELHH
2025-02-28T07:30:00Z,Wind,2993.000,Elexon BMRS FUELHH
2025-02-28T08:00:00Z,Biomass,3255.000,Elexon BMRS FUELHH
2025-02-28T08:00:00Z,Coal,0.000,Elexon BMRS FUELHH
2025-02-28T08:00:00Z,Gas,19421.000,Elexon BMRS FUELHH
2025-02-28T08:00:00Z,Hydro,816.000,Elexon BMRS FUELHH
2025-02-28T08:00:00Z,Imports & Exports,4036.000,Elexon BMRS FUELHH
2025-02-28T08:00:00Z,Nuclear,4411.000,Elexon BMRS FUELHH
2025-02-28T08:00:00Z,Other,990.000,Elexon BMRS FUELHH
2025-02-28T08:00:00Z,Pumped Storage,578.000,Elexon BMRS FUELHH
2025-02-28T08:00:00Z,Wind,2922.000,Elexon BMRS FUELHH
2025-02-28T08:30:00Z,Biomass,3241.000,Elexon BMRS FUELHH
2025-02-28T08:30:00Z,Coal,0.000,Elexon BMRS FUELHH
2025-02-28T08:30:00Z,Gas,19249.000,Elexon BMRS FUELHH
2025-02-28T08:30:00Z,Hydro,800.000,Elexon BMRS FUELHH
2025-02-28T08:30:00Z,Imports & Exports,4074.000,Elexon BMRS FUELHH
2025-02-28T08:30:00Z,Nuclear,4392.000,Elexon BMRS FUELHH
2025-02-28T08:30:00Z,Other,746.000,Elexon BMRS FUELHH
2025-02-28T08:30:00Z,Pumped Storage,196.000,Elexon BMRS FUELHH
2025-02-28T08:30:00Z,Wind,2864.000,Elexon BMRS FUELHH
2025-02-28T09:00:00Z,Biomass,3258.000,Elexon BMRS FUELHH
2025-02-28T09:00:00Z,Coal,0.000,Elexon BMRS FUELHH
2025-02-28T09:00:00Z,Gas,18824.000,Elexon BMRS FUELHH
2025-02-28T09:00:00Z,Hydro,749.000,Elexon BMRS FUELHH
2025-02-28T09:00:00Z,Imports & Exports,4172.000,Elexon BMRS FUELHH
2025-02-28T09:00:00Z,Nuclear,4375.000,Elexon BMRS FUELHH
2025-02-28T09:00:00Z,Other,766.000,Elexon BMRS FUELHH
2025-02-28T09:00:00Z,Pumped Storage,-40.000,Elexon BMRS FUELHH
2025-02-28T09:00:00Z,Wind,2809.000,Elexon BMRS FUELHH
2025-02-28T09:30:00Z,Biomass,3258.000,Elexon BMRS FUELHH
2025-02-28T09:30:00Z,Coal,0.000,Elexon BMRS FUELHH
2025-02-28T09:30:00Z,Gas,18515.000,Elexon BMRS FUELHH
2025-02-28T09:30:00Z,Hydro,728.000,Elexon BMRS FUELHH
2025-02-28T09:30:00Z,Imports & Exports,4180.000,Elexon BMRS FUELHH
2025-02-28T09:30:00Z,Nuclear,4360.000,Elexon BMRS FUELHH
2025-02-28T09:30:00Z,Other,587.000,Elexon BMRS FUELHH
2025-02-28T09:30:00Z,Pumped Storage,-176.000,Elexon BMRS FUELHH
2025-02-28T09:30:00Z,Wind,2709.000,Elexon BMRS FUELHH
2025-02-28T10:00:00Z,Biomass,3259.000,Elexon BMRS FUELHH
2025-02-28T10:00:00Z,Coal,0.000,Elexon BMRS FUELHH
2025-02-28T10:00:00Z,Gas,17912.000,Elexon BMRS FUELHH
2025-02-28T10:00:00Z,Hydro,461.000,Elexon BMRS FUELHH
2025-02-28T10:00:00Z,Imports & Exports,4352.000,Elexon BMRS FUELHH
2025-02-28T10:00:00Z,Nuclear,4179.000,Elexon BMRS FUELHH
2025-02-28T10:00:00Z,Other,441.000,Elexon BMRS FUELHH
2025-02-28T10:00:00Z,Pumped Storage,-176.000,Elexon BMRS FUELHH
2025-02-28T10:00:00Z,Wind,2694.000,Elexon BMRS FUELHH
2025-02-28T10:30:00Z,Biomass,3225.000,Elexon BMRS FUELHH
2025-02-28T10:30:00Z,Coal,0.000,Elexon BMRS FUELHH
2025-02-28T10:30:00Z,Gas,17184.000,Elexon BMRS FUELHH
2025-02-28T10:30:00Z,Hydro,440.000,Elexon BMRS FUELHH
2025-02-28T10:30:00Z,Imports & Exports,4488.000,Elexon BMRS FUELHH
2025-02-28T10:30:00Z,Nuclear,4181.000,Elexon BMRS FUELHH
2025-02-28T10:30:00Z,Other,558.000,Elexon BMRS FUELHH
2025-02-28T10:30:00Z,Pumped Storage,-172.000,Elexon BMRS FUELHH
2025-02-28T10:30:00Z,Wind,2840.000,Elexon BMRS FUELHH
2025-02-28T11:00:00Z,Biomass,3245.000,Elexon BMRS FUELHH
2025-02-28T11:00:00Z,Coal,0.000,Elexon BMRS FUELHH
2025-02-28T11:00:00Z,Gas,16722.000,Elexon BMRS FUELHH
2025-02-28T11:00:00Z,Hydro,432.000,Elexon BMRS FUELHH
2025-02-28T11:00:00Z,Imports & Exports,4038.000,Elexon BMRS FUELHH
2025-02-28T11:00:00Z,Nuclear,4176.000,Elexon BMRS FUELHH
2025-02-28T11:00:00Z,Other,425.000,Elexon BMRS FUELHH
2025-02-28T11:00:00Z,Pumped Storage,-270.000,Elexon BMRS FUELHH
2025-02-28T11:00:00Z,Wind,2906.000,Elexon BMRS FUELHH
2025-02-28T11:30:00Z,Biomass,3255.000,Elexon BMRS FUELHH
2025-02-28T11:30:00Z,Coal,0.000,Elexon BMRS FUELHH
2025-02-28T11:30:00Z,Gas,16281.000,Elexon BMRS FUELHH
2025-02-28T11:30:00Z,Hydro,441.000,Elexon BMRS FUELHH
2025-02-28T11:30:00Z,Imports & Exports,4158.000,Elexon BMRS FUELHH
2025-02-28T11:30:00Z,Nuclear,4180.000,Elexon BMRS FUELHH
2025-02-28T11:30:00Z,Other,310.000,Elexon BMRS FUELHH
2025-02-28T11:30:00Z,Pumped Storage,-322.000,Elexon BMRS FUELHH
2025-02-28T11:30:00Z,Wind,3244.000,Elexon BMRS FUELHH
2025-02-28T12:00:00Z,Biomass,3252.000,Elexon BMRS FUELHH
2025-02-28T12:00:00Z,Coal,0.000,Elexon BMRS FUELHH
2025-02-28T12:00:00Z,Gas,15357.000,Elexon BMRS FUELHH
2025-02-28T12:00:00Z,Hydro,414.000,Elexon BMRS FUELHH
2025-02-28T12:00:00Z,Imports & Exports,3962.000,Elexon BMRS FUELHH
2025-02-28T12:00:00Z,Nuclear,4180.000,Elexon BMRS FUELHH
2025-02-28T12:00:00Z,Other,359.000,Elexon BMRS FUELHH
2025-02-28T12:00:00Z,Pumped Storage,-316.000,Elexon BMRS FUELHH
2025-02-28T12:00:00Z,Wind,3561.000,Elexon BMRS FUELHH
2025-02-28T12:30:00Z,Biomass,3258.000,Elexon BMRS FUELHH
2025-02-28T12:30:00Z,Coal,0.000,Elexon BMRS FUELHH
2025-02-28T12:30:00Z,Gas,14586.000,Elexon BMRS FUELHH
2025-02-28T12:30:00Z,Hydro,398.000,Elexon BMRS FUELHH
2025-02-28T12:30:00Z,Imports & Exports,4018.000,Elexon BMRS FUELHH
2025-02-28T12:30:00Z,Nuclear,4177.000,Elexon BMRS FUELHH
2025-02-28T12:30:00Z,Other,396.000,Elexon BMRS FUELHH
2025-02-28T12:30:00Z,Pumped Storage,-170.000,Elexon BMRS FUELHH
2025-02-28T12:30:00Z,Wind,3720.000,Elexon BMRS FUELHH
2025-02-28T13:00:00Z,Biomass,3240.000,Elexon BMRS FUELHH
2025-02-28T13:00:00Z,Coal,0.000,Elexon BMRS FUELHH
2025-02-28T13:00:00Z,Gas,14243.000,Elexon BMRS FUELHH
2025-02-28T13:00:00Z,Hydro,390.000,Elexon BMRS FUELHH
2025-02-28T13:00:00Z,Imports & Exports,3968.000,Elexon BMRS FUELHH
2025-02-28T13:00:00Z,Nuclear,4177.000,Elexon BMRS FUELHH
2025-02-28T13:00:00Z,Other,352.000,Elexon BMRS FUELHH
2025-02-28T13:00:00Z,Pumped Storage,-170.000,Elexon BMRS FUELHH
2025-02-28T13:00:00Z,Wind,3688.000,Elexon BMRS FUELHH
2025-02-28T13:30:00Z,Biomass,3230.000,Elexon BMRS FUELHH
2025-02-28T13:30:00Z,Coal,0.000,Elexon BMRS FUELHH
2025-02-28T13:30:00Z,Gas,13698.000,Elexon BMRS FUELHH
2025-02-28T13:30:00Z,Hydro,389.000,Elexon BMRS FUELHH
2025-02-28T13:30:00Z,Imports & Exports,3986.000,Elexon BMRS FUELHH
2025-02-28T13:30:00Z,Nuclear,4178.000,Elexon BMRS FUELHH
2025-02-28T13:30:00Z,Other,381.000,Elexon BMRS FUELHH
2025-02-28T13:30:00Z,Pumped Storage,-82.000,Elexon BMRS FUELHH
2025-02-28T13:30:00Z,Wind,3747.000,Elexon BMRS FUELHH
2025-02-28T14:00:00Z,Biomass,3174.000,Elexon BMRS FUELHH
2025-02-28T14:00:00Z,Coal,0.000,Elexon BMRS FUELHH
2025-02-28T14:00:00Z,Gas,14037.000,Elexon BMRS FUELHH
2025-02-28T14:00:00Z,Hydro,384.000,Elexon BMRS FUELHH
2025-02-28T14:00:00Z,Imports & Exports,3084.000,Elexon BMRS FUELHH
2025-02-28T14:00:00Z,Nuclear,4180.000,Elexon BMRS FUELHH
2025-02-28T14:00:00Z,Other,386.000,Elexon BMRS FUELHH
2025-02-28T14:00:00Z,Pumped Storage,-34.000,Elexon BMRS FUELHH
2025-02-28T14:00:00Z,Wind,4016.000,Elexon BMRS FUELHH
2025-02-28T14:30:00Z,Biomass,2977.000,Elexon BMRS FUELHH
2025-02-28T14:30:00Z,Coal,0.000,Elexon BMRS FUELHH
2025-02-28T14:30:00Z,Gas,14883.000,Elexon BMRS FUELHH
2025-02-28T14:30:00Z,Hydro,379.000,Elexon BMRS FUELHH
2025-02-28T14:30:00Z,Imports & Exports,3046.000,Elexon BMRS FUELHH
2025-02-28T14:30:00Z,Nuclear,4177.000,Elexon BMRS FUELHH
2025-02-28T14:30:00Z,Other,333.000,Elexon BMRS FUELHH
2025-02-28T14:30:00Z,Pumped Storage,-136.000,Elexon BMRS FUELHH
2025-02-28T14:30:00Z,Wind,3998.000,Elexon BMRS FUELHH
2025-02-28T15:00:00Z,Biomass,2851.000,Elexon BMRS FUELHH
2025-02-28T15:00:00Z,Coal,0.000,Elexon BMRS FUELHH
2025-02-28T15:00:00Z,Gas,16304.000,Elexon BMRS FUELHH
2025-02-28T15:00:00Z,Hydro,401.000,Elexon BMRS FUELHH
2025-02-28T15:00:00Z,Imports & Exports,2338.000,Elexon BMRS FUELHH
2025-02-28T15:00:00Z,Nuclear,4177.000,Elexon BMRS FUELHH
2025-02-28T15:00:00Z,Other,304.000,Elexon BMRS FUELHH
2025-02-28T15:00:00Z,Pumped Storage,-116.000,Elexon BMRS FUELHH
2025-02-28T15:00:00Z,Wind,3764.000,Elexon BMRS FUELHH
2025-02-28T15:30:00Z,Biomass,2908.000,Elexon BMRS FUELHH
2025-02-28T15:30:00Z,Coal,0.000,Elexon BMRS FUELHH
2025-02-28T15:30:00Z,Gas,17623.000,Elexon BMRS FUELHH
2025-02-28T15:30:00Z,Hydro,449.000,Elexon BMRS FUELHH
2025-02-28T15:30:00Z,Imports & Exports,2202.000,Elexon BMRS FUELHH
2025-02-28T15:30:00Z,Nuclear,4179.000,Elexon BMRS FUELHH
2025-02-28T15:30:00Z,Other,317.000,Elexon BMRS FUELHH
2025-02-28T15:30:00Z,Pumped Storage,-170.000,Elexon BMRS FUELHH
2025-02-28T15:30:00Z,Wind,3804.000,Elexon BMRS FUELHH
2025-02-28T16:00:00Z,Biomass,2830.000,Elexon BMRS FUELHH
2025-02-28T16:00:00Z,Coal,0.000,Elexon BMRS FUELHH
2025-02-28T16:00:00Z,Gas,18488.000,Elexon BMRS FUELHH
2025-02-28T16:00:00Z,Hydro,574.000,Elexon BMRS FUELHH
2025-02-28T16:00:00Z,Imports & Exports,2386.000,Elexon BMRS FUELHH
2025-02-28T16:00:00Z,Nuclear,4176.000,Elexon BMRS FUELHH
2025-02-28T16:00:00Z,Other,498.000,Elexon BMRS FUELHH
2025-02-28T16:00:00Z,Pumped Storage,-28.000,Elexon BMRS FUELHH
2025-02-28T16:00:00Z,Wind,3979.000,Elexon BMRS FUELHH
2025-02-28T16:30:00Z,Biomass,3102.000,Elexon BMRS FUELHH
2025-02-28T16:30:00Z,Coal,0.000,Elexon BMRS FUELHH
2025-02-28T16:30:00Z,Gas,19858.000,Elexon BMRS FUELHH
2025-02-28T16:30:00Z,Hydro,846.000,Elexon BMRS FUELHH
2025-02-28T16:30:00Z,Imports & Exports,2242.000,Elexon BMRS FUELHH
2025-02-28T16:30:00Z,Nuclear,4181.000,Elexon BMRS FUELHH
2025-02-28T16:30:00Z,Other,549.000,Elexon BMRS FUELHH
2025-02-28T16:30:00Z,Pumped Storage,-44.000,Elexon BMRS FUELHH
2025-02-28T16:30:00Z,Wind,4330.000,Elexon BMRS FUELHH
2025-02-28T17:00:00Z,Biomass,3245.000,Elexon BMRS FUELHH
2025-02-28T17:00:00Z,Coal,0.000,Elexon BMRS FUELHH
2025-02-28T17:00:00Z,Gas,19911.000,Elexon BMRS FUELHH
2025-02-28T17:00:00Z,Hydro,809.000,Elexon BMRS FUELHH
2025-02-28T17:00:00Z,Imports & Exports,3586.000,Elexon BMRS FUELHH
2025-02-28T17:00:00Z,Nuclear,4175.000,Elexon BMRS FUELHH
2025-02-28T17:00:00Z,Other,580.000,Elexon BMRS FUELHH
2025-02-28T17:00:00Z,Pumped Storage,250.000,Elexon BMRS FUELHH
2025-02-28T17:00:00Z,Wind,4564.000,Elexon BMRS FUELHH
2025-02-28T17:30:00Z,Biomass,3257.000,Elexon BMRS FUELHH
2025-02-28T17:30:00Z,Coal,0.000,Elexon BMRS FUELHH
2025-02-28T17:30:00Z,Gas,20690.000,Elexon BMRS FUELHH
2025-02-28T17:30:00Z,Hydro,786.000,Elexon BMRS FUELHH
2025-02-28T17:30:00Z,Imports & Exports,2832.000,Elexon BMRS FUELHH
2025-02-28T17:30:00Z,Nuclear,4168.000,Elexon BMRS FUELHH
2025-02-28T17:30:00Z,Other,1042.000,Elexon BMRS FUELHH
2025-02-28T17:30:00Z,Pumped Storage,880.000,Elexon BMRS FUELHH
2025-02-28T17:30:00Z,Wind,4747.000,Elexon BMRS FUELHH
2025-02-28T18:00:00Z,Biomass,3253.000,Elexon BMRS FUELHH
2025-02-28T18:00:00Z,Coal,0.000,Elexon BMRS FUELHH
2025-02-28T18:00:00Z,Gas,21429.000,Elexon BMRS FUELHH
2025-02-28T18:00:00Z,Hydro,775.000,Elexon BMRS FUELHH
2025-02-28T18:00:00Z,Imports & Exports,2216.000,Elexon BMRS FUELHH
2025-02-28T18:00:00Z,Nuclear,4169.000,Elexon BMRS FUELHH
2025-02-28T18:00:00Z,Other,1467.000,Elexon BMRS FUELHH
2025-02-28T18:00:00Z,Pumped Storage,1292.000,Elexon BMRS FUELHH
2025-02-28T18:00:00Z,Wind,4765.000,Elexon BMRS FUELHH
2025-02-28T18:30:00Z,Biomass,3251.000,Elexon BMRS FUELHH
2025-02-28T18:30:00Z,Coal,0.000,Elexon BMRS FUELHH
2025-02-28T18:30:00Z,Gas,21462.000,Elexon BMRS FUELHH
2025-02-28T18:30:00Z,Hydro,773.000,Elexon BMRS FUELHH
2025-02-28T18:30:00Z,Imports & Exports,2116.000,Elexon BMRS FUELHH
2025-02-28T18:30:00Z,Nuclear,4175.000,Elexon BMRS FUELHH
2025-02-28T18:30:00Z,Other,1277.000,Elexon BMRS FUELHH
2025-02-28T18:30:00Z,Pumped Storage,964.000,Elexon BMRS FUELHH
2025-02-28T18:30:00Z,Wind,4944.000,Elexon BMRS FUELHH
2025-02-28T19:00:00Z,Biomass,3237.000,Elexon BMRS FUELHH
2025-02-28T19:00:00Z,Coal,0.000,Elexon BMRS FUELHH
2025-02-28T19:00:00Z,Gas,21348.000,Elexon BMRS FUELHH
2025-02-28T19:00:00Z,Hydro,742.000,Elexon BMRS FUELHH
2025-02-28T19:00:00Z,Imports & Exports,2178.000,Elexon BMRS FUELHH
2025-02-28T19:00:00Z,Nuclear,4170.000,Elexon BMRS FUELHH
2025-02-28T19:00:00Z,Other,867.000,Elexon BMRS FUELHH
2025-02-28T19:00:00Z,Pumped Storage,836.000,Elexon BMRS FUELHH
2025-02-28T19:00:00Z,Wind,4954.000,Elexon BMRS FUELHH
2025-02-28T19:30:00Z,Biomass,3254.000,Elexon BMRS FUELHH
2025-02-28T19:30:00Z,Coal,0.000,Elexon BMRS FUELHH
2025-02-28T19:30:00Z,Gas,21280.000,Elexon BMRS FUELHH
2025-02-28T19:30:00Z,Hydro,742.000,Elexon BMRS FUELHH
2025-02-28T19:30:00Z,Imports & Exports,2560.000,Elexon BMRS FUELHH
2025-02-28T19:30:00Z,Nuclear,4172.000,Elexon BMRS FUELHH
2025-02-28T19:30:00Z,Other,420.000,Elexon BMRS FUELHH
2025-02-28T19:30:00Z,Pumped Storage,818.000,Elexon BMRS FUELHH
2025-02-28T19:30:00Z,Wind,4877.000,Elexon BMRS FUELHH
2025-02-28T20:00:00Z,Biomass,3263.000,Elexon BMRS FUELHH
2025-02-28T20:00:00Z,Coal,0.000,Elexon BMRS FUELHH
2025-02-28T20:00:00Z,Gas,21741.000,Elexon BMRS FUELHH
2025-02-28T20:00:00Z,Hydro,710.000,Elexon BMRS FUELHH
2025-02-28T20:00:00Z,Imports & Exports,192.000,Elexon BMRS FUELHH
2025-02-28T20:00:00Z,Nuclear,4173.000,Elexon BMRS FUELHH
2025-02-28T20:00:00Z,Other,963.000,Elexon BMRS FUELHH
2025-02-28T20:00:00Z,Pumped Storage,584.000,Elexon BMRS FUELHH
2025-02-28T20:00:00Z,Wind,4920.000,Elexon BMRS FUELHH
2025-02-28T20:30:00Z,Biomass,3261.000,Elexon BMRS FUELHH
2025-02-28T20:30:00Z,Coal,0.000,Elexon BMRS FUELHH
2025-02-28T20:30:00Z,Gas,21476.000,Elexon BMRS FUELHH
2025-02-28T20:30:00Z,Hydro,681.000,Elexon BMRS FUELHH
2025-02-28T20:30:00Z,Imports & Exports,240.000,Elexon BMRS FUELHH
2025-02-28T20:30:00Z,Nuclear,4172.000,Elexon BMRS FUELHH
2025-02-28T20:30:00Z,Other,738.000,Elexon BMRS FUELHH
2025-02-28T20:30:00Z,Pumped Storage,116.000,Elexon BMRS FUELHH
2025-02-28T20:30:00Z,Wind,4890.000,Elexon BMRS FUELHH
2025-02-28T21:00:00Z,Biomass,3255.000,Elexon BMRS FUELHH
2025-02-28T21:00:00Z,Coal,0.000,Elexon BMRS FUELHH
2025-02-28T21:00:00Z,Gas,20597.000,Elexon BMRS FUELHH
2025-02-28T21:00:00Z,Hydro,522.000,Elexon BMRS FUELHH
2025-02-28T21:00:00Z,Imports & Exports,298.000,Elexon BMRS FUELHH
2025-02-28T21:00:00Z,Nuclear,4171.000,Elexon BMRS FUELHH
2025-02-28T21:00:00Z,Other,627.000,Elexon BMRS FUELHH
2025-02-28T21:00:00Z,Pumped Storage,10.000,Elexon BMRS FUELHH
2025-02-28T21:00:00Z,Wind,4757.000,Elexon BMRS FUELHH
2025-02-28T21:30:00Z,Biomass,3254.000,Elexon BMRS FUELHH
2025-02-28T21:30:00Z,Coal,0.000,Elexon BMRS FUELHH
2025-02-28T21:30:00Z,Gas,18801.000,Elexon BMRS FUELHH
2025-02-28T21:30:00Z,Hydro,515.000,Elexon BMRS FUELHH
2025-02-28T21:30:00Z,Imports & Exports,608.000,Elexon BMRS FUELHH
2025-02-28T21:30:00Z,Nuclear,4184.000,Elexon BMRS FUELHH
2025-02-28T21:30:00Z,Other,404.000,Elexon BMRS FUELHH
2025-02-28T21:30:00Z,Pumped Storage,-16.000,Elexon BMRS FUELHH
2025-02-28T21:30:00Z,Wind,4821.000,Elexon BMRS FUELHH
2025-02-28T22:00:00Z,Biomass,3259.000,Elexon BMRS FUELHH
2025-02-28T22:00:00Z,Coal,0.000,Elexon BMRS FUELHH
2025-02-28T22:00:00Z,Gas,16360.000,Elexon BMRS FUELHH
2025-02-28T22:00:00Z,Hydro,434.000,Elexon BMRS FUELHH
2025-02-28T22:00:00Z,Imports & Exports,1932.000,Elexon BMRS FUELHH
2025-02-28T22:00:00Z,Nuclear,4186.000,Elexon BMRS FUELHH
2025-02-28T22:00:00Z,Other,275.000,Elexon BMRS FUELHH
2025-02-28T22:00:00Z,Pumped Storage,-18.000,Elexon BMRS FUELHH
2025-02-28T22:00:00Z,Wind,4923.000,Elexon BMRS FUELHH
2025-02-28T22:30:00Z,Biomass,3240.000,Elexon BMRS FUELHH
2025-02-28T22:30:00Z,Coal,0.000,Elexon BMRS FUELHH
2025-02-28T22:30:00Z,Gas,14630.000,Elexon BMRS FUELHH
2025-02-28T22:30:00Z,Hydro,427.000,Elexon BMRS FUELHH
2025-02-28T22:30:00Z,Imports & Exports,2186.000,Elexon BMRS FUELHH
2025-02-28T22:30:00Z,Nuclear,4189.000,Elexon BMRS FUELHH
2025-02-28T22:30:00Z,Other,266.000,Elexon BMRS FUELHH
2025-02-28T22:30:00Z,Pumped Storage,-14.000,Elexon BMRS FUELHH
2025-02-28T22:30:00Z,Wind,4802.000,Elexon BMRS FUELHH
2025-02-28T23:00:00Z,Biomass,3195.000,Elexon BMRS FUELHH
2025-02-28T23:00:00Z,Coal,0.000,Elexon BMRS FUELHH
2025-02-28T23:00:00Z,Gas,12240.000,Elexon BMRS FUELHH
2025-02-28T23:00:00Z,Hydro,421.000,Elexon BMRS FUELHH
2025-02-28T23:00:00Z,Imports & Exports,3564.000,Elexon BMRS FUELHH
2025-02-28T23:00:00Z,Nuclear,4187.000,Elexon BMRS FUELHH
2025-02-28T23:00:00Z,Other,317.000,Elexon BMRS FUELHH
2025-02-28T23:00:00Z,Pumped Storage,-12.000,Elexon BMRS FUELHH
2025-02-28T23:00:00Z,Wind,4699.000,Elexon BMRS FUELHH
2025-02-28T23:30:00Z,Biomass,3163.000,Elexon BMRS FUELHH
2025-02-28T23:30:00Z,Coal,0.000,Elexon BMRS FUELHH
2025-02-28T23:30:00Z,Gas,11303.000,Elexon BMRS FUELHH
2025-02-28T23:30:00Z,Hydro,413.000,Elexon BMRS FUELHH
2025-02-28T23:30:00Z,Imports & Exports,3476.000,Elexon BMRS FUELHH
2025-02-28T23:30:00Z,Nuclear,4194.000,Elexon BMRS FUELHH
2025-02-28T23:30:00Z,Other,232.000,Elexon BMRS FUELHH
2025-02-28T23:30:00Z,Pumped Storage,86.000,Elexon BMRS FUELHH
2025-02-28T23:30:00Z,Wind,4708.000,Elexon BMRS FUELHH
